run_id,wall_time,elapsed_s,phase,step,mode,vx,vy,vxy,yaw,policy_vx,policy_vy,policy_vxy,policy_yaw,speed,imu,gravity_x,gravity_y,gravity_z,imu_roll_deg,imu_pitch_deg,imu_correction_abs_max,act_max,tau_cmd,tau_cmd_max,cmds,bus_counts,tau_fb,tau_fb_max,fault_reason,policy_joint_order,policy_sha256,compact_line,obs_000,obs_001,obs_002,obs_003,obs_004,obs_005,obs_006,obs_007,obs_008,obs_009,obs_010,obs_011,obs_012,obs_013,obs_014,obs_015,obs_016,obs_017,obs_018,obs_019,obs_020,obs_021,obs_022,obs_023,obs_024,obs_025,obs_026,obs_027,obs_028,obs_029,obs_030,obs_031,obs_032,obs_033,obs_034,obs_035,obs_036,obs_037,obs_038,obs_039,obs_040,obs_041,obs_042,obs_043,obs_044,obs_045,obs_046,obs_047,action_00,action_01,action_02,action_03,action_04,action_05,action_06,action_07,action_08,action_09,action_10,action_11,sent_action_00,sent_action_01,sent_action_02,sent_action_03,sent_action_04,sent_action_05,sent_action_06,sent_action_07,sent_action_08,sent_action_09,sent_action_10,sent_action_11,q_00,q_01,q_02,q_03,q_04,q_05,q_06,q_07,q_08,q_09,q_10,q_11,qd_00,qd_01,qd_02,qd_03,qd_04,qd_05,qd_06,qd_07,qd_08,qd_09,qd_10,qd_11,q_target_00,q_target_01,q_target_02,q_target_03,q_target_04,q_target_05,q_target_06,q_target_07,q_target_08,q_target_09,q_target_10,q_target_11,qd_target_00,qd_target_01,qd_target_02,qd_target_03,qd_target_04,qd_target_05,qd_target_06,qd_target_07,qd_target_08,qd_target_09,qd_target_10,qd_target_11
20260709_111233_260179,2026-07-09T11:12:34.055,0.795703,runtime,0,idle,0.0,0.0,0.0,0.0,0.0,0.0,0.0,0.0,0.08,xsens:live,-0.015603269450366497,-0.012440675869584084,-0.9998009204864502,0.7129033614838903,-0.8941069143881392,0.0,0.0,0.0,0.0,0,none,0.03357036039233208,0.12085329741239548,,"BL_hip_joint,BR_hip_joint,FL_hip_joint,FR_hip_joint,BL_thigh_joint,BR_thigh_joint,FL_thigh_joint,FR_thigh_joint,BL_calf_joint,BR_calf_joint,FL_calf_joint,FR_calf_joint",330e02f2406e129bb6ed6ec4a6c6bcd5f80d7e7799a2ab087e81eda65d2fae69,"step=000000 mode=idle   vx= 0.000 vy= 0.000 vxy= 0.000 yaw= 0.000 speed=0.08 imu=xsens:live tilt_rp=[+0.7,-0.9]deg imu_corr=0.000 act_max= 0.000 tau_cmd= 0.000 tau_cmd_max= 0.000 cmds=00 bus=none tau_fb= 0.034 tau_fb_max= 0.121",,,,,,,,,,,,,,,,,,,,,,,,,,,,,,,,,,,,,,,,,,,,,,,,,0.0,0.0,0.0,0.0,0.0,0.0,0.0,0.0,0.0,0.0,0.0,0.0,0.0,0.0,0.0,0.0,0.0,0.0,0.0,0.0,0.0,0.0,0.0,0.0,0.5737262964248657,-0.5545510053634644,-0.332116961479187,0.7743004560470581,-0.3440057039260864,0.2239680290222168,-0.5215693712234497,0.5779448747634888,1.4366168975830078,-1.1489866971969604,1.5294255018234253,-1.5006624460220337,-0.048066653311252594,0.0238044373691082,-0.08835108578205109,-0.05172887444496155,-0.05264442786574364,0.0013733329251408577,0.05310220643877983,-0.015564439818263054,-0.035248879343271255,-0.05218665301799774,-0.08148442208766937,-0.008239997550845146,0.5737262964248657,-0.5545510053634644,-0.332116961479187,0.7743004560470581,-0.3440057039260864,0.2239680290222168,-0.5215693712234497,0.5779448747634888,1.4366168975830078,-1.1489866971969604,1.5294255018234253,-1.5006624460220337,,,,,,,,,,,,
20260709_111233_260179,2026-07-09T11:12:34.181,0.921268,runtime,5,idle,0.0,0.0,0.0,0.0,0.0,0.0,0.0,0.0,0.08,xsens:live,-0.01553855650126934,-0.012280947528779507,-0.9998038411140442,0.7037491227402737,-0.8903966959026337,0.0,0.0,0.0,0.0,0,none,0.03357036039233208,0.12085329741239548,,"BL_hip_joint,BR_hip_joint,FL_hip_joint,FR_hip_joint,BL_thigh_joint,BR_thigh_joint,FL_thigh_joint,FR_thigh_joint,BL_calf_joint,BR_calf_joint,FL_calf_joint,FR_calf_joint",330e02f2406e129bb6ed6ec4a6c6bcd5f80d7e7799a2ab087e81eda65d2fae69,"step=000005 mode=idle   vx= 0.000 vy= 0.000 vxy= 0.000 yaw= 0.000 speed=0.08 imu=xsens:live tilt_rp=[+0.7,-0.9]deg imu_corr=0.000 act_max= 0.000 tau_cmd= 0.000 tau_cmd_max= 0.000 cmds=00 bus=none tau_fb= 0.034 tau_fb_max= 0.121",,,,,,,,,,,,,,,,,,,,,,,,,,,,,,,,,,,,,,,,,,,,,,,,,0.0,0.0,0.0,0.0,0.0,0.0,0.0,0.0,0.0,0.0,0.0,0.0,0.0,0.0,0.0,0.0,0.0,0.0,0.0,0.0,0.0,0.0,0.0,0.0,0.5737262964248657,-0.5545510053634644,-0.332116961479187,0.7743004560470581,-0.3440057039260864,0.2239680290222168,-0.5215693712234497,0.5779448747634888,1.4366168975830078,-1.1489866971969604,1.5294255018234253,-1.5006624460220337,-0.048066653311252594,0.0238044373691082,-0.08835108578205109,-0.05172887444496155,-0.05264442786574364,0.0013733329251408577,0.05310220643877983,-0.015564439818263054,-0.035248879343271255,-0.05218665301799774,-0.08148442208766937,-0.008239997550845146,0.5737262964248657,-0.5545510053634644,-0.332116961479187,0.7743004560470581,-0.3440057039260864,0.2239680290222168,-0.5215693712234497,0.5779448747634888,1.4366168975830078,-1.1489866971969604,1.5294255018234253,-1.5006624460220337,,,,,,,,,,,,
20260709_111233_260179,2026-07-09T11:12:34.293,1.033389,runtime,10,idle,0.0,0.0,0.0,0.0,0.0,0.0,0.0,0.0,0.08,xsens:live,-0.015421304851770401,-0.012234329245984554,-0.9998062252998352,0.7010762976794972,-0.8836768566554876,0.0,0.0,0.0,0.0,0,none,0.03357036039233208,0.12085329741239548,,"BL_hip_joint,BR_hip_joint,FL_hip_joint,FR_hip_joint,BL_thigh_joint,BR_thigh_joint,FL_thigh_joint,FR_thigh_joint,BL_calf_joint,BR_calf_joint,FL_calf_joint,FR_calf_joint",330e02f2406e129bb6ed6ec4a6c6bcd5f80d7e7799a2ab087e81eda65d2fae69,"step=000010 mode=idle   vx= 0.000 vy= 0.000 vxy= 0.000 yaw= 0.000 speed=0.08 imu=xsens:live tilt_rp=[+0.7,-0.9]deg imu_corr=0.000 act_max= 0.000 tau_cmd= 0.000 tau_cmd_max= 0.000 cmds=00 bus=none tau_fb= 0.034 tau_fb_max= 0.121",,,,,,,,,,,,,,,,,,,,,,,,,,,,,,,,,,,,,,,,,,,,,,,,,0.0,0.0,0.0,0.0,0.0,0.0,0.0,0.0,0.0,0.0,0.0,0.0,0.0,0.0,0.0,0.0,0.0,0.0,0.0,0.0,0.0,0.0,0.0,0.0,0.5737262964248657,-0.5545510053634644,-0.332116961479187,0.7743004560470581,-0.3440057039260864,0.2239680290222168,-0.5215693712234497,0.5779448747634888,1.4366168975830078,-1.1489866971969604,1.5294255018234253,-1.5006624460220337,-0.048066653311252594,0.0238044373691082,-0.08835108578205109,-0.05172887444496155,-0.05264442786574364,0.0013733329251408577,0.05310220643877983,-0.015564439818263054,-0.035248879343271255,-0.05218665301799774,-0.08148442208766937,-0.008239997550845146,0.5737262964248657,-0.5545510053634644,-0.332116961479187,0.7743004560470581,-0.3440057039260864,0.2239680290222168,-0.5215693712234497,0.5779448747634888,1.4366168975830078,-1.1489866971969604,1.5294255018234253,-1.5006624460220337,,,,,,,,,,,,
20260709_111233_260179,2026-07-09T11:12:34.413,1.152831,runtime,15,idle,0.0,0.0,0.0,0.0,0.0,0.0,0.0,0.0,0.08,xsens:live,-0.015392642468214035,-0.012215495109558105,-0.9998069405555725,0.6999966326236841,-0.8820340638185619,0.0,0.0,0.0,0.0,0,none,0.03357036039233208,0.12085329741239548,,"BL_hip_joint,BR_hip_joint,FL_hip_joint,FR_hip_joint,BL_thigh_joint,BR_thigh_joint,FL_thigh_joint,FR_thigh_joint,BL_calf_joint,BR_calf_joint,FL_calf_joint,FR_calf_joint",330e02f2406e129bb6ed6ec4a6c6bcd5f80d7e7799a2ab087e81eda65d2fae69,"step=000015 mode=idle   vx= 0.000 vy= 0.000 vxy= 0.000 yaw= 0.000 speed=0.08 imu=xsens:live tilt_rp=[+0.7,-0.9]deg imu_corr=0.000 act_max= 0.000 tau_cmd= 0.000 tau_cmd_max= 0.000 cmds=00 bus=none tau_fb= 0.034 tau_fb_max= 0.121",,,,,,,,,,,,,,,,,,,,,,,,,,,,,,,,,,,,,,,,,,,,,,,,,0.0,0.0,0.0,0.0,0.0,0.0,0.0,0.0,0.0,0.0,0.0,0.0,0.0,0.0,0.0,0.0,0.0,0.0,0.0,0.0,0.0,0.0,0.0,0.0,0.5737262964248657,-0.5545510053634644,-0.332116961479187,0.7743004560470581,-0.3440057039260864,0.2239680290222168,-0.5215693712234497,0.5779448747634888,1.4366168975830078,-1.1489866971969604,1.5294255018234253,-1.5006624460220337,-0.048066653311252594,0.0238044373691082,-0.08835108578205109,-0.05172887444496155,-0.05264442786574364,0.0013733329251408577,0.05310220643877983,-0.015564439818263054,-0.035248879343271255,-0.05218665301799774,-0.08148442208766937,-0.008239997550845146,0.5737262964248657,-0.5545510053634644,-0.332116961479187,0.7743004560470581,-0.3440057039260864,0.2239680290222168,-0.5215693712234497,0.5779448747634888,1.4366168975830078,-1.1489866971969604,1.5294255018234253,-1.5006624460220337,,,,,,,,,,,,
20260709_111233_260179,2026-07-09T11:12:34.523,1.263376,runtime,20,idle,0.0,0.0,0.0,0.0,0.0,0.0,0.0,0.0,0.08,xsens:live,-0.01533641666173935,-0.012190190143883228,-0.999808132648468,0.6985458681071325,-0.8788116534410793,0.0,0.0,0.0,0.0,0,none,0.03357036039233208,0.12085329741239548,,"BL_hip_joint,BR_hip_joint,FL_hip_joint,FR_hip_joint,BL_thigh_joint,BR_thigh_joint,FL_thigh_joint,FR_thigh_joint,BL_calf_joint,BR_calf_joint,FL_calf_joint,FR_calf_joint",330e02f2406e129bb6ed6ec4a6c6bcd5f80d7e7799a2ab087e81eda65d2fae69,"step=000020 mode=idle   vx= 0.000 vy= 0.000 vxy= 0.000 yaw= 0.000 speed=0.08 imu=xsens:live tilt_rp=[+0.7,-0.9]deg imu_corr=0.000 act_max= 0.000 tau_cmd= 0.000 tau_cmd_max= 0.000 cmds=00 bus=none tau_fb= 0.034 tau_fb_max= 0.121",,,,,,,,,,,,,,,,,,,,,,,,,,,,,,,,,,,,,,,,,,,,,,,,,0.0,0.0,0.0,0.0,0.0,0.0,0.0,0.0,0.0,0.0,0.0,0.0,0.0,0.0,0.0,0.0,0.0,0.0,0.0,0.0,0.0,0.0,0.0,0.0,0.5737262964248657,-0.5545510053634644,-0.332116961479187,0.7743004560470581,-0.3440057039260864,0.2239680290222168,-0.5215693712234497,0.5779448747634888,1.4366168975830078,-1.1489866971969604,1.5294255018234253,-1.5006624460220337,-0.048066653311252594,0.0238044373691082,-0.08835108578205109,-0.05172887444496155,-0.05264442786574364,0.0013733329251408577,0.05310220643877983,-0.015564439818263054,-0.035248879343271255,-0.05218665301799774,-0.08148442208766937,-0.008239997550845146,0.5737262964248657,-0.5545510053634644,-0.332116961479187,0.7743004560470581,-0.3440057039260864,0.2239680290222168,-0.5215693712234497,0.5779448747634888,1.4366168975830078,-1.1489866971969604,1.5294255018234253,-1.5006624460220337,,,,,,,,,,,,
20260709_111233_260179,2026-07-09T11:12:34.644,1.383804,runtime,25,idle,0.0,0.0,0.0,0.0,0.0,0.0,0.0,0.0,0.08,xsens:live,-0.015409555286169052,-0.012232971377670765,-0.9998064637184143,0.700998326979394,-0.8830034751603394,0.0,0.0,0.0,0.0,0,none,0.03357036039233208,0.12085329741239548,,"BL_hip_joint,BR_hip_joint,FL_hip_joint,FR_hip_joint,BL_thigh_joint,BR_thigh_joint,FL_thigh_joint,FR_thigh_joint,BL_calf_joint,BR_calf_joint,FL_calf_joint,FR_calf_joint",330e02f2406e129bb6ed6ec4a6c6bcd5f80d7e7799a2ab087e81eda65d2fae69,"step=000025 mode=idle   vx= 0.000 vy= 0.000 vxy= 0.000 yaw= 0.000 speed=0.08 imu=xsens:live tilt_rp=[+0.7,-0.9]deg imu_corr=0.000 act_max= 0.000 tau_cmd= 0.000 tau_cmd_max= 0.000 cmds=00 bus=none tau_fb= 0.034 tau_fb_max= 0.121",,,,,,,,,,,,,,,,,,,,,,,,,,,,,,,,,,,,,,,,,,,,,,,,,0.0,0.0,0.0,0.0,0.0,0.0,0.0,0.0,0.0,0.0,0.0,0.0,0.0,0.0,0.0,0.0,0.0,0.0,0.0,0.0,0.0,0.0,0.0,0.0,0.5737262964248657,-0.5545510053634644,-0.332116961479187,0.7743004560470581,-0.3440057039260864,0.2239680290222168,-0.5215693712234497,0.5779448747634888,1.4366168975830078,-1.1489866971969604,1.5294255018234253,-1.5006624460220337,-0.048066653311252594,0.0238044373691082,-0.08835108578205109,-0.05172887444496155,-0.05264442786574364,0.0013733329251408577,0.05310220643877983,-0.015564439818263054,-0.035248879343271255,-0.05218665301799774,-0.08148442208766937,-0.008239997550845146,0.5737262964248657,-0.5545510053634644,-0.332116961479187,0.7743004560470581,-0.3440057039260864,0.2239680290222168,-0.5215693712234497,0.5779448747634888,1.4366168975830078,-1.1489866971969604,1.5294255018234253,-1.5006624460220337,,,,,,,,,,,,
20260709_111233_260179,2026-07-09T11:12:34.753,1.493704,runtime,30,idle,0.0,0.0,0.0,0.0,0.0,0.0,0.0,0.0,0.08,xsens:live,-0.015435832552611828,-0.01227344386279583,-0.9998055696487427,0.7033179590031231,-0.8845097756670135,0.0,0.0,0.0,0.0,0,none,0.03357036039233208,0.12085329741239548,,"BL_hip_joint,BR_hip_joint,FL_hip_joint,FR_hip_joint,BL_thigh_joint,BR_thigh_joint,FL_thigh_joint,FR_thigh_joint,BL_calf_joint,BR_calf_joint,FL_calf_joint,FR_calf_joint",330e02f2406e129bb6ed6ec4a6c6bcd5f80d7e7799a2ab087e81eda65d2fae69,"step=000030 mode=idle   vx= 0.000 vy= 0.000 vxy= 0.000 yaw= 0.000 speed=0.08 imu=xsens:live tilt_rp=[+0.7,-0.9]deg imu_corr=0.000 act_max= 0.000 tau_cmd= 0.000 tau_cmd_max= 0.000 cmds=00 bus=none tau_fb= 0.034 tau_fb_max= 0.121",,,,,,,,,,,,,,,,,,,,,,,,,,,,,,,,,,,,,,,,,,,,,,,,,0.0,0.0,0.0,0.0,0.0,0.0,0.0,0.0,0.0,0.0,0.0,0.0,0.0,0.0,0.0,0.0,0.0,0.0,0.0,0.0,0.0,0.0,0.0,0.0,0.5737262964248657,-0.5545510053634644,-0.332116961479187,0.7743004560470581,-0.3440057039260864,0.2239680290222168,-0.5215693712234497,0.5779448747634888,1.4366168975830078,-1.1489866971969604,1.5294255018234253,-1.5006624460220337,-0.048066653311252594,0.0238044373691082,-0.08835108578205109,-0.05172887444496155,-0.05264442786574364,0.0013733329251408577,0.05310220643877983,-0.015564439818263054,-0.035248879343271255,-0.05218665301799774,-0.08148442208766937,-0.008239997550845146,0.5737262964248657,-0.5545510053634644,-0.332116961479187,0.7743004560470581,-0.3440057039260864,0.2239680290222168,-0.5215693712234497,0.5779448747634888,1.4366168975830078,-1.1489866971969604,1.5294255018234253,-1.5006624460220337,,,,,,,,,,,,
20260709_111233_260179,2026-07-09T11:12:34.875,1.614961,runtime,35,idle,0.0,0.0,0.0,0.0,0.0,0.0,0.0,0.0,0.08,xsens:live,-0.01555007603019476,-0.01228952594101429,-0.9998036026954651,0.7042408196945812,-0.8910568987049815,0.0,0.0,0.0,0.0,0,none,0.03357036039233208,0.12085329741239548,,"BL_hip_joint,BR_hip_joint,FL_hip_joint,FR_hip_joint,BL_thigh_joint,BR_thigh_joint,FL_thigh_joint,FR_thigh_joint,BL_calf_joint,BR_calf_joint,FL_calf_joint,FR_calf_joint",330e02f2406e129bb6ed6ec4a6c6bcd5f80d7e7799a2ab087e81eda65d2fae69,"step=000035 mode=idle   vx= 0.000 vy= 0.000 vxy= 0.000 yaw= 0.000 speed=0.08 imu=xsens:live tilt_rp=[+0.7,-0.9]deg imu_corr=0.000 act_max= 0.000 tau_cmd= 0.000 tau_cmd_max= 0.000 cmds=00 bus=none tau_fb= 0.034 tau_fb_max= 0.121",,,,,,,,,,,,,,,,,,,,,,,,,,,,,,,,,,,,,,,,,,,,,,,,,0.0,0.0,0.0,0.0,0.0,0.0,0.0,0.0,0.0,0.0,0.0,0.0,0.0,0.0,0.0,0.0,0.0,0.0,0.0,0.0,0.0,0.0,0.0,0.0,0.5737262964248657,-0.5545510053634644,-0.332116961479187,0.7743004560470581,-0.3440057039260864,0.2239680290222168,-0.5215693712234497,0.5779448747634888,1.4366168975830078,-1.1489866971969604,1.5294255018234253,-1.5006624460220337,-0.048066653311252594,0.0238044373691082,-0.08835108578205109,-0.05172887444496155,-0.05264442786574364,0.0013733329251408577,0.05310220643877983,-0.015564439818263054,-0.035248879343271255,-0.05218665301799774,-0.08148442208766937,-0.008239997550845146,0.5737262964248657,-0.5545510053634644,-0.332116961479187,0.7743004560470581,-0.3440057039260864,0.2239680290222168,-0.5215693712234497,0.5779448747634888,1.4366168975830078,-1.1489866971969604,1.5294255018234253,-1.5006624460220337,,,,,,,,,,,,
20260709_111233_260179,2026-07-09T11:12:34.996,1.736317,runtime,40,idle,0.0,0.0,0.0,0.0,0.0,0.0,0.0,0.0,0.08,xsens:live,-0.015647761523723602,-0.012371892109513283,-0.9998010993003845,0.7089620376717739,-0.8966558470426095,0.0,0.0,0.0,0.0,0,none,0.03357036039233208,0.12085329741239548,,"BL_hip_joint,BR_hip_joint,FL_hip_joint,FR_hip_joint,BL_thigh_joint,BR_thigh_joint,FL_thigh_joint,FR_thigh_joint,BL_calf_joint,BR_calf_joint,FL_calf_joint,FR_calf_joint",330e02f2406e129bb6ed6ec4a6c6bcd5f80d7e7799a2ab087e81eda65d2fae69,"step=000040 mode=idle   vx= 0.000 vy= 0.000 vxy= 0.000 yaw= 0.000 speed=0.08 imu=xsens:live tilt_rp=[+0.7,-0.9]deg imu_corr=0.000 act_max= 0.000 tau_cmd= 0.000 tau_cmd_max= 0.000 cmds=00 bus=none tau_fb= 0.034 tau_fb_max= 0.121",,,,,,,,,,,,,,,,,,,,,,,,,,,,,,,,,,,,,,,,,,,,,,,,,0.0,0.0,0.0,0.0,0.0,0.0,0.0,0.0,0.0,0.0,0.0,0.0,0.0,0.0,0.0,0.0,0.0,0.0,0.0,0.0,0.0,0.0,0.0,0.0,0.5737262964248657,-0.5545510053634644,-0.332116961479187,0.7743004560470581,-0.3440057039260864,0.2239680290222168,-0.5215693712234497,0.5779448747634888,1.4366168975830078,-1.1489866971969604,1.5294255018234253,-1.5006624460220337,-0.048066653311252594,0.0238044373691082,-0.08835108578205109,-0.05172887444496155,-0.05264442786574364,0.0013733329251408577,0.05310220643877983,-0.015564439818263054,-0.035248879343271255,-0.05218665301799774,-0.08148442208766937,-0.008239997550845146,0.5737262964248657,-0.5545510053634644,-0.332116961479187,0.7743004560470581,-0.3440057039260864,0.2239680290222168,-0.5215693712234497,0.5779448747634888,1.4366168975830078,-1.1489866971969604,1.5294255018234253,-1.5006624460220337,,,,,,,,,,,,
20260709_111233_260179,2026-07-09T11:12:35.221,1.961141,pose,45,sit,0.0,0.0,0.0,0.0,0.0,0.0,0.0,0.0,0.08,xsens:live,-0.015876121819019318,-0.012338231317698956,-0.9997978806495667,0.7070356031379506,-0.9097422075723216,0.0,0.0,2.9665958881378174,7.221612930297852,12,can0:12,0.6439405083656311,1.2744529247283936,,"BL_hip_joint,BR_hip_joint,FL_hip_joint,FR_hip_joint,BL_thigh_joint,BR_thigh_joint,FL_thigh_joint,FR_thigh_joint,BL_calf_joint,BR_calf_joint,FL_calf_joint,FR_calf_joint",330e02f2406e129bb6ed6ec4a6c6bcd5f80d7e7799a2ab087e81eda65d2fae69,"step=000045 mode=sit    vx= 0.000 vy= 0.000 vxy= 0.000 yaw= 0.000 speed=0.08 imu=xsens:live tilt_rp=[+0.7,-0.9]deg imu_corr=0.000 act_max= 0.000 tau_cmd= 2.967 tau_cmd_max= 7.222 cmds=12 bus=can0:12 tau_fb= 0.644 tau_fb_max= 1.274",,,,,,,,,,,,,,,,,,,,,,,,,,,,,,,,,,,,,,,,,,,,,,,,,0.0,0.0,0.0,0.0,0.0,0.0,0.0,0.0,0.0,0.0,0.0,0.0,0.0,0.0,0.0,0.0,0.0,0.0,0.0,0.0,0.0,0.0,0.0,0.0,0.5748768448829651,-0.5553179979324341,-0.3328839838504791,0.7758344411849976,-0.34477269649505615,0.22435154020786285,-0.5162003040313721,0.5744933485984802,1.4396848678588867,-1.1516711711883545,1.531726598739624,-1.504114031791687,0.003662221133708954,-0.03021332435309887,-0.018768884241580963,0.014648884534835815,-0.029755547642707825,0.02059999480843544,-0.08880886435508728,0.05218665301799774,0.059053316712379456,-0.0714133158326149,0.0718710869550705,-0.12955106794834137,0.5731741786003113,-0.5543879270553589,-0.33201926946640015,0.7736892700195312,-0.3437574803829193,0.2237551063299179,-0.5178183913230896,0.5734105110168457,1.436293363571167,-1.1491310596466064,1.5283079147338867,-1.5007034540176392,0.0,0.0,0.0,0.0,0.0,0.0,0.0,0.0,0.0,0.0,0.0,0.0
20260709_111233_260179,2026-07-09T11:12:35.380,2.119877,pose,50,sit,0.0,0.0,0.0,0.0,0.0,0.0,0.0,0.0,0.08,xsens:live,-0.015830226242542267,-0.012432671152055264,-0.9997974634170532,0.7124471678148877,-0.9071130927472614,0.0,0.0,2.2150537967681885,5.63096809387207,12,can0:12,0.6247138381004333,1.5894039869308472,,"BL_hip_joint,BR_hip_joint,FL_hip_joint,FR_hip_joint,BL_thigh_joint,BR_thigh_joint,FL_thigh_joint,FR_thigh_joint,BL_calf_joint,BR_calf_joint,FL_calf_joint,FR_calf_joint",330e02f2406e129bb6ed6ec4a6c6bcd5f80d7e7799a2ab087e81eda65d2fae69,"step=000050 mode=sit    vx= 0.000 vy= 0.000 vxy= 0.000 yaw= 0.000 speed=0.08 imu=xsens:live tilt_rp=[+0.7,-0.9]deg imu_corr=0.000 act_max= 0.000 tau_cmd= 2.215 tau_cmd_max= 5.631 cmds=12 bus=can0:12 tau_fb= 0.625 tau_fb_max= 1.589",,,,,,,,,,,,,,,,,,,,,,,,,,,,,,,,,,,,,,,,,,,,,,,,,0.0,0.0,0.0,0.0,0.0,0.0,0.0,0.0,0.0,0.0,0.0,0.0,0.0,0.0,0.0,0.0,0.0,0.0,0.0,0.0,0.0,0.0,0.0,0.0,0.57526034116745,-0.5553179979324341,-0.3328839838504791,0.7762179374694824,-0.34477269649505615,0.22473503649234772,-0.5177342891693115,0.57526034116745,1.4423694610595703,-1.1555062532424927,1.534794569015503,-1.5075656175613403,-0.031128879636526108,0.0238044373691082,-0.023346660658717155,0.007324442267417908,-0.007782219909131527,-0.05493331700563431,0.032959990203380585,-0.05630664899945259,-0.0196844395250082,0.09933774918317795,0.028839992359280586,0.003662221133708954,0.5713115930557251,-0.5525863766670227,-0.3309403359889984,0.7711750864982605,-0.3410155773162842,0.22140318155288696,-0.5145108699798584,0.5699223279953003,1.4369553327560425,-1.1507261991500854,1.5286707878112793,-1.5011560916900635,0.0,0.0,0.0,0.0,0.0,0.0,0.0,0.0,0.0,0.0,0.0,0.0
20260709_111233_260179,2026-07-09T11:12:35.523,2.263652,pose,55,sit,0.0,0.0,0.0,0.0,0.0,0.0,0.0,0.0,0.08,xsens:live,-0.015848591923713684,-0.012383773922920227,-0.9997977614402771,0.7096452154437158,-0.9081650471735984,0.0,0.0,3.798720121383667,8.486398696899414,12,can0:12,0.7773064970970154,1.688283920288086,,"BL_hip_joint,BR_hip_joint,FL_hip_joint,FR_hip_joint,BL_thigh_joint,BR_thigh_joint,FL_thigh_joint,FR_thigh_joint,BL_calf_joint,BR_calf_joint,FL_calf_joint,FR_calf_joint",330e02f2406e129bb6ed6ec4a6c6bcd5f80d7e7799a2ab087e81eda65d2fae69,"step=000055 mode=sit    vx= 0.000 vy= 0.000 vxy= 0.000 yaw= 0.000 speed=0.08 imu=xsens:live tilt_rp=[+0.7,-0.9]deg imu_corr=0.000 act_max= 0.000 tau_cmd= 3.799 tau_cmd_max= 8.486 cmds=12 bus=can0:12 tau_fb= 0.777 tau_fb_max= 1.688",,,,,,,,,,,,,,,,,,,,,,,,,,,,,,,,,,,,,,,,,,,,,,,,,0.0,0.0,0.0,0.0,0.0,0.0,0.0,0.0,0.0,0.0,0.0,0.0,0.0,0.0,0.0,0.0,0.0,0.0,0.0,0.0,0.0,0.0,0.0,0.0,0.5741098523139954,-0.5541674494743347,-0.332116961479187,0.7739169001579285,-0.34285515546798706,0.22243399918079376,-0.5146662592887878,0.5725758075714111,1.44313645362854,-1.1574238538742065,1.5351780652999878,-1.50833261013031,0.09750663489103317,0.021973326802253723,0.03891110047698021,-0.04623554274439812,0.0032044434919953346,0.016479995101690292,0.014648884534835815,-0.06546220183372498,-0.025177771225571632,0.0027466658502817154,0.07049775868654251,0.02471999265253544,0.5674746632575989,-0.5488752126693726,-0.32871776819229126,0.7659959197044373,-0.3353673815727234,0.2165582776069641,-0.5076975226402283,0.5627368092536926,1.4383189678192139,-1.1540122032165527,1.5294184684753418,-1.5020885467529297,0.0,0.0,0.0,0.0,0.0,0.0,0.0,0.0,0.0,0.0,0.0,0.0
20260709_111233_260179,2026-07-09T11:12:35.660,2.400256,pose,60,sit,0.0,0.0,0.0,0.0,0.0,0.0,0.0,0.0,0.08,xsens:live,-0.015890423208475113,-0.012348806485533714,-0.999797523021698,0.7076417988515254,-0.9105619013421328,0.0,0.0,4.333684921264648,8.734285354614258,12,can0:12,1.270180344581604,2.3291726112365723,,"BL_hip_joint,BR_hip_joint,FL_hip_joint,FR_hip_joint,BL_thigh_joint,BR_thigh_joint,FL_thigh_joint,FR_thigh_joint,BL_calf_joint,BR_calf_joint,FL_calf_joint,FR_calf_joint",330e02f2406e129bb6ed6ec4a6c6bcd5f80d7e7799a2ab087e81eda65d2fae69,"step=000060 mode=sit    vx= 0.000 vy= 0.000 vxy= 0.000 yaw= 0.000 speed=0.08 imu=xsens:live tilt_rp=[+0.7,-0.9]deg imu_corr=0.000 act_max= 0.000 tau_cmd= 4.334 tau_cmd_max= 8.734 cmds=12 bus=can0:12 tau_fb= 1.270 tau_fb_max= 2.329",,,,,,,,,,,,,,,,,,,,,,,,,,,,,,,,,,,,,,,,,,,,,,,,,0.0,0.0,0.0,0.0,0.0,0.0,0.0,0.0,0.0,0.0,0.0,0.0,0.0,0.0,0.0,0.0,0.0,0.0,0.0,0.0,0.0,0.0,0.0,0.0,0.570658266544342,-0.5514829158782959,-0.3313499689102173,0.7696983218193054,-0.3378695845603943,0.21898244321346283,-0.5085301399230957,0.5649056434631348,1.4446704387664795,-1.1608754396438599,1.535945177078247,-1.5094832181930542,-0.015564439818263054,0.044862210750579834,0.002288888208568096,0.0050355540588498116,0.05813775956630707,-0.08331552892923355,0.053559985011816025,-0.06408887356519699,-0.06912442296743393,-0.027466658502817154,0.0636310949921608,-0.038453321903944016,0.5617688894271851,-0.5433564186096191,-0.3254126012325287,0.7582940459251404,-0.3269679844379425,0.2093534767627716,-0.497565358877182,0.5520512461662292,1.4403468370437622,-1.1588985919952393,1.530530333518982,-1.5034751892089844,0.0,0.0,0.0,0.0,0.0,0.0,0.0,0.0,0.0,0.0,0.0,0.0
20260709_111233_260179,2026-07-09T11:12:35.794,2.534364,pose,65,sit,0.0,0.0,0.0,0.0,0.0,0.0,0.0,0.0,0.08,xsens:live,-0.015951791778206825,-0.012175140902400017,-0.9997986555099487,0.6976901853647983,-0.914076846654183,0.0,0.0,4.348660945892334,7.378353595733643,12,can0:12,1.2457655668258667,3.4974212646484375,,"BL_hip_joint,BR_hip_joint,FL_hip_joint,FR_hip_joint,BL_thigh_joint,BR_thigh_joint,FL_thigh_joint,FR_thigh_joint,BL_calf_joint,BR_calf_joint,FL_calf_joint,FR_calf_joint",330e02f2406e129bb6ed6ec4a6c6bcd5f80d7e7799a2ab087e81eda65d2fae69,"step=000065 mode=sit    vx= 0.000 vy= 0.000 vxy= 0.000 yaw= 0.000 speed=0.08 imu=xsens:live tilt_rp=[+0.7,-0.9]deg imu_corr=0.000 act_max= 0.000 tau_cmd= 4.349 tau_cmd_max= 7.378 cmds=12 bus=can0:12 tau_fb= 1.246 tau_fb_max= 3.497",,,,,,,,,,,,,,,,,,,,,,,,,,,,,,,,,,,,,,,,,,,,,,,,,0.0,0.0,0.0,0.0,0.0,0.0,0.0,0.0,0.0,0.0,0.0,0.0,0.0,0.0,0.0,0.0,0.0,0.0,0.0,0.0,0.0,0.0,0.0,0.0,0.5645221471786499,-0.5464973449707031,-0.3301994502544403,0.7604941725730896,-0.3275148868560791,0.21207931637763977,-0.4993259906768799,0.5522499084472656,1.4469715356826782,-1.1658610105514526,1.5367121696472168,-1.5106337070465088,-0.09796441346406937,0.010986663401126862,0.006408886983990669,-0.095675528049469,0.06683553755283356,-0.09109774976968765,0.12909328937530518,-0.09109774976968765,0.0709555372595787,-0.030671102926135063,0.001831110566854477,-0.02151555009186268,0.5542995929718018,-0.5361319184303284,-0.3210859000682831,0.7482117414474487,-0.31597256660461426,0.1999218761920929,-0.48430168628692627,0.538063108921051,1.443001389503479,-1.1652953624725342,1.531985878944397,-1.5052905082702637,0.0,0.0,0.0,0.0,0.0,0.0,0.0,0.0,0.0,0.0,0.0,0.0
20260709_111233_260179,2026-07-09T11:12:35.923,2.663598,pose,70,sit,0.0,0.0,0.0,0.0,0.0,0.0,0.0,0.0,0.08,xsens:live,-0.01599513739347458,-0.012120361439883709,-0.9997986555099487,0.6945513846585532,-0.9165602337176205,0.0,0.0,5.705202102661133,9.640251159667969,12,can0:12,1.574449896812439,3.1165502071380615,,"BL_hip_joint,BR_hip_joint,FL_hip_joint,FR_hip_joint,BL_thigh_joint,BR_thigh_joint,FL_thigh_joint,FR_thigh_joint,BL_calf_joint,BR_calf_joint,FL_calf_joint,FR_calf_joint",330e02f2406e129bb6ed6ec4a6c6bcd5f80d7e7799a2ab087e81eda65d2fae69,"step=000070 mode=sit    vx= 0.000 vy= 0.000 vxy= 0.000 yaw= 0.000 speed=0.08 imu=xsens:live tilt_rp=[+0.7,-0.9]deg imu_corr=0.000 act_max= 0.000 tau_cmd= 5.705 tau_cmd_max= 9.640 cmds=12 bus=can0:12 tau_fb= 1.574 tau_fb_max= 3.117",,,,,,,,,,,,,,,,,,,,,,,,,,,,,,,,,,,,,,,,,,,,,,,,,0.0,0.0,0.0,0.0,0.0,0.0,0.0,0.0,0.0,0.0,0.0,0.0,0.0,0.0,0.0,0.0,0.0,0.0,0.0,0.0,0.0,0.0,0.0,0.0,0.5572355389595032,-0.5388271808624268,-0.32598087191581726,0.7497559785842896,-0.3160097002983093,0.2005741149187088,-0.4836021959781647,0.5395942330360413,1.449272632598877,-1.1727640628814697,1.5382461547851562,-1.512934684753418,-0.017853328958153725,0.03479110077023506,-0.026551103219389915,-0.021057771518826485,0.031128879636526108,-0.053559985011816025,0.07049775868654251,-0.06729331612586975,-0.04852443188428879,-0.110782191157341,-0.05859553813934326,-0.08285775035619736,0.5451721549034119,-0.5273036360740662,-0.31579869985580444,0.7358912229537964,-0.302536278963089,0.18839652836322784,-0.4680935740470886,0.5209697484970093,1.4462453126907349,-1.173112154006958,1.5337644815444946,-1.507508635520935,0.0,0.0,0.0,0.0,0.0,0.0,0.0,0.0,0.0,0.0,0.0,0.0
20260709_111233_260179,2026-07-09T11:12:36.057,2.797024,pose,75,sit,0.0,0.0,0.0,0.0,0.0,0.0,0.0,0.0,0.08,xsens:live,-0.01608932763338089,-0.012203768827021122,-0.9997961521148682,0.6993322820036628,-0.921958942500158,0.0,0.0,5.071122169494629,11.504080772399902,12,can0:12,1.6782127618789673,4.090701103210449,,"BL_hip_joint,BR_hip_joint,FL_hip_joint,FR_hip_joint,BL_thigh_joint,BR_thigh_joint,FL_thigh_joint,FR_thigh_joint,BL_calf_joint,BR_calf_joint,FL_calf_joint,FR_calf_joint",330e02f2406e129bb6ed6ec4a6c6bcd5f80d7e7799a2ab087e81eda65d2fae69,"step=000075 mode=sit    vx= 0.000 vy= 0.000 vxy= 0.000 yaw= 0.000 speed=0.08 imu=xsens:live tilt_rp=[+0.7,-0.9]deg imu_corr=0.000 act_max= 0.000 tau_cmd= 5.071 tau_cmd_max= 11.504 cmds=12 bus=can0:12 tau_fb= 1.678 tau_fb_max= 4.091",,,,,,,,,,,,,,,,,,,,,,,,,,,,,,,,,,,,,,,,,,,,,,,,,0.0,0.0,0.0,0.0,0.0,0.0,0.0,0.0,0.0,0.0,0.0,0.0,0.0,0.0,0.0,0.0,0.0,0.0,0.0,0.0,0.0,0.0,0.0,0.0,0.5487983822822571,-0.5300065279006958,-0.32061177492141724,0.7378672957420349,-0.30297043919563293,0.18868540227413177,-0.46787843108177185,0.5211858749389648,1.4527240991592407,-1.1812012195587158,1.5401637554168701,-1.5148522853851318,0.02151555009186268,0.025635547935962677,0.06637775897979736,-0.1277199685573578,0.14145329594612122,-0.10757774859666824,0.14831995964050293,-0.12131107598543167,0.032959990203380585,-0.06958220154047012,0.007782219909131527,0.02288888208568096,0.5344919562339783,-0.5169735550880432,-0.30961206555366516,0.7214747667312622,-0.28681424260139465,0.1749105453491211,-0.4491282105445862,0.5009685158729553,1.4500410556793213,-1.1822587251663208,1.5358457565307617,-1.5101041793823242,0.0,0.0,0.0,0.0,0.0,0.0,0.0,0.0,0.0,0.0,0.0,0.0
20260709_111233_260179,2026-07-09T11:12:36.188,2.928449,pose,80,sit,0.0,0.0,0.0,0.0,0.0,0.0,0.0,0.0,0.08,xsens:live,-0.016163697466254234,-0.012213199399411678,-0.9997948408126831,0.6998735614374001,-0.926220994881143,0.0,0.0,5.562870025634766,9.095842361450195,12,can0:12,1.3296915292739868,3.4827723503112793,,"BL_hip_joint,BR_hip_joint,FL_hip_joint,FR_hip_joint,BL_thigh_joint,BR_thigh_joint,FL_thigh_joint,FR_thigh_joint,BL_calf_joint,BR_calf_joint,FL_calf_joint,FR_calf_joint",330e02f2406e129bb6ed6ec4a6c6bcd5f80d7e7799a2ab087e81eda65d2fae69,"step=000080 mode=sit    vx= 0.000 vy= 0.000 vxy= 0.000 yaw= 0.000 speed=0.08 imu=xsens:live tilt_rp=[+0.7,-0.9]deg imu_corr=0.000 act_max= 0.000 tau_cmd= 5.563 tau_cmd_max= 9.096 cmds=12 bus=can0:12 tau_fb= 1.330 tau_fb_max= 3.483",,,,,,,,,,,,,,,,,,,,,,,,,,,,,,,,,,,,,,,,,,,,,,,,,0.0,0.0,0.0,0.0,0.0,0.0,0.0,0.0,0.0,0.0,0.0,0.0,0.0,0.0,0.0,0.0,0.0,0.0,0.0,0.0,0.0,0.0,0.0,0.0,0.5369096398353577,-0.518501341342926,-0.313708633184433,0.7213764786720276,-0.2857126295566559,0.1764131784439087,-0.44755256175994873,0.5016270279884338,1.456559181213379,-1.1915559768676758,1.5420812368392944,-1.5179202556610107,-0.050355542451143265,0.09933774918317795,0.04211554303765297,-0.10620441287755966,0.11764885485172272,-0.10162663459777832,0.16022217273712158,-0.09613330662250519,0.020142216235399246,0.06088442727923393,0.05630664899945259,-0.021973326802253723,0.5223644971847534,-0.5052435398101807,-0.3025870621204376,0.7051047086715698,-0.268961638212204,0.1595970094203949,-0.4275927245616913,0.47825682163238525,1.4543511867523193,-1.192644715309143,1.5382089614868164,-1.5130515098571777,0.0,0.0,0.0,0.0,0.0,0.0,0.0,0.0,0.0,0.0,0.0,0.0
20260709_111233_260179,2026-07-09T11:12:36.321,3.061190,pose,85,sit,0.0,0.0,0.0,0.0,0.0,0.0,0.0,0.0,0.08,xsens:live,-0.016320832073688507,-0.012270317412912846,-0.9997915625572205,0.7031486687673112,-0.935226682171625,0.0,0.0,5.2906718254089355,10.329802513122559,12,can0:12,1.3559374809265137,3.548692226409912,,"BL_hip_joint,BR_hip_joint,FL_hip_joint,FR_hip_joint,BL_thigh_joint,BR_thigh_joint,FL_thigh_joint,FR_thigh_joint,BL_calf_joint,BR_calf_joint,FL_calf_joint,FR_calf_joint",330e02f2406e129bb6ed6ec4a6c6bcd5f80d7e7799a2ab087e81eda65d2fae69,"step=000085 mode=sit    vx= 0.000 vy= 0.000 vxy= 0.000 yaw= 0.000 speed=0.08 imu=xsens:live tilt_rp=[+0.7,-0.9]deg imu_corr=0.000 act_max= 0.000 tau_cmd= 5.291 tau_cmd_max= 10.330 cmds=12 bus=can0:12 tau_fb= 1.356 tau_fb_max= 3.549",,,,,,,,,,,,,,,,,,,,,,,,,,,,,,,,,,,,,,,,,,,,,,,,,0.0,0.0,0.0,0.0,0.0,0.0,0.0,0.0,0.0,0.0,0.0,0.0,0.0,0.0,0.0,0.0,0.0,0.0,0.0,0.0,0.0,0.0,0.0,0.0,0.5242539048194885,-0.5069960951805115,-0.30642202496528625,0.7060362100601196,-0.2696053385734558,0.15992237627506256,-0.4276101887226105,0.4778496026992798,1.4619282484054565,-1.2011436223983765,1.544765830039978,-1.521371841430664,-0.10528885573148727,0.08239997923374176,0.08331552892923355,-0.1112399697303772,0.14786218106746674,-0.11032441258430481,0.1423688530921936,-0.21149326860904694,-0.014648884534835815,-0.09063997119665146,-0.05859553813934326,-0.08789330720901489,0.5088950991630554,-0.492215633392334,-0.29478469491004944,0.6869232654571533,-0.24913360178470612,0.1425890028476715,-0.40367430448532104,0.4530320167541504,1.4591381549835205,-1.2041800022125244,1.5408337116241455,-1.5163249969482422,0.0,0.0,0.0,0.0,0.0,0.0,0.0,0.0,0.0,0.0,0.0,0.0
20260709_111233_260179,2026-07-09T11:12:36.452,3.192582,pose,90,sit,0.0,0.0,0.0,0.0,0.0,0.0,0.0,0.0,0.08,xsens:live,-0.01647813431918621,-0.012369572184979916,-0.9997877478599548,0.7088385746273905,-0.9442424932314478,0.0,0.0,5.764110565185547,11.141837120056152,12,can0:12,1.2244025468826294,2.8894925117492676,,"BL_hip_joint,BR_hip_joint,FL_hip_joint,FR_hip_joint,BL_thigh_joint,BR_thigh_joint,FL_thigh_joint,FR_thigh_joint,BL_calf_joint,BR_calf_joint,FL_calf_joint,FR_calf_joint",330e02f2406e129bb6ed6ec4a6c6bcd5f80d7e7799a2ab087e81eda65d2fae69,"step=000090 mode=sit    vx= 0.000 vy= 0.000 vxy= 0.000 yaw= 0.000 speed=0.08 imu=xsens:live tilt_rp=[+0.7,-0.9]deg imu_corr=0.000 act_max= 0.000 tau_cmd= 5.764 tau_cmd_max= 11.142 cmds=12 bus=can0:12 tau_fb= 1.224 tau_fb_max= 2.889",,,,,,,,,,,,,,,,,,,,,,,,,,,,,,,,,,,,,,,,,,,,,,,,,0.0,0.0,0.0,0.0,0.0,0.0,0.0,0.0,0.0,0.0,0.0,0.0,0.0,0.0,0.0,0.0,0.0,0.0,0.0,0.0,0.0,0.0,0.0,0.0,0.5115982294082642,-0.49395689368247986,-0.298368364572525,0.6864773631095886,-0.24851247668266296,0.14419859647750854,-0.40268224477767944,0.4525381326675415,1.4680644273757935,-1.2134158611297607,1.5486009120941162,-1.5248234272003174,-0.061342205852270126,0.1423688530921936,0.09155552834272385,-0.0947599709033966,0.19226661324501038,-0.14145329594612122,0.26734215021133423,-0.25131991505622864,0.08606220036745071,-0.10391552746295929,0.036164432764053345,-0.07736442238092422,0.49418914318084717,-0.47799167037010193,-0.2862660884857178,0.6670727133750916,-0.2274852991104126,0.12401959300041199,-0.3775601387023926,0.42549148201942444,1.4643646478652954,-1.2167742252349854,1.5436993837356567,-1.5198988914489746,0.0,0.0,0.0,0.0,0.0,0.0,0.0,0.0,0.0,0.0,0.0,0.0
20260709_111233_260179,2026-07-09T11:12:36.577,3.317358,pose,95,sit,0.0,0.0,0.0,0.0,0.0,0.0,0.0,0.0,0.08,xsens:live,-0.01652875356376171,-0.012502283789217472,-0.9997852444648743,0.7164446209231999,-0.9471449589597366,0.0,0.0,5.407248020172119,10.907227516174316,12,can0:12,1.4102603197097778,4.222540855407715,,"BL_hip_joint,BR_hip_joint,FL_hip_joint,FR_hip_joint,BL_thigh_joint,BR_thigh_joint,FL_thigh_joint,FR_thigh_joint,BL_calf_joint,BR_calf_joint,FL_calf_joint,FR_calf_joint",330e02f2406e129bb6ed6ec4a6c6bcd5f80d7e7799a2ab087e81eda65d2fae69,"step=000095 mode=sit    vx= 0.000 vy= 0.000 vxy= 0.000 yaw= 0.000 speed=0.08 imu=xsens:live tilt_rp=[+0.7,-0.9]deg imu_corr=0.000 act_max= 0.000 tau_cmd= 5.407 tau_cmd_max= 10.907 cmds=12 bus=can0:12 tau_fb= 1.410 tau_fb_max= 4.223",,,,,,,,,,,,,,,,,,,,,,,,,,,,,,,,,,,,,,,,,,,,,,,,,0.0,0.0,0.0,0.0,0.0,0.0,0.0,0.0,0.0,0.0,0.0,0.0,0.0,0.0,0.0,0.0,0.0,0.0,0.0,0.0,0.0,0.0,0.0,0.0,0.494723916053772,-0.47900012135505676,-0.28993120789527893,0.6669185161590576,-0.22703608870506287,0.12387272715568542,-0.3758367598056793,0.4253091514110565,1.4726665019989014,-1.2272220849990845,1.55205237865448,-1.5286585092544556,-0.10666219145059586,0.10666219145059586,0.0947599709033966,-0.13916440308094025,0.21240882575511932,-0.10757774859666824,0.2302621603012085,-0.2613910436630249,-0.016479995101690292,-0.09292886406183243,0.04348887503147125,0.02151555009186268,0.47835206985473633,-0.4626736640930176,-0.27709221839904785,0.6456952691078186,-0.20417185127735138,0.10402187705039978,-0.34943729639053345,0.3958325982093811,1.469993233680725,-1.230337142944336,1.5467854738235474,-1.5237476825714111,0.0,0.0,0.0,0.0,0.0,0.0,0.0,0.0,0.0,0.0,0.0,0.0
20260709_111233_260179,2026-07-09T11:12:36.707,3.447559,pose,100,sit,0.0,0.0,0.0,0.0,0.0,0.0,0.0,0.0,0.08,xsens:live,-0.016629567369818687,-0.01260763593018055,-0.9997822642326355,0.7224833520162166,-0.9529236570332742,0.0,0.0,5.90283203125,12.162115097045898,12,can0:12,1.581164002418518,4.043092250823975,,"BL_hip_joint,BR_hip_joint,FL_hip_joint,FR_hip_joint,BL_thigh_joint,BR_thigh_joint,FL_thigh_joint,FR_thigh_joint,BL_calf_joint,BR_calf_joint,FL_calf_joint,FR_calf_joint",330e02f2406e129bb6ed6ec4a6c6bcd5f80d7e7799a2ab087e81eda65d2fae69,"step=000100 mode=sit    vx= 0.000 vy= 0.000 vxy= 0.000 yaw= 0.000 speed=0.08 imu=xsens:live tilt_rp=[+0.7,-1.0]deg imu_corr=0.000 act_max= 0.000 tau_cmd= 5.903 tau_cmd_max= 12.162 cmds=12 bus=can0:12 tau_fb= 1.581 tau_fb_max= 4.043",,,,,,,,,,,,,,,,,,,,,,,,,,,,,,,,,,,,,,,,,,,,,,,,,0.0,0.0,0.0,0.0,0.0,0.0,0.0,0.0,0.0,0.0,0.0,0.0,0.0,0.0,0.0,0.0,0.0,0.0,0.0,0.0,0.0,0.0,0.0,0.0,0.48015064001083374,-0.4636598527431488,-0.28034353256225586,0.6442915797233582,-0.20364215970039368,0.10431388020515442,-0.3470737338066101,0.39501211047172546,1.4772685766220093,-1.2402613162994385,1.5555039644241333,-1.5324935913085938,-0.1034577488899231,0.13138218224048615,0.032044436782598495,-0.10711997002363205,0.16525772213935852,-0.15472884476184845,0.2229377180337906,-0.28931546211242676,0.0315866582095623,-0.11444441229104996,-0.0196844395250082,0.007782219909131527,0.461489200592041,-0.44636350870132446,-0.26732417941093445,0.6229332685470581,-0.1793484389781952,0.08272893726825714,-0.31949299573898315,0.3642527759075165,1.4759862422943115,-1.2447786331176758,1.5500714778900146,-1.527845859527588,0.0,0.0,0.0,0.0,0.0,0.0,0.0,0.0,0.0,0.0,0.0,0.0
20260709_111233_260179,2026-07-09T11:12:36.837,3.577380,pose,105,sit,0.0,0.0,0.0,0.0,0.0,0.0,0.0,0.0,0.08,xsens:live,-0.016902577131986618,-0.012560687027871609,-0.9997782707214355,0.7197960932659628,-0.9685688400942775,0.0,0.0,5.851850986480713,9.909797668457031,12,can0:12,1.6431163549423218,4.5741143226623535,,"BL_hip_joint,BR_hip_joint,FL_hip_joint,FR_hip_joint,BL_thigh_joint,BR_thigh_joint,FL_thigh_joint,FR_thigh_joint,BL_calf_joint,BR_calf_joint,FL_calf_joint,FR_calf_joint",330e02f2406e129bb6ed6ec4a6c6bcd5f80d7e7799a2ab087e81eda65d2fae69,"step=000105 mode=sit    vx= 0.000 vy= 0.000 vxy= 0.000 yaw= 0.000 speed=0.08 imu=xsens:live tilt_rp=[+0.7,-1.0]deg imu_corr=0.000 act_max= 0.000 tau_cmd= 5.852 tau_cmd_max= 9.910 cmds=12 bus=can0:12 tau_fb= 1.643 tau_fb_max= 4.574",,,,,,,,,,,,,,,,,,,,,,,,,,,,,,,,,,,,,,,,,,,,,,,,,0.0,0.0,0.0,0.0,0.0,0.0,0.0,0.0,0.0,0.0,0.0,0.0,0.0,0.0,0.0,0.0,0.0,0.0,0.0,0.0,0.0,0.0,0.0,0.0,0.46135881543159485,-0.44640204310417175,-0.26998886466026306,0.6205141544342041,-0.1783307045698166,0.08322099596261978,-0.3171602189540863,0.36356455087661743,1.4830211400985718,-1.255985140800476,1.5589555501937866,-1.536328673362732,-0.12817774713039398,0.14923551678657532,0.041657764464616776,-0.1744132786989212,0.12039551883935928,-0.1432843953371048,0.26596879959106445,-0.19592882692813873,0.031128879636526108,-0.08285775035619736,-0.006408886983990669,0.04440443217754364,0.44370603561401367,-0.4291631877422333,-0.25702303647994995,0.5989289283752441,-0.15317018330097198,0.06027385592460632,-0.28791433572769165,0.3309493660926819,1.4823064804077148,-1.2600082159042358,1.5535367727279663,-1.532167673110962,0.0,0.0,0.0,0.0,0.0,0.0,0.0,0.0,0.0,0.0,0.0,0.0
20260709_111233_260179,2026-07-09T11:12:36.967,3.706890,pose,110,sit,0.0,0.0,0.0,0.0,0.0,0.0,0.0,0.0,0.08,xsens:live,-0.01707606576383114,-0.012683684006333351,-0.9997737407684326,0.7268470335682267,-0.9785127735394252,0.0,0.0,6.9020609855651855,13.41686725616455,12,can0:12,1.5295876264572144,3.314310073852539,,"BL_hip_joint,BR_hip_joint,FL_hip_joint,FR_hip_joint,BL_thigh_joint,BR_thigh_joint,FL_thigh_joint,FR_thigh_joint,BL_calf_joint,BR_calf_joint,FL_calf_joint,FR_calf_joint",330e02f2406e129bb6ed6ec4a6c6bcd5f80d7e7799a2ab087e81eda65d2fae69,"step=000110 mode=sit    vx= 0.000 vy= 0.000 vxy= 0.000 yaw= 0.000 speed=0.08 imu=xsens:live tilt_rp=[+0.7,-1.0]deg imu_corr=0.000 act_max= 0.000 tau_cmd= 6.902 tau_cmd_max= 13.417 cmds=12 bus=can0:12 tau_fb= 1.530 tau_fb_max= 3.314",,,,,,,,,,,,,,,,,,,,,,,,,,,,,,,,,,,,,,,,,,,,,,,,,0.0,0.0,0.0,0.0,0.0,0.0,0.0,0.0,0.0,0.0,0.0,0.0,0.0,0.0,0.0,0.0,0.0,0.0,0.0,0.0,0.0,0.0,0.0,0.0,0.44563502073287964,-0.4302947521209717,-0.26040118932724,0.5978872776031494,-0.15225224196910858,0.060594089329242706,-0.2872466742992401,0.33096644282341003,1.4895408153533936,-1.2705583572387695,1.562023639678955,-1.5401637554168701,-0.08285775035619736,0.025635547935962677,0.07599108666181564,-0.17990660667419434,0.1821954995393753,-0.13733328878879547,0.2293466031551361,-0.28244879841804504,-0.010986663401126862,-0.10711997002363205,0.010986663401126862,-0.051271095871925354,0.4251078963279724,-0.41117462515830994,-0.24624979496002197,0.5738245844841003,-0.1257922649383545,0.036789730191230774,-0.2548885643482208,0.296119749546051,1.488916277885437,-1.2759357690811157,1.5571609735488892,-1.5366874933242798,0.0,0.0,0.0,0.0,0.0,0.0,0.0,0.0,0.0,0.0,0.0,0.0
20260709_111233_260179,2026-07-09T11:12:37.091,3.830822,pose,115,sit,0.0,0.0,0.0,0.0,0.0,0.0,0.0,0.0,0.08,xsens:live,-0.01721053384244442,-0.012771536596119404,-0.9997704029083252,0.7318833827207719,-0.9862199973144151,0.0,0.0,6.072778224945068,10.864182472229004,12,can0:12,1.467024803161621,4.317758560180664,,"BL_hip_joint,BR_hip_joint,FL_hip_joint,FR_hip_joint,BL_thigh_joint,BR_thigh_joint,FL_thigh_joint,FR_thigh_joint,BL_calf_joint,BR_calf_joint,FL_calf_joint,FR_calf_joint",330e02f2406e129bb6ed6ec4a6c6bcd5f80d7e7799a2ab087e81eda65d2fae69,"step=000115 mode=sit    vx= 0.000 vy= 0.000 vxy= 0.000 yaw= 0.000 speed=0.08 imu=xsens:live tilt_rp=[+0.7,-1.0]deg imu_corr=0.000 act_max= 0.000 tau_cmd= 6.073 tau_cmd_max= 10.864 cmds=12 bus=can0:12 tau_fb= 1.467 tau_fb_max= 4.318",,,,,,,,,,,,,,,,,,,,,,,,,,,,,,,,,,,,,,,,,,,,,,,,,0.0,0.0,0.0,0.0,0.0,0.0,0.0,0.0,0.0,0.0,0.0,0.0,0.0,0.0,0.0,0.0,0.0,0.0,0.0,0.0,0.0,0.0,0.0,0.0,0.42492565512657166,-0.4115028977394104,-0.24966299533843994,0.5725758075714111,-0.1250232458114624,0.037200167775154114,-0.2531145513057709,0.2956838309764862,1.4975944757461548,-1.2874326705932617,1.5654752254486084,-1.545149326324463,-0.1579332798719406,0.16067995131015778,0.10162663459777832,-0.2151554971933365,0.1977599412202835,-0.24170659482479095,0.32868435978889465,-0.2929776906967163,0.10711997002363205,-0.14923551678657532,0.04028443247079849,-0.026551103219389915,0.4058001935482025,-0.39249974489212036,-0.2350655198097229,0.547762393951416,-0.09736980497837067,0.012409612536430359,-0.22060278058052063,0.2599613070487976,1.495778203010559,-1.292470932006836,1.5609233379364014,-1.5413798093795776,0.0,0.0,0.0,0.0,0.0,0.0,0.0,0.0,0.0,0.0,0.0,0.0
20260709_111233_260179,2026-07-09T11:12:37.222,3.962262,pose,120,sit,0.0,0.0,0.0,0.0,0.0,0.0,0.0,0.0,0.08,xsens:live,-0.017419448122382164,-0.012661074288189411,-0.9997681379318237,0.7255555727671056,-0.9981913235389699,0.0,0.0,6.794139862060547,12.067359924316406,12,can0:12,1.4069032669067383,3.083590269088745,,"BL_hip_joint,BR_hip_joint,FL_hip_joint,FR_hip_joint,BL_thigh_joint,BR_thigh_joint,FL_thigh_joint,FR_thigh_joint,BL_calf_joint,BR_calf_joint,FL_calf_joint,FR_calf_joint",330e02f2406e129bb6ed6ec4a6c6bcd5f80d7e7799a2ab087e81eda65d2fae69,"step=000120 mode=sit    vx= 0.000 vy= 0.000 vxy= 0.000 yaw= 0.000 speed=0.08 imu=xsens:live tilt_rp=[+0.7,-1.0]deg imu_corr=0.000 act_max= 0.000 tau_cmd= 6.794 tau_cmd_max= 12.067 cmds=12 bus=can0:12 tau_fb= 1.407 tau_fb_max= 3.084",,,,,,,,,,,,,,,,,,,,,,,,,,,,,,,,,,,,,,,,,,,,,,,,,0.0,0.0,0.0,0.0,0.0,0.0,0.0,0.0,0.0,0.0,0.0,0.0,0.0,0.0,0.0,0.0,0.0,0.0,0.0,0.0,0.0,0.0,0.0,0.0,0.4069008231163025,-0.3927110731601715,-0.23777428269386292,0.5453467965126038,-0.09664373844861984,0.013039235025644302,-0.21859893202781677,0.25886714458465576,1.5048810243606567,-1.3035399913787842,1.5685431957244873,-1.5501348972320557,-0.15381328761577606,0.1359599530696869,0.04577776417136192,-0.1744132786989212,0.19409772753715515,-0.10803552716970444,0.3035065829753876,-0.3492843508720398,0.06088442727923393,-0.13000884652137756,0.014648884534835815,-0.07644886523485184,0.38588833808898926,-0.37324053049087524,-0.2235313057899475,0.5208847522735596,-0.06805798411369324,-0.012733370065689087,-0.1852441132068634,0.22267141938209534,1.5028549432754517,-1.309523582458496,1.5648034811019897,-1.5462188720703125,0.0,0.0,0.0,0.0,0.0,0.0,0.0,0.0,0.0,0.0,0.0,0.0
20260709_111233_260179,2026-07-09T11:12:37.353,4.093380,pose,125,sit,0.0,0.0,0.0,0.0,0.0,0.0,0.0,0.0,0.08,xsens:live,-0.017690904438495636,-0.012551413848996162,-0.9997647404670715,0.7192744783285917,-1.0137468808459744,0.0,0.0,6.778051853179932,14.291492462158203,12,can0:12,1.9718008041381836,4.222540855407715,,"BL_hip_joint,BR_hip_joint,FL_hip_joint,FR_hip_joint,BL_thigh_joint,BR_thigh_joint,FL_thigh_joint,FR_thigh_joint,BL_calf_joint,BR_calf_joint,FL_calf_joint,FR_calf_joint",330e02f2406e129bb6ed6ec4a6c6bcd5f80d7e7799a2ab087e81eda65d2fae69,"step=000125 mode=sit    vx= 0.000 vy= 0.000 vxy= 0.000 yaw= 0.000 speed=0.08 imu=xsens:live tilt_rp=[+0.7,-1.0]deg imu_corr=0.000 act_max= 0.000 tau_cmd= 6.778 tau_cmd_max= 14.291 cmds=12 bus=can0:12 tau_fb= 1.972 tau_fb_max= 4.223",,,,,,,,,,,,,,,,,,,,,,,,,,,,,,,,,,,,,,,,,,,,,,,,,0.0,0.0,0.0,0.0,0.0,0.0,0.0,0.0,0.0,0.0,0.0,0.0,0.0,0.0,0.0,0.0,0.0,0.0,0.0,0.0,0.0,0.0,0.0,0.0,0.38580793142318726,-0.37276870012283325,-0.22626906633377075,0.5177342891693115,-0.06673020124435425,-0.013422741554677486,-0.18254928290843964,0.2201329618692398,1.5106337070465088,-1.321181297302246,1.5719947814941406,-1.5551204681396484,-0.026551103219389915,0.1904354989528656,0.061342205852270126,-0.11764885485172272,0.18723104894161224,-0.11581774055957794,0.29114657640457153,-0.3804132342338562,0.03433332219719887,-0.125888854265213,0.0315866582095623,-0.05401776358485222,0.36547768115997314,-0.3534988760948181,-0.2117081582546234,0.4933337867259979,-0.038011908531188965,-0.038506150245666504,-0.14899978041648865,0.18444743752479553,1.5101088285446167,-1.3270032405853271,1.568780779838562,-1.5511791706085205,0.0,0.0,0.0,0.0,0.0,0.0,0.0,0.0,0.0,0.0,0.0,0.0
20260709_111233_260179,2026-07-09T11:12:37.486,4.226278,pose,130,sit,0.0,0.0,0.0,0.0,0.0,0.0,0.0,0.0,0.08,xsens:live,-0.01802019216120243,-0.012685608118772507,-0.9997571706771851,0.7269693316734089,-1.0326199164812895,0.0,0.0,6.565890789031982,12.557168960571289,12,can0:12,1.8909271955490112,3.621936798095703,,"BL_hip_joint,BR_hip_joint,FL_hip_joint,FR_hip_joint,BL_thigh_joint,BR_thigh_joint,FL_thigh_joint,FR_thigh_joint,BL_calf_joint,BR_calf_joint,FL_calf_joint,FR_calf_joint",330e02f2406e129bb6ed6ec4a6c6bcd5f80d7e7799a2ab087e81eda65d2fae69,"step=000130 mode=sit    vx= 0.000 vy= 0.000 vxy= 0.000 yaw= 0.000 speed=0.08 imu=xsens:live tilt_rp=[+0.7,-1.0]deg imu_corr=0.000 act_max= 0.000 tau_cmd= 6.566 tau_cmd_max= 12.557 cmds=12 bus=can0:12 tau_fb= 1.891 tau_fb_max= 3.622",,,,,,,,,,,,,,,,,,,,,,,,,,,,,,,,,,,,,,,,,,,,,,,,,0.0,0.0,0.0,0.0,0.0,0.0,0.0,0.0,0.0,0.0,0.0,0.0,0.0,0.0,0.0,0.0,0.0,0.0,0.0,0.0,0.0,0.0,0.0,0.0,0.36548206210136414,-0.3535933494567871,-0.21438035368919373,0.49127233028411865,-0.03796718269586563,-0.03873419761657715,-0.14688314497470856,0.1829327940940857,1.517153263092041,-1.3384391069412231,1.5762133598327637,-1.5601060390472412,-0.08468886464834213,0.11261329799890518,0.14648884534835815,-0.23667104542255402,0.24170659482479095,-0.14740440249443054,0.31403547525405884,-0.28061768412590027,0.019226660951972008,-0.1185644119977951,0.06042664870619774,-0.02151555009186268,0.34467369318008423,-0.3333767056465149,-0.1996571272611618,0.4652518332004547,-0.0073867738246917725,-0.06477567553520203,-0.1120569109916687,0.14548680186271667,1.5175026655197144,-1.3448199033737183,1.572834849357605,-1.5562350749969482,0.0,0.0,0.0,0.0,0.0,0.0,0.0,0.0,0.0,0.0,0.0,0.0
20260709_111233_260179,2026-07-09T11:12:37.620,4.360728,pose,135,sit,0.0,0.0,0.0,0.0,0.0,0.0,0.0,0.0,0.08,xsens:live,-0.018263710662722588,-0.012795391492545605,-0.9997513890266418,0.7332642018933401,-1.0465773447166826,0.0,0.0,7.168659210205078,12.718711853027344,12,can0:12,1.809442162513733,3.91125226020813,,"BL_hip_joint,BR_hip_joint,FL_hip_joint,FR_hip_joint,BL_thigh_joint,BR_thigh_joint,FL_thigh_joint,FR_thigh_joint,BL_calf_joint,BR_calf_joint,FL_calf_joint,FR_calf_joint",330e02f2406e129bb6ed6ec4a6c6bcd5f80d7e7799a2ab087e81eda65d2fae69,"step=000135 mode=sit    vx= 0.000 vy= 0.000 vxy= 0.000 yaw= 0.000 speed=0.08 imu=xsens:live tilt_rp=[+0.7,-1.0]deg imu_corr=0.000 act_max= 0.000 tau_cmd= 7.169 tau_cmd_max= 12.719 cmds=12 bus=can0:12 tau_fb= 1.809 tau_fb_max= 3.911",,,,,,,,,,,,,,,,,,,,,,,,,,,,,,,,,,,,,,,,,,,,,,,,,0.0,0.0,0.0,0.0,0.0,0.0,0.0,0.0,0.0,0.0,0.0,0.0,0.0,0.0,0.0,0.0,0.0,0.0,0.0,0.0,0.0,0.0,0.0,0.0,0.34553971886634827,-0.3332675099372864,-0.2024916410446167,0.46327632665634155,-0.006903124041855335,-0.06481266766786575,-0.10968297719955444,0.14343157410621643,1.525973916053772,-1.3568474054336548,1.5804319381713867,-1.5654752254486084,-0.15381328761577606,0.12909328937530518,0.09613330662250519,-0.1986754983663559,0.1899777203798294,-0.21149326860904694,0.27237769961357117,-0.24903103709220886,0.003662221133708954,-0.095675528049469,0.10711997002363205,-0.0238044373691082,0.3235816955566406,-0.31297606229782104,-0.18743930757045746,0.4367811977863312,0.023662269115447998,-0.09140881896018982,-0.07460266351699829,0.10598686337471008,1.5249987840652466,-1.36288321018219,1.5769449472427368,-1.5613610744476318,0.0,0.0,0.0,0.0,0.0,0.0,0.0,0.0,0.0,0.0,0.0,0.0
20260709_111233_260179,2026-07-09T11:12:37.753,4.493242,pose,140,sit,0.0,0.0,0.0,0.0,0.0,0.0,0.0,0.0,0.08,xsens:live,-0.018571093678474426,-0.012869157828390598,-0.9997447729110718,0.7374959362828538,-1.0641945382557259,0.0,0.0,7.423002243041992,13.04684829711914,12,can0:12,1.846064567565918,4.222540855407715,,"BL_hip_joint,BR_hip_joint,FL_hip_joint,FR_hip_joint,BL_thigh_joint,BR_thigh_joint,FL_thigh_joint,FR_thigh_joint,BL_calf_joint,BR_calf_joint,FL_calf_joint,FR_calf_joint",330e02f2406e129bb6ed6ec4a6c6bcd5f80d7e7799a2ab087e81eda65d2fae69,"step=000140 mode=sit    vx= 0.000 vy= 0.000 vxy= 0.000 yaw= 0.000 speed=0.08 imu=xsens:live tilt_rp=[+0.7,-1.1]deg imu_corr=0.000 act_max= 0.000 tau_cmd= 7.423 tau_cmd_max= 13.047 cmds=12 bus=can0:12 tau_fb= 1.846 tau_fb_max= 4.223",,,,,,,,,,,,,,,,,,,,,,,,,,,,,,,,,,,,,,,,,,,,,,,,,0.0,0.0,0.0,0.0,0.0,0.0,0.0,0.0,0.0,0.0,0.0,0.0,0.0,0.0,0.0,0.0,0.0,0.0,0.0,0.0,0.0,0.0,0.0,0.0,0.3229128122329712,-0.312558114528656,-0.19021941721439362,0.4345133304595947,0.02492794767022133,-0.09127464145421982,-0.07209929823875427,0.10431388020515442,1.534794569015503,-1.3748722076416016,1.5854175090789795,-1.5704607963562012,-0.06912442296743393,0.1194799616932869,0.10483107715845108,-0.18860438466072083,0.23987548053264618,-0.22843104600906372,0.28244879841804504,-0.23346659541130066,0.1029999703168869,-0.12359996140003204,-0.006408886983990669,-0.09201330691576004,0.30230712890625,-0.29239875078201294,-0.175115704536438,0.408064067363739,0.05498012900352478,-0.11827251315116882,-0.036824166774749756,0.06614494323730469,1.5325597524642944,-1.3811028003692627,1.5810906887054443,-1.5665313005447388,0.0,0.0,0.0,0.0,0.0,0.0,0.0,0.0,0.0,0.0,0.0,0.0
20260709_111233_260179,2026-07-09T11:12:37.877,4.616874,pose,145,sit,0.0,0.0,0.0,0.0,0.0,0.0,0.0,0.0,0.08,xsens:live,-0.01882798783481121,-0.012905433773994446,-0.9997394680976868,0.7395785039671571,-1.0789178213556088,0.0,0.0,7.393563747406006,13.156469345092773,12,can0:12,2.092654228210449,4.215216636657715,,"BL_hip_joint,BR_hip_joint,FL_hip_joint,FR_hip_joint,BL_thigh_joint,BR_thigh_joint,FL_thigh_joint,FR_thigh_joint,BL_calf_joint,BR_calf_joint,FL_calf_joint,FR_calf_joint",330e02f2406e129bb6ed6ec4a6c6bcd5f80d7e7799a2ab087e81eda65d2fae69,"step=000145 mode=sit    vx= 0.000 vy= 0.000 vxy= 0.000 yaw= 0.000 speed=0.08 imu=xsens:live tilt_rp=[+0.7,-1.1]deg imu_corr=0.000 act_max= 0.000 tau_cmd= 7.394 tau_cmd_max= 13.156 cmds=12 bus=can0:12 tau_fb= 2.093 tau_fb_max= 4.215",,,,,,,,,,,,,,,,,,,,,,,,,,,,,,,,,,,,,,,,,,,,,,,,,0.0,0.0,0.0,0.0,0.0,0.0,0.0,0.0,0.0,0.0,0.0,0.0,0.0,0.0,0.0,0.0,0.0,0.0,0.0,0.0,0.0,0.0,0.0,0.0,0.30297043919563293,-0.29261577129364014,-0.17756369709968567,0.4057503044605255,0.05560849979519844,-0.11735311150550842,-0.03528263419866562,0.06557968258857727,1.5413142442703247,-1.3936641216278076,1.5900195837020874,-1.575062870979309,-0.17349772155284882,0.1593066155910492,0.09750663489103317,-0.18677328526973724,0.21652881801128387,-0.19684438407421112,0.2778710424900055,-0.2540665864944458,0.09979552775621414,-0.1831110566854477,0.007782219909131527,-0.04028443247079849,0.28095537424087524,-0.27174681425094604,-0.16274738311767578,0.37924277782440186,0.08641159534454346,-0.14523369073867798,0.0010913610458374023,0.026158452033996582,1.540148138999939,-1.3993885517120361,1.5852513313293457,-1.5717203617095947,0.0,0.0,0.0,0.0,0.0,0.0,0.0,0.0,0.0,0.0,0.0,0.0
20260709_111233_260179,2026-07-09T11:12:38.004,4.744222,pose,150,sit,0.0,0.0,0.0,0.0,0.0,0.0,0.0,0.0,0.08,xsens:live,-0.01908908598124981,-0.013023695908486843,-0.999733030796051,0.7463598566021096,-1.0938832041855657,0.0,0.0,6.723243236541748,14.218830108642578,12,can0:12,2.3609116077423096,4.401989936828613,,"BL_hip_joint,BR_hip_joint,FL_hip_joint,FR_hip_joint,BL_thigh_joint,BR_thigh_joint,FL_thigh_joint,FR_thigh_joint,BL_calf_joint,BR_calf_joint,FL_calf_joint,FR_calf_joint",330e02f2406e129bb6ed6ec4a6c6bcd5f80d7e7799a2ab087e81eda65d2fae69,"step=000150 mode=sit    vx= 0.000 vy= 0.000 vxy= 0.000 yaw= 0.000 speed=0.08 imu=xsens:live tilt_rp=[+0.7,-1.1]deg imu_corr=0.000 act_max= 0.000 tau_cmd= 6.723 tau_cmd_max= 14.219 cmds=12 bus=can0:12 tau_fb= 2.361 tau_fb_max= 4.402",,,,,,,,,,,,,,,,,,,,,,,,,,,,,,,,,,,,,,,,,,,,,,,,,0.0,0.0,0.0,0.0,0.0,0.0,0.0,0.0,0.0,0.0,0.0,0.0,0.0,0.0,0.0,0.0,0.0,0.0,0.0,0.0,0.0,0.0,0.0,0.0,0.28149405121803284,-0.27113938331604004,-0.16529147326946259,0.37660378217697144,0.08743957430124283,-0.14534911513328552,0.0026845482643693686,0.02492794767022133,1.547833800315857,-1.4113054275512695,1.5942381620407104,-1.5800484418869019,-0.11490219086408615,0.1574755162000656,0.13000884652137756,-0.1496932953596115,0.20920437574386597,-0.19272439181804657,0.32273322343826294,-0.3012176752090454,-0.03799554333090782,-0.06546220183372498,-0.025177771225571632,-0.012817773967981339,0.25963184237480164,-0.25112220644950867,-0.1503954380750656,0.35045957565307617,0.1178014874458313,-0.17215919494628906,0.03895682096481323,-0.013775110244750977,1.5477266311645508,-1.4176501035690308,1.5894066095352173,-1.5769025087356567,0.0,0.0,0.0,0.0,0.0,0.0,0.0,0.0,0.0,0.0,0.0,0.0
20260709_111233_260179,2026-07-09T11:12:38.132,4.872124,pose,155,sit,0.0,0.0,0.0,0.0,0.0,0.0,0.0,0.0,0.08,xsens:live,-0.019345363602042198,-0.013156929053366184,-0.9997262954711914,0.7539993622844953,-1.1085727929818134,0.0,0.0,6.858139514923096,11.163840293884277,12,can0:12,2.3468735218048096,5.152745246887207,,"BL_hip_joint,BR_hip_joint,FL_hip_joint,FR_hip_joint,BL_thigh_joint,BR_thigh_joint,FL_thigh_joint,FR_thigh_joint,BL_calf_joint,BR_calf_joint,FL_calf_joint,FR_calf_joint",330e02f2406e129bb6ed6ec4a6c6bcd5f80d7e7799a2ab087e81eda65d2fae69,"step=000155 mode=sit    vx= 0.000 vy= 0.000 vxy= 0.000 yaw= 0.000 speed=0.08 imu=xsens:live tilt_rp=[+0.8,-1.1]deg imu_corr=0.000 act_max= 0.000 tau_cmd= 6.858 tau_cmd_max= 11.164 cmds=12 bus=can0:12 tau_fb= 2.347 tau_fb_max= 5.153",,,,,,,,,,,,,,,,,,,,,,,,,,,,,,,,,,,,,,,,,,,,,,,,,0.0,0.0,0.0,0.0,0.0,0.0,0.0,0.0,0.0,0.0,0.0,0.0,0.0,0.0,0.0,0.0,0.0,0.0,0.0,0.0,0.0,0.0,0.0,0.0,0.2596341669559479,-0.25158053636550903,-0.15378627181053162,0.34860777854919434,0.11773661524057388,-0.17142757773399353,0.03873419761657715,-0.01418975554406643,1.5551204681396484,-1.4297137260437012,1.5976897478103638,-1.5858010053634644,-0.1817377209663391,0.1579332798719406,0.12451551854610443,-0.2471999228000641,0.20783105492591858,-0.16434217989444733,0.23987548053264618,-0.3245643377304077,0.03387554734945297,-0.158848837018013,0.0050355540588498116,-0.05264442786574364,0.23844188451766968,-0.23062676191329956,-0.1381208449602127,0.32185667753219604,0.14899477362632751,-0.19891607761383057,0.07658505439758301,-0.053458571434020996,1.5552575588226318,-1.4357973337173462,1.5935357809066772,-1.582052230834961,0.0,0.0,0.0,0.0,0.0,0.0,0.0,0.0,0.0,0.0,0.0,0.0
20260709_111233_260179,2026-07-09T11:12:38.254,4.994004,pose,160,sit,0.0,0.0,0.0,0.0,0.0,0.0,0.0,0.0,0.08,xsens:live,-0.019471338018774986,-0.01317627727985382,-0.9997236132621765,0.7551100708844951,-1.1157928442761333,0.0,0.0,6.722474575042725,13.625259399414062,12,can0:12,2.310556411743164,4.78652286529541,,"BL_hip_joint,BR_hip_joint,FL_hip_joint,FR_hip_joint,BL_thigh_joint,BR_thigh_joint,FL_thigh_joint,FR_thigh_joint,BL_calf_joint,BR_calf_joint,FL_calf_joint,FR_calf_joint",330e02f2406e129bb6ed6ec4a6c6bcd5f80d7e7799a2ab087e81eda65d2fae69,"step=000160 mode=sit    vx= 0.000 vy= 0.000 vxy= 0.000 yaw= 0.000 speed=0.08 imu=xsens:live tilt_rp=[+0.8,-1.1]deg imu_corr=0.000 act_max= 0.000 tau_cmd= 6.722 tau_cmd_max= 13.625 cmds=12 bus=can0:12 tau_fb= 2.311 tau_fb_max= 4.787",,,,,,,,,,,,,,,,,,,,,,,,,,,,,,,,,,,,,,,,,,,,,,,,,0.0,0.0,0.0,0.0,0.0,0.0,0.0,0.0,0.0,0.0,0.0,0.0,0.0,0.0,0.0,0.0,0.0,0.0,0.0,0.0,0.0,0.0,0.0,0.0,0.23930831253528595,-0.2312546670436859,-0.14074702560901642,0.31946125626564026,0.1491841822862625,-0.19827306270599365,0.07708488404750824,-0.054074473679065704,1.565091609954834,-1.4481220245361328,1.601141333580017,-1.5915536880493164,-0.18127994239330292,0.056764427572488785,0.12359996140003204,-0.2055421620607376,0.22385326027870178,-0.3186132311820984,0.3410443365573883,-0.25681325793266296,0.08972442150115967,-0.055848874151706696,-0.02929776906967163,-0.02700888179242611,0.21749094128608704,-0.2103624939918518,-0.12598471343517303,0.2935763895511627,0.1798362135887146,-0.22537115216255188,0.11378884315490723,-0.09269440174102783,1.5627034902572632,-1.4537397623062134,1.5976184606552124,-1.587143898010254,0.0,0.0,0.0,0.0,0.0,0.0,0.0,0.0,0.0,0.0,0.0,0.0
20260709_111233_260179,2026-07-09T11:12:38.381,5.121604,pose,165,sit,0.0,0.0,0.0,0.0,0.0,0.0,0.0,0.0,0.08,xsens:live,-0.019823074340820312,-0.013208169490098953,-0.9997162818908691,0.7569430972078471,-1.135951967827588,0.0,0.0,6.7665696144104,12.167136192321777,12,can0:12,2.5733206272125244,5.182043075561523,,"BL_hip_joint,BR_hip_joint,FL_hip_joint,FR_hip_joint,BL_thigh_joint,BR_thigh_joint,FL_thigh_joint,FR_thigh_joint,BL_calf_joint,BR_calf_joint,FL_calf_joint,FR_calf_joint",330e02f2406e129bb6ed6ec4a6c6bcd5f80d7e7799a2ab087e81eda65d2fae69,"step=000165 mode=sit    vx= 0.000 vy= 0.000 vxy= 0.000 yaw= 0.000 speed=0.08 imu=xsens:live tilt_rp=[+0.8,-1.1]deg imu_corr=0.000 act_max= 0.000 tau_cmd= 6.767 tau_cmd_max= 12.167 cmds=12 bus=can0:12 tau_fb= 2.573 tau_fb_max= 5.182",,,,,,,,,,,,,,,,,,,,,,,,,,,,,,,,,,,,,,,,,,,,,,,,,0.0,0.0,0.0,0.0,0.0,0.0,0.0,0.0,0.0,0.0,0.0,0.0,0.0,0.0,0.0,0.0,0.0,0.0,0.0,0.0,0.0,0.0,0.0,0.0,0.21783192455768585,-0.21016177535057068,-0.1288583129644394,0.2910817265510559,0.18063175678253174,-0.22435154020786285,0.11543557792901993,-0.09357568621635437,1.5719947814941406,-1.4661468267440796,1.6045929193496704,-1.5961557626724243,-0.09842219203710556,0.12268441170454025,0.0315866582095623,-0.22339549660682678,0.2641376852989197,-0.17075106501579285,0.32044434547424316,-0.3154087960720062,0.015106662176549435,-0.008239997550845146,-0.002288888208568096,-0.024262215942144394,0.1968843936920166,-0.19043132662773132,-0.1140480786561966,0.26576101779937744,0.2101706862449646,-0.25139132142066956,0.15038108825683594,-0.13128525018692017,1.5700271129608154,-1.4713873863220215,1.601633906364441,-1.5921518802642822,0.0,0.0,0.0,0.0,0.0,0.0,0.0,0.0,0.0,0.0,0.0,0.0
20260709_111233_260179,2026-07-09T11:12:38.508,5.247972,pose,170,sit,0.0,0.0,0.0,0.0,0.0,0.0,0.0,0.0,0.08,xsens:live,-0.020114416256546974,-0.013199429959058762,-0.9997105598449707,0.7564466333611313,-1.1526493036108398,0.0,0.0,7.25447416305542,14.169950485229492,12,can0:12,2.320627450942993,4.17126989364624,,"BL_hip_joint,BR_hip_joint,FL_hip_joint,FR_hip_joint,BL_thigh_joint,BR_thigh_joint,FL_thigh_joint,FR_thigh_joint,BL_calf_joint,BR_calf_joint,FL_calf_joint,FR_calf_joint",330e02f2406e129bb6ed6ec4a6c6bcd5f80d7e7799a2ab087e81eda65d2fae69,"step=000170 mode=sit    vx= 0.000 vy= 0.000 vxy= 0.000 yaw= 0.000 speed=0.08 imu=xsens:live tilt_rp=[+0.8,-1.2]deg imu_corr=0.000 act_max= 0.000 tau_cmd= 7.254 tau_cmd_max= 14.170 cmds=12 bus=can0:12 tau_fb= 2.321 tau_fb_max= 4.171",,,,,,,,,,,,,,,,,,,,,,,,,,,,,,,,,,,,,,,,,,,,,,,,,0.0,0.0,0.0,0.0,0.0,0.0,0.0,0.0,0.0,0.0,0.0,0.0,0.0,0.0,0.0,0.0,0.0,0.0,0.0,0.0,0.0,0.0,0.0,0.0,0.19712254405021667,-0.19060292840003967,-0.11696960777044296,0.2642362415790558,0.21054528653621674,-0.2500464916229248,0.15186873078346252,-0.1315428614616394,1.578130841255188,-1.483788251876831,1.6088114976882935,-1.601141333580017,-0.13046662509441376,0.06408887356519699,0.1263466328382492,-0.14145329594612122,0.20966215431690216,-0.1496932953596115,0.2943510115146637,-0.28107547760009766,0.05722220614552498,-0.06912442296743393,0.04211554303765297,-0.061342205852270126,0.17672762274742126,-0.1709352433681488,-0.10237199068069458,0.2385527491569519,0.23984301090240479,-0.2768435478210449,0.18617463111877441,-0.16903376579284668,1.57719087600708,-1.488649606704712,1.6055617332458496,-1.597050428390503,0.0,0.0,0.0,0.0,0.0,0.0,0.0,0.0,0.0,0.0,0.0,0.0
20260709_111233_260179,2026-07-09T11:12:38.635,5.375351,pose,175,sit,0.0,0.0,0.0,0.0,0.0,0.0,0.0,0.0,0.08,xsens:live,-0.02046634443104267,-0.012976372614502907,-0.9997063875198364,0.7436679828641326,-1.1728157285719878,0.0,0.0,6.843212127685547,13.219267845153809,12,can0:12,2.556230306625366,5.130771636962891,,"BL_hip_joint,BR_hip_joint,FL_hip_joint,FR_hip_joint,BL_thigh_joint,BR_thigh_joint,FL_thigh_joint,FR_thigh_joint,BL_calf_joint,BR_calf_joint,FL_calf_joint,FR_calf_joint",330e02f2406e129bb6ed6ec4a6c6bcd5f80d7e7799a2ab087e81eda65d2fae69,"step=000175 mode=sit    vx= 0.000 vy= 0.000 vxy= 0.000 yaw= 0.000 speed=0.08 imu=xsens:live tilt_rp=[+0.7,-1.2]deg imu_corr=0.000 act_max= 0.000 tau_cmd= 6.843 tau_cmd_max= 13.219 cmds=12 bus=can0:12 tau_fb= 2.556 tau_fb_max= 5.131",,,,,,,,,,,,,,,,,,,,,,,,,,,,,,,,,,,,,,,,,,,,,,,,,0.0,0.0,0.0,0.0,0.0,0.0,0.0,0.0,0.0,0.0,0.0,0.0,0.0,0.0,0.0,0.0,0.0,0.0,0.0,0.0,0.0,0.0,0.0,0.0,0.1790977269411087,-0.1718110889196396,-0.1054643988609314,0.23815777897834778,0.2389248013496399,-0.2753579616546631,0.18638435006141663,-0.16759251058101654,1.5846505165100098,-1.5006624460220337,1.6134135723114014,-1.605743408203125,-0.11535996943712234,0.13275551795959473,0.08972442150115967,-0.17578661441802979,0.27329325675964355,-0.12863551080226898,0.2220221608877182,-0.3259376883506775,0.04303110018372536,-0.14557328820228577,0.005493331700563431,0.02929776906967163,0.1571260392665863,-0.151976078748703,-0.09101748466491699,0.21209388971328735,0.26869815587997437,-0.30159473419189453,0.22098231315612793,-0.20574259757995605,1.5841572284698486,-1.5054365396499634,1.6093814373016357,-1.6018141508102417,0.0,0.0,0.0,0.0,0.0,0.0,0.0,0.0,0.0,0.0,0.0,0.0
20260709_111233_260179,2026-07-09T11:12:38.756,5.496389,pose,180,sit,0.0,0.0,0.0,0.0,0.0,0.0,0.0,0.0,0.08,xsens:live,-0.02051662653684616,-0.012983929365873337,-0.9997051954269409,0.7441018941859078,-1.1756977184375597,0.0,0.0,7.164952754974365,14.510791778564453,12,can0:12,2.311777114868164,4.933012008666992,,"BL_hip_joint,BR_hip_joint,FL_hip_joint,FR_hip_joint,BL_thigh_joint,BR_thigh_joint,FL_thigh_joint,FR_thigh_joint,BL_calf_joint,BR_calf_joint,FL_calf_joint,FR_calf_joint",330e02f2406e129bb6ed6ec4a6c6bcd5f80d7e7799a2ab087e81eda65d2fae69,"step=000180 mode=sit    vx= 0.000 vy= 0.000 vxy= 0.000 yaw= 0.000 speed=0.08 imu=xsens:live tilt_rp=[+0.7,-1.2]deg imu_corr=0.000 act_max= 0.000 tau_cmd= 7.165 tau_cmd_max= 14.511 cmds=12 bus=can0:12 tau_fb= 2.312 tau_fb_max= 4.933",,,,,,,,,,,,,,,,,,,,,,,,,,,,,,,,,,,,,,,,,,,,,,,,,0.0,0.0,0.0,0.0,0.0,0.0,0.0,0.0,0.0,0.0,0.0,0.0,0.0,0.0,0.0,0.0,0.0,0.0,0.0,0.0,0.0,0.0,0.0,0.0,0.15800485014915466,-0.15263575315475464,-0.09434270113706589,0.2109287977218628,0.2676878273487091,-0.300669401884079,0.22128348052501678,-0.20479267835617065,1.5923206806182861,-1.5175367593765259,1.6176321506500244,-1.610345482826233,-0.050355542451143265,0.15610218048095703,0.030671102926135063,-0.10528885573148727,0.21790215373039246,-0.20508438348770142,0.2302621603012085,-0.3117465674877167,0.13321329653263092,-0.10071108490228653,0.009155552834272385,-0.002288888208568096,0.138185054063797,-0.13365590572357178,-0.08004564046859741,0.18652671575546265,0.2965807318687439,-0.3255118131637573,0.254616916179657,-0.24121427536010742,1.5908888578414917,-1.5216577053070068,1.613072395324707,-1.6064172983169556,0.0,0.0,0.0,0.0,0.0,0.0,0.0,0.0,0.0,0.0,0.0,0.0
20260709_111233_260179,2026-07-09T11:12:38.882,5.622057,pose,185,sit,0.0,0.0,0.0,0.0,0.0,0.0,0.0,0.0,0.08,xsens:live,-0.020787784829735756,-0.012873910367488861,-0.9997010231018066,0.7378005443952722,-1.1912368664204183,0.0,0.0,5.647904872894287,9.691917419433594,12,can0:12,2.3422958850860596,4.196905612945557,,"BL_hip_joint,BR_hip_joint,FL_hip_joint,FR_hip_joint,BL_thigh_joint,BR_thigh_joint,FL_thigh_joint,FR_thigh_joint,BL_calf_joint,BR_calf_joint,FL_calf_joint,FR_calf_joint",330e02f2406e129bb6ed6ec4a6c6bcd5f80d7e7799a2ab087e81eda65d2fae69,"step=000185 mode=sit    vx= 0.000 vy= 0.000 vxy= 0.000 yaw= 0.000 speed=0.08 imu=xsens:live tilt_rp=[+0.7,-1.2]deg imu_corr=0.000 act_max= 0.000 tau_cmd= 5.648 tau_cmd_max= 9.692 cmds=12 bus=can0:12 tau_fb= 2.342 tau_fb_max= 4.197",,,,,,,,,,,,,,,,,,,,,,,,,,,,,,,,,,,,,,,,,,,,,,,,,0.0,0.0,0.0,0.0,0.0,0.0,0.0,0.0,0.0,0.0,0.0,0.0,0.0,0.0,0.0,0.0,0.0,0.0,0.0,0.0,0.0,0.0,0.0,0.0,0.1399800181388855,-0.13461092114448547,-0.08322099596261978,0.1856173425912857,0.2956838309764862,-0.3236798346042633,0.25541558861732483,-0.24045883119106293,1.6007578372955322,-1.5332605838775635,1.6218507289886475,-1.6149475574493408,-0.16891995072364807,0.1744132786989212,0.12176885455846786,-0.2229377180337906,0.2462843656539917,-0.1579332798719406,0.2787865698337555,-0.3552354574203491,0.008239997550845146,-0.10574663430452347,0.007324442267417908,-0.07599108666181564,0.12000998854637146,-0.11607655882835388,-0.06951749324798584,0.16199344396591187,0.32333582639694214,-0.34846168756484985,0.2868914008140564,-0.275251567363739,1.5973483324050903,-1.5372228622436523,1.6166141033172607,-1.6108343601226807,0.0,0.0,0.0,0.0,0.0,0.0,0.0,0.0,0.0,0.0,0.0,0.0
20260709_111233_260179,2026-07-09T11:12:39.008,5.747922,pose,190,sit,0.0,0.0,0.0,0.0,0.0,0.0,0.0,0.0,0.08,xsens:live,-0.020942404866218567,-0.012947136536240578,-0.9996968507766724,0.7419997461723816,-1.2000997400130675,0.0,0.0,6.156778335571289,11.114500999450684,12,can0:12,2.5156407356262207,4.922025203704834,,"BL_hip_joint,BR_hip_joint,FL_hip_joint,FR_hip_joint,BL_thigh_joint,BR_thigh_joint,FL_thigh_joint,FR_thigh_joint,BL_calf_joint,BR_calf_joint,FL_calf_joint,FR_calf_joint",330e02f2406e129bb6ed6ec4a6c6bcd5f80d7e7799a2ab087e81eda65d2fae69,"step=000190 mode=sit    vx= 0.000 vy= 0.000 vxy= 0.000 yaw= 0.000 speed=0.08 imu=xsens:live tilt_rp=[+0.7,-1.2]deg imu_corr=0.000 act_max= 0.000 tau_cmd= 6.157 tau_cmd_max= 11.115 cmds=12 bus=can0:12 tau_fb= 2.516 tau_fb_max= 4.922",,,,,,,,,,,,,,,,,,,,,,,,,,,,,,,,,,,,,,,,,,,,,,,,,0.0,0.0,0.0,0.0,0.0,0.0,0.0,0.0,0.0,0.0,0.0,0.0,0.0,0.0,0.0,0.0,0.0,0.0,0.0,0.0,0.0,0.0,0.0,0.0,0.12157168984413147,-0.11735311150550842,-0.07324981689453125,0.16222341358661652,0.3221457898616791,-0.34592321515083313,0.286479651927948,-0.27305692434310913,1.6065104007720947,-1.5486009120941162,1.6253021955490112,-1.6191661357879639,-0.11581774055957794,0.08514664322137833,0.10574663430452347,-0.1826532781124115,0.19959105551242828,-0.10757774859666824,0.3103732466697693,-0.24445326626300812,-0.01831110566854477,-0.08560442179441452,0.01831110566854477,0.03799554333090782,0.10270631313323975,-0.0993400514125824,-0.05949410796165466,0.13863635063171387,0.348808228969574,-0.37031126022338867,0.3176184892654419,-0.30765700340270996,1.603498101234436,-1.55204176902771,1.6199860572814941,-1.615039587020874,0.0,0.0,0.0,0.0,0.0,0.0,0.0,0.0,0.0,0.0,0.0,0.0
20260709_111233_260179,2026-07-09T11:12:39.129,5.869506,pose,195,sit,0.0,0.0,0.0,0.0,0.0,0.0,0.0,0.0,0.08,xsens:live,-0.021281223744153976,-0.012842639349400997,-0.9996910691261292,0.7360159353186846,-1.2195169126612018,0.0,0.0,6.2909393310546875,9.329052925109863,12,can0:12,2.8785057067871094,6.013367176055908,,"BL_hip_joint,BR_hip_joint,FL_hip_joint,FR_hip_joint,BL_thigh_joint,BR_thigh_joint,FL_thigh_joint,FR_thigh_joint,BL_calf_joint,BR_calf_joint,FL_calf_joint,FR_calf_joint",330e02f2406e129bb6ed6ec4a6c6bcd5f80d7e7799a2ab087e81eda65d2fae69,"step=000195 mode=sit    vx= 0.000 vy= 0.000 vxy= 0.000 yaw= 0.000 speed=0.08 imu=xsens:live tilt_rp=[+0.7,-1.2]deg imu_corr=0.000 act_max= 0.000 tau_cmd= 6.291 tau_cmd_max= 9.329 cmds=12 bus=can0:12 tau_fb= 2.879 tau_fb_max= 6.013",,,,,,,,,,,,,,,,,,,,,,,,,,,,,,,,,,,,,,,,,,,,,,,,,0.0,0.0,0.0,0.0,0.0,0.0,0.0,0.0,0.0,0.0,0.0,0.0,0.0,0.0,0.0,0.0,0.0,0.0,0.0,0.0,0.0,0.0,0.0,0.0,0.10508088767528534,-0.10124582052230835,-0.06289513409137726,0.13921301066875458,0.3478407561779022,-0.36893364787101746,0.3171602189540863,-0.306038498878479,1.6111124753952026,-1.5639411211013794,1.6287537813186646,-1.6241517066955566,-0.13046662509441376,0.11398663371801376,0.11261329799890518,-0.22751548886299133,0.14511550962924957,-0.05951109528541565,0.17990660667419434,-0.34333324432373047,-0.017853328958153725,-0.13733328878879547,0.0709555372595787,0.0050355540588498116,0.08637943863868713,-0.08354827761650085,-0.05003651976585388,0.11659777164459229,0.3728426694869995,-0.3909274935722351,0.3466110825538635,-0.3382331132888794,1.6093006134033203,-1.5660243034362793,1.6231675148010254,-1.6190074682235718,0.0,0.0,0.0,0.0,0.0,0.0,0.0,0.0,0.0,0.0,0.0,0.0
20260709_111233_260179,2026-07-09T11:12:39.257,5.997152,pose,200,sit,0.0,0.0,0.0,0.0,0.0,0.0,0.0,0.0,0.08,xsens:live,-0.021395673975348473,-0.012947404757142067,-0.9996872544288635,0.7420222382465073,-1.2260781442074906,0.0,0.0,5.2280073165893555,10.051896095275879,12,can0:12,2.4839015007019043,5.0538649559021,,"BL_hip_joint,BR_hip_joint,FL_hip_joint,FR_hip_joint,BL_thigh_joint,BR_thigh_joint,FL_thigh_joint,FR_thigh_joint,BL_calf_joint,BR_calf_joint,FL_calf_joint,FR_calf_joint",330e02f2406e129bb6ed6ec4a6c6bcd5f80d7e7799a2ab087e81eda65d2fae69,"step=000200 mode=sit    vx= 0.000 vy= 0.000 vxy= 0.000 yaw= 0.000 speed=0.08 imu=xsens:live tilt_rp=[+0.7,-1.2]deg imu_corr=0.000 act_max= 0.000 tau_cmd= 5.228 tau_cmd_max= 10.052 cmds=12 bus=can0:12 tau_fb= 2.484 tau_fb_max= 5.054",,,,,,,,,,,,,,,,,,,,,,,,,,,,,,,,,,,,,,,,,,,,,,,,,0.0,0.0,0.0,0.0,0.0,0.0,0.0,0.0,0.0,0.0,0.0,0.0,0.0,0.0,0.0,0.0,0.0,0.0,0.0,0.0,0.0,0.0,0.0,0.0,0.08820658922195435,-0.08475502580404282,-0.053690966218709946,0.1165860965847969,0.3716181814670563,-0.38849249482154846,0.3463067412376404,-0.3367190659046173,1.6164815425872803,-1.5773638486862183,1.6314383745193481,-1.6279867887496948,-0.18494217097759247,0.09750663489103317,0.17120884358882904,-0.14923551678657532,0.14923551678657532,-0.2302621603012085,0.2380443811416626,-0.2311777025461197,0.04257332161068916,-0.04943998530507088,0.05767998471856117,-0.019226660951972008,0.07113468647003174,-0.06880319118499756,-0.041205793619155884,0.0960199236869812,0.39528411626815796,-0.41017723083496094,0.37368208169937134,-0.36678266525268555,1.6147186756134033,-1.5790798664093018,1.6261382102966309,-1.6227123737335205,0.0,0.0,0.0,0.0,0.0,0.0,0.0,0.0,0.0,0.0,0.0,0.0
20260709_111233_260179,2026-07-09T11:12:39.387,6.127322,pose,205,sit,0.0,0.0,0.0,0.0,0.0,0.0,0.0,0.0,0.08,xsens:live,-0.02165316790342331,-0.012984436936676502,-0.999681293964386,0.744148769008637,-1.2408366324278985,0.0,0.0,5.3776984214782715,11.419182777404785,12,can0:12,2.7536849975585938,5.3505048751831055,,"BL_hip_joint,BR_hip_joint,FL_hip_joint,FR_hip_joint,BL_thigh_joint,BR_thigh_joint,FL_thigh_joint,FR_thigh_joint,BL_calf_joint,BR_calf_joint,FL_calf_joint,FR_calf_joint",330e02f2406e129bb6ed6ec4a6c6bcd5f80d7e7799a2ab087e81eda65d2fae69,"step=000205 mode=sit    vx= 0.000 vy= 0.000 vxy= 0.000 yaw= 0.000 speed=0.08 imu=xsens:live tilt_rp=[+0.7,-1.2]deg imu_corr=0.000 act_max= 0.000 tau_cmd= 5.378 tau_cmd_max= 11.419 cmds=12 bus=can0:12 tau_fb= 2.754 tau_fb_max= 5.351",,,,,,,,,,,,,,,,,,,,,,,,,,,,,,,,,,,,,,,,,,,,,,,,,0.0,0.0,0.0,0.0,0.0,0.0,0.0,0.0,0.0,0.0,0.0,0.0,0.0,0.0,0.0,0.0,0.0,0.0,0.0,0.0,0.0,0.0,0.0,0.0,0.07401683181524277,-0.07056526839733124,-0.04487030580639839,0.09664373844861984,0.3938615918159485,-0.4088183641433716,0.3731522262096405,-0.3650985658168793,1.6226177215576172,-1.5907865762710571,1.6337393522262573,-1.6314383745193481,-0.1185644119977951,0.10574663430452347,0.1666310578584671,-0.09109774976968765,0.1977599412202835,-0.10895107686519623,0.21652881801128387,-0.16983550786972046,0.03799554333090782,-0.0196844395250082,-0.062257759273052216,-0.06408887356519699,0.05707752704620361,-0.055206745862960815,-0.03306296467781067,0.07704508304595947,0.415977418422699,-0.4279274344444275,0.39864420890808105,-0.3931082487106323,1.619714617729187,-1.591118574142456,1.6288775205612183,-1.6261286735534668,0.0,0.0,0.0,0.0,0.0,0.0,0.0,0.0,0.0,0.0,0.0,0.0
20260709_111233_260179,2026-07-09T11:12:39.517,6.256956,pose,210,sit,0.0,0.0,0.0,0.0,0.0,0.0,0.0,0.0,0.08,xsens:live,-0.021805040538311005,-0.013027914799749851,-0.9996773600578308,0.7466431773465266,-1.2495418726464556,0.0,0.0,6.125415802001953,9.336896896362305,12,can0:12,2.835474729537964,5.467696189880371,,"BL_hip_joint,BR_hip_joint,FL_hip_joint,FR_hip_joint,BL_thigh_joint,BR_thigh_joint,FL_thigh_joint,FR_thigh_joint,BL_calf_joint,BR_calf_joint,FL_calf_joint,FR_calf_joint",330e02f2406e129bb6ed6ec4a6c6bcd5f80d7e7799a2ab087e81eda65d2fae69,"step=000210 mode=sit    vx= 0.000 vy= 0.000 vxy= 0.000 yaw= 0.000 speed=0.08 imu=xsens:live tilt_rp=[+0.7,-1.2]deg imu_corr=0.000 act_max= 0.000 tau_cmd= 6.125 tau_cmd_max= 9.337 cmds=12 bus=can0:12 tau_fb= 2.835 tau_fb_max= 5.468",,,,,,,,,,,,,,,,,,,,,,,,,,,,,,,,,,,,,,,,,,,,,,,,,0.0,0.0,0.0,0.0,0.0,0.0,0.0,0.0,0.0,0.0,0.0,0.0,0.0,0.0,0.0,0.0,0.0,0.0,0.0,0.0,0.0,0.0,0.0,0.0,0.05944357067346573,-0.057909540832042694,-0.037200167775154114,0.07861891388893127,0.41457095742225647,-0.42492565512657166,0.3965461254119873,-0.3907935321331024,1.6283702850341797,-1.6019083261489868,1.636040449142456,-1.6345064640045166,-0.055848874151706696,0.13183996081352234,0.036164432764053345,-0.18677328526973724,0.1501510739326477,-0.12222663313150406,0.14694662392139435,-0.1428266316652298,0.10116885602474213,-0.0791955292224884,-0.001831110566854477,-0.031128879636526108,0.04431331157684326,-0.04286086559295654,-0.025669097900390625,0.05981552600860596,0.43476736545562744,-0.4440450072288513,0.4213104248046875,-0.41701239347457886,1.6242510080337524,-1.6020498275756836,1.6313648223876953,-1.6292307376861572,0.0,0.0,0.0,0.0,0.0,0.0,0.0,0.0,0.0,0.0,0.0,0.0
20260709_111233_260179,2026-07-09T11:12:39.640,6.379905,pose,215,sit,0.0,0.0,0.0,0.0,0.0,0.0,0.0,0.0,0.08,xsens:live,-0.02190987579524517,-0.013064863160252571,-0.9996746182441711,0.7487625384876098,-1.2555510004440131,0.0,0.0,5.577266216278076,9.313270568847656,12,can0:12,2.992950439453125,5.910824775695801,,"BL_hip_joint,BR_hip_joint,FL_hip_joint,FR_hip_joint,BL_thigh_joint,BR_thigh_joint,FL_thigh_joint,FR_thigh_joint,BL_calf_joint,BR_calf_joint,FL_calf_joint,FR_calf_joint",330e02f2406e129bb6ed6ec4a6c6bcd5f80d7e7799a2ab087e81eda65d2fae69,"step=000215 mode=sit    vx= 0.000 vy= 0.000 vxy= 0.000 yaw= 0.000 speed=0.08 imu=xsens:live tilt_rp=[+0.7,-1.3]deg imu_corr=0.000 act_max= 0.000 tau_cmd= 5.577 tau_cmd_max= 9.313 cmds=12 bus=can0:12 tau_fb= 2.993 tau_fb_max= 5.911",,,,,,,,,,,,,,,,,,,,,,,,,,,,,,,,,,,,,,,,,,,,,,,,,0.0,0.0,0.0,0.0,0.0,0.0,0.0,0.0,0.0,0.0,0.0,0.0,0.0,0.0,0.0,0.0,0.0,0.0,0.0,0.0,0.0,0.0,0.0,0.0,0.04870537668466568,-0.04563732072710991,-0.030297044664621353,0.061361104249954224,0.43259578943252563,-0.4414164423942566,0.42032355070114136,-0.4153379797935486,1.6333558559417725,-1.6122629642486572,1.6379579305648804,-1.6371909379959106,-0.06958220154047012,0.053559985011816025,0.110782191157341,-0.12359996140003204,0.09842219203710556,-0.1263466328382492,0.16388440132141113,-0.12268441170454025,0.013275551609694958,-0.0714133158326149,-0.029755547642707825,-0.04623554274439812,0.032947421073913574,-0.03186750411987305,-0.01908525824546814,0.044473469257354736,0.4514988660812378,-0.458396852016449,0.4414934515953064,-0.4382978677749634,1.6282904148101807,-1.611783742904663,1.6335796117782593,-1.6319929361343384,0.0,0.0,0.0,0.0,0.0,0.0,0.0,0.0,0.0,0.0,0.0,0.0
20260709_111233_260179,2026-07-09T11:12:39.766,6.506734,pose,220,sit,0.0,0.0,0.0,0.0,0.0,0.0,0.0,0.0,0.08,xsens:live,-0.022012725472450256,-0.013137063011527061,-0.9996713995933533,0.7529023449618338,-1.2614469875652945,0.0,0.0,5.1953864097595215,9.403496742248535,12,can0:12,2.902310371398926,5.313882827758789,,"BL_hip_joint,BR_hip_joint,FL_hip_joint,FR_hip_joint,BL_thigh_joint,BR_thigh_joint,FL_thigh_joint,FR_thigh_joint,BL_calf_joint,BR_calf_joint,FL_calf_joint,FR_calf_joint",330e02f2406e129bb6ed6ec4a6c6bcd5f80d7e7799a2ab087e81eda65d2fae69,"step=000220 mode=sit    vx= 0.000 vy= 0.000 vxy= 0.000 yaw= 0.000 speed=0.08 imu=xsens:live tilt_rp=[+0.8,-1.3]deg imu_corr=0.000 act_max= 0.000 tau_cmd= 5.195 tau_cmd_max= 9.403 cmds=12 bus=can0:12 tau_fb= 2.902 tau_fb_max= 5.314",,,,,,,,,,,,,,,,,,,,,,,,,,,,,,,,,,,,,,,,,,,,,,,,,0.0,0.0,0.0,0.0,0.0,0.0,0.0,0.0,0.0,0.0,0.0,0.0,0.0,0.0,0.0,0.0,0.0,0.0,0.0,0.0,0.0,0.0,0.0,0.0,0.036816664040088654,-0.03528263419866562,-0.023777427151799202,0.047171350568532944,0.4498535990715027,-0.45483916997909546,0.43911540508270264,-0.4348968267440796,1.6368074417114258,-1.6226177215576172,1.6398755311965942,-1.6398755311965942,-0.0791955292224884,0.061342205852270126,0.061342205852270126,-0.07232886552810669,0.10391552746295929,-0.08148442208766937,0.1272621899843216,-0.08835108578205109,-0.08468886464834213,0.02471999265253544,0.007782219909131527,-0.016022218391299248,0.02308523654937744,-0.022328615188598633,-0.013372451066970825,0.031161248683929443,0.4660167098045349,-0.4708499312400818,0.45900624990463257,-0.456767201423645,1.6317954063415527,-1.620229721069336,1.635501503944397,-1.6343896389007568,0.0,0.0,0.0,0.0,0.0,0.0,0.0,0.0,0.0,0.0,0.0,0.0
20260709_111233_260179,2026-07-09T11:12:39.895,6.635204,pose,225,sit,0.0,0.0,0.0,0.0,0.0,0.0,0.0,0.0,0.08,xsens:live,-0.022144285961985588,-0.01319974660873413,-0.9996677041053772,0.7564972040057192,-1.2689883394123462,0.0,0.0,5.490200042724609,8.623233795166016,12,can0:12,3.140660285949707,5.22232723236084,,"BL_hip_joint,BR_hip_joint,FL_hip_joint,FR_hip_joint,BL_thigh_joint,BR_thigh_joint,FL_thigh_joint,FR_thigh_joint,BL_calf_joint,BR_calf_joint,FL_calf_joint,FR_calf_joint",330e02f2406e129bb6ed6ec4a6c6bcd5f80d7e7799a2ab087e81eda65d2fae69,"step=000225 mode=sit    vx= 0.000 vy= 0.000 vxy= 0.000 yaw= 0.000 speed=0.08 imu=xsens:live tilt_rp=[+0.8,-1.3]deg imu_corr=0.000 act_max= 0.000 tau_cmd= 5.490 tau_cmd_max= 8.623 cmds=12 bus=can0:12 tau_fb= 3.141 tau_fb_max= 5.222",,,,,,,,,,,,,,,,,,,,,,,,,,,,,,,,,,,,,,,,,,,,,,,,,0.0,0.0,0.0,0.0,0.0,0.0,0.0,0.0,0.0,0.0,0.0,0.0,0.0,0.0,0.0,0.0,0.0,0.0,0.0,0.0,0.0,0.0,0.0,0.0,0.026461975648999214,-0.026078470051288605,-0.018408332020044327,0.0345156192779541,0.4628928303718567,-0.4686454236507416,0.4571402370929718,-0.4544556736946106,1.6398755311965942,-1.6299042701721191,1.6417930126190186,-1.6425600051879883,-0.0027466658502817154,0.07415997982025146,-0.015106662176549435,-0.06775109469890594,0.12955106794834137,-0.009155552834272385,0.055848874151706696,-0.17212440073490143,0.006408886983990669,-0.041657764464616776,0.0068666646257042885,-0.02700888179242611,0.01483219861984253,-0.014346063137054443,-0.008591771125793457,0.020021021366119385,0.47816580533981323,-0.4812711477279663,0.4736616015434265,-0.47222304344177246,1.6347285509109497,-1.6272976398468018,1.637109637260437,-1.6363953351974487,0.0,0.0,0.0,0.0,0.0,0.0,0.0,0.0,0.0,0.0,0.0,0.0
20260709_111233_260179,2026-07-09T11:12:40.022,6.761942,pose,230,sit,0.0,0.0,0.0,0.0,0.0,0.0,0.0,0.0,0.08,xsens:live,-0.022156810387969017,-0.013204998336732388,-0.9996673464775085,0.7567984240963894,-1.2697062765155107,0.0,0.0,4.913354396820068,8.727226257324219,12,can0:12,3.0304877758026123,5.771660327911377,,"BL_hip_joint,BR_hip_joint,FL_hip_joint,FR_hip_joint,BL_thigh_joint,BR_thigh_joint,FL_thigh_joint,FR_thigh_joint,BL_calf_joint,BR_calf_joint,FL_calf_joint,FR_calf_joint",330e02f2406e129bb6ed6ec4a6c6bcd5f80d7e7799a2ab087e81eda65d2fae69,"step=000230 mode=sit    vx= 0.000 vy= 0.000 vxy= 0.000 yaw= 0.000 speed=0.08 imu=xsens:live tilt_rp=[+0.8,-1.3]deg imu_corr=0.000 act_max= 0.000 tau_cmd= 4.913 tau_cmd_max= 8.727 cmds=12 bus=can0:12 tau_fb= 3.030 tau_fb_max= 5.772",,,,,,,,,,,,,,,,,,,,,,,,,,,,,,,,,,,,,,,,,,,,,,,,,0.0,0.0,0.0,0.0,0.0,0.0,0.0,0.0,0.0,0.0,0.0,0.0,0.0,0.0,0.0,0.0,0.0,0.0,0.0,0.0,0.0,0.0,0.0,0.0,0.02032586559653282,-0.018408332020044327,-0.01418975554406643,0.023393921554088593,0.4751650393009186,-0.47708258032798767,0.46979594230651855,-0.4674949049949646,1.6421765089035034,-1.636423945426941,1.6437106132507324,-1.6440941095352173,-0.008239997550845146,0.07049775868654251,0.001831110566854477,-0.10711997002363205,0.041657764464616776,-0.055848874151706696,0.17715995013713837,-0.13275551795959473,-0.007782219909131527,-0.07461775839328766,0.02471999265253544,-0.007324442267417908,0.008293747901916504,-0.008021950721740723,-0.004804283380508423,0.011195182800292969,0.48779094219207764,-0.4895273447036743,0.4852723479270935,-0.48446786403656006,1.6370524168014526,-1.632897138595581,1.6383838653564453,-1.6379843950271606,0.0,0.0,0.0,0.0,0.0,0.0,0.0,0.0,0.0,0.0,0.0,0.0
20260709_111233_260179,2026-07-09T11:12:40.143,6.883582,pose,235,sit,0.0,0.0,0.0,0.0,0.0,0.0,0.0,0.0,0.08,xsens:live,-0.022212494164705276,-0.01316115166991949,-0.9996666312217712,0.7542863357565927,-1.2728971230252637,0.0,0.0,4.413325786590576,8.156925201416016,12,can0:12,3.378398895263672,6.185491561889648,,"BL_hip_joint,BR_hip_joint,FL_hip_joint,FR_hip_joint,BL_thigh_joint,BR_thigh_joint,FL_thigh_joint,FR_thigh_joint,BL_calf_joint,BR_calf_joint,FL_calf_joint,FR_calf_joint",330e02f2406e129bb6ed6ec4a6c6bcd5f80d7e7799a2ab087e81eda65d2fae69,"step=000235 mode=sit    vx= 0.000 vy= 0.000 vxy= 0.000 yaw= 0.000 speed=0.08 imu=xsens:live tilt_rp=[+0.8,-1.3]deg imu_corr=0.000 act_max= 0.000 tau_cmd= 4.413 tau_cmd_max= 8.157 cmds=12 bus=can0:12 tau_fb= 3.378 tau_fb_max= 6.185",,,,,,,,,,,,,,,,,,,,,,,,,,,,,,,,,,,,,,,,,,,,,,,,,0.0,0.0,0.0,0.0,0.0,0.0,0.0,0.0,0.0,0.0,0.0,0.0,0.0,0.0,0.0,0.0,0.0,0.0,0.0,0.0,0.0,0.0,0.0,0.0,0.014956769533455372,-0.012655727565288544,-0.01035468652844429,0.016107289120554924,0.4843692183494568,-0.4843692183494568,0.48283517360687256,-0.4816846549510956,1.6437106132507324,-1.6414095163345337,1.6452445983886719,-1.6456280946731567,-0.010528885759413242,0.05767998471856117,0.056764427572488785,-0.11032441258430481,0.01739555038511753,0.018768884241580963,0.05310220643877983,-0.10162663459777832,-0.02471999265253544,0.002288888208568096,-0.07599108666181564,-0.06042664870619774,0.0035752058029174805,-0.0034580230712890625,-0.002070993185043335,0.004825949668884277,0.49473702907562256,-0.4954855442047119,0.4936513304710388,-0.4933044910430908,1.6387293338775635,-1.6369380950927734,1.6393033266067505,-1.6391310691833496,0.0,0.0,0.0,0.0,0.0,0.0,0.0,0.0,0.0,0.0,0.0,0.0
20260709_111233_260179,2026-07-09T11:12:40.271,7.011127,pose,240,sit,0.0,0.0,0.0,0.0,0.0,0.0,0.0,0.0,0.08,xsens:live,-0.022282639518380165,-0.013128615915775299,-0.9996654987335205,0.7524227273679116,-1.2769169518629297,0.0,0.0,4.465534687042236,9.049070358276367,12,can0:12,3.2657852172851562,5.4274115562438965,,"BL_hip_joint,BR_hip_joint,FL_hip_joint,FR_hip_joint,BL_thigh_joint,BR_thigh_joint,FL_thigh_joint,FR_thigh_joint,BL_calf_joint,BR_calf_joint,FL_calf_joint,FR_calf_joint",330e02f2406e129bb6ed6ec4a6c6bcd5f80d7e7799a2ab087e81eda65d2fae69,"step=000240 mode=sit    vx= 0.000 vy= 0.000 vxy= 0.000 yaw= 0.000 speed=0.08 imu=xsens:live tilt_rp=[+0.8,-1.3]deg imu_corr=0.000 act_max= 0.000 tau_cmd= 4.466 tau_cmd_max= 9.049 cmds=12 bus=can0:12 tau_fb= 3.266 tau_fb_max= 5.427",,,,,,,,,,,,,,,,,,,,,,,,,,,,,,,,,,,,,,,,,,,,,,,,,0.0,0.0,0.0,0.0,0.0,0.0,0.0,0.0,0.0,0.0,0.0,0.0,0.0,0.0,0.0,0.0,0.0,0.0,0.0,0.0,0.0,0.0,0.0,0.0,0.009971179068088531,-0.00843715202063322,-0.007670138031244278,0.011121700517833233,0.4905053377151489,-0.4916558563709259,0.4901218116283417,-0.48858779668807983,1.644861102104187,-1.644861102104187,1.6463950872421265,-1.6467785835266113,0.016022218391299248,0.09109774976968765,0.06591998040676117,0.041657764464616776,-0.044862210750579834,-0.016937773674726486,0.08789330720901489,-0.07690664380788803,0.04028443247079849,0.03021332435309887,0.016937773674726486,-0.008239997550845146,0.0007819533348083496,-0.0007563233375549316,-0.00045296549797058105,0.0010555386543273926,0.4988488554954529,-0.4990125894546509,0.4986115097999573,-0.49853551387786865,1.6397221088409424,-1.639330267906189,1.6398476362228394,-1.6398099660873413,0.0,0.0,0.0,0.0,0.0,0.0,0.0,0.0,0.0,0.0,0.0,0.0
20260709_111233_260179,2026-07-09T11:12:40.399,7.139246,pose,245,sit,0.0,0.0,0.0,0.0,0.0,0.0,0.0,0.0,0.08,xsens:live,-0.02228805050253868,-0.013038256205618382,-0.9996665716171265,0.747243850046002,-1.2772255577897909,0.0,0.0,4.101486682891846,7.464384078979492,12,can0:12,3.0491039752960205,5.431074142456055,,"BL_hip_joint,BR_hip_joint,FL_hip_joint,FR_hip_joint,BL_thigh_joint,BR_thigh_joint,FL_thigh_joint,FR_thigh_joint,BL_calf_joint,BR_calf_joint,FL_calf_joint,FR_calf_joint",330e02f2406e129bb6ed6ec4a6c6bcd5f80d7e7799a2ab087e81eda65d2fae69,"step=000245 mode=sit    vx= 0.000 vy= 0.000 vxy= 0.000 yaw= 0.000 speed=0.08 imu=xsens:live tilt_rp=[+0.7,-1.3]deg imu_corr=0.000 act_max= 0.000 tau_cmd= 4.101 tau_cmd_max= 7.464 cmds=12 bus=can0:12 tau_fb= 3.049 tau_fb_max= 5.431",,,,,,,,,,,,,,,,,,,,,,,,,,,,,,,,,,,,,,,,,,,,,,,,,0.0,0.0,0.0,0.0,0.0,0.0,0.0,0.0,0.0,0.0,0.0,0.0,0.0,0.0,0.0,0.0,0.0,0.0,0.0,0.0,0.0,0.0,0.0,0.0,0.007286631036549807,-0.006519617512822151,-0.00613611051812768,0.00843715202063322,0.49395689368247986,-0.49587443470954895,0.49318987131118774,-0.49203935265541077,1.6456280946731567,-1.6471620798110962,1.6471620798110962,-1.6475456953048706,-0.009155552834272385,0.04028443247079849,0.0032044434919953346,-0.004119998775422573,0.043946653604507446,-0.022431105375289917,-0.007324442267417908,-0.08926664292812347,0.021973326802253723,-0.05813775956630707,-0.032959990203380585,-0.014648884534835815,0.0,0.0,0.0,0.0,0.5,-0.5,0.5000000596046448,-0.5,1.6399999856948853,-1.6399999856948853,1.6399999856948853,-1.6399999856948853,0.0,0.0,0.0,0.0,0.0,0.0,0.0,0.0,0.0,0.0,0.0,0.0
20260709_111233_260179,2026-07-09T11:12:40.518,7.258119,pose,250,sit,0.0,0.0,0.0,0.0,0.0,0.0,0.0,0.0,0.08,xsens:live,-0.02231203205883503,-0.013043357990682125,-0.9996659755706787,0.7475366542075159,-1.2786001365116364,0.0,0.0,3.775481939315796,6.3872809410095215,12,can0:12,3.5615100860595703,6.43086051940918,,"BL_hip_joint,BR_hip_joint,FL_hip_joint,FR_hip_joint,BL_thigh_joint,BR_thigh_joint,FL_thigh_joint,FR_thigh_joint,BL_calf_joint,BR_calf_joint,FL_calf_joint,FR_calf_joint",330e02f2406e129bb6ed6ec4a6c6bcd5f80d7e7799a2ab087e81eda65d2fae69,"step=000250 mode=sit    vx= 0.000 vy= 0.000 vxy= 0.000 yaw= 0.000 speed=0.08 imu=xsens:live tilt_rp=[+0.7,-1.3]deg imu_corr=0.000 act_max= 0.000 tau_cmd= 3.775 tau_cmd_max= 6.387 cmds=12 bus=can0:12 tau_fb= 3.562 tau_fb_max= 6.431",,,,,,,,,,,,,,,,,,,,,,,,,,,,,,,,,,,,,,,,,,,,,,,,,0.0,0.0,0.0,0.0,0.0,0.0,0.0,0.0,0.0,0.0,0.0,0.0,0.0,0.0,0.0,0.0,0.0,0.0,0.0,0.0,0.0,0.0,0.0,0.0,0.006519617512822151,-0.00613611051812768,-0.00613611051812768,0.007286631036549807,0.49510741233825684,-0.4970249533653259,0.4943403899669647,-0.49318987131118774,1.6460115909576416,-1.6479291915893555,1.6471620798110962,-1.6475456953048706,-0.059968870133161545,-0.00045777764171361923,0.024262215942144394,-0.009155552834272385,-0.01831110566854477,-0.001831110566854477,0.10666219145059586,0.0476088747382164,0.05218665301799774,-0.009155552834272385,-0.056764427572488785,0.08926664292812347,0.0,0.0,0.0,0.0,0.5,-0.5,0.5000000596046448,-0.5,1.6399999856948853,-1.6399999856948853,1.6399999856948853,-1.6399999856948853,0.0,0.0,0.0,0.0,0.0,0.0,0.0,0.0,0.0,0.0,0.0,0.0
20260709_111233_260179,2026-07-09T11:12:40.648,7.388594,pose,255,sit,0.0,0.0,0.0,0.0,0.0,0.0,0.0,0.0,0.08,xsens:live,-0.02216634526848793,-0.013132217340171337,-0.9996681213378906,0.7526271329503967,-1.2702515139993031,0.0,0.0,4.075431823730469,6.993946552276611,12,can0:12,2.9688405990600586,5.518967151641846,,"BL_hip_joint,BR_hip_joint,FL_hip_joint,FR_hip_joint,BL_thigh_joint,BR_thigh_joint,FL_thigh_joint,FR_thigh_joint,BL_calf_joint,BR_calf_joint,FL_calf_joint,FR_calf_joint",330e02f2406e129bb6ed6ec4a6c6bcd5f80d7e7799a2ab087e81eda65d2fae69,"step=000255 mode=sit    vx= 0.000 vy= 0.000 vxy= 0.000 yaw= 0.000 speed=0.08 imu=xsens:live tilt_rp=[+0.8,-1.3]deg imu_corr=0.000 act_max= 0.000 tau_cmd= 4.075 tau_cmd_max= 6.994 cmds=12 bus=can0:12 tau_fb= 2.969 tau_fb_max= 5.519",,,,,,,,,,,,,,,,,,,,,,,,,,,,,,,,,,,,,,,,,,,,,,,,,0.0,0.0,0.0,0.0,0.0,0.0,0.0,0.0,0.0,0.0,0.0,0.0,0.0,0.0,0.0,0.0,0.0,0.0,0.0,0.0,0.0,0.0,0.0,0.0,0.006519617512822151,-0.00613611051812768,-0.0057526035234332085,0.007286631036549807,0.4954909086227417,-0.4974084496498108,0.494723916053772,-0.4935733675956726,1.6456280946731567,-1.6479291915893555,1.6475456953048706,-1.6475456953048706,-0.036164432764053345,0.03662221133708954,0.07736442238092422,0.01831110566854477,-0.021973326802253723,-0.016937773674726486,-0.03341776877641678,0.010986663401126862,0.014191106893122196,-0.02059999480843544,-0.024262215942144394,-0.03707998991012573,0.0,0.0,0.0,0.0,0.5,-0.5,0.5000000596046448,-0.5,1.6399999856948853,-1.6399999856948853,1.6399999856948853,-1.6399999856948853,0.0,0.0,0.0,0.0,0.0,0.0,0.0,0.0,0.0,0.0,0.0,0.0
20260709_111233_260179,2026-07-09T11:12:40.779,7.519562,pose,260,sit,0.0,0.0,0.0,0.0,0.0,0.0,0.0,0.0,0.08,xsens:live,-0.022270983085036278,-0.013173895888030529,-0.9996652007102966,0.7550177227601259,-1.2762495759054424,0.0,0.0,4.626822471618652,8.154986381530762,12,can0:12,3.2502212524414062,5.013580799102783,,"BL_hip_joint,BR_hip_joint,FL_hip_joint,FR_hip_joint,BL_thigh_joint,BR_thigh_joint,FL_thigh_joint,FR_thigh_joint,BL_calf_joint,BR_calf_joint,FL_calf_joint,FR_calf_joint",330e02f2406e129bb6ed6ec4a6c6bcd5f80d7e7799a2ab087e81eda65d2fae69,"step=000260 mode=sit    vx= 0.000 vy= 0.000 vxy= 0.000 yaw= 0.000 speed=0.08 imu=xsens:live tilt_rp=[+0.8,-1.3]deg imu_corr=0.000 act_max= 0.000 tau_cmd= 4.627 tau_cmd_max= 8.155 cmds=12 bus=can0:12 tau_fb= 3.250 tau_fb_max= 5.014",,,,,,,,,,,,,,,,,,,,,,,,,,,,,,,,,,,,,,,,,,,,,,,,,0.0,0.0,0.0,0.0,0.0,0.0,0.0,0.0,0.0,0.0,0.0,0.0,0.0,0.0,0.0,0.0,0.0,0.0,0.0,0.0,0.0,0.0,0.0,0.0,0.006519617512822151,-0.00613611051812768,-0.0057526035234332085,0.007286631036549807,0.4954909086227417,-0.4974084496498108,0.49510741233825684,-0.49395689368247986,1.6460115909576416,-1.6479291915893555,1.6475456953048706,-1.6475456953048706,0.025635547935962677,-0.0009155552834272385,0.032044436782598495,0.059968870133161545,-0.008239997550845146,-0.0196844395250082,-0.0032044434919953346,-0.08560442179441452,0.09659108519554138,-0.061342205852270126,0.04531998559832573,0.015564439818263054,0.0,0.0,0.0,0.0,0.5,-0.5,0.5000000596046448,-0.5,1.6399999856948853,-1.6399999856948853,1.6399999856948853,-1.6399999856948853,0.0,0.0,0.0,0.0,0.0,0.0,0.0,0.0,0.0,0.0,0.0,0.0
20260709_111233_260179,2026-07-09T11:12:40.985,7.724777,pose,265,stand,0.0,0.0,0.0,0.0,0.0,0.0,0.0,0.0,0.08,xsens:live,-0.022239364683628082,-0.013386856764554977,-0.9996630549430847,0.7672230614978834,-1.2744410006212121,0.0,0.0,5.312802791595459,8.3110990524292,12,can0:12,2.8794212341308594,4.369029998779297,,"BL_hip_joint,BR_hip_joint,FL_hip_joint,FR_hip_joint,BL_thigh_joint,BR_thigh_joint,FL_thigh_joint,FR_thigh_joint,BL_calf_joint,BR_calf_joint,FL_calf_joint,FR_calf_joint",330e02f2406e129bb6ed6ec4a6c6bcd5f80d7e7799a2ab087e81eda65d2fae69,"step=000265 mode=stand  vx= 0.000 vy= 0.000 vxy= 0.000 yaw= 0.000 speed=0.08 imu=xsens:live tilt_rp=[+0.8,-1.3]deg imu_corr=0.000 act_max= 0.000 tau_cmd= 5.313 tau_cmd_max= 8.311 cmds=12 bus=can0:12 tau_fb= 2.879 tau_fb_max= 4.369",,,,,,,,,,,,,,,,,,,,,,,,,,,,,,,,,,,,,,,,,,,,,,,,,0.0,0.0,0.0,0.0,0.0,0.0,0.0,0.0,0.0,0.0,0.0,0.0,0.0,0.0,0.0,0.0,0.0,0.0,0.0,0.0,0.0,0.0,0.0,0.0,0.011121700517833233,-0.01035468652844429,-0.009587672539055347,0.01227222103625536,0.4935733675956726,-0.4962579309940338,0.49242284893989563,-0.4908888339996338,1.6498466730117798,-1.653681755065918,1.653298258781433,-1.6529147624969482,0.05310220643877983,-0.018768884241580963,-0.06591998040676117,0.022431105375289917,-0.08972442150115967,0.13229773938655853,-0.02929776906967163,0.10620441287755966,0.06912442296743393,-0.09338664263486862,0.062257759273052216,-0.07599108666181564,0.006517784669995308,-0.006134385708719492,-0.006134385708719492,0.00728458259254694,0.4957350492477417,-0.4972686171531677,0.494584858417511,-0.4938180446624756,1.645548939704895,-1.6470825672149658,1.6470825672149658,-1.6470825672149658,0.0,0.0,0.0,0.0,0.0,0.0,0.0,0.0,0.0,0.0,0.0,0.0
20260709_111233_260179,2026-07-09T11:12:41.129,7.869342,pose,270,stand,0.0,0.0,0.0,0.0,0.0,0.0,0.0,0.0,0.08,xsens:live,-0.022366972640156746,-0.013538814149796963,-0.9996582269668579,0.7759346805786628,-1.281757411851592,0.0,0.0,3.4493396282196045,7.380612373352051,12,can0:12,2.620624303817749,4.716940879821777,,"BL_hip_joint,BR_hip_joint,FL_hip_joint,FR_hip_joint,BL_thigh_joint,BR_thigh_joint,FL_thigh_joint,FR_thigh_joint,BL_calf_joint,BR_calf_joint,FL_calf_joint,FR_calf_joint",330e02f2406e129bb6ed6ec4a6c6bcd5f80d7e7799a2ab087e81eda65d2fae69,"step=000270 mode=stand  vx= 0.000 vy= 0.000 vxy= 0.000 yaw= 0.000 speed=0.08 imu=xsens:live tilt_rp=[+0.8,-1.3]deg imu_corr=0.000 act_max= 0.000 tau_cmd= 3.449 tau_cmd_max= 7.381 cmds=12 bus=can0:12 tau_fb= 2.621 tau_fb_max= 4.717",,,,,,,,,,,,,,,,,,,,,,,,,,,,,,,,,,,,,,,,,,,,,,,,,0.0,0.0,0.0,0.0,0.0,0.0,0.0,0.0,0.0,0.0,0.0,0.0,0.0,0.0,0.0,0.0,0.0,0.0,0.0,0.0,0.0,0.0,0.0,0.0,0.013039235025644302,-0.011505207046866417,-0.011121700517833233,0.01380624808371067,0.49242284893989563,-0.49587443470954895,0.4908888339996338,-0.4889712929725647,1.6506136655807495,-1.6548322439193726,1.6548322439193726,-1.6544487476348877,-0.06271553784608841,0.032044436782598495,0.0032044434919953346,-0.009613330475986004,0.05310220643877983,0.03250221163034439,0.027466658502817154,-0.036164432764053345,-0.02700888179242611,0.06271553784608841,-0.014648884534835815,0.032044436782598495,0.006506726611405611,-0.006123977713286877,-0.006123977713286877,0.007272223476320505,0.49489396810531616,-0.49642494320869446,0.49374571442604065,-0.4929802119731903,1.6427570581436157,-1.6442880630493164,1.6442880630493164,-1.6442880630493164,0.0,0.0,0.0,0.0,0.0,0.0,0.0,0.0,0.0,0.0,0.0,0.0
20260709_111233_260179,2026-07-09T11:12:41.263,8.003270,pose,275,stand,0.0,0.0,0.0,0.0,0.0,0.0,0.0,0.0,0.08,xsens:live,-0.02239811047911644,-0.013556908816099167,-0.9996572136878967,0.7769723800557795,-1.283542494910171,0.0,0.0,4.554256439208984,8.0851469039917,12,can0:12,2.6606035232543945,6.039002418518066,,"BL_hip_joint,BR_hip_joint,FL_hip_joint,FR_hip_joint,BL_thigh_joint,BR_thigh_joint,FL_thigh_joint,FR_thigh_joint,BL_calf_joint,BR_calf_joint,FL_calf_joint,FR_calf_joint",330e02f2406e129bb6ed6ec4a6c6bcd5f80d7e7799a2ab087e81eda65d2fae69,"step=000275 mode=stand  vx= 0.000 vy= 0.000 vxy= 0.000 yaw= 0.000 speed=0.08 imu=xsens:live tilt_rp=[+0.8,-1.3]deg imu_corr=0.000 act_max= 0.000 tau_cmd= 4.554 tau_cmd_max= 8.085 cmds=12 bus=can0:12 tau_fb= 2.661 tau_fb_max= 6.039",,,,,,,,,,,,,,,,,,,,,,,,,,,,,,,,,,,,,,,,,,,,,,,,,0.0,0.0,0.0,0.0,0.0,0.0,0.0,0.0,0.0,0.0,0.0,0.0,0.0,0.0,0.0,0.0,0.0,0.0,0.0,0.0,0.0,0.0,0.0,0.0,0.013422741554677486,-0.011505207046866417,-0.011505207046866417,0.01380624808371067,0.49127233028411865,-0.49510741233825684,0.4897383153438568,-0.4878207743167877,1.6479291915893555,-1.6521477699279785,1.6521477699279785,-1.6513806581497192,0.03799554333090782,0.014191106893122196,0.03341776877641678,0.03250221163034439,-0.023346660658717155,-0.041657764464616776,-0.08331552892923355,-0.01739555038511753,-0.030671102926135063,0.04852443188428879,-0.10483107715845108,0.09384441375732422,0.006485951133072376,-0.006104424595832825,-0.006104424595832825,0.007249004207551479,0.49331381916999817,-0.4948399066925049,0.49216923117637634,-0.4914061725139618,1.6375118494033813,-1.6390380859375,1.6390380859375,-1.6390380859375,0.0,0.0,0.0,0.0,0.0,0.0,0.0,0.0,0.0,0.0,0.0,0.0
20260709_111233_260179,2026-07-09T11:12:41.389,8.128806,pose,280,stand,0.0,0.0,0.0,0.0,0.0,0.0,0.0,0.0,0.08,xsens:live,-0.022396225482225418,-0.01362237986177206,-0.9996564388275146,0.7807247926897941,-1.2834355042071903,0.0,0.0,4.830609321594238,9.514100074768066,12,can0:12,2.450941324234009,5.672780513763428,,"BL_hip_joint,BR_hip_joint,FL_hip_joint,FR_hip_joint,BL_thigh_joint,BR_thigh_joint,FL_thigh_joint,FR_thigh_joint,BL_calf_joint,BR_calf_joint,FL_calf_joint,FR_calf_joint",330e02f2406e129bb6ed6ec4a6c6bcd5f80d7e7799a2ab087e81eda65d2fae69,"step=000280 mode=stand  vx= 0.000 vy= 0.000 vxy= 0.000 yaw= 0.000 speed=0.08 imu=xsens:live tilt_rp=[+0.8,-1.3]deg imu_corr=0.000 act_max= 0.000 tau_cmd= 4.831 tau_cmd_max= 9.514 cmds=12 bus=can0:12 tau_fb= 2.451 tau_fb_max= 5.673",,,,,,,,,,,,,,,,,,,,,,,,,,,,,,,,,,,,,,,,,,,,,,,,,0.0,0.0,0.0,0.0,0.0,0.0,0.0,0.0,0.0,0.0,0.0,0.0,0.0,0.0,0.0,0.0,0.0,0.0,0.0,0.0,0.0,0.0,0.0,0.0,0.013422741554677486,-0.011505207046866417,-0.011505207046866417,0.01380624808371067,0.4897383153438568,-0.4935733675956726,0.48858779668807983,-0.48667025566101074,1.6425600051879883,-1.6452445983886719,1.6452445983886719,-1.6452445983886719,0.021973326802253723,-0.03479110077023506,-0.031128879636526108,0.0032044434919953346,0.02700888179242611,-0.007324442267417908,-0.07324442267417908,0.029755547642707825,-0.09842219203710556,0.08148442208766937,-0.0238044373691082,0.09979552775621414,0.006455790717154741,-0.006076037883758545,-0.006076037883758545,0.007215294986963272,0.4910198450088501,-0.49253883957862854,0.48988059163093567,-0.48912104964256287,1.629897117614746,-1.6314162015914917,1.6314162015914917,-1.6314162015914917,0.0,0.0,0.0,0.0,0.0,0.0,0.0,0.0,0.0,0.0,0.0,0.0
20260709_111233_260179,2026-07-09T11:12:41.516,8.256171,pose,285,stand,0.0,0.0,0.0,0.0,0.0,0.0,0.0,0.0,0.08,xsens:live,-0.022341476753354073,-0.013578929007053375,-0.9996581673622131,0.7782335018925153,-1.28029691238569,0.0,0.0,4.958542346954346,11.969756126403809,12,can0:12,2.460707426071167,4.537491798400879,,"BL_hip_joint,BR_hip_joint,FL_hip_joint,FR_hip_joint,BL_thigh_joint,BR_thigh_joint,FL_thigh_joint,FR_thigh_joint,BL_calf_joint,BR_calf_joint,FL_calf_joint,FR_calf_joint",330e02f2406e129bb6ed6ec4a6c6bcd5f80d7e7799a2ab087e81eda65d2fae69,"step=000285 mode=stand  vx= 0.000 vy= 0.000 vxy= 0.000 yaw= 0.000 speed=0.08 imu=xsens:live tilt_rp=[+0.8,-1.3]deg imu_corr=0.000 act_max= 0.000 tau_cmd= 4.959 tau_cmd_max= 11.970 cmds=12 bus=can0:12 tau_fb= 2.461 tau_fb_max= 4.537",,,,,,,,,,,,,,,,,,,,,,,,,,,,,,,,,,,,,,,,,,,,,,,,,0.0,0.0,0.0,0.0,0.0,0.0,0.0,0.0,0.0,0.0,0.0,0.0,0.0,0.0,0.0,0.0,0.0,0.0,0.0,0.0,0.0,0.0,0.0,0.0,0.013422741554677486,-0.011505207046866417,-0.011505207046866417,0.01380624808371067,0.4878207743167877,-0.4908888339996338,0.48667025566101074,-0.4851362407207489,1.6356569528579712,-1.6368074417114258,1.6356569528579712,-1.6368074417114258,-0.047151096165180206,0.02151555009186268,-0.06271553784608841,-0.022431105375289917,0.0068666646257042885,0.003662221133708954,-0.006408886983990669,-0.005493331700563431,-0.0796533077955246,-0.013733329251408577,-0.0068666646257042885,0.053559985011816025,0.006416575983166695,-0.006039130501449108,-0.006039130501449108,0.007171467412263155,0.48803722858428955,-0.4895470142364502,0.48690488934516907,-0.48614999651908875,1.6199966669082642,-1.6215065717697144,1.6215065717697144,-1.6215065717697144,0.0,0.0,0.0,0.0,0.0,0.0,0.0,0.0,0.0,0.0,0.0,0.0
20260709_111233_260179,2026-07-09T11:12:41.644,8.384523,pose,290,stand,0.0,0.0,0.0,0.0,0.0,0.0,0.0,0.0,0.08,xsens:live,-0.022285373881459236,-0.013579866848886013,-0.9996594190597534,0.7782862703366021,-1.2770813581770113,0.0,0.0,6.362254619598389,12.090889930725098,12,can0:12,2.377697229385376,5.881526947021484,,"BL_hip_joint,BR_hip_joint,FL_hip_joint,FR_hip_joint,BL_thigh_joint,BR_thigh_joint,FL_thigh_joint,FR_thigh_joint,BL_calf_joint,BR_calf_joint,FL_calf_joint,FR_calf_joint",330e02f2406e129bb6ed6ec4a6c6bcd5f80d7e7799a2ab087e81eda65d2fae69,"step=000290 mode=stand  vx= 0.000 vy= 0.000 vxy= 0.000 yaw= 0.000 speed=0.08 imu=xsens:live tilt_rp=[+0.8,-1.3]deg imu_corr=0.000 act_max= 0.000 tau_cmd= 6.362 tau_cmd_max= 12.091 cmds=12 bus=can0:12 tau_fb= 2.378 tau_fb_max= 5.882",,,,,,,,,,,,,,,,,,,,,,,,,,,,,,,,,,,,,,,,,,,,,,,,,0.0,0.0,0.0,0.0,0.0,0.0,0.0,0.0,0.0,0.0,0.0,0.0,0.0,0.0,0.0,0.0,0.0,0.0,0.0,0.0,0.0,0.0,0.0,0.0,0.01380624808371067,-0.011505207046866417,-0.011505207046866417,0.01380624808371067,0.48475271463394165,-0.4870537519454956,0.4843692183494568,-0.48283517360687256,1.6256858110427856,-1.6260693073272705,1.6260693073272705,-1.6268362998962402,0.1268044114112854,-0.010986663401126862,-0.03570665791630745,-0.010071108117699623,-0.019226660951972008,0.10071108490228653,-0.04669332131743431,-0.04028443247079849,-0.03479110077023506,0.06820886582136154,-0.016937773674726486,0.050355542451143265,0.006368639878928661,-0.005994013976305723,-0.005994013976305723,0.00711789121851325,0.4843912422657013,-0.485889732837677,0.4832673668861389,-0.48251810669898987,1.6078941822052002,-1.609392762184143,1.609392762184143,-1.609392762184143,0.0,0.0,0.0,0.0,0.0,0.0,0.0,0.0,0.0,0.0,0.0,0.0
20260709_111233_260179,2026-07-09T11:12:41.772,8.512285,pose,295,stand,0.0,0.0,0.0,0.0,0.0,0.0,0.0,0.0,0.08,xsens:live,-0.022190256044268608,-0.013502472080290318,-0.9996625781059265,0.7738487345849752,-1.2716283301078644,0.0,0.0,5.765375137329102,11.744648933410645,12,can0:12,2.399365186691284,4.819482803344727,,"BL_hip_joint,BR_hip_joint,FL_hip_joint,FR_hip_joint,BL_thigh_joint,BR_thigh_joint,FL_thigh_joint,FR_thigh_joint,BL_calf_joint,BR_calf_joint,FL_calf_joint,FR_calf_joint",330e02f2406e129bb6ed6ec4a6c6bcd5f80d7e7799a2ab087e81eda65d2fae69,"step=000295 mode=stand  vx= 0.000 vy= 0.000 vxy= 0.000 yaw= 0.000 speed=0.08 imu=xsens:live tilt_rp=[+0.8,-1.3]deg imu_corr=0.000 act_max= 0.000 tau_cmd= 5.765 tau_cmd_max= 11.745 cmds=12 bus=can0:12 tau_fb= 2.399 tau_fb_max= 4.819",,,,,,,,,,,,,,,,,,,,,,,,,,,,,,,,,,,,,,,,,,,,,,,,,0.0,0.0,0.0,0.0,0.0,0.0,0.0,0.0,0.0,0.0,0.0,0.0,0.0,0.0,0.0,0.0,0.0,0.0,0.0,0.0,0.0,0.0,0.0,0.0,0.01380624808371067,-0.011505207046866417,-0.011505207046866417,0.01380624808371067,0.4813011586666107,-0.4824516773223877,0.4816846549510956,-0.48015064001083374,1.6114959716796875,-1.614564061164856,1.614180564880371,-1.614180564880371,0.06179998070001602,0.004577776417136192,0.017853328958153725,0.047151096165180206,0.021973326802253723,0.10025330632925034,-0.037537768483161926,0.0553910955786705,-0.10895107686519623,0.13870662450790405,-0.09979552775621414,0.07003998011350632,0.006312313489615917,-0.005941000767052174,-0.005941000767052174,0.00705493800342083,0.4801071286201477,-0.4815923571586609,0.47899317741394043,-0.47825056314468384,1.5936733484268188,-1.5951586961746216,1.5951586961746216,-1.5951586961746216,0.0,0.0,0.0,0.0,0.0,0.0,0.0,0.0,0.0,0.0,0.0,0.0
20260709_111233_260179,2026-07-09T11:12:41.894,8.634136,pose,300,stand,0.0,0.0,0.0,0.0,0.0,0.0,0.0,0.0,0.08,xsens:live,-0.022146398201584816,-0.013417210429906845,-0.9996647834777832,0.7689611425078998,-1.2691130492999345,0.0,0.0,5.819509029388428,13.834013938903809,12,can0:12,2.3422954082489014,5.075838565826416,,"BL_hip_joint,BR_hip_joint,FL_hip_joint,FR_hip_joint,BL_thigh_joint,BR_thigh_joint,FL_thigh_joint,FR_thigh_joint,BL_calf_joint,BR_calf_joint,FL_calf_joint,FR_calf_joint",330e02f2406e129bb6ed6ec4a6c6bcd5f80d7e7799a2ab087e81eda65d2fae69,"step=000300 mode=stand  vx= 0.000 vy= 0.000 vxy= 0.000 yaw= 0.000 speed=0.08 imu=xsens:live tilt_rp=[+0.8,-1.3]deg imu_corr=0.000 act_max= 0.000 tau_cmd= 5.820 tau_cmd_max= 13.834 cmds=12 bus=can0:12 tau_fb= 2.342 tau_fb_max= 5.076",,,,,,,,,,,,,,,,,,,,,,,,,,,,,,,,,,,,,,,,,,,,,,,,,0.0,0.0,0.0,0.0,0.0,0.0,0.0,0.0,0.0,0.0,0.0,0.0,0.0,0.0,0.0,0.0,0.0,0.0,0.0,0.0,0.0,0.0,0.0,0.0,0.013422741554677486,-0.011505207046866417,-0.011505207046866417,0.01380624808371067,0.4778496026992798,-0.47746607661247253,0.4778496026992798,-0.4766990840435028,1.5984567403793335,-1.5984567403793335,1.5980732440948486,-1.5988402366638184,-0.003662221133708954,-0.03707998991012573,0.028382213786244392,0.021057771518826485,-0.03250221163034439,-0.013733329251408577,-0.0709555372595787,0.06088442727923393,-0.05401776358485222,0.09887997061014175,-0.1185644119977951,0.06454664468765259,0.006247928366065025,-0.005880403332412243,-0.005880403332412243,0.00698297843337059,0.4752100706100464,-0.4766801595687866,0.4741075038909912,-0.4733724594116211,1.5774180889129639,-1.5788882970809937,1.5788882970809937,-1.5788882970809937,0.0,0.0,0.0,0.0,0.0,0.0,0.0,0.0,0.0,0.0,0.0,0.0
20260709_111233_260179,2026-07-09T11:12:42.022,8.762276,pose,305,stand,0.0,0.0,0.0,0.0,0.0,0.0,0.0,0.0,0.08,xsens:live,-0.021989921107888222,-0.013406557962298393,-0.9996683597564697,0.768347957867174,-1.260144427675044,0.0,0.0,6.161416530609131,15.596099853515625,12,can0:12,2.4869534969329834,5.713065147399902,,"BL_hip_joint,BR_hip_joint,FL_hip_joint,FR_hip_joint,BL_thigh_joint,BR_thigh_joint,FL_thigh_joint,FR_thigh_joint,BL_calf_joint,BR_calf_joint,FL_calf_joint,FR_calf_joint",330e02f2406e129bb6ed6ec4a6c6bcd5f80d7e7799a2ab087e81eda65d2fae69,"step=000305 mode=stand  vx= 0.000 vy= 0.000 vxy= 0.000 yaw= 0.000 speed=0.08 imu=xsens:live tilt_rp=[+0.8,-1.3]deg imu_corr=0.000 act_max= 0.000 tau_cmd= 6.161 tau_cmd_max= 15.596 cmds=12 bus=can0:12 tau_fb= 2.487 tau_fb_max= 5.713",,,,,,,,,,,,,,,,,,,,,,,,,,,,,,,,,,,,,,,,,,,,,,,,,0.0,0.0,0.0,0.0,0.0,0.0,0.0,0.0,0.0,0.0,0.0,0.0,0.0,0.0,0.0,0.0,0.0,0.0,0.0,0.0,0.0,0.0,0.0,0.0,0.013422741554677486,-0.011505207046866417,-0.011121700517833233,0.01380624808371067,0.4732475280761719,-0.4732475280761719,0.47248050570487976,-0.4720970094203949,1.579664945602417,-1.5819659233093262,1.5819659233093262,-1.5819659233093262,0.05401776358485222,-0.024262215942144394,0.08377330750226974,0.009613330475986004,0.01235999632626772,0.027466658502817154,-0.07507553696632385,0.09247108548879623,-0.143742173910141,0.010528885759413242,-0.08606220036745071,0.10986663401126862,0.0061758169904351234,-0.00581253319978714,-0.00581253319978714,0.006902383174747229,0.4697253704071045,-0.47117847204208374,0.4686354994773865,-0.46790891885757446,1.5592119693756104,-1.560665249824524,1.560665249824524,-1.560665249824524,0.0,0.0,0.0,0.0,0.0,0.0,0.0,0.0,0.0,0.0,0.0,0.0
20260709_111233_260179,2026-07-09T11:12:42.151,8.890780,pose,310,stand,0.0,0.0,0.0,0.0,0.0,0.0,0.0,0.0,0.08,xsens:live,-0.021915270015597343,-0.013558979146182537,-0.9996678829193115,0.7770827273829214,-1.2558684773516,0.0,0.0,5.522053241729736,12.392683029174805,12,can0:12,2.7936642169952393,6.280709266662598,,"BL_hip_joint,BR_hip_joint,FL_hip_joint,FR_hip_joint,BL_thigh_joint,BR_thigh_joint,FL_thigh_joint,FR_thigh_joint,BL_calf_joint,BR_calf_joint,FL_calf_joint,FR_calf_joint",330e02f2406e129bb6ed6ec4a6c6bcd5f80d7e7799a2ab087e81eda65d2fae69,"step=000310 mode=stand  vx= 0.000 vy= 0.000 vxy= 0.000 yaw= 0.000 speed=0.08 imu=xsens:live tilt_rp=[+0.8,-1.3]deg imu_corr=0.000 act_max= 0.000 tau_cmd= 5.522 tau_cmd_max= 12.393 cmds=12 bus=can0:12 tau_fb= 2.794 tau_fb_max= 6.281",,,,,,,,,,,,,,,,,,,,,,,,,,,,,,,,,,,,,,,,,,,,,,,,,0.0,0.0,0.0,0.0,0.0,0.0,0.0,0.0,0.0,0.0,0.0,0.0,0.0,0.0,0.0,0.0,0.0,0.0,0.0,0.0,0.0,0.0,0.0,0.0,0.013422741554677486,-0.011121700517833233,-0.011121700517833233,0.01380624808371067,0.4682619273662567,-0.46902894973754883,0.46519386768341064,-0.46519386768341064,1.56240713596344,-1.5627906322479248,1.56240713596344,-1.5635576248168945,-0.14007996022701263,-0.03387554734945297,0.004119998775422573,0.015106662176549435,-0.044862210750579834,0.031128879636526108,-0.05218665301799774,0.03433332219719887,-0.14740440249443054,0.13321329653263092,-0.12268441170454025,0.1345866322517395,0.0060963099822402,-0.005737703759223223,-0.005737703759223223,0.006813522893935442,0.46367818117141724,-0.4651125967502594,0.4626023471355438,-0.46188515424728394,1.539138913154602,-1.5405734777450562,1.5405734777450562,-1.5405734777450562,0.0,0.0,0.0,0.0,0.0,0.0,0.0,0.0,0.0,0.0,0.0,0.0
20260709_111233_260179,2026-07-09T11:12:42.272,9.012089,pose,315,stand,0.0,0.0,0.0,0.0,0.0,0.0,0.0,0.0,0.08,xsens:live,-0.021911336109042168,-0.013554020784795284,-0.9996680617332458,0.7767984531397969,-1.2556428899865852,0.0,0.0,5.35230827331543,12.469661712646484,12,can0:12,2.616351842880249,4.815820693969727,,"BL_hip_joint,BR_hip_joint,FL_hip_joint,FR_hip_joint,BL_thigh_joint,BR_thigh_joint,FL_thigh_joint,FR_thigh_joint,BL_calf_joint,BR_calf_joint,FL_calf_joint,FR_calf_joint",330e02f2406e129bb6ed6ec4a6c6bcd5f80d7e7799a2ab087e81eda65d2fae69,"step=000315 mode=stand  vx= 0.000 vy= 0.000 vxy= 0.000 yaw= 0.000 speed=0.08 imu=xsens:live tilt_rp=[+0.8,-1.3]deg imu_corr=0.000 act_max= 0.000 tau_cmd= 5.352 tau_cmd_max= 12.470 cmds=12 bus=can0:12 tau_fb= 2.616 tau_fb_max= 4.816",,,,,,,,,,,,,,,,,,,,,,,,,,,,,,,,,,,,,,,,,,,,,,,,,0.0,0.0,0.0,0.0,0.0,0.0,0.0,0.0,0.0,0.0,0.0,0.0,0.0,0.0,0.0,0.0,0.0,0.0,0.0,0.0,0.0,0.0,0.0,0.0,0.013039235025644302,-0.011121700517833233,-0.011121700517833233,0.013422741554677486,0.4609752893447876,-0.4636598527431488,0.4582907557487488,-0.4571402370929718,1.540547251701355,-1.5424647331237793,1.5420812368392944,-1.5424647331237793,0.008697775192558765,0.0631733164191246,0.0718710869550705,-0.03707998991012573,-0.027924437075853348,0.029755547642707825,0.0027466658502817154,0.026551103219389915,-0.16022217273712158,0.14877773821353912,-0.1670888364315033,0.15564440190792084,0.00600974028930068,-0.005656226072460413,-0.005656226072460413,0.006716768257319927,0.4570937752723694,-0.45850783586502075,0.45603322982788086,-0.4553261995315552,1.5172826051712036,-1.5186967849731445,1.5186967849731445,-1.5186967849731445,0.0,0.0,0.0,0.0,0.0,0.0,0.0,0.0,0.0,0.0,0.0,0.0
20260709_111233_260179,2026-07-09T11:12:42.401,9.141179,pose,320,stand,0.0,0.0,0.0,0.0,0.0,0.0,0.0,0.0,0.08,xsens:live,-0.021905068308115005,-0.01364370808005333,-0.9996669888496399,0.7819387509660989,-1.2552851714476863,0.0,0.0,6.697912216186523,13.92440128326416,12,can0:12,2.2690513134002686,4.823145389556885,,"BL_hip_joint,BR_hip_joint,FL_hip_joint,FR_hip_joint,BL_thigh_joint,BR_thigh_joint,FL_thigh_joint,FR_thigh_joint,BL_calf_joint,BR_calf_joint,FL_calf_joint,FR_calf_joint",330e02f2406e129bb6ed6ec4a6c6bcd5f80d7e7799a2ab087e81eda65d2fae69,"step=000320 mode=stand  vx= 0.000 vy= 0.000 vxy= 0.000 yaw= 0.000 speed=0.08 imu=xsens:live tilt_rp=[+0.8,-1.3]deg imu_corr=0.000 act_max= 0.000 tau_cmd= 6.698 tau_cmd_max= 13.924 cmds=12 bus=can0:12 tau_fb= 2.269 tau_fb_max= 4.823",,,,,,,,,,,,,,,,,,,,,,,,,,,,,,,,,,,,,,,,,,,,,,,,,0.0,0.0,0.0,0.0,0.0,0.0,0.0,0.0,0.0,0.0,0.0,0.0,0.0,0.0,0.0,0.0,0.0,0.0,0.0,0.0,0.0,0.0,0.0,0.0,0.013039235025644302,-0.011121700517833233,-0.011121700517833233,0.01380624808371067,0.45292165875434875,-0.4563732147216797,0.45215463638305664,-0.4506206214427948,1.5183038711547852,-1.5198378562927246,1.5198378562927246,-1.5198378562927246,-0.004119998775422573,0.05813775956630707,-0.01144444104284048,-0.03021332435309887,-0.10620441287755966,-0.04257332161068916,-0.028839992359280586,0.11215551942586899,-0.12909328937530518,0.1419110745191574,-0.14603106677532196,0.12817774713039398,0.00591643899679184,-0.005568413063883781,-0.005568413063883781,0.006612490396946669,0.4499973952770233,-0.45138949155807495,0.4489533007144928,-0.4482572376728058,1.4937267303466797,-1.4951189756393433,1.4951189756393433,-1.4951189756393433,0.0,0.0,0.0,0.0,0.0,0.0,0.0,0.0,0.0,0.0,0.0,0.0
20260709_111233_260179,2026-07-09T11:12:42.533,9.273072,pose,325,stand,0.0,0.0,0.0,0.0,0.0,0.0,0.0,0.0,0.08,xsens:live,-0.021933935582637787,-0.013880300335586071,-0.9996630549430847,0.7954995649489168,-1.256943845091088,0.0,0.0,6.804110050201416,16.99222183227539,12,can0:12,2.389599323272705,5.335855960845947,,"BL_hip_joint,BR_hip_joint,FL_hip_joint,FR_hip_joint,BL_thigh_joint,BR_thigh_joint,FL_thigh_joint,FR_thigh_joint,BL_calf_joint,BR_calf_joint,FL_calf_joint,FR_calf_joint",330e02f2406e129bb6ed6ec4a6c6bcd5f80d7e7799a2ab087e81eda65d2fae69,"step=000325 mode=stand  vx= 0.000 vy= 0.000 vxy= 0.000 yaw= 0.000 speed=0.08 imu=xsens:live tilt_rp=[+0.8,-1.3]deg imu_corr=0.000 act_max= 0.000 tau_cmd= 6.804 tau_cmd_max= 16.992 cmds=12 bus=can0:12 tau_fb= 2.390 tau_fb_max= 5.336",,,,,,,,,,,,,,,,,,,,,,,,,,,,,,,,,,,,,,,,,,,,,,,,,0.0,0.0,0.0,0.0,0.0,0.0,0.0,0.0,0.0,0.0,0.0,0.0,0.0,0.0,0.0,0.0,0.0,0.0,0.0,0.0,0.0,0.0,0.0,0.0,0.013422741554677486,-0.011121700517833233,-0.011121700517833233,0.013422741554677486,0.44640204310417175,-0.4471690356731415,0.4460185170173645,-0.4448679983615875,1.4941428899765015,-1.4941428899765015,1.4941428899765015,-1.4949098825454712,0.02471999265253544,0.040742211043834686,-0.016479995101690292,0.005493331700563431,-0.06958220154047012,0.11307107657194138,-0.05172887444496155,0.0714133158326149,-0.17120884358882904,0.13641773164272308,-0.08880886435508728,0.04852443188428879,0.005816738121211529,-0.005474576726555824,-0.005474576726555824,0.006501059979200363,0.44241422414779663,-0.44378286600112915,0.44138777256011963,-0.440703421831131,1.468555212020874,-1.4699238538742065,1.4699238538742065,-1.4699238538742065,0.0,0.0,0.0,0.0,0.0,0.0,0.0,0.0,0.0,0.0,0.0,0.0
20260709_111233_260179,2026-07-09T11:12:42.665,9.405319,pose,330,stand,0.0,0.0,0.0,0.0,0.0,0.0,0.0,0.0,0.08,xsens:live,-0.02203960157930851,-0.013980166055262089,-0.9996594190597534,0.8012251803263994,-1.2630017652846222,0.0,0.0,6.763843536376953,16.370655059814453,12,can0:12,2.542191743850708,5.4237494468688965,,"BL_hip_joint,BR_hip_joint,FL_hip_joint,FR_hip_joint,BL_thigh_joint,BR_thigh_joint,FL_thigh_joint,FR_thigh_joint,BL_calf_joint,BR_calf_joint,FL_calf_joint,FR_calf_joint",330e02f2406e129bb6ed6ec4a6c6bcd5f80d7e7799a2ab087e81eda65d2fae69,"step=000330 mode=stand  vx= 0.000 vy= 0.000 vxy= 0.000 yaw= 0.000 speed=0.08 imu=xsens:live tilt_rp=[+0.8,-1.3]deg imu_corr=0.000 act_max= 0.000 tau_cmd= 6.764 tau_cmd_max= 16.371 cmds=12 bus=can0:12 tau_fb= 2.542 tau_fb_max= 5.424",,,,,,,,,,,,,,,,,,,,,,,,,,,,,,,,,,,,,,,,,,,,,,,,,0.0,0.0,0.0,0.0,0.0,0.0,0.0,0.0,0.0,0.0,0.0,0.0,0.0,0.0,0.0,0.0,0.0,0.0,0.0,0.0,0.0,0.0,0.0,0.0,0.013039235025644302,-0.011121700517833233,-0.011121700517833233,0.013422741554677486,0.4402659237384796,-0.4394989013671875,0.43988242745399475,-0.43911540508270264,1.4684479236602783,-1.469214916229248,1.4688314199447632,-1.469598412513733,0.06958220154047012,0.010528885759413242,0.025177771225571632,-0.04577776417136192,-0.04257332161068916,0.02700888179242611,-0.016022218391299248,0.014648884534835815,-0.09933774918317795,0.20966215431690216,-0.2069154977798462,0.1506088376045227,0.0057109687477350235,-0.005375029519200325,-0.005375029519200325,0.0063828472048044205,0.4343695640563965,-0.4357133209705353,0.4333617687225342,-0.4326898753643036,1.4418516159057617,-1.4431954622268677,1.4431954622268677,-1.4431954622268677,0.0,0.0,0.0,0.0,0.0,0.0,0.0,0.0,0.0,0.0,0.0,0.0
20260709_111233_260179,2026-07-09T11:12:42.799,9.539490,pose,335,stand,0.0,0.0,0.0,0.0,0.0,0.0,0.0,0.0,0.08,xsens:live,-0.021998250856995583,-0.014013084582984447,-0.9996598362922668,0.8031112106629523,-1.260632359537739,0.0,0.0,6.199805736541748,15.265568733215332,12,can0:12,2.8833885192871094,5.716727256774902,,"BL_hip_joint,BR_hip_joint,FL_hip_joint,FR_hip_joint,BL_thigh_joint,BR_thigh_joint,FL_thigh_joint,FR_thigh_joint,BL_calf_joint,BR_calf_joint,FL_calf_joint,FR_calf_joint",330e02f2406e129bb6ed6ec4a6c6bcd5f80d7e7799a2ab087e81eda65d2fae69,"step=000335 mode=stand  vx= 0.000 vy= 0.000 vxy= 0.000 yaw= 0.000 speed=0.08 imu=xsens:live tilt_rp=[+0.8,-1.3]deg imu_corr=0.000 act_max= 0.000 tau_cmd= 6.200 tau_cmd_max= 15.266 cmds=12 bus=can0:12 tau_fb= 2.883 tau_fb_max= 5.717",,,,,,,,,,,,,,,,,,,,,,,,,,,,,,,,,,,,,,,,,,,,,,,,,0.0,0.0,0.0,0.0,0.0,0.0,0.0,0.0,0.0,0.0,0.0,0.0,0.0,0.0,0.0,0.0,0.0,0.0,0.0,0.0,0.0,0.0,0.0,0.0,0.013039235025644302,-0.010738193057477474,-0.011121700517833233,0.013422741554677486,0.4318287670612335,-0.4329792857170105,0.4291442334651947,-0.42876070737838745,1.4404518604278564,-1.4419859647750854,1.4416024684906006,-1.4419859647750854,-0.010986663401126862,-0.014648884534835815,0.04211554303765297,-0.03891110047698021,-0.08102664351463318,0.0631733164191246,-0.12176885455846786,0.048066653311252594,-0.17899106442928314,0.20325326919555664,-0.2069154977798462,0.13779106736183167,0.0055994633585214615,-0.00527008343487978,-0.00527008343487978,0.006258223671466112,0.4258885979652405,-0.4272060990333557,0.42490047216415405,-0.42424169182777405,1.413699746131897,-1.4150173664093018,1.4150173664093018,-1.4150173664093018,0.0,0.0,0.0,0.0,0.0,0.0,0.0,0.0,0.0,0.0,0.0,0.0
20260709_111233_260179,2026-07-09T11:12:42.932,9.672742,pose,340,stand,0.0,0.0,0.0,0.0,0.0,0.0,0.0,0.0,0.08,xsens:live,-0.021873438730835915,-0.01390005648136139,-0.9996641874313354,0.7966307693172885,-1.253476706793771,0.0,0.0,6.916052341461182,14.747066497802734,12,can0:12,2.7265233993530273,5.753349304199219,,"BL_hip_joint,BR_hip_joint,FL_hip_joint,FR_hip_joint,BL_thigh_joint,BR_thigh_joint,FL_thigh_joint,FR_thigh_joint,BL_calf_joint,BR_calf_joint,FL_calf_joint,FR_calf_joint",330e02f2406e129bb6ed6ec4a6c6bcd5f80d7e7799a2ab087e81eda65d2fae69,"step=000340 mode=stand  vx= 0.000 vy= 0.000 vxy= 0.000 yaw= 0.000 speed=0.08 imu=xsens:live tilt_rp=[+0.8,-1.3]deg imu_corr=0.000 act_max= 0.000 tau_cmd= 6.916 tau_cmd_max= 14.747 cmds=12 bus=can0:12 tau_fb= 2.727 tau_fb_max= 5.753",,,,,,,,,,,,,,,,,,,,,,,,,,,,,,,,,,,,,,,,,,,,,,,,,0.0,0.0,0.0,0.0,0.0,0.0,0.0,0.0,0.0,0.0,0.0,0.0,0.0,0.0,0.0,0.0,0.0,0.0,0.0,0.0,0.0,0.0,0.0,0.0,0.013039235025644302,-0.011121700517833233,-0.011121700517833233,0.013422741554677486,0.42147406935691833,-0.42492565512657166,0.4207070767879486,-0.4187895357608795,1.4116889238357544,-1.4132229089736938,1.4132229089736938,-1.4132229089736938,-0.0009155552834272385,0.002288888208568096,0.06546220183372498,0.09384441375732422,-0.10849329829216003,0.0869777500629425,0.0009155552834272385,0.0709555372595787,-0.1670888364315033,0.18448439240455627,-0.2059999406337738,0.16846217215061188,0.005482553504407406,-0.005160050466656685,-0.005160050466656685,0.006127559579908848,0.416996568441391,-0.4182865619659424,0.41602906584739685,-0.41538405418395996,1.384183406829834,-1.3854734897613525,1.3854734897613525,-1.3854734897613525,0.0,0.0,0.0,0.0,0.0,0.0,0.0,0.0,0.0,0.0,0.0,0.0
20260709_111233_260179,2026-07-09T11:12:43.061,9.801303,pose,345,stand,0.0,0.0,0.0,0.0,0.0,0.0,0.0,0.0,0.08,xsens:live,-0.021748263388872147,-0.01378310564905405,-0.9996684789657593,0.7899256234038085,-1.2463003437350548,0.0,0.0,7.386067867279053,16.189167022705078,12,can0:12,2.5012967586517334,5.647144794464111,,"BL_hip_joint,BR_hip_joint,FL_hip_joint,FR_hip_joint,BL_thigh_joint,BR_thigh_joint,FL_thigh_joint,FR_thigh_joint,BL_calf_joint,BR_calf_joint,FL_calf_joint,FR_calf_joint",330e02f2406e129bb6ed6ec4a6c6bcd5f80d7e7799a2ab087e81eda65d2fae69,"step=000345 mode=stand  vx= 0.000 vy= 0.000 vxy= 0.000 yaw= 0.000 speed=0.08 imu=xsens:live tilt_rp=[+0.8,-1.2]deg imu_corr=0.000 act_max= 0.000 tau_cmd= 7.386 tau_cmd_max= 16.189 cmds=12 bus=can0:12 tau_fb= 2.501 tau_fb_max= 5.647",,,,,,,,,,,,,,,,,,,,,,,,,,,,,,,,,,,,,,,,,,,,,,,,,0.0,0.0,0.0,0.0,0.0,0.0,0.0,0.0,0.0,0.0,0.0,0.0,0.0,0.0,0.0,0.0,0.0,0.0,0.0,0.0,0.0,0.0,0.0,0.0,0.012655727565288544,-0.010738193057477474,-0.011121700517833233,0.013039235025644302,0.41303694248199463,-0.41380393505096436,0.41303694248199463,-0.41188642382621765,1.3813918828964233,-1.3833093643188477,1.3833093643188477,-1.3833093643188477,-0.04440443217754364,-0.021057771518826485,-0.14007996022701263,0.0050355540588498116,-0.0636310949921608,0.1112399697303772,-0.051271095871925354,0.030671102926135063,-0.22385326027870178,0.17761772871017456,-0.16891995072364807,0.14740440249443054,0.00536057073622942,-0.005045243073254824,-0.005045243073254824,0.005991226062178612,0.4077187180519104,-0.40898001194000244,0.4067727327346802,-0.40614208579063416,1.353386402130127,-1.3546478748321533,1.3546478748321533,-1.3546478748321533,0.0,0.0,0.0,0.0,0.0,0.0,0.0,0.0,0.0,0.0,0.0,0.0
20260709_111233_260179,2026-07-09T11:12:43.194,9.934123,pose,350,stand,0.0,0.0,0.0,0.0,0.0,0.0,0.0,0.0,0.08,xsens:live,-0.02163519337773323,-0.013762375339865685,-0.999671220779419,0.7887355327574153,-1.239819411347394,0.0,0.0,6.299651622772217,15.38930606842041,12,can0:12,2.442396402359009,5.907162666320801,,"BL_hip_joint,BR_hip_joint,FL_hip_joint,FR_hip_joint,BL_thigh_joint,BR_thigh_joint,FL_thigh_joint,FR_thigh_joint,BL_calf_joint,BR_calf_joint,FL_calf_joint,FR_calf_joint",330e02f2406e129bb6ed6ec4a6c6bcd5f80d7e7799a2ab087e81eda65d2fae69,"step=000350 mode=stand  vx= 0.000 vy= 0.000 vxy= 0.000 yaw= 0.000 speed=0.08 imu=xsens:live tilt_rp=[+0.8,-1.2]deg imu_corr=0.000 act_max= 0.000 tau_cmd= 6.300 tau_cmd_max= 15.389 cmds=12 bus=can0:12 tau_fb= 2.442 tau_fb_max= 5.907",,,,,,,,,,,,,,,,,,,,,,,,,,,,,,,,,,,,,,,,,,,,,,,,,0.0,0.0,0.0,0.0,0.0,0.0,0.0,0.0,0.0,0.0,0.0,0.0,0.0,0.0,0.0,0.0,0.0,0.0,0.0,0.0,0.0,0.0,0.0,0.0,0.012655727565288544,-0.010738193057477474,-0.010738193057477474,0.013039235025644302,0.4049832820892334,-0.4049832820892334,0.4038327634334564,-0.4038327634334564,1.3503278493881226,-1.3510948419570923,1.3514783382415771,-1.3514783382415771,-0.10620441287755966,0.09887997061014175,-0.03479110077023506,-0.04669332131743431,-0.1345866322517395,0.0787377581000328,-0.07415997982025146,0.04028443247079849,-0.1753288358449936,0.17899106442928314,-0.19684438407421112,0.19501326978206635,0.0052338470704853535,-0.00492597371339798,-0.00492597371339798,0.005849593784660101,0.3980802595615387,-0.39931175112724304,0.39715665578842163,-0.39654088020324707,1.3213924169540405,-1.3226239681243896,1.3226239681243896,-1.3226239681243896,0.0,0.0,0.0,0.0,0.0,0.0,0.0,0.0,0.0,0.0,0.0,0.0
20260709_111233_260179,2026-07-09T11:12:43.327,10.067594,pose,355,stand,0.0,0.0,0.0,0.0,0.0,0.0,0.0,0.0,0.08,xsens:live,-0.021430404856801033,-0.01375278364866972,-0.9996758103370667,0.7881822745471981,-1.2280818411850392,0.0,0.0,7.2326178550720215,16.40167999267578,12,can0:12,2.938627243041992,5.819269180297852,,"BL_hip_joint,BR_hip_joint,FL_hip_joint,FR_hip_joint,BL_thigh_joint,BR_thigh_joint,FL_thigh_joint,FR_thigh_joint,BL_calf_joint,BR_calf_joint,FL_calf_joint,FR_calf_joint",330e02f2406e129bb6ed6ec4a6c6bcd5f80d7e7799a2ab087e81eda65d2fae69,"step=000355 mode=stand  vx= 0.000 vy= 0.000 vxy= 0.000 yaw= 0.000 speed=0.08 imu=xsens:live tilt_rp=[+0.8,-1.2]deg imu_corr=0.000 act_max= 0.000 tau_cmd= 7.233 tau_cmd_max= 16.402 cmds=12 bus=can0:12 tau_fb= 2.939 tau_fb_max= 5.819",,,,,,,,,,,,,,,,,,,,,,,,,,,,,,,,,,,,,,,,,,,,,,,,,0.0,0.0,0.0,0.0,0.0,0.0,0.0,0.0,0.0,0.0,0.0,0.0,0.0,0.0,0.0,0.0,0.0,0.0,0.0,0.0,0.0,0.0,0.0,0.0,0.012655727565288544,-0.010738193057477474,-0.010738193057477474,0.013039235025644302,0.39424508810043335,-0.3965461254119873,0.3919440507888794,-0.3911770284175873,1.317346215248108,-1.3184967041015625,1.3184967041015625,-1.3188802003860474,0.02288888208568096,0.01831110566854477,-0.05310220643877983,-0.023346660658717155,-0.05859553813934326,0.06546220183372498,-0.05264442786574364,0.06866664439439774,-0.18906216323375702,0.14877773821353912,-0.1753288358449936,0.1744132786989212,0.00510271405801177,-0.004802554380148649,-0.004802554380148649,0.005703033413738012,0.38810643553733826,-0.38930708169937134,0.38720595836639404,-0.3866056203842163,1.288285255432129,-1.2894859313964844,1.2894859313964844,-1.2894859313964844,0.0,0.0,0.0,0.0,0.0,0.0,0.0,0.0,0.0,0.0,0.0,0.0
20260709_111233_260179,2026-07-09T11:12:43.459,10.198893,pose,360,stand,0.0,0.0,0.0,0.0,0.0,0.0,0.0,0.0,0.08,xsens:live,-0.021303527057170868,-0.013757724314928055,-0.9996784329414368,0.7884633238335564,-1.220810040121594,0.0,0.0,6.795080661773682,16.762937545776367,12,can0:12,2.5885798931121826,5.5775628089904785,,"BL_hip_joint,BR_hip_joint,FL_hip_joint,FR_hip_joint,BL_thigh_joint,BR_thigh_joint,FL_thigh_joint,FR_thigh_joint,BL_calf_joint,BR_calf_joint,FL_calf_joint,FR_calf_joint",330e02f2406e129bb6ed6ec4a6c6bcd5f80d7e7799a2ab087e81eda65d2fae69,"step=000360 mode=stand  vx= 0.000 vy= 0.000 vxy= 0.000 yaw= 0.000 speed=0.08 imu=xsens:live tilt_rp=[+0.8,-1.2]deg imu_corr=0.000 act_max= 0.000 tau_cmd= 6.795 tau_cmd_max= 16.763 cmds=12 bus=can0:12 tau_fb= 2.589 tau_fb_max= 5.578",,,,,,,,,,,,,,,,,,,,,,,,,,,,,,,,,,,,,,,,,,,,,,,,,0.0,0.0,0.0,0.0,0.0,0.0,0.0,0.0,0.0,0.0,0.0,0.0,0.0,0.0,0.0,0.0,0.0,0.0,0.0,0.0,0.0,0.0,0.0,0.0,0.01227222103625536,-0.01035468652844429,-0.01035468652844429,0.013039235025644302,0.38389042019844055,-0.3861914575099945,0.3835068941116333,-0.38197287917137146,1.285131573677063,-1.2862821817398071,1.2858986854553223,-1.2862821817398071,0.012817773967981339,0.035248879343271255,0.08926664292812347,0.04898220673203468,-0.07370220124721527,0.09796441346406937,-0.10162663459777832,0.041657764464616776,-0.30671101808547974,0.1899777203798294,-0.17303994297981262,0.17944884300231934,0.0049675037153065205,-0.004675297532230616,-0.004675297532230616,0.005551915615797043,0.37782248854637146,-0.3789913058280945,0.3769458532333374,-0.3763614296913147,1.2541484832763672,-1.2553174495697021,1.2553174495697021,-1.2553174495697021,0.0,0.0,0.0,0.0,0.0,0.0,0.0,0.0,0.0,0.0,0.0,0.0
20260709_111233_260179,2026-07-09T11:12:43.593,10.333460,pose,365,stand,0.0,0.0,0.0,0.0,0.0,0.0,0.0,0.0,0.08,xsens:live,-0.021197227761149406,-0.01396415289491415,-0.999677836894989,0.8002928177326392,-1.2147210557627401,0.0,0.0,7.489292144775391,16.62091636657715,12,can0:12,2.3389384746551514,6.207464694976807,,"BL_hip_joint,BR_hip_joint,FL_hip_joint,FR_hip_joint,BL_thigh_joint,BR_thigh_joint,FL_thigh_joint,FR_thigh_joint,BL_calf_joint,BR_calf_joint,FL_calf_joint,FR_calf_joint",330e02f2406e129bb6ed6ec4a6c6bcd5f80d7e7799a2ab087e81eda65d2fae69,"step=000365 mode=stand  vx= 0.000 vy= 0.000 vxy= 0.000 yaw= 0.000 speed=0.08 imu=xsens:live tilt_rp=[+0.8,-1.2]deg imu_corr=0.000 act_max= 0.000 tau_cmd= 7.489 tau_cmd_max= 16.621 cmds=12 bus=can0:12 tau_fb= 2.339 tau_fb_max= 6.207",,,,,,,,,,,,,,,,,,,,,,,,,,,,,,,,,,,,,,,,,,,,,,,,,0.0,0.0,0.0,0.0,0.0,0.0,0.0,0.0,0.0,0.0,0.0,0.0,0.0,0.0,0.0,0.0,0.0,0.0,0.0,0.0,0.0,0.0,0.0,0.0,0.01227222103625536,-0.01035468652844429,-0.01035468652844429,0.012655727565288544,0.3743027448654175,-0.3743027448654175,0.37468624114990234,-0.37391921877861023,1.2498489618301392,-1.2509994506835938,1.2509994506835938,-1.2509994506835938,0.00045777764171361923,0.022431105375289917,0.00595110934227705,-0.02929776906967163,-0.03479110077023506,0.04623554274439812,-0.04898220673203468,0.012817773967981339,-0.20325326919555664,0.17990660667419434,-0.2302621603012085,0.21195104718208313,0.00482854712754488,-0.004544515162706375,-0.004544515162706375,0.0053966110572218895,0.3672536015510559,-0.36838972568511963,0.3664015233516693,-0.36583346128463745,1.2190661430358887,-1.2202022075653076,1.2202022075653076,-1.2202022075653076,0.0,0.0,0.0,0.0,0.0,0.0,0.0,0.0,0.0,0.0,0.0,0.0
20260709_111233_260179,2026-07-09T11:12:43.720,10.460400,pose,370,stand,0.0,0.0,0.0,0.0,0.0,0.0,0.0,0.0,0.08,xsens:live,-0.02086978405714035,-0.01409077923744917,-0.9996829032897949,0.8075447900098761,-1.1959561126256395,0.0,0.0,7.08607816696167,21.332447052001953,12,can0:12,3.143406629562378,6.705526828765869,,"BL_hip_joint,BR_hip_joint,FL_hip_joint,FR_hip_joint,BL_thigh_joint,BR_thigh_joint,FL_thigh_joint,FR_thigh_joint,BL_calf_joint,BR_calf_joint,FL_calf_joint,FR_calf_joint",330e02f2406e129bb6ed6ec4a6c6bcd5f80d7e7799a2ab087e81eda65d2fae69,"step=000370 mode=stand  vx= 0.000 vy= 0.000 vxy= 0.000 yaw= 0.000 speed=0.08 imu=xsens:live tilt_rp=[+0.8,-1.2]deg imu_corr=0.000 act_max= 0.000 tau_cmd= 7.086 tau_cmd_max= 21.332 cmds=12 bus=can0:12 tau_fb= 3.143 tau_fb_max= 6.706",,,,,,,,,,,,,,,,,,,,,,,,,,,,,,,,,,,,,,,,,,,,,,,,,0.0,0.0,0.0,0.0,0.0,0.0,0.0,0.0,0.0,0.0,0.0,0.0,0.0,0.0,0.0,0.0,0.0,0.0,0.0,0.0,0.0,0.0,0.0,0.0,0.009971179068088531,-0.01035468652844429,-0.01035468652844429,0.012655727565288544,0.36548206210136414,-0.36548206210136414,0.36164700984954834,-0.3612635135650635,1.2191684246063232,-1.215333342552185,1.215333342552185,-1.215333342552185,-0.04577776417136192,0.021973326802253723,0.08514664322137833,-0.06683553755283356,-0.08560442179441452,-0.013733329251408577,-0.125888854265213,0.09842219203710556,-0.1583910584449768,0.19638660550117493,-0.2449110448360443,0.24445326626300812,0.004686176776885986,-0.004410519264638424,-0.004410519264638424,0.005237491801381111,0.35642510652542114,-0.3575277030467987,0.355598121881485,-0.355046808719635,1.183121681213379,-1.1842243671417236,1.1842243671417236,-1.1842243671417236,0.0,0.0,0.0,0.0,0.0,0.0,0.0,0.0,0.0,0.0,0.0,0.0
20260709_111233_260179,2026-07-09T11:12:43.854,10.593974,pose,375,stand,0.0,0.0,0.0,0.0,0.0,0.0,0.0,0.0,0.08,xsens:live,-0.01827552728354931,-0.014036356471478939,-0.9997344613075256,0.8043847431355012,-1.0472720578910122,0.0,0.0,8.2342529296875,30.3535099029541,12,can0:12,4.180730819702148,13.57219123840332,,"BL_hip_joint,BR_hip_joint,FL_hip_joint,FR_hip_joint,BL_thigh_joint,BR_thigh_joint,FL_thigh_joint,FR_thigh_joint,BL_calf_joint,BR_calf_joint,FL_calf_joint,FR_calf_joint",330e02f2406e129bb6ed6ec4a6c6bcd5f80d7e7799a2ab087e81eda65d2fae69,"step=000375 mode=stand  vx= 0.000 vy= 0.000 vxy= 0.000 yaw= 0.000 speed=0.08 imu=xsens:live tilt_rp=[+0.8,-1.0]deg imu_corr=0.000 act_max= 0.000 tau_cmd= 8.234 tau_cmd_max= 30.354 cmds=12 bus=can0:12 tau_fb= 4.181 tau_fb_max= 13.572",,,,,,,,,,,,,,,,,,,,,,,,,,,,,,,,,,,,,,,,,,,,,,,,,0.0,0.0,0.0,0.0,0.0,0.0,0.0,0.0,0.0,0.0,0.0,0.0,0.0,0.0,0.0,0.0,0.0,0.0,0.0,0.0,0.0,0.0,0.0,0.0,0.005369096528738737,-0.01035468652844429,-0.009971179068088531,0.012655727565288544,0.3463067412376404,-0.35397687554359436,0.3509088158607483,-0.34937480092048645,1.1930899620056152,-1.178133249282837,1.178133249282837,-1.1785167455673218,-0.06454664468765259,-0.009155552834272385,0.1753288358449936,-0.04577776417136192,-0.1835688352584839,0.09018219262361526,-0.005493331700563431,0.061342205852270126,-0.12955106794834137,0.19226661324501038,-0.20096439123153687,0.2623066008090973,0.0045407237485051155,-0.0042736222967505455,-0.0042736222967505455,0.0050749266520142555,0.34536212682724,-0.3464305102825165,0.34456080198287964,-0.3440265953540802,1.1463991403579712,-1.1474676132202148,1.1474676132202148,-1.1474676132202148,0.0,0.0,0.0,0.0,0.0,0.0,0.0,0.0,0.0,0.0,0.0,0.0
20260709_111233_260179,2026-07-09T11:12:43.984,10.724446,pose,380,stand,0.0,0.0,0.0,0.0,0.0,0.0,0.0,0.0,0.08,xsens:live,-0.015168816782534122,-0.01329351868480444,-0.9997966289520264,0.7617725581064224,-0.8692192793225363,0.0,0.0,10.129651069641113,38.61895751953125,12,can0:12,5.54734992980957,23.7971134185791,,"BL_hip_joint,BR_hip_joint,FL_hip_joint,FR_hip_joint,BL_thigh_joint,BR_thigh_joint,FL_thigh_joint,FR_thigh_joint,BL_calf_joint,BR_calf_joint,FL_calf_joint,FR_calf_joint",330e02f2406e129bb6ed6ec4a6c6bcd5f80d7e7799a2ab087e81eda65d2fae69,"step=000380 mode=stand  vx= 0.000 vy= 0.000 vxy= 0.000 yaw= 0.000 speed=0.08 imu=xsens:live tilt_rp=[+0.8,-0.9]deg imu_corr=0.000 act_max= 0.000 tau_cmd= 10.130 tau_cmd_max= 38.619 cmds=12 bus=can0:12 tau_fb= 5.547 tau_fb_max= 23.797",,,,,,,,,,,,,,,,,,,,,,,,,,,,,,,,,,,,,,,,,,,,,,,,,0.0,0.0,0.0,0.0,0.0,0.0,0.0,0.0,0.0,0.0,0.0,0.0,0.0,0.0,0.0,0.0,0.0,0.0,0.0,0.0,0.0,0.0,0.0,0.0,-0.002301041502505541,-0.009971179068088531,-0.009971179068088531,0.01227222103625536,0.32521384954452515,-0.3413211405277252,0.34208816289901733,-0.3413211405277252,1.1666280031204224,-1.1409330368041992,1.1405495405197144,-1.1409330368041992,-0.04303110018372536,-0.06912442296743393,-0.03387554734945297,-0.0068666646257042885,-0.14603106677532196,0.07782220095396042,-0.03662221133708954,0.08148442208766937,-0.12817774713039398,0.24765770137310028,-0.2636799216270447,0.18402661383152008,0.004392520524561405,-0.004134137183427811,-0.004134137183427811,0.004909287206828594,0.3340899348258972,-0.3351234793663025,0.33331477642059326,-0.3327980041503906,1.1089822053909302,-1.1100157499313354,1.1100157499313354,-1.1100157499313354,0.0,0.0,0.0,0.0,0.0,0.0,0.0,0.0,0.0,0.0,0.0,0.0
20260709_111233_260179,2026-07-09T11:12:44.116,10.856208,pose,385,stand,0.0,0.0,0.0,0.0,0.0,0.0,0.0,0.0,0.08,xsens:live,-0.012321037240326405,-0.013273218646645546,-0.9998360276222229,0.7605794519290885,-0.7060234703685572,0.0,0.0,10.521102905273438,44.132080078125,12,can0:12,6.300546646118164,27.74864959716797,,"BL_hip_joint,BR_hip_joint,FL_hip_joint,FR_hip_joint,BL_thigh_joint,BR_thigh_joint,FL_thigh_joint,FR_thigh_joint,BL_calf_joint,BR_calf_joint,FL_calf_joint,FR_calf_joint",330e02f2406e129bb6ed6ec4a6c6bcd5f80d7e7799a2ab087e81eda65d2fae69,"step=000385 mode=stand  vx= 0.000 vy= 0.000 vxy= 0.000 yaw= 0.000 speed=0.08 imu=xsens:live tilt_rp=[+0.8,-0.7]deg imu_corr=0.000 act_max= 0.000 tau_cmd= 10.521 tau_cmd_max= 44.132 cmds=12 bus=can0:12 tau_fb= 6.301 tau_fb_max= 27.749",,,,,,,,,,,,,,,,,,,,,,,,,,,,,,,,,,,,,,,,,,,,,,,,,0.0,0.0,0.0,0.0,0.0,0.0,0.0,0.0,0.0,0.0,0.0,0.0,0.0,0.0,0.0,0.0,0.0,0.0,0.0,0.0,0.0,0.0,0.0,0.0,-0.00843715202063322,-0.009587672539055347,-0.009971179068088531,0.01227222103625536,0.3079560399055481,-0.33250048756599426,0.32904893159866333,-0.3286654055118561,1.1386319398880005,-1.1044998168945312,1.1037328243255615,-1.1041163206100464,0.08880886435508728,0.016479995101690292,0.015106662176549435,-0.0196844395250082,-0.1835688352584839,0.14603106677532196,-0.07324442267417908,0.09384441375732422,-0.18402661383152008,0.20187993347644806,-0.23667104542255402,0.25635549426078796,0.004241897724568844,-0.003992374520748854,-0.003992374520748854,0.0047409445978701115,0.3226337730884552,-0.3236318528652191,0.32188519835472107,-0.3213861584663391,1.070954442024231,-1.0719525814056396,1.0719525814056396,-1.0719525814056396,0.0,0.0,0.0,0.0,0.0,0.0,0.0,0.0,0.0,0.0,0.0,0.0
20260709_111233_260179,2026-07-09T11:12:44.241,10.981755,pose,390,stand,0.0,0.0,0.0,0.0,0.0,0.0,0.0,0.0,0.08,xsens:live,-0.010195145383477211,-0.015064926818013191,-0.9998345971107483,0.8632341956779558,-0.5842151887868843,0.0,0.0,11.784646034240723,44.20388412475586,12,can0:12,7.607349395751953,30.85787582397461,,"BL_hip_joint,BR_hip_joint,FL_hip_joint,FR_hip_joint,BL_thigh_joint,BR_thigh_joint,FL_thigh_joint,FR_thigh_joint,BL_calf_joint,BR_calf_joint,FL_calf_joint,FR_calf_joint",330e02f2406e129bb6ed6ec4a6c6bcd5f80d7e7799a2ab087e81eda65d2fae69,"step=000390 mode=stand  vx= 0.000 vy= 0.000 vxy= 0.000 yaw= 0.000 speed=0.08 imu=xsens:live tilt_rp=[+0.9,-0.6]deg imu_corr=0.000 act_max= 0.000 tau_cmd= 11.785 tau_cmd_max= 44.204 cmds=12 bus=can0:12 tau_fb= 7.607 tau_fb_max= 30.858",,,,,,,,,,,,,,,,,,,,,,,,,,,,,,,,,,,,,,,,,,,,,,,,,0.0,0.0,0.0,0.0,0.0,0.0,0.0,0.0,0.0,0.0,0.0,0.0,0.0,0.0,0.0,0.0,0.0,0.0,0.0,0.0,0.0,0.0,0.0,0.0,-0.008820658549666405,-0.007286631036549807,-0.009587672539055347,0.011888713575899601,0.28954771161079407,-0.3209952712059021,0.31792721152305603,-0.3160097002983093,1.1037328243255615,-1.0734357833862305,1.0649986267089844,-1.065765619277954,-0.018768884241580963,0.06179998070001602,-0.07461775839328766,-0.025177771225571632,-0.08377330750226974,0.158848837018013,-0.024262215942144394,0.095675528049469,-0.25818657875061035,0.08423108607530594,-0.2682577073574066,0.24216437339782715,0.004089188762009144,-0.00384864816442132,-0.00384864816442132,0.004570269491523504,0.3110188841819763,-0.3119810223579407,0.31029725074768066,-0.3098161816596985,1.0323998928070068,-1.0333620309829712,1.0333620309829712,-1.0333620309829712,0.0,0.0,0.0,0.0,0.0,0.0,0.0,0.0,0.0,0.0,0.0,0.0
20260709_111233_260179,2026-07-09T11:12:44.372,11.112354,pose,395,stand,0.0,0.0,0.0,0.0,0.0,0.0,0.0,0.0,0.08,xsens:live,-0.002312995260581374,-0.01881895400583744,-0.9998202323913574,1.0783131783453663,-0.13254845796648476,0.0,0.0,12.082099914550781,48.142330169677734,12,can0:12,7.972044467926025,32.54981994628906,,"BL_hip_joint,BR_hip_joint,FL_hip_joint,FR_hip_joint,BL_thigh_joint,BR_thigh_joint,FL_thigh_joint,FR_thigh_joint,BL_calf_joint,BR_calf_joint,FL_calf_joint,FR_calf_joint",330e02f2406e129bb6ed6ec4a6c6bcd5f80d7e7799a2ab087e81eda65d2fae69,"step=000395 mode=stand  vx= 0.000 vy= 0.000 vxy= 0.000 yaw= 0.000 speed=0.08 imu=xsens:live tilt_rp=[+1.1,-0.1]deg imu_corr=0.000 act_max= 0.000 tau_cmd= 12.082 tau_cmd_max= 48.142 cmds=12 bus=can0:12 tau_fb= 7.972 tau_fb_max= 32.550",,,,,,,,,,,,,,,,,,,,,,,,,,,,,,,,,,,,,,,,,,,,,,,,,0.0,0.0,0.0,0.0,0.0,0.0,0.0,0.0,0.0,0.0,0.0,0.0,0.0,0.0,0.0,0.0,0.0,0.0,0.0,0.0,0.0,0.0,0.0,0.0,-0.00843715202063322,-0.005369096528738737,-0.009587672539055347,0.011888713575899601,0.272289901971817,-0.3002859055995941,0.3079560399055481,-0.3068055212497711,1.0692172050476074,-1.041221261024475,1.0262644290924072,-1.027031421661377,-0.0398266538977623,0.00045777764171361923,0.02929776906967163,-0.0,-0.1419110745191574,0.12863551080226898,-0.0787377581000328,0.09292886406183243,-0.24216437339782715,0.2851954698562622,-0.3401287794113159,0.31266212463378906,0.003934723790735006,-0.0037032694090157747,-0.0037032694090157747,0.004397632088512182,0.2992704510688782,-0.30019626021385193,0.29857608675956726,-0.2981131672859192,0.9934019446372986,-0.9943278431892395,0.9943278431892395,-0.9943278431892395,0.0,0.0,0.0,0.0,0.0,0.0,0.0,0.0,0.0,0.0,0.0,0.0
20260709_111233_260179,2026-07-09T11:12:44.505,11.245321,pose,400,stand,0.0,0.0,0.0,0.0,0.0,0.0,0.0,0.0,0.08,xsens:live,0.009964155033230782,-0.01946312189102173,-0.9997609853744507,1.1152804617901393,0.5710216104740572,0.0,0.0,11.244112968444824,41.82332229614258,12,can0:12,6.452833652496338,23.445539474487305,,"BL_hip_joint,BR_hip_joint,FL_hip_joint,FR_hip_joint,BL_thigh_joint,BR_thigh_joint,FL_thigh_joint,FR_thigh_joint,BL_calf_joint,BR_calf_joint,FL_calf_joint,FR_calf_joint",330e02f2406e129bb6ed6ec4a6c6bcd5f80d7e7799a2ab087e81eda65d2fae69,"step=000400 mode=stand  vx= 0.000 vy= 0.000 vxy= 0.000 yaw= 0.000 speed=0.08 imu=xsens:live tilt_rp=[+1.1,+0.6]deg imu_corr=0.000 act_max= 0.000 tau_cmd= 11.244 tau_cmd_max= 41.823 cmds=12 bus=can0:12 tau_fb= 6.453 tau_fb_max= 23.446",,,,,,,,,,,,,,,,,,,,,,,,,,,,,,,,,,,,,,,,,,,,,,,,,0.0,0.0,0.0,0.0,0.0,0.0,0.0,0.0,0.0,0.0,0.0,0.0,0.0,0.0,0.0,0.0,0.0,0.0,0.0,0.0,0.0,0.0,0.0,0.0,-0.00843715202063322,-0.00613611051812768,-0.009204166010022163,0.011505207046866417,0.26193520426750183,-0.28686314821243286,0.294149786233902,-0.292999267578125,1.0247304439544678,-1.000569462776184,0.9867632389068604,-0.9867632389068604,0.0027466658502817154,-0.02151555009186268,0.028382213786244392,-0.010071108117699623,-0.03387554734945297,0.021973326802253723,-0.07003998011350632,0.09750663489103317,-0.3108310103416443,0.24903103709220886,-0.22385326027870178,0.24262215197086334,0.003778835292905569,-0.0035565507132560015,-0.0035565507132560015,0.004223403986543417,0.2874137759208679,-0.2883028984069824,0.28674691915512085,-0.2863023281097412,0.9540446996688843,-0.9549338817596436,0.9549338817596436,-0.9549338817596436,0.0,0.0,0.0,0.0,0.0,0.0,0.0,0.0,0.0,0.0,0.0,0.0
20260709_111233_260179,2026-07-09T11:12:44.638,11.378650,pose,405,stand,0.0,0.0,0.0,0.0,0.0,0.0,0.0,0.0,0.08,xsens:live,0.02312636934220791,-0.021020377054810524,-0.9995115995407104,1.2047897951621906,1.3254543324306225,0.0,0.0,12.044535636901855,33.922489166259766,12,can0:12,7.062593460083008,23.017059326171875,,"BL_hip_joint,BR_hip_joint,FL_hip_joint,FR_hip_joint,BL_thigh_joint,BR_thigh_joint,FL_thigh_joint,FR_thigh_joint,BL_calf_joint,BR_calf_joint,FL_calf_joint,FR_calf_joint",330e02f2406e129bb6ed6ec4a6c6bcd5f80d7e7799a2ab087e81eda65d2fae69,"step=000405 mode=stand  vx= 0.000 vy= 0.000 vxy= 0.000 yaw= 0.000 speed=0.08 imu=xsens:live tilt_rp=[+1.2,+1.3]deg imu_corr=0.000 act_max= 0.000 tau_cmd= 12.045 tau_cmd_max= 33.922 cmds=12 bus=can0:12 tau_fb= 7.063 tau_fb_max= 23.017",,,,,,,,,,,,,,,,,,,,,,,,,,,,,,,,,,,,,,,,,,,,,,,,,0.0,0.0,0.0,0.0,0.0,0.0,0.0,0.0,0.0,0.0,0.0,0.0,0.0,0.0,0.0,0.0,0.0,0.0,0.0,0.0,0.0,0.0,0.0,0.0,-0.007670138031244278,-0.0057526035234332085,-0.004602083005011082,0.01035468652844429,0.2600176930427551,-0.2826445996761322,0.28954771161079407,-0.28341159224510193,0.9764085412025452,-0.9583837389945984,0.9545486569404602,-0.9491795897483826,0.029755547642707825,-0.014648884534835815,0.05722220614552498,0.007324442267417908,-0.013733329251408577,0.016479995101690292,0.015564439818263054,-0.0196844395250082,-0.3492843508720398,0.28290659189224243,-0.06729331612586975,0.10483107715845108,0.003621854819357395,-0.0034088045358657837,-0.0034088045358657837,0.004047955386340618,0.27547401189804077,-0.2763262093067169,0.27483487129211426,-0.274408757686615,0.9144117832183838,-0.9152640104293823,0.9152640104293823,-0.9152640104293823,0.0,0.0,0.0,0.0,0.0,0.0,0.0,0.0,0.0,0.0,0.0,0.0
20260709_111233_260179,2026-07-09T11:12:44.771,11.511125,pose,410,stand,0.0,0.0,0.0,0.0,0.0,0.0,0.0,0.0,0.08,xsens:live,0.03087398037314415,-0.02762106992304325,-0.9991415739059448,1.5835271059841503,1.7699054057021721,0.0,0.0,14.353327751159668,33.603797912597656,12,can0:12,7.942746639251709,17.596973419189453,,"BL_hip_joint,BR_hip_joint,FL_hip_joint,FR_hip_joint,BL_thigh_joint,BR_thigh_joint,FL_thigh_joint,FR_thigh_joint,BL_calf_joint,BR_calf_joint,FL_calf_joint,FR_calf_joint",330e02f2406e129bb6ed6ec4a6c6bcd5f80d7e7799a2ab087e81eda65d2fae69,"step=000410 mode=stand  vx= 0.000 vy= 0.000 vxy= 0.000 yaw= 0.000 speed=0.08 imu=xsens:live tilt_rp=[+1.6,+1.8]deg imu_corr=0.000 act_max= 0.000 tau_cmd= 14.353 tau_cmd_max= 33.604 cmds=12 bus=can0:12 tau_fb= 7.943 tau_fb_max= 17.597",,,,,,,,,,,,,,,,,,,,,,,,,,,,,,,,,,,,,,,,,,,,,,,,,0.0,0.0,0.0,0.0,0.0,0.0,0.0,0.0,0.0,0.0,0.0,0.0,0.0,0.0,0.0,0.0,0.0,0.0,0.0,0.0,0.0,0.0,0.0,0.0,-0.006519617512822151,-0.0057526035234332085,-0.00153402762953192,0.002301041502505541,0.2573331296443939,-0.2761249542236328,0.29146525263786316,-0.2883971929550171,0.9319217801094055,-0.9177320003509521,0.9250186681747437,-0.9284701943397522,-0.08148442208766937,0.0027466658502817154,-0.004119998775422573,0.0009155552834272385,-0.03891110047698021,0.03570665791630745,0.08926664292812347,0.025177771225571632,-0.3030487895011902,0.251777708530426,-0.18082216382026672,0.17212440073490143,0.0034641141537576914,-0.003260342637076974,-0.003260342637076974,0.0038716569542884827,0.2634764313697815,-0.26429152488708496,0.2628651261329651,-0.26245757937431335,0.8745868802070618,-0.87540203332901,0.87540203332901,-0.87540203332901,0.0,0.0,0.0,0.0,0.0,0.0,0.0,0.0,0.0,0.0,0.0,0.0
20260709_111233_260179,2026-07-09T11:12:44.903,11.643361,pose,415,stand,0.0,0.0,0.0,0.0,0.0,0.0,0.0,0.0,0.08,xsens:live,0.03071095235645771,-0.029050398617982864,-0.9991061091423035,1.6654851672229563,1.7606278888620708,0.0,0.0,13.983351707458496,34.92018508911133,12,can0:12,7.742240905761719,19.14975357055664,,"BL_hip_joint,BR_hip_joint,FL_hip_joint,FR_hip_joint,BL_thigh_joint,BR_thigh_joint,FL_thigh_joint,FR_thigh_joint,BL_calf_joint,BR_calf_joint,FL_calf_joint,FR_calf_joint",330e02f2406e129bb6ed6ec4a6c6bcd5f80d7e7799a2ab087e81eda65d2fae69,"step=000415 mode=stand  vx= 0.000 vy= 0.000 vxy= 0.000 yaw= 0.000 speed=0.08 imu=xsens:live tilt_rp=[+1.7,+1.8]deg imu_corr=0.000 act_max= 0.000 tau_cmd= 13.983 tau_cmd_max= 34.920 cmds=12 bus=can0:12 tau_fb= 7.742 tau_fb_max= 19.150",,,,,,,,,,,,,,,,,,,,,,,,,,,,,,,,,,,,,,,,,,,,,,,,,0.0,0.0,0.0,0.0,0.0,0.0,0.0,0.0,0.0,0.0,0.0,0.0,0.0,0.0,0.0,0.0,0.0,0.0,0.0,0.0,0.0,0.0,0.0,0.0,-0.0057526035234332085,-0.004985589534044266,-0.00038350690738298,0.0019175345078110695,0.2500464916229248,-0.2688383460044861,0.2845621109008789,-0.28302809596061707,0.8882020115852356,-0.878997802734375,0.8839834332466125,-0.8928040862083435,-0.03570665791630745,-0.01739555038511753,0.032959990203380585,0.008697775192558765,-0.02151555009186268,0.0553910955786705,-0.1263466328382492,0.08239997923374176,-0.19730216264724731,0.20966215431690216,-0.2632221579551697,0.22522659599781036,0.0033059450797736645,-0.0031114777084439993,-0.0031114777084439993,0.003694879589602351,0.25144630670547485,-0.2522241473197937,0.25086289644241333,-0.2504739463329315,0.8346538543701172,-0.8354317545890808,0.8354317545890808,-0.8354317545890808,0.0,0.0,0.0,0.0,0.0,0.0,0.0,0.0,0.0,0.0,0.0,0.0
20260709_111233_260179,2026-07-09T11:12:45.031,11.771722,pose,420,stand,0.0,0.0,0.0,0.0,0.0,0.0,0.0,0.0,0.08,xsens:live,0.029492642730474472,-0.030096720904111862,-0.9991118311882019,1.725426246813084,1.690815129902893,0.0,0.0,13.559372901916504,33.33952713012695,12,can0:12,8.053224563598633,19.171728134155273,,"BL_hip_joint,BR_hip_joint,FL_hip_joint,FR_hip_joint,BL_thigh_joint,BR_thigh_joint,FL_thigh_joint,FR_thigh_joint,BL_calf_joint,BR_calf_joint,FL_calf_joint,FR_calf_joint",330e02f2406e129bb6ed6ec4a6c6bcd5f80d7e7799a2ab087e81eda65d2fae69,"step=000420 mode=stand  vx= 0.000 vy= 0.000 vxy= 0.000 yaw= 0.000 speed=0.08 imu=xsens:live tilt_rp=[+1.7,+1.7]deg imu_corr=0.000 act_max= 0.000 tau_cmd= 13.559 tau_cmd_max= 33.340 cmds=12 bus=can0:12 tau_fb= 8.053 tau_fb_max= 19.172",,,,,,,,,,,,,,,,,,,,,,,,,,,,,,,,,,,,,,,,,,,,,,,,,0.0,0.0,0.0,0.0,0.0,0.0,0.0,0.0,0.0,0.0,0.0,0.0,0.0,0.0,0.0,0.0,0.0,0.0,0.0,0.0,0.0,0.0,0.0,0.0,-0.005369096528738737,-0.0026845482643693686,-0.00153402762953192,0.0011505207512527704,0.23624025285243988,-0.25618261098861694,0.26807132363319397,-0.26730430126190186,0.8498513102531433,-0.844098687171936,0.844098687171936,-0.852919340133667,-0.043946653604507446,0.06546220183372498,0.010528885759413242,0.024262215942144394,-0.13870662450790405,0.1501510739326477,-0.08926664292812347,0.14419995248317719,-0.2229377180337906,0.2549821436405182,-0.2700888216495514,0.2920621335506439,0.003147679613903165,-0.0029625219758599997,-0.0029625219758599997,0.0035179946571588516,0.23940879106521606,-0.24014943838119507,0.2388533353805542,-0.2384830117225647,0.7946964502334595,-0.7954371571540833,0.7954371571540833,-0.7954371571540833,0.0,0.0,0.0,0.0,0.0,0.0,0.0,0.0,0.0,0.0,0.0,0.0
20260709_111233_260179,2026-07-09T11:12:45.164,11.904559,pose,425,stand,0.0,0.0,0.0,0.0,0.0,0.0,0.0,0.0,0.08,xsens:live,0.02777007408440113,-0.03046853095293045,-0.9991499185562134,1.7466622171485717,1.5920519004520184,0.0,0.0,13.873661994934082,33.6488151550293,12,can0:12,8.242744445800781,18.87874984741211,,"BL_hip_joint,BR_hip_joint,FL_hip_joint,FR_hip_joint,BL_thigh_joint,BR_thigh_joint,FL_thigh_joint,FR_thigh_joint,BL_calf_joint,BR_calf_joint,FL_calf_joint,FR_calf_joint",330e02f2406e129bb6ed6ec4a6c6bcd5f80d7e7799a2ab087e81eda65d2fae69,"step=000425 mode=stand  vx= 0.000 vy= 0.000 vxy= 0.000 yaw= 0.000 speed=0.08 imu=xsens:live tilt_rp=[+1.7,+1.6]deg imu_corr=0.000 act_max= 0.000 tau_cmd= 13.874 tau_cmd_max= 33.649 cmds=12 bus=can0:12 tau_fb= 8.243 tau_fb_max= 18.879",,,,,,,,,,,,,,,,,,,,,,,,,,,,,,,,,,,,,,,,,,,,,,,,,0.0,0.0,0.0,0.0,0.0,0.0,0.0,0.0,0.0,0.0,0.0,0.0,0.0,0.0,0.0,0.0,0.0,0.0,0.0,0.0,0.0,0.0,0.0,0.0,-0.005369096528738737,-0.00153402762953192,-0.0019175345078110695,0.0011505207512527704,0.2201329618692398,-0.24045883119106293,0.2500464916229248,-0.24966299533843994,0.8103500604629517,-0.8057479858398438,0.8026799559593201,-0.8126510977745056,-0.056764427572488785,-0.0009155552834272385,-0.08423108607530594,-0.018768884241580963,-0.09979552775621414,-0.002288888208568096,-0.1263466328382492,0.03799554333090782,-0.3039643466472626,0.1510666161775589,-0.28244879841804504,0.2558977007865906,0.0029896486084908247,-0.0028137867338955402,-0.0028137867338955402,0.0033413716591894627,0.2273891568183899,-0.22809258103370667,0.22686156630516052,-0.22650983929634094,0.7547982931137085,-0.7555018067359924,0.7555018067359924,-0.7555018067359924,0.0,0.0,0.0,0.0,0.0,0.0,0.0,0.0,0.0,0.0,0.0,0.0
20260709_111233_260179,2026-07-09T11:12:45.298,12.038591,pose,430,stand,0.0,0.0,0.0,0.0,0.0,0.0,0.0,0.0,0.08,xsens:live,0.027182206511497498,-0.030580595135688782,-0.9991626739501953,1.753060126398752,1.5583465028448458,0.0,0.0,12.99042797088623,33.061031341552734,12,can0:12,7.929929256439209,19.263282775878906,,"BL_hip_joint,BR_hip_joint,FL_hip_joint,FR_hip_joint,BL_thigh_joint,BR_thigh_joint,FL_thigh_joint,FR_thigh_joint,BL_calf_joint,BR_calf_joint,FL_calf_joint,FR_calf_joint",330e02f2406e129bb6ed6ec4a6c6bcd5f80d7e7799a2ab087e81eda65d2fae69,"step=000430 mode=stand  vx= 0.000 vy= 0.000 vxy= 0.000 yaw= 0.000 speed=0.08 imu=xsens:live tilt_rp=[+1.8,+1.6]deg imu_corr=0.000 act_max= 0.000 tau_cmd= 12.990 tau_cmd_max= 33.061 cmds=12 bus=can0:12 tau_fb= 7.930 tau_fb_max= 19.263",,,,,,,,,,,,,,,,,,,,,,,,,,,,,,,,,,,,,,,,,,,,,,,,,0.0,0.0,0.0,0.0,0.0,0.0,0.0,0.0,0.0,0.0,0.0,0.0,0.0,0.0,0.0,0.0,0.0,0.0,0.0,0.0,0.0,0.0,0.0,0.0,-0.004985589534044266,-0.00153402762953192,-0.0011505207512527704,0.00153402762953192,0.20671021938323975,-0.2266525775194168,0.23854129016399384,-0.23930831253528595,0.7700818777084351,-0.7670137882232666,0.7612612247467041,-0.772382915019989,-0.01739555038511753,0.030671102926135063,-0.07003998011350632,-0.04623554274439812,-0.047151096165180206,0.11261329799890518,-0.12955106794834137,0.08514664322137833,-0.2627643644809723,0.2792443633079529,-0.2229377180337906,0.2623066008090973,0.0028321845456957817,-0.002665585372596979,-0.002665585372596979,0.0031653824262320995,0.21541261672973633,-0.21607902646064758,0.21491283178329468,-0.21457961201667786,0.7150432467460632,-0.7157096862792969,0.7157096862792969,-0.7157096862792969,0.0,0.0,0.0,0.0,0.0,0.0,0.0,0.0,0.0,0.0,0.0,0.0
20260709_111233_260179,2026-07-09T11:12:45.433,12.172808,pose,435,stand,0.0,0.0,0.0,0.0,0.0,0.0,0.0,0.0,0.08,xsens:live,0.026093466207385063,-0.02979746088385582,-0.9992153644561768,1.708103175109492,1.4958795026330987,0.0,0.0,13.606024742126465,33.20021057128906,12,can0:12,7.451399326324463,18.90438461303711,,"BL_hip_joint,BR_hip_joint,FL_hip_joint,FR_hip_joint,BL_thigh_joint,BR_thigh_joint,FL_thigh_joint,FR_thigh_joint,BL_calf_joint,BR_calf_joint,FL_calf_joint,FR_calf_joint",330e02f2406e129bb6ed6ec4a6c6bcd5f80d7e7799a2ab087e81eda65d2fae69,"step=000435 mode=stand  vx= 0.000 vy= 0.000 vxy= 0.000 yaw= 0.000 speed=0.08 imu=xsens:live tilt_rp=[+1.7,+1.5]deg imu_corr=0.000 act_max= 0.000 tau_cmd= 13.606 tau_cmd_max= 33.200 cmds=12 bus=can0:12 tau_fb= 7.451 tau_fb_max= 18.904",,,,,,,,,,,,,,,,,,,,,,,,,,,,,,,,,,,,,,,,,,,,,,,,,0.0,0.0,0.0,0.0,0.0,0.0,0.0,0.0,0.0,0.0,0.0,0.0,0.0,0.0,0.0,0.0,0.0,0.0,0.0,0.0,0.0,0.0,0.0,0.0,-0.004985589534044266,-0.0011505207512527704,-0.0011505207512527704,0.0011505207512527704,0.1959720253944397,-0.21476386487483978,0.22626906633377075,-0.22626906633377075,0.7305806279182434,-0.7275125980377197,0.7229105234146118,-0.7324981689453125,-0.01739555038511753,-0.036164432764053345,0.043946653604507446,0.032959990203380585,-0.15610218048095703,0.06683553755283356,-0.038453321903944016,0.0714133158326149,-0.23575548827648163,0.23255103826522827,-0.2540665864944458,0.251777708530426,0.0026756194420158863,-0.0025182298850268126,-0.0025182298850268126,0.0029903980903327465,0.20350447297096252,-0.2041340172290802,0.20303228497505188,-0.20271751284599304,0.6755151748657227,-0.6761447787284851,0.6761447787284851,-0.6761447787284851,0.0,0.0,0.0,0.0,0.0,0.0,0.0,0.0,0.0,0.0,0.0,0.0
20260709_111233_260179,2026-07-09T11:12:45.568,12.307809,pose,440,stand,0.0,0.0,0.0,0.0,0.0,0.0,0.0,0.0,0.08,xsens:live,0.02513931877911091,-0.02835759148001671,-0.9992817044258118,1.6255019628020178,1.441108254158881,0.0,0.0,12.63259220123291,32.68838882446289,12,can0:12,7.344583988189697,18.058412551879883,,"BL_hip_joint,BR_hip_joint,FL_hip_joint,FR_hip_joint,BL_thigh_joint,BR_thigh_joint,FL_thigh_joint,FR_thigh_joint,BL_calf_joint,BR_calf_joint,FL_calf_joint,FR_calf_joint",330e02f2406e129bb6ed6ec4a6c6bcd5f80d7e7799a2ab087e81eda65d2fae69,"step=000440 mode=stand  vx= 0.000 vy= 0.000 vxy= 0.000 yaw= 0.000 speed=0.08 imu=xsens:live tilt_rp=[+1.6,+1.4]deg imu_corr=0.000 act_max= 0.000 tau_cmd= 12.633 tau_cmd_max= 32.688 cmds=12 bus=can0:12 tau_fb= 7.345 tau_fb_max= 18.058",,,,,,,,,,,,,,,,,,,,,,,,,,,,,,,,,,,,,,,,,,,,,,,,,0.0,0.0,0.0,0.0,0.0,0.0,0.0,0.0,0.0,0.0,0.0,0.0,0.0,0.0,0.0,0.0,0.0,0.0,0.0,0.0,0.0,0.0,0.0,0.0,-0.00421857601031661,-0.0011505207512527704,-0.00153402762953192,0.0011505207512527704,0.18408331274986267,-0.2032586634159088,0.21399685740470886,-0.21322983503341675,0.6891618967056274,-0.6864773631095886,0.6830257773399353,-0.6914629340171814,0.015106662176549435,-0.0709555372595787,-0.016022218391299248,-0.024262215942144394,-0.15472884476184845,0.06820886582136154,-0.0636310949921608,0.1574755162000656,-0.3103732466697693,0.20737327635288239,-0.2549821436405182,0.22888882458209991,0.0025202841497957706,-0.002372032031416893,-0.002372032031416893,0.0028167879208922386,0.1916898488998413,-0.19228285551071167,0.19124507904052734,-0.19094857573509216,0.6362975835800171,-0.6368906497955322,0.6368906497955322,-0.6368906497955322,0.0,0.0,0.0,0.0,0.0,0.0,0.0,0.0,0.0,0.0,0.0,0.0
20260709_111233_260179,2026-07-09T11:12:45.696,12.435945,pose,445,stand,0.0,0.0,0.0,0.0,0.0,0.0,0.0,0.0,0.08,xsens:live,0.02481614053249359,-0.028253264725208282,-0.9992927312850952,1.6195071176144518,1.4225740734092371,0.0,0.0,12.034061431884766,31.91038703918457,12,can0:12,6.811730861663818,17.15384292602539,,"BL_hip_joint,BR_hip_joint,FL_hip_joint,FR_hip_joint,BL_thigh_joint,BR_thigh_joint,FL_thigh_joint,FR_thigh_joint,BL_calf_joint,BR_calf_joint,FL_calf_joint,FR_calf_joint",330e02f2406e129bb6ed6ec4a6c6bcd5f80d7e7799a2ab087e81eda65d2fae69,"step=000445 mode=stand  vx= 0.000 vy= 0.000 vxy= 0.000 yaw= 0.000 speed=0.08 imu=xsens:live tilt_rp=[+1.6,+1.4]deg imu_corr=0.000 act_max= 0.000 tau_cmd= 12.034 tau_cmd_max= 31.910 cmds=12 bus=can0:12 tau_fb= 6.812 tau_fb_max= 17.154",,,,,,,,,,,,,,,,,,,,,,,,,,,,,,,,,,,,,,,,,,,,,,,,,0.0,0.0,0.0,0.0,0.0,0.0,0.0,0.0,0.0,0.0,0.0,0.0,0.0,0.0,0.0,0.0,0.0,0.0,0.0,0.0,0.0,0.0,0.0,0.0,-0.004602083005011082,-0.00076701381476596,-0.0011505207512527704,0.0011505207512527704,0.17411212623119354,-0.1921369582414627,0.20287515223026276,-0.2024916410446167,0.6481266617774963,-0.6477431654930115,0.6431410908699036,-0.6519617438316345,0.009155552834272385,0.021973326802253723,-0.0027466658502817154,-0.054475538432598114,-0.048066653311252594,0.11398663371801376,-0.09384441375732422,0.15472884476184845,-0.2623066008090973,0.24033325910568237,-0.2705465853214264,0.2371288239955902,0.0023665111511945724,-0.0022273045033216476,-0.0022273045033216476,0.0026449239812791348,0.17999404668807983,-0.18055087327957153,0.17957642674446106,-0.1792980134487152,0.5974744558334351,-0.5980312824249268,0.5980312824249268,-0.5980312824249268,0.0,0.0,0.0,0.0,0.0,0.0,0.0,0.0,0.0,0.0,0.0,0.0
20260709_111233_260179,2026-07-09T11:12:45.828,12.568759,pose,450,stand,0.0,0.0,0.0,0.0,0.0,0.0,0.0,0.0,0.08,xsens:live,0.023704493418335915,-0.02692851424217224,-0.9993562698364258,1.543510561280642,1.3587874928623997,0.0,0.0,12.098103523254395,29.30683135986328,12,can0:12,7.0555739402771,16.370128631591797,,"BL_hip_joint,BR_hip_joint,FL_hip_joint,FR_hip_joint,BL_thigh_joint,BR_thigh_joint,FL_thigh_joint,FR_thigh_joint,BL_calf_joint,BR_calf_joint,FL_calf_joint,FR_calf_joint",330e02f2406e129bb6ed6ec4a6c6bcd5f80d7e7799a2ab087e81eda65d2fae69,"step=000450 mode=stand  vx= 0.000 vy= 0.000 vxy= 0.000 yaw= 0.000 speed=0.08 imu=xsens:live tilt_rp=[+1.5,+1.4]deg imu_corr=0.000 act_max= 0.000 tau_cmd= 12.098 tau_cmd_max= 29.307 cmds=12 bus=can0:12 tau_fb= 7.056 tau_fb_max= 16.370",,,,,,,,,,,,,,,,,,,,,,,,,,,,,,,,,,,,,,,,,,,,,,,,,0.0,0.0,0.0,0.0,0.0,0.0,0.0,0.0,0.0,0.0,0.0,0.0,0.0,0.0,0.0,0.0,0.0,0.0,0.0,0.0,0.0,0.0,0.0,0.0,-0.00421857601031661,-0.0011505207512527704,-0.00076701381476596,0.0011505207512527704,0.1633739322423935,-0.17948122322559357,0.19060292840003967,-0.18906889855861664,0.6082419157028198,-0.6074749231338501,0.603256344795227,-0.6124604940414429,0.02471999265253544,0.02609332650899887,0.021057771518826485,-0.023346660658717155,-0.16846217215061188,0.04989776387810707,-0.03479110077023506,0.047151096165180206,-0.2531510293483734,0.32959991693496704,-0.24262215197086334,0.2861110270023346,0.0022146315313875675,-0.002084359060972929,-0.002084359060972929,0.0024751764722168446,0.1684422791004181,-0.16896334290504456,0.16805145144462585,-0.16779091954231262,0.5591293573379517,-0.5596504211425781,0.5596504211425781,-0.5596504211425781,0.0,0.0,0.0,0.0,0.0,0.0,0.0,0.0,0.0,0.0,0.0,0.0
20260709_111233_260179,2026-07-09T11:12:45.961,12.701739,pose,455,stand,0.0,0.0,0.0,0.0,0.0,0.0,0.0,0.0,0.08,xsens:live,0.022915631532669067,-0.026006771251559258,-0.9993990659713745,1.4906377997202869,1.3135282868464886,0.0,0.0,11.73910140991211,28.868986129760742,12,can0:12,7.077852725982666,17.15384292602539,,"BL_hip_joint,BR_hip_joint,FL_hip_joint,FR_hip_joint,BL_thigh_joint,BR_thigh_joint,FL_thigh_joint,FR_thigh_joint,BL_calf_joint,BR_calf_joint,FL_calf_joint,FR_calf_joint",330e02f2406e129bb6ed6ec4a6c6bcd5f80d7e7799a2ab087e81eda65d2fae69,"step=000455 mode=stand  vx= 0.000 vy= 0.000 vxy= 0.000 yaw= 0.000 speed=0.08 imu=xsens:live tilt_rp=[+1.5,+1.3]deg imu_corr=0.000 act_max= 0.000 tau_cmd= 11.739 tau_cmd_max= 28.869 cmds=12 bus=can0:12 tau_fb= 7.078 tau_fb_max= 17.154",,,,,,,,,,,,,,,,,,,,,,,,,,,,,,,,,,,,,,,,,,,,,,,,,0.0,0.0,0.0,0.0,0.0,0.0,0.0,0.0,0.0,0.0,0.0,0.0,0.0,0.0,0.0,0.0,0.0,0.0,0.0,0.0,0.0,0.0,0.0,0.0,-0.00421857601031661,-0.00076701381476596,-0.00076701381476596,0.0011505207512527704,0.15148521959781647,-0.16720901429653168,0.17871421575546265,-0.17679667472839355,0.568740725517273,-0.568740725517273,0.5645221471786499,-0.5725758075714111,-0.01739555038511753,0.024262215942144394,0.029755547642707825,-0.05859553813934326,-0.12314218282699585,0.1194799616932869,-0.12863551080226898,0.06958220154047012,-0.18860438466072083,0.1753288358449936,-0.29801324009895325,0.27558213472366333,0.0020649777725338936,-0.0019435081630945206,-0.0019435081630945206,0.002307916060090065,0.15705975890159607,-0.15754565596580505,0.15669536590576172,-0.15645241737365723,0.5213460922241211,-0.5218319892883301,0.5218319892883301,-0.5218319892883301,0.0,0.0,0.0,0.0,0.0,0.0,0.0,0.0,0.0,0.0,0.0,0.0
20260709_111233_260179,2026-07-09T11:12:46.089,12.829018,pose,460,stand,0.0,0.0,0.0,0.0,0.0,0.0,0.0,0.0,0.08,xsens:live,0.021800486370921135,-0.025065284222364426,-0.9994481205940247,1.4366268649039258,1.2495674297575203,0.0,0.0,11.422089576721191,28.08974266052246,12,can0:12,6.194342136383057,14.582964897155762,,"BL_hip_joint,BR_hip_joint,FL_hip_joint,FR_hip_joint,BL_thigh_joint,BR_thigh_joint,FL_thigh_joint,FR_thigh_joint,BL_calf_joint,BR_calf_joint,FL_calf_joint,FR_calf_joint",330e02f2406e129bb6ed6ec4a6c6bcd5f80d7e7799a2ab087e81eda65d2fae69,"step=000460 mode=stand  vx= 0.000 vy= 0.000 vxy= 0.000 yaw= 0.000 speed=0.08 imu=xsens:live tilt_rp=[+1.4,+1.2]deg imu_corr=0.000 act_max= 0.000 tau_cmd= 11.422 tau_cmd_max= 28.090 cmds=12 bus=can0:12 tau_fb= 6.194 tau_fb_max= 14.583",,,,,,,,,,,,,,,,,,,,,,,,,,,,,,,,,,,,,,,,,,,,,,,,,0.0,0.0,0.0,0.0,0.0,0.0,0.0,0.0,0.0,0.0,0.0,0.0,0.0,0.0,0.0,0.0,0.0,0.0,0.0,0.0,0.0,0.0,0.0,0.0,-0.00421857601031661,-0.00076701381476596,-0.00076701381476596,0.0011505207512527704,0.14228105545043945,-0.1568543165922165,0.16759251058101654,-0.16529147326946259,0.5319240689277649,-0.5323075652122498,0.5284724831581116,-0.5357591509819031,0.06591998040676117,-0.010071108117699623,0.007782219909131527,-0.013275551609694958,-0.11215551942586899,0.06912442296743393,-0.08011108636856079,0.0796533077955246,-0.2137821614742279,0.27375102043151855,-0.17258216440677643,0.29663991928100586,0.0019178809598088264,-0.0018050647340714931,-0.0018050647340714931,0.0021435138769447803,0.14587178826332092,-0.14632302522659302,0.14553332328796387,-0.14530768990516663,0.4842085838317871,-0.4846597909927368,0.4846597909927368,-0.4846597909927368,0.0,0.0,0.0,0.0,0.0,0.0,0.0,0.0,0.0,0.0,0.0,0.0
20260709_111233_260179,2026-07-09T11:12:46.211,12.950938,pose,465,stand,0.0,0.0,0.0,0.0,0.0,0.0,0.0,0.0,0.08,xsens:live,0.021359022706747055,-0.02436138689517975,-0.9994750618934631,1.3962612852318146,1.224238260800125,0.0,0.0,10.537162780761719,29.1286678314209,12,can0:12,6.190374851226807,16.135746002197266,,"BL_hip_joint,BR_hip_joint,FL_hip_joint,FR_hip_joint,BL_thigh_joint,BR_thigh_joint,FL_thigh_joint,FR_thigh_joint,BL_calf_joint,BR_calf_joint,FL_calf_joint,FR_calf_joint",330e02f2406e129bb6ed6ec4a6c6bcd5f80d7e7799a2ab087e81eda65d2fae69,"step=000465 mode=stand  vx= 0.000 vy= 0.000 vxy= 0.000 yaw= 0.000 speed=0.08 imu=xsens:live tilt_rp=[+1.4,+1.2]deg imu_corr=0.000 act_max= 0.000 tau_cmd= 10.537 tau_cmd_max= 29.129 cmds=12 bus=can0:12 tau_fb= 6.190 tau_fb_max= 16.136",,,,,,,,,,,,,,,,,,,,,,,,,,,,,,,,,,,,,,,,,,,,,,,,,0.0,0.0,0.0,0.0,0.0,0.0,0.0,0.0,0.0,0.0,0.0,0.0,0.0,0.0,0.0,0.0,0.0,0.0,0.0,0.0,0.0,0.0,0.0,0.0,-0.003835069015622139,-0.00076701381476596,-0.00076701381476596,0.0011505207512527704,0.13230988383293152,-0.14496560394763947,0.15570379793643951,-0.15225224196910858,0.4935733675956726,-0.4943403899669647,0.4908888339996338,-0.4981754720211029,0.05081331729888916,-0.012817773967981339,0.014648884534835815,-0.009155552834272385,-0.12543107569217682,0.09613330662250519,-0.11261329799890518,0.14694662392139435,-0.24903103709220886,0.2229377180337906,-0.24124881625175476,0.23163548111915588,0.0017736735753715038,-0.0016693398356437683,-0.0016693398356437683,0.0019823405891656876,0.13490352034568787,-0.13532084226608276,0.1345905065536499,-0.13438183069229126,0.44780027866363525,-0.4482177495956421,0.4482177495956421,-0.4482177495956421,0.0,0.0,0.0,0.0,0.0,0.0,0.0,0.0,0.0,0.0,0.0,0.0
20260709_111233_260179,2026-07-09T11:12:46.341,13.081381,pose,470,stand,0.0,0.0,0.0,0.0,0.0,0.0,0.0,0.0,0.08,xsens:live,0.020290600135922432,-0.023367557674646378,-0.9995210766792297,1.3392599894593686,1.1629630622035878,0.0,0.0,10.866190910339355,27.398513793945312,12,can0:12,5.5085906982421875,15.634021759033203,,"BL_hip_joint,BR_hip_joint,FL_hip_joint,FR_hip_joint,BL_thigh_joint,BR_thigh_joint,FL_thigh_joint,FR_thigh_joint,BL_calf_joint,BR_calf_joint,FL_calf_joint,FR_calf_joint",330e02f2406e129bb6ed6ec4a6c6bcd5f80d7e7799a2ab087e81eda65d2fae69,"step=000470 mode=stand  vx= 0.000 vy= 0.000 vxy= 0.000 yaw= 0.000 speed=0.08 imu=xsens:live tilt_rp=[+1.3,+1.2]deg imu_corr=0.000 act_max= 0.000 tau_cmd= 10.866 tau_cmd_max= 27.399 cmds=12 bus=can0:12 tau_fb= 5.509 tau_fb_max= 15.634",,,,,,,,,,,,,,,,,,,,,,,,,,,,,,,,,,,,,,,,,,,,,,,,,0.0,0.0,0.0,0.0,0.0,0.0,0.0,0.0,0.0,0.0,0.0,0.0,0.0,0.0,0.0,0.0,0.0,0.0,0.0,0.0,0.0,0.0,0.0,0.0,-0.003835069015622139,-0.00038350690738298,-0.00076701381476596,0.0011505207512527704,0.12195519357919693,-0.13422740995883942,0.14419859647750854,-0.14074702560901642,0.4552226960659027,-0.45752373337745667,0.4544556736946106,-0.46059179306030273,-0.028382213786244392,-0.03891110047698021,-0.0709555372595787,0.007324442267417908,-0.08331552892923355,0.05813775956630707,-0.032044436782598495,0.054475538432598114,-0.24903103709220886,0.21286660432815552,-0.2229377180337906,0.2389599233865738,0.0016326862387359142,-0.0015366459265351295,-0.0015366459265351295,0.0018247668631374836,0.12418019771575928,-0.12456434965133667,0.12389206886291504,-0.12369999289512634,0.41220521926879883,-0.412589430809021,0.412589430809021,-0.412589430809021,0.0,0.0,0.0,0.0,0.0,0.0,0.0,0.0,0.0,0.0,0.0,0.0
20260709_111233_260179,2026-07-09T11:12:46.474,13.214368,pose,475,stand,0.0,0.0,0.0,0.0,0.0,0.0,0.0,0.0,0.08,xsens:live,0.019275257363915443,-0.022132430225610733,-0.9995692372322083,1.2684340624876316,1.1047299116277083,0.0,0.0,9.804036140441895,24.425737380981445,12,can0:12,5.625782012939453,14.370555877685547,,"BL_hip_joint,BR_hip_joint,FL_hip_joint,FR_hip_joint,BL_thigh_joint,BR_thigh_joint,FL_thigh_joint,FR_thigh_joint,BL_calf_joint,BR_calf_joint,FL_calf_joint,FR_calf_joint",330e02f2406e129bb6ed6ec4a6c6bcd5f80d7e7799a2ab087e81eda65d2fae69,"step=000475 mode=stand  vx= 0.000 vy= 0.000 vxy= 0.000 yaw= 0.000 speed=0.08 imu=xsens:live tilt_rp=[+1.3,+1.1]deg imu_corr=0.000 act_max= 0.000 tau_cmd= 9.804 tau_cmd_max= 24.426 cmds=12 bus=can0:12 tau_fb= 5.626 tau_fb_max= 14.371",,,,,,,,,,,,,,,,,,,,,,,,,,,,,,,,,,,,,,,,,,,,,,,,,0.0,0.0,0.0,0.0,0.0,0.0,0.0,0.0,0.0,0.0,0.0,0.0,0.0,0.0,0.0,0.0,0.0,0.0,0.0,0.0,0.0,0.0,0.0,0.0,-0.003835069015622139,-0.00038350690738298,-0.00076701381476596,0.00153402762953192,0.11236751824617386,-0.12348922342061996,0.13269339501857758,-0.12809130549430847,0.4172555208206177,-0.4207070767879486,0.4180225133895874,-0.4233916103839874,0.005493331700563431,-0.002288888208568096,-0.04348887503147125,0.021057771518826485,-0.12314218282699585,0.044862210750579834,-0.09384441375732422,0.11627551913261414,-0.22339549660682678,0.23163548111915588,-0.17624439299106598,0.2700888216495514,0.0014952514320611954,-0.0014072954654693604,-0.0014072954654693604,0.0016711633652448654,0.11372706294059753,-0.11407887935638428,0.11346319317817688,-0.1132872998714447,0.37750697135925293,-0.37785887718200684,0.37785887718200684,-0.37785887718200684,0.0,0.0,0.0,0.0,0.0,0.0,0.0,0.0,0.0,0.0,0.0,0.0
20260709_111233_260179,2026-07-09T11:12:46.609,13.349147,pose,480,stand,0.0,0.0,0.0,0.0,0.0,0.0,0.0,0.0,0.08,xsens:live,0.018189411610364914,-0.02083451859652996,-0.9996175169944763,1.194013862973094,1.0424602389673834,0.0,0.0,9.540133476257324,28.63886070251465,12,can0:12,5.105441570281982,14.029969215393066,,"BL_hip_joint,BR_hip_joint,FL_hip_joint,FR_hip_joint,BL_thigh_joint,BR_thigh_joint,FL_thigh_joint,FR_thigh_joint,BL_calf_joint,BR_calf_joint,FL_calf_joint,FR_calf_joint",330e02f2406e129bb6ed6ec4a6c6bcd5f80d7e7799a2ab087e81eda65d2fae69,"step=000480 mode=stand  vx= 0.000 vy= 0.000 vxy= 0.000 yaw= 0.000 speed=0.08 imu=xsens:live tilt_rp=[+1.2,+1.0]deg imu_corr=0.000 act_max= 0.000 tau_cmd= 9.540 tau_cmd_max= 28.639 cmds=12 bus=can0:12 tau_fb= 5.105 tau_fb_max= 14.030",,,,,,,,,,,,,,,,,,,,,,,,,,,,,,,,,,,,,,,,,,,,,,,,,0.0,0.0,0.0,0.0,0.0,0.0,0.0,0.0,0.0,0.0,0.0,0.0,0.0,0.0,0.0,0.0,0.0,0.0,0.0,0.0,0.0,0.0,0.0,0.0,-0.0034515620209276676,-0.00038350690738298,-0.00038350690738298,0.0011505207512527704,0.10316335409879684,-0.11121699959039688,0.12080467492341995,-0.11581908166408539,0.38120585680007935,-0.38504093885421753,0.3823563754558563,-0.38849249482154846,0.031128879636526108,0.059968870133161545,0.006408886983990669,0.03021332435309887,-0.10528885573148727,0.14923551678657532,-0.09338664263486862,0.05310220643877983,-0.2146977186203003,0.21835993230342865,-0.2371288239955902,0.12909328937530518,0.0013617011718451977,-0.0012816009111702442,-0.0012816009111702442,0.0015219012275338173,0.1035693883895874,-0.10388979315757751,0.10332909226417542,-0.10316887497901917,0.3437894582748413,-0.3441098928451538,0.3441098928451538,-0.3441098928451538,0.0,0.0,0.0,0.0,0.0,0.0,0.0,0.0,0.0,0.0,0.0,0.0
20260709_111233_260179,2026-07-09T11:12:46.743,13.483527,pose,485,stand,0.0,0.0,0.0,0.0,0.0,0.0,0.0,0.0,0.08,xsens:live,0.01730789802968502,-0.01981057971715927,-0.9996539950370789,1.135306872970343,0.9919136430375641,0.0,0.0,8.895042419433594,26.65206527709961,12,can0:12,4.6516313552856445,13.370769500732422,,"BL_hip_joint,BR_hip_joint,FL_hip_joint,FR_hip_joint,BL_thigh_joint,BR_thigh_joint,FL_thigh_joint,FR_thigh_joint,BL_calf_joint,BR_calf_joint,FL_calf_joint,FR_calf_joint",330e02f2406e129bb6ed6ec4a6c6bcd5f80d7e7799a2ab087e81eda65d2fae69,"step=000485 mode=stand  vx= 0.000 vy= 0.000 vxy= 0.000 yaw= 0.000 speed=0.08 imu=xsens:live tilt_rp=[+1.1,+1.0]deg imu_corr=0.000 act_max= 0.000 tau_cmd= 8.895 tau_cmd_max= 26.652 cmds=12 bus=can0:12 tau_fb= 4.652 tau_fb_max= 13.371",,,,,,,,,,,,,,,,,,,,,,,,,,,,,,,,,,,,,,,,,,,,,,,,,0.0,0.0,0.0,0.0,0.0,0.0,0.0,0.0,0.0,0.0,0.0,0.0,0.0,0.0,0.0,0.0,0.0,0.0,0.0,0.0,0.0,0.0,0.0,0.0,-0.003835069015622139,-0.00038350690738298,-0.00038350690738298,0.00153402762953192,0.09395918995141983,-0.10201283544301987,0.11083349585533142,-0.1054643988609314,0.3482242524623871,-0.3528263568878174,0.3501417934894562,-0.3555108904838562,-0.0068666646257042885,-0.0631733164191246,-0.023346660658717155,-0.0032044434919953346,-0.09796441346406937,0.10757774859666824,-0.13229773938655853,0.09613330662250519,-0.2146977186203003,0.21835993230342865,-0.22888882458209991,0.17807550728321075,0.001232366543263197,-0.0011598747223615646,-0.0011598747223615646,0.0013773511163890362,0.09373235702514648,-0.09402233362197876,0.09351488947868347,-0.09336990118026733,0.3111363649368286,-0.3114262819290161,0.3114262819290161,-0.3114262819290161,0.0,0.0,0.0,0.0,0.0,0.0,0.0,0.0,0.0,0.0,0.0,0.0
20260709_111233_260179,2026-07-09T11:12:46.877,13.616925,pose,490,stand,0.0,0.0,0.0,0.0,0.0,0.0,0.0,0.0,0.08,xsens:live,0.016327690333127975,-0.018869681283831596,-0.9996886849403381,1.0813613696947928,0.9357158758354989,0.0,0.0,9.120635032653809,27.29852867126465,12,can0:12,4.59700345993042,13.517258644104004,,"BL_hip_joint,BR_hip_joint,FL_hip_joint,FR_hip_joint,BL_thigh_joint,BR_thigh_joint,FL_thigh_joint,FR_thigh_joint,BL_calf_joint,BR_calf_joint,FL_calf_joint,FR_calf_joint",330e02f2406e129bb6ed6ec4a6c6bcd5f80d7e7799a2ab087e81eda65d2fae69,"step=000490 mode=stand  vx= 0.000 vy= 0.000 vxy= 0.000 yaw= 0.000 speed=0.08 imu=xsens:live tilt_rp=[+1.1,+0.9]deg imu_corr=0.000 act_max= 0.000 tau_cmd= 9.121 tau_cmd_max= 27.299 cmds=12 bus=can0:12 tau_fb= 4.597 tau_fb_max= 13.517",,,,,,,,,,,,,,,,,,,,,,,,,,,,,,,,,,,,,,,,,,,,,,,,,0.0,0.0,0.0,0.0,0.0,0.0,0.0,0.0,0.0,0.0,0.0,0.0,0.0,0.0,0.0,0.0,0.0,0.0,0.0,0.0,0.0,0.0,0.0,0.0,-0.0034515620209276676,-0.00038350690738298,-0.00038350690738298,0.0011505207512527704,0.0859055444598198,-0.0924251601099968,0.10047880560159683,-0.09434270113706589,0.313708633184433,-0.31946125626564026,0.3171602189540863,-0.3217622935771942,0.06271553784608841,0.08102664351463318,-0.013275551609694958,-0.02288888208568096,-0.02151555009186268,0.04898220673203468,-0.0636310949921608,0.025635547935962677,-0.1506088376045227,0.1583910584449768,-0.21835993230342865,0.11398663371801376,0.001107580028474331,-0.0010424284264445305,-0.0010424284264445305,0.001237883698195219,0.08424124121665955,-0.08450183272361755,0.08404576778411865,-0.08391547203063965,0.2796313762664795,-0.2798919677734375,0.2798919677734375,-0.2798919677734375,0.0,0.0,0.0,0.0,0.0,0.0,0.0,0.0,0.0,0.0,0.0,0.0
20260709_111233_260179,2026-07-09T11:12:47.005,13.745236,pose,495,stand,0.0,0.0,0.0,0.0,0.0,0.0,0.0,0.0,0.08,xsens:live,0.01575627736747265,-0.018371518701314926,-0.9997071027755737,1.0528003786062046,0.9029579280609936,0.0,0.0,8.182437896728516,24.041866302490234,12,can0:12,4.383068561553955,13.158360481262207,,"BL_hip_joint,BR_hip_joint,FL_hip_joint,FR_hip_joint,BL_thigh_joint,BR_thigh_joint,FL_thigh_joint,FR_thigh_joint,BL_calf_joint,BR_calf_joint,FL_calf_joint,FR_calf_joint",330e02f2406e129bb6ed6ec4a6c6bcd5f80d7e7799a2ab087e81eda65d2fae69,"step=000495 mode=stand  vx= 0.000 vy= 0.000 vxy= 0.000 yaw= 0.000 speed=0.08 imu=xsens:live tilt_rp=[+1.1,+0.9]deg imu_corr=0.000 act_max= 0.000 tau_cmd= 8.182 tau_cmd_max= 24.042 cmds=12 bus=can0:12 tau_fb= 4.383 tau_fb_max= 13.158",,,,,,,,,,,,,,,,,,,,,,,,,,,,,,,,,,,,,,,,,,,,,,,,,0.0,0.0,0.0,0.0,0.0,0.0,0.0,0.0,0.0,0.0,0.0,0.0,0.0,0.0,0.0,0.0,0.0,0.0,0.0,0.0,0.0,0.0,0.0,0.0,-0.00306805525906384,-0.00038350690738298,-0.00038350690738298,0.0011505207512527704,0.0774683952331543,-0.08168696612119675,0.08935710787773132,-0.08322099596261978,0.2818775773048401,-0.2872466742992401,0.2857126295566559,-0.28993120789527893,0.027924437075853348,-0.07644886523485184,-0.036164432764053345,0.06271553784608841,-0.006408886983990669,0.1831110566854477,-0.0952177494764328,0.06179998070001602,-0.20187993347644806,0.1817377209663391,-0.2623066008090973,0.17258216440677643,0.0009876727126538754,-0.000929574016481638,-0.000929574016481638,0.0011038691736757755,0.07512122392654419,-0.07535362243652344,0.07494691014289856,-0.07483071088790894,0.24935829639434814,-0.24959063529968262,0.24959063529968262,-0.24959063529968262,0.0,0.0,0.0,0.0,0.0,0.0,0.0,0.0,0.0,0.0,0.0,0.0
20260709_111233_260179,2026-07-09T11:12:47.139,13.878994,pose,500,stand,0.0,0.0,0.0,0.0,0.0,0.0,0.0,0.0,0.08,xsens:live,0.014805633574724197,-0.017126915976405144,-0.9997437596321106,0.9814555091014867,0.84845571744035,0.0,0.0,8.029139518737793,21.291261672973633,12,can0:12,4.403515815734863,11.748405456542969,,"BL_hip_joint,BR_hip_joint,FL_hip_joint,FR_hip_joint,BL_thigh_joint,BR_thigh_joint,FL_thigh_joint,FR_thigh_joint,BL_calf_joint,BR_calf_joint,FL_calf_joint,FR_calf_joint",330e02f2406e129bb6ed6ec4a6c6bcd5f80d7e7799a2ab087e81eda65d2fae69,"step=000500 mode=stand  vx= 0.000 vy= 0.000 vxy= 0.000 yaw= 0.000 speed=0.08 imu=xsens:live tilt_rp=[+1.0,+0.8]deg imu_corr=0.000 act_max= 0.000 tau_cmd= 8.029 tau_cmd_max= 21.291 cmds=12 bus=can0:12 tau_fb= 4.404 tau_fb_max= 11.748",,,,,,,,,,,,,,,,,,,,,,,,,,,,,,,,,,,,,,,,,,,,,,,,,0.0,0.0,0.0,0.0,0.0,0.0,0.0,0.0,0.0,0.0,0.0,0.0,0.0,0.0,0.0,0.0,0.0,0.0,0.0,0.0,0.0,0.0,0.0,0.0,-0.0034515620209276676,-0.00038350690738298,-0.0,0.0011505207512527704,0.06826423108577728,-0.07133228331804276,0.08015294373035431,-0.07478384673595428,0.25158053636550903,-0.25694963335990906,0.2546485960483551,-0.25886714458465576,-0.008697775192558765,0.008697775192558765,0.07782220095396042,0.003662221133708954,-0.04943998530507088,0.04440443217754364,-0.04303110018372536,0.03662221133708954,-0.1899777203798294,0.16571550071239471,-0.16434217989444733,0.2137821614742279,0.0008729761466383934,-0.0008216248825192451,-0.0008216248825192451,0.0009756791405379772,0.06639754772186279,-0.06660294532775879,0.0662434995174408,-0.0661408007144928,0.22040081024169922,-0.22060620784759521,0.22060620784759521,-0.22060620784759521,0.0,0.0,0.0,0.0,0.0,0.0,0.0,0.0,0.0,0.0,0.0,0.0
20260709_111233_260179,2026-07-09T11:12:47.271,14.011053,pose,505,stand,0.0,0.0,0.0,0.0,0.0,0.0,0.0,0.0,0.08,xsens:live,0.014078316278755665,-0.016437953338027,-0.9997658133506775,0.9419610897799338,0.806763729132683,0.0,0.0,7.551902770996094,21.46743392944336,12,can0:12,4.315012454986572,11.64952564239502,,"BL_hip_joint,BR_hip_joint,FL_hip_joint,FR_hip_joint,BL_thigh_joint,BR_thigh_joint,FL_thigh_joint,FR_thigh_joint,BL_calf_joint,BR_calf_joint,FL_calf_joint,FR_calf_joint",330e02f2406e129bb6ed6ec4a6c6bcd5f80d7e7799a2ab087e81eda65d2fae69,"step=000505 mode=stand  vx= 0.000 vy= 0.000 vxy= 0.000 yaw= 0.000 speed=0.08 imu=xsens:live tilt_rp=[+0.9,+0.8]deg imu_corr=0.000 act_max= 0.000 tau_cmd= 7.552 tau_cmd_max= 21.467 cmds=12 bus=can0:12 tau_fb= 4.315 tau_fb_max= 11.650",,,,,,,,,,,,,,,,,,,,,,,,,,,,,,,,,,,,,,,,,,,,,,,,,0.0,0.0,0.0,0.0,0.0,0.0,0.0,0.0,0.0,0.0,0.0,0.0,0.0,0.0,0.0,0.0,0.0,0.0,0.0,0.0,0.0,0.0,0.0,0.0,-0.0034515620209276676,-0.00038350690738298,-0.0,0.0011505207512527704,0.06021058186888695,-0.06289513409137726,0.07133228331804276,-0.06481266766786575,0.2220505028963089,-0.2278030961751938,0.2258855700492859,-0.22933712601661682,0.037537768483161926,-0.04348887503147125,0.05218665301799774,-0.0032044434919953346,-0.12909328937530518,0.07827997952699661,-0.020142216235399246,0.08285775035619736,-0.21195104718208313,0.1753288358449936,-0.1593066155910492,0.16022217273712158,0.0007638228125870228,-0.0007188916206359863,-0.0007188916206359863,0.0008536842651665211,0.058095455169677734,-0.05827516317367554,0.05796065926551819,-0.05787080526351929,0.19284272193908691,-0.1930224895477295,0.1930224895477295,-0.1930224895477295,0.0,0.0,0.0,0.0,0.0,0.0,0.0,0.0,0.0,0.0,0.0,0.0
20260709_111233_260179,2026-07-09T11:12:47.404,14.144370,pose,510,stand,0.0,0.0,0.0,0.0,0.0,0.0,0.0,0.0,0.08,xsens:live,0.013232970610260963,-0.015676265582442284,-0.9997895359992981,0.8982993211240377,0.758308692959844,0.0,0.0,7.646396636962891,20.095760345458984,12,can0:12,4.43342399597168,12.557756423950195,,"BL_hip_joint,BR_hip_joint,FL_hip_joint,FR_hip_joint,BL_thigh_joint,BR_thigh_joint,FL_thigh_joint,FR_thigh_joint,BL_calf_joint,BR_calf_joint,FL_calf_joint,FR_calf_joint",330e02f2406e129bb6ed6ec4a6c6bcd5f80d7e7799a2ab087e81eda65d2fae69,"step=000510 mode=stand  vx= 0.000 vy= 0.000 vxy= 0.000 yaw= 0.000 speed=0.08 imu=xsens:live tilt_rp=[+0.9,+0.8]deg imu_corr=0.000 act_max= 0.000 tau_cmd= 7.646 tau_cmd_max= 20.096 cmds=12 bus=can0:12 tau_fb= 4.433 tau_fb_max= 12.558",,,,,,,,,,,,,,,,,,,,,,,,,,,,,,,,,,,,,,,,,,,,,,,,,0.0,0.0,0.0,0.0,0.0,0.0,0.0,0.0,0.0,0.0,0.0,0.0,0.0,0.0,0.0,0.0,0.0,0.0,0.0,0.0,0.0,0.0,0.0,0.0,-0.0034515620209276676,-0.00038350690738298,-0.0,0.0011505207512527704,0.05330745875835419,-0.054074473679065704,0.06174461171030998,-0.05484148859977722,0.19520501792430878,-0.2005741149187088,0.1986565738916397,-0.20172463357448578,-0.014191106893122196,-0.09201330691576004,0.030671102926135063,-0.032044436782598495,0.007782219909131527,0.12314218282699585,-0.038453321903944016,0.09430219233036041,-0.1748710572719574,0.1428266316652298,-0.15381328761577606,0.18631550669670105,0.0006605442613363266,-0.0006216885522007942,-0.0006216885522007942,0.000738255213946104,0.05024021863937378,-0.05039563775062561,0.050123631954193115,-0.050045937299728394,0.16676795482635498,-0.1669234037399292,0.1669234037399292,-0.1669234037399292,0.0,0.0,0.0,0.0,0.0,0.0,0.0,0.0,0.0,0.0,0.0,0.0
20260709_111233_260179,2026-07-09T11:12:47.537,14.276862,pose,515,stand,0.0,0.0,0.0,0.0,0.0,0.0,0.0,0.0,0.08,xsens:live,0.01246113795787096,-0.01510548871010542,-0.9998082518577576,0.8655808806120683,0.7140705687811216,0.0,0.0,6.7507004737854,19.080249786376953,12,can0:12,4.026307106018066,10.983000755310059,,"BL_hip_joint,BR_hip_joint,FL_hip_joint,FR_hip_joint,BL_thigh_joint,BR_thigh_joint,FL_thigh_joint,FR_thigh_joint,BL_calf_joint,BR_calf_joint,FL_calf_joint,FR_calf_joint",330e02f2406e129bb6ed6ec4a6c6bcd5f80d7e7799a2ab087e81eda65d2fae69,"step=000515 mode=stand  vx= 0.000 vy= 0.000 vxy= 0.000 yaw= 0.000 speed=0.08 imu=xsens:live tilt_rp=[+0.9,+0.7]deg imu_corr=0.000 act_max= 0.000 tau_cmd= 6.751 tau_cmd_max= 19.080 cmds=12 bus=can0:12 tau_fb= 4.026 tau_fb_max= 10.983",,,,,,,,,,,,,,,,,,,,,,,,,,,,,,,,,,,,,,,,,,,,,,,,,0.0,0.0,0.0,0.0,0.0,0.0,0.0,0.0,0.0,0.0,0.0,0.0,0.0,0.0,0.0,0.0,0.0,0.0,0.0,0.0,0.0,0.0,0.0,0.0,-0.0034515620209276676,-0.0,-0.0,0.00153402762953192,0.04525381326675415,-0.04448680207133293,0.05330745875835419,-0.04563732072710991,0.16912654042243958,-0.17487914860248566,0.17219460010528564,-0.17602966725826263,0.010528885759413242,0.06637775897979736,0.03250221163034439,0.036164432764053345,-0.07370220124721527,0.02151555009186268,-0.0398266538977623,0.03707998991012573,-0.1428266316652298,0.21790215373039246,-0.17715995013713837,0.17075106501579285,0.0005634715780615807,-0.0005303262732923031,-0.0005303262732923031,0.0006297621876001358,0.04285699129104614,-0.04298955202102661,0.0427575409412384,-0.04269126057624817,0.14225995540618896,-0.14239263534545898,0.14239263534545898,-0.14239263534545898,0.0,0.0,0.0,0.0,0.0,0.0,0.0,0.0,0.0,0.0,0.0,0.0
20260709_111233_260179,2026-07-09T11:12:47.665,14.404829,pose,520,stand,0.0,0.0,0.0,0.0,0.0,0.0,0.0,0.0,0.08,xsens:live,0.012089424766600132,-0.014657486230134964,-0.9998195171356201,0.8399035312184416,0.6927642930396722,0.0,0.0,6.347593307495117,18.1770076751709,12,can0:12,3.7519454956054688,11.385845184326172,,"BL_hip_joint,BR_hip_joint,FL_hip_joint,FR_hip_joint,BL_thigh_joint,BR_thigh_joint,FL_thigh_joint,FR_thigh_joint,BL_calf_joint,BR_calf_joint,FL_calf_joint,FR_calf_joint",330e02f2406e129bb6ed6ec4a6c6bcd5f80d7e7799a2ab087e81eda65d2fae69,"step=000520 mode=stand  vx= 0.000 vy= 0.000 vxy= 0.000 yaw= 0.000 speed=0.08 imu=xsens:live tilt_rp=[+0.8,+0.7]deg imu_corr=0.000 act_max= 0.000 tau_cmd= 6.348 tau_cmd_max= 18.177 cmds=12 bus=can0:12 tau_fb= 3.752 tau_fb_max= 11.386",,,,,,,,,,,,,,,,,,,,,,,,,,,,,,,,,,,,,,,,,,,,,,,,,0.0,0.0,0.0,0.0,0.0,0.0,0.0,0.0,0.0,0.0,0.0,0.0,0.0,0.0,0.0,0.0,0.0,0.0,0.0,0.0,0.0,0.0,0.0,0.0,-0.0034515620209276676,-0.0,0.00038350690738298,0.00153402762953192,0.03911770507693291,-0.037200167775154114,0.04602082818746567,-0.03796718269586563,0.14343157410621643,-0.1503347009420395,0.1484171748161316,-0.15148521959781647,0.036164432764053345,0.0238044373691082,-0.04852443188428879,-0.025635547935962677,-0.015564439818263054,0.04257332161068916,-0.048066653311252594,0.03341776877641678,-0.0791955292224884,0.17075106501579285,-0.1501510739326477,0.16113772988319397,0.0004729372449219227,-0.0004451172426342964,-0.0004451172426342964,0.0005285767838358879,0.03597104549407959,-0.036082327365875244,0.03588759899139404,-0.035831958055496216,0.11940276622772217,-0.11951398849487305,0.11951398849487305,-0.11951398849487305,0.0,0.0,0.0,0.0,0.0,0.0,0.0,0.0,0.0,0.0,0.0,0.0
20260709_111233_260179,2026-07-09T11:12:47.798,14.537944,pose,525,stand,0.0,0.0,0.0,0.0,0.0,0.0,0.0,0.0,0.08,xsens:live,0.011295502074062824,-0.01399132702499628,-0.9998383522033691,0.801721264824496,0.6472616935506227,0.0,0.0,6.488000392913818,17.504274368286133,12,can0:12,4.013794422149658,11.015961647033691,,"BL_hip_joint,BR_hip_joint,FL_hip_joint,FR_hip_joint,BL_thigh_joint,BR_thigh_joint,FL_thigh_joint,FR_thigh_joint,BL_calf_joint,BR_calf_joint,FL_calf_joint,FR_calf_joint",330e02f2406e129bb6ed6ec4a6c6bcd5f80d7e7799a2ab087e81eda65d2fae69,"step=000525 mode=stand  vx= 0.000 vy= 0.000 vxy= 0.000 yaw= 0.000 speed=0.08 imu=xsens:live tilt_rp=[+0.8,+0.6]deg imu_corr=0.000 act_max= 0.000 tau_cmd= 6.488 tau_cmd_max= 17.504 cmds=12 bus=can0:12 tau_fb= 4.014 tau_fb_max= 11.016",,,,,,,,,,,,,,,,,,,,,,,,,,,,,,,,,,,,,,,,,,,,,,,,,0.0,0.0,0.0,0.0,0.0,0.0,0.0,0.0,0.0,0.0,0.0,0.0,0.0,0.0,0.0,0.0,0.0,0.0,0.0,0.0,0.0,0.0,0.0,0.0,-0.00306805525906384,-0.0,-0.0,0.0011505207512527704,0.0345156192779541,-0.03183107450604439,0.039884716272354126,-0.030680552124977112,0.12003766000270844,-0.1269407868385315,0.12617376446723938,-0.12847481667995453,0.003662221133708954,0.028382213786244392,0.04348887503147125,-0.022431105375289917,-0.09613330662250519,-0.0009155552834272385,-0.00045777764171361923,0.11627551913261414,-0.1670888364315033,0.10895107686519623,-0.13000884652137756,0.1506088376045227,0.0003892723470926285,-0.0003663739189505577,-0.0003663739189505577,0.00043506920337677,0.0296076238155365,-0.029699206352233887,0.02953892946243286,-0.029493123292922974,0.09827983379364014,-0.09837150573730469,0.09837150573730469,-0.09837150573730469,0.0,0.0,0.0,0.0,0.0,0.0,0.0,0.0,0.0,0.0,0.0,0.0
20260709_111233_260179,2026-07-09T11:12:47.929,14.669471,pose,530,stand,0.0,0.0,0.0,0.0,0.0,0.0,0.0,0.0,0.08,xsens:live,0.010617690160870552,-0.013564388267695904,-0.9998517036437988,0.7772497885860191,0.6084161942602834,0.0,0.0,5.4048285484313965,16.90172576904297,12,can0:12,3.9634389877319336,10.217597007751465,,"BL_hip_joint,BR_hip_joint,FL_hip_joint,FR_hip_joint,BL_thigh_joint,BR_thigh_joint,FL_thigh_joint,FR_thigh_joint,BL_calf_joint,BR_calf_joint,FL_calf_joint,FR_calf_joint",330e02f2406e129bb6ed6ec4a6c6bcd5f80d7e7799a2ab087e81eda65d2fae69,"step=000530 mode=stand  vx= 0.000 vy= 0.000 vxy= 0.000 yaw= 0.000 speed=0.08 imu=xsens:live tilt_rp=[+0.8,+0.6]deg imu_corr=0.000 act_max= 0.000 tau_cmd= 5.405 tau_cmd_max= 16.902 cmds=12 bus=can0:12 tau_fb= 3.963 tau_fb_max= 10.218",,,,,,,,,,,,,,,,,,,,,,,,,,,,,,,,,,,,,,,,,,,,,,,,,0.0,0.0,0.0,0.0,0.0,0.0,0.0,0.0,0.0,0.0,0.0,0.0,0.0,0.0,0.0,0.0,0.0,0.0,0.0,0.0,0.0,0.0,0.0,0.0,-0.00306805525906384,-0.0,0.00038350690738298,0.00153402762953192,0.02837951108813286,-0.02454444207251072,0.03144756704568863,-0.022243401035666466,0.09932828694581985,-0.10584790259599686,0.10393036901950836,-0.10623141378164291,0.0476088747382164,0.02059999480843544,0.05859553813934326,-0.009155552834272385,-0.08468886464834213,0.08926664292812347,-0.08102664351463318,-0.0013733329251408577,-0.12909328937530518,0.08880886435508728,-0.14694662392139435,0.18402661383152008,0.0003128098323941231,-0.00029440922662615776,-0.00029440922662615776,0.0003496110439300537,0.02379193902015686,-0.023865550756454468,0.02373674511909485,-0.023699939250946045,0.07897531986236572,-0.07904887199401855,0.07904887199401855,-0.07904887199401855,0.0,0.0,0.0,0.0,0.0,0.0,0.0,0.0,0.0,0.0,0.0,0.0
20260709_111233_260179,2026-07-09T11:12:48.055,14.795350,pose,535,stand,0.0,0.0,0.0,0.0,0.0,0.0,0.0,0.0,0.08,xsens:live,0.010008910670876503,-0.013189501129090786,-0.9998629689216614,0.755762482667584,0.5735277763035539,0.0,0.0,5.563689708709717,15.71324348449707,12,can0:12,4.048280239105225,11.052583694458008,,"BL_hip_joint,BR_hip_joint,FL_hip_joint,FR_hip_joint,BL_thigh_joint,BR_thigh_joint,FL_thigh_joint,FR_thigh_joint,BL_calf_joint,BR_calf_joint,FL_calf_joint,FR_calf_joint",330e02f2406e129bb6ed6ec4a6c6bcd5f80d7e7799a2ab087e81eda65d2fae69,"step=000535 mode=stand  vx= 0.000 vy= 0.000 vxy= 0.000 yaw= 0.000 speed=0.08 imu=xsens:live tilt_rp=[+0.8,+0.6]deg imu_corr=0.000 act_max= 0.000 tau_cmd= 5.564 tau_cmd_max= 15.713 cmds=12 bus=can0:12 tau_fb= 4.048 tau_fb_max= 11.053",,,,,,,,,,,,,,,,,,,,,,,,,,,,,,,,,,,,,,,,,,,,,,,,,0.0,0.0,0.0,0.0,0.0,0.0,0.0,0.0,0.0,0.0,0.0,0.0,0.0,0.0,0.0,0.0,0.0,0.0,0.0,0.0,0.0,0.0,0.0,0.0,-0.0034515620209276676,-0.0,0.00038350690738298,0.00153402762953192,0.021859893575310707,-0.016490796580910683,0.02454444207251072,-0.015340276062488556,0.07976943254470825,-0.08820658922195435,0.08705606311559677,-0.08897360414266586,-0.017853328958153725,-0.03387554734945297,0.05859553813934326,0.004119998775422573,-0.07049775868654251,0.06408887356519699,-0.06546220183372498,0.008697775192558765,-0.1744132786989212,0.11719107627868652,-0.1583910584449768,0.1419110745191574,0.00024387985467910767,-0.00022953422740101814,-0.00022953422740101814,0.000272571574896574,0.018549233675003052,-0.018606603145599365,0.01850619912147522,-0.01847749948501587,0.06157255172729492,-0.06162989139556885,0.06162989139556885,-0.06162989139556885,0.0,0.0,0.0,0.0,0.0,0.0,0.0,0.0,0.0,0.0,0.0,0.0
20260709_111233_260179,2026-07-09T11:12:48.184,14.924707,pose,540,stand,0.0,0.0,0.0,0.0,0.0,0.0,0.0,0.0,0.08,xsens:live,0.009402408264577389,-0.012894805520772934,-0.9998726844787598,0.7388710481603087,0.5387710263513705,0.0,0.0,6.450469970703125,15.831254005432129,12,can0:12,3.9747307300567627,10.997650146484375,,"BL_hip_joint,BR_hip_joint,FL_hip_joint,FR_hip_joint,BL_thigh_joint,BR_thigh_joint,FL_thigh_joint,FR_thigh_joint,BL_calf_joint,BR_calf_joint,FL_calf_joint,FR_calf_joint",330e02f2406e129bb6ed6ec4a6c6bcd5f80d7e7799a2ab087e81eda65d2fae69,"step=000540 mode=stand  vx= 0.000 vy= 0.000 vxy= 0.000 yaw= 0.000 speed=0.08 imu=xsens:live tilt_rp=[+0.7,+0.5]deg imu_corr=0.000 act_max= 0.000 tau_cmd= 6.450 tau_cmd_max= 15.831 cmds=12 bus=can0:12 tau_fb= 3.975 tau_fb_max= 10.998",,,,,,,,,,,,,,,,,,,,,,,,,,,,,,,,,,,,,,,,,,,,,,,,,0.0,0.0,0.0,0.0,0.0,0.0,0.0,0.0,0.0,0.0,0.0,0.0,0.0,0.0,0.0,0.0,0.0,0.0,0.0,0.0,0.0,0.0,0.0,0.0,-0.0034515620209276676,-0.0,-0.0,0.00153402762953192,0.016490796580910683,-0.009971179068088531,0.019175345078110695,-0.008820658549666405,0.06404565274715424,-0.07018176466226578,0.06864773482084274,-0.07133228331804276,-0.02929776906967163,-0.08468886464834213,-0.08194220066070557,-0.015564439818263054,-0.03707998991012573,0.11490219086408615,0.08239997923374176,0.04303110018372536,-0.13962218165397644,0.14648884534835815,-0.027924437075853348,0.11627551913261414,0.00018281536176800728,-0.00017206137999892235,-0.00017206137999892235,0.00020432332530617714,0.013904720544815063,-0.013947755098342896,0.013872474431991577,-0.013850957155227661,0.046155571937561035,-0.046198487281799316,0.046198487281799316,-0.046198487281799316,0.0,0.0,0.0,0.0,0.0,0.0,0.0,0.0,0.0,0.0,0.0,0.0
20260709_111233_260179,2026-07-09T11:12:48.309,15.048784,pose,545,stand,0.0,0.0,0.0,0.0,0.0,0.0,0.0,0.0,0.08,xsens:live,0.009237805381417274,-0.012635749764740467,-0.9998775124549866,0.7240252803531931,0.529337038657527,0.0,0.0,4.970560073852539,14.308435440063477,12,can0:12,3.7965023517608643,10.111392974853516,,"BL_hip_joint,BR_hip_joint,FL_hip_joint,FR_hip_joint,BL_thigh_joint,BR_thigh_joint,FL_thigh_joint,FR_thigh_joint,BL_calf_joint,BR_calf_joint,FL_calf_joint,FR_calf_joint",330e02f2406e129bb6ed6ec4a6c6bcd5f80d7e7799a2ab087e81eda65d2fae69,"step=000545 mode=stand  vx= 0.000 vy= 0.000 vxy= 0.000 yaw= 0.000 speed=0.08 imu=xsens:live tilt_rp=[+0.7,+0.5]deg imu_corr=0.000 act_max= 0.000 tau_cmd= 4.971 tau_cmd_max= 14.308 cmds=12 bus=can0:12 tau_fb= 3.797 tau_fb_max= 10.111",,,,,,,,,,,,,,,,,,,,,,,,,,,,,,,,,,,,,,,,,,,,,,,,,0.0,0.0,0.0,0.0,0.0,0.0,0.0,0.0,0.0,0.0,0.0,0.0,0.0,0.0,0.0,0.0,0.0,0.0,0.0,0.0,0.0,0.0,0.0,0.0,-0.0034515620209276676,0.00038350690738298,-0.0,0.00153402762953192,0.013422741554677486,-0.00613611051812768,0.015723783522844315,-0.003835069015622139,0.047171350568532944,-0.05560849979519844,0.05445798113942146,-0.05637551471590996,0.03662221133708954,0.010071108117699623,-0.030671102926135063,-0.04211554303765297,0.0196844395250082,0.02609332650899887,-0.028839992359280586,-0.0398266538977623,-0.0874355286359787,0.07690664380788803,-0.1272621899843216,0.10940885543823242,0.00012994743883609772,-0.00012230360880494118,-0.00012230360880494118,0.0001452355645596981,0.009883671998977661,-0.009914249181747437,0.009860724210739136,-0.009845435619354248,0.03280794620513916,-0.03283858299255371,0.03283858299255371,-0.03283858299255371,0.0,0.0,0.0,0.0,0.0,0.0,0.0,0.0,0.0,0.0,0.0,0.0
20260709_111233_260179,2026-07-09T11:12:48.439,15.179049,pose,550,stand,0.0,0.0,0.0,0.0,0.0,0.0,0.0,0.0,0.08,xsens:live,0.008822830393910408,-0.012290935963392258,-0.999885618686676,0.7042638452631305,0.5055556519443419,0.0,0.0,4.586006164550781,13.221924781799316,12,can0:12,4.032410621643066,10.517899513244629,,"BL_hip_joint,BR_hip_joint,FL_hip_joint,FR_hip_joint,BL_thigh_joint,BR_thigh_joint,FL_thigh_joint,FR_thigh_joint,BL_calf_joint,BR_calf_joint,FL_calf_joint,FR_calf_joint",330e02f2406e129bb6ed6ec4a6c6bcd5f80d7e7799a2ab087e81eda65d2fae69,"step=000550 mode=stand  vx= 0.000 vy= 0.000 vxy= 0.000 yaw= 0.000 speed=0.08 imu=xsens:live tilt_rp=[+0.7,+0.5]deg imu_corr=0.000 act_max= 0.000 tau_cmd= 4.586 tau_cmd_max= 13.222 cmds=12 bus=can0:12 tau_fb= 4.032 tau_fb_max= 10.518",,,,,,,,,,,,,,,,,,,,,,,,,,,,,,,,,,,,,,,,,,,,,,,,,0.0,0.0,0.0,0.0,0.0,0.0,0.0,0.0,0.0,0.0,0.0,0.0,0.0,0.0,0.0,0.0,0.0,0.0,0.0,0.0,0.0,0.0,0.0,0.0,-0.00306805525906384,0.00038350690738298,-0.0,0.00153402762953192,0.01035468652844429,-0.00306805525906384,0.01227222103625536,0.00038350690738298,0.03566614165902138,-0.04218575730919838,0.039884716272354126,-0.04218575730919838,-0.03570665791630745,0.006408886983990669,-0.019226660951972008,-0.05218665301799774,-0.0709555372595787,-0.03891110047698021,0.055848874151706696,-0.031128879636526108,-0.10437330603599548,0.06088442727923393,-0.1190221905708313,0.10071108490228653,8.56081023812294e-05,-8.057244122028351e-05,-8.057244122028351e-05,9.567942470312119e-05,0.00651124119758606,-0.006531387567520142,0.006496131420135498,-0.006486058235168457,0.021613478660583496,-0.021633625030517578,0.021633625030517578,-0.021633625030517578,0.0,0.0,0.0,0.0,0.0,0.0,0.0,0.0,0.0,0.0,0.0,0.0
20260709_111233_260179,2026-07-09T11:12:48.584,15.323851,pose,555,stand,0.0,0.0,0.0,0.0,0.0,0.0,0.0,0.0,0.08,xsens:live,0.008582488633692265,-0.01161478366702795,-0.9998957514762878,0.6655175344404194,0.4917795680199135,0.011970236897468567,0.04788094758987427,5.407957553863525,12.264111518859863,12,can0:12,4.2643513679504395,10.283516883850098,,"BL_hip_joint,BR_hip_joint,FL_hip_joint,FR_hip_joint,BL_thigh_joint,BR_thigh_joint,FL_thigh_joint,FR_thigh_joint,BL_calf_joint,BR_calf_joint,FL_calf_joint,FR_calf_joint",330e02f2406e129bb6ed6ec4a6c6bcd5f80d7e7799a2ab087e81eda65d2fae69,"step=000555 mode=stand  vx= 0.000 vy= 0.000 vxy= 0.000 yaw= 0.000 speed=0.08 imu=xsens:live tilt_rp=[+0.7,+0.5]deg imu_corr=0.012 act_max= 0.048 tau_cmd= 5.408 tau_cmd_max= 12.264 cmds=12 bus=can0:12 tau_fb= 4.264 tau_fb_max= 10.284",0.0,0.0,0.0,0.0,0.0,0.0,0.008582488633692265,-0.01161478366702795,-0.9998957514762878,0.0,0.0,0.0,0.0,0.0,0.0,0.0,0.0,0.0,0.0,0.0,0.0,0.0,0.0,0.0,0.0,0.0,0.0,0.0,0.0,0.0,0.0,0.0,0.0,0.0,0.0,0.0,0.0,0.0,0.0,0.0,0.0,0.0,0.0,0.0,0.0,0.0,0.0,0.0,0.24467749893665314,-0.9167967438697815,-0.15012650191783905,0.9175289869308472,0.26744577288627625,-0.2613152265548706,0.4174644351005554,-0.0657285749912262,-1.1406382322311401,0.7129464149475098,-0.7684705257415771,1.0109590291976929,-0.02889855206012726,-0.04788094758987427,0.027933388948440552,0.010201871395111084,0.013341546058654785,-0.008433818817138672,0.003437221050262451,-0.012241635471582413,0.0004608631134033203,0.012280583381652832,-0.018213868141174316,-0.01666581630706787,-0.007286631036549807,-0.00613611051812768,0.004602083005011082,0.0034515620209276676,0.00843715202063322,0.00038350690738298,0.00843715202063322,0.00421857601031661,0.023777427151799202,-0.028763016685843468,0.02722899056971073,-0.0345156192779541,-0.08468886464834213,-0.05310220643877983,0.1515243947505951,0.0050355540588498116,-0.003662221133708954,0.10711997002363205,-0.062257759273052216,0.01144444104284048,-0.06912442296743393,0.05859553813934326,-0.07324442267417908,0.05767998471856117,-0.007174508646130562,-0.012017417699098587,0.006936166901141405,0.0026064948178827763,0.007148176431655884,-0.005933016538619995,0.004663243889808655,-0.0068584466353058815,0.012771427631378174,-0.009597867727279663,0.008114546537399292,-0.01683446764945984,0.0,0.0,0.0,0.0,0.0,0.0,0.0,0.0,0.0,0.0,0.0,0.0
20260709_111233_260179,2026-07-09T11:12:48.720,15.460510,pose,560,stand,0.0,0.0,0.0,0.0,0.0,0.0,0.0,0.0,0.08,xsens:live,0.008655758574604988,-0.008432193659245968,-0.9999270439147949,0.48315290600977545,0.49596223142901047,0.00942276418209076,0.03769105672836304,5.127933979034424,14.106422424316406,12,can0:12,3.8981292247772217,10.569169998168945,,"BL_hip_joint,BR_hip_joint,FL_hip_joint,FR_hip_joint,BL_thigh_joint,BR_thigh_joint,FL_thigh_joint,FR_thigh_joint,BL_calf_joint,BR_calf_joint,FL_calf_joint,FR_calf_joint",330e02f2406e129bb6ed6ec4a6c6bcd5f80d7e7799a2ab087e81eda65d2fae69,"step=000560 mode=stand  vx= 0.000 vy= 0.000 vxy= 0.000 yaw= 0.000 speed=0.08 imu=xsens:live tilt_rp=[+0.5,+0.5]deg imu_corr=0.009 act_max= 0.038 tau_cmd= 5.128 tau_cmd_max= 14.106 cmds=12 bus=can0:12 tau_fb= 3.898 tau_fb_max= 10.569",0.0,0.0,0.0,0.0,0.0,0.0,0.008655758574604988,-0.008432193659245968,-0.9999270439147949,0.0,0.0,0.0,0.0,0.0,0.0,0.0,0.0,0.0,0.0,0.0,0.0,0.0,0.0,0.0,0.0,0.0,0.0,0.0,0.0,0.0,0.0,0.0,0.0,0.0,0.0,0.0,0.0,0.0,0.0,0.0,0.0,0.0,0.0,0.0,0.0,0.0,0.0,0.0,0.254751980304718,-0.9066068530082703,-0.1564721018075943,0.9135121703147888,0.2639073133468628,-0.2592236399650574,0.41571611166000366,-0.06151336431503296,-1.1412338018417358,0.708207905292511,-0.7630678415298462,1.0153186321258545,-0.018824070692062378,-0.03769105672836304,0.021587789058685303,0.006185054779052734,0.009803086519241333,-0.0063422322273254395,0.0016888976097106934,-0.008026424795389175,-0.0001347064971923828,0.007542073726654053,-0.01281118392944336,-0.01230621337890625,-0.008820658549666405,-0.008053644560277462,0.00613611051812768,0.004985589534044266,0.007286631036549807,0.002301041502505541,0.0057526035234332085,0.00613611051812768,0.014573262073099613,-0.02147638611495495,0.018408332020044327,-0.02761249616742134,-0.010528885759413242,0.04669332131743431,0.028839992359280586,-0.07278664410114288,0.03021332435309887,0.06408887356519699,-0.02471999265253544,-0.010071108117699623,-0.06042664870619774,-0.030671102926135063,-0.059968870133161545,0.03799554333090782,-0.004682175349444151,-0.009445203468203545,0.005374507512897253,0.0015729106962680817,0.004264183342456818,-0.003404572606086731,0.0022314339876174927,-0.003812984563410282,0.0059857964515686035,-0.004139557480812073,0.002822279930114746,-0.009101629257202148,0.0,0.0,0.0,0.0,0.0,0.0,0.0,0.0,0.0,0.0,0.0,0.0
20260709_111233_260179,2026-07-09T11:12:48.858,15.598417,pose,565,stand,0.0,0.0,0.0,0.0,0.0,0.0,0.0,0.0,0.08,xsens:live,0.008401191793382168,-0.008611246012151241,-0.9999276995658875,0.49341152999882526,0.4813763105675069,0.00949510931968689,0.03798043727874756,4.3867316246032715,11.191802024841309,12,can0:12,3.9829704761505127,8.653828620910645,,"BL_hip_joint,BR_hip_joint,FL_hip_joint,FR_hip_joint,BL_thigh_joint,BR_thigh_joint,FL_thigh_joint,FR_thigh_joint,BL_calf_joint,BR_calf_joint,FL_calf_joint,FR_calf_joint",330e02f2406e129bb6ed6ec4a6c6bcd5f80d7e7799a2ab087e81eda65d2fae69,"step=000565 mode=stand  vx= 0.000 vy= 0.000 vxy= 0.000 yaw= 0.000 speed=0.08 imu=xsens:live tilt_rp=[+0.5,+0.5]deg imu_corr=0.009 act_max= 0.038 tau_cmd= 4.387 tau_cmd_max= 11.192 cmds=12 bus=can0:12 tau_fb= 3.983 tau_fb_max= 8.654",0.0,0.0,0.0,0.0,0.0,0.0,0.008401191793382168,-0.008611246012151241,-0.9999276995658875,0.0,0.0,0.0,0.0,0.0,0.0,0.0,0.0,0.0,0.0,0.0,0.0,0.0,0.0,0.0,0.0,0.0,0.0,0.0,0.0,0.0,0.0,0.0,0.0,0.0,0.0,0.0,0.0,0.0,0.0,0.0,0.0,0.0,0.0,0.0,0.0,0.0,0.0,0.0,0.2539377510547638,-0.9068962335586548,-0.15624982118606567,0.913856029510498,0.26409614086151123,-0.2593405842781067,0.41591501235961914,-0.061848681420087814,-1.1411442756652832,0.7086300253868103,-0.7634462118148804,1.0150766372680664,-0.0196382999420166,-0.03798043727874756,0.021810069680213928,0.006528913974761963,0.00999191403388977,-0.006459176540374756,0.0018877983093261719,-0.00836174190044403,-4.5180320739746094e-05,0.00796419382095337,-0.013189554214477539,-0.012548208236694336,-0.007670138031244278,-0.006903124041855335,0.00613611051812768,0.004985589534044266,0.00613611051812768,0.00421857601031661,0.0026845482643693686,0.00843715202063322,0.009587672539055347,-0.015340276062488556,0.011121700517833233,-0.02109287865459919,-0.0,-0.016937773674726486,0.025177771225571632,-0.010071108117699623,-0.007324442267417908,-0.03433332219719887,-0.02151555009186268,0.009155552834272385,0.0050355540588498116,0.008697775192558765,0.02151555009186268,0.05493331700563431,-0.004902496002614498,-0.009501772001385689,0.005445854738354683,0.0016401405446231365,0.003036417067050934,-0.002154901623725891,0.001009136438369751,-0.0026267878711223602,0.0017760097980499268,0.0,0.0,-0.004926025867462158,0.0,0.0,0.0,0.0,0.0,0.0,0.0,0.0,0.0,0.0,0.0,0.0
20260709_111233_260179,2026-07-09T11:12:48.994,15.734206,pose,570,stand,0.0,0.0,0.0,0.0,0.0,0.0,0.0,0.0,0.08,xsens:live,0.008184109814465046,-0.009050983935594559,-0.9999255537986755,0.5186076260738859,0.46893939180503946,0.009789139032363892,0.039156556129455566,4.808253765106201,12.285612106323242,12,can0:12,3.6466567516326904,8.738059997558594,,"BL_hip_joint,BR_hip_joint,FL_hip_joint,FR_hip_joint,BL_thigh_joint,BR_thigh_joint,FL_thigh_joint,FR_thigh_joint,BL_calf_joint,BR_calf_joint,FL_calf_joint,FR_calf_joint",330e02f2406e129bb6ed6ec4a6c6bcd5f80d7e7799a2ab087e81eda65d2fae69,"step=000570 mode=stand  vx= 0.000 vy= 0.000 vxy= 0.000 yaw= 0.000 speed=0.08 imu=xsens:live tilt_rp=[+0.5,+0.5]deg imu_corr=0.010 act_max= 0.039 tau_cmd= 4.808 tau_cmd_max= 12.286 cmds=12 bus=can0:12 tau_fb= 3.647 tau_fb_max= 8.738",0.0,0.0,0.0,0.0,0.0,0.0,0.008184109814465046,-0.009050983935594559,-0.9999255537986755,0.0,0.0,0.0,0.0,0.0,0.0,0.0,0.0,0.0,0.0,0.0,0.0,0.0,0.0,0.0,0.0,0.0,0.0,0.0,0.0,0.0,0.0,0.0,0.0,0.0,0.0,0.0,0.0,0.0,0.0,0.0,0.0,0.0,0.0,0.0,0.0,0.0,0.0,0.0,0.2523367702960968,-0.9080723524093628,-0.15548428893089294,0.9145069718360901,0.2645769715309143,-0.2596319615840912,0.4162422716617584,-0.06251250207424164,-1.1410149335861206,0.7094150185585022,-0.7642593383789062,1.0144741535186768,-0.021239280700683594,-0.039156556129455566,0.022575601935386658,0.007179856300354004,0.010472744703292847,-0.006750553846359253,0.002215057611465454,-0.009025562554597855,8.416175842285156e-05,0.008749186992645264,-0.014002680778503418,-0.013150691986083984,-0.007670138031244278,-0.006903124041855335,0.0057526035234332085,0.00421857601031661,0.004602083005011082,0.005369096528738737,0.00076701381476596,0.009971179068088531,0.006903124041855335,-0.01227222103625536,0.009971179068088531,-0.016490796580910683,0.0119022186845541,0.007782219909131527,-0.0068666646257042885,0.0553910955786705,-0.021973326802253723,0.06179998070001602,0.07782220095396042,0.04852443188428879,-0.04303110018372536,-0.08560442179441452,-0.01235999632626772,-0.01235999632626772,-0.005309648811817169,-0.0097893001511693,0.005643739365041256,0.0017951554618775845,0.0026312097907066345,-0.0017007216811180115,0.0005667582154273987,-0.002269384451210499,6.431341171264648e-05,0.0,0.0,-0.0033309459686279297,0.0,0.0,0.0,0.0,0.0,0.0,0.0,0.0,0.0,0.0,0.0,0.0
20260709_111233_260179,2026-07-09T11:12:49.123,15.863349,pose,575,stand,0.0,0.0,0.0,0.0,0.0,0.0,0.0,0.0,0.08,xsens:live,0.008198684081435204,-0.008739826269447803,-0.9999282360076904,0.5007783455365329,0.46977318185583405,0.00954146683216095,0.0381658673286438,4.321966171264648,9.16350269317627,12,can0:12,4.035462856292725,9.514450073242188,,"BL_hip_joint,BR_hip_joint,FL_hip_joint,FR_hip_joint,BL_thigh_joint,BR_thigh_joint,FL_thigh_joint,FR_thigh_joint,BL_calf_joint,BR_calf_joint,FL_calf_joint,FR_calf_joint",330e02f2406e129bb6ed6ec4a6c6bcd5f80d7e7799a2ab087e81eda65d2fae69,"step=000575 mode=stand  vx= 0.000 vy= 0.000 vxy= 0.000 yaw= 0.000 speed=0.08 imu=xsens:live tilt_rp=[+0.5,+0.5]deg imu_corr=0.010 act_max= 0.038 tau_cmd= 4.322 tau_cmd_max= 9.164 cmds=12 bus=can0:12 tau_fb= 4.035 tau_fb_max= 9.514",0.0,0.0,0.0,0.0,0.0,0.0,0.008198684081435204,-0.008739826269447803,-0.9999282360076904,0.0,0.0,0.0,0.0,0.0,0.0,0.0,0.0,0.0,0.0,0.0,0.0,0.0,0.0,0.0,0.0,0.0,0.0,0.0,0.0,0.0,0.0,0.0,0.0,0.0,0.0,0.0,0.0,0.0,0.0,0.0,0.0,0.0,0.0,0.0,0.0,0.0,0.0,0.0,0.2533333897590637,-0.907081663608551,-0.1561019867658615,0.9141122698783875,0.2642309069633484,-0.25942420959472656,0.41606539487838745,-0.06209683045744896,-1.1410748958587646,0.708945631980896,-0.7637238502502441,1.0149023532867432,-0.020242661237716675,-0.0381658673286438,0.02195790410041809,0.006785154342651367,0.010126680135726929,-0.006542801856994629,0.0020381808280944824,-0.008609890937805176,2.4199485778808594e-05,0.008279800415039062,-0.013467192649841309,-0.012722492218017578,-0.008053644560277462,-0.006903124041855335,0.0057526035234332085,0.004602083005011082,0.0034515620209276676,0.006903124041855335,-0.0,0.011505207046866417,0.0057526035234332085,-0.011888713575899601,0.009587672539055347,-0.015723783522844315,-0.05722220614552498,0.016479995101690292,-0.0119022186845541,-0.013733329251408577,0.04303110018372536,-0.037537768483161926,0.06454664468765259,0.05493331700563431,-0.021973326802253723,-0.0068666646257042885,-0.002288888208568096,0.053559985011816025,-0.005060665309429169,-0.00954146683216095,0.005489476025104523,0.0016962885856628418,0.002531670033931732,-0.0016357004642486572,0.0005095452070236206,-0.002152472734451294,6.0498714447021484e-06,0.0,0.0,-0.0031806230545043945,0.0,0.0,0.0,0.0,0.0,0.0,0.0,0.0,0.0,0.0,0.0,0.0
20260709_111233_260179,2026-07-09T11:12:49.259,15.999575,pose,580,stand,0.0,0.0,0.0,0.0,0.0,0.0,0.0,0.0,0.08,xsens:live,0.008243757300078869,-0.008582031354308128,-0.9999292492866516,0.4917368940221553,0.4723552191833078,0.009426549077033997,0.037706196308135986,3.5999553203582764,8.797703742980957,12,can0:12,3.8962981700897217,8.891873359680176,,"BL_hip_joint,BR_hip_joint,FL_hip_joint,FR_hip_joint,BL_thigh_joint,BR_thigh_joint,FL_thigh_joint,FR_thigh_joint,BL_calf_joint,BR_calf_joint,FL_calf_joint,FR_calf_joint",330e02f2406e129bb6ed6ec4a6c6bcd5f80d7e7799a2ab087e81eda65d2fae69,"step=000580 mode=stand  vx= 0.000 vy= 0.000 vxy= 0.000 yaw= 0.000 speed=0.08 imu=xsens:live tilt_rp=[+0.5,+0.5]deg imu_corr=0.009 act_max= 0.038 tau_cmd= 3.600 tau_cmd_max= 8.798 cmds=12 bus=can0:12 tau_fb= 3.896 tau_fb_max= 8.892",0.0,0.0,0.0,0.0,0.0,0.0,0.008243757300078869,-0.008582031354308128,-0.9999292492866516,0.0,0.0,0.0,0.0,0.0,0.0,0.0,0.0,0.0,0.0,0.0,0.0,0.0,0.0,0.0,0.0,0.0,0.0,0.0,0.0,0.0,0.0,0.0,0.0,0.0,0.0,0.0,0.0,0.0,0.0,0.0,0.0,0.0,0.0,0.0,0.0,0.0,0.0,0.0,0.253876268863678,-0.9066219925880432,-0.15639469027519226,0.9138941168785095,0.2640570104122162,-0.25931912660598755,0.4159606397151947,-0.06187143176794052,-1.1411138772964478,0.7086842060089111,-0.7634413242340088,1.0151196718215942,-0.019699782133102417,-0.037706196308135986,0.02166520059108734,0.0065670013427734375,0.009952783584594727,-0.006437718868255615,0.0019334256649017334,-0.008384492248296738,-1.4781951904296875e-05,0.0080183744430542,-0.013184666633605957,-0.012505173683166504,-0.007670138031244278,-0.006903124041855335,0.005369096528738737,0.004602083005011082,0.0034515620209276676,0.007286631036549807,-0.00038350690738298,0.011505207046866417,0.0057526035234332085,-0.011888713575899601,0.009204166010022163,-0.015340276062488556,0.018768884241580963,-0.007782219909131527,0.04531998559832573,0.0032044434919953346,-0.010071108117699623,-0.06042664870619774,0.07736442238092422,-0.04898220673203468,0.0032044434919953346,0.02059999480843544,-0.050355542451143265,0.010071108117699623,-0.004924945533275604,-0.009426549077033997,0.005416300147771835,0.0016417503356933594,0.0024881958961486816,-0.0016094297170639038,0.00048335641622543335,-0.0020961230620741844,0.0,0.0,0.0,-0.003126293420791626,0.0,0.0,0.0,0.0,0.0,0.0,0.0,0.0,0.0,0.0,0.0,0.0
20260709_111233_260179,2026-07-09T11:12:49.395,16.134944,pose,585,stand,0.0,0.0,0.0,0.0,0.0,0.0,0.0,0.0,0.08,xsens:live,0.008215316571295261,-0.008944089524447918,-0.9999262690544128,0.5124827008080671,0.47072708344774583,0.00971151888370514,0.03884607553482056,4.503159999847412,9.683378219604492,12,can0:12,3.7076938152313232,8.261970520019531,,"BL_hip_joint,BR_hip_joint,FL_hip_joint,FR_hip_joint,BL_thigh_joint,BR_thigh_joint,FL_thigh_joint,FR_thigh_joint,BL_calf_joint,BR_calf_joint,FL_calf_joint,FR_calf_joint",330e02f2406e129bb6ed6ec4a6c6bcd5f80d7e7799a2ab087e81eda65d2fae69,"step=000585 mode=stand  vx= 0.000 vy= 0.000 vxy= 0.000 yaw= 0.000 speed=0.08 imu=xsens:live tilt_rp=[+0.5,+0.5]deg imu_corr=0.010 act_max= 0.039 tau_cmd= 4.503 tau_cmd_max= 9.683 cmds=12 bus=can0:12 tau_fb= 3.708 tau_fb_max= 8.262",0.0,0.0,0.0,0.0,0.0,0.0,0.008215316571295261,-0.008944089524447918,-0.9999262690544128,0.0,0.0,0.0,0.0,0.0,0.0,0.0,0.0,0.0,0.0,0.0,0.0,0.0,0.0,0.0,0.0,0.0,0.0,0.0,0.0,0.0,0.0,0.0,0.0,0.0,0.0,0.0,0.0,0.0,0.0,0.0,0.0,0.0,0.0,0.0,0.0,0.0,0.0,0.0,0.2527049779891968,-0.9077618718147278,-0.1556818187236786,0.9143583178520203,0.26445892453193665,-0.25956082344055176,0.4161711633205414,-0.06235929951071739,-1.1410412788391113,0.709237813949585,-0.7640680074691772,1.0146207809448242,-0.020871073007583618,-0.03884607553482056,0.022378072142601013,0.00703120231628418,0.010354697704315186,-0.006679415702819824,0.002143949270248413,-0.008872359991073608,5.7816505432128906e-05,0.008571982383728027,-0.013811349868774414,-0.013004064559936523,-0.007670138031244278,-0.006903124041855335,0.005369096528738737,0.00421857601031661,0.0034515620209276676,0.007286631036549807,-0.00038350690738298,0.011505207046866417,0.0057526035234332085,-0.011505207046866417,0.009587672539055347,-0.014956769533455372,-0.03479110077023506,-0.0315866582095623,0.01144444104284048,0.0238044373691082,0.11535996943712234,-0.007324442267417908,0.009155552834272385,-0.01235999632626772,0.009613330475986004,-0.02929776906967163,0.02609332650899887,-0.01235999632626772,-0.0052177682518959045,-0.00971151888370514,0.005594518035650253,0.001757800579071045,0.0025886744260787964,-0.001669853925704956,0.0005359873175621033,-0.002218089997768402,1.4454126358032227e-05,0.0,0.0,-0.003251016139984131,0.0,0.0,0.0,0.0,0.0,0.0,0.0,0.0,0.0,0.0,0.0,0.0
20260709_111233_260179,2026-07-09T11:12:49.531,16.271137,pose,590,stand,0.0,0.0,0.0,0.0,0.0,0.0,0.0,0.0,0.08,xsens:live,0.008260393515229225,-0.008619760163128376,-0.9999287724494934,0.4938988240655439,0.4733086323204501,0.009461894631385803,0.03784757852554321,4.011101722717285,12.182639122009277,12,can0:12,3.949705123901367,9.444868087768555,,"BL_hip_joint,BR_hip_joint,FL_hip_joint,FR_hip_joint,BL_thigh_joint,BR_thigh_joint,FL_thigh_joint,FR_thigh_joint,BL_calf_joint,BR_calf_joint,FL_calf_joint,FR_calf_joint",330e02f2406e129bb6ed6ec4a6c6bcd5f80d7e7799a2ab087e81eda65d2fae69,"step=000590 mode=stand  vx= 0.000 vy= 0.000 vxy= 0.000 yaw= 0.000 speed=0.08 imu=xsens:live tilt_rp=[+0.5,+0.5]deg imu_corr=0.009 act_max= 0.038 tau_cmd= 4.011 tau_cmd_max= 12.183 cmds=12 bus=can0:12 tau_fb= 3.950 tau_fb_max= 9.445",0.0,0.0,0.0,0.0,0.0,0.0,0.008260393515229225,-0.008619760163128376,-0.9999287724494934,0.0,0.0,0.0,0.0,0.0,0.0,0.0,0.0,0.0,0.0,0.0,0.0,0.0,0.0,0.0,0.0,0.0,0.0,0.0,0.0,0.0,0.0,0.0,0.0,0.0,0.0,0.0,0.0,0.0,0.0,0.0,0.0,0.0,0.0,0.0,0.0,0.0,0.0,0.0,0.25377291440963745,-0.9067633748054504,-0.15630961954593658,0.913933515548706,0.2640995383262634,-0.25934454798698425,0.41597509384155273,-0.06191441789269447,-1.1411104202270508,0.7087301015853882,-0.7635010480880737,1.0150671005249023,-0.019803136587142944,-0.03784757852554321,0.021750271320343018,0.006606400012969971,0.009995311498641968,-0.006463140249252319,0.0019478797912597656,-0.00842747837305069,-1.1324882507324219e-05,0.00806427001953125,-0.013244390487670898,-0.012557744979858398,-0.008053644560277462,-0.006903124041855335,0.0057526035234332085,0.004602083005011082,0.0034515620209276676,0.007286631036549807,-0.00038350690738298,0.011505207046866417,0.0057526035234332085,-0.011505207046866417,0.009204166010022163,-0.015340276062488556,0.019226660951972008,-0.07232886552810669,-0.10940885543823242,-0.04211554303765297,0.03021332435309887,-0.06591998040676117,0.015564439818263054,-0.050355542451143265,-0.010986663401126862,0.007324442267417908,0.03570665791630745,-0.08423108607530594,-0.004950784146785736,-0.009461894631385803,0.005437567830085754,0.0016516000032424927,0.002498827874660492,-0.0016157850623130798,0.0004869699478149414,-0.0021068695932626724,0.0,0.0,0.0,-0.0031394362449645996,0.0,0.0,0.0,0.0,0.0,0.0,0.0,0.0,0.0,0.0,0.0,0.0
20260709_111233_260179,2026-07-09T11:12:49.667,16.407587,pose,595,stand,0.0,0.0,0.0,0.0,0.0,0.0,0.0,0.0,0.08,xsens:live,0.008192915469408035,-0.008785352110862732,-0.9999278783798218,0.5033869510307962,0.46944283110697216,0.009576812386512756,0.038307249546051025,4.080569744110107,9.330972671508789,12,can0:12,3.7079989910125732,8.587908744812012,,"BL_hip_joint,BR_hip_joint,FL_hip_joint,FR_hip_joint,BL_thigh_joint,BR_thigh_joint,FL_thigh_joint,FR_thigh_joint,BL_calf_joint,BR_calf_joint,FL_calf_joint,FR_calf_joint",330e02f2406e129bb6ed6ec4a6c6bcd5f80d7e7799a2ab087e81eda65d2fae69,"step=000595 mode=stand  vx= 0.000 vy= 0.000 vxy= 0.000 yaw= 0.000 speed=0.08 imu=xsens:live tilt_rp=[+0.5,+0.5]deg imu_corr=0.010 act_max= 0.038 tau_cmd= 4.081 tau_cmd_max= 9.331 cmds=12 bus=can0:12 tau_fb= 3.708 tau_fb_max= 8.588",0.0,0.0,0.0,0.0,0.0,0.0,0.008192915469408035,-0.008785352110862732,-0.9999278783798218,0.0,0.0,0.0,0.0,0.0,0.0,0.0,0.0,0.0,0.0,0.0,0.0,0.0,0.0,0.0,0.0,0.0,0.0,0.0,0.0,0.0,0.0,0.0,0.0,0.0,0.0,0.0,0.0,0.0,0.0,0.0,0.0,0.0,0.0,0.0,0.0,0.0,0.0,0.0,0.2531844973564148,-0.9072230458259583,-0.15601325035095215,0.9141712188720703,0.26428115367889404,-0.25945478677749634,0.4160926342010498,-0.06215859204530716,-1.1410646438598633,0.7090163230895996,-0.7638033628463745,1.01483952999115,-0.0203915536403656,-0.038307249546051025,0.022046640515327454,0.0068441033363342285,0.010176926851272583,-0.006573379039764404,0.002065420150756836,-0.008671652525663376,3.445148468017578e-05,0.008350491523742676,-0.01354670524597168,-0.01278531551361084,-0.007670138031244278,-0.006903124041855335,0.005369096528738737,0.004602083005011082,0.0034515620209276676,0.007286631036549807,-0.00038350690738298,0.011505207046866417,0.0057526035234332085,-0.011505207046866417,0.009204166010022163,-0.014956769533455372,0.05951109528541565,-0.008697775192558765,0.03662221133708954,0.04440443217754364,0.0315866582095623,-0.012817773967981339,-0.010986663401126862,-0.03662221133708954,0.008239997550845146,0.0032044434919953346,0.02151555009186268,-0.014191106893122196,-0.0050978884100914,-0.009576812386512756,0.005511660128831863,0.0017110258340835571,0.0025442317128181458,-0.001643344759941101,0.000516355037689209,-0.002167913131415844,8.612871170043945e-06,0.0,0.0,-0.00319632887840271,0.0,0.0,0.0,0.0,0.0,0.0,0.0,0.0,0.0,0.0,0.0,0.0
20260709_111233_260179,2026-07-09T11:12:49.804,16.544234,pose,600,stand,0.0,0.0,0.0,0.0,0.0,0.0,0.0,0.0,0.08,xsens:live,0.00819011777639389,-0.008968193084001541,-0.9999263286590576,0.5138636934530861,0.46928326157880834,0.009723857045173645,0.03889542818069458,4.763342380523682,10.007903099060059,12,can0:12,3.700369119644165,8.664814949035645,,"BL_hip_joint,BR_hip_joint,FL_hip_joint,FR_hip_joint,BL_thigh_joint,BR_thigh_joint,FL_thigh_joint,FR_thigh_joint,BL_calf_joint,BR_calf_joint,FL_calf_joint,FR_calf_joint",330e02f2406e129bb6ed6ec4a6c6bcd5f80d7e7799a2ab087e81eda65d2fae69,"step=000600 mode=stand  vx= 0.000 vy= 0.000 vxy= 0.000 yaw= 0.000 speed=0.08 imu=xsens:live tilt_rp=[+0.5,+0.5]deg imu_corr=0.010 act_max= 0.039 tau_cmd= 4.763 tau_cmd_max= 10.008 cmds=12 bus=can0:12 tau_fb= 3.700 tau_fb_max= 8.665",0.0,0.0,0.0,0.0,0.0,0.0,0.00819011777639389,-0.008968193084001541,-0.9999263286590576,0.0,0.0,0.0,0.0,0.0,0.0,0.0,0.0,0.0,0.0,0.0,0.0,0.0,0.0,0.0,0.0,0.0,0.0,0.0,0.0,0.0,0.0,0.0,0.0,0.0,0.0,0.0,0.0,0.0,0.0,0.0,0.0,0.0,0.0,0.0,0.0,0.0,0.0,0.0,0.2526043951511383,-0.9078112244606018,-0.15564754605293274,0.9144009947776794,0.26448479294776917,-0.25957682728767395,0.41619420051574707,-0.06240086629986763,-1.1410307884216309,0.7092887163162231,-0.7641162872314453,1.0145881175994873,-0.02097165584564209,-0.03889542818069458,0.022412344813346863,0.007073879241943359,0.010380566120147705,-0.006695419549942017,0.0021669864654541016,-0.008913926780223846,6.830692291259766e-05,0.008622884750366211,-0.01385962963104248,-0.013036727905273438,-0.007670138031244278,-0.006903124041855335,0.0057526035234332085,0.00421857601031661,0.00306805525906384,0.007286631036549807,-0.00038350690738298,0.011888713575899601,0.0057526035234332085,-0.011505207046866417,0.009204166010022163,-0.014956769533455372,-0.04989776387810707,0.04577776417136192,0.07507553696632385,-0.06500442326068878,0.028839992359280586,0.020142216235399246,-0.07644886523485184,0.08194220066070557,0.053559985011816025,-0.0068666646257042885,-0.04348887503147125,0.06820886582136154,-0.0052429139614105225,-0.009723857045173645,0.005603086203336716,0.0017684698104858398,0.0025951415300369263,-0.0016738548874855042,0.0005417466163635254,-0.0022284816950559616,1.7076730728149414e-05,0.0,0.0,-0.0032591819763183594,0.0,0.0,0.0,0.0,0.0,0.0,0.0,0.0,0.0,0.0,0.0,0.0
20260709_111233_260179,2026-07-09T11:12:49.940,16.680619,pose,605,stand,0.0,0.0,0.0,0.0,0.0,0.0,0.0,0.0,0.08,xsens:live,0.008281683549284935,-0.00874231941998005,-0.9999275207519531,0.5009215501702619,0.47452905883038854,0.009567156434059143,0.03826862573623657,4.716397762298584,9.617460250854492,12,can0:12,3.9823601245880127,8.613544464111328,,"BL_hip_joint,BR_hip_joint,FL_hip_joint,FR_hip_joint,BL_thigh_joint,BR_thigh_joint,FL_thigh_joint,FR_thigh_joint,BL_calf_joint,BR_calf_joint,FL_calf_joint,FR_calf_joint",330e02f2406e129bb6ed6ec4a6c6bcd5f80d7e7799a2ab087e81eda65d2fae69,"step=000605 mode=stand  vx= 0.000 vy= 0.000 vxy= 0.000 yaw= 0.000 speed=0.08 imu=xsens:live tilt_rp=[+0.5,+0.5]deg imu_corr=0.010 act_max= 0.038 tau_cmd= 4.716 tau_cmd_max= 9.617 cmds=12 bus=can0:12 tau_fb= 3.982 tau_fb_max= 8.614",0.0,0.0,0.0,0.0,0.0,0.0,0.008281683549284935,-0.00874231941998005,-0.9999275207519531,0.0,0.0,0.0,0.0,0.0,0.0,0.0,0.0,0.0,0.0,0.0,0.0,0.0,0.0,0.0,0.0,0.0,0.0,0.0,0.0,0.0,0.0,0.0,0.0,0.0,0.0,0.0,0.0,0.0,0.0,0.0,0.0,0.0,0.0,0.0,0.0,0.0,0.0,0.0,0.25340670347213745,-0.9071844220161438,-0.15605121850967407,0.9140756130218506,0.26423704624176025,-0.2594268321990967,0.416034072637558,-0.06206768751144409,-1.1410928964614868,0.7088980674743652,-0.7637044191360474,1.0148977041244507,-0.020169347524642944,-0.03826862573623657,0.02200867235660553,0.006748497486114502,0.010132819414138794,-0.006545424461364746,0.0020068585872650146,-0.008580747991800308,6.198883056640625e-06,0.0082322359085083,-0.013447761535644531,-0.012727141380310059,-0.007670138031244278,-0.006903124041855335,0.0057526035234332085,0.004602083005011082,0.0034515620209276676,0.007286631036549807,-0.00038350690738298,0.011505207046866417,0.005369096528738737,-0.011505207046866417,0.009204166010022163,-0.014956769533455372,0.0238044373691082,-0.006408886983990669,0.10666219145059586,-0.0027466658502817154,0.043946653604507446,0.06637775897979736,0.07553330808877945,-0.009155552834272385,-0.047151096165180206,-0.027466658502817154,0.05081331729888916,-0.0119022186845541,-0.005042336881160736,-0.009567156434059143,0.0055021680891513824,0.0016871243715286255,0.0025332048535346985,-0.0016363561153411865,0.0005017146468162537,-0.002145186997950077,1.5497207641601562e-06,0.0,0.0,-0.0031817853450775146,0.0,0.0,0.0,0.0,0.0,0.0,0.0,0.0,0.0,0.0,0.0,0.0
20260709_111233_260179,2026-07-09T11:12:50.070,16.809917,pose,610,stand,0.0,0.0,0.0,0.0,0.0,0.0,0.0,0.0,0.08,xsens:live,0.008298703469336033,-0.008859284222126007,-0.9999263286590576,0.5076237114470257,0.4755047989318269,0.009666666388511658,0.03866666555404663,3.9044768810272217,9.403225898742676,12,can0:12,3.7443158626556396,8.749046325683594,,"BL_hip_joint,BR_hip_joint,FL_hip_joint,FR_hip_joint,BL_thigh_joint,BR_thigh_joint,FL_thigh_joint,FR_thigh_joint,BL_calf_joint,BR_calf_joint,FL_calf_joint,FR_calf_joint",330e02f2406e129bb6ed6ec4a6c6bcd5f80d7e7799a2ab087e81eda65d2fae69,"step=000610 mode=stand  vx= 0.000 vy= 0.000 vxy= 0.000 yaw= 0.000 speed=0.08 imu=xsens:live tilt_rp=[+0.5,+0.5]deg imu_corr=0.010 act_max= 0.039 tau_cmd= 3.904 tau_cmd_max= 9.403 cmds=12 bus=can0:12 tau_fb= 3.744 tau_fb_max= 8.749",0.0,0.0,0.0,0.0,0.0,0.0,0.008298703469336033,-0.008859284222126007,-0.9999263286590576,0.0,0.0,0.0,0.0,0.0,0.0,0.0,0.0,0.0,0.0,0.0,0.0,0.0,0.0,0.0,0.0,0.0,0.0,0.0,0.0,0.0,0.0,0.0,0.0,0.0,0.0,0.0,0.0,0.0,0.0,0.0,0.0,0.0,0.0,0.0,0.0,0.0,0.0,0.0,0.25305402278900146,-0.9075824618339539,-0.15580712258815765,0.9142132997512817,0.2643682360649109,-0.2595052421092987,0.4160919785499573,-0.06221531331539154,-1.1410753726959229,0.7090607285499573,-0.7638994455337524,1.0147361755371094,-0.02052202820777893,-0.03866666555404663,0.022252768278121948,0.006886184215545654,0.010264009237289429,-0.0066238343715667725,0.0020647644996643066,-0.008728373795747757,2.372264862060547e-05,0.008394896984100342,-0.01364278793334961,-0.012888669967651367,-0.007670138031244278,-0.006903124041855335,0.005369096528738737,0.004602083005011082,0.0034515620209276676,0.007286631036549807,-0.00076701381476596,0.011505207046866417,0.0057526035234332085,-0.011505207046866417,0.009204166010022163,-0.014956769533455372,-0.00595110934227705,0.03707998991012573,0.009613330475986004,-0.04348887503147125,0.014191106893122196,-0.028382213786244392,0.026551103219389915,-0.016022218391299248,0.017853328958153725,-0.02151555009186268,-0.023346660658717155,-0.009155552834272385,-0.005130507051944733,-0.009666666388511658,0.005563192069530487,0.0017215460538864136,0.002566002309322357,-0.0016559585928916931,0.0005161911249160767,-0.0021820934489369392,5.930662155151367e-06,0.0,0.0,-0.003222167491912842,0.0,0.0,0.0,0.0,0.0,0.0,0.0,0.0,0.0,0.0,0.0,0.0
20260709_111233_260179,2026-07-09T11:12:50.205,16.944975,pose,615,stand,0.0,0.0,0.0,0.0,0.0,0.0,0.0,0.0,0.08,xsens:live,0.008305861614644527,-0.008999254554510117,-0.9999250769615173,0.5156440175292862,0.47591552810928983,0.009782060980796814,0.039128243923187256,3.5832178592681885,9.011778831481934,12,can0:12,3.7199010848999023,8.276619911193848,,"BL_hip_joint,BR_hip_joint,FL_hip_joint,FR_hip_joint,BL_thigh_joint,BR_thigh_joint,FL_thigh_joint,FR_thigh_joint,BL_calf_joint,BR_calf_joint,FL_calf_joint,FR_calf_joint",330e02f2406e129bb6ed6ec4a6c6bcd5f80d7e7799a2ab087e81eda65d2fae69,"step=000615 mode=stand  vx= 0.000 vy= 0.000 vxy= 0.000 yaw= 0.000 speed=0.08 imu=xsens:live tilt_rp=[+0.5,+0.5]deg imu_corr=0.010 act_max= 0.039 tau_cmd= 3.583 tau_cmd_max= 9.012 cmds=12 bus=can0:12 tau_fb= 3.720 tau_fb_max= 8.277",0.0,0.0,0.0,0.0,0.0,0.0,0.008305861614644527,-0.008999254554510117,-0.9999250769615173,0.0,0.0,0.0,0.0,0.0,0.0,0.0,0.0,0.0,0.0,0.0,0.0,0.0,0.0,0.0,0.0,0.0,0.0,0.0,0.0,0.0,0.0,0.0,0.0,0.0,0.0,0.0,0.0,0.0,0.0,0.0,0.0,0.0,0.0,0.0,0.0,0.0,0.0,0.0,0.2526191174983978,-0.9080440402030945,-0.1555214822292328,0.9143847227096558,0.26452434062957764,-0.25959867238998413,0.41616567969322205,-0.062396708875894547,-1.1410514116287231,0.7092627286911011,-0.7641358375549316,1.0145434141159058,-0.02095693349838257,-0.039128243923187256,0.022538408637046814,0.007057607173919678,0.010420113801956177,-0.006717264652252197,0.002138465642929077,-0.008909769356250763,4.76837158203125e-05,0.00859689712524414,-0.013879179954528809,-0.01308143138885498,-0.007670138031244278,-0.007286631036549807,0.005369096528738737,0.004602083005011082,0.0034515620209276676,0.006903124041855335,-0.00038350690738298,0.011505207046866417,0.0057526035234332085,-0.011505207046866417,0.009204166010022163,-0.014956769533455372,0.0791955292224884,-0.048066653311252594,-0.048066653311252594,0.02151555009186268,-0.037537768483161926,-0.05172887444496155,0.04943998530507088,-0.08377330750226974,0.03570665791630745,0.016479995101690292,-0.029755547642707825,-0.0068666646257042885,-0.005239233374595642,-0.009782060980796814,0.0056346021592617035,0.0017644017934799194,0.002605028450489044,-0.0016793161630630493,0.0005346164107322693,-0.0022274423390626907,1.1920928955078125e-05,0.0,0.0,-0.003270357847213745,0.0,0.0,0.0,0.0,0.0,0.0,0.0,0.0,0.0,0.0,0.0,0.0
20260709_111233_260179,2026-07-09T11:12:50.340,17.080616,pose,620,stand,0.0,0.0,0.0,0.0,0.0,0.0,0.0,0.0,0.08,xsens:live,0.008293221704661846,-0.008793482556939125,-0.9999269843101501,0.50385323937231,0.47519040386274575,0.009611919522285461,0.038447678089141846,4.445016860961914,11.207275390625,12,can0:12,3.9594714641571045,9.602343559265137,,"BL_hip_joint,BR_hip_joint,FL_hip_joint,FR_hip_joint,BL_thigh_joint,BR_thigh_joint,FL_thigh_joint,FR_thigh_joint,BL_calf_joint,BR_calf_joint,FL_calf_joint,FR_calf_joint",330e02f2406e129bb6ed6ec4a6c6bcd5f80d7e7799a2ab087e81eda65d2fae69,"step=000620 mode=stand  vx= 0.000 vy= 0.000 vxy= 0.000 yaw= 0.000 speed=0.08 imu=xsens:live tilt_rp=[+0.5,+0.5]deg imu_corr=0.010 act_max= 0.038 tau_cmd= 4.445 tau_cmd_max= 11.207 cmds=12 bus=can0:12 tau_fb= 3.959 tau_fb_max= 9.602",0.0,0.0,0.0,0.0,0.0,0.0,0.008293221704661846,-0.008793482556939125,-0.9999269843101501,0.0,0.0,0.0,0.0,0.0,0.0,0.0,0.0,0.0,0.0,0.0,0.0,0.0,0.0,0.0,0.0,0.0,0.0,0.0,0.0,0.0,0.0,0.0,0.0,0.0,0.0,0.0,0.0,0.0,0.0,0.0,0.0,0.0,0.0,0.0,0.0,0.0,0.0,0.0,0.25325682759284973,-0.9073634743690491,-0.15594205260276794,0.9141338467597961,0.2642945945262909,-0.25946128368377686,0.4160577654838562,-0.06213073432445526,-1.141086220741272,0.7089667320251465,-0.7637883424758911,1.0148268938064575,-0.020319223403930664,-0.038447678089141846,0.022117838263511658,0.006806731224060059,0.010190367698669434,-0.006579875946044922,0.0020305514335632324,-0.008643794804811478,1.2874603271484375e-05,0.00830090045928955,-0.013531684875488281,-0.012797951698303223,-0.007670138031244278,-0.007286631036549807,0.0057526035234332085,0.004602083005011082,0.0034515620209276676,0.007286631036549807,-0.00076701381476596,0.011505207046866417,0.0057526035234332085,-0.011505207046866417,0.009204166010022163,-0.014956769533455372,-0.021973326802253723,-0.05493331700563431,0.0119022186845541,0.04623554274439812,0.0238044373691082,-0.01144444104284048,0.029755547642707825,0.003662221133708954,0.035248879343271255,0.008697775192558765,0.03250221163034439,-0.06637775897979736,-0.005079805850982666,-0.009611919522285461,0.005529459565877914,0.0017016828060150146,0.0025475919246673584,-0.0016449689865112305,0.0005076378583908081,-0.0021609487012028694,3.2186508178710938e-06,0.0,0.0,-0.0031994879245758057,0.0,0.0,0.0,0.0,0.0,0.0,0.0,0.0,0.0,0.0,0.0,0.0
20260709_111233_260179,2026-07-09T11:12:50.476,17.216677,pose,625,stand,0.0,0.0,0.0,0.0,0.0,0.0,0.0,0.0,0.08,xsens:live,0.008268761448562145,-0.009002795442938805,-0.9999253153800964,0.5158467712641046,0.47378971894933475,0.009774371981620789,0.039097487926483154,4.88101053237915,10.392000198364258,12,can0:12,3.8132877349853516,9.170201301574707,,"BL_hip_joint,BR_hip_joint,FL_hip_joint,FR_hip_joint,BL_thigh_joint,BR_thigh_joint,FL_thigh_joint,FR_thigh_joint,BL_calf_joint,BR_calf_joint,FL_calf_joint,FR_calf_joint",330e02f2406e129bb6ed6ec4a6c6bcd5f80d7e7799a2ab087e81eda65d2fae69,"step=000625 mode=stand  vx= 0.000 vy= 0.000 vxy= 0.000 yaw= 0.000 speed=0.08 imu=xsens:live tilt_rp=[+0.5,+0.5]deg imu_corr=0.010 act_max= 0.039 tau_cmd= 4.881 tau_cmd_max= 10.392 cmds=12 bus=can0:12 tau_fb= 3.813 tau_fb_max= 9.170",0.0,0.0,0.0,0.0,0.0,0.0,0.008268761448562145,-0.009002795442938805,-0.9999253153800964,0.0,0.0,0.0,0.0,0.0,0.0,0.0,0.0,0.0,0.0,0.0,0.0,0.0,0.0,0.0,0.0,0.0,0.0,0.0,0.0,0.0,0.0,0.0,0.0,0.0,0.0,0.0,0.0,0.0,0.0,0.0,0.0,0.0,0.0,0.0,0.0,0.0,0.0,0.0,0.2525720000267029,-0.9080132842063904,-0.15553462505340576,0.9144065380096436,0.26452672481536865,-0.25960057973861694,0.41618239879608154,-0.06241580471396446,-1.1410422325134277,0.7092911601066589,-0.7641527652740479,1.0145390033721924,-0.021004050970077515,-0.039097487926483154,0.02252526581287384,0.007079422473907471,0.010422497987747192,-0.00671917200088501,0.0021551847457885742,-0.008928865194320679,5.6862831115722656e-05,0.008625328540802002,-0.01389610767364502,-0.01308584213256836,-0.007670138031244278,-0.006903124041855335,0.0057526035234332085,0.004602083005011082,0.0034515620209276676,0.007286631036549807,-0.00076701381476596,0.011505207046866417,0.0057526035234332085,-0.011505207046866417,0.009204166010022163,-0.014573262073099613,0.0027466658502817154,0.02151555009186268,0.0476088747382164,0.047151096165180206,-0.0009155552834272385,0.05172887444496155,-0.05493331700563431,0.007782219909131527,0.009155552834272385,-0.04898220673203468,0.024262215942144394,-0.014191106893122196,-0.005251012742519379,-0.009774371981620789,0.00563131645321846,0.0017698556184768677,0.002605624496936798,-0.0016797930002212524,0.0005387961864471436,-0.0022322162985801697,1.4215707778930664e-05,0.0,0.0,-0.00327146053314209,0.0,0.0,0.0,0.0,0.0,0.0,0.0,0.0,0.0,0.0,0.0,0.0
20260709_111233_260179,2026-07-09T11:12:50.612,17.351806,pose,630,stand,0.0,0.0,0.0,0.0,0.0,0.0,0.0,0.0,0.08,xsens:live,0.008286235854029655,-0.008875494822859764,-0.9999262690544128,0.5085525361536458,0.47479048199353124,0.009676337242126465,0.03870534896850586,4.2575554847717285,10.408479690551758,12,can0:12,3.7839901447296143,8.598895072937012,,"BL_hip_joint,BR_hip_joint,FL_hip_joint,FR_hip_joint,BL_thigh_joint,BR_thigh_joint,FL_thigh_joint,FR_thigh_joint,BL_calf_joint,BR_calf_joint,FL_calf_joint,FR_calf_joint",330e02f2406e129bb6ed6ec4a6c6bcd5f80d7e7799a2ab087e81eda65d2fae69,"step=000630 mode=stand  vx= 0.000 vy= 0.000 vxy= 0.000 yaw= 0.000 speed=0.08 imu=xsens:live tilt_rp=[+0.5,+0.5]deg imu_corr=0.010 act_max= 0.039 tau_cmd= 4.258 tau_cmd_max= 10.408 cmds=12 bus=can0:12 tau_fb= 3.784 tau_fb_max= 8.599",0.0,0.0,0.0,0.0,0.0,0.0,0.008286235854029655,-0.008875494822859764,-0.9999262690544128,0.0,0.0,0.0,0.0,0.0,0.0,0.0,0.0,0.0,0.0,0.0,0.0,0.0,0.0,0.0,0.0,0.0,0.0,0.0,0.0,0.0,0.0,0.0,0.0,0.0,0.0,0.0,0.0,0.0,0.0,0.0,0.0,0.0,0.0,0.0,0.0,0.0,0.0,0.0,0.25299033522605896,-0.9076211452484131,-0.15578125417232513,0.9142398834228516,0.2643858790397644,-0.2595160901546478,0.4161054790019989,-0.0622415766119957,-1.141069769859314,0.7090924382209778,-0.7639307975769043,1.014714002609253,-0.020585715770721436,-0.03870534896850586,0.022278636693954468,0.0069127678871154785,0.010281652212142944,-0.0066346824169158936,0.0020782649517059326,-0.008754637092351913,2.9325485229492188e-05,0.00842660665512085,-0.013674139976501465,-0.012910842895507812,-0.008053644560277462,-0.007286631036549807,0.005369096528738737,0.004602083005011082,0.00306805525906384,0.007286631036549807,-0.00038350690738298,0.011505207046866417,0.0057526035234332085,-0.011505207046866417,0.009204166010022163,-0.014956769533455372,-0.001831110566854477,-0.0032044434919953346,-0.010528885759413242,-0.0393688790500164,-0.0027466658502817154,0.0709555372595787,0.05493331700563431,0.027466658502817154,0.004577776417136192,-0.04943998530507088,-0.04303110018372536,-0.009155552834272385,-0.005146428942680359,-0.009676337242126465,0.005569659173488617,0.0017281919717788696,0.002570413053035736,-0.0016586706042289734,0.0005195662379264832,-0.0021886592730879784,7.331371307373047e-06,0.0,0.0,-0.003227710723876953,0.0,0.0,0.0,0.0,0.0,0.0,0.0,0.0,0.0,0.0,0.0,0.0
20260709_111233_260179,2026-07-09T11:12:50.772,17.512304,pose,635,stand,0.0,0.0,0.0,0.0,0.0,0.0,0.0,0.0,0.08,xsens:live,0.008321080356836319,-0.008924756199121475,-0.9999256134033203,0.5113753249094165,0.4767872470913876,0.009726136922836304,0.038904547691345215,4.153291702270508,9.22195053100586,12,can0:12,4.104434490203857,10.624103546142578,,"BL_hip_joint,BR_hip_joint,FL_hip_joint,FR_hip_joint,BL_thigh_joint,BR_thigh_joint,FL_thigh_joint,FR_thigh_joint,BL_calf_joint,BR_calf_joint,FL_calf_joint,FR_calf_joint",330e02f2406e129bb6ed6ec4a6c6bcd5f80d7e7799a2ab087e81eda65d2fae69,"step=000635 mode=stand  vx= 0.000 vy= 0.000 vxy= 0.000 yaw= 0.000 speed=0.08 imu=xsens:live tilt_rp=[+0.5,+0.5]deg imu_corr=0.010 act_max= 0.039 tau_cmd= 4.153 tau_cmd_max= 9.222 cmds=12 bus=can0:12 tau_fb= 4.104 tau_fb_max= 10.624",0.0,0.0,0.0,0.0,0.0,0.0,0.008321080356836319,-0.008924756199121475,-0.9999256134033203,0.0,0.0,0.0,0.0,0.0,0.0,0.0,0.0,0.0,0.0,0.0,0.0,0.0,0.0,0.0,0.0,0.0,0.0,0.0,0.0,0.0,0.0,0.0,0.0,0.0,0.0,0.0,0.0,0.0,0.0,0.0,0.0,0.0,0.0,0.0,0.0,0.0,0.0,0.0,0.2528691291809082,-0.9078203439712524,-0.15566317737102509,0.9142847061157227,0.2644420862197876,-0.2595493197441101,0.4161190390586853,-0.06229237839579582,-1.141068696975708,0.7091434597969055,-0.7640045881271362,1.0146454572677612,-0.020706921815872192,-0.038904547691345215,0.022396713495254517,0.006957590579986572,0.010337859392166138,-0.006667912006378174,0.002091825008392334,-0.008805438876152039,3.039836883544922e-05,0.008477628231048584,-0.013747930526733398,-0.012979388236999512,-0.007670138031244278,-0.006903124041855335,0.0057526035234332085,0.00421857601031661,0.0034515620209276676,0.007286631036549807,-0.00038350690738298,0.011505207046866417,0.0057526035234332085,-0.011505207046866417,0.009204166010022163,-0.014956769533455372,0.0050355540588498116,0.05172887444496155,0.02288888208568096,-0.06271553784608841,0.0050355540588498116,0.006408886983990669,-0.02700888179242611,0.006408886983990669,0.02288888208568096,-0.016479995101690292,-0.036164432764053345,-0.007324442267417908,-0.005176730453968048,-0.009726136922836304,0.005599178373813629,0.001739397644996643,0.0025844648480415344,-0.0016669780015945435,0.0005229562520980835,-0.0022013597190380096,7.599592208862305e-06,0.0,0.0,-0.003244847059249878,0.0,0.0,0.0,0.0,0.0,0.0,0.0,0.0,0.0,0.0,0.0,0.0
20260709_111233_260179,2026-07-09T11:12:50.913,17.653479,pose,640,stand,0.0,0.0,0.0,0.0,0.0,0.0,0.0,0.0,0.08,xsens:live,0.00835971999913454,-0.008987526409327984,-0.9999247193336487,0.5149722324888311,0.4790015744584837,0.009787917137145996,0.039151668548583984,4.121555805206299,10.078888893127441,12,can0:12,3.8663902282714844,8.968779563903809,,"BL_hip_joint,BR_hip_joint,FL_hip_joint,FR_hip_joint,BL_thigh_joint,BR_thigh_joint,FL_thigh_joint,FR_thigh_joint,BL_calf_joint,BR_calf_joint,FL_calf_joint,FR_calf_joint",330e02f2406e129bb6ed6ec4a6c6bcd5f80d7e7799a2ab087e81eda65d2fae69,"step=000640 mode=stand  vx= 0.000 vy= 0.000 vxy= 0.000 yaw= 0.000 speed=0.08 imu=xsens:live tilt_rp=[+0.5,+0.5]deg imu_corr=0.010 act_max= 0.039 tau_cmd= 4.122 tau_cmd_max= 10.079 cmds=12 bus=can0:12 tau_fb= 3.866 tau_fb_max= 8.969",0.0,0.0,0.0,0.0,0.0,0.0,0.00835971999913454,-0.008987526409327984,-0.9999247193336487,0.0,0.0,0.0,0.0,0.0,0.0,0.0,0.0,0.0,0.0,0.0,0.0,0.0,0.0,0.0,0.0,0.0,0.0,0.0,0.0,0.0,0.0,0.0,0.0,0.0,0.0,0.0,0.0,0.0,0.0,0.0,0.0,0.0,0.0,0.0,0.0,0.0,0.0,0.0,0.2527085542678833,-0.9080674648284912,-0.1555156111717224,0.9143446087837219,0.2645138204097748,-0.25959163904190063,0.41613805294036865,-0.062360335141420364,-1.141066074371338,0.7092121839523315,-0.7641003131866455,1.0145586729049683,-0.020867496728897095,-0.039151668548583984,0.02254427969455719,0.00701749324798584,0.01040959358215332,-0.006710231304168701,0.0021108388900756836,-0.00887339562177658,3.3020973205566406e-05,0.00854635238647461,-0.013843655586242676,-0.01306617259979248,-0.008053644560277462,-0.006903124041855335,0.005369096528738737,0.004602083005011082,0.0034515620209276676,0.006903124041855335,-0.00076701381476596,0.011505207046866417,0.0057526035234332085,-0.011505207046866417,0.009204166010022163,-0.014956769533455372,-0.038453321903944016,-0.014191106893122196,-0.02609332650899887,-0.037537768483161926,0.06179998070001602,-0.06088442727923393,0.02151555009186268,-0.038453321903944016,0.05767998471856117,-0.04028443247079849,0.0,0.0032044434919953346,-0.005216874182224274,-0.009787917137145996,0.0056360699236392975,0.00175437331199646,0.00260239839553833,-0.0016775578260421753,0.0005277097225189209,-0.002218348905444145,8.255243301391602e-06,0.0,0.0,-0.00326654314994812,0.0,0.0,0.0,0.0,0.0,0.0,0.0,0.0,0.0,0.0,0.0,0.0
20260709_111233_260179,2026-07-09T11:12:51.048,17.788333,pose,645,stand,0.0,0.0,0.0,0.0,0.0,0.0,0.0,0.0,0.08,xsens:live,0.008352469652891159,-0.008840014226734638,-0.9999260902404785,0.5065197479410088,0.4785855018392502,0.009666457772254944,0.038665831089019775,4.340946674346924,10.750144958496094,12,can0:12,3.773308515548706,9.020051002502441,,"BL_hip_joint,BR_hip_joint,FL_hip_joint,FR_hip_joint,BL_thigh_joint,BR_thigh_joint,FL_thigh_joint,FR_thigh_joint,BL_calf_joint,BR_calf_joint,FL_calf_joint,FR_calf_joint",330e02f2406e129bb6ed6ec4a6c6bcd5f80d7e7799a2ab087e81eda65d2fae69,"step=000645 mode=stand  vx= 0.000 vy= 0.000 vxy= 0.000 yaw= 0.000 speed=0.08 imu=xsens:live tilt_rp=[+0.5,+0.5]deg imu_corr=0.010 act_max= 0.039 tau_cmd= 4.341 tau_cmd_max= 10.750 cmds=12 bus=can0:12 tau_fb= 3.773 tau_fb_max= 9.020",0.0,0.0,0.0,0.0,0.0,0.0,0.008352469652891159,-0.008840014226734638,-0.9999260902404785,0.0,0.0,0.0,0.0,0.0,0.0,0.0,0.0,0.0,0.0,0.0,0.0,0.0,0.0,0.0,0.0,0.0,0.0,0.0,0.0,0.0,0.0,0.0,0.0,0.0,0.0,0.0,0.0,0.0,0.0,0.0,0.0,0.0,0.0,0.0,0.0,0.0,0.0,0.0,0.25316745042800903,-0.907581627368927,-0.15581630170345306,0.9141637086868286,0.264349102973938,-0.25949299335479736,0.4160601496696472,-0.062168803066015244,-1.1410911083221436,0.7089986205101013,-0.7638506889343262,1.0147619247436523,-0.020408600568771362,-0.038665831089019775,0.022243589162826538,0.006836593151092529,0.010244876146316528,-0.00661158561706543,0.002032935619354248,-0.00868186354637146,7.987022399902344e-06,0.008332788944244385,-0.01359403133392334,-0.012862920761108398,-0.007670138031244278,-0.006903124041855335,0.005369096528738737,0.004602083005011082,0.0034515620209276676,0.007286631036549807,-0.00038350690738298,0.011505207046866417,0.0057526035234332085,-0.011505207046866417,0.009204166010022163,-0.014956769533455372,0.054475538432598114,-0.001831110566854477,-0.07232886552810669,-0.05951109528541565,0.027924437075853348,0.008239997550845146,0.01144444104284048,0.054475538432598114,0.007324442267417908,-0.003662221133708954,0.03433332219719887,-0.05401776358485222,-0.005102150142192841,-0.009666457772254944,0.0055608972907066345,0.0017091482877731323,0.002561219036579132,-0.0016528964042663574,0.000508233904838562,-0.002170465886592865,1.996755599975586e-06,0.0,0.0,-0.0032157301902770996,0.0,0.0,0.0,0.0,0.0,0.0,0.0,0.0,0.0,0.0,0.0,0.0
20260709_111233_260179,2026-07-09T11:12:51.183,17.923132,pose,650,stand,0.0,0.0,0.0,0.0,0.0,0.0,0.0,0.0,0.08,xsens:live,0.008417299948632717,-0.008917265571653843,-0.9999248385429382,0.5109465417236569,0.482300621244959,0.009747490286827087,0.03898996114730835,4.335234642028809,11.586967468261719,12,can0:12,3.9744253158569336,9.65361499786377,,"BL_hip_joint,BR_hip_joint,FL_hip_joint,FR_hip_joint,BL_thigh_joint,BR_thigh_joint,FL_thigh_joint,FR_thigh_joint,BL_calf_joint,BR_calf_joint,FL_calf_joint,FR_calf_joint",330e02f2406e129bb6ed6ec4a6c6bcd5f80d7e7799a2ab087e81eda65d2fae69,"step=000650 mode=stand  vx= 0.000 vy= 0.000 vxy= 0.000 yaw= 0.000 speed=0.08 imu=xsens:live tilt_rp=[+0.5,+0.5]deg imu_corr=0.010 act_max= 0.039 tau_cmd= 4.335 tau_cmd_max= 11.587 cmds=12 bus=can0:12 tau_fb= 3.974 tau_fb_max= 9.654",0.0,0.0,0.0,0.0,0.0,0.0,0.008417299948632717,-0.008917265571653843,-0.9999248385429382,0.0,0.0,0.0,0.0,0.0,0.0,0.0,0.0,0.0,0.0,0.0,0.0,0.0,0.0,0.0,0.0,0.0,0.0,0.0,0.0,0.0,0.0,0.0,0.0,0.0,0.0,0.0,0.0,0.0,0.0,0.0,0.0,0.0,0.0,0.0,0.0,0.0,0.0,0.0,0.25298669934272766,-0.9079057574272156,-0.15562546253204346,0.9142295718193054,0.26443788409233093,-0.2595451772212982,0.4160770773887634,-0.062245339155197144,-1.1410915851593018,0.7090728282928467,-0.7639642953872681,1.0146546363830566,-0.020589351654052734,-0.03898996114730835,0.022434428334236145,0.006902456283569336,0.010333657264709473,-0.006663769483566284,0.002049863338470459,-0.00875839963555336,7.510185241699219e-06,0.008406996726989746,-0.013707637786865234,-0.012970209121704102,-0.007670138031244278,-0.006903124041855335,0.005369096528738737,0.00421857601031661,0.0034515620209276676,0.006903124041855335,-0.00038350690738298,0.011505207046866417,0.005369096528738737,-0.011505207046866417,0.009204166010022163,-0.014956769533455372,0.10437330603599548,-0.025177771225571632,-0.08423108607530594,-0.0027466658502817154,0.016479995101690292,-0.02471999265253544,-0.004119998775422573,-0.03891110047698021,-0.010071108117699623,-0.041657764464616776,0.03341776877641678,-0.07782220095396042,-0.005147337913513184,-0.009747490286827087,0.005608607083559036,0.001725614070892334,0.002583414316177368,-0.001665942370891571,0.0005124658346176147,-0.00218959990888834,1.8775463104248047e-06,0.0,0.0,-0.0032425522804260254,0.0,0.0,0.0,0.0,0.0,0.0,0.0,0.0,0.0,0.0,0.0,0.0
20260709_111233_260179,2026-07-09T11:12:51.312,18.051991,pose,655,stand,0.0,0.0,0.0,0.0,0.0,0.0,0.0,0.0,0.08,xsens:live,0.00835767574608326,-0.008855817839503288,-0.9999258518218994,0.5074253452684625,0.4788839044070452,0.009680703282356262,0.03872281312942505,4.296053409576416,10.020931243896484,12,can0:12,3.940549850463867,8.547624588012695,,"BL_hip_joint,BR_hip_joint,FL_hip_joint,FR_hip_joint,BL_thigh_joint,BR_thigh_joint,FL_thigh_joint,FR_thigh_joint,BL_calf_joint,BR_calf_joint,FL_calf_joint,FR_calf_joint",330e02f2406e129bb6ed6ec4a6c6bcd5f80d7e7799a2ab087e81eda65d2fae69,"step=000655 mode=stand  vx= 0.000 vy= 0.000 vxy= 0.000 yaw= 0.000 speed=0.08 imu=xsens:live tilt_rp=[+0.5,+0.5]deg imu_corr=0.010 act_max= 0.039 tau_cmd= 4.296 tau_cmd_max= 10.021 cmds=12 bus=can0:12 tau_fb= 3.941 tau_fb_max= 8.548",0.0,0.0,0.0,0.0,0.0,0.0,0.00835767574608326,-0.008855817839503288,-0.9999258518218994,0.0,0.0,0.0,0.0,0.0,0.0,0.0,0.0,0.0,0.0,0.0,0.0,0.0,0.0,0.0,0.0,0.0,0.0,0.0,0.0,0.0,0.0,0.0,0.0,0.0,0.0,0.0,0.0,0.0,0.0,0.0,0.0,0.0,0.0,0.0,0.0,0.0,0.0,0.0,0.2531226873397827,-0.9076386094093323,-0.15578164160251617,0.9141809344291687,0.264367014169693,-0.25950366258621216,0.41606661677360535,-0.062187619507312775,-1.1410895586013794,0.7090188264846802,-0.7638769149780273,1.014739990234375,-0.02045336365699768,-0.03872281312942505,0.022278249263763428,0.006853818893432617,0.010262787342071533,-0.006622254848480225,0.002039402723312378,-0.008700679987668991,9.5367431640625e-06,0.008352994918823242,-0.013620257377624512,-0.012884855270385742,-0.007670138031244278,-0.007286631036549807,0.0057526035234332085,0.00421857601031661,0.00306805525906384,0.007286631036549807,-0.00076701381476596,0.011505207046866417,0.005369096528738737,-0.011505207046866417,0.009204166010022163,-0.014956769533455372,-0.027466658502817154,0.0009155552834272385,0.020142216235399246,0.017853328958153725,-0.009613330475986004,0.020142216235399246,-0.027924437075853348,-0.009613330475986004,-0.03433332219719887,0.013275551609694958,0.05951109528541565,-0.03387554734945297,-0.00511334091424942,-0.009680703282356262,0.005569562315940857,0.0017134547233581543,0.0025656968355178833,-0.0016555637121200562,0.0005098506808280945,-0.0021751699969172478,2.384185791015625e-06,0.0,0.0,-0.0032212138175964355,0.0,0.0,0.0,0.0,0.0,0.0,0.0,0.0,0.0,0.0,0.0,0.0
20260709_111233_260179,2026-07-09T11:12:51.446,18.186110,pose,660,stand,0.0,0.0,0.0,0.0,0.0,0.0,0.0,0.0,0.08,xsens:live,0.008367544040083885,-0.008796649053692818,-0.9999263286590576,0.5040349959623555,0.4794490897590998,0.009635642170906067,0.03854256868362427,4.4102559089660645,10.540316581726074,12,can0:12,4.16333532333374,9.12259292602539,,"BL_hip_joint,BR_hip_joint,FL_hip_joint,FR_hip_joint,BL_thigh_joint,BR_thigh_joint,FL_thigh_joint,FR_thigh_joint,BL_calf_joint,BR_calf_joint,FL_calf_joint,FR_calf_joint",330e02f2406e129bb6ed6ec4a6c6bcd5f80d7e7799a2ab087e81eda65d2fae69,"step=000660 mode=stand  vx= 0.000 vy= 0.000 vxy= 0.000 yaw= 0.000 speed=0.08 imu=xsens:live tilt_rp=[+0.5,+0.5]deg imu_corr=0.010 act_max= 0.039 tau_cmd= 4.410 tau_cmd_max= 10.540 cmds=12 bus=can0:12 tau_fb= 4.163 tau_fb_max= 9.123",0.0,0.0,0.0,0.0,0.0,0.0,0.008367544040083885,-0.008796649053692818,-0.9999263286590576,0.0,0.0,0.0,0.0,0.0,0.0,0.0,0.0,0.0,0.0,0.0,0.0,0.0,0.0,0.0,0.0,0.0,0.0,0.0,0.0,0.0,0.0,0.0,0.0,0.0,0.0,0.0,0.0,0.0,0.0,0.0,0.0,0.0,0.0,0.0,0.0,0.0,0.0,0.0,0.2533189356327057,-0.9074583649635315,-0.1558951586484909,0.9141027331352234,0.2643013000488281,-0.2594641447067261,0.4160303771495819,-0.06210590526461601,-1.1411024332046509,0.7089248299598694,-0.7637724876403809,1.0148215293884277,-0.020257115364074707,-0.03854256868362427,0.022164732217788696,0.006775617599487305,0.010197073221206665,-0.006582736968994141,0.0020031630992889404,-0.008618965744972229,-3.337860107421875e-06,0.008258998394012451,-0.013515830039978027,-0.012803316116333008,-0.007670138031244278,-0.006903124041855335,0.0057526035234332085,0.004602083005011082,0.0034515620209276676,0.007286631036549807,-0.00038350690738298,0.011505207046866417,0.0057526035234332085,-0.011505207046866417,0.009204166010022163,-0.014573262073099613,0.11627551913261414,0.02609332650899887,0.027924437075853348,-0.022431105375289917,-0.024262215942144394,0.022431105375289917,-0.04211554303765297,-0.03570665791630745,0.04028443247079849,-0.05310220643877983,0.0196844395250082,0.013275551609694958,-0.005064278841018677,-0.009635642170906067,0.005541183054447174,0.0016939043998718262,0.0025492683053016663,-0.0016456842422485352,0.0005007907748222351,-0.0021547414362430573,0.0,0.0,0.0,-0.003200829029083252,0.0,0.0,0.0,0.0,0.0,0.0,0.0,0.0,0.0,0.0,0.0,0.0
20260709_111233_260179,2026-07-09T11:12:51.581,18.321362,pose,665,stand,0.0,0.0,0.0,0.0,0.0,0.0,0.0,0.0,0.08,xsens:live,0.008362009190022945,-0.0089486138895154,-0.9999250173568726,0.5127425680068038,0.4791325933426708,0.009757071733474731,0.039028286933898926,4.463566303253174,10.062933921813965,12,can0:12,3.5535755157470703,7.4269843101501465,,"BL_hip_joint,BR_hip_joint,FL_hip_joint,FR_hip_joint,BL_thigh_joint,BR_thigh_joint,FL_thigh_joint,FR_thigh_joint,BL_calf_joint,BR_calf_joint,FL_calf_joint,FR_calf_joint",330e02f2406e129bb6ed6ec4a6c6bcd5f80d7e7799a2ab087e81eda65d2fae69,"step=000665 mode=stand  vx= 0.000 vy= 0.000 vxy= 0.000 yaw= 0.000 speed=0.08 imu=xsens:live tilt_rp=[+0.5,+0.5]deg imu_corr=0.010 act_max= 0.039 tau_cmd= 4.464 tau_cmd_max= 10.063 cmds=12 bus=can0:12 tau_fb= 3.554 tau_fb_max= 7.427",0.0,0.0,0.0,0.0,0.0,0.0,0.008362009190022945,-0.0089486138895154,-0.9999250173568726,0.0,0.0,0.0,0.0,0.0,0.0,0.0,0.0,0.0,0.0,0.0,0.0,0.0,0.0,0.0,0.0,0.0,0.0,0.0,0.0,0.0,0.0,0.0,0.0,0.0,0.0,0.0,0.0,0.0,0.0,0.0,0.0,0.0,0.0,0.0,0.0,0.0,0.0,0.0,0.2528338134288788,-0.9079440832138062,-0.15559273958206177,0.9142946004867554,0.26447051763534546,-0.2595658302307129,0.4161161184310913,-0.0623079389333725,-1.1410738229751587,0.709153413772583,-0.7640335559844971,1.0146124362945557,-0.02074223756790161,-0.039028286933898926,0.022467151284217834,0.006967484951019287,0.010366290807723999,-0.006684422492980957,0.00208890438079834,-0.008820999413728714,2.5272369384765625e-05,0.008487582206726074,-0.013776898384094238,-0.013012409210205078,-0.007670138031244278,-0.007286631036549807,0.0057526035234332085,0.004602083005011082,0.00306805525906384,0.006903124041855335,-0.00038350690738298,0.011505207046866417,0.0057526035234332085,-0.011505207046866417,0.009204166010022163,-0.014956769533455372,-0.016022218391299248,-0.0398266538977623,-0.10711997002363205,0.007324442267417908,-0.07415997982025146,-0.08148442208766937,0.08285775035619736,-0.013733329251408577,-0.014191106893122196,-0.020142216235399246,0.04852443188428879,-0.03570665791630745,-0.005185559391975403,-0.009757071733474731,0.005616787821054459,0.0017418712377548218,0.0025915727019309998,-0.0016711056232452393,0.000522226095199585,-0.0022052498534321785,6.318092346191406e-06,0.0,0.0,-0.0032531023025512695,0.0,0.0,0.0,0.0,0.0,0.0,0.0,0.0,0.0,0.0,0.0,0.0
20260709_111233_260179,2026-07-09T11:12:51.716,18.456757,pose,670,stand,0.0,0.0,0.0,0.0,0.0,0.0,0.0,0.0,0.08,xsens:live,0.008430351503193378,-0.008876019157469273,-0.9999250769615173,0.5085831844532508,0.4830483082037103,0.009717762470245361,0.038871049880981445,4.034042835235596,10.361571311950684,12,can0:12,4.004638671875,8.87722396850586,,"BL_hip_joint,BR_hip_joint,FL_hip_joint,FR_hip_joint,BL_thigh_joint,BR_thigh_joint,FL_thigh_joint,FR_thigh_joint,BL_calf_joint,BR_calf_joint,FL_calf_joint,FR_calf_joint",330e02f2406e129bb6ed6ec4a6c6bcd5f80d7e7799a2ab087e81eda65d2fae69,"step=000670 mode=stand  vx= 0.000 vy= 0.000 vxy= 0.000 yaw= 0.000 speed=0.08 imu=xsens:live tilt_rp=[+0.5,+0.5]deg imu_corr=0.010 act_max= 0.039 tau_cmd= 4.034 tau_cmd_max= 10.362 cmds=12 bus=can0:12 tau_fb= 4.005 tau_fb_max= 8.877",0.0,0.0,0.0,0.0,0.0,0.0,0.008430351503193378,-0.008876019157469273,-0.9999250769615173,0.0,0.0,0.0,0.0,0.0,0.0,0.0,0.0,0.0,0.0,0.0,0.0,0.0,0.0,0.0,0.0,0.0,0.0,0.0,0.0,0.0,0.0,0.0,0.0,0.0,0.0,0.0,0.0,0.0,0.0,0.0,0.0,0.0,0.0,0.0,0.0,0.0,0.0,0.0,0.25312966108322144,-0.9077868461608887,-0.15570148825645447,0.9141713976860046,0.26439276337623596,-0.2595177888870239,0.4160492420196533,-0.06218603253364563,-1.1411021947860718,0.7090039849281311,-0.7638903856277466,1.0147110223770142,-0.02044638991355896,-0.038871049880981445,0.022358402609825134,0.006844282150268555,0.010288536548614502,-0.006636381149291992,0.0020220279693603516,-0.008699093014001846,-3.0994415283203125e-06,0.00833815336227417,-0.01363372802734375,-0.012913823127746582,-0.008053644560277462,-0.007286631036549807,0.0057526035234332085,0.004602083005011082,0.0034515620209276676,0.007286631036549807,-0.00038350690738298,0.011505207046866417,0.0057526035234332085,-0.011505207046866417,0.009204166010022163,-0.014956769533455372,-0.0009155552834272385,0.03341776877641678,-0.016022218391299248,0.04989776387810707,-0.016937773674726486,-0.013275551609694958,0.036164432764053345,-0.04440443217754364,0.02151555009186268,0.055848874151706696,-0.014191106893122196,-0.04348887503147125,-0.00511159747838974,-0.009717762470245361,0.005589600652456284,0.0017110705375671387,0.0025721341371536255,-0.001659095287322998,0.0005055069923400879,-0.0021747732535004616,0.0,0.0,0.0,-0.0032284557819366455,0.0,0.0,0.0,0.0,0.0,0.0,0.0,0.0,0.0,0.0,0.0,0.0
20260709_111233_260179,2026-07-09T11:12:51.852,18.591784,pose,675,stand,0.0,0.0,0.0,0.0,0.0,0.0,0.0,0.0,0.08,xsens:live,0.008435237221419811,-0.00890312809497118,-0.9999248385429382,0.5101365274081057,0.4833283555409361,0.009741097688674927,0.03896439075469971,4.026249408721924,10.502891540527344,12,can0:12,3.834040403366089,8.177740097045898,,"BL_hip_joint,BR_hip_joint,FL_hip_joint,FR_hip_joint,BL_thigh_joint,BR_thigh_joint,FL_thigh_joint,FR_thigh_joint,BL_calf_joint,BR_calf_joint,FL_calf_joint,FR_calf_joint",330e02f2406e129bb6ed6ec4a6c6bcd5f80d7e7799a2ab087e81eda65d2fae69,"step=000675 mode=stand  vx= 0.000 vy= 0.000 vxy= 0.000 yaw= 0.000 speed=0.08 imu=xsens:live tilt_rp=[+0.5,+0.5]deg imu_corr=0.010 act_max= 0.039 tau_cmd= 4.026 tau_cmd_max= 10.503 cmds=12 bus=can0:12 tau_fb= 3.834 tau_fb_max= 8.178",0.0,0.0,0.0,0.0,0.0,0.0,0.008435237221419811,-0.00890312809497118,-0.9999248385429382,0.0,0.0,0.0,0.0,0.0,0.0,0.0,0.0,0.0,0.0,0.0,0.0,0.0,0.0,0.0,0.0,0.0,0.0,0.0,0.0,0.0,0.0,0.0,0.0,0.0,0.0,0.0,0.0,0.0,0.0,0.0,0.0,0.0,0.0,0.0,0.0,0.0,0.0,0.0,0.25304892659187317,-0.9078801870346069,-0.15564419329166412,0.9142033457756042,0.2644230127334595,-0.2595360577106476,0.4160623252391815,-0.0622197650372982,-1.1410984992980957,0.7090407609939575,-0.7639352083206177,1.0146737098693848,-0.020527124404907227,-0.03896439075469971,0.02241569757461548,0.006876230239868164,0.010318785905838013,-0.006654649972915649,0.00203511118888855,-0.008732825517654419,5.960464477539062e-07,0.008374929428100586,-0.013678550720214844,-0.012951135635375977,-0.007670138031244278,-0.006903124041855335,0.0057526035234332085,0.004602083005011082,0.0034515620209276676,0.007286631036549807,-0.00076701381476596,0.011505207046866417,0.0057526035234332085,-0.011505207046866417,0.009204166010022163,-0.014956769533455372,0.0027466658502817154,-0.04440443217754364,0.02059999480843544,0.003662221133708954,0.024262215942144394,-0.012817773967981339,0.01831110566854477,0.03021332435309887,-0.05722220614552498,-0.0238044373691082,0.01144444104284048,-0.0476088747382164,-0.005131781101226807,-0.009741097688674927,0.00560392439365387,0.001719057559967041,0.002579696476459503,-0.0016636624932289124,0.0005087777972221375,-0.0021832063794136047,1.4901161193847656e-07,0.0,0.0,-0.003237783908843994,0.0,0.0,0.0,0.0,0.0,0.0,0.0,0.0,0.0,0.0,0.0,0.0
20260709_111233_260179,2026-07-09T11:12:51.985,18.725517,pose,680,stand,0.0,0.0,0.0,0.0,0.0,0.0,0.0,0.0,0.08,xsens:live,0.008411101996898651,-0.008837595582008362,-0.9999256134033203,0.506381411857663,0.4819451297709544,0.00968119502067566,0.03872478008270264,3.807082176208496,8.904455184936523,12,can0:12,3.91308331489563,8.518326759338379,,"BL_hip_joint,BR_hip_joint,FL_hip_joint,FR_hip_joint,BL_thigh_joint,BR_thigh_joint,FL_thigh_joint,FR_thigh_joint,BL_calf_joint,BR_calf_joint,FL_calf_joint,FR_calf_joint",330e02f2406e129bb6ed6ec4a6c6bcd5f80d7e7799a2ab087e81eda65d2fae69,"step=000680 mode=stand  vx= 0.000 vy= 0.000 vxy= 0.000 yaw= 0.000 speed=0.08 imu=xsens:live tilt_rp=[+0.5,+0.5]deg imu_corr=0.010 act_max= 0.039 tau_cmd= 3.807 tau_cmd_max= 8.904 cmds=12 bus=can0:12 tau_fb= 3.913 tau_fb_max= 8.518",0.0,0.0,0.0,0.0,0.0,0.0,0.008411101996898651,-0.008837595582008362,-0.9999256134033203,0.0,0.0,0.0,0.0,0.0,0.0,0.0,0.0,0.0,0.0,0.0,0.0,0.0,0.0,0.0,0.0,0.0,0.0,0.0,0.0,0.0,0.0,0.0,0.0,0.0,0.0,0.0,0.0,0.0,0.0,0.0,0.0,0.0,0.0,0.0,0.0,0.0,0.0,0.0,0.2532326579093933,-0.9076405763626099,-0.15578947961330414,0.9141332507133484,0.26434868574142456,-0.2594919502735138,0.41603583097457886,-0.062142640352249146,-1.141104817390442,0.7089588642120361,-0.7638301849365234,1.0147645473480225,-0.020343393087387085,-0.03872478008270264,0.022270411252975464,0.006806135177612305,0.0102444589138031,-0.00661054253578186,0.0020086169242858887,-0.008655700832605362,-5.7220458984375e-06,0.0082930326461792,-0.013573527336120605,-0.012860298156738281,-0.007670138031244278,-0.007286631036549807,0.0057526035234332085,0.004602083005011082,0.0034515620209276676,0.006903124041855335,-0.00076701381476596,0.011888713575899601,0.0057526035234332085,-0.011505207046866417,0.009204166010022163,-0.014956769533455372,0.013275551609694958,-0.014648884534835815,-0.038453321903944016,0.050355542451143265,0.04577776417136192,-0.016937773674726486,0.03433332219719887,0.05218665301799774,-0.01144444104284048,0.09659108519554138,0.007782219909131527,0.0718710869550705,-0.005085848271846771,-0.00968119502067566,0.005567602813243866,0.0017015337944030762,0.002561114728450775,-0.001652635633945465,0.0005021542310714722,-0.0021639252081513405,0.0,0.0,0.0,-0.0032150745391845703,0.0,0.0,0.0,0.0,0.0,0.0,0.0,0.0,0.0,0.0,0.0,0.0
20260709_111233_260179,2026-07-09T11:12:52.115,18.855114,pose,685,stand,0.0,0.0,0.0,0.0,0.0,0.0,0.0,0.0,0.08,xsens:live,0.008385940454900265,-0.008828070014715195,-0.9999259114265442,0.5058354882857963,0.48050333085850905,0.009666353464126587,0.03866541385650635,5.186435699462891,12.474508285522461,12,can0:12,3.913083076477051,8.686788558959961,,"BL_hip_joint,BR_hip_joint,FL_hip_joint,FR_hip_joint,BL_thigh_joint,BR_thigh_joint,FL_thigh_joint,FR_thigh_joint,BL_calf_joint,BR_calf_joint,FL_calf_joint,FR_calf_joint",330e02f2406e129bb6ed6ec4a6c6bcd5f80d7e7799a2ab087e81eda65d2fae69,"step=000685 mode=stand  vx= 0.000 vy= 0.000 vxy= 0.000 yaw= 0.000 speed=0.08 imu=xsens:live tilt_rp=[+0.5,+0.5]deg imu_corr=0.010 act_max= 0.039 tau_cmd= 5.186 tau_cmd_max= 12.475 cmds=12 bus=can0:12 tau_fb= 3.913 tau_fb_max= 8.687",0.0,0.0,0.0,0.0,0.0,0.0,0.008385940454900265,-0.008828070014715195,-0.9999259114265442,0.0,0.0,0.0,0.0,0.0,0.0,0.0,0.0,0.0,0.0,0.0,0.0,0.0,0.0,0.0,0.0,0.0,0.0,0.0,0.0,0.0,0.0,0.0,0.0,0.0,0.0,0.0,0.0,0.0,0.0,0.0,0.0,0.0,0.0,0.0,0.0,0.0,0.0,0.0,0.25323769450187683,-0.9075812101364136,-0.15582209825515747,0.9141333103179932,0.26433733105659485,-0.25948530435562134,0.4160405099391937,-0.062140170484781265,-1.1411008834838867,0.7089605331420898,-0.7638213634490967,1.0147780179977417,-0.020338356494903564,-0.03866541385650635,0.02223779261112213,0.00680619478225708,0.010233104228973389,-0.006603896617889404,0.002013295888900757,-0.008653230965137482,-1.7881393432617188e-06,0.00829470157623291,-0.013564705848693848,-0.012846827507019043,-0.007670138031244278,-0.007286631036549807,0.0057526035234332085,0.004985589534044266,0.003835069015622139,0.007286631036549807,-0.0,0.011505207046866417,0.0057526035234332085,-0.011505207046866417,0.009587672539055347,-0.015340276062488556,-0.05081331729888916,-0.013733329251408577,-0.037537768483161926,0.04577776417136192,0.06271553784608841,0.09796441346406937,0.10620441287755966,-0.0393688790500164,-0.004577776417136192,0.02609332650899887,0.013275551609694958,-0.09384441375732422,-0.005084589123725891,-0.009666353464126587,0.005559448152780533,0.00170154869556427,0.002558276057243347,-0.001650974154472351,0.0005033239722251892,-0.0021633077412843704,0.0,0.0,0.0,-0.0032117068767547607,0.0,0.0,0.0,0.0,0.0,0.0,0.0,0.0,0.0,0.0,0.0,0.0
20260709_111233_260179,2026-07-09T11:12:52.250,18.990055,pose,690,stand,0.0,0.0,0.0,0.0,0.0,0.0,0.0,0.0,0.08,xsens:live,0.008578463457524776,-0.007720984518527985,-0.9999334216117859,0.4424004894345848,0.4915304183132835,0.008824318647384644,0.035297274589538574,4.257133960723877,11.621615409851074,12,can0:12,4.18042516708374,10.371410369873047,,"BL_hip_joint,BR_hip_joint,FL_hip_joint,FR_hip_joint,BL_thigh_joint,BR_thigh_joint,FL_thigh_joint,FR_thigh_joint,BL_calf_joint,BR_calf_joint,FL_calf_joint,FR_calf_joint",330e02f2406e129bb6ed6ec4a6c6bcd5f80d7e7799a2ab087e81eda65d2fae69,"step=000690 mode=stand  vx= 0.000 vy= 0.000 vxy= 0.000 yaw= 0.000 speed=0.08 imu=xsens:live tilt_rp=[+0.4,+0.5]deg imu_corr=0.009 act_max= 0.035 tau_cmd= 4.257 tau_cmd_max= 11.622 cmds=12 bus=can0:12 tau_fb= 4.180 tau_fb_max= 10.371",0.0,0.0,0.0,0.0,0.0,0.0,0.008578463457524776,-0.007720984518527985,-0.9999334216117859,0.0,0.0,0.0,0.0,0.0,0.0,0.0,0.0,0.0,0.0,0.0,0.0,0.0,0.0,0.0,0.0,0.0,0.0,0.0,0.0,0.0,0.0,0.0,0.0,0.0,0.0,0.0,0.0,0.0,0.0,0.0,0.0,0.0,0.0,0.0,0.0,0.0,0.0,0.0,0.25692808628082275,-0.9042130708694458,-0.1579478681087494,0.9126644134521484,0.26311054825782776,-0.25874432921409607,0.4153515696525574,-0.06060650572180748,-1.141345500946045,0.7072025537490845,-0.7618703842163086,1.0163019895553589,-0.01664796471595764,-0.035297274589538574,0.020112022757530212,0.0053372979164123535,0.009006321430206299,-0.005862921476364136,0.0013243556022644043,-0.007119566202163696,-0.00024640560150146484,0.006536722183227539,-0.011613726615905762,-0.011322855949401855,-0.008053644560277462,-0.007286631036549807,0.0057526035234332085,0.006519617512822151,0.003835069015622139,0.007670138031244278,0.0011505207512527704,0.011505207046866417,0.0057526035234332085,-0.011505207046866417,0.009587672539055347,-0.016107289120554924,0.08926664292812347,0.008239997550845146,-0.04303110018372536,0.002288888208568096,0.010071108117699623,0.016022218391299248,0.048066653311252594,0.004119998775422573,0.016479995101690292,0.013733329251408577,-0.07553330808877945,-0.04623554274439812,-0.00416199117898941,-0.008824318647384644,0.005028005689382553,0.0013343244791030884,0.0022515803575515747,-0.001465730369091034,0.0003310889005661011,-0.001779891550540924,0.0,0.0,0.0,-0.002830713987350464,0.0,0.0,0.0,0.0,0.0,0.0,0.0,0.0,0.0,0.0,0.0,0.0
20260709_111233_260179,2026-07-09T11:12:52.385,19.124978,pose,695,stand,0.0,0.0,0.0,0.0,0.0,0.0,0.0,0.0,0.08,xsens:live,0.008500237949192524,-0.007461139000952244,-0.999936044216156,0.4275111835559178,0.4870471779292143,0.008591175079345703,0.03436470031738281,5.146668910980225,10.820469856262207,12,can0:12,3.9735100269317627,8.954131126403809,,"BL_hip_joint,BR_hip_joint,FL_hip_joint,FR_hip_joint,BL_thigh_joint,BR_thigh_joint,FL_thigh_joint,FR_thigh_joint,BL_calf_joint,BR_calf_joint,FL_calf_joint,FR_calf_joint",330e02f2406e129bb6ed6ec4a6c6bcd5f80d7e7799a2ab087e81eda65d2fae69,"step=000695 mode=stand  vx= 0.000 vy= 0.000 vxy= 0.000 yaw= 0.000 speed=0.08 imu=xsens:live tilt_rp=[+0.4,+0.5]deg imu_corr=0.009 act_max= 0.034 tau_cmd= 5.147 tau_cmd_max= 10.820 cmds=12 bus=can0:12 tau_fb= 3.974 tau_fb_max= 8.954",0.0,0.0,0.0,0.0,0.0,0.0,0.008500237949192524,-0.007461139000952244,-0.999936044216156,0.0,0.0,0.0,0.0,0.0,0.0,0.0,0.0,0.0,0.0,0.0,0.0,0.0,0.0,0.0,0.0,0.0,0.0,0.0,0.0,0.0,0.0,0.0,0.0,0.0,0.0,0.0,0.0,0.0,0.0,0.0,0.0,0.0,0.0,0.0,0.0,0.0,0.0,0.0,0.2576763927936554,-0.90328049659729,-0.1585141122341156,0.9123786687850952,0.26281699538230896,-0.25856760144233704,0.41523683071136475,-0.06029414013028145,-1.1413755416870117,0.7068653106689453,-0.7614452838897705,1.0166634321212769,-0.015899658203125,-0.03436470031738281,0.019545778632164,0.005051553249359131,0.0087127685546875,-0.0056861937046051025,0.0012096166610717773,-0.006807200610637665,-0.0002764463424682617,0.006199479103088379,-0.011188626289367676,-0.010961413383483887,-0.007670138031244278,-0.006903124041855335,0.0057526035234332085,0.0057526035234332085,0.003835069015622139,0.008053644560277462,-0.0,0.011888713575899601,0.0057526035234332085,-0.011505207046866417,0.009587672539055347,-0.015723783522844315,-0.03250221163034439,0.008697775192558765,0.03021332435309887,0.0553910955786705,-0.0553910955786705,0.07324442267417908,0.05310220643877983,0.002288888208568096,-0.004119998775422573,-0.06088442727923393,0.0315866582095623,0.03021332435309887,-0.00397491455078125,-0.008591175079345703,0.004886444658041,0.0012628883123397827,0.002178192138671875,-0.0014215484261512756,0.00030240416526794434,-0.0017018001526594162,0.0,0.0,0.0,-0.0027403533458709717,0.0,0.0,0.0,0.0,0.0,0.0,0.0,0.0,0.0,0.0,0.0,0.0
20260709_111233_260179,2026-07-09T11:12:52.520,19.260252,pose,700,stand,0.0,0.0,0.0,0.0,0.0,0.0,0.0,0.0,0.08,xsens:live,0.008429723791778088,-0.00853662844747305,-0.9999280571937561,0.4891360887385581,0.483010903325997,0.009442806243896484,0.03777122497558594,5.021724224090576,9.508401870727539,12,can0:12,4.16913366317749,10.375072479248047,,"BL_hip_joint,BR_hip_joint,FL_hip_joint,FR_hip_joint,BL_thigh_joint,BR_thigh_joint,FL_thigh_joint,FR_thigh_joint,BL_calf_joint,BR_calf_joint,FL_calf_joint,FR_calf_joint",330e02f2406e129bb6ed6ec4a6c6bcd5f80d7e7799a2ab087e81eda65d2fae69,"step=000700 mode=stand  vx= 0.000 vy= 0.000 vxy= 0.000 yaw= 0.000 speed=0.08 imu=xsens:live tilt_rp=[+0.5,+0.5]deg imu_corr=0.009 act_max= 0.038 tau_cmd= 5.022 tau_cmd_max= 9.508 cmds=12 bus=can0:12 tau_fb= 4.169 tau_fb_max= 10.375",0.0,0.0,0.0,0.0,0.0,0.0,0.008429723791778088,-0.00853662844747305,-0.9999280571937561,0.0,0.0,0.0,0.0,0.0,0.0,0.0,0.0,0.0,0.0,0.0,0.0,0.0,0.0,0.0,0.0,0.0,0.0,0.0,0.0,0.0,0.0,0.0,0.0,0.0,0.0,0.0,0.0,0.0,0.0,0.0,0.0,0.0,0.0,0.0,0.0,0.0,0.0,0.0,0.2542007863521576,-0.9066870212554932,-0.1563848853111267,0.9137493968009949,0.2640143036842346,-0.25929081439971924,0.4158625900745392,-0.06173931807279587,-1.1411640644073486,0.7085022330284119,-0.7633110284805298,1.0151787996292114,-0.019375264644622803,-0.03777122497558594,0.021675005555152893,0.006422281265258789,0.00991007685661316,-0.006409406661987305,0.0018353760242462158,-0.008252378553152084,-6.496906280517578e-05,0.007836401462554932,-0.013054370880126953,-0.012446045875549316,-0.007286631036549807,-0.006519617512822151,0.0057526035234332085,0.005369096528738737,0.0034515620209276676,0.00843715202063322,-0.0,0.012655727565288544,0.0057526035234332085,-0.011121700517833233,0.009587672539055347,-0.015723783522844315,0.036164432764053345,0.09018219262361526,0.12817774713039398,0.009155552834272385,0.07049775868654251,0.047151096165180206,0.02609332650899887,-0.014648884534835815,-0.008239997550845146,0.04440443217754364,0.04257332161068916,-0.0013733329251408577,-0.004843816161155701,-0.009442806243896484,0.005418751388788223,0.0016055703163146973,0.00247751921415329,-0.0016023516654968262,0.00045884400606155396,-0.002063094638288021,0.0,0.0,0.0,-0.003111511468887329,0.0,0.0,0.0,0.0,0.0,0.0,0.0,0.0,0.0,0.0,0.0,0.0
20260709_111233_260179,2026-07-09T11:12:52.655,19.395312,pose,705,stand,0.0,0.0,0.0,0.0,0.0,0.0,0.0,0.0,0.08,xsens:live,0.008392754010856152,-0.00774058373644948,-0.9999348521232605,0.44352281506850266,0.48088942070046015,0.0087871253490448,0.0351485013961792,3.9890177249908447,9.813446044921875,12,can0:12,3.677480459213257,8.415783882141113,,"BL_hip_joint,BR_hip_joint,FL_hip_joint,FR_hip_joint,BL_thigh_joint,BR_thigh_joint,FL_thigh_joint,FR_thigh_joint,BL_calf_joint,BR_calf_joint,FL_calf_joint,FR_calf_joint",330e02f2406e129bb6ed6ec4a6c6bcd5f80d7e7799a2ab087e81eda65d2fae69,"step=000705 mode=stand  vx= 0.000 vy= 0.000 vxy= 0.000 yaw= 0.000 speed=0.08 imu=xsens:live tilt_rp=[+0.4,+0.5]deg imu_corr=0.009 act_max= 0.035 tau_cmd= 3.989 tau_cmd_max= 9.813 cmds=12 bus=can0:12 tau_fb= 3.677 tau_fb_max= 8.416",0.0,0.0,0.0,0.0,0.0,0.0,0.008392754010856152,-0.00774058373644948,-0.9999348521232605,0.0,0.0,0.0,0.0,0.0,0.0,0.0,0.0,0.0,0.0,0.0,0.0,0.0,0.0,0.0,0.0,0.0,0.0,0.0,0.0,0.0,0.0,0.0,0.0,0.0,0.0,0.0,0.0,0.0,0.0,0.0,0.0,0.0,0.0,0.0,0.0,0.0,0.0,0.0,0.2566848397254944,-0.9040642976760864,-0.15800851583480835,0.9127767086029053,0.26312437653541565,-0.2587551474571228,0.41543519496917725,-0.06070426106452942,-1.1413002014160156,0.707345724105835,-0.761957049369812,1.0162783861160278,-0.01689121127128601,-0.0351485013961792,0.020051375031471252,0.0054495930671691895,0.00902014970779419,-0.005873739719390869,0.0014079809188842773,-0.007217321544885635,-0.00020110607147216797,0.006679892539978027,-0.01170039176940918,-0.01134645938873291,-0.008053644560277462,-0.007670138031244278,0.006903124041855335,0.005369096528738737,0.0034515620209276676,0.007286631036549807,-0.00038350690738298,0.010738193057477474,0.005369096528738737,-0.011505207046866417,0.00843715202063322,-0.015723783522844315,0.017853328958153725,0.024262215942144394,0.07324442267417908,-0.013733329251408577,0.001831110566854477,-0.04989776387810707,-0.004119998775422573,0.0009155552834272385,-0.04623554274439812,0.004119998775422573,0.008697775192558765,-0.004119998775422573,-0.004222802817821503,-0.0087871253490448,0.005012843757867813,0.0013623982667922974,0.0022550374269485474,-0.0014684349298477173,0.00035199522972106934,-0.0018043303862214088,0.0,0.0,0.0,-0.0028366148471832275,0.0,0.0,0.0,0.0,0.0,0.0,0.0,0.0,0.0,0.0,0.0,0.0
20260709_111233_260179,2026-07-09T11:12:52.791,19.531330,pose,710,stand,0.0,0.0,0.0,0.0,0.0,0.0,0.0,0.0,0.08,xsens:live,0.008239053189754486,-0.00986288022249937,-0.9999174475669861,0.5651297377930043,0.47209126438470295,0.010461241006851196,0.041844964027404785,3.9433701038360596,8.585699081420898,12,can0:12,3.850215196609497,8.44874382019043,,"BL_hip_joint,BR_hip_joint,FL_hip_joint,FR_hip_joint,BL_thigh_joint,BR_thigh_joint,FL_thigh_joint,FR_thigh_joint,BL_calf_joint,BR_calf_joint,FL_calf_joint,FR_calf_joint",330e02f2406e129bb6ed6ec4a6c6bcd5f80d7e7799a2ab087e81eda65d2fae69,"step=000710 mode=stand  vx= 0.000 vy= 0.000 vxy= 0.000 yaw= 0.000 speed=0.08 imu=xsens:live tilt_rp=[+0.6,+0.5]deg imu_corr=0.010 act_max= 0.042 tau_cmd= 3.943 tau_cmd_max= 8.586 cmds=12 bus=can0:12 tau_fb= 3.850 tau_fb_max= 8.449",0.0,0.0,0.0,0.0,0.0,0.0,0.008239053189754486,-0.00986288022249937,-0.9999174475669861,0.0,0.0,0.0,0.0,0.0,0.0,0.0,0.0,0.0,0.0,0.0,0.0,0.0,0.0,0.0,0.0,0.0,0.0,0.0,0.0,0.0,0.0,0.0,0.0,0.0,0.0,0.0,0.0,0.0,0.0,0.0,0.0,0.0,0.0,0.0,0.0,0.0,0.0,0.0,0.24983350932598114,-0.910760760307312,-0.1538238525390625,0.9154949188232422,0.26548320055007935,-0.26017096638679504,0.41666290163993835,-0.0635601133108139,-1.1408787965774536,0.7105802893638611,-0.7656236886978149,1.0133572816848755,-0.023742541670799255,-0.041844964027404785,0.024236038327217102,0.008167803287506104,0.011378973722457886,-0.00728955864906311,0.0026356875896453857,-0.01007317379117012,0.00022029876708984375,0.00991445779800415,-0.01536703109741211,-0.014267563819885254,-0.006903124041855335,-0.00613611051812768,0.004985589534044266,0.00306805525906384,0.002301041502505541,0.007286631036549807,-0.00038350690738298,0.01227222103625536,0.005369096528738737,-0.011121700517833233,0.009204166010022163,-0.01380624808371067,0.017853328958153725,0.041657764464616776,0.009613330475986004,-0.00595110934227705,-0.027924437075853348,0.04852443188428879,0.0027466658502817154,-0.003662221133708954,0.05401776358485222,0.05264442786574364,-0.04577776417136192,-0.025177771225571632,-0.005935635417699814,-0.010461241006851196,0.0060590095818042755,0.002041950821876526,0.0028447434306144714,-0.0018223896622657776,0.0006589218974113464,-0.00251829344779253,5.507469177246094e-05,0.0,0.0,-0.0035668909549713135,0.0,0.0,0.0,0.0,0.0,0.0,0.0,0.0,0.0,0.0,0.0,0.0
20260709_111233_260179,2026-07-09T11:12:52.920,19.660394,pose,715,stand,0.0,0.0,0.0,0.0,0.0,0.0,0.0,0.0,0.08,xsens:live,0.00825940165668726,-0.009847517125308514,-0.9999173879623413,0.5642495436304165,0.4732571907709425,0.010454699397087097,0.04181879758834839,3.5893137454986572,8.847412109375,12,can0:12,3.9567244052886963,8.77834415435791,,"BL_hip_joint,BR_hip_joint,FL_hip_joint,FR_hip_joint,BL_thigh_joint,BR_thigh_joint,FL_thigh_joint,FR_thigh_joint,BL_calf_joint,BR_calf_joint,FL_calf_joint,FR_calf_joint",330e02f2406e129bb6ed6ec4a6c6bcd5f80d7e7799a2ab087e81eda65d2fae69,"step=000715 mode=stand  vx= 0.000 vy= 0.000 vxy= 0.000 yaw= 0.000 speed=0.08 imu=xsens:live tilt_rp=[+0.6,+0.5]deg imu_corr=0.010 act_max= 0.042 tau_cmd= 3.589 tau_cmd_max= 8.847 cmds=12 bus=can0:12 tau_fb= 3.957 tau_fb_max= 8.778",0.0,0.0,0.0,0.0,0.0,0.0,0.00825940165668726,-0.009847517125308514,-0.9999173879623413,0.0,0.0,0.0,0.0,0.0,0.0,0.0,0.0,0.0,0.0,0.0,0.0,0.0,0.0,0.0,0.0,0.0,0.0,0.0,0.0,0.0,0.0,0.0,0.0,0.0,0.0,0.0,0.0,0.0,0.0,0.0,0.0,0.0,0.0,0.0,0.0,0.0,0.0,0.0,0.2499013990163803,-0.9107345938682556,-0.15384332835674286,0.9154661893844604,0.26546698808670044,-0.2601609528064728,0.41664665937423706,-0.06353211402893066,-1.1408863067626953,0.7105448842048645,-0.7655917406082153,1.0133780241012573,-0.023674651980400085,-0.04181879758834839,0.024216562509536743,0.008139073848724365,0.01136276125907898,-0.007279545068740845,0.002619445323944092,-0.01004517450928688,0.00021278858184814453,0.009879052639007568,-0.0153350830078125,-0.014246821403503418,-0.00843715202063322,-0.007286631036549807,0.00613611051812768,0.00421857601031661,0.0026845482643693686,0.007670138031244278,-0.00038350690738298,0.011888713575899601,0.005369096528738737,-0.011121700517833233,0.008820658549666405,-0.01418975554406643,0.009613330475986004,0.012817773967981339,-0.010528885759413242,-0.02609332650899887,-0.036164432764053345,0.0315866582095623,0.008697775192558765,0.04577776417136192,-0.05951109528541565,0.006408886983990669,-0.08651997148990631,0.001831110566854477,-0.005918662995100021,-0.010454699397087097,0.006054140627384186,0.0020347684621810913,0.002840690314769745,-0.0018198862671852112,0.000654861330986023,-0.00251129362732172,5.319714546203613e-05,0.0,0.0,-0.0035617053508758545,0.0,0.0,0.0,0.0,0.0,0.0,0.0,0.0,0.0,0.0,0.0,0.0
20260709_111233_260179,2026-07-09T11:12:53.056,19.795891,pose,720,stand,0.0,0.0,0.0,0.0,0.0,0.0,0.0,0.0,0.08,xsens:live,0.008574060164391994,-0.007592854090034962,-0.9999344348907471,0.43505865748136574,0.49127763215144704,0.00871923565864563,0.03487694263458252,4.384929180145264,10.477287292480469,12,can0:12,4.42915153503418,10.221259117126465,,"BL_hip_joint,BR_hip_joint,FL_hip_joint,FR_hip_joint,BL_thigh_joint,BR_thigh_joint,FL_thigh_joint,FR_thigh_joint,BL_calf_joint,BR_calf_joint,FL_calf_joint,FR_calf_joint",330e02f2406e129bb6ed6ec4a6c6bcd5f80d7e7799a2ab087e81eda65d2fae69,"step=000720 mode=stand  vx= 0.000 vy= 0.000 vxy= 0.000 yaw= 0.000 speed=0.08 imu=xsens:live tilt_rp=[+0.4,+0.5]deg imu_corr=0.009 act_max= 0.035 tau_cmd= 4.385 tau_cmd_max= 10.477 cmds=12 bus=can0:12 tau_fb= 4.429 tau_fb_max= 10.221",0.0,0.0,0.0,0.0,0.0,0.0,0.008574060164391994,-0.007592854090034962,-0.9999344348907471,0.0,0.0,0.0,0.0,0.0,0.0,0.0,0.0,0.0,0.0,0.0,0.0,0.0,0.0,0.0,0.0,0.0,0.0,0.0,0.0,0.0,0.0,0.0,0.0,0.0,0.0,0.0,0.0,0.0,0.0,0.0,0.0,0.0,0.0,0.0,0.0,0.0,0.0,0.0,0.2573300004005432,-0.9037927389144897,-0.15820805728435516,0.9125069379806519,0.2629671096801758,-0.25865787267684937,0.4152818024158478,-0.06043918430805206,-1.1413679122924805,0.7070153951644897,-0.7616516351699829,1.0164790153503418,-0.016246050596237183,-0.03487694263458252,0.01985183358192444,0.0051798224449157715,0.008862882852554321,-0.005776464939117432,0.0012545883655548096,-0.006952244788408279,-0.0002688169479370117,0.0063495635986328125,-0.011394977569580078,-0.011145830154418945,-0.00843715202063322,-0.007670138031244278,0.007286631036549807,0.0057526035234332085,0.0034515620209276676,0.00843715202063322,-0.0,0.01227222103625536,0.005369096528738737,-0.011505207046866417,0.00843715202063322,-0.015723783522844315,0.0787377581000328,0.021057771518826485,-0.02059999480843544,0.006408886983990669,0.0238044373691082,0.004577776417136192,0.015564439818263054,0.04898220673203468,0.051271095871925354,0.017853328958153725,-0.010071108117699623,-0.02151555009186268,-0.004061512649059296,-0.00871923565864563,0.00496295839548111,0.0012949556112289429,0.0022157207131385803,-0.001444116234779358,0.0003136470913887024,-0.0017380611971020699,0.0,0.0,0.0,-0.0027864575386047363,0.0,0.0,0.0,0.0,0.0,0.0,0.0,0.0,0.0,0.0,0.0,0.0
20260709_111233_260179,2026-07-09T11:12:53.192,19.932639,pose,725,stand,0.0,0.0,0.0,0.0,0.0,0.0,0.0,0.0,0.08,xsens:live,0.008830644190311432,-0.007509386166930199,-0.9999328255653381,0.4302769493894598,0.5059794786220492,0.008724883198738098,0.03489953279495239,5.200586318969727,11.954117774963379,12,can0:12,4.409008979797363,9.66460132598877,,"BL_hip_joint,BR_hip_joint,FL_hip_joint,FR_hip_joint,BL_thigh_joint,BR_thigh_joint,FL_thigh_joint,FR_thigh_joint,BL_calf_joint,BR_calf_joint,FL_calf_joint,FR_calf_joint",330e02f2406e129bb6ed6ec4a6c6bcd5f80d7e7799a2ab087e81eda65d2fae69,"step=000725 mode=stand  vx= 0.000 vy= 0.000 vxy= 0.000 yaw= 0.000 speed=0.08 imu=xsens:live tilt_rp=[+0.4,+0.5]deg imu_corr=0.009 act_max= 0.035 tau_cmd= 5.201 tau_cmd_max= 11.954 cmds=12 bus=can0:12 tau_fb= 4.409 tau_fb_max= 9.665",0.0,0.0,0.0,0.0,0.0,0.0,0.008830644190311432,-0.007509386166930199,-0.9999328255653381,0.0,0.0,0.0,0.0,0.0,0.0,0.0,0.0,0.0,0.0,0.0,0.0,0.0,0.0,0.0,0.0,0.0,0.0,0.0,0.0,0.0,0.0,0.0,0.0,0.0,0.0,0.0,0.0,0.0,0.0,0.0,0.0,0.0,0.0,0.0,0.0,0.0,0.0,0.0,0.2578449249267578,-0.9038153290748596,-0.15823781490325928,0.9122820496559143,0.26288482546806335,-0.2586050033569336,0.4151346981525421,-0.06022974103689194,-1.1414408683776855,0.7067332863807678,-0.7614361047744751,1.0165894031524658,-0.015731126070022583,-0.03489953279495239,0.019822075963020325,0.004954934120178223,0.008780598640441895,-0.00572359561920166,0.0011074841022491455,-0.006742801517248154,-0.00034177303314208984,0.006067454814910889,-0.011179447174072266,-0.011035442352294922,-0.007670138031244278,-0.006903124041855335,0.00843715202063322,0.006903124041855335,0.003835069015622139,0.008820658549666405,0.00076701381476596,0.01227222103625536,0.005369096528738737,-0.011121700517833233,0.00843715202063322,-0.01687430404126644,-0.04623554274439812,-0.013275551609694958,0.0013733329251408577,0.0636310949921608,-0.062257759273052216,-0.014648884534835815,-0.09109774976968765,0.037537768483161926,-0.040742211043834686,-0.04623554274439812,-0.010528885759413242,-0.03799554333090782,-0.003932781517505646,-0.008724883198738098,0.004955518990755081,0.0012387335300445557,0.0021951496601104736,-0.001430898904800415,0.0002768710255622864,-0.0016857003793120384,0.0,0.0,0.0,-0.0027588605880737305,0.0,0.0,0.0,0.0,0.0,0.0,0.0,0.0,0.0,0.0,0.0,0.0
20260709_111233_260179,2026-07-09T11:12:53.329,20.068911,pose,730,stand,0.0,0.0,0.0,0.0,0.0,0.0,0.0,0.0,0.08,xsens:live,0.00879408698529005,-0.007482906803488731,-0.9999334216117859,0.4287595213957448,0.5038846266892812,0.008693024516105652,0.03477209806442261,4.484818458557129,9.904178619384766,12,can0:12,4.050111293792725,8.88821029663086,,"BL_hip_joint,BR_hip_joint,FL_hip_joint,FR_hip_joint,BL_thigh_joint,BR_thigh_joint,FL_thigh_joint,FR_thigh_joint,BL_calf_joint,BR_calf_joint,FL_calf_joint,FR_calf_joint",330e02f2406e129bb6ed6ec4a6c6bcd5f80d7e7799a2ab087e81eda65d2fae69,"step=000730 mode=stand  vx= 0.000 vy= 0.000 vxy= 0.000 yaw= 0.000 speed=0.08 imu=xsens:live tilt_rp=[+0.4,+0.5]deg imu_corr=0.009 act_max= 0.035 tau_cmd= 4.485 tau_cmd_max= 9.904 cmds=12 bus=can0:12 tau_fb= 4.050 tau_fb_max= 8.888",0.0,0.0,0.0,0.0,0.0,0.0,0.00879408698529005,-0.007482906803488731,-0.9999334216117859,0.0,0.0,0.0,0.0,0.0,0.0,0.0,0.0,0.0,0.0,0.0,0.0,0.0,0.0,0.0,0.0,0.0,0.0,0.0,0.0,0.0,0.0,0.0,0.0,0.0,0.0,0.0,0.0,0.0,0.0,0.0,0.0,0.0,0.0,0.0,0.0,0.0,0.0,0.0,0.25789374113082886,-0.9036878943443298,-0.15831123292446136,0.9122664332389832,0.2628536522388458,-0.2585867643356323,0.4151339530944824,-0.06020910292863846,-1.1414371728897095,0.7067168354988098,-0.7614006996154785,1.0166263580322266,-0.015682309865951538,-0.03477209806442261,0.019748657941818237,0.00493931770324707,0.008749425411224365,-0.005705356597900391,0.0011067390441894531,-0.006722163408994675,-0.0003380775451660156,0.006051003932952881,-0.011144042015075684,-0.01099848747253418,-0.007670138031244278,-0.007286631036549807,0.00613611051812768,0.004602083005011082,0.0019175345078110695,0.008053644560277462,-0.00038350690738298,0.011888713575899601,0.004985589534044266,-0.011505207046866417,0.008820658549666405,-0.015340276062488556,0.05813775956630707,0.054475538432598114,-0.044862210750579834,-0.051271095871925354,-0.13046662509441376,0.0315866582095623,-0.050355542451143265,-0.002288888208568096,-0.0119022186845541,-0.027466658502817154,-0.008697775192558765,-0.012817773967981339,-0.0039205774664878845,-0.008693024516105652,0.004937164485454559,0.0012348294258117676,0.0021873563528060913,-0.0014263391494750977,0.0002766847610473633,-0.0016805408522486687,0.0,0.0,0.0,-0.002749621868133545,0.0,0.0,0.0,0.0,0.0,0.0,0.0,0.0,0.0,0.0,0.0,0.0
20260709_111233_260179,2026-07-09T11:12:53.464,20.204423,pose,735,stand,0.0,0.0,0.0,0.0,0.0,0.0,0.0,0.0,0.08,xsens:live,0.008394009433686733,-0.010525813326239586,-0.9999094009399414,0.603117046349035,0.48097359231804987,0.011040151119232178,0.04416060447692871,4.721912860870361,9.428714752197266,12,can0:12,3.8843958377838135,7.983642101287842,,"BL_hip_joint,BR_hip_joint,FL_hip_joint,FR_hip_joint,BL_thigh_joint,BR_thigh_joint,FL_thigh_joint,FR_thigh_joint,BL_calf_joint,BR_calf_joint,FL_calf_joint,FR_calf_joint",330e02f2406e129bb6ed6ec4a6c6bcd5f80d7e7799a2ab087e81eda65d2fae69,"step=000735 mode=stand  vx= 0.000 vy= 0.000 vxy= 0.000 yaw= 0.000 speed=0.08 imu=xsens:live tilt_rp=[+0.6,+0.5]deg imu_corr=0.011 act_max= 0.044 tau_cmd= 4.722 tau_cmd_max= 9.429 cmds=12 bus=can0:12 tau_fb= 3.884 tau_fb_max= 7.984",0.0,0.0,0.0,0.0,0.0,0.0,0.008394009433686733,-0.010525813326239586,-0.9999094009399414,0.0,0.0,0.0,0.0,0.0,0.0,0.0,0.0,0.0,0.0,0.0,0.0,0.0,0.0,0.0,0.0,0.0,0.0,0.0,0.0,0.0,0.0,0.0,0.0,0.0,0.0,0.0,0.0,0.0,0.0,0.0,0.0,0.0,0.0,0.0,0.0,0.0,0.0,0.0,0.24790263175964355,-0.9130764007568359,-0.15240983664989471,0.9162514805793762,0.2662275433540344,-0.26060742139816284,0.41695931553840637,-0.06437189131975174,-1.1407928466796875,0.7114619612693787,-0.7666984796524048,1.0124468803405762,-0.02567341923713684,-0.04416060447692871,0.025650054216384888,0.008924365043640137,0.012123316526412964,-0.007726013660430908,0.0029321014881134033,-0.010884951800107956,0.00030624866485595703,0.010796129703521729,-0.016441822052001953,-0.01517796516418457,-0.006903124041855335,-0.00613611051812768,0.00421857601031661,0.0026845482643693686,-0.00038350690738298,0.008820658549666405,-0.00153402762953192,0.01380624808371067,0.005369096528738737,-0.011121700517833233,0.009587672539055347,-0.013039235025644302,0.044862210750579834,-0.035248879343271255,-0.12909328937530518,-0.07690664380788803,0.014648884534835815,-0.006408886983990669,-0.02151555009186268,0.0315866582095623,0.003662221133708954,-0.03021332435309887,-0.04669332131743431,-0.018768884241580963,-0.00641835480928421,-0.011040151119232178,0.006412513554096222,0.002231091260910034,0.003030829131603241,-0.001931503415107727,0.0007330253720283508,-0.002721237950026989,7.656216621398926e-05,0.0,0.0,-0.0037944912910461426,0.0,0.0,0.0,0.0,0.0,0.0,0.0,0.0,0.0,0.0,0.0,0.0
20260709_111233_260179,2026-07-09T11:12:53.600,20.339890,pose,740,stand,0.0,0.0,0.0,0.0,0.0,0.0,0.0,0.0,0.08,xsens:live,0.008692066185176373,-0.008166853338479996,-0.999928891658783,0.46794909904934623,0.49804157924878245,0.0092182457447052,0.0368729829788208,3.579195261001587,10.115509986877441,12,can0:12,4.4172492027282715,9.400921821594238,,"BL_hip_joint,BR_hip_joint,FL_hip_joint,FR_hip_joint,BL_thigh_joint,BR_thigh_joint,FL_thigh_joint,FR_thigh_joint,BL_calf_joint,BR_calf_joint,FL_calf_joint,FR_calf_joint",330e02f2406e129bb6ed6ec4a6c6bcd5f80d7e7799a2ab087e81eda65d2fae69,"step=000740 mode=stand  vx= 0.000 vy= 0.000 vxy= 0.000 yaw= 0.000 speed=0.08 imu=xsens:live tilt_rp=[+0.5,+0.5]deg imu_corr=0.009 act_max= 0.037 tau_cmd= 3.579 tau_cmd_max= 10.116 cmds=12 bus=can0:12 tau_fb= 4.417 tau_fb_max= 9.401",0.0,0.0,0.0,0.0,0.0,0.0,0.008692066185176373,-0.008166853338479996,-0.999928891658783,0.0,0.0,0.0,0.0,0.0,0.0,0.0,0.0,0.0,0.0,0.0,0.0,0.0,0.0,0.0,0.0,0.0,0.0,0.0,0.0,0.0,0.0,0.0,0.0,0.0,0.0,0.0,0.0,0.0,0.0,0.0,0.0,0.0,0.0,0.0,0.0,0.0,0.0,0.0,0.255626916885376,-0.905788779258728,-0.15698668360710144,0.9131646156311035,0.2636129558086395,-0.2590460777282715,0.4155549108982086,-0.06114998087286949,-1.1412898302078247,0.7077931761741638,-0.762603759765625,1.015683889389038,-0.01794913411140442,-0.0368729829788208,0.02107320725917816,0.005837500095367432,0.009508728981018066,-0.006164669990539551,0.0015276968479156494,-0.007663041353225708,-0.00019073486328125,0.007127344608306885,-0.012347102165222168,-0.011940956115722656,-0.008820658549666405,-0.008053644560277462,0.006903124041855335,0.004985589534044266,0.002301041502505541,0.008820658549666405,-0.0011505207512527704,0.01227222103625536,0.004985589534044266,-0.011121700517833233,0.009587672539055347,-0.014956769533455372,0.04440443217754364,0.043946653604507446,-0.0238044373691082,-0.017853328958153725,0.032959990203380585,-0.09430219233036041,0.0636310949921608,-0.040742211043834686,-0.05951109528541565,0.053559985011816025,0.029755547642707825,-0.0315866582095623,-0.004487283527851105,-0.0092182457447052,0.00526830181479454,0.001459375023841858,0.0023771822452545166,-0.0015411674976348877,0.00038192421197891235,-0.001915760338306427,0.0,0.0,0.0,-0.002985239028930664,0.0,0.0,0.0,0.0,0.0,0.0,0.0,0.0,0.0,0.0,0.0,0.0
20260709_111233_260179,2026-07-09T11:12:53.735,20.475570,pose,745,stand,0.0,0.0,0.0,0.0,0.0,0.0,0.0,0.0,0.08,xsens:live,0.009232524782419205,-0.006391134113073349,-0.9999369978904724,0.366203096239052,0.5290030013293833,0.007932454347610474,0.031729817390441895,5.312384128570557,11.60578727722168,12,can0:12,4.942777633666992,12.10730266571045,,"BL_hip_joint,BR_hip_joint,FL_hip_joint,FR_hip_joint,BL_thigh_joint,BR_thigh_joint,FL_thigh_joint,FR_thigh_joint,BL_calf_joint,BR_calf_joint,FL_calf_joint,FR_calf_joint",330e02f2406e129bb6ed6ec4a6c6bcd5f80d7e7799a2ab087e81eda65d2fae69,"step=000745 mode=stand  vx= 0.000 vy= 0.000 vxy= 0.000 yaw= 0.000 speed=0.08 imu=xsens:live tilt_rp=[+0.4,+0.5]deg imu_corr=0.008 act_max= 0.032 tau_cmd= 5.312 tau_cmd_max= 11.606 cmds=12 bus=can0:12 tau_fb= 4.943 tau_fb_max= 12.107",0.0,0.0,0.0,0.0,0.0,0.0,0.009232524782419205,-0.006391134113073349,-0.9999369978904724,0.0,0.0,0.0,0.0,0.0,0.0,0.0,0.0,0.0,0.0,0.0,0.0,0.0,0.0,0.0,0.0,0.0,0.0,0.0,0.0,0.0,0.0,0.0,0.0,0.0,0.0,0.0,0.0,0.0,0.0,0.0,0.0,0.0,0.0,0.0,0.0,0.0,0.0,0.0,0.26179349422454834,-0.9006456136703491,-0.16028384864330292,0.9107052683830261,0.26165151596069336,-0.2578514814376831,0.4143470823764801,-0.05860089883208275,-1.1417324542999268,0.7048282027244568,-0.7593954801559448,1.0181277990341187,-0.011782556772232056,-0.031729817390441895,0.017776042222976685,0.003378152847290039,0.007547289133071899,-0.004970073699951172,0.0003198683261871338,-0.005113959312438965,-0.0006333589553833008,0.0041623711585998535,-0.009138822555541992,-0.00949704647064209,-0.00843715202063322,-0.007670138031244278,0.010738193057477474,0.008053644560277462,0.00421857601031661,0.009971179068088531,0.0011505207512527704,0.012655727565288544,0.005369096528738737,-0.011505207046866417,0.008820658549666405,-0.018024824559688568,0.0050355540588498116,-0.008697775192558765,-0.06500442326068878,0.0238044373691082,0.06042664870619774,0.0631733164191246,-0.02700888179242611,0.02700888179242611,-0.023346660658717155,-0.0009155552834272385,0.038453321903944016,0.003662221133708954,-0.002945639193058014,-0.007932454347610474,0.004444010555744171,0.0008445382118225098,0.0018868222832679749,-0.001242518424987793,7.996708154678345e-05,-0.0012784898281097412,0.0,0.0,0.0,-0.0023742616176605225,0.0,0.0,0.0,0.0,0.0,0.0,0.0,0.0,0.0,0.0,0.0,0.0
20260709_111233_260179,2026-07-09T11:12:53.864,20.604367,pose,750,stand,0.0,0.0,0.0,0.0,0.0,0.0,0.0,0.0,0.08,xsens:live,0.008999460376799107,-0.0069391909055411816,-0.999935507774353,0.3976056123800552,0.515650431440478,0.008310586214065552,0.03324234485626221,3.9101898670196533,10.108743667602539,12,can0:12,4.280526161193848,11.081881523132324,,"BL_hip_joint,BR_hip_joint,FL_hip_joint,FR_hip_joint,BL_thigh_joint,BR_thigh_joint,FL_thigh_joint,FR_thigh_joint,BL_calf_joint,BR_calf_joint,FL_calf_joint,FR_calf_joint",330e02f2406e129bb6ed6ec4a6c6bcd5f80d7e7799a2ab087e81eda65d2fae69,"step=000750 mode=stand  vx= 0.000 vy= 0.000 vxy= 0.000 yaw= 0.000 speed=0.08 imu=xsens:live tilt_rp=[+0.4,+0.5]deg imu_corr=0.008 act_max= 0.033 tau_cmd= 3.910 tau_cmd_max= 10.109 cmds=12 bus=can0:12 tau_fb= 4.281 tau_fb_max= 11.082",0.0,0.0,0.0,0.0,0.0,0.0,0.008999460376799107,-0.0069391909055411816,-0.999935507774353,0.0,0.0,0.0,0.0,0.0,0.0,0.0,0.0,0.0,0.0,0.0,0.0,0.0,0.0,0.0,0.0,0.0,0.0,0.0,0.0,0.0,0.0,0.0,0.0,0.0,0.0,0.0,0.0,0.0,0.0,0.0,0.0,0.0,0.0,0.0,0.0,0.0,0.0,0.0,0.2598212957382202,-0.9021581411361694,-0.15929941833019257,0.9114941954612732,0.2622545659542084,-0.25822123885154724,0.4147484600543976,-0.059412889182567596,-1.1415818929672241,0.705784261226654,-0.7604068517684937,1.017374038696289,-0.01375475525856018,-0.03324234485626221,0.018760472536087036,0.004167079925537109,0.008150339126586914,-0.005339831113815308,0.0007212460041046143,-0.005925949662923813,-0.00048279762268066406,0.005118429660797119,-0.01015019416809082,-0.01025080680847168,-0.007670138031244278,-0.006903124041855335,0.006903124041855335,0.004985589534044266,0.0026845482643693686,0.00843715202063322,-0.0,0.011121700517833233,0.005369096528738737,-0.011121700517833233,0.009587672539055347,-0.016107289120554924,-0.04577776417136192,0.022431105375289917,-0.10391552746295929,-0.0636310949921608,-0.05767998471856117,-0.04440443217754364,-0.01235999632626772,-0.03341776877641678,-0.0393688790500164,0.04531998559832573,0.005493331700563431,0.0013733329251408577,-0.003438688814640045,-0.008310586214065552,0.004690118134021759,0.0010417699813842773,0.0020375847816467285,-0.001334957778453827,0.00018031150102615356,-0.0014814874157309532,0.0,0.0,0.0,-0.00256270170211792,0.0,0.0,0.0,0.0,0.0,0.0,0.0,0.0,0.0,0.0,0.0,0.0
20260709_111233_260179,2026-07-09T11:12:54.000,20.740301,pose,755,stand,0.0,0.0,0.0,0.0,0.0,0.0,0.0,0.0,0.08,xsens:live,0.009144723415374756,-0.009386067278683186,-0.9999141693115234,0.5378124076734556,0.5239844232966749,0.010333552956581116,0.04133421182632446,5.926575183868408,13.048064231872559,12,can0:12,5.213171482086182,11.766716957092285,,"BL_hip_joint,BR_hip_joint,FL_hip_joint,FR_hip_joint,BL_thigh_joint,BR_thigh_joint,FL_thigh_joint,FR_thigh_joint,BL_calf_joint,BR_calf_joint,FL_calf_joint,FR_calf_joint",330e02f2406e129bb6ed6ec4a6c6bcd5f80d7e7799a2ab087e81eda65d2fae69,"step=000755 mode=stand  vx= 0.000 vy= 0.000 vxy= 0.000 yaw= 0.000 speed=0.08 imu=xsens:live tilt_rp=[+0.5,+0.5]deg imu_corr=0.010 act_max= 0.041 tau_cmd= 5.927 tau_cmd_max= 13.048 cmds=12 bus=can0:12 tau_fb= 5.213 tau_fb_max= 11.767",0.0,0.0,0.0,0.0,0.0,0.0,0.009144723415374756,-0.009386067278683186,-0.9999141693115234,0.0,0.0,0.0,0.0,0.0,0.0,0.0,0.0,0.0,0.0,0.0,0.0,0.0,0.0,0.0,0.0,0.0,0.0,0.0,0.0,0.0,0.0,0.0,0.0,0.0,0.0,0.0,0.0,0.0,0.0,0.0,0.0,0.0,0.0,0.0,0.0,0.0,0.0,0.0,0.2522193193435669,-0.9102500081062317,-0.15428459644317627,0.9144694805145264,0.26499149203300476,-0.2598622739315033,0.4160466492176056,-0.06257829815149307,-1.1411724090576172,0.709314227104187,-0.7645515203475952,1.0140005350112915,-0.0213567316532135,-0.04133421182632446,0.023775294423103333,0.007142364978790283,0.0108872652053833,-0.006980866193771362,0.002019435167312622,-0.009091358631849289,-7.331371307373047e-05,0.008648395538330078,-0.014294862747192383,-0.013624310493469238,-0.006903124041855335,-0.00613611051812768,0.005369096528738737,0.0034515620209276676,-0.00076701381476596,0.01035468652844429,-0.00076701381476596,0.014956769533455372,0.0057526035234332085,-0.011121700517833233,0.01418975554406643,-0.01418975554406643,-0.03662221133708954,-0.02929776906967163,0.021973326802253723,0.08239997923374176,0.030671102926135063,0.06454664468765259,0.0032044434919953346,0.06271553784608841,0.07370220124721527,-0.059053316712379456,0.06683553755283356,-0.08285775035619736,-0.005339182913303375,-0.010333552956581116,0.005943823605775833,0.0017855912446975708,0.002721816301345825,-0.0017452165484428406,0.0005048587918281555,-0.0022728396579623222,0.0,0.0,0.0,-0.0034060776233673096,0.0,0.0,0.0,0.0,0.0,0.0,0.0,0.0,0.0,0.0,0.0,0.0
20260709_111233_260179,2026-07-09T11:12:54.137,20.876837,pose,760,stand,0.0,0.0,0.0,0.0,0.0,0.0,0.0,0.0,0.08,xsens:live,0.009618994779884815,-0.006783082615584135,-0.999930739402771,0.3886629638292978,0.5511489778310252,0.008361533284187317,0.03344613313674927,5.343765735626221,13.003098487854004,12,can0:12,5.2604756355285645,13.773613929748535,,"BL_hip_joint,BR_hip_joint,FL_hip_joint,FR_hip_joint,BL_thigh_joint,BR_thigh_joint,FL_thigh_joint,FR_thigh_joint,BL_calf_joint,BR_calf_joint,FL_calf_joint,FR_calf_joint",330e02f2406e129bb6ed6ec4a6c6bcd5f80d7e7799a2ab087e81eda65d2fae69,"step=000760 mode=stand  vx= 0.000 vy= 0.000 vxy= 0.000 yaw= 0.000 speed=0.08 imu=xsens:live tilt_rp=[+0.4,+0.6]deg imu_corr=0.008 act_max= 0.033 tau_cmd= 5.344 tau_cmd_max= 13.003 cmds=12 bus=can0:12 tau_fb= 5.260 tau_fb_max= 13.774",0.0,0.0,0.0,0.0,0.0,0.0,0.009618994779884815,-0.006783082615584135,-0.999930739402771,0.0,0.0,0.0,0.0,0.0,0.0,0.0,0.0,0.0,0.0,0.0,0.0,0.0,0.0,0.0,0.0,0.0,0.0,0.0,0.0,0.0,0.0,0.0,0.0,0.0,0.0,0.0,0.0,0.0,0.0,0.0,0.0,0.0,0.0,0.0,0.0,0.0,0.0,0.0,0.2609228193759918,-0.9023619294166565,-0.15928228199481964,0.9110068678855896,0.2621062099933624,-0.25812405347824097,0.41441816091537476,-0.0589674636721611,-1.1417471170425415,0.7051730751991272,-0.7599663734436035,1.0175750255584717,-0.012653231620788574,-0.03344613313674927,0.01877760887145996,0.0036797523498535156,0.008001983165740967,-0.005242645740509033,0.0003909468650817871,-0.005480524152517319,-0.0006480216979980469,0.004507243633270264,-0.009709715843200684,-0.010049819946289062,-0.008820658549666405,-0.00843715202063322,0.01418975554406643,0.011121700517833233,0.00613611051812768,0.013039235025644302,0.0026845482643693686,0.013422741554677486,0.004985589534044266,-0.011121700517833233,0.006519617512822151,-0.02147638611495495,-0.010528885759413242,-0.015564439818263054,0.014191106893122196,0.0196844395250082,-0.016479995101690292,-0.0476088747382164,0.004119998775422573,-0.0791955292224884,-0.0050355540588498116,-0.06042664870619774,-0.0553910955786705,0.03387554734945297,-0.0031633079051971436,-0.008361533284187317,0.00469440221786499,0.0009199380874633789,0.0020004957914352417,-0.0013106614351272583,9.773671627044678e-05,-0.0013701310381293297,0.0,0.0,0.0,-0.0025124549865722656,0.0,0.0,0.0,0.0,0.0,0.0,0.0,0.0,0.0,0.0,0.0,0.0
20260709_111233_260179,2026-07-09T11:12:54.273,21.013754,pose,765,stand,0.0,0.0,0.0,0.0,0.0,0.0,0.0,0.0,0.08,xsens:live,0.00926853995770216,-0.005358533933758736,-0.9999427199363708,0.3070360269468516,0.5310634335003873,0.00710316002368927,0.02841264009475708,4.037708759307861,9.106593132019043,12,can0:12,4.5823540687561035,12.843409538269043,,"BL_hip_joint,BR_hip_joint,FL_hip_joint,FR_hip_joint,BL_thigh_joint,BR_thigh_joint,FL_thigh_joint,FR_thigh_joint,BL_calf_joint,BR_calf_joint,FL_calf_joint,FR_calf_joint",330e02f2406e129bb6ed6ec4a6c6bcd5f80d7e7799a2ab087e81eda65d2fae69,"step=000765 mode=stand  vx= 0.000 vy= 0.000 vxy= 0.000 yaw= 0.000 speed=0.08 imu=xsens:live tilt_rp=[+0.3,+0.5]deg imu_corr=0.007 act_max= 0.028 tau_cmd= 4.038 tau_cmd_max= 9.107 cmds=12 bus=can0:12 tau_fb= 4.582 tau_fb_max= 12.843",0.0,0.0,0.0,0.0,0.0,0.0,0.00926853995770216,-0.005358533933758736,-0.9999427199363708,0.0,0.0,0.0,0.0,0.0,0.0,0.0,0.0,0.0,0.0,0.0,0.0,0.0,0.0,0.0,0.0,0.0,0.0,0.0,0.0,0.0,0.0,0.0,0.0,0.0,0.0,0.0,0.0,0.0,0.0,0.0,0.0,0.0,0.0,0.0,0.0,0.0,0.0,0.0,0.26512497663497925,-0.8973284363746643,-0.16235916316509247,0.9094136357307434,0.2604965567588806,-0.25714391469955444,0.4137428402900696,-0.05722557380795479,-1.1419289112091064,0.7032702565193176,-0.7575918436050415,1.0195603370666504,-0.008451074361801147,-0.02841264009475708,0.015700727701187134,0.0020865201950073242,0.006392329931259155,-0.00426250696182251,-0.00028437376022338867,-0.0037386342883110046,-0.0008298158645629883,0.0026044249534606934,-0.007335186004638672,-0.008064508438110352,-0.008053644560277462,-0.006519617512822151,0.00613611051812768,0.0034515620209276676,-0.0,0.007286631036549807,-0.00038350690738298,0.01035468652844429,0.004602083005011082,-0.011505207046866417,0.011505207046866417,-0.01418975554406643,0.07278664410114288,0.04531998559832573,-0.12543107569217682,-0.004577776417136192,-0.023346660658717155,-0.021057771518826485,-0.03433332219719887,0.0553910955786705,0.008697775192558765,0.025635547935962677,0.013275551609694958,0.11490219086408615,-0.002112768590450287,-0.00710316002368927,0.0039251819252967834,0.0005216300487518311,0.0015980824828147888,-0.0010656267404556274,-7.109344005584717e-05,-0.0009346585720777512,0.0,0.0,0.0,-0.002016127109527588,0.0,0.0,0.0,0.0,0.0,0.0,0.0,0.0,0.0,0.0,0.0,0.0
20260709_111233_260179,2026-07-09T11:12:54.408,21.147986,pose,770,stand,0.0,0.0,0.0,0.0,0.0,0.0,0.0,0.0,0.08,xsens:live,0.009523918852210045,-0.011165904812514782,-0.9998922944068909,0.6398015388223092,0.5457226307289623,0.01187528669834137,0.04750114679336548,4.586490631103516,11.625151634216309,12,can0:12,4.708700656890869,11.316263198852539,,"BL_hip_joint,BR_hip_joint,FL_hip_joint,FR_hip_joint,BL_thigh_joint,BR_thigh_joint,FL_thigh_joint,FR_thigh_joint,BL_calf_joint,BR_calf_joint,FL_calf_joint,FR_calf_joint",330e02f2406e129bb6ed6ec4a6c6bcd5f80d7e7799a2ab087e81eda65d2fae69,"step=000770 mode=stand  vx= 0.000 vy= 0.000 vxy= 0.000 yaw= 0.000 speed=0.08 imu=xsens:live tilt_rp=[+0.6,+0.5]deg imu_corr=0.012 act_max= 0.048 tau_cmd= 4.586 tau_cmd_max= 11.625 cmds=12 bus=can0:12 tau_fb= 4.709 tau_fb_max= 11.316",0.0,0.0,0.0,0.0,0.0,0.0,0.009523918852210045,-0.011165904812514782,-0.9998922944068909,0.0,0.0,0.0,0.0,0.0,0.0,0.0,0.0,0.0,0.0,0.0,0.0,0.0,0.0,0.0,0.0,0.0,0.0,0.0,0.0,0.0,0.0,0.0,0.0,0.0,0.0,0.0,0.0,0.0,0.0,0.0,0.0,0.0,0.0,0.0,0.0,0.0,0.0,0.0,0.24700312316417694,-0.9164169430732727,-0.15050259232521057,0.9165194630622864,0.2669892907142639,-0.2610252797603607,0.4168529510498047,-0.06476680934429169,-1.14093816280365,0.7116968631744385,-0.7674366235733032,1.011566400527954,-0.026572927832603455,-0.04750114679336548,0.02755729854106903,0.009192347526550293,0.012885063886642456,-0.008143872022628784,0.0028257369995117188,-0.011279869824647903,0.0001609325408935547,0.011031031608581543,-0.01717996597290039,-0.01605844497680664,-0.005369096528738737,-0.003835069015622139,0.0057526035234332085,0.0026845482643693686,0.0011505207512527704,0.011121700517833233,0.00038350690738298,0.015340276062488556,0.0057526035234332085,-0.009204166010022163,0.012655727565288544,-0.015340276062488556,-0.027924437075853348,-0.06042664870619774,0.07370220124721527,0.04989776387810707,-0.03021332435309887,-0.01235999632626772,-0.0013733329251408577,0.02151555009186268,-0.0553910955786705,-0.0013733329251408577,-0.0398266538977623,-0.0869777500629425,-0.006643231958150864,-0.01187528669834137,0.006889324635267258,0.0022980868816375732,0.003221265971660614,-0.002035968005657196,0.0007064342498779297,-0.002819967456161976,4.023313522338867e-05,0.0,0.0,-0.00401461124420166,0.0,0.0,0.0,0.0,0.0,0.0,0.0,0.0,0.0,0.0,0.0,0.0
20260709_111233_260179,2026-07-09T11:12:54.545,21.285213,pose,775,stand,0.0,0.0,0.0,0.0,0.0,0.0,0.0,0.0,0.08,xsens:live,0.009564720094203949,-0.005045766476541758,-0.9999415874481201,0.2891155577611134,0.5480333930103797,0.006933882832527161,0.027735531330108643,5.409736633300781,10.421730995178223,12,can0:12,4.597918510437012,9.796441078186035,,"BL_hip_joint,BR_hip_joint,FL_hip_joint,FR_hip_joint,BL_thigh_joint,BR_thigh_joint,FL_thigh_joint,FR_thigh_joint,BL_calf_joint,BR_calf_joint,FL_calf_joint,FR_calf_joint",330e02f2406e129bb6ed6ec4a6c6bcd5f80d7e7799a2ab087e81eda65d2fae69,"step=000775 mode=stand  vx= 0.000 vy= 0.000 vxy= 0.000 yaw= 0.000 speed=0.08 imu=xsens:live tilt_rp=[+0.3,+0.5]deg imu_corr=0.007 act_max= 0.028 tau_cmd= 5.410 tau_cmd_max= 10.422 cmds=12 bus=can0:12 tau_fb= 4.598 tau_fb_max= 9.796",0.0,0.0,0.0,0.0,0.0,0.0,0.009564720094203949,-0.005045766476541758,-0.9999415874481201,0.0,0.0,0.0,0.0,0.0,0.0,0.0,0.0,0.0,0.0,0.0,0.0,0.0,0.0,0.0,0.0,0.0,0.0,0.0,0.0,0.0,0.0,0.0,0.0,0.0,0.0,0.0,0.0,0.0,0.0,0.0,0.0,0.0,0.0,0.0,0.0,0.0,0.0,0.0,0.2664151191711426,-0.8966513276100159,-0.16283762454986572,0.9088877439498901,0.2601584792137146,-0.2569337487220764,0.41344699263572693,-0.05669982358813286,-1.1420502662658691,0.7026248574256897,-0.7569675445556641,1.0199867486953735,-0.007160931825637817,-0.027735531330108643,0.01522226631641388,0.0015606284141540527,0.00605425238609314,-0.004052340984344482,-0.00058022141456604,-0.0032128840684890747,-0.0009511709213256836,0.0019590258598327637,-0.0067108869552612305,-0.007638096809387207,-0.010738193057477474,-0.009971179068088531,0.010738193057477474,0.006903124041855335,0.002301041502505541,0.008820658549666405,-0.0,0.01035468652844429,0.004602083005011082,-0.011121700517833233,0.009587672539055347,-0.018024824559688568,-0.04943998530507088,-0.029755547642707825,0.0013733329251408577,-0.0013733329251408577,-0.023346660658717155,0.010071108117699623,-0.04852443188428879,0.001831110566854477,-0.07003998011350632,-0.05310220643877983,0.032044436782598495,0.04623554274439812,-0.0017902329564094543,-0.006933882832527161,0.00380556657910347,0.0003901571035385132,0.001513563096523285,-0.0010130852460861206,-0.00014505535364151,-0.0008032210171222687,0.0,0.0,0.0,-0.0019095242023468018,0.0,0.0,0.0,0.0,0.0,0.0,0.0,0.0,0.0,0.0,0.0,0.0
20260709_111233_260179,2026-07-09T11:12:54.683,21.423056,pose,780,stand,0.0,0.0,0.0,0.0,0.0,0.0,0.0,0.0,0.08,xsens:live,0.009175180457532406,-0.008717251010239124,-0.9999199509620667,0.4994890225677417,0.5257264469601062,0.00980164110660553,0.03920656442642212,4.480959415435791,10.263139724731445,12,can0:12,3.764763593673706,10.1004056930542,,"BL_hip_joint,BR_hip_joint,FL_hip_joint,FR_hip_joint,BL_thigh_joint,BR_thigh_joint,FL_thigh_joint,FR_thigh_joint,BL_calf_joint,BR_calf_joint,FL_calf_joint,FR_calf_joint",330e02f2406e129bb6ed6ec4a6c6bcd5f80d7e7799a2ab087e81eda65d2fae69,"step=000780 mode=stand  vx= 0.000 vy= 0.000 vxy= 0.000 yaw= 0.000 speed=0.08 imu=xsens:live tilt_rp=[+0.5,+0.5]deg imu_corr=0.010 act_max= 0.039 tau_cmd= 4.481 tau_cmd_max= 10.263 cmds=12 bus=can0:12 tau_fb= 3.765 tau_fb_max= 10.100",0.0,0.0,0.0,0.0,0.0,0.0,0.009175180457532406,-0.008717251010239124,-0.9999199509620667,0.0,0.0,0.0,0.0,0.0,0.0,0.0,0.0,0.0,0.0,0.0,0.0,0.0,0.0,0.0,0.0,0.0,0.0,0.0,0.0,0.0,0.0,0.0,0.0,0.0,0.0,0.0,0.0,0.0,0.0,0.0,0.0,0.0,0.0,0.0,0.0,0.0,0.0,0.0,0.25435835123062134,-0.9081223607063293,-0.155614972114563,0.9136210083961487,0.2642476260662079,-0.2594188153743744,0.4156687259674072,-0.0616866834461689,-1.1412994861602783,0.7083083391189575,-0.7634060382843018,1.0149179697036743,-0.019217699766159058,-0.03920656442642212,0.022444918751716614,0.006293892860412598,0.010143399238586426,-0.006537407636642456,0.0016415119171142578,-0.008199743926525116,-0.00020039081573486328,0.007642507553100586,-0.013149380683898926,-0.012706875801086426,-0.006903124041855335,-0.005369096528738737,0.006903124041855335,0.003835069015622139,0.00153402762953192,0.009204166010022163,-0.00076701381476596,0.013039235025644302,0.004602083005011082,-0.010738193057477474,0.009587672539055347,-0.015723783522844315,0.0119022186845541,0.03799554333090782,0.015564439818263054,0.008239997550845146,0.04623554274439812,0.025177771225571632,0.021057771518826485,0.07553330808877945,-0.032044436782598495,-0.041657764464616776,-0.06866664439439774,-0.014191106893122196,-0.004804424941539764,-0.00980164110660553,0.0056112296879291534,0.0015734732151031494,0.0025358498096466064,-0.001634351909160614,0.00041037797927856445,-0.002049935981631279,0.0,0.0,0.0,-0.0031767189502716064,0.0,0.0,0.0,0.0,0.0,0.0,0.0,0.0,0.0,0.0,0.0,0.0
20260709_111233_260179,2026-07-09T11:12:54.815,21.554856,pose,785,stand,0.0,0.0,0.0,0.0,0.0,0.0,0.0,0.0,0.08,xsens:live,0.009022575803101063,-0.010869688354432583,-0.999900221824646,0.622824881041162,0.5169930684544137,0.011495202779769897,0.04598081111907959,3.727776288986206,8.327662467956543,12,can0:12,3.674428701400757,7.782219886779785,,"BL_hip_joint,BR_hip_joint,FL_hip_joint,FR_hip_joint,BL_thigh_joint,BR_thigh_joint,FL_thigh_joint,FR_thigh_joint,BL_calf_joint,BR_calf_joint,FL_calf_joint,FR_calf_joint",330e02f2406e129bb6ed6ec4a6c6bcd5f80d7e7799a2ab087e81eda65d2fae69,"step=000785 mode=stand  vx= 0.000 vy= 0.000 vxy= 0.000 yaw= 0.000 speed=0.08 imu=xsens:live tilt_rp=[+0.6,+0.5]deg imu_corr=0.011 act_max= 0.046 tau_cmd= 3.728 tau_cmd_max= 8.328 cmds=12 bus=can0:12 tau_fb= 3.674 tau_fb_max= 7.782",0.0,0.0,0.0,0.0,0.0,0.0,0.009022575803101063,-0.010869688354432583,-0.999900221824646,0.0,0.0,0.0,0.0,0.0,0.0,0.0,0.0,0.0,0.0,0.0,0.0,0.0,0.0,0.0,0.0,0.0,0.0,0.0,0.0,0.0,0.0,0.0,0.0,0.0,0.0,0.0,0.0,0.0,0.0,0.0,0.0,0.0,0.0,0.0,0.0,0.0,0.0,0.0,0.24743923544883728,-0.9148966073989868,-0.15137353539466858,0.9163850545883179,0.2666372060775757,-0.26083359122276306,0.41689446568489075,-0.06457609683275223,-1.1408756971359253,0.7115755677223206,-0.7670905590057373,1.0119729042053223,-0.026136815547943115,-0.04598081111907959,0.026686355471611023,0.009057939052581787,0.012532979249954224,-0.007952183485031128,0.0028672516345977783,-0.011089157313108444,0.00022339820861816406,0.010909736156463623,-0.016833901405334473,-0.015651941299438477,-0.007286631036549807,-0.005369096528738737,0.005369096528738737,0.0019175345078110695,0.00076701381476596,0.008053644560277462,-0.00076701381476596,0.011888713575899601,0.005369096528738737,-0.009587672539055347,0.009587672539055347,-0.01380624808371067,-0.007324442267417908,-0.04440443217754364,0.03479110077023506,-0.013275551609694958,0.006408886983990669,-0.020142216235399246,0.03387554734945297,-0.02288888208568096,0.023346660658717155,-0.0315866582095623,0.015106662176549435,0.017853328958153725,-0.006534203886985779,-0.011495202779769897,0.006671588867902756,0.0022644847631454468,0.003133244812488556,-0.001988045871257782,0.0007168129086494446,-0.002772289328277111,5.5849552154541016e-05,0.0,0.0,-0.003912985324859619,0.0,0.0,0.0,0.0,0.0,0.0,0.0,0.0,0.0,0.0,0.0,0.0
20260709_111233_260179,2026-07-09T11:12:54.953,21.693245,pose,790,stand,0.0,0.0,0.0,0.0,0.0,0.0,0.0,0.0,0.08,xsens:live,0.008796807378530502,-0.008803007192909718,-0.9999226331710815,0.5044011531805835,0.5040459300104319,0.009763240814208984,0.03905296325683594,4.149774551391602,9.474525451660156,12,can0:12,4.058046340942383,8.624530792236328,,"BL_hip_joint,BR_hip_joint,FL_hip_joint,FR_hip_joint,BL_thigh_joint,BR_thigh_joint,FL_thigh_joint,FR_thigh_joint,BL_calf_joint,BR_calf_joint,FL_calf_joint,FR_calf_joint",330e02f2406e129bb6ed6ec4a6c6bcd5f80d7e7799a2ab087e81eda65d2fae69,"step=000790 mode=stand  vx= 0.000 vy= 0.000 vxy= 0.000 yaw= 0.000 speed=0.08 imu=xsens:live tilt_rp=[+0.5,+0.5]deg imu_corr=0.010 act_max= 0.039 tau_cmd= 4.150 tau_cmd_max= 9.475 cmds=12 bus=can0:12 tau_fb= 4.058 tau_fb_max= 8.625",0.0,0.0,0.0,0.0,0.0,0.0,0.008796807378530502,-0.008803007192909718,-0.9999226331710815,0.0,0.0,0.0,0.0,0.0,0.0,0.0,0.0,0.0,0.0,0.0,0.0,0.0,0.0,0.0,0.0,0.0,0.0,0.0,0.0,0.0,0.0,0.0,0.0,0.0,0.0,0.0,0.0,0.0,0.0,0.0,0.0,0.0,0.0,0.0,0.0,0.0,0.0,0.0,0.25371819734573364,-0.9079687595367432,-0.15564808249473572,0.9139068722724915,0.2643269896507263,-0.25947266817092896,0.41586488485336304,-0.061947278678417206,-1.1411981582641602,0.7086690664291382,-0.7636605501174927,1.0148059129714966,-0.019857853651046753,-0.03905296325683594,0.022411808371543884,0.006579756736755371,0.010222762823104858,-0.0065912604331970215,0.0018376708030700684,-0.008460339158773422,-9.906291961669922e-05,0.00800323486328125,-0.013403892517089844,-0.01281893253326416,-0.009971179068088531,-0.008820658549666405,0.007286631036549807,0.0034515620209276676,0.00076701381476596,0.007670138031244278,-0.00038350690738298,0.010738193057477474,0.004602083005011082,-0.010738193057477474,0.008820658549666405,-0.01418975554406643,-0.031128879636526108,-0.06591998040676117,-0.02288888208568096,0.009155552834272385,-0.0315866582095623,-0.009613330475986004,-0.0,0.001831110566854477,0.07049775868654251,-0.00595110934227705,-0.06866664439439774,-0.03433332219719887,-0.004964463412761688,-0.009763240814208984,0.005602952092885971,0.0016449391841888428,0.0025556907057762146,-0.0016478151082992554,0.0004594177007675171,-0.0021150847896933556,0.0,0.0,0.0,-0.00320473313331604,0.0,0.0,0.0,0.0,0.0,0.0,0.0,0.0,0.0,0.0,0.0,0.0
20260709_111233_260179,2026-07-09T11:12:55.090,21.830133,pose,795,stand,0.0,0.0,0.0,0.0,0.0,0.0,0.0,0.0,0.08,xsens:live,0.008972794748842716,-0.008096542209386826,-0.9999270439147949,0.46392140527396575,0.5141269798935989,0.009241536259651184,0.036966145038604736,3.5257434844970703,9.19340705871582,12,can0:12,3.546556234359741,8.529313087463379,,"BL_hip_joint,BR_hip_joint,FL_hip_joint,FR_hip_joint,BL_thigh_joint,BR_thigh_joint,FL_thigh_joint,FR_thigh_joint,BL_calf_joint,BR_calf_joint,FL_calf_joint,FR_calf_joint",330e02f2406e129bb6ed6ec4a6c6bcd5f80d7e7799a2ab087e81eda65d2fae69,"step=000795 mode=stand  vx= 0.000 vy= 0.000 vxy= 0.000 yaw= 0.000 speed=0.08 imu=xsens:live tilt_rp=[+0.5,+0.5]deg imu_corr=0.009 act_max= 0.037 tau_cmd= 3.526 tau_cmd_max= 9.193 cmds=12 bus=can0:12 tau_fb= 3.547 tau_fb_max= 8.529",0.0,0.0,0.0,0.0,0.0,0.0,0.008972794748842716,-0.008096542209386826,-0.9999270439147949,0.0,0.0,0.0,0.0,0.0,0.0,0.0,0.0,0.0,0.0,0.0,0.0,0.0,0.0,0.0,0.0,0.0,0.0,0.0,0.0,0.0,0.0,0.0,0.0,0.0,0.0,0.0,0.0,0.0,0.0,0.0,0.0,0.0,0.0,0.0,0.0,0.0,0.0,0.0,0.25612354278564453,-0.905881941318512,-0.1569763571023941,0.9129438996315002,0.26354658603668213,-0.2590022087097168,0.4154057800769806,-0.06094823777675629,-1.1413662433624268,0.7075161337852478,-0.762404203414917,1.0157757997512817,-0.017452508211135864,-0.036966145038604736,0.021083533763885498,0.00561678409576416,0.009442359209060669,-0.006120800971984863,0.001378566026687622,-0.007461298257112503,-0.0002671480178833008,0.006850302219390869,-0.01214754581451416,-0.011849045753479004,-0.008053644560277462,-0.006903124041855335,0.007286631036549807,0.003835069015622139,0.0026845482643693686,0.008053644560277462,-0.00038350690738298,0.011121700517833233,0.004985589534044266,-0.01035468652844429,0.007670138031244278,-0.014956769533455372,0.06500442326068878,0.03570665791630745,-0.06912442296743393,-0.047151096165180206,-0.01831110566854477,-0.05630664899945259,0.001831110566854477,0.04943998530507088,-0.0238044373691082,0.04257332161068916,0.051271095871925354,-0.005493331700563431,-0.004363127052783966,-0.009241536259651184,0.0052708834409713745,0.00140419602394104,0.0023605898022651672,-0.0015302002429962158,0.0003446415066719055,-0.0018653245642781258,0.0,0.0,0.0,-0.002962261438369751,0.0,0.0,0.0,0.0,0.0,0.0,0.0,0.0,0.0,0.0,0.0,0.0
20260709_111233_260179,2026-07-09T11:12:55.228,21.967836,pose,800,stand,0.0,0.0,0.0,0.0,0.0,0.0,0.0,0.0,0.08,xsens:live,0.008825363591313362,-0.010121697559952736,-0.9999098181724548,0.5799630470769607,0.5056885605957538,0.010836556553840637,0.04334622621536255,4.513548374176025,12.555442810058594,12,can0:12,3.4220407009124756,7.071749210357666,,"BL_hip_joint,BR_hip_joint,FL_hip_joint,FR_hip_joint,BL_thigh_joint,BR_thigh_joint,FL_thigh_joint,FR_thigh_joint,BL_calf_joint,BR_calf_joint,FL_calf_joint,FR_calf_joint",330e02f2406e129bb6ed6ec4a6c6bcd5f80d7e7799a2ab087e81eda65d2fae69,"step=000800 mode=stand  vx= 0.000 vy= 0.000 vxy= 0.000 yaw= 0.000 speed=0.08 imu=xsens:live tilt_rp=[+0.6,+0.5]deg imu_corr=0.011 act_max= 0.043 tau_cmd= 4.514 tau_cmd_max= 12.555 cmds=12 bus=can0:12 tau_fb= 3.422 tau_fb_max= 7.072",0.0,0.0,0.0,0.0,0.0,0.0,0.008825363591313362,-0.010121697559952736,-0.9999098181724548,0.0,0.0,0.0,0.0,0.0,0.0,0.0,0.0,0.0,0.0,0.0,0.0,0.0,0.0,0.0,0.0,0.0,0.0,0.0,0.0,0.0,0.0,0.0,0.0,0.0,0.0,0.0,0.0,0.0,0.0,0.0,0.0,0.0,0.0,0.0,0.0,0.0,0.0,0.0,0.24959275126457214,-0.9122620224952698,-0.1529824435710907,0.9155406355857849,0.2657968997955322,-0.2603447437286377,0.41657134890556335,-0.06367090344429016,-1.1409659385681152,0.7105974555015564,-0.7658897638320923,1.0129961967468262,-0.023983299732208252,-0.04334622621536255,0.025077447295188904,0.008213520050048828,0.011692672967910767,-0.007463335990905762,0.0025441348552703857,-0.010183963924646378,0.00013315677642822266,0.009931623935699463,-0.015633106231689453,-0.01462864875793457,-0.008053644560277462,-0.006519617512822151,0.0057526035234332085,0.0019175345078110695,0.00076701381476596,0.006903124041855335,-0.00076701381476596,0.01035468652844429,0.004985589534044266,-0.009971179068088531,0.009204166010022163,-0.013422741554677486,-0.059968870133161545,-0.007782219909131527,0.06683553755283356,-0.02700888179242611,0.025177771225571632,0.044862210750579834,-0.09704886376857758,-0.016479995101690292,0.01235999632626772,0.08011108636856079,0.15701773762702942,0.01235999632626772,-0.005995824933052063,-0.010836556553840637,0.006269361823797226,0.002053380012512207,0.0029231682419776917,-0.0018658339977264404,0.0006360337138175964,-0.0025459909811615944,3.3289194107055664e-05,0.0,0.0,-0.0036571621894836426,0.0,0.0,0.0,0.0,0.0,0.0,0.0,0.0,0.0,0.0,0.0,0.0
20260709_111233_260179,2026-07-09T11:12:55.364,22.104556,pose,805,stand,0.0,0.0,0.0,0.0,0.0,0.0,0.0,0.0,0.08,xsens:live,0.008932046592235565,-0.009104307740926743,-0.9999186992645264,0.5216664065846801,0.5117965701446181,0.01004539430141449,0.04018157720565796,4.020015239715576,8.589042663574219,12,can0:12,3.7623214721679688,7.56248664855957,,"BL_hip_joint,BR_hip_joint,FL_hip_joint,FR_hip_joint,BL_thigh_joint,BR_thigh_joint,FL_thigh_joint,FR_thigh_joint,BL_calf_joint,BR_calf_joint,FL_calf_joint,FR_calf_joint",330e02f2406e129bb6ed6ec4a6c6bcd5f80d7e7799a2ab087e81eda65d2fae69,"step=000805 mode=stand  vx= 0.000 vy= 0.000 vxy= 0.000 yaw= 0.000 speed=0.08 imu=xsens:live tilt_rp=[+0.5,+0.5]deg imu_corr=0.010 act_max= 0.040 tau_cmd= 4.020 tau_cmd_max= 8.589 cmds=12 bus=can0:12 tau_fb= 3.762 tau_fb_max= 7.562",0.0,0.0,0.0,0.0,0.0,0.0,0.008932046592235565,-0.009104307740926743,-0.9999186992645264,0.0,0.0,0.0,0.0,0.0,0.0,0.0,0.0,0.0,0.0,0.0,0.0,0.0,0.0,0.0,0.0,0.0,0.0,0.0,0.0,0.0,0.0,0.0,0.0,0.0,0.0,0.0,0.0,0.0,0.0,0.0,0.0,0.0,0.0,0.0,0.0,0.0,0.0,0.0,0.252899169921875,-0.9090973734855652,-0.1549675613641739,0.9142187833786011,0.264668732881546,-0.2596742808818817,0.4159768521785736,-0.062291219830513,-1.141174554824829,0.7090305685997009,-0.7641342878341675,1.014389991760254,-0.020676881074905396,-0.04018157720565796,0.023092329502105713,0.00689166784286499,0.01056450605392456,-0.00679287314414978,0.0019496381282806396,-0.008804280310869217,-7.545948028564453e-05,0.008364737033843994,-0.013877630233764648,-0.013234853744506836,-0.009204166010022163,-0.007670138031244278,0.007286631036549807,0.0034515620209276676,0.00153402762953192,0.008053644560277462,-0.00076701381476596,0.011505207046866417,0.004985589534044266,-0.01035468652844429,0.008053644560277462,-0.01418975554406643,-0.09796441346406937,-0.006408886983990669,0.01739555038511753,-0.026551103219389915,0.05218665301799774,-0.015106662176549435,-0.03341776877641678,-0.0393688790500164,-0.062257759273052216,-0.022431105375289917,0.01144444104284048,-0.0119022186845541,-0.005169220268726349,-0.01004539430141449,0.005773082375526428,0.0017229169607162476,0.00264112651348114,-0.001698218286037445,0.0004874095320701599,-0.0022010700777173042,0.0,0.0,0.0,-0.003308713436126709,0.0,0.0,0.0,0.0,0.0,0.0,0.0,0.0,0.0,0.0,0.0,0.0
20260709_111233_260179,2026-07-09T11:12:55.501,22.241632,pose,810,stand,0.0,0.0,0.0,0.0,0.0,0.0,0.0,0.0,0.08,xsens:live,0.008983970619738102,-0.008589229546487331,-0.9999228119850159,0.49215248703258435,0.5147694837326666,0.009643599390983582,0.038574397563934326,3.5089962482452393,7.980382919311523,12,can0:12,3.8016908168792725,8.738059997558594,,"BL_hip_joint,BR_hip_joint,FL_hip_joint,FR_hip_joint,BL_thigh_joint,BR_thigh_joint,FL_thigh_joint,FR_thigh_joint,BL_calf_joint,BR_calf_joint,FL_calf_joint,FR_calf_joint",330e02f2406e129bb6ed6ec4a6c6bcd5f80d7e7799a2ab087e81eda65d2fae69,"step=000810 mode=stand  vx= 0.000 vy= 0.000 vxy= 0.000 yaw= 0.000 speed=0.08 imu=xsens:live tilt_rp=[+0.5,+0.5]deg imu_corr=0.010 act_max= 0.039 tau_cmd= 3.509 tau_cmd_max= 7.980 cmds=12 bus=can0:12 tau_fb= 3.802 tau_fb_max= 8.738",0.0,0.0,0.0,0.0,0.0,0.0,0.008983970619738102,-0.008589229546487331,-0.9999228119850159,0.0,0.0,0.0,0.0,0.0,0.0,0.0,0.0,0.0,0.0,0.0,0.0,0.0,0.0,0.0,0.0,0.0,0.0,0.0,0.0,0.0,0.0,0.0,0.0,0.0,0.0,0.0,0.0,0.0,0.0,0.0,0.0,0.0,0.0,0.0,0.0,0.0,0.0,0.0,0.2545759081840515,-0.9074901938438416,-0.15597642958164215,0.913551926612854,0.264096736907959,-0.25933191180229187,0.41567352414131165,-0.06159297376871109,-1.1412791013717651,0.7082377672195435,-0.7632424831390381,1.0150971412658691,-0.019000142812728882,-0.038574397563934326,0.02208346128463745,0.00622481107711792,0.009992510080337524,-0.0064505040645599365,0.0016463100910186768,-0.008106034249067307,-0.0001800060272216797,0.0075719356536865234,-0.012985825538635254,-0.012527704238891602,-0.008820658549666405,-0.007286631036549807,0.006519617512822151,0.0034515620209276676,0.00153402762953192,0.007670138031244278,-0.00038350690738298,0.010738193057477474,0.004985589534044266,-0.01035468652844429,0.008053644560277462,-0.014573262073099613,0.04257332161068916,-0.01235999632626772,-0.10162663459777832,-0.04669332131743431,-0.01235999632626772,0.016022218391299248,0.0196844395250082,0.04440443217754364,-0.037537768483161926,0.010071108117699623,-0.009155552834272385,0.06729331612586975,-0.0047500357031822205,-0.009643599390983582,0.005520865321159363,0.00155620276927948,0.002498127520084381,-0.0016126260161399841,0.0004115775227546692,-0.0020265085622668266,0.0,0.0,0.0,-0.0031319260597229004,0.0,0.0,0.0,0.0,0.0,0.0,0.0,0.0,0.0,0.0,0.0,0.0
20260709_111233_260179,2026-07-09T11:12:55.638,22.378467,pose,815,stand,0.0,0.0,0.0,0.0,0.0,0.0,0.0,0.0,0.08,xsens:live,0.009019260294735432,-0.009626757353544235,-0.9999129772186279,0.5516035279135395,0.5167965080807244,0.010492295026779175,0.0419691801071167,4.2389140129089355,8.216215133666992,12,can0:12,3.612475633621216,8.86989974975586,,"BL_hip_joint,BR_hip_joint,FL_hip_joint,FR_hip_joint,BL_thigh_joint,BR_thigh_joint,FL_thigh_joint,FR_thigh_joint,BL_calf_joint,BR_calf_joint,FL_calf_joint,FR_calf_joint",330e02f2406e129bb6ed6ec4a6c6bcd5f80d7e7799a2ab087e81eda65d2fae69,"step=000815 mode=stand  vx= 0.000 vy= 0.000 vxy= 0.000 yaw= 0.000 speed=0.08 imu=xsens:live tilt_rp=[+0.6,+0.5]deg imu_corr=0.010 act_max= 0.042 tau_cmd= 4.239 tau_cmd_max= 8.216 cmds=12 bus=can0:12 tau_fb= 3.612 tau_fb_max= 8.870",0.0,0.0,0.0,0.0,0.0,0.0,0.009019260294735432,-0.009626757353544235,-0.9999129772186279,0.0,0.0,0.0,0.0,0.0,0.0,0.0,0.0,0.0,0.0,0.0,0.0,0.0,0.0,0.0,0.0,0.0,0.0,0.0,0.0,0.0,0.0,0.0,0.0,0.0,0.0,0.0,0.0,0.0,0.0,0.0,0.0,0.0,0.0,0.0,0.0,0.0,0.0,0.0,0.2513388991355896,-0.9108849763870239,-0.15386947989463806,0.9148298501968384,0.2652544677257538,-0.26002055406570435,0.416226863861084,-0.06294435262680054,-1.1410999298095703,0.7097470164299011,-0.7649960517883301,1.013671875,-0.022237151861190796,-0.0419691801071167,0.02419041097164154,0.007502734661102295,0.011150240898132324,-0.007139146327972412,0.0021996498107910156,-0.009457413107156754,-8.344650268554688e-07,0.00908118486404419,-0.014739394187927246,-0.013952970504760742,-0.008053644560277462,-0.006903124041855335,0.00613611051812768,0.0026845482643693686,0.00153402762953192,0.007670138031244278,-0.00076701381476596,0.011121700517833233,0.004985589534044266,-0.01035468652844429,0.00843715202063322,-0.01380624808371067,-0.03341776877641678,0.05172887444496155,-0.051271095871925354,-0.017853328958153725,-0.005493331700563431,0.02288888208568096,-0.03387554734945297,-0.03662221133708954,0.07690664380788803,0.004577776417136192,-0.025177771225571632,-0.013275551609694958,-0.005559287965297699,-0.010492295026779175,0.006047602742910385,0.0018756836652755737,0.002787560224533081,-0.001784786581993103,0.0005499124526977539,-0.0023643532767891884,0.0,0.0,0.0,-0.0034882426261901855,0.0,0.0,0.0,0.0,0.0,0.0,0.0,0.0,0.0,0.0,0.0,0.0
20260709_111233_260179,2026-07-09T11:12:55.775,22.515093,pose,820,stand,0.0,0.0,0.0,0.0,0.0,0.0,0.0,0.0,0.08,xsens:live,0.009082863107323647,-0.008703882806003094,-0.9999209046363831,0.4987226020591575,0.5204365735189878,0.009764552116394043,0.03905820846557617,4.165229320526123,9.12021541595459,12,can0:12,3.7046420574188232,7.7309489250183105,,"BL_hip_joint,BR_hip_joint,FL_hip_joint,FR_hip_joint,BL_thigh_joint,BR_thigh_joint,FL_thigh_joint,FR_thigh_joint,BL_calf_joint,BR_calf_joint,FL_calf_joint,FR_calf_joint",330e02f2406e129bb6ed6ec4a6c6bcd5f80d7e7799a2ab087e81eda65d2fae69,"step=000820 mode=stand  vx= 0.000 vy= 0.000 vxy= 0.000 yaw= 0.000 speed=0.08 imu=xsens:live tilt_rp=[+0.5,+0.5]deg imu_corr=0.010 act_max= 0.039 tau_cmd= 4.165 tau_cmd_max= 9.120 cmds=12 bus=can0:12 tau_fb= 3.705 tau_fb_max= 7.731",0.0,0.0,0.0,0.0,0.0,0.0,0.009082863107323647,-0.008703882806003094,-0.9999209046363831,0.0,0.0,0.0,0.0,0.0,0.0,0.0,0.0,0.0,0.0,0.0,0.0,0.0,0.0,0.0,0.0,0.0,0.0,0.0,0.0,0.0,0.0,0.0,0.0,0.0,0.0,0.0,0.0,0.0,0.0,0.0,0.0,0.0,0.0,0.0,0.0,0.0,0.0,0.0,0.25431057810783386,-0.9079740047454834,-0.1556919664144516,0.9136481285095215,0.26422855257987976,-0.25940918922424316,0.4156978130340576,-0.06170518696308136,-1.141281247138977,0.7083457112312317,-0.7634091377258301,1.0149377584457397,-0.019265472888946533,-0.03905820846557617,0.022367924451828003,0.0063210129737854,0.0101243257522583,-0.0065277814865112305,0.0016705989837646484,-0.008218247443437576,-0.00018215179443359375,0.007679879665374756,-0.013152480125427246,-0.012687087059020996,-0.009204166010022163,-0.007670138031244278,0.006903124041855335,0.0034515620209276676,0.00153402762953192,0.007670138031244278,-0.00076701381476596,0.011121700517833233,0.004985589534044266,-0.010738193057477474,0.008053644560277462,-0.01418975554406643,0.015106662176549435,-0.041657764464616776,-0.010986663401126862,0.014648884534835815,0.09430219233036041,-0.05722220614552498,-0.08285775035619736,0.05081331729888916,0.016937773674726486,0.0050355540588498116,-0.00595110934227705,-0.0238044373691082,-0.004816368222236633,-0.009764552116394043,0.005591981112957001,0.00158025324344635,0.002531081438064575,-0.0016319453716278076,0.0004176497459411621,-0.002054561860859394,0.0,0.0,0.0,-0.003171771764755249,0.0,0.0,0.0,0.0,0.0,0.0,0.0,0.0,0.0,0.0,0.0,0.0
20260709_111233_260179,2026-07-09T11:12:55.904,22.644369,pose,825,stand,0.0,0.0,0.0,0.0,0.0,0.0,0.0,0.0,0.08,xsens:live,0.009137130342423916,-0.008734486997127533,-0.999920129776001,0.5004764862309675,0.5235462506038319,0.009804874658584595,0.03921949863433838,3.768522024154663,7.94270133972168,12,can0:12,3.519699811935425,8.225348472595215,,"BL_hip_joint,BR_hip_joint,FL_hip_joint,FR_hip_joint,BL_thigh_joint,BR_thigh_joint,FL_thigh_joint,FR_thigh_joint,BL_calf_joint,BR_calf_joint,FL_calf_joint,FR_calf_joint",330e02f2406e129bb6ed6ec4a6c6bcd5f80d7e7799a2ab087e81eda65d2fae69,"step=000825 mode=stand  vx= 0.000 vy= 0.000 vxy= 0.000 yaw= 0.000 speed=0.08 imu=xsens:live tilt_rp=[+0.5,+0.5]deg imu_corr=0.010 act_max= 0.039 tau_cmd= 3.769 tau_cmd_max= 7.943 cmds=12 bus=can0:12 tau_fb= 3.520 tau_fb_max= 8.225",0.0,0.0,0.0,0.0,0.0,0.0,0.009137130342423916,-0.008734486997127533,-0.999920129776001,0.0,0.0,0.0,0.0,0.0,0.0,0.0,0.0,0.0,0.0,0.0,0.0,0.0,0.0,0.0,0.0,0.0,0.0,0.0,0.0,0.0,0.0,0.0,0.0,0.0,0.0,0.0,0.0,0.0,0.0,0.0,0.0,0.0,0.0,0.0,0.0,0.0,0.0,0.0,0.2542669177055359,-0.9081352949142456,-0.1556006371974945,0.9136602282524109,0.2642653286457062,-0.25943028926849365,0.415693074464798,-0.06172427162528038,-1.141287922859192,0.7083573937416077,-0.7634464502334595,1.0148954391479492,-0.019309133291244507,-0.03921949863433838,0.022459253668785095,0.006333112716674805,0.010161101818084717,-0.006548881530761719,0.0016658604145050049,-0.008237332105636597,-0.0001888275146484375,0.007691562175750732,-0.01318979263305664,-0.012729406356811523,-0.00843715202063322,-0.007286631036549807,0.006903124041855335,0.00306805525906384,0.00153402762953192,0.007670138031244278,-0.00076701381476596,0.010738193057477474,0.004985589534044266,-0.01035468652844429,0.00843715202063322,-0.01418975554406643,-0.05264442786574364,-0.027924437075853348,-0.0,-0.028839992359280586,0.02059999480843544,0.054475538432598114,-0.010528885759413242,-0.006408886983990669,0.031128879636526108,0.04119998961687088,0.044862210750579834,0.07324442267417908,-0.004827283322811127,-0.009804874658584595,0.005614813417196274,0.0015832781791687012,0.002540275454521179,-0.0016372203826904297,0.0004164651036262512,-0.002059333026409149,0.0,0.0,0.0,-0.003182351589202881,0.0,0.0,0.0,0.0,0.0,0.0,0.0,0.0,0.0,0.0,0.0,0.0
20260709_111233_260179,2026-07-09T11:12:56.040,22.779820,pose,830,stand,0.0,0.0,0.0,0.0,0.0,0.0,0.0,0.0,0.08,xsens:live,0.009085592813789845,-0.009347512386739254,-0.9999150633811951,0.5356029004334285,0.5205960146490131,0.010285615921020508,0.04114246368408203,3.7617075443267822,7.414455413818359,12,can0:12,3.468428611755371,7.719962120056152,,"BL_hip_joint,BR_hip_joint,FL_hip_joint,FR_hip_joint,BL_thigh_joint,BR_thigh_joint,FL_thigh_joint,FR_thigh_joint,BL_calf_joint,BR_calf_joint,FL_calf_joint,FR_calf_joint",330e02f2406e129bb6ed6ec4a6c6bcd5f80d7e7799a2ab087e81eda65d2fae69,"step=000830 mode=stand  vx= 0.000 vy= 0.000 vxy= 0.000 yaw= 0.000 speed=0.08 imu=xsens:live tilt_rp=[+0.5,+0.5]deg imu_corr=0.010 act_max= 0.041 tau_cmd= 3.762 tau_cmd_max= 7.414 cmds=12 bus=can0:12 tau_fb= 3.468 tau_fb_max= 7.720",0.0,0.0,0.0,0.0,0.0,0.0,0.009085592813789845,-0.009347512386739254,-0.9999150633811951,0.0,0.0,0.0,0.0,0.0,0.0,0.0,0.0,0.0,0.0,0.0,0.0,0.0,0.0,0.0,0.0,0.0,0.0,0.0,0.0,0.0,0.0,0.0,0.0,0.0,0.0,0.0,0.0,0.0,0.0,0.0,0.0,0.0,0.0,0.0,0.0,0.0,0.0,0.0,0.2522832155227661,-0.9100582599639893,-0.15439444780349731,0.9144492149353027,0.2649461030960083,-0.2598366141319275,0.41604870557785034,-0.06255094707012177,-1.141165852546692,0.7092939019203186,-0.7645034790039062,1.0140540599822998,-0.021292835474014282,-0.04114246368408203,0.023665443062782288,0.00712209939956665,0.01084187626838684,-0.006955206394195557,0.002021491527557373,-0.009064007550477982,-6.67572021484375e-05,0.00862807035446167,-0.014246821403503418,-0.013570785522460938,-0.00843715202063322,-0.007286631036549807,0.00613611051812768,0.0026845482643693686,0.00153402762953192,0.007670138031244278,-0.00076701381476596,0.010738193057477474,0.004985589534044266,-0.009971179068088531,0.00843715202063322,-0.01380624808371067,-0.0398266538977623,-0.03250221163034439,0.0398266538977623,0.03387554734945297,-0.0398266538977623,-0.013275551609694958,-0.020142216235399246,0.004577776417136192,-0.040742211043834686,0.050355542451143265,0.023346660658717155,0.010986663401126862,-0.0053232088685035706,-0.010285615921020508,0.005916360765695572,0.0017805248498916626,0.00271046906709671,-0.0017388015985488892,0.0005053728818893433,-0.0022660018876194954,0.0,0.0,0.0,-0.0033926963806152344,0.0,0.0,0.0,0.0,0.0,0.0,0.0,0.0,0.0,0.0,0.0,0.0
20260709_111233_260179,2026-07-09T11:12:56.175,22.915222,pose,835,stand,0.0,0.0,0.0,0.0,0.0,0.0,0.0,0.0,0.08,xsens:live,0.009146562777459621,-0.008877724409103394,-0.9999188184738159,0.5086840714598831,0.5240873745704654,0.009923368692398071,0.039693474769592285,3.375455856323242,9.04973316192627,12,can0:12,3.672597646713257,8.836939811706543,,"BL_hip_joint,BR_hip_joint,FL_hip_joint,FR_hip_joint,BL_thigh_joint,BR_thigh_joint,FL_thigh_joint,FR_thigh_joint,BL_calf_joint,BR_calf_joint,FL_calf_joint,FR_calf_joint",330e02f2406e129bb6ed6ec4a6c6bcd5f80d7e7799a2ab087e81eda65d2fae69,"step=000835 mode=stand  vx= 0.000 vy= 0.000 vxy= 0.000 yaw= 0.000 speed=0.08 imu=xsens:live tilt_rp=[+0.5,+0.5]deg imu_corr=0.010 act_max= 0.040 tau_cmd= 3.375 tau_cmd_max= 9.050 cmds=12 bus=can0:12 tau_fb= 3.673 tau_fb_max= 8.837",0.0,0.0,0.0,0.0,0.0,0.0,0.009146562777459621,-0.008877724409103394,-0.9999188184738159,0.0,0.0,0.0,0.0,0.0,0.0,0.0,0.0,0.0,0.0,0.0,0.0,0.0,0.0,0.0,0.0,0.0,0.0,0.0,0.0,0.0,0.0,0.0,0.0,0.0,0.0,0.0,0.0,0.0,0.0,0.0,0.0,0.0,0.0,0.0,0.0,0.0,0.0,0.0,0.25382399559020996,-0.9086092710494995,-0.15530675649642944,0.9138343930244446,0.2644253373146057,-0.2595256567001343,0.4157680571079254,-0.061909113079309464,-1.1412640810012817,0.7085630297660828,-0.763687014579773,1.014697790145874,-0.019752055406570435,-0.039693474769592285,0.02275313436985016,0.006507277488708496,0.010321110486984253,-0.006644248962402344,0.0017408430576324463,-0.00842217355966568,-0.00016498565673828125,0.00789719820022583,-0.013430356979370117,-0.012927055358886719,-0.008820658549666405,-0.007286631036549807,0.006903124041855335,0.00306805525906384,0.0019175345078110695,0.007670138031244278,-0.00076701381476596,0.010738193057477474,0.004985589534044266,-0.01035468652844429,0.008053644560277462,-0.014573262073099613,0.03479110077023506,-0.056764427572488785,-0.053559985011816025,-0.021057771518826485,0.01831110566854477,-0.014191106893122196,-0.04211554303765297,0.047151096165180206,-0.06637775897979736,-0.003662221133708954,-0.044862210750579834,-0.015106662176549435,-0.004938013851642609,-0.009923368692398071,0.00568828359246254,0.001626819372177124,0.0025802776217460632,-0.001661062240600586,0.00043521076440811157,-0.00210554338991642,0.0,0.0,0.0,-0.0032317638397216797,0.0,0.0,0.0,0.0,0.0,0.0,0.0,0.0,0.0,0.0,0.0,0.0
20260709_111233_260179,2026-07-09T11:12:56.310,23.049873,pose,840,stand,0.0,0.0,0.0,0.0,0.0,0.0,0.0,0.0,0.08,xsens:live,0.009173444472253323,-0.0090557262301445,-0.9999169111251831,0.5188838221248074,0.5256285806040841,0.010074853897094727,0.040299415588378906,3.6080312728881836,9.00362491607666,12,can0:12,3.6603899002075195,8.170414924621582,,"BL_hip_joint,BR_hip_joint,FL_hip_joint,FR_hip_joint,BL_thigh_joint,BR_thigh_joint,FL_thigh_joint,FR_thigh_joint,BL_calf_joint,BR_calf_joint,FL_calf_joint,FR_calf_joint",330e02f2406e129bb6ed6ec4a6c6bcd5f80d7e7799a2ab087e81eda65d2fae69,"step=000840 mode=stand  vx= 0.000 vy= 0.000 vxy= 0.000 yaw= 0.000 speed=0.08 imu=xsens:live tilt_rp=[+0.5,+0.5]deg imu_corr=0.010 act_max= 0.040 tau_cmd= 3.608 tau_cmd_max= 9.004 cmds=12 bus=can0:12 tau_fb= 3.660 tau_fb_max= 8.170",0.0,0.0,0.0,0.0,0.0,0.0,0.009173444472253323,-0.0090557262301445,-0.9999169111251831,0.0,0.0,0.0,0.0,0.0,0.0,0.0,0.0,0.0,0.0,0.0,0.0,0.0,0.0,0.0,0.0,0.0,0.0,0.0,0.0,0.0,0.0,0.0,0.0,0.0,0.0,0.0,0.0,0.0,0.0,0.0,0.0,0.0,0.0,0.0,0.0,0.0,0.0,0.0,0.2532889246940613,-0.9092152118682861,-0.15493369102478027,0.9140437841415405,0.2646246552467346,-0.2596440613269806,0.41585487127304077,-0.06213242933154106,-1.1412383317947388,0.7088087797164917,-0.7639824151992798,1.0144532918930054,-0.020287126302719116,-0.040299415588378906,0.02312619984149933,0.006716668605804443,0.01052042841911316,-0.006762653589248657,0.0018276572227478027,-0.008645489811897278,-0.0001392364501953125,0.008142948150634766,-0.013725757598876953,-0.013171553611755371,-0.00843715202063322,-0.007286631036549807,0.006519617512822151,0.0026845482643693686,0.00153402762953192,0.007286631036549807,-0.00076701381476596,0.010738193057477474,0.004985589534044266,-0.01035468652844429,0.00843715202063322,-0.01380624808371067,-0.02151555009186268,0.03250221163034439,0.015564439818263054,-0.0398266538977623,-0.0032044434919953346,-0.056764427572488785,0.024262215942144394,0.0709555372595787,-0.010528885759413242,-0.025635547935962677,0.005493331700563431,0.10803552716970444,-0.005071781575679779,-0.010074853897094727,0.005781549960374832,0.0016791671514511108,0.00263010710477829,-0.0016906633973121643,0.0004569143056869507,-0.0021613724529743195,0.0,0.0,0.0,-0.0032928884029388428,0.0,0.0,0.0,0.0,0.0,0.0,0.0,0.0,0.0,0.0,0.0,0.0
20260709_111233_260179,2026-07-09T11:12:56.445,23.185154,pose,845,stand,0.0,0.0,0.0,0.0,0.0,0.0,0.0,0.0,0.08,xsens:live,0.009096259251236916,-0.009184467606246471,-0.9999164938926697,0.5262603784979224,0.5212064122794693,0.010156989097595215,0.04062795639038086,4.037450313568115,8.649600982666016,12,can0:12,3.7446212768554688,9.55107307434082,,"BL_hip_joint,BR_hip_joint,FL_hip_joint,FR_hip_joint,BL_thigh_joint,BR_thigh_joint,FL_thigh_joint,FR_thigh_joint,BL_calf_joint,BR_calf_joint,FL_calf_joint,FR_calf_joint",330e02f2406e129bb6ed6ec4a6c6bcd5f80d7e7799a2ab087e81eda65d2fae69,"step=000845 mode=stand  vx= 0.000 vy= 0.000 vxy= 0.000 yaw= 0.000 speed=0.08 imu=xsens:live tilt_rp=[+0.5,+0.5]deg imu_corr=0.010 act_max= 0.041 tau_cmd= 4.037 tau_cmd_max= 8.650 cmds=12 bus=can0:12 tau_fb= 3.745 tau_fb_max= 9.551",0.0,0.0,0.0,0.0,0.0,0.0,0.009096259251236916,-0.009184467606246471,-0.9999164938926697,0.0,0.0,0.0,0.0,0.0,0.0,0.0,0.0,0.0,0.0,0.0,0.0,0.0,0.0,0.0,0.0,0.0,0.0,0.0,0.0,0.0,0.0,0.0,0.0,0.0,0.0,0.0,0.0,0.0,0.0,0.0,0.0,0.0,0.0,0.0,0.0,0.0,0.0,0.0,0.2528071999549866,-0.9095437526702881,-0.1547165960073471,0.914240837097168,0.2647651135921478,-0.2597286105155945,0.4159555733203888,-0.06233249232172966,-1.1411974430084229,0.7090467214584351,-0.7642233371734619,1.0142775774002075,-0.020768851041793823,-0.04062795639038086,0.023343294858932495,0.006913721561431885,0.010660886764526367,-0.006847202777862549,0.0019283592700958252,-0.008845552802085876,-9.834766387939453e-05,0.008380889892578125,-0.013966679573059082,-0.013347268104553223,-0.00843715202063322,-0.007286631036549807,0.006519617512822151,0.00306805525906384,0.00153402762953192,0.007670138031244278,-0.00038350690738298,0.010738193057477474,0.004985589534044266,-0.01035468652844429,0.00843715202063322,-0.01418975554406643,-0.008697775192558765,-0.025177771225571632,0.06958220154047012,-0.0238044373691082,-0.055848874151706696,0.007324442267417908,0.02288888208568096,0.06042664870619774,0.0631733164191246,-0.00045777764171361923,-0.0952177494764328,0.0032044434919953346,-0.005192212760448456,-0.010156989097595215,0.005835823714733124,0.0017284303903579712,0.002665221691131592,-0.0017118006944656372,0.0004820898175239563,-0.002211388200521469,0.0,0.0,0.0,-0.0033368170261383057,0.0,0.0,0.0,0.0,0.0,0.0,0.0,0.0,0.0,0.0,0.0,0.0
20260709_111233_260179,2026-07-09T11:12:56.580,23.319991,pose,850,stand,0.0,0.0,0.0,0.0,0.0,0.0,0.0,0.0,0.08,xsens:live,0.009094800800085068,-0.00892720464617014,-0.9999188184738159,0.5115190856592138,0.5211216376955659,0.009948551654815674,0.039794206619262695,3.966398239135742,9.095598220825195,12,can0:12,3.610644578933716,7.408673286437988,,"BL_hip_joint,BR_hip_joint,FL_hip_joint,FR_hip_joint,BL_thigh_joint,BR_thigh_joint,FL_thigh_joint,FR_thigh_joint,BL_calf_joint,BR_calf_joint,FL_calf_joint,FR_calf_joint",330e02f2406e129bb6ed6ec4a6c6bcd5f80d7e7799a2ab087e81eda65d2fae69,"step=000850 mode=stand  vx= 0.000 vy= 0.000 vxy= 0.000 yaw= 0.000 speed=0.08 imu=xsens:live tilt_rp=[+0.5,+0.5]deg imu_corr=0.010 act_max= 0.040 tau_cmd= 3.966 tau_cmd_max= 9.096 cmds=12 bus=can0:12 tau_fb= 3.611 tau_fb_max= 7.409",0.0,0.0,0.0,0.0,0.0,0.0,0.009094800800085068,-0.00892720464617014,-0.9999188184738159,0.0,0.0,0.0,0.0,0.0,0.0,0.0,0.0,0.0,0.0,0.0,0.0,0.0,0.0,0.0,0.0,0.0,0.0,0.0,0.0,0.0,0.0,0.0,0.0,0.0,0.0,0.0,0.0,0.0,0.0,0.0,0.0,0.0,0.0,0.0,0.0,0.0,0.0,0.0,0.2536172568798065,-0.9087100028991699,-0.15523545444011688,0.9139205813407898,0.2644784450531006,-0.2595581114292145,0.41581594944000244,-0.06199454516172409,-1.141243815422058,0.7086682319641113,-0.7637866735458374,1.014630675315857,-0.019958794116973877,-0.039794206619262695,0.02282443642616272,0.006593465805053711,0.010374218225479126,-0.006676703691482544,0.0017887353897094727,-0.008507605642080307,-0.00014472007751464844,0.008002400398254395,-0.01353001594543457,-0.012994170188903809,-0.008820658549666405,-0.007286631036549807,0.006519617512822151,0.00306805525906384,0.00153402762953192,0.007670138031244278,-0.00076701381476596,0.010738193057477474,0.004985589534044266,-0.01035468652844429,0.00843715202063322,-0.01418975554406643,-0.010528885759413242,-0.01739555038511753,-0.020142216235399246,-0.05401776358485222,0.06500442326068878,-0.0119022186845541,-0.08423108607530594,-0.02059999480843544,0.007324442267417908,0.0553910955786705,0.03891110047698021,-0.02471999265253544,-0.004989698529243469,-0.009948551654815674,0.00570610910654068,0.0016483664512634277,0.0025935545563697815,-0.001669175922870636,0.00044718384742736816,-0.0021269014105200768,0.0,0.0,0.0,-0.003248542547225952,0.0,0.0,0.0,0.0,0.0,0.0,0.0,0.0,0.0,0.0,0.0,0.0
20260709_111233_260179,2026-07-09T11:12:56.710,23.449786,pose,855,stand,0.0,0.0,0.0,0.0,0.0,0.0,0.0,0.0,0.08,xsens:live,0.009119348600506783,-0.00910338293761015,-0.9999169707298279,0.5216143209937382,0.5225290860997555,0.010098010301589966,0.04039204120635986,4.078736782073975,9.066704750061035,12,can0:12,3.5148165225982666,8.016602516174316,,"BL_hip_joint,BR_hip_joint,FL_hip_joint,FR_hip_joint,BL_thigh_joint,BR_thigh_joint,FL_thigh_joint,FR_thigh_joint,BL_calf_joint,BR_calf_joint,FL_calf_joint,FR_calf_joint",330e02f2406e129bb6ed6ec4a6c6bcd5f80d7e7799a2ab087e81eda65d2fae69,"step=000855 mode=stand  vx= 0.000 vy= 0.000 vxy= 0.000 yaw= 0.000 speed=0.08 imu=xsens:live tilt_rp=[+0.5,+0.5]deg imu_corr=0.010 act_max= 0.040 tau_cmd= 4.079 tau_cmd_max= 9.067 cmds=12 bus=can0:12 tau_fb= 3.515 tau_fb_max= 8.017",0.0,0.0,0.0,0.0,0.0,0.0,0.009119348600506783,-0.00910338293761015,-0.9999169707298279,0.0,0.0,0.0,0.0,0.0,0.0,0.0,0.0,0.0,0.0,0.0,0.0,0.0,0.0,0.0,0.0,0.0,0.0,0.0,0.0,0.0,0.0,0.0,0.0,0.0,0.0,0.0,0.0,0.0,0.0,0.0,0.0,0.0,0.0,0.0,0.0,0.0,0.0,0.0,0.2530856728553772,-0.9093078374862671,-0.1548672318458557,0.9141286015510559,0.2646757960319519,-0.25967541337013245,0.41590240597724915,-0.06221669539809227,-1.1412174701690674,0.7089129090309143,-0.7640789747238159,1.0143886804580688,-0.020490378141403198,-0.04039204120635986,0.02319265902042389,0.006801486015319824,0.010571569204330444,-0.006794005632400513,0.0018751919269561768,-0.008729755878448486,-0.00011837482452392578,0.008247077465057373,-0.013822317123413086,-0.013236165046691895,-0.00843715202063322,-0.007286631036549807,0.006519617512822151,0.0026845482643693686,0.00153402762953192,0.007670138031244278,-0.00076701381476596,0.011121700517833233,0.004985589534044266,-0.01035468652844429,0.00843715202063322,-0.01418975554406643,-0.04531998559832573,0.015106662176549435,-0.016479995101690292,0.0032044434919953346,0.003662221133708954,-0.0119022186845541,0.037537768483161926,0.002288888208568096,0.062257759273052216,0.01235999632626772,0.0119022186845541,-0.025177771225571632,-0.0051225945353507996,-0.010098010301589966,0.005798164755105972,0.001700371503829956,0.002642892301082611,-0.0016985014081001282,0.0004687979817390442,-0.0021824389696121216,0.0,0.0,0.0,-0.0033090412616729736,0.0,0.0,0.0,0.0,0.0,0.0,0.0,0.0,0.0,0.0,0.0,0.0
20260709_111233_260179,2026-07-09T11:12:56.844,23.584648,pose,860,stand,0.0,0.0,0.0,0.0,0.0,0.0,0.0,0.0,0.08,xsens:live,0.0091895442456007,-0.009182741865515709,-0.999915599822998,0.5261619713588247,0.5265517190313888,0.010182157158851624,0.040728628635406494,4.119433879852295,8.831862449645996,12,can0:12,3.5755484104156494,7.287819862365723,,"BL_hip_joint,BR_hip_joint,FL_hip_joint,FR_hip_joint,BL_thigh_joint,BR_thigh_joint,FL_thigh_joint,FR_thigh_joint,BL_calf_joint,BR_calf_joint,FL_calf_joint,FR_calf_joint",330e02f2406e129bb6ed6ec4a6c6bcd5f80d7e7799a2ab087e81eda65d2fae69,"step=000860 mode=stand  vx= 0.000 vy= 0.000 vxy= 0.000 yaw= 0.000 speed=0.08 imu=xsens:live tilt_rp=[+0.5,+0.5]deg imu_corr=0.010 act_max= 0.041 tau_cmd= 4.119 tau_cmd_max= 8.832 cmds=12 bus=can0:12 tau_fb= 3.576 tau_fb_max= 7.288",0.0,0.0,0.0,0.0,0.0,0.0,0.0091895442456007,-0.009182741865515709,-0.999915599822998,0.0,0.0,0.0,0.0,0.0,0.0,0.0,0.0,0.0,0.0,0.0,0.0,0.0,0.0,0.0,0.0,0.0,0.0,0.0,0.0,0.0,0.0,0.0,0.0,0.0,0.0,0.0,0.0,0.0,0.0,0.0,0.0,0.0,0.0,0.0,0.0,0.0,0.0,0.0,0.2529035210609436,-0.9096444249153137,-0.154669389128685,0.9141947031021118,0.26476702094078064,-0.2597283124923706,0.41591814160346985,-0.062293779104948044,-1.1412192583084106,0.7089862823486328,-0.7641935348510742,1.014278769493103,-0.020672529935836792,-0.040728628635406494,0.023390501737594604,0.006867587566375732,0.01066279411315918,-0.006846904754638672,0.0018909275531768799,-0.00880683958530426,-0.0001201629638671875,0.008320450782775879,-0.013936877250671387,-0.013346076011657715,-0.008820658549666405,-0.007286631036549807,0.006519617512822151,0.00306805525906384,0.00153402762953192,0.007670138031244278,-0.00076701381476596,0.011121700517833233,0.004985589534044266,-0.01035468652844429,0.00843715202063322,-0.01418975554406643,0.010986663401126862,-0.009155552834272385,0.05722220614552498,-0.014648884534835815,-0.05859553813934326,0.03433332219719887,0.0476088747382164,0.023346660658717155,-0.010528885759413242,-0.0196844395250082,-0.0553910955786705,-0.019226660951972008,-0.005168132483959198,-0.010182157158851624,0.005847625434398651,0.001716896891593933,0.002665698528289795,-0.001711726188659668,0.00047273188829421997,-0.002201709896326065,0.0,0.0,0.0,-0.0033365190029144287,0.0,0.0,0.0,0.0,0.0,0.0,0.0,0.0,0.0,0.0,0.0,0.0
20260709_111233_260179,2026-07-09T11:12:56.980,23.719863,pose,865,stand,0.0,0.0,0.0,0.0,0.0,0.0,0.0,0.0,0.08,xsens:live,0.009170985780656338,-0.009052091278135777,-0.9999170303344727,0.5186754926523515,0.525487645455336,0.01007118821144104,0.04028475284576416,4.080697536468506,8.634809494018555,12,can0:12,3.607898473739624,8.368175506591797,,"BL_hip_joint,BR_hip_joint,FL_hip_joint,FR_hip_joint,BL_thigh_joint,BR_thigh_joint,FL_thigh_joint,FR_thigh_joint,BL_calf_joint,BR_calf_joint,FL_calf_joint,FR_calf_joint",330e02f2406e129bb6ed6ec4a6c6bcd5f80d7e7799a2ab087e81eda65d2fae69,"step=000865 mode=stand  vx= 0.000 vy= 0.000 vxy= 0.000 yaw= 0.000 speed=0.08 imu=xsens:live tilt_rp=[+0.5,+0.5]deg imu_corr=0.010 act_max= 0.040 tau_cmd= 4.081 tau_cmd_max= 8.635 cmds=12 bus=can0:12 tau_fb= 3.608 tau_fb_max= 8.368",0.0,0.0,0.0,0.0,0.0,0.0,0.009170985780656338,-0.009052091278135777,-0.9999170303344727,0.0,0.0,0.0,0.0,0.0,0.0,0.0,0.0,0.0,0.0,0.0,0.0,0.0,0.0,0.0,0.0,0.0,0.0,0.0,0.0,0.0,0.0,0.0,0.0,0.0,0.0,0.0,0.0,0.0,0.0,0.0,0.0,0.0,0.0,0.0,0.0,0.0,0.0,0.0,0.25329798460006714,-0.9092005491256714,-0.15494222939014435,0.9140403270721436,0.2646207809448242,-0.25964149832725525,0.415853887796402,-0.06212892383337021,-1.1412382125854492,0.7088049650192261,-0.7639769315719604,1.0144582986831665,-0.020278066396713257,-0.04028475284576416,0.023117661476135254,0.006713211536407471,0.010516554117202759,-0.006760090589523315,0.0018266737461090088,-0.008641984313726425,-0.00013911724090576172,0.00813913345336914,-0.013720273971557617,-0.013166546821594238,-0.008820658549666405,-0.007286631036549807,0.006519617512822151,0.00306805525906384,0.0011505207512527704,0.008053644560277462,-0.00076701381476596,0.011505207046866417,0.004985589534044266,-0.01035468652844429,0.008053644560277462,-0.01418975554406643,0.001831110566854477,-0.031128879636526108,-0.009613330475986004,0.02929776906967163,0.041657764464616776,0.04852443188428879,0.0119022186845541,0.0027466658502817154,0.07049775868654251,0.018768884241580963,0.01144444104284048,-0.012817773967981339,-0.005069516599178314,-0.01007118821144104,0.0057794153690338135,0.0016783028841018677,0.0026291385293006897,-0.0016900226473808289,0.0004566684365272522,-0.0021604960784316063,0.0,0.0,0.0,-0.0032916367053985596,0.0,0.0,0.0,0.0,0.0,0.0,0.0,0.0,0.0,0.0,0.0,0.0
20260709_111233_260179,2026-07-09T11:12:57.114,23.854475,pose,870,stand,0.0,0.0,0.0,0.0,0.0,0.0,0.0,0.0,0.08,xsens:live,0.009171265177428722,-0.009282633662223816,-0.9999149441719055,0.5318856935920124,0.5255047500106637,0.010257646441459656,0.04103058576583862,3.779820203781128,8.097603797912598,12,can0:12,3.7513351440429688,8.269295692443848,,"BL_hip_joint,BR_hip_joint,FL_hip_joint,FR_hip_joint,BL_thigh_joint,BR_thigh_joint,FL_thigh_joint,FR_thigh_joint,BL_calf_joint,BR_calf_joint,FL_calf_joint,FR_calf_joint",330e02f2406e129bb6ed6ec4a6c6bcd5f80d7e7799a2ab087e81eda65d2fae69,"step=000870 mode=stand  vx= 0.000 vy= 0.000 vxy= 0.000 yaw= 0.000 speed=0.08 imu=xsens:live tilt_rp=[+0.5,+0.5]deg imu_corr=0.010 act_max= 0.041 tau_cmd= 3.780 tau_cmd_max= 8.098 cmds=12 bus=can0:12 tau_fb= 3.751 tau_fb_max= 8.269",0.0,0.0,0.0,0.0,0.0,0.0,0.009171265177428722,-0.009282633662223816,-0.9999149441719055,0.0,0.0,0.0,0.0,0.0,0.0,0.0,0.0,0.0,0.0,0.0,0.0,0.0,0.0,0.0,0.0,0.0,0.0,0.0,0.0,0.0,0.0,0.0,0.0,0.0,0.0,0.0,0.0,0.0,0.0,0.0,0.0,0.0,0.0,0.0,0.0,0.0,0.0,0.0,0.2525712847709656,-0.9099463820457458,-0.15447834134101868,0.9143279790878296,0.26487764716148376,-0.25979435443878174,0.41597965359687805,-0.06243201345205307,-1.1411969661712646,0.709144651889801,-0.7643681764602661,1.0141420364379883,-0.02100476622581482,-0.04103058576583862,0.023581549525260925,0.007000863552093506,0.010773420333862305,-0.006912946701049805,0.001952439546585083,-0.008945073932409286,-9.78708267211914e-05,0.008478820323944092,-0.014111518859863281,-0.013482809066772461,-0.00843715202063322,-0.007286631036549807,0.006519617512822151,0.00306805525906384,0.0011505207512527704,0.008053644560277462,-0.00038350690738298,0.011505207046866417,0.004985589534044266,-0.01035468652844429,0.00843715202063322,-0.01418975554406643,0.00045777764171361923,-0.017853328958153725,-0.016022218391299248,0.03707998991012573,-0.007782219909131527,0.007782219909131527,-0.0238044373691082,0.004577776417136192,-0.1268044114112854,-0.0032044434919953346,0.03570665791630745,0.00045777764171361923,-0.005251191556453705,-0.010257646441459656,0.005895387381315231,0.0017502158880233765,0.002693355083465576,-0.0017282366752624512,0.00048810988664627075,-0.0022362684831023216,0.0,0.0,0.0,-0.0033707022666931152,0.0,0.0,0.0,0.0,0.0,0.0,0.0,0.0,0.0,0.0,0.0,0.0
20260709_111233_260179,2026-07-09T11:12:57.250,23.990247,pose,875,stand,0.0,0.0,0.0,0.0,0.0,0.0,0.0,0.0,0.08,xsens:live,0.00915851816534996,-0.009111047722399235,-0.9999166131019592,0.5220536675547133,0.5247735234119543,0.01011541485786438,0.04046165943145752,3.569592237472534,9.858723640441895,12,can0:12,3.541672945022583,7.489242076873779,,"BL_hip_joint,BR_hip_joint,FL_hip_joint,FR_hip_joint,BL_thigh_joint,BR_thigh_joint,FL_thigh_joint,FR_thigh_joint,BL_calf_joint,BR_calf_joint,FL_calf_joint,FR_calf_joint",330e02f2406e129bb6ed6ec4a6c6bcd5f80d7e7799a2ab087e81eda65d2fae69,"step=000875 mode=stand  vx= 0.000 vy= 0.000 vxy= 0.000 yaw= 0.000 speed=0.08 imu=xsens:live tilt_rp=[+0.5,+0.5]deg imu_corr=0.010 act_max= 0.040 tau_cmd= 3.570 tau_cmd_max= 9.859 cmds=12 bus=can0:12 tau_fb= 3.542 tau_fb_max= 7.489",0.0,0.0,0.0,0.0,0.0,0.0,0.00915851816534996,-0.009111047722399235,-0.9999166131019592,0.0,0.0,0.0,0.0,0.0,0.0,0.0,0.0,0.0,0.0,0.0,0.0,0.0,0.0,0.0,0.0,0.0,0.0,0.0,0.0,0.0,0.0,0.0,0.0,0.0,0.0,0.0,0.0,0.0,0.0,0.0,0.0,0.0,0.0,0.0,0.0,0.0,0.0,0.0,0.25309985876083374,-0.9093774557113647,-0.15483073890209198,0.9141197204589844,0.2646860182285309,-0.25968044996261597,0.4158908426761627,-0.06221149116754532,-1.1412245035171509,0.7088995575904846,-0.7640806436538696,1.0143773555755615,-0.020476192235946655,-0.04046165943145752,0.023229151964187622,0.006792604923248291,0.010581791400909424,-0.006799042224884033,0.001863628625869751,-0.008724551647901535,-0.00012540817260742188,0.008233726024627686,-0.013823986053466797,-0.013247489929199219,-0.008820658549666405,-0.007286631036549807,0.006519617512822151,0.00306805525906384,0.0011505207512527704,0.008053644560277462,-0.00076701381476596,0.011505207046866417,0.004985589534044266,-0.01035468652844429,0.00843715202063322,-0.01418975554406643,0.06591998040676117,-0.004577776417136192,0.005493331700563431,-0.01831110566854477,0.04440443217754364,-0.0315866582095623,0.005493331700563431,0.0032044434919953346,0.04211554303765297,-0.05813775956630707,-0.0013733329251408577,0.05951109528541565,-0.005119048058986664,-0.01011541485786438,0.0058072879910469055,0.0016981512308120728,0.002645447850227356,-0.0016997605562210083,0.00046590715646743774,-0.0021811379119753838,0.0,0.0,0.0,-0.0033118724822998047,0.0,0.0,0.0,0.0,0.0,0.0,0.0,0.0,0.0,0.0,0.0,0.0
20260709_111233_260179,2026-07-09T11:12:57.385,24.125619,pose,880,stand,0.0,0.0,0.0,0.0,0.0,0.0,0.0,0.0,0.08,xsens:live,0.009096887893974781,-0.009236982092261314,-0.9999160170555115,0.5292694852641155,0.5212426794371606,0.010199561715126038,0.04079824686050415,3.198835611343384,7.82936429977417,12,can0:12,3.7275307178497314,7.899411201477051,,"BL_hip_joint,BR_hip_joint,FL_hip_joint,FR_hip_joint,BL_thigh_joint,BR_thigh_joint,FL_thigh_joint,FR_thigh_joint,BL_calf_joint,BR_calf_joint,FL_calf_joint,FR_calf_joint",330e02f2406e129bb6ed6ec4a6c6bcd5f80d7e7799a2ab087e81eda65d2fae69,"step=000880 mode=stand  vx= 0.000 vy= 0.000 vxy= 0.000 yaw= 0.000 speed=0.08 imu=xsens:live tilt_rp=[+0.5,+0.5]deg imu_corr=0.010 act_max= 0.041 tau_cmd= 3.199 tau_cmd_max= 7.829 cmds=12 bus=can0:12 tau_fb= 3.728 tau_fb_max= 7.899",0.0,0.0,0.0,0.0,0.0,0.0,0.009096887893974781,-0.009236982092261314,-0.9999160170555115,0.0,0.0,0.0,0.0,0.0,0.0,0.0,0.0,0.0,0.0,0.0,0.0,0.0,0.0,0.0,0.0,0.0,0.0,0.0,0.0,0.0,0.0,0.0,0.0,0.0,0.0,0.0,0.0,0.0,0.0,0.0,0.0,0.0,0.0,0.0,0.0,0.0,0.0,0.0,0.2526429295539856,-0.9097140431404114,-0.15461082756519318,0.9143063426017761,0.26482370495796204,-0.2597635090351105,0.41598430275917053,-0.062401436269283295,-1.1411882638931274,0.7091240286827087,-0.7643122673034668,1.0142055749893188,-0.0209331214427948,-0.04079824686050415,0.023449063301086426,0.006979227066040039,0.010719478130340576,-0.00688210129737854,0.0019570887088775635,-0.008914496749639511,-8.916854858398438e-05,0.008458197116851807,-0.014055609703063965,-0.013419270515441895,-0.00843715202063322,-0.007286631036549807,0.00613611051812768,0.00306805525906384,0.0011505207512527704,0.008053644560277462,-0.00038350690738298,0.011505207046866417,0.004985589534044266,-0.01035468652844429,0.00843715202063322,-0.01418975554406643,0.013275551609694958,-0.06775109469890594,-0.04623554274439812,0.017853328958153725,-0.04211554303765297,-0.10574663430452347,0.03891110047698021,-0.09704886376857758,-0.01739555038511753,0.025177771225571632,0.03570665791630745,0.008239997550845146,-0.0052332803606987,-0.010199561715126038,0.0058622658252716064,0.0017448067665100098,0.002679869532585144,-0.001720525324344635,0.0004892721772193909,-0.0022286241874098778,0.0,0.0,0.0,-0.0033548176288604736,0.0,0.0,0.0,0.0,0.0,0.0,0.0,0.0,0.0,0.0,0.0,0.0
20260709_111233_260179,2026-07-09T11:12:57.514,24.254283,pose,885,stand,0.0,0.0,0.0,0.0,0.0,0.0,0.0,0.0,0.08,xsens:live,0.009077990427613258,-0.009225169196724892,-0.9999162554740906,0.5285925310135601,0.5201598088419785,0.010184764862060547,0.04073905944824219,4.029005527496338,8.211501121520996,12,can0:12,3.9689321517944336,8.847926139831543,,"BL_hip_joint,BR_hip_joint,FL_hip_joint,FR_hip_joint,BL_thigh_joint,BR_thigh_joint,FL_thigh_joint,FR_thigh_joint,BL_calf_joint,BR_calf_joint,FL_calf_joint,FR_calf_joint",330e02f2406e129bb6ed6ec4a6c6bcd5f80d7e7799a2ab087e81eda65d2fae69,"step=000885 mode=stand  vx= 0.000 vy= 0.000 vxy= 0.000 yaw= 0.000 speed=0.08 imu=xsens:live tilt_rp=[+0.5,+0.5]deg imu_corr=0.010 act_max= 0.041 tau_cmd= 4.029 tau_cmd_max= 8.212 cmds=12 bus=can0:12 tau_fb= 3.969 tau_fb_max= 8.848",0.0,0.0,0.0,0.0,0.0,0.0,0.009077990427613258,-0.009225169196724892,-0.9999162554740906,0.0,0.0,0.0,0.0,0.0,0.0,0.0,0.0,0.0,0.0,0.0,0.0,0.0,0.0,0.0,0.0,0.0,0.0,0.0,0.0,0.0,0.0,0.0,0.0,0.0,0.0,0.0,0.0,0.0,0.0,0.0,0.0,0.0,0.0,0.0,0.0,0.0,0.0,0.0,0.2526612877845764,-0.9096548557281494,-0.1546444445848465,0.9143003225326538,0.2648094594478607,-0.25975584983825684,0.41598519682884216,-0.06239287927746773,-1.1411861181259155,0.7091180682182312,-0.7642978429794312,1.0142221450805664,-0.02091476321220398,-0.04073905944824219,0.023415446281433105,0.006973206996917725,0.010705232620239258,-0.006874442100524902,0.0019579827785491943,-0.008905939757823944,-8.702278137207031e-05,0.008452236652374268,-0.01404118537902832,-0.013402700424194336,-0.008820658549666405,-0.007286631036549807,0.006519617512822151,0.00306805525906384,0.0011505207512527704,0.008053644560277462,-0.00076701381476596,0.011505207046866417,0.004985589534044266,-0.01035468652844429,0.00843715202063322,-0.01418975554406643,-0.0476088747382164,0.020142216235399246,0.005493331700563431,0.02609332650899887,-0.0013733329251408577,0.007324442267417908,0.015564439818263054,0.02059999480843544,-0.03570665791630745,-0.005493331700563431,-0.0050355540588498116,-0.002288888208568096,-0.005228690803050995,-0.010184764862060547,0.005853861570358276,0.0017433017492294312,0.0026763081550598145,-0.0017186105251312256,0.0004894956946372986,-0.002226484939455986,0.0,0.0,0.0,-0.003350675106048584,0.0,0.0,0.0,0.0,0.0,0.0,0.0,0.0,0.0,0.0,0.0,0.0
20260709_111233_260179,2026-07-09T11:12:57.649,24.389444,pose,890,stand,0.0,0.0,0.0,0.0,0.0,0.0,0.0,0.0,0.08,xsens:live,0.009209596551954746,-0.009092289954423904,-0.9999163150787354,0.5209790813049819,0.5277002538291323,0.010114714503288269,0.040458858013153076,3.5407402515411377,9.365952491760254,12,can0:12,3.7528610229492188,8.34253978729248,,"BL_hip_joint,BR_hip_joint,FL_hip_joint,FR_hip_joint,BL_thigh_joint,BR_thigh_joint,FL_thigh_joint,FR_thigh_joint,BL_calf_joint,BR_calf_joint,FL_calf_joint,FR_calf_joint",330e02f2406e129bb6ed6ec4a6c6bcd5f80d7e7799a2ab087e81eda65d2fae69,"step=000890 mode=stand  vx= 0.000 vy= 0.000 vxy= 0.000 yaw= 0.000 speed=0.08 imu=xsens:live tilt_rp=[+0.5,+0.5]deg imu_corr=0.010 act_max= 0.040 tau_cmd= 3.541 tau_cmd_max= 9.366 cmds=12 bus=can0:12 tau_fb= 3.753 tau_fb_max= 8.343",0.0,0.0,0.0,0.0,0.0,0.0,0.009209596551954746,-0.009092289954423904,-0.9999163150787354,0.0,0.0,0.0,0.0,0.0,0.0,0.0,0.0,0.0,0.0,0.0,0.0,0.0,0.0,0.0,0.0,0.0,0.0,0.0,0.0,0.0,0.0,0.0,0.0,0.0,0.0,0.0,0.0,0.0,0.0,0.0,0.0,0.0,0.0,0.0,0.0,0.0,0.0,0.0,0.2532089054584503,-0.9093746542930603,-0.15484027564525604,0.9140720963478088,0.2646670639514923,-0.2596684396266937,0.4158609211444855,-0.062166810035705566,-1.1412400007247925,0.7088401317596436,-0.7640340328216553,1.0144026279449463,-0.020367145538330078,-0.040458858013153076,0.02321961522102356,0.006744980812072754,0.01056283712387085,-0.006787031888961792,0.0018337070941925049,-0.008679870516061783,-0.00014090538024902344,0.008174300193786621,-0.013777375221252441,-0.013222217559814453,-0.00843715202063322,-0.007286631036549807,0.006519617512822151,0.00306805525906384,0.0011505207512527704,0.00843715202063322,-0.00076701381476596,0.011505207046866417,0.004985589534044266,-0.01035468652844429,0.00843715202063322,-0.01418975554406643,0.010071108117699623,-0.04989776387810707,-0.02059999480843544,-0.029755547642707825,0.021057771518826485,0.004119998775422573,-0.062257759273052216,-0.043946653604507446,-0.048066653311252594,-0.0238044373691082,0.0032044434919953346,-0.03341776877641678,-0.0050917863845825195,-0.010114714503288269,0.00580490380525589,0.0016862452030181885,0.0026407092809677124,-0.001696757972240448,0.0004584267735481262,-0.0021699676290154457,0.0,0.0,0.0,-0.0033055543899536133,0.0,0.0,0.0,0.0,0.0,0.0,0.0,0.0,0.0,0.0,0.0,0.0
20260709_111233_260179,2026-07-09T11:12:57.785,24.524875,pose,895,stand,0.0,0.0,0.0,0.0,0.0,0.0,0.0,0.0,0.08,xsens:live,0.009224750101566315,-0.00916115939617157,-0.9999155402183533,0.5249254179109694,0.5285688967346234,0.010174691677093506,0.04069876670837402,3.9247207641601562,8.528534889221191,12,can0:12,3.92315411567688,8.360851287841797,,"BL_hip_joint,BR_hip_joint,FL_hip_joint,FR_hip_joint,BL_thigh_joint,BR_thigh_joint,FL_thigh_joint,FR_thigh_joint,BL_calf_joint,BR_calf_joint,FL_calf_joint,FR_calf_joint",330e02f2406e129bb6ed6ec4a6c6bcd5f80d7e7799a2ab087e81eda65d2fae69,"step=000895 mode=stand  vx= 0.000 vy= 0.000 vxy= 0.000 yaw= 0.000 speed=0.08 imu=xsens:live tilt_rp=[+0.5,+0.5]deg imu_corr=0.010 act_max= 0.041 tau_cmd= 3.925 tau_cmd_max= 8.529 cmds=12 bus=can0:12 tau_fb= 3.923 tau_fb_max= 8.361",0.0,0.0,0.0,0.0,0.0,0.0,0.009224750101566315,-0.00916115939617157,-0.9999155402183533,0.0,0.0,0.0,0.0,0.0,0.0,0.0,0.0,0.0,0.0,0.0,0.0,0.0,0.0,0.0,0.0,0.0,0.0,0.0,0.0,0.0,0.0,0.0,0.0,0.0,0.0,0.0,0.0,0.0,0.0,0.0,0.0,0.0,0.0,0.0,0.0,0.0,0.0,0.0,0.25300636887550354,-0.9096145629882812,-0.15469342470169067,0.9141511917114258,0.2647445499897003,-0.2597143054008484,0.4158923327922821,-0.06225124001502991,-1.1412310600280762,0.7089322805404663,-0.7641469240188599,1.0143078565597534,-0.020569682121276855,-0.04069876670837402,0.023366466164588928,0.006824076175689697,0.010640323162078857,-0.006832897663116455,0.0018651187419891357,-0.008764300495386124,-0.00013196468353271484,0.008266448974609375,-0.013890266418457031,-0.013316988945007324,-0.00843715202063322,-0.007286631036549807,0.006519617512822151,0.0026845482643693686,0.00076701381476596,0.008053644560277462,-0.00076701381476596,0.011505207046866417,0.004985589534044266,-0.01035468652844429,0.00843715202063322,-0.01418975554406643,0.0013733329251408577,-0.02471999265253544,-0.021973326802253723,-0.02059999480843544,-0.047151096165180206,-0.02700888179242611,-0.030671102926135063,0.04669332131743431,0.0476088747382164,0.04211554303765297,0.025177771225571632,0.02151555009186268,-0.005142420530319214,-0.010174691677093506,0.005841616541147232,0.0017060190439224243,0.0026600807905197144,-0.0017082244157791138,0.00046627968549728394,-0.002191075123846531,0.0,0.0,0.0,-0.003329247236251831,0.0,0.0,0.0,0.0,0.0,0.0,0.0,0.0,0.0,0.0,0.0,0.0
20260709_111233_260179,2026-07-09T11:12:57.921,24.661238,pose,900,stand,0.0,0.0,0.0,0.0,0.0,0.0,0.0,0.0,0.08,xsens:live,0.00914803333580494,-0.009230502881109715,-0.999915599822998,0.5288984749676773,0.5241733183203908,0.010208889842033386,0.040835559368133545,4.6002984046936035,8.720781326293945,12,can0:12,3.5792109966278076,7.82982873916626,,"BL_hip_joint,BR_hip_joint,FL_hip_joint,FR_hip_joint,BL_thigh_joint,BR_thigh_joint,FL_thigh_joint,FR_thigh_joint,BL_calf_joint,BR_calf_joint,FL_calf_joint,FR_calf_joint",330e02f2406e129bb6ed6ec4a6c6bcd5f80d7e7799a2ab087e81eda65d2fae69,"step=000900 mode=stand  vx= 0.000 vy= 0.000 vxy= 0.000 yaw= 0.000 speed=0.08 imu=xsens:live tilt_rp=[+0.5,+0.5]deg imu_corr=0.010 act_max= 0.041 tau_cmd= 4.600 tau_cmd_max= 8.721 cmds=12 bus=can0:12 tau_fb= 3.579 tau_fb_max= 7.830",0.0,0.0,0.0,0.0,0.0,0.0,0.00914803333580494,-0.009230502881109715,-0.999915599822998,0.0,0.0,0.0,0.0,0.0,0.0,0.0,0.0,0.0,0.0,0.0,0.0,0.0,0.0,0.0,0.0,0.0,0.0,0.0,0.0,0.0,0.0,0.0,0.0,0.0,0.0,0.0,0.0,0.0,0.0,0.0,0.0,0.0,0.0,0.0,0.0,0.0,0.0,0.0,0.25271302461624146,-0.9097513556480408,-0.15459559857845306,0.9142734408378601,0.2648186981678009,-0.2597595751285553,0.4159604012966156,-0.06237250193953514,-1.1412010192871094,0.7090825438499451,-0.7642863988876343,1.0142136812210083,-0.02086302638053894,-0.040835559368133545,0.023464292287826538,0.0069463253021240234,0.010714471340179443,-0.006878167390823364,0.0019331872463226318,-0.008885562419891357,-0.00010192394256591797,0.008416712284088135,-0.014029741287231445,-0.013411164283752441,-0.008820658549666405,-0.007286631036549807,0.006519617512822151,0.00306805525906384,0.00076701381476596,0.00843715202063322,-0.00076701381476596,0.011888713575899601,0.004985589534044266,-0.01035468652844429,0.00843715202063322,-0.01418975554406643,-0.062257759273052216,0.03387554734945297,0.06408887356519699,0.05493331700563431,-0.02609332650899887,-0.026551103219389915,-0.007782219909131527,0.006408886983990669,0.013275551609694958,0.010528885759413242,0.00595110934227705,-0.016479995101690292,-0.005215756595134735,-0.010208889842033386,0.0058660730719566345,0.0017365813255310059,0.002678617835044861,-0.001719541847705841,0.00048329681158065796,-0.0022213906049728394,0.0,0.0,0.0,-0.0033527910709381104,0.0,0.0,0.0,0.0,0.0,0.0,0.0,0.0,0.0,0.0,0.0,0.0
20260709_111233_260179,2026-07-09T11:12:58.057,24.797062,pose,905,stand,0.0,0.0,0.0,0.0,0.0,0.0,0.0,0.0,0.08,xsens:live,0.009105288423597813,-0.009175804443657398,-0.9999164342880249,0.525764047568265,0.5217237771955349,0.01015251874923706,0.04061007499694824,4.231202125549316,10.451988220214844,12,can0:12,3.9762563705444336,8.485366821289062,,"BL_hip_joint,BR_hip_joint,FL_hip_joint,FR_hip_joint,BL_thigh_joint,BR_thigh_joint,FL_thigh_joint,FR_thigh_joint,BL_calf_joint,BR_calf_joint,FL_calf_joint,FR_calf_joint",330e02f2406e129bb6ed6ec4a6c6bcd5f80d7e7799a2ab087e81eda65d2fae69,"step=000905 mode=stand  vx= 0.000 vy= 0.000 vxy= 0.000 yaw= 0.000 speed=0.08 imu=xsens:live tilt_rp=[+0.5,+0.5]deg imu_corr=0.010 act_max= 0.041 tau_cmd= 4.231 tau_cmd_max= 10.452 cmds=12 bus=can0:12 tau_fb= 3.976 tau_fb_max= 8.485",0.0,0.0,0.0,0.0,0.0,0.0,0.009105288423597813,-0.009175804443657398,-0.9999164342880249,0.0,0.0,0.0,0.0,0.0,0.0,0.0,0.0,0.0,0.0,0.0,0.0,0.0,0.0,0.0,0.0,0.0,0.0,0.0,0.0,0.0,0.0,0.0,0.0,0.0,0.0,0.0,0.0,0.0,0.0,0.0,0.0,0.0,0.0,0.0,0.0,0.0,0.0,0.0,0.25284308195114136,-0.9095258712768555,-0.15472930669784546,0.9142259359359741,0.2647557854652405,-0.259723037481308,0.41594722867012024,-0.06231747940182686,-1.1412012577056885,0.7090282440185547,-0.7642059326171875,1.0142896175384521,-0.020732969045639038,-0.04061007499694824,0.023330584168434143,0.006898820400238037,0.010651558637619019,-0.00684162974357605,0.0019200146198272705,-0.008830539882183075,-0.00010216236114501953,0.008362412452697754,-0.013949275016784668,-0.013335227966308594,-0.008820658549666405,-0.007286631036549807,0.006519617512822151,0.00306805525906384,0.00076701381476596,0.00843715202063322,-0.00076701381476596,0.011505207046866417,0.004985589534044266,-0.01035468652844429,0.00843715202063322,-0.01418975554406643,-0.04440443217754364,0.012817773967981339,0.015106662176549435,-0.008239997550845146,0.038453321903944016,-0.036164432764053345,0.018768884241580963,-0.03021332435309887,0.05951109528541565,-0.07461775839328766,0.027466658502817154,-0.0068666646257042885,-0.0051832422614097595,-0.01015251874923706,0.005832646042108536,0.0017247051000595093,0.0026628896594047546,-0.0017104074358940125,0.0004800036549568176,-0.0022076349705457687,0.0,0.0,0.0,-0.0033338069915771484,0.0,0.0,0.0,0.0,0.0,0.0,0.0,0.0,0.0,0.0,0.0,0.0
20260709_111233_260179,2026-07-09T11:12:58.193,24.932857,pose,910,stand,0.0,0.0,0.0,0.0,0.0,0.0,0.0,0.0,0.08,xsens:live,0.009103153832256794,-0.009112798608839512,-0.9999170303344727,0.5221537681279093,0.5216011631312042,0.010100975632667542,0.040403902530670166,4.2040863037109375,8.800640106201172,12,can0:12,3.8917205333709717,8.562273025512695,,"BL_hip_joint,BR_hip_joint,FL_hip_joint,FR_hip_joint,BL_thigh_joint,BR_thigh_joint,FL_thigh_joint,FR_thigh_joint,BL_calf_joint,BR_calf_joint,FL_calf_joint,FR_calf_joint",330e02f2406e129bb6ed6ec4a6c6bcd5f80d7e7799a2ab087e81eda65d2fae69,"step=000910 mode=stand  vx= 0.000 vy= 0.000 vxy= 0.000 yaw= 0.000 speed=0.08 imu=xsens:live tilt_rp=[+0.5,+0.5]deg imu_corr=0.010 act_max= 0.040 tau_cmd= 4.204 tau_cmd_max= 8.801 cmds=12 bus=can0:12 tau_fb= 3.892 tau_fb_max= 8.562",0.0,0.0,0.0,0.0,0.0,0.0,0.009103153832256794,-0.009112798608839512,-0.9999170303344727,0.0,0.0,0.0,0.0,0.0,0.0,0.0,0.0,0.0,0.0,0.0,0.0,0.0,0.0,0.0,0.0,0.0,0.0,0.0,0.0,0.0,0.0,0.0,0.0,0.0,0.0,0.0,0.0,0.0,0.0,0.0,0.0,0.0,0.0,0.0,0.0,0.0,0.0,0.0,0.253040075302124,-0.9093196988105774,-0.1548573523759842,0.9141480326652527,0.2646854519844055,-0.25968122482299805,0.4159136712551117,-0.06223547086119652,-1.141211986541748,0.7089366912841797,-0.7640999555587769,1.014375925064087,-0.020535975694656372,-0.040403902530670166,0.02320253849029541,0.0068209171295166016,0.010581225156784058,-0.006799817085266113,0.0018864572048187256,-0.008748531341552734,-0.00011289119720458984,0.008270859718322754,-0.013843297958374023,-0.013248920440673828,-0.00843715202063322,-0.007286631036549807,0.006519617512822151,0.00306805525906384,0.00076701381476596,0.00843715202063322,-0.00076701381476596,0.011505207046866417,0.004985589534044266,-0.01035468652844429,0.00843715202063322,-0.01418975554406643,0.047151096165180206,0.06591998040676117,-0.026551103219389915,-0.036164432764053345,-0.027466658502817154,0.03021332435309887,-0.005493331700563431,-0.025635547935962677,0.02609332650899887,-0.02059999480843544,0.037537768483161926,-0.017853328958153725,-0.005133993923664093,-0.010100975632667542,0.0058006346225738525,0.0017052292823791504,0.0026453062891960144,-0.0016999542713165283,0.0004716143012046814,-0.0021871328353881836,0.0,0.0,0.0,-0.003312230110168457,0.0,0.0,0.0,0.0,0.0,0.0,0.0,0.0,0.0,0.0,0.0,0.0
20260709_111233_260179,2026-07-09T11:12:58.328,25.068475,pose,915,stand,0.0,0.0,0.0,0.0,0.0,0.0,0.0,0.0,0.08,xsens:live,0.009045385755598545,-0.009139543399214745,-0.9999173283576965,0.5236859751685835,0.5182911396281885,0.010106161236763,0.040424644947052,3.7172985076904297,9.380815505981445,12,can0:12,3.91949200630188,8.071535110473633,,"BL_hip_joint,BR_hip_joint,FL_hip_joint,FR_hip_joint,BL_thigh_joint,BR_thigh_joint,FL_thigh_joint,FR_thigh_joint,BL_calf_joint,BR_calf_joint,FL_calf_joint,FR_calf_joint",330e02f2406e129bb6ed6ec4a6c6bcd5f80d7e7799a2ab087e81eda65d2fae69,"step=000915 mode=stand  vx= 0.000 vy= 0.000 vxy= 0.000 yaw= 0.000 speed=0.08 imu=xsens:live tilt_rp=[+0.5,+0.5]deg imu_corr=0.010 act_max= 0.040 tau_cmd= 3.717 tau_cmd_max= 9.381 cmds=12 bus=can0:12 tau_fb= 3.919 tau_fb_max= 8.072",0.0,0.0,0.0,0.0,0.0,0.0,0.009045385755598545,-0.009139543399214745,-0.9999173283576965,0.0,0.0,0.0,0.0,0.0,0.0,0.0,0.0,0.0,0.0,0.0,0.0,0.0,0.0,0.0,0.0,0.0,0.0,0.0,0.0,0.0,0.0,0.0,0.0,0.0,0.0,0.0,0.0,0.0,0.0,0.0,0.0,0.0,0.0,0.0,0.0,0.0,0.0,0.0,0.25289925932884216,-0.9093404412269592,-0.15483500063419342,0.9142088294029236,0.2647126317024231,-0.25969862937927246,0.4159514904022217,-0.062292978167533875,-1.141194462776184,0.709011971950531,-0.764161229133606,1.0143402814865112,-0.020676791667938232,-0.040424644947052,0.02322489023208618,0.0068817138671875,0.010608404874801636,-0.006817221641540527,0.001924276351928711,-0.008806038647890091,-9.5367431640625e-05,0.008346140384674072,-0.013904571533203125,-0.013284564018249512,-0.00843715202063322,-0.007286631036549807,0.006519617512822151,0.00306805525906384,0.00076701381476596,0.008053644560277462,-0.00076701381476596,0.011505207046866417,0.004985589534044266,-0.01035468652844429,0.00843715202063322,-0.01418975554406643,0.025177771225571632,0.02700888179242611,0.027924437075853348,-0.09933774918317795,-0.013733329251408577,-0.03387554734945297,0.0013733329251408577,0.027466658502817154,-0.0631733164191246,-0.044862210750579834,0.02609332650899887,0.10849329829216003,-0.005169197916984558,-0.010106161236763,0.005806222558021545,0.001720428466796875,0.002652101218700409,-0.0017043054103851318,0.00048106908798217773,-0.0022015096619725227,0.0,0.0,0.0,-0.003321141004562378,0.0,0.0,0.0,0.0,0.0,0.0,0.0,0.0,0.0,0.0,0.0,0.0
20260709_111233_260179,2026-07-09T11:12:58.458,25.198109,pose,920,stand,0.0,0.0,0.0,0.0,0.0,0.0,0.0,0.0,0.08,xsens:live,0.00910711009055376,-0.009062054567039013,-0.9999175071716309,0.5192460999859517,0.5218275912140674,0.010061144828796387,0.04024457931518555,3.749506711959839,8.06244945526123,12,can0:12,3.7244789600372314,7.529526710510254,,"BL_hip_joint,BR_hip_joint,FL_hip_joint,FR_hip_joint,BL_thigh_joint,BR_thigh_joint,FL_thigh_joint,FR_thigh_joint,BL_calf_joint,BR_calf_joint,FL_calf_joint,FR_calf_joint",330e02f2406e129bb6ed6ec4a6c6bcd5f80d7e7799a2ab087e81eda65d2fae69,"step=000920 mode=stand  vx= 0.000 vy= 0.000 vxy= 0.000 yaw= 0.000 speed=0.08 imu=xsens:live tilt_rp=[+0.5,+0.5]deg imu_corr=0.010 act_max= 0.040 tau_cmd= 3.750 tau_cmd_max= 8.062 cmds=12 bus=can0:12 tau_fb= 3.724 tau_fb_max= 7.530",0.0,0.0,0.0,0.0,0.0,0.0,0.00910711009055376,-0.009062054567039013,-0.9999175071716309,0.0,0.0,0.0,0.0,0.0,0.0,0.0,0.0,0.0,0.0,0.0,0.0,0.0,0.0,0.0,0.0,0.0,0.0,0.0,0.0,0.0,0.0,0.0,0.0,0.0,0.0,0.0,0.0,0.0,0.0,0.0,0.0,0.0,0.0,0.0,0.0,0.0,0.0,0.0,0.25320369005203247,-0.9091603755950928,-0.15495732426643372,0.9140833020210266,0.264629065990448,-0.2596476674079895,0.41588452458381653,-0.06216739863157272,-1.1412221193313599,0.7088589668273926,-0.764012336730957,1.0144456624984741,-0.020372360944747925,-0.04024457931518555,0.023102566599845886,0.006756186485290527,0.010524839162826538,-0.006766259670257568,0.0018573105335235596,-0.00868045911192894,-0.00012302398681640625,0.008193135261535645,-0.0137556791305542,-0.013179183006286621,-0.00843715202063322,-0.007286631036549807,0.006519617512822151,0.00306805525906384,0.00076701381476596,0.00843715202063322,-0.00038350690738298,0.011505207046866417,0.004985589534044266,-0.01035468652844429,0.00843715202063322,-0.01418975554406643,0.021057771518826485,0.027466658502817154,-0.056764427572488785,0.0032044434919953346,0.013733329251408577,-0.015106662176549435,0.05081331729888916,0.014191106893122196,-0.02471999265253544,-0.008239997550845146,-0.001831110566854477,0.04211554303765297,-0.005093090236186981,-0.010061144828796387,0.0057756416499614716,0.0016890466213226318,0.0026312097907066345,-0.001691564917564392,0.0004643276333808899,-0.002170114777982235,0.0,0.0,0.0,-0.0032947957515716553,0.0,0.0,0.0,0.0,0.0,0.0,0.0,0.0,0.0,0.0,0.0,0.0
20260709_111233_260179,2026-07-09T11:12:58.593,25.333224,pose,925,stand,0.0,0.0,0.0,0.0,0.0,0.0,0.0,0.0,0.08,xsens:live,0.009105553850531578,-0.00912006851285696,-0.9999170303344727,0.522570302884512,0.5217386740592146,0.010107576847076416,0.040430307388305664,4.771083354949951,8.666903495788574,12,can0:12,3.844721555709839,8.188726425170898,,"BL_hip_joint,BR_hip_joint,FL_hip_joint,FR_hip_joint,BL_thigh_joint,BR_thigh_joint,FL_thigh_joint,FR_thigh_joint,BL_calf_joint,BR_calf_joint,FL_calf_joint,FR_calf_joint",330e02f2406e129bb6ed6ec4a6c6bcd5f80d7e7799a2ab087e81eda65d2fae69,"step=000925 mode=stand  vx= 0.000 vy= 0.000 vxy= 0.000 yaw= 0.000 speed=0.08 imu=xsens:live tilt_rp=[+0.5,+0.5]deg imu_corr=0.010 act_max= 0.040 tau_cmd= 4.771 tau_cmd_max= 8.667 cmds=12 bus=can0:12 tau_fb= 3.845 tau_fb_max= 8.189",0.0,0.0,0.0,0.0,0.0,0.0,0.009105553850531578,-0.00912006851285696,-0.9999170303344727,0.0,0.0,0.0,0.0,0.0,0.0,0.0,0.0,0.0,0.0,0.0,0.0,0.0,0.0,0.0,0.0,0.0,0.0,0.0,0.0,0.0,0.0,0.0,0.0,0.0,0.0,0.0,0.0,0.0,0.0,0.0,0.0,0.0,0.0,0.0,0.0,0.0,0.0,0.0,0.25301939249038696,-0.9093461036682129,-0.15484151244163513,0.9141560792922974,0.26469361782073975,-0.25968626141548157,0.41591671109199524,-0.06224404275417328,-1.1412112712860107,0.7089462876319885,-0.7641112804412842,1.014365792274475,-0.020556658506393433,-0.040430307388305664,0.02321837842464447,0.006828963756561279,0.010589390993118286,-0.006804853677749634,0.0018894970417022705,-0.008757103234529495,-0.00011217594146728516,0.008280456066131592,-0.013854622840881348,-0.013259053230285645,-0.008820658549666405,-0.007286631036549807,0.006519617512822151,0.00306805525906384,0.00076701381476596,0.00843715202063322,-0.00038350690738298,0.011888713575899601,0.004985589534044266,-0.01035468652844429,0.00843715202063322,-0.01418975554406643,-0.015106662176549435,0.00045777764171361923,0.0709555372595787,0.0238044373691082,-0.06271553784608841,-0.0050355540588498116,0.06271553784608841,0.007782219909131527,0.04852443188428879,0.004119998775422573,0.04211554303765297,-0.014191106893122196,-0.005139164626598358,-0.010107576847076416,0.0058045946061611176,0.0017072409391403198,0.0026473477482795715,-0.0017012134194374084,0.0004723742604255676,-0.002189275808632374,0.0,0.0,0.0,-0.003314763307571411,0.0,0.0,0.0,0.0,0.0,0.0,0.0,0.0,0.0,0.0,0.0,0.0
20260709_111233_260179,2026-07-09T11:12:58.728,25.468648,pose,930,stand,0.0,0.0,0.0,0.0,0.0,0.0,0.0,0.0,0.08,xsens:live,0.009041576646268368,-0.009144731797277927,-0.9999173283576965,0.523983248208345,0.5180728935477376,0.01010933518409729,0.04043734073638916,4.250277042388916,9.524740219116211,12,can0:12,3.8764610290527344,7.6613664627075195,,"BL_hip_joint,BR_hip_joint,FL_hip_joint,FR_hip_joint,BL_thigh_joint,BR_thigh_joint,FL_thigh_joint,FR_thigh_joint,BL_calf_joint,BR_calf_joint,FL_calf_joint,FR_calf_joint",330e02f2406e129bb6ed6ec4a6c6bcd5f80d7e7799a2ab087e81eda65d2fae69,"step=000930 mode=stand  vx= 0.000 vy= 0.000 vxy= 0.000 yaw= 0.000 speed=0.08 imu=xsens:live tilt_rp=[+0.5,+0.5]deg imu_corr=0.010 act_max= 0.040 tau_cmd= 4.250 tau_cmd_max= 9.525 cmds=12 bus=can0:12 tau_fb= 3.876 tau_fb_max= 7.661",0.0,0.0,0.0,0.0,0.0,0.0,0.009041576646268368,-0.009144731797277927,-0.9999173283576965,0.0,0.0,0.0,0.0,0.0,0.0,0.0,0.0,0.0,0.0,0.0,0.0,0.0,0.0,0.0,0.0,0.0,0.0,0.0,0.0,0.0,0.0,0.0,0.0,0.0,0.0,0.0,0.0,0.0,0.0,0.0,0.0,0.0,0.0,0.0,0.0,0.0,0.0,0.0,0.2528793513774872,-0.9093531370162964,-0.15482662618160248,0.9142172932624817,0.26471835374832153,-0.25970202684402466,0.4159555435180664,-0.062301408499479294,-1.1411924362182617,0.7090221047401428,-0.7641716003417969,1.014332890510559,-0.020696699619293213,-0.04043734073638916,0.023233264684677124,0.0068901777267456055,0.010614126920700073,-0.006820619106292725,0.0019283294677734375,-0.00881446897983551,-9.334087371826172e-05,0.008356273174285889,-0.013914942741394043,-0.01329195499420166,-0.00843715202063322,-0.007286631036549807,0.006519617512822151,0.00306805525906384,0.00076701381476596,0.00843715202063322,-0.00076701381476596,0.011505207046866417,0.004985589534044266,-0.01035468652844429,0.00843715202063322,-0.01418975554406643,0.0238044373691082,-0.02609332650899887,0.00045777764171361923,-0.022431105375289917,0.023346660658717155,-0.0009155552834272385,-0.03891110047698021,0.02700888179242611,0.031128879636526108,-0.02288888208568096,0.08880886435508728,-0.03799554333090782,-0.005174174904823303,-0.01010933518409729,0.005808316171169281,0.0017225444316864014,0.0026535317301750183,-0.0017051547765731812,0.0004820823669433594,-0.0022036172449588776,0.0,0.0,0.0,-0.003322988748550415,0.0,0.0,0.0,0.0,0.0,0.0,0.0,0.0,0.0,0.0,0.0,0.0
20260709_111233_260179,2026-07-09T11:12:58.864,25.604494,pose,935,stand,0.0,0.0,0.0,0.0,0.0,0.0,0.0,0.0,0.08,xsens:live,0.009052476845681667,-0.009117728099226952,-0.9999175071716309,0.522435957963143,0.5186973367267875,0.010090634226799011,0.040362536907196045,3.5802810192108154,8.441479682922363,12,can0:12,3.7485883235931396,8.668477058410645,,"BL_hip_joint,BR_hip_joint,FL_hip_joint,FR_hip_joint,BL_thigh_joint,BR_thigh_joint,FL_thigh_joint,FR_thigh_joint,BL_calf_joint,BR_calf_joint,FL_calf_joint,FR_calf_joint",330e02f2406e129bb6ed6ec4a6c6bcd5f80d7e7799a2ab087e81eda65d2fae69,"step=000935 mode=stand  vx= 0.000 vy= 0.000 vxy= 0.000 yaw= 0.000 speed=0.08 imu=xsens:live tilt_rp=[+0.5,+0.5]deg imu_corr=0.010 act_max= 0.040 tau_cmd= 3.580 tau_cmd_max= 8.441 cmds=12 bus=can0:12 tau_fb= 3.749 tau_fb_max= 8.668",0.0,0.0,0.0,0.0,0.0,0.0,0.009052476845681667,-0.009117728099226952,-0.9999175071716309,0.0,0.0,0.0,0.0,0.0,0.0,0.0,0.0,0.0,0.0,0.0,0.0,0.0,0.0,0.0,0.0,0.0,0.0,0.0,0.0,0.0,0.0,0.0,0.0,0.0,0.0,0.0,0.0,0.0,0.0,0.0,0.0,0.0,0.0,0.0,0.0,0.0,0.0,0.0,0.2529746890068054,-0.9092783331871033,-0.15487493574619293,0.9141783714294434,0.26468878984451294,-0.259684294462204,0.41593682765960693,-0.06226181611418724,-1.141200065612793,0.7089753746986389,-0.7641222476959229,1.0143699645996094,-0.020601361989974976,-0.040362536907196045,0.02318495512008667,0.006851255893707275,0.01058456301689148,-0.006802886724472046,0.0019096136093139648,-0.008774876594543457,-0.00010097026824951172,0.008309543132781982,-0.01386559009552002,-0.013254880905151367,-0.008820658549666405,-0.007286631036549807,0.006519617512822151,0.00306805525906384,0.00076701381476596,0.00843715202063322,-0.00076701381476596,0.011505207046866417,0.004985589534044266,-0.01035468652844429,0.008053644560277462,-0.01418975554406643,0.022431105375289917,-0.04989776387810707,-0.051271095871925354,-0.06546220183372498,0.04852443188428879,-0.037537768483161926,0.021973326802253723,-0.012817773967981339,0.04852443188428879,-0.018768884241580963,-0.001831110566854477,0.029755547642707825,-0.005150340497493744,-0.010090634226799011,0.0057962387800216675,0.0017128139734268188,0.00264614075422287,-0.0017007216811180115,0.0004774034023284912,-0.0021937191486358643,0.0,0.0,0.0,-0.003313720226287842,0.0,0.0,0.0,0.0,0.0,0.0,0.0,0.0,0.0,0.0,0.0,0.0
20260709_111233_260179,2026-07-09T11:12:59.000,25.740568,pose,940,stand,0.0,0.0,0.0,0.0,0.0,0.0,0.0,0.0,0.08,xsens:live,0.009076961316168308,-0.009171963669359684,-0.9999167323112488,0.5255438309147327,0.5201005970102597,0.010141327977180481,0.040565311908721924,4.366708755493164,8.554726600646973,12,can0:12,3.8801231384277344,8.935819625854492,,"BL_hip_joint,BR_hip_joint,FL_hip_joint,FR_hip_joint,BL_thigh_joint,BR_thigh_joint,FL_thigh_joint,FR_thigh_joint,BL_calf_joint,BR_calf_joint,FL_calf_joint,FR_calf_joint",330e02f2406e129bb6ed6ec4a6c6bcd5f80d7e7799a2ab087e81eda65d2fae69,"step=000940 mode=stand  vx= 0.000 vy= 0.000 vxy= 0.000 yaw= 0.000 speed=0.08 imu=xsens:live tilt_rp=[+0.5,+0.5]deg imu_corr=0.010 act_max= 0.041 tau_cmd= 4.367 tau_cmd_max= 8.555 cmds=12 bus=can0:12 tau_fb= 3.880 tau_fb_max= 8.936",0.0,0.0,0.0,0.0,0.0,0.0,0.009076961316168308,-0.009171963669359684,-0.9999167323112488,0.0,0.0,0.0,0.0,0.0,0.0,0.0,0.0,0.0,0.0,0.0,0.0,0.0,0.0,0.0,0.0,0.0,0.0,0.0,0.0,0.0,0.0,0.0,0.0,0.0,0.0,0.0,0.0,0.0,0.0,0.0,0.0,0.0,0.0,0.0,0.0,0.0,0.0,0.0,0.25282782316207886,-0.9094811081886292,-0.15475207567214966,0.9142342805862427,0.2647503912448883,-0.2597203850746155,0.4159565269947052,-0.06232359632849693,-1.1411956548690796,0.7090407013893127,-0.7642077207565308,1.0142948627471924,-0.020748227834701538,-0.040565311908721924,0.023307815194129944,0.006907165050506592,0.010646164417266846,-0.006838977336883545,0.0019293129444122314,-0.00883665680885315,-9.655952453613281e-05,0.00837486982345581,-0.01395106315612793,-0.01332998275756836,-0.008820658549666405,-0.007286631036549807,0.006519617512822151,0.00306805525906384,0.00076701381476596,0.00843715202063322,-0.00038350690738298,0.011505207046866417,0.004985589534044266,-0.01035468652844429,0.008053644560277462,-0.01418975554406643,-0.054475538432598114,0.0398266538977623,0.054475538432598114,0.03891110047698021,-0.02288888208568096,0.07736442238092422,0.02059999480843544,-0.05310220643877983,0.016022218391299248,0.03387554734945297,-0.03021332435309887,-0.01144444104284048,-0.0051870569586753845,-0.010141327977180481,0.005826953798532486,0.001726791262626648,0.0026615411043167114,-0.0017097443342208862,0.00048232823610305786,-0.0022091642022132874,0.0,0.0,0.0,-0.00333249568939209,0.0,0.0,0.0,0.0,0.0,0.0,0.0,0.0,0.0,0.0,0.0,0.0
20260709_111233_260179,2026-07-09T11:12:59.136,25.876433,pose,945,stand,0.0,0.0,0.0,0.0,0.0,0.0,0.0,0.0,0.08,xsens:live,0.009007547050714493,-0.009105128236114979,-0.9999179840087891,0.5217137905892654,0.5161228005550278,0.010067582130432129,0.040270328521728516,4.190345764160156,9.726886749267578,12,can0:12,3.7150180339813232,8.79299259185791,,"BL_hip_joint,BR_hip_joint,FL_hip_joint,FR_hip_joint,BL_thigh_joint,BR_thigh_joint,FL_thigh_joint,FR_thigh_joint,BL_calf_joint,BR_calf_joint,FL_calf_joint,FR_calf_joint",330e02f2406e129bb6ed6ec4a6c6bcd5f80d7e7799a2ab087e81eda65d2fae69,"step=000945 mode=stand  vx= 0.000 vy= 0.000 vxy= 0.000 yaw= 0.000 speed=0.08 imu=xsens:live tilt_rp=[+0.5,+0.5]deg imu_corr=0.010 act_max= 0.040 tau_cmd= 4.190 tau_cmd_max= 9.727 cmds=12 bus=can0:12 tau_fb= 3.715 tau_fb_max= 8.793",0.0,0.0,0.0,0.0,0.0,0.0,0.009007547050714493,-0.009105128236114979,-0.9999179840087891,0.0,0.0,0.0,0.0,0.0,0.0,0.0,0.0,0.0,0.0,0.0,0.0,0.0,0.0,0.0,0.0,0.0,0.0,0.0,0.0,0.0,0.0,0.0,0.0,0.0,0.0,0.0,0.0,0.0,0.0,0.0,0.0,0.0,0.0,0.0,0.0,0.0,0.0,0.0,0.25297045707702637,-0.9091861248016357,-0.15492495894432068,0.9141837954521179,0.2646726071834564,-0.2596755623817444,0.41594743728637695,-0.0622626394033432,-1.1411914825439453,0.7089844346046448,-0.764114499092102,1.0143879652023315,-0.02060559391975403,-0.040270328521728516,0.023134931921958923,0.006856679916381836,0.010568380355834961,-0.006794154644012451,0.0019202232360839844,-0.008775699883699417,-9.238719940185547e-05,0.008318603038787842,-0.013857841491699219,-0.0132368803024292,-0.008820658549666405,-0.007286631036549807,0.006519617512822151,0.00306805525906384,0.00076701381476596,0.00843715202063322,-0.00076701381476596,0.011505207046866417,0.004985589534044266,-0.01035468652844429,0.008053644560277462,-0.01418975554406643,0.03570665791630745,-0.02151555009186268,0.037537768483161926,0.032044436782598495,0.0050355540588498116,0.01144444104284048,-0.007782219909131527,-0.022431105375289917,0.0709555372595787,-0.054475538432598114,0.0013733329251408577,0.00045777764171361923,-0.005151398479938507,-0.010067582130432129,0.005783732980489731,0.001714169979095459,0.0026420950889587402,-0.0016985386610031128,0.0004800558090209961,-0.0021939249709248543,0.0,0.0,0.0,-0.0033092200756073,0.0,0.0,0.0,0.0,0.0,0.0,0.0,0.0,0.0,0.0,0.0,0.0
20260709_111233_260179,2026-07-09T11:12:59.265,26.005424,pose,950,stand,0.0,0.0,0.0,0.0,0.0,0.0,0.0,0.0,0.08,xsens:live,0.008963750675320625,-0.009115548804402351,-0.9999182820320129,0.5223106889168587,0.5136132968337852,0.010063469409942627,0.04025387763977051,3.693321466445923,8.830458641052246,12,can0:12,3.8874480724334717,9.682912826538086,,"BL_hip_joint,BR_hip_joint,FL_hip_joint,FR_hip_joint,BL_thigh_joint,BR_thigh_joint,FL_thigh_joint,FR_thigh_joint,BL_calf_joint,BR_calf_joint,FL_calf_joint,FR_calf_joint",330e02f2406e129bb6ed6ec4a6c6bcd5f80d7e7799a2ab087e81eda65d2fae69,"step=000950 mode=stand  vx= 0.000 vy= 0.000 vxy= 0.000 yaw= 0.000 speed=0.08 imu=xsens:live tilt_rp=[+0.5,+0.5]deg imu_corr=0.010 act_max= 0.040 tau_cmd= 3.693 tau_cmd_max= 8.830 cmds=12 bus=can0:12 tau_fb= 3.887 tau_fb_max= 9.683",0.0,0.0,0.0,0.0,0.0,0.0,0.008963750675320625,-0.009115548804402351,-0.9999182820320129,0.0,0.0,0.0,0.0,0.0,0.0,0.0,0.0,0.0,0.0,0.0,0.0,0.0,0.0,0.0,0.0,0.0,0.0,0.0,0.0,0.0,0.0,0.0,0.0,0.0,0.0,0.0,0.0,0.0,0.0,0.0,0.0,0.0,0.0,0.0,0.0,0.0,0.0,0.0,0.2528951168060303,-0.9091696739196777,-0.15492786467075348,0.9142177104949951,0.26468271017074585,-0.25968214869499207,0.41597044467926025,-0.06229357421398163,-1.1411798000335693,0.7090273499488831,-0.7641445398330688,1.0143741369247437,-0.020680934190750122,-0.04025387763977051,0.023132026195526123,0.006890594959259033,0.01057848334312439,-0.006800740957260132,0.0019432306289672852,-0.008806634694337845,-8.07046890258789e-05,0.008361518383026123,-0.013887882232666016,-0.01325070858001709,-0.00843715202063322,-0.007286631036549807,0.006519617512822151,0.00306805525906384,0.0011505207512527704,0.008053644560277462,-0.00076701381476596,0.011505207046866417,0.004985589534044266,-0.01035468652844429,0.008053644560277462,-0.01418975554406643,0.05264442786574364,0.007324442267417908,-0.04669332131743431,-0.04623554274439812,0.029755547642707825,-0.009155552834272385,0.06500442326068878,0.05493331700563431,0.05310220643877983,0.031128879636526108,-0.0050355540588498116,0.05813775956630707,-0.0051702335476875305,-0.010063469409942627,0.005783006548881531,0.0017226487398147583,0.0026446208357810974,-0.001700185239315033,0.0004858076572418213,-0.002201658673584461,0.0,0.0,0.0,-0.0033126771450042725,0.0,0.0,0.0,0.0,0.0,0.0,0.0,0.0,0.0,0.0,0.0,0.0
20260709_111233_260179,2026-07-09T11:12:59.401,26.140976,pose,955,stand,0.0,0.0,0.0,0.0,0.0,0.0,0.0,0.0,0.08,xsens:live,0.008927613496780396,-0.00915088877081871,-0.9999182820320129,0.5243355163890512,0.5115427855288485,0.010081782937049866,0.04032713174819946,4.5044708251953125,11.955353736877441,12,can0:12,3.7885677814483643,8.858912467956543,,"BL_hip_joint,BR_hip_joint,FL_hip_joint,FR_hip_joint,BL_thigh_joint,BR_thigh_joint,FL_thigh_joint,FR_thigh_joint,BL_calf_joint,BR_calf_joint,FL_calf_joint,FR_calf_joint",330e02f2406e129bb6ed6ec4a6c6bcd5f80d7e7799a2ab087e81eda65d2fae69,"step=000955 mode=stand  vx= 0.000 vy= 0.000 vxy= 0.000 yaw= 0.000 speed=0.08 imu=xsens:live tilt_rp=[+0.5,+0.5]deg imu_corr=0.010 act_max= 0.040 tau_cmd= 4.504 tau_cmd_max= 11.955 cmds=12 bus=can0:12 tau_fb= 3.789 tau_fb_max= 8.859",0.0,0.0,0.0,0.0,0.0,0.0,0.008927613496780396,-0.00915088877081871,-0.9999182820320129,0.0,0.0,0.0,0.0,0.0,0.0,0.0,0.0,0.0,0.0,0.0,0.0,0.0,0.0,0.0,0.0,0.0,0.0,0.0,0.0,0.0,0.0,0.0,0.0,0.0,0.0,0.0,0.0,0.0,0.0,0.0,0.0,0.0,0.0,0.0,0.0,0.0,0.0,0.0,0.2527480125427246,-0.9092429280281067,-0.1548764854669571,0.9142788648605347,0.2647201418876648,-0.2597052752971649,0.4160037338733673,-0.062354180961847305,-1.1411653757095337,0.7091017365455627,-0.7642148733139038,1.0143259763717651,-0.020828038454055786,-0.04032713174819946,0.02318340539932251,0.006951749324798584,0.010615915060043335,-0.006823867559432983,0.001976519823074341,-0.008867241442203522,-6.628036499023438e-05,0.00843590497970581,-0.013958215713500977,-0.013298869132995605,-0.008820658549666405,-0.007286631036549807,0.006519617512822151,0.00306805525906384,0.0011505207512527704,0.00843715202063322,-0.00076701381476596,0.011888713575899601,0.004985589534044266,-0.01035468652844429,0.008053644560277462,-0.01418975554406643,0.002288888208568096,0.016937773674726486,0.012817773967981339,0.024262215942144394,0.0796533077955246,0.09384441375732422,0.032044436782598495,-0.04028443247079849,-0.0013733329251408577,0.008239997550845146,0.0,-0.10574663430452347,-0.0052070096135139465,-0.010081782937049866,0.0057958513498306274,0.001737937331199646,0.0026539787650108337,-0.0017059668898582458,0.0004941299557685852,-0.0022168103605508804,0.0,0.0,0.0,-0.0033247172832489014,0.0,0.0,0.0,0.0,0.0,0.0,0.0,0.0,0.0,0.0,0.0,0.0
20260709_111233_260179,2026-07-09T11:12:59.536,26.276666,pose,960,stand,0.0,0.0,0.0,0.0,0.0,0.0,0.0,0.0,0.08,xsens:live,0.008866910822689533,-0.00916303414851427,-0.9999186992645264,0.5250311747175131,0.5080645576423664,0.010074332356452942,0.04029732942581177,4.493288040161133,9.524740219116211,12,can0:12,3.7846004962921143,8.185064315795898,,"BL_hip_joint,BR_hip_joint,FL_hip_joint,FR_hip_joint,BL_thigh_joint,BR_thigh_joint,FL_thigh_joint,FR_thigh_joint,BL_calf_joint,BR_calf_joint,FL_calf_joint,FR_calf_joint",330e02f2406e129bb6ed6ec4a6c6bcd5f80d7e7799a2ab087e81eda65d2fae69,"step=000960 mode=stand  vx= 0.000 vy= 0.000 vxy= 0.000 yaw= 0.000 speed=0.08 imu=xsens:live tilt_rp=[+0.5,+0.5]deg imu_corr=0.010 act_max= 0.040 tau_cmd= 4.493 tau_cmd_max= 9.525 cmds=12 bus=can0:12 tau_fb= 3.785 tau_fb_max= 8.185",0.0,0.0,0.0,0.0,0.0,0.0,0.008866910822689533,-0.00916303414851427,-0.9999186992645264,0.0,0.0,0.0,0.0,0.0,0.0,0.0,0.0,0.0,0.0,0.0,0.0,0.0,0.0,0.0,0.0,0.0,0.0,0.0,0.0,0.0,0.0,0.0,0.0,0.0,0.0,0.0,0.0,0.0,0.0,0.0,0.0,0.0,0.0,0.0,0.0,0.0,0.0,0.0,0.2526511549949646,-0.909213125705719,-0.15488535165786743,0.9143227338790894,0.264731228351593,-0.259712815284729,0.416034460067749,-0.06239374727010727,-1.1411492824554443,0.7091571092605591,-0.7642533779144287,1.014310359954834,-0.020924896001815796,-0.04029732942581177,0.02317453920841217,0.0069956183433532715,0.010627001523971558,-0.00683140754699707,0.0020072460174560547,-0.008906807750463486,-5.0187110900878906e-05,0.008491277694702148,-0.013996720314025879,-0.013314485549926758,-0.008820658549666405,-0.007286631036549807,0.006519617512822151,0.00306805525906384,0.00076701381476596,0.00843715202063322,-0.00076701381476596,0.011505207046866417,0.004985589534044266,-0.01035468652844429,0.00843715202063322,-0.01418975554406643,0.053559985011816025,-0.027466658502817154,0.0398266538977623,0.05310220643877983,-0.04303110018372536,0.03387554734945297,-0.030671102926135063,-0.031128879636526108,0.0714133158326149,0.041657764464616776,0.08880886435508728,-0.01831110566854477,-0.005231224000453949,-0.010074332356452942,0.005793634802103043,0.0017489045858383179,0.0026567503809928894,-0.0017078518867492676,0.0005018115043640137,-0.0022267019376158714,0.0,0.0,0.0,-0.0033286213874816895,0.0,0.0,0.0,0.0,0.0,0.0,0.0,0.0,0.0,0.0,0.0,0.0
20260709_111233_260179,2026-07-09T11:12:59.672,26.412569,pose,965,stand,0.0,0.0,0.0,0.0,0.0,0.0,0.0,0.0,0.08,xsens:live,0.008901070803403854,-0.009145594201982021,-0.9999185800552368,0.5240320043630075,0.5100218458031499,0.01006995141506195,0.0402798056602478,3.410081624984741,8.706623077392578,12,can0:12,3.6658833026885986,8.679464340209961,,"BL_hip_joint,BR_hip_joint,FL_hip_joint,FR_hip_joint,BL_thigh_joint,BR_thigh_joint,FL_thigh_joint,FR_thigh_joint,BL_calf_joint,BR_calf_joint,FL_calf_joint,FR_calf_joint",330e02f2406e129bb6ed6ec4a6c6bcd5f80d7e7799a2ab087e81eda65d2fae69,"step=000965 mode=stand  vx= 0.000 vy= 0.000 vxy= 0.000 yaw= 0.000 speed=0.08 imu=xsens:live tilt_rp=[+0.5,+0.5]deg imu_corr=0.010 act_max= 0.040 tau_cmd= 3.410 tau_cmd_max= 8.707 cmds=12 bus=can0:12 tau_fb= 3.666 tau_fb_max= 8.679",0.0,0.0,0.0,0.0,0.0,0.0,0.008901070803403854,-0.009145594201982021,-0.9999185800552368,0.0,0.0,0.0,0.0,0.0,0.0,0.0,0.0,0.0,0.0,0.0,0.0,0.0,0.0,0.0,0.0,0.0,0.0,0.0,0.0,0.0,0.0,0.0,0.0,0.0,0.0,0.0,0.0,0.0,0.0,0.0,0.0,0.0,0.0,0.0,0.0,0.0,0.0,0.0,0.25273844599723816,-0.909195601940155,-0.1549016684293747,0.9142850637435913,0.2647132873535156,-0.25970137119293213,0.41601136326789856,-0.0623575858771801,-1.141160488128662,0.7091105580329895,-0.7642135620117188,1.0143338441848755,-0.020837604999542236,-0.0402798056602478,0.023158222436904907,0.006957948207855225,0.010609060525894165,-0.006819963455200195,0.001984149217605591,-0.008870646357536316,-6.139278411865234e-05,0.008444726467132568,-0.013956904411315918,-0.013291001319885254,-0.008820658549666405,-0.007286631036549807,0.006519617512822151,0.00306805525906384,0.00076701381476596,0.00843715202063322,-0.00076701381476596,0.011505207046866417,0.004985589534044266,-0.01035468652844429,0.00843715202063322,-0.01418975554406643,-0.037537768483161926,-0.01831110566854477,-0.03021332435309887,-0.028839992359280586,0.030671102926135063,-0.02929776906967163,0.009613330475986004,0.051271095871925354,-0.037537768483161926,-0.005493331700563431,-0.04852443188428879,0.03891110047698021,-0.005209401249885559,-0.01006995141506195,0.005789555609226227,0.0017394870519638062,0.0026522651314735413,-0.0017049908638000488,0.0004960373044013977,-0.002217661589384079,0.0,0.0,0.0,-0.0033227503299713135,0.0,0.0,0.0,0.0,0.0,0.0,0.0,0.0,0.0,0.0,0.0,0.0
20260709_111233_260179,2026-07-09T11:12:59.809,26.549279,pose,970,stand,0.0,0.0,0.0,0.0,0.0,0.0,0.0,0.0,0.08,xsens:live,0.008874170482158661,-0.009225636720657349,-0.9999181032180786,0.5286183413472607,0.5084808096622868,0.010126978158950806,0.04050791263580322,4.179755687713623,8.52387809753418,12,can0:12,3.5712764263153076,8.071535110473633,,"BL_hip_joint,BR_hip_joint,FL_hip_joint,FR_hip_joint,BL_thigh_joint,BR_thigh_joint,FL_thigh_joint,FR_thigh_joint,BL_calf_joint,BR_calf_joint,FL_calf_joint,FR_calf_joint",330e02f2406e129bb6ed6ec4a6c6bcd5f80d7e7799a2ab087e81eda65d2fae69,"step=000970 mode=stand  vx= 0.000 vy= 0.000 vxy= 0.000 yaw= 0.000 speed=0.08 imu=xsens:live tilt_rp=[+0.5,+0.5]deg imu_corr=0.010 act_max= 0.041 tau_cmd= 4.180 tau_cmd_max= 8.524 cmds=12 bus=can0:12 tau_fb= 3.571 tau_fb_max= 8.072",0.0,0.0,0.0,0.0,0.0,0.0,0.008874170482158661,-0.009225636720657349,-0.9999181032180786,0.0,0.0,0.0,0.0,0.0,0.0,0.0,0.0,0.0,0.0,0.0,0.0,0.0,0.0,0.0,0.0,0.0,0.0,0.0,0.0,0.0,0.0,0.0,0.0,0.0,0.0,0.0,0.0,0.0,0.0,0.0,0.0,0.0,0.0,0.0,0.0,0.0,0.0,0.0,0.2524600923061371,-0.9094237089157104,-0.15475545823574066,0.9143975973129272,0.26480138301849365,-0.259754478931427,0.41606560349464417,-0.06247355788946152,-1.1411393880844116,0.7092453241348267,-0.7643580436706543,1.0142240524291992,-0.02111595869064331,-0.04050791263580322,0.02330443263053894,0.007070481777191162,0.010697156190872192,-0.006873071193695068,0.0020383894443511963,-0.008986618369817734,-4.029273986816406e-05,0.008579492568969727,-0.014101386070251465,-0.013400793075561523,-0.00843715202063322,-0.007286631036549807,0.006519617512822151,0.00306805525906384,0.00076701381476596,0.008053644560277462,-0.00076701381476596,0.011505207046866417,0.004985589534044266,-0.01035468652844429,0.008053644560277462,-0.01418975554406643,0.053559985011816025,0.04943998530507088,0.030671102926135063,-0.06820886582136154,-0.04257332161068916,-0.021973326802253723,-0.018768884241580963,-0.003662221133708954,0.059053316712379456,-0.021057771518826485,-0.006408886983990669,0.007324442267417908,-0.005278989672660828,-0.010126978158950806,0.005826108157634735,0.0017676204442977905,0.002674289047718048,-0.001718267798423767,0.0005095973610877991,-0.0022466545924544334,0.0,0.0,0.0,-0.003350198268890381,0.0,0.0,0.0,0.0,0.0,0.0,0.0,0.0,0.0,0.0,0.0,0.0
20260709_111233_260179,2026-07-09T11:12:59.947,26.687540,pose,975,stand,0.0,0.0,0.0,0.0,0.0,0.0,0.0,0.0,0.08,xsens:live,0.008862564340233803,-0.009180480614304543,-0.9999186396598816,0.526030812103233,0.5078155521358876,0.010087162256240845,0.04034864902496338,3.198974847793579,7.917224407196045,12,can0:12,3.91796612739563,8.617206573486328,,"BL_hip_joint,BR_hip_joint,FL_hip_joint,FR_hip_joint,BL_thigh_joint,BR_thigh_joint,FL_thigh_joint,FR_thigh_joint,BL_calf_joint,BR_calf_joint,FL_calf_joint,FR_calf_joint",330e02f2406e129bb6ed6ec4a6c6bcd5f80d7e7799a2ab087e81eda65d2fae69,"step=000975 mode=stand  vx= 0.000 vy= 0.000 vxy= 0.000 yaw= 0.000 speed=0.08 imu=xsens:live tilt_rp=[+0.5,+0.5]deg imu_corr=0.010 act_max= 0.040 tau_cmd= 3.199 tau_cmd_max= 7.917 cmds=12 bus=can0:12 tau_fb= 3.918 tau_fb_max= 8.617",0.0,0.0,0.0,0.0,0.0,0.0,0.008862564340233803,-0.009180480614304543,-0.9999186396598816,0.0,0.0,0.0,0.0,0.0,0.0,0.0,0.0,0.0,0.0,0.0,0.0,0.0,0.0,0.0,0.0,0.0,0.0,0.0,0.0,0.0,0.0,0.0,0.0,0.0,0.0,0.0,0.0,0.0,0.0,0.0,0.0,0.0,0.0,0.0,0.0,0.0,0.0,0.0,0.2525910437107086,-0.9092644453048706,-0.15485261380672455,0.9143467545509338,0.26475048065185547,-0.2597244083881378,0.4160460829734802,-0.06241868436336517,-1.1411454677581787,0.709185779094696,-0.7642840147018433,1.0142861604690552,-0.020985007286071777,-0.04034864902496338,0.023207277059555054,0.007019639015197754,0.010646253824234009,-0.006843000650405884,0.002018868923187256,-0.00893174484372139,-4.6372413635253906e-05,0.008519947528839111,-0.01402735710144043,-0.013338685035705566,-0.00843715202063322,-0.007286631036549807,0.006519617512822151,0.00306805525906384,0.00076701381476596,0.008053644560277462,-0.00038350690738298,0.011888713575899601,0.004985589534044266,-0.01035468652844429,0.008053644560277462,-0.01418975554406643,0.0709555372595787,-0.038453321903944016,0.0119022186845541,0.01235999632626772,0.0027466658502817154,-0.03021332435309887,-0.015106662176549435,0.0238044373691082,0.02059999480843544,0.06820886582136154,-0.041657764464616776,0.025177771225571632,-0.005246251821517944,-0.010087162256240845,0.005801819264888763,0.0017549097537994385,0.002661563456058502,-0.001710750162601471,0.000504717230796814,-0.0022329362109303474,0.0,0.0,0.0,-0.0033346712589263916,0.0,0.0,0.0,0.0,0.0,0.0,0.0,0.0,0.0,0.0,0.0,0.0
20260709_111233_260179,2026-07-09T11:13:00.084,26.824248,pose,980,stand,0.0,0.0,0.0,0.0,0.0,0.0,0.0,0.0,0.08,xsens:live,0.008858012966811657,-0.009183586575090885,-0.9999186396598816,0.5262087700215333,0.5075547769048004,0.010088413953781128,0.04035365581512451,3.8693597316741943,8.985305786132812,12,can0:12,3.463545560836792,7.39402437210083,,"BL_hip_joint,BR_hip_joint,FL_hip_joint,FR_hip_joint,BL_thigh_joint,BR_thigh_joint,FL_thigh_joint,FR_thigh_joint,BL_calf_joint,BR_calf_joint,FL_calf_joint,FR_calf_joint",330e02f2406e129bb6ed6ec4a6c6bcd5f80d7e7799a2ab087e81eda65d2fae69,"step=000980 mode=stand  vx= 0.000 vy= 0.000 vxy= 0.000 yaw= 0.000 speed=0.08 imu=xsens:live tilt_rp=[+0.5,+0.5]deg imu_corr=0.010 act_max= 0.040 tau_cmd= 3.869 tau_cmd_max= 8.985 cmds=12 bus=can0:12 tau_fb= 3.464 tau_fb_max= 7.394",0.0,0.0,0.0,0.0,0.0,0.0,0.008858012966811657,-0.009183586575090885,-0.9999186396598816,0.0,0.0,0.0,0.0,0.0,0.0,0.0,0.0,0.0,0.0,0.0,0.0,0.0,0.0,0.0,0.0,0.0,0.0,0.0,0.0,0.0,0.0,0.0,0.0,0.0,0.0,0.0,0.0,0.0,0.0,0.0,0.0,0.0,0.0,0.0,0.0,0.0,0.0,0.0,0.2525770664215088,-0.9092694520950317,-0.15484875440597534,0.9143527150154114,0.26475369930267334,-0.2597264051437378,0.41604921221733093,-0.06242433935403824,-1.1411434412002563,0.7091934084892273,-0.7642905712127686,1.0142821073532104,-0.020998984575271606,-0.04035365581512451,0.02321113646030426,0.007025599479675293,0.01064947247505188,-0.006844997406005859,0.002021998167037964,-0.008937399834394455,-4.4345855712890625e-05,0.008527576923370361,-0.014033913612365723,-0.013342738151550293,-0.008820658549666405,-0.007286631036549807,0.006519617512822151,0.00306805525906384,0.00076701381476596,0.00843715202063322,-0.00076701381476596,0.011505207046866417,0.004985589534044266,-0.01035468652844429,0.008053644560277462,-0.01418975554406643,0.0393688790500164,0.006408886983990669,0.022431105375289917,0.002288888208568096,-0.018768884241580963,0.03250221163034439,0.03891110047698021,-0.05172887444496155,0.009613330475986004,-0.03387554734945297,-0.016022218391299248,-0.0032044434919953346,-0.005249746143817902,-0.010088413953781128,0.005802784115076065,0.0017563998699188232,0.00266236811876297,-0.0017112493515014648,0.000505499541759491,-0.0022343499585986137,0.0,0.0,0.0,-0.0033356845378875732,0.0,0.0,0.0,0.0,0.0,0.0,0.0,0.0,0.0,0.0,0.0,0.0
20260709_111233_260179,2026-07-09T11:13:00.213,26.953678,pose,985,stand,0.0,0.0,0.0,0.0,0.0,0.0,0.0,0.0,0.08,xsens:live,0.008817752823233604,-0.009247953072190285,-0.9999184012413025,0.5298968117948032,0.5052481535723484,0.010128989815711975,0.0405159592628479,3.7153942584991455,8.68813419342041,12,can0:12,3.746452569961548,7.474593162536621,,"BL_hip_joint,BR_hip_joint,FL_hip_joint,FR_hip_joint,BL_thigh_joint,BR_thigh_joint,FL_thigh_joint,FR_thigh_joint,BL_calf_joint,BR_calf_joint,FL_calf_joint,FR_calf_joint",330e02f2406e129bb6ed6ec4a6c6bcd5f80d7e7799a2ab087e81eda65d2fae69,"step=000985 mode=stand  vx= 0.000 vy= 0.000 vxy= 0.000 yaw= 0.000 speed=0.08 imu=xsens:live tilt_rp=[+0.5,+0.5]deg imu_corr=0.010 act_max= 0.041 tau_cmd= 3.715 tau_cmd_max= 8.688 cmds=12 bus=can0:12 tau_fb= 3.746 tau_fb_max= 7.475",0.0,0.0,0.0,0.0,0.0,0.0,0.008817752823233604,-0.009247953072190285,-0.9999184012413025,0.0,0.0,0.0,0.0,0.0,0.0,0.0,0.0,0.0,0.0,0.0,0.0,0.0,0.0,0.0,0.0,0.0,0.0,0.0,0.0,0.0,0.0,0.0,0.0,0.0,0.0,0.0,0.0,0.0,0.0,0.0,0.0,0.0,0.0,0.0,0.0,0.0,0.0,0.0,0.25233492255210876,-0.9094317555427551,-0.15474122762680054,0.9144522547721863,0.26482343673706055,-0.2597687542438507,0.41610005497932434,-0.06252478063106537,-1.1411230564117432,0.7093132734298706,-0.7644120454788208,1.0141942501068115,-0.02124112844467163,-0.0405159592628479,0.023318663239479065,0.007125139236450195,0.010719209909439087,-0.006887346506118774,0.002072840929031372,-0.009037841111421585,-2.396106719970703e-05,0.008647441864013672,-0.014155387878417969,-0.013430595397949219,-0.008820658549666405,-0.007286631036549807,0.006519617512822151,0.00306805525906384,0.00076701381476596,0.00843715202063322,-0.00076701381476596,0.011505207046866417,0.004985589534044266,-0.01035468652844429,0.00843715202063322,-0.01418975554406643,0.08331552892923355,-0.024262215942144394,0.028839992359280586,0.04440443217754364,-0.04211554303765297,0.10025330632925034,-0.017853328958153725,-0.06775109469890594,0.013275551609694958,0.13870662450790405,0.0553910955786705,0.04119998961687088,-0.005310282111167908,-0.010128989815711975,0.005829665809869766,0.0017812848091125488,0.0026798024773597717,-0.0017218366265296936,0.000518210232257843,-0.0022594602778553963,0.0,0.0,0.0,-0.0033576488494873047,0.0,0.0,0.0,0.0,0.0,0.0,0.0,0.0,0.0,0.0,0.0,0.0
20260709_111233_260179,2026-07-09T11:13:00.348,27.088674,pose,990,stand,0.0,0.0,0.0,0.0,0.0,0.0,0.0,0.0,0.08,xsens:live,0.00875430554151535,-0.00922397617250681,-0.9999191761016846,0.528522632194159,0.501612487429537,0.010091543197631836,0.040366172790527344,3.306325912475586,7.668725967407227,12,can0:12,3.7403488159179688,8.313241958618164,,"BL_hip_joint,BR_hip_joint,FL_hip_joint,FR_hip_joint,BL_thigh_joint,BR_thigh_joint,FL_thigh_joint,FR_thigh_joint,BL_calf_joint,BR_calf_joint,FL_calf_joint,FR_calf_joint",330e02f2406e129bb6ed6ec4a6c6bcd5f80d7e7799a2ab087e81eda65d2fae69,"step=000990 mode=stand  vx= 0.000 vy= 0.000 vxy= 0.000 yaw= 0.000 speed=0.08 imu=xsens:live tilt_rp=[+0.5,+0.5]deg imu_corr=0.010 act_max= 0.040 tau_cmd= 3.306 tau_cmd_max= 7.669 cmds=12 bus=can0:12 tau_fb= 3.740 tau_fb_max= 8.313",0.0,0.0,0.0,0.0,0.0,0.0,0.00875430554151535,-0.00922397617250681,-0.9999191761016846,0.0,0.0,0.0,0.0,0.0,0.0,0.0,0.0,0.0,0.0,0.0,0.0,0.0,0.0,0.0,0.0,0.0,0.0,0.0,0.0,0.0,0.0,0.0,0.0,0.0,0.0,0.0,0.0,0.0,0.0,0.0,0.0,0.0,0.0,0.0,0.0,0.0,0.0,0.0,0.25234824419021606,-0.9092819690704346,-0.1548243910074234,0.9144522547721863,0.26479431986808777,-0.2597522437572479,0.41611188650131226,-0.06251819431781769,-1.1411123275756836,0.7093174457550049,-0.7643895149230957,1.0142277479171753,-0.02122780680656433,-0.040366172790527344,0.0232354998588562,0.007125139236450195,0.010690093040466309,-0.006870836019515991,0.002084672451019287,-0.009031254798173904,-1.3232231140136719e-05,0.00865161418914795,-0.014132857322692871,-0.01339709758758545,-0.008820658549666405,-0.007286631036549807,0.00613611051812768,0.00306805525906384,0.00076701381476596,0.00843715202063322,-0.00076701381476596,0.011505207046866417,0.004985589534044266,-0.01035468652844429,0.008053644560277462,-0.01418975554406643,0.03479110077023506,-0.0009155552834272385,-0.07599108666181564,-0.0196844395250082,-0.015564439818263054,0.003662221133708954,0.0553910955786705,-0.004577776417136192,-0.0718710869550705,0.013275551609694958,-0.09613330662250519,0.012817773967981339,-0.005306951701641083,-0.010091543197631836,0.00580887496471405,0.0017812848091125488,0.002672523260116577,-0.0017177090048789978,0.0005211681127548218,-0.002257813699543476,0.0,0.0,0.0,-0.0033492743968963623,0.0,0.0,0.0,0.0,0.0,0.0,0.0,0.0,0.0,0.0,0.0,0.0
20260709_111233_260179,2026-07-09T11:13:00.484,27.223815,pose,995,stand,0.0,0.0,0.0,0.0,0.0,0.0,0.0,0.0,0.08,xsens:live,0.008695028722286224,-0.00920054130256176,-0.9999198913574219,0.5271795414117516,0.4982158035474852,0.010055795311927795,0.04022318124771118,4.505990505218506,8.865557670593262,12,can0:12,3.7028110027313232,8.214362144470215,,"BL_hip_joint,BR_hip_joint,FL_hip_joint,FR_hip_joint,BL_thigh_joint,BR_thigh_joint,FL_thigh_joint,FR_thigh_joint,BL_calf_joint,BR_calf_joint,FL_calf_joint,FR_calf_joint",330e02f2406e129bb6ed6ec4a6c6bcd5f80d7e7799a2ab087e81eda65d2fae69,"step=000995 mode=stand  vx= 0.000 vy= 0.000 vxy= 0.000 yaw= 0.000 speed=0.08 imu=xsens:live tilt_rp=[+0.5,+0.5]deg imu_corr=0.010 act_max= 0.040 tau_cmd= 4.506 tau_cmd_max= 8.866 cmds=12 bus=can0:12 tau_fb= 3.703 tau_fb_max= 8.214",0.0,0.0,0.0,0.0,0.0,0.0,0.008695028722286224,-0.00920054130256176,-0.9999198913574219,0.0,0.0,0.0,0.0,0.0,0.0,0.0,0.0,0.0,0.0,0.0,0.0,0.0,0.0,0.0,0.0,0.0,0.0,0.0,0.0,0.0,0.0,0.0,0.0,0.0,0.0,0.0,0.0,0.0,0.0,0.0,0.0,0.0,0.0,0.0,0.0,0.0,0.0,0.0,0.2523643374443054,-0.9091389775276184,-0.15490394830703735,0.9144510626792908,0.2647656798362732,-0.25973621010780334,0.4161224961280823,-0.0625101774930954,-1.1411033868789673,0.7093194127082825,-0.764366626739502,1.0142611265182495,-0.021211713552474976,-0.04022318124771118,0.02315594255924225,0.0071239471435546875,0.010661453008651733,-0.006854802370071411,0.0020952820777893066,-0.009023237973451614,-4.291534423828125e-06,0.008653581142425537,-0.014109969139099121,-0.01336371898651123,-0.008820658549666405,-0.007286631036549807,0.006519617512822151,0.00306805525906384,0.00076701381476596,0.00843715202063322,-0.00076701381476596,0.011505207046866417,0.004985589534044266,-0.01035468652844429,0.00843715202063322,-0.01418975554406643,-0.04119998961687088,0.028839992359280586,-0.032959990203380585,0.04577776417136192,-0.015106662176549435,0.04577776417136192,0.021973326802253723,-0.008239997550845146,-0.0393688790500164,-0.0238044373691082,0.07049775868654251,-0.019226660951972008,-0.005302928388118744,-0.010055795311927795,0.005788985639810562,0.0017809867858886719,0.0026653632521629333,-0.0017137005925178528,0.0005238205194473267,-0.0022558094933629036,0.0,0.0,0.0,-0.0033409297466278076,0.0,0.0,0.0,0.0,0.0,0.0,0.0,0.0,0.0,0.0,0.0,0.0
20260709_111233_260179,2026-07-09T11:13:00.620,27.360694,pose,1000,stand,0.0,0.0,0.0,0.0,0.0,0.0,0.0,0.0,0.08,xsens:live,0.008644524961709976,-0.009206464514136314,-0.9999202489852905,0.5275187262142823,0.49532195978349985,0.010046109557151794,0.04018443822860718,4.068899154663086,9.133622169494629,12,can0:12,3.620410680770874,8.968779563903809,,"BL_hip_joint,BR_hip_joint,FL_hip_joint,FR_hip_joint,BL_thigh_joint,BR_thigh_joint,FL_thigh_joint,FR_thigh_joint,BL_calf_joint,BR_calf_joint,FL_calf_joint,FR_calf_joint",330e02f2406e129bb6ed6ec4a6c6bcd5f80d7e7799a2ab087e81eda65d2fae69,"step=001000 mode=stand  vx= 0.000 vy= 0.000 vxy= 0.000 yaw= 0.000 speed=0.08 imu=xsens:live tilt_rp=[+0.5,+0.5]deg imu_corr=0.010 act_max= 0.040 tau_cmd= 4.069 tau_cmd_max= 9.134 cmds=12 bus=can0:12 tau_fb= 3.620 tau_fb_max= 8.969",0.0,0.0,0.0,0.0,0.0,0.0,0.008644524961709976,-0.009206464514136314,-0.9999202489852905,0.0,0.0,0.0,0.0,0.0,0.0,0.0,0.0,0.0,0.0,0.0,0.0,0.0,0.0,0.0,0.0,0.0,0.0,0.0,0.0,0.0,0.0,0.0,0.0,0.0,0.0,0.0,0.0,0.0,0.0,0.0,0.0,0.0,0.0,0.0,0.0,0.0,0.0,0.0,0.2522962689399719,-0.9091002345085144,-0.15491966903209686,0.9144827723503113,0.26476991176605225,-0.25973960757255554,0.4161457121372223,-0.06253780424594879,-1.1410906314849854,0.7093596458435059,-0.764391303062439,1.0142536163330078,-0.02127978205680847,-0.04018443822860718,0.02314022183418274,0.007155656814575195,0.010665684938430786,-0.006858199834823608,0.0021184980869293213,-0.009050864726305008,8.463859558105469e-06,0.008693814277648926,-0.014134645462036133,-0.01337122917175293,-0.008820658549666405,-0.007286631036549807,0.006519617512822151,0.00306805525906384,0.0011505207512527704,0.00843715202063322,-0.00038350690738298,0.011505207046866417,0.004985589534044266,-0.01035468652844429,0.008053644560277462,-0.01418975554406643,0.004119998775422573,0.02471999265253544,-0.044862210750579834,0.043946653604507446,0.06591998040676117,0.06088442727923393,0.0196844395250082,0.032959990203380585,-0.05310220643877983,-0.03799554333090782,-0.01144444104284048,0.05951109528541565,-0.005319945514202118,-0.010046109557151794,0.005785055458545685,0.0017889142036437988,0.0026664212346076965,-0.001714549958705902,0.0005296245217323303,-0.002262716181576252,2.115964889526367e-06,0.0,0.0,-0.0033428072929382324,0.0,0.0,0.0,0.0,0.0,0.0,0.0,0.0,0.0,0.0,0.0,0.0
20260709_111233_260179,2026-07-09T11:13:00.756,27.496700,pose,1005,stand,0.0,0.0,0.0,0.0,0.0,0.0,0.0,0.0,0.08,xsens:live,0.008689293637871742,-0.009238808415830135,-0.999919593334198,0.5293722325201237,0.49788735430703135,0.010085031390190125,0.0403401255607605,4.166929244995117,8.841611862182617,12,can0:12,3.620410919189453,7.895748615264893,,"BL_hip_joint,BR_hip_joint,FL_hip_joint,FR_hip_joint,BL_thigh_joint,BR_thigh_joint,FL_thigh_joint,FR_thigh_joint,BL_calf_joint,BR_calf_joint,FL_calf_joint,FR_calf_joint",330e02f2406e129bb6ed6ec4a6c6bcd5f80d7e7799a2ab087e81eda65d2fae69,"step=001005 mode=stand  vx= 0.000 vy= 0.000 vxy= 0.000 yaw= 0.000 speed=0.08 imu=xsens:live tilt_rp=[+0.5,+0.5]deg imu_corr=0.010 act_max= 0.040 tau_cmd= 4.167 tau_cmd_max= 8.842 cmds=12 bus=can0:12 tau_fb= 3.620 tau_fb_max= 7.896",0.0,0.0,0.0,0.0,0.0,0.0,0.008689293637871742,-0.009238808415830135,-0.999919593334198,0.0,0.0,0.0,0.0,0.0,0.0,0.0,0.0,0.0,0.0,0.0,0.0,0.0,0.0,0.0,0.0,0.0,0.0,0.0,0.0,0.0,0.0,0.0,0.0,0.0,0.0,0.0,0.0,0.0,0.0,0.0,0.0,0.0,0.0,0.0,0.0,0.0,0.0,0.0,0.2522381544113159,-0.9092559218406677,-0.15483005344867706,0.9145014882087708,0.26480796933174133,-0.2597617506980896,0.41614580154418945,-0.06256277859210968,-1.1410951614379883,0.7093794345855713,-0.7644332647323608,1.0142083168029785,-0.021337896585464478,-0.0403401255607605,0.02322983741760254,0.007174372673034668,0.010703742504119873,-0.006880342960357666,0.0021185874938964844,-0.009075839072465897,3.933906555175781e-06,0.008713603019714355,-0.014176607131958008,-0.013416528701782227,-0.008820658549666405,-0.007286631036549807,0.006519617512822151,0.00306805525906384,0.00076701381476596,0.00843715202063322,-0.00076701381476596,0.011888713575899601,0.004985589534044266,-0.01035468652844429,0.008053644560277462,-0.01418975554406643,-0.016479995101690292,0.016937773674726486,0.028382213786244392,-0.018768884241580963,0.09155552834272385,-0.0119022186845541,-0.00595110934227705,0.04898220673203468,0.0874355286359787,-0.017853328958153725,-0.08331552892923355,0.025177771225571632,-0.005334474146366119,-0.010085031390190125,0.005807459354400635,0.001793593168258667,0.0026759356260299683,-0.0017200857400894165,0.0005296468734741211,-0.002268959768116474,9.834766387939453e-07,0.0,0.0,-0.0033541321754455566,0.0,0.0,0.0,0.0,0.0,0.0,0.0,0.0,0.0,0.0,0.0,0.0
20260709_111233_260179,2026-07-09T11:13:00.892,27.632724,pose,1010,stand,0.0,0.0,0.0,0.0,0.0,0.0,0.0,0.0,0.08,xsens:live,0.008719624020159245,-0.00920596532523632,-0.9999196529388428,0.5274904393565412,0.49962513547335197,0.010067060589790344,0.04026824235916138,4.557380199432373,11.107022285461426,12,can0:12,3.4363842010498047,7.4233222007751465,,"BL_hip_joint,BR_hip_joint,FL_hip_joint,FR_hip_joint,BL_thigh_joint,BR_thigh_joint,FL_thigh_joint,FR_thigh_joint,BL_calf_joint,BR_calf_joint,FL_calf_joint,FR_calf_joint",330e02f2406e129bb6ed6ec4a6c6bcd5f80d7e7799a2ab087e81eda65d2fae69,"step=001010 mode=stand  vx= 0.000 vy= 0.000 vxy= 0.000 yaw= 0.000 speed=0.08 imu=xsens:live tilt_rp=[+0.5,+0.5]deg imu_corr=0.010 act_max= 0.040 tau_cmd= 4.557 tau_cmd_max= 11.107 cmds=12 bus=can0:12 tau_fb= 3.436 tau_fb_max= 7.423",0.0,0.0,0.0,0.0,0.0,0.0,0.008719624020159245,-0.00920596532523632,-0.9999196529388428,0.0,0.0,0.0,0.0,0.0,0.0,0.0,0.0,0.0,0.0,0.0,0.0,0.0,0.0,0.0,0.0,0.0,0.0,0.0,0.0,0.0,0.0,0.0,0.0,0.0,0.0,0.0,0.0,0.0,0.0,0.0,0.0,0.0,0.0,0.0,0.0,0.0,0.0,0.0,0.25237125158309937,-0.9091840386390686,-0.15487967431545258,0.9144467115402222,0.2647726535797119,-0.25973987579345703,0.416115939617157,-0.0625080093741417,-1.1411079168319702,0.709312379360199,-0.7643687725067139,1.0142532587051392,-0.02120479941368103,-0.04026824235916138,0.023180216550827026,0.007119596004486084,0.010668426752090454,-0.006858468055725098,0.0020887255668640137,-0.00902106985449791,-8.821487426757812e-06,0.008646547794342041,-0.014112114906311035,-0.013371586799621582,-0.008820658549666405,-0.007286631036549807,0.006519617512822151,0.00306805525906384,0.00076701381476596,0.00843715202063322,-0.00076701381476596,0.011505207046866417,0.004985589534044266,-0.01035468652844429,0.008053644560277462,-0.01418975554406643,-0.04623554274439812,0.02288888208568096,-0.04257332161068916,0.017853328958153725,0.0714133158326149,0.1675466150045395,-0.016937773674726486,-0.0027466658502817154,-0.017853328958153725,0.027466658502817154,-0.010071108117699623,-0.0119022186845541,-0.005301199853420258,-0.010067060589790344,0.005795054137706757,0.001779899001121521,0.0026671066880226135,-0.0017146170139312744,0.0005221813917160034,-0.0022552674636244774,0.0,0.0,0.0,-0.0033428966999053955,0.0,0.0,0.0,0.0,0.0,0.0,0.0,0.0,0.0,0.0,0.0,0.0
20260709_111233_260179,2026-07-09T11:13:01.028,27.768354,pose,1015,stand,0.0,0.0,0.0,0.0,0.0,0.0,0.0,0.0,0.08,xsens:live,0.008724483661353588,-0.009171619080007076,-0.9999198913574219,0.5255224272214187,0.49990345440195494,0.01004074513912201,0.04016298055648804,3.7572567462921143,8.63923454284668,12,can0:12,3.757744073867798,8.459731101989746,,"BL_hip_joint,BR_hip_joint,FL_hip_joint,FR_hip_joint,BL_thigh_joint,BR_thigh_joint,FL_thigh_joint,FR_thigh_joint,BL_calf_joint,BR_calf_joint,FL_calf_joint,FR_calf_joint",330e02f2406e129bb6ed6ec4a6c6bcd5f80d7e7799a2ab087e81eda65d2fae69,"step=001015 mode=stand  vx= 0.000 vy= 0.000 vxy= 0.000 yaw= 0.000 speed=0.08 imu=xsens:live tilt_rp=[+0.5,+0.5]deg imu_corr=0.010 act_max= 0.040 tau_cmd= 3.757 tau_cmd_max= 8.639 cmds=12 bus=can0:12 tau_fb= 3.758 tau_fb_max= 8.460",0.0,0.0,0.0,0.0,0.0,0.0,0.008724483661353588,-0.009171619080007076,-0.9999198913574219,0.0,0.0,0.0,0.0,0.0,0.0,0.0,0.0,0.0,0.0,0.0,0.0,0.0,0.0,0.0,0.0,0.0,0.0,0.0,0.0,0.0,0.0,0.0,0.0,0.0,0.0,0.0,0.0,0.0,0.0,0.0,0.0,0.0,0.0,0.0,0.0,0.0,0.0,0.0,0.25248461961746216,-0.9090787768363953,-0.1549462080001831,0.9144013524055481,0.2647346258163452,-0.2597172260284424,0.4160952568054199,-0.062460679560899734,-1.141115427017212,0.7092583775520325,-0.7643086910247803,1.0143004655838013,-0.021091431379318237,-0.04016298055648804,0.023113682866096497,0.007074236869812012,0.010630398988723755,-0.006835818290710449,0.002068042755126953,-0.008973740041255951,-1.633167266845703e-05,0.008592545986175537,-0.014052033424377441,-0.013324379920959473,-0.008820658549666405,-0.007286631036549807,0.006519617512822151,0.00306805525906384,0.00076701381476596,0.00843715202063322,-0.00076701381476596,0.011505207046866417,0.004985589534044266,-0.01035468652844429,0.00843715202063322,-0.01418975554406643,0.05493331700563431,-0.0238044373691082,-0.04348887503147125,0.007782219909131527,-0.03341776877641678,0.06500442326068878,-0.016937773674726486,0.010528885759413242,-0.11261329799890518,-0.024262215942144394,0.006408886983990669,0.021973326802253723,-0.005272857844829559,-0.01004074513912201,0.005778420716524124,0.001768559217453003,0.0026575997471809387,-0.0017089545726776123,0.0005170106887817383,-0.0022434350103139877,0.0,0.0,0.0,-0.003331094980239868,0.0,0.0,0.0,0.0,0.0,0.0,0.0,0.0,0.0,0.0,0.0,0.0
20260709_111233_260179,2026-07-09T11:13:01.158,27.898352,pose,1020,stand,0.0,0.0,0.0,0.0,0.0,0.0,0.0,0.0,0.08,xsens:live,0.008714435622096062,-0.009218045510351658,-0.999919593334198,0.5281826113332315,0.49932789063060773,0.010075241327285767,0.040300965309143066,3.681361198425293,7.057195663452148,12,can0:12,3.6725971698760986,7.536850929260254,,"BL_hip_joint,BR_hip_joint,FL_hip_joint,FR_hip_joint,BL_thigh_joint,BR_thigh_joint,FL_thigh_joint,FR_thigh_joint,BL_calf_joint,BR_calf_joint,FL_calf_joint,FR_calf_joint",330e02f2406e129bb6ed6ec4a6c6bcd5f80d7e7799a2ab087e81eda65d2fae69,"step=001020 mode=stand  vx= 0.000 vy= 0.000 vxy= 0.000 yaw= 0.000 speed=0.08 imu=xsens:live tilt_rp=[+0.5,+0.5]deg imu_corr=0.010 act_max= 0.040 tau_cmd= 3.681 tau_cmd_max= 7.057 cmds=12 bus=can0:12 tau_fb= 3.673 tau_fb_max= 7.537",0.0,0.0,0.0,0.0,0.0,0.0,0.008714435622096062,-0.009218045510351658,-0.999919593334198,0.0,0.0,0.0,0.0,0.0,0.0,0.0,0.0,0.0,0.0,0.0,0.0,0.0,0.0,0.0,0.0,0.0,0.0,0.0,0.0,0.0,0.0,0.0,0.0,0.0,0.0,0.0,0.0,0.0,0.0,0.0,0.0,0.0,0.0,0.0,0.0,0.0,0.0,0.0,0.25232797861099243,-0.9092167615890503,-0.1548580527305603,0.9144638180732727,0.26478585600852966,-0.25974810123443604,0.416124552488327,-0.062525674700737,-1.141104817390442,0.7093334197998047,-0.7643908262252808,1.0142366886138916,-0.021248072385787964,-0.040300965309143066,0.0232018381357193,0.007136702537536621,0.010681629180908203,-0.0068666934967041016,0.0020973384380340576,-0.009038735181093216,-5.7220458984375e-06,0.008667588233947754,-0.01413416862487793,-0.01338815689086914,-0.008820658549666405,-0.007286631036549807,0.006519617512822151,0.00306805525906384,0.00076701381476596,0.00843715202063322,-0.00076701381476596,0.011505207046866417,0.004985589534044266,-0.01035468652844429,0.00843715202063322,-0.01418975554406643,0.08606220036745071,0.01831110566854477,0.04257332161068916,0.017853328958153725,0.08377330750226974,0.015106662176549435,0.04303110018372536,-0.02288888208568096,-0.027924437075853348,0.0196844395250082,0.00045777764171361923,0.04531998559832573,-0.005312018096446991,-0.010075241327285767,0.005800459533929825,0.0017841756343841553,0.0026704072952270508,-0.0017166733741760254,0.0005243346095085144,-0.002259683795273304,0.0,0.0,0.0,-0.003347039222717285,0.0,0.0,0.0,0.0,0.0,0.0,0.0,0.0,0.0,0.0,0.0,0.0
20260709_111233_260179,2026-07-09T11:13:01.294,28.034501,pose,1025,stand,0.0,0.0,0.0,0.0,0.0,0.0,0.0,0.0,0.08,xsens:live,0.008693831041455269,-0.009198935702443123,-0.9999199509620667,0.5270875163007971,0.4981471514884505,0.010054051876068115,0.04021620750427246,3.834704637527466,8.935867309570312,12,can0:12,3.7116613388061523,7.947020053863525,,"BL_hip_joint,BR_hip_joint,FL_hip_joint,FR_hip_joint,BL_thigh_joint,BR_thigh_joint,FL_thigh_joint,FR_thigh_joint,BL_calf_joint,BR_calf_joint,FL_calf_joint,FR_calf_joint",330e02f2406e129bb6ed6ec4a6c6bcd5f80d7e7799a2ab087e81eda65d2fae69,"step=001025 mode=stand  vx= 0.000 vy= 0.000 vxy= 0.000 yaw= 0.000 speed=0.08 imu=xsens:live tilt_rp=[+0.5,+0.5]deg imu_corr=0.010 act_max= 0.040 tau_cmd= 3.835 tau_cmd_max= 8.936 cmds=12 bus=can0:12 tau_fb= 3.712 tau_fb_max= 7.947",0.0,0.0,0.0,0.0,0.0,0.0,0.008693831041455269,-0.009198935702443123,-0.9999199509620667,0.0,0.0,0.0,0.0,0.0,0.0,0.0,0.0,0.0,0.0,0.0,0.0,0.0,0.0,0.0,0.0,0.0,0.0,0.0,0.0,0.0,0.0,0.0,0.0,0.0,0.0,0.0,0.0,0.0,0.0,0.0,0.0,0.0,0.0,0.0,0.0,0.0,0.0,0.0,0.25236815214157104,-0.9091320037841797,-0.15490780770778656,0.9144498705863953,0.2647637724876404,-0.25973495841026306,0.4161219596862793,-0.06250889599323273,-1.1411035060882568,0.7093178629875183,-0.76436448097229,1.014263391494751,-0.02120789885520935,-0.04021620750427246,0.023152083158493042,0.00712275505065918,0.010659545660018921,-0.006853550672531128,0.002094745635986328,-0.009021956473588943,-4.410743713378906e-06,0.008652031421661377,-0.014107823371887207,-0.013361454010009766,-0.008820658549666405,-0.007286631036549807,0.006519617512822151,0.00306805525906384,0.00076701381476596,0.00843715202063322,-0.00076701381476596,0.011505207046866417,0.004985589534044266,-0.01035468652844429,0.00843715202063322,-0.01418975554406643,-0.026551103219389915,-0.037537768483161926,0.010528885759413242,-0.04119998961687088,0.03479110077023506,0.02609332650899887,0.03021332435309887,0.00595110934227705,0.026551103219389915,-0.03250221163034439,-0.02151555009186268,0.025635547935962677,-0.005301974713802338,-0.010054051876068115,0.0057880207896232605,0.001780688762664795,0.0026648864150047302,-0.001713387668132782,0.000523686408996582,-0.002255489118397236,0.0,0.0,0.0,-0.0033403635025024414,0.0,0.0,0.0,0.0,0.0,0.0,0.0,0.0,0.0,0.0,0.0,0.0
20260709_111233_260179,2026-07-09T11:13:01.430,28.169813,pose,1030,stand,0.0,0.0,0.0,0.0,0.0,0.0,0.0,0.0,0.08,xsens:live,0.008658846840262413,-0.009254533797502518,-0.9999197721481323,0.5302731311026403,0.4961427835810378,0.010089114308357239,0.040356457233428955,3.9827377796173096,8.754591941833496,12,can0:12,3.6643574237823486,7.745597839355469,,"BL_hip_joint,BR_hip_joint,FL_hip_joint,FR_hip_joint,BL_thigh_joint,BR_thigh_joint,FL_thigh_joint,FR_thigh_joint,BL_calf_joint,BR_calf_joint,FL_calf_joint,FR_calf_joint",330e02f2406e129bb6ed6ec4a6c6bcd5f80d7e7799a2ab087e81eda65d2fae69,"step=001030 mode=stand  vx= 0.000 vy= 0.000 vxy= 0.000 yaw= 0.000 speed=0.08 imu=xsens:live tilt_rp=[+0.5,+0.5]deg imu_corr=0.010 act_max= 0.040 tau_cmd= 3.983 tau_cmd_max= 8.755 cmds=12 bus=can0:12 tau_fb= 3.664 tau_fb_max= 7.746",0.0,0.0,0.0,0.0,0.0,0.0,0.008658846840262413,-0.009254533797502518,-0.9999197721481323,0.0,0.0,0.0,0.0,0.0,0.0,0.0,0.0,0.0,0.0,0.0,0.0,0.0,0.0,0.0,0.0,0.0,0.0,0.0,0.0,0.0,0.0,0.0,0.0,0.0,0.0,0.0,0.0,0.0,0.0,0.0,0.0,0.0,0.0,0.0,0.0,0.0,0.0,0.0,0.2521587908267975,-0.9092722535133362,-0.15481503307819366,0.9145355224609375,0.26482442021369934,-0.2597717344760895,0.4161665439605713,-0.06259565055370331,-1.1410856246948242,0.7094218730926514,-0.7644690275192261,1.0141875743865967,-0.02141726016998291,-0.040356457233428955,0.023244857788085938,0.007208406925201416,0.01072019338607788,-0.006890326738357544,0.0021393299102783203,-0.009108711034059525,1.3470649719238281e-05,0.008756041526794434,-0.014212369918823242,-0.013437271118164062,-0.008820658549666405,-0.007286631036549807,0.006519617512822151,0.00306805525906384,0.00076701381476596,0.00843715202063322,-0.00076701381476596,0.011505207046866417,0.004985589534044266,-0.01035468652844429,0.008053644560277462,-0.01418975554406643,-0.0315866582095623,-0.016937773674726486,0.043946653604507446,-0.028382213786244392,0.09247108548879623,0.007782219909131527,-0.054475538432598114,-0.02609332650899887,-0.010528885759413242,-0.027466658502817154,-0.03662221133708954,0.024262215942144394,-0.0053543150424957275,-0.010089114308357239,0.005811214447021484,0.001802101731300354,0.00268004834651947,-0.001722581684589386,0.0005348324775695801,-0.002277177758514881,3.3676624298095703e-06,0.0,0.0,-0.0033593177795410156,0.0,0.0,0.0,0.0,0.0,0.0,0.0,0.0,0.0,0.0,0.0,0.0
20260709_111233_260179,2026-07-09T11:13:01.565,28.305492,pose,1035,stand,0.0,0.0,0.0,0.0,0.0,0.0,0.0,0.0,0.08,xsens:live,0.008698215708136559,-0.009306930005550385,-0.9999189376831055,0.5332756399501302,0.4983988805268648,0.01014263927936554,0.04057055711746216,3.3609211444854736,7.598142623901367,12,can0:12,3.7430953979492188,8.569597244262695,,"BL_hip_joint,BR_hip_joint,FL_hip_joint,FR_hip_joint,BL_thigh_joint,BR_thigh_joint,FL_thigh_joint,FR_thigh_joint,BL_calf_joint,BR_calf_joint,FL_calf_joint,FR_calf_joint",330e02f2406e129bb6ed6ec4a6c6bcd5f80d7e7799a2ab087e81eda65d2fae69,"step=001035 mode=stand  vx= 0.000 vy= 0.000 vxy= 0.000 yaw= 0.000 speed=0.08 imu=xsens:live tilt_rp=[+0.5,+0.5]deg imu_corr=0.010 act_max= 0.041 tau_cmd= 3.361 tau_cmd_max= 7.598 cmds=12 bus=can0:12 tau_fb= 3.743 tau_fb_max= 8.570",0.0,0.0,0.0,0.0,0.0,0.0,0.008698215708136559,-0.009306930005550385,-0.9999189376831055,0.0,0.0,0.0,0.0,0.0,0.0,0.0,0.0,0.0,0.0,0.0,0.0,0.0,0.0,0.0,0.0,0.0,0.0,0.0,0.0,0.0,0.0,0.0,0.0,0.0,0.0,0.0,0.0,0.0,0.0,0.0,0.0,0.0,0.0,0.0,0.0,0.0,0.0,0.0,0.25203198194503784,-0.9094863533973694,-0.15468861162662506,0.9145829081535339,0.26488447189331055,-0.2598065733909607,0.416179358959198,-0.06264939904212952,-1.1410850286483765,0.7094749212265015,-0.7645467519760132,1.0141149759292603,-0.021544069051742554,-0.04057055711746216,0.02337127923965454,0.0072557926177978516,0.010780245065689087,-0.00692516565322876,0.0021521449089050293,-0.009162459522485733,1.4066696166992188e-05,0.008809089660644531,-0.014290094375610352,-0.013509869575500488,-0.008820658549666405,-0.007286631036549807,0.006519617512822151,0.00306805525906384,0.0011505207512527704,0.00843715202063322,-0.00076701381476596,0.011505207046866417,0.004985589534044266,-0.01035468652844429,0.00843715202063322,-0.01418975554406643,-0.007782219909131527,-0.020142216235399246,-0.020142216235399246,-0.025635547935962677,0.03662221133708954,-0.037537768483161926,-0.025635547935962677,-0.019226660951972008,0.053559985011816025,0.07827997952699661,-0.02151555009186268,0.014191106893122196,-0.005386017262935638,-0.01014263927936554,0.005842819809913635,0.0018139481544494629,0.0026950612664222717,-0.00173129141330719,0.0005380362272262573,-0.0022906148806214333,3.516674041748047e-06,0.0,0.0,-0.003377467393875122,0.0,0.0,0.0,0.0,0.0,0.0,0.0,0.0,0.0,0.0,0.0,0.0
20260709_111233_260179,2026-07-09T11:13:01.703,28.443303,pose,1040,stand,0.0,0.0,0.0,0.0,0.0,0.0,0.0,0.0,0.08,xsens:live,0.008659166283905506,-0.009231333620846272,-0.9999198913574219,0.5289438027664182,0.49616102730075723,0.010070398449897766,0.040281593799591064,4.1138081550598145,10.073134422302246,12,can0:12,3.5892817974090576,7.818841934204102,,"BL_hip_joint,BR_hip_joint,FL_hip_joint,FR_hip_joint,BL_thigh_joint,BR_thigh_joint,FL_thigh_joint,FR_thigh_joint,BL_calf_joint,BR_calf_joint,FL_calf_joint,FR_calf_joint",330e02f2406e129bb6ed6ec4a6c6bcd5f80d7e7799a2ab087e81eda65d2fae69,"step=001040 mode=stand  vx= 0.000 vy= 0.000 vxy= 0.000 yaw= 0.000 speed=0.08 imu=xsens:live tilt_rp=[+0.5,+0.5]deg imu_corr=0.010 act_max= 0.040 tau_cmd= 4.114 tau_cmd_max= 10.073 cmds=12 bus=can0:12 tau_fb= 3.589 tau_fb_max= 7.819",0.0,0.0,0.0,0.0,0.0,0.0,0.008659166283905506,-0.009231333620846272,-0.9999198913574219,0.0,0.0,0.0,0.0,0.0,0.0,0.0,0.0,0.0,0.0,0.0,0.0,0.0,0.0,0.0,0.0,0.0,0.0,0.0,0.0,0.0,0.0,0.0,0.0,0.0,0.0,0.0,0.0,0.0,0.0,0.0,0.0,0.0,0.0,0.0,0.0,0.0,0.0,0.0,0.2522321939468384,-0.9091973900794983,-0.1548617035150528,0.9145066738128662,0.26479828357696533,-0.2597563564777374,0.4161539077758789,-0.06256496906280518,-1.1410895586013794,0.709386944770813,-0.7644295692443848,1.0142191648483276,-0.021343857049942017,-0.040281593799591064,0.023198187351226807,0.007179558277130127,0.010694056749343872,-0.006874948740005493,0.0021266937255859375,-0.009078029543161392,9.5367431640625e-06,0.008721113204956055,-0.014172911643981934,-0.013405680656433105,-0.008820658549666405,-0.007286631036549807,0.006519617512822151,0.00306805525906384,0.00076701381476596,0.00843715202063322,-0.00076701381476596,0.011505207046866417,0.004985589534044266,-0.01035468652844429,0.00843715202063322,-0.01418975554406643,0.04257332161068916,-0.062257759273052216,-0.04348887503147125,0.036164432764053345,-0.012817773967981339,0.03662221133708954,-0.04211554303765297,-0.02929776906967163,0.022431105375289917,0.008697775192558765,0.017853328958153725,-0.05401776358485222,-0.005335964262485504,-0.010070398449897766,0.005799546837806702,0.0017948895692825317,0.002673514187335968,-0.0017187371850013733,0.0005316734313964844,-0.002269507385790348,2.384185791015625e-06,0.0,0.0,-0.0033514201641082764,0.0,0.0,0.0,0.0,0.0,0.0,0.0,0.0,0.0,0.0,0.0,0.0
20260709_111233_260179,2026-07-09T11:13:01.840,28.579845,pose,1045,stand,0.0,0.0,0.0,0.0,0.0,0.0,0.0,0.0,0.08,xsens:live,0.00864661205559969,-0.009325025603175163,-0.9999191761016846,0.5343123079857675,0.49544207362021847,0.010142579674720764,0.04057031869888306,4.203351020812988,8.882037162780762,12,can0:12,3.8230533599853516,7.943357467651367,,"BL_hip_joint,BR_hip_joint,FL_hip_joint,FR_hip_joint,BL_thigh_joint,BR_thigh_joint,FL_thigh_joint,FR_thigh_joint,BL_calf_joint,BR_calf_joint,FL_calf_joint,FR_calf_joint",330e02f2406e129bb6ed6ec4a6c6bcd5f80d7e7799a2ab087e81eda65d2fae69,"step=001045 mode=stand  vx= 0.000 vy= 0.000 vxy= 0.000 yaw= 0.000 speed=0.08 imu=xsens:live tilt_rp=[+0.5,+0.5]deg imu_corr=0.010 act_max= 0.041 tau_cmd= 4.203 tau_cmd_max= 8.882 cmds=12 bus=can0:12 tau_fb= 3.823 tau_fb_max= 7.943",0.0,0.0,0.0,0.0,0.0,0.0,0.00864661205559969,-0.009325025603175163,-0.9999191761016846,0.0,0.0,0.0,0.0,0.0,0.0,0.0,0.0,0.0,0.0,0.0,0.0,0.0,0.0,0.0,0.0,0.0,0.0,0.0,0.0,0.0,0.0,0.0,0.0,0.0,0.0,0.0,0.0,0.0,0.0,0.0,0.0,0.0,0.0,0.0,0.0,0.0,0.0,0.0,0.2519250810146332,-0.9094861149787903,-0.15468010306358337,0.9146295189857483,0.26490238308906555,-0.2598183751106262,0.41620969772338867,-0.06269316375255585,-1.1410696506500244,0.7095335125923157,-0.7645925283432007,1.014090895652771,-0.021650969982147217,-0.04057031869888306,0.023379787802696228,0.007302403450012207,0.010798156261444092,-0.006936967372894287,0.002182483673095703,-0.009206224232912064,2.944469451904297e-05,0.00886768102645874,-0.014335870742797852,-0.013533949851989746,-0.008820658549666405,-0.007286631036549807,0.006519617512822151,0.00306805525906384,0.00076701381476596,0.00843715202063322,-0.00076701381476596,0.011888713575899601,0.004985589534044266,-0.01035468652844429,0.00843715202063322,-0.01418975554406643,-0.0,-0.0068666646257042885,0.01235999632626772,0.05401776358485222,0.010071108117699623,0.007782219909131527,0.04028443247079849,0.032044436782598495,-0.038453321903944016,0.006408886983990669,0.0709555372595787,-0.007782219909131527,-0.005412742495536804,-0.010142579674720764,0.005844946950674057,0.0018256008625030518,0.002699539065361023,-0.0017342418432235718,0.0005456209182739258,-0.002301556058228016,7.361173629760742e-06,0.0,0.0,-0.0033834874629974365,0.0,0.0,0.0,0.0,0.0,0.0,0.0,0.0,0.0,0.0,0.0,0.0
20260709_111233_260179,2026-07-09T11:13:01.977,28.716952,pose,1050,stand,0.0,0.0,0.0,0.0,0.0,0.0,0.0,0.0,0.08,xsens:live,0.0089205801486969,-0.00887031015008688,-0.9999209046363831,0.5082582043393404,0.5111384629804672,0.009852945804595947,0.03941178321838379,4.195734024047852,8.392041206359863,12,can0:12,3.935667037963867,9.049348831176758,,"BL_hip_joint,BR_hip_joint,FL_hip_joint,FR_hip_joint,BL_thigh_joint,BR_thigh_joint,FL_thigh_joint,FR_thigh_joint,BL_calf_joint,BR_calf_joint,FL_calf_joint,FR_calf_joint",330e02f2406e129bb6ed6ec4a6c6bcd5f80d7e7799a2ab087e81eda65d2fae69,"step=001050 mode=stand  vx= 0.000 vy= 0.000 vxy= 0.000 yaw= 0.000 speed=0.08 imu=xsens:live tilt_rp=[+0.5,+0.5]deg imu_corr=0.010 act_max= 0.039 tau_cmd= 4.196 tau_cmd_max= 8.392 cmds=12 bus=can0:12 tau_fb= 3.936 tau_fb_max= 9.049",0.0,0.0,0.0,0.0,0.0,0.0,0.0089205801486969,-0.00887031015008688,-0.9999209046363831,0.0,0.0,0.0,0.0,0.0,0.0,0.0,0.0,0.0,0.0,0.0,0.0,0.0,0.0,0.0,0.0,0.0,0.0,0.0,0.0,0.0,0.0,0.0,0.0,0.0,0.0,0.0,0.0,0.0,0.0,0.0,0.0,0.0,0.0,0.0,0.0,0.0,0.0,0.0,0.25362685322761536,-0.908327579498291,-0.15544500946998596,0.9139319062232971,0.26440727710723877,-0.2595190107822418,0.41585323214530945,-0.06198730319738388,-1.1412144899368286,0.7086918950080872,-0.7637395858764648,1.014711618423462,-0.01994919776916504,-0.03941178321838379,0.02261488139629364,0.006604790687561035,0.01030305027961731,-0.006637603044509888,0.0018260180950164795,-0.008500363677740097,-0.00011539459228515625,0.008026063442230225,-0.013482928276062012,-0.012913227081298828,-0.00843715202063322,-0.007286631036549807,0.006519617512822151,0.00306805525906384,0.00076701381476596,0.00843715202063322,-0.00076701381476596,0.011505207046866417,0.004985589534044266,-0.01035468652844429,0.00843715202063322,-0.01418975554406643,0.0013733329251408577,-0.01235999632626772,0.025177771225571632,-0.0068666646257042885,-0.051271095871925354,0.00595110934227705,0.040742211043834686,-0.053559985011816025,0.10757774859666824,-0.01739555038511753,0.010986663401126862,0.02059999480843544,-0.00498729944229126,-0.009852945804595947,0.00565372034907341,0.0016511976718902588,0.0025757625699043274,-0.001659400761127472,0.0004565045237541199,-0.0021250909194350243,0.0,0.0,0.0,-0.003228306770324707,0.0,0.0,0.0,0.0,0.0,0.0,0.0,0.0,0.0,0.0,0.0,0.0
20260709_111233_260179,2026-07-09T11:13:02.109,28.849099,pose,1055,stand,0.0,0.0,0.0,0.0,0.0,0.0,0.0,0.0,0.08,xsens:live,0.008903651498258114,-0.00891172420233488,-0.999920666217804,0.5106311765848502,0.5101686447209764,0.009881705045700073,0.03952682018280029,4.2729387283325195,8.8200044631958,12,can0:12,3.7427902221679688,8.554948806762695,,"BL_hip_joint,BR_hip_joint,FL_hip_joint,FR_hip_joint,BL_thigh_joint,BR_thigh_joint,FL_thigh_joint,FR_thigh_joint,BL_calf_joint,BR_calf_joint,FL_calf_joint,FR_calf_joint",330e02f2406e129bb6ed6ec4a6c6bcd5f80d7e7799a2ab087e81eda65d2fae69,"step=001055 mode=stand  vx= 0.000 vy= 0.000 vxy= 0.000 yaw= 0.000 speed=0.08 imu=xsens:live tilt_rp=[+0.5,+0.5]deg imu_corr=0.010 act_max= 0.040 tau_cmd= 4.273 tau_cmd_max= 8.820 cmds=12 bus=can0:12 tau_fb= 3.743 tau_fb_max= 8.555",0.0,0.0,0.0,0.0,0.0,0.0,0.008903651498258114,-0.00891172420233488,-0.999920666217804,0.0,0.0,0.0,0.0,0.0,0.0,0.0,0.0,0.0,0.0,0.0,0.0,0.0,0.0,0.0,0.0,0.0,0.0,0.0,0.0,0.0,0.0,0.0,0.0,0.0,0.0,0.0,0.0,0.0,0.0,0.0,0.0,0.0,0.0,0.0,0.0,0.0,0.0,0.0,0.2534793019294739,-0.9084426164627075,-0.15537099540233612,0.9139918088912964,0.26445272564888,-0.2595464885234833,0.4158824682235718,-0.06204875558614731,-1.1412030458450317,0.7087634801864624,-0.7638152837753296,1.0146549940109253,-0.02009674906730652,-0.03952682018280029,0.02268889546394348,0.006664693355560303,0.010348498821258545,-0.006665080785751343,0.0018552541732788086,-0.008561816066503525,-0.00010395050048828125,0.008097648620605469,-0.013558626174926758,-0.01296985149383545,-0.00843715202063322,-0.007286631036549807,0.00613611051812768,0.00306805525906384,0.00076701381476596,0.00843715202063322,-0.00076701381476596,0.011888713575899601,0.004985589534044266,-0.01035468652844429,0.00843715202063322,-0.01418975554406643,0.040742211043834686,0.02059999480843544,-0.050355542451143265,0.06408887356519699,-0.04028443247079849,-0.021973326802253723,0.038453321903944016,0.04257332161068916,0.04989776387810707,0.020142216235399246,-0.027466658502817154,-0.016937773674726486,-0.00502418726682663,-0.009881705045700073,0.00567222386598587,0.0016661733388900757,0.0025871247053146362,-0.0016662701964378357,0.00046381354331970215,-0.002140454016625881,0.0,0.0,0.0,-0.0032424628734588623,0.0,0.0,0.0,0.0,0.0,0.0,0.0,0.0,0.0,0.0,0.0,0.0
20260709_111233_260179,2026-07-09T11:13:02.243,28.983143,pose,1060,stand,0.0,0.0,0.0,0.0,0.0,0.0,0.0,0.0,0.08,xsens:live,0.00894998386502266,-0.008832329884171486,-0.9999210238456726,0.506082033449048,0.5128231094290675,0.009830564260482788,0.03932225704193115,3.896392822265625,9.199540138244629,12,can0:12,3.9460432529449463,8.972441673278809,,"BL_hip_joint,BR_hip_joint,FL_hip_joint,FR_hip_joint,BL_thigh_joint,BR_thigh_joint,FL_thigh_joint,FR_thigh_joint,BL_calf_joint,BR_calf_joint,FL_calf_joint,FR_calf_joint",330e02f2406e129bb6ed6ec4a6c6bcd5f80d7e7799a2ab087e81eda65d2fae69,"step=001060 mode=stand  vx= 0.000 vy= 0.000 vxy= 0.000 yaw= 0.000 speed=0.08 imu=xsens:live tilt_rp=[+0.5,+0.5]deg imu_corr=0.010 act_max= 0.039 tau_cmd= 3.896 tau_cmd_max= 9.200 cmds=12 bus=can0:12 tau_fb= 3.946 tau_fb_max= 8.972",0.0,0.0,0.0,0.0,0.0,0.0,0.00894998386502266,-0.008832329884171486,-0.9999210238456726,0.0,0.0,0.0,0.0,0.0,0.0,0.0,0.0,0.0,0.0,0.0,0.0,0.0,0.0,0.0,0.0,0.0,0.0,0.0,0.0,0.0,0.0,0.0,0.0,0.0,0.0,0.0,0.0,0.0,0.0,0.0,0.0,0.0,0.0,0.0,0.0,0.0,0.0,0.0,0.25377488136291504,-0.9082380533218384,-0.15550583600997925,0.9138708710670471,0.26436641812324524,-0.2594936490058899,0.4158206582069397,-0.06192614510655403,-1.1412279605865479,0.7086178064346313,-0.763667106628418,1.0147629976272583,-0.019801169633865356,-0.03932225704193115,0.022554054856300354,0.006543755531311035,0.01026219129562378,-0.006612241268157959,0.0017934441566467285,-0.008439205586910248,-0.00012886524200439453,0.007951974868774414,-0.013410449028015137,-0.012861847877502441,-0.00843715202063322,-0.007286631036549807,0.006519617512822151,0.00306805525906384,0.00076701381476596,0.008053644560277462,-0.00076701381476596,0.011505207046866417,0.004985589534044266,-0.01035468652844429,0.00843715202063322,-0.01418975554406643,0.05813775956630707,-0.014648884534835815,0.009155552834272385,0.01235999632626772,-0.0119022186845541,-0.056764427572488785,-0.07827997952699661,0.051271095871925354,-0.06042664870619774,-0.0398266538977623,0.05172887444496155,0.02929776906967163,-0.004950292408466339,-0.009830564260482788,0.0056385137140750885,0.0016359388828277588,0.002565547823905945,-0.0016530603170394897,0.00044836103916168213,-0.002109801396727562,0.0,0.0,0.0,-0.0032154619693756104,0.0,0.0,0.0,0.0,0.0,0.0,0.0,0.0,0.0,0.0,0.0,0.0
20260709_111233_260179,2026-07-09T11:13:02.378,29.118623,pose,1065,stand,0.0,0.0,0.0,0.0,0.0,0.0,0.0,0.0,0.08,xsens:live,0.008963962085545063,-0.008777840062975883,-0.9999213814735413,0.5029598122941484,0.5136238177720741,0.009790554642677307,0.03916221857070923,3.7086286544799805,7.156073093414307,12,can0:12,3.615222692489624,7.716300010681152,,"BL_hip_joint,BR_hip_joint,FL_hip_joint,FR_hip_joint,BL_thigh_joint,BR_thigh_joint,FL_thigh_joint,FR_thigh_joint,BL_calf_joint,BR_calf_joint,FL_calf_joint,FR_calf_joint",330e02f2406e129bb6ed6ec4a6c6bcd5f80d7e7799a2ab087e81eda65d2fae69,"step=001065 mode=stand  vx= 0.000 vy= 0.000 vxy= 0.000 yaw= 0.000 speed=0.08 imu=xsens:live tilt_rp=[+0.5,+0.5]deg imu_corr=0.010 act_max= 0.039 tau_cmd= 3.709 tau_cmd_max= 7.156 cmds=12 bus=can0:12 tau_fb= 3.615 tau_fb_max= 7.716",0.0,0.0,0.0,0.0,0.0,0.0,0.008963962085545063,-0.008777840062975883,-0.9999213814735413,0.0,0.0,0.0,0.0,0.0,0.0,0.0,0.0,0.0,0.0,0.0,0.0,0.0,0.0,0.0,0.0,0.0,0.0,0.0,0.0,0.0,0.0,0.0,0.0,0.0,0.0,0.0,0.0,0.0,0.0,0.0,0.0,0.0,0.0,0.0,0.0,0.0,0.0,0.0,0.25396108627319336,-0.9080780148506165,-0.15560738742351532,0.9137963056564331,0.26430603861808777,-0.25945746898651123,0.4157852530479431,-0.06184908002614975,-1.1412410736083984,0.7085285186767578,-0.763569712638855,1.0148379802703857,-0.019614964723587036,-0.03916221857070923,0.022452503442764282,0.0064691901206970215,0.010201811790466309,-0.006576061248779297,0.0017580389976501465,-0.008362140506505966,-0.00014197826385498047,0.007862687110900879,-0.013313055038452148,-0.012786865234375,-0.00843715202063322,-0.007286631036549807,0.006519617512822151,0.00306805525906384,0.00076701381476596,0.00843715202063322,-0.00076701381476596,0.011505207046866417,0.004985589534044266,-0.01035468652844429,0.00843715202063322,-0.01418975554406643,0.025177771225571632,-0.007324442267417908,-0.02609332650899887,0.037537768483161926,0.03433332219719887,0.03341776877641678,0.06820886582136154,-0.0196844395250082,0.014191106893122196,0.016937773674726486,-0.01831110566854477,0.03891110047698021,-0.004903741180896759,-0.009790554642677307,0.0056131258606910706,0.0016172975301742554,0.002550452947616577,-0.0016440153121948242,0.0004395097494125366,-0.0020905351266264915,0.0,0.0,0.0,-0.00319671630859375,0.0,0.0,0.0,0.0,0.0,0.0,0.0,0.0,0.0,0.0,0.0,0.0
20260709_111233_260179,2026-07-09T11:13:02.512,29.252670,pose,1070,stand,0.0,0.0,0.0,0.0,0.0,0.0,0.0,0.0,0.08,xsens:live,0.009013752453029156,-0.008799835108220577,-0.9999207258224487,0.5042203678833558,0.516476928085571,0.009822443127632141,0.039289772510528564,4.363450527191162,9.293451309204102,12,can0:12,3.7894833087921143,8.236335754394531,,"BL_hip_joint,BR_hip_joint,FL_hip_joint,FR_hip_joint,BL_thigh_joint,BR_thigh_joint,FL_thigh_joint,FR_thigh_joint,BL_calf_joint,BR_calf_joint,FL_calf_joint,FR_calf_joint",330e02f2406e129bb6ed6ec4a6c6bcd5f80d7e7799a2ab087e81eda65d2fae69,"step=001070 mode=stand  vx= 0.000 vy= 0.000 vxy= 0.000 yaw= 0.000 speed=0.08 imu=xsens:live tilt_rp=[+0.5,+0.5]deg imu_corr=0.010 act_max= 0.039 tau_cmd= 4.363 tau_cmd_max= 9.293 cmds=12 bus=can0:12 tau_fb= 3.789 tau_fb_max= 8.236",0.0,0.0,0.0,0.0,0.0,0.0,0.009013752453029156,-0.008799835108220577,-0.9999207258224487,0.0,0.0,0.0,0.0,0.0,0.0,0.0,0.0,0.0,0.0,0.0,0.0,0.0,0.0,0.0,0.0,0.0,0.0,0.0,0.0,0.0,0.0,0.0,0.0,0.0,0.0,0.0,0.0,0.0,0.0,0.0,0.0,0.0,0.0,0.0,0.0,0.0,0.0,0.0,0.2539398968219757,-0.9082055687904358,-0.15553608536720276,0.9138002395629883,0.26433265209198,-0.2594725787639618,0.4157775640487671,-0.061858370900154114,-1.141248345375061,0.708530068397522,-0.7635930776596069,1.0148069858551025,-0.019636154174804688,-0.039289772510528564,0.022523805499076843,0.006473124027252197,0.01022842526435852,-0.006591171026229858,0.001750349998474121,-0.00837143138051033,-0.00014925003051757812,0.007864236831665039,-0.013336420059204102,-0.012817859649658203,-0.00843715202063322,-0.007286631036549807,0.006519617512822151,0.0026845482643693686,0.00076701381476596,0.00843715202063322,-0.00076701381476596,0.011888713575899601,0.004985589534044266,-0.01035468652844429,0.00843715202063322,-0.01418975554406643,-0.05951109528541565,0.004577776417136192,0.05172887444496155,-0.013733329251408577,0.028382213786244392,-0.018768884241580963,-0.02700888179242611,-0.02288888208568096,-0.01235999632626772,-0.0315866582095623,0.07278664410114288,-0.02929776906967163,-0.004909038543701172,-0.009822443127632141,0.005630951374769211,0.0016182810068130493,0.00255710631608963,-0.0016477927565574646,0.0004375874996185303,-0.0020928578451275826,0.0,0.0,0.0,-0.0032044649124145508,0.0,0.0,0.0,0.0,0.0,0.0,0.0,0.0,0.0,0.0,0.0,0.0
20260709_111233_260179,2026-07-09T11:13:02.647,29.387608,pose,1075,stand,0.0,0.0,0.0,0.0,0.0,0.0,0.0,0.0,0.08,xsens:live,0.009037469513714314,-0.008773596957325935,-0.999920666217804,0.5027170594406613,0.5178358434501067,0.00980803370475769,0.03923213481903076,4.361693859100342,9.860417366027832,12,can0:12,3.784600257873535,7.511215686798096,,"BL_hip_joint,BR_hip_joint,FL_hip_joint,FR_hip_joint,BL_thigh_joint,BR_thigh_joint,FL_thigh_joint,FR_thigh_joint,BL_calf_joint,BR_calf_joint,FL_calf_joint,FR_calf_joint",330e02f2406e129bb6ed6ec4a6c6bcd5f80d7e7799a2ab087e81eda65d2fae69,"step=001075 mode=stand  vx= 0.000 vy= 0.000 vxy= 0.000 yaw= 0.000 speed=0.08 imu=xsens:live tilt_rp=[+0.5,+0.5]deg imu_corr=0.010 act_max= 0.039 tau_cmd= 4.362 tau_cmd_max= 9.860 cmds=12 bus=can0:12 tau_fb= 3.785 tau_fb_max= 7.511",0.0,0.0,0.0,0.0,0.0,0.0,0.009037469513714314,-0.008773596957325935,-0.999920666217804,0.0,0.0,0.0,0.0,0.0,0.0,0.0,0.0,0.0,0.0,0.0,0.0,0.0,0.0,0.0,0.0,0.0,0.0,0.0,0.0,0.0,0.0,0.0,0.0,0.0,0.0,0.0,0.0,0.0,0.0,0.0,0.0,0.0,0.0,0.0,0.0,0.0,0.0,0.0,0.25404584407806396,-0.908147931098938,-0.15557609498500824,0.9137558937072754,0.26430457830429077,-0.2594553232192993,0.41575372219085693,-0.061814792454242706,-1.1412580013275146,0.7084769606590271,-0.7635412216186523,1.0148425102233887,-0.01953020691871643,-0.03923213481903076,0.022483795881271362,0.006428778171539307,0.010200351476669312,-0.006573915481567383,0.0017265081405639648,-0.008327852934598923,-0.0001589059829711914,0.007811129093170166,-0.013284564018249512,-0.01278233528137207,-0.00843715202063322,-0.007286631036549807,0.006519617512822151,0.00306805525906384,0.00076701381476596,0.00843715202063322,-0.00076701381476596,0.011888713575899601,0.004985589534044266,-0.01035468652844429,0.008053644560277462,-0.01418975554406643,0.016937773674726486,-0.002288888208568096,-0.08331552892923355,-0.05493331700563431,0.03387554734945297,0.0196844395250082,-0.004577776417136192,0.01144444104284048,0.06866664439439774,0.0027466658502817154,0.03479110077023506,-0.044862210750579834,-0.004882551729679108,-0.00980803370475769,0.005620948970317841,0.0016071945428848267,0.002550087869167328,-0.0016434788703918457,0.0004316270351409912,-0.0020819632336497307,0.0,0.0,0.0,-0.0031955838203430176,0.0,0.0,0.0,0.0,0.0,0.0,0.0,0.0,0.0,0.0,0.0,0.0
20260709_111233_260179,2026-07-09T11:13:02.782,29.522306,pose,1080,stand,0.0,0.0,0.0,0.0,0.0,0.0,0.0,0.0,0.08,xsens:live,0.009032103233039379,-0.008783414028584957,-0.999920666217804,0.5032795374652772,0.5175283789229376,0.009814396500587463,0.039257586002349854,3.737419366836548,9.380095481872559,12,can0:12,3.832209348678589,8.88454818725586,,"BL_hip_joint,BR_hip_joint,FL_hip_joint,FR_hip_joint,BL_thigh_joint,BR_thigh_joint,FL_thigh_joint,FR_thigh_joint,BL_calf_joint,BR_calf_joint,FL_calf_joint,FR_calf_joint",330e02f2406e129bb6ed6ec4a6c6bcd5f80d7e7799a2ab087e81eda65d2fae69,"step=001080 mode=stand  vx= 0.000 vy= 0.000 vxy= 0.000 yaw= 0.000 speed=0.08 imu=xsens:live tilt_rp=[+0.5,+0.5]deg imu_corr=0.010 act_max= 0.039 tau_cmd= 3.737 tau_cmd_max= 9.380 cmds=12 bus=can0:12 tau_fb= 3.832 tau_fb_max= 8.885",0.0,0.0,0.0,0.0,0.0,0.0,0.009032103233039379,-0.008783414028584957,-0.999920666217804,0.0,0.0,0.0,0.0,0.0,0.0,0.0,0.0,0.0,0.0,0.0,0.0,0.0,0.0,0.0,0.0,0.0,0.0,0.0,0.0,0.0,0.0,0.0,0.0,0.0,0.0,0.0,0.0,0.0,0.0,0.0,0.0,0.0,0.0,0.0,0.0,0.0,0.0,0.0,0.25401002168655396,-0.9081733822822571,-0.15555916726589203,0.9137707352638245,0.2643151879310608,-0.25946182012557983,0.4157615303993225,-0.061829522252082825,-1.1412553787231445,0.7084946632385254,-0.7635596990585327,1.0148296356201172,-0.01956602931022644,-0.039257586002349854,0.022500723600387573,0.006443619728088379,0.010210961103439331,-0.0065804123878479,0.001734316349029541,-0.008342582732439041,-0.00015628337860107422,0.007828831672668457,-0.013303041458129883,-0.012795209884643555,-0.008820658549666405,-0.007286631036549807,0.006519617512822151,0.00306805525906384,0.00076701381476596,0.00843715202063322,-0.00076701381476596,0.011888713575899601,0.004985589534044266,-0.01035468652844429,0.00843715202063322,-0.01418975554406643,-0.07049775868654251,-0.06500442326068878,-0.03479110077023506,-0.07736442238092422,-0.014191106893122196,-0.04577776417136192,-0.047151096165180206,0.0032044434919953346,-0.010071108117699623,0.0709555372595787,-0.051271095871925354,-0.0315866582095623,-0.00489150732755661,-0.009814396500587463,0.005625180900096893,0.0016109049320220947,0.0025527402758598328,-0.001645103096961975,0.00043357908725738525,-0.0020856456831097603,0.0,0.0,0.0,-0.0031988024711608887,0.0,0.0,0.0,0.0,0.0,0.0,0.0,0.0,0.0,0.0,0.0,0.0
20260709_111233_260179,2026-07-09T11:13:02.912,29.652239,pose,1085,stand,0.0,0.0,0.0,0.0,0.0,0.0,0.0,0.0,0.08,xsens:live,0.009003785438835621,-0.008790581487119198,-0.9999208450317383,0.5036901133889097,0.5159057998150397,0.009812131524085999,0.039248526096343994,3.748385190963745,9.543081283569336,12,can0:12,3.933530569076538,8.115482330322266,,"BL_hip_joint,BR_hip_joint,FL_hip_joint,FR_hip_joint,BL_thigh_joint,BR_thigh_joint,FL_thigh_joint,FR_thigh_joint,BL_calf_joint,BR_calf_joint,FL_calf_joint,FR_calf_joint",330e02f2406e129bb6ed6ec4a6c6bcd5f80d7e7799a2ab087e81eda65d2fae69,"step=001085 mode=stand  vx= 0.000 vy= 0.000 vxy= 0.000 yaw= 0.000 speed=0.08 imu=xsens:live tilt_rp=[+0.5,+0.5]deg imu_corr=0.010 act_max= 0.039 tau_cmd= 3.748 tau_cmd_max= 9.543 cmds=12 bus=can0:12 tau_fb= 3.934 tau_fb_max= 8.115",0.0,0.0,0.0,0.0,0.0,0.0,0.009003785438835621,-0.008790581487119198,-0.9999208450317383,0.0,0.0,0.0,0.0,0.0,0.0,0.0,0.0,0.0,0.0,0.0,0.0,0.0,0.0,0.0,0.0,0.0,0.0,0.0,0.0,0.0,0.0,0.0,0.0,0.0,0.0,0.0,0.0,0.0,0.0,0.0,0.0,0.0,0.0,0.0,0.0,0.0,0.0,0.0,0.25395938754081726,-0.9081643223762512,-0.15556016564369202,0.9137935638427734,0.2643220126628876,-0.25946661829948425,0.4157765805721283,-0.061850279569625854,-1.1412475109100342,0.7085225582122803,-0.7635798454284668,1.0148199796676636,-0.019616663455963135,-0.039248526096343994,0.022499725222587585,0.0064664483070373535,0.010217785835266113,-0.006585210561752319,0.0017493665218353271,-0.008363340049982071,-0.00014841556549072266,0.00785672664642334,-0.013323187828063965,-0.012804865837097168,-0.00843715202063322,-0.007286631036549807,0.006519617512822151,0.00306805525906384,0.00076701381476596,0.00843715202063322,-0.00076701381476596,0.011888713575899601,0.004985589534044266,-0.01035468652844429,0.00843715202063322,-0.01418975554406643,0.010071108117699623,0.027466658502817154,0.0027466658502817154,-0.00595110934227705,-0.0398266538977623,0.026551103219389915,-0.019226660951972008,-0.04852443188428879,-0.044862210750579834,0.08331552892923355,0.015106662176549435,-0.036164432764053345,-0.004904165863990784,-0.009812131524085999,0.005624931305646896,0.0016166120767593384,0.0025544464588165283,-0.0016463026404380798,0.0004373416304588318,-0.0020908350124955177,0.0,0.0,0.0,-0.003201216459274292,0.0,0.0,0.0,0.0,0.0,0.0,0.0,0.0,0.0,0.0,0.0,0.0
20260709_111233_260179,2026-07-09T11:13:03.046,29.786233,pose,1090,stand,0.0,0.0,0.0,0.0,0.0,0.0,0.0,0.0,0.08,xsens:live,0.00900251790881157,-0.008811206556856632,-0.999920666217804,0.5048719351183869,0.5158332680733291,0.0098285973072052,0.0393143892288208,4.629607677459717,9.545611381530762,12,can0:12,3.7376022338867188,8.067873001098633,,"BL_hip_joint,BR_hip_joint,FL_hip_joint,FR_hip_joint,BL_thigh_joint,BR_thigh_joint,FL_thigh_joint,FR_thigh_joint,BL_calf_joint,BR_calf_joint,FL_calf_joint,FR_calf_joint",330e02f2406e129bb6ed6ec4a6c6bcd5f80d7e7799a2ab087e81eda65d2fae69,"step=001090 mode=stand  vx= 0.000 vy= 0.000 vxy= 0.000 yaw= 0.000 speed=0.08 imu=xsens:live tilt_rp=[+0.5,+0.5]deg imu_corr=0.010 act_max= 0.039 tau_cmd= 4.630 tau_cmd_max= 9.546 cmds=12 bus=can0:12 tau_fb= 3.738 tau_fb_max= 8.068",0.0,0.0,0.0,0.0,0.0,0.0,0.00900251790881157,-0.008811206556856632,-0.999920666217804,0.0,0.0,0.0,0.0,0.0,0.0,0.0,0.0,0.0,0.0,0.0,0.0,0.0,0.0,0.0,0.0,0.0,0.0,0.0,0.0,0.0,0.0,0.0,0.0,0.0,0.0,0.0,0.0,0.0,0.0,0.0,0.0,0.0,0.0,0.0,0.0,0.0,0.0,0.0,0.2538931667804718,-0.908230185508728,-0.15551957488059998,0.9138197302818298,0.2643449902534485,-0.25948020815849304,0.41578859090805054,-0.061877645552158356,-1.1412436962127686,0.7085539102554321,-0.7636157274246216,1.014791488647461,-0.019682884216308594,-0.0393143892288208,0.022540315985679626,0.00649261474609375,0.010240763425827026,-0.006598800420761108,0.0017613768577575684,-0.008390706032514572,-0.00014460086822509766,0.007888078689575195,-0.01335906982421875,-0.012833356857299805,-0.008820658549666405,-0.007286631036549807,0.006519617512822151,0.00306805525906384,0.00076701381476596,0.00843715202063322,-0.00076701381476596,0.011888713575899601,0.004985589534044266,-0.01035468652844429,0.00843715202063322,-0.01418975554406643,-0.0119022186845541,0.04623554274439812,0.04852443188428879,-0.0013733329251408577,0.015564439818263054,-0.013275551609694958,0.04852443188428879,0.05630664899945259,0.059053316712379456,-0.04943998530507088,0.03433332219719887,0.03021332435309887,-0.0049207210540771484,-0.0098285973072052,0.005635078996419907,0.0016231536865234375,0.0025601908564567566,-0.001649700105190277,0.0004403442144393921,-0.002097676508128643,0.0,0.0,0.0,-0.003208339214324951,0.0,0.0,0.0,0.0,0.0,0.0,0.0,0.0,0.0,0.0,0.0,0.0
20260709_111233_260179,2026-07-09T11:13:03.196,29.936744,pose,1095,stand,0.0,0.0,0.0,0.0,0.0,0.0,0.0,0.0,0.08,xsens:live,0.009035589173436165,-0.00883603934198618,-0.9999201893806458,0.5062949924200086,0.517728355017577,0.009857997298240662,0.039431989192962646,4.630427360534668,11.959099769592285,12,can0:12,3.7910091876983643,8.562273025512695,,"BL_hip_joint,BR_hip_joint,FL_hip_joint,FR_hip_joint,BL_thigh_joint,BR_thigh_joint,FL_thigh_joint,FR_thigh_joint,BL_calf_joint,BR_calf_joint,FL_calf_joint,FR_calf_joint",330e02f2406e129bb6ed6ec4a6c6bcd5f80d7e7799a2ab087e81eda65d2fae69,"step=001095 mode=stand  vx= 0.000 vy= 0.000 vxy= 0.000 yaw= 0.000 speed=0.08 imu=xsens:live tilt_rp=[+0.5,+0.5]deg imu_corr=0.010 act_max= 0.039 tau_cmd= 4.630 tau_cmd_max= 11.959 cmds=12 bus=can0:12 tau_fb= 3.791 tau_fb_max= 8.562",0.0,0.0,0.0,0.0,0.0,0.0,0.009035589173436165,-0.00883603934198618,-0.9999201893806458,0.0,0.0,0.0,0.0,0.0,0.0,0.0,0.0,0.0,0.0,0.0,0.0,0.0,0.0,0.0,0.0,0.0,0.0,0.0,0.0,0.0,0.0,0.0,0.0,0.0,0.0,0.0,0.0,0.0,0.0,0.0,0.0,0.0,0.0,0.0,0.0,0.0,0.0,0.0,0.25384703278541565,-0.9083477854728699,-0.1554514616727829,0.9138351082801819,0.26437410712242126,-0.25949689745903015,0.41578909754753113,-0.06189778447151184,-1.1412464380264282,0.708570122718811,-0.7636483907699585,1.0147569179534912,-0.019729018211364746,-0.039431989192962646,0.022608429193496704,0.006507992744445801,0.010269880294799805,-0.006615489721298218,0.0017618834972381592,-0.008410844951868057,-0.00014734268188476562,0.007904291152954102,-0.013391733169555664,-0.012867927551269531,-0.00843715202063322,-0.007286631036549807,0.006519617512822151,0.00306805525906384,0.00076701381476596,0.00843715202063322,-0.00076701381476596,0.011505207046866417,0.004985589534044266,-0.010738193057477474,0.00843715202063322,-0.01418975554406643,0.05264442786574364,0.019226660951972008,0.01144444104284048,0.015106662176549435,-0.0238044373691082,0.028839992359280586,-0.07324442267417908,-0.009155552834272385,0.043946653604507446,-0.10849329829216003,-0.017853328958153725,-0.02151555009186268,-0.0049322545528411865,-0.009857997298240662,0.005652107298374176,0.0016269981861114502,0.002567470073699951,-0.0016538724303245544,0.0004404708743095398,-0.0021027112379670143,0.0,0.0,0.0,-0.003216981887817383,0.0,0.0,0.0,0.0,0.0,0.0,0.0,0.0,0.0,0.0,0.0,0.0
20260709_111233_260179,2026-07-09T11:13:03.335,30.075671,pose,1100,stand,0.0,0.0,0.0,0.0,0.0,0.0,0.0,0.0,0.08,xsens:live,0.009020885452628136,-0.008840639144182205,-0.9999202489852905,0.5065585119232685,0.5168858644989239,0.009857475757598877,0.03942990303039551,3.9900553226470947,8.442465782165527,12,can0:12,3.6524550914764404,8.320566177368164,,"BL_hip_joint,BR_hip_joint,FL_hip_joint,FR_hip_joint,BL_thigh_joint,BR_thigh_joint,FL_thigh_joint,FR_thigh_joint,BL_calf_joint,BR_calf_joint,FL_calf_joint,FR_calf_joint",330e02f2406e129bb6ed6ec4a6c6bcd5f80d7e7799a2ab087e81eda65d2fae69,"step=001100 mode=stand  vx= 0.000 vy= 0.000 vxy= 0.000 yaw= 0.000 speed=0.08 imu=xsens:live tilt_rp=[+0.5,+0.5]deg imu_corr=0.010 act_max= 0.039 tau_cmd= 3.990 tau_cmd_max= 8.442 cmds=12 bus=can0:12 tau_fb= 3.652 tau_fb_max= 8.321",0.0,0.0,0.0,0.0,0.0,0.0,0.009020885452628136,-0.008840639144182205,-0.9999202489852905,0.0,0.0,0.0,0.0,0.0,0.0,0.0,0.0,0.0,0.0,0.0,0.0,0.0,0.0,0.0,0.0,0.0,0.0,0.0,0.0,0.0,0.0,0.0,0.0,0.0,0.0,0.0,0.0,0.0,0.0,0.0,0.0,0.0,0.0,0.0,0.0,0.0,0.0,0.0,0.25381797552108765,-0.9083456993103027,-0.15544995665550232,0.9138476848602295,0.2643783986568451,-0.25949999690055847,0.4157973527908325,-0.06190946325659752,-1.141242504119873,0.7085856199264526,-0.7636603116989136,1.0147508382797241,-0.01975807547569275,-0.03942990303039551,0.022609934210777283,0.006520569324493408,0.010274171829223633,-0.006618589162826538,0.0017701387405395508,-0.008422523736953735,-0.00014340877532958984,0.007919788360595703,-0.013403654098510742,-0.012874007225036621,-0.008820658549666405,-0.007286631036549807,0.00613611051812768,0.00306805525906384,0.00076701381476596,0.00843715202063322,-0.00076701381476596,0.011505207046866417,0.004985589534044266,-0.01035468652844429,0.008053644560277462,-0.01418975554406643,-0.03341776877641678,0.05722220614552498,-0.0476088747382164,-0.0119022186845541,-0.04898220673203468,-0.0714133158326149,-0.01831110566854477,0.002288888208568096,-0.027924437075853348,0.016022218391299248,0.002288888208568096,-0.00595110934227705,-0.004939518868923187,-0.009857475757598877,0.005652483552694321,0.001630142331123352,0.002568542957305908,-0.0016546472907066345,0.0004425346851348877,-0.002105630934238434,0.0,0.0,0.0,-0.0032185018062591553,0.0,0.0,0.0,0.0,0.0,0.0,0.0,0.0,0.0,0.0,0.0,0.0
20260709_111233_260179,2026-07-09T11:13:03.472,30.212726,pose,1105,stand,0.0,0.0,0.0,0.0,0.0,0.0,0.0,0.0,0.08,xsens:live,0.009019769728183746,-0.008803101256489754,-0.9999206066131592,0.5044075648634279,0.516821753466258,0.009826838970184326,0.039307355880737305,4.821287155151367,9.226750373840332,12,can0:12,3.834040403366089,8.631855010986328,,"BL_hip_joint,BR_hip_joint,FL_hip_joint,FR_hip_joint,BL_thigh_joint,BR_thigh_joint,FL_thigh_joint,FR_thigh_joint,BL_calf_joint,BR_calf_joint,FL_calf_joint,FR_calf_joint",330e02f2406e129bb6ed6ec4a6c6bcd5f80d7e7799a2ab087e81eda65d2fae69,"step=001105 mode=stand  vx= 0.000 vy= 0.000 vxy= 0.000 yaw= 0.000 speed=0.08 imu=xsens:live tilt_rp=[+0.5,+0.5]deg imu_corr=0.010 act_max= 0.039 tau_cmd= 4.821 tau_cmd_max= 9.227 cmds=12 bus=can0:12 tau_fb= 3.834 tau_fb_max= 8.632",0.0,0.0,0.0,0.0,0.0,0.0,0.009019769728183746,-0.008803101256489754,-0.9999206066131592,0.0,0.0,0.0,0.0,0.0,0.0,0.0,0.0,0.0,0.0,0.0,0.0,0.0,0.0,0.0,0.0,0.0,0.0,0.0,0.0,0.0,0.0,0.0,0.0,0.0,0.0,0.0,0.0,0.0,0.0,0.0,0.0,0.0,0.0,0.0,0.0,0.0,0.0,0.0,0.25393521785736084,-0.9082231521606445,-0.15552645921707153,0.9138014912605286,0.2643364369869232,-0.2594747841358185,0.4157771170139313,-0.061860520392656326,-1.1412490606307983,0.7085314989089966,-0.7635968923568726,1.0148028135299683,-0.019640833139419556,-0.039307355880737305,0.02253343164920807,0.0064743757247924805,0.010232210159301758,-0.006593376398086548,0.0017499029636383057,-0.008373580873012543,-0.0001499652862548828,0.007865667343139648,-0.013340234756469727,-0.01282203197479248,-0.00843715202063322,-0.007286631036549807,0.006519617512822151,0.00306805525906384,0.00076701381476596,0.00843715202063322,-0.00076701381476596,0.011505207046866417,0.004985589534044266,-0.01035468652844429,0.00843715202063322,-0.01418975554406643,-0.0196844395250082,0.009613330475986004,-0.004119998775422573,0.028382213786244392,-0.0636310949921608,0.10391552746295929,0.044862210750579834,0.021057771518826485,0.025177771225571632,0.03891110047698021,0.07003998011350632,-0.027466658502817154,-0.004910208284854889,-0.009826838970184326,0.005633357912302017,0.0016185939311981201,0.0025580525398254395,-0.001648344099521637,0.0004374757409095764,-0.0020933952182531357,0.0,0.0,0.0,-0.00320550799369812,0.0,0.0,0.0,0.0,0.0,0.0,0.0,0.0,0.0,0.0,0.0,0.0
20260709_111233_260179,2026-07-09T11:13:03.608,30.348551,pose,1110,stand,0.0,0.0,0.0,0.0,0.0,0.0,0.0,0.0,0.08,xsens:live,0.009108057245612144,-0.008734824135899544,-0.9999204277992249,0.5004956537650187,0.5218803349168366,0.009796768426895142,0.039187073707580566,3.4165570735931396,9.52418041229248,12,can0:12,3.604235887527466,8.309579849243164,,"BL_hip_joint,BR_hip_joint,FL_hip_joint,FR_hip_joint,BL_thigh_joint,BR_thigh_joint,FL_thigh_joint,FR_thigh_joint,BL_calf_joint,BR_calf_joint,FL_calf_joint,FR_calf_joint",330e02f2406e129bb6ed6ec4a6c6bcd5f80d7e7799a2ab087e81eda65d2fae69,"step=001110 mode=stand  vx= 0.000 vy= 0.000 vxy= 0.000 yaw= 0.000 speed=0.08 imu=xsens:live tilt_rp=[+0.5,+0.5]deg imu_corr=0.010 act_max= 0.039 tau_cmd= 3.417 tau_cmd_max= 9.524 cmds=12 bus=can0:12 tau_fb= 3.604 tau_fb_max= 8.310",0.0,0.0,0.0,0.0,0.0,0.0,0.009108057245612144,-0.008734824135899544,-0.9999204277992249,0.0,0.0,0.0,0.0,0.0,0.0,0.0,0.0,0.0,0.0,0.0,0.0,0.0,0.0,0.0,0.0,0.0,0.0,0.0,0.0,0.0,0.0,0.0,0.0,0.0,0.0,0.0,0.0,0.0,0.0,0.0,0.0,0.0,0.0,0.0,0.0,0.0,0.0,0.0,0.2542372941970825,-0.9081028699874878,-0.1556159257888794,0.9136748909950256,0.26426437497138977,-0.2594304084777832,0.41570499539375305,-0.061736296862363815,-1.1412814855575562,0.7083758115768433,-0.7634552717208862,1.014894962310791,-0.019338756799697876,-0.039187073707580566,0.022443965077400208,0.006347775459289551,0.01016014814376831,-0.0065490007400512695,0.001677781343460083,-0.008249357342720032,-0.0001823902130126953,0.007709980010986328,-0.013198614120483398,-0.012729883193969727,-0.00843715202063322,-0.007286631036549807,0.006519617512822151,0.00306805525906384,0.00076701381476596,0.00843715202063322,-0.00076701381476596,0.011888713575899601,0.004985589534044266,-0.01035468652844429,0.00843715202063322,-0.01418975554406643,0.05401776358485222,0.0032044434919953346,0.005493331700563431,-0.05081331729888916,0.01831110566854477,0.02151555009186268,-0.02059999480843544,-0.020142216235399246,-0.07461775839328766,0.08423108607530594,0.038453321903944016,-0.035248879343271255,-0.004834689199924469,-0.009796768426895142,0.005610991269350052,0.0015869438648223877,0.0025400370359420776,-0.0016372501850128174,0.00041944533586502075,-0.002062339335680008,0.0,0.0,0.0,-0.0031824707984924316,0.0,0.0,0.0,0.0,0.0,0.0,0.0,0.0,0.0,0.0,0.0,0.0
20260709_111233_260179,2026-07-09T11:13:03.744,30.484419,pose,1115,stand,0.0,0.0,0.0,0.0,0.0,0.0,0.0,0.0,0.08,xsens:live,0.00910167582333088,-0.008646790869534016,-0.9999212622642517,0.49545128534203975,0.5215142723754485,0.00972379744052887,0.03889518976211548,4.056132793426514,9.250279426574707,12,can0:12,3.838618278503418,8.492691040039062,,"BL_hip_joint,BR_hip_joint,FL_hip_joint,FR_hip_joint,BL_thigh_joint,BR_thigh_joint,FL_thigh_joint,FR_thigh_joint,BL_calf_joint,BR_calf_joint,FL_calf_joint,FR_calf_joint",330e02f2406e129bb6ed6ec4a6c6bcd5f80d7e7799a2ab087e81eda65d2fae69,"step=001115 mode=stand  vx= 0.000 vy= 0.000 vxy= 0.000 yaw= 0.000 speed=0.08 imu=xsens:live tilt_rp=[+0.5,+0.5]deg imu_corr=0.010 act_max= 0.039 tau_cmd= 4.056 tau_cmd_max= 9.250 cmds=12 bus=can0:12 tau_fb= 3.839 tau_fb_max= 8.493",0.0,0.0,0.0,0.0,0.0,0.0,0.00910167582333088,-0.008646790869534016,-0.9999212622642517,0.0,0.0,0.0,0.0,0.0,0.0,0.0,0.0,0.0,0.0,0.0,0.0,0.0,0.0,0.0,0.0,0.0,0.0,0.0,0.0,0.0,0.0,0.0,0.0,0.0,0.0,0.0,0.0,0.0,0.0,0.0,0.0,0.0,0.0,0.0,0.0,0.0,0.0,0.0,0.2545090913772583,-0.9078109860420227,-0.15579672157764435,0.913567841053009,0.26416584849357605,-0.25937142968177795,0.4156588017940521,-0.06162269040942192,-1.1412960290908813,0.7082496285438538,-0.763306736946106,1.0150161981582642,-0.019066959619522095,-0.03889518976211548,0.022263169288635254,0.006240725517272949,0.01006162166595459,-0.0064900219440460205,0.0016315877437591553,-0.008135750889778137,-0.00019693374633789062,0.007583796977996826,-0.013050079345703125,-0.012608647346496582,-0.00843715202063322,-0.007286631036549807,0.00613611051812768,0.00306805525906384,0.00076701381476596,0.00843715202063322,-0.00076701381476596,0.011888713575899601,0.004985589534044266,-0.01035468652844429,0.008053644560277462,-0.01418975554406643,0.004577776417136192,0.08651997148990631,-0.08377330750226974,-0.016022218391299248,-0.016479995101690292,0.001831110566854477,0.024262215942144394,0.012817773967981339,-0.028382213786244392,0.004119998775422573,-0.05264442786574364,-0.02700888179242611,-0.004766739904880524,-0.00972379744052887,0.0055657923221588135,0.0015601813793182373,0.0025154054164886475,-0.0016225054860115051,0.0004078969359397888,-0.0020339377224445343,0.0,0.0,0.0,-0.0031521618366241455,0.0,0.0,0.0,0.0,0.0,0.0,0.0,0.0,0.0,0.0,0.0,0.0
20260709_111233_260179,2026-07-09T11:13:03.880,30.620110,pose,1120,stand,0.0,0.0,0.0,0.0,0.0,0.0,0.0,0.0,0.08,xsens:live,0.009147523902356625,-0.008631736040115356,-0.9999209642410278,0.49458885102606565,0.5241413181195117,0.009724661707878113,0.03889864683151245,3.5806000232696533,9.814295768737793,12,can0:12,3.7443158626556396,7.943357467651367,,"BL_hip_joint,BR_hip_joint,FL_hip_joint,FR_hip_joint,BL_thigh_joint,BR_thigh_joint,FL_thigh_joint,FR_thigh_joint,BL_calf_joint,BR_calf_joint,FL_calf_joint,FR_calf_joint",330e02f2406e129bb6ed6ec4a6c6bcd5f80d7e7799a2ab087e81eda65d2fae69,"step=001120 mode=stand  vx= 0.000 vy= 0.000 vxy= 0.000 yaw= 0.000 speed=0.08 imu=xsens:live tilt_rp=[+0.5,+0.5]deg imu_corr=0.010 act_max= 0.039 tau_cmd= 3.581 tau_cmd_max= 9.814 cmds=12 bus=can0:12 tau_fb= 3.744 tau_fb_max= 7.943",0.0,0.0,0.0,0.0,0.0,0.0,0.009147523902356625,-0.008631736040115356,-0.9999209642410278,0.0,0.0,0.0,0.0,0.0,0.0,0.0,0.0,0.0,0.0,0.0,0.0,0.0,0.0,0.0,0.0,0.0,0.0,0.0,0.0,0.0,0.0,0.0,0.0,0.0,0.0,0.0,0.0,0.0,0.0,0.0,0.0,0.0,0.0,0.0,0.0,0.0,0.0,0.0,0.2546018660068512,-0.9078144431114197,-0.15580220520496368,0.9135276079177856,0.2641509771347046,-0.25936180353164673,0.4156326651573181,-0.0615849494934082,-1.1413089036941528,0.7081989049911499,-0.7632677555084229,1.0150359869003296,-0.0189741849899292,-0.03889864683151245,0.022257685661315918,0.0062004923820495605,0.01004675030708313,-0.006480395793914795,0.0016054511070251465,-0.00809800997376442,-0.000209808349609375,0.007533073425292969,-0.01301109790802002,-0.012588858604431152,-0.00843715202063322,-0.006903124041855335,0.006519617512822151,0.00306805525906384,0.00076701381476596,0.00843715202063322,-0.00076701381476596,0.011888713575899601,0.004985589534044266,-0.01035468652844429,0.00843715202063322,-0.01418975554406643,0.013733329251408577,-0.0393688790500164,0.0947599709033966,-0.015106662176549435,-0.059968870133161545,0.0032044434919953346,0.010528885759413242,0.003662221133708954,-0.07003998011350632,0.03891110047698021,-0.10895107686519623,-0.04257332161068916,-0.0047435462474823,-0.009724661707878113,0.0055644214153289795,0.0015501230955123901,0.0025116875767707825,-0.0016200989484786987,0.0004013627767562866,-0.002024502493441105,0.0,0.0,0.0,-0.003147214651107788,0.0,0.0,0.0,0.0,0.0,0.0,0.0,0.0,0.0,0.0,0.0,0.0
20260709_111233_260179,2026-07-09T11:13:04.015,30.755746,pose,1125,stand,0.0,0.0,0.0,0.0,0.0,0.0,0.0,0.0,0.08,xsens:live,0.008412489667534828,-0.008678572252392769,-0.9999269843101501,0.49726938568625223,0.4820239769018817,0.00955289602279663,0.03821158409118652,3.14878249168396,7.5164570808410645,12,can0:12,4.085513114929199,9.635303497314453,,"BL_hip_joint,BR_hip_joint,FL_hip_joint,FR_hip_joint,BL_thigh_joint,BR_thigh_joint,FL_thigh_joint,FR_thigh_joint,BL_calf_joint,BR_calf_joint,FL_calf_joint,FR_calf_joint",330e02f2406e129bb6ed6ec4a6c6bcd5f80d7e7799a2ab087e81eda65d2fae69,"step=001125 mode=stand  vx= 0.000 vy= 0.000 vxy= 0.000 yaw= 0.000 speed=0.08 imu=xsens:live tilt_rp=[+0.5,+0.5]deg imu_corr=0.010 act_max= 0.038 tau_cmd= 3.149 tau_cmd_max= 7.516 cmds=12 bus=can0:12 tau_fb= 4.086 tau_fb_max= 9.635",0.0,0.0,0.0,0.0,0.0,0.0,0.008412489667534828,-0.008678572252392769,-0.9999269843101501,0.0,0.0,0.0,0.0,0.0,0.0,0.0,0.0,0.0,0.0,0.0,0.0,0.0,0.0,0.0,0.0,0.0,0.0,0.0,0.0,0.0,0.0,0.0,0.0,0.0,0.0,0.0,0.0,0.0,0.0,0.0,0.0,0.0,0.0,0.0,0.0,0.0,0.0,0.0,0.2537359595298767,-0.9071273803710938,-0.15610839426517487,0.9139344692230225,0.2641715705394745,-0.25938576459884644,0.4159476161003113,-0.06193295121192932,-1.1411341428756714,0.7087227702140808,-0.7635582685470581,1.0149836540222168,-0.019840091466903687,-0.03821158409118652,0.021951496601104736,0.006607353687286377,0.010067343711853027,-0.006504356861114502,0.0019204020500183105,-0.008446011692285538,-3.504753112792969e-05,0.008056938648223877,-0.013301610946655273,-0.012641191482543945,-0.00843715202063322,-0.007286631036549807,0.00613611051812768,0.00306805525906384,0.00076701381476596,0.00843715202063322,-0.00076701381476596,0.011505207046866417,0.004985589534044266,-0.01035468652844429,0.008053644560277462,-0.01380624808371067,-0.021057771518826485,-0.07553330808877945,-0.014648884534835815,0.014648884534835815,0.010071108117699623,-0.016022218391299248,0.03570665791630745,0.0196844395250082,-0.013275551609694958,0.05172887444496155,-0.08651997148990631,0.04028443247079849,-0.004960022866725922,-0.00955289602279663,0.005487874150276184,0.0016518384218215942,0.002516835927963257,-0.0016260892152786255,0.00048010051250457764,-0.0021115029230713844,0.0,0.0,0.0,-0.0031602978706359863,0.0,0.0,0.0,0.0,0.0,0.0,0.0,0.0,0.0,0.0,0.0,0.0
20260709_111233_260179,2026-07-09T11:13:04.146,30.886009,pose,1130,stand,0.0,0.0,0.0,0.0,0.0,0.0,0.0,0.0,0.08,xsens:live,0.00843499694019556,-0.0087634501978755,-0.9999260306358337,0.5021329978024045,0.4833140122145791,0.009627923369407654,0.038511693477630615,3.158266067504883,6.79219388961792,12,can0:12,3.846552848815918,7.811517715454102,,"BL_hip_joint,BR_hip_joint,FL_hip_joint,FR_hip_joint,BL_thigh_joint,BR_thigh_joint,FL_thigh_joint,FR_thigh_joint,BL_calf_joint,BR_calf_joint,FL_calf_joint,FR_calf_joint",330e02f2406e129bb6ed6ec4a6c6bcd5f80d7e7799a2ab087e81eda65d2fae69,"step=001130 mode=stand  vx= 0.000 vy= 0.000 vxy= 0.000 yaw= 0.000 speed=0.08 imu=xsens:live tilt_rp=[+0.5,+0.5]deg imu_corr=0.010 act_max= 0.039 tau_cmd= 3.158 tau_cmd_max= 6.792 cmds=12 bus=can0:12 tau_fb= 3.847 tau_fb_max= 7.812",0.0,0.0,0.0,0.0,0.0,0.0,0.00843499694019556,-0.0087634501978755,-0.9999260306358337,0.0,0.0,0.0,0.0,0.0,0.0,0.0,0.0,0.0,0.0,0.0,0.0,0.0,0.0,0.0,0.0,0.0,0.0,0.0,0.0,0.0,0.0,0.0,0.0,0.0,0.0,0.0,0.0,0.0,0.0,0.0,0.0,0.0,0.0,0.0,0.0,0.0,0.0,0.0,0.25348961353302,-0.9074274897575378,-0.15592503547668457,0.9140294194221497,0.26426729559898376,-0.25944265723228455,0.41598546504974365,-0.062035974115133286,-1.14112389087677,0.7088342308998108,-0.7636967897415161,1.0148662328720093,-0.020086437463760376,-0.038511693477630615,0.022134855389595032,0.006702303886413574,0.010163068771362305,-0.006561249494552612,0.0019582509994506836,-0.008549034595489502,-2.47955322265625e-05,0.008168399333953857,-0.013440132141113281,-0.012758612632751465,-0.00843715202063322,-0.006903124041855335,0.00613611051812768,0.00306805525906384,0.00076701381476596,0.00843715202063322,-0.00076701381476596,0.011505207046866417,0.004985589534044266,-0.01035468652844429,0.008053644560277462,-0.01380624808371067,-0.04303110018372536,-0.027924437075853348,-0.06912442296743393,-0.021057771518826485,0.009613330475986004,-0.0476088747382164,-0.059053316712379456,-0.06546220183372498,-0.021057771518826485,0.06637775897979736,-0.051271095871925354,0.03250221163034439,-0.005021609365940094,-0.009627923369407654,0.005533713847398758,0.0016755759716033936,0.002540767192840576,-0.001640312373638153,0.0004895627498626709,-0.0021372586488723755,0.0,0.0,0.0,-0.003189653158187866,0.0,0.0,0.0,0.0,0.0,0.0,0.0,0.0,0.0,0.0,0.0,0.0
20260709_111233_260179,2026-07-09T11:13:04.280,31.020708,pose,1135,stand,0.0,0.0,0.0,0.0,0.0,0.0,0.0,0.0,0.08,xsens:live,0.008541629649698734,-0.00880974531173706,-0.9999247789382935,0.5047861356960474,0.48942424073307944,0.009695887565612793,0.03878355026245117,4.618235111236572,9.875203132629395,12,can0:12,3.6613054275512695,8.88454818725586,,"BL_hip_joint,BR_hip_joint,FL_hip_joint,FR_hip_joint,BL_thigh_joint,BR_thigh_joint,FL_thigh_joint,FR_thigh_joint,BL_calf_joint,BR_calf_joint,FL_calf_joint,FR_calf_joint",330e02f2406e129bb6ed6ec4a6c6bcd5f80d7e7799a2ab087e81eda65d2fae69,"step=001135 mode=stand  vx= 0.000 vy= 0.000 vxy= 0.000 yaw= 0.000 speed=0.08 imu=xsens:live tilt_rp=[+0.5,+0.5]deg imu_corr=0.010 act_max= 0.039 tau_cmd= 4.618 tau_cmd_max= 9.875 cmds=12 bus=can0:12 tau_fb= 3.661 tau_fb_max= 8.885",0.0,0.0,0.0,0.0,0.0,0.0,0.008541629649698734,-0.00880974531173706,-0.9999247789382935,0.0,0.0,0.0,0.0,0.0,0.0,0.0,0.0,0.0,0.0,0.0,0.0,0.0,0.0,0.0,0.0,0.0,0.0,0.0,0.0,0.0,0.0,0.0,0.0,0.0,0.0,0.0,0.0,0.0,0.0,0.0,0.0,0.0,0.0,0.0,0.0,0.0,0.0,0.0,0.2534477114677429,-0.9076993465423584,-0.15577371418476105,0.9140363931655884,0.2643236219882965,-0.25947466492652893,0.4159690737724304,-0.062055300921201706,-1.141139268875122,0.7088369131088257,-0.7637450695037842,1.0148006677627563,-0.020128339529037476,-0.03878355026245117,0.022286176681518555,0.006709277629852295,0.010219395160675049,-0.006593257188796997,0.0019418597221374512,-0.008568361401557922,-4.017353057861328e-05,0.00817108154296875,-0.013488411903381348,-0.012824177742004395,-0.00843715202063322,-0.006903124041855335,0.00613611051812768,0.00306805525906384,0.00076701381476596,0.00843715202063322,-0.00076701381476596,0.011505207046866417,0.004985589534044266,-0.01035468652844429,0.00843715202063322,-0.01418975554406643,0.03662221133708954,0.014648884534835815,-0.10711997002363205,-0.00045777764171361923,-0.05493331700563431,0.08514664322137833,-0.004119998775422573,-0.018768884241580963,-0.014191106893122196,-0.05859553813934326,0.016937773674726486,-0.025635547935962677,-0.005032084882259369,-0.009695887565612793,0.005571544170379639,0.0016773194074630737,0.002554848790168762,-0.0016483142971992493,0.0004854649305343628,-0.0021420903503894806,0.0,0.0,0.0,-0.0032060444355010986,0.0,0.0,0.0,0.0,0.0,0.0,0.0,0.0,0.0,0.0,0.0,0.0
20260709_111233_260179,2026-07-09T11:13:04.416,31.156268,pose,1140,stand,0.0,0.0,0.0,0.0,0.0,0.0,0.0,0.0,0.08,xsens:live,0.008502784185111523,-0.008813665248453617,-0.9999250173568726,0.5050106105731554,0.48719843763982984,0.00968797504901886,0.03875190019607544,4.514535427093506,10.419029235839844,12,can0:12,3.596911668777466,8.218024253845215,,"BL_hip_joint,BR_hip_joint,FL_hip_joint,FR_hip_joint,BL_thigh_joint,BR_thigh_joint,FL_thigh_joint,FR_thigh_joint,BL_calf_joint,BR_calf_joint,FL_calf_joint,FR_calf_joint",330e02f2406e129bb6ed6ec4a6c6bcd5f80d7e7799a2ab087e81eda65d2fae69,"step=001140 mode=stand  vx= 0.000 vy= 0.000 vxy= 0.000 yaw= 0.000 speed=0.08 imu=xsens:live tilt_rp=[+0.5,+0.5]deg imu_corr=0.010 act_max= 0.039 tau_cmd= 4.515 tau_cmd_max= 10.419 cmds=12 bus=can0:12 tau_fb= 3.597 tau_fb_max= 8.218",0.0,0.0,0.0,0.0,0.0,0.0,0.008502784185111523,-0.008813665248453617,-0.9999250173568726,0.0,0.0,0.0,0.0,0.0,0.0,0.0,0.0,0.0,0.0,0.0,0.0,0.0,0.0,0.0,0.0,0.0,0.0,0.0,0.0,0.0,0.0,0.0,0.0,0.0,0.0,0.0,0.0,0.0,0.0,0.0,0.0,0.0,0.0,0.0,0.0,0.0,0.0,0.0,0.2533971965312958,-0.9076676964759827,-0.1557871699333191,0.9140597581863403,0.2643263339996338,-0.25947678089141846,0.41598644852638245,-0.06207580864429474,-1.1411300897598267,0.7088667750358582,-0.7637631893157959,1.0147958993911743,-0.02017885446548462,-0.03875190019607544,0.02227272093296051,0.006732642650604248,0.010222107172012329,-0.0065953731536865234,0.0019592344760894775,-0.008588869124650955,-3.0994415283203125e-05,0.00820094347000122,-0.013506531715393066,-0.012828946113586426,-0.00843715202063322,-0.006903124041855335,0.006519617512822151,0.00306805525906384,0.00076701381476596,0.00843715202063322,-0.00076701381476596,0.011505207046866417,0.004985589534044266,-0.01035468652844429,0.008053644560277462,-0.01418975554406643,0.00595110934227705,0.05401776358485222,-0.1597643941640854,0.00045777764171361923,0.027924437075853348,0.03570665791630745,0.00595110934227705,0.05630664899945259,0.007324442267417908,-0.07370220124721527,-0.04028443247079849,0.03433332219719887,-0.005044713616371155,-0.00968797504901886,0.0055681802332401276,0.001683160662651062,0.0025555267930030823,-0.0016488432884216309,0.0004898086190223694,-0.002147217281162739,0.0,0.0,0.0,-0.0032072365283966064,0.0,0.0,0.0,0.0,0.0,0.0,0.0,0.0,0.0,0.0,0.0,0.0
20260709_111233_260179,2026-07-09T11:13:04.551,31.291005,pose,1145,stand,0.0,0.0,0.0,0.0,0.0,0.0,0.0,0.0,0.08,xsens:live,0.008573065511882305,-0.00876636803150177,-0.9999248385429382,0.5023007756791862,0.4912253572608408,0.009669765830039978,0.03867906332015991,3.8989384174346924,9.155036926269531,12,can0:12,3.826411008834839,8.294930458068848,,"BL_hip_joint,BR_hip_joint,FL_hip_joint,FR_hip_joint,BL_thigh_joint,BR_thigh_joint,FL_thigh_joint,FR_thigh_joint,BL_calf_joint,BR_calf_joint,FL_calf_joint,FR_calf_joint",330e02f2406e129bb6ed6ec4a6c6bcd5f80d7e7799a2ab087e81eda65d2fae69,"step=001145 mode=stand  vx= 0.000 vy= 0.000 vxy= 0.000 yaw= 0.000 speed=0.08 imu=xsens:live tilt_rp=[+0.5,+0.5]deg imu_corr=0.010 act_max= 0.039 tau_cmd= 3.899 tau_cmd_max= 9.155 cmds=12 bus=can0:12 tau_fb= 3.826 tau_fb_max= 8.295",0.0,0.0,0.0,0.0,0.0,0.0,0.008573065511882305,-0.00876636803150177,-0.9999248385429382,0.0,0.0,0.0,0.0,0.0,0.0,0.0,0.0,0.0,0.0,0.0,0.0,0.0,0.0,0.0,0.0,0.0,0.0,0.0,0.0,0.0,0.0,0.0,0.0,0.0,0.0,0.0,0.0,0.0,0.0,0.0,0.0,0.0,0.0,0.0,0.0,0.0,0.0,0.0,0.25361543893814087,-0.9075948596000671,-0.1558445245027542,0.9139678478240967,0.26427653431892395,-0.2594461143016815,0.41593295335769653,-0.06198617070913315,-1.1411548852920532,0.7087533473968506,-0.7636618614196777,1.0148597955703735,-0.019960612058639526,-0.03867906332015991,0.02221536636352539,0.006640732288360596,0.01017230749130249,-0.006564706563949585,0.0019057393074035645,-0.008499231189489365,-5.5789947509765625e-05,0.008087515830993652,-0.013405203819274902,-0.012765049934387207,-0.00843715202063322,-0.006903124041855335,0.006519617512822151,0.00306805525906384,0.00076701381476596,0.00843715202063322,-0.00076701381476596,0.011505207046866417,0.004985589534044266,-0.01035468652844429,0.008053644560277462,-0.01418975554406643,0.0068666646257042885,-0.002288888208568096,0.12451551854610443,-0.014648884534835815,0.0315866582095623,0.0027466658502817154,-0.0068666646257042885,-0.059053316712379456,-0.025635547935962677,-0.010986663401126862,-0.010986663401126862,-0.025177771225571632,-0.004990153014659882,-0.009669765830039978,0.005553841590881348,0.001660183072090149,0.0025430768728256226,-0.0016411766409873962,0.0004764348268508911,-0.002124807797372341,0.0,0.0,0.0,-0.0031912624835968018,0.0,0.0,0.0,0.0,0.0,0.0,0.0,0.0,0.0,0.0,0.0,0.0
20260709_111233_260179,2026-07-09T11:13:04.687,31.427244,pose,1150,stand,0.0,0.0,0.0,0.0,0.0,0.0,0.0,0.0,0.08,xsens:live,0.008552057668566704,-0.008806332014501095,-0.9999247193336487,0.5045905987096279,0.4900217527059999,0.009696155786514282,0.03878462314605713,3.2991254329681396,7.123113632202148,12,can0:12,3.7867367267608643,7.690664291381836,,"BL_hip_joint,BR_hip_joint,FL_hip_joint,FR_hip_joint,BL_thigh_joint,BR_thigh_joint,FL_thigh_joint,FR_thigh_joint,BL_calf_joint,BR_calf_joint,FL_calf_joint,FR_calf_joint",330e02f2406e129bb6ed6ec4a6c6bcd5f80d7e7799a2ab087e81eda65d2fae69,"step=001150 mode=stand  vx= 0.000 vy= 0.000 vxy= 0.000 yaw= 0.000 speed=0.08 imu=xsens:live tilt_rp=[+0.5,+0.5]deg imu_corr=0.010 act_max= 0.039 tau_cmd= 3.299 tau_cmd_max= 7.123 cmds=12 bus=can0:12 tau_fb= 3.787 tau_fb_max= 7.691",0.0,0.0,0.0,0.0,0.0,0.0,0.008552057668566704,-0.008806332014501095,-0.9999247193336487,0.0,0.0,0.0,0.0,0.0,0.0,0.0,0.0,0.0,0.0,0.0,0.0,0.0,0.0,0.0,0.0,0.0,0.0,0.0,0.0,0.0,0.0,0.0,0.0,0.0,0.0,0.0,0.0,0.0,0.0,0.0,0.0,0.0,0.0,0.0,0.0,0.0,0.0,0.0,0.2534685730934143,-0.9077004194259644,-0.15577496588230133,0.9140268564224243,0.2643202245235443,-0.25947266817092896,0.41596293449401855,-0.06204703822731972,-1.14114248752594,0.7088255286216736,-0.763736367225647,1.0148053169250488,-0.02010747790336609,-0.03878462314605713,0.02228492498397827,0.006699740886688232,0.010215997695922852,-0.0065912604331970215,0.001935720443725586,-0.008560098707675934,-4.3392181396484375e-05,0.00815969705581665,-0.01347970962524414,-0.012819528579711914,-0.00843715202063322,-0.006903124041855335,0.006519617512822151,0.00306805525906384,0.00076701381476596,0.00843715202063322,-0.00076701381476596,0.011505207046866417,0.004985589534044266,-0.01035468652844429,0.008053644560277462,-0.01380624808371067,0.021057771518826485,0.013733329251408577,-0.03570665791630745,0.010528885759413242,0.07278664410114288,-0.051271095871925354,-0.007324442267417908,-0.04440443217754364,0.009155552834272385,0.017853328958153725,-0.028382213786244392,0.0553910955786705,-0.005026869475841522,-0.009696155786514282,0.005571231245994568,0.001674935221672058,0.002553999423980713,-0.0016478151082992554,0.0004839301109313965,-0.0021400246769189835,0.0,0.0,0.0,-0.0032048821449279785,0.0,0.0,0.0,0.0,0.0,0.0,0.0,0.0,0.0,0.0,0.0,0.0
20260709_111233_260179,2026-07-09T11:13:04.824,31.564260,pose,1155,stand,0.0,0.0,0.0,0.0,0.0,0.0,0.0,0.0,0.08,xsens:live,0.008473065681755543,-0.00874288473278284,-0.999925971031189,0.5009547164363538,0.4854952248142353,0.009622260928153992,0.03848904371261597,3.432807207107544,10.517906188964844,12,can0:12,3.8636434078216553,8.119144439697266,,"BL_hip_joint,BR_hip_joint,FL_hip_joint,FR_hip_joint,BL_thigh_joint,BR_thigh_joint,FL_thigh_joint,FR_thigh_joint,BL_calf_joint,BR_calf_joint,FL_calf_joint,FR_calf_joint",330e02f2406e129bb6ed6ec4a6c6bcd5f80d7e7799a2ab087e81eda65d2fae69,"step=001155 mode=stand  vx= 0.000 vy= 0.000 vxy= 0.000 yaw= 0.000 speed=0.08 imu=xsens:live tilt_rp=[+0.5,+0.5]deg imu_corr=0.010 act_max= 0.038 tau_cmd= 3.433 tau_cmd_max= 10.518 cmds=12 bus=can0:12 tau_fb= 3.864 tau_fb_max= 8.119",0.0,0.0,0.0,0.0,0.0,0.0,0.008473065681755543,-0.00874288473278284,-0.999925971031189,0.0,0.0,0.0,0.0,0.0,0.0,0.0,0.0,0.0,0.0,0.0,0.0,0.0,0.0,0.0,0.0,0.0,0.0,0.0,0.0,0.0,0.0,0.0,0.0,0.0,0.0,0.0,0.0,0.0,0.0,0.0,0.0,0.0,0.0,0.0,0.0,0.0,0.0,0.0,0.2535914480686188,-0.9074048399925232,-0.15594562888145447,0.9139856100082397,0.2642463147640228,-0.259429395198822,0.4159591794013977,-0.06199437379837036,-1.1411361694335938,0.7087806463241577,-0.76365065574646,1.014893889427185,-0.01998460292816162,-0.03848904371261597,0.022114261984825134,0.006658494472503662,0.010142087936401367,-0.006547987461090088,0.0019319653511047363,-0.008507434278726578,-3.707408905029297e-05,0.008114814758300781,-0.013393998146057129,-0.012730956077575684,-0.00843715202063322,-0.006903124041855335,0.006519617512822151,0.0026845482643693686,0.00076701381476596,0.00843715202063322,-0.00076701381476596,0.011505207046866417,0.004985589534044266,-0.01035468652844429,0.008053644560277462,-0.01418975554406643,0.09247108548879623,0.014191106893122196,-0.04623554274439812,-0.04303110018372536,0.04211554303765297,0.026551103219389915,0.0009155552834272385,-0.038453321903944016,-0.0791955292224884,-0.07644886523485184,-0.059053316712379456,0.0009155552834272385,-0.004996150732040405,-0.009622260928153992,0.005528565496206284,0.0016646236181259155,0.002535521984100342,-0.001636996865272522,0.0004829913377761841,-0.0021268585696816444,0.0,0.0,0.0,-0.003182739019393921,0.0,0.0,0.0,0.0,0.0,0.0,0.0,0.0,0.0,0.0,0.0,0.0
20260709_111233_260179,2026-07-09T11:13:04.955,31.695656,pose,1160,stand,0.0,0.0,0.0,0.0,0.0,0.0,0.0,0.0,0.08,xsens:live,0.008492724038660526,-0.008766542188823223,-0.9999254941940308,0.5023104247935046,0.4866218000673181,0.009647026658058167,0.038588106632232666,4.611752033233643,10.039999008178711,12,can0:12,3.757744073867798,8.239997863769531,,"BL_hip_joint,BR_hip_joint,FL_hip_joint,FR_hip_joint,BL_thigh_joint,BR_thigh_joint,FL_thigh_joint,FR_thigh_joint,BL_calf_joint,BR_calf_joint,FL_calf_joint,FR_calf_joint",330e02f2406e129bb6ed6ec4a6c6bcd5f80d7e7799a2ab087e81eda65d2fae69,"step=001160 mode=stand  vx= 0.000 vy= 0.000 vxy= 0.000 yaw= 0.000 speed=0.08 imu=xsens:live tilt_rp=[+0.5,+0.5]deg imu_corr=0.010 act_max= 0.039 tau_cmd= 4.612 tau_cmd_max= 10.040 cmds=12 bus=can0:12 tau_fb= 3.758 tau_fb_max= 8.240",0.0,0.0,0.0,0.0,0.0,0.0,0.008492724038660526,-0.008766542188823223,-0.9999254941940308,0.0,0.0,0.0,0.0,0.0,0.0,0.0,0.0,0.0,0.0,0.0,0.0,0.0,0.0,0.0,0.0,0.0,0.0,0.0,0.0,0.0,0.0,0.0,0.0,0.0,0.0,0.0,0.0,0.0,0.0,0.0,0.0,0.0,0.0,0.0,0.0,0.0,0.0,0.0,0.25353628396987915,-0.9075039029121399,-0.15588708221912384,0.9140058159828186,0.2642732560634613,-0.2594454288482666,0.4159645140171051,-0.06201758235692978,-1.1411364078521729,0.7088033556938171,-0.7636857032775879,1.0148611068725586,-0.020039767026901245,-0.038588106632232666,0.02217280864715576,0.0066787004470825195,0.010169029235839844,-0.006564021110534668,0.0019372999668121338,-0.008530642837285995,-3.731250762939453e-05,0.008137524127960205,-0.013429045677185059,-0.012763738632202148,-0.00843715202063322,-0.006903124041855335,0.006519617512822151,0.00306805525906384,0.00076701381476596,0.00843715202063322,-0.00076701381476596,0.011888713575899601,0.004985589534044266,-0.01035468652844429,0.008053644560277462,-0.01418975554406643,0.051271095871925354,0.062257759273052216,0.110782191157341,0.010528885759413242,0.0050355540588498116,0.05310220643877983,0.019226660951972008,-0.032044436782598495,0.02700888179242611,-0.0631733164191246,0.05401776358485222,0.010986663401126862,-0.005009941756725311,-0.009647026658058167,0.00554320216178894,0.0016696751117706299,0.002542257308959961,-0.001641005277633667,0.00048432499170303345,-0.002132660709321499,0.0,0.0,0.0,-0.003190934658050537,0.0,0.0,0.0,0.0,0.0,0.0,0.0,0.0,0.0,0.0,0.0,0.0
20260709_111233_260179,2026-07-09T11:13:05.088,31.828204,pose,1165,stand,0.0,0.0,0.0,0.0,0.0,0.0,0.0,0.0,0.08,xsens:live,0.008467422798275948,-0.008749278262257576,-0.9999259114265442,0.5013210676681519,0.48517193958912097,0.009625732898712158,0.03850293159484863,3.688081979751587,8.52387809753418,12,can0:12,3.935056686401367,9.305704116821289,,"BL_hip_joint,BR_hip_joint,FL_hip_joint,FR_hip_joint,BL_thigh_joint,BR_thigh_joint,FL_thigh_joint,FR_thigh_joint,BL_calf_joint,BR_calf_joint,FL_calf_joint,FR_calf_joint",330e02f2406e129bb6ed6ec4a6c6bcd5f80d7e7799a2ab087e81eda65d2fae69,"step=001165 mode=stand  vx= 0.000 vy= 0.000 vxy= 0.000 yaw= 0.000 speed=0.08 imu=xsens:live tilt_rp=[+0.5,+0.5]deg imu_corr=0.010 act_max= 0.039 tau_cmd= 3.688 tau_cmd_max= 8.524 cmds=12 bus=can0:12 tau_fb= 3.935 tau_fb_max= 9.306",0.0,0.0,0.0,0.0,0.0,0.0,0.008467422798275948,-0.008749278262257576,-0.9999259114265442,0.0,0.0,0.0,0.0,0.0,0.0,0.0,0.0,0.0,0.0,0.0,0.0,0.0,0.0,0.0,0.0,0.0,0.0,0.0,0.0,0.0,0.0,0.0,0.0,0.0,0.0,0.0,0.0,0.0,0.0,0.0,0.0,0.0,0.0,0.0,0.0,0.0,0.0,0.0,0.25356563925743103,-0.9074187278747559,-0.15593594312667847,0.9139961004257202,0.2642529010772705,-0.2594335973262787,0.4159652590751648,-0.06200471892952919,-1.1411337852478027,0.708793580532074,-0.7636632919311523,1.0148848295211792,-0.020010411739349365,-0.03850293159484863,0.022123947739601135,0.006668984889984131,0.010148674249649048,-0.006552189588546753,0.0019380450248718262,-0.008517779409885406,-3.4689903259277344e-05,0.008127748966217041,-0.013406634330749512,-0.012740015983581543,-0.00843715202063322,-0.006903124041855335,0.006519617512822151,0.00306805525906384,0.00076701381476596,0.00843715202063322,-0.00076701381476596,0.011888713575899601,0.004985589534044266,-0.01035468652844429,0.00843715202063322,-0.01418975554406643,0.008697775192558765,-0.04531998559832573,-0.0027466658502817154,0.009155552834272385,-0.004119998775422573,-0.014191106893122196,0.04989776387810707,0.03662221133708954,-0.053559985011816025,-0.021057771518826485,-0.0032044434919953346,0.008239997550845146,-0.005002602934837341,-0.009625732898712158,0.005530986934900284,0.0016672462224960327,0.002537168562412262,-0.0016380473971366882,0.00048451125621795654,-0.0021294448524713516,0.0,0.0,0.0,-0.0031850039958953857,0.0,0.0,0.0,0.0,0.0,0.0,0.0,0.0,0.0,0.0,0.0,0.0
20260709_111233_260179,2026-07-09T11:13:05.222,31.962565,pose,1170,stand,0.0,0.0,0.0,0.0,0.0,0.0,0.0,0.0,0.08,xsens:live,0.008520564064383507,-0.008789977990090847,-0.9999250769615173,0.5036534040064772,0.4882171231574941,0.00967387855052948,0.03869551420211792,3.9422242641448975,9.841300010681152,12,can0:12,3.475752830505371,7.320780277252197,,"BL_hip_joint,BR_hip_joint,FL_hip_joint,FR_hip_joint,BL_thigh_joint,BR_thigh_joint,FL_thigh_joint,FR_thigh_joint,BL_calf_joint,BR_calf_joint,FL_calf_joint,FR_calf_joint",330e02f2406e129bb6ed6ec4a6c6bcd5f80d7e7799a2ab087e81eda65d2fae69,"step=001170 mode=stand  vx= 0.000 vy= 0.000 vxy= 0.000 yaw= 0.000 speed=0.08 imu=xsens:live tilt_rp=[+0.5,+0.5]deg imu_corr=0.010 act_max= 0.039 tau_cmd= 3.942 tau_cmd_max= 9.841 cmds=12 bus=can0:12 tau_fb= 3.476 tau_fb_max= 7.321",0.0,0.0,0.0,0.0,0.0,0.0,0.008520564064383507,-0.008789977990090847,-0.9999250769615173,0.0,0.0,0.0,0.0,0.0,0.0,0.0,0.0,0.0,0.0,0.0,0.0,0.0,0.0,0.0,0.0,0.0,0.0,0.0,0.0,0.0,0.0,0.0,0.0,0.0,0.0,0.0,0.0,0.0,0.0,0.0,0.0,0.0,0.0,0.0,0.0,0.0,0.0,0.0,0.2534898519515991,-0.9076113104820251,-0.15582504868507385,0.9140215516090393,0.2643004357814789,-0.2594611346721649,0.4159663915634155,-0.06203756108880043,-1.1411383152008057,0.7088208198547363,-0.7637171745300293,1.0148284435272217,-0.020086199045181274,-0.03869551420211792,0.02223484218120575,0.006694436073303223,0.010196208953857422,-0.006579726934432983,0.0019391775131225586,-0.008550621569156647,-3.921985626220703e-05,0.008154988288879395,-0.013460516929626465,-0.012796401977539062,-0.00843715202063322,-0.006903124041855335,0.006519617512822151,0.00306805525906384,0.00076701381476596,0.00843715202063322,-0.00076701381476596,0.011888713575899601,0.004985589534044266,-0.01035468652844429,0.00843715202063322,-0.01418975554406643,0.07232886552810669,-0.04989776387810707,0.017853328958153725,0.004119998775422573,-0.04943998530507088,-0.04440443217754364,0.07370220124721527,0.0631733164191246,-0.028839992359280586,-0.05630664899945259,-0.04623554274439812,-0.04440443217754364,-0.005021549761295319,-0.00967387855052948,0.005558710545301437,0.0016736090183258057,0.0025490522384643555,-0.0016449317336082458,0.00048479437828063965,-0.0021376553922891617,0.0,0.0,0.0,-0.0031991004943847656,0.0,0.0,0.0,0.0,0.0,0.0,0.0,0.0,0.0,0.0,0.0,0.0
20260709_111233_260179,2026-07-09T11:13:05.358,32.098229,pose,1175,stand,0.0,0.0,0.0,0.0,0.0,0.0,0.0,0.0,0.08,xsens:live,0.008528723381459713,-0.008735439740121365,-0.9999254941940308,0.5005283894566851,0.48868441474020174,0.009632110595703125,0.0385284423828125,4.181169033050537,10.255800247192383,12,can0:12,3.465376853942871,8.10083293914795,,"BL_hip_joint,BR_hip_joint,FL_hip_joint,FR_hip_joint,BL_thigh_joint,BR_thigh_joint,FL_thigh_joint,FR_thigh_joint,BL_calf_joint,BR_calf_joint,FL_calf_joint,FR_calf_joint",330e02f2406e129bb6ed6ec4a6c6bcd5f80d7e7799a2ab087e81eda65d2fae69,"step=001175 mode=stand  vx= 0.000 vy= 0.000 vxy= 0.000 yaw= 0.000 speed=0.08 imu=xsens:live tilt_rp=[+0.5,+0.5]deg imu_corr=0.010 act_max= 0.039 tau_cmd= 4.181 tau_cmd_max= 10.256 cmds=12 bus=can0:12 tau_fb= 3.465 tau_fb_max= 8.101",0.0,0.0,0.0,0.0,0.0,0.0,0.008528723381459713,-0.008735439740121365,-0.9999254941940308,0.0,0.0,0.0,0.0,0.0,0.0,0.0,0.0,0.0,0.0,0.0,0.0,0.0,0.0,0.0,0.0,0.0,0.0,0.0,0.0,0.0,0.0,0.0,0.0,0.0,0.0,0.0,0.0,0.0,0.0,0.0,0.0,0.0,0.0,0.0,0.0,0.0,0.0,0.0,0.253669410943985,-0.9074442386627197,-0.15593022108078003,0.9139499664306641,0.2642400860786438,-0.25942501425743103,0.41593313217163086,-0.06196281686425209,-1.1411505937576294,0.7087352871894836,-0.7636219263076782,1.01490318775177,-0.01990664005279541,-0.0385284423828125,0.022129669785499573,0.0066228508949279785,0.010135859251022339,-0.006543606519699097,0.0019059181213378906,-0.008475877344608307,-5.14984130859375e-05,0.008069455623626709,-0.01336526870727539,-0.012721657752990723,-0.00843715202063322,-0.006903124041855335,0.006519617512822151,0.00306805525906384,0.00076701381476596,0.00843715202063322,-0.00076701381476596,0.011505207046866417,0.004985589534044266,-0.01035468652844429,0.008053644560277462,-0.01418975554406643,-0.018768884241580963,-0.028839992359280586,0.06591998040676117,0.007782219909131527,0.07049775868654251,-0.03479110077023506,0.005493331700563431,0.095675528049469,0.006408886983990669,0.0,-0.003662221133708954,0.016022218391299248,-0.0049766600131988525,-0.009632110595703125,0.005532417446374893,0.0016557127237319946,0.0025339648127555847,-0.0016359016299247742,0.00047647953033447266,-0.0021189693361520767,0.0,0.0,0.0,-0.0031804144382476807,0.0,0.0,0.0,0.0,0.0,0.0,0.0,0.0,0.0,0.0,0.0,0.0
20260709_111233_260179,2026-07-09T11:13:05.493,32.233028,pose,1180,stand,0.0,0.0,0.0,0.0,0.0,0.0,0.0,0.0,0.08,xsens:live,0.008533199317753315,-0.00873370561748743,-0.9999254941940308,0.500429031726715,0.48894086744108317,0.009631916880607605,0.03852766752243042,4.028875350952148,8.980375289916992,12,can0:12,3.7171547412872314,7.7419352531433105,,"BL_hip_joint,BR_hip_joint,FL_hip_joint,FR_hip_joint,BL_thigh_joint,BR_thigh_joint,FL_thigh_joint,FR_thigh_joint,BL_calf_joint,BR_calf_joint,FL_calf_joint,FR_calf_joint",330e02f2406e129bb6ed6ec4a6c6bcd5f80d7e7799a2ab087e81eda65d2fae69,"step=001180 mode=stand  vx= 0.000 vy= 0.000 vxy= 0.000 yaw= 0.000 speed=0.08 imu=xsens:live tilt_rp=[+0.5,+0.5]deg imu_corr=0.010 act_max= 0.039 tau_cmd= 4.029 tau_cmd_max= 8.980 cmds=12 bus=can0:12 tau_fb= 3.717 tau_fb_max= 7.742",0.0,0.0,0.0,0.0,0.0,0.0,0.008533199317753315,-0.00873370561748743,-0.9999254941940308,0.0,0.0,0.0,0.0,0.0,0.0,0.0,0.0,0.0,0.0,0.0,0.0,0.0,0.0,0.0,0.0,0.0,0.0,0.0,0.0,0.0,0.0,0.0,0.0,0.0,0.0,0.0,0.0,0.0,0.0,0.0,0.0,0.0,0.0,0.0,0.0,0.0,0.0,0.0,0.2536793351173401,-0.9074434638023376,-0.15593166649341583,0.9139460325241089,0.2642383873462677,-0.25942376255989075,0.41593053936958313,-0.06195896491408348,-1.1411516666412354,0.7087294459342957,-0.763617753982544,1.014905571937561,-0.019896715879440308,-0.03852766752243042,0.02212822437286377,0.006618916988372803,0.01013416051864624,-0.0065423548221588135,0.0019033253192901611,-0.008472025394439697,-5.257129669189453e-05,0.00806361436843872,-0.013361096382141113,-0.012719273567199707,-0.00843715202063322,-0.006903124041855335,0.00613611051812768,0.00306805525906384,0.00076701381476596,0.00843715202063322,-0.00076701381476596,0.011888713575899601,0.004985589534044266,-0.01035468652844429,0.008053644560277462,-0.01418975554406643,-0.08011108636856079,-0.0,-0.0068666646257042885,0.01144444104284048,-0.01831110566854477,-0.041657764464616776,0.0553910955786705,0.05493331700563431,-0.019226660951972008,-0.024262215942144394,-0.03891110047698021,0.024262215942144394,-0.004974178969860077,-0.009631916880607605,0.005532056093215942,0.0016547292470932007,0.00253354012966156,-0.0016355887055397034,0.0004758313298225403,-0.0021180063486099243,0.0,0.0,0.0,-0.0031798183917999268,0.0,0.0,0.0,0.0,0.0,0.0,0.0,0.0,0.0,0.0,0.0,0.0
20260709_111233_260179,2026-07-09T11:13:05.628,32.368500,pose,1185,stand,0.0,0.0,0.0,0.0,0.0,0.0,0.0,0.0,0.08,xsens:live,0.008477328345179558,-0.008672324009239674,-0.9999264478683472,0.4969116551011325,0.48573922634936967,0.009566336870193481,0.038265347480773926,4.43668794631958,8.481908798217773,12,can0:12,3.7192907333374023,7.958006381988525,,"BL_hip_joint,BR_hip_joint,FL_hip_joint,FR_hip_joint,BL_thigh_joint,BR_thigh_joint,FL_thigh_joint,FR_thigh_joint,BL_calf_joint,BR_calf_joint,FL_calf_joint,FR_calf_joint",330e02f2406e129bb6ed6ec4a6c6bcd5f80d7e7799a2ab087e81eda65d2fae69,"step=001185 mode=stand  vx= 0.000 vy= 0.000 vxy= 0.000 yaw= 0.000 speed=0.08 imu=xsens:live tilt_rp=[+0.5,+0.5]deg imu_corr=0.010 act_max= 0.038 tau_cmd= 4.437 tau_cmd_max= 8.482 cmds=12 bus=can0:12 tau_fb= 3.719 tau_fb_max= 7.958",0.0,0.0,0.0,0.0,0.0,0.0,0.008477328345179558,-0.008672324009239674,-0.9999264478683472,0.0,0.0,0.0,0.0,0.0,0.0,0.0,0.0,0.0,0.0,0.0,0.0,0.0,0.0,0.0,0.0,0.0,0.0,0.0,0.0,0.0,0.0,0.0,0.0,0.0,0.0,0.0,0.0,0.0,0.0,0.0,0.0,0.0,0.0,0.0,0.0,0.0,0.0,0.0,0.2538187801837921,-0.9071811437606812,-0.15608562529087067,0.9138959646224976,0.26416757702827454,-0.2593822777271271,0.4159186780452728,-0.061899617314338684,-1.1411497592926025,0.7086735367774963,-0.7635291814804077,1.014991283416748,-0.01975727081298828,-0.038265347480773926,0.021974265575408936,0.006568849086761475,0.010063350200653076,-0.006500869989395142,0.0018914639949798584,-0.0084126777946949,-5.066394805908203e-05,0.008007705211639404,-0.013272523880004883,-0.012633562088012695,-0.00843715202063322,-0.006903124041855335,0.00613611051812768,0.00306805525906384,0.00076701381476596,0.008053644560277462,-0.00076701381476596,0.011888713575899601,0.004985589534044266,-0.010738193057477474,0.00843715202063322,-0.01418975554406643,-0.020142216235399246,-0.03341776877641678,0.059968870133161545,0.024262215942144394,-0.06408887356519699,-0.0,0.10162663459777832,0.006408886983990669,-0.03021332435309887,-0.0119022186845541,0.0398266538977623,0.02609332650899887,-0.00493931770324707,-0.009566336870193481,0.005493566393852234,0.0016422122716903687,0.002515837550163269,-0.0016252174973487854,0.0004728659987449646,-0.002103169448673725,0.0,0.0,0.0,-0.003158390522003174,0.0,0.0,0.0,0.0,0.0,0.0,0.0,0.0,0.0,0.0,0.0,0.0
20260709_111233_260179,2026-07-09T11:13:05.757,32.497749,pose,1190,stand,0.0,0.0,0.0,0.0,0.0,0.0,0.0,0.0,0.08,xsens:live,0.008485398255288601,-0.008705494925379753,-0.9999261498451233,0.4988123535523016,0.4862017437887319,0.009595438838005066,0.038381755352020264,4.150261402130127,8.721632957458496,12,can0:12,3.395794630050659,8.298593521118164,,"BL_hip_joint,BR_hip_joint,FL_hip_joint,FR_hip_joint,BL_thigh_joint,BR_thigh_joint,FL_thigh_joint,FR_thigh_joint,BL_calf_joint,BR_calf_joint,FL_calf_joint,FR_calf_joint",330e02f2406e129bb6ed6ec4a6c6bcd5f80d7e7799a2ab087e81eda65d2fae69,"step=001190 mode=stand  vx= 0.000 vy= 0.000 vxy= 0.000 yaw= 0.000 speed=0.08 imu=xsens:live tilt_rp=[+0.5,+0.5]deg imu_corr=0.010 act_max= 0.038 tau_cmd= 4.150 tau_cmd_max= 8.722 cmds=12 bus=can0:12 tau_fb= 3.396 tau_fb_max= 8.299",0.0,0.0,0.0,0.0,0.0,0.0,0.008485398255288601,-0.008705494925379753,-0.9999261498451233,0.0,0.0,0.0,0.0,0.0,0.0,0.0,0.0,0.0,0.0,0.0,0.0,0.0,0.0,0.0,0.0,0.0,0.0,0.0,0.0,0.0,0.0,0.0,0.0,0.0,0.0,0.0,0.0,0.0,0.0,0.0,0.0,0.0,0.0,0.0,0.0,0.0,0.0,0.0,0.2537216544151306,-0.9072975516319275,-0.1560143530368805,0.9139333367347717,0.26420488953590393,-0.2594045102596283,0.4159340560436249,-0.06194004788994789,-1.1411457061767578,0.7087178230285645,-0.7635834217071533,1.0149450302124023,-0.01985439658164978,-0.038381755352020264,0.02204553782939911,0.0066062211990356445,0.01010066270828247,-0.006523102521896362,0.0019068419933319092,-0.008453108370304108,-4.661083221435547e-05,0.00805199146270752,-0.013326764106750488,-0.012679815292358398,-0.00843715202063322,-0.006903124041855335,0.006519617512822151,0.00306805525906384,0.00076701381476596,0.00843715202063322,-0.00076701381476596,0.011505207046866417,0.004985589534044266,-0.01035468652844429,0.008053644560277462,-0.01418975554406643,0.0196844395250082,0.0238044373691082,0.07690664380788803,-0.007782219909131527,0.051271095871925354,-0.017853328958153725,0.001831110566854477,-0.06958220154047012,0.050355542451143265,-0.026551103219389915,0.059053316712379456,0.005493331700563431,-0.004963599145412445,-0.009595438838005066,0.005511384457349777,0.0016515552997589111,0.0025251656770706177,-0.0016307756304740906,0.0004767104983329773,-0.002113277092576027,0.0,0.0,0.0,-0.0031699538230895996,0.0,0.0,0.0,0.0,0.0,0.0,0.0,0.0,0.0,0.0,0.0,0.0
20260709_111233_260179,2026-07-09T11:13:05.893,32.633034,pose,1195,stand,0.0,0.0,0.0,0.0,0.0,0.0,0.0,0.0,0.08,xsens:live,0.008475069887936115,-0.00878218375146389,-0.9999255537986755,0.5032065880926815,0.48561026024156234,0.009654566645622253,0.038618266582489014,3.555400848388672,10.029417037963867,12,can0:12,3.948789596557617,8.814966201782227,,"BL_hip_joint,BR_hip_joint,FL_hip_joint,FR_hip_joint,BL_thigh_joint,BR_thigh_joint,FL_thigh_joint,FR_thigh_joint,BL_calf_joint,BR_calf_joint,FL_calf_joint,FR_calf_joint",330e02f2406e129bb6ed6ec4a6c6bcd5f80d7e7799a2ab087e81eda65d2fae69,"step=001195 mode=stand  vx= 0.000 vy= 0.000 vxy= 0.000 yaw= 0.000 speed=0.08 imu=xsens:live tilt_rp=[+0.5,+0.5]deg imu_corr=0.010 act_max= 0.039 tau_cmd= 3.555 tau_cmd_max= 10.029 cmds=12 bus=can0:12 tau_fb= 3.949 tau_fb_max= 8.815",0.0,0.0,0.0,0.0,0.0,0.0,0.008475069887936115,-0.00878218375146389,-0.9999255537986755,0.0,0.0,0.0,0.0,0.0,0.0,0.0,0.0,0.0,0.0,0.0,0.0,0.0,0.0,0.0,0.0,0.0,0.0,0.0,0.0,0.0,0.0,0.0,0.0,0.0,0.0,0.0,0.0,0.0,0.0,0.0,0.0,0.0,0.0,0.0,0.0,0.0,0.0,0.0,0.2534695863723755,-0.9075340628623962,-0.15586557984352112,0.9140335917472839,0.2642902135848999,-0.2594558000564575,0.4159800708293915,-0.06204560026526451,-1.1411296129226685,0.7088372707366943,-0.7637174129486084,1.014839768409729,-0.020106464624404907,-0.038618266582489014,0.022194311022758484,0.0067064762115478516,0.010185986757278442,-0.006574392318725586,0.0019528567790985107,-0.008558660745620728,-3.0517578125e-05,0.008171439170837402,-0.013460755348205566,-0.012785077095031738,-0.00843715202063322,-0.006903124041855335,0.006519617512822151,0.00306805525906384,0.00076701381476596,0.00843715202063322,-0.00076701381476596,0.011888713575899601,0.004985589534044266,-0.01035468652844429,0.008053644560277462,-0.01380624808371067,0.023346660658717155,-0.025177771225571632,-0.010986663401126862,-0.02151555009186268,-0.0009155552834272385,0.010528885759413242,-0.013275551609694958,0.08377330750226974,-0.008239997550845146,0.01739555038511753,-0.032044436782598495,0.0476088747382164,-0.005026616156101227,-0.009654566645622253,0.005548577755689621,0.0016766190528869629,0.0025464966893196106,-0.0016435980796813965,0.0004882141947746277,-0.002139665186405182,0.0,0.0,0.0,-0.0031962692737579346,0.0,0.0,0.0,0.0,0.0,0.0,0.0,0.0,0.0,0.0,0.0,0.0
20260709_111233_260179,2026-07-09T11:13:06.027,32.767469,pose,1200,stand,0.0,0.0,0.0,0.0,0.0,0.0,0.0,0.0,0.08,xsens:live,0.008308153599500656,-0.008501515723764896,-0.9999293684959412,0.48712364036314154,0.47604480692283546,0.00937969982624054,0.03751879930496216,3.5766236782073975,8.58979606628418,12,can0:12,3.8685264587402344,8.983428001403809,,"BL_hip_joint,BR_hip_joint,FL_hip_joint,FR_hip_joint,BL_thigh_joint,BR_thigh_joint,FL_thigh_joint,FR_thigh_joint,BL_calf_joint,BR_calf_joint,FL_calf_joint,FR_calf_joint",330e02f2406e129bb6ed6ec4a6c6bcd5f80d7e7799a2ab087e81eda65d2fae69,"step=001200 mode=stand  vx= 0.000 vy= 0.000 vxy= 0.000 yaw= 0.000 speed=0.08 imu=xsens:live tilt_rp=[+0.5,+0.5]deg imu_corr=0.009 act_max= 0.038 tau_cmd= 3.577 tau_cmd_max= 8.590 cmds=12 bus=can0:12 tau_fb= 3.869 tau_fb_max= 8.983",0.0,0.0,0.0,0.0,0.0,0.0,0.008308153599500656,-0.008501515723764896,-0.9999293684959412,0.0,0.0,0.0,0.0,0.0,0.0,0.0,0.0,0.0,0.0,0.0,0.0,0.0,0.0,0.0,0.0,0.0,0.0,0.0,0.0,0.0,0.0,0.0,0.0,0.0,0.0,0.0,0.0,0.0,0.0,0.0,0.0,0.0,0.0,0.0,0.0,0.0,0.0,0.0,0.25419357419013977,-0.9064345955848694,-0.15652163326740265,0.9137634634971619,0.26396989822387695,-0.25926604866981506,0.41589146852493286,-0.061739929020404816,-1.1411432027816772,0.7085256576538086,-0.7632853984832764,1.0152292251586914,-0.019382476806640625,-0.03751879930496216,0.021538257598876953,0.006436347961425781,0.009865671396255493,-0.00638464093208313,0.0018642544746398926,-0.008252989500761032,-4.410743713378906e-05,0.00785982608795166,-0.013028740882873535,-0.012395620346069336,-0.00843715202063322,-0.006903124041855335,0.006519617512822151,0.00306805525906384,0.00076701381476596,0.008053644560277462,-0.00076701381476596,0.011505207046866417,0.004985589534044266,-0.01035468652844429,0.008053644560277462,-0.01380624808371067,0.041657764464616776,-0.04211554303765297,0.11215551942586899,-0.02151555009186268,0.04669332131743431,-0.0636310949921608,-0.029755547642707825,-0.0050355540588498116,-0.09155552834272385,-0.02288888208568096,0.06179998070001602,0.022431105375289917,-0.004845619201660156,-0.00937969982624054,0.005384564399719238,0.0016090869903564453,0.0024664178490638733,-0.0015961602330207825,0.00046606361865997314,-0.002063247375190258,0.0,0.0,0.0,-0.003098905086517334,0.0,0.0,0.0,0.0,0.0,0.0,0.0,0.0,0.0,0.0,0.0,0.0
20260709_111233_260179,2026-07-09T11:13:06.162,32.901836,pose,1205,stand,0.0,0.0,0.0,0.0,0.0,0.0,0.0,0.0,0.08,xsens:live,0.008320244960486889,-0.008470161817967892,-0.9999295473098755,0.48532710958919856,0.47673750666618187,0.009357750415802002,0.03743100166320801,4.020972728729248,8.816119194030762,12,can0:12,3.8734092712402344,8.232672691345215,,"BL_hip_joint,BR_hip_joint,FL_hip_joint,FR_hip_joint,BL_thigh_joint,BR_thigh_joint,FL_thigh_joint,FR_thigh_joint,BL_calf_joint,BR_calf_joint,FL_calf_joint,FR_calf_joint",330e02f2406e129bb6ed6ec4a6c6bcd5f80d7e7799a2ab087e81eda65d2fae69,"step=001205 mode=stand  vx= 0.000 vy= 0.000 vxy= 0.000 yaw= 0.000 speed=0.08 imu=xsens:live tilt_rp=[+0.5,+0.5]deg imu_corr=0.009 act_max= 0.037 tau_cmd= 4.021 tau_cmd_max= 8.816 cmds=12 bus=can0:12 tau_fb= 3.873 tau_fb_max= 8.233",0.0,0.0,0.0,0.0,0.0,0.0,0.008320244960486889,-0.008470161817967892,-0.9999295473098755,0.0,0.0,0.0,0.0,0.0,0.0,0.0,0.0,0.0,0.0,0.0,0.0,0.0,0.0,0.0,0.0,0.0,0.0,0.0,0.0,0.0,0.0,0.0,0.0,0.0,0.0,0.0,0.0,0.0,0.0,0.0,0.0,0.0,0.0,0.0,0.0,0.0,0.0,0.0,0.25430431962013245,-0.9063467979431152,-0.15657790005207062,0.9137184023857117,0.2639351487159729,-0.2592451572418213,0.4158691167831421,-0.06169353052973747,-1.1411511898040771,0.7084713578224182,-0.7632280588150024,1.0152721405029297,-0.01927173137664795,-0.03743100166320801,0.021481990814208984,0.006391286849975586,0.00983092188835144,-0.0063637495040893555,0.001841902732849121,-0.008206591010093689,-5.2094459533691406e-05,0.007805526256561279,-0.01297140121459961,-0.012352705001831055,-0.008820658549666405,-0.006519617512822151,0.00613611051812768,0.00306805525906384,0.00076701381476596,0.00843715202063322,-0.00076701381476596,0.011888713575899601,0.004985589534044266,-0.01035468652844429,0.00843715202063322,-0.01380624808371067,0.00045777764171361923,0.021973326802253723,-0.04669332131743431,-0.01235999632626772,-0.03250221163034439,0.023346660658717155,-0.0068666646257042885,-0.06454664468765259,0.0027466658502817154,0.022431105375289917,0.06912442296743393,0.01235999632626772,-0.004817932844161987,-0.009357750415802002,0.005370497703552246,0.0015978217124938965,0.00245773047208786,-0.0015909373760223389,0.0004604756832122803,-0.0020516477525234222,0.0,0.0,0.0,-0.0030881762504577637,0.0,0.0,0.0,0.0,0.0,0.0,0.0,0.0,0.0,0.0,0.0,0.0
20260709_111233_260179,2026-07-09T11:13:06.295,33.035467,pose,1210,stand,0.0,0.0,0.0,0.0,0.0,0.0,0.0,0.0,0.08,xsens:live,0.008373119868338108,-0.00839768536388874,-0.9999297261238098,0.4811744314533318,0.4797669323015087,0.009314104914665222,0.03725641965866089,4.393892765045166,8.723599433898926,12,can0:12,3.760185480117798,7.837153434753418,,"BL_hip_joint,BR_hip_joint,FL_hip_joint,FR_hip_joint,BL_thigh_joint,BR_thigh_joint,FL_thigh_joint,FR_thigh_joint,BL_calf_joint,BR_calf_joint,FL_calf_joint,FR_calf_joint",330e02f2406e129bb6ed6ec4a6c6bcd5f80d7e7799a2ab087e81eda65d2fae69,"step=001210 mode=stand  vx= 0.000 vy= 0.000 vxy= 0.000 yaw= 0.000 speed=0.08 imu=xsens:live tilt_rp=[+0.5,+0.5]deg imu_corr=0.009 act_max= 0.037 tau_cmd= 4.394 tau_cmd_max= 8.724 cmds=12 bus=can0:12 tau_fb= 3.760 tau_fb_max= 7.837",0.0,0.0,0.0,0.0,0.0,0.0,0.008373119868338108,-0.00839768536388874,-0.9999297261238098,0.0,0.0,0.0,0.0,0.0,0.0,0.0,0.0,0.0,0.0,0.0,0.0,0.0,0.0,0.0,0.0,0.0,0.0,0.0,0.0,0.0,0.0,0.0,0.0,0.0,0.0,0.0,0.0,0.0,0.0,0.0,0.0,0.0,0.0,0.0,0.0,0.0,0.0,0.0,0.25458502769470215,-0.9061722159385681,-0.15669554471969604,0.9136032462120056,0.2638568878173828,-0.2591971158981323,0.4158079922199249,-0.06157806143164635,-1.1411758661270142,0.7083315849304199,-0.7630891799926758,1.015371322631836,-0.018991023302078247,-0.03725641965866089,0.021364346146583557,0.006276130676269531,0.009752660989761353,-0.006315708160400391,0.001780778169631958,-0.008091121912002563,-7.677078247070312e-05,0.007665753364562988,-0.01283252239227295,-0.012253522872924805,-0.00843715202063322,-0.006903124041855335,0.00613611051812768,0.00306805525906384,0.00076701381476596,0.00843715202063322,-0.00076701381476596,0.011888713575899601,0.004985589534044266,-0.01035468652844429,0.008053644560277462,-0.01418975554406643,0.007782219909131527,0.110782191157341,-0.07370220124721527,-0.009613330475986004,0.01235999632626772,0.05493331700563431,0.018768884241580963,-0.0,0.04943998530507088,0.002288888208568096,-0.021057771518826485,-0.010528885759413242,-0.004747755825519562,-0.009314104914665222,0.005341086536645889,0.0015690326690673828,0.002438165247440338,-0.0015789270401000977,0.0004451945424079895,-0.002022780478000641,0.0,0.0,0.0,-0.003063380718231201,0.0,0.0,0.0,0.0,0.0,0.0,0.0,0.0,0.0,0.0,0.0,0.0
20260709_111233_260179,2026-07-09T11:13:06.430,33.170356,pose,1215,stand,0.0,0.0,0.0,0.0,0.0,0.0,0.0,0.0,0.08,xsens:live,0.008353063836693764,-0.008359474129974842,-0.999930202960968,0.4789848604675269,0.47861757772996066,0.009277492761611938,0.037109971046447754,3.767164945602417,7.82719087600708,12,can0:12,3.5920286178588867,8.265633583068848,,"BL_hip_joint,BR_hip_joint,FL_hip_joint,FR_hip_joint,BL_thigh_joint,BR_thigh_joint,FL_thigh_joint,FR_thigh_joint,BL_calf_joint,BR_calf_joint,FL_calf_joint,FR_calf_joint",330e02f2406e129bb6ed6ec4a6c6bcd5f80d7e7799a2ab087e81eda65d2fae69,"step=001215 mode=stand  vx= 0.000 vy= 0.000 vxy= 0.000 yaw= 0.000 speed=0.08 imu=xsens:live tilt_rp=[+0.5,+0.5]deg imu_corr=0.009 act_max= 0.037 tau_cmd= 3.767 tau_cmd_max= 7.827 cmds=12 bus=can0:12 tau_fb= 3.592 tau_fb_max= 8.266",0.0,0.0,0.0,0.0,0.0,0.0,0.008353063836693764,-0.008359474129974842,-0.999930202960968,0.0,0.0,0.0,0.0,0.0,0.0,0.0,0.0,0.0,0.0,0.0,0.0,0.0,0.0,0.0,0.0,0.0,0.0,0.0,0.0,0.0,0.0,0.0,0.0,0.0,0.0,0.0,0.0,0.0,0.0,0.0,0.0,0.0,0.0,0.0,0.0,0.0,0.0,0.0,0.2546865940093994,-0.906025767326355,-0.15678313374519348,0.9135652780532837,0.26381343603134155,-0.2591712176799774,0.41579461097717285,-0.06153497472405434,-1.141178846359253,0.7082872986793518,-0.7630293369293213,1.0154244899749756,-0.01888945698738098,-0.037109971046447754,0.02127675712108612,0.006238162517547607,0.009709209203720093,-0.006289809942245483,0.0017673969268798828,-0.008048035204410553,-7.975101470947266e-05,0.007621467113494873,-0.012772679328918457,-0.012200355529785156,-0.00843715202063322,-0.006903124041855335,0.006519617512822151,0.00306805525906384,0.00076701381476596,0.00843715202063322,-0.00076701381476596,0.011888713575899601,0.004985589534044266,-0.01035468652844429,0.008053644560277462,-0.01418975554406643,-0.00595110934227705,-0.028382213786244392,0.07461775839328766,-0.03662221133708954,-0.009613330475986004,0.007324442267417908,-0.056764427572488785,-0.02059999480843544,-0.04623554274439812,0.044862210750579834,0.007782219909131527,0.014648884534835815,-0.004722364246845245,-0.009277492761611938,0.00531918928027153,0.0015595406293869019,0.002427302300930023,-0.0015724524855613708,0.0004418492317199707,-0.0020120088011026382,0.0,0.0,0.0,-0.003050088882446289,0.0,0.0,0.0,0.0,0.0,0.0,0.0,0.0,0.0,0.0,0.0,0.0
20260709_111233_260179,2026-07-09T11:13:06.561,33.301182,pose,1220,stand,0.0,0.0,0.0,0.0,0.0,0.0,0.0,0.0,0.08,xsens:live,0.008340115658938885,-0.008359935134649277,-0.9999303221702576,0.47901121698335286,0.47787564472974764,0.00927416980266571,0.03709667921066284,3.8462982177734375,8.86535930633545,12,can0:12,3.8285465240478516,8.79299259185791,,"BL_hip_joint,BR_hip_joint,FL_hip_joint,FR_hip_joint,BL_thigh_joint,BR_thigh_joint,FL_thigh_joint,FR_thigh_joint,BL_calf_joint,BR_calf_joint,FL_calf_joint,FR_calf_joint",330e02f2406e129bb6ed6ec4a6c6bcd5f80d7e7799a2ab087e81eda65d2fae69,"step=001220 mode=stand  vx= 0.000 vy= 0.000 vxy= 0.000 yaw= 0.000 speed=0.08 imu=xsens:live tilt_rp=[+0.5,+0.5]deg imu_corr=0.009 act_max= 0.037 tau_cmd= 3.846 tau_cmd_max= 8.865 cmds=12 bus=can0:12 tau_fb= 3.829 tau_fb_max= 8.793",0.0,0.0,0.0,0.0,0.0,0.0,0.008340115658938885,-0.008359935134649277,-0.9999303221702576,0.0,0.0,0.0,0.0,0.0,0.0,0.0,0.0,0.0,0.0,0.0,0.0,0.0,0.0,0.0,0.0,0.0,0.0,0.0,0.0,0.0,0.0,0.0,0.0,0.0,0.0,0.0,0.0,0.0,0.0,0.0,0.0,0.0,0.0,0.0,0.0,0.0,0.0,0.0,0.25467249751091003,-0.9060124754905701,-0.15678933262825012,0.9135719537734985,0.2638135552406311,-0.2591715157032013,0.41580018401145935,-0.06154103949666023,-1.1411758661270142,0.708296000957489,-0.7630339860916138,1.0154242515563965,-0.01890355348587036,-0.03709667921066284,0.02127055823802948,0.006244838237762451,0.009709328413009644,-0.00629010796546936,0.0017729699611663818,-0.008054099977016449,-7.677078247070312e-05,0.00763016939163208,-0.012777328491210938,-0.012200593948364258,-0.008053644560277462,-0.006903124041855335,0.006519617512822151,0.00306805525906384,0.00076701381476596,0.00843715202063322,-0.00076701381476596,0.011888713575899601,0.004985589534044266,-0.01035468652844429,0.008053644560277462,-0.01418975554406643,0.032044436782598495,0.0013733329251408577,0.0068666646257042885,0.015564439818263054,-0.015564439818263054,0.05493331700563431,-0.02929776906967163,-0.00595110934227705,-0.050355542451143265,0.0631733164191246,0.02929776906967163,-0.014191106893122196,-0.00472588837146759,-0.00927416980266571,0.00531763955950737,0.0015612095594406128,0.002427332103252411,-0.00157252699136734,0.00044324249029159546,-0.0020135249942541122,0.0,0.0,0.0,-0.0030501484870910645,0.0,0.0,0.0,0.0,0.0,0.0,0.0,0.0,0.0,0.0,0.0,0.0
20260709_111233_260179,2026-07-09T11:13:06.698,33.438276,pose,1225,stand,0.0,0.0,0.0,0.0,0.0,0.0,0.0,0.0,0.08,xsens:live,0.008438178338110447,-0.008415873162448406,-0.9999290704727173,0.48221683130061377,0.4834948236119254,0.009347543120384216,0.037390172481536865,4.295468807220459,9.29544448852539,12,can0:12,3.8230535984039307,8.185064315795898,,"BL_hip_joint,BR_hip_joint,FL_hip_joint,FR_hip_joint,BL_thigh_joint,BR_thigh_joint,FL_thigh_joint,FR_thigh_joint,BL_calf_joint,BR_calf_joint,FL_calf_joint,FR_calf_joint",330e02f2406e129bb6ed6ec4a6c6bcd5f80d7e7799a2ab087e81eda65d2fae69,"step=001225 mode=stand  vx= 0.000 vy= 0.000 vxy= 0.000 yaw= 0.000 speed=0.08 imu=xsens:live tilt_rp=[+0.5,+0.5]deg imu_corr=0.009 act_max= 0.037 tau_cmd= 4.295 tau_cmd_max= 9.295 cmds=12 bus=can0:12 tau_fb= 3.823 tau_fb_max= 8.185",0.0,0.0,0.0,0.0,0.0,0.0,0.008438178338110447,-0.008415873162448406,-0.9999290704727173,0.0,0.0,0.0,0.0,0.0,0.0,0.0,0.0,0.0,0.0,0.0,0.0,0.0,0.0,0.0,0.0,0.0,0.0,0.0,0.0,0.0,0.0,0.0,0.0,0.0,0.0,0.0,0.0,0.0,0.0,0.0,0.0,0.0,0.0,0.0,0.0,0.0,0.0,0.0,0.2545912563800812,-0.9063059687614441,-0.15662311017513275,0.9135950207710266,0.26387977600097656,-0.2592102289199829,0.41579267382621765,-0.061576589941978455,-1.1411874294281006,0.7083181142807007,-0.7631020545959473,1.0153449773788452,-0.01898479461669922,-0.037390172481536865,0.02143678069114685,0.006267905235290527,0.009775549173355103,-0.0063288211822509766,0.0017654597759246826,-0.008089650422334671,-8.83340835571289e-05,0.00765228271484375,-0.012845396995544434,-0.012279868125915527,-0.008053644560277462,-0.006903124041855335,0.006519617512822151,0.00306805525906384,0.00076701381476596,0.00843715202063322,-0.00076701381476596,0.011888713575899601,0.004985589534044266,-0.01035468652844429,0.00843715202063322,-0.01418975554406643,-0.03570665791630745,0.010071108117699623,0.0874355286359787,0.013733329251408577,0.032959990203380585,-0.016479995101690292,-0.07370220124721527,-0.0,-0.038453321903944016,0.01739555038511753,-0.004119998775422573,-0.026551103219389915,-0.004746198654174805,-0.009347543120384216,0.005359195172786713,0.0015669763088226318,0.0024438872933387756,-0.0015822052955627441,0.00044136494398117065,-0.0020224126055836678,0.0,0.0,0.0,-0.003069967031478882,0.0,0.0,0.0,0.0,0.0,0.0,0.0,0.0,0.0,0.0,0.0,0.0
20260709_111233_260179,2026-07-09T11:13:06.834,33.574670,pose,1230,stand,0.0,0.0,0.0,0.0,0.0,0.0,0.0,0.0,0.08,xsens:live,0.008507292717695236,-0.008437559008598328,-0.9999282956123352,0.48345971327701454,0.48745516016577933,0.009384796023368835,0.03753918409347534,4.2313714027404785,10.481925964355469,12,can0:12,3.9054534435272217,8.199712753295898,,"BL_hip_joint,BR_hip_joint,FL_hip_joint,FR_hip_joint,BL_thigh_joint,BR_thigh_joint,FL_thigh_joint,FR_thigh_joint,BL_calf_joint,BR_calf_joint,FL_calf_joint,FR_calf_joint",330e02f2406e129bb6ed6ec4a6c6bcd5f80d7e7799a2ab087e81eda65d2fae69,"step=001230 mode=stand  vx= 0.000 vy= 0.000 vxy= 0.000 yaw= 0.000 speed=0.08 imu=xsens:live tilt_rp=[+0.5,+0.5]deg imu_corr=0.009 act_max= 0.038 tau_cmd= 4.231 tau_cmd_max= 10.482 cmds=12 bus=can0:12 tau_fb= 3.905 tau_fb_max= 8.200",0.0,0.0,0.0,0.0,0.0,0.0,0.008507292717695236,-0.008437559008598328,-0.9999282956123352,0.0,0.0,0.0,0.0,0.0,0.0,0.0,0.0,0.0,0.0,0.0,0.0,0.0,0.0,0.0,0.0,0.0,0.0,0.0,0.0,0.0,0.0,0.0,0.0,0.0,0.0,0.0,0.0,0.0,0.0,0.0,0.0,0.0,0.0,0.0,0.0,0.0,0.0,0.0,0.25458961725234985,-0.9064549803733826,-0.1565418839454651,0.9135890603065491,0.26390716433525085,-0.25922542810440063,0.4157771170139313,-0.06157870590686798,-1.1411994695663452,0.7083077430725098,-0.7631196975708008,1.0153141021728516,-0.018986433744430542,-0.03753918409347534,0.021518006920814514,0.006261944770812988,0.009802937507629395,-0.006344020366668701,0.0017499029636383057,-0.008091766387224197,-0.00010037422180175781,0.007641911506652832,-0.01286303997039795,-0.01231074333190918,-0.008053644560277462,-0.006903124041855335,0.00613611051812768,0.00306805525906384,0.00076701381476596,0.00843715202063322,-0.00076701381476596,0.011888713575899601,0.004985589534044266,-0.01035468652844429,0.008053644560277462,-0.01380624808371067,0.08102664351463318,-0.10025330632925034,-0.03341776877641678,0.025635547935962677,0.001831110566854477,0.05767998471856117,-0.012817773967981339,0.09796441346406937,0.010528885759413242,-0.038453321903944016,0.014191106893122196,0.03799554333090782,-0.0047466084361076355,-0.009384796023368835,0.0053795017302036285,0.001565486192703247,0.0024507343769073486,-0.0015860050916671753,0.0004374757409095764,-0.0020229415968060493,0.0,0.0,0.0,-0.003077685832977295,0.0,0.0,0.0,0.0,0.0,0.0,0.0,0.0,0.0,0.0,0.0,0.0
20260709_111233_260179,2026-07-09T11:13:06.971,33.711654,pose,1235,stand,0.0,0.0,0.0,0.0,0.0,0.0,0.0,0.0,0.08,xsens:live,0.008536184206604958,-0.008371088653802872,-0.9999285340309143,0.4796511240629416,0.4891104024040054,0.009339138865470886,0.037356555461883545,4.450294017791748,9.702219009399414,12,can0:12,3.7238686084747314,7.313455581665039,,"BL_hip_joint,BR_hip_joint,FL_hip_joint,FR_hip_joint,BL_thigh_joint,BR_thigh_joint,FL_thigh_joint,FR_thigh_joint,BL_calf_joint,BR_calf_joint,FL_calf_joint,FR_calf_joint",330e02f2406e129bb6ed6ec4a6c6bcd5f80d7e7799a2ab087e81eda65d2fae69,"step=001235 mode=stand  vx= 0.000 vy= 0.000 vxy= 0.000 yaw= 0.000 speed=0.08 imu=xsens:live tilt_rp=[+0.5,+0.5]deg imu_corr=0.009 act_max= 0.037 tau_cmd= 4.450 tau_cmd_max= 9.702 cmds=12 bus=can0:12 tau_fb= 3.724 tau_fb_max= 7.313",0.0,0.0,0.0,0.0,0.0,0.0,0.008536184206604958,-0.008371088653802872,-0.9999285340309143,0.0,0.0,0.0,0.0,0.0,0.0,0.0,0.0,0.0,0.0,0.0,0.0,0.0,0.0,0.0,0.0,0.0,0.0,0.0,0.0,0.0,0.0,0.0,0.0,0.0,0.0,0.0,0.0,0.0,0.0,0.0,0.0,0.0,0.0,0.0,0.0,0.0,0.0,0.0,0.25482839345932007,-0.9062723517417908,-0.15666012465953827,0.9134924411773682,0.26383399963378906,-0.25918108224868774,0.41572922468185425,-0.0614798404276371,-1.1412179470062256,0.7081913948059082,-0.7629971504211426,1.0154050588607788,-0.018747657537460327,-0.037356555461883545,0.021399766206741333,0.00616532564163208,0.009729772806167603,-0.0062996745109558105,0.0017020106315612793,-0.007992900907993317,-0.0001188516616821289,0.0075255632400512695,-0.012740492820739746,-0.012219786643981934,-0.00843715202063322,-0.006903124041855335,0.00613611051812768,0.00306805525906384,0.00076701381476596,0.00843715202063322,-0.00076701381476596,0.011888713575899601,0.004985589534044266,-0.01035468652844429,0.008053644560277462,-0.01418975554406643,-0.06042664870619774,0.051271095871925354,0.03891110047698021,0.013275551609694958,-0.024262215942144394,-0.0050355540588498116,0.036164432764053345,0.02929776906967163,-0.044862210750579834,0.0119022186845541,0.019226660951972008,-0.037537768483161926,-0.004686914384365082,-0.009339138865470886,0.005349941551685333,0.00154133141040802,0.0024324432015419006,-0.0015749186277389526,0.0004255026578903198,-0.001998225226998329,0.0,0.0,0.0,-0.0030549466609954834,0.0,0.0,0.0,0.0,0.0,0.0,0.0,0.0,0.0,0.0,0.0,0.0
20260709_111233_260179,2026-07-09T11:13:07.108,33.848713,pose,1240,stand,0.0,0.0,0.0,0.0,0.0,0.0,0.0,0.0,0.08,xsens:live,0.008548479527235031,-0.008264917880296707,-0.9999293684959412,0.473567577833305,0.489814462577297,0.009256765246391296,0.037027060985565186,4.067052364349365,10.042756080627441,12,can0:12,3.7989437580108643,9.11893081665039,,"BL_hip_joint,BR_hip_joint,FL_hip_joint,FR_hip_joint,BL_thigh_joint,BR_thigh_joint,FL_thigh_joint,FR_thigh_joint,BL_calf_joint,BR_calf_joint,FL_calf_joint,FR_calf_joint",330e02f2406e129bb6ed6ec4a6c6bcd5f80d7e7799a2ab087e81eda65d2fae69,"step=001240 mode=stand  vx= 0.000 vy= 0.000 vxy= 0.000 yaw= 0.000 speed=0.08 imu=xsens:live tilt_rp=[+0.5,+0.5]deg imu_corr=0.009 act_max= 0.037 tau_cmd= 4.067 tau_cmd_max= 10.043 cmds=12 bus=can0:12 tau_fb= 3.799 tau_fb_max= 9.119",0.0,0.0,0.0,0.0,0.0,0.0,0.008548479527235031,-0.008264917880296707,-0.9999293684959412,0.0,0.0,0.0,0.0,0.0,0.0,0.0,0.0,0.0,0.0,0.0,0.0,0.0,0.0,0.0,0.0,0.0,0.0,0.0,0.0,0.0,0.0,0.0,0.0,0.0,0.0,0.0,0.0,0.0,0.0,0.0,0.0,0.0,0.0,0.0,0.0,0.0,0.0,0.0,0.2551763653755188,-0.9059428572654724,-0.1568673998117447,0.9133545756340027,0.2637163996696472,-0.25911036133766174,0.4156658351421356,-0.061334799975156784,-1.141240119934082,0.7080268263816833,-0.7628122568130493,1.0155513286590576,-0.018399685621261597,-0.037027060985565186,0.021192491054534912,0.0060274600982666016,0.009612172842025757,-0.00622895359992981,0.0016386210918426514,-0.007847860455513,-0.00014102458953857422,0.007360994815826416,-0.012555599212646484,-0.012073516845703125,-0.00843715202063322,-0.006903124041855335,0.00613611051812768,0.00306805525906384,0.00076701381476596,0.00843715202063322,-0.00076701381476596,0.011888713575899601,0.004985589534044266,-0.01035468652844429,0.00843715202063322,-0.01418975554406643,-0.05218665301799774,0.0119022186845541,-0.0238044373691082,-0.031128879636526108,-0.00595110934227705,-0.01831110566854477,0.025635547935962677,-0.027466658502817154,0.004577776417136192,-0.014648884534835815,0.03799554333090782,-0.04623554274439812,-0.004599921405315399,-0.009256765246391296,0.005298122763633728,0.0015068650245666504,0.002403043210506439,-0.0015572383999824524,0.00040965527296066284,-0.00196196511387825,0.0,0.0,0.0,-0.0030183792114257812,0.0,0.0,0.0,0.0,0.0,0.0,0.0,0.0,0.0,0.0,0.0,0.0
20260709_111233_260179,2026-07-09T11:13:07.245,33.985692,pose,1245,stand,0.0,0.0,0.0,0.0,0.0,0.0,0.0,0.0,0.08,xsens:live,0.008620770648121834,-0.008251807652413845,-0.9999288320541382,0.47281666892978114,0.49395669096946915,0.009266793727874756,0.03706717491149902,3.701692581176758,9.633940696716309,12,can0:12,3.9677114486694336,9.016388893127441,,"BL_hip_joint,BR_hip_joint,FL_hip_joint,FR_hip_joint,BL_thigh_joint,BR_thigh_joint,FL_thigh_joint,FR_thigh_joint,BL_calf_joint,BR_calf_joint,FL_calf_joint,FR_calf_joint",330e02f2406e129bb6ed6ec4a6c6bcd5f80d7e7799a2ab087e81eda65d2fae69,"step=001245 mode=stand  vx= 0.000 vy= 0.000 vxy= 0.000 yaw= 0.000 speed=0.08 imu=xsens:live tilt_rp=[+0.5,+0.5]deg imu_corr=0.009 act_max= 0.037 tau_cmd= 3.702 tau_cmd_max= 9.634 cmds=12 bus=can0:12 tau_fb= 3.968 tau_fb_max= 9.016",0.0,0.0,0.0,0.0,0.0,0.0,0.008620770648121834,-0.008251807652413845,-0.9999288320541382,0.0,0.0,0.0,0.0,0.0,0.0,0.0,0.0,0.0,0.0,0.0,0.0,0.0,0.0,0.0,0.0,0.0,0.0,0.0,0.0,0.0,0.0,0.0,0.0,0.0,0.0,0.0,0.0,0.0,0.0,0.0,0.0,0.0,0.0,0.0,0.0,0.0,0.0,0.0,0.25528883934020996,-0.9059829711914062,-0.15685436129570007,0.9133038520812988,0.26370465755462646,-0.25910210609436035,0.41562992334365845,-0.061289481818675995,-1.1412584781646729,0.7079631090164185,-0.7627691030502319,1.0155682563781738,-0.018287211656570435,-0.03706717491149902,0.02120552957057953,0.005976736545562744,0.009600430727005005,-0.006220698356628418,0.0016027092933654785,-0.007802542299032211,-0.00015938282012939453,0.0072972774505615234,-0.012512445449829102,-0.012056589126586914,-0.00843715202063322,-0.006903124041855335,0.00613611051812768,0.00306805525906384,0.00076701381476596,0.00843715202063322,-0.00076701381476596,0.011888713575899601,0.004985589534044266,-0.01035468652844429,0.008053644560277462,-0.01418975554406643,0.04623554274439812,0.010528885759413242,0.03021332435309887,-0.0050355540588498116,-0.03433332219719887,-0.002288888208568096,0.059053316712379456,-0.0398266538977623,-0.04669332131743431,0.037537768483161926,0.0050355540588498116,-0.03479110077023506,-0.004571802914142609,-0.009266793727874756,0.005301382392644882,0.001494184136390686,0.0024001076817512512,-0.0015551745891571045,0.00040067732334136963,-0.0019506355747580528,0.0,0.0,0.0,-0.0030141472816467285,0.0,0.0,0.0,0.0,0.0,0.0,0.0,0.0,0.0,0.0,0.0,0.0
20260709_111233_260179,2026-07-09T11:13:07.382,34.122110,pose,1250,stand,0.0,0.0,0.0,0.0,0.0,0.0,0.0,0.0,0.08,xsens:live,0.008599779568612576,-0.008243716321885586,-0.9999290704727173,0.4723529557646772,0.49275387679898397,0.009254097938537598,0.03701639175415039,3.710261583328247,8.533822059631348,12,can0:12,3.7101352214813232,8.43409538269043,,"BL_hip_joint,BR_hip_joint,FL_hip_joint,FR_hip_joint,BL_thigh_joint,BR_thigh_joint,FL_thigh_joint,FR_thigh_joint,BL_calf_joint,BR_calf_joint,FL_calf_joint,FR_calf_joint",330e02f2406e129bb6ed6ec4a6c6bcd5f80d7e7799a2ab087e81eda65d2fae69,"step=001250 mode=stand  vx= 0.000 vy= 0.000 vxy= 0.000 yaw= 0.000 speed=0.08 imu=xsens:live tilt_rp=[+0.5,+0.5]deg imu_corr=0.009 act_max= 0.037 tau_cmd= 3.710 tau_cmd_max= 8.534 cmds=12 bus=can0:12 tau_fb= 3.710 tau_fb_max= 8.434",0.0,0.0,0.0,0.0,0.0,0.0,0.008599779568612576,-0.008243716321885586,-0.9999290704727173,0.0,0.0,0.0,0.0,0.0,0.0,0.0,0.0,0.0,0.0,0.0,0.0,0.0,0.0,0.0,0.0,0.0,0.0,0.0,0.0,0.0,0.0,0.0,0.0,0.0,0.0,0.0,0.0,0.0,0.0,0.0,0.0,0.0,0.0,0.0,0.0,0.0,0.0,0.0,0.25529366731643677,-0.9059321880340576,-0.15688197314739227,0.9133039712905884,0.2636945843696594,-0.25909656286239624,0.41563376784324646,-0.061286892741918564,-1.1412551403045654,0.7079633474349976,-0.7627613544464111,1.0155797004699707,-0.018282383680343628,-0.03701639175415039,0.02117791771888733,0.005976855754852295,0.009590357542037964,-0.006215155124664307,0.0016065537929534912,-0.00779995322227478,-0.00015604496002197266,0.007297515869140625,-0.0125046968460083,-0.012045145034790039,-0.008053644560277462,-0.006903124041855335,0.00613611051812768,0.00306805525906384,0.00038350690738298,0.00843715202063322,-0.00076701381476596,0.011888713575899601,0.004985589534044266,-0.01035468652844429,0.008053644560277462,-0.01418975554406643,0.014191106893122196,-0.0050355540588498116,-0.021973326802253723,0.013275551609694958,-0.03387554734945297,-0.016022218391299248,-0.08423108607530594,0.044862210750579834,-0.0636310949921608,0.02471999265253544,-0.03479110077023506,0.035248879343271255,-0.004570595920085907,-0.009254097938537598,0.005294479429721832,0.0014942139387130737,0.002397589385509491,-0.0015537887811660767,0.0004016384482383728,-0.001949988305568695,0.0,0.0,0.0,-0.0030112862586975098,0.0,0.0,0.0,0.0,0.0,0.0,0.0,0.0,0.0,0.0,0.0,0.0
20260709_111233_260179,2026-07-09T11:13:07.517,34.257108,pose,1255,stand,0.0,0.0,0.0,0.0,0.0,0.0,0.0,0.0,0.08,xsens:live,0.008609130047261715,-0.008238082751631737,-0.9999290108680725,0.4720302031291496,0.4932896474975662,0.009252309799194336,0.037009239196777344,4.399633884429932,9.225504875183105,12,can0:12,3.8154239654541016,8.45240592956543,,"BL_hip_joint,BR_hip_joint,FL_hip_joint,FR_hip_joint,BL_thigh_joint,BR_thigh_joint,FL_thigh_joint,FR_thigh_joint,BL_calf_joint,BR_calf_joint,FL_calf_joint,FR_calf_joint",330e02f2406e129bb6ed6ec4a6c6bcd5f80d7e7799a2ab087e81eda65d2fae69,"step=001255 mode=stand  vx= 0.000 vy= 0.000 vxy= 0.000 yaw= 0.000 speed=0.08 imu=xsens:live tilt_rp=[+0.5,+0.5]deg imu_corr=0.009 act_max= 0.037 tau_cmd= 4.400 tau_cmd_max= 9.226 cmds=12 bus=can0:12 tau_fb= 3.815 tau_fb_max= 8.452",0.0,0.0,0.0,0.0,0.0,0.0,0.008609130047261715,-0.008238082751631737,-0.9999290108680725,0.0,0.0,0.0,0.0,0.0,0.0,0.0,0.0,0.0,0.0,0.0,0.0,0.0,0.0,0.0,0.0,0.0,0.0,0.0,0.0,0.0,0.0,0.0,0.0,0.0,0.0,0.0,0.0,0.0,0.0,0.0,0.0,0.0,0.0,0.0,0.0,0.0,0.0,0.0,0.25532060861587524,-0.9059250354766846,-0.15688830614089966,0.9132925271987915,0.263688862323761,-0.25909292697906494,0.41562706232070923,-0.06127608194947243,-1.1412583589553833,0.7079494595527649,-0.7627489566802979,1.0155872106552124,-0.01825544238090515,-0.037009239196777344,0.021171584725379944,0.00596541166305542,0.009584635496139526,-0.006211519241333008,0.0015998482704162598,-0.007789142429828644,-0.00015926361083984375,0.007283627986907959,-0.01249229907989502,-0.01203763484954834,-0.00843715202063322,-0.006519617512822151,0.00613611051812768,0.0026845482643693686,0.00076701381476596,0.00843715202063322,-0.00076701381476596,0.011888713575899601,0.004985589534044266,-0.01035468652844429,0.008053644560277462,-0.01418975554406643,-0.025177771225571632,0.0315866582095623,-0.09750663489103317,-0.010528885759413242,-0.032044436782598495,-0.031128879636526108,-0.016022218391299248,0.014648884534835815,0.05630664899945259,0.007324442267417908,-0.016022218391299248,-0.023346660658717155,-0.004563860595226288,-0.009252309799194336,0.005292896181344986,0.001491352915763855,0.0023961588740348816,-0.001552879810333252,0.00039996206760406494,-0.001947285607457161,0.0,0.0,0.0,-0.003009408712387085,0.0,0.0,0.0,0.0,0.0,0.0,0.0,0.0,0.0,0.0,0.0,0.0
20260709_111233_260179,2026-07-09T11:13:07.647,34.386913,pose,1260,stand,0.0,0.0,0.0,0.0,0.0,0.0,0.0,0.0,0.08,xsens:live,0.00859923381358385,-0.008264039643108845,-0.9999289512634277,0.4735174560038702,0.49272266617223914,0.009270548820495605,0.03708219528198242,4.010364055633545,11.130475044250488,12,can0:12,3.6445205211639404,7.4929046630859375,,"BL_hip_joint,BR_hip_joint,FL_hip_joint,FR_hip_joint,BL_thigh_joint,BR_thigh_joint,FL_thigh_joint,FR_thigh_joint,BL_calf_joint,BR_calf_joint,FL_calf_joint,FR_calf_joint",330e02f2406e129bb6ed6ec4a6c6bcd5f80d7e7799a2ab087e81eda65d2fae69,"step=001260 mode=stand  vx= 0.000 vy= 0.000 vxy= 0.000 yaw= 0.000 speed=0.08 imu=xsens:live tilt_rp=[+0.5,+0.5]deg imu_corr=0.009 act_max= 0.037 tau_cmd= 4.010 tau_cmd_max= 11.130 cmds=12 bus=can0:12 tau_fb= 3.645 tau_fb_max= 7.493",0.0,0.0,0.0,0.0,0.0,0.0,0.00859923381358385,-0.008264039643108845,-0.9999289512634277,0.0,0.0,0.0,0.0,0.0,0.0,0.0,0.0,0.0,0.0,0.0,0.0,0.0,0.0,0.0,0.0,0.0,0.0,0.0,0.0,0.0,0.0,0.0,0.0,0.0,0.0,0.0,0.0,0.0,0.0,0.0,0.0,0.0,0.0,0.0,0.0,0.0,0.0,0.0,0.25522851943969727,-0.9059979915618896,-0.15684108436107635,0.9133293032646179,0.26371732354164124,-0.2591102719306946,0.4156455993652344,-0.06131397932767868,-1.1412516832351685,0.7079939246177673,-0.7627960443496704,1.0155516862869263,-0.01834753155708313,-0.03708219528198242,0.021218806505203247,0.006002187728881836,0.009613096714019775,-0.0062288641929626465,0.0016183853149414062,-0.007827039808034897,-0.000152587890625,0.0073280930519104,-0.012539386749267578,-0.012073159217834473,-0.00843715202063322,-0.006519617512822151,0.00613611051812768,0.0026845482643693686,0.00076701381476596,0.00843715202063322,-0.00076701381476596,0.011888713575899601,0.004985589534044266,-0.01035468652844429,0.00843715202063322,-0.01418975554406643,0.041657764464616776,0.04348887503147125,-0.010071108117699623,-0.0476088747382164,0.020142216235399246,-0.00595110934227705,0.032959990203380585,0.05493331700563431,0.03341776877641678,0.11169774830341339,0.041657764464616776,-0.07644886523485184,-0.0045868828892707825,-0.009270548820495605,0.005304701626300812,0.001500546932220459,0.002403274178504944,-0.0015572160482406616,0.00040459632873535156,-0.001956759952008724,0.0,0.0,0.0,-0.003018289804458618,0.0,0.0,0.0,0.0,0.0,0.0,0.0,0.0,0.0,0.0,0.0,0.0
20260709_111233_260179,2026-07-09T11:13:07.782,34.521947,pose,1265,stand,0.0,0.0,0.0,0.0,0.0,0.0,0.0,0.0,0.08,xsens:live,0.008594651706516743,-0.008313139900565147,-0.9999285340309143,0.47633089886606855,0.49246033700284425,0.009308919310569763,0.03723567724227905,4.36659574508667,8.877418518066406,12,can0:12,3.528244972229004,7.961668968200684,,"BL_hip_joint,BR_hip_joint,FL_hip_joint,FR_hip_joint,BL_thigh_joint,BR_thigh_joint,FL_thigh_joint,FR_thigh_joint,BL_calf_joint,BR_calf_joint,FL_calf_joint,FR_calf_joint",330e02f2406e129bb6ed6ec4a6c6bcd5f80d7e7799a2ab087e81eda65d2fae69,"step=001265 mode=stand  vx= 0.000 vy= 0.000 vxy= 0.000 yaw= 0.000 speed=0.08 imu=xsens:live tilt_rp=[+0.5,+0.5]deg imu_corr=0.009 act_max= 0.037 tau_cmd= 4.367 tau_cmd_max= 8.877 cmds=12 bus=can0:12 tau_fb= 3.528 tau_fb_max= 7.962",0.0,0.0,0.0,0.0,0.0,0.0,0.008594651706516743,-0.008313139900565147,-0.9999285340309143,0.0,0.0,0.0,0.0,0.0,0.0,0.0,0.0,0.0,0.0,0.0,0.0,0.0,0.0,0.0,0.0,0.0,0.0,0.0,0.0,0.0,0.0,0.0,0.0,0.0,0.0,0.0,0.0,0.0,0.0,0.0,0.0,0.0,0.0,0.0,0.0,0.0,0.0,0.0,0.2550685405731201,-0.9061514735221863,-0.15674474835395813,0.9133927226066589,0.26377198100090027,-0.2591431438922882,0.41567420959472656,-0.06138056144118309,-1.1412415504455566,0.7080695629119873,-0.7628812789916992,1.0154839754104614,-0.01850751042366028,-0.03723567724227905,0.021315142512321472,0.0060656070709228516,0.009667754173278809,-0.006261736154556274,0.0016469955444335938,-0.007893621921539307,-0.0001424551010131836,0.007403731346130371,-0.012624621391296387,-0.012140870094299316,-0.008053644560277462,-0.006903124041855335,0.006519617512822151,0.00306805525906384,0.00076701381476596,0.00843715202063322,-0.00076701381476596,0.011505207046866417,0.004985589534044266,-0.010738193057477474,0.00843715202063322,-0.01418975554406643,0.009155552834272385,0.06729331612586975,0.035248879343271255,-0.032044436782598495,-0.028839992359280586,0.055848874151706696,0.0013733329251408577,-0.06729331612586975,0.055848874151706696,-0.02288888208568096,0.032959990203380585,0.013275551609694958,-0.00462687760591507,-0.009308919310569763,0.005328785628080368,0.0015164017677307129,0.002416938543319702,-0.0015654340386390686,0.00041174888610839844,-0.0019734054803848267,0.0,0.0,0.0,-0.003035217523574829,0.0,0.0,0.0,0.0,0.0,0.0,0.0,0.0,0.0,0.0,0.0,0.0
20260709_111233_260179,2026-07-09T11:13:07.917,34.656994,pose,1270,stand,0.0,0.0,0.0,0.0,0.0,0.0,0.0,0.0,0.08,xsens:live,0.008576265536248684,-0.008298434317111969,-0.9999288320541382,0.4754881872034862,0.49140674296082243,0.009291782975196838,0.037167131900787354,3.5334980487823486,8.11188793182373,12,can0:12,3.5599842071533203,8.239997863769531,,"BL_hip_joint,BR_hip_joint,FL_hip_joint,FR_hip_joint,BL_thigh_joint,BR_thigh_joint,FL_thigh_joint,FR_thigh_joint,BL_calf_joint,BR_calf_joint,FL_calf_joint,FR_calf_joint",330e02f2406e129bb6ed6ec4a6c6bcd5f80d7e7799a2ab087e81eda65d2fae69,"step=001270 mode=stand  vx= 0.000 vy= 0.000 vxy= 0.000 yaw= 0.000 speed=0.08 imu=xsens:live tilt_rp=[+0.5,+0.5]deg imu_corr=0.009 act_max= 0.037 tau_cmd= 3.533 tau_cmd_max= 8.112 cmds=12 bus=can0:12 tau_fb= 3.560 tau_fb_max= 8.240",0.0,0.0,0.0,0.0,0.0,0.0,0.008576265536248684,-0.008298434317111969,-0.9999288320541382,0.0,0.0,0.0,0.0,0.0,0.0,0.0,0.0,0.0,0.0,0.0,0.0,0.0,0.0,0.0,0.0,0.0,0.0,0.0,0.0,0.0,0.0,0.0,0.0,0.0,0.0,0.0,0.0,0.0,0.0,0.0,0.0,0.0,0.0,0.0,0.0,0.0,0.0,0.0,0.2550969123840332,-0.9060829281806946,-0.15678414702415466,0.9133829474449158,0.2637547254562378,-0.25913292169570923,0.41567325592041016,-0.06136823818087578,-1.141239881515503,0.7080593705177307,-0.7628616094589233,1.0155047178268433,-0.018479138612747192,-0.037167131900787354,0.02127574384212494,0.0060558319091796875,0.009650498628616333,-0.006251513957977295,0.0016460418701171875,-0.007881298661231995,-0.00014078617095947266,0.007393538951873779,-0.012604951858520508,-0.01212012767791748,-0.008053644560277462,-0.006519617512822151,0.00613611051812768,0.0026845482643693686,0.00076701381476596,0.00843715202063322,-0.00076701381476596,0.011888713575899601,0.004985589534044266,-0.01035468652844429,0.008053644560277462,-0.01418975554406643,0.08514664322137833,-0.010528885759413242,-0.007782219909131527,-0.04211554303765297,0.02929776906967163,0.0013733329251408577,-0.06591998040676117,-0.004577776417136192,-0.0476088747382164,-0.009613330475986004,0.016479995101690292,0.025177771225571632,-0.004619784653186798,-0.009291782975196838,0.005318935960531235,0.0015139579772949219,0.0024126246571540833,-0.0015628784894943237,0.0004115104675292969,-0.0019703246653079987,0.0,0.0,0.0,-0.00303003191947937,0.0,0.0,0.0,0.0,0.0,0.0,0.0,0.0,0.0,0.0,0.0,0.0
20260709_111233_260179,2026-07-09T11:13:08.052,34.791893,pose,1275,stand,0.0,0.0,0.0,0.0,0.0,0.0,0.0,0.0,0.08,xsens:live,0.008139882236719131,-0.008354664780199528,-0.9999319911003113,0.478708449019226,0.4664023159750292,0.009212717413902283,0.03685086965560913,4.596038818359375,10.713016510009766,12,can0:12,3.683278799057007,7.925046443939209,,"BL_hip_joint,BR_hip_joint,FL_hip_joint,FR_hip_joint,BL_thigh_joint,BR_thigh_joint,FL_thigh_joint,FR_thigh_joint,BL_calf_joint,BR_calf_joint,FL_calf_joint,FR_calf_joint",330e02f2406e129bb6ed6ec4a6c6bcd5f80d7e7799a2ab087e81eda65d2fae69,"step=001275 mode=stand  vx= 0.000 vy= 0.000 vxy= 0.000 yaw= 0.000 speed=0.08 imu=xsens:live tilt_rp=[+0.5,+0.5]deg imu_corr=0.009 act_max= 0.037 tau_cmd= 4.596 tau_cmd_max= 10.713 cmds=12 bus=can0:12 tau_fb= 3.683 tau_fb_max= 7.925",0.0,0.0,0.0,0.0,0.0,0.0,0.008139882236719131,-0.008354664780199528,-0.9999319911003113,0.0,0.0,0.0,0.0,0.0,0.0,0.0,0.0,0.0,0.0,0.0,0.0,0.0,0.0,0.0,0.0,0.0,0.0,0.0,0.0,0.0,0.0,0.0,0.0,0.0,0.0,0.0,0.0,0.0,0.0,0.0,0.0,0.0,0.0,0.0,0.0,0.0,0.0,0.0,0.2544936239719391,-0.9057666659355164,-0.156908318400383,0.9136601686477661,0.2637985944747925,-0.259165495634079,0.4158758521080017,-0.06161154434084892,-1.1411317586898804,0.7084117531776428,-0.7630815505981445,1.0154346227645874,-0.01908242702484131,-0.03685086965560913,0.021151572465896606,0.006333053112030029,0.00969436764717102,-0.006284087896347046,0.0018486380577087402,-0.00812460482120514,-3.266334533691406e-05,0.007745921611785889,-0.0128248929977417,-0.01219022274017334,-0.00843715202063322,-0.006903124041855335,0.00613611051812768,0.00306805525906384,0.00076701381476596,0.00843715202063322,-0.00076701381476596,0.011888713575899601,0.004985589534044266,-0.01035468652844429,0.00843715202063322,-0.01418975554406643,0.00595110934227705,-0.04119998961687088,0.07507553696632385,0.018768884241580963,0.025635547935962677,0.03250221163034439,0.05493331700563431,0.054475538432598114,-0.02059999480843544,-0.009155552834272385,0.0709555372595787,-0.06546220183372498,-0.004770606756210327,-0.009212717413902283,0.005287893116474152,0.0015832632780075073,0.002423591911792755,-0.0015710219740867615,0.00046215951442718506,-0.002031151205301285,0.0,0.0,0.0,-0.003047555685043335,0.0,0.0,0.0,0.0,0.0,0.0,0.0,0.0,0.0,0.0,0.0,0.0
20260709_111233_260179,2026-07-09T11:13:08.189,34.928778,pose,1280,stand,0.0,0.0,0.0,0.0,0.0,0.0,0.0,0.0,0.08,xsens:live,0.00818642321974039,-0.008321256376802921,-0.9999319314956665,0.4767943198288569,0.46906894948145955,0.009198933839797974,0.036795735359191895,4.428429126739502,9.73670482635498,12,can0:12,3.8056581020355225,8.148442268371582,,"BL_hip_joint,BR_hip_joint,FL_hip_joint,FR_hip_joint,BL_thigh_joint,BR_thigh_joint,FL_thigh_joint,FR_thigh_joint,BL_calf_joint,BR_calf_joint,FL_calf_joint,FR_calf_joint",330e02f2406e129bb6ed6ec4a6c6bcd5f80d7e7799a2ab087e81eda65d2fae69,"step=001280 mode=stand  vx= 0.000 vy= 0.000 vxy= 0.000 yaw= 0.000 speed=0.08 imu=xsens:live tilt_rp=[+0.5,+0.5]deg imu_corr=0.009 act_max= 0.037 tau_cmd= 4.428 tau_cmd_max= 9.737 cmds=12 bus=can0:12 tau_fb= 3.806 tau_fb_max= 8.148",0.0,0.0,0.0,0.0,0.0,0.0,0.00818642321974039,-0.008321256376802921,-0.9999319314956665,0.0,0.0,0.0,0.0,0.0,0.0,0.0,0.0,0.0,0.0,0.0,0.0,0.0,0.0,0.0,0.0,0.0,0.0,0.0,0.0,0.0,0.0,0.0,0.0,0.0,0.0,0.0,0.0,0.0,0.0,0.0,0.0,0.0,0.0,0.0,0.0,0.0,0.0,0.0,0.2546449899673462,-0.9057115316390991,-0.15695048868656158,0.9135967493057251,0.2637638449668884,-0.2591436207294464,0.41583895683288574,-0.061549581587314606,-1.1411484479904175,0.7083337306976318,-0.7630112171173096,1.0154801607131958,-0.018931061029434204,-0.036795735359191895,0.021109402179718018,0.006269633769989014,0.009659618139266968,-0.0062622129917144775,0.0018117427825927734,-0.008062642067670822,-4.935264587402344e-05,0.007667899131774902,-0.012754559516906738,-0.012144684791564941,-0.00843715202063322,-0.006903124041855335,0.00613611051812768,0.00306805525906384,0.00038350690738298,0.00843715202063322,-0.00076701381476596,0.011888713575899601,0.004985589534044266,-0.01035468652844429,0.008053644560277462,-0.01418975554406643,0.054475538432598114,-0.062257759273052216,0.047151096165180206,-0.016022218391299248,-0.05401776358485222,0.0027466658502817154,-0.04028443247079849,0.07736442238092422,0.038453321903944016,-0.001831110566854477,0.02471999265253544,-0.022431105375289917,-0.004732765257358551,-0.009198933839797974,0.005277350544929504,0.0015674084424972534,0.002414904534816742,-0.0015655532479286194,0.00045293569564819336,-0.0020156605169177055,0.0,0.0,0.0,-0.0030361711978912354,0.0,0.0,0.0,0.0,0.0,0.0,0.0,0.0,0.0,0.0,0.0,0.0
20260709_111233_260179,2026-07-09T11:13:08.324,35.064179,pose,1285,stand,0.0,0.0,0.0,0.0,0.0,0.0,0.0,0.0,0.08,xsens:live,0.008178801275789738,-0.008361275307834148,-0.9999316334724426,0.4790873749904365,0.46863238344379504,0.00922916829586029,0.03691667318344116,3.9297170639038086,9.319474220275879,12,can0:12,3.677785873413086,9.12625503540039,,"BL_hip_joint,BR_hip_joint,FL_hip_joint,FR_hip_joint,BL_thigh_joint,BR_thigh_joint,FL_thigh_joint,FR_thigh_joint,BL_calf_joint,BR_calf_joint,FL_calf_joint,FR_calf_joint",330e02f2406e129bb6ed6ec4a6c6bcd5f80d7e7799a2ab087e81eda65d2fae69,"step=001285 mode=stand  vx= 0.000 vy= 0.000 vxy= 0.000 yaw= 0.000 speed=0.08 imu=xsens:live tilt_rp=[+0.5,+0.5]deg imu_corr=0.009 act_max= 0.037 tau_cmd= 3.930 tau_cmd_max= 9.319 cmds=12 bus=can0:12 tau_fb= 3.678 tau_fb_max= 9.126",0.0,0.0,0.0,0.0,0.0,0.0,0.008178801275789738,-0.008361275307834148,-0.9999316334724426,0.0,0.0,0.0,0.0,0.0,0.0,0.0,0.0,0.0,0.0,0.0,0.0,0.0,0.0,0.0,0.0,0.0,0.0,0.0,0.0,0.0,0.0,0.0,0.0,0.0,0.0,0.0,0.0,0.0,0.0,0.0,0.0,0.0,0.0,0.0,0.0,0.0,0.0,0.0,0.2545110583305359,-0.9058324694633484,-0.15687423944473267,0.9136500954627991,0.2638077735900879,-0.25917041301727295,0.41586408019065857,-0.061604827642440796,-1.141139268875122,0.7083976864814758,-0.7630820274353027,1.0154250860214233,-0.019064992666244507,-0.03691667318344116,0.021185651421546936,0.006322979927062988,0.00970354676246643,-0.006289005279541016,0.0018368661403656006,-0.008117888122797012,-4.017353057861328e-05,0.0077318549156188965,-0.012825369834899902,-0.012199759483337402,-0.00843715202063322,-0.006903124041855335,0.00613611051812768,0.00306805525906384,0.00076701381476596,0.00843715202063322,-0.00076701381476596,0.011888713575899601,0.004985589534044266,-0.01035468652844429,0.00843715202063322,-0.01380624808371067,-0.03707998991012573,-0.03799554333090782,0.04257332161068916,-0.04943998530507088,0.0013733329251408577,0.015106662176549435,0.0068666646257042885,0.002288888208568096,0.05264442786574364,0.018768884241580963,-0.062257759273052216,-0.03479110077023506,-0.004766248166561127,-0.00922916829586029,0.005296412855386734,0.001580744981765747,0.0024258866906166077,-0.001572251319885254,0.00045921653509140015,-0.002029472030699253,0.0,0.0,0.0,-0.0030499398708343506,0.0,0.0,0.0,0.0,0.0,0.0,0.0,0.0,0.0,0.0,0.0,0.0
20260709_111233_260179,2026-07-09T11:13:08.452,35.192447,pose,1290,stand,0.0,0.0,0.0,0.0,0.0,0.0,0.0,0.0,0.08,xsens:live,0.00820754561573267,-0.008402449078857899,-0.9999310374259949,0.48144674079929817,0.47027959515441903,0.009270817041397095,0.03708326816558838,4.319519996643066,9.458822250366211,12,can0:12,3.843501091003418,8.375499725341797,,"BL_hip_joint,BR_hip_joint,FL_hip_joint,FR_hip_joint,BL_thigh_joint,BR_thigh_joint,FL_thigh_joint,FR_thigh_joint,BL_calf_joint,BR_calf_joint,FL_calf_joint,FR_calf_joint",330e02f2406e129bb6ed6ec4a6c6bcd5f80d7e7799a2ab087e81eda65d2fae69,"step=001290 mode=stand  vx= 0.000 vy= 0.000 vxy= 0.000 yaw= 0.000 speed=0.08 imu=xsens:live tilt_rp=[+0.5,+0.5]deg imu_corr=0.009 act_max= 0.037 tau_cmd= 4.320 tau_cmd_max= 9.459 cmds=12 bus=can0:12 tau_fb= 3.844 tau_fb_max= 8.375",0.0,0.0,0.0,0.0,0.0,0.0,0.00820754561573267,-0.008402449078857899,-0.9999310374259949,0.0,0.0,0.0,0.0,0.0,0.0,0.0,0.0,0.0,0.0,0.0,0.0,0.0,0.0,0.0,0.0,0.0,0.0,0.0,0.0,0.0,0.0,0.0,0.0,0.0,0.0,0.0,0.0,0.0,0.0,0.0,0.0,0.0,0.0,0.0,0.0,0.0,0.0,0.0,0.25440889596939087,-0.9059990644454956,-0.15677547454833984,0.9136877059936523,0.26385506987571716,-0.2591986656188965,0.41587573289871216,-0.0616486519575119,-1.1411385536193848,0.7084409594535828,-0.7631441354751587,1.0153677463531494,-0.019167155027389526,-0.03708326816558838,0.02128441631793976,0.00636059045791626,0.009750843048095703,-0.006317257881164551,0.0018485188484191895,-0.008161712437868118,-3.9458274841308594e-05,0.00777512788772583,-0.01288747787475586,-0.012257099151611328,-0.00843715202063322,-0.006903124041855335,0.00613611051812768,0.00306805525906384,0.00076701381476596,0.00843715202063322,-0.00076701381476596,0.011888713575899601,0.004985589534044266,-0.01035468652844429,0.00843715202063322,-0.01418975554406643,0.002288888208568096,-0.05813775956630707,0.08926664292812347,-0.023346660658717155,-0.0068666646257042885,-0.0050355540588498116,-0.04119998961687088,0.017853328958153725,0.015564439818263054,0.02609332650899887,0.0869777500629425,-0.006408886983990669,-0.004791788756847382,-0.009270817041397095,0.00532110407948494,0.001590147614479065,0.0024377107620239258,-0.0015793144702911377,0.00046212971210479736,-0.0020404281094670296,0.0,0.0,0.0,-0.003064274787902832,0.0,0.0,0.0,0.0,0.0,0.0,0.0,0.0,0.0,0.0,0.0,0.0
20260709_111233_260179,2026-07-09T11:13:08.586,35.325811,pose,1295,stand,0.0,0.0,0.0,0.0,0.0,0.0,0.0,0.0,0.08,xsens:live,0.00825501512736082,-0.008470356464385986,-0.9999300837516785,0.4853380016314991,0.47299985219861496,0.00933927297592163,0.03735709190368652,3.734875440597534,8.434038162231445,12,can0:12,3.8059635162353516,8.576921463012695,,"BL_hip_joint,BR_hip_joint,FL_hip_joint,FR_hip_joint,BL_thigh_joint,BR_thigh_joint,FL_thigh_joint,FR_thigh_joint,BL_calf_joint,BR_calf_joint,FL_calf_joint,FR_calf_joint",330e02f2406e129bb6ed6ec4a6c6bcd5f80d7e7799a2ab087e81eda65d2fae69,"step=001295 mode=stand  vx= 0.000 vy= 0.000 vxy= 0.000 yaw= 0.000 speed=0.08 imu=xsens:live tilt_rp=[+0.5,+0.5]deg imu_corr=0.009 act_max= 0.037 tau_cmd= 3.735 tau_cmd_max= 8.434 cmds=12 bus=can0:12 tau_fb= 3.806 tau_fb_max= 8.577",0.0,0.0,0.0,0.0,0.0,0.0,0.00825501512736082,-0.008470356464385986,-0.9999300837516785,0.0,0.0,0.0,0.0,0.0,0.0,0.0,0.0,0.0,0.0,0.0,0.0,0.0,0.0,0.0,0.0,0.0,0.0,0.0,0.0,0.0,0.0,0.0,0.0,0.0,0.0,0.0,0.0,0.0,0.0,0.0,0.0,0.0,0.0,0.0,0.0,0.0,0.0,0.0,0.2542402446269989,-0.9062728881835938,-0.15661290287971497,0.9137495160102844,0.2639326751232147,-0.25924456119537354,0.4158947169780731,-0.06171955540776253,-1.1411364078521729,0.7085118293762207,-0.7632471323013306,1.015273094177246,-0.019335806369781494,-0.03735709190368652,0.021446987986564636,0.00642240047454834,0.009828448295593262,-0.0063631534576416016,0.0018675029277801514,-0.008232615888118744,-3.731250762939453e-05,0.00784599781036377,-0.012990474700927734,-0.012351751327514648,-0.00843715202063322,-0.006519617512822151,0.00613611051812768,0.00306805525906384,0.00076701381476596,0.00843715202063322,-0.00076701381476596,0.011888713575899601,0.004985589534044266,-0.01035468652844429,0.008053644560277462,-0.01380624808371067,0.10528885573148727,-0.05813775956630707,0.010071108117699623,0.04989776387810707,0.014648884534835815,0.03250221163034439,-0.025635547935962677,-0.032044436782598495,0.0009155552834272385,-0.01739555038511753,-0.01739555038511753,-0.010986663401126862,-0.0048339515924453735,-0.00933927297592163,0.005361746996641159,0.001605600118637085,0.0024571120738983154,-0.0015907883644104004,0.00046687573194503784,-0.002058153972029686,0.0,0.0,0.0,-0.003087937831878662,0.0,0.0,0.0,0.0,0.0,0.0,0.0,0.0,0.0,0.0,0.0,0.0
20260709_111233_260179,2026-07-09T11:13:08.719,35.459554,pose,1300,stand,0.0,0.0,0.0,0.0,0.0,0.0,0.0,0.0,0.08,xsens:live,0.008251084946095943,-0.00850941427052021,-0.9999297857284546,0.48757598954257686,0.4727748098957193,0.00936974585056305,0.0374789834022522,4.382253170013428,8.123976707458496,12,can0:12,3.5776851177215576,8.056886672973633,,"BL_hip_joint,BR_hip_joint,FL_hip_joint,FR_hip_joint,BL_thigh_joint,BR_thigh_joint,FL_thigh_joint,FR_thigh_joint,BL_calf_joint,BR_calf_joint,FL_calf_joint,FR_calf_joint",330e02f2406e129bb6ed6ec4a6c6bcd5f80d7e7799a2ab087e81eda65d2fae69,"step=001300 mode=stand  vx= 0.000 vy= 0.000 vxy= 0.000 yaw= 0.000 speed=0.08 imu=xsens:live tilt_rp=[+0.5,+0.5]deg imu_corr=0.009 act_max= 0.037 tau_cmd= 4.382 tau_cmd_max= 8.124 cmds=12 bus=can0:12 tau_fb= 3.578 tau_fb_max= 8.057",0.0,0.0,0.0,0.0,0.0,0.0,0.008251084946095943,-0.00850941427052021,-0.9999297857284546,0.0,0.0,0.0,0.0,0.0,0.0,0.0,0.0,0.0,0.0,0.0,0.0,0.0,0.0,0.0,0.0,0.0,0.0,0.0,0.0,0.0,0.0,0.0,0.0,0.0,0.0,0.0,0.0,0.0,0.0,0.0,0.0,0.0,0.0,0.0,0.0,0.0,0.0,0.0,0.25411295890808105,-0.9063947796821594,-0.15653684735298157,0.9138002395629883,0.2639760375022888,-0.2592708468437195,0.41591787338256836,-0.06177227571606636,-1.141128420829773,0.7085718512535095,-0.7633148431777954,1.0152194499969482,-0.01946309208869934,-0.0374789834022522,0.021523043513298035,0.006473124027252197,0.009871810674667358,-0.006389439105987549,0.0018906593322753906,-0.008285336196422577,-2.9325485229492188e-05,0.007906019687652588,-0.013058185577392578,-0.0124053955078125,-0.00843715202063322,-0.006519617512822151,0.006519617512822151,0.00306805525906384,0.00038350690738298,0.00843715202063322,-0.00038350690738298,0.011888713575899601,0.004985589534044266,-0.01035468652844429,0.00843715202063322,-0.01418975554406643,0.018768884241580963,0.06042664870619774,0.010986663401126862,-0.051271095871925354,-0.047151096165180206,0.03662221133708954,0.09201330691576004,0.021057771518826485,-0.062257759273052216,0.01235999632626772,0.04989776387810707,0.019226660951972008,-0.004865773022174835,-0.00936974585056305,0.005380760878324509,0.0016182810068130493,0.0024679526686668396,-0.0015973597764968872,0.00047266483306884766,-0.0020713340491056442,0.0,0.0,0.0,-0.003101348876953125,0.0,0.0,0.0,0.0,0.0,0.0,0.0,0.0,0.0,0.0,0.0,0.0
20260709_111233_260179,2026-07-09T11:13:08.855,35.595570,pose,1305,stand,0.0,0.0,0.0,0.0,0.0,0.0,0.0,0.0,0.08,xsens:live,0.008269370533525944,-0.008518781512975693,-0.9999295473098755,0.4881128081546038,0.4738226119246948,0.009382575750350952,0.03753030300140381,3.903956174850464,8.783160209655762,12,can0:12,3.7287514209747314,7.697988986968994,,"BL_hip_joint,BR_hip_joint,FL_hip_joint,FR_hip_joint,BL_thigh_joint,BR_thigh_joint,FL_thigh_joint,FR_thigh_joint,BL_calf_joint,BR_calf_joint,FL_calf_joint,FR_calf_joint",330e02f2406e129bb6ed6ec4a6c6bcd5f80d7e7799a2ab087e81eda65d2fae69,"step=001305 mode=stand  vx= 0.000 vy= 0.000 vxy= 0.000 yaw= 0.000 speed=0.08 imu=xsens:live tilt_rp=[+0.5,+0.5]deg imu_corr=0.009 act_max= 0.038 tau_cmd= 3.904 tau_cmd_max= 8.783 cmds=12 bus=can0:12 tau_fb= 3.729 tau_fb_max= 7.698",0.0,0.0,0.0,0.0,0.0,0.0,0.008269370533525944,-0.008518781512975693,-0.9999295473098755,0.0,0.0,0.0,0.0,0.0,0.0,0.0,0.0,0.0,0.0,0.0,0.0,0.0,0.0,0.0,0.0,0.0,0.0,0.0,0.0,0.0,0.0,0.0,0.0,0.0,0.0,0.0,0.0,0.0,0.0,0.0,0.0,0.0,0.0,0.0,0.0,0.0,0.0,0.0,0.254101425409317,-0.906446099281311,-0.1565081626176834,0.9138032793998718,0.26398754119873047,-0.2592768669128418,0.4159155786037445,-0.061777692288160324,-1.1411305665969849,0.7085750699043274,-0.7633261680603027,1.015206217765808,-0.01947462558746338,-0.03753030300140381,0.02155172824859619,0.006476163864135742,0.009883314371109009,-0.006395459175109863,0.001888364553451538,-0.00829075276851654,-3.147125244140625e-05,0.007909238338470459,-0.013069510459899902,-0.012418627738952637,-0.00843715202063322,-0.006903124041855335,0.00613611051812768,0.00306805525906384,0.00076701381476596,0.00843715202063322,-0.00076701381476596,0.011888713575899601,0.004985589534044266,-0.01035468652844429,0.00843715202063322,-0.01418975554406643,0.03021332435309887,-0.014648884534835815,0.017853328958153725,0.04028443247079849,0.04440443217754364,0.014191106893122196,0.010071108117699623,-0.010071108117699623,0.032959990203380585,0.04440443217754364,0.06820886582136154,0.032044436782598495,-0.004868656396865845,-0.009382575750350952,0.005387932062149048,0.0016190409660339355,0.002470828592777252,-0.0015988647937774658,0.0004720911383628845,-0.002072688192129135,0.0,0.0,0.0,-0.003104656934738159,0.0,0.0,0.0,0.0,0.0,0.0,0.0,0.0,0.0,0.0,0.0,0.0
20260709_111233_260179,2026-07-09T11:13:08.992,35.732002,pose,1310,stand,0.0,0.0,0.0,0.0,0.0,0.0,0.0,0.0,0.08,xsens:live,0.008322350680828094,-0.00846792384982109,-0.9999295473098755,0.48519888362345315,0.4768581556998067,0.009356588125228882,0.03742635250091553,4.427170276641846,9.595503807067871,12,can0:12,3.8123722076416016,8.899197578430176,,"BL_hip_joint,BR_hip_joint,FL_hip_joint,FR_hip_joint,BL_thigh_joint,BR_thigh_joint,FL_thigh_joint,FR_thigh_joint,BL_calf_joint,BR_calf_joint,FL_calf_joint,FR_calf_joint",330e02f2406e129bb6ed6ec4a6c6bcd5f80d7e7799a2ab087e81eda65d2fae69,"step=001310 mode=stand  vx= 0.000 vy= 0.000 vxy= 0.000 yaw= 0.000 speed=0.08 imu=xsens:live tilt_rp=[+0.5,+0.5]deg imu_corr=0.009 act_max= 0.037 tau_cmd= 4.427 tau_cmd_max= 9.596 cmds=12 bus=can0:12 tau_fb= 3.812 tau_fb_max= 8.899",0.0,0.0,0.0,0.0,0.0,0.0,0.008322350680828094,-0.00846792384982109,-0.9999295473098755,0.0,0.0,0.0,0.0,0.0,0.0,0.0,0.0,0.0,0.0,0.0,0.0,0.0,0.0,0.0,0.0,0.0,0.0,0.0,0.0,0.0,0.0,0.0,0.0,0.0,0.0,0.0,0.0,0.0,0.0,0.0,0.0,0.0,0.0,0.0,0.0,0.0,0.0,0.0,0.25431376695632935,-0.9063421487808228,-0.1565815508365631,0.9137147068977356,0.26393312215805054,-0.2592436969280243,0.4158669114112854,-0.06169017776846886,-1.141152262687683,0.7084670662879944,-0.7632238864898682,1.0152753591537476,-0.01926228404045105,-0.03742635250091553,0.02147834002971649,0.006387591361999512,0.009828895330429077,-0.006362289190292358,0.0018396973609924316,-0.008203238248825073,-5.316734313964844e-05,0.007801234722137451,-0.012967228889465332,-0.012349486351013184,-0.00843715202063322,-0.006903124041855335,0.00613611051812768,0.00306805525906384,0.00076701381476596,0.00843715202063322,-0.00076701381476596,0.011888713575899601,0.005369096528738737,-0.01035468652844429,0.008053644560277462,-0.01418975554406643,0.03433332219719887,0.016937773674726486,0.014648884534835815,0.0631733164191246,0.07324442267417908,0.055848874151706696,-0.017853328958153725,-0.0,0.043946653604507446,-0.0032044434919953346,-0.04028443247079849,-0.035248879343271255,-0.0048155710101127625,-0.009356588125228882,0.005369585007429123,0.001596897840499878,0.0024572238326072693,-0.0015905722975730896,0.0004599243402481079,-0.0020508095622062683,0.0,0.0,0.0,-0.003087371587753296,0.0,0.0,0.0,0.0,0.0,0.0,0.0,0.0,0.0,0.0,0.0,0.0
20260709_111233_260179,2026-07-09T11:13:09.126,35.866723,pose,1315,stand,0.0,0.0,0.0,0.0,0.0,0.0,0.0,0.0,0.08,xsens:live,0.00844112690538168,-0.008488851599395275,-0.99992835521698,0.4863985334727625,0.48366410997257764,0.00940743088722229,0.03762972354888916,3.5413239002227783,7.242122173309326,12,can0:12,3.698843240737915,7.599108695983887,,"BL_hip_joint,BR_hip_joint,FL_hip_joint,FR_hip_joint,BL_thigh_joint,BR_thigh_joint,FL_thigh_joint,FR_thigh_joint,BL_calf_joint,BR_calf_joint,FL_calf_joint,FR_calf_joint",330e02f2406e129bb6ed6ec4a6c6bcd5f80d7e7799a2ab087e81eda65d2fae69,"step=001315 mode=stand  vx= 0.000 vy= 0.000 vxy= 0.000 yaw= 0.000 speed=0.08 imu=xsens:live tilt_rp=[+0.5,+0.5]deg imu_corr=0.009 act_max= 0.038 tau_cmd= 3.541 tau_cmd_max= 7.242 cmds=12 bus=can0:12 tau_fb= 3.699 tau_fb_max= 7.599",0.0,0.0,0.0,0.0,0.0,0.0,0.00844112690538168,-0.008488851599395275,-0.99992835521698,0.0,0.0,0.0,0.0,0.0,0.0,0.0,0.0,0.0,0.0,0.0,0.0,0.0,0.0,0.0,0.0,0.0,0.0,0.0,0.0,0.0,0.0,0.0,0.0,0.0,0.0,0.0,0.0,0.0,0.0,0.0,0.0,0.0,0.0,0.0,0.0,0.0,0.0,0.0,0.2543632984161377,-0.9065455198287964,-0.15647444128990173,0.9136844873428345,0.263961523771286,-0.25925904512405396,0.4158313572406769,-0.06167176365852356,-1.141175389289856,0.7084243893623352,-0.7632256746292114,1.0152443647384644,-0.0192127525806427,-0.03762972354888916,0.02158544957637787,0.006357371807098389,0.00985729694366455,-0.0063776373863220215,0.0018041431903839111,-0.008184824138879776,-7.62939453125e-05,0.0077585577964782715,-0.012969017028808594,-0.012380480766296387,-0.00843715202063322,-0.006903124041855335,0.00613611051812768,0.00306805525906384,0.00076701381476596,0.00843715202063322,-0.00076701381476596,0.011888713575899601,0.004985589534044266,-0.01035468652844429,0.008053644560277462,-0.01380624808371067,-0.03021332435309887,-0.06500442326068878,-0.0196844395250082,0.009613330475986004,0.016937773674726486,-0.001831110566854477,0.012817773967981339,-0.010071108117699623,0.027466658502817154,0.023346660658717155,-0.007324442267417908,0.021973326802253723,-0.004803188145160675,-0.00940743088722229,0.005396362394094467,0.0015893429517745972,0.0024643242359161377,-0.0015944093465805054,0.0004510357975959778,-0.002046206034719944,0.0,0.0,0.0,-0.0030951201915740967,0.0,0.0,0.0,0.0,0.0,0.0,0.0,0.0,0.0,0.0,0.0,0.0
20260709_111233_260179,2026-07-09T11:13:09.256,35.995873,pose,1320,stand,0.0,0.0,0.0,0.0,0.0,0.0,0.0,0.0,0.08,xsens:live,0.0084352632984519,-0.00849547516554594,-0.99992835521698,0.4867780356774127,0.483328149896117,0.009411126375198364,0.03764450550079346,3.2229878902435303,8.286637306213379,12,can0:12,3.8773765563964844,8.745384216308594,,"BL_hip_joint,BR_hip_joint,FL_hip_joint,FR_hip_joint,BL_thigh_joint,BR_thigh_joint,FL_thigh_joint,FR_thigh_joint,BL_calf_joint,BR_calf_joint,FL_calf_joint,FR_calf_joint",330e02f2406e129bb6ed6ec4a6c6bcd5f80d7e7799a2ab087e81eda65d2fae69,"step=001320 mode=stand  vx= 0.000 vy= 0.000 vxy= 0.000 yaw= 0.000 speed=0.08 imu=xsens:live tilt_rp=[+0.5,+0.5]deg imu_corr=0.009 act_max= 0.038 tau_cmd= 3.223 tau_cmd_max= 8.287 cmds=12 bus=can0:12 tau_fb= 3.877 tau_fb_max= 8.745",0.0,0.0,0.0,0.0,0.0,0.0,0.0084352632984519,-0.00849547516554594,-0.99992835521698,0.0,0.0,0.0,0.0,0.0,0.0,0.0,0.0,0.0,0.0,0.0,0.0,0.0,0.0,0.0,0.0,0.0,0.0,0.0,0.0,0.0,0.0,0.0,0.0,0.0,0.0,0.0,0.0,0.0,0.0,0.0,0.0,0.0,0.0,0.0,0.0,0.0,0.0,0.0,0.2543368637561798,-0.9065603017807007,-0.15646445751190186,0.9136953353881836,0.2639685571193695,-0.2592635452747345,0.41583773493766785,-0.061682503670454025,-1.1411722898483276,0.708437979221344,-0.763238787651062,1.0152355432510376,-0.019239187240600586,-0.03764450550079346,0.021595433354377747,0.00636821985244751,0.009864330291748047,-0.0063821375370025635,0.001810520887374878,-0.008195564150810242,-7.319450378417969e-05,0.0077721476554870605,-0.01298213005065918,-0.012389302253723145,-0.00843715202063322,-0.006903124041855335,0.00613611051812768,0.00306805525906384,0.00076701381476596,0.00843715202063322,-0.00076701381476596,0.011888713575899601,0.004985589534044266,-0.01035468652844429,0.008053644560277462,-0.01418975554406643,0.02471999265253544,-0.06500442326068878,0.001831110566854477,0.027466658502817154,0.021057771518826485,-0.029755547642707825,0.003662221133708954,0.03662221133708954,-0.0636310949921608,0.013733329251408577,-0.043946653604507446,0.01739555038511753,-0.0048097968101501465,-0.009411126375198364,0.005398858338594437,0.0015920549631118774,0.0024660825729370117,-0.0015955343842506409,0.0004526302218437195,-0.0020488910377025604,0.0,0.0,0.0,-0.003097325563430786,0.0,0.0,0.0,0.0,0.0,0.0,0.0,0.0,0.0,0.0,0.0,0.0
20260709_111233_260179,2026-07-09T11:13:09.392,36.132375,pose,1325,stand,0.0,0.0,0.0,0.0,0.0,0.0,0.0,0.0,0.08,xsens:live,0.008418752811849117,-0.008565914817154408,-0.9999278783798218,0.49081415989360627,0.4823823981280981,0.00946342945098877,0.03785371780395508,3.7946014404296875,9.734640121459961,12,can0:12,3.771172285079956,7.683340072631836,,"BL_hip_joint,BR_hip_joint,FL_hip_joint,FR_hip_joint,BL_thigh_joint,BR_thigh_joint,FL_thigh_joint,FR_thigh_joint,BL_calf_joint,BR_calf_joint,FL_calf_joint,FR_calf_joint",330e02f2406e129bb6ed6ec4a6c6bcd5f80d7e7799a2ab087e81eda65d2fae69,"step=001325 mode=stand  vx= 0.000 vy= 0.000 vxy= 0.000 yaw= 0.000 speed=0.08 imu=xsens:live tilt_rp=[+0.5,+0.5]deg imu_corr=0.009 act_max= 0.038 tau_cmd= 3.795 tau_cmd_max= 9.735 cmds=12 bus=can0:12 tau_fb= 3.771 tau_fb_max= 7.683",0.0,0.0,0.0,0.0,0.0,0.0,0.008418752811849117,-0.008565914817154408,-0.9999278783798218,0.0,0.0,0.0,0.0,0.0,0.0,0.0,0.0,0.0,0.0,0.0,0.0,0.0,0.0,0.0,0.0,0.0,0.0,0.0,0.0,0.0,0.0,0.0,0.0,0.0,0.0,0.0,0.0,0.0,0.0,0.0,0.0,0.0,0.0,0.0,0.0,0.0,0.0,0.0,0.254098117351532,-0.9067695140838623,-0.1563316434621811,0.9137910008430481,0.26404619216918945,-0.25931039452552795,0.41588303446769714,-0.061781834810972214,-1.1411559581756592,0.7085520029067993,-0.7633638381958008,1.0151385068893433,-0.019477933645248413,-0.03785371780395508,0.02172824740409851,0.006463885307312012,0.009941965341567993,-0.0064289867877960205,0.0018558204174041748,-0.00829489529132843,-5.6862831115722656e-05,0.007886171340942383,-0.01310718059539795,-0.01248633861541748,-0.00843715202063322,-0.006903124041855335,0.00613611051812768,0.00306805525906384,0.00076701381476596,0.00843715202063322,-0.00076701381476596,0.011888713575899601,0.004985589534044266,-0.01035468652844429,0.008053644560277462,-0.01418975554406643,0.026551103219389915,-0.026551103219389915,-0.027466658502817154,0.044862210750579834,0.04257332161068916,-0.009613330475986004,0.06454664468765259,-0.003662221133708954,-0.009613330475986004,0.0238044373691082,-0.008239997550845146,-0.0398266538977623,-0.004869483411312103,-0.00946342945098877,0.005432061851024628,0.001615971326828003,0.0024854913353919983,-0.0016072466969490051,0.0004639551043510437,-0.0020737238228321075,0.0,0.0,0.0,-0.00312158465385437,0.0,0.0,0.0,0.0,0.0,0.0,0.0,0.0,0.0,0.0,0.0,0.0
20260709_111233_260179,2026-07-09T11:13:09.527,36.267596,pose,1330,stand,0.0,0.0,0.0,0.0,0.0,0.0,0.0,0.0,0.08,xsens:live,0.00840846449136734,-0.008662951178848743,-0.9999271631240845,0.496374277283958,0.4817932646175736,0.009539023041725159,0.038156092166900635,3.1906325817108154,8.67219352722168,12,can0:12,4.083681583404541,8.467055320739746,,"BL_hip_joint,BR_hip_joint,FL_hip_joint,FR_hip_joint,BL_thigh_joint,BR_thigh_joint,FL_thigh_joint,FR_thigh_joint,BL_calf_joint,BR_calf_joint,FL_calf_joint,FR_calf_joint",330e02f2406e129bb6ed6ec4a6c6bcd5f80d7e7799a2ab087e81eda65d2fae69,"step=001330 mode=stand  vx= 0.000 vy= 0.000 vxy= 0.000 yaw= 0.000 speed=0.08 imu=xsens:live tilt_rp=[+0.5,+0.5]deg imu_corr=0.010 act_max= 0.038 tau_cmd= 3.191 tau_cmd_max= 8.672 cmds=12 bus=can0:12 tau_fb= 4.084 tau_fb_max= 8.467",0.0,0.0,0.0,0.0,0.0,0.0,0.00840846449136734,-0.008662951178848743,-0.9999271631240845,0.0,0.0,0.0,0.0,0.0,0.0,0.0,0.0,0.0,0.0,0.0,0.0,0.0,0.0,0.0,0.0,0.0,0.0,0.0,0.0,0.0,0.0,0.0,0.0,0.0,0.0,0.0,0.0,0.0,0.0,0.0,0.0,0.0,0.0,0.0,0.0,0.0,0.0,0.0,0.2537810206413269,-0.9070718884468079,-0.1561419814825058,0.9139165878295898,0.26415422558784485,-0.2593751847743988,0.4159408211708069,-0.06191376969218254,-1.1411359310150146,0.708702564239502,-0.7635327577590942,1.015005350112915,-0.01979503035545349,-0.038156092166900635,0.021917909383773804,0.00658947229385376,0.010049998760223389,-0.00649377703666687,0.001913607120513916,-0.008426830172538757,-3.6835670471191406e-05,0.00803673267364502,-0.013276100158691406,-0.012619495391845703,-0.00843715202063322,-0.006903124041855335,0.00613611051812768,0.00306805525906384,0.00076701381476596,0.00843715202063322,-0.00076701381476596,0.011505207046866417,0.004985589534044266,-0.01035468652844429,0.008053644560277462,-0.01418975554406643,0.024262215942144394,-0.09750663489103317,-0.027924437075853348,0.0013733329251408577,0.01235999632626772,0.03433332219719887,-0.029755547642707825,-0.07644886523485184,-0.025177771225571632,-0.025177771225571632,-0.11169774830341339,0.0238044373691082,-0.004948757588863373,-0.009539023041725159,0.005479477345943451,0.00164736807346344,0.002512499690055847,-0.0016234442591667175,0.000478401780128479,-0.0021067075431346893,0.0,0.0,0.0,-0.0031548738479614258,0.0,0.0,0.0,0.0,0.0,0.0,0.0,0.0,0.0,0.0,0.0,0.0
20260709_111233_260179,2026-07-09T11:13:09.664,36.404459,pose,1335,stand,0.0,0.0,0.0,0.0,0.0,0.0,0.0,0.0,0.08,xsens:live,0.008477441966533661,-0.00867992639541626,-0.9999263882637024,0.49734726863524575,0.4857457653378104,0.009572461247444153,0.03828984498977661,4.27723503112793,9.574179649353027,12,can0:12,3.8013856410980225,8.280282020568848,,"BL_hip_joint,BR_hip_joint,FL_hip_joint,FR_hip_joint,BL_thigh_joint,BR_thigh_joint,FL_thigh_joint,FR_thigh_joint,BL_calf_joint,BR_calf_joint,FL_calf_joint,FR_calf_joint",330e02f2406e129bb6ed6ec4a6c6bcd5f80d7e7799a2ab087e81eda65d2fae69,"step=001335 mode=stand  vx= 0.000 vy= 0.000 vxy= 0.000 yaw= 0.000 speed=0.08 imu=xsens:live tilt_rp=[+0.5,+0.5]deg imu_corr=0.010 act_max= 0.038 tau_cmd= 4.277 tau_cmd_max= 9.574 cmds=12 bus=can0:12 tau_fb= 3.801 tau_fb_max= 8.280",0.0,0.0,0.0,0.0,0.0,0.0,0.008477441966533661,-0.00867992639541626,-0.9999263882637024,0.0,0.0,0.0,0.0,0.0,0.0,0.0,0.0,0.0,0.0,0.0,0.0,0.0,0.0,0.0,0.0,0.0,0.0,0.0,0.0,0.0,0.0,0.0,0.0,0.0,0.0,0.0,0.0,0.0,0.0,0.0,0.0,0.0,0.0,0.0,0.0,0.0,0.0,0.0,0.25379490852355957,-0.9072056412696838,-0.1560702621936798,0.913905143737793,0.2641761600971222,-0.2593872845172882,0.4159229099750519,-0.061909500509500504,-1.1411488056182861,0.7086846232414246,-0.7635420560836792,1.0149805545806885,-0.019781142473220825,-0.03828984498977661,0.021989628672599792,0.006578028202056885,0.010071933269500732,-0.006505876779556274,0.0018956959247589111,-0.00842256098985672,-4.971027374267578e-05,0.008018791675567627,-0.013285398483276367,-0.012644290924072266,-0.00843715202063322,-0.006903124041855335,0.00613611051812768,0.00306805525906384,0.00076701381476596,0.00843715202063322,-0.00076701381476596,0.011888713575899601,0.004985589534044266,-0.01035468652844429,0.00843715202063322,-0.01418975554406643,-0.005493331700563431,-0.0791955292224884,-0.05630664899945259,0.059053316712379456,0.04211554303765297,-0.0050355540588498116,-0.048066653311252594,-0.016937773674726486,-0.010071108117699623,-0.04440443217754364,0.09018219262361526,0.05264442786574364,-0.004945285618305206,-0.009572461247444153,0.005497407168149948,0.0016445070505142212,0.002517983317375183,-0.0016264691948890686,0.0004739239811897278,-0.00210564024746418,0.0,0.0,0.0,-0.0031610727310180664,0.0,0.0,0.0,0.0,0.0,0.0,0.0,0.0,0.0,0.0,0.0,0.0
20260709_111233_260179,2026-07-09T11:13:09.802,36.542021,pose,1340,stand,0.0,0.0,0.0,0.0,0.0,0.0,0.0,0.0,0.08,xsens:live,0.008462551049888134,-0.008648100309073925,-0.9999268054962158,0.4955235641164448,0.4848923747511389,0.009542480111122131,0.038169920444488525,4.155137062072754,9.866193771362305,12,can0:12,3.784295082092285,7.668691158294678,,"BL_hip_joint,BR_hip_joint,FL_hip_joint,FR_hip_joint,BL_thigh_joint,BR_thigh_joint,FL_thigh_joint,FR_thigh_joint,BL_calf_joint,BR_calf_joint,FL_calf_joint,FR_calf_joint",330e02f2406e129bb6ed6ec4a6c6bcd5f80d7e7799a2ab087e81eda65d2fae69,"step=001340 mode=stand  vx= 0.000 vy= 0.000 vxy= 0.000 yaw= 0.000 speed=0.08 imu=xsens:live tilt_rp=[+0.5,+0.5]deg imu_corr=0.010 act_max= 0.038 tau_cmd= 4.155 tau_cmd_max= 9.866 cmds=12 bus=can0:12 tau_fb= 3.784 tau_fb_max= 7.669",0.0,0.0,0.0,0.0,0.0,0.0,0.008462551049888134,-0.008648100309073925,-0.9999268054962158,0.0,0.0,0.0,0.0,0.0,0.0,0.0,0.0,0.0,0.0,0.0,0.0,0.0,0.0,0.0,0.0,0.0,0.0,0.0,0.0,0.0,0.0,0.0,0.0,0.0,0.0,0.0,0.0,0.0,0.0,0.0,0.0,0.0,0.0,0.0,0.0,0.0,0.0,0.0,0.2538808286190033,-0.9070857167243958,-0.156142458319664,0.913872480392456,0.26413989067077637,-0.2593660056591034,0.41591134667396545,-0.06187320128083229,-1.1411510705947876,0.7086468935012817,-0.7634919881820679,1.0150249004364014,-0.0196952223777771,-0.038169920444488525,0.0219174325466156,0.006545364856719971,0.010035663843154907,-0.00648459792137146,0.0018841326236724854,-0.008386261761188507,-5.1975250244140625e-05,0.007981061935424805,-0.013235330581665039,-0.012599945068359375,-0.00843715202063322,-0.006903124041855335,0.00613611051812768,0.0026845482643693686,0.00076701381476596,0.00843715202063322,-0.00076701381476596,0.011888713575899601,0.004985589534044266,-0.010738193057477474,0.008053644560277462,-0.01418975554406643,-0.08514664322137833,-0.013733329251408577,-0.03799554333090782,-0.03662221133708954,-0.001831110566854477,0.095675528049469,0.01831110566854477,0.017853328958153725,-0.06591998040676117,-0.050355542451143265,-0.04943998530507088,-0.01144444104284048,-0.004923805594444275,-0.009542480111122131,0.0054793581366539,0.0016363412141799927,0.002508915960788727,-0.001621149480342865,0.00047103315591812134,-0.0020965654402971268,0.0,0.0,0.0,-0.0031499862670898438,0.0,0.0,0.0,0.0,0.0,0.0,0.0,0.0,0.0,0.0,0.0,0.0
20260709_111233_260179,2026-07-09T11:13:09.936,36.676406,pose,1345,stand,0.0,0.0,0.0,0.0,0.0,0.0,0.0,0.0,0.08,xsens:live,0.007630463689565659,-0.007895711809396744,-0.9999397397041321,0.4524088234124251,0.43721122584617444,0.00869479775428772,0.03477919101715088,4.897715091705322,11.613028526306152,12,can0:12,3.757439374923706,8.034913063049316,,"BL_hip_joint,BR_hip_joint,FL_hip_joint,FR_hip_joint,BL_thigh_joint,BR_thigh_joint,FL_thigh_joint,FR_thigh_joint,BL_calf_joint,BR_calf_joint,FL_calf_joint,FR_calf_joint",330e02f2406e129bb6ed6ec4a6c6bcd5f80d7e7799a2ab087e81eda65d2fae69,"step=001345 mode=stand  vx= 0.000 vy= 0.000 vxy= 0.000 yaw= 0.000 speed=0.08 imu=xsens:live tilt_rp=[+0.5,+0.4]deg imu_corr=0.009 act_max= 0.035 tau_cmd= 4.898 tau_cmd_max= 11.613 cmds=12 bus=can0:12 tau_fb= 3.757 tau_fb_max= 8.035",0.0,0.0,0.0,0.0,0.0,0.0,0.007630463689565659,-0.007895711809396744,-0.9999397397041321,0.0,0.0,0.0,0.0,0.0,0.0,0.0,0.0,0.0,0.0,0.0,0.0,0.0,0.0,0.0,0.0,0.0,0.0,0.0,0.0,0.0,0.0,0.0,0.0,0.0,0.0,0.0,0.0,0.0,0.0,0.0,0.0,0.0,0.0,0.0,0.0,0.0,0.0,0.0,0.25545060634613037,-0.9036949872970581,-0.15810933709144592,0.913331925868988,0.26326513290405273,-0.25884875655174255,0.4158201217651367,-0.061202775686979294,-1.1411019563674927,0.708044707775116,-0.7624373435974121,1.0160791873931885,-0.018125444650650024,-0.03477919101715088,0.01995055377483368,0.006004810333251953,0.009160906076431274,-0.00596734881401062,0.00179290771484375,-0.00771583616733551,-2.86102294921875e-06,0.007378876209259033,-0.012180685997009277,-0.011545658111572266,-0.00843715202063322,-0.006903124041855335,0.00613611051812768,0.00306805525906384,0.00076701381476596,0.00843715202063322,-0.00076701381476596,0.011888713575899601,0.004985589534044266,-0.010738193057477474,0.00843715202063322,-0.01418975554406643,0.059053316712379456,0.053559985011816025,-0.10895107686519623,0.04898220673203468,0.03250221163034439,0.021973326802253723,-0.020142216235399246,-0.013733329251408577,0.01831110566854477,-0.09887997061014175,0.06729331612586975,-0.04303110018372536,-0.004531361162662506,-0.00869479775428772,0.00498763844370842,0.0015012025833129883,0.0022902265191078186,-0.001491837203502655,0.0004482269287109375,-0.0019289590418338776,0.0,0.0,0.0,-0.0028864145278930664,0.0,0.0,0.0,0.0,0.0,0.0,0.0,0.0,0.0,0.0,0.0,0.0
20260709_111233_260179,2026-07-09T11:13:10.072,36.811846,pose,1350,stand,0.0,0.0,0.0,0.0,0.0,0.0,0.0,0.0,0.08,xsens:live,0.0076759206131100655,-0.008002666756510735,-0.9999385476112366,0.4585374191287429,0.43981624441694545,0.008794724941253662,0.03517889976501465,3.614212989807129,8.169220924377441,12,can0:12,3.7861263751983643,7.687002182006836,,"BL_hip_joint,BR_hip_joint,FL_hip_joint,FR_hip_joint,BL_thigh_joint,BR_thigh_joint,FL_thigh_joint,FR_thigh_joint,BL_calf_joint,BR_calf_joint,FL_calf_joint,FR_calf_joint",330e02f2406e129bb6ed6ec4a6c6bcd5f80d7e7799a2ab087e81eda65d2fae69,"step=001350 mode=stand  vx= 0.000 vy= 0.000 vxy= 0.000 yaw= 0.000 speed=0.08 imu=xsens:live tilt_rp=[+0.5,+0.4]deg imu_corr=0.009 act_max= 0.035 tau_cmd= 3.614 tau_cmd_max= 8.169 cmds=12 bus=can0:12 tau_fb= 3.786 tau_fb_max= 7.687",0.0,0.0,0.0,0.0,0.0,0.0,0.0076759206131100655,-0.008002666756510735,-0.9999385476112366,0.0,0.0,0.0,0.0,0.0,0.0,0.0,0.0,0.0,0.0,0.0,0.0,0.0,0.0,0.0,0.0,0.0,0.0,0.0,0.0,0.0,0.0,0.0,0.0,0.0,0.0,0.0,0.0,0.0,0.0,0.0,0.0,0.0,0.0,0.0,0.0,0.0,0.0,0.0,0.25515615940093994,-0.9040946960449219,-0.15786957740783691,0.9134429097175598,0.26338621973991394,-0.25892165303230286,0.4158620834350586,-0.061326295137405396,-1.1410924196243286,0.7081756591796875,-0.7626084089279175,1.0159302949905396,-0.018419891595840454,-0.03517889976501465,0.020190313458442688,0.0061157941818237305,0.00928199291229248,-0.006040245294570923,0.001834869384765625,-0.007839355617761612,6.67572021484375e-06,0.007509827613830566,-0.012351751327514648,-0.011694550514221191,-0.008053644560277462,-0.006519617512822151,0.00613611051812768,0.0026845482643693686,0.00076701381476596,0.00843715202063322,-0.00076701381476596,0.011888713575899601,0.004985589534044266,-0.01035468652844429,0.008053644560277462,-0.01418975554406643,0.015106662176549435,-0.028382213786244392,0.014648884534835815,0.0009155552834272385,-0.010528885759413242,-0.061342205852270126,0.06729331612586975,0.004119998775422573,0.06637775897979736,0.05493331700563431,-0.014648884534835815,0.007782219909131527,-0.0046049728989601135,-0.008794724941253662,0.005047578364610672,0.0015289485454559326,0.00232049822807312,-0.0015100613236427307,0.00045871734619140625,-0.001959838904440403,1.6689300537109375e-06,0.0,0.0,-0.002923637628555298,0.0,0.0,0.0,0.0,0.0,0.0,0.0,0.0,0.0,0.0,0.0,0.0
20260709_111233_260179,2026-07-09T11:13:10.201,36.941338,pose,1355,stand,0.0,0.0,0.0,0.0,0.0,0.0,0.0,0.0,0.08,xsens:live,0.0076853809878230095,-0.008035610429942608,-0.9999382495880127,0.46042508440293634,0.4403584165319884,0.008824080228805542,0.03529632091522217,4.211223125457764,9.660234451293945,12,can0:12,3.9005706310272217,8.163090705871582,,"BL_hip_joint,BR_hip_joint,FL_hip_joint,FR_hip_joint,BL_thigh_joint,BR_thigh_joint,FL_thigh_joint,FR_thigh_joint,BL_calf_joint,BR_calf_joint,FL_calf_joint,FR_calf_joint",330e02f2406e129bb6ed6ec4a6c6bcd5f80d7e7799a2ab087e81eda65d2fae69,"step=001355 mode=stand  vx= 0.000 vy= 0.000 vxy= 0.000 yaw= 0.000 speed=0.08 imu=xsens:live tilt_rp=[+0.5,+0.4]deg imu_corr=0.009 act_max= 0.035 tau_cmd= 4.211 tau_cmd_max= 9.660 cmds=12 bus=can0:12 tau_fb= 3.901 tau_fb_max= 8.163",0.0,0.0,0.0,0.0,0.0,0.0,0.0076853809878230095,-0.008035610429942608,-0.9999382495880127,0.0,0.0,0.0,0.0,0.0,0.0,0.0,0.0,0.0,0.0,0.0,0.0,0.0,0.0,0.0,0.0,0.0,0.0,0.0,0.0,0.0,0.0,0.0,0.0,0.0,0.0,0.0,0.0,0.0,0.0,0.0,0.0,0.0,0.0,0.0,0.0,0.0,0.0,0.0,0.2550605833530426,-0.9042121171951294,-0.15779830515384674,0.9134798049926758,0.2634236514568329,-0.2589440941810608,0.4158765375614166,-0.06136634945869446,-1.141088843345642,0.7082180976867676,-0.7626622915267944,1.015884280204773,-0.018515467643737793,-0.03529632091522217,0.02026158571243286,0.006152689456939697,0.009319424629211426,-0.006062686443328857,0.0018493235111236572,-0.007879409939050674,1.0251998901367188e-05,0.0075522661209106445,-0.012405633926391602,-0.011740565299987793,-0.008053644560277462,-0.006519617512822151,0.00613611051812768,0.0026845482643693686,0.00076701381476596,0.00843715202063322,-0.00076701381476596,0.011888713575899601,0.004985589534044266,-0.01035468652844429,0.00843715202063322,-0.01418975554406643,0.03891110047698021,0.028382213786244392,0.010986663401126862,0.008239997550845146,0.0238044373691082,0.032044436782598495,0.02609332650899887,0.032044436782598495,0.010071108117699623,-0.008239997550845146,0.041657764464616776,-0.03387554734945297,-0.004628866910934448,-0.008824080228805542,0.005065396428108215,0.0015381723642349243,0.0023298561573028564,-0.0015156716108322144,0.0004623308777809143,-0.0019698524847626686,2.562999725341797e-06,0.0,0.0,-0.0029351413249969482,0.0,0.0,0.0,0.0,0.0,0.0,0.0,0.0,0.0,0.0,0.0,0.0
20260709_111233_260179,2026-07-09T11:13:10.337,37.076804,pose,1360,stand,0.0,0.0,0.0,0.0,0.0,0.0,0.0,0.0,0.08,xsens:live,0.007747230585664511,-0.008086513727903366,-0.9999372959136963,0.46334206099118586,0.44390256861463645,0.008883118629455566,0.035532474517822266,4.500933647155762,9.677448272705078,12,can0:12,3.8077943325042725,7.888424396514893,,"BL_hip_joint,BR_hip_joint,FL_hip_joint,FR_hip_joint,BL_thigh_joint,BR_thigh_joint,FL_thigh_joint,FR_thigh_joint,BL_calf_joint,BR_calf_joint,FL_calf_joint,FR_calf_joint",330e02f2406e129bb6ed6ec4a6c6bcd5f80d7e7799a2ab087e81eda65d2fae69,"step=001360 mode=stand  vx= 0.000 vy= 0.000 vxy= 0.000 yaw= 0.000 speed=0.08 imu=xsens:live tilt_rp=[+0.5,+0.4]deg imu_corr=0.009 act_max= 0.036 tau_cmd= 4.501 tau_cmd_max= 9.677 cmds=12 bus=can0:12 tau_fb= 3.808 tau_fb_max= 7.888",0.0,0.0,0.0,0.0,0.0,0.0,0.007747230585664511,-0.008086513727903366,-0.9999372959136963,0.0,0.0,0.0,0.0,0.0,0.0,0.0,0.0,0.0,0.0,0.0,0.0,0.0,0.0,0.0,0.0,0.0,0.0,0.0,0.0,0.0,0.0,0.0,0.0,0.0,0.0,0.0,0.0,0.0,0.0,0.0,0.0,0.0,0.0,0.0,0.0,0.0,0.0,0.0,0.25495994091033936,-0.9044482707977295,-0.1576622575521469,0.9135136008262634,0.2634827196598053,-0.258979469537735,0.41588062047958374,-0.061409350484609604,-1.141093134880066,0.7082559466362,-0.7627331018447876,1.0158127546310425,-0.01861611008644104,-0.035532474517822266,0.02039763331413269,0.006186485290527344,0.009378492832183838,-0.006098061800003052,0.0018534064292907715,-0.00792241096496582,5.9604644775390625e-06,0.007590115070343018,-0.012476444244384766,-0.011812090873718262,-0.008053644560277462,-0.006519617512822151,0.0057526035234332085,0.00306805525906384,0.00076701381476596,0.00843715202063322,-0.00076701381476596,0.011888713575899601,0.004985589534044266,-0.01035468652844429,0.00843715202063322,-0.01418975554406643,-0.03891110047698021,-0.013275551609694958,0.014648884534835815,-0.0119022186845541,0.032044436782598495,-0.022431105375289917,0.06820886582136154,0.005493331700563431,0.09247108548879623,-0.05310220643877983,0.036164432764053345,-0.020142216235399246,-0.00465402752161026,-0.008883118629455566,0.005099408328533173,0.001546621322631836,0.0023446232080459595,-0.001524515450000763,0.00046335160732269287,-0.001980602741241455,1.4901161193847656e-06,0.0,0.0,-0.0029530227184295654,0.0,0.0,0.0,0.0,0.0,0.0,0.0,0.0,0.0,0.0,0.0,0.0
20260709_111233_260179,2026-07-09T11:13:10.472,37.212190,pose,1365,stand,0.0,0.0,0.0,0.0,0.0,0.0,0.0,0.0,0.08,xsens:live,0.007705384399741888,-0.00807897374033928,-0.9999377131462097,0.462909859517943,0.44150476735481997,0.008865028619766235,0.03546011447906494,4.2140069007873535,10.357568740844727,12,can0:12,3.395489454269409,8.027588844299316,,"BL_hip_joint,BR_hip_joint,FL_hip_joint,FR_hip_joint,BL_thigh_joint,BR_thigh_joint,FL_thigh_joint,FR_thigh_joint,BL_calf_joint,BR_calf_joint,FL_calf_joint,FR_calf_joint",330e02f2406e129bb6ed6ec4a6c6bcd5f80d7e7799a2ab087e81eda65d2fae69,"step=001365 mode=stand  vx= 0.000 vy= 0.000 vxy= 0.000 yaw= 0.000 speed=0.08 imu=xsens:live tilt_rp=[+0.5,+0.4]deg imu_corr=0.009 act_max= 0.035 tau_cmd= 4.214 tau_cmd_max= 10.358 cmds=12 bus=can0:12 tau_fb= 3.395 tau_fb_max= 8.028",0.0,0.0,0.0,0.0,0.0,0.0,0.007705384399741888,-0.00807897374033928,-0.9999377131462097,0.0,0.0,0.0,0.0,0.0,0.0,0.0,0.0,0.0,0.0,0.0,0.0,0.0,0.0,0.0,0.0,0.0,0.0,0.0,0.0,0.0,0.0,0.0,0.0,0.0,0.0,0.0,0.0,0.0,0.0,0.0,0.0,0.0,0.0,0.0,0.0,0.0,0.0,0.0,0.25494277477264404,-0.9043759107589722,-0.15770018100738525,0.9135239124298096,0.26347267627716064,-0.2589736580848694,0.4158930778503418,-0.061415743082761765,-1.1410846710205078,0.7082706689834595,-0.7627317905426025,1.0158240795135498,-0.018633276224136353,-0.03546011447906494,0.020359709858894348,0.006196796894073486,0.009368449449539185,-0.006092250347137451,0.0018658638000488281,-0.007928803563117981,1.4424324035644531e-05,0.007604837417602539,-0.012475132942199707,-0.011800765991210938,-0.008053644560277462,-0.006519617512822151,0.00613611051812768,0.0026845482643693686,0.00038350690738298,0.00843715202063322,-0.00076701381476596,0.011888713575899601,0.004985589534044266,-0.01035468652844429,0.008053644560277462,-0.01418975554406643,0.035248879343271255,-0.01235999632626772,0.06820886582136154,0.005493331700563431,-0.0631733164191246,-0.0636310949921608,0.019226660951972008,0.03799554333090782,0.022431105375289917,-0.022431105375289917,-0.004119998775422573,-0.053559985011816025,-0.004658319056034088,-0.008865028619766235,0.005089927464723587,0.0015491992235183716,0.002342112362384796,-0.0015230625867843628,0.00046646595001220703,-0.0019822008907794952,3.606081008911133e-06,0.0,0.0,-0.0029501914978027344,0.0,0.0,0.0,0.0,0.0,0.0,0.0,0.0,0.0,0.0,0.0,0.0
20260709_111233_260179,2026-07-09T11:13:10.605,37.345749,pose,1370,stand,0.0,0.0,0.0,0.0,0.0,0.0,0.0,0.0,0.08,xsens:live,0.007685397285968065,-0.008139674551784992,-0.9999374151229858,0.46638788672525466,0.4403597178224227,0.008908584713935852,0.03563433885574341,3.929992914199829,9.303642272949219,12,can0:12,3.8178656101226807,8.562273025512695,,"BL_hip_joint,BR_hip_joint,FL_hip_joint,FR_hip_joint,BL_thigh_joint,BR_thigh_joint,FL_thigh_joint,FR_thigh_joint,BL_calf_joint,BR_calf_joint,FL_calf_joint,FR_calf_joint",330e02f2406e129bb6ed6ec4a6c6bcd5f80d7e7799a2ab087e81eda65d2fae69,"step=001370 mode=stand  vx= 0.000 vy= 0.000 vxy= 0.000 yaw= 0.000 speed=0.08 imu=xsens:live tilt_rp=[+0.5,+0.4]deg imu_corr=0.009 act_max= 0.036 tau_cmd= 3.930 tau_cmd_max= 9.304 cmds=12 bus=can0:12 tau_fb= 3.818 tau_fb_max= 8.562",0.0,0.0,0.0,0.0,0.0,0.0,0.007685397285968065,-0.008139674551784992,-0.9999374151229858,0.0,0.0,0.0,0.0,0.0,0.0,0.0,0.0,0.0,0.0,0.0,0.0,0.0,0.0,0.0,0.0,0.0,0.0,0.0,0.0,0.0,0.0,0.0,0.0,0.0,0.0,0.0,0.0,0.0,0.0,0.0,0.0,0.0,0.0,0.0,0.0,0.0,0.0,0.0,0.2547309398651123,-0.9045501351356506,-0.1575889140367508,0.9136095643043518,0.26353946328163147,-0.2590143084526062,0.4159347414970398,-0.06150380149483681,-1.1410692930221558,0.7083728909492493,-0.7628415822982788,1.0157402753829956,-0.01884511113166809,-0.03563433885574341,0.02047097682952881,0.006282448768615723,0.00943523645401001,-0.006132900714874268,0.0019075274467468262,-0.008016861975193024,2.9802322387695312e-05,0.007707059383392334,-0.012584924697875977,-0.011884570121765137,-0.008053644560277462,-0.006519617512822151,0.00613611051812768,0.00306805525906384,0.00076701381476596,0.00843715202063322,-0.00076701381476596,0.011888713575899601,0.004985589534044266,-0.01035468652844429,0.008053644560277462,-0.01418975554406643,-0.017853328958153725,-0.010071108117699623,0.031128879636526108,0.007324442267417908,0.01739555038511753,-0.037537768483161926,0.06042664870619774,-0.015106662176549435,-0.018768884241580963,0.0032044434919953346,0.041657764464616776,-0.02471999265253544,-0.004711277782917023,-0.008908584713935852,0.005117744207382202,0.0015706121921539307,0.0023588091135025024,-0.001533225178718567,0.00047688186168670654,-0.002004215493798256,7.450580596923828e-06,0.0,0.0,-0.002971142530441284,0.0,0.0,0.0,0.0,0.0,0.0,0.0,0.0,0.0,0.0,0.0,0.0
20260709_111233_260179,2026-07-09T11:13:10.740,37.479801,pose,1375,stand,0.0,0.0,0.0,0.0,0.0,0.0,0.0,0.0,0.08,xsens:live,0.00766200665384531,-0.00811015535145998,-0.9999377727508545,0.46469640074779905,0.43901937135980756,0.008877798914909363,0.03551119565963745,4.189992427825928,9.446734428405762,12,can0:12,3.8581502437591553,8.646504402160645,,"BL_hip_joint,BR_hip_joint,FL_hip_joint,FR_hip_joint,BL_thigh_joint,BR_thigh_joint,FL_thigh_joint,FR_thigh_joint,BL_calf_joint,BR_calf_joint,FL_calf_joint,FR_calf_joint",330e02f2406e129bb6ed6ec4a6c6bcd5f80d7e7799a2ab087e81eda65d2fae69,"step=001375 mode=stand  vx= 0.000 vy= 0.000 vxy= 0.000 yaw= 0.000 speed=0.08 imu=xsens:live tilt_rp=[+0.5,+0.4]deg imu_corr=0.009 act_max= 0.036 tau_cmd= 4.190 tau_cmd_max= 9.447 cmds=12 bus=can0:12 tau_fb= 3.858 tau_fb_max= 8.647",0.0,0.0,0.0,0.0,0.0,0.0,0.00766200665384531,-0.00811015535145998,-0.9999377727508545,0.0,0.0,0.0,0.0,0.0,0.0,0.0,0.0,0.0,0.0,0.0,0.0,0.0,0.0,0.0,0.0,0.0,0.0,0.0,0.0,0.0,0.0,0.0,0.0,0.0,0.0,0.0,0.0,0.0,0.0,0.0,0.0,0.0,0.0,0.0,0.0,0.0,0.0,0.0,0.2548014521598816,-0.9044269919395447,-0.15766113996505737,0.9135835766792297,0.2635056674480438,-0.25899386405944824,0.41592735052108765,-0.06147384271025658,-1.141069769859314,0.7083433866500854,-0.7627969980239868,1.0157818794250488,-0.018774598836898804,-0.03551119565963745,0.02039875090122223,0.006256461143493652,0.009401440620422363,-0.006112456321716309,0.0019001364707946777,-0.007986903190612793,2.9325485229492188e-05,0.007677555084228516,-0.012540340423583984,-0.011842966079711914,-0.008053644560277462,-0.006519617512822151,0.0057526035234332085,0.0026845482643693686,0.00076701381476596,0.00843715202063322,-0.00076701381476596,0.011888713575899601,0.004985589534044266,-0.01035468652844429,0.00843715202063322,-0.01418975554406643,0.05630664899945259,0.006408886983990669,0.05401776358485222,0.0119022186845541,-0.07599108666181564,-0.043946653604507446,-0.009155552834272385,0.04257332161068916,0.010986663401126862,-0.04669332131743431,-0.00595110934227705,0.010528885759413242,-0.004693649709224701,-0.008877798914909363,0.005099687725305557,0.001564115285873413,0.002350360155105591,-0.0015281140804290771,0.00047503411769866943,-0.0019967257976531982,7.331371307373047e-06,0.0,0.0,-0.0029607415199279785,0.0,0.0,0.0,0.0,0.0,0.0,0.0,0.0,0.0,0.0,0.0,0.0
20260709_111233_260179,2026-07-09T11:13:10.874,37.614530,pose,1380,stand,0.0,0.0,0.0,0.0,0.0,0.0,0.0,0.0,0.08,xsens:live,0.0076323822140693665,-0.008091108873486519,-0.9999381303787231,0.46360495585138783,0.4373218532332217,0.008853942155838013,0.03541576862335205,4.368725299835205,9.908162117004395,12,can0:12,3.759575128555298,7.123020172119141,,"BL_hip_joint,BR_hip_joint,FL_hip_joint,FR_hip_joint,BL_thigh_joint,BR_thigh_joint,FL_thigh_joint,FR_thigh_joint,BL_calf_joint,BR_calf_joint,FL_calf_joint,FR_calf_joint",330e02f2406e129bb6ed6ec4a6c6bcd5f80d7e7799a2ab087e81eda65d2fae69,"step=001380 mode=stand  vx= 0.000 vy= 0.000 vxy= 0.000 yaw= 0.000 speed=0.08 imu=xsens:live tilt_rp=[+0.5,+0.4]deg imu_corr=0.009 act_max= 0.035 tau_cmd= 4.369 tau_cmd_max= 9.908 cmds=12 bus=can0:12 tau_fb= 3.760 tau_fb_max= 7.123",0.0,0.0,0.0,0.0,0.0,0.0,0.0076323822140693665,-0.008091108873486519,-0.9999381303787231,0.0,0.0,0.0,0.0,0.0,0.0,0.0,0.0,0.0,0.0,0.0,0.0,0.0,0.0,0.0,0.0,0.0,0.0,0.0,0.0,0.0,0.0,0.0,0.0,0.0,0.0,0.0,0.0,0.0,0.0,0.0,0.0,0.0,0.0,0.0,0.0,0.0,0.0,0.0,0.25483348965644836,-0.9043315649032593,-0.15771549940109253,0.9135739207267761,0.2634831964969635,-0.25898095965385437,0.41592830419540405,-0.06145988777279854,-1.141066551208496,0.7083334922790527,-0.7627726793289185,1.0158085823059082,-0.01874256134033203,-0.03541576862335205,0.020344391465187073,0.006246805191040039,0.009378969669342041,-0.0060995519161224365,0.001901090145111084,-0.007972948253154755,3.254413604736328e-05,0.007667660713195801,-0.012516021728515625,-0.011816263198852539,-0.008053644560277462,-0.006519617512822151,0.00613611051812768,0.0026845482643693686,0.00038350690738298,0.00843715202063322,-0.00076701381476596,0.011888713575899601,0.004985589534044266,-0.01035468652844429,0.00843715202063322,-0.01418975554406643,-0.013733329251408577,-0.05630664899945259,0.016022218391299248,0.01144444104284048,-0.04211554303765297,0.025177771225571632,0.08651997148990631,-0.051271095871925354,0.0196844395250082,-0.05951109528541565,0.05630664899945259,0.016479995101690292,-0.004685640335083008,-0.008853942155838013,0.005086097866296768,0.0015617012977600098,0.0023447424173355103,-0.0015248879790306091,0.000475272536277771,-0.0019932370632886887,8.13603401184082e-06,0.0,0.0,-0.0029540657997131348,0.0,0.0,0.0,0.0,0.0,0.0,0.0,0.0,0.0,0.0,0.0,0.0
20260709_111233_260179,2026-07-09T11:13:11.003,37.743586,pose,1385,stand,0.0,0.0,0.0,0.0,0.0,0.0,0.0,0.0,0.08,xsens:live,0.007621264550834894,-0.008135058917105198,-0.9999379515647888,0.4661231812473134,0.43668493378364964,0.008886411786079407,0.03554564714431763,4.225901126861572,8.206374168395996,12,can0:12,3.772392988204956,7.6613664627075195,,"BL_hip_joint,BR_hip_joint,FL_hip_joint,FR_hip_joint,BL_thigh_joint,BR_thigh_joint,FL_thigh_joint,FR_thigh_joint,BL_calf_joint,BR_calf_joint,FL_calf_joint,FR_calf_joint",330e02f2406e129bb6ed6ec4a6c6bcd5f80d7e7799a2ab087e81eda65d2fae69,"step=001385 mode=stand  vx= 0.000 vy= 0.000 vxy= 0.000 yaw= 0.000 speed=0.08 imu=xsens:live tilt_rp=[+0.5,+0.4]deg imu_corr=0.009 act_max= 0.036 tau_cmd= 4.226 tau_cmd_max= 8.206 cmds=12 bus=can0:12 tau_fb= 3.772 tau_fb_max= 7.661",0.0,0.0,0.0,0.0,0.0,0.0,0.007621264550834894,-0.008135058917105198,-0.9999379515647888,0.0,0.0,0.0,0.0,0.0,0.0,0.0,0.0,0.0,0.0,0.0,0.0,0.0,0.0,0.0,0.0,0.0,0.0,0.0,0.0,0.0,0.0,0.0,0.0,0.0,0.0,0.0,0.0,0.0,0.0,0.0,0.0,0.0,0.0,0.0,0.0,0.0,0.0,0.0,0.25468313694000244,-0.9044614434242249,-0.15763284265995026,0.9136335849761963,0.2635315954685211,-0.25901034474372864,0.4159572422504425,-0.061521977186203,-1.1410558223724365,0.708405613899231,-0.7628518342971802,1.0157479047775269,-0.018892914056777954,-0.03554564714431763,0.020427048206329346,0.006306469440460205,0.009427368640899658,-0.006128937005996704,0.0019300282001495361,-0.00803503766655922,4.3272972106933594e-05,0.0077397823333740234,-0.012595176696777344,-0.011876940727233887,-0.00843715202063322,-0.006519617512822151,0.00613611051812768,0.00306805525906384,0.00076701381476596,0.00843715202063322,-0.00076701381476596,0.011888713575899601,0.004985589534044266,-0.01035468652844429,0.00843715202063322,-0.01380624808371067,0.0009155552834272385,-0.013275551609694958,0.062257759273052216,0.022431105375289917,0.027466658502817154,0.0398266538977623,0.08194220066070557,-0.005493331700563431,0.009613330475986004,-0.00595110934227705,0.05218665301799774,0.06546220183372498,-0.0047232285141944885,-0.008886411786079407,0.005106762051582336,0.0015766173601150513,0.0023568421602249146,-0.001532234251499176,0.00048250705003738403,-0.002008759416639805,1.0818243026733398e-05,0.0,0.0,-0.0029692351818084717,0.0,0.0,0.0,0.0,0.0,0.0,0.0,0.0,0.0,0.0,0.0,0.0
20260709_111233_260179,2026-07-09T11:13:11.140,37.880440,pose,1390,stand,0.0,0.0,0.0,0.0,0.0,0.0,0.0,0.0,0.08,xsens:live,0.007614330854266882,-0.008049079217016697,-0.9999386072158813,0.4611966218542845,0.4362873745802424,0.008814737200737,0.035258948802948,4.063545227050781,8.520169258117676,12,can0:12,3.9460432529449463,8.258308410644531,,"BL_hip_joint,BR_hip_joint,FL_hip_joint,FR_hip_joint,BL_thigh_joint,BR_thigh_joint,FL_thigh_joint,FR_thigh_joint,BL_calf_joint,BR_calf_joint,FL_calf_joint,FR_calf_joint",330e02f2406e129bb6ed6ec4a6c6bcd5f80d7e7799a2ab087e81eda65d2fae69,"step=001390 mode=stand  vx= 0.000 vy= 0.000 vxy= 0.000 yaw= 0.000 speed=0.08 imu=xsens:live tilt_rp=[+0.5,+0.4]deg imu_corr=0.009 act_max= 0.035 tau_cmd= 4.064 tau_cmd_max= 8.520 cmds=12 bus=can0:12 tau_fb= 3.946 tau_fb_max= 8.258",0.0,0.0,0.0,0.0,0.0,0.0,0.007614330854266882,-0.008049079217016697,-0.9999386072158813,0.0,0.0,0.0,0.0,0.0,0.0,0.0,0.0,0.0,0.0,0.0,0.0,0.0,0.0,0.0,0.0,0.0,0.0,0.0,0.0,0.0,0.0,0.0,0.0,0.0,0.0,0.0,0.0,0.0,0.0,0.0,0.0,0.0,0.0,0.0,0.0,0.0,0.0,0.0,0.25494906306266785,-0.9041747450828552,-0.15780989825725555,0.9135303497314453,0.26343539357185364,-0.2589523196220398,0.4159121513366699,-0.0614112988114357,-1.1410703659057617,0.7082821130752563,-0.7627056837081909,1.0158673524856567,-0.01862698793411255,-0.035258948802948,0.020249992609024048,0.0062032341957092285,0.009331166744232178,-0.006070911884307861,0.0018849372863769531,-0.007924359291791916,2.872943878173828e-05,0.007616281509399414,-0.012449026107788086,-0.011757493019104004,-0.00843715202063322,-0.006519617512822151,0.0057526035234332085,0.00306805525906384,0.00076701381476596,0.00843715202063322,-0.0011505207512527704,0.011888713575899601,0.004985589534044266,-0.01035468652844429,0.00843715202063322,-0.01380624808371067,0.04348887503147125,-0.0476088747382164,-0.026551103219389915,0.061342205852270126,-0.014191106893122196,0.09842219203710556,-0.050355542451143265,-0.009155552834272385,-0.010071108117699623,0.025635547935962677,0.026551103219389915,0.027466658502817154,-0.004656746983528137,-0.008814737200737,0.005062498152256012,0.0015508085489273071,0.0023327916860580444,-0.0015177279710769653,0.0004712343215942383,-0.001981089822947979,7.18235969543457e-06,0.0,0.0,-0.002939373254776001,0.0,0.0,0.0,0.0,0.0,0.0,0.0,0.0,0.0,0.0,0.0,0.0
20260709_111233_260179,2026-07-09T11:13:11.277,38.017249,policy,1395,policy,0.14399999380111694,0.0,0.14399999380111694,0.0,0.3499999940395355,0.0,0.3499999940395355,0.0,0.08,xsens:live,0.007596882525831461,-0.007964322343468666,-0.9999394416809082,0.45634004311221704,0.43528729221803,0.0,0.007011657115072012,3.1515960693359375,6.349935531616211,12,can0:12,2.9725029468536377,6.910611152648926,,"BL_hip_joint,BR_hip_joint,FL_hip_joint,FR_hip_joint,BL_thigh_joint,BR_thigh_joint,FL_thigh_joint,FR_thigh_joint,BL_calf_joint,BR_calf_joint,FL_calf_joint,FR_calf_joint",330e02f2406e129bb6ed6ec4a6c6bcd5f80d7e7799a2ab087e81eda65d2fae69,"step=001395 mode=policy vx= 0.144 vy= 0.000 vxy= 0.144 yaw= 0.000 speed=0.08 imu=xsens:live tilt_rp=[+0.5,+0.4]deg imu_corr=0.000 act_max= 0.007 tau_cmd= 3.152 tau_cmd_max= 6.350 cmds=12 bus=can0:12 policy_cmd=[ 0.350, 0.000, 0.000] tau_fb= 2.973 tau_fb_max= 6.911",0.0,0.0,0.0,-0.011518597602844238,0.005743653047829866,0.003863126039505005,0.007596882525831461,-0.007964322343468666,-0.9999394416809082,0.3499999940395355,0.0,0.0,-0.008053644560277462,-0.00421857601031661,0.005369096528738737,0.0026845482643693686,0.00038350690738298,0.008820658549666405,-0.0011505207512527704,0.01227222103625536,0.00613611051812768,-0.012655727565288544,0.009971179068088531,-0.015340276062488556,0.014648884534835815,0.027924437075853348,-0.013733329251408577,-0.043946653604507446,-0.027466658502817154,0.008239997550845146,-0.04211554303765297,0.017853328958153725,-0.01235999632626772,0.0050355540588498116,0.09842219203710556,0.00045777764171361923,0.5804790258407593,-0.786210298538208,-0.9217538237571716,1.2615607976913452,1.9921284914016724,-1.1924147605895996,1.7186576128005981,-1.5857058763504028,-1.7782176733016968,0.3154551088809967,-0.717768669128418,0.8937509059906006,0.5922249555587769,-0.777800977230072,-1.1646270751953125,1.6696710586547852,2.0990962982177734,-1.2174309492111206,1.6539634466171265,-1.6104763746261597,-1.7678989171981812,0.1541822850704193,-0.6070623993873596,0.9595459699630737,0.00207622186280787,-0.002726858016103506,-0.004082545638084412,0.005852843169122934,0.007011657115072012,-0.004268066957592964,0.005798642989248037,-0.0056460206396877766,-0.0061979820020496845,0.0005408339202404022,-0.002128464635461569,0.0033638898748904467,-0.008053644560277462,-0.00421857601031661,0.005369096528738737,0.0026845482643693686,0.00038350690738298,0.008820658549666405,-0.0011505207512527704,0.01227222103625536,0.00613611051812768,-0.012655727565288544,0.009971179068088531,-0.015340276062488556,0.014648884534835815,0.027924437075853348,-0.013733329251408577,-0.043946653604507446,-0.027466658502817154,0.008239997550845146,-0.04211554303765297,0.017853328958153725,-0.01235999632626772,0.0050355540588498116,0.09842219203710556,0.00045777764171361923,0.0005190554657019675,-0.0006817145040258765,-0.001020636409521103,0.0014632107922807336,0.001752914278768003,-0.001067016739398241,0.0014496607473120093,-0.0014115051599219441,0.0,0.0,0.0,0.0,0.0,0.0,0.0,0.0,0.0,0.0,0.0,0.0,0.0,0.0,0.0,0.0
20260709_111233_260179,2026-07-09T11:13:11.413,38.153109,policy,1400,policy,0.14399999380111694,0.0,0.14399999380111694,0.0,0.3499999940395355,0.0,0.3499999940395355,0.0,0.08,xsens:live,0.007310799788683653,-0.009481300599873066,-0.99992835521698,0.5432611508873415,0.41890052126245964,0.0,0.04785182327032089,4.4325785636901855,8.32472038269043,12,can0:12,3.9771721363067627,7.811517715454102,,"BL_hip_joint,BR_hip_joint,FL_hip_joint,FR_hip_joint,BL_thigh_joint,BR_thigh_joint,FL_thigh_joint,FR_thigh_joint,BL_calf_joint,BR_calf_joint,FL_calf_joint,FR_calf_joint",330e02f2406e129bb6ed6ec4a6c6bcd5f80d7e7799a2ab087e81eda65d2fae69,"step=001400 mode=policy vx= 0.144 vy= 0.000 vxy= 0.144 yaw= 0.000 speed=0.08 imu=xsens:live tilt_rp=[+0.5,+0.4]deg imu_corr=0.000 act_max= 0.048 tau_cmd= 4.433 tau_cmd_max= 8.325 cmds=12 bus=can0:12 policy_cmd=[ 0.350, 0.000, 0.000] tau_fb= 3.977 tau_fb_max= 7.812",0.0,0.0,0.0,0.005602091550827026,-0.0018462539883330464,3.05473840853665e-05,0.007310799788683653,-0.009481300599873066,-0.99992835521698,0.3499999940395355,0.0,0.0,-0.006903124041855335,-0.00153402762953192,0.002301041502505541,0.003835069015622139,-0.0,0.009587672539055347,-0.00038350690738298,0.012655727565288544,0.007286631036549807,-0.016490796580910683,0.011888713575899601,-0.01764131709933281,-0.016022218391299248,0.025635547935962677,-0.11535996943712234,0.025635547935962677,-0.037537768483161926,0.044862210750579834,0.036164432764053345,-0.040742211043834686,0.04943998530507088,0.015106662176549435,-0.03021332435309887,-0.025177771225571632,0.5608615875244141,-0.867936372756958,-1.2937583923339844,2.0231878757476807,2.1099748611450195,-0.9897238612174988,1.353947401046753,-1.7292393445968628,-1.7680003643035889,0.07823073118925095,-0.2792206406593323,1.1969562768936157,0.5595272183418274,-0.8584334254264832,-1.2457714080810547,1.9933501482009888,2.1877102851867676,-0.9573346376419067,1.316395878791809,-1.7730894088745117,-1.766841173171997,0.08163812011480331,-0.2478676438331604,1.2260832786560059,0.013387348502874374,-0.02054019086062908,-0.02981327660381794,0.04769369587302208,0.04785182327032089,-0.022909896448254585,0.03150152042508125,-0.04241637513041496,-0.04227345064282417,0.0019527617841959,-0.005935078486800194,0.02933085896074772,-0.006903124041855335,-0.00153402762953192,0.002301041502505541,0.003835069015622139,-0.0,0.009587672539055347,-0.00038350690738298,0.012655727565288544,0.007286631036549807,-0.016490796580910683,0.011888713575899601,-0.01764131709933281,-0.016022218391299248,0.025635547935962677,-0.11535996943712234,0.025635547935962677,-0.037537768483161926,0.044862210750579834,0.036164432764053345,-0.040742211043834686,0.04943998530507088,0.015106662176549435,-0.03021332435309887,-0.025177771225571632,0.0033468371257185936,-0.00513504771515727,-0.007453319150954485,0.01192342396825552,0.011962955817580223,-0.005727474112063646,0.007875380106270313,-0.01060409378260374,0.0,0.0,0.0,0.0,0.0,0.0,0.0,0.0,0.0,0.0,0.0,0.0,0.0,0.0,0.0,0.0
20260709_111233_260179,2026-07-09T11:13:11.550,38.290044,policy,1405,policy,0.14399999380111694,0.0,0.14399999380111694,0.0,0.3499999940395355,0.0,0.3499999940395355,0.0,0.08,xsens:live,0.007075454108417034,-0.00955791212618351,-0.9999293088912964,0.547650062387719,0.40541555212638475,0.0,0.121658094227314,5.231496810913086,12.330107688903809,12,can0:12,4.870754241943359,11.092867851257324,,"BL_hip_joint,BR_hip_joint,FL_hip_joint,FR_hip_joint,BL_thigh_joint,BR_thigh_joint,FL_thigh_joint,FR_thigh_joint,BL_calf_joint,BR_calf_joint,FL_calf_joint,FR_calf_joint",330e02f2406e129bb6ed6ec4a6c6bcd5f80d7e7799a2ab087e81eda65d2fae69,"step=001405 mode=policy vx= 0.144 vy= 0.000 vxy= 0.144 yaw= 0.000 speed=0.08 imu=xsens:live tilt_rp=[+0.5,+0.4]deg imu_corr=0.000 act_max= 0.122 tau_cmd= 5.231 tau_cmd_max= 12.330 cmds=12 bus=can0:12 policy_cmd=[ 0.350, 0.000, 0.000] tau_fb= 4.871 tau_fb_max= 11.093",0.0,0.0,0.0,-0.004725158214569092,-0.0033184888307005167,-0.008720159530639648,0.007075454108417034,-0.00955791212618351,-0.9999293088912964,0.3499999940395355,0.0,0.0,-0.0057526035234332085,-0.0026845482643693686,-0.00076701381476596,0.011505207046866417,0.004602083005011082,0.00613611051812768,0.00421857601031661,0.00843715202063322,0.008053644560277462,-0.01725780963897705,0.012655727565288544,-0.018024824559688568,-0.04348887503147125,0.00045777764171361923,-0.10711997002363205,0.04577776417136192,0.08789330720901489,-0.07553330808877945,0.13229773938655853,-0.08194220066070557,-0.0238044373691082,-0.001831110566854477,-0.08423108607530594,0.04531998559832573,0.6050031781196594,-0.8257297277450562,-1.1097091436386108,2.0235533714294434,2.242234468460083,-0.8873292803764343,1.227107286453247,-1.8634294271469116,-1.8480596542358398,-0.0264415442943573,-0.1249905377626419,1.2865179777145386,0.669938862323761,-0.850801408290863,-1.0930532217025757,1.9270015954971313,2.186683177947998,-0.8171591758728027,1.140478253364563,-1.7946852445602417,-1.7995208501815796,0.040245234966278076,-0.09858506917953491,1.3593957424163818,0.04068451747298241,-0.051727406680583954,-0.06650720536708832,0.11729363352060318,0.121658094227314,-0.04978002607822418,0.0694645568728447,-0.10923991352319717,-0.10951323807239532,0.0023793322034180164,-0.006024704314768314,0.08261490613222122,-0.0057526035234332085,-0.0026845482643693686,-0.00076701381476596,0.011505207046866417,0.004602083005011082,0.00613611051812768,0.00421857601031661,0.00843715202063322,0.008053644560277462,-0.01725780963897705,0.012655727565288544,-0.018024824559688568,-0.04348887503147125,0.00045777764171361923,-0.10711997002363205,0.04577776417136192,0.08789330720901489,-0.07553330808877945,0.13229773938655853,-0.08194220066070557,-0.0238044373691082,-0.001831110566854477,-0.08423108607530594,0.04531998559832573,0.010171129368245602,-0.012931851670145988,-0.01662680134177208,0.029323408380150795,0.0304145235568285,-0.012445006519556046,0.017366139218211174,-0.027309978380799294,0.0,0.0,0.0,0.0,0.0,0.0,0.0,0.0,0.0,0.0,0.0,0.0,0.0,0.0,0.0,0.0
20260709_111233_260179,2026-07-09T11:13:11.685,38.425070,policy,1410,policy,0.14399999380111694,0.0,0.14399999380111694,0.0,0.3499999940395355,0.0,0.3499999940395355,0.0,0.08,xsens:live,0.0071064746007323265,-0.007684569805860519,-0.9999452233314514,0.44030886843438866,0.40718645129881637,0.0,0.22506406903266907,6.563928127288818,13.423491477966309,12,can0:12,5.4005560874938965,10.0784330368042,,"BL_hip_joint,BR_hip_joint,FL_hip_joint,FR_hip_joint,BL_thigh_joint,BR_thigh_joint,FL_thigh_joint,FR_thigh_joint,BL_calf_joint,BR_calf_joint,FL_calf_joint,FR_calf_joint",330e02f2406e129bb6ed6ec4a6c6bcd5f80d7e7799a2ab087e81eda65d2fae69,"step=001410 mode=policy vx= 0.144 vy= 0.000 vxy= 0.144 yaw= 0.000 speed=0.08 imu=xsens:live tilt_rp=[+0.4,+0.4]deg imu_corr=0.000 act_max= 0.225 tau_cmd= 6.564 tau_cmd_max= 13.423 cmds=12 bus=can0:12 policy_cmd=[ 0.350, 0.000, 0.000] tau_fb= 5.401 tau_fb_max= 10.078",0.0,0.0,0.0,-0.02341270074248314,0.0004626810841728002,-0.01757591962814331,0.0071064746007323265,-0.007684569805860519,-0.9999452233314514,0.3499999940395355,0.0,0.0,-0.00421857601031661,-0.006519617512822151,-0.00153402762953192,0.02109287865459919,0.02032586559653282,-0.006519617512822151,0.019175345078110695,-0.007286631036549807,0.008053644560277462,-0.01725780963897705,0.01227222103625536,-0.019175345078110695,0.01739555038511753,0.014191106893122196,-0.04028443247079849,0.09659108519554138,0.0796533077955246,-0.15289773046970367,0.11719107627868652,-0.16891995072364807,-0.03891110047698021,-0.02059999480843544,-0.003662221133708954,-0.03387554734945297,0.7743999361991882,-0.9722998738288879,-1.0054455995559692,1.7548390626907349,2.1173524856567383,-0.7744723558425903,1.0665864944458008,-1.8002097606658936,-1.836652159690857,-0.0099048912525177,-0.021367914974689484,1.4914830923080444,0.7938018441200256,-0.9724845886230469,-0.9416148662567139,1.7148704528808594,2.1754403114318848,-0.7425844669342041,1.0490312576293945,-1.8127470016479492,-1.8563874959945679,-0.04264271259307861,0.012263938784599304,1.52809476852417,0.08925020694732666,-0.10943232476711273,-0.10619834810495377,0.1931328922510147,0.22506406903266907,-0.08368483930826187,0.1181148961186409,-0.20394787192344666,-0.20883101224899292,-0.004679928533732891,0.001252781949006021,0.17181868851184845,-0.00421857601031661,-0.006519617512822151,-0.00153402762953192,0.02109287865459919,0.02032586559653282,-0.006519617512822151,0.019175345078110695,-0.007286631036549807,0.008053644560277462,-0.01725780963897705,0.01227222103625536,-0.019175345078110695,0.01739555038511753,0.014191106893122196,-0.04028443247079849,0.09659108519554138,0.0796533077955246,-0.15289773046970367,0.11719107627868652,-0.16891995072364807,-0.03891110047698021,-0.02059999480843544,-0.003662221133708954,-0.03387554734945297,0.022312551736831665,-0.027358081191778183,-0.02654958702623844,0.04828322306275368,0.05626601725816727,-0.020921209827065468,0.029528724029660225,-0.050986967980861664,0.0,-0.0011699821334332228,0.00031319548725150526,0.0,0.0,0.0,0.0,0.0,0.0,0.0,0.0,0.0,0.0,0.0,0.0,0.0
20260709_111233_260179,2026-07-09T11:13:11.812,38.551821,policy,1415,policy,0.14399999380111694,0.0,0.14399999380111694,0.0,0.3499999940395355,0.0,0.3499999940395355,0.0,0.08,xsens:live,0.007236307021230459,-0.006712572183459997,-0.9999513030052185,0.38461500843114255,0.41462280508848354,0.0,0.3550313413143158,7.684652328491211,16.21152114868164,12,can0:12,7.071138858795166,10.126041412353516,,"BL_hip_joint,BR_hip_joint,FL_hip_joint,FR_hip_joint,BL_thigh_joint,BR_thigh_joint,FL_thigh_joint,FR_thigh_joint,BL_calf_joint,BR_calf_joint,FL_calf_joint,FR_calf_joint",330e02f2406e129bb6ed6ec4a6c6bcd5f80d7e7799a2ab087e81eda65d2fae69,"step=001415 mode=policy vx= 0.144 vy= 0.000 vxy= 0.144 yaw= 0.000 speed=0.08 imu=xsens:live tilt_rp=[+0.4,+0.4]deg imu_corr=0.000 act_max= 0.355 tau_cmd= 7.685 tau_cmd_max= 16.212 cmds=12 bus=can0:12 policy_cmd=[ 0.350, 0.000, 0.000] tau_fb= 7.071 tau_fb_max= 10.126",0.0,0.0,0.0,-0.00035911801387555897,0.00044032931327819824,-0.009046494960784912,0.007236307021230459,-0.006712572183459997,-0.9999513030052185,0.3499999940395355,0.0,0.0,-0.0,-0.012655727565288544,-0.0019175345078110695,0.030680552124977112,0.046404335647821426,-0.025311455130577087,0.03835069015622139,-0.03144756704568863,0.00843715202063322,-0.018024824559688568,0.013039235025644302,-0.02070937305688858,0.05081331729888916,-0.028382213786244392,0.0068666646257042885,0.06088442727923393,0.15564440190792084,-0.19547104835510254,0.16067995131015778,-0.14648884534835815,-0.014191106893122196,0.02059999480843544,-0.05767998471856117,-0.043946653604507446,0.8711183667182922,-0.9940544366836548,-0.7872059941291809,1.6365642547607422,2.1420023441314697,-0.6604445576667786,0.9246793985366821,-1.8244640827178955,-1.8768800497055054,-0.19045473635196686,0.17508983612060547,1.6206902265548706,0.879237949848175,-1.0012589693069458,-0.7405713200569153,1.6274136304855347,2.136587619781494,-0.6061886548995972,0.8845968842506409,-1.8199599981307983,-1.879117727279663,-0.24257411062717438,0.22748377919197083,1.6486947536468506,0.15600772202014923,-0.17767105996608734,-0.13189838826656342,0.28898563981056213,0.3550313413143158,-0.10809832066297531,0.1574028730392456,-0.3230920135974884,-0.33353665471076965,-0.042555954307317734,0.03988627716898918,0.2924029231071472,-0.0,-0.012655727565288544,-0.0019175345078110695,0.030680552124977112,0.046404335647821426,-0.025311455130577087,0.03835069015622139,-0.03144756704568863,0.00843715202063322,-0.018024824559688568,0.013039235025644302,-0.02070937305688858,0.05081331729888916,-0.028382213786244392,0.0068666646257042885,0.06088442727923393,0.15564440190792084,-0.19547104835510254,0.16067995131015778,-0.14648884534835815,-0.014191106893122196,0.02059999480843544,-0.05767998471856117,-0.043946653604507446,0.03900193050503731,-0.044417764991521835,-0.032974597066640854,0.07224640995264053,0.08875783532857895,-0.027024580165743828,0.0393507182598114,-0.0807730033993721,0.0,-0.010638988576829433,0.009971569292247295,0.0,0.0,0.0,0.0,0.0,0.0,0.0,0.0,0.0,0.0,0.0,0.0,0.0
20260709_111233_260179,2026-07-09T11:13:11.945,38.685747,policy,1420,policy,0.14399999380111694,0.0,0.14399999380111694,0.0,0.3499999940395355,0.0,0.3499999940395355,0.0,0.08,xsens:live,0.007563502062112093,-0.004084915854036808,-0.999963104724884,0.23405577175209769,0.43336447165604736,0.0,0.49605342745780945,10.00622272491455,18.6253719329834,12,can0:12,9.966733932495117,14.571977615356445,,"BL_hip_joint,BR_hip_joint,FL_hip_joint,FR_hip_joint,BL_thigh_joint,BR_thigh_joint,FL_thigh_joint,FR_thigh_joint,BL_calf_joint,BR_calf_joint,FL_calf_joint,FR_calf_joint",330e02f2406e129bb6ed6ec4a6c6bcd5f80d7e7799a2ab087e81eda65d2fae69,"step=001420 mode=policy vx= 0.144 vy= 0.000 vxy= 0.144 yaw= 0.000 speed=0.08 imu=xsens:live tilt_rp=[+0.2,+0.4]deg imu_corr=0.000 act_max= 0.496 tau_cmd= 10.006 tau_cmd_max= 18.625 cmds=12 bus=can0:12 policy_cmd=[ 0.350, 0.000, 0.000] tau_fb= 9.967 tau_fb_max= 14.572",0.0,0.0,0.0,-0.026123227551579475,0.008780509233474731,-0.02337544970214367,0.007563502062112093,-0.004084915854036808,-0.999963104724884,0.3499999940395355,0.0,0.0,0.008053644560277462,-0.021859893575310707,-0.00038350690738298,0.04410329461097717,0.07516735047101974,-0.046404335647821426,0.06404565274715424,-0.05906006321310997,0.00843715202063322,-0.02454444207251072,0.023393921554088593,-0.022626906633377075,0.05722220614552498,-0.12222663313150406,0.04852443188428879,0.10620441287755966,0.1748710572719574,-0.06683553755283356,0.08239997923374176,-0.14465773105621338,0.027466658502817154,-0.07736442238092422,0.0631733164191246,0.008697775192558765,0.9355180859565735,-1.1555885076522827,-0.5335422158241272,1.5015820264816284,1.9787702560424805,-0.41205984354019165,0.708809494972229,-1.7948558330535889,-1.8464206457138062,-0.43286383152008057,0.4152393639087677,1.834641695022583,0.9497848153114319,-1.1305569410324097,-0.4967055320739746,1.443017840385437,1.9488331079483032,-0.3526700437068939,0.6524339318275452,-1.7987749576568604,-1.8149186372756958,-0.4714243412017822,0.48379603028297424,1.8866878747940063,0.24118807911872864,-0.2878872752189636,-0.12704238295555115,0.36797747015953064,0.49605342745780945,-0.09086279571056366,0.16697315871715546,-0.4572446644306183,-0.46201708912849426,-0.11903940886259079,0.12163257598876953,0.47862744331359863,0.008053644560277462,-0.021859893575310707,-0.00038350690738298,0.04410329461097717,0.07516735047101974,-0.046404335647821426,0.06404565274715424,-0.05906006321310997,0.00843715202063322,-0.02454444207251072,0.023393921554088593,-0.022626906633377075,0.05722220614552498,-0.12222663313150406,0.04852443188428879,0.10620441287755966,0.1748710572719574,-0.06683553755283356,0.08239997923374176,-0.14465773105621338,0.027466658502817154,-0.07736442238092422,0.0631733164191246,0.008697775192558765,0.06029701977968216,-0.0719718188047409,-0.03176059573888779,0.09199436753988266,0.12401335686445236,-0.022715698927640915,0.041743289679288864,-0.11431116610765457,0.0,-0.029759852215647697,0.030408143997192383,0.0,0.0,0.0,0.0,0.0,0.0,0.0,0.0,0.0,0.0,0.0,0.0,0.0
20260709_111233_260179,2026-07-09T11:13:12.084,38.823879,pose,1425,stand,0.0,0.0,0.0,0.0,0.0,0.0,0.0,0.0,0.08,xsens:live,0.008834033273160458,-0.00018274964531883597,-0.9999610185623169,0.010471191449804145,0.5061593862944479,0.0027434229850769043,0.010973691940307617,10.55465316772461,20.197126388549805,12,can0:12,10.657979011535645,19.233985900878906,,"BL_hip_joint,BR_hip_joint,FL_hip_joint,FR_hip_joint,BL_thigh_joint,BR_thigh_joint,FL_thigh_joint,FR_thigh_joint,BL_calf_joint,BR_calf_joint,FL_calf_joint,FR_calf_joint",330e02f2406e129bb6ed6ec4a6c6bcd5f80d7e7799a2ab087e81eda65d2fae69,"step=001425 mode=stand  vx= 0.000 vy= 0.000 vxy= 0.000 yaw= 0.000 speed=0.08 imu=xsens:live tilt_rp=[+0.0,+0.5]deg imu_corr=0.003 act_max= 0.011 tau_cmd= 10.555 tau_cmd_max= 20.197 cmds=12 bus=can0:12 tau_fb= 10.658 tau_fb_max= 19.234",0.0,0.0,0.0,0.0,0.0,0.0,0.008834033273160458,-0.00018274964531883597,-0.9999610185623169,0.0,0.0,0.0,0.0,0.0,0.0,0.0,0.0,0.0,0.0,0.0,0.0,0.0,0.0,0.0,0.0,0.0,0.0,0.0,0.0,0.0,0.0,0.0,0.0,0.0,0.0,0.0,0.0,0.0,0.0,0.0,0.0,0.0,0.0,0.0,0.0,0.0,0.0,0.0,0.28142476081848145,-0.8798894882202148,-0.1731526106595993,0.9032992124557495,0.2546594738960266,-0.25345367193222046,0.41082435846328735,-0.05054629221558571,-1.1427991390228271,0.6957630515098572,-0.7485185861587524,1.0268588066101074,0.00784870982170105,-0.010973691940307617,0.004907280206680298,-0.004027903079986572,0.0005552470684051514,-0.0005722641944885254,-0.0032028555870056152,0.002940647304058075,-0.0017000436782836914,-0.004902780055999756,0.0017380714416503906,-0.0007660388946533203,0.012655727565288544,-0.029146524146199226,0.004602083005011082,0.05215694010257721,0.09549321979284286,-0.06404565274715424,0.08513852953910828,-0.08053644746541977,0.008820658549666405,-0.03374860808253288,0.0345156192779541,-0.026845483109354973,0.08835108578205109,0.0050355540588498116,0.054475538432598114,0.04440443217754364,0.05813775956630707,-0.059968870133161545,0.09933774918317795,-0.06088442727923393,-0.019226660951972008,-0.051271095871925354,0.0238044373691082,-0.02059999480843544,0.06176295876502991,-0.07412292063236237,-0.030272386968135834,0.09023028612136841,0.12313155084848404,-0.022671816870570183,0.0405990332365036,-0.11263523250818253,0.0,-0.03074062615633011,0.030592404305934906,-0.00019150972366333008,0.0,0.0,0.0,0.0,0.0,0.0,0.0,0.0,0.0,0.0,0.0,0.0
20260709_111233_260179,2026-07-09T11:13:12.221,38.961023,pose,1430,stand,0.0,0.0,0.0,0.0,0.0,0.0,0.0,0.0,0.08,xsens:live,0.009062950499355793,0.0009089625091291964,-0.9999585151672363,-0.05208186177189054,0.5192761380806146,0.0029078349471092224,0.01163133978843689,9.927913665771484,18.565887451171875,12,can0:12,10.485243797302246,17.78374671936035,,"BL_hip_joint,BR_hip_joint,FL_hip_joint,FR_hip_joint,BL_thigh_joint,BR_thigh_joint,FL_thigh_joint,FR_thigh_joint,BL_calf_joint,BR_calf_joint,FL_calf_joint,FR_calf_joint",330e02f2406e129bb6ed6ec4a6c6bcd5f80d7e7799a2ab087e81eda65d2fae69,"step=001430 mode=stand  vx= 0.000 vy= 0.000 vxy= 0.000 yaw= 0.000 speed=0.08 imu=xsens:live tilt_rp=[-0.1,+0.5]deg imu_corr=0.003 act_max= 0.012 tau_cmd= 9.928 tau_cmd_max= 18.566 cmds=12 bus=can0:12 tau_fb= 10.485 tau_fb_max= 17.784",0.0,0.0,0.0,0.0,0.0,0.0,0.009062950499355793,0.0009089625091291964,-0.9999585151672363,0.0,0.0,0.0,0.0,0.0,0.0,0.0,0.0,0.0,0.0,0.0,0.0,0.0,0.0,0.0,0.0,0.0,0.0,0.0,0.0,0.0,0.0,0.0,0.0,0.0,0.0,0.0,0.0,0.0,0.0,0.0,0.0,0.0,0.0,0.0,0.0,0.0,0.0,0.0,0.2852073907852173,-0.8765638470649719,-0.17528307437896729,0.90187007188797,0.2534372806549072,-0.25264808535575867,0.4100653827190399,-0.049003422260284424,-1.1430500745773315,0.6939699053764343,-0.7464923858642578,1.0284026861190796,0.01163133978843689,-0.007648050785064697,0.002776816487312317,-0.005457043647766113,-0.0006669461727142334,0.0002333223819732666,-0.003961831331253052,0.00448351725935936,-0.001950979232788086,-0.006695926189422607,0.0037642717361450195,0.0007778406143188477,0.013039235025644302,-0.029146524146199226,0.004985589534044266,0.05177343264222145,0.09971179068088531,-0.06864773482084274,0.08782307803630829,-0.08360450714826584,0.008820658549666405,-0.03489912673830986,0.036049649119377136,-0.02722899056971073,0.009155552834272385,-0.006408886983990669,-0.059968870133161545,-0.0027466658502817154,-0.0398266538977623,0.023346660658717155,-0.038453321903944016,-0.005493331700563431,0.023346660658717155,0.06591998040676117,0.047151096165180206,0.0553910955786705,0.06080840900540352,-0.0710233822464943,-0.02980409935116768,0.0869738832116127,0.11891783028841019,-0.02175455540418625,0.03909378498792648,-0.10864710062742233,0.0,-0.03025105781853199,0.030140670016407967,0.0,0.0,0.0,0.0,0.0,0.0,0.0,0.0,0.0,0.0,0.0,0.0,0.0
20260709_111233_260179,2026-07-09T11:13:12.358,39.098118,pose,1435,stand,0.0,0.0,0.0,0.0,0.0,0.0,0.0,0.0,0.08,xsens:live,0.008910687640309334,0.000284191919490695,-0.9999603033065796,-0.016283643526942886,0.5105515486491784,0.00238172709941864,0.00952690839767456,9.489701271057129,16.163843154907227,12,can0:12,9.927671432495117,15.626697540283203,,"BL_hip_joint,BR_hip_joint,FL_hip_joint,FR_hip_joint,BL_thigh_joint,BR_thigh_joint,FL_thigh_joint,FR_thigh_joint,BL_calf_joint,BR_calf_joint,FL_calf_joint,FR_calf_joint",330e02f2406e129bb6ed6ec4a6c6bcd5f80d7e7799a2ab087e81eda65d2fae69,"step=001435 mode=stand  vx= 0.000 vy= 0.000 vxy= 0.000 yaw= 0.000 speed=0.08 imu=xsens:live tilt_rp=[-0.0,+0.5]deg imu_corr=0.002 act_max= 0.010 tau_cmd= 9.490 tau_cmd_max= 16.164 cmds=12 bus=can0:12 tau_fb= 9.928 tau_fb_max= 15.627",0.0,0.0,0.0,0.0,0.0,0.0,0.008910687640309334,0.000284191919490695,-0.9999603033065796,0.0,0.0,0.0,0.0,0.0,0.0,0.0,0.0,0.0,0.0,0.0,0.0,0.0,0.0,0.0,0.0,0.0,0.0,0.0,0.0,0.0,0.0,0.0,0.0,0.0,0.0,0.0,0.0,0.0,0.0,0.0,0.0,0.0,0.0,0.0,0.0,0.0,0.0,0.0,0.28302133083343506,-0.8784427046775818,-0.17407363653182983,0.9026974439620972,0.25413620471954346,-0.25310999155044556,0.41050830483436584,-0.04989500343799591,-1.1429022550582886,0.6950094103813171,-0.7476582527160645,1.0275195837020874,0.009445279836654663,-0.00952690839767456,0.003986254334449768,-0.004629671573638916,3.197789192199707e-05,-0.00022858381271362305,-0.003518909215927124,0.003591936081647873,-0.0018031597137451172,-0.005656421184539795,0.002598404884338379,-0.00010526180267333984,0.012655727565288544,-0.0279960036277771,0.004602083005011082,0.05138992518186569,0.0924251601099968,-0.06289513409137726,0.08091995865106583,-0.0774683952331543,0.009204166010022163,-0.03566614165902138,0.036049649119377136,-0.02722899056971073,0.009155552834272385,-0.01235999632626772,-0.038453321903944016,0.05218665301799774,-0.05264442786574364,0.029755547642707825,-0.06591998040676117,0.06271553784608841,0.001831110566854477,0.04211554303765297,-0.04119998961687088,-0.00045777764171361923,0.057139672338962555,-0.06776634603738785,-0.02785715088248253,0.08241719007492065,0.11267106235027313,-0.020693795755505562,0.037043020129203796,-0.10295088589191437,0.0,-0.028450194746255875,0.028274647891521454,-2.631545066833496e-05,0.0,0.0,0.0,0.0,0.0,0.0,0.0,0.0,0.0,0.0,0.0,0.0
20260709_111233_260179,2026-07-09T11:13:12.495,39.235113,pose,1440,stand,0.0,0.0,0.0,0.0,0.0,0.0,0.0,0.0,0.08,xsens:live,0.008787174709141254,1.7307002053712495e-05,-0.9999614357948303,-0.0009916564160444453,0.5034744820382467,0.0025651901960372925,0.01026076078414917,9.14431095123291,17.589685440063477,12,can0:12,9.474471092224121,14.257026672363281,,"BL_hip_joint,BR_hip_joint,FL_hip_joint,FR_hip_joint,BL_thigh_joint,BR_thigh_joint,FL_thigh_joint,FR_thigh_joint,BL_calf_joint,BR_calf_joint,FL_calf_joint,FR_calf_joint",330e02f2406e129bb6ed6ec4a6c6bcd5f80d7e7799a2ab087e81eda65d2fae69,"step=001440 mode=stand  vx= 0.000 vy= 0.000 vxy= 0.000 yaw= 0.000 speed=0.08 imu=xsens:live tilt_rp=[-0.0,+0.5]deg imu_corr=0.003 act_max= 0.010 tau_cmd= 9.144 tau_cmd_max= 17.590 cmds=12 bus=can0:12 tau_fb= 9.474 tau_fb_max= 14.257",0.0,0.0,0.0,0.0,0.0,0.0,0.008787174709141254,1.7307002053712495e-05,-0.9999614357948303,0.0,0.0,0.0,0.0,0.0,0.0,0.0,0.0,0.0,0.0,0.0,0.0,0.0,0.0,0.0,0.0,0.0,0.0,0.0,0.0,0.0,0.0,0.0,0.0,0.0,0.0,0.0,0.0,0.0,0.0,0.0,0.0,0.0,0.0,0.0,0.0,0.0,0.0,0.0,0.2820313572883606,-0.8791765570640564,-0.17358724772930145,0.9030793905258179,0.2544323205947876,-0.25330373644828796,0.4107193052768707,-0.05029699578881264,-1.1428275108337402,0.6954870223999023,-0.7481691837310791,1.027146339416504,0.0084553062915802,-0.01026076078414917,0.004472643136978149,-0.004247725009918213,0.0003280937671661377,-0.0004223287105560303,-0.003307908773422241,0.0031899437308311462,-0.0017284154891967773,-0.00517880916595459,0.0020874738693237305,-0.00047850608825683594,0.011121700517833233,-0.02722899056971073,0.004602083005011082,0.050622910261154175,0.08628905564546585,-0.05675902217626572,0.07478384673595428,-0.0709487795829773,0.009204166010022163,-0.03566614165902138,0.03566614165902138,-0.02761249616742134,0.005493331700563431,0.0050355540588498116,-0.015106662176549435,-0.0476088747382164,-0.023346660658717155,0.0718710869550705,0.05722220614552498,0.04989776387810707,0.0,0.06729331612586975,-0.05401776358485222,-0.010071108117699623,0.05276232212781906,-0.06302031874656677,-0.02556021139025688,0.07621181011199951,0.1042511835694313,-0.019186392426490784,0.034236691892147064,-0.09522199630737305,0.0,-0.026292484253644943,0.026064205914735794,-0.00011962652206420898,0.0,0.0,0.0,0.0,0.0,0.0,0.0,0.0,0.0,0.0,0.0,0.0
20260709_111233_260179,2026-07-09T11:13:12.632,39.372528,pose,1445,stand,0.0,0.0,0.0,0.0,0.0,0.0,0.0,0.0,0.08,xsens:live,0.008759950287640095,-0.0005347862606868148,-0.9999615550041199,0.030642170795772472,0.5019146376723238,0.0030112266540527344,0.012044906616210938,8.806075096130371,13.283920288085938,12,can0:12,8.839991569519043,13.21329402923584,,"BL_hip_joint,BR_hip_joint,FL_hip_joint,FR_hip_joint,BL_thigh_joint,BR_thigh_joint,FL_thigh_joint,FR_thigh_joint,BL_calf_joint,BR_calf_joint,FL_calf_joint,FR_calf_joint",330e02f2406e129bb6ed6ec4a6c6bcd5f80d7e7799a2ab087e81eda65d2fae69,"step=001445 mode=stand  vx= 0.000 vy= 0.000 vxy= 0.000 yaw= 0.000 speed=0.08 imu=xsens:live tilt_rp=[+0.0,+0.5]deg imu_corr=0.003 act_max= 0.012 tau_cmd= 8.806 tau_cmd_max= 13.284 cmds=12 bus=can0:12 tau_fb= 8.840 tau_fb_max= 13.213",0.0,0.0,0.0,0.0,0.0,0.0,0.008759950287640095,-0.0005347862606868148,-0.9999615550041199,0.0,0.0,0.0,0.0,0.0,0.0,0.0,0.0,0.0,0.0,0.0,0.0,0.0,0.0,0.0,0.0,0.0,0.0,0.0,0.0,0.0,0.0,0.0,0.0,0.0,0.0,0.0,0.0,0.0,0.0,0.0,0.0,0.0,0.0,0.0,0.0,0.0,0.0,0.0,0.2802067995071411,-0.8809607028961182,-0.17246763408184052,0.9037609696388245,0.25505366921424866,-0.2537103295326233,0.41106781363487244,-0.05104287713766098,-1.1427183151245117,0.6963398456573486,-0.7491704225540161,1.0263618230819702,0.006630748510360718,-0.012044906616210938,0.005592256784439087,-0.003566145896911621,0.0009494423866271973,-0.0008289217948913574,-0.0029594004154205322,0.0024440623819828033,-0.0016192197799682617,-0.004325985908508301,0.0010862350463867188,-0.0012630224227905273,0.009587672539055347,-0.026078470051288605,0.004602083005011082,0.047554854303598404,0.07938592880964279,-0.05138992518186569,0.06826423108577728,-0.0644291564822197,0.009204166010022163,-0.03489912673830986,0.03489912673830986,-0.02761249616742134,-0.04348887503147125,0.016022218391299248,-0.038453321903944016,-0.002288888208568096,-0.05630664899945259,0.01235999632626772,-0.11307107657194138,0.14007996022701263,0.08056886494159698,0.021973326802253723,-0.016479995101690292,-0.010986663401126862,0.04738308861851692,-0.057590045034885406,-0.022687138989567757,0.06887110322713852,0.0942811518907547,-0.01743336208164692,0.03091558814048767,-0.08607525378465652,0.0,-0.023649463430047035,0.02333114854991436,-0.00031575560569763184,0.0,0.0,0.0,0.0,0.0,0.0,0.0,0.0,0.0,0.0,0.0,0.0
20260709_111233_260179,2026-07-09T11:13:12.763,39.503519,pose,1450,stand,0.0,0.0,0.0,0.0,0.0,0.0,0.0,0.0,0.08,xsens:live,0.008737722411751747,-0.0008560718852095306,-0.9999614953994751,0.04905118269551514,0.500641152557627,0.0032686442136764526,0.01307457685470581,7.759677410125732,10.86801528930664,12,can0:12,7.973265171051025,10.79256534576416,,"BL_hip_joint,BR_hip_joint,FL_hip_joint,FR_hip_joint,BL_thigh_joint,BR_thigh_joint,FL_thigh_joint,FR_thigh_joint,BL_calf_joint,BR_calf_joint,FL_calf_joint,FR_calf_joint",330e02f2406e129bb6ed6ec4a6c6bcd5f80d7e7799a2ab087e81eda65d2fae69,"step=001450 mode=stand  vx= 0.000 vy= 0.000 vxy= 0.000 yaw= 0.000 speed=0.08 imu=xsens:live tilt_rp=[+0.0,+0.5]deg imu_corr=0.003 act_max= 0.013 tau_cmd= 7.760 tau_cmd_max= 10.868 cmds=12 bus=can0:12 tau_fb= 7.973 tau_fb_max= 10.793",0.0,0.0,0.0,0.0,0.0,0.0,0.008737722411751747,-0.0008560718852095306,-0.9999614953994751,0.0,0.0,0.0,0.0,0.0,0.0,0.0,0.0,0.0,0.0,0.0,0.0,0.0,0.0,0.0,0.0,0.0,0.0,0.0,0.0,0.0,0.0,0.0,0.0,0.0,0.0,0.0,0.0,0.0,0.0,0.0,0.0,0.0,0.0,0.0,0.0,0.0,0.0,0.0,0.2791401147842407,-0.881990373134613,-0.17181994020938873,0.9041615724563599,0.255414754152298,-0.2539449632167816,0.41127246618270874,-0.05147805064916611,-1.142652988433838,0.696839451789856,-0.7497535943984985,1.0259068012237549,0.005564063787460327,-0.01307457685470581,0.006239950656890869,-0.0031655430793762207,0.0013105273246765137,-0.0010635554790496826,-0.0027547478675842285,0.0020088888704776764,-0.0015538930892944336,-0.0038263797760009766,0.0005030632019042969,-0.0017180442810058594,0.007670138031244278,-0.023777427151799202,0.004985589534044266,0.04410329461097717,0.07171578705310822,-0.04448680207133293,0.06021058186888695,-0.05637551471590996,0.009204166010022163,-0.03374860808253288,0.03374860808253288,-0.02722899056971073,0.0013733329251408577,0.04303110018372536,0.05310220643877983,-0.0013733329251408577,-0.03662221133708954,0.04531998559832573,-0.09796441346406937,0.11673329770565033,-0.009155552834272385,-0.0068666646257042885,-0.012817773967981339,0.06179998070001602,0.04161447286605835,-0.051280222833156586,-0.019627142697572708,0.06057700514793396,0.0830555260181427,-0.01541927270591259,0.02715778537094593,-0.07575345784425735,0.0,-0.020809054374694824,0.02041069231927395,-0.00042951107025146484,0.0,0.0,0.0,0.0,0.0,0.0,0.0,0.0,0.0,0.0,0.0,0.0
20260709_111233_260179,2026-07-09T11:13:12.900,39.640677,pose,1455,stand,0.0,0.0,0.0,0.0,0.0,0.0,0.0,0.0,0.08,xsens:live,0.008622257970273495,-0.0017913103802129626,-0.999961256980896,0.10263839131939408,0.4940258888822448,0.004002317786216736,0.016009271144866943,6.968391418457031,11.374421119689941,12,can0:12,7.550584316253662,11.492050170898438,,"BL_hip_joint,BR_hip_joint,FL_hip_joint,FR_hip_joint,BL_thigh_joint,BR_thigh_joint,FL_thigh_joint,FR_thigh_joint,BL_calf_joint,BR_calf_joint,FL_calf_joint,FR_calf_joint",330e02f2406e129bb6ed6ec4a6c6bcd5f80d7e7799a2ab087e81eda65d2fae69,"step=001455 mode=stand  vx= 0.000 vy= 0.000 vxy= 0.000 yaw= 0.000 speed=0.08 imu=xsens:live tilt_rp=[+0.1,+0.5]deg imu_corr=0.004 act_max= 0.016 tau_cmd= 6.968 tau_cmd_max= 11.374 cmds=12 bus=can0:12 tau_fb= 7.551 tau_fb_max= 11.492",0.0,0.0,0.0,0.0,0.0,0.0,0.008622257970273495,-0.0017913103802129626,-0.999961256980896,0.0,0.0,0.0,0.0,0.0,0.0,0.0,0.0,0.0,0.0,0.0,0.0,0.0,0.0,0.0,0.0,0.0,0.0,0.0,0.0,0.0,0.0,0.0,0.0,0.0,0.0,0.0,0.0,0.0,0.0,0.0,0.0,0.0,0.0,0.0,0.0,0.0,0.0,0.0,0.27599024772644043,-0.8849250674247742,-0.16996505856513977,0.9053530693054199,0.25646328926086426,-0.25461870431900024,0.4118846654891968,-0.052761390805244446,-1.1424529552459717,0.6983190774917603,-0.7514582872390747,1.024587631225586,0.002414196729660034,-0.016009271144866943,0.008094832301139832,-0.001974046230316162,0.002359062433242798,-0.0017372965812683105,-0.0021425485610961914,0.0007255487143993378,-0.0013538599014282227,-0.0023467540740966797,-0.001201629638671875,-0.0030372142791748047,0.004985589534044266,-0.022243401035666466,0.004602083005011082,0.040268223732709885,0.06212811917066574,-0.036816664040088654,0.05215694010257721,-0.04832186922430992,0.009204166010022163,-0.032981593161821365,0.032981593161821365,-0.02722899056971073,-0.03799554333090782,-0.12543107569217682,0.04577776417136192,-0.028839992359280586,-0.059968870133161545,-0.0009155552834272385,-0.007782219909131527,0.03570665791630745,-0.013733329251408577,0.015564439818263054,-0.0068666646257042885,0.04028443247079849,0.03496059402823448,-0.045011624693870544,-0.016073375940322876,0.051924578845500946,0.07125217467546463,-0.013377655297517776,0.02324955351650715,-0.06495274603366852,0.0,-0.01754375547170639,0.017026053741574287,-0.0007593035697937012,0.0,0.0,0.0,0.0,0.0,0.0,0.0,0.0,0.0,0.0,0.0,0.0
20260709_111233_260179,2026-07-09T11:13:13.038,39.778270,pose,1460,stand,0.0,0.0,0.0,0.0,0.0,0.0,0.0,0.0,0.08,xsens:live,0.008617005310952663,-0.0025320190470665693,-0.9999597072601318,0.145079540643076,0.4937257095016503,0.004607498645782471,0.018429994583129883,6.537075042724609,9.460078239440918,12,can0:12,6.551408290863037,10.133365631103516,,"BL_hip_joint,BR_hip_joint,FL_hip_joint,FR_hip_joint,BL_thigh_joint,BR_thigh_joint,FL_thigh_joint,FR_thigh_joint,BL_calf_joint,BR_calf_joint,FL_calf_joint,FR_calf_joint",330e02f2406e129bb6ed6ec4a6c6bcd5f80d7e7799a2ab087e81eda65d2fae69,"step=001460 mode=stand  vx= 0.000 vy= 0.000 vxy= 0.000 yaw= 0.000 speed=0.08 imu=xsens:live tilt_rp=[+0.1,+0.5]deg imu_corr=0.005 act_max= 0.018 tau_cmd= 6.537 tau_cmd_max= 9.460 cmds=12 bus=can0:12 tau_fb= 6.551 tau_fb_max= 10.133",0.0,0.0,0.0,0.0,0.0,0.0,0.008617005310952663,-0.0025320190470665693,-0.9999597072601318,0.0,0.0,0.0,0.0,0.0,0.0,0.0,0.0,0.0,0.0,0.0,0.0,0.0,0.0,0.0,0.0,0.0,0.0,0.0,0.0,0.0,0.0,0.0,0.0,0.0,0.0,0.0,0.0,0.0,0.0,0.0,0.0,0.0,0.0,0.0,0.0,0.0,0.0,0.0,0.2735849618911743,-0.8873457908630371,-0.16845478117465973,0.9062584042549133,0.25729647278785706,-0.2551475167274475,0.4123327434062958,-0.053742554038763046,-1.14231276512146,0.6994360685348511,-0.752781867980957,1.0235430002212524,8.910894393920898e-06,-0.018429994583129883,0.009605109691619873,-0.001068711280822754,0.0031922459602355957,-0.002266108989715576,-0.0016944706439971924,-0.0002556145191192627,-0.001213669776916504,-0.0012297630310058594,-0.0025252103805541992,-0.004081845283508301,0.002301041502505541,-0.019942358136177063,0.004602083005011082,0.0345156192779541,0.053690966218709946,-0.03106405958533287,0.04487030580639839,-0.0410352386534214,0.009204166010022163,-0.03221457824110985,0.03183107450604439,-0.02722899056971073,0.0636310949921608,0.012817773967981339,-0.016937773674726486,-0.05493331700563431,-0.10986663401126862,0.044862210750579834,-0.03433332219719887,0.1350444108247757,0.0476088747382164,0.003662221133708954,-0.016479995101690292,0.04257332161068916,0.02834279090166092,-0.03843540698289871,-0.012526711449027061,0.0429716482758522,0.05908632278442383,-0.011243268847465515,0.019196396693587303,-0.05379198119044304,0.0,-0.014295047149062157,0.013661012053489685,-0.0010204613208770752,0.0,0.0,0.0,0.0,0.0,0.0,0.0,0.0,0.0,0.0,0.0,0.0
20260709_111233_260179,2026-07-09T11:13:13.176,39.916494,pose,1465,stand,0.0,0.0,0.0,0.0,0.0,0.0,0.0,0.0,0.08,xsens:live,0.008574974723160267,-0.003668930847197771,-0.9999565482139587,0.21022244410098978,0.49131916721249147,0.0055250078439712524,0.02210003137588501,5.554351806640625,10.014930725097656,12,can0:12,5.797601699829102,9.66093921661377,,"BL_hip_joint,BR_hip_joint,FL_hip_joint,FR_hip_joint,BL_thigh_joint,BR_thigh_joint,FL_thigh_joint,FR_thigh_joint,BL_calf_joint,BR_calf_joint,FL_calf_joint,FR_calf_joint",330e02f2406e129bb6ed6ec4a6c6bcd5f80d7e7799a2ab087e81eda65d2fae69,"step=001465 mode=stand  vx= 0.000 vy= 0.000 vxy= 0.000 yaw= 0.000 speed=0.08 imu=xsens:live tilt_rp=[+0.2,+0.5]deg imu_corr=0.006 act_max= 0.022 tau_cmd= 5.554 tau_cmd_max= 10.015 cmds=12 bus=can0:12 tau_fb= 5.798 tau_fb_max= 9.661",0.0,0.0,0.0,0.0,0.0,0.0,0.008574974723160267,-0.003668930847197771,-0.9999565482139587,0.0,0.0,0.0,0.0,0.0,0.0,0.0,0.0,0.0,0.0,0.0,0.0,0.0,0.0,0.0,0.0,0.0,0.0,0.0,0.0,0.0,0.0,0.0,0.0,0.0,0.0,0.0,0.0,0.0,0.0,0.0,0.0,0.0,0.0,0.0,0.0,0.0,0.0,0.0,0.2698736786842346,-0.8910158276557922,-0.16616012156009674,0.9076679944992065,0.25857263803482056,-0.2559509575366974,0.4130258560180664,-0.055260688066482544,-1.1420910358428955,0.7011666893959045,-0.7548092603683472,1.021945834159851,-0.0037023723125457764,-0.02210003137588501,0.011899769306182861,0.000340878963470459,0.004468411207199097,-0.003069549798965454,-0.0010013580322265625,-0.0017737485468387604,-0.0009919404983520508,0.0005008578300476074,-0.004552602767944336,-0.005679011344909668,0.00038350690738298,-0.01764131709933281,0.00421857601031661,0.02837951108813286,0.04563732072710991,-0.02454444207251072,0.037200167775154114,-0.033365100622177124,0.009204166010022163,-0.030680552124977112,0.030297044664621353,-0.026845483109354973,0.050355542451143265,0.009613330475986004,0.010071108117699623,-0.010528885759413242,-0.08514664322137833,0.016479995101690292,-0.032959990203380585,-0.0050355540588498116,0.015106662176549435,0.021057771518826485,0.04577776417136192,0.006408886983990669,0.021462809294462204,-0.03224828466773033,-0.008817829191684723,0.0342429094016552,0.047163501381874084,-0.009201770648360252,0.015249025076627731,-0.04288739711046219,0.0,-0.010924676433205605,0.010152451694011688,-0.001419752836227417,0.0,0.0,0.0,0.0,0.0,0.0,0.0,0.0,0.0,0.0,0.0,0.0
20260709_111233_260179,2026-07-09T11:13:13.315,40.055030,pose,1470,stand,0.0,0.0,0.0,0.0,0.0,0.0,0.0,0.0,0.08,xsens:live,0.00849924236536026,-0.004872825462371111,-0.9999520778656006,0.27920350339115835,0.4869823274233467,0.006485730409622192,0.02594292163848877,4.912826061248779,11.120206832885742,12,can0:12,4.879604816436768,9.510787963867188,,"BL_hip_joint,BR_hip_joint,FL_hip_joint,FR_hip_joint,BL_thigh_joint,BR_thigh_joint,FL_thigh_joint,FR_thigh_joint,BL_calf_joint,BR_calf_joint,FL_calf_joint,FR_calf_joint",330e02f2406e129bb6ed6ec4a6c6bcd5f80d7e7799a2ab087e81eda65d2fae69,"step=001470 mode=stand  vx= 0.000 vy= 0.000 vxy= 0.000 yaw= 0.000 speed=0.08 imu=xsens:live tilt_rp=[+0.3,+0.5]deg imu_corr=0.006 act_max= 0.026 tau_cmd= 4.913 tau_cmd_max= 11.120 cmds=12 bus=can0:12 tau_fb= 4.880 tau_fb_max= 9.511",0.0,0.0,0.0,0.0,0.0,0.0,0.00849924236536026,-0.004872825462371111,-0.9999520778656006,0.0,0.0,0.0,0.0,0.0,0.0,0.0,0.0,0.0,0.0,0.0,0.0,0.0,0.0,0.0,0.0,0.0,0.0,0.0,0.0,0.0,0.0,0.0,0.0,0.0,0.0,0.0,0.0,0.0,0.0,0.0,0.0,0.0,0.0,0.0,0.0,0.0,0.0,0.0,0.2659318447113037,-0.894858717918396,-0.16375254094600677,0.9091817736625671,0.259920209646225,-0.2567915618419647,0.41376039385795593,-0.05687902495265007,-1.1418511867523193,0.7030133605003357,-0.7569479942321777,1.0202624797821045,-0.007644206285476685,-0.02594292163848877,0.014307349920272827,0.0018546581268310547,0.005815982818603516,-0.003910154104232788,-0.00026682019233703613,-0.0033920854330062866,-0.0007520914077758789,0.0023475289344787598,-0.006691336631774902,-0.00736236572265625,-0.0019175345078110695,-0.014573262073099613,0.00421857601031661,0.023393921554088593,0.03528263419866562,-0.015340276062488556,0.02761249616742134,-0.023010414093732834,0.009204166010022163,-0.02837951108813286,0.0279960036277771,-0.026845483109354973,-0.04852443188428879,0.12817774713039398,-0.06271553784608841,0.02609332650899887,-0.07644886523485184,0.13275551795959473,-0.04028443247079849,0.032044436782598495,-0.0013733329251408577,0.014648884534835815,0.10940885543823242,-0.0068666646257042885,0.014803890138864517,-0.026437044143676758,-0.005227519199252129,0.025965429842472076,0.035831741988658905,-0.0072745587676763535,0.011504953727126122,-0.03253622725605965,0.0,-0.007662847638130188,0.006756609305739403,-0.0018405914306640625,0.0,0.0,0.0,0.0,0.0,0.0,0.0,0.0,0.0,0.0,0.0,0.0
20260709_111233_260179,2026-07-09T11:13:13.452,40.192564,pose,1475,stand,0.0,0.0,0.0,0.0,0.0,0.0,0.0,0.0,0.08,xsens:live,0.008418017067015171,-0.005556732416152954,-0.9999492168426514,0.31839020704229837,0.4823299505659636,0.007019594311714172,0.02807837724685669,4.805890083312988,10.87204647064209,12,can0:12,4.5759453773498535,10.415356636047363,,"BL_hip_joint,BR_hip_joint,FL_hip_joint,FR_hip_joint,BL_thigh_joint,BR_thigh_joint,FL_thigh_joint,FR_thigh_joint,BL_calf_joint,BR_calf_joint,FL_calf_joint,FR_calf_joint",330e02f2406e129bb6ed6ec4a6c6bcd5f80d7e7799a2ab087e81eda65d2fae69,"step=001475 mode=stand  vx= 0.000 vy= 0.000 vxy= 0.000 yaw= 0.000 speed=0.08 imu=xsens:live tilt_rp=[+0.3,+0.5]deg imu_corr=0.007 act_max= 0.028 tau_cmd= 4.806 tau_cmd_max= 10.872 cmds=12 bus=can0:12 tau_fb= 4.576 tau_fb_max= 10.415",0.0,0.0,0.0,0.0,0.0,0.0,0.008418017067015171,-0.005556732416152954,-0.9999492168426514,0.0,0.0,0.0,0.0,0.0,0.0,0.0,0.0,0.0,0.0,0.0,0.0,0.0,0.0,0.0,0.0,0.0,0.0,0.0,0.0,0.0,0.0,0.0,0.0,0.0,0.0,0.0,0.0,0.0,0.0,0.0,0.0,0.0,0.0,0.0,0.0,0.0,0.0,0.0,0.2636628746986389,-0.8969941735267639,-0.16240903735160828,0.9100622534751892,0.26068314909935,-0.2572639286518097,0.41418710350990295,-0.05781329423189163,-1.141706943511963,0.7040828466415405,-0.7581660747528076,1.019310474395752,-0.00991317629814148,-0.02807837724685669,0.015650853514671326,0.002735137939453125,0.006578922271728516,-0.004382520914077759,0.00015988945960998535,-0.0043263547122478485,-0.0006078481674194336,0.0034170150756835938,-0.007909417152404785,-0.008314371109008789,-0.00421857601031661,-0.012655727565288544,0.00421857601031661,0.02032586559653282,0.023777427151799202,-0.007670138031244278,0.018408332020044327,-0.012655727565288544,0.009204166010022163,-0.02722899056971073,0.026078470051288605,-0.026845483109354973,-0.020142216235399246,0.0791955292224884,0.06912442296743393,0.021973326802253723,-0.030671102926135063,-0.02151555009186268,-0.03570665791630745,0.07324442267417908,0.001831110566854477,-0.038453321903944016,-0.016937773674726486,-0.04028443247079849,0.00905628502368927,-0.020787514746189117,-0.0021629612892866135,0.018281936645507812,0.025367990136146545,-0.0054410528391599655,0.008025296032428741,-0.02294885739684105,0.0,-0.004838686436414719,0.003839600831270218,-0.0020785927772521973,0.0,0.0,0.0,0.0,0.0,0.0,0.0,0.0,0.0,0.0,0.0,0.0
20260709_111233_260179,2026-07-09T11:13:13.589,40.329753,pose,1480,stand,0.0,0.0,0.0,0.0,0.0,0.0,0.0,0.0,0.08,xsens:live,0.008439833298325539,-0.006181993521749973,-0.999945342540741,0.3542169857979388,0.48358177675977404,0.007534712553024292,0.030138850212097168,4.056372165679932,10.2929105758667,12,can0:12,4.151738166809082,9.836726188659668,,"BL_hip_joint,BR_hip_joint,FL_hip_joint,FR_hip_joint,BL_thigh_joint,BR_thigh_joint,FL_thigh_joint,FR_thigh_joint,BL_calf_joint,BR_calf_joint,FL_calf_joint,FR_calf_joint",330e02f2406e129bb6ed6ec4a6c6bcd5f80d7e7799a2ab087e81eda65d2fae69,"step=001480 mode=stand  vx= 0.000 vy= 0.000 vxy= 0.000 yaw= 0.000 speed=0.08 imu=xsens:live tilt_rp=[+0.4,+0.5]deg imu_corr=0.008 act_max= 0.030 tau_cmd= 4.056 tau_cmd_max= 10.293 cmds=12 bus=can0:12 tau_fb= 4.152 tau_fb_max= 9.837",0.0,0.0,0.0,0.0,0.0,0.0,0.008439833298325539,-0.006181993521749973,-0.999945342540741,0.0,0.0,0.0,0.0,0.0,0.0,0.0,0.0,0.0,0.0,0.0,0.0,0.0,0.0,0.0,0.0,0.0,0.0,0.0,0.0,0.0,0.0,0.0,0.0,0.0,0.0,0.0,0.0,0.0,0.0,0.0,0.0,0.0,0.0,0.0,0.0,0.0,0.0,0.0,0.26168733835220337,-0.8990546464920044,-0.16113163530826569,0.9108237028121948,0.26138433814048767,-0.25769463181495667,0.4145371913909912,-0.05863012373447418,-1.1415969133377075,0.7050013542175293,-0.759249210357666,1.0184392929077148,-0.011888712644577026,-0.030138850212097168,0.016928255558013916,0.0034965872764587402,0.007280111312866211,-0.0048132240772247314,0.0005099773406982422,-0.0051431842148303986,-0.0004978179931640625,0.004335522651672363,-0.008992552757263184,-0.009185552597045898,-0.00613611051812768,-0.011121700517833233,0.00421857601031661,0.01725780963897705,0.015340276062488556,-0.00306805525906384,0.011888713575899601,-0.004985589534044266,0.009204166010022163,-0.026461975648999214,0.02454444207251072,-0.026845483109354973,-0.05081331729888916,-0.047151096165180206,-0.027924437075853348,0.021057771518826485,-0.0196844395250082,0.004577776417136192,-0.03387554734945297,0.0796533077955246,0.013275551609694958,-0.027924437075853348,-0.036164432764053345,0.005493331700563431,0.004089523106813431,-0.015963710844516754,0.0005124136805534363,0.011648088693618774,0.01634388417005539,-0.003863660618662834,0.005016271024942398,-0.014673379249870777,0.0,-0.002401452511548996,0.0013131201267242432,-0.0022963881492614746,0.0,0.0,0.0,0.0,0.0,0.0,0.0,0.0,0.0,0.0,0.0,0.0
20260709_111233_260179,2026-07-09T11:13:13.727,40.467021,pose,1485,stand,0.0,0.0,0.0,0.0,0.0,0.0,0.0,0.0,0.08,xsens:live,0.008316876366734505,-0.006887190509587526,-0.9999417066574097,0.39462371310517813,0.47653870567938506,0.008072659373283386,0.032290637493133545,4.119508266448975,10.921209335327148,12,can0:12,3.7144079208374023,9.518113136291504,,"BL_hip_joint,BR_hip_joint,FL_hip_joint,FR_hip_joint,BL_thigh_joint,BR_thigh_joint,FL_thigh_joint,FR_thigh_joint,BL_calf_joint,BR_calf_joint,FL_calf_joint,FR_calf_joint",330e02f2406e129bb6ed6ec4a6c6bcd5f80d7e7799a2ab087e81eda65d2fae69,"step=001485 mode=stand  vx= 0.000 vy= 0.000 vxy= 0.000 yaw= 0.000 speed=0.08 imu=xsens:live tilt_rp=[+0.4,+0.5]deg imu_corr=0.008 act_max= 0.032 tau_cmd= 4.120 tau_cmd_max= 10.921 cmds=12 bus=can0:12 tau_fb= 3.714 tau_fb_max= 9.518",0.0,0.0,0.0,0.0,0.0,0.0,0.008316876366734505,-0.006887190509587526,-0.9999417066574097,0.0,0.0,0.0,0.0,0.0,0.0,0.0,0.0,0.0,0.0,0.0,0.0,0.0,0.0,0.0,0.0,0.0,0.0,0.0,0.0,0.0,0.0,0.0,0.0,0.0,0.0,0.0,0.0,0.0,0.0,0.0,0.0,0.0,0.0,0.0,0.0,0.0,0.0,0.0,0.25932133197784424,-0.9012064337730408,-0.15977191925048828,0.9117541909217834,0.26216769218444824,-0.25817492604255676,0.4149854779243469,-0.059607453644275665,-1.1414399147033691,0.7061256170272827,-0.7605059146881104,1.0174626111984253,-0.014254719018936157,-0.032290637493133545,0.01828797161579132,0.004427075386047363,0.008063465356826782,-0.005293518304824829,0.0009582638740539551,-0.006120514124631882,-0.0003408193588256836,0.005459785461425781,-0.01024925708770752,-0.01016223430633545,-0.006903124041855335,-0.009204166010022163,0.00421857601031661,0.01418975554406643,0.01035468652844429,0.00076701381476596,0.007670138031244278,0.00076701381476596,0.009204166010022163,-0.02492794767022133,0.021859893575310707,-0.026461975648999214,-0.0027466658502817154,-0.0119022186845541,-0.0009155552834272385,0.03479110077023506,-0.09384441375732422,-0.0,-0.04898220673203468,0.12909328937530518,-0.04119998961687088,-0.04577776417136192,0.044862210750579834,0.0196844395250082,-5.298107862472534e-05,-0.012263104319572449,0.002722783014178276,0.006462998688220978,0.009236350655555725,-0.002645965665578842,0.002670004963874817,-0.008185717277228832,0.0,-0.0003677736967802048,0.0,-0.0025405585765838623,0.0,0.0,0.0,0.0,0.0,0.0,0.0,0.0,0.0,0.0,0.0,0.0
20260709_111233_260179,2026-07-09T11:13:13.865,40.604859,pose,1490,stand,0.0,0.0,0.0,0.0,0.0,0.0,0.0,0.0,0.08,xsens:live,0.008202677592635155,-0.007251485716551542,-0.9999400973320007,0.4154971329704721,0.469996419294564,0.008335843682289124,0.033343374729156494,3.9739277362823486,11.68157958984375,12,can0:12,3.7464520931243896,9.56205940246582,,"BL_hip_joint,BR_hip_joint,FL_hip_joint,FR_hip_joint,BL_thigh_joint,BR_thigh_joint,FL_thigh_joint,FR_thigh_joint,BL_calf_joint,BR_calf_joint,FL_calf_joint,FR_calf_joint",330e02f2406e129bb6ed6ec4a6c6bcd5f80d7e7799a2ab087e81eda65d2fae69,"step=001490 mode=stand  vx= 0.000 vy= 0.000 vxy= 0.000 yaw= 0.000 speed=0.08 imu=xsens:live tilt_rp=[+0.4,+0.5]deg imu_corr=0.008 act_max= 0.033 tau_cmd= 3.974 tau_cmd_max= 11.682 cmds=12 bus=can0:12 tau_fb= 3.746 tau_fb_max= 9.562",0.0,0.0,0.0,0.0,0.0,0.0,0.008202677592635155,-0.007251485716551542,-0.9999400973320007,0.0,0.0,0.0,0.0,0.0,0.0,0.0,0.0,0.0,0.0,0.0,0.0,0.0,0.0,0.0,0.0,0.0,0.0,0.0,0.0,0.0,0.0,0.0,0.0,0.0,0.0,0.0,0.0,0.0,0.0,0.0,0.0,0.0,0.0,0.0,0.0,0.0,0.0,0.0,0.2580518424510956,-0.9022591710090637,-0.15909776091575623,0.9122598767280579,0.26256993412971497,-0.2584209740161896,0.41523560881614685,-0.060132160782814026,-1.1413476467132568,0.7067364454269409,-0.7611668109893799,1.0169597864151,-0.015524208545684814,-0.033343374729156494,0.018962129950523376,0.004932761192321777,0.008465707302093506,-0.005539566278457642,0.0012083947658538818,-0.006645221263170242,-0.0002485513687133789,0.006070613861083984,-0.01091015338897705,-0.010665059089660645,-0.007670138031244278,-0.007670138031244278,0.004985589534044266,0.011121700517833233,0.0057526035234332085,0.004985589534044266,0.0034515620209276676,0.005369096528738737,0.009204166010022163,-0.022626906633377075,0.02070937305688858,-0.026078470051288605,-0.04623554274439812,-0.027466658502817154,0.0315866582095623,-0.012817773967981339,-0.07415997982025146,-0.018768884241580963,-0.032959990203380585,0.0068666646257042885,0.050355542451143265,-0.05722220614552498,-0.0238044373691082,-0.09659108519554138,-0.0027850940823554993,-0.009644001722335815,0.00416325218975544,0.0029052793979644775,0.004370495676994324,-0.0017977729439735413,0.00106082484126091,-0.0037390263751149178,0.0,0.0,0.0,-0.002666264772415161,0.0,0.0,0.0,0.0,0.0,0.0,0.0,0.0,0.0,0.0,0.0,0.0
20260709_111233_260179,2026-07-09T11:13:13.996,40.736384,pose,1495,stand,0.0,0.0,0.0,0.0,0.0,0.0,0.0,0.0,0.08,xsens:live,0.008175212889909744,-0.007440848741680384,-0.99993896484375,0.4263473822927787,0.4684233495022461,0.008481666445732117,0.03392666578292847,4.162352561950684,9.63209056854248,12,can0:12,3.99090576171875,9.309366226196289,,"BL_hip_joint,BR_hip_joint,FL_hip_joint,FR_hip_joint,BL_thigh_joint,BR_thigh_joint,FL_thigh_joint,FR_thigh_joint,BL_calf_joint,BR_calf_joint,FL_calf_joint,FR_calf_joint",330e02f2406e129bb6ed6ec4a6c6bcd5f80d7e7799a2ab087e81eda65d2fae69,"step=001495 mode=stand  vx= 0.000 vy= 0.000 vxy= 0.000 yaw= 0.000 speed=0.08 imu=xsens:live tilt_rp=[+0.4,+0.5]deg imu_corr=0.008 act_max= 0.034 tau_cmd= 4.162 tau_cmd_max= 9.632 cmds=12 bus=can0:12 tau_fb= 3.991 tau_fb_max= 9.309",0.0,0.0,0.0,0.0,0.0,0.0,0.008175212889909744,-0.007440848741680384,-0.99993896484375,0.0,0.0,0.0,0.0,0.0,0.0,0.0,0.0,0.0,0.0,0.0,0.0,0.0,0.0,0.0,0.0,0.0,0.0,0.0,0.0,0.0,0.0,0.0,0.0,0.0,0.0,0.0,0.0,0.0,0.0,0.0,0.0,0.0,0.0,0.0,0.0,0.0,0.0,0.0,0.2574236989021301,-0.9028424620628357,-0.15873056650161743,0.9125082492828369,0.2627803683280945,-0.2585490047931671,0.4153526723384857,-0.06039252132177353,-1.1413066387176514,0.707034707069397,-0.7615011930465698,1.016697883605957,-0.01615235209465027,-0.03392666578292847,0.01932932436466217,0.00518113374710083,0.008676141500473022,-0.005667597055435181,0.001325458288192749,-0.0069055818021297455,-0.00020754337310791016,0.006368875503540039,-0.011244535446166992,-0.010926961898803711,-0.00843715202063322,-0.006903124041855335,0.004985589534044266,0.009204166010022163,0.00076701381476596,0.009204166010022163,-0.00038350690738298,0.009971179068088531,0.009204166010022163,-0.022243401035666466,0.02032586559653282,-0.026078470051288605,-0.005493331700563431,0.002288888208568096,0.062257759273052216,-0.023346660658717155,-0.10895107686519623,0.005493331700563431,-0.010071108117699623,0.003662221133708954,0.04531998559832573,-0.030671102926135063,0.016479995101690292,0.016022218391299248,-0.0040062181651592255,-0.00851970911026001,0.004815544933080673,0.0013439059257507324,0.0022345855832099915,-0.001428905874490738,0.00035342946648597717,-0.0017868196591734886,0.0,0.0,0.0,-0.0027317404747009277,0.0,0.0,0.0,0.0,0.0,0.0,0.0,0.0,0.0,0.0,0.0,0.0
20260709_111233_260179,2026-07-09T11:13:14.133,40.873515,pose,1500,stand,0.0,0.0,0.0,0.0,0.0,0.0,0.0,0.0,0.08,xsens:live,0.008124003186821938,-0.007751593831926584,-0.9999369978904724,0.4441526972429681,0.4654901810589398,0.008719146251678467,0.03487658500671387,4.717679023742676,11.404197692871094,12,can0:12,4.235358715057373,9.404583930969238,,"BL_hip_joint,BR_hip_joint,FL_hip_joint,FR_hip_joint,BL_thigh_joint,BR_thigh_joint,FL_thigh_joint,FR_thigh_joint,BL_calf_joint,BR_calf_joint,FL_calf_joint,FR_calf_joint",330e02f2406e129bb6ed6ec4a6c6bcd5f80d7e7799a2ab087e81eda65d2fae69,"step=001500 mode=stand  vx= 0.000 vy= 0.000 vxy= 0.000 yaw= 0.000 speed=0.08 imu=xsens:live tilt_rp=[+0.4,+0.5]deg imu_corr=0.009 act_max= 0.035 tau_cmd= 4.718 tau_cmd_max= 11.404 cmds=12 bus=can0:12 tau_fb= 4.235 tau_fb_max= 9.405",0.0,0.0,0.0,0.0,0.0,0.0,0.008124003186821938,-0.007751593831926584,-0.9999369978904724,0.0,0.0,0.0,0.0,0.0,0.0,0.0,0.0,0.0,0.0,0.0,0.0,0.0,0.0,0.0,0.0,0.0,0.0,0.0,0.0,0.0,0.0,0.0,0.0,0.0,0.0,0.0,0.0,0.0,0.0,0.0,0.0,0.0,0.0,0.0,0.0,0.0,0.0,0.0,0.2563880681991577,-0.9037923812866211,-0.15813188254833221,0.9129185676574707,0.2631251811981201,-0.2587586045265198,0.4155464470386505,-0.06082243472337723,-1.1412384510040283,0.7075272798538208,-0.7620505094528198,1.0162689685821533,-0.01718798279762268,-0.03487658500671387,0.019928008317947388,0.005591452121734619,0.009020954370498657,-0.005877196788787842,0.001519232988357544,-0.007335495203733444,-0.00013935565948486328,0.006861448287963867,-0.011793851852416992,-0.011355876922607422,-0.008820658549666405,-0.006903124041855335,0.004985589534044266,0.008820658549666405,-0.0026845482643693686,0.01227222103625536,-0.0034515620209276676,0.013039235025644302,0.008820658549666405,-0.022626906633377075,0.02032586559653282,-0.025694962590932846,0.014191106893122196,-0.007324442267417908,0.016937773674726486,0.08606220036745071,0.003662221133708954,-0.00045777764171361923,-0.02929776906967163,0.06591998040676117,0.037537768483161926,0.0476088747382164,0.07690664380788803,-0.09430219233036041,-0.00429699569940567,-0.008719146251678467,0.004982002079486847,0.0013978630304336548,0.0022552385926246643,-0.0014692991971969604,0.000379808247089386,-0.001833873800933361,0.0,0.0,0.0,-0.0028389692306518555,0.0,0.0,0.0,0.0,0.0,0.0,0.0,0.0,0.0,0.0,0.0,0.0
20260709_111233_260179,2026-07-09T11:13:14.270,41.010473,pose,1505,stand,0.0,0.0,0.0,0.0,0.0,0.0,0.0,0.0,0.08,xsens:live,0.008146753534674644,-0.007799442857503891,-0.9999364018440247,0.44689451780019857,0.4667939540558844,0.008764594793319702,0.03505837917327881,4.420045375823975,10.089713096618652,12,can0:12,4.093447685241699,9.349650382995605,,"BL_hip_joint,BR_hip_joint,FL_hip_joint,FR_hip_joint,BL_thigh_joint,BR_thigh_joint,FL_thigh_joint,FR_thigh_joint,BL_calf_joint,BR_calf_joint,FL_calf_joint,FR_calf_joint",330e02f2406e129bb6ed6ec4a6c6bcd5f80d7e7799a2ab087e81eda65d2fae69,"step=001505 mode=stand  vx= 0.000 vy= 0.000 vxy= 0.000 yaw= 0.000 speed=0.08 imu=xsens:live tilt_rp=[+0.4,+0.5]deg imu_corr=0.009 act_max= 0.035 tau_cmd= 4.420 tau_cmd_max= 10.090 cmds=12 bus=can0:12 tau_fb= 4.093 tau_fb_max= 9.350",0.0,0.0,0.0,0.0,0.0,0.0,0.008146753534674644,-0.007799442857503891,-0.9999364018440247,0.0,0.0,0.0,0.0,0.0,0.0,0.0,0.0,0.0,0.0,0.0,0.0,0.0,0.0,0.0,0.0,0.0,0.0,0.0,0.0,0.0,0.0,0.0,0.0,0.0,0.0,0.0,0.0,0.0,0.0,0.0,0.0,0.0,0.0,0.0,0.0,0.0,0.0,0.0,0.2562585473060608,-0.903974175453186,-0.15802331268787384,0.9129667282104492,0.2631792724132538,-0.25879165530204773,0.41556429862976074,-0.060876648873090744,-1.1412349939346313,0.7075842022895813,-0.7621269226074219,1.0162022113800049,-0.017317503690719604,-0.03505837917327881,0.02003657817840576,0.005639612674713135,0.009075045585632324,-0.005910247564315796,0.0015370845794677734,-0.0073897093534469604,-0.00013589859008789062,0.006918370723724365,-0.011870265007019043,-0.01142263412475586,-0.008820658549666405,-0.006903124041855335,0.005369096528738737,0.00843715202063322,-0.00306805525906384,0.012655727565288544,-0.003835069015622139,0.01380624808371067,0.008820658549666405,-0.022626906633377075,0.02032586559653282,-0.026078470051288605,0.004119998775422573,-0.12909328937530518,0.019226660951972008,0.0315866582095623,0.0068666646257042885,-0.05264442786574364,-0.032044436782598495,0.05401776358485222,-0.04531998559832573,-0.004577776417136192,0.013733329251408577,-0.03341776877641678,-0.004329375922679901,-0.008764594793319702,0.00500914454460144,0.0014099031686782837,0.002268761396408081,-0.001477561891078949,0.00038427114486694336,-0.0018474273383617401,0.0,0.0,0.0,-0.002855658531188965,0.0,0.0,0.0,0.0,0.0,0.0,0.0,0.0,0.0,0.0,0.0,0.0
20260709_111233_260179,2026-07-09T11:13:14.409,41.149097,pose,1510,stand,0.0,0.0,0.0,0.0,0.0,0.0,0.0,0.0,0.08,xsens:live,0.008171719498932362,-0.007859825156629086,-0.9999357461929321,0.4503544719047207,0.4682247011755514,0.008820667862892151,0.035282671451568604,4.187132835388184,10.500014305114746,12,can0:12,4.134647846221924,9.13357925415039,,"BL_hip_joint,BR_hip_joint,FL_hip_joint,FR_hip_joint,BL_thigh_joint,BR_thigh_joint,FL_thigh_joint,FR_thigh_joint,BL_calf_joint,BR_calf_joint,FL_calf_joint,FR_calf_joint",330e02f2406e129bb6ed6ec4a6c6bcd5f80d7e7799a2ab087e81eda65d2fae69,"step=001510 mode=stand  vx= 0.000 vy= 0.000 vxy= 0.000 yaw= 0.000 speed=0.08 imu=xsens:live tilt_rp=[+0.5,+0.5]deg imu_corr=0.009 act_max= 0.035 tau_cmd= 4.187 tau_cmd_max= 10.500 cmds=12 bus=can0:12 tau_fb= 4.135 tau_fb_max= 9.134",0.0,0.0,0.0,0.0,0.0,0.0,0.008171719498932362,-0.007859825156629086,-0.9999357461929321,0.0,0.0,0.0,0.0,0.0,0.0,0.0,0.0,0.0,0.0,0.0,0.0,0.0,0.0,0.0,0.0,0.0,0.0,0.0,0.0,0.0,0.0,0.0,0.0,0.0,0.0,0.0,0.0,0.0,0.0,0.0,0.0,0.0,0.0,0.0,0.0,0.0,0.0,0.0,0.2560913860797882,-0.9041984677314758,-0.1578877717256546,0.9130298495292664,0.2632479965686798,-0.25883248448371887,0.4155882000923157,-0.06094664707779884,-1.1412293910980225,0.7076589465141296,-0.7622236013412476,1.016118049621582,-0.017484664916992188,-0.035282671451568604,0.020172119140625,0.0057027339935302734,0.00914376974105835,-0.0059510767459869385,0.001560986042022705,-0.00745970755815506,-0.0001302957534790039,0.006993114948272705,-0.011966943740844727,-0.011506795883178711,-0.008820658549666405,-0.006903124041855335,0.004985589534044266,0.008053644560277462,-0.0026845482643693686,0.01227222103625536,-0.0034515620209276676,0.013039235025644302,0.008820658549666405,-0.022243401035666466,0.019942358136177063,-0.025694962590932846,0.12543107569217682,-0.04257332161068916,0.021057771518826485,-0.019226660951972008,-0.006408886983990669,0.03250221163034439,-0.021057771518826485,-0.027466658502817154,0.024262215942144394,-0.06683553755283356,0.008239997550845146,0.03707998991012573,-0.004371166229248047,-0.008820667862892151,0.00504302978515625,0.0014256834983825684,0.0022859424352645874,-0.0014877691864967346,0.00039024651050567627,-0.001864926889538765,0.0,0.0,0.0,-0.0028766989707946777,0.0,0.0,0.0,0.0,0.0,0.0,0.0,0.0,0.0,0.0,0.0,0.0
20260709_111233_260179,2026-07-09T11:13:14.546,41.286628,pose,1515,stand,0.0,0.0,0.0,0.0,0.0,0.0,0.0,0.0,0.08,xsens:live,0.008145415224134922,-0.0077801961451768875,-0.999936580657959,0.44579167948643067,0.4667171912651268,0.008748546242713928,0.03499418497085571,4.20832633972168,9.11830997467041,12,can0:12,4.019592761993408,9.415570259094238,,"BL_hip_joint,BR_hip_joint,FL_hip_joint,FR_hip_joint,BL_thigh_joint,BR_thigh_joint,FL_thigh_joint,FR_thigh_joint,BL_calf_joint,BR_calf_joint,FL_calf_joint,FR_calf_joint",330e02f2406e129bb6ed6ec4a6c6bcd5f80d7e7799a2ab087e81eda65d2fae69,"step=001515 mode=stand  vx= 0.000 vy= 0.000 vxy= 0.000 yaw= 0.000 speed=0.08 imu=xsens:live tilt_rp=[+0.4,+0.5]deg imu_corr=0.009 act_max= 0.035 tau_cmd= 4.208 tau_cmd_max= 9.118 cmds=12 bus=can0:12 tau_fb= 4.020 tau_fb_max= 9.416",0.0,0.0,0.0,0.0,0.0,0.0,0.008145415224134922,-0.0077801961451768875,-0.999936580657959,0.0,0.0,0.0,0.0,0.0,0.0,0.0,0.0,0.0,0.0,0.0,0.0,0.0,0.0,0.0,0.0,0.0,0.0,0.0,0.0,0.0,0.0,0.0,0.0,0.0,0.0,0.0,0.0,0.0,0.0,0.0,0.0,0.0,0.0,0.0,0.0,0.0,0.0,0.0,0.2563181221485138,-0.9039099812507629,-0.15806254744529724,0.9129436612129211,0.2631581425666809,-0.2587783932685852,0.4155542850494385,-0.06085199862718582,-1.1412380933761597,0.7075569033622742,-0.7620939016342163,1.0162287950515747,-0.0172579288482666,-0.03499418497085571,0.01999734342098236,0.005616545677185059,0.009053915739059448,-0.0058969855308532715,0.0015270709991455078,-0.007365059107542038,-0.00013899803161621094,0.006891071796417236,-0.011837244033813477,-0.011396050453186035,-0.008820658549666405,-0.006903124041855335,0.004985589534044266,0.008053644560277462,-0.00306805525906384,0.012655727565288544,-0.0034515620209276676,0.013422741554677486,0.008820658549666405,-0.022243401035666466,0.019942358136177063,-0.025694962590932846,-0.047151096165180206,0.007782219909131527,0.03891110047698021,0.02471999265253544,-0.031128879636526108,0.016022218391299248,-0.00595110934227705,-0.01831110566854477,-0.04211554303765297,0.0476088747382164,0.0476088747382164,0.02288888208568096,-0.00431448221206665,-0.008748546242713928,0.00499933585524559,0.0014041364192962646,0.002263478934764862,-0.0014742463827133179,0.00038176774978637695,-0.0018412647768855095,0.0,0.0,0.0,-0.002849012613296509,0.0,0.0,0.0,0.0,0.0,0.0,0.0,0.0,0.0,0.0,0.0,0.0
20260709_111233_260179,2026-07-09T11:13:14.682,41.422756,pose,1520,stand,0.0,0.0,0.0,0.0,0.0,0.0,0.0,0.0,0.08,xsens:live,0.008159697987139225,-0.0077346148900687695,-0.9999368786811829,0.44317992540634465,0.4675353914708285,0.008715614676475525,0.0348624587059021,4.113611221313477,9.890329360961914,12,can0:12,4.16547155380249,9.038361549377441,,"BL_hip_joint,BR_hip_joint,FL_hip_joint,FR_hip_joint,BL_thigh_joint,BR_thigh_joint,FL_thigh_joint,FR_thigh_joint,BL_calf_joint,BR_calf_joint,FL_calf_joint,FR_calf_joint",330e02f2406e129bb6ed6ec4a6c6bcd5f80d7e7799a2ab087e81eda65d2fae69,"step=001520 mode=stand  vx= 0.000 vy= 0.000 vxy= 0.000 yaw= 0.000 speed=0.08 imu=xsens:live tilt_rp=[+0.4,+0.5]deg imu_corr=0.009 act_max= 0.035 tau_cmd= 4.114 tau_cmd_max= 9.890 cmds=12 bus=can0:12 tau_fb= 4.165 tau_fb_max= 9.038",0.0,0.0,0.0,0.0,0.0,0.0,0.008159697987139225,-0.0077346148900687695,-0.9999368786811829,0.0,0.0,0.0,0.0,0.0,0.0,0.0,0.0,0.0,0.0,0.0,0.0,0.0,0.0,0.0,0.0,0.0,0.0,0.0,0.0,0.0,0.0,0.0,0.0,0.0,0.0,0.0,0.0,0.0,0.0,0.0,0.0,0.0,0.0,0.0,0.0,0.0,0.0,0.0,0.25647667050361633,-0.9037782549858093,-0.15814729034900665,0.9128803610801697,0.2631078362464905,-0.2587476968765259,0.4155232906341553,-0.060786567628383636,-1.1412497758865356,0.7074803113937378,-0.7620115280151367,1.0162914991378784,-0.017099380493164062,-0.0348624587059021,0.01991260051727295,0.005553245544433594,0.009003609418869019,-0.005866289138793945,0.0014960765838623047,-0.007299628108739853,-0.0001506805419921875,0.006814479827880859,-0.011754870414733887,-0.011333346366882324,-0.008820658549666405,-0.006519617512822151,0.004985589534044266,0.008053644560277462,-0.00306805525906384,0.012655727565288544,-0.0034515620209276676,0.013422741554677486,0.008820658549666405,-0.022243401035666466,0.019942358136177063,-0.025694962590932846,0.01739555038511753,0.02700888179242611,-0.044862210750579834,0.013733329251408577,0.02929776906967163,0.07370220124721527,-0.026551103219389915,-0.016479995101690292,-0.013275551609694958,0.02609332650899887,-0.08651997148990631,-0.031128879636526108,-0.004274845123291016,-0.008715614676475525,0.004978150129318237,0.0013883113861083984,0.0022509023547172546,-0.0014665722846984863,0.00037401914596557617,-0.0018249070271849632,0.0,0.0,0.0,-0.002833336591720581,0.0,0.0,0.0,0.0,0.0,0.0,0.0,0.0,0.0,0.0,0.0,0.0
20260709_111233_260179,2026-07-09T11:13:14.820,41.560626,pose,1525,stand,0.0,0.0,0.0,0.0,0.0,0.0,0.0,0.0,0.08,xsens:live,0.008244449272751808,-0.007733989506959915,-0.9999361634254456,0.4431444104444001,0.4723916001430876,0.008739426732063293,0.034957706928253174,4.311288833618164,10.73620891571045,12,can0:12,4.054078578948975,8.921170234680176,,"BL_hip_joint,BR_hip_joint,FL_hip_joint,FR_hip_joint,BL_thigh_joint,BR_thigh_joint,FL_thigh_joint,FR_thigh_joint,BL_calf_joint,BR_calf_joint,FL_calf_joint,FR_calf_joint",330e02f2406e129bb6ed6ec4a6c6bcd5f80d7e7799a2ab087e81eda65d2fae69,"step=001525 mode=stand  vx= 0.000 vy= 0.000 vxy= 0.000 yaw= 0.000 speed=0.08 imu=xsens:live tilt_rp=[+0.4,+0.5]deg imu_corr=0.009 act_max= 0.035 tau_cmd= 4.311 tau_cmd_max= 10.736 cmds=12 bus=can0:12 tau_fb= 4.054 tau_fb_max= 8.921",0.0,0.0,0.0,0.0,0.0,0.0,0.008244449272751808,-0.007733989506959915,-0.9999361634254456,0.0,0.0,0.0,0.0,0.0,0.0,0.0,0.0,0.0,0.0,0.0,0.0,0.0,0.0,0.0,0.0,0.0,0.0,0.0,0.0,0.0,0.0,0.0,0.0,0.0,0.0,0.0,0.0,0.0,0.0,0.0,0.0,0.0,0.0,0.0,0.0,0.0,0.0,0.0,0.25656184554100037,-0.9038735032081604,-0.15810202062129974,0.912838876247406,0.2631109356880188,-0.2587486207485199,0.4154897928237915,-0.06075265631079674,-1.1412688493728638,0.7074276208877563,-0.7619868516921997,1.0162907838821411,-0.01701420545578003,-0.034957706928253174,0.01995787024497986,0.005511760711669922,0.009006708860397339,-0.005867213010787964,0.0014625787734985352,-0.007265716791152954,-0.0001697540283203125,0.006761789321899414,-0.011730194091796875,-0.011334061622619629,-0.008820658549666405,-0.006903124041855335,0.004985589534044266,0.007670138031244278,-0.00306805525906384,0.012655727565288544,-0.0034515620209276676,0.013422741554677486,0.008820658549666405,-0.022243401035666466,0.019942358136177063,-0.025694962590932846,0.032959990203380585,0.04852443188428879,0.0631733164191246,-0.07049775868654251,-0.04348887503147125,-0.002288888208568096,0.05630664899945259,-0.02929776906967163,0.06179998070001602,0.014191106893122196,0.048066653311252594,-0.06637775897979736,-0.004253551363945007,-0.008739426732063293,0.004989467561244965,0.0013779401779174805,0.0022516772150993347,-0.001466803252696991,0.0003656446933746338,-0.0018164291977882385,0.0,0.0,0.0,-0.0028335154056549072,0.0,0.0,0.0,0.0,0.0,0.0,0.0,0.0,0.0,0.0,0.0,0.0
20260709_111233_260179,2026-07-09T11:13:14.958,41.697826,pose,1530,stand,0.0,0.0,0.0,0.0,0.0,0.0,0.0,0.0,0.08,xsens:live,0.00833894219249487,-0.00770072964951396,-0.9999355673789978,0.44123901584411424,0.4778059037965444,0.008739456534385681,0.034957826137542725,3.9565162658691406,9.609687805175781,12,can0:12,4.011353015899658,9.009063720703125,,"BL_hip_joint,BR_hip_joint,FL_hip_joint,FR_hip_joint,BL_thigh_joint,BR_thigh_joint,FL_thigh_joint,FR_thigh_joint,BL_calf_joint,BR_calf_joint,FL_calf_joint,FR_calf_joint",330e02f2406e129bb6ed6ec4a6c6bcd5f80d7e7799a2ab087e81eda65d2fae69,"step=001530 mode=stand  vx= 0.000 vy= 0.000 vxy= 0.000 yaw= 0.000 speed=0.08 imu=xsens:live tilt_rp=[+0.4,+0.5]deg imu_corr=0.009 act_max= 0.035 tau_cmd= 3.957 tau_cmd_max= 9.610 cmds=12 bus=can0:12 tau_fb= 4.011 tau_fb_max= 9.009",0.0,0.0,0.0,0.0,0.0,0.0,0.00833894219249487,-0.00770072964951396,-0.9999355673789978,0.0,0.0,0.0,0.0,0.0,0.0,0.0,0.0,0.0,0.0,0.0,0.0,0.0,0.0,0.0,0.0,0.0,0.0,0.0,0.0,0.0,0.0,0.0,0.0,0.0,0.0,0.0,0.0,0.0,0.0,0.0,0.0,0.0,0.0,0.0,0.0,0.0,0.0,0.0,0.25675877928733826,-0.90387362241745,-0.15811787545681,0.9127528071403503,0.26307758688926697,-0.25872743129730225,0.4154341220855713,-0.06067211925983429,-1.1412959098815918,0.7073200941085815,-0.761902928352356,1.0163347721099854,-0.01681727170944214,-0.034957826137542725,0.019942015409469604,0.005425691604614258,0.008973360061645508,-0.0058460235595703125,0.0014069080352783203,-0.007185179740190506,-0.00019681453704833984,0.006654262542724609,-0.011646270751953125,-0.01129007339477539,-0.008820658549666405,-0.006903124041855335,0.004985589534044266,0.007670138031244278,-0.00306805525906384,0.012655727565288544,-0.0034515620209276676,0.013422741554677486,0.008820658549666405,-0.022626906633377075,0.019942358136177063,-0.025694962590932846,-0.0027466658502817154,-0.0,-0.09018219262361526,-0.06775109469890594,0.044862210750579834,0.02151555009186268,0.016479995101690292,0.0068666646257042885,-0.0027466658502817154,-0.023346660658717155,-0.022431105375289917,0.04577776417136192,-0.004204317927360535,-0.008739456534385681,0.004985503852367401,0.0013564229011535645,0.002243340015411377,-0.0014615058898925781,0.0003517270088195801,-0.0017962949350476265,0.0,0.0,0.0,-0.0028225183486938477,0.0,0.0,0.0,0.0,0.0,0.0,0.0,0.0,0.0,0.0,0.0,0.0
20260709_111233_260179,2026-07-09T11:13:15.089,41.829390,pose,1535,stand,0.0,0.0,0.0,0.0,0.0,0.0,0.0,0.0,0.08,xsens:live,0.00825040228664875,-0.007677351124584675,-0.9999365210533142,0.43989909839412433,0.4727325122209437,0.00869518518447876,0.03478074073791504,3.8303301334381104,8.04181957244873,12,can0:12,4.090700626373291,8.738059997558594,,"BL_hip_joint,BR_hip_joint,FL_hip_joint,FR_hip_joint,BL_thigh_joint,BR_thigh_joint,FL_thigh_joint,FR_thigh_joint,BL_calf_joint,BR_calf_joint,FL_calf_joint,FR_calf_joint",330e02f2406e129bb6ed6ec4a6c6bcd5f80d7e7799a2ab087e81eda65d2fae69,"step=001535 mode=stand  vx= 0.000 vy= 0.000 vxy= 0.000 yaw= 0.000 speed=0.08 imu=xsens:live tilt_rp=[+0.4,+0.5]deg imu_corr=0.009 act_max= 0.035 tau_cmd= 3.830 tau_cmd_max= 8.042 cmds=12 bus=can0:12 tau_fb= 4.091 tau_fb_max= 8.738",0.0,0.0,0.0,0.0,0.0,0.0,0.00825040228664875,-0.007677351124584675,-0.9999365210533142,0.0,0.0,0.0,0.0,0.0,0.0,0.0,0.0,0.0,0.0,0.0,0.0,0.0,0.0,0.0,0.0,0.0,0.0,0.0,0.0,0.0,0.0,0.0,0.0,0.0,0.0,0.0,0.0,0.0,0.0,0.0,0.0,0.0,0.0,0.0,0.0,0.0,0.0,0.0,0.25674688816070557,-0.9036965370178223,-0.1582130789756775,0.9127658009529114,0.2630477845668793,-0.25871047377586365,0.41545569896698,-0.0606754869222641,-1.1412804126739502,0.7073397636413574,-0.7618874311447144,1.016369104385376,-0.01682916283607483,-0.03478074073791504,0.019846811890602112,0.005438685417175293,0.008943557739257812,-0.005829066038131714,0.0014284849166870117,-0.0071885474026203156,-0.00018131732940673828,0.006673932075500488,-0.011630773544311523,-0.011255741119384766,-0.008820658549666405,-0.006903124041855335,0.004985589534044266,0.007670138031244278,-0.00306805525906384,0.012655727565288544,-0.0034515620209276676,0.013422741554677486,0.008820658549666405,-0.022243401035666466,0.019942358136177063,-0.025311455130577087,0.02151555009186268,-0.0068666646257042885,0.0238044373691082,0.029755547642707825,-0.06408887356519699,-0.08468886464834213,0.11581774055957794,0.04348887503147125,-0.050355542451143265,0.05264442786574364,0.00045777764171361923,0.0398266538977623,-0.004207290709018707,-0.00869518518447876,0.004961702972650528,0.0013596713542938232,0.002235889434814453,-0.0014572665095329285,0.00035712122917175293,-0.0017971368506550789,0.0,0.0,0.0,-0.0028139352798461914,0.0,0.0,0.0,0.0,0.0,0.0,0.0,0.0,0.0,0.0,0.0,0.0
20260709_111233_260179,2026-07-09T11:13:15.226,41.966488,pose,1540,stand,0.0,0.0,0.0,0.0,0.0,0.0,0.0,0.0,0.08,xsens:live,0.00827914196997881,-0.007553374860435724,-0.9999372363090515,0.4327954332032687,0.47437882751558946,0.008602723479270935,0.03441089391708374,4.3339619636535645,10.574363708496094,12,can0:12,4.121829986572266,9.466841697692871,,"BL_hip_joint,BR_hip_joint,FL_hip_joint,FR_hip_joint,BL_thigh_joint,BR_thigh_joint,FL_thigh_joint,FR_thigh_joint,BL_calf_joint,BR_calf_joint,FL_calf_joint,FR_calf_joint",330e02f2406e129bb6ed6ec4a6c6bcd5f80d7e7799a2ab087e81eda65d2fae69,"step=001540 mode=stand  vx= 0.000 vy= 0.000 vxy= 0.000 yaw= 0.000 speed=0.08 imu=xsens:live tilt_rp=[+0.4,+0.5]deg imu_corr=0.009 act_max= 0.034 tau_cmd= 4.334 tau_cmd_max= 10.574 cmds=12 bus=can0:12 tau_fb= 4.122 tau_fb_max= 9.467",0.0,0.0,0.0,0.0,0.0,0.0,0.00827914196997881,-0.007553374860435724,-0.9999372363090515,0.0,0.0,0.0,0.0,0.0,0.0,0.0,0.0,0.0,0.0,0.0,0.0,0.0,0.0,0.0,0.0,0.0,0.0,0.0,0.0,0.0,0.0,0.0,0.0,0.0,0.0,0.0,0.0,0.0,0.0,0.0,0.0,0.0,0.0,0.0,0.0,0.0,0.0,0.0,0.25716766715049744,-0.903326690196991,-0.1584479808807373,0.9125984907150269,0.26291054487228394,-0.258626788854599,0.4153751730918884,-0.060501281172037125,-1.1413099765777588,0.7071376442909241,-0.761665940284729,1.0165400505065918,-0.01640838384628296,-0.03441089391708374,0.019611909985542297,0.0052713751792907715,0.008806318044662476,-0.005745381116867065,0.001347959041595459,-0.007014341652393341,-0.00021088123321533203,0.006471812725067139,-0.011409282684326172,-0.011084794998168945,-0.008820658549666405,-0.006903124041855335,0.004985589534044266,0.007670138031244278,-0.00306805525906384,0.012655727565288544,-0.0034515620209276676,0.013422741554677486,0.008820658549666405,-0.022243401035666466,0.019942358136177063,-0.025694962590932846,-0.06179998070001602,-0.035248879343271255,0.023346660658717155,-0.0,-0.05630664899945259,0.009613330475986004,-0.016937773674726486,-0.010071108117699623,0.016937773674726486,0.03799554333090782,-0.03250221163034439,-0.05859553813934326,-0.00410209596157074,-0.008602723479270935,0.004902977496385574,0.0013178437948226929,0.002201579511165619,-0.0014363452792167664,0.00033698976039886475,-0.0017535854130983353,0.0,0.0,0.0,-0.0027711987495422363,0.0,0.0,0.0,0.0,0.0,0.0,0.0,0.0,0.0,0.0,0.0,0.0
20260709_111233_260179,2026-07-09T11:13:15.365,42.105132,pose,1545,stand,0.0,0.0,0.0,0.0,0.0,0.0,0.0,0.0,0.08,xsens:live,0.008264110423624516,-0.00759332999587059,-0.9999370574951172,0.4350847840065716,0.4735176728979284,0.008630812168121338,0.03452324867248535,4.0710062980651855,8.994879722595215,12,can0:12,3.991515874862671,8.86989974975586,,"BL_hip_joint,BR_hip_joint,FL_hip_joint,FR_hip_joint,BL_thigh_joint,BR_thigh_joint,FL_thigh_joint,FR_thigh_joint,BL_calf_joint,BR_calf_joint,FL_calf_joint,FR_calf_joint",330e02f2406e129bb6ed6ec4a6c6bcd5f80d7e7799a2ab087e81eda65d2fae69,"step=001545 mode=stand  vx= 0.000 vy= 0.000 vxy= 0.000 yaw= 0.000 speed=0.08 imu=xsens:live tilt_rp=[+0.4,+0.5]deg imu_corr=0.009 act_max= 0.035 tau_cmd= 4.071 tau_cmd_max= 8.995 cmds=12 bus=can0:12 tau_fb= 3.992 tau_fb_max= 8.870",0.0,0.0,0.0,0.0,0.0,0.0,0.008264110423624516,-0.00759332999587059,-0.9999370574951172,0.0,0.0,0.0,0.0,0.0,0.0,0.0,0.0,0.0,0.0,0.0,0.0,0.0,0.0,0.0,0.0,0.0,0.0,0.0,0.0,0.0,0.0,0.0,0.0,0.0,0.0,0.0,0.0,0.0,0.0,0.0,0.0,0.0,0.0,0.0,0.0,0.0,0.0,0.0,0.2570260763168335,-0.9034390449523926,-0.1583750694990158,0.9126550555229187,0.2629546523094177,-0.25865375995635986,0.4154033362865448,-0.06055966392159462,-1.1412990093231201,0.7072064280509949,-0.7617390155792236,1.0164848566055298,-0.0165499746799469,-0.03452324867248535,0.019684821367263794,0.005327939987182617,0.008850425481796265,-0.00577235221862793,0.001376122236251831,-0.007072724401950836,-0.00019991397857666016,0.0065405964851379395,-0.0114823579788208,-0.011139988899230957,-0.008820658549666405,-0.006519617512822151,0.004985589534044266,0.007670138031244278,-0.00306805525906384,0.012655727565288544,-0.0034515620209276676,0.013422741554677486,0.009204166010022163,-0.022243401035666466,0.019942358136177063,-0.025311455130577087,0.021973326802253723,0.016479995101690292,-0.015564439818263054,0.005493331700563431,0.0196844395250082,-0.003662221133708954,-0.021057771518826485,-0.021973326802253723,0.05172887444496155,-0.004119998775422573,-0.01144444104284048,0.032044436782598495,-0.004137493669986725,-0.008630812168121338,0.0049212053418159485,0.0013319849967956543,0.002212606370449066,-0.0014430880546569824,0.00034403055906295776,-0.001768181100487709,0.0,0.0,0.0,-0.0027849972248077393,0.0,0.0,0.0,0.0,0.0,0.0,0.0,0.0,0.0,0.0,0.0,0.0
20260709_111233_260179,2026-07-09T11:13:15.502,42.241984,pose,1550,stand,0.0,0.0,0.0,0.0,0.0,0.0,0.0,0.0,0.08,xsens:live,0.00830671563744545,-0.00760989123955369,-0.999936580657959,0.4360338861862628,0.47595898485521,0.008656442165374756,0.03462576866149902,4.21322774887085,10.598892211914062,12,can0:12,3.9417712688446045,8.595232963562012,,"BL_hip_joint,BR_hip_joint,FL_hip_joint,FR_hip_joint,BL_thigh_joint,BR_thigh_joint,FL_thigh_joint,FR_thigh_joint,BL_calf_joint,BR_calf_joint,FL_calf_joint,FR_calf_joint",330e02f2406e129bb6ed6ec4a6c6bcd5f80d7e7799a2ab087e81eda65d2fae69,"step=001550 mode=stand  vx= 0.000 vy= 0.000 vxy= 0.000 yaw= 0.000 speed=0.08 imu=xsens:live tilt_rp=[+0.4,+0.5]deg imu_corr=0.009 act_max= 0.035 tau_cmd= 4.213 tau_cmd_max= 10.599 cmds=12 bus=can0:12 tau_fb= 3.942 tau_fb_max= 8.595",0.0,0.0,0.0,0.0,0.0,0.0,0.00830671563744545,-0.00760989123955369,-0.999936580657959,0.0,0.0,0.0,0.0,0.0,0.0,0.0,0.0,0.0,0.0,0.0,0.0,0.0,0.0,0.0,0.0,0.0,0.0,0.0,0.0,0.0,0.0,0.0,0.0,0.0,0.0,0.0,0.0,0.0,0.0,0.0,0.0,0.0,0.0,0.0,0.0,0.0,0.0,0.0,0.2570154666900635,-0.9035415649414062,-0.15831877291202545,0.9126553535461426,0.26297467947006226,-0.2586655020713806,0.4153957962989807,-0.06056488677859306,-1.141305685043335,0.7072045803070068,-0.7617558240890503,1.0164610147476196,-0.01656058430671692,-0.03462576866149902,0.01974111795425415,0.005328238010406494,0.008870452642440796,-0.005784094333648682,0.0013685822486877441,-0.00707794725894928,-0.0002065896987915039,0.006538748741149902,-0.011499166488647461,-0.011163830757141113,-0.008820658549666405,-0.006903124041855335,0.004985589534044266,0.007670138031244278,-0.00306805525906384,0.012655727565288544,-0.0034515620209276676,0.013422741554677486,0.008820658549666405,-0.022243401035666466,0.019942358136177063,-0.025694962590932846,-0.037537768483161926,-0.03387554734945297,-0.10254219174385071,-0.030671102926135063,-0.048066653311252594,-0.07003998011350632,-0.05310220643877983,-0.05493331700563431,-0.0476088747382164,-0.0709555372595787,-0.04852443188428879,-0.04989776387810707,-0.00414014607667923,-0.008656442165374756,0.004935279488563538,0.0013320595026016235,0.002217613160610199,-0.0014460235834121704,0.00034214556217193604,-0.00176948681473732,0.0,0.0,0.0,-0.0027909576892852783,0.0,0.0,0.0,0.0,0.0,0.0,0.0,0.0,0.0,0.0,0.0,0.0
20260709_111233_260179,2026-07-09T11:13:15.638,42.378383,pose,1555,stand,0.0,0.0,0.0,0.0,0.0,0.0,0.0,0.0,0.08,xsens:live,0.00836939550936222,-0.007573913317173719,-0.9999363422393799,0.43397259463600135,0.47955036937458195,0.00864526629447937,0.03458106517791748,4.483485698699951,9.428740501403809,12,can0:12,4.219184398651123,9.144566535949707,,"BL_hip_joint,BR_hip_joint,FL_hip_joint,FR_hip_joint,BL_thigh_joint,BR_thigh_joint,FL_thigh_joint,FR_thigh_joint,BL_calf_joint,BR_calf_joint,FL_calf_joint,FR_calf_joint",330e02f2406e129bb6ed6ec4a6c6bcd5f80d7e7799a2ab087e81eda65d2fae69,"step=001555 mode=stand  vx= 0.000 vy= 0.000 vxy= 0.000 yaw= 0.000 speed=0.08 imu=xsens:live tilt_rp=[+0.4,+0.5]deg imu_corr=0.009 act_max= 0.035 tau_cmd= 4.483 tau_cmd_max= 9.429 cmds=12 bus=can0:12 tau_fb= 4.219 tau_fb_max= 9.145",0.0,0.0,0.0,0.0,0.0,0.0,0.00836939550936222,-0.007573913317173719,-0.9999363422393799,0.0,0.0,0.0,0.0,0.0,0.0,0.0,0.0,0.0,0.0,0.0,0.0,0.0,0.0,0.0,0.0,0.0,0.0,0.0,0.0,0.0,0.0,0.0,0.0,0.0,0.0,0.0,0.0,0.0,0.0,0.0,0.0,0.0,0.0,0.0,0.0,0.0,0.0,0.0,0.2571907639503479,-0.9034968614578247,-0.15835709869861603,0.9125810265541077,0.26293718814849854,-0.2586422860622406,0.41535139083862305,-0.060493309050798416,-1.141325831413269,0.7071127891540527,-0.761676549911499,1.0165096521377563,-0.016385287046432495,-0.03458106517791748,0.019702792167663574,0.005253911018371582,0.008832961320877075,-0.005760878324508667,0.0013241767883300781,-0.007006369531154633,-0.00022673606872558594,0.006446957588195801,-0.011419892311096191,-0.011115193367004395,-0.008820658549666405,-0.006903124041855335,0.004985589534044266,0.007670138031244278,-0.00306805525906384,0.012655727565288544,-0.0034515620209276676,0.013422741554677486,0.008820658549666405,-0.022243401035666466,0.019942358136177063,-0.025694962590932846,-0.030671102926135063,-0.13916440308094025,0.035248879343271255,0.0553910955786705,-0.008239997550845146,0.017853328958153725,-0.04669332131743431,-0.028382213786244392,-0.0315866582095623,-0.010528885759413242,0.002288888208568096,-0.010986663401126862,-0.004096321761608124,-0.00864526629447937,0.0049256980419158936,0.0013134777545928955,0.002208240330219269,-0.0014402195811271667,0.00033104419708251953,-0.0017515923827886581,0.0,0.0,0.0,-0.0027787983417510986,0.0,0.0,0.0,0.0,0.0,0.0,0.0,0.0,0.0,0.0,0.0,0.0
20260709_111233_260179,2026-07-09T11:13:15.777,42.516866,pose,1560,stand,0.0,0.0,0.0,0.0,0.0,0.0,0.0,0.0,0.08,xsens:live,0.008435346186161041,-0.007573303300887346,-0.9999358057975769,0.43393787584568666,0.48332929784327244,0.008663669228553772,0.03465467691421509,4.1324920654296875,10.351560592651367,12,can0:12,3.994873046875,9.012725830078125,,"BL_hip_joint,BR_hip_joint,FL_hip_joint,FR_hip_joint,BL_thigh_joint,BR_thigh_joint,FL_thigh_joint,FR_thigh_joint,BL_calf_joint,BR_calf_joint,FL_calf_joint,FR_calf_joint",330e02f2406e129bb6ed6ec4a6c6bcd5f80d7e7799a2ab087e81eda65d2fae69,"step=001560 mode=stand  vx= 0.000 vy= 0.000 vxy= 0.000 yaw= 0.000 speed=0.08 imu=xsens:live tilt_rp=[+0.4,+0.5]deg imu_corr=0.009 act_max= 0.035 tau_cmd= 4.132 tau_cmd_max= 10.352 cmds=12 bus=can0:12 tau_fb= 3.995 tau_fb_max= 9.013",0.0,0.0,0.0,0.0,0.0,0.0,0.008435346186161041,-0.007573303300887346,-0.9999358057975769,0.0,0.0,0.0,0.0,0.0,0.0,0.0,0.0,0.0,0.0,0.0,0.0,0.0,0.0,0.0,0.0,0.0,0.0,0.0,0.0,0.0,0.0,0.0,0.0,0.0,0.0,0.0,0.0,0.0,0.0,0.0,0.0,0.0,0.0,0.0,0.0,0.0,0.0,0.0,0.2572571337223053,-0.9035704731941223,-0.15832306444644928,0.9125486612319946,0.262939453125,-0.25864270329475403,0.4153250455856323,-0.060467008501291275,-1.141340732574463,0.7070714831352234,-0.761656641960144,1.0165092945098877,-0.016318917274475098,-0.03465467691421509,0.019736826419830322,0.005221545696258545,0.00883522629737854,-0.005761295557022095,0.0012978315353393555,-0.0069800689816474915,-0.0002416372299194336,0.006405651569366455,-0.011399984359741211,-0.011115550994873047,-0.008820658549666405,-0.006519617512822151,0.004985589534044266,0.007670138031244278,-0.00306805525906384,0.012655727565288544,-0.0034515620209276676,0.013039235025644302,0.008820658549666405,-0.022243401035666466,0.019942358136177063,-0.025694962590932846,-0.06775109469890594,-0.04852443188428879,0.001831110566854477,-0.010071108117699623,0.05767998471856117,0.06912442296743393,0.08377330750226974,-0.07461775839328766,0.010986663401126862,-0.001831110566854477,0.04257332161068916,-0.04943998530507088,-0.004079729318618774,-0.008663669228553772,0.004934206604957581,0.0013053864240646362,0.002208806574344635,-0.0014403238892555237,0.00032445788383483887,-0.0017450172454118729,0.0,0.0,0.0,-0.0027788877487182617,0.0,0.0,0.0,0.0,0.0,0.0,0.0,0.0,0.0,0.0,0.0,0.0
20260709_111233_260179,2026-07-09T11:13:15.915,42.655093,pose,1565,stand,0.0,0.0,0.0,0.0,0.0,0.0,0.0,0.0,0.08,xsens:live,0.008402001112699509,-0.007586848922073841,-0.9999359250068665,0.43471393617279847,0.4814187212466837,0.008665099740028381,0.034660398960113525,3.8684749603271484,8.906989097595215,12,can0:12,4.130069732666016,9.382610321044922,,"BL_hip_joint,BR_hip_joint,FL_hip_joint,FR_hip_joint,BL_thigh_joint,BR_thigh_joint,FL_thigh_joint,FR_thigh_joint,BL_calf_joint,BR_calf_joint,FL_calf_joint,FR_calf_joint",330e02f2406e129bb6ed6ec4a6c6bcd5f80d7e7799a2ab087e81eda65d2fae69,"step=001565 mode=stand  vx= 0.000 vy= 0.000 vxy= 0.000 yaw= 0.000 speed=0.08 imu=xsens:live tilt_rp=[+0.4,+0.5]deg imu_corr=0.009 act_max= 0.035 tau_cmd= 3.868 tau_cmd_max= 8.907 cmds=12 bus=can0:12 tau_fb= 4.130 tau_fb_max= 9.383",0.0,0.0,0.0,0.0,0.0,0.0,0.008402001112699509,-0.007586848922073841,-0.9999359250068665,0.0,0.0,0.0,0.0,0.0,0.0,0.0,0.0,0.0,0.0,0.0,0.0,0.0,0.0,0.0,0.0,0.0,0.0,0.0,0.0,0.0,0.0,0.0,0.0,0.0,0.0,0.0,0.0,0.0,0.0,0.0,0.0,0.0,0.0,0.0,0.0,0.0,0.0,0.0,0.25718143582344055,-0.9035761952400208,-0.1583136022090912,0.9125812649726868,0.2629530131816864,-0.25865140557289124,0.41534581780433655,-0.060497768223285675,-1.1413307189941406,0.7071119546890259,-0.7616894245147705,1.0164908170700073,-0.016394615173339844,-0.034660398960113525,0.019746288657188416,0.005254149436950684,0.008848786354064941,-0.005769997835159302,0.001318603754043579,-0.0070108287036418915,-0.00023162364959716797,0.006446123123168945,-0.011432766914367676,-0.011134028434753418,-0.008820658549666405,-0.006519617512822151,0.004985589534044266,0.007670138031244278,-0.00306805525906384,0.012655727565288544,-0.0034515620209276676,0.013422741554677486,0.009204166010022163,-0.022243401035666466,0.019942358136177063,-0.025694962590932846,0.07736442238092422,0.013275551609694958,0.028382213786244392,-0.035248879343271255,-0.027466658502817154,-0.0714133158326149,-0.03250221163034439,0.0050355540588498116,0.028839992359280586,-0.00045777764171361923,-0.06271553784608841,0.02059999480843544,-0.004098653793334961,-0.008665099740028381,0.004936572164297104,0.001313537359237671,0.0022121965885162354,-0.0014424994587898254,0.0003296509385108948,-0.0017527071759104729,0.0,0.0,0.0,-0.0027835071086883545,0.0,0.0,0.0,0.0,0.0,0.0,0.0,0.0,0.0,0.0,0.0,0.0
20260709_111233_260179,2026-07-09T11:13:16.053,42.793290,pose,1570,stand,0.0,0.0,0.0,0.0,0.0,0.0,0.0,0.0,0.08,xsens:live,0.008466670289635658,-0.00749176973477006,-0.9999361038208008,0.4292661838764434,0.48512387921296835,0.00860646367073059,0.03442585468292236,4.244100093841553,9.604703903198242,12,can0:12,4.194768905639648,9.272744178771973,,"BL_hip_joint,BR_hip_joint,FL_hip_joint,FR_hip_joint,BL_thigh_joint,BR_thigh_joint,FL_thigh_joint,FR_thigh_joint,BL_calf_joint,BR_calf_joint,FL_calf_joint,FR_calf_joint",330e02f2406e129bb6ed6ec4a6c6bcd5f80d7e7799a2ab087e81eda65d2fae69,"step=001570 mode=stand  vx= 0.000 vy= 0.000 vxy= 0.000 yaw= 0.000 speed=0.08 imu=xsens:live tilt_rp=[+0.4,+0.5]deg imu_corr=0.009 act_max= 0.034 tau_cmd= 4.244 tau_cmd_max= 9.605 cmds=12 bus=can0:12 tau_fb= 4.195 tau_fb_max= 9.273",0.0,0.0,0.0,0.0,0.0,0.0,0.008466670289635658,-0.00749176973477006,-0.9999361038208008,0.0,0.0,0.0,0.0,0.0,0.0,0.0,0.0,0.0,0.0,0.0,0.0,0.0,0.0,0.0,0.0,0.0,0.0,0.0,0.0,0.0,0.0,0.0,0.0,0.0,0.0,0.0,0.0,0.0,0.0,0.0,0.0,0.0,0.0,0.0,0.0,0.0,0.0,0.0,0.25754663348197937,-0.9033416509628296,-0.15846990048885345,0.9124326705932617,0.2628495693206787,-0.2585882544517517,0.4152670204639435,-0.060347456485033035,-1.1413624286651611,0.7069311141967773,-0.7615073919296265,1.0166213512420654,-0.016029417514801025,-0.03442585468292236,0.019589990377426147,0.005105555057525635,0.008745342493057251,-0.005706846714019775,0.0012398064136505127,-0.006860516965389252,-0.0002633333206176758,0.00626528263092041,-0.011250734329223633,-0.011003494262695312,-0.008820658549666405,-0.006519617512822151,0.004985589534044266,0.007670138031244278,-0.00306805525906384,0.012655727565288544,-0.0034515620209276676,0.013422741554677486,0.008820658549666405,-0.022243401035666466,0.019942358136177063,-0.025694962590932846,-0.002288888208568096,0.03891110047698021,0.004577776417136192,0.04440443217754364,0.02929776906967163,0.023346660658717155,0.07599108666181564,0.012817773967981339,0.030671102926135063,-0.0068666646257042885,-0.0027466658502817154,-0.017853328958153725,-0.004007354378700256,-0.00860646367073059,0.004897497594356537,0.0012763887643814087,0.0021863356232643127,-0.0014267116785049438,0.0003099516034126282,-0.001715129241347313,0.0,0.0,0.0,-0.002750873565673828,0.0,0.0,0.0,0.0,0.0,0.0,0.0,0.0,0.0,0.0,0.0,0.0
20260709_111233_260179,2026-07-09T11:13:16.185,42.925523,pose,1575,stand,0.0,0.0,0.0,0.0,0.0,0.0,0.0,0.0,0.08,xsens:live,0.0084353256970644,-0.00746176578104496,-0.999936580657959,0.4275468663470614,0.4833277493948858,0.00857323408126831,0.03429293632507324,4.093114852905273,8.819097518920898,12,can0:12,4.110538005828857,9.140904426574707,,"BL_hip_joint,BR_hip_joint,FL_hip_joint,FR_hip_joint,BL_thigh_joint,BR_thigh_joint,FL_thigh_joint,FR_thigh_joint,BL_calf_joint,BR_calf_joint,FL_calf_joint,FR_calf_joint",330e02f2406e129bb6ed6ec4a6c6bcd5f80d7e7799a2ab087e81eda65d2fae69,"step=001575 mode=stand  vx= 0.000 vy= 0.000 vxy= 0.000 yaw= 0.000 speed=0.08 imu=xsens:live tilt_rp=[+0.4,+0.5]deg imu_corr=0.009 act_max= 0.034 tau_cmd= 4.093 tau_cmd_max= 8.819 cmds=12 bus=can0:12 tau_fb= 4.111 tau_fb_max= 9.141",0.0,0.0,0.0,0.0,0.0,0.0,0.0084353256970644,-0.00746176578104496,-0.999936580657959,0.0,0.0,0.0,0.0,0.0,0.0,0.0,0.0,0.0,0.0,0.0,0.0,0.0,0.0,0.0,0.0,0.0,0.0,0.0,0.0,0.0,0.0,0.0,0.0,0.0,0.0,0.0,0.0,0.0,0.0,0.0,0.0,0.0,0.0,0.0,0.0,0.0,0.0,0.0,0.2576109766960144,-0.9032087326049805,-0.1585475206375122,0.9124100804328918,0.2628147006034851,-0.25856703519821167,0.41526246070861816,-0.06031990796327591,-1.141361117362976,0.7069059014320374,-0.7614647150039673,1.0166634321212769,-0.01596507430076599,-0.03429293632507324,0.019512370228767395,0.005082964897155762,0.008710473775863647,-0.005685627460479736,0.0012352466583251953,-0.006832968443632126,-0.0002620220184326172,0.00624006986618042,-0.011208057403564453,-0.010961413383483887,-0.008820658549666405,-0.006519617512822151,0.004985589534044266,0.007670138031244278,-0.00306805525906384,0.012655727565288544,-0.0034515620209276676,0.013422741554677486,0.008820658549666405,-0.022243401035666466,0.019558852538466454,-0.025694962590932846,-0.004119998775422573,0.01739555038511753,0.08331552892923355,-0.015106662176549435,-0.0393688790500164,0.006408886983990669,0.09292886406183243,-0.0119022186845541,0.012817773967981339,0.0032044434919953346,-0.025635547935962677,0.043946653604507446,-0.003991268575191498,-0.00857323408126831,0.004878092557191849,0.0012707412242889404,0.002177618443965912,-0.001421406865119934,0.00030881166458129883,-0.0017082421109080315,0.0,0.0,0.0,-0.0027403533458709717,0.0,0.0,0.0,0.0,0.0,0.0,0.0,0.0,0.0,0.0,0.0,0.0
20260709_111233_260179,2026-07-09T11:13:16.335,43.074933,pose,1580,stand,0.0,0.0,0.0,0.0,0.0,0.0,0.0,0.0,0.08,xsens:live,0.008470801636576653,-0.007499766536056995,-0.999936044216156,0.4297243959848408,0.48536061503368677,0.00861416757106781,0.03445667028427124,3.7127227783203125,8.713722229003906,12,can0:12,4.021119117736816,8.76735782623291,,"BL_hip_joint,BR_hip_joint,FL_hip_joint,FR_hip_joint,BL_thigh_joint,BR_thigh_joint,FL_thigh_joint,FR_thigh_joint,BL_calf_joint,BR_calf_joint,FL_calf_joint,FR_calf_joint",330e02f2406e129bb6ed6ec4a6c6bcd5f80d7e7799a2ab087e81eda65d2fae69,"step=001580 mode=stand  vx= 0.000 vy= 0.000 vxy= 0.000 yaw= 0.000 speed=0.08 imu=xsens:live tilt_rp=[+0.4,+0.5]deg imu_corr=0.009 act_max= 0.034 tau_cmd= 3.713 tau_cmd_max= 8.714 cmds=12 bus=can0:12 tau_fb= 4.021 tau_fb_max= 8.767",0.0,0.0,0.0,0.0,0.0,0.0,0.008470801636576653,-0.007499766536056995,-0.999936044216156,0.0,0.0,0.0,0.0,0.0,0.0,0.0,0.0,0.0,0.0,0.0,0.0,0.0,0.0,0.0,0.0,0.0,0.0,0.0,0.0,0.0,0.0,0.0,0.0,0.0,0.0,0.0,0.0,0.0,0.0,0.0,0.0,0.0,0.0,0.0,0.0,0.0,0.0,0.0,0.25752484798431396,-0.9033724665641785,-0.15845206379890442,0.9124408960342407,0.2628590762615204,-0.2585935890674591,0.41526997089385986,-0.060356754809617996,-1.1413623094558716,0.7069408297538757,-0.7615197896957397,1.0166105031967163,-0.01605120301246643,-0.03445667028427124,0.019607827067375183,0.005113780498504639,0.008754849433898926,-0.005712181329727173,0.0012427568435668945,-0.006869815289974213,-0.000263214111328125,0.006274998188018799,-0.011263132095336914,-0.011014342308044434,-0.008820658549666405,-0.006519617512822151,0.004985589534044266,0.007670138031244278,-0.00306805525906384,0.01227222103625536,-0.0034515620209276676,0.013422741554677486,0.008820658549666405,-0.022243401035666466,0.019942358136177063,-0.025694962590932846,0.02471999265253544,-0.0032044434919953346,0.05767998471856117,0.01739555038511753,0.04852443188428879,-0.026551103219389915,-0.012817773967981339,-0.02151555009186268,-0.02288888208568096,0.031128879636526108,-0.05630664899945259,0.019226660951972008,-0.004012800753116608,-0.00861416757106781,0.004901956766843796,0.0012784451246261597,0.0021887123584747314,-0.0014280453324317932,0.00031068921089172363,-0.0017174538224935532,0.0,0.0,0.0,-0.0027535855770111084,0.0,0.0,0.0,0.0,0.0,0.0,0.0,0.0,0.0,0.0,0.0,0.0
20260709_111233_260179,2026-07-09T11:13:16.479,43.219665,pose,1585,stand,0.0,0.0,0.0,0.0,0.0,0.0,0.0,0.0,0.08,xsens:live,0.008472559973597527,-0.007518460508435965,-0.9999359250068665,0.43079554116388225,0.4854614174087478,0.008629828691482544,0.034519314765930176,4.2662739753723145,8.502800941467285,12,can0:12,4.058351516723633,9.22879695892334,,"BL_hip_joint,BR_hip_joint,FL_hip_joint,FR_hip_joint,BL_thigh_joint,BR_thigh_joint,FL_thigh_joint,FR_thigh_joint,BL_calf_joint,BR_calf_joint,FL_calf_joint,FR_calf_joint",330e02f2406e129bb6ed6ec4a6c6bcd5f80d7e7799a2ab087e81eda65d2fae69,"step=001585 mode=stand  vx= 0.000 vy= 0.000 vxy= 0.000 yaw= 0.000 speed=0.08 imu=xsens:live tilt_rp=[+0.4,+0.5]deg imu_corr=0.009 act_max= 0.035 tau_cmd= 4.266 tau_cmd_max= 8.503 cmds=12 bus=can0:12 tau_fb= 4.058 tau_fb_max= 9.229",0.0,0.0,0.0,0.0,0.0,0.0,0.008472559973597527,-0.007518460508435965,-0.9999359250068665,0.0,0.0,0.0,0.0,0.0,0.0,0.0,0.0,0.0,0.0,0.0,0.0,0.0,0.0,0.0,0.0,0.0,0.0,0.0,0.0,0.0,0.0,0.0,0.0,0.0,0.0,0.0,0.0,0.0,0.0,0.0,0.0,0.0,0.0,0.0,0.0,0.0,0.0,0.0,0.25746774673461914,-0.9034351110458374,-0.1584131270647049,0.9124631285667419,0.2628798186779022,-0.2586061358451843,0.4152798354625702,-0.06038040295243263,-1.141358494758606,0.7069670557975769,-0.7615516185760498,1.0165843963623047,-0.016108304262161255,-0.034519314765930176,0.019646763801574707,0.005136013031005859,0.008775591850280762,-0.005724728107452393,0.0012526214122772217,-0.006893463432788849,-0.0002593994140625,0.006301224231719971,-0.011294960975646973,-0.011040449142456055,-0.008820658549666405,-0.006519617512822151,0.004985589534044266,0.007670138031244278,-0.00306805525906384,0.012655727565288544,-0.0034515620209276676,0.013422741554677486,0.008820658549666405,-0.022243401035666466,0.019942358136177063,-0.025311455130577087,-0.05172887444496155,0.00045777764171361923,-0.007324442267417908,0.010528885759413242,0.05264442786574364,0.09018219262361526,-0.017853328958153725,0.012817773967981339,0.0032044434919953346,0.01831110566854477,0.014648884534835815,0.02151555009186268,-0.004027076065540314,-0.008629828691482544,0.004911690950393677,0.0012840032577514648,0.0021938979625701904,-0.0014311820268630981,0.0003131553530693054,-0.0017233658581972122,0.0,0.0,0.0,-0.0027601122856140137,0.0,0.0,0.0,0.0,0.0,0.0,0.0,0.0,0.0,0.0,0.0,0.0
20260709_111233_260179,2026-07-09T11:13:16.618,43.358686,pose,1590,stand,0.0,0.0,0.0,0.0,0.0,0.0,0.0,0.0,0.08,xsens:live,0.008493779227137566,-0.007466249633580446,-0.999936044216156,0.42780400365059956,0.4866771234666235,0.008593514561653137,0.03437405824661255,4.17265510559082,10.168478012084961,12,can0:12,4.161198616027832,9.525437355041504,,"BL_hip_joint,BR_hip_joint,FL_hip_joint,FR_hip_joint,BL_thigh_joint,BR_thigh_joint,FL_thigh_joint,FR_thigh_joint,BL_calf_joint,BR_calf_joint,FL_calf_joint,FR_calf_joint",330e02f2406e129bb6ed6ec4a6c6bcd5f80d7e7799a2ab087e81eda65d2fae69,"step=001590 mode=stand  vx= 0.000 vy= 0.000 vxy= 0.000 yaw= 0.000 speed=0.08 imu=xsens:live tilt_rp=[+0.4,+0.5]deg imu_corr=0.009 act_max= 0.034 tau_cmd= 4.173 tau_cmd_max= 10.168 cmds=12 bus=can0:12 tau_fb= 4.161 tau_fb_max= 9.525",0.0,0.0,0.0,0.0,0.0,0.0,0.008493779227137566,-0.007466249633580446,-0.999936044216156,0.0,0.0,0.0,0.0,0.0,0.0,0.0,0.0,0.0,0.0,0.0,0.0,0.0,0.0,0.0,0.0,0.0,0.0,0.0,0.0,0.0,0.0,0.0,0.0,0.0,0.0,0.0,0.0,0.0,0.0,0.0,0.0,0.0,0.0,0.0,0.0,0.0,0.0,0.0,0.2576538324356079,-0.9032898545265198,-0.15850675106048584,0.9123881459236145,0.26282230019569397,-0.2585710287094116,0.41524234414100647,-0.060303397476673126,-1.1413733959197998,0.7068769335746765,-0.7614558935165405,1.0166560411453247,-0.015922218561172485,-0.03437405824661255,0.019553139805793762,0.005061030387878418,0.00871807336807251,-0.0056896209716796875,0.001215130090713501,-0.006816457957029343,-0.00027430057525634766,0.00621110200881958,-0.011199235916137695,-0.010968804359436035,-0.008820658549666405,-0.006519617512822151,0.004985589534044266,0.007670138031244278,-0.00306805525906384,0.012655727565288544,-0.0034515620209276676,0.013422741554677486,0.009204166010022163,-0.022243401035666466,0.019942358136177063,-0.025694962590932846,0.032959990203380585,-0.0631733164191246,-0.014648884534835815,-0.05767998471856117,-0.0196844395250082,-0.06500442326068878,-0.05722220614552498,0.013275551609694958,0.0553910955786705,0.010986663401126862,-0.0027466658502817154,-0.04119998961687088,-0.003980554640293121,-0.008593514561653137,0.0048882849514484406,0.0012652575969696045,0.0021795183420181274,-0.0014224052429199219,0.00030378252267837524,-0.0017041144892573357,0.0,0.0,0.0,-0.002742201089859009,0.0,0.0,0.0,0.0,0.0,0.0,0.0,0.0,0.0,0.0,0.0,0.0
20260709_111233_260179,2026-07-09T11:13:16.756,43.495853,pose,1595,stand,0.0,0.0,0.0,0.0,0.0,0.0,0.0,0.0,0.08,xsens:live,0.008468149229884148,-0.007415124215185642,-0.9999366402626038,0.4248744545415265,0.4852083552957226,0.008544594049453735,0.03417837619781494,4.2098917961120605,10.730728149414062,12,can0:12,4.098940849304199,9.349650382995605,,"BL_hip_joint,BR_hip_joint,FL_hip_joint,FR_hip_joint,BL_thigh_joint,BR_thigh_joint,FL_thigh_joint,FR_thigh_joint,BL_calf_joint,BR_calf_joint,FL_calf_joint,FR_calf_joint",330e02f2406e129bb6ed6ec4a6c6bcd5f80d7e7799a2ab087e81eda65d2fae69,"step=001595 mode=stand  vx= 0.000 vy= 0.000 vxy= 0.000 yaw= 0.000 speed=0.08 imu=xsens:live tilt_rp=[+0.4,+0.5]deg imu_corr=0.009 act_max= 0.034 tau_cmd= 4.210 tau_cmd_max= 10.731 cmds=12 bus=can0:12 tau_fb= 4.099 tau_fb_max= 9.350",0.0,0.0,0.0,0.0,0.0,0.0,0.008468149229884148,-0.007415124215185642,-0.9999366402626038,0.0,0.0,0.0,0.0,0.0,0.0,0.0,0.0,0.0,0.0,0.0,0.0,0.0,0.0,0.0,0.0,0.0,0.0,0.0,0.0,0.0,0.0,0.0,0.0,0.0,0.0,0.0,0.0,0.0,0.0,0.0,0.0,0.0,0.0,0.0,0.0,0.0,0.0,0.0,0.25779080390930176,-0.9030941724777222,-0.15862448513507843,0.9123368859291077,0.26276424527168274,-0.2585359811782837,0.4152238368988037,-0.06024586036801338,-1.1413769721984863,0.7068166136741638,-0.7613753080368042,1.0167274475097656,-0.015785247087478638,-0.03417837619781494,0.019435405731201172,0.005009770393371582,0.00866001844406128,-0.005654573440551758,0.0011966228485107422,-0.006758920848369598,-0.0002778768539428711,0.006150782108306885,-0.011118650436401367,-0.010897397994995117,-0.008820658549666405,-0.006903124041855335,0.004985589534044266,0.007670138031244278,-0.00306805525906384,0.012655727565288544,-0.0034515620209276676,0.013422741554677486,0.008820658549666405,-0.022243401035666466,0.019942358136177063,-0.025694962590932846,-0.00595110934227705,0.0009155552834272385,0.015564439818263054,0.004119998775422573,-0.00595110934227705,-0.035248879343271255,0.015106662176549435,0.007324442267417908,0.014191106893122196,-0.07644886523485184,0.03707998991012573,0.0398266538977623,-0.003946311771869659,-0.008544594049453735,0.004858851432800293,0.0012524425983428955,0.00216500461101532,-0.0014136433601379395,0.00029915571212768555,-0.0016897302120923996,0.0,0.0,0.0,-0.0027243494987487793,0.0,0.0,0.0,0.0,0.0,0.0,0.0,0.0,0.0,0.0,0.0,0.0
20260709_111233_260179,2026-07-09T11:13:16.891,43.631303,pose,1600,stand,0.0,0.0,0.0,0.0,0.0,0.0,0.0,0.0,0.08,xsens:live,0.00849546305835247,-0.007421405054628849,-0.9999364614486694,0.425234399169404,0.4867733959959297,0.008557602763175964,0.03423041105270386,4.341835021972656,9.504483222961426,12,can0:12,3.9890739917755127,9.199499130249023,,"BL_hip_joint,BR_hip_joint,FL_hip_joint,FR_hip_joint,BL_thigh_joint,BR_thigh_joint,FL_thigh_joint,FR_thigh_joint,BL_calf_joint,BR_calf_joint,FL_calf_joint,FR_calf_joint",330e02f2406e129bb6ed6ec4a6c6bcd5f80d7e7799a2ab087e81eda65d2fae69,"step=001600 mode=stand  vx= 0.000 vy= 0.000 vxy= 0.000 yaw= 0.000 speed=0.08 imu=xsens:live tilt_rp=[+0.4,+0.5]deg imu_corr=0.009 act_max= 0.034 tau_cmd= 4.342 tau_cmd_max= 9.504 cmds=12 bus=can0:12 tau_fb= 3.989 tau_fb_max= 9.199",0.0,0.0,0.0,0.0,0.0,0.0,0.00849546305835247,-0.007421405054628849,-0.9999364614486694,0.0,0.0,0.0,0.0,0.0,0.0,0.0,0.0,0.0,0.0,0.0,0.0,0.0,0.0,0.0,0.0,0.0,0.0,0.0,0.0,0.0,0.0,0.0,0.0,0.0,0.0,0.0,0.0,0.0,0.0,0.0,0.0,0.0,0.0,0.0,0.0,0.0,0.0,0.0,0.25779736042022705,-0.9031462073326111,-0.15859706699848175,0.9123318195343018,0.26277241110801697,-0.25854066014289856,0.4152167737483978,-0.060243554413318634,-1.1413819789886475,0.706809401512146,-0.7613781690597534,1.016717791557312,-0.015778690576553345,-0.03423041105270386,0.01946282386779785,0.005004703998565674,0.008668184280395508,-0.005659252405166626,0.0011895596981048584,-0.0067566148936748505,-0.0002828836441040039,0.0061435699462890625,-0.011121511459350586,-0.01090705394744873,-0.008820658549666405,-0.006519617512822151,0.004985589534044266,0.007670138031244278,-0.00306805525906384,0.012655727565288544,-0.0034515620209276676,0.013422741554677486,0.008820658549666405,-0.022243401035666466,0.019942358136177063,-0.025694962590932846,0.016022218391299248,-0.01235999632626772,-0.030671102926135063,0.040742211043834686,-0.06820886582136154,-0.0009155552834272385,-0.02059999480843544,0.015106662176549435,0.0050355540588498116,-0.02471999265253544,-0.044862210750579834,-0.013275551609694958,-0.003944672644138336,-0.008557602763175964,0.004865705966949463,0.0012511759996414185,0.002167046070098877,-0.0014148131012916565,0.0002973899245262146,-0.0016891537234187126,0.0,0.0,0.0,-0.0027267634868621826,0.0,0.0,0.0,0.0,0.0,0.0,0.0,0.0,0.0,0.0,0.0,0.0
20260709_111233_260179,2026-07-09T11:13:17.027,43.767336,pose,1605,stand,0.0,0.0,0.0,0.0,0.0,0.0,0.0,0.0,0.08,xsens:live,0.00847472995519638,-0.007386217825114727,-0.9999368786811829,0.4232181252628999,0.4855852841369194,0.008523136377334595,0.03409254550933838,4.023493766784668,10.170422554016113,12,can0:12,4.035157203674316,8.957793235778809,,"BL_hip_joint,BR_hip_joint,FL_hip_joint,FR_hip_joint,BL_thigh_joint,BR_thigh_joint,FL_thigh_joint,FR_thigh_joint,BL_calf_joint,BR_calf_joint,FL_calf_joint,FR_calf_joint",330e02f2406e129bb6ed6ec4a6c6bcd5f80d7e7799a2ab087e81eda65d2fae69,"step=001605 mode=stand  vx= 0.000 vy= 0.000 vxy= 0.000 yaw= 0.000 speed=0.08 imu=xsens:live tilt_rp=[+0.4,+0.5]deg imu_corr=0.009 act_max= 0.034 tau_cmd= 4.023 tau_cmd_max= 10.170 cmds=12 bus=can0:12 tau_fb= 4.035 tau_fb_max= 8.958",0.0,0.0,0.0,0.0,0.0,0.0,0.00847472995519638,-0.007386217825114727,-0.9999368786811829,0.0,0.0,0.0,0.0,0.0,0.0,0.0,0.0,0.0,0.0,0.0,0.0,0.0,0.0,0.0,0.0,0.0,0.0,0.0,0.0,0.0,0.0,0.0,0.0,0.0,0.0,0.0,0.0,0.0,0.0,0.0,0.0,0.0,0.0,0.0,0.0,0.0,0.0,0.0,0.25788936018943787,-0.9030083417892456,-0.1586788296699524,0.9122977256774902,0.26273199915885925,-0.25851666927337646,0.41520455479621887,-0.06020519882440567,-1.1413836479187012,0.7067698836326599,-0.7613232135772705,1.016766905784607,-0.01568669080734253,-0.03409254550933838,0.01938106119632721,0.00497061014175415,0.008627772331237793,-0.005635261535644531,0.0011773407459259033,-0.006718259304761887,-0.00028455257415771484,0.0061040520668029785,-0.011066555976867676,-0.010857939720153809,-0.008820658549666405,-0.006519617512822151,0.004985589534044266,0.007670138031244278,-0.00306805525906384,0.01227222103625536,-0.0034515620209276676,0.013422741554677486,0.009204166010022163,-0.022243401035666466,0.019942358136177063,-0.025694962590932846,0.04852443188428879,-0.04303110018372536,-0.04669332131743431,-0.005493331700563431,0.043946653604507446,-0.07370220124721527,0.1185644119977951,0.017853328958153725,0.028382213786244392,-0.05310220643877983,0.015106662176549435,-0.008239997550845146,-0.003921672701835632,-0.008523136377334595,0.004845265299081802,0.0012426525354385376,0.0021569430828094482,-0.0014088153839111328,0.00029433518648147583,-0.0016795648261904716,0.0,0.0,0.0,-0.002714484930038452,0.0,0.0,0.0,0.0,0.0,0.0,0.0,0.0,0.0,0.0,0.0,0.0
20260709_111233_260179,2026-07-09T11:13:17.162,43.902584,pose,1610,stand,0.0,0.0,0.0,0.0,0.0,0.0,0.0,0.0,0.08,xsens:live,0.008408780209720135,-0.00731602031737566,-0.999937891960144,0.41919564304890317,0.48180618463277697,0.008447185158729553,0.03378874063491821,3.9954614639282227,10.409159660339355,12,can0:12,4.025391101837158,8.899197578430176,,"BL_hip_joint,BR_hip_joint,FL_hip_joint,FR_hip_joint,BL_thigh_joint,BR_thigh_joint,FL_thigh_joint,FR_thigh_joint,BL_calf_joint,BR_calf_joint,FL_calf_joint,FR_calf_joint",330e02f2406e129bb6ed6ec4a6c6bcd5f80d7e7799a2ab087e81eda65d2fae69,"step=001610 mode=stand  vx= 0.000 vy= 0.000 vxy= 0.000 yaw= 0.000 speed=0.08 imu=xsens:live tilt_rp=[+0.4,+0.5]deg imu_corr=0.008 act_max= 0.034 tau_cmd= 3.995 tau_cmd_max= 10.409 cmds=12 bus=can0:12 tau_fb= 4.025 tau_fb_max= 8.899",0.0,0.0,0.0,0.0,0.0,0.0,0.008408780209720135,-0.00731602031737566,-0.999937891960144,0.0,0.0,0.0,0.0,0.0,0.0,0.0,0.0,0.0,0.0,0.0,0.0,0.0,0.0,0.0,0.0,0.0,0.0,0.0,0.0,0.0,0.0,0.0,0.0,0.0,0.0,0.0,0.0,0.0,0.0,0.0,0.0,0.0,0.0,0.0,0.0,0.0,0.0,0.0,0.2580476403236389,-0.9027045369148254,-0.1588560789823532,0.9122422337532043,0.2626507580280304,-0.2584679126739502,0.41519105434417725,-0.06013783439993858,-1.1413816213607788,0.7067059278488159,-0.7612210512161255,1.016865611076355,-0.01552841067314148,-0.03378874063491821,0.01920381188392639,0.004915118217468262,0.008546531200408936,-0.005586504936218262,0.0011638402938842773,-0.0066508948802948,-0.00028252601623535156,0.006040096282958984,-0.010964393615722656,-0.010759234428405762,-0.008820658549666405,-0.006519617512822151,0.004985589534044266,0.007670138031244278,-0.00306805525906384,0.012655727565288544,-0.0034515620209276676,0.013422741554677486,0.008820658549666405,-0.022243401035666466,0.019942358136177063,-0.025694962590932846,-0.009613330475986004,0.0553910955786705,0.01235999632626772,0.016022218391299248,0.07553330808877945,-0.04852443188428879,0.005493331700563431,0.050355542451143265,-0.008239997550845146,0.019226660951972008,-0.06042664870619774,-0.050355542451143265,-0.00388210266828537,-0.008447185158729553,0.004800952970981598,0.0012287795543670654,0.002136632800102234,-0.0013966262340545654,0.00029096007347106934,-0.0016627237200737,0.0,0.0,0.0,-0.0026898086071014404,0.0,0.0,0.0,0.0,0.0,0.0,0.0,0.0,0.0,0.0,0.0,0.0
20260709_111233_260179,2026-07-09T11:13:17.299,44.039526,pose,1615,stand,0.0,0.0,0.0,0.0,0.0,0.0,0.0,0.0,0.08,xsens:live,0.008455399423837662,-0.007333321031183004,-0.9999374151229858,0.42018710967876366,0.48447747583541084,0.008474618196487427,0.03389847278594971,3.835707902908325,9.972667694091797,12,can0:12,4.044923305511475,9.071321487426758,,"BL_hip_joint,BR_hip_joint,FL_hip_joint,FR_hip_joint,BL_thigh_joint,BR_thigh_joint,FL_thigh_joint,FR_thigh_joint,BL_calf_joint,BR_calf_joint,FL_calf_joint,FR_calf_joint",330e02f2406e129bb6ed6ec4a6c6bcd5f80d7e7799a2ab087e81eda65d2fae69,"step=001615 mode=stand  vx= 0.000 vy= 0.000 vxy= 0.000 yaw= 0.000 speed=0.08 imu=xsens:live tilt_rp=[+0.4,+0.5]deg imu_corr=0.008 act_max= 0.034 tau_cmd= 3.836 tau_cmd_max= 9.973 cmds=12 bus=can0:12 tau_fb= 4.045 tau_fb_max= 9.071",0.0,0.0,0.0,0.0,0.0,0.0,0.008455399423837662,-0.007333321031183004,-0.9999374151229858,0.0,0.0,0.0,0.0,0.0,0.0,0.0,0.0,0.0,0.0,0.0,0.0,0.0,0.0,0.0,0.0,0.0,0.0,0.0,0.0,0.0,0.0,0.0,0.0,0.0,0.0,0.0,0.0,0.0,0.0,0.0,0.0,0.0,0.0,0.0,0.0,0.0,0.0,0.0,0.25803816318511963,-0.9028142690658569,-0.15879596769809723,0.9122412204742432,0.2626720666885376,-0.2584803104400635,0.4151824414730072,-0.06014300882816315,-1.1413885354995728,0.706703245639801,-0.7612377405166626,1.0168408155441284,-0.015537887811660767,-0.03389847278594971,0.019263923168182373,0.00491410493850708,0.008567839860916138,-0.005598902702331543,0.0011552274227142334,-0.006656069308519363,-0.0002894401550292969,0.006037414073944092,-0.010981082916259766,-0.010784029960632324,-0.008820658549666405,-0.006519617512822151,0.004985589534044266,0.007670138031244278,-0.00306805525906384,0.01227222103625536,-0.0034515620209276676,0.013422741554677486,0.008820658549666405,-0.022243401035666466,0.019942358136177063,-0.025694962590932846,-0.025635547935962677,-0.047151096165180206,-0.041657764464616776,-0.03250221163034439,0.02288888208568096,-0.0315866582095623,0.055848874151706696,-0.017853328958153725,-0.028382213786244392,-0.044862210750579834,-0.02288888208568096,-0.0068666646257042885,-0.0038844719529151917,-0.008474618196487427,0.004815980792045593,0.00122852623462677,0.0021419599652290344,-0.0013997256755828857,0.00028880685567855835,-0.0016640173271298409,0.0,0.0,0.0,-0.002696007490158081,0.0,0.0,0.0,0.0,0.0,0.0,0.0,0.0,0.0,0.0,0.0,0.0
20260709_111233_260179,2026-07-09T11:13:17.437,44.176786,pose,1620,stand,0.0,0.0,0.0,0.0,0.0,0.0,0.0,0.0,0.08,xsens:live,0.008477587252855301,-0.007321067154407501,-0.9999372959136963,0.4194850580204091,0.4857487911313804,0.008471116423606873,0.03388446569442749,4.0349202156066895,9.73096752166748,12,can0:12,4.108096599578857,8.902859687805176,,"BL_hip_joint,BR_hip_joint,FL_hip_joint,FR_hip_joint,BL_thigh_joint,BR_thigh_joint,FL_thigh_joint,FR_thigh_joint,BL_calf_joint,BR_calf_joint,FL_calf_joint,FR_calf_joint",330e02f2406e129bb6ed6ec4a6c6bcd5f80d7e7799a2ab087e81eda65d2fae69,"step=001620 mode=stand  vx= 0.000 vy= 0.000 vxy= 0.000 yaw= 0.000 speed=0.08 imu=xsens:live tilt_rp=[+0.4,+0.5]deg imu_corr=0.008 act_max= 0.034 tau_cmd= 4.035 tau_cmd_max= 9.731 cmds=12 bus=can0:12 tau_fb= 4.108 tau_fb_max= 8.903",0.0,0.0,0.0,0.0,0.0,0.0,0.008477587252855301,-0.007321067154407501,-0.9999372959136963,0.0,0.0,0.0,0.0,0.0,0.0,0.0,0.0,0.0,0.0,0.0,0.0,0.0,0.0,0.0,0.0,0.0,0.0,0.0,0.0,0.0,0.0,0.0,0.0,0.0,0.0,0.0,0.0,0.0,0.0,0.0,0.0,0.0,0.0,0.0,0.0,0.0,0.0,0.0,0.2580989599227905,-0.9028002619743347,-0.1588088870048523,0.9122154116630554,0.26265960931777954,-0.25847241282463074,0.4151671230792999,-0.06011798977851868,-1.1413956880569458,0.7066715359687805,-0.7612103223800659,1.0168571472167969,-0.015477091073989868,-0.03388446569442749,0.019251003861427307,0.004888296127319336,0.008555382490158081,-0.005591005086898804,0.001139909029006958,-0.006631050258874893,-0.00029659271240234375,0.006005704402923584,-0.010953664779663086,-0.010767698287963867,-0.008820658549666405,-0.006519617512822151,0.004985589534044266,0.007670138031244278,-0.00306805525906384,0.012655727565288544,-0.0034515620209276676,0.013422741554677486,0.009204166010022163,-0.022243401035666466,0.019942358136177063,-0.025311455130577087,0.05172887444496155,-0.038453321903944016,0.0050355540588498116,0.03250221163034439,0.013733329251408577,0.012817773967981339,0.05081331729888916,-0.00045777764171361923,0.03479110077023506,-0.03479110077023506,-0.0196844395250082,-0.01144444104284048,-0.003869272768497467,-0.008471116423606873,0.004812750965356827,0.001222074031829834,0.0021388456225395203,-0.001397751271724701,0.0002849772572517395,-0.0016577625647187233,0.0,0.0,0.0,-0.002691924571990967,0.0,0.0,0.0,0.0,0.0,0.0,0.0,0.0,0.0,0.0,0.0,0.0
20260709_111233_260179,2026-07-09T11:13:17.569,44.309281,pose,1625,stand,0.0,0.0,0.0,0.0,0.0,0.0,0.0,0.0,0.08,xsens:live,0.008494152687489986,-0.007335254922509193,-0.9999370574951172,0.4202980647780517,0.48669802782456223,0.008487299084663391,0.033949196338653564,3.969660997390747,9.148689270019531,12,can0:12,3.9863274097442627,9.822076797485352,,"BL_hip_joint,BR_hip_joint,FL_hip_joint,FR_hip_joint,BL_thigh_joint,BR_thigh_joint,FL_thigh_joint,FR_thigh_joint,BL_calf_joint,BR_calf_joint,FL_calf_joint,FR_calf_joint",330e02f2406e129bb6ed6ec4a6c6bcd5f80d7e7799a2ab087e81eda65d2fae69,"step=001625 mode=stand  vx= 0.000 vy= 0.000 vxy= 0.000 yaw= 0.000 speed=0.08 imu=xsens:live tilt_rp=[+0.4,+0.5]deg imu_corr=0.008 act_max= 0.034 tau_cmd= 3.970 tau_cmd_max= 9.149 cmds=12 bus=can0:12 tau_fb= 3.986 tau_fb_max= 9.822",0.0,0.0,0.0,0.0,0.0,0.0,0.008494152687489986,-0.007335254922509193,-0.9999370574951172,0.0,0.0,0.0,0.0,0.0,0.0,0.0,0.0,0.0,0.0,0.0,0.0,0.0,0.0,0.0,0.0,0.0,0.0,0.0,0.0,0.0,0.0,0.0,0.0,0.0,0.0,0.0,0.0,0.0,0.0,0.0,0.0,0.0,0.0,0.0,0.0,0.0,0.0,0.0,0.258070170879364,-0.9028649926185608,-0.15877124667167664,0.9122253656387329,0.262675940990448,-0.25848227739334106,0.4151684641838074,-0.06013036519289017,-1.1413967609405518,0.7066823840141296,-0.76123046875,1.0168373584747314,-0.015505880117416382,-0.033949196338653564,0.019288644194602966,0.004898250102996826,0.008571714162826538,-0.005600869655609131,0.0011412501335144043,-0.006643425673246384,-0.0002976655960083008,0.006016552448272705,-0.010973811149597168,-0.010787487030029297,-0.008820658549666405,-0.006519617512822151,0.004985589534044266,0.007670138031244278,-0.00306805525906384,0.012655727565288544,-0.0034515620209276676,0.013422741554677486,0.008820658549666405,-0.022243401035666466,0.019942358136177063,-0.025311455130577087,-0.0032044434919953346,0.04348887503147125,0.06500442326068878,-0.035248879343271255,0.009155552834272385,-0.04623554274439812,-0.0393688790500164,-0.10208441317081451,0.02059999480843544,-0.010528885759413242,0.003662221133708954,0.02609332650899887,-0.0038764700293540955,-0.008487299084663391,0.004822161048650742,0.0012245625257492065,0.0021429285407066345,-0.0014002174139022827,0.0002853125333786011,-0.001660856418311596,0.0,0.0,0.0,-0.0026968717575073242,0.0,0.0,0.0,0.0,0.0,0.0,0.0,0.0,0.0,0.0,0.0,0.0
20260709_111233_260179,2026-07-09T11:13:17.704,44.444249,pose,1630,stand,0.0,0.0,0.0,0.0,0.0,0.0,0.0,0.0,0.08,xsens:live,0.00847275648266077,-0.007316022180020809,-0.9999374151229858,0.41919594966501195,0.4854719530405256,0.008465483784675598,0.03386193513870239,3.827775716781616,9.904109001159668,12,can0:12,4.162419319152832,9.078646659851074,,"BL_hip_joint,BR_hip_joint,FL_hip_joint,FR_hip_joint,BL_thigh_joint,BR_thigh_joint,FL_thigh_joint,FR_thigh_joint,BL_calf_joint,BR_calf_joint,FL_calf_joint,FR_calf_joint",330e02f2406e129bb6ed6ec4a6c6bcd5f80d7e7799a2ab087e81eda65d2fae69,"step=001630 mode=stand  vx= 0.000 vy= 0.000 vxy= 0.000 yaw= 0.000 speed=0.08 imu=xsens:live tilt_rp=[+0.4,+0.5]deg imu_corr=0.008 act_max= 0.034 tau_cmd= 3.828 tau_cmd_max= 9.904 cmds=12 bus=can0:12 tau_fb= 4.162 tau_fb_max= 9.079",0.0,0.0,0.0,0.0,0.0,0.0,0.00847275648266077,-0.007316022180020809,-0.9999374151229858,0.0,0.0,0.0,0.0,0.0,0.0,0.0,0.0,0.0,0.0,0.0,0.0,0.0,0.0,0.0,0.0,0.0,0.0,0.0,0.0,0.0,0.0,0.0,0.0,0.0,0.0,0.0,0.0,0.0,0.0,0.0,0.0,0.0,0.0,0.0,0.0,0.0,0.0,0.0,0.2581102252006531,-0.9027777314186096,-0.1588217318058014,0.912211537361145,0.26265349984169006,-0.25846901535987854,0.41516613960266113,-0.06011321395635605,-1.1413958072662354,0.7066667079925537,-0.7612028121948242,1.016864538192749,-0.01546582579612732,-0.03386193513870239,0.01923815906047821,0.0048844218254089355,0.008549273014068604,-0.0055876076221466064,0.001138925552368164,-0.006626274436712265,-0.00029671192169189453,0.006000876426696777,-0.010946154594421387,-0.010760307312011719,-0.008820658549666405,-0.006519617512822151,0.004985589534044266,0.007670138031244278,-0.00306805525906384,0.012655727565288544,-0.0034515620209276676,0.013422741554677486,0.008820658549666405,-0.022243401035666466,0.019942358136177063,-0.025311455130577087,0.0398266538977623,0.0009155552834272385,0.004577776417136192,0.00595110934227705,-0.06179998070001602,-0.11169774830341339,0.014648884534835815,-0.0196844395250082,0.036164432764053345,0.03891110047698021,-0.041657764464616776,-0.03570665791630745,-0.00386645644903183,-0.008465483784675598,0.004809539765119553,0.0012211054563522339,0.002137318253517151,-0.0013969019055366516,0.000284731388092041,-0.0016565686091780663,0.0,0.0,0.0,-0.0026900768280029297,0.0,0.0,0.0,0.0,0.0,0.0,0.0,0.0,0.0,0.0,0.0,0.0
20260709_111233_260179,2026-07-09T11:13:17.841,44.581156,pose,1635,stand,0.0,0.0,0.0,0.0,0.0,0.0,0.0,0.0,0.08,xsens:live,0.008502444252371788,-0.007322837598621845,-0.9999370574951172,0.41958659796375336,0.4871730950877401,0.008479595184326172,0.03391838073730469,4.444246768951416,9.793208122253418,12,can0:12,4.16791296005249,9.192174911499023,,"BL_hip_joint,BR_hip_joint,FL_hip_joint,FR_hip_joint,BL_thigh_joint,BR_thigh_joint,FL_thigh_joint,FR_thigh_joint,BL_calf_joint,BR_calf_joint,FL_calf_joint,FR_calf_joint",330e02f2406e129bb6ed6ec4a6c6bcd5f80d7e7799a2ab087e81eda65d2fae69,"step=001635 mode=stand  vx= 0.000 vy= 0.000 vxy= 0.000 yaw= 0.000 speed=0.08 imu=xsens:live tilt_rp=[+0.4,+0.5]deg imu_corr=0.008 act_max= 0.034 tau_cmd= 4.444 tau_cmd_max= 9.793 cmds=12 bus=can0:12 tau_fb= 4.168 tau_fb_max= 9.192",0.0,0.0,0.0,0.0,0.0,0.0,0.008502444252371788,-0.007322837598621845,-0.9999370574951172,0.0,0.0,0.0,0.0,0.0,0.0,0.0,0.0,0.0,0.0,0.0,0.0,0.0,0.0,0.0,0.0,0.0,0.0,0.0,0.0,0.0,0.0,0.0,0.0,0.0,0.0,0.0,0.0,0.0,0.0,0.0,0.0,0.0,0.0,0.0,0.0,0.0,0.0,0.0,0.25811710953712463,-0.9028341770172119,-0.15879197418689728,0.9122061133384705,0.262662410736084,-0.2584739327430725,0.4151584804058075,-0.06011107191443443,-1.1414010524749756,0.7066584229469299,-0.7612067461013794,1.016854166984558,-0.015458941459655762,-0.03391838073730469,0.019267916679382324,0.004878997802734375,0.008558183908462524,-0.005592525005340576,0.0011312663555145264,-0.006624132394790649,-0.0003019571304321289,0.005992591381072998,-0.010950088500976562,-0.010770678520202637,-0.008820658549666405,-0.006519617512822151,0.004985589534044266,0.007670138031244278,-0.00306805525906384,0.012655727565288544,-0.0034515620209276676,0.013422741554677486,0.009204166010022163,-0.022243401035666466,0.019942358136177063,-0.025311455130577087,-0.06042664870619774,0.0709555372595787,0.059053316712379456,0.025177771225571632,0.04440443217754364,0.06500442326068878,0.047151096165180206,-0.013733329251408577,0.07003998011350632,0.03662221133708954,-0.018768884241580963,-0.031128879636526108,-0.0038647353649139404,-0.008479595184326172,0.004816979169845581,0.0012197494506835938,0.002139545977115631,-0.001398131251335144,0.0002828165888786316,-0.0016560330986976624,0.0,0.0,0.0,-0.002692669630050659,0.0,0.0,0.0,0.0,0.0,0.0,0.0,0.0,0.0,0.0,0.0,0.0
20260709_111233_260179,2026-07-09T11:13:17.978,44.718304,pose,1640,stand,0.0,0.0,0.0,0.0,0.0,0.0,0.0,0.0,0.08,xsens:live,0.008356410078704357,-0.007534802425652742,-0.9999366998672485,0.43173153645777246,0.4788061924413232,0.008609846234321594,0.03443938493728638,4.202073097229004,9.072078704833984,12,can0:12,4.094668388366699,9.613330841064453,,"BL_hip_joint,BR_hip_joint,FL_hip_joint,FR_hip_joint,BL_thigh_joint,BR_thigh_joint,FL_thigh_joint,FR_thigh_joint,BL_calf_joint,BR_calf_joint,FL_calf_joint,FR_calf_joint",330e02f2406e129bb6ed6ec4a6c6bcd5f80d7e7799a2ab087e81eda65d2fae69,"step=001640 mode=stand  vx= 0.000 vy= 0.000 vxy= 0.000 yaw= 0.000 speed=0.08 imu=xsens:live tilt_rp=[+0.4,+0.5]deg imu_corr=0.009 act_max= 0.034 tau_cmd= 4.202 tau_cmd_max= 9.072 cmds=12 bus=can0:12 tau_fb= 4.095 tau_fb_max= 9.613",0.0,0.0,0.0,0.0,0.0,0.0,0.008356410078704357,-0.007534802425652742,-0.9999366998672485,0.0,0.0,0.0,0.0,0.0,0.0,0.0,0.0,0.0,0.0,0.0,0.0,0.0,0.0,0.0,0.0,0.0,0.0,0.0,0.0,0.0,0.0,0.0,0.0,0.0,0.0,0.0,0.0,0.0,0.0,0.0,0.0,0.0,0.0,0.0,0.0,0.0,0.0,0.0,0.2573026418685913,-0.9033551812171936,-0.1584431678056717,0.9125387072563171,0.2628931403160095,-0.2586156129837036,0.4153345823287964,-0.06044672802090645,-1.141330361366272,0.707062840461731,-0.7616125345230103,1.0165642499923706,-0.016273409128189087,-0.03443938493728638,0.01961672306060791,0.005211591720581055,0.008788913488388062,-0.00573420524597168,0.001307368278503418,-0.006959788501262665,-0.00023126602172851562,0.0063970088958740234,-0.011355876922607422,-0.011060595512390137,-0.008820658549666405,-0.006519617512822151,0.004985589534044266,0.007286631036549807,-0.00306805525906384,0.012655727565288544,-0.0034515620209276676,0.013422741554677486,0.008820658549666405,-0.022243401035666466,0.019942358136177063,-0.025311455130577087,-0.010986663401126862,0.07553330808877945,0.05630664899945259,-0.004577776417136192,0.021973326802253723,0.004119998775422573,0.02471999265253544,0.03707998991012573,0.02151555009186268,0.0196844395250082,-0.03799554333090782,-0.002288888208568096,-0.004068352282047272,-0.008609846234321594,0.0049041807651519775,0.0013028979301452637,0.0021972283720970154,-0.00143355131149292,0.0003268420696258545,-0.0017399471253156662,0.0,0.0,0.0,-0.002765148878097534,0.0,0.0,0.0,0.0,0.0,0.0,0.0,0.0,0.0,0.0,0.0,0.0
20260709_111233_260179,2026-07-09T11:13:18.116,44.855920,pose,1645,stand,0.0,0.0,0.0,0.0,0.0,0.0,0.0,0.0,0.08,xsens:live,0.008369255810976028,-0.0075876484625041485,-0.9999362230300903,0.43475961719120965,0.47954242246469386,0.008656337857246399,0.034625351428985596,4.425461769104004,11.038347244262695,12,can0:12,4.087038516998291,9.873348236083984,,"BL_hip_joint,BR_hip_joint,FL_hip_joint,FR_hip_joint,BL_thigh_joint,BR_thigh_joint,FL_thigh_joint,FR_thigh_joint,BL_calf_joint,BR_calf_joint,FL_calf_joint,FR_calf_joint",330e02f2406e129bb6ed6ec4a6c6bcd5f80d7e7799a2ab087e81eda65d2fae69,"step=001645 mode=stand  vx= 0.000 vy= 0.000 vxy= 0.000 yaw= 0.000 speed=0.08 imu=xsens:live tilt_rp=[+0.4,+0.5]deg imu_corr=0.009 act_max= 0.035 tau_cmd= 4.425 tau_cmd_max= 11.038 cmds=12 bus=can0:12 tau_fb= 4.087 tau_fb_max= 9.873",0.0,0.0,0.0,0.0,0.0,0.0,0.008369255810976028,-0.0075876484625041485,-0.9999362230300903,0.0,0.0,0.0,0.0,0.0,0.0,0.0,0.0,0.0,0.0,0.0,0.0,0.0,0.0,0.0,0.0,0.0,0.0,0.0,0.0,0.0,0.0,0.0,0.0,0.0,0.0,0.0,0.0,0.0,0.0,0.0,0.0,0.0,0.0,0.0,0.0,0.0,0.0,0.0,0.2571468949317932,-0.9035411477088928,-0.1583295464515686,0.9125983715057373,0.26295268535614014,-0.2586512863636017,0.41535910964012146,-0.06051149591803551,-1.141323447227478,0.7071331739425659,-0.7616994380950928,1.0164905786514282,-0.016429156064987183,-0.034625351428985596,0.019730344414711,0.005271255970001221,0.008848458528518677,-0.005769878625869751,0.0013318955898284912,-0.007024556398391724,-0.0002243518829345703,0.006467342376708984,-0.011442780494689941,-0.01113426685333252,-0.008820658549666405,-0.006519617512822151,0.004985589534044266,0.007670138031244278,-0.00306805525906384,0.012655727565288544,-0.0034515620209276676,0.013422741554677486,0.008820658549666405,-0.022243401035666466,0.019558852538466454,-0.025311455130577087,0.005493331700563431,-0.027466658502817154,0.0393688790500164,-0.008239997550845146,-0.04257332161068916,0.09704886376857758,0.08651997148990631,0.020142216235399246,0.027924437075853348,-0.08926664292812347,-0.016022218391299248,0.030671102926135063,-0.004107289016246796,-0.008656337857246399,0.00493258610367775,0.0013178139925003052,0.002212114632129669,-0.0014424696564674377,0.0003329738974571228,-0.001756139099597931,0.0,0.0,0.0,-0.00278356671333313,0.0,0.0,0.0,0.0,0.0,0.0,0.0,0.0,0.0,0.0,0.0,0.0
20260709_111233_260179,2026-07-09T11:13:18.253,44.993652,pose,1650,stand,0.0,0.0,0.0,0.0,0.0,0.0,0.0,0.0,0.08,xsens:live,0.008434065617620945,-0.0076417336240410805,-0.9999352693557739,0.43785890420765505,0.4832561864239807,0.008718758821487427,0.03487503528594971,3.9470577239990234,9.401375770568848,12,can0:12,4.140446186065674,9.162877082824707,,"BL_hip_joint,BR_hip_joint,FL_hip_joint,FR_hip_joint,BL_thigh_joint,BR_thigh_joint,FL_thigh_joint,FR_thigh_joint,BL_calf_joint,BR_calf_joint,FL_calf_joint,FR_calf_joint",330e02f2406e129bb6ed6ec4a6c6bcd5f80d7e7799a2ab087e81eda65d2fae69,"step=001650 mode=stand  vx= 0.000 vy= 0.000 vxy= 0.000 yaw= 0.000 speed=0.08 imu=xsens:live tilt_rp=[+0.4,+0.5]deg imu_corr=0.009 act_max= 0.035 tau_cmd= 3.947 tau_cmd_max= 9.401 cmds=12 bus=can0:12 tau_fb= 4.140 tau_fb_max= 9.163",0.0,0.0,0.0,0.0,0.0,0.0,0.008434065617620945,-0.0076417336240410805,-0.9999352693557739,0.0,0.0,0.0,0.0,0.0,0.0,0.0,0.0,0.0,0.0,0.0,0.0,0.0,0.0,0.0,0.0,0.0,0.0,0.0,0.0,0.0,0.0,0.0,0.0,0.0,0.0,0.0,0.0,0.0,0.0,0.0,0.0,0.0,0.0,0.0,0.0,0.0,0.0,0.0,0.2570386528968811,-0.9037908315658569,-0.1581856608390808,0.9126342535018921,0.2630157768726349,-0.25868892669677734,0.41536402702331543,-0.06055781617760658,-1.1413283348083496,0.7071735858917236,-0.7617747783660889,1.016414761543274,-0.016537398099899292,-0.03487503528594971,0.01987423002719879,0.005307137966156006,0.008911550045013428,-0.00580751895904541,0.001336812973022461,-0.007070876657962799,-0.00022923946380615234,0.006507754325866699,-0.011518120765686035,-0.011210083961486816,-0.008820658549666405,-0.006519617512822151,0.004985589534044266,0.007286631036549807,-0.00306805525906384,0.012655727565288544,-0.0034515620209276676,0.013422741554677486,0.008820658549666405,-0.022243401035666466,0.019942358136177063,-0.025311455130577087,0.004577776417136192,-0.013733329251408577,0.02609332650899887,-0.023346660658717155,0.04989776387810707,0.027466658502817154,-0.028839992359280586,0.00595110934227705,0.027466658502817154,-0.021057771518826485,-0.03341776877641678,0.06637775897979736,-0.004134349524974823,-0.008718758821487427,0.004968557506799698,0.0013267844915390015,0.002227887511253357,-0.0014518797397613525,0.00033420324325561523,-0.0017677191644906998,0.0,0.0,0.0,-0.002802520990371704,0.0,0.0,0.0,0.0,0.0,0.0,0.0,0.0,0.0,0.0,0.0,0.0
20260709_111233_260179,2026-07-09T11:13:18.391,45.131200,pose,1655,stand,0.0,0.0,0.0,0.0,0.0,0.0,0.0,0.0,0.08,xsens:live,0.008418298326432705,-0.007548904977738857,-0.9999361038208008,0.4325398161780588,0.48235239033966,0.008638903498649597,0.03455561399459839,4.307875156402588,10.355375289916992,12,can0:12,4.190496921539307,9.389934539794922,,"BL_hip_joint,BR_hip_joint,FL_hip_joint,FR_hip_joint,BL_thigh_joint,BR_thigh_joint,FL_thigh_joint,FR_thigh_joint,BL_calf_joint,BR_calf_joint,FL_calf_joint,FR_calf_joint",330e02f2406e129bb6ed6ec4a6c6bcd5f80d7e7799a2ab087e81eda65d2fae69,"step=001655 mode=stand  vx= 0.000 vy= 0.000 vxy= 0.000 yaw= 0.000 speed=0.08 imu=xsens:live tilt_rp=[+0.4,+0.5]deg imu_corr=0.009 act_max= 0.035 tau_cmd= 4.308 tau_cmd_max= 10.355 cmds=12 bus=can0:12 tau_fb= 4.190 tau_fb_max= 9.390",0.0,0.0,0.0,0.0,0.0,0.0,0.008418298326432705,-0.007548904977738857,-0.9999361038208008,0.0,0.0,0.0,0.0,0.0,0.0,0.0,0.0,0.0,0.0,0.0,0.0,0.0,0.0,0.0,0.0,0.0,0.0,0.0,0.0,0.0,0.0,0.0,0.0,0.0,0.0,0.0,0.0,0.0,0.0,0.0,0.0,0.0,0.0,0.0,0.0,0.0,0.0,0.0,0.2573176324367523,-0.9034714102745056,-0.15838108956813812,0.9125263690948486,0.2629113495349884,-0.25862568616867065,0.41531798243522644,-0.06044160947203636,-1.141341209411621,0.7070454359054565,-0.7616193294525146,1.0165431499481201,-0.016258418560028076,-0.03455561399459839,0.01967880129814148,0.005199253559112549,0.008807122707366943,-0.005744278430938721,0.0012907683849334717,-0.006954669952392578,-0.00024211406707763672,0.006379604339599609,-0.011362671852111816,-0.011081695556640625,-0.008820658549666405,-0.006519617512822151,0.004985589534044266,0.007670138031244278,-0.00306805525906384,0.012655727565288544,-0.0034515620209276676,0.013422741554677486,0.008820658549666405,-0.022243401035666466,0.019942358136177063,-0.025311455130577087,-0.06546220183372498,0.04623554274439812,0.0050355540588498116,0.041657764464616776,0.032044436782598495,-0.0027466658502817154,0.041657764464616776,-0.016022218391299248,-0.03570665791630745,-0.018768884241580963,0.04531998559832573,-0.055848874151706696,-0.004064604640007019,-0.008638903498649597,0.00491970032453537,0.0012998133897781372,0.002201780676841736,-0.0014360696077346802,0.0003226920962333679,-0.0017386674880981445,0.0,0.0,0.0,-0.0027704238891601562,0.0,0.0,0.0,0.0,0.0,0.0,0.0,0.0,0.0,0.0,0.0,0.0
20260709_111233_260179,2026-07-09T11:13:18.523,45.263009,pose,1660,stand,0.0,0.0,0.0,0.0,0.0,0.0,0.0,0.0,0.08,xsens:live,0.008375653997063637,-0.007552629336714745,-0.9999364614486694,0.4327530529280165,0.47990889478406384,0.008629798889160156,0.034519195556640625,3.8931796550750732,9.261133193969727,12,can0:12,3.9826653003692627,8.78200626373291,,"BL_hip_joint,BR_hip_joint,FL_hip_joint,FR_hip_joint,BL_thigh_joint,BR_thigh_joint,FL_thigh_joint,FR_thigh_joint,BL_calf_joint,BR_calf_joint,FL_calf_joint,FR_calf_joint",330e02f2406e129bb6ed6ec4a6c6bcd5f80d7e7799a2ab087e81eda65d2fae69,"step=001660 mode=stand  vx= 0.000 vy= 0.000 vxy= 0.000 yaw= 0.000 speed=0.08 imu=xsens:live tilt_rp=[+0.4,+0.5]deg imu_corr=0.009 act_max= 0.035 tau_cmd= 3.893 tau_cmd_max= 9.261 cmds=12 bus=can0:12 tau_fb= 3.983 tau_fb_max= 8.782",0.0,0.0,0.0,0.0,0.0,0.0,0.008375653997063637,-0.007552629336714745,-0.9999364614486694,0.0,0.0,0.0,0.0,0.0,0.0,0.0,0.0,0.0,0.0,0.0,0.0,0.0,0.0,0.0,0.0,0.0,0.0,0.0,0.0,0.0,0.0,0.0,0.0,0.0,0.0,0.0,0.0,0.0,0.0,0.0,0.0,0.0,0.0,0.0,0.0,0.0,0.0,0.0,0.25726479291915894,-0.9034349918365479,-0.15839657187461853,0.9125511050224304,0.26291361451148987,-0.2586280107498169,0.41533681750297546,-0.06046276167035103,-1.1413311958312988,0.7070773243904114,-0.7616375684738159,1.0165389776229858,-0.01631125807762146,-0.034519195556640625,0.019663318991661072,0.005223989486694336,0.008809387683868408,-0.005746603012084961,0.0013096034526824951,-0.006975822150707245,-0.0002321004867553711,0.006411492824554443,-0.011380910873413086,-0.011085867881774902,-0.008820658549666405,-0.006519617512822151,0.004602083005011082,0.007286631036549807,-0.00306805525906384,0.012655727565288544,-0.0034515620209276676,0.013422741554677486,0.008820658549666405,-0.022243401035666466,0.019942358136177063,-0.025311455130577087,-0.007782219909131527,-0.027924437075853348,-0.0050355540588498116,0.0027466658502817154,-0.05722220614552498,-0.007782219909131527,0.01144444104284048,-0.0238044373691082,-0.07507553696632385,0.054475538432598114,0.053559985011816025,0.009613330475986004,-0.004077814519405365,-0.008629798889160156,0.004915829747915268,0.001305997371673584,0.002202346920967102,-0.0014366507530212402,0.0003274008631706238,-0.0017439555376768112,0.0,0.0,0.0,-0.0027714669704437256,0.0,0.0,0.0,0.0,0.0,0.0,0.0,0.0,0.0,0.0,0.0,0.0
20260709_111233_260179,2026-07-09T11:13:18.661,45.401074,pose,1665,stand,0.0,0.0,0.0,0.0,0.0,0.0,0.0,0.0,0.08,xsens:live,0.008329469710588455,-0.007504732348024845,-0.9999371767044067,0.4300084312419387,0.4772624052077124,0.008577704429626465,0.03431081771850586,3.6503078937530518,10.021102905273438,12,can0:12,4.022034168243408,9.22513484954834,,"BL_hip_joint,BR_hip_joint,FL_hip_joint,FR_hip_joint,BL_thigh_joint,BR_thigh_joint,FL_thigh_joint,FR_thigh_joint,BL_calf_joint,BR_calf_joint,FL_calf_joint,FR_calf_joint",330e02f2406e129bb6ed6ec4a6c6bcd5f80d7e7799a2ab087e81eda65d2fae69,"step=001665 mode=stand  vx= 0.000 vy= 0.000 vxy= 0.000 yaw= 0.000 speed=0.08 imu=xsens:live tilt_rp=[+0.4,+0.5]deg imu_corr=0.009 act_max= 0.034 tau_cmd= 3.650 tau_cmd_max= 10.021 cmds=12 bus=can0:12 tau_fb= 4.022 tau_fb_max= 9.225",0.0,0.0,0.0,0.0,0.0,0.0,0.008329469710588455,-0.007504732348024845,-0.9999371767044067,0.0,0.0,0.0,0.0,0.0,0.0,0.0,0.0,0.0,0.0,0.0,0.0,0.0,0.0,0.0,0.0,0.0,0.0,0.0,0.0,0.0,0.0,0.0,0.0,0.0,0.0,0.0,0.0,0.0,0.0,0.0,0.0,0.0,0.0,0.0,0.0,0.0,0.0,0.0,0.2573714256286621,-0.9032266139984131,-0.15851829946041107,0.9125139713287354,0.26285845041275024,-0.25859472155570984,0.41532793641090393,-0.060417886823415756,-1.1413298845291138,0.7070344686508179,-0.7615681886672974,1.0166062116622925,-0.016204625368118286,-0.03431081771850586,0.01954159140586853,0.005186855792999268,0.008754223585128784,-0.005713313817977905,0.001300722360610962,-0.006930947303771973,-0.0002307891845703125,0.0063686370849609375,-0.011311531066894531,-0.011018633842468262,-0.008820658549666405,-0.006519617512822151,0.004985589534044266,0.007286631036549807,-0.00306805525906384,0.012655727565288544,-0.0034515620209276676,0.013422741554677486,0.008820658549666405,-0.022243401035666466,0.019558852538466454,-0.025311455130577087,0.008697775192558765,-0.035248879343271255,-0.014191106893122196,0.025177771225571632,0.043946653604507446,-0.03707998991012573,-0.03662221133708954,-0.038453321903944016,-0.04669332131743431,0.019226660951972008,-0.0874355286359787,-0.041657764464616776,-0.0040511563420295715,-0.008577704429626465,0.004885397851467133,0.001296713948249817,0.002188555896282196,-0.0014283284544944763,0.0003251805901527405,-0.0017327368259429932,0.0,0.0,0.0,-0.0027546584606170654,0.0,0.0,0.0,0.0,0.0,0.0,0.0,0.0,0.0,0.0,0.0,0.0
20260709_111233_260179,2026-07-09T11:13:18.798,45.538178,pose,1670,stand,0.0,0.0,0.0,0.0,0.0,0.0,0.0,0.0,0.08,xsens:live,0.008336760103702545,-0.0073907324112951756,-0.9999379515647888,0.42347633985034006,0.4776797410569347,0.008487209677696228,0.03394883871078491,4.2795491218566895,9.410635948181152,12,can0:12,4.151432514190674,9.55107307434082,,"BL_hip_joint,BR_hip_joint,FL_hip_joint,FR_hip_joint,BL_thigh_joint,BR_thigh_joint,FL_thigh_joint,FR_thigh_joint,BL_calf_joint,BR_calf_joint,FL_calf_joint,FR_calf_joint",330e02f2406e129bb6ed6ec4a6c6bcd5f80d7e7799a2ab087e81eda65d2fae69,"step=001670 mode=stand  vx= 0.000 vy= 0.000 vxy= 0.000 yaw= 0.000 speed=0.08 imu=xsens:live tilt_rp=[+0.4,+0.5]deg imu_corr=0.008 act_max= 0.034 tau_cmd= 4.280 tau_cmd_max= 9.411 cmds=12 bus=can0:12 tau_fb= 4.151 tau_fb_max= 9.551",0.0,0.0,0.0,0.0,0.0,0.0,0.008336760103702545,-0.0073907324112951756,-0.9999379515647888,0.0,0.0,0.0,0.0,0.0,0.0,0.0,0.0,0.0,0.0,0.0,0.0,0.0,0.0,0.0,0.0,0.0,0.0,0.0,0.0,0.0,0.0,0.0,0.0,0.0,0.0,0.0,0.0,0.0,0.0,0.0,0.0,0.0,0.0,0.0,0.0,0.0,0.0,0.0,0.2577403783798218,-0.9028646349906921,-0.15874440968036652,0.9123690128326416,0.26273125410079956,-0.2585175335407257,0.41526132822036743,-0.06026437133550644,-1.1413522958755493,0.7068610787391663,-0.7613695859909058,1.0167638063430786,-0.015835672616958618,-0.03394883871078491,0.019315481185913086,0.005041897296905518,0.0086270272731781,-0.005636125802993774,0.0012341141700744629,-0.006777431815862656,-0.0002532005310058594,0.006195247173309326,-0.01111292839050293,-0.010861039161682129,-0.008820658549666405,-0.006519617512822151,0.004985589534044266,0.007286631036549807,-0.00306805525906384,0.012655727565288544,-0.0034515620209276676,0.013422741554677486,0.008820658549666405,-0.022243401035666466,0.019558852538466454,-0.025311455130577087,0.0050355540588498116,0.06546220183372498,-0.028839992359280586,0.01831110566854477,-0.026551103219389915,0.07415997982025146,0.0027466658502817154,-0.048066653311252594,-0.02471999265253544,0.0013733329251408577,-0.004119998775422573,-0.015564439818263054,-0.0039589181542396545,-0.008487209677696228,0.0048288702964782715,0.0012604743242263794,0.002156756818294525,-0.0014090314507484436,0.0003085285425186157,-0.001694357953965664,0.0,0.0,0.0,-0.0027152597904205322,0.0,0.0,0.0,0.0,0.0,0.0,0.0,0.0,0.0,0.0,0.0,0.0
20260709_111233_260179,2026-07-09T11:13:18.935,45.675360,pose,1675,stand,0.0,0.0,0.0,0.0,0.0,0.0,0.0,0.0,0.08,xsens:live,0.008354541845619678,-0.0074093458242714405,-0.9999376535415649,0.42454294415177285,0.47869869473784277,0.008507505059242249,0.034030020236968994,4.24785852432251,10.352413177490234,12,can0:12,4.125187397003174,8.976103782653809,,"BL_hip_joint,BR_hip_joint,FL_hip_joint,FR_hip_joint,BL_thigh_joint,BR_thigh_joint,FL_thigh_joint,FR_thigh_joint,BL_calf_joint,BR_calf_joint,FL_calf_joint,FR_calf_joint",330e02f2406e129bb6ed6ec4a6c6bcd5f80d7e7799a2ab087e81eda65d2fae69,"step=001675 mode=stand  vx= 0.000 vy= 0.000 vxy= 0.000 yaw= 0.000 speed=0.08 imu=xsens:live tilt_rp=[+0.4,+0.5]deg imu_corr=0.009 act_max= 0.034 tau_cmd= 4.248 tau_cmd_max= 10.352 cmds=12 bus=can0:12 tau_fb= 4.125 tau_fb_max= 8.976",0.0,0.0,0.0,0.0,0.0,0.0,0.008354541845619678,-0.0074093458242714405,-0.9999376535415649,0.0,0.0,0.0,0.0,0.0,0.0,0.0,0.0,0.0,0.0,0.0,0.0,0.0,0.0,0.0,0.0,0.0,0.0,0.0,0.0,0.0,0.0,0.0,0.0,0.0,0.0,0.0,0.0,0.0,0.0,0.0,0.0,0.0,0.0,0.0,0.0,0.0,0.0,0.0,0.2576984763145447,-0.9029458165168762,-0.158697247505188,0.9123837351799011,0.26275286078453064,-0.2585306167602539,0.41526496410369873,-0.06028183177113533,-1.1413525342941284,0.7068777084350586,-0.7613967657089233,1.0167375802993774,-0.015877574682235718,-0.034030020236968994,0.019362643361091614,0.005056619644165039,0.00864863395690918,-0.005649209022521973,0.0012377500534057617,-0.006794892251491547,-0.00025343894958496094,0.00621187686920166,-0.011140108108520508,-0.0108872652053833,-0.008820658549666405,-0.006519617512822151,0.004985589534044266,0.007670138031244278,-0.00306805525906384,0.012655727565288544,-0.0034515620209276676,0.013422741554677486,0.009204166010022163,-0.022243401035666466,0.019942358136177063,-0.025694962590932846,0.06500442326068878,-0.037537768483161926,-0.05813775956630707,0.09659108519554138,0.06088442727923393,-0.01144444104284048,-0.055848874151706696,-0.009613330475986004,0.051271095871925354,0.06408887356519699,0.018768884241580963,-0.04852443188428879,-0.0039693936705589294,-0.008507505059242249,0.0048406608402729034,0.0012641549110412598,0.002162158489227295,-0.0014123022556304932,0.00030943751335144043,-0.0016987230628728867,0.0,0.0,0.0,-0.002721816301345825,0.0,0.0,0.0,0.0,0.0,0.0,0.0,0.0,0.0,0.0,0.0,0.0
20260709_111233_260179,2026-07-09T11:13:19.073,45.813304,pose,1680,stand,0.0,0.0,0.0,0.0,0.0,0.0,0.0,0.0,0.08,xsens:live,0.008318733423948288,-0.007350543048232794,-0.999938428401947,0.42117344035549653,0.4766466686491917,0.008449479937553406,0.03379791975021362,4.159416675567627,9.504117012023926,12,can0:12,4.151432991027832,9.195837020874023,,"BL_hip_joint,BR_hip_joint,FL_hip_joint,FR_hip_joint,BL_thigh_joint,BR_thigh_joint,FL_thigh_joint,FR_thigh_joint,BL_calf_joint,BR_calf_joint,FL_calf_joint,FR_calf_joint",330e02f2406e129bb6ed6ec4a6c6bcd5f80d7e7799a2ab087e81eda65d2fae69,"step=001680 mode=stand  vx= 0.000 vy= 0.000 vxy= 0.000 yaw= 0.000 speed=0.08 imu=xsens:live tilt_rp=[+0.4,+0.5]deg imu_corr=0.008 act_max= 0.034 tau_cmd= 4.159 tau_cmd_max= 9.504 cmds=12 bus=can0:12 tau_fb= 4.151 tau_fb_max= 9.196",0.0,0.0,0.0,0.0,0.0,0.0,0.008318733423948288,-0.007350543048232794,-0.999938428401947,0.0,0.0,0.0,0.0,0.0,0.0,0.0,0.0,0.0,0.0,0.0,0.0,0.0,0.0,0.0,0.0,0.0,0.0,0.0,0.0,0.0,0.0,0.0,0.0,0.0,0.0,0.0,0.0,0.0,0.0,0.0,0.0,0.0,0.0,0.0,0.0,0.0,0.0,0.0,0.25785017013549805,-0.9027137160301208,-0.15883517265319824,0.912327766418457,0.26268577575683594,-0.2584899365901947,0.4152456820011139,-0.06021822243928909,-1.1413553953170776,0.7068124413490295,-0.7613053321838379,1.016819715499878,-0.01572588086128235,-0.03379791975021362,0.01922471821308136,0.005000650882720947,0.008581548929214478,-0.0056085288524627686,0.0012184679508209229,-0.0067312829196453094,-0.0002562999725341797,0.006146609783172607,-0.011048674583435059,-0.010805130004882812,-0.008820658549666405,-0.006519617512822151,0.004985589534044266,0.007286631036549807,-0.00306805525906384,0.012655727565288544,-0.0034515620209276676,0.013422741554677486,0.008820658549666405,-0.022243401035666466,0.019942358136177063,-0.025311455130577087,-0.009613330475986004,-0.027466658502817154,-0.005493331700563431,-0.009613330475986004,-0.01235999632626772,0.015106662176549435,-0.08056886494159698,0.01739555038511753,-0.0196844395250082,0.0631733164191246,0.015564439818263054,-0.019226660951972008,-0.003931470215320587,-0.008449479937553406,0.00480617955327034,0.0012501627206802368,0.0021453872323036194,-0.0014021322131156921,0.0003046169877052307,-0.0016828207299113274,0.0,0.0,0.0,-0.002701282501220703,0.0,0.0,0.0,0.0,0.0,0.0,0.0,0.0,0.0,0.0,0.0,0.0
20260709_111233_260179,2026-07-09T11:13:19.210,45.950501,pose,1685,stand,0.0,0.0,0.0,0.0,0.0,0.0,0.0,0.0,0.08,xsens:live,0.008297576569020748,-0.007279975805431604,-0.9999390840530396,0.41712992910449903,0.4754341674709225,0.008386015892028809,0.033544063568115234,3.748433828353882,10.10726261138916,12,can0:12,4.17889928817749,9.338664054870605,,"BL_hip_joint,BR_hip_joint,FL_hip_joint,FR_hip_joint,BL_thigh_joint,BR_thigh_joint,FL_thigh_joint,FR_thigh_joint,BL_calf_joint,BR_calf_joint,FL_calf_joint,FR_calf_joint",330e02f2406e129bb6ed6ec4a6c6bcd5f80d7e7799a2ab087e81eda65d2fae69,"step=001685 mode=stand  vx= 0.000 vy= 0.000 vxy= 0.000 yaw= 0.000 speed=0.08 imu=xsens:live tilt_rp=[+0.4,+0.5]deg imu_corr=0.008 act_max= 0.034 tau_cmd= 3.748 tau_cmd_max= 10.107 cmds=12 bus=can0:12 tau_fb= 4.179 tau_fb_max= 9.339",0.0,0.0,0.0,0.0,0.0,0.0,0.008297576569020748,-0.007279975805431604,-0.9999390840530396,0.0,0.0,0.0,0.0,0.0,0.0,0.0,0.0,0.0,0.0,0.0,0.0,0.0,0.0,0.0,0.0,0.0,0.0,0.0,0.0,0.0,0.0,0.0,0.0,0.0,0.0,0.0,0.0,0.0,0.0,0.0,0.0,0.0,0.0,0.0,0.0,0.0,0.0,0.0,0.25805389881134033,-0.9024598598480225,-0.15898916125297546,0.9122501015663147,0.26260602474212646,-0.25844189524650574,0.41521450877189636,-0.060133494436740875,-1.1413639783859253,0.7067206501960754,-0.761189341545105,1.0169185400009155,-0.015522152185440063,-0.033544063568115234,0.019070729613304138,0.004922986030578613,0.008501797914505005,-0.005560487508773804,0.0011872947216033936,-0.006646554917097092,-0.00026488304138183594,0.006054818630218506,-0.010932683944702148,-0.010706305503845215,-0.008820658549666405,-0.006519617512822151,0.004985589534044266,0.007286631036549807,-0.00306805525906384,0.01227222103625536,-0.0034515620209276676,0.013422741554677486,0.008820658549666405,-0.022243401035666466,0.019942358136177063,-0.025311455130577087,0.031128879636526108,-0.0553910955786705,-0.025177771225571632,-0.022431105375289917,0.05081331729888916,-0.03891110047698021,0.004119998775422573,0.032959990203380585,-0.08606220036745071,-0.008697775192558765,-0.02059999480843544,-0.043946653604507446,-0.003880538046360016,-0.008386015892028809,0.0047676824033260345,0.0012307465076446533,0.0021254494786262512,-0.001390121877193451,0.0002968236804008484,-0.001661638729274273,0.0,0.0,0.0,-0.0026765763759613037,0.0,0.0,0.0,0.0,0.0,0.0,0.0,0.0,0.0,0.0,0.0,0.0
20260709_111233_260179,2026-07-09T11:13:19.348,46.088278,pose,1690,stand,0.0,0.0,0.0,0.0,0.0,0.0,0.0,0.0,0.08,xsens:live,0.008227679878473282,-0.007287705782800913,-0.9999396204948425,0.41757260365484,0.4714291586758999,0.00837235152721405,0.0334894061088562,3.872154951095581,8.874030113220215,12,can0:12,3.9869377613067627,8.558610916137695,,"BL_hip_joint,BR_hip_joint,FL_hip_joint,FR_hip_joint,BL_thigh_joint,BR_thigh_joint,FL_thigh_joint,FR_thigh_joint,BL_calf_joint,BR_calf_joint,FL_calf_joint,FR_calf_joint",330e02f2406e129bb6ed6ec4a6c6bcd5f80d7e7799a2ab087e81eda65d2fae69,"step=001690 mode=stand  vx= 0.000 vy= 0.000 vxy= 0.000 yaw= 0.000 speed=0.08 imu=xsens:live tilt_rp=[+0.4,+0.5]deg imu_corr=0.008 act_max= 0.033 tau_cmd= 3.872 tau_cmd_max= 8.874 cmds=12 bus=can0:12 tau_fb= 3.987 tau_fb_max= 8.559",0.0,0.0,0.0,0.0,0.0,0.0,0.008227679878473282,-0.007287705782800913,-0.9999396204948425,0.0,0.0,0.0,0.0,0.0,0.0,0.0,0.0,0.0,0.0,0.0,0.0,0.0,0.0,0.0,0.0,0.0,0.0,0.0,0.0,0.0,0.0,0.0,0.0,0.0,0.0,0.0,0.0,0.0,0.0,0.0,0.0,0.0,0.0,0.0,0.0,0.0,0.0,0.0,0.2579609155654907,-0.9024052023887634,-0.159011110663414,0.9122933149337769,0.2626118063926697,-0.25844597816467285,0.4152461588382721,-0.06017057225108147,-1.1413465738296509,0.7067751884460449,-0.761222243309021,1.0169092416763306,-0.015615135431289673,-0.0334894061088562,0.0190487802028656,0.0049661993980407715,0.008507579565048218,-0.005564570426940918,0.001218944787979126,-0.006683632731437683,-0.0002474784851074219,0.006109356880187988,-0.010965585708618164,-0.010715603828430176,-0.008820658549666405,-0.006519617512822151,0.004985589534044266,0.007286631036549807,-0.00306805525906384,0.012655727565288544,-0.0034515620209276676,0.013422741554677486,0.008820658549666405,-0.022243401035666466,0.019558852538466454,-0.025311455130577087,0.00595110934227705,-0.053559985011816025,-0.09933774918317795,-0.09613330662250519,-0.016022218391299248,-0.017853328958153725,0.017853328958153725,0.01235999632626772,-0.032044436782598495,0.0009155552834272385,-0.02059999480843544,0.021057771518826485,-0.003903783857822418,-0.00837235152721405,0.0047621950507164,0.0012415498495101929,0.0021268948912620544,-0.0013911426067352295,0.0003047361969947815,-0.0016709081828594208,0.0,0.0,0.0,-0.002678900957107544,0.0,0.0,0.0,0.0,0.0,0.0,0.0,0.0,0.0,0.0,0.0,0.0
20260709_111233_260179,2026-07-09T11:13:19.486,46.225915,pose,1695,stand,0.0,0.0,0.0,0.0,0.0,0.0,0.0,0.0,0.08,xsens:live,0.008279058150947094,-0.007222902495414019,-0.9999396800994873,0.41385959539477124,0.47437286577895005,0.008334413170814514,0.03333765268325806,3.672621965408325,8.401325225830078,12,can0:12,4.184392929077148,9.466841697692871,,"BL_hip_joint,BR_hip_joint,FL_hip_joint,FR_hip_joint,BL_thigh_joint,BR_thigh_joint,FL_thigh_joint,FR_thigh_joint,BL_calf_joint,BR_calf_joint,FL_calf_joint,FR_calf_joint",330e02f2406e129bb6ed6ec4a6c6bcd5f80d7e7799a2ab087e81eda65d2fae69,"step=001695 mode=stand  vx= 0.000 vy= 0.000 vxy= 0.000 yaw= 0.000 speed=0.08 imu=xsens:live tilt_rp=[+0.4,+0.5]deg imu_corr=0.008 act_max= 0.033 tau_cmd= 3.673 tau_cmd_max= 8.401 cmds=12 bus=can0:12 tau_fb= 4.184 tau_fb_max= 9.467",0.0,0.0,0.0,0.0,0.0,0.0,0.008279058150947094,-0.007222902495414019,-0.9999396800994873,0.0,0.0,0.0,0.0,0.0,0.0,0.0,0.0,0.0,0.0,0.0,0.0,0.0,0.0,0.0,0.0,0.0,0.0,0.0,0.0,0.0,0.0,0.0,0.0,0.0,0.0,0.0,0.0,0.0,0.0,0.0,0.0,0.0,0.0,0.0,0.0,0.0,0.0,0.0,0.258217453956604,-0.9022534489631653,-0.1591140180826187,0.9121882319450378,0.2625412940979004,-0.25840288400650024,0.41518962383270264,-0.06006495654582977,-1.141370177268982,0.7066472172737122,-0.7610961198806763,1.0169979333877563,-0.015358597040176392,-0.03333765268325806,0.01894587278366089,0.004861116409301758,0.00843706727027893,-0.0055214762687683105,0.001162409782409668,-0.006578017026185989,-0.00027108192443847656,0.005981385707855225,-0.010839462280273438,-0.010626912117004395,-0.008820658549666405,-0.006519617512822151,0.004985589534044266,0.007286631036549807,-0.00306805525906384,0.012655727565288544,-0.0034515620209276676,0.013422741554677486,0.008820658549666405,-0.022243401035666466,0.019942358136177063,-0.025311455130577087,0.017853328958153725,-0.012817773967981339,0.019226660951972008,-0.06454664468765259,-0.02700888179242611,-0.08651997148990631,-0.00595110934227705,0.032959990203380585,0.02609332650899887,0.04623554274439812,-0.05722220614552498,0.027466658502817154,-0.003839649260044098,-0.008334413170814514,0.004736468195915222,0.0012152791023254395,0.0021092668175697327,-0.0013803690671920776,0.000290602445602417,-0.0016445042565464973,0.0,0.0,0.0,-0.0026567280292510986,0.0,0.0,0.0,0.0,0.0,0.0,0.0,0.0,0.0,0.0,0.0,0.0
20260709_111233_260179,2026-07-09T11:13:19.618,46.358113,pose,1700,stand,0.0,0.0,0.0,0.0,0.0,0.0,0.0,0.0,0.08,xsens:live,0.008195959962904453,-0.0072235651314258575,-0.9999403357505798,0.41389729057157376,0.46961141831819353,0.008311107754707336,0.033244431018829346,3.9029312133789062,9.566171646118164,12,can0:12,4.197821140289307,9.20682430267334,,"BL_hip_joint,BR_hip_joint,FL_hip_joint,FR_hip_joint,BL_thigh_joint,BR_thigh_joint,FL_thigh_joint,FR_thigh_joint,BL_calf_joint,BR_calf_joint,FL_calf_joint,FR_calf_joint",330e02f2406e129bb6ed6ec4a6c6bcd5f80d7e7799a2ab087e81eda65d2fae69,"step=001700 mode=stand  vx= 0.000 vy= 0.000 vxy= 0.000 yaw= 0.000 speed=0.08 imu=xsens:live tilt_rp=[+0.4,+0.5]deg imu_corr=0.008 act_max= 0.033 tau_cmd= 3.903 tau_cmd_max= 9.566 cmds=12 bus=can0:12 tau_fb= 4.198 tau_fb_max= 9.207",0.0,0.0,0.0,0.0,0.0,0.0,0.008195959962904453,-0.0072235651314258575,-0.9999403357505798,0.0,0.0,0.0,0.0,0.0,0.0,0.0,0.0,0.0,0.0,0.0,0.0,0.0,0.0,0.0,0.0,0.0,0.0,0.0,0.0,0.0,0.0,0.0,0.0,0.0,0.0,0.0,0.0,0.0,0.0,0.0,0.0,0.0,0.0,0.0,0.0,0.0,0.0,0.0,0.2581340968608856,-0.9021602272987366,-0.15915800631046295,0.9122287631034851,0.26253843307495117,-0.2584018111228943,0.4152226448059082,-0.060097891837358475,-1.141351342201233,0.7066993117332458,-0.7611206769943237,1.0169986486434937,-0.015441954135894775,-0.033244431018829346,0.01890188455581665,0.0049016475677490234,0.008434206247329712,-0.0055204033851623535,0.0011954307556152344,-0.006610952317714691,-0.0002522468566894531,0.006033480167388916,-0.010864019393920898,-0.01062619686126709,-0.008820658549666405,-0.006519617512822151,0.004985589534044266,0.007286631036549807,-0.00306805525906384,0.012655727565288544,-0.0034515620209276676,0.013422741554677486,0.008820658549666405,-0.022243401035666466,0.019558852538466454,-0.025311455130577087,-0.003662221133708954,-0.016022218391299248,-0.032044436782598495,-0.0636310949921608,-0.04303110018372536,-0.004119998775422573,-0.021057771518826485,-0.0119022186845541,-0.08835108578205109,-0.027924437075853348,0.010071108117699623,0.02151555009186268,-0.003860488533973694,-0.008311107754707336,0.004725471138954163,0.0012254118919372559,0.002108551561832428,-0.0013801008462905884,0.0002988576889038086,-0.0016527380794286728,0.0,0.0,0.0,-0.0026565492153167725,0.0,0.0,0.0,0.0,0.0,0.0,0.0,0.0,0.0,0.0,0.0,0.0
20260709_111233_260179,2026-07-09T11:13:19.755,46.495076,pose,1705,stand,0.0,0.0,0.0,0.0,0.0,0.0,0.0,0.0,0.08,xsens:live,0.008240965195000172,-0.007059873081743717,-0.9999411702156067,0.4045180082467925,0.4721896138146785,0.008191138505935669,0.032764554023742676,4.223966121673584,9.7863187789917,12,can0:12,4.106265544891357,9.679250717163086,,"BL_hip_joint,BR_hip_joint,FL_hip_joint,FR_hip_joint,BL_thigh_joint,BR_thigh_joint,FL_thigh_joint,FR_thigh_joint,BL_calf_joint,BR_calf_joint,FL_calf_joint,FR_calf_joint",330e02f2406e129bb6ed6ec4a6c6bcd5f80d7e7799a2ab087e81eda65d2fae69,"step=001705 mode=stand  vx= 0.000 vy= 0.000 vxy= 0.000 yaw= 0.000 speed=0.08 imu=xsens:live tilt_rp=[+0.4,+0.5]deg imu_corr=0.008 act_max= 0.033 tau_cmd= 4.224 tau_cmd_max= 9.786 cmds=12 bus=can0:12 tau_fb= 4.106 tau_fb_max= 9.679",0.0,0.0,0.0,0.0,0.0,0.0,0.008240965195000172,-0.007059873081743717,-0.9999411702156067,0.0,0.0,0.0,0.0,0.0,0.0,0.0,0.0,0.0,0.0,0.0,0.0,0.0,0.0,0.0,0.0,0.0,0.0,0.0,0.0,0.0,0.0,0.0,0.0,0.0,0.0,0.0,0.0,0.0,0.0,0.0,0.0,0.0,0.0,0.0,0.0,0.0,0.0,0.0,0.258698046207428,-0.9016803503036499,-0.15946397185325623,0.9120044708251953,0.26235759258270264,-0.25829142332077026,0.41511255502700806,-0.05986504256725311,-1.1413917541503906,0.7064279913902283,-0.7608253955841064,1.0172247886657715,-0.014878004789352417,-0.032764554023742676,0.018595919013023376,0.0046773552894592285,0.008253365755081177,-0.00541001558303833,0.0010853409767150879,-0.006378103047609329,-0.00029265880584716797,0.005762159824371338,-0.010568737983703613,-0.010400056838989258,-0.008820658549666405,-0.00613611051812768,0.004602083005011082,0.007286631036549807,-0.00306805525906384,0.012655727565288544,-0.0034515620209276676,0.013422741554677486,0.008820658549666405,-0.022243401035666466,0.019942358136177063,-0.025311455130577087,-0.03021332435309887,0.0119022186845541,0.023346660658717155,0.04989776387810707,-0.03570665791630745,-0.03891110047698021,0.021057771518826485,-0.007782219909131527,-0.05493331700563431,-0.0050355540588498116,0.04348887503147125,-0.02929776906967163,-0.0037195011973381042,-0.008191138505935669,0.004648979753255844,0.0011693388223648071,0.002063341438770294,-0.0013525038957595825,0.00027133524417877197,-0.0015945257619023323,0.0,0.0,0.0,-0.0026000142097473145,0.0,0.0,0.0,0.0,0.0,0.0,0.0,0.0,0.0,0.0,0.0,0.0
20260709_111233_260179,2026-07-09T11:13:19.892,46.632666,pose,1710,stand,0.0,0.0,0.0,0.0,0.0,0.0,0.0,0.0,0.08,xsens:live,0.008282232098281384,-0.007001908030360937,-0.9999412298202515,0.4011968003330228,0.4745539826278276,0.008155927062034607,0.03262370824813843,4.0111565589904785,10.617805480957031,12,can0:12,4.139225482940674,9.419232368469238,,"BL_hip_joint,BR_hip_joint,FL_hip_joint,FR_hip_joint,BL_thigh_joint,BR_thigh_joint,FL_thigh_joint,FR_thigh_joint,BL_calf_joint,BR_calf_joint,FL_calf_joint,FR_calf_joint",330e02f2406e129bb6ed6ec4a6c6bcd5f80d7e7799a2ab087e81eda65d2fae69,"step=001710 mode=stand  vx= 0.000 vy= 0.000 vxy= 0.000 yaw= 0.000 speed=0.08 imu=xsens:live tilt_rp=[+0.4,+0.5]deg imu_corr=0.008 act_max= 0.033 tau_cmd= 4.011 tau_cmd_max= 10.618 cmds=12 bus=can0:12 tau_fb= 4.139 tau_fb_max= 9.419",0.0,0.0,0.0,0.0,0.0,0.0,0.008282232098281384,-0.007001908030360937,-0.9999412298202515,0.0,0.0,0.0,0.0,0.0,0.0,0.0,0.0,0.0,0.0,0.0,0.0,0.0,0.0,0.0,0.0,0.0,0.0,0.0,0.0,0.0,0.0,0.0,0.0,0.0,0.0,0.0,0.0,0.0,0.0,0.0,0.0,0.0,0.0,0.0,0.0,0.0,0.0,0.0,0.25892260670661926,-0.9015395045280457,-0.15955883264541626,0.9119131565093994,0.26229482889175415,-0.2582525908946991,0.4150638282299042,-0.05977253243327141,-1.141411542892456,0.706317126750946,-0.7607139348983765,1.0173041820526123,-0.014653444290161133,-0.03262370824813843,0.018501058220863342,0.00458604097366333,0.00819060206413269,-0.005371183156967163,0.001036614179611206,-0.0062855929136276245,-0.00031244754791259766,0.005651295185089111,-0.010457277297973633,-0.010320663452148438,-0.008820658549666405,-0.006519617512822151,0.004985589534044266,0.007286631036549807,-0.00306805525906384,0.01227222103625536,-0.0034515620209276676,0.013422741554677486,0.008820658549666405,-0.022243401035666466,0.019558852538466454,-0.025694962590932846,0.05493331700563431,0.03479110077023506,0.059053316712379456,-0.020142216235399246,-0.009613330475986004,-0.03021332435309887,0.027466658502817154,-0.004577776417136192,-0.028382213786244392,0.013275551609694958,0.008239997550845146,-0.05722220614552498,-0.003663361072540283,-0.008155927062034607,0.004625264555215836,0.0011465102434158325,0.0020476505160331726,-0.0013427957892417908,0.0002591535449028015,-0.0015713982284069061,0.0,0.0,0.0,-0.0025801658630371094,0.0,0.0,0.0,0.0,0.0,0.0,0.0,0.0,0.0,0.0,0.0,0.0
20260709_111233_260179,2026-07-09T11:13:20.028,46.768525,pose,1715,stand,0.0,0.0,0.0,0.0,0.0,0.0,0.0,0.0,0.08,xsens:live,0.008287915959954262,-0.0074672577902674675,-0.9999378323554993,0.4278610021519231,0.47488125410997634,0.008535310626029968,0.03414124250411987,4.071620941162109,10.575678825378418,12,can0:12,4.036683082580566,9.345988273620605,,"BL_hip_joint,BR_hip_joint,FL_hip_joint,FR_hip_joint,BL_thigh_joint,BR_thigh_joint,FL_thigh_joint,FR_thigh_joint,BL_calf_joint,BR_calf_joint,FL_calf_joint,FR_calf_joint",330e02f2406e129bb6ed6ec4a6c6bcd5f80d7e7799a2ab087e81eda65d2fae69,"step=001715 mode=stand  vx= 0.000 vy= 0.000 vxy= 0.000 yaw= 0.000 speed=0.08 imu=xsens:live tilt_rp=[+0.4,+0.5]deg imu_corr=0.009 act_max= 0.034 tau_cmd= 4.072 tau_cmd_max= 10.576 cmds=12 bus=can0:12 tau_fb= 4.037 tau_fb_max= 9.346",0.0,0.0,0.0,0.0,0.0,0.0,0.008287915959954262,-0.0074672577902674675,-0.9999378323554993,0.0,0.0,0.0,0.0,0.0,0.0,0.0,0.0,0.0,0.0,0.0,0.0,0.0,0.0,0.0,0.0,0.0,0.0,0.0,0.0,0.0,0.0,0.0,0.0,0.0,0.0,0.0,0.0,0.0,0.0,0.0,0.0,0.0,0.0,0.0,0.0,0.0,0.0,0.0,0.25745031237602234,-0.9030570387840271,-0.15861615538597107,0.9124870300292969,0.26281458139419556,-0.25856876373291016,0.4153234660625458,-0.060383886098861694,-1.1413270235061646,0.7070047855377197,-0.7615153789520264,1.0166587829589844,-0.016125738620758057,-0.03414124250411987,0.019443735480308533,0.005159914493560791,0.008710354566574097,-0.005687355995178223,0.0012962520122528076,-0.006896946579217911,-0.00022792816162109375,0.006338953971862793,-0.011258721351623535,-0.010966062545776367,-0.008820658549666405,-0.006519617512822151,0.004985589534044266,0.007286631036549807,-0.00306805525906384,0.012655727565288544,-0.0034515620209276676,0.013422741554677486,0.008820658549666405,-0.022243401035666466,0.019558852538466454,-0.025311455130577087,-0.03479110077023506,-0.054475538432598114,0.02151555009186268,0.043946653604507446,-0.0068666646257042885,0.0027466658502817154,0.030671102926135063,-0.0027466658502817154,-0.03433332219719887,0.04898220673203468,-0.018768884241580963,-0.06454664468765259,-0.004031434655189514,-0.008535310626029968,0.004860933870077133,0.0012899786233901978,0.002177588641643524,-0.0014218389987945557,0.0003240630030632019,-0.0017242366448044777,0.0,0.0,0.0,-0.002741515636444092,0.0,0.0,0.0,0.0,0.0,0.0,0.0,0.0,0.0,0.0,0.0,0.0
20260709_111233_260179,2026-07-09T11:13:20.164,46.904594,pose,1720,stand,0.0,0.0,0.0,0.0,0.0,0.0,0.0,0.0,0.08,xsens:live,0.008222285658121109,-0.00735594192519784,-0.9999392032623291,0.42148244894074893,0.4711202914340847,0.008426234126091003,0.033704936504364014,4.073591232299805,9.514602661132812,12,can0:12,4.092532157897949,9.034699440002441,,"BL_hip_joint,BR_hip_joint,FL_hip_joint,FR_hip_joint,BL_thigh_joint,BR_thigh_joint,FL_thigh_joint,FR_thigh_joint,BL_calf_joint,BR_calf_joint,FL_calf_joint,FR_calf_joint",330e02f2406e129bb6ed6ec4a6c6bcd5f80d7e7799a2ab087e81eda65d2fae69,"step=001720 mode=stand  vx= 0.000 vy= 0.000 vxy= 0.000 yaw= 0.000 speed=0.08 imu=xsens:live tilt_rp=[+0.4,+0.5]deg imu_corr=0.008 act_max= 0.034 tau_cmd= 4.074 tau_cmd_max= 9.515 cmds=12 bus=can0:12 tau_fb= 4.093 tau_fb_max= 9.035",0.0,0.0,0.0,0.0,0.0,0.0,0.008222285658121109,-0.00735594192519784,-0.9999392032623291,0.0,0.0,0.0,0.0,0.0,0.0,0.0,0.0,0.0,0.0,0.0,0.0,0.0,0.0,0.0,0.0,0.0,0.0,0.0,0.0,0.0,0.0,0.0,0.0,0.0,0.0,0.0,0.0,0.0,0.0,0.0,0.0,0.0,0.0,0.0,0.0,0.0,0.0,0.0,0.25773924589157104,-0.9026207327842712,-0.15887638926506042,0.9123805165290833,0.2626875936985016,-0.25849229097366333,0.4152868092060089,-0.06026237830519676,-1.1413334608078003,0.7068793177604675,-0.7613416910171509,1.0168147087097168,-0.01583680510520935,-0.033704936504364014,0.019183501601219177,0.005053400993347168,0.008583366870880127,-0.0056108832359313965,0.0012595951557159424,-0.0067754387855529785,-0.00023436546325683594,0.006213486194610596,-0.011085033416748047,-0.010810136795043945,-0.008820658549666405,-0.006519617512822151,0.004602083005011082,0.007286631036549807,-0.00306805525906384,0.012655727565288544,-0.0034515620209276676,0.013422741554677486,0.008820658549666405,-0.022243401035666466,0.019942358136177063,-0.025311455130577087,-0.028382213786244392,-0.04898220673203468,-0.02700888179242611,-0.00045777764171361923,-0.010071108117699623,-0.03341776877641678,-0.03707998991012573,-0.009155552834272385,-0.009155552834272385,0.019226660951972008,-0.02288888208568096,-0.0196844395250082,-0.003959201276302338,-0.008426234126091003,0.004795875400304794,0.001263350248336792,0.0021458417177200317,-0.0014027208089828491,0.0003148987889289856,-0.0016938596963882446,0.0,0.0,0.0,-0.0027025341987609863,0.0,0.0,0.0,0.0,0.0,0.0,0.0,0.0,0.0,0.0,0.0,0.0
20260709_111233_260179,2026-07-09T11:13:20.301,47.041403,pose,1725,stand,0.0,0.0,0.0,0.0,0.0,0.0,0.0,0.0,0.08,xsens:live,0.008220897987484932,-0.007386041339486837,-0.99993896484375,0.42320713039219715,0.4710408966107495,0.008450210094451904,0.03380084037780762,4.601182460784912,9.225593566894531,12,can0:12,3.924375295639038,8.741722106933594,,"BL_hip_joint,BR_hip_joint,FL_hip_joint,FR_hip_joint,BL_thigh_joint,BR_thigh_joint,FL_thigh_joint,FR_thigh_joint,BL_calf_joint,BR_calf_joint,FL_calf_joint,FR_calf_joint",330e02f2406e129bb6ed6ec4a6c6bcd5f80d7e7799a2ab087e81eda65d2fae69,"step=001725 mode=stand  vx= 0.000 vy= 0.000 vxy= 0.000 yaw= 0.000 speed=0.08 imu=xsens:live tilt_rp=[+0.4,+0.5]deg imu_corr=0.008 act_max= 0.034 tau_cmd= 4.601 tau_cmd_max= 9.226 cmds=12 bus=can0:12 tau_fb= 3.924 tau_fb_max= 8.742",0.0,0.0,0.0,0.0,0.0,0.0,0.008220897987484932,-0.007386041339486837,-0.99993896484375,0.0,0.0,0.0,0.0,0.0,0.0,0.0,0.0,0.0,0.0,0.0,0.0,0.0,0.0,0.0,0.0,0.0,0.0,0.0,0.0,0.0,0.0,0.0,0.0,0.0,0.0,0.0,0.0,0.0,0.0,0.0,0.0,0.0,0.0,0.0,0.0,0.0,0.0,0.0,0.2576426863670349,-0.9027166366577148,-0.15881650149822235,0.9124183058738708,0.2627210021018982,-0.2585127651691437,0.41530412435531616,-0.060302503407001495,-1.1413275003433228,0.7069249153137207,-0.7613937854766846,1.0167733430862427,-0.015933364629745483,-0.03380084037780762,0.01924338936805725,0.005091190338134766,0.008616775274276733,-0.005631357431411743,0.0012769103050231934,-0.006815563887357712,-0.00022840499877929688,0.0062590837478637695,-0.011137127876281738,-0.010851502418518066,-0.008820658549666405,-0.006519617512822151,0.004985589534044266,0.007286631036549807,-0.00306805525906384,0.012655727565288544,-0.0034515620209276676,0.013422741554677486,0.008820658549666405,-0.022243401035666466,0.019942358136177063,-0.025311455130577087,-0.05401776358485222,-0.002288888208568096,-0.01831110566854477,0.017853328958153725,-0.09201330691576004,0.016479995101690292,-0.035248879343271255,0.001831110566854477,0.02700888179242611,-0.013733329251408577,0.0315866582095623,0.010986663401126862,-0.003983341157436371,-0.008450210094451904,0.004810847342014313,0.0012727975845336914,0.0021541938185691833,-0.0014078393578529358,0.00031922757625579834,-0.001703890971839428,0.0,0.0,0.0,-0.0027128756046295166,0.0,0.0,0.0,0.0,0.0,0.0,0.0,0.0,0.0,0.0,0.0,0.0
20260709_111233_260179,2026-07-09T11:13:20.438,47.178705,pose,1730,stand,0.0,0.0,0.0,0.0,0.0,0.0,0.0,0.0,0.08,xsens:live,0.008219672366976738,-0.007395518012344837,-0.9999389052391052,0.4237501324883824,0.47097070226023474,0.008457541465759277,0.03383016586303711,4.2689385414123535,10.739630699157715,12,can0:12,4.077883243560791,8.851588249206543,,"BL_hip_joint,BR_hip_joint,FL_hip_joint,FR_hip_joint,BL_thigh_joint,BR_thigh_joint,FL_thigh_joint,FR_thigh_joint,BL_calf_joint,BR_calf_joint,FL_calf_joint,FR_calf_joint",330e02f2406e129bb6ed6ec4a6c6bcd5f80d7e7799a2ab087e81eda65d2fae69,"step=001730 mode=stand  vx= 0.000 vy= 0.000 vxy= 0.000 yaw= 0.000 speed=0.08 imu=xsens:live tilt_rp=[+0.4,+0.5]deg imu_corr=0.008 act_max= 0.034 tau_cmd= 4.269 tau_cmd_max= 10.740 cmds=12 bus=can0:12 tau_fb= 4.078 tau_fb_max= 8.852",0.0,0.0,0.0,0.0,0.0,0.0,0.008219672366976738,-0.007395518012344837,-0.9999389052391052,0.0,0.0,0.0,0.0,0.0,0.0,0.0,0.0,0.0,0.0,0.0,0.0,0.0,0.0,0.0,0.0,0.0,0.0,0.0,0.0,0.0,0.0,0.0,0.0,0.0,0.0,0.0,0.0,0.0,0.0,0.0,0.0,0.0,0.0,0.0,0.0,0.0,0.0,0.0,0.25761109590530396,-0.9027459621429443,-0.15879811346530914,0.9124311208724976,0.2627316415309906,-0.2585189640522003,0.41530993580818176,-0.0603158064186573,-1.1413252353668213,0.706940233707428,-0.7614104747772217,1.016760230064392,-0.01596495509147644,-0.03383016586303711,0.01926177740097046,0.005104005336761475,0.00862741470336914,-0.005637556314468384,0.001282721757888794,-0.006828866899013519,-0.00022614002227783203,0.006274402141571045,-0.011153817176818848,-0.010864615440368652,-0.008820658549666405,-0.006519617512822151,0.004985589534044266,0.007286631036549807,-0.00306805525906384,0.01227222103625536,-0.0034515620209276676,0.013422741554677486,0.008820658549666405,-0.022243401035666466,0.019942358136177063,-0.025311455130577087,-0.013275551609694958,-0.02471999265253544,-0.11215551942586899,-0.009613330475986004,-0.004577776417136192,-0.014648884534835815,-0.016937773674726486,-0.005493331700563431,-0.03570665791630745,-0.020142216235399246,-0.01235999632626772,-0.0709555372595787,-0.00399123877286911,-0.008457541465759277,0.004815444350242615,0.0012760013341903687,0.002156853675842285,-0.001409389078617096,0.0003206804394721985,-0.0017072167247533798,0.0,0.0,0.0,-0.002716153860092163,0.0,0.0,0.0,0.0,0.0,0.0,0.0,0.0,0.0,0.0,0.0,0.0
20260709_111233_260179,2026-07-09T11:13:20.576,47.316348,pose,1735,stand,0.0,0.0,0.0,0.0,0.0,0.0,0.0,0.0,0.08,xsens:live,0.00819807592779398,-0.007195602636784315,-0.9999405145645142,0.4122950716087438,0.4697325692669808,0.008289054036140442,0.03315621614456177,3.711625814437866,8.174568176269531,12,can0:12,4.092532157897949,8.833277702331543,,"BL_hip_joint,BR_hip_joint,FL_hip_joint,FR_hip_joint,BL_thigh_joint,BR_thigh_joint,FL_thigh_joint,FR_thigh_joint,BL_calf_joint,BR_calf_joint,FL_calf_joint,FR_calf_joint",330e02f2406e129bb6ed6ec4a6c6bcd5f80d7e7799a2ab087e81eda65d2fae69,"step=001735 mode=stand  vx= 0.000 vy= 0.000 vxy= 0.000 yaw= 0.000 speed=0.08 imu=xsens:live tilt_rp=[+0.4,+0.5]deg imu_corr=0.008 act_max= 0.033 tau_cmd= 3.712 tau_cmd_max= 8.175 cmds=12 bus=can0:12 tau_fb= 4.093 tau_fb_max= 8.833",0.0,0.0,0.0,0.0,0.0,0.0,0.00819807592779398,-0.007195602636784315,-0.9999405145645142,0.0,0.0,0.0,0.0,0.0,0.0,0.0,0.0,0.0,0.0,0.0,0.0,0.0,0.0,0.0,0.0,0.0,0.0,0.0,0.0,0.0,0.0,0.0,0.0,0.0,0.0,0.0,0.0,0.0,0.0,0.0,0.0,0.0,0.0,0.0,0.0,0.0,0.0,0.0,0.2582246661186218,-0.902072012424469,-0.15921325981616974,0.9121929407119751,0.26250743865966797,-0.2583829164505005,0.4152059257030487,-0.060060225427150726,-1.1413568258285522,0.7066565155982971,-0.7610718011856079,1.0170375108718872,-0.01535138487815857,-0.03315621614456177,0.018846631050109863,0.004865825176239014,0.008403211832046509,-0.005501508712768555,0.0011787116527557373,-0.006573285907506943,-0.00025773048400878906,0.0059906840324401855,-0.010815143585205078,-0.010587334632873535,-0.008820658549666405,-0.006519617512822151,0.004985589534044266,0.007286631036549807,-0.00306805525906384,0.012655727565288544,-0.0034515620209276676,0.013422741554677486,0.009204166010022163,-0.022243401035666466,0.019558852538466454,-0.025311455130577087,0.026551103219389915,-0.007324442267417908,0.054475538432598114,-0.01739555038511753,0.03570665791630745,0.002288888208568096,-0.0398266538977623,-0.0709555372595787,0.08056886494159698,0.06637775897979736,-0.08423108607530594,0.03707998991012573,-0.0038378462195396423,-0.008289054036140442,0.004711657762527466,0.0012164562940597534,0.002100802958011627,-0.0013753771781921387,0.0002946779131889343,-0.0016433214768767357,0.0,0.0,0.0,-0.002646833658218384,0.0,0.0,0.0,0.0,0.0,0.0,0.0,0.0,0.0,0.0,0.0,0.0
20260709_111233_260179,2026-07-09T11:13:20.708,47.448022,pose,1740,stand,0.0,0.0,0.0,0.0,0.0,0.0,0.0,0.0,0.08,xsens:live,0.008192508481442928,-0.007194111123681068,-0.9999405741691589,0.4122095889731916,0.4694135525590323,0.008286282420158386,0.033145129680633545,4.587769985198975,9.800803184509277,12,can0:12,4.126712799072266,9.11893081665039,,"BL_hip_joint,BR_hip_joint,FL_hip_joint,FR_hip_joint,BL_thigh_joint,BR_thigh_joint,FL_thigh_joint,FR_thigh_joint,BL_calf_joint,BR_calf_joint,FL_calf_joint,FR_calf_joint",330e02f2406e129bb6ed6ec4a6c6bcd5f80d7e7799a2ab087e81eda65d2fae69,"step=001740 mode=stand  vx= 0.000 vy= 0.000 vxy= 0.000 yaw= 0.000 speed=0.08 imu=xsens:live tilt_rp=[+0.4,+0.5]deg imu_corr=0.008 act_max= 0.033 tau_cmd= 4.588 tau_cmd_max= 9.801 cmds=12 bus=can0:12 tau_fb= 4.127 tau_fb_max= 9.119",0.0,0.0,0.0,0.0,0.0,0.0,0.008192508481442928,-0.007194111123681068,-0.9999405741691589,0.0,0.0,0.0,0.0,0.0,0.0,0.0,0.0,0.0,0.0,0.0,0.0,0.0,0.0,0.0,0.0,0.0,0.0,0.0,0.0,0.0,0.0,0.0,0.0,0.0,0.0,0.0,0.0,0.0,0.0,0.0,0.0,0.0,0.0,0.0,0.0,0.0,0.0,0.0,0.2582239806652069,-0.9020609259605408,-0.15921905636787415,0.9121934771537781,0.26250576972961426,-0.25838181376457214,0.415207177400589,-0.06006079539656639,-1.141356348991394,0.7066577672958374,-0.7610706090927124,1.0170400142669678,-0.015352070331573486,-0.033145129680633545,0.018840834498405457,0.004866361618041992,0.008401542901992798,-0.00550040602684021,0.0011799633502960205,-0.006573855876922607,-0.00025725364685058594,0.005991935729980469,-0.01081395149230957,-0.010584831237792969,-0.008820658549666405,-0.006519617512822151,0.004985589534044266,0.007286631036549807,-0.00306805525906384,0.012655727565288544,-0.0034515620209276676,0.013422741554677486,0.008820658549666405,-0.022243401035666466,0.019942358136177063,-0.025311455130577087,-0.11261329799890518,0.02288888208568096,0.0718710869550705,-0.01739555038511753,-0.0787377581000328,-0.017853328958153725,-0.07827997952699661,-0.0238044373691082,-0.01739555038511753,-0.028382213786244392,-0.04623554274439812,-0.030671102926135063,-0.0038380175828933716,-0.008286282420158386,0.004710208624601364,0.001216590404510498,0.0021003857254981995,-0.0013751015067100525,0.0002949908375740051,-0.0016434639692306519,0.0,0.0,0.0,-0.002646207809448242,0.0,0.0,0.0,0.0,0.0,0.0,0.0,0.0,0.0,0.0,0.0,0.0
20260709_111233_260179,2026-07-09T11:13:20.846,47.585819,pose,1745,stand,0.0,0.0,0.0,0.0,0.0,0.0,0.0,0.0,0.08,xsens:live,0.008180016651749611,-0.007162935566157103,-0.9999409317970276,0.41042320022451445,0.4686976612519126,0.008257344365119934,0.033029377460479736,4.0270676612854,8.84931468963623,12,can0:12,4.128238677978516,9.272744178771973,,"BL_hip_joint,BR_hip_joint,FL_hip_joint,FR_hip_joint,BL_thigh_joint,BR_thigh_joint,FL_thigh_joint,FR_thigh_joint,BL_calf_joint,BR_calf_joint,FL_calf_joint,FR_calf_joint",330e02f2406e129bb6ed6ec4a6c6bcd5f80d7e7799a2ab087e81eda65d2fae69,"step=001745 mode=stand  vx= 0.000 vy= 0.000 vxy= 0.000 yaw= 0.000 speed=0.08 imu=xsens:live tilt_rp=[+0.4,+0.5]deg imu_corr=0.008 act_max= 0.033 tau_cmd= 4.027 tau_cmd_max= 8.849 cmds=12 bus=can0:12 tau_fb= 4.128 tau_fb_max= 9.273",0.0,0.0,0.0,0.0,0.0,0.0,0.008180016651749611,-0.007162935566157103,-0.9999409317970276,0.0,0.0,0.0,0.0,0.0,0.0,0.0,0.0,0.0,0.0,0.0,0.0,0.0,0.0,0.0,0.0,0.0,0.0,0.0,0.0,0.0,0.0,0.0,0.0,0.0,0.0,0.0,0.0,0.0,0.0,0.0,0.0,0.0,0.0,0.0,0.0,0.0,0.0,0.0,0.2583109736442566,-0.901945173740387,-0.1592884361743927,0.912161111831665,0.2624701261520386,-0.25836050510406494,0.41519463062286377,-0.06002449244260788,-1.1413592100143433,0.7066192626953125,-0.7610204219818115,1.0170832872390747,-0.015265077352523804,-0.033029377460479736,0.018771454691886902,0.004833996295928955,0.008365899324417114,-0.005479097366333008,0.0011674165725708008,-0.006537552922964096,-0.0002601146697998047,0.005953431129455566,-0.010763764381408691,-0.010541558265686035,-0.008820658549666405,-0.006519617512822151,0.004985589534044266,0.007286631036549807,-0.00306805525906384,0.012655727565288544,-0.0034515620209276676,0.013422741554677486,0.008820658549666405,-0.022243401035666466,0.019942358136177063,-0.025311455130577087,0.0947599709033966,-0.059968870133161545,0.09933774918317795,-0.016937773674726486,0.05081331729888916,-0.0119022186845541,0.00045777764171361923,0.03570665791630745,0.014191106893122196,0.029755547642707825,0.0119022186845541,0.009155552834272385,-0.003816269338130951,-0.008257344365119934,0.0046928636729717255,0.0012084990739822388,0.0020914748311042786,-0.001369774341583252,0.0002918541431427002,-0.001634388230741024,0.0,0.0,0.0,-0.002635389566421509,0.0,0.0,0.0,0.0,0.0,0.0,0.0,0.0,0.0,0.0,0.0,0.0
20260709_111233_260179,2026-07-09T11:13:20.984,47.724147,pose,1750,stand,0.0,0.0,0.0,0.0,0.0,0.0,0.0,0.0,0.08,xsens:live,0.008216668851673603,-0.007147789932787418,-0.9999407529830933,0.4095554857644692,0.47079774469153673,0.008255615830421448,0.03302246332168579,4.319063663482666,9.906033515930176,12,can0:12,4.00494384765625,8.943143844604492,,"BL_hip_joint,BR_hip_joint,FL_hip_joint,FR_hip_joint,BL_thigh_joint,BR_thigh_joint,FL_thigh_joint,FR_thigh_joint,BL_calf_joint,BR_calf_joint,FL_calf_joint,FR_calf_joint",330e02f2406e129bb6ed6ec4a6c6bcd5f80d7e7799a2ab087e81eda65d2fae69,"step=001750 mode=stand  vx= 0.000 vy= 0.000 vxy= 0.000 yaw= 0.000 speed=0.08 imu=xsens:live tilt_rp=[+0.4,+0.5]deg imu_corr=0.008 act_max= 0.033 tau_cmd= 4.319 tau_cmd_max= 9.906 cmds=12 bus=can0:12 tau_fb= 4.005 tau_fb_max= 8.943",0.0,0.0,0.0,0.0,0.0,0.0,0.008216668851673603,-0.007147789932787418,-0.9999407529830933,0.0,0.0,0.0,0.0,0.0,0.0,0.0,0.0,0.0,0.0,0.0,0.0,0.0,0.0,0.0,0.0,0.0,0.0,0.0,0.0,0.0,0.0,0.0,0.0,0.0,0.0,0.0,0.0,0.0,0.0,0.0,0.0,0.0,0.0,0.0,0.0,0.0,0.0,0.0,0.25839516520500183,-0.901938259601593,-0.1592993587255478,0.9121248722076416,0.2624548375606537,-0.25835081934928894,0.41517186164855957,-0.059990499168634415,-1.1413698196411133,0.7065740823745728,-0.7609841823577881,1.0171035528182983,-0.015180885791778564,-0.03302246332168579,0.01876053214073181,0.004797756671905518,0.008350610733032227,-0.005469411611557007,0.0011446475982666016,-0.006503559648990631,-0.0002707242965698242,0.00590825080871582,-0.010727524757385254,-0.010521292686462402,-0.008820658549666405,-0.006519617512822151,0.004985589534044266,0.007286631036549807,-0.00306805525906384,0.012655727565288544,-0.0034515620209276676,0.013422741554677486,0.009204166010022163,-0.022243401035666466,0.019942358136177063,-0.025311455130577087,0.05218665301799774,0.02059999480843544,0.03341776877641678,-0.040742211043834686,-0.012817773967981339,0.016479995101690292,-0.04348887503147125,-0.02609332650899887,0.06775109469890594,-0.007782219909131527,0.003662221133708954,-0.03479110077023506,-0.003795221447944641,-0.008255615830421448,0.004690133035182953,0.0011994391679763794,0.0020876526832580566,-0.0013673529028892517,0.0002861618995666504,-0.0016258899122476578,0.0,0.0,0.0,-0.0026303231716156006,0.0,0.0,0.0,0.0,0.0,0.0,0.0,0.0,0.0,0.0,0.0,0.0
20260709_111233_260179,2026-07-09T11:13:21.121,47.861301,pose,1755,stand,0.0,0.0,0.0,0.0,0.0,0.0,0.0,0.0,0.08,xsens:live,0.008252942934632301,-0.007164014969021082,-0.9999403357505798,0.410485290606686,0.47287627604333227,0.008279204368591309,0.033116817474365234,4.494256496429443,9.840831756591797,12,can0:12,4.033936500549316,8.976103782653809,,"BL_hip_joint,BR_hip_joint,FL_hip_joint,FR_hip_joint,BL_thigh_joint,BR_thigh_joint,FL_thigh_joint,FR_thigh_joint,BL_calf_joint,BR_calf_joint,FL_calf_joint,FR_calf_joint",330e02f2406e129bb6ed6ec4a6c6bcd5f80d7e7799a2ab087e81eda65d2fae69,"step=001755 mode=stand  vx= 0.000 vy= 0.000 vxy= 0.000 yaw= 0.000 speed=0.08 imu=xsens:live tilt_rp=[+0.4,+0.5]deg imu_corr=0.008 act_max= 0.033 tau_cmd= 4.494 tau_cmd_max= 9.841 cmds=12 bus=can0:12 tau_fb= 4.034 tau_fb_max= 8.976",0.0,0.0,0.0,0.0,0.0,0.0,0.008252942934632301,-0.007164014969021082,-0.9999403357505798,0.0,0.0,0.0,0.0,0.0,0.0,0.0,0.0,0.0,0.0,0.0,0.0,0.0,0.0,0.0,0.0,0.0,0.0,0.0,0.0,0.0,0.0,0.0,0.0,0.0,0.0,0.0,0.0,0.0,0.0,0.0,0.0,0.0,0.0,0.0,0.0,0.0,0.0,0.0,0.2583785951137543,-0.9020326137542725,-0.15924738347530365,0.9121281504631042,0.2624743580818176,-0.2583625316619873,0.4151667058467865,-0.0599975623190403,-1.141375184059143,0.7065758109092712,-0.7610019445419312,1.0170801877975464,-0.015197455883026123,-0.033116817474365234,0.018812507390975952,0.004801034927368164,0.008370131254196167,-0.005481123924255371,0.0011394917964935303,-0.006510622799396515,-0.0002760887145996094,0.005909979343414307,-0.01074528694152832,-0.010544657707214355,-0.008820658549666405,-0.006519617512822151,0.004985589534044266,0.007286631036549807,-0.00306805525906384,0.012655727565288544,-0.0034515620209276676,0.013422741554677486,0.009204166010022163,-0.022243401035666466,0.019942358136177063,-0.025694962590932846,0.031128879636526108,-0.06866664439439774,-0.055848874151706696,-0.007782219909131527,-0.013275551609694958,0.08011108636856079,-0.023346660658717155,-0.01144444104284048,0.050355542451143265,-0.0393688790500164,-0.01144444104284048,-0.005493331700563431,-0.0037993639707565308,-0.008279204368591309,0.004703126847743988,0.001200258731842041,0.0020925328135490417,-0.0013702809810638428,0.00028487294912338257,-0.0016276556998491287,0.0,0.0,0.0,-0.002636164426803589,0.0,0.0,0.0,0.0,0.0,0.0,0.0,0.0,0.0,0.0,0.0,0.0
20260709_111233_260179,2026-07-09T11:13:21.258,47.998242,pose,1760,stand,0.0,0.0,0.0,0.0,0.0,0.0,0.0,0.0,0.08,xsens:live,0.008338327519595623,-0.0072067175060510635,-0.9999392628669739,0.4129324284432307,0.4777689201921937,0.008338391780853271,0.033353567123413086,4.283261775970459,9.161471366882324,12,can0:12,4.072084903717041,9.184850692749023,,"BL_hip_joint,BR_hip_joint,FL_hip_joint,FR_hip_joint,BL_thigh_joint,BR_thigh_joint,FL_thigh_joint,FR_thigh_joint,BL_calf_joint,BR_calf_joint,FL_calf_joint,FR_calf_joint",330e02f2406e129bb6ed6ec4a6c6bcd5f80d7e7799a2ab087e81eda65d2fae69,"step=001760 mode=stand  vx= 0.000 vy= 0.000 vxy= 0.000 yaw= 0.000 speed=0.08 imu=xsens:live tilt_rp=[+0.4,+0.5]deg imu_corr=0.008 act_max= 0.033 tau_cmd= 4.283 tau_cmd_max= 9.161 cmds=12 bus=can0:12 tau_fb= 4.072 tau_fb_max= 9.185",0.0,0.0,0.0,0.0,0.0,0.0,0.008338327519595623,-0.0072067175060510635,-0.9999392628669739,0.0,0.0,0.0,0.0,0.0,0.0,0.0,0.0,0.0,0.0,0.0,0.0,0.0,0.0,0.0,0.0,0.0,0.0,0.0,0.0,0.0,0.0,0.0,0.0,0.0,0.0,0.0,0.0,0.0,0.0,0.0,0.0,0.0,0.0,0.0,0.0,0.0,0.0,0.0,0.2583264112472534,-0.9022693634033203,-0.15911473333835602,0.9121399521827698,0.26252567768096924,-0.2583928108215332,0.41515737771987915,-0.06002084165811539,-1.141385793685913,0.7065869569778442,-0.7610517740249634,1.0170187950134277,-0.015249639749526978,-0.033353567123413086,0.018945157527923584,0.004812836647033691,0.008421450853347778,-0.0055114030838012695,0.0011301636695861816,-0.006533902138471603,-0.0002866983413696289,0.005921125411987305,-0.010795116424560547,-0.010606050491333008,-0.00843715202063322,-0.006519617512822151,0.004602083005011082,0.007670138031244278,-0.00306805525906384,0.012655727565288544,-0.0034515620209276676,0.013422741554677486,0.009204166010022163,-0.022243401035666466,0.019558852538466454,-0.025311455130577087,0.0398266538977623,0.0068666646257042885,-0.08377330750226974,0.0032044434919953346,-0.05310220643877983,-0.02609332650899887,0.02700888179242611,0.016937773674726486,0.06820886582136154,0.032959990203380585,0.016479995101690292,-0.004119998775422573,-0.0038124099373817444,-0.008338391780853271,0.004736289381980896,0.0012032091617584229,0.0021053627133369446,-0.0013778507709503174,0.0002825409173965454,-0.0016334755346179008,0.0,0.0,0.0,-0.002651512622833252,0.0,0.0,0.0,0.0,0.0,0.0,0.0,0.0,0.0,0.0,0.0,0.0
20260709_111233_260179,2026-07-09T11:13:21.394,48.134629,pose,1765,stand,0.0,0.0,0.0,0.0,0.0,0.0,0.0,0.0,0.08,xsens:live,0.008308704942464828,-0.007158629596233368,-0.9999398589134216,0.4101769244827182,0.4760714022875329,0.00829082727432251,0.03316330909729004,4.412038326263428,11.475334167480469,12,can0:12,3.92406964302063,8.723410606384277,,"BL_hip_joint,BR_hip_joint,FL_hip_joint,FR_hip_joint,BL_thigh_joint,BR_thigh_joint,FL_thigh_joint,FR_thigh_joint,BL_calf_joint,BR_calf_joint,FL_calf_joint,FR_calf_joint",330e02f2406e129bb6ed6ec4a6c6bcd5f80d7e7799a2ab087e81eda65d2fae69,"step=001765 mode=stand  vx= 0.000 vy= 0.000 vxy= 0.000 yaw= 0.000 speed=0.08 imu=xsens:live tilt_rp=[+0.4,+0.5]deg imu_corr=0.008 act_max= 0.033 tau_cmd= 4.412 tau_cmd_max= 11.475 cmds=12 bus=can0:12 tau_fb= 3.924 tau_fb_max= 8.723",0.0,0.0,0.0,0.0,0.0,0.0,0.008308704942464828,-0.007158629596233368,-0.9999398589134216,0.0,0.0,0.0,0.0,0.0,0.0,0.0,0.0,0.0,0.0,0.0,0.0,0.0,0.0,0.0,0.0,0.0,0.0,0.0,0.0,0.0,0.0,0.0,0.0,0.0,0.0,0.0,0.0,0.0,0.0,0.0,0.0,0.0,0.0,0.0,0.0,0.0,0.0,0.0,0.2584505081176758,-0.9020791053771973,-0.1592281013727188,0.9120945930480957,0.262471079826355,-0.2583596706390381,0.4151419699192047,-0.059969060122966766,-1.1413887739181519,0.7065337896347046,-0.7609772682189941,1.0170860290527344,-0.015125542879104614,-0.03316330909729004,0.01883178949356079,0.004767477512359619,0.00836685299873352,-0.005478262901306152,0.0011147558689117432,-0.006482120603322983,-0.00028967857360839844,0.005867958068847656,-0.010720610618591309,-0.010538816452026367,-0.008820658549666405,-0.00613611051812768,0.004985589534044266,0.007286631036549807,-0.00306805525906384,0.012655727565288544,-0.0034515620209276676,0.013422741554677486,0.008820658549666405,-0.022243401035666466,0.019558852538466454,-0.025311455130577087,-0.036164432764053345,0.04898220673203468,-0.02929776906967163,-0.06958220154047012,-0.004119998775422573,0.040742211043834686,0.02151555009186268,0.05493331700563431,-0.009155552834272385,0.0032044434919953346,-0.014191106893122196,-0.10025330632925034,-0.0037813857197761536,-0.00829082727432251,0.004707947373390198,0.0011918693780899048,0.00209171324968338,-0.001369565725326538,0.0002786889672279358,-0.0016205301508307457,0.0,0.0,0.0,-0.002634704113006592,0.0,0.0,0.0,0.0,0.0,0.0,0.0,0.0,0.0,0.0,0.0,0.0
20260709_111233_260179,2026-07-09T11:13:21.531,48.271618,pose,1770,stand,0.0,0.0,0.0,0.0,0.0,0.0,0.0,0.0,0.08,xsens:live,0.008265559561550617,-0.007161227520555258,-0.9999402761459351,0.41032560469705265,0.4735991775623239,0.008280649781227112,0.03312259912490845,3.868534803390503,9.70583438873291,12,can0:12,4.084597110748291,9.184850692749023,,"BL_hip_joint,BR_hip_joint,FL_hip_joint,FR_hip_joint,BL_thigh_joint,BR_thigh_joint,FL_thigh_joint,FR_thigh_joint,BL_calf_joint,BR_calf_joint,FL_calf_joint,FR_calf_joint",330e02f2406e129bb6ed6ec4a6c6bcd5f80d7e7799a2ab087e81eda65d2fae69,"step=001770 mode=stand  vx= 0.000 vy= 0.000 vxy= 0.000 yaw= 0.000 speed=0.08 imu=xsens:live tilt_rp=[+0.4,+0.5]deg imu_corr=0.008 act_max= 0.033 tau_cmd= 3.869 tau_cmd_max= 9.706 cmds=12 bus=can0:12 tau_fb= 4.085 tau_fb_max= 9.185",0.0,0.0,0.0,0.0,0.0,0.0,0.008265559561550617,-0.007161227520555258,-0.9999402761459351,0.0,0.0,0.0,0.0,0.0,0.0,0.0,0.0,0.0,0.0,0.0,0.0,0.0,0.0,0.0,0.0,0.0,0.0,0.0,0.0,0.0,0.0,0.0,0.0,0.0,0.0,0.0,0.0,0.0,0.0,0.0,0.0,0.0,0.0,0.0,0.0,0.0,0.0,0.0,0.2583996057510376,-0.9020383954048157,-0.15924610197544098,0.9121184945106506,0.2624720633029938,-0.2583608031272888,0.4151601195335388,-0.05998915433883667,-1.141378402709961,0.7065639495849609,-0.7609935998916626,1.0170834064483643,-0.015176445245742798,-0.03312259912490845,0.018813788890838623,0.004791378974914551,0.008367836475372314,-0.005479395389556885,0.0011329054832458496,-0.006502214819192886,-0.00027930736541748047,0.005898118019104004,-0.010736942291259766,-0.010541439056396484,-0.008820658549666405,-0.006519617512822151,0.004602083005011082,0.007286631036549807,-0.00306805525906384,0.012655727565288544,-0.0034515620209276676,0.013422741554677486,0.008820658549666405,-0.022243401035666466,0.019558852538466454,-0.025694962590932846,0.05630664899945259,-0.0027466658502817154,0.009613330475986004,-0.022431105375289917,0.06775109469890594,-0.015106662176549435,-0.02288888208568096,0.016022218391299248,0.03341776877641678,0.015564439818263054,-0.020142216235399246,-0.020142216235399246,-0.0037941113114356995,-0.008280649781227112,0.004703447222709656,0.0011978447437286377,0.0020919591188430786,-0.0013698488473892212,0.0002832263708114624,-0.0016255537047982216,0.0,0.0,0.0,-0.002635359764099121,0.0,0.0,0.0,0.0,0.0,0.0,0.0,0.0,0.0,0.0,0.0,0.0
20260709_111233_260179,2026-07-09T11:13:21.668,48.408732,pose,1775,stand,0.0,0.0,0.0,0.0,0.0,0.0,0.0,0.0,0.08,xsens:live,0.008222173899412155,-0.00712475273758173,-0.9999408721923828,0.4082354920619077,0.4711131019081809,0.008238449692726135,0.03295379877090454,3.6743528842926025,9.79688549041748,12,can0:12,3.9762563705444336,9.027375221252441,,"BL_hip_joint,BR_hip_joint,FL_hip_joint,FR_hip_joint,BL_thigh_joint,BR_thigh_joint,FL_thigh_joint,FR_thigh_joint,BL_calf_joint,BR_calf_joint,FL_calf_joint,FR_calf_joint",330e02f2406e129bb6ed6ec4a6c6bcd5f80d7e7799a2ab087e81eda65d2fae69,"step=001775 mode=stand  vx= 0.000 vy= 0.000 vxy= 0.000 yaw= 0.000 speed=0.08 imu=xsens:live tilt_rp=[+0.4,+0.5]deg imu_corr=0.008 act_max= 0.033 tau_cmd= 3.674 tau_cmd_max= 9.797 cmds=12 bus=can0:12 tau_fb= 3.976 tau_fb_max= 9.027",0.0,0.0,0.0,0.0,0.0,0.0,0.008222173899412155,-0.00712475273758173,-0.9999408721923828,0.0,0.0,0.0,0.0,0.0,0.0,0.0,0.0,0.0,0.0,0.0,0.0,0.0,0.0,0.0,0.0,0.0,0.0,0.0,0.0,0.0,0.0,0.0,0.0,0.0,0.0,0.0,0.0,0.0,0.0,0.0,0.0,0.0,0.0,0.0,0.0,0.0,0.0,0.0,0.25847357511520386,-0.9018695950508118,-0.159343421459198,0.912093997001648,0.26242947578430176,-0.2583348751068115,0.4151562452316284,-0.05995761230587959,-1.1413756608963013,0.7065362930297852,-0.7609423398971558,1.0171352624893188,-0.015102475881576538,-0.03295379877090454,0.018716469407081604,0.004766881465911865,0.008325248956680298,-0.00545346736907959,0.0011290311813354492,-0.006470672786235809,-0.0002765655517578125,0.005870461463928223,-0.01068568229675293,-0.010489583015441895,-0.008820658549666405,-0.006519617512822151,0.004985589534044266,0.007286631036549807,-0.00306805525906384,0.012655727565288544,-0.0034515620209276676,0.013422741554677486,0.008820658549666405,-0.022243401035666466,0.019942358136177063,-0.025311455130577087,0.07644886523485184,-0.043946653604507446,-0.0068666646257042885,0.02929776906967163,0.07599108666181564,-0.0238044373691082,0.031128879636526108,-0.03387554734945297,0.009613330475986004,-0.037537768483161926,0.017853328958153725,0.041657764464616776,-0.0037756189703941345,-0.008238449692726135,0.004679117351770401,0.0011917203664779663,0.0020813122391700745,-0.0013633668422698975,0.0002822577953338623,-0.0016176681965589523,0.0,0.0,0.0,-0.0026223957538604736,0.0,0.0,0.0,0.0,0.0,0.0,0.0,0.0,0.0,0.0,0.0,0.0
20260709_111233_260179,2026-07-09T11:13:21.801,48.540802,pose,1780,stand,0.0,0.0,0.0,0.0,0.0,0.0,0.0,0.0,0.08,xsens:live,0.008215446025133133,-0.00708393519744277,-0.9999411702156067,0.4058966780754309,0.4707274860648352,0.008203282952308655,0.03281313180923462,4.027778148651123,8.568990707397461,12,can0:12,4.055299758911133,8.844264030456543,,"BL_hip_joint,BR_hip_joint,FL_hip_joint,FR_hip_joint,BL_thigh_joint,BR_thigh_joint,FL_thigh_joint,FR_thigh_joint,BL_calf_joint,BR_calf_joint,FL_calf_joint,FR_calf_joint",330e02f2406e129bb6ed6ec4a6c6bcd5f80d7e7799a2ab087e81eda65d2fae69,"step=001780 mode=stand  vx= 0.000 vy= 0.000 vxy= 0.000 yaw= 0.000 speed=0.08 imu=xsens:live tilt_rp=[+0.4,+0.5]deg imu_corr=0.008 act_max= 0.033 tau_cmd= 4.028 tau_cmd_max= 8.569 cmds=12 bus=can0:12 tau_fb= 4.055 tau_fb_max= 8.844",0.0,0.0,0.0,0.0,0.0,0.0,0.008215446025133133,-0.00708393519744277,-0.9999411702156067,0.0,0.0,0.0,0.0,0.0,0.0,0.0,0.0,0.0,0.0,0.0,0.0,0.0,0.0,0.0,0.0,0.0,0.0,0.0,0.0,0.0,0.0,0.0,0.0,0.0,0.0,0.0,0.0,0.0,0.0,0.0,0.0,0.0,0.0,0.0,0.0,0.0,0.0,0.0,0.25859692692756653,-0.9017289280891418,-0.15942904353141785,0.9120465517044067,0.2623835504055023,-0.25830700993537903,0.41513603925704956,-0.059906505048274994,-1.1413811445236206,0.7064796686172485,-0.7608733177185059,1.0171921253204346,-0.014979124069213867,-0.03281313180923462,0.018630847334861755,0.004719436168670654,0.00827932357788086,-0.005425602197647095,0.0011088252067565918,-0.00641956552863121,-0.00028204917907714844,0.0058138370513916016,-0.010616660118103027,-0.010432720184326172,-0.008820658549666405,-0.006519617512822151,0.004985589534044266,0.007286631036549807,-0.00306805525906384,0.012655727565288544,-0.0034515620209276676,0.013422741554677486,0.008820658549666405,-0.022243401035666466,0.019942358136177063,-0.025311455130577087,0.03707998991012573,0.029755547642707825,-0.04531998559832573,0.0009155552834272385,0.013733329251408577,-0.009613330475986004,0.0013733329251408577,0.017853328958153725,0.007782219909131527,0.035248879343271255,0.02471999265253544,0.025635547935962677,-0.003744781017303467,-0.008203282952308655,0.004657711833715439,0.0011798590421676636,0.002069830894470215,-0.0013564005494117737,0.00027720630168914795,-0.0016048913821578026,0.0,0.0,0.0,-0.002608180046081543,0.0,0.0,0.0,0.0,0.0,0.0,0.0,0.0,0.0,0.0,0.0,0.0
20260709_111233_260179,2026-07-09T11:13:21.938,48.678049,pose,1785,stand,0.0,0.0,0.0,0.0,0.0,0.0,0.0,0.0,0.08,xsens:live,0.008185096085071564,-0.007122580893337727,-0.9999411702156067,0.4081109318807847,0.46898857723017356,0.00822603702545166,0.03290414810180664,4.255162239074707,8.975754737854004,12,can0:12,4.041566371917725,9.071321487426758,,"BL_hip_joint,BR_hip_joint,FL_hip_joint,FR_hip_joint,BL_thigh_joint,BR_thigh_joint,FL_thigh_joint,FR_thigh_joint,BL_calf_joint,BR_calf_joint,FL_calf_joint,FR_calf_joint",330e02f2406e129bb6ed6ec4a6c6bcd5f80d7e7799a2ab087e81eda65d2fae69,"step=001785 mode=stand  vx= 0.000 vy= 0.000 vxy= 0.000 yaw= 0.000 speed=0.08 imu=xsens:live tilt_rp=[+0.4,+0.5]deg imu_corr=0.008 act_max= 0.033 tau_cmd= 4.255 tau_cmd_max= 8.976 cmds=12 bus=can0:12 tau_fb= 4.042 tau_fb_max= 9.071",0.0,0.0,0.0,0.0,0.0,0.0,0.008185096085071564,-0.007122580893337727,-0.9999411702156067,0.0,0.0,0.0,0.0,0.0,0.0,0.0,0.0,0.0,0.0,0.0,0.0,0.0,0.0,0.0,0.0,0.0,0.0,0.0,0.0,0.0,0.0,0.0,0.0,0.0,0.0,0.0,0.0,0.0,0.0,0.0,0.0,0.0,0.0,0.0,0.0,0.0,0.0,0.0,0.2584446668624878,-0.9018199443817139,-0.1593679040670395,0.912108838558197,0.2624254524707794,-0.25833290815353394,0.4151696264743805,-0.05996883288025856,-1.1413675546646118,0.7065560221672058,-0.760948896408081,1.017139196395874,-0.015131384134292603,-0.03290414810180664,0.018691986799240112,0.0047817230224609375,0.008321225643157959,-0.005451500415802002,0.0011424124240875244,-0.006481893360614777,-0.0002684593200683594,0.005890190601348877,-0.010692238807678223,-0.010485649108886719,-0.008820658549666405,-0.006519617512822151,0.004985589534044266,0.007286631036549807,-0.00306805525906384,0.012655727565288544,-0.0034515620209276676,0.013422741554677486,0.008820658549666405,-0.022243401035666466,0.019558852538466454,-0.025311455130577087,-0.04577776417136192,-0.010528885759413242,0.09018219262361526,-0.0032044434919953346,-0.05310220643877983,0.01235999632626772,-0.04440443217754364,-0.07370220124721527,-0.03799554333090782,0.012817773967981339,0.02609332650899887,0.004119998775422573,-0.0037828460335731506,-0.00822603702545166,0.004672996699810028,0.0011954307556152344,0.0020803064107894897,-0.0013628751039505005,0.0002856031060218811,-0.0016204733401536942,0.0,0.0,0.0,-0.0026214122772216797,0.0,0.0,0.0,0.0,0.0,0.0,0.0,0.0,0.0,0.0,0.0,0.0
20260709_111233_260179,2026-07-09T11:13:22.076,48.816663,pose,1790,stand,0.0,0.0,0.0,0.0,0.0,0.0,0.0,0.0,0.08,xsens:live,0.008217580616474152,-0.007290236186236143,-0.9999397397041321,0.41771753634580805,0.47085046164372285,0.008371487259864807,0.03348594903945923,4.3257269859313965,10.85306167602539,12,can0:12,3.925901174545288,9.22147274017334,,"BL_hip_joint,BR_hip_joint,FL_hip_joint,FR_hip_joint,BL_thigh_joint,BR_thigh_joint,FL_thigh_joint,FR_thigh_joint,BL_calf_joint,BR_calf_joint,FL_calf_joint,FR_calf_joint",330e02f2406e129bb6ed6ec4a6c6bcd5f80d7e7799a2ab087e81eda65d2fae69,"step=001790 mode=stand  vx= 0.000 vy= 0.000 vxy= 0.000 yaw= 0.000 speed=0.08 imu=xsens:live tilt_rp=[+0.4,+0.5]deg imu_corr=0.008 act_max= 0.033 tau_cmd= 4.326 tau_cmd_max= 10.853 cmds=12 bus=can0:12 tau_fb= 3.926 tau_fb_max= 9.221",0.0,0.0,0.0,0.0,0.0,0.0,0.008217580616474152,-0.007290236186236143,-0.9999397397041321,0.0,0.0,0.0,0.0,0.0,0.0,0.0,0.0,0.0,0.0,0.0,0.0,0.0,0.0,0.0,0.0,0.0,0.0,0.0,0.0,0.0,0.0,0.0,0.0,0.0,0.0,0.0,0.0,0.0,0.0,0.0,0.0,0.0,0.0,0.0,0.0,0.0,0.0,0.0,0.25794345140457153,-0.9024017453193665,-0.159011110663414,0.9123008251190186,0.26261404156684875,-0.2584472894668579,0.4152514934539795,-0.06017761677503586,-1.1413441896438599,0.7067849636077881,-0.7612299919128418,1.0169057846069336,-0.015632599592208862,-0.03348594903945923,0.0190487802028656,0.004973709583282471,0.008509814739227295,-0.0055658817291259766,0.0012242794036865234,-0.006690677255392075,-0.00024509429931640625,0.006119132041931152,-0.010973334312438965,-0.010719060897827148,-0.008820658549666405,-0.006519617512822151,0.004985589534044266,0.007286631036549807,-0.00306805525906384,0.012655727565288544,-0.0034515620209276676,0.013422741554677486,0.008820658549666405,-0.022243401035666466,0.019942358136177063,-0.025311455130577087,-0.009613330475986004,-0.05218665301799774,0.02700888179242611,0.016479995101690292,0.07599108666181564,-0.0068666646257042885,0.014648884534835815,0.05813775956630707,-0.02059999480843544,-0.00595110934227705,0.07553330808877945,-0.07507553696632385,-0.003908149898052216,-0.008371487259864807,0.0047621950507164,0.0012434273958206177,0.0021274536848068237,-0.0013914704322814941,0.00030606985092163086,-0.0016726693138480186,0.0,0.0,0.0,-0.002679765224456787,0.0,0.0,0.0,0.0,0.0,0.0,0.0,0.0,0.0,0.0,0.0,0.0
20260709_111233_260179,2026-07-09T11:13:22.214,48.954612,pose,1795,stand,0.0,0.0,0.0,0.0,0.0,0.0,0.0,0.0,0.08,xsens:live,0.008247087709605694,-0.0072088949382305145,-0.999940037727356,0.4130568671431067,0.4725409400102661,0.008313879370689392,0.03325551748275757,3.9477996826171875,8.13794231414795,12,can0:12,4.060792922973633,9.316690444946289,,"BL_hip_joint,BR_hip_joint,FL_hip_joint,FR_hip_joint,BL_thigh_joint,BR_thigh_joint,FL_thigh_joint,FR_thigh_joint,BL_calf_joint,BR_calf_joint,FL_calf_joint,FR_calf_joint",330e02f2406e129bb6ed6ec4a6c6bcd5f80d7e7799a2ab087e81eda65d2fae69,"step=001795 mode=stand  vx= 0.000 vy= 0.000 vxy= 0.000 yaw= 0.000 speed=0.08 imu=xsens:live tilt_rp=[+0.4,+0.5]deg imu_corr=0.008 act_max= 0.033 tau_cmd= 3.948 tau_cmd_max= 8.138 cmds=12 bus=can0:12 tau_fb= 4.061 tau_fb_max= 9.317",0.0,0.0,0.0,0.0,0.0,0.0,0.008247087709605694,-0.0072088949382305145,-0.999940037727356,0.0,0.0,0.0,0.0,0.0,0.0,0.0,0.0,0.0,0.0,0.0,0.0,0.0,0.0,0.0,0.0,0.0,0.0,0.0,0.0,0.0,0.0,0.0,0.0,0.0,0.0,0.0,0.0,0.0,0.0,0.0,0.0,0.0,0.0,0.0,0.0,0.0,0.0,0.0,0.2582302689552307,-0.9021713137626648,-0.1591597944498062,0.912186324596405,0.2625245153903961,-0.25839293003082275,0.41519445180892944,-0.06005892902612686,-1.1413655281066895,0.7066464424133301,-0.7610807418823242,1.0170180797576904,-0.015345782041549683,-0.03325551748275757,0.01890009641647339,0.004859209060668945,0.008420288562774658,-0.00551152229309082,0.0011672377586364746,-0.006571989506483078,-0.0002664327621459961,0.0059806108474731445,-0.010824084281921387,-0.010606765747070312,-0.008820658549666405,-0.006519617512822151,0.004602083005011082,0.007286631036549807,-0.00306805525906384,0.012655727565288544,-0.0034515620209276676,0.013422741554677486,0.008820658549666405,-0.022243401035666466,0.019558852538466454,-0.025311455130577087,0.03662221133708954,-0.01235999632626772,-0.018768884241580963,0.024262215942144394,0.04669332131743431,0.013275551609694958,-0.01235999632626772,0.027466658502817154,0.037537768483161926,0.0315866582095623,0.002288888208568096,0.05264442786574364,-0.0038364455103874207,-0.008313879370689392,0.004725024104118347,0.0012148022651672363,0.0021050721406936646,-0.001377880573272705,0.00029180943965911865,-0.0016429973766207695,0.0,0.0,0.0,-0.002651691436767578,0.0,0.0,0.0,0.0,0.0,0.0,0.0,0.0,0.0,0.0,0.0,0.0
20260709_111233_260179,2026-07-09T11:13:22.351,49.091423,pose,1800,stand,0.0,0.0,0.0,0.0,0.0,0.0,0.0,0.0,0.08,xsens:live,0.008226369507610798,-0.0071891359984874725,-0.9999403357505798,0.4119246313141144,0.4713537433609781,0.008291959762573242,0.03316783905029297,4.385238170623779,9.060798645019531,12,can0:12,4.138919830322266,8.910183906555176,,"BL_hip_joint,BR_hip_joint,FL_hip_joint,FR_hip_joint,BL_thigh_joint,BR_thigh_joint,FL_thigh_joint,FR_thigh_joint,BL_calf_joint,BR_calf_joint,FL_calf_joint,FR_calf_joint",330e02f2406e129bb6ed6ec4a6c6bcd5f80d7e7799a2ab087e81eda65d2fae69,"step=001800 mode=stand  vx= 0.000 vy= 0.000 vxy= 0.000 yaw= 0.000 speed=0.08 imu=xsens:live tilt_rp=[+0.4,+0.5]deg imu_corr=0.008 act_max= 0.033 tau_cmd= 4.385 tau_cmd_max= 9.061 cmds=12 bus=can0:12 tau_fb= 4.139 tau_fb_max= 8.910",0.0,0.0,0.0,0.0,0.0,0.0,0.008226369507610798,-0.0071891359984874725,-0.9999403357505798,0.0,0.0,0.0,0.0,0.0,0.0,0.0,0.0,0.0,0.0,0.0,0.0,0.0,0.0,0.0,0.0,0.0,0.0,0.0,0.0,0.0,0.0,0.0,0.0,0.0,0.0,0.0,0.0,0.0,0.0,0.0,0.0,0.0,0.0,0.0,0.0,0.0,0.0,0.0,0.25827324390411377,-0.9020836353302002,-0.159211203455925,0.912171483039856,0.26250162720680237,-0.2583790421485901,0.4151913523674011,-0.06004057824611664,-1.1413649320602417,0.7066294550895691,-0.7610523700714111,1.0170457363128662,-0.015302807092666626,-0.03316783905029297,0.018848687410354614,0.004844367504119873,0.008397400379180908,-0.005497634410858154,0.0011641383171081543,-0.006553638726472855,-0.0002658367156982422,0.005963623523712158,-0.0107957124710083,-0.010579109191894531,-0.008820658549666405,-0.00613611051812768,0.004985589534044266,0.007286631036549807,-0.00306805525906384,0.012655727565288544,-0.0034515620209276676,0.013422741554677486,0.008820658549666405,-0.022243401035666466,0.019942358136177063,-0.025311455130577087,-0.023346660658717155,-0.02609332650899887,-0.038453321903944016,-0.002288888208568096,-0.029755547642707825,-0.04348887503147125,-0.017853328958153725,0.0714133158326149,0.08972442150115967,-0.0068666646257042885,-0.02700888179242611,0.0032044434919953346,-0.0038257017731666565,-0.008291959762573242,0.0047121718525886536,0.0012110918760299683,0.002099350094795227,-0.0013744086027145386,0.0002910345792770386,-0.0016384096816182137,0.0,0.0,0.0,-0.002644777297973633,0.0,0.0,0.0,0.0,0.0,0.0,0.0,0.0,0.0,0.0,0.0,0.0
20260709_111233_260179,2026-07-09T11:13:22.489,49.228988,pose,1805,stand,0.0,0.0,0.0,0.0,0.0,0.0,0.0,0.0,0.08,xsens:live,0.008197527378797531,-0.007222614251077175,-0.9999403357505798,0.41384280873280627,0.4697012239576985,0.008310794830322266,0.03324317932128906,3.9015281200408936,8.558004379272461,12,can0:12,4.116336345672607,9.020051002502441,,"BL_hip_joint,BR_hip_joint,FL_hip_joint,FR_hip_joint,BL_thigh_joint,BR_thigh_joint,FL_thigh_joint,FR_thigh_joint,BL_calf_joint,BR_calf_joint,FL_calf_joint,FR_calf_joint",330e02f2406e129bb6ed6ec4a6c6bcd5f80d7e7799a2ab087e81eda65d2fae69,"step=001805 mode=stand  vx= 0.000 vy= 0.000 vxy= 0.000 yaw= 0.000 speed=0.08 imu=xsens:live tilt_rp=[+0.4,+0.5]deg imu_corr=0.008 act_max= 0.033 tau_cmd= 3.902 tau_cmd_max= 8.558 cmds=12 bus=can0:12 tau_fb= 4.116 tau_fb_max= 9.020",0.0,0.0,0.0,0.0,0.0,0.0,0.008197527378797531,-0.007222614251077175,-0.9999403357505798,0.0,0.0,0.0,0.0,0.0,0.0,0.0,0.0,0.0,0.0,0.0,0.0,0.0,0.0,0.0,0.0,0.0,0.0,0.0,0.0,0.0,0.0,0.0,0.0,0.0,0.0,0.0,0.0,0.0,0.0,0.0,0.0,0.0,0.0,0.0,0.0,0.0,0.0,0.0,0.25813913345336914,-0.9021589756011963,-0.1591588407754898,0.9122267961502075,0.26253753900527954,-0.25840121507644653,0.41522109508514404,-0.06009596958756447,-1.1413524150848389,0.7066967487335205,-0.7611182928085327,1.0170001983642578,-0.015436917543411255,-0.03324317932128906,0.018901050090789795,0.0048996806144714355,0.008433312177658081,-0.0055198073387146,0.0011938810348510742,-0.006609030067920685,-0.00025331974029541016,0.006030917167663574,-0.010861635208129883,-0.01062464714050293,-0.008820658549666405,-0.006519617512822151,0.004985589534044266,0.007286631036549807,-0.00306805525906384,0.012655727565288544,-0.0034515620209276676,0.013422741554677486,0.008820658549666405,-0.022243401035666466,0.019942358136177063,-0.025311455130577087,-0.013733329251408577,-0.00045777764171361923,-0.04119998961687088,-0.014648884534835815,0.010071108117699623,-0.006408886983990669,-0.0119022186845541,0.007324442267417908,-0.037537768483161926,0.04943998530507088,0.024262215942144394,0.040742211043834686,-0.0038592293858528137,-0.008310794830322266,0.004725262522697449,0.0012249201536178589,0.0021083280444145203,-0.00137995183467865,0.00029847025871276855,-0.0016522575169801712,0.0,0.0,0.0,-0.0026561617851257324,0.0,0.0,0.0,0.0,0.0,0.0,0.0,0.0,0.0,0.0,0.0,0.0
20260709_111233_260179,2026-07-09T11:13:22.626,49.365886,pose,1810,stand,0.0,0.0,0.0,0.0,0.0,0.0,0.0,0.0,0.08,xsens:live,0.008226846344769001,-0.007261442951858044,-0.9999397993087769,0.4160677686624277,0.4713813167709537,0.00835081934928894,0.03340327739715576,4.148455619812012,9.175731658935547,12,can0:12,3.9808342456817627,8.807641983032227,,"BL_hip_joint,BR_hip_joint,FL_hip_joint,FR_hip_joint,BL_thigh_joint,BR_thigh_joint,FL_thigh_joint,FR_thigh_joint,BL_calf_joint,BR_calf_joint,FL_calf_joint,FR_calf_joint",330e02f2406e129bb6ed6ec4a6c6bcd5f80d7e7799a2ab087e81eda65d2fae69,"step=001810 mode=stand  vx= 0.000 vy= 0.000 vxy= 0.000 yaw= 0.000 speed=0.08 imu=xsens:live tilt_rp=[+0.4,+0.5]deg imu_corr=0.008 act_max= 0.033 tau_cmd= 4.148 tau_cmd_max= 9.176 cmds=12 bus=can0:12 tau_fb= 3.981 tau_fb_max= 8.808",0.0,0.0,0.0,0.0,0.0,0.0,0.008226846344769001,-0.007261442951858044,-0.9999397993087769,0.0,0.0,0.0,0.0,0.0,0.0,0.0,0.0,0.0,0.0,0.0,0.0,0.0,0.0,0.0,0.0,0.0,0.0,0.0,0.0,0.0,0.0,0.0,0.0,0.0,0.0,0.0,0.0,0.0,0.0,0.0,0.0,0.0,0.0,0.0,0.0,0.0,0.0,0.0,0.25804418325424194,-0.902319073677063,-0.1590643674135208,0.912260890007019,0.262582004070282,-0.2584282159805298,0.4152316451072693,-0.060135964304208755,-1.1413516998291016,0.7067365050315857,-0.7611769437789917,1.0169459581375122,-0.015531867742538452,-0.03340327739715576,0.01899552345275879,0.004933774471282959,0.008477777242660522,-0.0055468082427978516,0.0012044310569763184,-0.006649024784564972,-0.00025260448455810547,0.00607067346572876,-0.010920286178588867,-0.010678887367248535,-0.008820658549666405,-0.00613611051812768,0.004602083005011082,0.007286631036549807,-0.00306805525906384,0.012655727565288544,-0.0034515620209276676,0.013422741554677486,0.008820658549666405,-0.022243401035666466,0.019942358136177063,-0.025694962590932846,0.05264442786574364,-0.004577776417136192,-0.040742211043834686,0.0032044434919953346,-0.037537768483161926,0.04898220673203468,-0.02929776906967163,-0.0196844395250082,-0.0050355540588498116,0.005493331700563431,-0.03387554734945297,0.0013733329251408577,-0.003882966935634613,-0.00835081934928894,0.004748880863189697,0.0012334436178207397,0.0021194443106651306,-0.0013867020606994629,0.0003011077642440796,-0.001662256196141243,0.0,0.0,0.0,-0.002669721841812134,0.0,0.0,0.0,0.0,0.0,0.0,0.0,0.0,0.0,0.0,0.0,0.0
20260709_111233_260179,2026-07-09T11:13:22.764,49.504279,pose,1815,stand,0.0,0.0,0.0,0.0,0.0,0.0,0.0,0.0,0.08,xsens:live,0.008272480219602585,-0.00725990254431963,-0.999939501285553,0.4159796331262505,0.47399606591345333,0.008362755179405212,0.03345102071762085,3.915175676345825,9.670608520507812,12,can0:12,4.018677234649658,9.8953218460083,,"BL_hip_joint,BR_hip_joint,FL_hip_joint,FR_hip_joint,BL_thigh_joint,BR_thigh_joint,FL_thigh_joint,FR_thigh_joint,BL_calf_joint,BR_calf_joint,FL_calf_joint,FR_calf_joint",330e02f2406e129bb6ed6ec4a6c6bcd5f80d7e7799a2ab087e81eda65d2fae69,"step=001815 mode=stand  vx= 0.000 vy= 0.000 vxy= 0.000 yaw= 0.000 speed=0.08 imu=xsens:live tilt_rp=[+0.4,+0.5]deg imu_corr=0.008 act_max= 0.033 tau_cmd= 3.915 tau_cmd_max= 9.671 cmds=12 bus=can0:12 tau_fb= 4.019 tau_fb_max= 9.895",0.0,0.0,0.0,0.0,0.0,0.0,0.008272480219602585,-0.00725990254431963,-0.999939501285553,0.0,0.0,0.0,0.0,0.0,0.0,0.0,0.0,0.0,0.0,0.0,0.0,0.0,0.0,0.0,0.0,0.0,0.0,0.0,0.0,0.0,0.0,0.0,0.0,0.0,0.0,0.0,0.0,0.0,0.0,0.0,0.0,0.0,0.0,0.0,0.0,0.0,0.0,0.0,0.2580932378768921,-0.9023668169975281,-0.1590432971715927,0.9122373461723328,0.2625825107097626,-0.2584279179573059,0.41521310806274414,-0.060116782784461975,-1.141362190246582,0.7067064642906189,-0.7611619234085083,1.01694655418396,-0.015482813119888306,-0.03345102071762085,0.01901659369468689,0.00491023063659668,0.008478283882141113,-0.005546510219573975,0.0011858940124511719,-0.0066298432648181915,-0.0002630949020385742,0.006040632724761963,-0.010905265808105469,-0.010678291320800781,-0.008820658549666405,-0.006519617512822151,0.004985589534044266,0.007286631036549807,-0.00306805525906384,0.012655727565288544,-0.0034515620209276676,0.013422741554677486,0.008820658549666405,-0.022243401035666466,0.019942358136177063,-0.025311455130577087,0.05310220643877983,0.029755547642707825,0.028382213786244392,-0.009613330475986004,-0.040742211043834686,-0.05172887444496155,0.004577776417136192,-0.01144444104284048,0.007324442267417908,0.07232886552810669,0.0027466658502817154,-0.025635547935962677,-0.0038707032799720764,-0.008362755179405212,0.004754148423671722,0.00122755765914917,0.0021195709705352783,-0.0013866275548934937,0.00029647350311279297,-0.0016574608162045479,0.0,0.0,0.0,-0.0026695728302001953,0.0,0.0,0.0,0.0,0.0,0.0,0.0,0.0,0.0,0.0,0.0,0.0
20260709_111233_260179,2026-07-09T11:13:22.896,49.636246,pose,1820,stand,0.0,0.0,0.0,0.0,0.0,0.0,0.0,0.0,0.08,xsens:live,0.008239749819040298,-0.007271008100360632,-0.9999396204948425,0.4166158898558832,0.47212071019897756,0.00836227834224701,0.03344911336898804,4.108309268951416,9.09633731842041,12,can0:12,4.018066883087158,8.961455345153809,,"BL_hip_joint,BR_hip_joint,FL_hip_joint,FR_hip_joint,BL_thigh_joint,BR_thigh_joint,FL_thigh_joint,FR_thigh_joint,BL_calf_joint,BR_calf_joint,FL_calf_joint,FR_calf_joint",330e02f2406e129bb6ed6ec4a6c6bcd5f80d7e7799a2ab087e81eda65d2fae69,"step=001820 mode=stand  vx= 0.000 vy= 0.000 vxy= 0.000 yaw= 0.000 speed=0.08 imu=xsens:live tilt_rp=[+0.4,+0.5]deg imu_corr=0.008 act_max= 0.033 tau_cmd= 4.108 tau_cmd_max= 9.096 cmds=12 bus=can0:12 tau_fb= 4.018 tau_fb_max= 8.961",0.0,0.0,0.0,0.0,0.0,0.0,0.008239749819040298,-0.007271008100360632,-0.9999396204948425,0.0,0.0,0.0,0.0,0.0,0.0,0.0,0.0,0.0,0.0,0.0,0.0,0.0,0.0,0.0,0.0,0.0,0.0,0.0,0.0,0.0,0.0,0.0,0.0,0.0,0.0,0.0,0.0,0.0,0.0,0.0,0.0,0.0,0.0,0.0,0.0,0.0,0.0,0.0,0.25802645087242126,-0.9023649096488953,-0.15903843939304352,0.9122670292854309,0.2625933587551117,-0.25843504071235657,0.415232390165329,-0.060143694281578064,-1.1413524150848389,0.7067427635192871,-0.7611902952194214,1.0169320106506348,-0.01554960012435913,-0.03344911336898804,0.019021451473236084,0.004939913749694824,0.008489131927490234,-0.005553632974624634,0.0012051761150360107,-0.00665675476193428,-0.00025331974029541016,0.006076931953430176,-0.010933637619018555,-0.010692834854125977,-0.008820658549666405,-0.006519617512822151,0.004985589534044266,0.007286631036549807,-0.00306805525906384,0.012655727565288544,-0.0034515620209276676,0.013422741554677486,0.008820658549666405,-0.022243401035666466,0.019942358136177063,-0.025311455130577087,0.008697775192558765,-0.10071108490228653,0.029755547642707825,-0.06546220183372498,-0.022431105375289917,0.03021332435309887,-0.0013733329251408577,-0.0032044434919953346,-0.03479110077023506,0.021973326802253723,0.04669332131743431,0.01235999632626772,-0.0038874000310897827,-0.00836227834224701,0.004755362868309021,0.001234978437423706,0.0021222829818725586,-0.0013884082436561584,0.0003012940287590027,-0.00166418869048357,0.0,0.0,0.0,-0.002673208713531494,0.0,0.0,0.0,0.0,0.0,0.0,0.0,0.0,0.0,0.0,0.0,0.0
20260709_111233_260179,2026-07-09T11:13:23.034,49.773922,pose,1825,stand,0.0,0.0,0.0,0.0,0.0,0.0,0.0,0.0,0.08,xsens:live,0.0082253934815526,-0.007190001662820578,-0.9999403357505798,0.41197423062224553,0.4712978216347973,0.008292347192764282,0.03316938877105713,3.9335129261016846,9.972667694091797,12,can0:12,4.020508289337158,9.291054725646973,,"BL_hip_joint,BR_hip_joint,FL_hip_joint,FR_hip_joint,BL_thigh_joint,BR_thigh_joint,FL_thigh_joint,FR_thigh_joint,BL_calf_joint,BR_calf_joint,FL_calf_joint,FR_calf_joint",330e02f2406e129bb6ed6ec4a6c6bcd5f80d7e7799a2ab087e81eda65d2fae69,"step=001825 mode=stand  vx= 0.000 vy= 0.000 vxy= 0.000 yaw= 0.000 speed=0.08 imu=xsens:live tilt_rp=[+0.4,+0.5]deg imu_corr=0.008 act_max= 0.033 tau_cmd= 3.934 tau_cmd_max= 9.973 cmds=12 bus=can0:12 tau_fb= 4.021 tau_fb_max= 9.291",0.0,0.0,0.0,0.0,0.0,0.0,0.0082253934815526,-0.007190001662820578,-0.9999403357505798,0.0,0.0,0.0,0.0,0.0,0.0,0.0,0.0,0.0,0.0,0.0,0.0,0.0,0.0,0.0,0.0,0.0,0.0,0.0,0.0,0.0,0.0,0.0,0.0,0.0,0.0,0.0,0.0,0.0,0.0,0.0,0.0,0.0,0.0,0.0,0.0,0.0,0.0,0.0,0.2582693099975586,-0.9020851850509644,-0.15920977294445038,0.9121731519699097,0.2625023424625397,-0.25837963819503784,0.41519230604171753,-0.06004210561513901,-1.141364336013794,0.7066314816474915,-0.7610540390014648,1.0170447826385498,-0.015306740999221802,-0.03316938877105713,0.018850117921829224,0.004846036434173584,0.008398115634918213,-0.005498230457305908,0.0011650919914245605,-0.006555166095495224,-0.0002652406692504883,0.0059656500816345215,-0.010797381401062012,-0.010580062866210938,-0.008820658549666405,-0.006519617512822151,0.004985589534044266,0.007286631036549807,-0.00306805525906384,0.012655727565288544,-0.0034515620209276676,0.013422741554677486,0.009204166010022163,-0.022243401035666466,0.019942358136177063,-0.025311455130577087,0.004577776417136192,-0.03021332435309887,0.035248879343271255,0.005493331700563431,0.02059999480843544,-0.009613330475986004,-0.02059999480843544,-0.025177771225571632,0.0068666646257042885,-0.044862210750579834,-0.0869777500629425,0.005493331700563431,-0.0038266852498054504,-0.008292347192764282,0.004712529480457306,0.001211509108543396,0.0020995289087295532,-0.001374557614326477,0.00029127299785614014,-0.001638791523873806,0.0,0.0,0.0,-0.0026450157165527344,0.0,0.0,0.0,0.0,0.0,0.0,0.0,0.0,0.0,0.0,0.0,0.0
20260709_111233_260179,2026-07-09T11:13:23.171,49.911183,pose,1830,stand,0.0,0.0,0.0,0.0,0.0,0.0,0.0,0.0,0.08,xsens:live,0.008197144605219364,-0.007256103679537773,-0.9999400973320007,0.4157617246862815,0.4696794047943963,0.008337944746017456,0.033351778984069824,4.111799716949463,9.544198989868164,12,can0:12,4.148685932159424,9.521775245666504,,"BL_hip_joint,BR_hip_joint,FL_hip_joint,FR_hip_joint,BL_thigh_joint,BR_thigh_joint,FL_thigh_joint,FR_thigh_joint,BL_calf_joint,BR_calf_joint,FL_calf_joint,FR_calf_joint",330e02f2406e129bb6ed6ec4a6c6bcd5f80d7e7799a2ab087e81eda65d2fae69,"step=001830 mode=stand  vx= 0.000 vy= 0.000 vxy= 0.000 yaw= 0.000 speed=0.08 imu=xsens:live tilt_rp=[+0.4,+0.5]deg imu_corr=0.008 act_max= 0.033 tau_cmd= 4.112 tau_cmd_max= 9.544 cmds=12 bus=can0:12 tau_fb= 4.149 tau_fb_max= 9.522",0.0,0.0,0.0,0.0,0.0,0.0,0.008197144605219364,-0.007256103679537773,-0.9999400973320007,0.0,0.0,0.0,0.0,0.0,0.0,0.0,0.0,0.0,0.0,0.0,0.0,0.0,0.0,0.0,0.0,0.0,0.0,0.0,0.0,0.0,0.0,0.0,0.0,0.0,0.0,0.0,0.0,0.0,0.0,0.0,0.0,0.0,0.0,0.0,0.0,0.0,0.0,0.0,0.25803208351135254,-0.902267575263977,-0.15909136831760406,0.9122685790061951,0.26257508993148804,-0.2584241032600403,0.41524019837379456,-0.06014033779501915,-1.1413460969924927,0.7067468762397766,-0.7611761093139648,1.0169535875320435,-0.015543967485427856,-0.033351778984069824,0.018968522548675537,0.004941463470458984,0.008470863103866577,-0.00554269552230835,0.001212984323501587,-0.006653398275375366,-0.00024700164794921875,0.006081044673919678,-0.010919451713562012,-0.010671257972717285,-0.008820658549666405,-0.006519617512822151,0.004602083005011082,0.007286631036549807,-0.00306805525906384,0.012655727565288544,-0.003835069015622139,0.013422741554677486,0.008820658549666405,-0.022243401035666466,0.019558852538466454,-0.025694962590932846,0.03479110077023506,-0.007324442267417908,0.05401776358485222,-0.02700888179242611,-0.07278664410114288,-0.03891110047698021,-0.08056886494159698,-0.07049775868654251,0.0119022186845541,-0.02700888179242611,-0.05218665301799774,-0.01144444104284048,-0.003885991871356964,-0.008337944746017456,0.004742130637168884,0.001235365867614746,0.0021177157759666443,-0.0013856738805770874,0.00030324608087539673,-0.0016633495688438416,0.0,0.0,0.0,-0.0026678144931793213,0.0,0.0,0.0,0.0,0.0,0.0,0.0,0.0,0.0,0.0,0.0,0.0
20260709_111233_260179,2026-07-09T11:13:23.309,50.049039,pose,1835,stand,0.0,0.0,0.0,0.0,0.0,0.0,0.0,0.0,0.08,xsens:live,0.008222953416407108,-0.00718784099444747,-0.9999403953552246,0.4118504079067421,0.4711579892318027,0.008289948105812073,0.03315979242324829,4.11246395111084,10.082531929016113,12,can0:12,4.17615270614624,9.624317169189453,,"BL_hip_joint,BR_hip_joint,FL_hip_joint,FR_hip_joint,BL_thigh_joint,BR_thigh_joint,FL_thigh_joint,FR_thigh_joint,BL_calf_joint,BR_calf_joint,FL_calf_joint,FR_calf_joint",330e02f2406e129bb6ed6ec4a6c6bcd5f80d7e7799a2ab087e81eda65d2fae69,"step=001835 mode=stand  vx= 0.000 vy= 0.000 vxy= 0.000 yaw= 0.000 speed=0.08 imu=xsens:live tilt_rp=[+0.4,+0.5]deg imu_corr=0.008 act_max= 0.033 tau_cmd= 4.112 tau_cmd_max= 10.083 cmds=12 bus=can0:12 tau_fb= 4.176 tau_fb_max= 9.624",0.0,0.0,0.0,0.0,0.0,0.0,0.008222953416407108,-0.00718784099444747,-0.9999403953552246,0.0,0.0,0.0,0.0,0.0,0.0,0.0,0.0,0.0,0.0,0.0,0.0,0.0,0.0,0.0,0.0,0.0,0.0,0.0,0.0,0.0,0.0,0.0,0.0,0.0,0.0,0.0,0.0,0.0,0.0,0.0,0.0,0.0,0.0,0.0,0.0,0.0,0.0,0.0,0.25827401876449585,-0.9020755887031555,-0.15921537578105927,0.9121715426445007,0.2624998688697815,-0.2583780288696289,0.4151918292045593,-0.06004011258482933,-1.1413639783859253,0.7066295146942139,-0.7610512971878052,1.0170478820800781,-0.015302032232284546,-0.03315979242324829,0.018844515085220337,0.0048444271087646484,0.008395642042160034,-0.005496621131896973,0.0011646151542663574,-0.006553173065185547,-0.00026488304138183594,0.005963683128356934,-0.010794639587402344,-0.010576963424682617,-0.008820658549666405,-0.006519617512822151,0.004985589534044266,0.007286631036549807,-0.00306805525906384,0.012655727565288544,-0.0034515620209276676,0.013422741554677486,0.009204166010022163,-0.022243401035666466,0.019942358136177063,-0.025311455130577087,0.008697775192558765,-0.032044436782598495,-0.05493331700563431,0.014648884534835815,0.05218665301799774,-0.001831110566854477,0.008697775192558765,0.04028443247079849,-0.03707998991012573,-0.04943998530507088,-0.022431105375289917,-0.031128879636526108,-0.0038255080580711365,-0.008289948105812073,0.004711128771305084,0.0012111067771911621,0.0020989105105400085,-0.0013741552829742432,0.00029115378856658936,-0.0016382932662963867,0.0,0.0,0.0,-0.0026442408561706543,0.0,0.0,0.0,0.0,0.0,0.0,0.0,0.0,0.0,0.0,0.0,0.0
20260709_111233_260179,2026-07-09T11:13:23.446,50.186603,pose,1840,stand,0.0,0.0,0.0,0.0,0.0,0.0,0.0,0.0,0.08,xsens:live,0.00827652495354414,-0.007153421174734831,-0.9999401569366455,0.4098783790917596,0.47422749931751235,0.008277326822280884,0.033109307289123535,4.012319087982178,10.300625801086426,12,can0:12,4.015625476837158,9.294716835021973,,"BL_hip_joint,BR_hip_joint,FL_hip_joint,FR_hip_joint,BL_thigh_joint,BR_thigh_joint,FL_thigh_joint,FR_thigh_joint,BL_calf_joint,BR_calf_joint,FL_calf_joint,FR_calf_joint",330e02f2406e129bb6ed6ec4a6c6bcd5f80d7e7799a2ab087e81eda65d2fae69,"step=001840 mode=stand  vx= 0.000 vy= 0.000 vxy= 0.000 yaw= 0.000 speed=0.08 imu=xsens:live tilt_rp=[+0.4,+0.5]deg imu_corr=0.008 act_max= 0.033 tau_cmd= 4.012 tau_cmd_max= 10.301 cmds=12 bus=can0:12 tau_fb= 4.016 tau_fb_max= 9.295",0.0,0.0,0.0,0.0,0.0,0.0,0.00827652495354414,-0.007153421174734831,-0.9999401569366455,0.0,0.0,0.0,0.0,0.0,0.0,0.0,0.0,0.0,0.0,0.0,0.0,0.0,0.0,0.0,0.0,0.0,0.0,0.0,0.0,0.0,0.0,0.0,0.0,0.0,0.0,0.0,0.0,0.0,0.0,0.0,0.0,0.0,0.0,0.0,0.0,0.0,0.0,0.0,0.25843557715415955,-0.9020251035690308,-0.15925593674182892,0.9121035933494568,0.2624635398387909,-0.25835561752319336,0.4151516556739807,-0.05997426062822342,-1.1413825750350952,0.7065460085868835,-0.7609767913818359,1.017094373703003,-0.01514047384262085,-0.033109307289123535,0.018803954124450684,0.004776477813720703,0.008359313011169434,-0.005474209785461426,0.0011244416236877441,-0.006487321108579636,-0.0002834796905517578,0.005880177021026611,-0.010720133781433105,-0.010530471801757812,-0.008820658549666405,-0.006519617512822151,0.004602083005011082,0.007286631036549807,-0.00306805525906384,0.012655727565288544,-0.0034515620209276676,0.013422741554677486,0.008820658549666405,-0.022243401035666466,0.019558852538466454,-0.025311455130577087,0.09750663489103317,-0.030671102926135063,-0.08011108636856079,0.02059999480843544,-0.007324442267417908,-0.03662221133708954,-0.0119022186845541,-0.010528885759413242,-0.014191106893122196,0.010528885759413242,-0.029755547642707825,-0.051271095871925354,-0.0037851184606552124,-0.008277326822280884,0.004700988531112671,0.0011941194534301758,0.0020898282527923584,-0.0013685524463653564,0.00028111040592193604,-0.001621830277144909,0.0,0.0,0.0,-0.002632617950439453,0.0,0.0,0.0,0.0,0.0,0.0,0.0,0.0,0.0,0.0,0.0,0.0
20260709_111233_260179,2026-07-09T11:13:23.583,50.323152,pose,1845,stand,0.0,0.0,0.0,0.0,0.0,0.0,0.0,0.0,0.08,xsens:live,0.008296656422317028,-0.007224255241453648,-0.9999395608901978,0.4139371520106588,0.47538122068352134,0.008340656757354736,0.033362627029418945,4.299776077270508,10.730188369750977,12,can0:12,4.018982410430908,9.734183311462402,,"BL_hip_joint,BR_hip_joint,FL_hip_joint,FR_hip_joint,BL_thigh_joint,BR_thigh_joint,FL_thigh_joint,FR_thigh_joint,BL_calf_joint,BR_calf_joint,FL_calf_joint,FR_calf_joint",330e02f2406e129bb6ed6ec4a6c6bcd5f80d7e7799a2ab087e81eda65d2fae69,"step=001845 mode=stand  vx= 0.000 vy= 0.000 vxy= 0.000 yaw= 0.000 speed=0.08 imu=xsens:live tilt_rp=[+0.4,+0.5]deg imu_corr=0.008 act_max= 0.033 tau_cmd= 4.300 tau_cmd_max= 10.730 cmds=12 bus=can0:12 tau_fb= 4.019 tau_fb_max= 9.734",0.0,0.0,0.0,0.0,0.0,0.0,0.008296656422317028,-0.007224255241453648,-0.9999395608901978,0.0,0.0,0.0,0.0,0.0,0.0,0.0,0.0,0.0,0.0,0.0,0.0,0.0,0.0,0.0,0.0,0.0,0.0,0.0,0.0,0.0,0.0,0.0,0.0,0.0,0.0,0.0,0.0,0.0,0.0,0.0,0.0,0.0,0.0,0.0,0.0,0.0,0.0,0.0,0.2582300305366516,-0.9022784233093262,-0.15910211205482483,0.9121816754341125,0.26254358887672424,-0.258404016494751,0.41518348455429077,-0.06006002426147461,-1.1413735151290894,0.706638753414154,-0.7610937356948853,1.0169954299926758,-0.015346020460128784,-0.033362627029418945,0.018957778811454773,0.004854559898376465,0.008439362049102783,-0.005522608757019043,0.0011562705039978027,-0.006573084741830826,-0.00027441978454589844,0.005972921848297119,-0.010837078094482422,-0.010629415512084961,-0.008820658549666405,-0.006519617512822151,0.004985589534044266,0.007286631036549807,-0.00306805525906384,0.012655727565288544,-0.0034515620209276676,0.013422741554677486,0.008820658549666405,-0.022243401035666466,0.019942358136177063,-0.025311455130577087,0.021057771518826485,-0.028382213786244392,0.002288888208568096,0.02609332650899887,-0.020142216235399246,0.008697775192558765,-0.062257759273052216,0.02059999480843544,-0.09018219262361526,0.02288888208568096,0.07232886552810669,-0.06958220154047012,-0.003836505115032196,-0.008340656757354736,0.004739444702863693,0.0012136399745941162,0.002109840512275696,-0.0013806521892547607,0.0002890676259994507,-0.0016432711854577065,0.0,0.0,0.0,-0.0026573538780212402,0.0,0.0,0.0,0.0,0.0,0.0,0.0,0.0,0.0,0.0,0.0,0.0
20260709_111233_260179,2026-07-09T11:13:23.720,50.460338,pose,1850,stand,0.0,0.0,0.0,0.0,0.0,0.0,0.0,0.0,0.08,xsens:live,0.008312962017953396,-0.0071789477951824665,-0.9999397397041321,0.41134113074897644,0.47631536934925606,0.008308440446853638,0.03323376178741455,4.274373531341553,9.480860710144043,12,can0:12,3.9750359058380127,8.79665470123291,,"BL_hip_joint,BR_hip_joint,FL_hip_joint,FR_hip_joint,BL_thigh_joint,BR_thigh_joint,FL_thigh_joint,FR_thigh_joint,BL_calf_joint,BR_calf_joint,FL_calf_joint,FR_calf_joint",330e02f2406e129bb6ed6ec4a6c6bcd5f80d7e7799a2ab087e81eda65d2fae69,"step=001850 mode=stand  vx= 0.000 vy= 0.000 vxy= 0.000 yaw= 0.000 speed=0.08 imu=xsens:live tilt_rp=[+0.4,+0.5]deg imu_corr=0.008 act_max= 0.033 tau_cmd= 4.274 tau_cmd_max= 9.481 cmds=12 bus=can0:12 tau_fb= 3.975 tau_fb_max= 8.797",0.0,0.0,0.0,0.0,0.0,0.0,0.008312962017953396,-0.0071789477951824665,-0.9999397397041321,0.0,0.0,0.0,0.0,0.0,0.0,0.0,0.0,0.0,0.0,0.0,0.0,0.0,0.0,0.0,0.0,0.0,0.0,0.0,0.0,0.0,0.0,0.0,0.0,0.0,0.0,0.0,0.0,0.0,0.0,0.0,0.0,0.0,0.0,0.0,0.0,0.0,0.0,0.0,0.2583901584148407,-0.9021495580673218,-0.1591847836971283,0.9121177792549133,0.2624936103820801,-0.2583736777305603,0.41515156626701355,-0.059994205832481384,-1.141385793685913,0.7065612077713013,-0.7610107660293579,1.01705801486969,-0.015185892581939697,-0.03323376178741455,0.018875107169151306,0.004790663719177246,0.008389383554458618,-0.005492269992828369,0.001124352216720581,-0.006507266312837601,-0.0002866983413696289,0.005895376205444336,-0.010754108428955078,-0.0105668306350708,-0.008820658549666405,-0.006519617512822151,0.004985589534044266,0.007670138031244278,-0.00306805525906384,0.012655727565288544,-0.0034515620209276676,0.013422741554677486,0.008820658549666405,-0.022243401035666466,0.019942358136177063,-0.025311455130577087,-0.02700888179242611,-0.02059999480843544,0.04989776387810707,0.02288888208568096,-0.03799554333090782,0.05172887444496155,0.059053316712379456,-0.010986663401126862,0.026551103219389915,0.03387554734945297,0.06271553784608841,0.03387554734945297,-0.0037964731454849243,-0.008308440446853638,0.0047187767922878265,0.0011976659297943115,0.0020973458886146545,-0.0013730674982070923,0.00028108805418014526,-0.0016268165782094002,0.0,0.0,0.0,-0.0026417076587677,0.0,0.0,0.0,0.0,0.0,0.0,0.0,0.0,0.0,0.0,0.0,0.0
20260709_111233_260179,2026-07-09T11:13:23.857,50.597422,pose,1855,stand,0.0,0.0,0.0,0.0,0.0,0.0,0.0,0.0,0.08,xsens:live,0.008351312018930912,-0.0071848733350634575,-0.9999393224716187,0.411680813892611,0.47851284205771677,0.00832432508468628,0.03329730033874512,3.9855518341064453,8.637140274047852,12,can0:12,4.125491619110107,9.441205978393555,,"BL_hip_joint,BR_hip_joint,FL_hip_joint,FR_hip_joint,BL_thigh_joint,BR_thigh_joint,FL_thigh_joint,FR_thigh_joint,BL_calf_joint,BR_calf_joint,FL_calf_joint,FR_calf_joint",330e02f2406e129bb6ed6ec4a6c6bcd5f80d7e7799a2ab087e81eda65d2fae69,"step=001855 mode=stand  vx= 0.000 vy= 0.000 vxy= 0.000 yaw= 0.000 speed=0.08 imu=xsens:live tilt_rp=[+0.4,+0.5]deg imu_corr=0.008 act_max= 0.033 tau_cmd= 3.986 tau_cmd_max= 8.637 cmds=12 bus=can0:12 tau_fb= 4.125 tau_fb_max= 9.441",0.0,0.0,0.0,0.0,0.0,0.0,0.008351312018930912,-0.0071848733350634575,-0.9999393224716187,0.0,0.0,0.0,0.0,0.0,0.0,0.0,0.0,0.0,0.0,0.0,0.0,0.0,0.0,0.0,0.0,0.0,0.0,0.0,0.0,0.0,0.0,0.0,0.0,0.0,0.0,0.0,0.0,0.0,0.0,0.0,0.0,0.0,0.0,0.0,0.0,0.0,0.0,0.0,0.25840866565704346,-0.9022130966186523,-0.1591518670320511,0.9121068120002747,0.26250189542770386,-0.2583779990673065,0.4151398241519928,-0.05998722463846207,-1.1413930654525757,0.7065465450286865,-0.7610101699829102,1.017048954963684,-0.015167385339736938,-0.03329730033874512,0.018908023834228516,0.004779696464538574,0.008397668600082397,-0.005496591329574585,0.001112610101699829,-0.006500285118818283,-0.00029397010803222656,0.00588071346282959,-0.010753512382507324,-0.01057589054107666,-0.008820658549666405,-0.00613611051812768,0.004985589534044266,0.007670138031244278,-0.00306805525906384,0.012655727565288544,-0.0034515620209276676,0.013422741554677486,0.008820658549666405,-0.022243401035666466,0.019942358136177063,-0.025311455130577087,0.0032044434919953346,0.02288888208568096,0.04211554303765297,0.03570665791630745,-0.008239997550845146,-0.03250221163034439,0.06271553784608841,-0.038453321903944016,0.051271095871925354,0.03479110077023506,0.002288888208568096,0.017853328958153725,-0.0037918463349342346,-0.00832432508468628,0.004727005958557129,0.0011949241161346436,0.0020994171500205994,-0.0013741478323936462,0.0002781525254249573,-0.0016250712797045708,0.0,0.0,0.0,-0.002643972635269165,0.0,0.0,0.0,0.0,0.0,0.0,0.0,0.0,0.0,0.0,0.0,0.0
20260709_111233_260179,2026-07-09T11:13:23.989,50.729569,pose,1860,stand,0.0,0.0,0.0,0.0,0.0,0.0,0.0,0.0,0.08,xsens:live,0.008182686753571033,-0.007284977473318577,-0.999940037727356,0.4174161077334853,0.4688510648046883,0.008357331156730652,0.03342932462692261,3.587278366088867,8.502785682678223,12,can0:12,4.231086254119873,9.822076797485352,,"BL_hip_joint,BR_hip_joint,FL_hip_joint,FR_hip_joint,BL_thigh_joint,BR_thigh_joint,FL_thigh_joint,FR_thigh_joint,BL_calf_joint,BR_calf_joint,FL_calf_joint,FR_calf_joint",330e02f2406e129bb6ed6ec4a6c6bcd5f80d7e7799a2ab087e81eda65d2fae69,"step=001860 mode=stand  vx= 0.000 vy= 0.000 vxy= 0.000 yaw= 0.000 speed=0.08 imu=xsens:live tilt_rp=[+0.4,+0.5]deg imu_corr=0.008 act_max= 0.033 tau_cmd= 3.587 tau_cmd_max= 8.503 cmds=12 bus=can0:12 tau_fb= 4.231 tau_fb_max= 9.822",0.0,0.0,0.0,0.0,0.0,0.0,0.008182686753571033,-0.007284977473318577,-0.999940037727356,0.0,0.0,0.0,0.0,0.0,0.0,0.0,0.0,0.0,0.0,0.0,0.0,0.0,0.0,0.0,0.0,0.0,0.0,0.0,0.0,0.0,0.0,0.0,0.0,0.0,0.0,0.0,0.0,0.0,0.0,0.0,0.0,0.0,0.0,0.0,0.0,0.0,0.0,0.0,0.25792592763900757,-0.9023451209068298,-0.15904103219509125,0.9123112559318542,0.26260673999786377,-0.2584434151649475,0.41526222229003906,-0.06018456444144249,-1.1413376331329346,0.7067984938621521,-0.7612303495407104,1.016913890838623,-0.015650123357772827,-0.03342932462692261,0.019018858671188354,0.004984140396118164,0.00850251317024231,-0.005562007427215576,0.0012350082397460938,-0.006697624921798706,-0.00023853778839111328,0.006132662296295166,-0.010973691940307617,-0.010710954666137695,-0.008820658549666405,-0.00613611051812768,0.004602083005011082,0.007286631036549807,-0.00306805525906384,0.012655727565288544,-0.0034515620209276676,0.013422741554677486,0.008820658549666405,-0.022243401035666466,0.019942358136177063,-0.025311455130577087,0.030671102926135063,-0.04440443217754364,-0.02609332650899887,-0.001831110566854477,0.062257759273052216,0.017853328958153725,0.008697775192558765,-0.010528885759413242,-0.016479995101690292,0.02151555009186268,-0.08651997148990631,0.02288888208568096,-0.003912530839443207,-0.008357331156730652,0.004754714667797089,0.001246035099029541,0.0021256282925605774,-0.001390501856803894,0.00030875205993652344,-0.0016744062304496765,0.0,0.0,0.0,-0.002677738666534424,0.0,0.0,0.0,0.0,0.0,0.0,0.0,0.0,0.0,0.0,0.0,0.0
20260709_111233_260179,2026-07-09T11:13:24.127,50.866915,pose,1865,stand,0.0,0.0,0.0,0.0,0.0,0.0,0.0,0.0,0.08,xsens:live,0.008193588815629482,-0.007248647511005402,-0.9999401569366455,0.4153344898218301,0.46947564655488677,0.00833083689212799,0.03332334756851196,4.1985554695129395,9.046172142028809,12,can0:12,4.012268543243408,9.254432678222656,,"BL_hip_joint,BR_hip_joint,FL_hip_joint,FR_hip_joint,BL_thigh_joint,BR_thigh_joint,FL_thigh_joint,FR_thigh_joint,BL_calf_joint,BR_calf_joint,FL_calf_joint,FR_calf_joint",330e02f2406e129bb6ed6ec4a6c6bcd5f80d7e7799a2ab087e81eda65d2fae69,"step=001865 mode=stand  vx= 0.000 vy= 0.000 vxy= 0.000 yaw= 0.000 speed=0.08 imu=xsens:live tilt_rp=[+0.4,+0.5]deg imu_corr=0.008 act_max= 0.033 tau_cmd= 4.199 tau_cmd_max= 9.046 cmds=12 bus=can0:12 tau_fb= 4.012 tau_fb_max= 9.254",0.0,0.0,0.0,0.0,0.0,0.0,0.008193588815629482,-0.007248647511005402,-0.9999401569366455,0.0,0.0,0.0,0.0,0.0,0.0,0.0,0.0,0.0,0.0,0.0,0.0,0.0,0.0,0.0,0.0,0.0,0.0,0.0,0.0,0.0,0.0,0.0,0.0,0.0,0.0,0.0,0.0,0.0,0.0,0.0,0.0,0.0,0.0,0.0,0.0,0.0,0.0,0.0,0.2580525875091553,-0.9022391438484192,-0.15910884737968445,0.9122610092163086,0.2625665068626404,-0.25841906666755676,0.4152376651763916,-0.06013186648488045,-1.1413466930389404,0.7067376375198364,-0.7611643075942993,1.0169644355773926,-0.015523463487625122,-0.03332334756851196,0.018951043486595154,0.00493389368057251,0.008462280035018921,-0.005537658929824829,0.0012104511260986328,-0.006644926965236664,-0.00024759769439697266,0.006071805953979492,-0.010907649993896484,-0.010660409927368164,-0.008820658549666405,-0.006519617512822151,0.004602083005011082,0.007286631036549807,-0.00306805525906384,0.012655727565288544,-0.0034515620209276676,0.013422741554677486,0.008820658549666405,-0.022243401035666466,0.019558852538466454,-0.025311455130577087,-0.003662221133708954,-0.08194220066070557,0.0476088747382164,-0.04669332131743431,0.08651997148990631,0.06637775897979736,-0.05401776358485222,0.04119998961687088,0.001831110566854477,0.002288888208568096,-0.015564439818263054,0.00045777764171361923,-0.0038808658719062805,-0.00833083689212799,0.0047377608716487885,0.0012334734201431274,0.0021155700087547302,-0.0013844147324562073,0.0003026127815246582,-0.001661231741309166,0.0,0.0,0.0,-0.002665102481842041,0.0,0.0,0.0,0.0,0.0,0.0,0.0,0.0,0.0,0.0,0.0,0.0
20260709_111233_260179,2026-07-09T11:13:24.265,51.005176,pose,1870,stand,0.0,0.0,0.0,0.0,0.0,0.0,0.0,0.0,0.08,xsens:live,0.00814230740070343,-0.0072691417299211025,-0.9999405145645142,0.4165085815052265,0.4665372912673432,0.008332774043083191,0.033331096172332764,4.1780290603637695,9.999222755432129,12,can0:12,4.016235828399658,8.646504402160645,,"BL_hip_joint,BR_hip_joint,FL_hip_joint,FR_hip_joint,BL_thigh_joint,BR_thigh_joint,FL_thigh_joint,FR_thigh_joint,BL_calf_joint,BR_calf_joint,FL_calf_joint,FR_calf_joint",330e02f2406e129bb6ed6ec4a6c6bcd5f80d7e7799a2ab087e81eda65d2fae69,"step=001870 mode=stand  vx= 0.000 vy= 0.000 vxy= 0.000 yaw= 0.000 speed=0.08 imu=xsens:live tilt_rp=[+0.4,+0.5]deg imu_corr=0.008 act_max= 0.033 tau_cmd= 4.178 tau_cmd_max= 9.999 cmds=12 bus=can0:12 tau_fb= 4.016 tau_fb_max= 8.647",0.0,0.0,0.0,0.0,0.0,0.0,0.00814230740070343,-0.0072691417299211025,-0.9999405145645142,0.0,0.0,0.0,0.0,0.0,0.0,0.0,0.0,0.0,0.0,0.0,0.0,0.0,0.0,0.0,0.0,0.0,0.0,0.0,0.0,0.0,0.0,0.0,0.0,0.0,0.0,0.0,0.0,0.0,0.0,0.0,0.0,0.0,0.0,0.0,0.0,0.0,0.0,0.0,0.25793737173080444,-0.90224689245224,-0.15909430384635925,0.9123105406761169,0.26258695125579834,-0.2584320604801178,0.4152688980102539,-0.06017884984612465,-1.1413310766220093,0.7067997455596924,-0.7612137794494629,1.0169367790222168,-0.015638679265975952,-0.033331096172332764,0.01896558701992035,0.004983425140380859,0.00848272442817688,-0.005550652742385864,0.0012416839599609375,-0.0066919103264808655,-0.0002319812774658203,0.006133913993835449,-0.010957121849060059,-0.010688066482543945,-0.008820658549666405,-0.006519617512822151,0.004985589534044266,0.007286631036549807,-0.00306805525906384,0.012655727565288544,-0.0034515620209276676,0.013422741554677486,0.008820658549666405,-0.021859893575310707,0.019558852538466454,-0.025311455130577087,-0.04531998559832573,0.016479995101690292,-0.024262215942144394,-0.06408887356519699,0.02609332650899887,0.025177771225571632,-0.0,0.03570665791630745,0.04989776387810707,-0.002288888208568096,-0.061342205852270126,-0.0393688790500164,-0.003909669816493988,-0.008332774043083191,0.004741396754980087,0.0012458562850952148,0.00212068110704422,-0.001387663185596466,0.0003104209899902344,-0.0016729775816202164,0.0,0.0,0.0,-0.0026720166206359863,0.0,0.0,0.0,0.0,0.0,0.0,0.0,0.0,0.0,0.0,0.0,0.0
20260709_111233_260179,2026-07-09T11:13:24.402,51.142287,pose,1875,stand,0.0,0.0,0.0,0.0,0.0,0.0,0.0,0.0,0.08,xsens:live,0.008104061707854271,-0.0072671095840632915,-0.999940812587738,0.41639202325165264,0.46434585034836406,0.008320212364196777,0.03328084945678711,4.288722038269043,10.010578155517578,12,can0:12,4.144108295440674,8.979765892028809,,"BL_hip_joint,BR_hip_joint,FL_hip_joint,FR_hip_joint,BL_thigh_joint,BR_thigh_joint,FL_thigh_joint,FR_thigh_joint,BL_calf_joint,BR_calf_joint,FL_calf_joint,FR_calf_joint",330e02f2406e129bb6ed6ec4a6c6bcd5f80d7e7799a2ab087e81eda65d2fae69,"step=001875 mode=stand  vx= 0.000 vy= 0.000 vxy= 0.000 yaw= 0.000 speed=0.08 imu=xsens:live tilt_rp=[+0.4,+0.5]deg imu_corr=0.008 act_max= 0.033 tau_cmd= 4.289 tau_cmd_max= 10.011 cmds=12 bus=can0:12 tau_fb= 4.144 tau_fb_max= 8.980",0.0,0.0,0.0,0.0,0.0,0.0,0.008104061707854271,-0.0072671095840632915,-0.999940812587738,0.0,0.0,0.0,0.0,0.0,0.0,0.0,0.0,0.0,0.0,0.0,0.0,0.0,0.0,0.0,0.0,0.0,0.0,0.0,0.0,0.0,0.0,0.0,0.0,0.0,0.0,0.0,0.0,0.0,0.0,0.0,0.0,0.0,0.0,0.0,0.0,0.0,0.0,0.0,0.257906436920166,-0.9021966457366943,-0.15911948680877686,0.9123263359069824,0.2625831365585327,-0.2584301233291626,0.41528305411338806,-0.0601908378303051,-1.1413230895996094,0.7068202495574951,-0.761221170425415,1.0169404745101929,-0.01566961407661438,-0.03328084945678711,0.018940404057502747,0.004999220371246338,0.008478909730911255,-0.005548715591430664,0.0012558400630950928,-0.006703898310661316,-0.00022399425506591797,0.006154417991638184,-0.010964512825012207,-0.010684370994567871,-0.008820658549666405,-0.006519617512822151,0.004602083005011082,0.007286631036549807,-0.00306805525906384,0.012655727565288544,-0.0034515620209276676,0.01380624808371067,0.008820658549666405,-0.022243401035666466,0.019942358136177063,-0.025311455130577087,0.0196844395250082,0.019226660951972008,-0.020142216235399246,-0.028382213786244392,-0.007324442267417908,0.06866664439439774,0.014648884534835815,0.004119998775422573,0.013275551609694958,0.02471999265253544,0.028382213786244392,-0.0398266538977623,-0.003917403519153595,-0.008320212364196777,0.004735101014375687,0.0012498050928115845,0.0021197274327278137,-0.001387178897857666,0.0003139600157737732,-0.001675974577665329,0.0,0.0,0.0,-0.0026710927486419678,0.0,0.0,0.0,0.0,0.0,0.0,0.0,0.0,0.0,0.0,0.0,0.0
20260709_111233_260179,2026-07-09T11:13:24.541,51.281509,pose,1880,stand,0.0,0.0,0.0,0.0,0.0,0.0,0.0,0.0,0.08,xsens:live,0.008090060204267502,-0.0073080360889434814,-0.9999405741691589,0.4187370533349723,0.4635437389224416,0.008349373936653137,0.03339749574661255,3.8701841831207275,9.993942260742188,12,can0:12,4.151432514190674,9.162877082824707,,"BL_hip_joint,BR_hip_joint,FL_hip_joint,FR_hip_joint,BL_thigh_joint,BR_thigh_joint,FL_thigh_joint,FR_thigh_joint,BL_calf_joint,BR_calf_joint,FL_calf_joint,FR_calf_joint",330e02f2406e129bb6ed6ec4a6c6bcd5f80d7e7799a2ab087e81eda65d2fae69,"step=001880 mode=stand  vx= 0.000 vy= 0.000 vxy= 0.000 yaw= 0.000 speed=0.08 imu=xsens:live tilt_rp=[+0.4,+0.5]deg imu_corr=0.008 act_max= 0.033 tau_cmd= 3.870 tau_cmd_max= 9.994 cmds=12 bus=can0:12 tau_fb= 4.151 tau_fb_max= 9.163",0.0,0.0,0.0,0.0,0.0,0.0,0.008090060204267502,-0.0073080360889434814,-0.9999405741691589,0.0,0.0,0.0,0.0,0.0,0.0,0.0,0.0,0.0,0.0,0.0,0.0,0.0,0.0,0.0,0.0,0.0,0.0,0.0,0.0,0.0,0.0,0.0,0.0,0.0,0.0,0.0,0.0,0.0,0.0,0.0,0.0,0.0,0.0,0.0,0.0,0.0,0.0,0.0,0.25776243209838867,-0.9023132920265198,-0.15904468297958374,0.9123837351799011,0.26262831687927246,-0.258457750082016,0.4153112471103668,-0.06025024875998497,-1.1413123607635498,0.7068893909454346,-0.7612956762313843,1.0168839693069458,-0.015813618898391724,-0.03339749574661255,0.019015207886695862,0.005056619644165039,0.008524090051651001,-0.005576342344284058,0.0012840330600738525,-0.0067633092403411865,-0.00021326541900634766,0.006223559379577637,-0.011039018630981445,-0.010740876197814941,-0.008820658549666405,-0.006519617512822151,0.004985589534044266,0.007286631036549807,-0.00306805525906384,0.012655727565288544,-0.0034515620209276676,0.013422741554677486,0.009204166010022163,-0.021859893575310707,0.019942358136177063,-0.025311455130577087,-0.04119998961687088,-0.02929776906967163,0.037537768483161926,-0.027924437075853348,0.05767998471856117,-0.013275551609694958,-0.03662221133708954,-0.02700888179242611,0.04577776417136192,0.07782220095396042,-0.05630664899945259,-0.0393688790500164,-0.003953404724597931,-0.008349373936653137,0.0047538019716739655,0.0012641549110412598,0.0021310225129127502,-0.0013940855860710144,0.00032100826501846313,-0.0016908273100852966,0.0,0.0,0.0,-0.0026852190494537354,0.0,0.0,0.0,0.0,0.0,0.0,0.0,0.0,0.0,0.0,0.0,0.0
20260709_111233_260179,2026-07-09T11:13:24.678,51.418057,pose,1885,stand,0.0,0.0,0.0,0.0,0.0,0.0,0.0,0.0,0.08,xsens:live,0.008172709494829178,-0.007280871272087097,-0.9999401569366455,0.41718078837242073,0.46827935811737786,0.00835108757019043,0.03340435028076172,3.9363107681274414,9.909244537353516,12,can0:12,4.18256139755249,9.389934539794922,,"BL_hip_joint,BR_hip_joint,FL_hip_joint,FR_hip_joint,BL_thigh_joint,BR_thigh_joint,FL_thigh_joint,FR_thigh_joint,BL_calf_joint,BR_calf_joint,FL_calf_joint,FR_calf_joint",330e02f2406e129bb6ed6ec4a6c6bcd5f80d7e7799a2ab087e81eda65d2fae69,"step=001885 mode=stand  vx= 0.000 vy= 0.000 vxy= 0.000 yaw= 0.000 speed=0.08 imu=xsens:live tilt_rp=[+0.4,+0.5]deg imu_corr=0.008 act_max= 0.033 tau_cmd= 3.936 tau_cmd_max= 9.909 cmds=12 bus=can0:12 tau_fb= 4.183 tau_fb_max= 9.390",0.0,0.0,0.0,0.0,0.0,0.0,0.008172709494829178,-0.007280871272087097,-0.9999401569366455,0.0,0.0,0.0,0.0,0.0,0.0,0.0,0.0,0.0,0.0,0.0,0.0,0.0,0.0,0.0,0.0,0.0,0.0,0.0,0.0,0.0,0.0,0.0,0.0,0.0,0.0,0.0,0.0,0.0,0.0,0.0,0.0,0.0,0.0,0.0,0.0,0.0,0.0,0.0,0.25792962312698364,-0.902320146560669,-0.1590547412633896,0.9123108386993408,0.26260170340538025,-0.2584402561187744,0.4152638614177704,-0.060182735323905945,-1.1413359642028809,0.7067990899085999,-0.761225700378418,1.0169202089309692,-0.015646427869796753,-0.03340435028076172,0.019005149602890015,0.004983723163604736,0.008497476577758789,-0.0055588483810424805,0.001236647367477417,-0.006695795804262161,-0.00023686885833740234,0.00613325834274292,-0.010969042778015137,-0.010704636573791504,-0.008820658549666405,-0.006519617512822151,0.004602083005011082,0.007286631036549807,-0.00306805525906384,0.012655727565288544,-0.0034515620209276676,0.013422741554677486,0.008820658549666405,-0.022243401035666466,0.019942358136177063,-0.025694962590932846,-0.021057771518826485,0.0013733329251408577,-0.03250221163034439,-0.01831110566854477,0.04898220673203468,0.021973326802253723,0.06591998040676117,0.002288888208568096,-0.0947599709033966,-0.004577776417136192,0.05264442786574364,-0.02929776906967163,-0.003911606967449188,-0.00835108757019043,0.004751287400722504,0.001245930790901184,0.0021243691444396973,-0.0013897120952606201,0.00030916184186935425,-0.0016739489510655403,0.0,0.0,0.0,-0.002676159143447876,0.0,0.0,0.0,0.0,0.0,0.0,0.0,0.0,0.0,0.0,0.0,0.0
20260709_111233_260179,2026-07-09T11:13:24.815,51.554934,pose,1890,stand,0.0,0.0,0.0,0.0,0.0,0.0,0.0,0.0,0.08,xsens:live,0.00820437353104353,-0.0072634536772966385,-0.9999399781227112,0.4161829011814483,0.47009364472907406,0.008346021175384521,0.033384084701538086,4.142827033996582,8.558004379272461,12,can0:12,4.119998931884766,9.770806312561035,,"BL_hip_joint,BR_hip_joint,FL_hip_joint,FR_hip_joint,BL_thigh_joint,BR_thigh_joint,FL_thigh_joint,FR_thigh_joint,BL_calf_joint,BR_calf_joint,FL_calf_joint,FR_calf_joint",330e02f2406e129bb6ed6ec4a6c6bcd5f80d7e7799a2ab087e81eda65d2fae69,"step=001890 mode=stand  vx= 0.000 vy= 0.000 vxy= 0.000 yaw= 0.000 speed=0.08 imu=xsens:live tilt_rp=[+0.4,+0.5]deg imu_corr=0.008 act_max= 0.033 tau_cmd= 4.143 tau_cmd_max= 8.558 cmds=12 bus=can0:12 tau_fb= 4.120 tau_fb_max= 9.771",0.0,0.0,0.0,0.0,0.0,0.0,0.00820437353104353,-0.0072634536772966385,-0.9999399781227112,0.0,0.0,0.0,0.0,0.0,0.0,0.0,0.0,0.0,0.0,0.0,0.0,0.0,0.0,0.0,0.0,0.0,0.0,0.0,0.0,0.0,0.0,0.0,0.0,0.0,0.0,0.0,0.0,0.0,0.0,0.0,0.0,0.0,0.0,0.0,0.0,0.0,0.0,0.0,0.25801557302474976,-0.9022998809814453,-0.1590729057788849,0.9122744202613831,0.2625833749771118,-0.2584291398525238,0.4152413010597229,-0.06014738976955414,-1.1413463354110718,0.706753134727478,-0.7611870765686035,1.016943097114563,-0.01556047797203064,-0.033384084701538086,0.018986985087394714,0.004947304725646973,0.008479148149490356,-0.00554773211479187,0.0012140870094299316,-0.006660450249910355,-0.0002472400665283203,0.006087303161621094,-0.010930418968200684,-0.010681748390197754,-0.008820658549666405,-0.006519617512822151,0.004985589534044266,0.007286631036549807,-0.00306805525906384,0.012655727565288544,-0.0034515620209276676,0.013422741554677486,0.008820658549666405,-0.022243401035666466,0.019942358136177063,-0.025311455130577087,-0.0869777500629425,-0.013275551609694958,0.02609332650899887,-0.027924437075853348,0.0027466658502817154,0.04440443217754364,0.018768884241580963,-0.004577776417136192,0.016937773674726486,0.030671102926135063,0.024262215942144394,0.04211554303765297,-0.00389011949300766,-0.008346021175384521,0.004746746271848679,0.0012368261814117432,0.002119787037372589,-0.0013869330286979675,0.0003035217523574829,-0.0016651125624775887,0.0,0.0,0.0,-0.0026704370975494385,0.0,0.0,0.0,0.0,0.0,0.0,0.0,0.0,0.0,0.0,0.0,0.0
20260709_111233_260179,2026-07-09T11:13:24.951,51.691482,pose,1895,stand,0.0,0.0,0.0,0.0,0.0,0.0,0.0,0.0,0.08,xsens:live,0.008222286589443684,-0.007202977314591408,-0.9999402761459351,0.41271771115790534,0.47111983932987406,0.008302092552185059,0.033208370208740234,4.085873126983643,9.832451820373535,12,can0:12,3.8966033458709717,8.79299259185791,,"BL_hip_joint,BR_hip_joint,FL_hip_joint,FR_hip_joint,BL_thigh_joint,BR_thigh_joint,FL_thigh_joint,FR_thigh_joint,BL_calf_joint,BR_calf_joint,FL_calf_joint,FR_calf_joint",330e02f2406e129bb6ed6ec4a6c6bcd5f80d7e7799a2ab087e81eda65d2fae69,"step=001895 mode=stand  vx= 0.000 vy= 0.000 vxy= 0.000 yaw= 0.000 speed=0.08 imu=xsens:live tilt_rp=[+0.4,+0.5]deg imu_corr=0.008 act_max= 0.033 tau_cmd= 4.086 tau_cmd_max= 9.832 cmds=12 bus=can0:12 tau_fb= 3.897 tau_fb_max= 8.793",0.0,0.0,0.0,0.0,0.0,0.0,0.008222286589443684,-0.007202977314591408,-0.9999402761459351,0.0,0.0,0.0,0.0,0.0,0.0,0.0,0.0,0.0,0.0,0.0,0.0,0.0,0.0,0.0,0.0,0.0,0.0,0.0,0.0,0.0,0.0,0.0,0.0,0.0,0.0,0.0,0.0,0.0,0.0,0.0,0.0,0.0,0.0,0.0,0.0,0.0,0.0,0.0,0.2582255005836487,-0.9021241664886475,-0.15918505191802979,0.9121906161308289,0.26251667737960815,-0.2583884596824646,0.41520068049430847,-0.06006065383553505,-1.1413613557815552,0.7066524624824524,-0.7610775232315063,1.0170269012451172,-0.015350550413131714,-0.033208370208740234,0.018874838948249817,0.0048635005950927734,0.008412450551986694,-0.005507051944732666,0.001173466444015503,-0.006573714315891266,-0.00026226043701171875,0.005986630916595459,-0.010820865631103516,-0.010597944259643555,-0.008820658549666405,-0.006519617512822151,0.004602083005011082,0.007286631036549807,-0.00306805525906384,0.012655727565288544,-0.0034515620209276676,0.013422741554677486,0.009204166010022163,-0.022243401035666466,0.019558852538466454,-0.025311455130577087,0.08468886464834213,-0.038453321903944016,-0.03662221133708954,0.013275551609694958,-0.02609332650899887,-0.02288888208568096,0.04028443247079849,0.05081331729888916,0.012817773967981339,0.00045777764171361923,-0.013275551609694958,-0.032044436782598495,-0.0038376376032829285,-0.008302092552185059,0.004718709737062454,0.0012158751487731934,0.0021031126379966736,-0.0013767629861831665,0.00029336661100387573,-0.0016434285789728165,0.0,0.0,0.0,-0.0026494860649108887,0.0,0.0,0.0,0.0,0.0,0.0,0.0,0.0,0.0,0.0,0.0,0.0
20260709_111233_260179,2026-07-09T11:13:25.082,51.821961,pose,1900,stand,0.0,0.0,0.0,0.0,0.0,0.0,0.0,0.0,0.08,xsens:live,0.008260846138000488,-0.007266064640134573,-0.999939501285553,0.4163326979437439,0.47332948736721897,0.008364230394363403,0.03345692157745361,4.256158351898193,9.807872772216797,12,can0:12,4.079714298248291,8.939481735229492,,"BL_hip_joint,BR_hip_joint,FL_hip_joint,FR_hip_joint,BL_thigh_joint,BR_thigh_joint,FL_thigh_joint,FR_thigh_joint,BL_calf_joint,BR_calf_joint,FL_calf_joint,FR_calf_joint",330e02f2406e129bb6ed6ec4a6c6bcd5f80d7e7799a2ab087e81eda65d2fae69,"step=001900 mode=stand  vx= 0.000 vy= 0.000 vxy= 0.000 yaw= 0.000 speed=0.08 imu=xsens:live tilt_rp=[+0.4,+0.5]deg imu_corr=0.008 act_max= 0.033 tau_cmd= 4.256 tau_cmd_max= 9.808 cmds=12 bus=can0:12 tau_fb= 4.080 tau_fb_max= 8.939",0.0,0.0,0.0,0.0,0.0,0.0,0.008260846138000488,-0.007266064640134573,-0.999939501285553,0.0,0.0,0.0,0.0,0.0,0.0,0.0,0.0,0.0,0.0,0.0,0.0,0.0,0.0,0.0,0.0,0.0,0.0,0.0,0.0,0.0,0.0,0.0,0.0,0.0,0.0,0.0,0.0,0.0,0.0,0.0,0.0,0.0,0.0,0.0,0.0,0.0,0.0,0.0,0.2580619752407074,-0.9023727178573608,-0.1590370237827301,0.9122505784034729,0.26258882880210876,-0.25843167304992676,0.41522106528282166,-0.06012912839651108,-1.1413581371307373,0.7067224383354187,-0.7611759901046753,1.0169382095336914,-0.015514075756072998,-0.03345692157745361,0.0190228670835495,0.004923462867736816,0.008484601974487305,-0.005550265312194824,0.0011938512325286865,-0.006642188876867294,-0.00025904178619384766,0.006056606769561768,-0.010919332504272461,-0.010686635971069336,-0.008820658549666405,-0.00613611051812768,0.004985589534044266,0.007286631036549807,-0.00306805525906384,0.012655727565288544,-0.0034515620209276676,0.013422741554677486,0.009204166010022163,-0.022243401035666466,0.019942358136177063,-0.025311455130577087,0.023346660658717155,0.04303110018372536,-0.009613330475986004,-0.0,0.06775109469890594,0.02700888179242611,-0.08468886464834213,-0.007324442267417908,0.032959990203380585,-0.03799554333090782,0.016479995101690292,0.05081331729888916,-0.0038785189390182495,-0.008364230394363403,0.004755716770887375,0.001230865716934204,0.002121150493621826,-0.001387566328048706,0.00029846280813217163,-0.0016605472192168236,0.0,0.0,0.0,-0.002671658992767334,0.0,0.0,0.0,0.0,0.0,0.0,0.0,0.0,0.0,0.0,0.0,0.0
20260709_111233_260179,2026-07-09T11:13:25.220,51.960050,pose,1905,stand,0.0,0.0,0.0,0.0,0.0,0.0,0.0,0.0,0.08,xsens:live,0.008321712724864483,-0.007253854535520077,-0.9999390840530396,0.4156332784532662,0.4768170560797964,0.008371889591217041,0.033487558364868164,3.9404499530792236,8.847380638122559,12,can0:12,4.034851551055908,8.814966201782227,,"BL_hip_joint,BR_hip_joint,FL_hip_joint,FR_hip_joint,BL_thigh_joint,BR_thigh_joint,FL_thigh_joint,FR_thigh_joint,BL_calf_joint,BR_calf_joint,FL_calf_joint,FR_calf_joint",330e02f2406e129bb6ed6ec4a6c6bcd5f80d7e7799a2ab087e81eda65d2fae69,"step=001905 mode=stand  vx= 0.000 vy= 0.000 vxy= 0.000 yaw= 0.000 speed=0.08 imu=xsens:live tilt_rp=[+0.4,+0.5]deg imu_corr=0.008 act_max= 0.033 tau_cmd= 3.940 tau_cmd_max= 8.847 cmds=12 bus=can0:12 tau_fb= 4.035 tau_fb_max= 8.815",0.0,0.0,0.0,0.0,0.0,0.0,0.008321712724864483,-0.007253854535520077,-0.9999390840530396,0.0,0.0,0.0,0.0,0.0,0.0,0.0,0.0,0.0,0.0,0.0,0.0,0.0,0.0,0.0,0.0,0.0,0.0,0.0,0.0,0.0,0.0,0.0,0.0,0.0,0.0,0.0,0.0,0.0,0.0,0.0,0.0,0.0,0.0,0.0,0.0,0.0,0.0,0.0,0.25816047191619873,-0.9024033546447754,-0.15902884304523468,0.9122063517570496,0.26257795095443726,-0.25842443108558655,0.4151906371116638,-0.06008969247341156,-1.141373872756958,0.706667423248291,-0.761137843132019,1.0169540643692017,-0.015415579080581665,-0.033487558364868164,0.019031047821044922,0.0048792362213134766,0.008473724126815796,-0.005543023347854614,0.0011634230613708496,-0.0066027529537677765,-0.0002747774124145508,0.006001591682434082,-0.010881185531616211,-0.010670781135559082,-0.008820658549666405,-0.006519617512822151,0.004602083005011082,0.007286631036549807,-0.00306805525906384,0.01227222103625536,-0.0034515620209276676,0.013422741554677486,0.008820658549666405,-0.022243401035666466,0.019942358136177063,-0.025311455130577087,-0.009155552834272385,0.004577776417136192,-0.07599108666181564,0.015106662176549435,0.016022218391299248,-0.0791955292224884,-0.02929776906967163,-0.009613330475986004,-0.0238044373691082,0.05493331700563431,0.027924437075853348,0.008697775192558765,-0.0038538947701454163,-0.008371889591217041,0.0047577619552612305,0.0012198090553283691,0.002118431031703949,-0.0013857558369636536,0.0002908557653427124,-0.0016506882384419441,0.0,0.0,0.0,-0.0026676952838897705,0.0,0.0,0.0,0.0,0.0,0.0,0.0,0.0,0.0,0.0,0.0,0.0
20260709_111233_260179,2026-07-09T11:13:25.357,52.097100,pose,1910,stand,0.0,0.0,0.0,0.0,0.0,0.0,0.0,0.0,0.08,xsens:live,0.00835045799612999,-0.00727190962061286,-0.9999387264251709,0.4166679160885043,0.47846419579006066,0.008394777774810791,0.033579111099243164,4.01229190826416,8.756926536560059,12,can0:12,4.070864200592041,9.177526473999023,,"BL_hip_joint,BR_hip_joint,FL_hip_joint,FR_hip_joint,BL_thigh_joint,BR_thigh_joint,FL_thigh_joint,FR_thigh_joint,BL_calf_joint,BR_calf_joint,FL_calf_joint,FR_calf_joint",330e02f2406e129bb6ed6ec4a6c6bcd5f80d7e7799a2ab087e81eda65d2fae69,"step=001910 mode=stand  vx= 0.000 vy= 0.000 vxy= 0.000 yaw= 0.000 speed=0.08 imu=xsens:live tilt_rp=[+0.4,+0.5]deg imu_corr=0.008 act_max= 0.034 tau_cmd= 4.012 tau_cmd_max= 8.757 cmds=12 bus=can0:12 tau_fb= 4.071 tau_fb_max= 9.178",0.0,0.0,0.0,0.0,0.0,0.0,0.00835045799612999,-0.00727190962061286,-0.9999387264251709,0.0,0.0,0.0,0.0,0.0,0.0,0.0,0.0,0.0,0.0,0.0,0.0,0.0,0.0,0.0,0.0,0.0,0.0,0.0,0.0,0.0,0.0,0.0,0.0,0.0,0.0,0.0,0.0,0.0,0.0,0.0,0.0,0.0,0.0,0.0,0.0,0.0,0.0,0.0,0.25813114643096924,-0.9024949073791504,-0.15897665917873383,0.9122148752212524,0.2625992000102997,-0.2584376037120819,0.41518929600715637,-0.06010212376713753,-1.1413770914077759,0.7066763639450073,-0.761161208152771,1.0169284343719482,-0.015444904565811157,-0.033579111099243164,0.019083231687545776,0.004887759685516357,0.008494973182678223,-0.005556195974349976,0.0011620819568634033,-0.006615184247493744,-0.0002779960632324219,0.006010532379150391,-0.010904550552368164,-0.0106964111328125,-0.008820658549666405,-0.006519617512822151,0.004985589534044266,0.007286631036549807,-0.00306805525906384,0.012655727565288544,-0.0034515620209276676,0.013422741554677486,0.008820658549666405,-0.021859893575310707,0.019558852538466454,-0.025311455130577087,-0.025635547935962677,0.055848874151706696,-0.01144444104284048,-0.012817773967981339,-0.01235999632626772,-0.001831110566854477,0.0013733329251408577,-0.027924437075853348,0.05493331700563431,0.012817773967981339,-0.0787377581000328,0.01235999632626772,-0.0038612261414527893,-0.008394777774810791,0.004770807921886444,0.0012219399213790894,0.0021237432956695557,-0.001389048993587494,0.00029052048921585083,-0.001653796061873436,0.0,0.0,0.0,-0.002674102783203125,0.0,0.0,0.0,0.0,0.0,0.0,0.0,0.0,0.0,0.0,0.0,0.0
20260709_111233_260179,2026-07-09T11:13:25.494,52.234497,pose,1915,stand,0.0,0.0,0.0,0.0,0.0,0.0,0.0,0.0,0.08,xsens:live,0.008279173634946346,-0.007313448935747147,-0.9999390244483948,0.4190478378878164,0.47437979350244397,0.008408010005950928,0.03363204002380371,3.8582570552825928,9.014998435974121,12,can0:12,4.191107273101807,9.20682430267334,,"BL_hip_joint,BR_hip_joint,FL_hip_joint,FR_hip_joint,BL_thigh_joint,BR_thigh_joint,FL_thigh_joint,FR_thigh_joint,BL_calf_joint,BR_calf_joint,FL_calf_joint,FR_calf_joint",330e02f2406e129bb6ed6ec4a6c6bcd5f80d7e7799a2ab087e81eda65d2fae69,"step=001915 mode=stand  vx= 0.000 vy= 0.000 vxy= 0.000 yaw= 0.000 speed=0.08 imu=xsens:live tilt_rp=[+0.4,+0.5]deg imu_corr=0.008 act_max= 0.034 tau_cmd= 3.858 tau_cmd_max= 9.015 cmds=12 bus=can0:12 tau_fb= 4.191 tau_fb_max= 9.207",0.0,0.0,0.0,0.0,0.0,0.0,0.008279173634946346,-0.007313448935747147,-0.9999390244483948,0.0,0.0,0.0,0.0,0.0,0.0,0.0,0.0,0.0,0.0,0.0,0.0,0.0,0.0,0.0,0.0,0.0,0.0,0.0,0.0,0.0,0.0,0.0,0.0,0.0,0.0,0.0,0.0,0.0,0.0,0.0,0.0,0.0,0.0,0.0,0.0,0.0,0.0,0.0,0.25792962312698364,-0.9025478363037109,-0.15893171727657318,0.9123007655143738,0.2626427114009857,-0.2584642171859741,0.4152403473854065,-0.0601847805082798,-1.1413534879684448,0.7067817449569702,-0.7612525224685669,1.0168724060058594,-0.015646427869796753,-0.03363204002380371,0.01912817358970642,0.004973649978637695,0.008538484573364258,-0.0055828094482421875,0.0012131333351135254,-0.006697840988636017,-0.0002543926239013672,0.006115913391113281,-0.010995864868164062,-0.010752439498901367,-0.008820658549666405,-0.006519617512822151,0.004985589534044266,0.007286631036549807,-0.00306805525906384,0.012655727565288544,-0.003835069015622139,0.013422741554677486,0.008820658549666405,-0.022243401035666466,0.019558852538466454,-0.025311455130577087,0.03662221133708954,0.0718710869550705,0.029755547642707825,-0.025177771225571632,0.015106662176549435,-0.07370220124721527,-0.029755547642707825,0.02929776906967163,-0.0393688790500164,0.01739555038511753,-0.04119998961687088,0.0013733329251408577,-0.003911606967449188,-0.008408010005950928,0.004782043397426605,0.0012434124946594238,0.0021346211433410645,-0.0013957023620605469,0.00030328333377838135,-0.0016744602471590042,0.0,0.0,0.0,-0.002688109874725342,0.0,0.0,0.0,0.0,0.0,0.0,0.0,0.0,0.0,0.0,0.0,0.0
20260709_111233_260179,2026-07-09T11:13:25.631,52.371170,pose,1920,stand,0.0,0.0,0.0,0.0,0.0,0.0,0.0,0.0,0.08,xsens:live,0.008278151974081993,-0.007212942466139793,-0.9999397397041321,0.4132888984289801,0.47432091782369956,0.008326023817062378,0.03330409526824951,4.536783695220947,10.038586616516113,12,can0:12,4.034852504730225,9.521775245666504,,"BL_hip_joint,BR_hip_joint,FL_hip_joint,FR_hip_joint,BL_thigh_joint,BR_thigh_joint,FL_thigh_joint,FR_thigh_joint,BL_calf_joint,BR_calf_joint,FL_calf_joint,FR_calf_joint",330e02f2406e129bb6ed6ec4a6c6bcd5f80d7e7799a2ab087e81eda65d2fae69,"step=001920 mode=stand  vx= 0.000 vy= 0.000 vxy= 0.000 yaw= 0.000 speed=0.08 imu=xsens:live tilt_rp=[+0.4,+0.5]deg imu_corr=0.008 act_max= 0.033 tau_cmd= 4.537 tau_cmd_max= 10.039 cmds=12 bus=can0:12 tau_fb= 4.035 tau_fb_max= 9.522",0.0,0.0,0.0,0.0,0.0,0.0,0.008278151974081993,-0.007212942466139793,-0.9999397397041321,0.0,0.0,0.0,0.0,0.0,0.0,0.0,0.0,0.0,0.0,0.0,0.0,0.0,0.0,0.0,0.0,0.0,0.0,0.0,0.0,0.0,0.0,0.0,0.0,0.0,0.0,0.0,0.0,0.0,0.0,0.0,0.0,0.0,0.0,0.0,0.0,0.0,0.0,0.0,0.2582476735115051,-0.9022198915481567,-0.15913479030132294,0.9121765494346619,0.26253026723861694,-0.25839611887931824,0.4151843786239624,-0.060052540153265,-1.1413718461990356,0.7066329121589661,-0.7610790729522705,1.0170118808746338,-0.015328377485275269,-0.03330409526824951,0.018925100564956665,0.004849433898925781,0.008426040410995483,-0.005514711141586304,0.0011571645736694336,-0.006565600633621216,-0.0002727508544921875,0.005967080593109131,-0.010822415351867676,-0.010612964630126953,-0.008820658549666405,-0.006519617512822151,0.004602083005011082,0.007286631036549807,-0.00306805525906384,0.012655727565288544,-0.0034515620209276676,0.013422741554677486,0.008820658549666405,-0.022243401035666466,0.019942358136177063,-0.025311455130577087,0.003662221133708954,-0.08194220066070557,0.05401776358485222,-0.002288888208568096,-0.032959990203380585,-0.006408886983990669,0.019226660951972008,0.029755547642707825,0.05310220643877983,-0.0476088747382164,0.05813775956630707,0.010986663401126862,-0.003832094371318817,-0.008326023817062378,0.004731275141239166,0.0012123584747314453,0.002106510102748871,-0.001378677785396576,0.0002892911434173584,-0.001641400158405304,0.0,0.0,0.0,-0.0026532411575317383,0.0,0.0,0.0,0.0,0.0,0.0,0.0,0.0,0.0,0.0,0.0,0.0
20260709_111233_260179,2026-07-09T11:13:25.768,52.508700,pose,1925,stand,0.0,0.0,0.0,0.0,0.0,0.0,0.0,0.0,0.08,xsens:live,0.008335544727742672,-0.007292245049029589,-0.9999387264251709,0.4178330599140699,0.47760973557582714,0.008406966924667358,0.033627867698669434,4.257998943328857,8.885016441345215,12,can0:12,4.146549701690674,8.818628311157227,,"BL_hip_joint,BR_hip_joint,FL_hip_joint,FR_hip_joint,BL_thigh_joint,BR_thigh_joint,FL_thigh_joint,FR_thigh_joint,BL_calf_joint,BR_calf_joint,FL_calf_joint,FR_calf_joint",330e02f2406e129bb6ed6ec4a6c6bcd5f80d7e7799a2ab087e81eda65d2fae69,"step=001925 mode=stand  vx= 0.000 vy= 0.000 vxy= 0.000 yaw= 0.000 speed=0.08 imu=xsens:live tilt_rp=[+0.4,+0.5]deg imu_corr=0.008 act_max= 0.034 tau_cmd= 4.258 tau_cmd_max= 8.885 cmds=12 bus=can0:12 tau_fb= 4.147 tau_fb_max= 8.819",0.0,0.0,0.0,0.0,0.0,0.0,0.008335544727742672,-0.007292245049029589,-0.9999387264251709,0.0,0.0,0.0,0.0,0.0,0.0,0.0,0.0,0.0,0.0,0.0,0.0,0.0,0.0,0.0,0.0,0.0,0.0,0.0,0.0,0.0,0.0,0.0,0.0,0.0,0.0,0.0,0.0,0.0,0.0,0.0,0.0,0.0,0.0,0.0,0.0,0.0,0.0,0.0,0.2580517530441284,-0.9025436639785767,-0.15894357860088348,0.9122473001480103,0.2626212239265442,-0.25845056772232056,0.4152068495750427,-0.06013481318950653,-1.1413697004318237,0.7067158818244934,-0.7612001895904541,1.0169003009796143,-0.015524297952651978,-0.033627867698669434,0.019116312265396118,0.00492018461227417,0.00851699709892273,-0.005569159984588623,0.0011796355247497559,-0.006647873669862747,-0.00027060508728027344,0.006050050258636475,-0.01094353199005127,-0.010724544525146484,-0.008820658549666405,-0.006519617512822151,0.004602083005011082,0.007286631036549807,-0.00306805525906384,0.012655727565288544,-0.0034515620209276676,0.013422741554677486,0.008820658549666405,-0.022243401035666466,0.019942358136177063,-0.025311455130577087,-0.10528885573148727,-0.021973326802253723,0.00045777764171361923,0.014648884534835815,-0.027466658502817154,0.043946653604507446,-0.015106662176549435,0.04211554303765297,-0.0787377581000328,0.00045777764171361923,-0.014191106893122196,0.01235999632626772,-0.0038810744881629944,-0.008406966924667358,0.0047790780663490295,0.0012300461530685425,0.0021292492747306824,-0.0013922899961471558,0.00029490888118743896,-0.0016619684174656868,0.0,0.0,0.0,-0.002681136131286621,0.0,0.0,0.0,0.0,0.0,0.0,0.0,0.0,0.0,0.0,0.0,0.0
20260709_111233_260179,2026-07-09T11:13:25.906,52.646062,pose,1930,stand,0.0,0.0,0.0,0.0,0.0,0.0,0.0,0.0,0.08,xsens:live,0.008100786246359348,-0.007226261775940657,-0.9999411106109619,0.414051477233958,0.4641580431101555,0.008286133408546448,0.03314453363418579,4.109363555908203,9.34608268737793,12,can0:12,3.99945068359375,9.184850692749023,,"BL_hip_joint,BR_hip_joint,FL_hip_joint,FR_hip_joint,BL_thigh_joint,BR_thigh_joint,FL_thigh_joint,FR_thigh_joint,BL_calf_joint,BR_calf_joint,FL_calf_joint,FR_calf_joint",330e02f2406e129bb6ed6ec4a6c6bcd5f80d7e7799a2ab087e81eda65d2fae69,"step=001930 mode=stand  vx= 0.000 vy= 0.000 vxy= 0.000 yaw= 0.000 speed=0.08 imu=xsens:live tilt_rp=[+0.4,+0.5]deg imu_corr=0.008 act_max= 0.033 tau_cmd= 4.109 tau_cmd_max= 9.346 cmds=12 bus=can0:12 tau_fb= 3.999 tau_fb_max= 9.185",0.0,0.0,0.0,0.0,0.0,0.0,0.008100786246359348,-0.007226261775940657,-0.9999411106109619,0.0,0.0,0.0,0.0,0.0,0.0,0.0,0.0,0.0,0.0,0.0,0.0,0.0,0.0,0.0,0.0,0.0,0.0,0.0,0.0,0.0,0.0,0.0,0.0,0.0,0.0,0.0,0.0,0.0,0.0,0.0,0.0,0.0,0.0,0.0,0.0,0.0,0.0,0.0,0.25803297758102417,-0.902060329914093,-0.15920373797416687,0.9122775197029114,0.26253741979599,-0.2584021985530853,0.41526108980178833,-0.06013823673129082,-1.1413298845291138,0.7067616581916809,-0.7611514329910278,1.016997218132019,-0.015543073415756226,-0.03314453363418579,0.018856152892112732,0.004950404167175293,0.00843319296836853,-0.0055207908153533936,0.0012338757514953613,-0.006651297211647034,-0.0002307891845703125,0.006095826625823975,-0.010894775390625,-0.0106276273727417,-0.008820658549666405,-0.006519617512822151,0.004985589534044266,0.007286631036549807,-0.00306805525906384,0.012655727565288544,-0.0034515620209276676,0.013422741554677486,0.008820658549666405,-0.022243401035666466,0.019942358136177063,-0.025311455130577087,-0.0027466658502817154,-0.02151555009186268,0.05310220643877983,0.053559985011816025,-0.0393688790500164,-0.06500442326068878,0.016479995101690292,0.050355542451143265,-0.030671102926135063,0.036164432764053345,0.003662221133708954,-0.0119022186845541,-0.0038857683539390564,-0.008286133408546448,0.004714038223028183,0.0012376010417938232,0.0021082982420921326,-0.0013801977038383484,0.00030846893787384033,-0.0016628243029117584,0.0,0.0,0.0,-0.002656906843185425,0.0,0.0,0.0,0.0,0.0,0.0,0.0,0.0,0.0,0.0,0.0,0.0
20260709_111233_260179,2026-07-09T11:13:26.043,52.782903,pose,1935,stand,0.0,0.0,0.0,0.0,0.0,0.0,0.0,0.0,0.08,xsens:live,0.008088501170277596,-0.007233095820993185,-0.9999411702156067,0.41444301706054243,0.46345413714739375,0.008288085460662842,0.03315234184265137,3.9673988819122314,8.872762680053711,12,can0:12,4.145939350128174,8.979765892028809,,"BL_hip_joint,BR_hip_joint,FL_hip_joint,FR_hip_joint,BL_thigh_joint,BR_thigh_joint,FL_thigh_joint,FR_thigh_joint,BL_calf_joint,BR_calf_joint,FL_calf_joint,FR_calf_joint",330e02f2406e129bb6ed6ec4a6c6bcd5f80d7e7799a2ab087e81eda65d2fae69,"step=001935 mode=stand  vx= 0.000 vy= 0.000 vxy= 0.000 yaw= 0.000 speed=0.08 imu=xsens:live tilt_rp=[+0.4,+0.5]deg imu_corr=0.008 act_max= 0.033 tau_cmd= 3.967 tau_cmd_max= 8.873 cmds=12 bus=can0:12 tau_fb= 4.146 tau_fb_max= 8.980",0.0,0.0,0.0,0.0,0.0,0.0,0.008088501170277596,-0.007233095820993185,-0.9999411702156067,0.0,0.0,0.0,0.0,0.0,0.0,0.0,0.0,0.0,0.0,0.0,0.0,0.0,0.0,0.0,0.0,0.0,0.0,0.0,0.0,0.0,0.0,0.0,0.0,0.0,0.0,0.0,0.0,0.0,0.0,0.0,0.0,0.0,0.0,0.0,0.0,0.0,0.0,0.0,0.2579994201660156,-0.9020681381225586,-0.1591966599225998,0.9122917056083679,0.2625446915626526,-0.2584064304828644,0.4152696430683136,-0.06015195697546005,-1.1413260698318481,0.706779420375824,-0.7611664533615112,1.0169881582260132,-0.01557663083076477,-0.03315234184265137,0.01886323094367981,0.004964590072631836,0.008440464735031128,-0.005525022745132446,0.0012424290180206299,-0.006665017455816269,-0.0002269744873046875,0.006113588809967041,-0.010909795761108398,-0.010636687278747559,-0.008820658549666405,-0.006519617512822151,0.004985589534044266,0.007286631036549807,-0.00306805525906384,0.012655727565288544,-0.0034515620209276676,0.013422741554677486,0.008820658549666405,-0.022243401035666466,0.019558852538466454,-0.025311455130577087,0.02059999480843544,-0.004119998775422573,0.04211554303765297,-0.050355542451143265,0.01144444104284048,-0.04943998530507088,-0.028382213786244392,0.0009155552834272385,0.037537768483161926,0.026551103219389915,0.02151555009186268,0.007782219909131527,-0.0038941577076911926,-0.008288085460662842,0.004715807735919952,0.001241147518157959,0.002110116183757782,-0.0013812556862831116,0.00031060725450515747,-0.0016662543639540672,0.0,0.0,0.0,-0.0026591718196868896,0.0,0.0,0.0,0.0,0.0,0.0,0.0,0.0,0.0,0.0,0.0,0.0
20260709_111233_260179,2026-07-09T11:13:26.175,52.915026,pose,1940,stand,0.0,0.0,0.0,0.0,0.0,0.0,0.0,0.0,0.08,xsens:live,0.008084786124527454,-0.0072019980289042,-0.9999414682388306,0.41266110983817056,0.463241144044492,0.008261889219284058,0.03304755687713623,3.9857208728790283,9.082771301269531,12,can0:12,4.019897937774658,8.946805953979492,,"BL_hip_joint,BR_hip_joint,FL_hip_joint,FR_hip_joint,BL_thigh_joint,BR_thigh_joint,FL_thigh_joint,FR_thigh_joint,BL_calf_joint,BR_calf_joint,FL_calf_joint,FR_calf_joint",330e02f2406e129bb6ed6ec4a6c6bcd5f80d7e7799a2ab087e81eda65d2fae69,"step=001940 mode=stand  vx= 0.000 vy= 0.000 vxy= 0.000 yaw= 0.000 speed=0.08 imu=xsens:live tilt_rp=[+0.4,+0.5]deg imu_corr=0.008 act_max= 0.033 tau_cmd= 3.986 tau_cmd_max= 9.083 cmds=12 bus=can0:12 tau_fb= 4.020 tau_fb_max= 8.947",0.0,0.0,0.0,0.0,0.0,0.0,0.008084786124527454,-0.0072019980289042,-0.9999414682388306,0.0,0.0,0.0,0.0,0.0,0.0,0.0,0.0,0.0,0.0,0.0,0.0,0.0,0.0,0.0,0.0,0.0,0.0,0.0,0.0,0.0,0.0,0.0,0.0,0.0,0.0,0.0,0.0,0.0,0.0,0.0,0.0,0.0,0.0,0.0,0.0,0.0,0.0,0.0,0.2580943703651428,-0.9019633531570435,-0.15926165878772736,0.9122551679611206,0.26250964403152466,-0.25838586688041687,0.415254145860672,-0.06011229380965233,-1.1413309574127197,0.7067355513572693,-0.761114239692688,1.0170313119888306,-0.015481680631637573,-0.03304755687713623,0.018798232078552246,0.0049280524253845215,0.008405417203903198,-0.0055044591426849365,0.0012269318103790283,-0.006625354290008545,-0.00023186206817626953,0.0060697197914123535,-0.010857582092285156,-0.010593533515930176,-0.008820658549666405,-0.006519617512822151,0.004985589534044266,0.007286631036549807,-0.00306805525906384,0.012655727565288544,-0.0034515620209276676,0.013422741554677486,0.008820658549666405,-0.022243401035666466,0.019558852538466454,-0.025311455130577087,0.053559985011816025,-0.0068666646257042885,0.053559985011816025,0.017853328958153725,-0.040742211043834686,-0.008239997550845146,-0.01739555038511753,-0.015106662176549435,-0.051271095871925354,-0.007782219909131527,-0.0009155552834272385,0.02471999265253544,-0.0038704201579093933,-0.008261889219284058,0.0046995580196380615,0.0012320131063461304,0.0021013543009757996,-0.0013761147856712341,0.0003067329525947571,-0.0016563385725021362,0.0,0.0,0.0,-0.002648383378982544,0.0,0.0,0.0,0.0,0.0,0.0,0.0,0.0,0.0,0.0,0.0,0.0
20260709_111233_260179,2026-07-09T11:13:26.315,53.055120,pose,1945,stand,0.0,0.0,0.0,0.0,0.0,0.0,0.0,0.0,0.08,xsens:live,0.008094633929431438,-0.007122965529561043,-0.9999419450759888,0.40813265383765,0.4638051566381913,0.008200421929359436,0.032801687717437744,4.28502082824707,9.184638977050781,12,can0:12,4.185918807983398,9.11526870727539,,"BL_hip_joint,BR_hip_joint,FL_hip_joint,FR_hip_joint,BL_thigh_joint,BR_thigh_joint,FL_thigh_joint,FR_thigh_joint,BL_calf_joint,BR_calf_joint,FL_calf_joint,FR_calf_joint",330e02f2406e129bb6ed6ec4a6c6bcd5f80d7e7799a2ab087e81eda65d2fae69,"step=001945 mode=stand  vx= 0.000 vy= 0.000 vxy= 0.000 yaw= 0.000 speed=0.08 imu=xsens:live tilt_rp=[+0.4,+0.5]deg imu_corr=0.008 act_max= 0.033 tau_cmd= 4.285 tau_cmd_max= 9.185 cmds=12 bus=can0:12 tau_fb= 4.186 tau_fb_max= 9.115",0.0,0.0,0.0,0.0,0.0,0.0,0.008094633929431438,-0.007122965529561043,-0.9999419450759888,0.0,0.0,0.0,0.0,0.0,0.0,0.0,0.0,0.0,0.0,0.0,0.0,0.0,0.0,0.0,0.0,0.0,0.0,0.0,0.0,0.0,0.0,0.0,0.0,0.0,0.0,0.0,0.0,0.0,0.0,0.0,0.0,0.0,0.0,0.0,0.0,0.0,0.0,0.0,0.25835496187210083,-0.901717483997345,-0.1594158411026001,0.9121524095535278,0.26242202520370483,-0.25833192467689514,0.4152053892612457,-0.060004472732543945,-1.1413480043411255,0.7066116333007812,-0.760974645614624,1.0171406269073486,-0.015221089124679565,-0.032801687717437744,0.018644049763679504,0.004825294017791748,0.008317798376083374,-0.005450516939163208,0.0011781752109527588,-0.006517533212900162,-0.00024890899658203125,0.005945801734924316,-0.010717988014221191,-0.01048421859741211,-0.008820658549666405,-0.006519617512822151,0.004985589534044266,0.007286631036549807,-0.00306805525906384,0.012655727565288544,-0.0034515620209276676,0.013422741554677486,0.008820658549666405,-0.022243401035666466,0.019558852538466454,-0.025311455130577087,-0.014191106893122196,0.038453321903944016,-0.04119998961687088,-0.007324442267417908,-0.01235999632626772,-0.00595110934227705,-0.0476088747382164,0.04028443247079849,0.04531998559832573,0.028382213786244392,-0.0553910955786705,-0.004577776417136192,-0.0038052722811698914,-0.008200421929359436,0.004661012440919876,0.001206323504447937,0.0020794495940208435,-0.001362629234790802,0.0002945438027381897,-0.0016293833032250404,0.0,0.0,0.0,-0.0026210546493530273,0.0,0.0,0.0,0.0,0.0,0.0,0.0,0.0,0.0,0.0,0.0,0.0
20260709_111233_260179,2026-07-09T11:13:26.454,53.193923,pose,1950,stand,0.0,0.0,0.0,0.0,0.0,0.0,0.0,0.0,0.08,xsens:live,0.008072811178863049,-0.006960599217563868,-0.9999432563781738,0.39882914769356853,0.46255420769790084,0.008062213659286499,0.032248854637145996,3.8920581340789795,8.745833396911621,12,can0:12,3.9692373275756836,9.64629077911377,,"BL_hip_joint,BR_hip_joint,FL_hip_joint,FR_hip_joint,BL_thigh_joint,BR_thigh_joint,FL_thigh_joint,FR_thigh_joint,BL_calf_joint,BR_calf_joint,FL_calf_joint,FR_calf_joint",330e02f2406e129bb6ed6ec4a6c6bcd5f80d7e7799a2ab087e81eda65d2fae69,"step=001950 mode=stand  vx= 0.000 vy= 0.000 vxy= 0.000 yaw= 0.000 speed=0.08 imu=xsens:live tilt_rp=[+0.4,+0.5]deg imu_corr=0.008 act_max= 0.032 tau_cmd= 3.892 tau_cmd_max= 8.746 cmds=12 bus=can0:12 tau_fb= 3.969 tau_fb_max= 9.646",0.0,0.0,0.0,0.0,0.0,0.0,0.008072811178863049,-0.006960599217563868,-0.9999432563781738,0.0,0.0,0.0,0.0,0.0,0.0,0.0,0.0,0.0,0.0,0.0,0.0,0.0,0.0,0.0,0.0,0.0,0.0,0.0,0.0,0.0,0.0,0.0,0.0,0.0,0.0,0.0,0.0,0.0,0.0,0.0,0.0,0.0,0.0,0.0,0.0,0.0,0.0,0.0,0.25885021686553955,-0.9011646509170532,-0.15975479781627655,0.9119614958763123,0.26223960518836975,-0.2582205832004547,0.41512244939804077,-0.0597984716296196,-1.1413726806640625,0.7063841223716736,-0.7606998682022095,1.017366886138916,-0.014725834131240845,-0.032248854637145996,0.018305093050003052,0.004634380340576172,0.008135378360748291,-0.005339175462722778,0.0010952353477478027,-0.006311532109975815,-0.00027358531951904297,0.00571829080581665,-0.01044321060180664,-0.010257959365844727,-0.008820658549666405,-0.006519617512822151,0.004602083005011082,0.007286631036549807,-0.00306805525906384,0.012655727565288544,-0.0034515620209276676,0.013422741554677486,0.008820658549666405,-0.022243401035666466,0.019942358136177063,-0.025311455130577087,-0.05401776358485222,-0.03387554734945297,0.010071108117699623,-0.06591998040676117,-0.07736442238092422,0.009155552834272385,0.035248879343271255,-0.047151096165180206,-0.010528885759413242,0.055848874151706696,0.015106662176549435,0.014648884534835815,-0.003681458532810211,-0.008062213659286499,0.004576273262500763,0.001158595085144043,0.0020338445901870728,-0.0013347938656806946,0.0002738088369369507,-0.0015778830274939537,0.0,0.0,0.0,-0.0025644898414611816,0.0,0.0,0.0,0.0,0.0,0.0,0.0,0.0,0.0,0.0,0.0,0.0
20260709_111233_260179,2026-07-09T11:13:26.595,53.334907,pose,1955,stand,0.0,0.0,0.0,0.0,0.0,0.0,0.0,0.0,0.08,xsens:live,0.0080843111500144,-0.007094663102179766,-0.9999421834945679,0.4065109350873774,0.463213598874302,0.008174434304237366,0.03269773721694946,3.7925424575805664,9.236579895019531,12,can0:12,4.135257720947266,9.327676773071289,,"BL_hip_joint,BR_hip_joint,FL_hip_joint,FR_hip_joint,BL_thigh_joint,BR_thigh_joint,FL_thigh_joint,FR_thigh_joint,BL_calf_joint,BR_calf_joint,FL_calf_joint,FR_calf_joint",330e02f2406e129bb6ed6ec4a6c6bcd5f80d7e7799a2ab087e81eda65d2fae69,"step=001955 mode=stand  vx= 0.000 vy= 0.000 vxy= 0.000 yaw= 0.000 speed=0.08 imu=xsens:live tilt_rp=[+0.4,+0.5]deg imu_corr=0.008 act_max= 0.033 tau_cmd= 3.793 tau_cmd_max= 9.237 cmds=12 bus=can0:12 tau_fb= 4.135 tau_fb_max= 9.328",0.0,0.0,0.0,0.0,0.0,0.0,0.0080843111500144,-0.007094663102179766,-0.9999421834945679,0.0,0.0,0.0,0.0,0.0,0.0,0.0,0.0,0.0,0.0,0.0,0.0,0.0,0.0,0.0,0.0,0.0,0.0,0.0,0.0,0.0,0.0,0.0,0.0,0.0,0.0,0.0,0.0,0.0,0.0,0.0,0.0,0.0,0.0,0.0,0.0,0.0,0.0,0.0,0.25843504071235657,-0.9016135334968567,-0.1594780683517456,0.9121217727661133,0.26238957047462463,-0.25831225514411926,0.41519349813461304,-0.059970661997795105,-1.141350269317627,0.7065761685371399,-0.7609286308288574,1.01718008518219,-0.015141010284423828,-0.03269773721694946,0.018581822514533997,0.004794657230377197,0.008285343647003174,-0.005430847406387329,0.0011662840843200684,-0.006483722478151321,-0.0002511739730834961,0.005910336971282959,-0.01067197322845459,-0.0104447603225708,-0.008820658549666405,-0.006519617512822151,0.004985589534044266,0.007286631036549807,-0.00306805525906384,0.012655727565288544,-0.0034515620209276676,0.013422741554677486,0.008820658549666405,-0.022243401035666466,0.019558852538466454,-0.025311455130577087,0.021973326802253723,-0.0238044373691082,-0.037537768483161926,-0.02059999480843544,-0.016022218391299248,-0.013733329251408577,0.030671102926135063,-0.0196844395250082,-0.023346660658717155,-0.014191106893122196,0.007324442267417908,0.0393688790500164,-0.003785252571105957,-0.008174434304237366,0.004645455628633499,0.0011986643075942993,0.0020713359117507935,-0.0013577118515968323,0.0002915710210800171,-0.0016209306195378304,0.0,0.0,0.0,-0.0026111900806427,0.0,0.0,0.0,0.0,0.0,0.0,0.0,0.0,0.0,0.0,0.0,0.0
20260709_111233_260179,2026-07-09T11:13:26.733,53.473021,pose,1960,stand,0.0,0.0,0.0,0.0,0.0,0.0,0.0,0.0,0.08,xsens:live,0.008085791021585464,-0.0070620812475681305,-0.999942421913147,0.4046440214589265,0.46329827816844243,0.008148372173309326,0.032593488693237305,4.552806377410889,10.983894348144531,12,can0:12,3.9857170581817627,9.488815307617188,,"BL_hip_joint,BR_hip_joint,FL_hip_joint,FR_hip_joint,BL_thigh_joint,BR_thigh_joint,FL_thigh_joint,FR_thigh_joint,BL_calf_joint,BR_calf_joint,FL_calf_joint,FR_calf_joint",330e02f2406e129bb6ed6ec4a6c6bcd5f80d7e7799a2ab087e81eda65d2fae69,"step=001960 mode=stand  vx= 0.000 vy= 0.000 vxy= 0.000 yaw= 0.000 speed=0.08 imu=xsens:live tilt_rp=[+0.4,+0.5]deg imu_corr=0.008 act_max= 0.033 tau_cmd= 4.553 tau_cmd_max= 10.984 cmds=12 bus=can0:12 tau_fb= 3.986 tau_fb_max= 9.489",0.0,0.0,0.0,0.0,0.0,0.0,0.008085791021585464,-0.0070620812475681305,-0.999942421913147,0.0,0.0,0.0,0.0,0.0,0.0,0.0,0.0,0.0,0.0,0.0,0.0,0.0,0.0,0.0,0.0,0.0,0.0,0.0,0.0,0.0,0.0,0.0,0.0,0.0,0.0,0.0,0.0,0.0,0.0,0.0,0.0,0.0,0.0,0.0,0.0,0.0,0.0,0.0,0.25854015350341797,-0.9015092849731445,-0.15954306721687317,0.9120810031890869,0.26235324144363403,-0.25829002261161804,0.4151743948459625,-0.05992691218852997,-1.1413568258285522,0.7065265774726868,-0.7608718872070312,1.0172253847122192,-0.015035897493362427,-0.032593488693237305,0.018516823649406433,0.00475388765335083,0.008249014616012573,-0.005408614873886108,0.0011471807956695557,-0.006439972668886185,-0.00025773048400878906,0.005860745906829834,-0.010615229606628418,-0.010399460792541504,-0.008820658549666405,-0.00613611051812768,0.004602083005011082,0.007670138031244278,-0.00306805525906384,0.012655727565288544,-0.0034515620209276676,0.013422741554677486,0.008820658549666405,-0.022243401035666466,0.019558852538466454,-0.025311455130577087,0.013275551609694958,0.008697775192558765,-0.1112399697303772,0.06820886582136154,-0.054475538432598114,0.0238044373691082,0.055848874151706696,-0.044862210750579834,0.0718710869550705,-0.014648884534835815,-0.036164432764053345,-0.0791955292224884,-0.0037589743733406067,-0.008148372173309326,0.004629205912351608,0.0011884719133377075,0.0020622536540031433,-0.001352153718471527,0.0002867951989173889,-0.0016099931672215462,0.0,0.0,0.0,-0.002599865198135376,0.0,0.0,0.0,0.0,0.0,0.0,0.0,0.0,0.0,0.0,0.0,0.0
20260709_111233_260179,2026-07-09T11:13:26.866,53.605958,policy,1965,policy,0.14399999380111694,0.0,0.14399999380111694,0.0,0.3499999940395355,0.0,0.3499999940395355,0.0,0.08,xsens:live,0.008019604720175266,-0.007694433908909559,-0.9999382495880127,0.4408771120573852,0.4595080272576087,0.0,0.019150476902723312,4.470145225524902,8.959770202636719,12,can0:12,4.236579418182373,10.140690803527832,,"BL_hip_joint,BR_hip_joint,FL_hip_joint,FR_hip_joint,BL_thigh_joint,BR_thigh_joint,FL_thigh_joint,FR_thigh_joint,BL_calf_joint,BR_calf_joint,FL_calf_joint,FR_calf_joint",330e02f2406e129bb6ed6ec4a6c6bcd5f80d7e7799a2ab087e81eda65d2fae69,"step=001965 mode=policy vx= 0.144 vy= 0.000 vxy= 0.144 yaw= 0.000 speed=0.08 imu=xsens:live tilt_rp=[+0.4,+0.5]deg imu_corr=0.000 act_max= 0.019 tau_cmd= 4.470 tau_cmd_max= 8.960 cmds=12 bus=can0:12 policy_cmd=[ 0.350, 0.000, 0.000] tau_fb= 4.237 tau_fb_max= 10.141",0.0,0.0,0.0,0.001858919975347817,0.001197308418340981,-0.0010654330253601074,0.008019604720175266,-0.007694433908909559,-0.9999382495880127,0.3499999940395355,0.0,0.0,-0.007286631036549807,-0.0034515620209276676,0.00306805525906384,0.006519617512822151,-0.0034515620209276676,0.012655727565288544,-0.0034515620209276676,0.013422741554677486,0.008820658549666405,-0.022243401035666466,0.019558852538466454,-0.02416093461215496,0.03021332435309887,0.03707998991012573,-0.04257332161068916,-0.03570665791630745,-0.03479110077023506,-0.0009155552834272385,-0.08423108607530594,0.026551103219389915,-0.05722220614552498,0.02059999480843544,0.001831110566854477,0.02929776906967163,0.5470696687698364,-0.820854663848877,-1.3746392726898193,1.765734076499939,2.019659996032715,-1.2419770956039429,1.6412959098815918,-1.6011028289794922,-1.6687304973602295,0.2539563775062561,-0.584700345993042,1.0263186693191528,0.49504774808883667,-0.8431318998336792,-1.3992669582366943,1.9320052862167358,2.0588574409484863,-1.178274393081665,1.5659562349319458,-1.6577311754226685,-1.6995543241500854,0.16911634802818298,-0.5072566270828247,1.0431220531463623,0.004741224925965071,-0.008072749711573124,-0.013397824950516224,0.018496133387088776,0.019150476902723312,-0.0112835131585598,0.014995889738202095,-0.015872055664658546,-0.016273032873868942,0.0016209998866543174,-0.004858630709350109,0.00998780969530344,-0.007286631036549807,-0.0034515620209276676,0.00306805525906384,0.006519617512822151,-0.0034515620209276676,0.012655727565288544,-0.0034515620209276676,0.013422741554677486,0.008820658549666405,-0.022243401035666466,0.019558852538466454,-0.02416093461215496,0.03021332435309887,0.03707998991012573,-0.04257332161068916,-0.03570665791630745,-0.03479110077023506,-0.0009155552834272385,-0.08423108607530594,0.026551103219389915,-0.05722220614552498,0.02059999480843544,0.001831110566854477,0.02929776906967163,0.0011853062314912677,-0.002018187427893281,-0.003349456237629056,0.004624033346772194,0.004787619225680828,-0.00282087828963995,0.0037489724345505238,-0.003968013916164637,0.0,0.0,0.0,0.0,0.0,0.0,0.0,0.0,0.0,0.0,0.0,0.0,0.0,0.0,0.0,0.0
20260709_111233_260179,2026-07-09T11:13:27.000,53.740454,policy,1970,policy,0.14399999380111694,0.0,0.14399999380111694,0.0,0.3499999940395355,0.0,0.3499999940395355,0.0,0.08,xsens:live,0.00790744461119175,-0.00882160384207964,-0.9999298453330994,0.5054630168017094,0.45308554505248333,0.0,0.07361888885498047,6.049172878265381,10.116832733154297,12,can0:12,4.843592643737793,9.444868087768555,,"BL_hip_joint,BR_hip_joint,FL_hip_joint,FR_hip_joint,BL_thigh_joint,BR_thigh_joint,FL_thigh_joint,FR_thigh_joint,BL_calf_joint,BR_calf_joint,FL_calf_joint,FR_calf_joint",330e02f2406e129bb6ed6ec4a6c6bcd5f80d7e7799a2ab087e81eda65d2fae69,"step=001970 mode=policy vx= 0.144 vy= 0.000 vxy= 0.144 yaw= 0.000 speed=0.08 imu=xsens:live tilt_rp=[+0.5,+0.5]deg imu_corr=0.000 act_max= 0.074 tau_cmd= 6.049 tau_cmd_max= 10.117 cmds=12 bus=can0:12 policy_cmd=[ 0.350, 0.000, 0.000] tau_fb= 4.844 tau_fb_max= 9.445",0.0,0.0,0.0,0.006145983934402466,9.909272921504453e-05,0.0027529895305633545,0.00790744461119175,-0.00882160384207964,-0.9999298453330994,0.3499999940395355,0.0,0.0,-0.0057526035234332085,-0.0026845482643693686,-0.00038350690738298,0.009204166010022163,-0.0011505207512527704,0.011505207046866417,-0.00153402762953192,0.01227222103625536,0.009204166010022163,-0.022243401035666466,0.019558852538466454,-0.023777427151799202,-0.04348887503147125,-0.0068666646257042885,-0.028839992359280586,-0.040742211043834686,0.08468886464834213,-0.043946653604507446,0.00045777764171361923,-0.056764427572488785,0.06866664439439774,0.03570665791630745,0.08423108607530594,0.016479995101690292,0.5708568096160889,-0.8514349460601807,-1.2579212188720703,1.9904621839523315,2.1384341716766357,-0.9690989255905151,1.3224447965621948,-1.7659153938293457,-1.76055908203125,0.11020830273628235,-0.2738565504550934,1.2157100439071655,0.5796278119087219,-0.8661829829216003,-1.2267645597457886,1.9994601011276245,2.1324710845947266,-0.9582325220108032,1.295836091041565,-1.7856138944625854,-1.776863694190979,0.09237317740917206,-0.2597193121910095,1.2356795072555542,0.02133256010711193,-0.03187834471464157,-0.04516790434718132,0.07359576225280762,0.07361888885498047,-0.035275984555482864,0.047708697617053986,-0.0657200813293457,-0.0653994008898735,0.003406647825613618,-0.009565393440425396,0.04547726735472679,-0.0057526035234332085,-0.0026845482643693686,-0.00038350690738298,0.009204166010022163,-0.0011505207512527704,0.011505207046866417,-0.00153402762953192,0.01227222103625536,0.009204166010022163,-0.022243401035666466,0.019558852538466454,-0.023777427151799202,-0.04348887503147125,-0.0068666646257042885,-0.028839992359280586,-0.040742211043834686,0.08468886464834213,-0.043946653604507446,0.00045777764171361923,-0.056764427572488785,0.06866664439439774,0.03570665791630745,0.08423108607530594,0.016479995101690292,0.005333140026777983,-0.007969586178660393,-0.01129197608679533,0.018398940563201904,0.018404722213745117,-0.008818996138870716,0.011927174404263496,-0.016430020332336426,0.0,0.0,0.0,0.0,0.0,0.0,0.0,0.0,0.0,0.0,0.0,0.0,0.0,0.0,0.0,0.0
20260709_111233_260179,2026-07-09T11:13:27.128,53.868647,policy,1975,policy,0.14399999380111694,0.0,0.14399999380111694,0.0,0.3499999940395355,0.0,0.3499999940395355,0.0,0.08,xsens:live,0.007750376593321562,-0.00853961892426014,-0.9999335408210754,0.4893047470449,0.44408448967069236,0.0,0.15964184701442719,6.625480651855469,13.16949462890625,12,can0:12,5.526902675628662,10.664387702941895,,"BL_hip_joint,BR_hip_joint,FL_hip_joint,FR_hip_joint,BL_thigh_joint,BR_thigh_joint,FL_thigh_joint,FR_thigh_joint,BL_calf_joint,BR_calf_joint,FL_calf_joint,FR_calf_joint",330e02f2406e129bb6ed6ec4a6c6bcd5f80d7e7799a2ab087e81eda65d2fae69,"step=001975 mode=policy vx= 0.144 vy= 0.000 vxy= 0.144 yaw= 0.000 speed=0.08 imu=xsens:live tilt_rp=[+0.5,+0.4]deg imu_corr=0.000 act_max= 0.160 tau_cmd= 6.625 tau_cmd_max= 13.169 cmds=12 bus=can0:12 policy_cmd=[ 0.350, 0.000, 0.000] tau_fb= 5.527 tau_fb_max= 10.664",0.0,0.0,0.0,0.00419840170070529,0.0009439884452149272,-0.005832313559949398,0.007750376593321562,-0.00853961892426014,-0.9999335408210754,0.3499999940395355,0.0,0.0,-0.004602083005011082,-0.004602083005011082,-0.0026845482643693686,0.01764131709933281,0.008820658549666405,0.00306805525906384,0.007670138031244278,0.0026845482643693686,0.009204166010022163,-0.022243401035666466,0.019558852538466454,-0.023010414093732834,0.047151096165180206,-0.0068666646257042885,0.0238044373691082,0.014648884534835815,0.14786218106746674,-0.1835688352584839,0.13962218165397644,-0.09704886376857758,0.09613330662250519,-0.001831110566854477,-0.04303110018372536,0.03479110077023506,0.6347879767417908,-0.8735337853431702,-1.1467764377593994,1.9223618507385254,2.175579071044922,-0.8903316855430603,1.2048163414001465,-1.8235188722610474,-1.8139761686325073,0.057901397347450256,-0.15999148786067963,1.3312901258468628,0.6520507335662842,-0.9063113927841187,-1.1172741651535034,1.9196269512176514,2.160184860229492,-0.8752895593643188,1.1851435899734497,-1.8070660829544067,-1.8342831134796143,0.025560006499290466,-0.15949402749538422,1.3394885063171387,0.05201544985175133,-0.07228203117847443,-0.0892345979809761,0.1532321721315384,0.15964184701442719,-0.06989382952451706,0.09463531523942947,-0.14427153766155243,-0.14637741446495056,0.002098123310133815,-0.01273198053240776,0.10690359771251678,-0.004602083005011082,-0.004602083005011082,-0.0026845482643693686,0.01764131709933281,0.008820658549666405,0.00306805525906384,0.007670138031244278,0.0026845482643693686,0.009204166010022163,-0.022243401035666466,0.019558852538466454,-0.023010414093732834,0.047151096165180206,-0.0068666646257042885,0.0238044373691082,0.014648884534835815,0.14786218106746674,-0.1835688352584839,0.13962218165397644,-0.09704886376857758,0.09613330662250519,-0.001831110566854477,-0.04303110018372536,0.03479110077023506,0.013003862462937832,-0.018070507794618607,-0.022308649495244026,0.0383080430328846,0.039910461753606796,-0.017473457381129265,0.02365882880985737,-0.03606788441538811,0.0,0.0,0.0,0.0,0.0,0.0,0.0,0.0,0.0,0.0,0.0,0.0,0.0,0.0,0.0,0.0
20260709_111233_260179,2026-07-09T11:13:27.263,54.003029,policy,1980,policy,0.14399999380111694,0.0,0.14399999380111694,0.0,0.3499999940395355,0.0,0.3499999940395355,0.0,0.08,xsens:live,0.007664143573492765,-0.006567444186657667,-0.9999490976333618,0.3763005783461009,0.43913683497762646,0.0,0.27403146028518677,7.013794422149658,13.737465858459473,12,can0:12,6.020386219024658,9.302042007446289,,"BL_hip_joint,BR_hip_joint,FL_hip_joint,FR_hip_joint,BL_thigh_joint,BR_thigh_joint,FL_thigh_joint,FR_thigh_joint,BL_calf_joint,BR_calf_joint,FL_calf_joint,FR_calf_joint",330e02f2406e129bb6ed6ec4a6c6bcd5f80d7e7799a2ab087e81eda65d2fae69,"step=001980 mode=policy vx= 0.144 vy= 0.000 vxy= 0.144 yaw= 0.000 speed=0.08 imu=xsens:live tilt_rp=[+0.4,+0.4]deg imu_corr=0.000 act_max= 0.274 tau_cmd= 7.014 tau_cmd_max= 13.737 cmds=12 bus=can0:12 policy_cmd=[ 0.350, 0.000, 0.000] tau_fb= 6.020 tau_fb_max= 9.302",0.0,0.0,0.0,0.003641098504886031,0.0013016164302825928,-0.009234248660504818,0.007664143573492765,-0.006567444186657667,-0.9999490976333618,0.3499999940395355,0.0,0.0,-0.00306805525906384,-0.009204166010022163,-0.003835069015622139,0.026461975648999214,0.030680552124977112,-0.01380624808371067,0.025311455130577087,-0.018408332020044327,0.009204166010022163,-0.021859893575310707,0.01764131709933281,-0.023393921554088593,-0.035248879343271255,-0.0238044373691082,-0.00595110934227705,0.0874355286359787,0.17578661441802979,-0.027924437075853348,0.09979552775621414,-0.13733328878879547,0.025177771225571632,0.06500442326068878,-0.01831110566854477,-0.007782219909131527,0.8132507801055908,-0.9136219024658203,-0.9295360445976257,1.7635048627853394,2.1159989833831787,-0.722227156162262,1.0119160413742065,-1.7941489219665527,-1.8697433471679688,-0.11109517514705658,0.07355615496635437,1.511614441871643,0.886545717716217,-0.917175829410553,-0.8696545958518982,1.648193597793579,2.0914154052734375,-0.6681274175643921,0.9567459225654602,-1.7801432609558105,-1.8449864387512207,-0.11312003433704376,0.15318745374679565,1.5932128429412842,0.12105146050453186,-0.1256505250930786,-0.11949297040700912,0.2264738827943802,0.27403146028518677,-0.09185329079627991,0.13140682876110077,-0.2439931333065033,-0.252932608127594,-0.015487750060856342,0.020535964518785477,0.21783624589443207,-0.00306805525906384,-0.009204166010022163,-0.003835069015622139,0.026461975648999214,0.030680552124977112,-0.01380624808371067,0.025311455130577087,-0.018408332020044327,0.009204166010022163,-0.021859893575310707,0.01764131709933281,-0.023393921554088593,-0.035248879343271255,-0.0238044373691082,-0.00595110934227705,0.0874355286359787,0.17578661441802979,-0.027924437075853348,0.09979552775621414,-0.13733328878879547,0.025177771225571632,0.06500442326068878,-0.01831110566854477,-0.007782219909131527,0.030262865126132965,-0.03141263127326965,-0.02987324260175228,0.05661847069859505,0.06850786507129669,-0.022963322699069977,0.03285170719027519,-0.060998283326625824,0.0,-0.0038719375152140856,0.005133991129696369,0.0,0.0,0.0,0.0,0.0,0.0,0.0,0.0,0.0,0.0,0.0,0.0,0.0
20260709_111233_260179,2026-07-09T11:13:27.396,54.136683,policy,1985,policy,0.14399999380111694,0.0,0.14399999380111694,0.0,0.3499999940395355,0.0,0.3499999940395355,0.0,0.08,xsens:live,0.007944400422275066,-0.004588719457387924,-0.9999579787254333,0.26292346118717613,0.45519016617346864,0.0,0.41359809041023254,8.941733360290527,15.870890617370605,12,can0:12,8.167363166809082,10.946378707885742,,"BL_hip_joint,BR_hip_joint,FL_hip_joint,FR_hip_joint,BL_thigh_joint,BR_thigh_joint,FL_thigh_joint,FR_thigh_joint,BL_calf_joint,BR_calf_joint,FL_calf_joint,FR_calf_joint",330e02f2406e129bb6ed6ec4a6c6bcd5f80d7e7799a2ab087e81eda65d2fae69,"step=001985 mode=policy vx= 0.144 vy= 0.000 vxy= 0.144 yaw= 0.000 speed=0.08 imu=xsens:live tilt_rp=[+0.3,+0.5]deg imu_corr=0.000 act_max= 0.414 tau_cmd= 8.942 tau_cmd_max= 15.871 cmds=12 bus=can0:12 policy_cmd=[ 0.350, 0.000, 0.000] tau_fb= 8.167 tau_fb_max= 10.946",0.0,0.0,0.0,-0.00010132789611816406,0.0048972670920193195,-0.030753016471862793,0.007944400422275066,-0.004588719457387924,-0.9999579787254333,0.3499999940395355,0.0,0.0,0.004602083005011082,-0.016107289120554924,-0.0026845482643693686,0.036433156579732895,0.05906006321310997,-0.03489912673830986,0.050239402800798416,-0.04487030580639839,0.009204166010022163,-0.022626906633377075,0.02032586559653282,-0.023393921554088593,0.12451551854610443,-0.04531998559832573,-0.031128879636526108,0.007782219909131527,0.18494217097759247,-0.14831995964050293,0.20508438348770142,-0.16525772213935852,0.05859553813934326,0.0027466658502817154,0.06454664468765259,0.017853328958153725,0.9433764815330505,-1.1147050857543945,-0.6578816771507263,1.5274877548217773,1.9850051403045654,-0.5215373039245605,0.7895992994308472,-1.7500919103622437,-1.8406472206115723,-0.2578824758529663,0.2778134047985077,1.7444312572479248,0.858305037021637,-1.184112787246704,-0.6022306084632874,1.5693726539611816,2.0425727367401123,-0.5251237154006958,0.7724310159683228,-1.8313562870025635,-1.8850830793380737,-0.369316041469574,0.2910943925380707,1.7551133632659912,0.17864574491977692,-0.24406670033931732,-0.12531539797782898,0.32417726516723633,0.41359809041023254,-0.10861971229314804,0.16005897521972656,-0.37788125872612,-0.38944706320762634,-0.07498542964458466,0.060039278119802475,0.3629443943500519,0.004602083005011082,-0.016107289120554924,-0.0026845482643693686,0.036433156579732895,0.05906006321310997,-0.03489912673830986,0.050239402800798416,-0.04487030580639839,0.009204166010022163,-0.022626906633377075,0.02032586559653282,-0.023393921554088593,0.12451551854610443,-0.04531998559832573,-0.031128879636526108,0.007782219909131527,0.18494217097759247,-0.14831995964050293,0.20508438348770142,-0.16525772213935852,0.05859553813934326,0.0027466658502817154,0.06454664468765259,0.017853328958153725,0.04466143622994423,-0.06101667508482933,-0.031328849494457245,0.08104431629180908,0.10339952260255814,-0.02715492807328701,0.04001474380493164,-0.09447031468153,0.0,-0.018746357411146164,0.015009819529950619,0.0,0.0,0.0,0.0,0.0,0.0,0.0,0.0,0.0,0.0,0.0,0.0,0.0
20260709_111233_260179,2026-07-09T11:13:27.532,54.271896,policy,1990,policy,0.14399999380111694,0.0,0.14399999380111694,0.0,0.3499999940395355,0.0,0.3499999940395355,0.0,0.08,xsens:live,0.008618474937975407,-0.00035117490915581584,-0.9999628663063049,0.020121586527161457,0.49380835011775415,0.0,0.574805736541748,12.135355949401855,22.968902587890625,12,can0:12,11.325419425964355,17.428510665893555,,"BL_hip_joint,BR_hip_joint,FL_hip_joint,FR_hip_joint,BL_thigh_joint,BR_thigh_joint,FL_thigh_joint,FR_thigh_joint,BL_calf_joint,BR_calf_joint,FL_calf_joint,FR_calf_joint",330e02f2406e129bb6ed6ec4a6c6bcd5f80d7e7799a2ab087e81eda65d2fae69,"step=001990 mode=policy vx= 0.144 vy= 0.000 vxy= 0.144 yaw= 0.000 speed=0.08 imu=xsens:live tilt_rp=[+0.0,+0.5]deg imu_corr=0.000 act_max= 0.575 tau_cmd= 12.135 tau_cmd_max= 22.969 cmds=12 bus=can0:12 policy_cmd=[ 0.350, 0.000, 0.000] tau_fb= 11.325 tau_fb_max= 17.429",0.0,0.0,0.0,-0.029450654983520508,0.008795411325991154,-0.02745688520371914,0.008618474937975407,-0.00035117490915581584,-0.9999628663063049,0.3499999940395355,0.0,0.0,0.012655727565288544,-0.02722899056971073,0.00153402762953192,0.04793836176395416,0.08475502580404282,-0.05330745875835419,0.07363332808017731,-0.06979825347661972,0.009204166010022163,-0.029913539066910744,0.03259808570146561,-0.025311455130577087,0.10025330632925034,-0.08423108607530594,-0.004119998775422573,0.006408886983990669,0.13000884652137756,-0.1185644119977951,0.095675528049469,-0.1341288536787033,-0.044862210750579834,-0.09109774976968765,0.08011108636856079,-0.0393688790500164,0.9005914926528931,-1.2370635271072388,-0.46795395016670227,1.4706006050109863,1.9690388441085815,-0.3489094376564026,0.6432937383651733,-1.8274363279342651,-1.8221079111099243,-0.4788879156112671,0.44525477290153503,1.879811406135559,0.854743480682373,-1.22269606590271,-0.42384621500968933,1.5128122568130493,2.0041542053222656,-0.315564900636673,0.6301395297050476,-1.8849889039993286,-1.8441213369369507,-0.5606509447097778,0.4807650148868561,1.8792170286178589,0.24726033210754395,-0.3521657884120941,-0.12311778217554092,0.43421670794487,0.574805736541748,-0.09163570404052734,0.18170155584812164,-0.5411121249198914,-0.5302155613899231,-0.15928758680820465,0.1375933736562729,0.5410211086273193,0.012655727565288544,-0.02722899056971073,0.00153402762953192,0.04793836176395416,0.08475502580404282,-0.05330745875835419,0.07363332808017731,-0.06979825347661972,0.009204166010022163,-0.029913539066910744,0.03259808570146561,-0.025311455130577087,0.10025330632925034,-0.08423108607530594,-0.004119998775422573,0.006408886983990669,0.13000884652137756,-0.1185644119977951,0.095675528049469,-0.1341288536787033,-0.044862210750579834,-0.09109774976968765,0.08011108636856079,-0.0393688790500164,0.061815083026885986,-0.08804144710302353,-0.03077944554388523,0.1085541769862175,0.143701434135437,-0.022908926010131836,0.04542538896203041,-0.13527803122997284,0.0,-0.03982189670205116,0.03439834341406822,0.0,0.0,0.0,0.0,0.0,0.0,0.0,0.0,0.0,0.0,0.0,0.0,0.0
20260709_111233_260179,2026-07-09T11:13:27.665,54.405343,policy,1995,policy,0.14399999380111694,0.0,0.14399999380111694,0.0,0.3499999940395355,0.0,0.3499999940395355,0.0,0.08,xsens:live,0.009891413152217865,0.0028496289160102606,-0.9999470114707947,-0.16327992004090736,0.5667477741317885,0.0,0.7467839121818542,16.527666091918945,28.456384658813477,12,can0:12,15.037995338439941,26.917325973510742,,"BL_hip_joint,BR_hip_joint,FL_hip_joint,FR_hip_joint,BL_thigh_joint,BR_thigh_joint,FL_thigh_joint,FR_thigh_joint,BL_calf_joint,BR_calf_joint,FL_calf_joint,FR_calf_joint",330e02f2406e129bb6ed6ec4a6c6bcd5f80d7e7799a2ab087e81eda65d2fae69,"step=001995 mode=policy vx= 0.144 vy= 0.000 vxy= 0.144 yaw= 0.000 speed=0.08 imu=xsens:live tilt_rp=[-0.2,+0.6]deg imu_corr=0.000 act_max= 0.747 tau_cmd= 16.528 tau_cmd_max= 28.456 cmds=12 bus=can0:12 policy_cmd=[ 0.350, 0.000, 0.000] tau_fb= 15.038 tau_fb_max= 26.917",0.0,0.0,0.0,0.004713982343673706,0.007986278273165226,-0.017958879470825195,0.009891413152217865,0.0028496289160102606,-0.9999470114707947,0.3499999940395355,0.0,0.0,0.019175345078110695,-0.036049649119377136,0.00421857601031661,0.05944357067346573,0.10699842870235443,-0.06979825347661972,0.0924251601099968,-0.09127464145421982,0.01035468652844429,-0.0410352386534214,0.04602082818746567,-0.029913539066910744,0.021973326802253723,-0.06500442326068878,0.1190221905708313,0.07690664380788803,0.13779106736183167,-0.1501510739326477,0.05951109528541565,-0.17899106442928314,0.01831110566854477,-0.1428266316652298,0.010986663401126862,0.00045777764171361923,0.8226534724235535,-1.2086304426193237,-0.3589453101158142,1.4623583555221558,2.126610040664673,-0.2934873104095459,0.6033551096916199,-1.968447208404541,-1.8286645412445068,-0.6117711663246155,0.5305143594741821,1.9040659666061401,0.9892195463180542,-1.114967703819275,-0.40619948506355286,1.359734296798706,1.9367676973342896,-0.17857185006141663,0.5601030588150024,-1.8183872699737549,-1.741175651550293,-0.6222023963928223,0.6488990783691406,1.9831534624099731,0.3680649697780609,-0.425043523311615,-0.15175732970237732,0.5174111723899841,0.7342361211776733,-0.07187642902135849,0.2132653146982193,-0.692669153213501,-0.661256730556488,-0.23429961502552032,0.2407747209072113,0.7467839121818542,0.019175345078110695,-0.036049649119377136,0.00421857601031661,0.05944357067346573,0.10699842870235443,-0.06979825347661972,0.0924251601099968,-0.09127464145421982,0.01035468652844429,-0.0410352386534214,0.04602082818746567,-0.029913539066910744,0.021973326802253723,-0.06500442326068878,0.1190221905708313,0.07690664380788803,0.13779106736183167,-0.1501510739326477,0.05951109528541565,-0.17899106442928314,0.01831110566854477,-0.1428266316652298,0.010986663401126862,0.00045777764171361923,0.09201624244451523,-0.10626088082790375,-0.03793933242559433,0.12935279309749603,0.18355903029441833,-0.017969107255339622,0.053316328674554825,-0.17316728830337524,0.0,-0.05857490375638008,0.060193680226802826,0.0,0.0,0.0,0.0,0.0,0.0,0.0,0.0,0.0,0.0,0.0,0.0,0.0
20260709_111233_260179,2026-07-09T11:13:27.799,54.539746,policy,2000,policy,0.14399999380111694,0.0,0.14399999380111694,0.0,0.3499999940395355,0.0,0.3499999940395355,0.0,0.08,xsens:live,0.010931958444416523,0.00622644042596221,-0.9999209046363831,-0.35677236600326223,0.6263796708257077,0.0,0.950050950050354,19.502126693725586,33.91688537597656,12,can0:12,18.2106990814209,30.744346618652344,,"BL_hip_joint,BR_hip_joint,FL_hip_joint,FR_hip_joint,BL_thigh_joint,BR_thigh_joint,FL_thigh_joint,FR_thigh_joint,BL_calf_joint,BR_calf_joint,FL_calf_joint,FR_calf_joint",330e02f2406e129bb6ed6ec4a6c6bcd5f80d7e7799a2ab087e81eda65d2fae69,"step=002000 mode=policy vx= 0.144 vy= 0.000 vxy= 0.144 yaw= 0.000 speed=0.08 imu=xsens:live tilt_rp=[-0.4,+0.6]deg imu_corr=0.000 act_max= 0.950 tau_cmd= 19.502 tau_cmd_max= 33.917 cmds=12 bus=can0:12 policy_cmd=[ 0.350, 0.000, 0.000] tau_fb= 18.211 tau_fb_max= 30.744",0.0,0.0,0.0,-0.05296618491411209,0.006916375365108252,-0.02059340849518776,0.010931958444416523,0.00622644042596221,-0.9999209046363831,0.3499999940395355,0.0,0.0,0.026461975648999214,-0.04602082818746567,0.0057526035234332085,0.07363332808017731,0.13077585399150848,-0.08552204072475433,0.11351804435253143,-0.11543557792901993,0.011505207046866417,-0.05675902217626572,0.06673020124435425,-0.03566614165902138,0.002288888208568096,-0.05813775956630707,0.016479995101690292,0.22522659599781036,0.15564440190792084,-0.09613330662250519,0.11627551913261414,-0.13092440366744995,-0.0119022186845541,-0.08926664292812347,0.06088442727923393,-0.01831110566854477,1.0143131017684937,-1.2992397546768188,-0.29284483194351196,1.3030941486358643,1.8246066570281982,-0.14656950533390045,0.5097640752792358,-1.8077274560928345,-1.729127049446106,-0.6568813920021057,0.6298836469650269,2.054340124130249,1.164362907409668,-1.1963293552398682,-0.33634063601493835,1.0883562564849854,1.7360215187072754,-0.09161899238824844,0.49193570017814636,-1.7439324855804443,-1.634169578552246,-0.6023240685462952,0.7230614423751831,2.1480655670166016,0.5438368320465088,-0.5741032361984253,-0.157433420419693,0.5300422310829163,0.830383837223053,-0.04720800742506981,0.23462651669979095,-0.8323887586593628,-0.782121479511261,-0.28900769352912903,0.3376798629760742,0.950050950050354,0.026461975648999214,-0.04602082818746567,0.0057526035234332085,0.07363332808017731,0.13077585399150848,-0.08552204072475433,0.11351804435253143,-0.11543557792901993,0.011505207046866417,-0.05675902217626572,0.06673020124435425,-0.03566614165902138,0.002288888208568096,-0.05813775956630707,0.016479995101690292,0.22522659599781036,0.15564440190792084,-0.09613330662250519,0.11627551913261414,-0.13092440366744995,-0.0119022186845541,-0.08926664292812347,0.06088442727923393,-0.01831110566854477,0.1359592080116272,-0.14352580904960632,-0.03935835510492325,0.13251055777072906,0.20759595930576324,-0.011802001856267452,0.05865662917494774,-0.2080971896648407,0.0,-0.07225192338228226,0.08441996574401855,0.0,0.0,0.0,0.0,0.0,0.0,0.0,0.0,0.0,0.0,0.0,0.0,0.0
20260709_111233_260179,2026-07-09T11:13:27.928,54.668289,policy,2005,policy,0.14399999380111694,0.0,0.14399999380111694,0.0,0.3499999940395355,0.0,0.3499999940395355,0.0,0.08,xsens:live,0.012047702446579933,0.010567768476903439,-0.9998716115951538,-0.6055437332523473,0.6903377312019036,0.0,1.1520369052886963,20.491453170776367,35.0,12,can0:12,20.083620071411133,34.04766845703125,,"BL_hip_joint,BR_hip_joint,FL_hip_joint,FR_hip_joint,BL_thigh_joint,BR_thigh_joint,FL_thigh_joint,FR_thigh_joint,BL_calf_joint,BR_calf_joint,FL_calf_joint,FR_calf_joint",330e02f2406e129bb6ed6ec4a6c6bcd5f80d7e7799a2ab087e81eda65d2fae69,"step=002005 mode=policy vx= 0.144 vy= 0.000 vxy= 0.144 yaw= 0.000 speed=0.08 imu=xsens:live tilt_rp=[-0.6,+0.7]deg imu_corr=0.000 act_max= 1.152 tau_cmd= 20.491 tau_cmd_max= 35.000 cmds=12 bus=can0:12 policy_cmd=[ 0.350, 0.000, 0.000] tau_fb= 20.084 tau_fb_max= 34.048",0.0,0.0,0.0,-0.0067442660219967365,0.025185197591781616,-0.03272294998168945,0.012047702446579933,0.010567768476903439,-0.9998716115951538,0.3499999940395355,0.0,0.0,0.03221457824110985,-0.06021058186888695,0.011121700517833233,0.08667255938053131,0.1576213389635086,-0.10124582052230835,0.13269339501857758,-0.1380624771118164,0.011888713575899601,-0.0709487795829773,0.07670138031244278,-0.03796718269586563,-0.03707998991012573,-0.10116885602474213,0.08468886464834213,0.1904354989528656,0.18448439240455627,-0.1432843953371048,0.1670888364315033,-0.1359599530696869,-0.035248879343271255,-0.12131107598543167,-0.053559985011816025,-0.020142216235399246,1.2054862976074219,-1.253745198249817,-0.341843843460083,0.9527229070663452,1.571655035018921,-0.0871405154466629,0.481949120759964,-1.6270917654037476,-1.5398404598236084,-0.5525802373886108,0.6648341417312622,2.1716268062591553,1.3233872652053833,-1.213089942932129,-0.4008532762527466,0.7228480577468872,1.5176135301589966,-0.12656083703041077,0.4610127806663513,-1.5560559034347534,-1.430578351020813,-0.39453786611557007,0.6599420309066772,2.2319066524505615,0.7491421103477478,-0.7036303281784058,-0.22462698817253113,0.4407210350036621,0.8809004426002502,-0.07012639194726944,0.2675536274909973,-0.9049348831176758,-0.8358135223388672,-0.24267123639583588,0.37950363755226135,1.1520369052886963,0.03221457824110985,-0.06021058186888695,0.011121700517833233,0.08667255938053131,0.1576213389635086,-0.10124582052230835,0.13269339501857758,-0.1380624771118164,0.011888713575899601,-0.0709487795829773,0.07670138031244278,-0.03796718269586563,-0.03707998991012573,-0.10116885602474213,0.08468886464834213,0.1904354989528656,0.18448439240455627,-0.1432843953371048,0.1670888364315033,-0.1359599530696869,-0.035248879343271255,-0.12131107598543167,-0.053559985011816025,-0.020142216235399246,0.14641214907169342,-0.17590758204460144,-0.05615674704313278,0.11018025875091553,0.22022511065006256,-0.022330624982714653,0.06688840687274933,-0.22623372077941895,0.0,-0.06066780909895897,0.09487590938806534,0.0,0.0,0.0,0.0,0.0,0.0,-1.942890293094024e-16,0.0,0.0,0.0,0.0,0.0,0.0
20260709_111233_260179,2026-07-09T11:13:28.065,54.805256,policy,2010,policy,0.14399999380111694,0.0,0.14399999380111694,0.0,0.3499999940395355,0.0,0.3499999940395355,0.0,0.08,xsens:live,0.013497048988938332,0.013028368353843689,-0.9998241066932678,-0.7465595899947957,0.7734130108382211,0.0,1.354215145111084,20.021528244018555,35.0,12,can0:12,19.73540496826172,36.88955307006836,,"BL_hip_joint,BR_hip_joint,FL_hip_joint,FR_hip_joint,BL_thigh_joint,BR_thigh_joint,FL_thigh_joint,FR_thigh_joint,BL_calf_joint,BR_calf_joint,FL_calf_joint,FR_calf_joint",330e02f2406e129bb6ed6ec4a6c6bcd5f80d7e7799a2ab087e81eda65d2fae69,"step=002010 mode=policy vx= 0.144 vy= 0.000 vxy= 0.144 yaw= 0.000 speed=0.08 imu=xsens:live tilt_rp=[-0.7,+0.8]deg imu_corr=0.000 act_max= 1.354 tau_cmd= 20.022 tau_cmd_max= 35.000 cmds=12 bus=can0:12 policy_cmd=[ 0.350, 0.000, 0.000] tau_fb= 19.735 tau_fb_max= 36.890",0.0,0.0,0.0,-0.03433525934815407,-0.00349581241607666,-0.00678300904110074,0.013497048988938332,0.013028368353843689,-0.9998241066932678,0.3499999940395355,0.0,0.0,0.036049649119377136,-0.06864773482084274,0.007670138031244278,0.09319217503070831,0.18600085377693176,-0.12348922342061996,0.16299043595790863,-0.16452446579933167,0.011888713575899601,-0.06979825347661972,0.07171578705310822,-0.03911770507693291,0.020142216235399246,-0.009613330475986004,-0.018768884241580963,0.12268441170454025,0.15655995905399323,-0.1991332769393921,0.2641376852989197,-0.21011993288993835,-0.014648884534835815,-0.08651997148990631,-0.06271553784608841,-0.08560442179441452,1.2401776313781738,-1.1530767679214478,-0.4232305586338043,0.828761637210846,1.5153571367263794,-0.2788820266723633,0.72700434923172,-1.4359781742095947,-1.383020281791687,-0.37289780378341675,0.4659941494464874,2.059431791305542,1.2122904062271118,-1.1495164632797241,-0.43194523453712463,0.7692327499389648,1.5036522150039673,-0.3634536862373352,0.731828510761261,-1.429071307182312,-1.3462251424789429,-0.26954925060272217,0.4178355038166046,2.02315092086792,0.8202328085899353,-0.782620906829834,-0.29027727246284485,0.5334901809692383,1.0221495628356934,-0.23613014817237854,0.4949566125869751,-0.9728085398674011,-0.919522762298584,-0.19777965545654297,0.28753095865249634,1.354215145111084,0.036049649119377136,-0.06864773482084274,0.007670138031244278,0.09319217503070831,0.18600085377693176,-0.12348922342061996,0.16299043595790863,-0.16452446579933167,0.011888713575899601,-0.06979825347661972,0.07171578705310822,-0.03911770507693291,0.020142216235399246,-0.009613330475986004,-0.018768884241580963,0.12268441170454025,0.15655995905399323,-0.1991332769393921,0.2641376852989197,-0.21011993288993835,-0.014648884534835815,-0.08651997148990631,-0.06271553784608841,-0.08560442179441452,0.15406213700771332,-0.18595828115940094,-0.07256931811571121,0.13337254524230957,0.25553739070892334,-0.059032537043094635,0.12373915314674377,-0.24320213496685028,0.0,-0.04944491386413574,0.07188273966312408,0.0,0.0,0.0,0.0,0.0,0.0,0.0,0.0,0.0,0.0,0.0,0.0,0.0
20260709_111233_260179,2026-07-09T11:13:28.201,54.940840,policy,2015,policy,0.14399999380111694,0.0,0.14399999380111694,0.0,0.3499999940395355,0.0,0.3499999940395355,0.0,0.08,xsens:live,0.013878071680665016,0.01841292716562748,-0.9997341632843018,-1.0551442463111467,0.7953152886604581,0.0,1.4626274108886719,15.509807586669922,35.0,12,can0:12,13.321633338928223,26.034730911254883,,"BL_hip_joint,BR_hip_joint,FL_hip_joint,FR_hip_joint,BL_thigh_joint,BR_thigh_joint,FL_thigh_joint,FR_thigh_joint,BL_calf_joint,BR_calf_joint,FL_calf_joint,FR_calf_joint",330e02f2406e129bb6ed6ec4a6c6bcd5f80d7e7799a2ab087e81eda65d2fae69,"step=002015 mode=policy vx= 0.144 vy= 0.000 vxy= 0.144 yaw= 0.000 speed=0.08 imu=xsens:live tilt_rp=[-1.1,+0.8]deg imu_corr=0.000 act_max= 1.463 tau_cmd= 15.510 tau_cmd_max= 35.000 cmds=12 bus=can0:12 policy_cmd=[ 0.350, 0.000, 0.000] tau_fb= 13.322 tau_fb_max= 26.035",0.0,0.0,0.0,-0.015144051983952522,-0.014416875317692757,-0.0016555191250517964,0.013878071680665016,0.01841292716562748,-0.9997341632843018,0.3499999940395355,0.0,0.0,0.03911770507693291,-0.07670138031244278,0.004602083005011082,0.09472620487213135,0.21514737606048584,-0.14343157410621643,0.1998070925474167,-0.19482150673866272,0.010738193057477474,-0.06481266766786575,0.0644291564822197,-0.03758367523550987,0.19455549120903015,-0.7031464576721191,0.0796533077955246,0.03570665791630745,0.2623066008090973,0.6440931558609009,0.21195104718208313,-0.21881771087646484,-0.05813775956630707,-0.47151097655296326,-0.013733329251408577,-0.032044436782598495,1.2167861461639404,-1.2022032737731934,-0.3318953216075897,0.7973599433898926,1.2094248533248901,-0.4074062705039978,0.8074321746826172,-1.183323621749878,-1.2673248052597046,-0.31280970573425293,0.3578377664089203,1.9370545148849487,1.0050055980682373,-0.9745970964431763,-0.24845486879348755,0.934351921081543,1.1811864376068115,-0.49405020475387573,0.5525813698768616,-1.2445099353790283,-1.4165290594100952,-0.2961888909339905,0.3447270393371582,1.8788865804672241,0.8074111938476562,-0.7916146516799927,-0.20628079771995544,0.7058620452880859,0.9216395616531372,-0.3691366910934448,0.4688204824924469,-0.9574517011642456,-1.0762683153152466,-0.233747199177742,0.26694735884666443,1.4626274108886719,0.03911770507693291,-0.07670138031244278,0.004602083005011082,0.09472620487213135,0.21514737606048584,-0.14343157410621643,0.1998070925474167,-0.19482150673866272,0.010738193057477474,-0.06481266766786575,0.0644291564822197,-0.03758367523550987,0.19455549120903015,-0.7031464576721191,0.0796533077955246,0.03570665791630745,0.2623066008090973,0.6440931558609009,0.21195104718208313,-0.21881771087646484,-0.05813775956630707,-0.47151097655296326,-0.013733329251408577,-0.032044436782598495,0.16875803470611572,-0.19790366291999817,-0.05157019942998886,0.17646551132202148,0.2304098904132843,-0.0922841727733612,0.12501242756843567,-0.2393629252910614,0.0,-0.0584367997944355,0.06673683971166611,0.0,0.0,0.0,0.0,0.0,0.0,0.0,0.0,0.0,0.0,0.0,0.0,0.0
20260709_111233_260179,2026-07-09T11:13:28.334,55.074519,policy,2020,policy,0.14399999380111694,0.0,0.14399999380111694,0.0,0.3499999940395355,0.0,0.3499999940395355,0.0,0.08,xsens:live,0.020105691626667976,0.0268640648573637,-0.9994369149208069,-1.5396939905516789,1.1524648490844314,0.0,1.4772330522537231,19.094348907470703,35.0,12,can0:12,9.64171314239502,18.970306396484375,,"BL_hip_joint,BR_hip_joint,FL_hip_joint,FR_hip_joint,BL_thigh_joint,BR_thigh_joint,FL_thigh_joint,FR_thigh_joint,BL_calf_joint,BR_calf_joint,FL_calf_joint,FR_calf_joint",330e02f2406e129bb6ed6ec4a6c6bcd5f80d7e7799a2ab087e81eda65d2fae69,"step=002020 mode=policy vx= 0.144 vy= 0.000 vxy= 0.144 yaw= 0.000 speed=0.08 imu=xsens:live tilt_rp=[-1.5,+1.2]deg imu_corr=0.000 act_max= 1.477 tau_cmd= 19.094 tau_cmd_max= 35.000 cmds=12 bus=can0:12 policy_cmd=[ 0.350, 0.000, 0.000] tau_fb= 9.642 tau_fb_max= 18.970",0.0,0.0,0.0,-0.4317165017127991,-0.08218438178300858,-0.04010200873017311,0.020105691626667976,0.0268640648573637,-0.9994369149208069,0.3499999940395355,0.0,0.0,0.05138992518186569,-0.15378627181053162,-0.0019175345078110695,0.10316335409879684,0.23624025285243988,-0.14151404798030853,0.21821542084217072,-0.22818660736083984,0.00613611051812768,-0.05484148859977722,0.029530031606554985,-0.026845483109354973,0.2462843656539917,0.10254219174385071,-0.4115420877933502,-0.34653767943382263,0.003662221133708954,-0.07232886552810669,-0.09338664263486862,-0.0119022186845541,-0.053559985011816025,0.4037598669528961,-0.3263954520225525,-0.0398266538977623,0.8446808457374573,-0.6317382454872131,-0.7982722520828247,-0.06803883612155914,0.5913395881652832,-0.9822038412094116,1.0523399114608765,-0.5342208743095398,-0.16621488332748413,1.1503803730010986,-0.8081071376800537,1.5301753282546997,0.2703591585159302,-0.8097884654998779,-0.6926723122596741,0.6154628992080688,0.5344111919403076,-1.242738127708435,1.9150261878967285,-1.0590262413024902,0.6291292905807495,1.2226979732513428,-2.139803647994995,-0.3111708462238312,0.32555121183395386,-0.6775332689285278,-0.6073501706123352,0.4169837236404419,0.4851943552494049,-1.0080132484436035,1.4742534160614014,-0.8319160342216492,0.3596755266189575,1.0021783113479614,-1.4772330522537231,0.08617019653320312,0.05138992518186569,-0.15378627181053162,-0.0019175345078110695,0.10316335409879684,0.23624025285243988,-0.14151404798030853,0.21821542084217072,-0.22818660736083984,0.00613611051812768,-0.05484148859977722,0.029530031606554985,-0.026845483109354973,0.2462843656539917,0.10254219174385071,-0.4115420877933502,-0.34653767943382263,0.003662221133708954,-0.07232886552810669,-0.09338664263486862,-0.0119022186845541,-0.053559985011816025,0.4037598669528961,-0.3263954520225525,-0.0398266538977623,0.08138780295848846,-0.16938331723213196,-0.14602400362491608,0.10424593091011047,0.14894665777683258,-0.2333676815032959,0.3001248836517334,-0.2079790085554123,0.08991888165473938,0.0,0.0,0.0,0.0,0.0,0.0,0.0,0.0,0.0,-3.469446951953614e-16,0.0,0.0,0.0,0.0,0.0
20260709_111233_260179,2026-07-09T11:13:28.413,55.153423,policy,2023,encoder_fault,0.14399999380111694,0.0,0.14399999380111694,0.0,0.14399999380111694,0.0,0.14399999380111694,0.0,0.08,xsens:live,0.02114294283092022,0.016664670780301094,-0.9996376037597656,-0.9550729805410626,1.2116599007467954,0.0,1.8094929456710815,26.97220802307129,35.0,12,can0:12,13.568224906921387,40.56642532348633,EXCESSIVE MOTOR TORQUE: FR_thigh_joint=+40.566; limit=40.000,,,"step=002023 mode=encoder_fault vx= 0.144 vy= 0.000 vxy= 0.144 yaw= 0.000 speed=0.08 imu=xsens:live tilt_rp=[-1.0,+1.2]deg imu_corr=0.000 act_max= 1.809 tau_cmd= 26.972 tau_cmd_max= 35.000 cmds=12 bus=can0:12 tau_fb= 13.568 tau_fb_max= 40.566",,,,,,,,,,,,,,,,,,,,,,,,,,,,,,,,,,,,,,,,,,,,,,,,,,,,,,,,,,,,,,,,,,,,,,,,,,,,,,,,,,,,,,,,,,,,,,,,,,,,,,,,,,,,,,,,,,,,,,,,
