run_id,wall_time,elapsed_s,phase,step,mode,vx,vy,vxy,yaw,policy_vx,policy_vy,policy_vxy,policy_yaw,speed,imu,gravity_x,gravity_y,gravity_z,imu_roll_deg,imu_pitch_deg,imu_correction_abs_max,act_max,tau_cmd,tau_cmd_max,cmds,bus_counts,loop_dt_ms,loop_hz,can_tx_ms,feedback_age_max_ms,feedback_fresh,tau_fb,tau_fb_max,fault_reason,policy_joint_order,policy_sha256,compact_line,obs_000,obs_001,obs_002,obs_003,obs_004,obs_005,obs_006,obs_007,obs_008,obs_009,obs_010,obs_011,obs_012,obs_013,obs_014,obs_015,obs_016,obs_017,obs_018,obs_019,obs_020,obs_021,obs_022,obs_023,obs_024,obs_025,obs_026,obs_027,obs_028,obs_029,obs_030,obs_031,obs_032,obs_033,obs_034,obs_035,obs_036,obs_037,obs_038,obs_039,obs_040,obs_041,obs_042,obs_043,obs_044,obs_045,obs_046,obs_047,action_00,action_01,action_02,action_03,action_04,action_05,action_06,action_07,action_08,action_09,action_10,action_11,sent_action_00,sent_action_01,sent_action_02,sent_action_03,sent_action_04,sent_action_05,sent_action_06,sent_action_07,sent_action_08,sent_action_09,sent_action_10,sent_action_11,q_00,q_01,q_02,q_03,q_04,q_05,q_06,q_07,q_08,q_09,q_10,q_11,qd_00,qd_01,qd_02,qd_03,qd_04,qd_05,qd_06,qd_07,qd_08,qd_09,qd_10,qd_11,q_target_00,q_target_01,q_target_02,q_target_03,q_target_04,q_target_05,q_target_06,q_target_07,q_target_08,q_target_09,q_target_10,q_target_11,qd_target_00,qd_target_01,qd_target_02,qd_target_03,qd_target_04,qd_target_05,qd_target_06,qd_target_07,qd_target_08,qd_target_09,qd_target_10,qd_target_11
20260709_130944_282006,2026-07-09T13:09:45.062,0.780176,runtime,0,idle,0.0,0.0,0.0,0.0,0.0,0.0,0.0,0.0,0.06,xsens:live,-0.027276240289211273,-0.016985967755317688,-0.9994836449623108,0.9736333240671134,-1.5632328311820938,0.0,0.0,0.0,0.0,0,none,,,0.8305400000381269,132.89938100001564,12,0.024109624326229095,0.0952177494764328,,"BL_hip_joint,BR_hip_joint,FL_hip_joint,FR_hip_joint,BL_thigh_joint,BR_thigh_joint,FL_thigh_joint,FR_thigh_joint,BL_calf_joint,BR_calf_joint,FL_calf_joint,FR_calf_joint",330e02f2406e129bb6ed6ec4a6c6bcd5f80d7e7799a2ab087e81eda65d2fae69,"step=000000 mode=idle   vx= 0.000 vy= 0.000 vxy= 0.000 yaw= 0.000 speed=0.06 imu=xsens:live tilt_rp=[+1.0,-1.6]deg imu_corr=0.000 act_max= 0.000 tau_cmd= 0.000 tau_cmd_max= 0.000 cmds=00 bus=none tx=0.8ms fb_age=132.9ms fb=12 tau_fb= 0.024 tau_fb_max= 0.095",,,,,,,,,,,,,,,,,,,,,,,,,,,,,,,,,,,,,,,,,,,,,,,,,0.0,0.0,0.0,0.0,0.0,0.0,0.0,0.0,0.0,0.0,0.0,0.0,0.0,0.0,0.0,0.0,0.0,0.0,0.0,0.0,0.0,0.0,0.0,0.0,0.5610706210136414,-0.620897650718689,-0.5518664121627808,0.5430457592010498,-0.14688314497470856,0.13307689130306244,-0.31140759587287903,0.33556854724884033,1.347259759902954,-1.9643223285675049,1.0899266004562378,-0.8717111945152283,0.07690664380788803,-0.02059999480843544,0.059968870133161545,0.03479110077023506,-0.0027466658502817154,-0.009155552834272385,-0.04577776417136192,0.06958220154047012,-0.09430219233036041,0.016022218391299248,-0.0196844395250082,-0.020142216235399246,0.5610706210136414,-0.620897650718689,-0.5518664121627808,0.5430457592010498,-0.14688314497470856,0.13307689130306244,-0.31140759587287903,0.33556854724884033,1.347259759902954,-1.9643223285675049,1.0899266004562378,-0.8717111945152283,,,,,,,,,,,,
20260709_130944_282006,2026-07-09T13:09:45.531,1.248959,runtime,20,idle,0.0,0.0,0.0,0.0,0.0,0.0,0.0,0.0,0.06,xsens:live,-0.022802717983722687,-0.02639193646609783,-0.9993916153907776,1.5127155176290417,-1.3070680527776675,0.0,0.0,0.0,0.0,0,none,20.06932799997685,49.82727872109886,0.8305400000381269,601.8796039999756,12,0.024109624326229095,0.0952177494764328,,"BL_hip_joint,BR_hip_joint,FL_hip_joint,FR_hip_joint,BL_thigh_joint,BR_thigh_joint,FL_thigh_joint,FR_thigh_joint,BL_calf_joint,BR_calf_joint,FL_calf_joint,FR_calf_joint",330e02f2406e129bb6ed6ec4a6c6bcd5f80d7e7799a2ab087e81eda65d2fae69,"step=000020 mode=idle   vx= 0.000 vy= 0.000 vxy= 0.000 yaw= 0.000 speed=0.06 imu=xsens:live tilt_rp=[+1.5,-1.3]deg imu_corr=0.000 act_max= 0.000 tau_cmd= 0.000 tau_cmd_max= 0.000 cmds=00 bus=none hz=49.8 tx=0.8ms fb_age=601.9ms fb=12 tau_fb= 0.024 tau_fb_max= 0.095",,,,,,,,,,,,,,,,,,,,,,,,,,,,,,,,,,,,,,,,,,,,,,,,,0.0,0.0,0.0,0.0,0.0,0.0,0.0,0.0,0.0,0.0,0.0,0.0,0.0,0.0,0.0,0.0,0.0,0.0,0.0,0.0,0.0,0.0,0.0,0.0,0.5610706210136414,-0.620897650718689,-0.5518664121627808,0.5430457592010498,-0.14688314497470856,0.13307689130306244,-0.31140759587287903,0.33556854724884033,1.347259759902954,-1.9643223285675049,1.0899266004562378,-0.8717111945152283,0.07690664380788803,-0.02059999480843544,0.059968870133161545,0.03479110077023506,-0.0027466658502817154,-0.009155552834272385,-0.04577776417136192,0.06958220154047012,-0.09430219233036041,0.016022218391299248,-0.0196844395250082,-0.020142216235399246,0.5610706210136414,-0.620897650718689,-0.5518664121627808,0.5430457592010498,-0.14688314497470856,0.13307689130306244,-0.31140759587287903,0.33556854724884033,1.347259759902954,-1.9643223285675049,1.0899266004562378,-0.8717111945152283,,,,,,,,,,,,
20260709_130944_282006,2026-07-09T13:09:45.990,1.708613,runtime,40,idle,0.0,0.0,0.0,0.0,0.0,0.0,0.0,0.0,0.06,xsens:live,-0.020574364811182022,-0.025515208020806313,-0.9994627237319946,1.4623819712026527,-1.1792914047056606,0.0,0.0,0.0,0.0,0,none,20.073679999995875,49.81647610205032,0.8305400000381269,1061.546481999983,12,0.024109624326229095,0.0952177494764328,,"BL_hip_joint,BR_hip_joint,FL_hip_joint,FR_hip_joint,BL_thigh_joint,BR_thigh_joint,FL_thigh_joint,FR_thigh_joint,BL_calf_joint,BR_calf_joint,FL_calf_joint,FR_calf_joint",330e02f2406e129bb6ed6ec4a6c6bcd5f80d7e7799a2ab087e81eda65d2fae69,"step=000040 mode=idle   vx= 0.000 vy= 0.000 vxy= 0.000 yaw= 0.000 speed=0.06 imu=xsens:live tilt_rp=[+1.5,-1.2]deg imu_corr=0.000 act_max= 0.000 tau_cmd= 0.000 tau_cmd_max= 0.000 cmds=00 bus=none hz=49.8 tx=0.8ms fb_age=1061.5ms fb=12 tau_fb= 0.024 tau_fb_max= 0.095",,,,,,,,,,,,,,,,,,,,,,,,,,,,,,,,,,,,,,,,,,,,,,,,,0.0,0.0,0.0,0.0,0.0,0.0,0.0,0.0,0.0,0.0,0.0,0.0,0.0,0.0,0.0,0.0,0.0,0.0,0.0,0.0,0.0,0.0,0.0,0.0,0.5610706210136414,-0.620897650718689,-0.5518664121627808,0.5430457592010498,-0.14688314497470856,0.13307689130306244,-0.31140759587287903,0.33556854724884033,1.347259759902954,-1.9643223285675049,1.0899266004562378,-0.8717111945152283,0.07690664380788803,-0.02059999480843544,0.059968870133161545,0.03479110077023506,-0.0027466658502817154,-0.009155552834272385,-0.04577776417136192,0.06958220154047012,-0.09430219233036041,0.016022218391299248,-0.0196844395250082,-0.020142216235399246,0.5610706210136414,-0.620897650718689,-0.5518664121627808,0.5430457592010498,-0.14688314497470856,0.13307689130306244,-0.31140759587287903,0.33556854724884033,1.347259759902954,-1.9643223285675049,1.0899266004562378,-0.8717111945152283,,,,,,,,,,,,
20260709_130944_282006,2026-07-09T13:09:46.460,2.178467,runtime,60,idle,0.0,0.0,0.0,0.0,0.0,0.0,0.0,0.0,0.06,xsens:live,-0.026795079931616783,-0.01626133918762207,-0.9995087385177612,0.9320818088374411,-1.5356317625987166,0.0,0.0,0.0,0.0,0,none,29.1462049999609,34.30978406970449,0.8305400000381269,1531.407575000003,12,0.024109624326229095,0.0952177494764328,,"BL_hip_joint,BR_hip_joint,FL_hip_joint,FR_hip_joint,BL_thigh_joint,BR_thigh_joint,FL_thigh_joint,FR_thigh_joint,BL_calf_joint,BR_calf_joint,FL_calf_joint,FR_calf_joint",330e02f2406e129bb6ed6ec4a6c6bcd5f80d7e7799a2ab087e81eda65d2fae69,"step=000060 mode=idle   vx= 0.000 vy= 0.000 vxy= 0.000 yaw= 0.000 speed=0.06 imu=xsens:live tilt_rp=[+0.9,-1.5]deg imu_corr=0.000 act_max= 0.000 tau_cmd= 0.000 tau_cmd_max= 0.000 cmds=00 bus=none hz=34.3 tx=0.8ms fb_age=1531.4ms fb=12 tau_fb= 0.024 tau_fb_max= 0.095",,,,,,,,,,,,,,,,,,,,,,,,,,,,,,,,,,,,,,,,,,,,,,,,,0.0,0.0,0.0,0.0,0.0,0.0,0.0,0.0,0.0,0.0,0.0,0.0,0.0,0.0,0.0,0.0,0.0,0.0,0.0,0.0,0.0,0.0,0.0,0.0,0.5610706210136414,-0.620897650718689,-0.5518664121627808,0.5430457592010498,-0.14688314497470856,0.13307689130306244,-0.31140759587287903,0.33556854724884033,1.347259759902954,-1.9643223285675049,1.0899266004562378,-0.8717111945152283,0.07690664380788803,-0.02059999480843544,0.059968870133161545,0.03479110077023506,-0.0027466658502817154,-0.009155552834272385,-0.04577776417136192,0.06958220154047012,-0.09430219233036041,0.016022218391299248,-0.0196844395250082,-0.020142216235399246,0.5610706210136414,-0.620897650718689,-0.5518664121627808,0.5430457592010498,-0.14688314497470856,0.13307689130306244,-0.31140759587287903,0.33556854724884033,1.347259759902954,-1.9643223285675049,1.0899266004562378,-0.8717111945152283,,,,,,,,,,,,
20260709_130944_282006,2026-07-09T13:09:46.922,2.640629,runtime,80,idle,0.0,0.0,0.0,0.0,0.0,0.0,0.0,0.0,0.06,xsens:live,-0.02568371780216694,-0.022619014605879784,-0.9994142055511475,1.2965123568746948,-1.4721071582844116,0.0,0.0,0.0,0.0,0,none,20.072016000028725,49.82060596198055,0.8305400000381269,1993.5740380000198,12,0.024109624326229095,0.0952177494764328,,"BL_hip_joint,BR_hip_joint,FL_hip_joint,FR_hip_joint,BL_thigh_joint,BR_thigh_joint,FL_thigh_joint,FR_thigh_joint,BL_calf_joint,BR_calf_joint,FL_calf_joint,FR_calf_joint",330e02f2406e129bb6ed6ec4a6c6bcd5f80d7e7799a2ab087e81eda65d2fae69,"step=000080 mode=idle   vx= 0.000 vy= 0.000 vxy= 0.000 yaw= 0.000 speed=0.06 imu=xsens:live tilt_rp=[+1.3,-1.5]deg imu_corr=0.000 act_max= 0.000 tau_cmd= 0.000 tau_cmd_max= 0.000 cmds=00 bus=none hz=49.8 tx=0.8ms fb_age=1993.6ms fb=12 tau_fb= 0.024 tau_fb_max= 0.095",,,,,,,,,,,,,,,,,,,,,,,,,,,,,,,,,,,,,,,,,,,,,,,,,0.0,0.0,0.0,0.0,0.0,0.0,0.0,0.0,0.0,0.0,0.0,0.0,0.0,0.0,0.0,0.0,0.0,0.0,0.0,0.0,0.0,0.0,0.0,0.0,0.5610706210136414,-0.620897650718689,-0.5518664121627808,0.5430457592010498,-0.14688314497470856,0.13307689130306244,-0.31140759587287903,0.33556854724884033,1.347259759902954,-1.9643223285675049,1.0899266004562378,-0.8717111945152283,0.07690664380788803,-0.02059999480843544,0.059968870133161545,0.03479110077023506,-0.0027466658502817154,-0.009155552834272385,-0.04577776417136192,0.06958220154047012,-0.09430219233036041,0.016022218391299248,-0.0196844395250082,-0.020142216235399246,0.5610706210136414,-0.620897650718689,-0.5518664121627808,0.5430457592010498,-0.14688314497470856,0.13307689130306244,-0.31140759587287903,0.33556854724884033,1.347259759902954,-1.9643223285675049,1.0899266004562378,-0.8717111945152283,,,,,,,,,,,,
20260709_130944_282006,2026-07-09T13:09:47.393,3.110964,runtime,100,idle,0.0,0.0,0.0,0.0,0.0,0.0,0.0,0.0,0.06,xsens:live,-0.020048314705491066,-0.027270298451185226,-0.999427080154419,1.5629808780111714,-1.1491881736657032,0.0,0.0,0.0,0.0,0,none,20.80631699999458,48.06232645596338,0.8305400000381269,2463.9611339999874,12,0.024109624326229095,0.0952177494764328,,"BL_hip_joint,BR_hip_joint,FL_hip_joint,FR_hip_joint,BL_thigh_joint,BR_thigh_joint,FL_thigh_joint,FR_thigh_joint,BL_calf_joint,BR_calf_joint,FL_calf_joint,FR_calf_joint",330e02f2406e129bb6ed6ec4a6c6bcd5f80d7e7799a2ab087e81eda65d2fae69,"step=000100 mode=idle   vx= 0.000 vy= 0.000 vxy= 0.000 yaw= 0.000 speed=0.06 imu=xsens:live tilt_rp=[+1.6,-1.1]deg imu_corr=0.000 act_max= 0.000 tau_cmd= 0.000 tau_cmd_max= 0.000 cmds=00 bus=none hz=48.1 tx=0.8ms fb_age=2464.0ms fb=12 tau_fb= 0.024 tau_fb_max= 0.095",,,,,,,,,,,,,,,,,,,,,,,,,,,,,,,,,,,,,,,,,,,,,,,,,0.0,0.0,0.0,0.0,0.0,0.0,0.0,0.0,0.0,0.0,0.0,0.0,0.0,0.0,0.0,0.0,0.0,0.0,0.0,0.0,0.0,0.0,0.0,0.0,0.5610706210136414,-0.620897650718689,-0.5518664121627808,0.5430457592010498,-0.14688314497470856,0.13307689130306244,-0.31140759587287903,0.33556854724884033,1.347259759902954,-1.9643223285675049,1.0899266004562378,-0.8717111945152283,0.07690664380788803,-0.02059999480843544,0.059968870133161545,0.03479110077023506,-0.0027466658502817154,-0.009155552834272385,-0.04577776417136192,0.06958220154047012,-0.09430219233036041,0.016022218391299248,-0.0196844395250082,-0.020142216235399246,0.5610706210136414,-0.620897650718689,-0.5518664121627808,0.5430457592010498,-0.14688314497470856,0.13307689130306244,-0.31140759587287903,0.33556854724884033,1.347259759902954,-1.9643223285675049,1.0899266004562378,-0.8717111945152283,,,,,,,,,,,,
20260709_130944_282006,2026-07-09T13:09:47.851,3.569368,runtime,120,idle,0.0,0.0,0.0,0.0,0.0,0.0,0.0,0.0,0.06,xsens:live,-0.023551248013973236,-0.01859678141772747,-0.9995496869087219,1.0658741467627242,-1.3497452954808145,0.0,0.0,0.0,0.0,0,none,28.020423000043593,35.688254955981364,0.8305400000381269,2922.3141510000232,12,0.024109624326229095,0.0952177494764328,,"BL_hip_joint,BR_hip_joint,FL_hip_joint,FR_hip_joint,BL_thigh_joint,BR_thigh_joint,FL_thigh_joint,FR_thigh_joint,BL_calf_joint,BR_calf_joint,FL_calf_joint,FR_calf_joint",330e02f2406e129bb6ed6ec4a6c6bcd5f80d7e7799a2ab087e81eda65d2fae69,"step=000120 mode=idle   vx= 0.000 vy= 0.000 vxy= 0.000 yaw= 0.000 speed=0.06 imu=xsens:live tilt_rp=[+1.1,-1.3]deg imu_corr=0.000 act_max= 0.000 tau_cmd= 0.000 tau_cmd_max= 0.000 cmds=00 bus=none hz=35.7 tx=0.8ms fb_age=2922.3ms fb=12 tau_fb= 0.024 tau_fb_max= 0.095",,,,,,,,,,,,,,,,,,,,,,,,,,,,,,,,,,,,,,,,,,,,,,,,,0.0,0.0,0.0,0.0,0.0,0.0,0.0,0.0,0.0,0.0,0.0,0.0,0.0,0.0,0.0,0.0,0.0,0.0,0.0,0.0,0.0,0.0,0.0,0.0,0.5610706210136414,-0.620897650718689,-0.5518664121627808,0.5430457592010498,-0.14688314497470856,0.13307689130306244,-0.31140759587287903,0.33556854724884033,1.347259759902954,-1.9643223285675049,1.0899266004562378,-0.8717111945152283,0.07690664380788803,-0.02059999480843544,0.059968870133161545,0.03479110077023506,-0.0027466658502817154,-0.009155552834272385,-0.04577776417136192,0.06958220154047012,-0.09430219233036041,0.016022218391299248,-0.0196844395250082,-0.020142216235399246,0.5610706210136414,-0.620897650718689,-0.5518664121627808,0.5430457592010498,-0.14688314497470856,0.13307689130306244,-0.31140759587287903,0.33556854724884033,1.347259759902954,-1.9643223285675049,1.0899266004562378,-0.8717111945152283,,,,,,,,,,,,
20260709_130944_282006,2026-07-09T13:09:48.309,4.027821,runtime,140,idle,0.0,0.0,0.0,0.0,0.0,0.0,0.0,0.0,0.06,xsens:live,-0.027845753356814384,-0.0190750602632761,-0.9994302988052368,1.0934106863298343,-1.595940714292748,0.0,0.0,0.0,0.0,0,none,20.069617999979528,49.826558731761615,0.8305400000381269,3380.7475899999986,12,0.024109624326229095,0.0952177494764328,,"BL_hip_joint,BR_hip_joint,FL_hip_joint,FR_hip_joint,BL_thigh_joint,BR_thigh_joint,FL_thigh_joint,FR_thigh_joint,BL_calf_joint,BR_calf_joint,FL_calf_joint,FR_calf_joint",330e02f2406e129bb6ed6ec4a6c6bcd5f80d7e7799a2ab087e81eda65d2fae69,"step=000140 mode=idle   vx= 0.000 vy= 0.000 vxy= 0.000 yaw= 0.000 speed=0.06 imu=xsens:live tilt_rp=[+1.1,-1.6]deg imu_corr=0.000 act_max= 0.000 tau_cmd= 0.000 tau_cmd_max= 0.000 cmds=00 bus=none hz=49.8 tx=0.8ms fb_age=3380.7ms fb=12 tau_fb= 0.024 tau_fb_max= 0.095",,,,,,,,,,,,,,,,,,,,,,,,,,,,,,,,,,,,,,,,,,,,,,,,,0.0,0.0,0.0,0.0,0.0,0.0,0.0,0.0,0.0,0.0,0.0,0.0,0.0,0.0,0.0,0.0,0.0,0.0,0.0,0.0,0.0,0.0,0.0,0.0,0.5610706210136414,-0.620897650718689,-0.5518664121627808,0.5430457592010498,-0.14688314497470856,0.13307689130306244,-0.31140759587287903,0.33556854724884033,1.347259759902954,-1.9643223285675049,1.0899266004562378,-0.8717111945152283,0.07690664380788803,-0.02059999480843544,0.059968870133161545,0.03479110077023506,-0.0027466658502817154,-0.009155552834272385,-0.04577776417136192,0.06958220154047012,-0.09430219233036041,0.016022218391299248,-0.0196844395250082,-0.020142216235399246,0.5610706210136414,-0.620897650718689,-0.5518664121627808,0.5430457592010498,-0.14688314497470856,0.13307689130306244,-0.31140759587287903,0.33556854724884033,1.347259759902954,-1.9643223285675049,1.0899266004562378,-0.8717111945152283,,,,,,,,,,,,
20260709_130944_282006,2026-07-09T13:09:48.776,4.494344,runtime,160,idle,0.0,0.0,0.0,0.0,0.0,0.0,0.0,0.0,0.06,xsens:live,-0.021215640008449554,-0.027280651032924652,-0.9994027018547058,1.5636120566887752,-1.2161104670888119,0.0,0.0,0.0,0.0,0,none,21.275456000012127,47.00251783084837,0.8305400000381269,3847.330833000001,12,0.024109624326229095,0.0952177494764328,,"BL_hip_joint,BR_hip_joint,FL_hip_joint,FR_hip_joint,BL_thigh_joint,BR_thigh_joint,FL_thigh_joint,FR_thigh_joint,BL_calf_joint,BR_calf_joint,FL_calf_joint,FR_calf_joint",330e02f2406e129bb6ed6ec4a6c6bcd5f80d7e7799a2ab087e81eda65d2fae69,"step=000160 mode=idle   vx= 0.000 vy= 0.000 vxy= 0.000 yaw= 0.000 speed=0.06 imu=xsens:live tilt_rp=[+1.6,-1.2]deg imu_corr=0.000 act_max= 0.000 tau_cmd= 0.000 tau_cmd_max= 0.000 cmds=00 bus=none hz=47.0 tx=0.8ms fb_age=3847.3ms fb=12 tau_fb= 0.024 tau_fb_max= 0.095",,,,,,,,,,,,,,,,,,,,,,,,,,,,,,,,,,,,,,,,,,,,,,,,,0.0,0.0,0.0,0.0,0.0,0.0,0.0,0.0,0.0,0.0,0.0,0.0,0.0,0.0,0.0,0.0,0.0,0.0,0.0,0.0,0.0,0.0,0.0,0.0,0.5610706210136414,-0.620897650718689,-0.5518664121627808,0.5430457592010498,-0.14688314497470856,0.13307689130306244,-0.31140759587287903,0.33556854724884033,1.347259759902954,-1.9643223285675049,1.0899266004562378,-0.8717111945152283,0.07690664380788803,-0.02059999480843544,0.059968870133161545,0.03479110077023506,-0.0027466658502817154,-0.009155552834272385,-0.04577776417136192,0.06958220154047012,-0.09430219233036041,0.016022218391299248,-0.0196844395250082,-0.020142216235399246,0.5610706210136414,-0.620897650718689,-0.5518664121627808,0.5430457592010498,-0.14688314497470856,0.13307689130306244,-0.31140759587287903,0.33556854724884033,1.347259759902954,-1.9643223285675049,1.0899266004562378,-0.8717111945152283,,,,,,,,,,,,
20260709_130944_282006,2026-07-09T13:09:49.237,4.955866,runtime,180,idle,0.0,0.0,0.0,0.0,0.0,0.0,0.0,0.0,0.06,xsens:live,-0.020163938403129578,-0.022173317149281502,-0.9995508193969727,1.2707999774282188,-1.1556709945341903,0.0,0.0,0.0,0.0,0,none,28.065455999978894,35.630990638482835,0.8305400000381269,4308.794821999982,12,0.024109624326229095,0.0952177494764328,,"BL_hip_joint,BR_hip_joint,FL_hip_joint,FR_hip_joint,BL_thigh_joint,BR_thigh_joint,FL_thigh_joint,FR_thigh_joint,BL_calf_joint,BR_calf_joint,FL_calf_joint,FR_calf_joint",330e02f2406e129bb6ed6ec4a6c6bcd5f80d7e7799a2ab087e81eda65d2fae69,"step=000180 mode=idle   vx= 0.000 vy= 0.000 vxy= 0.000 yaw= 0.000 speed=0.06 imu=xsens:live tilt_rp=[+1.3,-1.2]deg imu_corr=0.000 act_max= 0.000 tau_cmd= 0.000 tau_cmd_max= 0.000 cmds=00 bus=none hz=35.6 tx=0.8ms fb_age=4308.8ms fb=12 tau_fb= 0.024 tau_fb_max= 0.095",,,,,,,,,,,,,,,,,,,,,,,,,,,,,,,,,,,,,,,,,,,,,,,,,0.0,0.0,0.0,0.0,0.0,0.0,0.0,0.0,0.0,0.0,0.0,0.0,0.0,0.0,0.0,0.0,0.0,0.0,0.0,0.0,0.0,0.0,0.0,0.0,0.5610706210136414,-0.620897650718689,-0.5518664121627808,0.5430457592010498,-0.14688314497470856,0.13307689130306244,-0.31140759587287903,0.33556854724884033,1.347259759902954,-1.9643223285675049,1.0899266004562378,-0.8717111945152283,0.07690664380788803,-0.02059999480843544,0.059968870133161545,0.03479110077023506,-0.0027466658502817154,-0.009155552834272385,-0.04577776417136192,0.06958220154047012,-0.09430219233036041,0.016022218391299248,-0.0196844395250082,-0.020142216235399246,0.5610706210136414,-0.620897650718689,-0.5518664121627808,0.5430457592010498,-0.14688314497470856,0.13307689130306244,-0.31140759587287903,0.33556854724884033,1.347259759902954,-1.9643223285675049,1.0899266004562378,-0.8717111945152283,,,,,,,,,,,,
20260709_130944_282006,2026-07-09T13:09:49.702,5.420285,runtime,200,idle,0.0,0.0,0.0,0.0,0.0,0.0,0.0,0.0,0.06,xsens:live,-0.027148187160491943,-0.01731329970061779,-0.9994815587997437,0.9923943000408233,-1.5559008203062654,0.0,0.0,0.0,0.0,0,none,20.0703269999849,49.82479856958745,0.8305400000381269,4773.23953299998,12,0.024109624326229095,0.0952177494764328,,"BL_hip_joint,BR_hip_joint,FL_hip_joint,FR_hip_joint,BL_thigh_joint,BR_thigh_joint,FL_thigh_joint,FR_thigh_joint,BL_calf_joint,BR_calf_joint,FL_calf_joint,FR_calf_joint",330e02f2406e129bb6ed6ec4a6c6bcd5f80d7e7799a2ab087e81eda65d2fae69,"step=000200 mode=idle   vx= 0.000 vy= 0.000 vxy= 0.000 yaw= 0.000 speed=0.06 imu=xsens:live tilt_rp=[+1.0,-1.6]deg imu_corr=0.000 act_max= 0.000 tau_cmd= 0.000 tau_cmd_max= 0.000 cmds=00 bus=none hz=49.8 tx=0.8ms fb_age=4773.2ms fb=12 tau_fb= 0.024 tau_fb_max= 0.095",,,,,,,,,,,,,,,,,,,,,,,,,,,,,,,,,,,,,,,,,,,,,,,,,0.0,0.0,0.0,0.0,0.0,0.0,0.0,0.0,0.0,0.0,0.0,0.0,0.0,0.0,0.0,0.0,0.0,0.0,0.0,0.0,0.0,0.0,0.0,0.0,0.5610706210136414,-0.620897650718689,-0.5518664121627808,0.5430457592010498,-0.14688314497470856,0.13307689130306244,-0.31140759587287903,0.33556854724884033,1.347259759902954,-1.9643223285675049,1.0899266004562378,-0.8717111945152283,0.07690664380788803,-0.02059999480843544,0.059968870133161545,0.03479110077023506,-0.0027466658502817154,-0.009155552834272385,-0.04577776417136192,0.06958220154047012,-0.09430219233036041,0.016022218391299248,-0.0196844395250082,-0.020142216235399246,0.5610706210136414,-0.620897650718689,-0.5518664121627808,0.5430457592010498,-0.14688314497470856,0.13307689130306244,-0.31140759587287903,0.33556854724884033,1.347259759902954,-1.9643223285675049,1.0899266004562378,-0.8717111945152283,,,,,,,,,,,,
20260709_130944_282006,2026-07-09T13:09:50.172,5.890199,runtime,220,idle,0.0,0.0,0.0,0.0,0.0,0.0,0.0,0.0,0.06,xsens:live,-0.024511603638529778,-0.024487098678946495,-0.9993996024131775,1.4035694477541931,-1.4049734782609644,0.0,0.0,0.0,0.0,0,none,20.754232000001593,48.18294408580974,0.8305400000381269,5243.196620999981,12,0.024109624326229095,0.0952177494764328,,"BL_hip_joint,BR_hip_joint,FL_hip_joint,FR_hip_joint,BL_thigh_joint,BR_thigh_joint,FL_thigh_joint,FR_thigh_joint,BL_calf_joint,BR_calf_joint,FL_calf_joint,FR_calf_joint",330e02f2406e129bb6ed6ec4a6c6bcd5f80d7e7799a2ab087e81eda65d2fae69,"step=000220 mode=idle   vx= 0.000 vy= 0.000 vxy= 0.000 yaw= 0.000 speed=0.06 imu=xsens:live tilt_rp=[+1.4,-1.4]deg imu_corr=0.000 act_max= 0.000 tau_cmd= 0.000 tau_cmd_max= 0.000 cmds=00 bus=none hz=48.2 tx=0.8ms fb_age=5243.2ms fb=12 tau_fb= 0.024 tau_fb_max= 0.095",,,,,,,,,,,,,,,,,,,,,,,,,,,,,,,,,,,,,,,,,,,,,,,,,0.0,0.0,0.0,0.0,0.0,0.0,0.0,0.0,0.0,0.0,0.0,0.0,0.0,0.0,0.0,0.0,0.0,0.0,0.0,0.0,0.0,0.0,0.0,0.0,0.5610706210136414,-0.620897650718689,-0.5518664121627808,0.5430457592010498,-0.14688314497470856,0.13307689130306244,-0.31140759587287903,0.33556854724884033,1.347259759902954,-1.9643223285675049,1.0899266004562378,-0.8717111945152283,0.07690664380788803,-0.02059999480843544,0.059968870133161545,0.03479110077023506,-0.0027466658502817154,-0.009155552834272385,-0.04577776417136192,0.06958220154047012,-0.09430219233036041,0.016022218391299248,-0.0196844395250082,-0.020142216235399246,0.5610706210136414,-0.620897650718689,-0.5518664121627808,0.5430457592010498,-0.14688314497470856,0.13307689130306244,-0.31140759587287903,0.33556854724884033,1.347259759902954,-1.9643223285675049,1.0899266004562378,-0.8717111945152283,,,,,,,,,,,,
20260709_130944_282006,2026-07-09T13:09:50.632,6.349986,runtime,240,idle,0.0,0.0,0.0,0.0,0.0,0.0,0.0,0.0,0.06,xsens:live,-0.01898210309445858,-0.024425171315670013,-0.9995214939117432,1.3998505998871777,-1.0879842764569994,0.0,0.0,0.0,0.0,0,none,29.0614049999931,34.40989862672632,0.8305400000381269,5702.81073000001,12,0.024109624326229095,0.0952177494764328,,"BL_hip_joint,BR_hip_joint,FL_hip_joint,FR_hip_joint,BL_thigh_joint,BR_thigh_joint,FL_thigh_joint,FR_thigh_joint,BL_calf_joint,BR_calf_joint,FL_calf_joint,FR_calf_joint",330e02f2406e129bb6ed6ec4a6c6bcd5f80d7e7799a2ab087e81eda65d2fae69,"step=000240 mode=idle   vx= 0.000 vy= 0.000 vxy= 0.000 yaw= 0.000 speed=0.06 imu=xsens:live tilt_rp=[+1.4,-1.1]deg imu_corr=0.000 act_max= 0.000 tau_cmd= 0.000 tau_cmd_max= 0.000 cmds=00 bus=none hz=34.4 tx=0.8ms fb_age=5702.8ms fb=12 tau_fb= 0.024 tau_fb_max= 0.095",,,,,,,,,,,,,,,,,,,,,,,,,,,,,,,,,,,,,,,,,,,,,,,,,0.0,0.0,0.0,0.0,0.0,0.0,0.0,0.0,0.0,0.0,0.0,0.0,0.0,0.0,0.0,0.0,0.0,0.0,0.0,0.0,0.0,0.0,0.0,0.0,0.5610706210136414,-0.620897650718689,-0.5518664121627808,0.5430457592010498,-0.14688314497470856,0.13307689130306244,-0.31140759587287903,0.33556854724884033,1.347259759902954,-1.9643223285675049,1.0899266004562378,-0.8717111945152283,0.07690664380788803,-0.02059999480843544,0.059968870133161545,0.03479110077023506,-0.0027466658502817154,-0.009155552834272385,-0.04577776417136192,0.06958220154047012,-0.09430219233036041,0.016022218391299248,-0.0196844395250082,-0.020142216235399246,0.5610706210136414,-0.620897650718689,-0.5518664121627808,0.5430457592010498,-0.14688314497470856,0.13307689130306244,-0.31140759587287903,0.33556854724884033,1.347259759902954,-1.9643223285675049,1.0899266004562378,-0.8717111945152283,,,,,,,,,,,,
20260709_130944_282006,2026-07-09T13:09:51.090,6.807993,runtime,260,idle,0.0,0.0,0.0,0.0,0.0,0.0,0.0,0.0,0.06,xsens:live,-0.023768940940499306,-0.01794091984629631,-0.9995564818382263,1.028284684307623,-1.3622075559522815,0.0,0.0,0.0,0.0,0,none,20.069444999990083,49.826988240107994,0.8305400000381269,6160.911989999988,12,0.024109624326229095,0.0952177494764328,,"BL_hip_joint,BR_hip_joint,FL_hip_joint,FR_hip_joint,BL_thigh_joint,BR_thigh_joint,FL_thigh_joint,FR_thigh_joint,BL_calf_joint,BR_calf_joint,FL_calf_joint,FR_calf_joint",330e02f2406e129bb6ed6ec4a6c6bcd5f80d7e7799a2ab087e81eda65d2fae69,"step=000260 mode=idle   vx= 0.000 vy= 0.000 vxy= 0.000 yaw= 0.000 speed=0.06 imu=xsens:live tilt_rp=[+1.0,-1.4]deg imu_corr=0.000 act_max= 0.000 tau_cmd= 0.000 tau_cmd_max= 0.000 cmds=00 bus=none hz=49.8 tx=0.8ms fb_age=6160.9ms fb=12 tau_fb= 0.024 tau_fb_max= 0.095",,,,,,,,,,,,,,,,,,,,,,,,,,,,,,,,,,,,,,,,,,,,,,,,,0.0,0.0,0.0,0.0,0.0,0.0,0.0,0.0,0.0,0.0,0.0,0.0,0.0,0.0,0.0,0.0,0.0,0.0,0.0,0.0,0.0,0.0,0.0,0.0,0.5610706210136414,-0.620897650718689,-0.5518664121627808,0.5430457592010498,-0.14688314497470856,0.13307689130306244,-0.31140759587287903,0.33556854724884033,1.347259759902954,-1.9643223285675049,1.0899266004562378,-0.8717111945152283,0.07690664380788803,-0.02059999480843544,0.059968870133161545,0.03479110077023506,-0.0027466658502817154,-0.009155552834272385,-0.04577776417136192,0.06958220154047012,-0.09430219233036041,0.016022218391299248,-0.0196844395250082,-0.020142216235399246,0.5610706210136414,-0.620897650718689,-0.5518664121627808,0.5430457592010498,-0.14688314497470856,0.13307689130306244,-0.31140759587287903,0.33556854724884033,1.347259759902954,-1.9643223285675049,1.0899266004562378,-0.8717111945152283,,,,,,,,,,,,
20260709_130944_282006,2026-07-09T13:09:51.553,7.271033,runtime,280,idle,0.0,0.0,0.0,0.0,0.0,0.0,0.0,0.0,0.06,xsens:live,-0.027979543432593346,-0.021601838991045952,-0.99937504529953,1.2382753640994464,-1.6036933264997921,0.0,0.0,0.0,0.0,0,none,20.79907000000958,48.07907276621212,0.8305400000381269,6624.0153510000255,12,0.024109624326229095,0.0952177494764328,,"BL_hip_joint,BR_hip_joint,FL_hip_joint,FR_hip_joint,BL_thigh_joint,BR_thigh_joint,FL_thigh_joint,FR_thigh_joint,BL_calf_joint,BR_calf_joint,FL_calf_joint,FR_calf_joint",330e02f2406e129bb6ed6ec4a6c6bcd5f80d7e7799a2ab087e81eda65d2fae69,"step=000280 mode=idle   vx= 0.000 vy= 0.000 vxy= 0.000 yaw= 0.000 speed=0.06 imu=xsens:live tilt_rp=[+1.2,-1.6]deg imu_corr=0.000 act_max= 0.000 tau_cmd= 0.000 tau_cmd_max= 0.000 cmds=00 bus=none hz=48.1 tx=0.8ms fb_age=6624.0ms fb=12 tau_fb= 0.024 tau_fb_max= 0.095",,,,,,,,,,,,,,,,,,,,,,,,,,,,,,,,,,,,,,,,,,,,,,,,,0.0,0.0,0.0,0.0,0.0,0.0,0.0,0.0,0.0,0.0,0.0,0.0,0.0,0.0,0.0,0.0,0.0,0.0,0.0,0.0,0.0,0.0,0.0,0.0,0.5610706210136414,-0.620897650718689,-0.5518664121627808,0.5430457592010498,-0.14688314497470856,0.13307689130306244,-0.31140759587287903,0.33556854724884033,1.347259759902954,-1.9643223285675049,1.0899266004562378,-0.8717111945152283,0.07690664380788803,-0.02059999480843544,0.059968870133161545,0.03479110077023506,-0.0027466658502817154,-0.009155552834272385,-0.04577776417136192,0.06958220154047012,-0.09430219233036041,0.016022218391299248,-0.0196844395250082,-0.020142216235399246,0.5610706210136414,-0.620897650718689,-0.5518664121627808,0.5430457592010498,-0.14688314497470856,0.13307689130306244,-0.31140759587287903,0.33556854724884033,1.347259759902954,-1.9643223285675049,1.0899266004562378,-0.8717111945152283,,,,,,,,,,,,
20260709_130944_282006,2026-07-09T13:09:52.008,7.726752,runtime,300,idle,0.0,0.0,0.0,0.0,0.0,0.0,0.0,0.0,0.06,xsens:live,-0.020600512623786926,-0.025029009208083153,-0.9994744658470154,1.4345108196523677,-1.18077586529909,0.0,0.0,0.0,0.0,0,none,28.009421999968254,35.7022718998319,0.8305400000381269,7079.687690000014,12,0.024109624326229095,0.0952177494764328,,"BL_hip_joint,BR_hip_joint,FL_hip_joint,FR_hip_joint,BL_thigh_joint,BR_thigh_joint,FL_thigh_joint,FR_thigh_joint,BL_calf_joint,BR_calf_joint,FL_calf_joint,FR_calf_joint",330e02f2406e129bb6ed6ec4a6c6bcd5f80d7e7799a2ab087e81eda65d2fae69,"step=000300 mode=idle   vx= 0.000 vy= 0.000 vxy= 0.000 yaw= 0.000 speed=0.06 imu=xsens:live tilt_rp=[+1.4,-1.2]deg imu_corr=0.000 act_max= 0.000 tau_cmd= 0.000 tau_cmd_max= 0.000 cmds=00 bus=none hz=35.7 tx=0.8ms fb_age=7079.7ms fb=12 tau_fb= 0.024 tau_fb_max= 0.095",,,,,,,,,,,,,,,,,,,,,,,,,,,,,,,,,,,,,,,,,,,,,,,,,0.0,0.0,0.0,0.0,0.0,0.0,0.0,0.0,0.0,0.0,0.0,0.0,0.0,0.0,0.0,0.0,0.0,0.0,0.0,0.0,0.0,0.0,0.0,0.0,0.5610706210136414,-0.620897650718689,-0.5518664121627808,0.5430457592010498,-0.14688314497470856,0.13307689130306244,-0.31140759587287903,0.33556854724884033,1.347259759902954,-1.9643223285675049,1.0899266004562378,-0.8717111945152283,0.07690664380788803,-0.02059999480843544,0.059968870133161545,0.03479110077023506,-0.0027466658502817154,-0.009155552834272385,-0.04577776417136192,0.06958220154047012,-0.09430219233036041,0.016022218391299248,-0.0196844395250082,-0.020142216235399246,0.5610706210136414,-0.620897650718689,-0.5518664121627808,0.5430457592010498,-0.14688314497470856,0.13307689130306244,-0.31140759587287903,0.33556854724884033,1.347259759902954,-1.9643223285675049,1.0899266004562378,-0.8717111945152283,,,,,,,,,,,,
20260709_130944_282006,2026-07-09T13:09:52.466,8.184216,runtime,320,idle,0.0,0.0,0.0,0.0,0.0,0.0,0.0,0.0,0.06,xsens:live,-0.02033306658267975,-0.020256157964468002,-0.9995880722999573,1.1609117455296794,-1.165318284259884,0.0,0.0,0.0,0.0,0,none,20.070098000019243,49.825367070905244,0.8305400000381269,7537.16543500002,12,0.024109624326229095,0.0952177494764328,,"BL_hip_joint,BR_hip_joint,FL_hip_joint,FR_hip_joint,BL_thigh_joint,BR_thigh_joint,FL_thigh_joint,FR_thigh_joint,BL_calf_joint,BR_calf_joint,FL_calf_joint,FR_calf_joint",330e02f2406e129bb6ed6ec4a6c6bcd5f80d7e7799a2ab087e81eda65d2fae69,"step=000320 mode=idle   vx= 0.000 vy= 0.000 vxy= 0.000 yaw= 0.000 speed=0.06 imu=xsens:live tilt_rp=[+1.2,-1.2]deg imu_corr=0.000 act_max= 0.000 tau_cmd= 0.000 tau_cmd_max= 0.000 cmds=00 bus=none hz=49.8 tx=0.8ms fb_age=7537.2ms fb=12 tau_fb= 0.024 tau_fb_max= 0.095",,,,,,,,,,,,,,,,,,,,,,,,,,,,,,,,,,,,,,,,,,,,,,,,,0.0,0.0,0.0,0.0,0.0,0.0,0.0,0.0,0.0,0.0,0.0,0.0,0.0,0.0,0.0,0.0,0.0,0.0,0.0,0.0,0.0,0.0,0.0,0.0,0.5610706210136414,-0.620897650718689,-0.5518664121627808,0.5430457592010498,-0.14688314497470856,0.13307689130306244,-0.31140759587287903,0.33556854724884033,1.347259759902954,-1.9643223285675049,1.0899266004562378,-0.8717111945152283,0.07690664380788803,-0.02059999480843544,0.059968870133161545,0.03479110077023506,-0.0027466658502817154,-0.009155552834272385,-0.04577776417136192,0.06958220154047012,-0.09430219233036041,0.016022218391299248,-0.0196844395250082,-0.020142216235399246,0.5610706210136414,-0.620897650718689,-0.5518664121627808,0.5430457592010498,-0.14688314497470856,0.13307689130306244,-0.31140759587287903,0.33556854724884033,1.347259759902954,-1.9643223285675049,1.0899266004562378,-0.8717111945152283,,,,,,,,,,,,
20260709_130944_282006,2026-07-09T13:09:52.932,8.649982,runtime,340,idle,0.0,0.0,0.0,0.0,0.0,0.0,0.0,0.0,0.06,xsens:live,-0.028552595525979996,-0.01929136924445629,-0.9994061589241028,1.1058334790057032,-1.6364701423902936,0.0,0.0,0.0,0.0,0,none,21.3303809999843,46.881487958454,0.8305400000381269,8002.976020999995,12,0.024109624326229095,0.0952177494764328,,"BL_hip_joint,BR_hip_joint,FL_hip_joint,FR_hip_joint,BL_thigh_joint,BR_thigh_joint,FL_thigh_joint,FR_thigh_joint,BL_calf_joint,BR_calf_joint,FL_calf_joint,FR_calf_joint",330e02f2406e129bb6ed6ec4a6c6bcd5f80d7e7799a2ab087e81eda65d2fae69,"step=000340 mode=idle   vx= 0.000 vy= 0.000 vxy= 0.000 yaw= 0.000 speed=0.06 imu=xsens:live tilt_rp=[+1.1,-1.6]deg imu_corr=0.000 act_max= 0.000 tau_cmd= 0.000 tau_cmd_max= 0.000 cmds=00 bus=none hz=46.9 tx=0.8ms fb_age=8003.0ms fb=12 tau_fb= 0.024 tau_fb_max= 0.095",,,,,,,,,,,,,,,,,,,,,,,,,,,,,,,,,,,,,,,,,,,,,,,,,0.0,0.0,0.0,0.0,0.0,0.0,0.0,0.0,0.0,0.0,0.0,0.0,0.0,0.0,0.0,0.0,0.0,0.0,0.0,0.0,0.0,0.0,0.0,0.0,0.5610706210136414,-0.620897650718689,-0.5518664121627808,0.5430457592010498,-0.14688314497470856,0.13307689130306244,-0.31140759587287903,0.33556854724884033,1.347259759902954,-1.9643223285675049,1.0899266004562378,-0.8717111945152283,0.07690664380788803,-0.02059999480843544,0.059968870133161545,0.03479110077023506,-0.0027466658502817154,-0.009155552834272385,-0.04577776417136192,0.06958220154047012,-0.09430219233036041,0.016022218391299248,-0.0196844395250082,-0.020142216235399246,0.5610706210136414,-0.620897650718689,-0.5518664121627808,0.5430457592010498,-0.14688314497470856,0.13307689130306244,-0.31140759587287903,0.33556854724884033,1.347259759902954,-1.9643223285675049,1.0899266004562378,-0.8717111945152283,,,,,,,,,,,,
20260709_130944_282006,2026-07-09T13:09:53.392,9.110211,runtime,360,idle,0.0,0.0,0.0,0.0,0.0,0.0,0.0,0.0,0.06,xsens:live,-0.02394086867570877,-0.024024598300457,-0.9994246959686279,1.3770352563675987,-1.3722379032046863,0.0,0.0,0.0,0.0,0,none,29.060885999967923,34.41051315507393,0.8305400000381269,8463.162832000024,12,0.024109624326229095,0.0952177494764328,,"BL_hip_joint,BR_hip_joint,FL_hip_joint,FR_hip_joint,BL_thigh_joint,BR_thigh_joint,FL_thigh_joint,FR_thigh_joint,BL_calf_joint,BR_calf_joint,FL_calf_joint,FR_calf_joint",330e02f2406e129bb6ed6ec4a6c6bcd5f80d7e7799a2ab087e81eda65d2fae69,"step=000360 mode=idle   vx= 0.000 vy= 0.000 vxy= 0.000 yaw= 0.000 speed=0.06 imu=xsens:live tilt_rp=[+1.4,-1.4]deg imu_corr=0.000 act_max= 0.000 tau_cmd= 0.000 tau_cmd_max= 0.000 cmds=00 bus=none hz=34.4 tx=0.8ms fb_age=8463.2ms fb=12 tau_fb= 0.024 tau_fb_max= 0.095",,,,,,,,,,,,,,,,,,,,,,,,,,,,,,,,,,,,,,,,,,,,,,,,,0.0,0.0,0.0,0.0,0.0,0.0,0.0,0.0,0.0,0.0,0.0,0.0,0.0,0.0,0.0,0.0,0.0,0.0,0.0,0.0,0.0,0.0,0.0,0.0,0.5610706210136414,-0.620897650718689,-0.5518664121627808,0.5430457592010498,-0.14688314497470856,0.13307689130306244,-0.31140759587287903,0.33556854724884033,1.347259759902954,-1.9643223285675049,1.0899266004562378,-0.8717111945152283,0.07690664380788803,-0.02059999480843544,0.059968870133161545,0.03479110077023506,-0.0027466658502817154,-0.009155552834272385,-0.04577776417136192,0.06958220154047012,-0.09430219233036041,0.016022218391299248,-0.0196844395250082,-0.020142216235399246,0.5610706210136414,-0.620897650718689,-0.5518664121627808,0.5430457592010498,-0.14688314497470856,0.13307689130306244,-0.31140759587287903,0.33556854724884033,1.347259759902954,-1.9643223285675049,1.0899266004562378,-0.8717111945152283,,,,,,,,,,,,
20260709_130944_282006,2026-07-09T13:09:53.850,9.568088,runtime,380,idle,0.0,0.0,0.0,0.0,0.0,0.0,0.0,0.0,0.06,xsens:live,-0.01860831491649151,-0.021666206419467926,-0.9995920658111572,1.241694366613686,-1.0664898297790684,0.0,0.0,0.0,0.0,0,none,20.070905000011408,49.82336371974416,0.8305400000381269,8921.02391200001,12,0.024109624326229095,0.0952177494764328,,"BL_hip_joint,BR_hip_joint,FL_hip_joint,FR_hip_joint,BL_thigh_joint,BR_thigh_joint,FL_thigh_joint,FR_thigh_joint,BL_calf_joint,BR_calf_joint,FL_calf_joint,FR_calf_joint",330e02f2406e129bb6ed6ec4a6c6bcd5f80d7e7799a2ab087e81eda65d2fae69,"step=000380 mode=idle   vx= 0.000 vy= 0.000 vxy= 0.000 yaw= 0.000 speed=0.06 imu=xsens:live tilt_rp=[+1.2,-1.1]deg imu_corr=0.000 act_max= 0.000 tau_cmd= 0.000 tau_cmd_max= 0.000 cmds=00 bus=none hz=49.8 tx=0.8ms fb_age=8921.0ms fb=12 tau_fb= 0.024 tau_fb_max= 0.095",,,,,,,,,,,,,,,,,,,,,,,,,,,,,,,,,,,,,,,,,,,,,,,,,0.0,0.0,0.0,0.0,0.0,0.0,0.0,0.0,0.0,0.0,0.0,0.0,0.0,0.0,0.0,0.0,0.0,0.0,0.0,0.0,0.0,0.0,0.0,0.0,0.5610706210136414,-0.620897650718689,-0.5518664121627808,0.5430457592010498,-0.14688314497470856,0.13307689130306244,-0.31140759587287903,0.33556854724884033,1.347259759902954,-1.9643223285675049,1.0899266004562378,-0.8717111945152283,0.07690664380788803,-0.02059999480843544,0.059968870133161545,0.03479110077023506,-0.0027466658502817154,-0.009155552834272385,-0.04577776417136192,0.06958220154047012,-0.09430219233036041,0.016022218391299248,-0.0196844395250082,-0.020142216235399246,0.5610706210136414,-0.620897650718689,-0.5518664121627808,0.5430457592010498,-0.14688314497470856,0.13307689130306244,-0.31140759587287903,0.33556854724884033,1.347259759902954,-1.9643223285675049,1.0899266004562378,-0.8717111945152283,,,,,,,,,,,,
20260709_130944_282006,2026-07-09T13:09:54.306,10.024109,runtime,400,idle,0.0,0.0,0.0,0.0,0.0,0.0,0.0,0.0,0.06,xsens:live,-0.024778831750154495,-0.018538324162364006,-0.9995210766792297,1.0625548463389187,-1.4201118685510394,0.0,0.0,0.0,0.0,0,none,20.752364000031776,48.18728121762267,0.8305400000381269,9377.02228500001,12,0.024109624326229095,0.0952177494764328,,"BL_hip_joint,BR_hip_joint,FL_hip_joint,FR_hip_joint,BL_thigh_joint,BR_thigh_joint,FL_thigh_joint,FR_thigh_joint,BL_calf_joint,BR_calf_joint,FL_calf_joint,FR_calf_joint",330e02f2406e129bb6ed6ec4a6c6bcd5f80d7e7799a2ab087e81eda65d2fae69,"step=000400 mode=idle   vx= 0.000 vy= 0.000 vxy= 0.000 yaw= 0.000 speed=0.06 imu=xsens:live tilt_rp=[+1.1,-1.4]deg imu_corr=0.000 act_max= 0.000 tau_cmd= 0.000 tau_cmd_max= 0.000 cmds=00 bus=none hz=48.2 tx=0.8ms fb_age=9377.0ms fb=12 tau_fb= 0.024 tau_fb_max= 0.095",,,,,,,,,,,,,,,,,,,,,,,,,,,,,,,,,,,,,,,,,,,,,,,,,0.0,0.0,0.0,0.0,0.0,0.0,0.0,0.0,0.0,0.0,0.0,0.0,0.0,0.0,0.0,0.0,0.0,0.0,0.0,0.0,0.0,0.0,0.0,0.0,0.5610706210136414,-0.620897650718689,-0.5518664121627808,0.5430457592010498,-0.14688314497470856,0.13307689130306244,-0.31140759587287903,0.33556854724884033,1.347259759902954,-1.9643223285675049,1.0899266004562378,-0.8717111945152283,0.07690664380788803,-0.02059999480843544,0.059968870133161545,0.03479110077023506,-0.0027466658502817154,-0.009155552834272385,-0.04577776417136192,0.06958220154047012,-0.09430219233036041,0.016022218391299248,-0.0196844395250082,-0.020142216235399246,0.5610706210136414,-0.620897650718689,-0.5518664121627808,0.5430457592010498,-0.14688314497470856,0.13307689130306244,-0.31140759587287903,0.33556854724884033,1.347259759902954,-1.9643223285675049,1.0899266004562378,-0.8717111945152283,,,,,,,,,,,,
20260709_130944_282006,2026-07-09T13:09:54.771,10.489516,runtime,420,idle,0.0,0.0,0.0,0.0,0.0,0.0,0.0,0.0,0.06,xsens:live,-0.027763942256569862,-0.0225388053804636,-0.9993603825569153,1.291985914646454,-1.591365507357762,0.0,0.0,0.0,0.0,0,none,20.741575999977613,48.212344134364685,0.8305400000381269,9842.328717999975,12,0.024109624326229095,0.0952177494764328,,"BL_hip_joint,BR_hip_joint,FL_hip_joint,FR_hip_joint,BL_thigh_joint,BR_thigh_joint,FL_thigh_joint,FR_thigh_joint,BL_calf_joint,BR_calf_joint,FL_calf_joint,FR_calf_joint",330e02f2406e129bb6ed6ec4a6c6bcd5f80d7e7799a2ab087e81eda65d2fae69,"step=000420 mode=idle   vx= 0.000 vy= 0.000 vxy= 0.000 yaw= 0.000 speed=0.06 imu=xsens:live tilt_rp=[+1.3,-1.6]deg imu_corr=0.000 act_max= 0.000 tau_cmd= 0.000 tau_cmd_max= 0.000 cmds=00 bus=none hz=48.2 tx=0.8ms fb_age=9842.3ms fb=12 tau_fb= 0.024 tau_fb_max= 0.095",,,,,,,,,,,,,,,,,,,,,,,,,,,,,,,,,,,,,,,,,,,,,,,,,0.0,0.0,0.0,0.0,0.0,0.0,0.0,0.0,0.0,0.0,0.0,0.0,0.0,0.0,0.0,0.0,0.0,0.0,0.0,0.0,0.0,0.0,0.0,0.0,0.5610706210136414,-0.620897650718689,-0.5518664121627808,0.5430457592010498,-0.14688314497470856,0.13307689130306244,-0.31140759587287903,0.33556854724884033,1.347259759902954,-1.9643223285675049,1.0899266004562378,-0.8717111945152283,0.07690664380788803,-0.02059999480843544,0.059968870133161545,0.03479110077023506,-0.0027466658502817154,-0.009155552834272385,-0.04577776417136192,0.06958220154047012,-0.09430219233036041,0.016022218391299248,-0.0196844395250082,-0.020142216235399246,0.5610706210136414,-0.620897650718689,-0.5518664121627808,0.5430457592010498,-0.14688314497470856,0.13307689130306244,-0.31140759587287903,0.33556854724884033,1.347259759902954,-1.9643223285675049,1.0899266004562378,-0.8717111945152283,,,,,,,,,,,,
20260709_130944_282006,2026-07-09T13:09:55.228,10.946150,runtime,440,idle,0.0,0.0,0.0,0.0,0.0,0.0,0.0,0.0,0.06,xsens:live,-0.019437167793512344,-0.022823365405201912,-0.9995505809783936,1.30804317843553,-1.1140280021454503,0.0,0.0,0.0,0.0,0,none,28.22008900000128,35.43574933445301,0.8305400000381269,10298.968124999989,12,0.024109624326229095,0.0952177494764328,,"BL_hip_joint,BR_hip_joint,FL_hip_joint,FR_hip_joint,BL_thigh_joint,BR_thigh_joint,FL_thigh_joint,FR_thigh_joint,BL_calf_joint,BR_calf_joint,FL_calf_joint,FR_calf_joint",330e02f2406e129bb6ed6ec4a6c6bcd5f80d7e7799a2ab087e81eda65d2fae69,"step=000440 mode=idle   vx= 0.000 vy= 0.000 vxy= 0.000 yaw= 0.000 speed=0.06 imu=xsens:live tilt_rp=[+1.3,-1.1]deg imu_corr=0.000 act_max= 0.000 tau_cmd= 0.000 tau_cmd_max= 0.000 cmds=00 bus=none hz=35.4 tx=0.8ms fb_age=10299.0ms fb=12 tau_fb= 0.024 tau_fb_max= 0.095",,,,,,,,,,,,,,,,,,,,,,,,,,,,,,,,,,,,,,,,,,,,,,,,,0.0,0.0,0.0,0.0,0.0,0.0,0.0,0.0,0.0,0.0,0.0,0.0,0.0,0.0,0.0,0.0,0.0,0.0,0.0,0.0,0.0,0.0,0.0,0.0,0.5610706210136414,-0.620897650718689,-0.5518664121627808,0.5430457592010498,-0.14688314497470856,0.13307689130306244,-0.31140759587287903,0.33556854724884033,1.347259759902954,-1.9643223285675049,1.0899266004562378,-0.8717111945152283,0.07690664380788803,-0.02059999480843544,0.059968870133161545,0.03479110077023506,-0.0027466658502817154,-0.009155552834272385,-0.04577776417136192,0.06958220154047012,-0.09430219233036041,0.016022218391299248,-0.0196844395250082,-0.020142216235399246,0.5610706210136414,-0.620897650718689,-0.5518664121627808,0.5430457592010498,-0.14688314497470856,0.13307689130306244,-0.31140759587287903,0.33556854724884033,1.347259759902954,-1.9643223285675049,1.0899266004562378,-0.8717111945152283,,,,,,,,,,,,
20260709_130944_282006,2026-07-09T13:09:55.685,11.402997,runtime,460,idle,0.0,0.0,0.0,0.0,0.0,0.0,0.0,0.0,0.06,xsens:live,-0.02107435092329979,-0.019338909536600113,-0.9995909333229065,1.108353072137545,-1.2077865730952062,0.0,0.0,0.0,0.0,0,none,20.191416000045592,49.52599659170719,0.8305400000381269,10755.947226999979,12,0.024109624326229095,0.0952177494764328,,"BL_hip_joint,BR_hip_joint,FL_hip_joint,FR_hip_joint,BL_thigh_joint,BR_thigh_joint,FL_thigh_joint,FR_thigh_joint,BL_calf_joint,BR_calf_joint,FL_calf_joint,FR_calf_joint",330e02f2406e129bb6ed6ec4a6c6bcd5f80d7e7799a2ab087e81eda65d2fae69,"step=000460 mode=idle   vx= 0.000 vy= 0.000 vxy= 0.000 yaw= 0.000 speed=0.06 imu=xsens:live tilt_rp=[+1.1,-1.2]deg imu_corr=0.000 act_max= 0.000 tau_cmd= 0.000 tau_cmd_max= 0.000 cmds=00 bus=none hz=49.5 tx=0.8ms fb_age=10755.9ms fb=12 tau_fb= 0.024 tau_fb_max= 0.095",,,,,,,,,,,,,,,,,,,,,,,,,,,,,,,,,,,,,,,,,,,,,,,,,0.0,0.0,0.0,0.0,0.0,0.0,0.0,0.0,0.0,0.0,0.0,0.0,0.0,0.0,0.0,0.0,0.0,0.0,0.0,0.0,0.0,0.0,0.0,0.0,0.5610706210136414,-0.620897650718689,-0.5518664121627808,0.5430457592010498,-0.14688314497470856,0.13307689130306244,-0.31140759587287903,0.33556854724884033,1.347259759902954,-1.9643223285675049,1.0899266004562378,-0.8717111945152283,0.07690664380788803,-0.02059999480843544,0.059968870133161545,0.03479110077023506,-0.0027466658502817154,-0.009155552834272385,-0.04577776417136192,0.06958220154047012,-0.09430219233036041,0.016022218391299248,-0.0196844395250082,-0.020142216235399246,0.5610706210136414,-0.620897650718689,-0.5518664121627808,0.5430457592010498,-0.14688314497470856,0.13307689130306244,-0.31140759587287903,0.33556854724884033,1.347259759902954,-1.9643223285675049,1.0899266004562378,-0.8717111945152283,,,,,,,,,,,,
20260709_130944_282006,2026-07-09T13:09:56.152,11.870842,runtime,480,idle,0.0,0.0,0.0,0.0,0.0,0.0,0.0,0.0,0.06,xsens:live,-0.02903488650918007,-0.02106012962758541,-0.9993565082550049,1.2072548241923866,-1.6641794974474655,0.0,0.0,0.0,0.0,0,none,20.876774999976533,47.900118672597856,0.8305400000381269,11223.835964999978,12,0.024109624326229095,0.0952177494764328,,"BL_hip_joint,BR_hip_joint,FL_hip_joint,FR_hip_joint,BL_thigh_joint,BR_thigh_joint,FL_thigh_joint,FR_thigh_joint,BL_calf_joint,BR_calf_joint,FL_calf_joint,FR_calf_joint",330e02f2406e129bb6ed6ec4a6c6bcd5f80d7e7799a2ab087e81eda65d2fae69,"step=000480 mode=idle   vx= 0.000 vy= 0.000 vxy= 0.000 yaw= 0.000 speed=0.06 imu=xsens:live tilt_rp=[+1.2,-1.7]deg imu_corr=0.000 act_max= 0.000 tau_cmd= 0.000 tau_cmd_max= 0.000 cmds=00 bus=none hz=47.9 tx=0.8ms fb_age=11223.8ms fb=12 tau_fb= 0.024 tau_fb_max= 0.095",,,,,,,,,,,,,,,,,,,,,,,,,,,,,,,,,,,,,,,,,,,,,,,,,0.0,0.0,0.0,0.0,0.0,0.0,0.0,0.0,0.0,0.0,0.0,0.0,0.0,0.0,0.0,0.0,0.0,0.0,0.0,0.0,0.0,0.0,0.0,0.0,0.5610706210136414,-0.620897650718689,-0.5518664121627808,0.5430457592010498,-0.14688314497470856,0.13307689130306244,-0.31140759587287903,0.33556854724884033,1.347259759902954,-1.9643223285675049,1.0899266004562378,-0.8717111945152283,0.07690664380788803,-0.02059999480843544,0.059968870133161545,0.03479110077023506,-0.0027466658502817154,-0.009155552834272385,-0.04577776417136192,0.06958220154047012,-0.09430219233036041,0.016022218391299248,-0.0196844395250082,-0.020142216235399246,0.5610706210136414,-0.620897650718689,-0.5518664121627808,0.5430457592010498,-0.14688314497470856,0.13307689130306244,-0.31140759587287903,0.33556854724884033,1.347259759902954,-1.9643223285675049,1.0899266004562378,-0.8717111945152283,,,,,,,,,,,,
20260709_130944_282006,2026-07-09T13:09:56.612,12.330314,runtime,500,idle,0.0,0.0,0.0,0.0,0.0,0.0,0.0,0.0,0.06,xsens:live,-0.022968990728259087,-0.022900527343153954,-0.9994738698005676,1.3125646053743845,-1.3164872678026902,0.0,0.0,0.0,0.0,0,none,28.96562799998037,34.523677511866055,0.8305400000381269,11683.261311000024,12,0.024109624326229095,0.0952177494764328,,"BL_hip_joint,BR_hip_joint,FL_hip_joint,FR_hip_joint,BL_thigh_joint,BR_thigh_joint,FL_thigh_joint,FR_thigh_joint,BL_calf_joint,BR_calf_joint,FL_calf_joint,FR_calf_joint",330e02f2406e129bb6ed6ec4a6c6bcd5f80d7e7799a2ab087e81eda65d2fae69,"step=000500 mode=idle   vx= 0.000 vy= 0.000 vxy= 0.000 yaw= 0.000 speed=0.06 imu=xsens:live tilt_rp=[+1.3,-1.3]deg imu_corr=0.000 act_max= 0.000 tau_cmd= 0.000 tau_cmd_max= 0.000 cmds=00 bus=none hz=34.5 tx=0.8ms fb_age=11683.3ms fb=12 tau_fb= 0.024 tau_fb_max= 0.095",,,,,,,,,,,,,,,,,,,,,,,,,,,,,,,,,,,,,,,,,,,,,,,,,0.0,0.0,0.0,0.0,0.0,0.0,0.0,0.0,0.0,0.0,0.0,0.0,0.0,0.0,0.0,0.0,0.0,0.0,0.0,0.0,0.0,0.0,0.0,0.0,0.5610706210136414,-0.620897650718689,-0.5518664121627808,0.5430457592010498,-0.14688314497470856,0.13307689130306244,-0.31140759587287903,0.33556854724884033,1.347259759902954,-1.9643223285675049,1.0899266004562378,-0.8717111945152283,0.07690664380788803,-0.02059999480843544,0.059968870133161545,0.03479110077023506,-0.0027466658502817154,-0.009155552834272385,-0.04577776417136192,0.06958220154047012,-0.09430219233036041,0.016022218391299248,-0.0196844395250082,-0.020142216235399246,0.5610706210136414,-0.620897650718689,-0.5518664121627808,0.5430457592010498,-0.14688314497470856,0.13307689130306244,-0.31140759587287903,0.33556854724884033,1.347259759902954,-1.9643223285675049,1.0899266004562378,-0.8717111945152283,,,,,,,,,,,,
20260709_130944_282006,2026-07-09T13:09:57.072,12.790384,runtime,520,idle,0.0,0.0,0.0,0.0,0.0,0.0,0.0,0.0,0.06,xsens:live,-0.018470274284482002,-0.02012699469923973,-0.9996268153190613,1.1534665104166442,-1.0585433867587817,0.0,0.0,0.0,0.0,0,none,20.858066000016606,47.94308350540284,0.8305400000381269,12143.328978,12,0.024109624326229095,0.0952177494764328,,"BL_hip_joint,BR_hip_joint,FL_hip_joint,FR_hip_joint,BL_thigh_joint,BR_thigh_joint,FL_thigh_joint,FR_thigh_joint,BL_calf_joint,BR_calf_joint,FL_calf_joint,FR_calf_joint",330e02f2406e129bb6ed6ec4a6c6bcd5f80d7e7799a2ab087e81eda65d2fae69,"step=000520 mode=idle   vx= 0.000 vy= 0.000 vxy= 0.000 yaw= 0.000 speed=0.06 imu=xsens:live tilt_rp=[+1.2,-1.1]deg imu_corr=0.000 act_max= 0.000 tau_cmd= 0.000 tau_cmd_max= 0.000 cmds=00 bus=none hz=47.9 tx=0.8ms fb_age=12143.3ms fb=12 tau_fb= 0.024 tau_fb_max= 0.095",,,,,,,,,,,,,,,,,,,,,,,,,,,,,,,,,,,,,,,,,,,,,,,,,0.0,0.0,0.0,0.0,0.0,0.0,0.0,0.0,0.0,0.0,0.0,0.0,0.0,0.0,0.0,0.0,0.0,0.0,0.0,0.0,0.0,0.0,0.0,0.0,0.5610706210136414,-0.620897650718689,-0.5518664121627808,0.5430457592010498,-0.14688314497470856,0.13307689130306244,-0.31140759587287903,0.33556854724884033,1.347259759902954,-1.9643223285675049,1.0899266004562378,-0.8717111945152283,0.07690664380788803,-0.02059999480843544,0.059968870133161545,0.03479110077023506,-0.0027466658502817154,-0.009155552834272385,-0.04577776417136192,0.06958220154047012,-0.09430219233036041,0.016022218391299248,-0.0196844395250082,-0.020142216235399246,0.5610706210136414,-0.620897650718689,-0.5518664121627808,0.5430457592010498,-0.14688314497470856,0.13307689130306244,-0.31140759587287903,0.33556854724884033,1.347259759902954,-1.9643223285675049,1.0899266004562378,-0.8717111945152283,,,,,,,,,,,,
20260709_130944_282006,2026-07-09T13:09:57.540,13.258759,runtime,540,idle,0.0,0.0,0.0,0.0,0.0,0.0,0.0,0.0,0.06,xsens:live,-0.027392731979489326,-0.02024158276617527,-0.9994198083877563,1.1602719056932247,-1.5700059959580819,0.0,0.0,0.0,0.0,0,none,22.148404000006394,45.14998010690573,0.8305400000381269,12611.688578999974,12,0.024109624326229095,0.0952177494764328,,"BL_hip_joint,BR_hip_joint,FL_hip_joint,FR_hip_joint,BL_thigh_joint,BR_thigh_joint,FL_thigh_joint,FR_thigh_joint,BL_calf_joint,BR_calf_joint,FL_calf_joint,FR_calf_joint",330e02f2406e129bb6ed6ec4a6c6bcd5f80d7e7799a2ab087e81eda65d2fae69,"step=000540 mode=idle   vx= 0.000 vy= 0.000 vxy= 0.000 yaw= 0.000 speed=0.06 imu=xsens:live tilt_rp=[+1.2,-1.6]deg imu_corr=0.000 act_max= 0.000 tau_cmd= 0.000 tau_cmd_max= 0.000 cmds=00 bus=none hz=45.1 tx=0.8ms fb_age=12611.7ms fb=12 tau_fb= 0.024 tau_fb_max= 0.095",,,,,,,,,,,,,,,,,,,,,,,,,,,,,,,,,,,,,,,,,,,,,,,,,0.0,0.0,0.0,0.0,0.0,0.0,0.0,0.0,0.0,0.0,0.0,0.0,0.0,0.0,0.0,0.0,0.0,0.0,0.0,0.0,0.0,0.0,0.0,0.0,0.5610706210136414,-0.620897650718689,-0.5518664121627808,0.5430457592010498,-0.14688314497470856,0.13307689130306244,-0.31140759587287903,0.33556854724884033,1.347259759902954,-1.9643223285675049,1.0899266004562378,-0.8717111945152283,0.07690664380788803,-0.02059999480843544,0.059968870133161545,0.03479110077023506,-0.0027466658502817154,-0.009155552834272385,-0.04577776417136192,0.06958220154047012,-0.09430219233036041,0.016022218391299248,-0.0196844395250082,-0.020142216235399246,0.5610706210136414,-0.620897650718689,-0.5518664121627808,0.5430457592010498,-0.14688314497470856,0.13307689130306244,-0.31140759587287903,0.33556854724884033,1.347259759902954,-1.9643223285675049,1.0899266004562378,-0.8717111945152283,,,,,,,,,,,,
20260709_130944_282006,2026-07-09T13:09:58.000,13.718270,runtime,560,idle,0.0,0.0,0.0,0.0,0.0,0.0,0.0,0.0,0.06,xsens:live,-0.027115611359477043,-0.022754844278097153,-0.9993733167648315,1.304348720882213,-1.5542030061600958,0.0,0.0,0.0,0.0,0,none,28.29931899998428,35.33653937045466,0.8305400000381269,13071.198922000007,12,0.024109624326229095,0.0952177494764328,,"BL_hip_joint,BR_hip_joint,FL_hip_joint,FR_hip_joint,BL_thigh_joint,BR_thigh_joint,FL_thigh_joint,FR_thigh_joint,BL_calf_joint,BR_calf_joint,FL_calf_joint,FR_calf_joint",330e02f2406e129bb6ed6ec4a6c6bcd5f80d7e7799a2ab087e81eda65d2fae69,"step=000560 mode=idle   vx= 0.000 vy= 0.000 vxy= 0.000 yaw= 0.000 speed=0.06 imu=xsens:live tilt_rp=[+1.3,-1.6]deg imu_corr=0.000 act_max= 0.000 tau_cmd= 0.000 tau_cmd_max= 0.000 cmds=00 bus=none hz=35.3 tx=0.8ms fb_age=13071.2ms fb=12 tau_fb= 0.024 tau_fb_max= 0.095",,,,,,,,,,,,,,,,,,,,,,,,,,,,,,,,,,,,,,,,,,,,,,,,,0.0,0.0,0.0,0.0,0.0,0.0,0.0,0.0,0.0,0.0,0.0,0.0,0.0,0.0,0.0,0.0,0.0,0.0,0.0,0.0,0.0,0.0,0.0,0.0,0.5610706210136414,-0.620897650718689,-0.5518664121627808,0.5430457592010498,-0.14688314497470856,0.13307689130306244,-0.31140759587287903,0.33556854724884033,1.347259759902954,-1.9643223285675049,1.0899266004562378,-0.8717111945152283,0.07690664380788803,-0.02059999480843544,0.059968870133161545,0.03479110077023506,-0.0027466658502817154,-0.009155552834272385,-0.04577776417136192,0.06958220154047012,-0.09430219233036041,0.016022218391299248,-0.0196844395250082,-0.020142216235399246,0.5610706210136414,-0.620897650718689,-0.5518664121627808,0.5430457592010498,-0.14688314497470856,0.13307689130306244,-0.31140759587287903,0.33556854724884033,1.347259759902954,-1.9643223285675049,1.0899266004562378,-0.8717111945152283,,,,,,,,,,,,
20260709_130944_282006,2026-07-09T13:09:58.460,14.178140,runtime,580,idle,0.0,0.0,0.0,0.0,0.0,0.0,0.0,0.0,0.06,xsens:live,-0.018834467977285385,-0.02142396755516529,-0.9995930790901184,1.2278146412624393,-1.079447094185284,0.0,0.0,0.0,0.0,0,none,20.075168000005306,49.81278363397685,0.8305400000381269,13531.082733999994,12,0.024109624326229095,0.0952177494764328,,"BL_hip_joint,BR_hip_joint,FL_hip_joint,FR_hip_joint,BL_thigh_joint,BR_thigh_joint,FL_thigh_joint,FR_thigh_joint,BL_calf_joint,BR_calf_joint,FL_calf_joint,FR_calf_joint",330e02f2406e129bb6ed6ec4a6c6bcd5f80d7e7799a2ab087e81eda65d2fae69,"step=000580 mode=idle   vx= 0.000 vy= 0.000 vxy= 0.000 yaw= 0.000 speed=0.06 imu=xsens:live tilt_rp=[+1.2,-1.1]deg imu_corr=0.000 act_max= 0.000 tau_cmd= 0.000 tau_cmd_max= 0.000 cmds=00 bus=none hz=49.8 tx=0.8ms fb_age=13531.1ms fb=12 tau_fb= 0.024 tau_fb_max= 0.095",,,,,,,,,,,,,,,,,,,,,,,,,,,,,,,,,,,,,,,,,,,,,,,,,0.0,0.0,0.0,0.0,0.0,0.0,0.0,0.0,0.0,0.0,0.0,0.0,0.0,0.0,0.0,0.0,0.0,0.0,0.0,0.0,0.0,0.0,0.0,0.0,0.5610706210136414,-0.620897650718689,-0.5518664121627808,0.5430457592010498,-0.14688314497470856,0.13307689130306244,-0.31140759587287903,0.33556854724884033,1.347259759902954,-1.9643223285675049,1.0899266004562378,-0.8717111945152283,0.07690664380788803,-0.02059999480843544,0.059968870133161545,0.03479110077023506,-0.0027466658502817154,-0.009155552834272385,-0.04577776417136192,0.06958220154047012,-0.09430219233036041,0.016022218391299248,-0.0196844395250082,-0.020142216235399246,0.5610706210136414,-0.620897650718689,-0.5518664121627808,0.5430457592010498,-0.14688314497470856,0.13307689130306244,-0.31140759587287903,0.33556854724884033,1.347259759902954,-1.9643223285675049,1.0899266004562378,-0.8717111945152283,,,,,,,,,,,,
20260709_130944_282006,2026-07-09T13:09:58.928,14.645994,runtime,600,idle,0.0,0.0,0.0,0.0,0.0,0.0,0.0,0.0,0.06,xsens:live,-0.023828569799661636,-0.020005911588668823,-0.9995158910751343,1.1466563702687402,-1.3656790549039848,0.0,0.0,0.0,0.0,0,none,20.88877699998193,47.872596849536244,0.8305400000381269,13998.790916000018,12,0.024109624326229095,0.0952177494764328,,"BL_hip_joint,BR_hip_joint,FL_hip_joint,FR_hip_joint,BL_thigh_joint,BR_thigh_joint,FL_thigh_joint,FR_thigh_joint,BL_calf_joint,BR_calf_joint,FL_calf_joint,FR_calf_joint",330e02f2406e129bb6ed6ec4a6c6bcd5f80d7e7799a2ab087e81eda65d2fae69,"step=000600 mode=idle   vx= 0.000 vy= 0.000 vxy= 0.000 yaw= 0.000 speed=0.06 imu=xsens:live tilt_rp=[+1.1,-1.4]deg imu_corr=0.000 act_max= 0.000 tau_cmd= 0.000 tau_cmd_max= 0.000 cmds=00 bus=none hz=47.9 tx=0.8ms fb_age=13998.8ms fb=12 tau_fb= 0.024 tau_fb_max= 0.095",,,,,,,,,,,,,,,,,,,,,,,,,,,,,,,,,,,,,,,,,,,,,,,,,0.0,0.0,0.0,0.0,0.0,0.0,0.0,0.0,0.0,0.0,0.0,0.0,0.0,0.0,0.0,0.0,0.0,0.0,0.0,0.0,0.0,0.0,0.0,0.0,0.5610706210136414,-0.620897650718689,-0.5518664121627808,0.5430457592010498,-0.14688314497470856,0.13307689130306244,-0.31140759587287903,0.33556854724884033,1.347259759902954,-1.9643223285675049,1.0899266004562378,-0.8717111945152283,0.07690664380788803,-0.02059999480843544,0.059968870133161545,0.03479110077023506,-0.0027466658502817154,-0.009155552834272385,-0.04577776417136192,0.06958220154047012,-0.09430219233036041,0.016022218391299248,-0.0196844395250082,-0.020142216235399246,0.5610706210136414,-0.620897650718689,-0.5518664121627808,0.5430457592010498,-0.14688314497470856,0.13307689130306244,-0.31140759587287903,0.33556854724884033,1.347259759902954,-1.9643223285675049,1.0899266004562378,-0.8717111945152283,,,,,,,,,,,,
20260709_130944_282006,2026-07-09T13:09:59.383,15.100992,runtime,620,idle,0.0,0.0,0.0,0.0,0.0,0.0,0.0,0.0,0.06,xsens:live,-0.029140111058950424,-0.021934952586889267,-0.9993346929550171,1.257415000651053,-1.6702436352807952,0.0,0.0,0.0,0.0,0,none,28.18777200002387,35.476376068287806,0.8305400000381269,14453.922463000026,12,0.024109624326229095,0.0952177494764328,,"BL_hip_joint,BR_hip_joint,FL_hip_joint,FR_hip_joint,BL_thigh_joint,BR_thigh_joint,FL_thigh_joint,FR_thigh_joint,BL_calf_joint,BR_calf_joint,FL_calf_joint,FR_calf_joint",330e02f2406e129bb6ed6ec4a6c6bcd5f80d7e7799a2ab087e81eda65d2fae69,"step=000620 mode=idle   vx= 0.000 vy= 0.000 vxy= 0.000 yaw= 0.000 speed=0.06 imu=xsens:live tilt_rp=[+1.3,-1.7]deg imu_corr=0.000 act_max= 0.000 tau_cmd= 0.000 tau_cmd_max= 0.000 cmds=00 bus=none hz=35.5 tx=0.8ms fb_age=14453.9ms fb=12 tau_fb= 0.024 tau_fb_max= 0.095",,,,,,,,,,,,,,,,,,,,,,,,,,,,,,,,,,,,,,,,,,,,,,,,,0.0,0.0,0.0,0.0,0.0,0.0,0.0,0.0,0.0,0.0,0.0,0.0,0.0,0.0,0.0,0.0,0.0,0.0,0.0,0.0,0.0,0.0,0.0,0.0,0.5610706210136414,-0.620897650718689,-0.5518664121627808,0.5430457592010498,-0.14688314497470856,0.13307689130306244,-0.31140759587287903,0.33556854724884033,1.347259759902954,-1.9643223285675049,1.0899266004562378,-0.8717111945152283,0.07690664380788803,-0.02059999480843544,0.059968870133161545,0.03479110077023506,-0.0027466658502817154,-0.009155552834272385,-0.04577776417136192,0.06958220154047012,-0.09430219233036041,0.016022218391299248,-0.0196844395250082,-0.020142216235399246,0.5610706210136414,-0.620897650718689,-0.5518664121627808,0.5430457592010498,-0.14688314497470856,0.13307689130306244,-0.31140759587287903,0.33556854724884033,1.347259759902954,-1.9643223285675049,1.0899266004562378,-0.8717111945152283,,,,,,,,,,,,
20260709_130944_282006,2026-07-09T13:09:59.839,15.557181,runtime,640,idle,0.0,0.0,0.0,0.0,0.0,0.0,0.0,0.0,0.06,xsens:live,-0.021652113646268845,-0.021746065467596054,-0.9995290637016296,1.2463481927195605,-1.2409651506161765,0.0,0.0,0.0,0.0,0,none,20.07661300001473,49.80919839413482,0.8305400000381269,14910.10979700002,12,0.024109624326229095,0.0952177494764328,,"BL_hip_joint,BR_hip_joint,FL_hip_joint,FR_hip_joint,BL_thigh_joint,BR_thigh_joint,FL_thigh_joint,FR_thigh_joint,BL_calf_joint,BR_calf_joint,FL_calf_joint,FR_calf_joint",330e02f2406e129bb6ed6ec4a6c6bcd5f80d7e7799a2ab087e81eda65d2fae69,"step=000640 mode=idle   vx= 0.000 vy= 0.000 vxy= 0.000 yaw= 0.000 speed=0.06 imu=xsens:live tilt_rp=[+1.2,-1.2]deg imu_corr=0.000 act_max= 0.000 tau_cmd= 0.000 tau_cmd_max= 0.000 cmds=00 bus=none hz=49.8 tx=0.8ms fb_age=14910.1ms fb=12 tau_fb= 0.024 tau_fb_max= 0.095",,,,,,,,,,,,,,,,,,,,,,,,,,,,,,,,,,,,,,,,,,,,,,,,,0.0,0.0,0.0,0.0,0.0,0.0,0.0,0.0,0.0,0.0,0.0,0.0,0.0,0.0,0.0,0.0,0.0,0.0,0.0,0.0,0.0,0.0,0.0,0.0,0.5610706210136414,-0.620897650718689,-0.5518664121627808,0.5430457592010498,-0.14688314497470856,0.13307689130306244,-0.31140759587287903,0.33556854724884033,1.347259759902954,-1.9643223285675049,1.0899266004562378,-0.8717111945152283,0.07690664380788803,-0.02059999480843544,0.059968870133161545,0.03479110077023506,-0.0027466658502817154,-0.009155552834272385,-0.04577776417136192,0.06958220154047012,-0.09430219233036041,0.016022218391299248,-0.0196844395250082,-0.020142216235399246,0.5610706210136414,-0.620897650718689,-0.5518664121627808,0.5430457592010498,-0.14688314497470856,0.13307689130306244,-0.31140759587287903,0.33556854724884033,1.347259759902954,-1.9643223285675049,1.0899266004562378,-0.8717111945152283,,,,,,,,,,,,
20260709_130944_282006,2026-07-09T13:10:00.306,16.024048,runtime,660,idle,0.0,0.0,0.0,0.0,0.0,0.0,0.0,0.0,0.06,xsens:live,-0.02025940828025341,-0.019954336807131767,-0.9995956420898438,1.1436098786303444,-1.161089184747329,0.0,0.0,0.0,0.0,0,none,20.974832999968385,47.67618412034591,0.8305400000381269,15377.010595999991,12,0.024109624326229095,0.0952177494764328,,"BL_hip_joint,BR_hip_joint,FL_hip_joint,FR_hip_joint,BL_thigh_joint,BR_thigh_joint,FL_thigh_joint,FR_thigh_joint,BL_calf_joint,BR_calf_joint,FL_calf_joint,FR_calf_joint",330e02f2406e129bb6ed6ec4a6c6bcd5f80d7e7799a2ab087e81eda65d2fae69,"step=000660 mode=idle   vx= 0.000 vy= 0.000 vxy= 0.000 yaw= 0.000 speed=0.06 imu=xsens:live tilt_rp=[+1.1,-1.2]deg imu_corr=0.000 act_max= 0.000 tau_cmd= 0.000 tau_cmd_max= 0.000 cmds=00 bus=none hz=47.7 tx=0.8ms fb_age=15377.0ms fb=12 tau_fb= 0.024 tau_fb_max= 0.095",,,,,,,,,,,,,,,,,,,,,,,,,,,,,,,,,,,,,,,,,,,,,,,,,0.0,0.0,0.0,0.0,0.0,0.0,0.0,0.0,0.0,0.0,0.0,0.0,0.0,0.0,0.0,0.0,0.0,0.0,0.0,0.0,0.0,0.0,0.0,0.0,0.5610706210136414,-0.620897650718689,-0.5518664121627808,0.5430457592010498,-0.14688314497470856,0.13307689130306244,-0.31140759587287903,0.33556854724884033,1.347259759902954,-1.9643223285675049,1.0899266004562378,-0.8717111945152283,0.07690664380788803,-0.02059999480843544,0.059968870133161545,0.03479110077023506,-0.0027466658502817154,-0.009155552834272385,-0.04577776417136192,0.06958220154047012,-0.09430219233036041,0.016022218391299248,-0.0196844395250082,-0.020142216235399246,0.5610706210136414,-0.620897650718689,-0.5518664121627808,0.5430457592010498,-0.14688314497470856,0.13307689130306244,-0.31140759587287903,0.33556854724884033,1.347259759902954,-1.9643223285675049,1.0899266004562378,-0.8717111945152283,,,,,,,,,,,,
20260709_130944_282006,2026-07-09T13:10:00.761,16.479741,runtime,680,idle,0.0,0.0,0.0,0.0,0.0,0.0,0.0,0.0,0.06,xsens:live,-0.02833295613527298,-0.021318882703781128,-0.9993711709976196,1.2220652381574275,-1.6239452671414647,0.0,0.0,0.0,0.0,0,none,28.027328999996826,35.67946128580834,0.8305400000381269,15832.664281000007,12,0.024109624326229095,0.0952177494764328,,"BL_hip_joint,BR_hip_joint,FL_hip_joint,FR_hip_joint,BL_thigh_joint,BR_thigh_joint,FL_thigh_joint,FR_thigh_joint,BL_calf_joint,BR_calf_joint,FL_calf_joint,FR_calf_joint",330e02f2406e129bb6ed6ec4a6c6bcd5f80d7e7799a2ab087e81eda65d2fae69,"step=000680 mode=idle   vx= 0.000 vy= 0.000 vxy= 0.000 yaw= 0.000 speed=0.06 imu=xsens:live tilt_rp=[+1.2,-1.6]deg imu_corr=0.000 act_max= 0.000 tau_cmd= 0.000 tau_cmd_max= 0.000 cmds=00 bus=none hz=35.7 tx=0.8ms fb_age=15832.7ms fb=12 tau_fb= 0.024 tau_fb_max= 0.095",,,,,,,,,,,,,,,,,,,,,,,,,,,,,,,,,,,,,,,,,,,,,,,,,0.0,0.0,0.0,0.0,0.0,0.0,0.0,0.0,0.0,0.0,0.0,0.0,0.0,0.0,0.0,0.0,0.0,0.0,0.0,0.0,0.0,0.0,0.0,0.0,0.5610706210136414,-0.620897650718689,-0.5518664121627808,0.5430457592010498,-0.14688314497470856,0.13307689130306244,-0.31140759587287903,0.33556854724884033,1.347259759902954,-1.9643223285675049,1.0899266004562378,-0.8717111945152283,0.07690664380788803,-0.02059999480843544,0.059968870133161545,0.03479110077023506,-0.0027466658502817154,-0.009155552834272385,-0.04577776417136192,0.06958220154047012,-0.09430219233036041,0.016022218391299248,-0.0196844395250082,-0.020142216235399246,0.5610706210136414,-0.620897650718689,-0.5518664121627808,0.5430457592010498,-0.14688314497470856,0.13307689130306244,-0.31140759587287903,0.33556854724884033,1.347259759902954,-1.9643223285675049,1.0899266004562378,-0.8717111945152283,,,,,,,,,,,,
20260709_130944_282006,2026-07-09T13:10:01.217,16.935123,runtime,700,idle,0.0,0.0,0.0,0.0,0.0,0.0,0.0,0.0,0.06,xsens:live,-0.02566450648009777,-0.021836716681718826,-0.9994320869445801,1.2516635039575432,-1.4709802047564062,0.0,0.0,0.0,0.0,0,none,20.06937700002709,49.82715706614362,0.8305400000381269,16288.010278999991,12,0.024109624326229095,0.0952177494764328,,"BL_hip_joint,BR_hip_joint,FL_hip_joint,FR_hip_joint,BL_thigh_joint,BR_thigh_joint,FL_thigh_joint,FR_thigh_joint,BL_calf_joint,BR_calf_joint,FL_calf_joint,FR_calf_joint",330e02f2406e129bb6ed6ec4a6c6bcd5f80d7e7799a2ab087e81eda65d2fae69,"step=000700 mode=idle   vx= 0.000 vy= 0.000 vxy= 0.000 yaw= 0.000 speed=0.06 imu=xsens:live tilt_rp=[+1.3,-1.5]deg imu_corr=0.000 act_max= 0.000 tau_cmd= 0.000 tau_cmd_max= 0.000 cmds=00 bus=none hz=49.8 tx=0.8ms fb_age=16288.0ms fb=12 tau_fb= 0.024 tau_fb_max= 0.095",,,,,,,,,,,,,,,,,,,,,,,,,,,,,,,,,,,,,,,,,,,,,,,,,0.0,0.0,0.0,0.0,0.0,0.0,0.0,0.0,0.0,0.0,0.0,0.0,0.0,0.0,0.0,0.0,0.0,0.0,0.0,0.0,0.0,0.0,0.0,0.0,0.5610706210136414,-0.620897650718689,-0.5518664121627808,0.5430457592010498,-0.14688314497470856,0.13307689130306244,-0.31140759587287903,0.33556854724884033,1.347259759902954,-1.9643223285675049,1.0899266004562378,-0.8717111945152283,0.07690664380788803,-0.02059999480843544,0.059968870133161545,0.03479110077023506,-0.0027466658502817154,-0.009155552834272385,-0.04577776417136192,0.06958220154047012,-0.09430219233036041,0.016022218391299248,-0.0196844395250082,-0.020142216235399246,0.5610706210136414,-0.620897650718689,-0.5518664121627808,0.5430457592010498,-0.14688314497470856,0.13307689130306244,-0.31140759587287903,0.33556854724884033,1.347259759902954,-1.9643223285675049,1.0899266004562378,-0.8717111945152283,,,,,,,,,,,,
20260709_130944_282006,2026-07-09T13:10:01.686,17.404341,runtime,720,idle,0.0,0.0,0.0,0.0,0.0,0.0,0.0,0.0,0.06,xsens:live,-0.018584981560707092,-0.02052711509168148,-0.9996166229248047,1.1764027907514107,-1.0651266830512276,0.0,0.0,0.0,0.0,0,none,20.793364000041947,48.09226635949732,0.8305400000381269,16757.316177000008,12,0.024109624326229095,0.0952177494764328,,"BL_hip_joint,BR_hip_joint,FL_hip_joint,FR_hip_joint,BL_thigh_joint,BR_thigh_joint,FL_thigh_joint,FR_thigh_joint,BL_calf_joint,BR_calf_joint,FL_calf_joint,FR_calf_joint",330e02f2406e129bb6ed6ec4a6c6bcd5f80d7e7799a2ab087e81eda65d2fae69,"step=000720 mode=idle   vx= 0.000 vy= 0.000 vxy= 0.000 yaw= 0.000 speed=0.06 imu=xsens:live tilt_rp=[+1.2,-1.1]deg imu_corr=0.000 act_max= 0.000 tau_cmd= 0.000 tau_cmd_max= 0.000 cmds=00 bus=none hz=48.1 tx=0.8ms fb_age=16757.3ms fb=12 tau_fb= 0.024 tau_fb_max= 0.095",,,,,,,,,,,,,,,,,,,,,,,,,,,,,,,,,,,,,,,,,,,,,,,,,0.0,0.0,0.0,0.0,0.0,0.0,0.0,0.0,0.0,0.0,0.0,0.0,0.0,0.0,0.0,0.0,0.0,0.0,0.0,0.0,0.0,0.0,0.0,0.0,0.5610706210136414,-0.620897650718689,-0.5518664121627808,0.5430457592010498,-0.14688314497470856,0.13307689130306244,-0.31140759587287903,0.33556854724884033,1.347259759902954,-1.9643223285675049,1.0899266004562378,-0.8717111945152283,0.07690664380788803,-0.02059999480843544,0.059968870133161545,0.03479110077023506,-0.0027466658502817154,-0.009155552834272385,-0.04577776417136192,0.06958220154047012,-0.09430219233036041,0.016022218391299248,-0.0196844395250082,-0.020142216235399246,0.5610706210136414,-0.620897650718689,-0.5518664121627808,0.5430457592010498,-0.14688314497470856,0.13307689130306244,-0.31140759587287903,0.33556854724884033,1.347259759902954,-1.9643223285675049,1.0899266004562378,-0.8717111945152283,,,,,,,,,,,,
20260709_130944_282006,2026-07-09T13:10:02.141,17.859166,runtime,740,idle,0.0,0.0,0.0,0.0,0.0,0.0,0.0,0.0,0.06,xsens:live,-0.025484511628746986,-0.020738279446959496,-0.9994601011276245,1.188687176356002,-1.4606272278126244,0.0,0.0,0.0,0.0,0,none,21.134017999997923,47.31707903343786,0.8305400000381269,17212.11716199997,12,0.024109624326229095,0.0952177494764328,,"BL_hip_joint,BR_hip_joint,FL_hip_joint,FR_hip_joint,BL_thigh_joint,BR_thigh_joint,FL_thigh_joint,FR_thigh_joint,BL_calf_joint,BR_calf_joint,FL_calf_joint,FR_calf_joint",330e02f2406e129bb6ed6ec4a6c6bcd5f80d7e7799a2ab087e81eda65d2fae69,"step=000740 mode=idle   vx= 0.000 vy= 0.000 vxy= 0.000 yaw= 0.000 speed=0.06 imu=xsens:live tilt_rp=[+1.2,-1.5]deg imu_corr=0.000 act_max= 0.000 tau_cmd= 0.000 tau_cmd_max= 0.000 cmds=00 bus=none hz=47.3 tx=0.8ms fb_age=17212.1ms fb=12 tau_fb= 0.024 tau_fb_max= 0.095",,,,,,,,,,,,,,,,,,,,,,,,,,,,,,,,,,,,,,,,,,,,,,,,,0.0,0.0,0.0,0.0,0.0,0.0,0.0,0.0,0.0,0.0,0.0,0.0,0.0,0.0,0.0,0.0,0.0,0.0,0.0,0.0,0.0,0.0,0.0,0.0,0.5610706210136414,-0.620897650718689,-0.5518664121627808,0.5430457592010498,-0.14688314497470856,0.13307689130306244,-0.31140759587287903,0.33556854724884033,1.347259759902954,-1.9643223285675049,1.0899266004562378,-0.8717111945152283,0.07690664380788803,-0.02059999480843544,0.059968870133161545,0.03479110077023506,-0.0027466658502817154,-0.009155552834272385,-0.04577776417136192,0.06958220154047012,-0.09430219233036041,0.016022218391299248,-0.0196844395250082,-0.020142216235399246,0.5610706210136414,-0.620897650718689,-0.5518664121627808,0.5430457592010498,-0.14688314497470856,0.13307689130306244,-0.31140759587287903,0.33556854724884033,1.347259759902954,-1.9643223285675049,1.0899266004562378,-0.8717111945152283,,,,,,,,,,,,
20260709_130944_282006,2026-07-09T13:10:02.597,18.315040,runtime,760,idle,0.0,0.0,0.0,0.0,0.0,0.0,0.0,0.0,0.06,xsens:live,-0.028483759611845016,-0.021190140396356583,-0.9993696808815002,1.214689353625549,-1.6325865589439426,0.0,0.0,0.0,0.0,0,none,28.61418899999535,34.947696752829955,0.8305400000381269,17667.971636000006,12,0.024109624326229095,0.0952177494764328,,"BL_hip_joint,BR_hip_joint,FL_hip_joint,FR_hip_joint,BL_thigh_joint,BR_thigh_joint,FL_thigh_joint,FR_thigh_joint,BL_calf_joint,BR_calf_joint,FL_calf_joint,FR_calf_joint",330e02f2406e129bb6ed6ec4a6c6bcd5f80d7e7799a2ab087e81eda65d2fae69,"step=000760 mode=idle   vx= 0.000 vy= 0.000 vxy= 0.000 yaw= 0.000 speed=0.06 imu=xsens:live tilt_rp=[+1.2,-1.6]deg imu_corr=0.000 act_max= 0.000 tau_cmd= 0.000 tau_cmd_max= 0.000 cmds=00 bus=none hz=34.9 tx=0.8ms fb_age=17668.0ms fb=12 tau_fb= 0.024 tau_fb_max= 0.095",,,,,,,,,,,,,,,,,,,,,,,,,,,,,,,,,,,,,,,,,,,,,,,,,0.0,0.0,0.0,0.0,0.0,0.0,0.0,0.0,0.0,0.0,0.0,0.0,0.0,0.0,0.0,0.0,0.0,0.0,0.0,0.0,0.0,0.0,0.0,0.0,0.5610706210136414,-0.620897650718689,-0.5518664121627808,0.5430457592010498,-0.14688314497470856,0.13307689130306244,-0.31140759587287903,0.33556854724884033,1.347259759902954,-1.9643223285675049,1.0899266004562378,-0.8717111945152283,0.07690664380788803,-0.02059999480843544,0.059968870133161545,0.03479110077023506,-0.0027466658502817154,-0.009155552834272385,-0.04577776417136192,0.06958220154047012,-0.09430219233036041,0.016022218391299248,-0.0196844395250082,-0.020142216235399246,0.5610706210136414,-0.620897650718689,-0.5518664121627808,0.5430457592010498,-0.14688314497470856,0.13307689130306244,-0.31140759587287903,0.33556854724884033,1.347259759902954,-1.9643223285675049,1.0899266004562378,-0.8717111945152283,,,,,,,,,,,,
20260709_130944_282006,2026-07-09T13:10:03.052,18.770849,runtime,780,idle,0.0,0.0,0.0,0.0,0.0,0.0,0.0,0.0,0.06,xsens:live,-0.02035776525735855,-0.02065621316432953,-0.9995794296264648,1.183843299044174,-1.1667434961452123,0.0,0.0,0.0,0.0,0,none,20.07111900002201,49.82283249872135,0.8305400000381269,18123.77937100001,12,0.024109624326229095,0.0952177494764328,,"BL_hip_joint,BR_hip_joint,FL_hip_joint,FR_hip_joint,BL_thigh_joint,BR_thigh_joint,FL_thigh_joint,FR_thigh_joint,BL_calf_joint,BR_calf_joint,FL_calf_joint,FR_calf_joint",330e02f2406e129bb6ed6ec4a6c6bcd5f80d7e7799a2ab087e81eda65d2fae69,"step=000780 mode=idle   vx= 0.000 vy= 0.000 vxy= 0.000 yaw= 0.000 speed=0.06 imu=xsens:live tilt_rp=[+1.2,-1.2]deg imu_corr=0.000 act_max= 0.000 tau_cmd= 0.000 tau_cmd_max= 0.000 cmds=00 bus=none hz=49.8 tx=0.8ms fb_age=18123.8ms fb=12 tau_fb= 0.024 tau_fb_max= 0.095",,,,,,,,,,,,,,,,,,,,,,,,,,,,,,,,,,,,,,,,,,,,,,,,,0.0,0.0,0.0,0.0,0.0,0.0,0.0,0.0,0.0,0.0,0.0,0.0,0.0,0.0,0.0,0.0,0.0,0.0,0.0,0.0,0.0,0.0,0.0,0.0,0.5610706210136414,-0.620897650718689,-0.5518664121627808,0.5430457592010498,-0.14688314497470856,0.13307689130306244,-0.31140759587287903,0.33556854724884033,1.347259759902954,-1.9643223285675049,1.0899266004562378,-0.8717111945152283,0.07690664380788803,-0.02059999480843544,0.059968870133161545,0.03479110077023506,-0.0027466658502817154,-0.009155552834272385,-0.04577776417136192,0.06958220154047012,-0.09430219233036041,0.016022218391299248,-0.0196844395250082,-0.020142216235399246,0.5610706210136414,-0.620897650718689,-0.5518664121627808,0.5430457592010498,-0.14688314497470856,0.13307689130306244,-0.31140759587287903,0.33556854724884033,1.347259759902954,-1.9643223285675049,1.0899266004562378,-0.8717111945152283,,,,,,,,,,,,
20260709_130944_282006,2026-07-09T13:10:03.520,19.238470,runtime,800,idle,0.0,0.0,0.0,0.0,0.0,0.0,0.0,0.0,0.06,xsens:live,-0.021715939044952393,-0.021079448983073235,-0.9995419979095459,1.2081377874662096,-1.2446059779675385,0.0,0.0,0.0,0.0,0,none,21.893886000043494,45.67485187408089,0.8305400000381269,18591.461919999972,12,0.024109624326229095,0.0952177494764328,,"BL_hip_joint,BR_hip_joint,FL_hip_joint,FR_hip_joint,BL_thigh_joint,BR_thigh_joint,FL_thigh_joint,FR_thigh_joint,BL_calf_joint,BR_calf_joint,FL_calf_joint,FR_calf_joint",330e02f2406e129bb6ed6ec4a6c6bcd5f80d7e7799a2ab087e81eda65d2fae69,"step=000800 mode=idle   vx= 0.000 vy= 0.000 vxy= 0.000 yaw= 0.000 speed=0.06 imu=xsens:live tilt_rp=[+1.2,-1.2]deg imu_corr=0.000 act_max= 0.000 tau_cmd= 0.000 tau_cmd_max= 0.000 cmds=00 bus=none hz=45.7 tx=0.8ms fb_age=18591.5ms fb=12 tau_fb= 0.024 tau_fb_max= 0.095",,,,,,,,,,,,,,,,,,,,,,,,,,,,,,,,,,,,,,,,,,,,,,,,,0.0,0.0,0.0,0.0,0.0,0.0,0.0,0.0,0.0,0.0,0.0,0.0,0.0,0.0,0.0,0.0,0.0,0.0,0.0,0.0,0.0,0.0,0.0,0.0,0.5610706210136414,-0.620897650718689,-0.5518664121627808,0.5430457592010498,-0.14688314497470856,0.13307689130306244,-0.31140759587287903,0.33556854724884033,1.347259759902954,-1.9643223285675049,1.0899266004562378,-0.8717111945152283,0.07690664380788803,-0.02059999480843544,0.059968870133161545,0.03479110077023506,-0.0027466658502817154,-0.009155552834272385,-0.04577776417136192,0.06958220154047012,-0.09430219233036041,0.016022218391299248,-0.0196844395250082,-0.020142216235399246,0.5610706210136414,-0.620897650718689,-0.5518664121627808,0.5430457592010498,-0.14688314497470856,0.13307689130306244,-0.31140759587287903,0.33556854724884033,1.347259759902954,-1.9643223285675049,1.0899266004562378,-0.8717111945152283,,,,,,,,,,,,
20260709_130944_282006,2026-07-09T13:10:03.978,19.696549,runtime,820,idle,0.0,0.0,0.0,0.0,0.0,0.0,0.0,0.0,0.06,xsens:live,-0.02860802225768566,-0.02145162597298622,-0.9993605017662048,1.2296852936508211,-1.6397200191909622,0.0,0.0,0.0,0.0,0,none,28.100648999952682,35.58636670639471,0.8305400000381269,19049.473705000026,12,0.024109624326229095,0.0952177494764328,,"BL_hip_joint,BR_hip_joint,FL_hip_joint,FR_hip_joint,BL_thigh_joint,BR_thigh_joint,FL_thigh_joint,FR_thigh_joint,BL_calf_joint,BR_calf_joint,FL_calf_joint,FR_calf_joint",330e02f2406e129bb6ed6ec4a6c6bcd5f80d7e7799a2ab087e81eda65d2fae69,"step=000820 mode=idle   vx= 0.000 vy= 0.000 vxy= 0.000 yaw= 0.000 speed=0.06 imu=xsens:live tilt_rp=[+1.2,-1.6]deg imu_corr=0.000 act_max= 0.000 tau_cmd= 0.000 tau_cmd_max= 0.000 cmds=00 bus=none hz=35.6 tx=0.8ms fb_age=19049.5ms fb=12 tau_fb= 0.024 tau_fb_max= 0.095",,,,,,,,,,,,,,,,,,,,,,,,,,,,,,,,,,,,,,,,,,,,,,,,,0.0,0.0,0.0,0.0,0.0,0.0,0.0,0.0,0.0,0.0,0.0,0.0,0.0,0.0,0.0,0.0,0.0,0.0,0.0,0.0,0.0,0.0,0.0,0.0,0.5610706210136414,-0.620897650718689,-0.5518664121627808,0.5430457592010498,-0.14688314497470856,0.13307689130306244,-0.31140759587287903,0.33556854724884033,1.347259759902954,-1.9643223285675049,1.0899266004562378,-0.8717111945152283,0.07690664380788803,-0.02059999480843544,0.059968870133161545,0.03479110077023506,-0.0027466658502817154,-0.009155552834272385,-0.04577776417136192,0.06958220154047012,-0.09430219233036041,0.016022218391299248,-0.0196844395250082,-0.020142216235399246,0.5610706210136414,-0.620897650718689,-0.5518664121627808,0.5430457592010498,-0.14688314497470856,0.13307689130306244,-0.31140759587287903,0.33556854724884033,1.347259759902954,-1.9643223285675049,1.0899266004562378,-0.8717111945152283,,,,,,,,,,,,
20260709_130944_282006,2026-07-09T13:10:04.437,20.155419,runtime,840,idle,0.0,0.0,0.0,0.0,0.0,0.0,0.0,0.0,0.06,xsens:live,-0.023714179173111916,-0.02061518095433712,-0.9995062351226807,1.1815788363178077,-1.3591386124347888,0.0,0.0,0.0,0.0,0,none,20.073378000006414,49.81722558104971,0.8305400000381269,19508.335369000008,12,0.024109624326229095,0.0952177494764328,,"BL_hip_joint,BR_hip_joint,FL_hip_joint,FR_hip_joint,BL_thigh_joint,BR_thigh_joint,FL_thigh_joint,FR_thigh_joint,BL_calf_joint,BR_calf_joint,FL_calf_joint,FR_calf_joint",330e02f2406e129bb6ed6ec4a6c6bcd5f80d7e7799a2ab087e81eda65d2fae69,"step=000840 mode=idle   vx= 0.000 vy= 0.000 vxy= 0.000 yaw= 0.000 speed=0.06 imu=xsens:live tilt_rp=[+1.2,-1.4]deg imu_corr=0.000 act_max= 0.000 tau_cmd= 0.000 tau_cmd_max= 0.000 cmds=00 bus=none hz=49.8 tx=0.8ms fb_age=19508.3ms fb=12 tau_fb= 0.024 tau_fb_max= 0.095",,,,,,,,,,,,,,,,,,,,,,,,,,,,,,,,,,,,,,,,,,,,,,,,,0.0,0.0,0.0,0.0,0.0,0.0,0.0,0.0,0.0,0.0,0.0,0.0,0.0,0.0,0.0,0.0,0.0,0.0,0.0,0.0,0.0,0.0,0.0,0.0,0.5610706210136414,-0.620897650718689,-0.5518664121627808,0.5430457592010498,-0.14688314497470856,0.13307689130306244,-0.31140759587287903,0.33556854724884033,1.347259759902954,-1.9643223285675049,1.0899266004562378,-0.8717111945152283,0.07690664380788803,-0.02059999480843544,0.059968870133161545,0.03479110077023506,-0.0027466658502817154,-0.009155552834272385,-0.04577776417136192,0.06958220154047012,-0.09430219233036041,0.016022218391299248,-0.0196844395250082,-0.020142216235399246,0.5610706210136414,-0.620897650718689,-0.5518664121627808,0.5430457592010498,-0.14688314497470856,0.13307689130306244,-0.31140759587287903,0.33556854724884033,1.347259759902954,-1.9643223285675049,1.0899266004562378,-0.8717111945152283,,,,,,,,,,,,
20260709_130944_282006,2026-07-09T13:10:04.985,20.703067,pose,860,sit,0.0,0.0,0.0,0.0,0.0,0.0,0.0,0.0,0.06,xsens:live,-0.0198082122951746,-0.021533342078328133,-0.9995719194412231,1.2341071135043944,-1.135264421359029,0.0,0.0,12.14819622039795,30.750883102416992,12,can0:12,21.21137000000317,47.14452673258967,1.5124250000440043,8.504401999971378,12,0.03021332435309887,0.07690664380788803,,"BL_hip_joint,BR_hip_joint,FL_hip_joint,FR_hip_joint,BL_thigh_joint,BR_thigh_joint,FL_thigh_joint,FR_thigh_joint,BL_calf_joint,BR_calf_joint,FL_calf_joint,FR_calf_joint",330e02f2406e129bb6ed6ec4a6c6bcd5f80d7e7799a2ab087e81eda65d2fae69,"step=000860 mode=sit    vx= 0.000 vy= 0.000 vxy= 0.000 yaw= 0.000 speed=0.06 imu=xsens:live tilt_rp=[+1.2,-1.1]deg imu_corr=0.000 act_max= 0.000 tau_cmd= 12.148 tau_cmd_max= 30.751 cmds=12 bus=can0:12 hz=47.1 tx=1.5ms fb_age=8.5ms fb=12 tau_fb= 0.030 tau_fb_max= 0.077",,,,,,,,,,,,,,,,,,,,,,,,,,,,,,,,,,,,,,,,,,,,,,,,,0.0,0.0,0.0,0.0,0.0,0.0,0.0,0.0,0.0,0.0,0.0,0.0,0.0,0.0,0.0,0.0,0.0,0.0,0.0,0.0,0.0,0.0,0.0,0.0,0.5595365762710571,-0.6220481991767883,-0.5503324270248413,0.544579803943634,-0.14765015244483948,0.13307689130306244,-0.31409215927124023,0.3405541181564331,1.338822603225708,-1.9643223285675049,1.089543104171753,-0.8717111945152283,0.4051332175731659,0.008239997550845146,0.010528885759413242,-0.7686086893081665,0.3112888038158417,0.28199103474617004,-0.3021332323551178,-0.8542130589485168,-0.16525772213935852,-0.07278664410114288,-0.7571642398834229,-0.11215551942586899,0.5595365762710571,-0.6220481991767883,-0.5503324270248413,0.544579803943634,-0.14765015244483948,0.13307689130306244,-0.31409215927124023,0.3405541181564331,1.338822603225708,-1.9643223285675049,1.089543104171753,-0.8717111945152283,0.0,0.0,0.0,0.0,0.0,0.0,0.0,0.0,0.0,0.0,0.0,0.0
20260709_130944_282006,2026-07-09T13:10:05.572,21.290590,pose,880,sit,0.0,0.0,0.0,0.0,0.0,0.0,0.0,0.0,0.06,xsens:live,-0.02875613048672676,-0.021198401227593422,-0.9993616938591003,1.2151724588182016,-1.6482024721272384,0.0,0.0,5.384098529815674,10.665420532226562,12,can0:12,24.348508000002766,41.07027831027209,0.5410509999705937,6.5718469999751505,12,1.2570573091506958,3.5889766216278076,,"BL_hip_joint,BR_hip_joint,FL_hip_joint,FR_hip_joint,BL_thigh_joint,BR_thigh_joint,FL_thigh_joint,FR_thigh_joint,BL_calf_joint,BR_calf_joint,FL_calf_joint,FR_calf_joint",330e02f2406e129bb6ed6ec4a6c6bcd5f80d7e7799a2ab087e81eda65d2fae69,"step=000880 mode=sit    vx= 0.000 vy= 0.000 vxy= 0.000 yaw= 0.000 speed=0.06 imu=xsens:live tilt_rp=[+1.2,-1.6]deg imu_corr=0.000 act_max= 0.000 tau_cmd= 5.384 tau_cmd_max= 10.665 cmds=12 bus=can0:12 hz=41.1 tx=0.5ms fb_age=6.6ms fb=12 tau_fb= 1.257 tau_fb_max= 3.589",,,,,,,,,,,,,,,,,,,,,,,,,,,,,,,,,,,,,,,,,,,,,,,,,0.0,0.0,0.0,0.0,0.0,0.0,0.0,0.0,0.0,0.0,0.0,0.0,0.0,0.0,0.0,0.0,0.0,0.0,0.0,0.0,0.0,0.0,0.0,0.0,0.5495653748512268,-0.6090089678764343,-0.5388271808624268,0.5342251062393188,-0.13230988383293152,0.11888714134693146,-0.29453331232070923,0.31869423389434814,1.3530123233795166,-1.9647058248519897,1.1098690032958984,-0.8993237018585205,-0.05401776358485222,0.06591998040676117,0.14603106677532196,-0.05172887444496155,0.09338664263486862,-0.0,0.10437330603599548,-0.14831995964050293,0.05630664899945259,0.010528885759413242,-0.021973326802253723,-0.1345866322517395,0.5347916483879089,-0.5945387482643127,-0.5259945392608643,0.5204963088035583,-0.11900846660137177,0.10507969558238983,-0.2780897319316864,0.30338144302368164,1.3521418571472168,-1.949979543685913,1.1138864755630493,-0.9056879878044128,0.0,0.0,0.0,0.0,0.0,0.0,0.0,0.0,0.0,0.0,0.0,0.0
20260709_130944_282006,2026-07-09T13:10:06.100,21.818051,pose,900,sit,0.0,0.0,0.0,0.0,0.0,0.0,0.0,0.0,0.06,xsens:live,-0.022926094010472298,-0.020016901195049286,-0.9995367527008057,1.1472621419422195,-1.3139468294315741,0.0,0.0,6.966392993927002,11.078737258911133,12,can0:12,30.201835000013943,33.11057093052585,0.5050720000099318,6.466577000026064,12,1.720938801765442,3.372905731201172,,"BL_hip_joint,BR_hip_joint,FL_hip_joint,FR_hip_joint,BL_thigh_joint,BR_thigh_joint,FL_thigh_joint,FR_thigh_joint,BL_calf_joint,BR_calf_joint,FL_calf_joint,FR_calf_joint",330e02f2406e129bb6ed6ec4a6c6bcd5f80d7e7799a2ab087e81eda65d2fae69,"step=000900 mode=sit    vx= 0.000 vy= 0.000 vxy= 0.000 yaw= 0.000 speed=0.06 imu=xsens:live tilt_rp=[+1.1,-1.3]deg imu_corr=0.000 act_max= 0.000 tau_cmd= 6.966 tau_cmd_max= 11.079 cmds=12 bus=can0:12 hz=33.1 tx=0.5ms fb_age=6.5ms fb=12 tau_fb= 1.721 tau_fb_max= 3.373",,,,,,,,,,,,,,,,,,,,,,,,,,,,,,,,,,,,,,,,,,,,,,,,,0.0,0.0,0.0,0.0,0.0,0.0,0.0,0.0,0.0,0.0,0.0,0.0,0.0,0.0,0.0,0.0,0.0,0.0,0.0,0.0,0.0,0.0,0.0,0.0,0.48858779668807983,-0.5422787666320801,-0.4805341362953186,0.47631555795669556,-0.06596318632364273,0.05254044383764267,-0.2090112566947937,0.23393921554088593,1.3848434686660767,-1.9298067092895508,1.1700795888900757,-0.9813941717147827,-0.1350444108247757,0.1263466328382492,0.10803552716970444,-0.09155552834272385,0.14099551737308502,-0.16479995846748352,0.2069154977798462,-0.21195104718208313,0.025635547935962677,0.08056886494159698,0.05218665301799774,-0.14603106677532196,0.46970438957214355,-0.522179901599884,-0.46197792887687683,0.45714887976646423,-0.04367154836654663,0.03143797814846039,-0.18339170515537262,0.20560525357723236,1.3871759176254272,-1.9122531414031982,1.1779175996780396,-0.9950580596923828,0.0,0.0,0.0,0.0,0.0,0.0,0.0,0.0,0.0,0.0,0.0,0.0
20260709_130944_282006,2026-07-09T13:10:06.627,22.345043,pose,920,sit,0.0,0.0,0.0,0.0,0.0,0.0,0.0,0.0,0.06,xsens:live,-0.022239860147237778,-0.021952178329229355,-0.9995116591453552,1.2581794122817822,-1.2746623640111308,0.0,0.0,8.223654747009277,14.038923263549805,12,can0:12,24.272022999980436,41.19969728113747,0.5208209999523206,6.378738000023532,12,1.4120913743972778,3.061616897583008,,"BL_hip_joint,BR_hip_joint,FL_hip_joint,FR_hip_joint,BL_thigh_joint,BR_thigh_joint,FL_thigh_joint,FR_thigh_joint,BL_calf_joint,BR_calf_joint,FL_calf_joint,FR_calf_joint",330e02f2406e129bb6ed6ec4a6c6bcd5f80d7e7799a2ab087e81eda65d2fae69,"step=000920 mode=sit    vx= 0.000 vy= 0.000 vxy= 0.000 yaw= 0.000 speed=0.06 imu=xsens:live tilt_rp=[+1.3,-1.3]deg imu_corr=0.000 act_max= 0.000 tau_cmd= 8.224 tau_cmd_max= 14.039 cmds=12 bus=can0:12 hz=41.2 tx=0.5ms fb_age=6.4ms fb=12 tau_fb= 1.412 tau_fb_max= 3.062",,,,,,,,,,,,,,,,,,,,,,,,,,,,,,,,,,,,,,,,,,,,,,,,,0.0,0.0,0.0,0.0,0.0,0.0,0.0,0.0,0.0,0.0,0.0,0.0,0.0,0.0,0.0,0.0,0.0,0.0,0.0,0.0,0.0,0.0,0.0,0.0,0.40153172612190247,-0.4452515244483948,-0.3946286141872406,0.39041003584861755,0.03489912673830986,-0.04563732072710991,-0.08283749222755432,0.1035468652844429,1.434315800666809,-1.8791837692260742,1.2571356296539307,-1.1029658317565918,-0.20187993347644806,0.13138218224048615,0.2137821614742279,-0.20233771204948425,0.22339549660682678,-0.2055421620607376,0.22751548886299133,-0.20966215431690216,0.125888854265213,0.14603106677532196,0.1579332798719406,-0.10483107715845108,0.3779962658882141,-0.420226126909256,-0.37177836894989014,0.36789217591285706,0.06247839331626892,-0.07232341170310974,-0.04996189475059509,0.06783831119537354,1.4365389347076416,-1.8590967655181885,1.2681375741958618,-1.1209807395935059,0.0,0.0,0.0,0.0,0.0,0.0,0.0,0.0,0.0,0.0,0.0,0.0
20260709_130944_282006,2026-07-09T13:10:07.163,22.881553,pose,940,sit,0.0,0.0,0.0,0.0,0.0,0.0,0.0,0.0,0.06,xsens:live,-0.031151194125413895,-0.02026095986366272,-0.9993093013763428,1.1615107146045993,-1.7854873905572295,0.0,0.0,8.234173774719238,12.185564041137695,12,can0:12,24.59858700001405,40.6527415578557,0.5052970000178902,6.379711999954907,12,2.1420938968658447,4.160283088684082,,"BL_hip_joint,BR_hip_joint,FL_hip_joint,FR_hip_joint,BL_thigh_joint,BR_thigh_joint,FL_thigh_joint,FR_thigh_joint,BL_calf_joint,BR_calf_joint,FL_calf_joint,FR_calf_joint",330e02f2406e129bb6ed6ec4a6c6bcd5f80d7e7799a2ab087e81eda65d2fae69,"step=000940 mode=sit    vx= 0.000 vy= 0.000 vxy= 0.000 yaw= 0.000 speed=0.06 imu=xsens:live tilt_rp=[+1.2,-1.8]deg imu_corr=0.000 act_max= 0.000 tau_cmd= 8.234 tau_cmd_max= 12.186 cmds=12 bus=can0:12 hz=40.7 tx=0.5ms fb_age=6.4ms fb=12 tau_fb= 2.142 tau_fb_max= 4.160",,,,,,,,,,,,,,,,,,,,,,,,,,,,,,,,,,,,,,,,,,,,,,,,,0.0,0.0,0.0,0.0,0.0,0.0,0.0,0.0,0.0,0.0,0.0,0.0,0.0,0.0,0.0,0.0,0.0,0.0,0.0,0.0,0.0,0.0,0.0,0.0,0.29798486828804016,-0.3301994502544403,-0.292999267578125,0.28993120789527893,0.15378627181053162,-0.16107289493083954,0.06557968258857727,-0.05138992518186569,1.488390326499939,-1.818973183631897,1.3595319986343384,-1.2452468872070312,-0.2545243799686432,0.20874661207199097,0.1744132786989212,-0.1826532781124115,0.1908932775259018,-0.25910213589668274,0.2636799216270447,-0.2311777025461197,0.04257332161068916,0.09887997061014175,0.22568437457084656,-0.2055421620607376,0.27338868379592896,-0.3039317727088928,-0.2688915431499481,0.2660808265209198,0.18355914950370789,-0.1906796544790268,0.10223585367202759,-0.08930659294128418,1.4928451776504517,-1.7984633445739746,1.3710476160049438,-1.2646152973175049,0.0,0.0,0.0,0.0,0.0,0.0,0.0,0.0,0.0,0.0,0.0,0.0
20260709_130944_282006,2026-07-09T13:10:07.689,23.407077,pose,960,sit,0.0,0.0,0.0,0.0,0.0,0.0,0.0,0.0,0.06,xsens:live,-0.02564135193824768,-0.01932944357395172,-0.9994843602180481,1.107928787681865,-1.4695768377934548,0.0,0.0,7.776064395904541,14.592329978942871,12,can0:12,24.23359499999833,41.26502898146432,0.5135249999739244,6.416523999973833,12,2.6737263202667236,4.801171779632568,,"BL_hip_joint,BR_hip_joint,FL_hip_joint,FR_hip_joint,BL_thigh_joint,BR_thigh_joint,FL_thigh_joint,FR_thigh_joint,BL_calf_joint,BR_calf_joint,FL_calf_joint,FR_calf_joint",330e02f2406e129bb6ed6ec4a6c6bcd5f80d7e7799a2ab087e81eda65d2fae69,"step=000960 mode=sit    vx= 0.000 vy= 0.000 vxy= 0.000 yaw= 0.000 speed=0.06 imu=xsens:live tilt_rp=[+1.1,-1.5]deg imu_corr=0.000 act_max= 0.000 tau_cmd= 7.776 tau_cmd_max= 14.592 cmds=12 bus=can0:12 hz=41.3 tx=0.5ms fb_age=6.4ms fb=12 tau_fb= 2.674 tau_fb_max= 4.801",,,,,,,,,,,,,,,,,,,,,,,,,,,,,,,,,,,,,,,,,,,,,,,,,0.0,0.0,0.0,0.0,0.0,0.0,0.0,0.0,0.0,0.0,0.0,0.0,0.0,0.0,0.0,0.0,0.0,0.0,0.0,0.0,0.0,0.0,0.0,0.0,0.19367098808288574,-0.21438035368919373,-0.19060292840003967,0.18791837990283966,0.27497443556785583,-0.27957653999328613,0.21821542084217072,-0.20747722685337067,1.5455328226089478,-1.7576121091842651,1.4626953601837158,-1.3898290395736694,-0.11581774055957794,0.13275551795959473,0.095675528049469,-0.2151554971933365,0.32776880264282227,-0.21607105433940887,0.2719199061393738,-0.33829766511917114,0.050355542451143265,0.06546220183372498,0.13824884593486786,-0.3035065829753876,0.16960301995277405,-0.1885511577129364,-0.16681313514709473,0.16506943106651306,0.30368852615356445,-0.3081059455871582,0.253237783908844,-0.24521678686141968,1.5487090349197388,-1.7383064031600952,1.473149061203003,-1.4071214199066162,0.0,0.0,0.0,0.0,0.0,0.0,0.0,0.0,0.0,0.0,0.0,0.0
20260709_130944_282006,2026-07-09T13:10:08.214,23.932644,pose,980,sit,0.0,0.0,0.0,0.0,0.0,0.0,0.0,0.0,0.06,xsens:live,-0.02583385817706585,-0.022153863683342934,-0.9994208216667175,1.2698505208420032,-1.480699098351401,0.0,0.0,6.406670093536377,11.133716583251953,12,can0:12,30.10345799998504,33.21877506565847,0.5443840000225464,6.450981000000411,12,2.537308692932129,4.4276251792907715,,"BL_hip_joint,BR_hip_joint,FL_hip_joint,FR_hip_joint,BL_thigh_joint,BR_thigh_joint,FL_thigh_joint,FR_thigh_joint,BL_calf_joint,BR_calf_joint,FL_calf_joint,FR_calf_joint",330e02f2406e129bb6ed6ec4a6c6bcd5f80d7e7799a2ab087e81eda65d2fae69,"step=000980 mode=sit    vx= 0.000 vy= 0.000 vxy= 0.000 yaw= 0.000 speed=0.06 imu=xsens:live tilt_rp=[+1.3,-1.5]deg imu_corr=0.000 act_max= 0.000 tau_cmd= 6.407 tau_cmd_max= 11.134 cmds=12 bus=can0:12 hz=33.2 tx=0.5ms fb_age=6.5ms fb=12 tau_fb= 2.537 tau_fb_max= 4.428",,,,,,,,,,,,,,,,,,,,,,,,,,,,,,,,,,,,,,,,,,,,,,,,,0.0,0.0,0.0,0.0,0.0,0.0,0.0,0.0,0.0,0.0,0.0,0.0,0.0,0.0,0.0,0.0,0.0,0.0,0.0,0.0,0.0,0.0,0.0,0.0,0.10047880560159683,-0.11044998466968536,-0.09817776829004288,0.09817776829004288,0.38389042019844055,-0.3854244351387024,0.35512739419937134,-0.3497582972049713,1.5965392589569092,-1.7023870944976807,1.5547369718551636,-1.5183038711547852,-0.13962218165397644,0.18906216323375702,0.11398663371801376,-0.10666219145059586,0.12817774713039398,-0.21973326802253723,0.29618212580680847,-0.19684438407421112,0.09430219233036041,0.11581774055957794,0.12955106794834137,-0.1355021893978119,0.08036074042320251,-0.08933866024017334,-0.07903885841369629,0.07821264863014221,0.4069843590259552,-0.40907734632492065,0.3830799460411072,-0.3792794346809387,1.5967447757720947,-1.6865792274475098,1.5609432458877563,-1.5296581983566284,0.0,0.0,0.0,0.0,0.0,0.0,0.0,0.0,0.0,0.0,0.0,0.0
20260709_130944_282006,2026-07-09T13:10:08.743,24.461025,pose,1000,sit,0.0,0.0,0.0,0.0,0.0,0.0,0.0,0.0,0.06,xsens:live,-0.03308092802762985,-0.019907064735889435,-0.9992544054985046,1.1412908743478167,-1.8961193092520747,0.0,0.0,5.405730724334717,11.450644493103027,12,can0:12,24.44949400000951,40.90064195191979,0.5390700000020843,6.434846999979982,12,2.5559253692626953,4.77919864654541,,"BL_hip_joint,BR_hip_joint,FL_hip_joint,FR_hip_joint,BL_thigh_joint,BR_thigh_joint,FL_thigh_joint,FR_thigh_joint,BL_calf_joint,BR_calf_joint,FL_calf_joint,FR_calf_joint",330e02f2406e129bb6ed6ec4a6c6bcd5f80d7e7799a2ab087e81eda65d2fae69,"step=001000 mode=sit    vx= 0.000 vy= 0.000 vxy= 0.000 yaw= 0.000 speed=0.06 imu=xsens:live tilt_rp=[+1.1,-1.9]deg imu_corr=0.000 act_max= 0.000 tau_cmd= 5.406 tau_cmd_max= 11.451 cmds=12 bus=can0:12 hz=40.9 tx=0.5ms fb_age=6.4ms fb=12 tau_fb= 2.556 tau_fb_max= 4.779",,,,,,,,,,,,,,,,,,,,,,,,,,,,,,,,,,,,,,,,,,,,,,,,,0.0,0.0,0.0,0.0,0.0,0.0,0.0,0.0,0.0,0.0,0.0,0.0,0.0,0.0,0.0,0.0,0.0,0.0,0.0,0.0,0.0,0.0,0.0,0.0,0.03374860808253288,-0.036816664040088654,-0.032981593161821365,0.03374860808253288,0.4609752893447876,-0.4625093340873718,0.4536886513233185,-0.4513876140117645,1.6329723596572876,-1.6640363931655884,1.6203166246414185,-1.609961986541748,-0.05264442786574364,-0.0,0.10574663430452347,-0.10437330603599548,0.0869777500629425,-0.17853328585624695,0.10437330603599548,-0.16067995131015778,0.06637775897979736,0.0631733164191246,0.04211554303765297,-0.11032441258430481,0.019383251667022705,-0.021548748016357422,-0.01906442642211914,0.018865108489990234,0.4775643050670624,-0.4780691862106323,0.47179853916168213,-0.4708818197250366,1.6295666694641113,-1.6512351036071777,1.6209312677383423,-1.6133852005004883,0.0,0.0,0.0,0.0,0.0,0.0,0.0,0.0,0.0,0.0,0.0,0.0
20260709_130944_282006,2026-07-09T13:10:09.269,24.987439,pose,1020,sit,0.0,0.0,0.0,0.0,0.0,0.0,0.0,0.0,0.06,xsens:live,-0.027728917077183723,-0.018911927938461304,-0.9994365572929382,1.084055154360591,-1.5892378996069108,0.0,0.0,4.41835355758667,8.425227165222168,12,can0:12,24.258653999993385,41.222402529022126,0.5330209999669933,6.444814000019505,12,3.0231635570526123,5.453047275543213,,"BL_hip_joint,BR_hip_joint,FL_hip_joint,FR_hip_joint,BL_thigh_joint,BR_thigh_joint,FL_thigh_joint,FR_thigh_joint,BL_calf_joint,BR_calf_joint,FL_calf_joint,FR_calf_joint",330e02f2406e129bb6ed6ec4a6c6bcd5f80d7e7799a2ab087e81eda65d2fae69,"step=001020 mode=sit    vx= 0.000 vy= 0.000 vxy= 0.000 yaw= 0.000 speed=0.06 imu=xsens:live tilt_rp=[+1.1,-1.6]deg imu_corr=0.000 act_max= 0.000 tau_cmd= 4.418 tau_cmd_max= 8.425 cmds=12 bus=can0:12 hz=41.2 tx=0.5ms fb_age=6.4ms fb=12 tau_fb= 3.023 tau_fb_max= 5.453",,,,,,,,,,,,,,,,,,,,,,,,,,,,,,,,,,,,,,,,,,,,,,,,,0.0,0.0,0.0,0.0,0.0,0.0,0.0,0.0,0.0,0.0,0.0,0.0,0.0,0.0,0.0,0.0,0.0,0.0,0.0,0.0,0.0,0.0,0.0,0.0,0.006903124041855335,-0.00613611051812768,-0.00613611051812768,0.007670138031244278,0.494723916053772,-0.4962579309940338,0.49395689368247986,-0.49242284893989563,1.6460115909576416,-1.64907968044281,1.6463950872421265,-1.6471620798110962,0.007324442267417908,0.10803552716970444,-0.10620441287755966,-0.0050355540588498116,0.004119998775422573,-0.021973326802253723,0.0032044434919953346,-0.0119022186845541,0.04440443217754364,-0.010071108117699623,-0.014648884534835815,-0.0032044434919953346,0.0,0.0,0.0,0.0,0.4999999701976776,-0.5,0.5,-0.5,1.6399999856948853,-1.6399999856948853,1.6399999856948853,-1.6399999856948853,0.0,0.0,0.0,0.0,0.0,0.0,0.0,0.0,0.0,0.0,0.0,0.0
20260709_130944_282006,2026-07-09T13:10:09.801,25.519119,pose,1040,sit,0.0,0.0,0.0,0.0,0.0,0.0,0.0,0.0,0.06,xsens:live,-0.024681461974978447,-0.021538227796554565,-0.9994633793830872,1.2345210453798927,-1.4146153584095458,0.0,0.0,4.2231974601745605,7.401954174041748,12,can0:12,24.180865999994694,41.355011851114824,0.49390399999538204,6.39135599999463,12,2.834864616394043,4.841456413269043,,"BL_hip_joint,BR_hip_joint,FL_hip_joint,FR_hip_joint,BL_thigh_joint,BR_thigh_joint,FL_thigh_joint,FR_thigh_joint,BL_calf_joint,BR_calf_joint,FL_calf_joint,FR_calf_joint",330e02f2406e129bb6ed6ec4a6c6bcd5f80d7e7799a2ab087e81eda65d2fae69,"step=001040 mode=sit    vx= 0.000 vy= 0.000 vxy= 0.000 yaw= 0.000 speed=0.06 imu=xsens:live tilt_rp=[+1.2,-1.4]deg imu_corr=0.000 act_max= 0.000 tau_cmd= 4.223 tau_cmd_max= 7.402 cmds=12 bus=can0:12 hz=41.4 tx=0.5ms fb_age=6.4ms fb=12 tau_fb= 2.835 tau_fb_max= 4.841",,,,,,,,,,,,,,,,,,,,,,,,,,,,,,,,,,,,,,,,,,,,,,,,,0.0,0.0,0.0,0.0,0.0,0.0,0.0,0.0,0.0,0.0,0.0,0.0,0.0,0.0,0.0,0.0,0.0,0.0,0.0,0.0,0.0,0.0,0.0,0.0,0.006519617512822151,-0.0057526035234332085,-0.0057526035234332085,0.006903124041855335,0.49587443470954895,-0.4974084496498108,0.49510741233825684,-0.4943403899669647,1.6460115909576416,-1.6483126878738403,1.6471620798110962,-1.6475456953048706,-0.025635547935962677,-0.08011108636856079,-0.0718710869550705,0.06179998070001602,0.016937773674726486,0.004577776417136192,0.010986663401126862,-0.08377330750226974,0.017853328958153725,0.038453321903944016,0.00045777764171361923,0.027466658502817154,0.0,0.0,0.0,0.0,0.4999999701976776,-0.5,0.5,-0.5,1.6399999856948853,-1.6399999856948853,1.6399999856948853,-1.6399999856948853,0.0,0.0,0.0,0.0,0.0,0.0,0.0,0.0,0.0,0.0,0.0,0.0
20260709_130944_282006,2026-07-09T13:10:10.327,26.045866,pose,1060,sit,0.0,0.0,0.0,0.0,0.0,0.0,0.0,0.0,0.06,xsens:live,-0.030321678146719933,-0.0211953017860651,-0.9993155002593994,1.2150509869733825,-1.737960955828497,0.0,0.0,5.022764205932617,8.400641441345215,12,can0:12,30.367335999983425,32.93011938882442,0.4983219999985522,6.474212000000534,12,2.9737234115600586,5.4237494468688965,,"BL_hip_joint,BR_hip_joint,FL_hip_joint,FR_hip_joint,BL_thigh_joint,BR_thigh_joint,FL_thigh_joint,FR_thigh_joint,BL_calf_joint,BR_calf_joint,FL_calf_joint,FR_calf_joint",330e02f2406e129bb6ed6ec4a6c6bcd5f80d7e7799a2ab087e81eda65d2fae69,"step=001060 mode=sit    vx= 0.000 vy= 0.000 vxy= 0.000 yaw= 0.000 speed=0.06 imu=xsens:live tilt_rp=[+1.2,-1.7]deg imu_corr=0.000 act_max= 0.000 tau_cmd= 5.023 tau_cmd_max= 8.401 cmds=12 bus=can0:12 hz=32.9 tx=0.5ms fb_age=6.5ms fb=12 tau_fb= 2.974 tau_fb_max= 5.424",,,,,,,,,,,,,,,,,,,,,,,,,,,,,,,,,,,,,,,,,,,,,,,,,0.0,0.0,0.0,0.0,0.0,0.0,0.0,0.0,0.0,0.0,0.0,0.0,0.0,0.0,0.0,0.0,0.0,0.0,0.0,0.0,0.0,0.0,0.0,0.0,0.00613611051812768,-0.0057526035234332085,-0.0057526035234332085,0.006903124041855335,0.4962579309940338,-0.4974084496498108,0.49510741233825684,-0.4943403899669647,1.6460115909576416,-1.6486961841583252,1.6471620798110962,-1.6479291915893555,-0.014648884534835815,-0.016022218391299248,-0.032044436782598495,0.059053316712379456,-0.018768884241580963,0.048066653311252594,-0.06912442296743393,-0.0027466658502817154,0.062257759273052216,-0.05218665301799774,-0.0238044373691082,0.008697775192558765,0.0,0.0,0.0,0.0,0.4999999701976776,-0.5,0.5,-0.5,1.6399999856948853,-1.6399999856948853,1.6399999856948853,-1.6399999856948853,0.0,0.0,0.0,0.0,0.0,0.0,0.0,0.0,0.0,0.0,0.0,0.0
20260709_130944_282006,2026-07-09T13:10:10.856,26.574265,pose,1080,sit,0.0,0.0,0.0,0.0,0.0,0.0,0.0,0.0,0.06,xsens:live,-0.035017549991607666,-0.01862255111336708,-0.9992132186889648,1.0677101241063185,-2.0071162131059612,0.0,0.0,3.8889682292938232,6.422189235687256,12,can0:12,30.540230999974938,32.74369470227061,0.48606199999312594,6.514963000029184,12,2.8791160583496094,4.940336227416992,,"BL_hip_joint,BR_hip_joint,FL_hip_joint,FR_hip_joint,BL_thigh_joint,BR_thigh_joint,FL_thigh_joint,FR_thigh_joint,BL_calf_joint,BR_calf_joint,FL_calf_joint,FR_calf_joint",330e02f2406e129bb6ed6ec4a6c6bcd5f80d7e7799a2ab087e81eda65d2fae69,"step=001080 mode=sit    vx= 0.000 vy= 0.000 vxy= 0.000 yaw= 0.000 speed=0.06 imu=xsens:live tilt_rp=[+1.1,-2.0]deg imu_corr=0.000 act_max= 0.000 tau_cmd= 3.889 tau_cmd_max= 6.422 cmds=12 bus=can0:12 hz=32.7 tx=0.5ms fb_age=6.5ms fb=12 tau_fb= 2.879 tau_fb_max= 4.940",,,,,,,,,,,,,,,,,,,,,,,,,,,,,,,,,,,,,,,,,,,,,,,,,0.0,0.0,0.0,0.0,0.0,0.0,0.0,0.0,0.0,0.0,0.0,0.0,0.0,0.0,0.0,0.0,0.0,0.0,0.0,0.0,0.0,0.0,0.0,0.0,0.006519617512822151,-0.0057526035234332085,-0.0057526035234332085,0.006903124041855335,0.4962579309940338,-0.4974084496498108,0.49510741233825684,-0.4943403899669647,1.6460115909576416,-1.6486961841583252,1.6475456953048706,-1.6475456953048706,0.04257332161068916,-0.02700888179242611,0.037537768483161926,-0.02151555009186268,0.0718710869550705,0.05767998471856117,-0.00045777764171361923,0.0009155552834272385,-0.05722220614552498,0.01739555038511753,-0.04669332131743431,-0.005493331700563431,0.0,0.0,0.0,0.0,0.4999999701976776,-0.5,0.5,-0.5,1.6399999856948853,-1.6399999856948853,1.6399999856948853,-1.6399999856948853,0.0,0.0,0.0,0.0,0.0,0.0,0.0,0.0,0.0,0.0,0.0,0.0
20260709_130944_282006,2026-07-09T13:10:11.384,27.102047,pose,1100,sit,0.0,0.0,0.0,0.0,0.0,0.0,0.0,0.0,0.06,xsens:live,-0.025338320061564445,-0.023221729323267937,-0.9994092583656311,1.3310540288943675,-1.4523258059010953,0.0,0.0,4.014425277709961,8.136967658996582,12,can0:12,24.196662999997898,41.32801287516741,0.4830210000363877,6.50869900005091,12,3.027740716934204,6.852015972137451,,"BL_hip_joint,BR_hip_joint,FL_hip_joint,FR_hip_joint,BL_thigh_joint,BR_thigh_joint,FL_thigh_joint,FR_thigh_joint,BL_calf_joint,BR_calf_joint,FL_calf_joint,FR_calf_joint",330e02f2406e129bb6ed6ec4a6c6bcd5f80d7e7799a2ab087e81eda65d2fae69,"step=001100 mode=sit    vx= 0.000 vy= 0.000 vxy= 0.000 yaw= 0.000 speed=0.06 imu=xsens:live tilt_rp=[+1.3,-1.5]deg imu_corr=0.000 act_max= 0.000 tau_cmd= 4.014 tau_cmd_max= 8.137 cmds=12 bus=can0:12 hz=41.3 tx=0.5ms fb_age=6.5ms fb=12 tau_fb= 3.028 tau_fb_max= 6.852",,,,,,,,,,,,,,,,,,,,,,,,,,,,,,,,,,,,,,,,,,,,,,,,,0.0,0.0,0.0,0.0,0.0,0.0,0.0,0.0,0.0,0.0,0.0,0.0,0.0,0.0,0.0,0.0,0.0,0.0,0.0,0.0,0.0,0.0,0.0,0.0,0.00613611051812768,-0.0057526035234332085,-0.005369096528738737,0.006903124041855335,0.4962579309940338,-0.4974084496498108,0.49510741233825684,-0.4943403899669647,1.6460115909576416,-1.6486961841583252,1.6475456953048706,-1.6479291915893555,-0.04852443188428879,0.03433332219719887,-0.02609332650899887,-0.016479995101690292,0.0196844395250082,-0.04257332161068916,0.005493331700563431,0.008697775192558765,0.005493331700563431,-0.044862210750579834,-0.013275551609694958,-0.053559985011816025,0.0,0.0,0.0,0.0,0.4999999701976776,-0.5,0.5,-0.5,1.6399999856948853,-1.6399999856948853,1.6399999856948853,-1.6399999856948853,0.0,0.0,0.0,0.0,0.0,0.0,0.0,0.0,0.0,0.0,0.0,0.0
20260709_130944_282006,2026-07-09T13:10:11.917,27.635029,pose,1120,sit,0.0,0.0,0.0,0.0,0.0,0.0,0.0,0.0,0.06,xsens:live,-0.02862737700343132,-0.020693477243185043,-0.9993759393692017,1.1862197751692423,-1.6408034324379228,0.0,0.0,3.61313796043396,6.433640956878662,12,can0:12,24.099316999979692,41.494951910912775,0.48913499995251186,6.3742510000111,12,3.165684938430786,5.800958156585693,,"BL_hip_joint,BR_hip_joint,FL_hip_joint,FR_hip_joint,BL_thigh_joint,BR_thigh_joint,FL_thigh_joint,FR_thigh_joint,BL_calf_joint,BR_calf_joint,FL_calf_joint,FR_calf_joint",330e02f2406e129bb6ed6ec4a6c6bcd5f80d7e7799a2ab087e81eda65d2fae69,"step=001120 mode=sit    vx= 0.000 vy= 0.000 vxy= 0.000 yaw= 0.000 speed=0.06 imu=xsens:live tilt_rp=[+1.2,-1.6]deg imu_corr=0.000 act_max= 0.000 tau_cmd= 3.613 tau_cmd_max= 6.434 cmds=12 bus=can0:12 hz=41.5 tx=0.5ms fb_age=6.4ms fb=12 tau_fb= 3.166 tau_fb_max= 5.801",,,,,,,,,,,,,,,,,,,,,,,,,,,,,,,,,,,,,,,,,,,,,,,,,0.0,0.0,0.0,0.0,0.0,0.0,0.0,0.0,0.0,0.0,0.0,0.0,0.0,0.0,0.0,0.0,0.0,0.0,0.0,0.0,0.0,0.0,0.0,0.0,0.006519617512822151,-0.0057526035234332085,-0.005369096528738737,0.006903124041855335,0.4962579309940338,-0.4974084496498108,0.49510741233825684,-0.4943403899669647,1.6460115909576416,-1.6483126878738403,1.6475456953048706,-1.6475456953048706,0.001831110566854477,-0.056764427572488785,0.0869777500629425,0.0050355540588498116,0.017853328958153725,-0.02471999265253544,-0.029755547642707825,-0.0050355540588498116,-0.1029999703168869,0.04531998559832573,0.02151555009186268,-0.013733329251408577,0.0,0.0,0.0,0.0,0.4999999701976776,-0.5,0.5,-0.5,1.6399999856948853,-1.6399999856948853,1.6399999856948853,-1.6399999856948853,0.0,0.0,0.0,0.0,0.0,0.0,0.0,0.0,0.0,0.0,0.0,0.0
20260709_130944_282006,2026-07-09T13:10:12.442,28.160769,pose,1140,sit,0.0,0.0,0.0,0.0,0.0,0.0,0.0,0.0,0.06,xsens:live,-0.019681205973029137,-0.020743506029248238,-0.9995911717414856,1.1888308100465153,-1.127965498550028,0.0,0.0,4.401905059814453,6.900999546051025,12,can0:12,29.260439999973187,34.17583604350845,0.5400340000392134,6.436650000011923,12,3.061311721801758,5.3395185470581055,,"BL_hip_joint,BR_hip_joint,FL_hip_joint,FR_hip_joint,BL_thigh_joint,BR_thigh_joint,FL_thigh_joint,FR_thigh_joint,BL_calf_joint,BR_calf_joint,FL_calf_joint,FR_calf_joint",330e02f2406e129bb6ed6ec4a6c6bcd5f80d7e7799a2ab087e81eda65d2fae69,"step=001140 mode=sit    vx= 0.000 vy= 0.000 vxy= 0.000 yaw= 0.000 speed=0.06 imu=xsens:live tilt_rp=[+1.2,-1.1]deg imu_corr=0.000 act_max= 0.000 tau_cmd= 4.402 tau_cmd_max= 6.901 cmds=12 bus=can0:12 hz=34.2 tx=0.5ms fb_age=6.4ms fb=12 tau_fb= 3.061 tau_fb_max= 5.340",,,,,,,,,,,,,,,,,,,,,,,,,,,,,,,,,,,,,,,,,,,,,,,,,0.0,0.0,0.0,0.0,0.0,0.0,0.0,0.0,0.0,0.0,0.0,0.0,0.0,0.0,0.0,0.0,0.0,0.0,0.0,0.0,0.0,0.0,0.0,0.0,0.00613611051812768,-0.0057526035234332085,-0.0057526035234332085,0.006903124041855335,0.4962579309940338,-0.4974084496498108,0.49510741233825684,-0.4943403899669647,1.6463950872421265,-1.6486961841583252,1.6475456953048706,-1.6479291915893555,0.019226660951972008,-0.05081331729888916,-0.0032044434919953346,-0.015564439818263054,0.025177771225571632,-0.0027466658502817154,-0.06958220154047012,-0.023346660658717155,0.020142216235399246,-0.010528885759413242,-0.016937773674726486,0.0050355540588498116,0.0,0.0,0.0,0.0,0.4999999701976776,-0.5,0.5,-0.5,1.6399999856948853,-1.6399999856948853,1.6399999856948853,-1.6399999856948853,0.0,0.0,0.0,0.0,0.0,0.0,0.0,0.0,0.0,0.0,0.0,0.0
20260709_130944_282006,2026-07-09T13:10:12.973,28.691124,pose,1160,sit,0.0,0.0,0.0,0.0,0.0,0.0,0.0,0.0,0.06,xsens:live,-0.03276604413986206,-0.018599428236484528,-0.9992900490760803,1.066302727451438,-1.8780169674485288,0.0,0.0,4.679311275482178,7.74209451675415,12,can0:12,30.955033999987336,32.30492332847734,0.5157379999900513,6.516518999944765,12,2.9776909351348877,5.38712739944458,,"BL_hip_joint,BR_hip_joint,FL_hip_joint,FR_hip_joint,BL_thigh_joint,BR_thigh_joint,FL_thigh_joint,FR_thigh_joint,BL_calf_joint,BR_calf_joint,FL_calf_joint,FR_calf_joint",330e02f2406e129bb6ed6ec4a6c6bcd5f80d7e7799a2ab087e81eda65d2fae69,"step=001160 mode=sit    vx= 0.000 vy= 0.000 vxy= 0.000 yaw= 0.000 speed=0.06 imu=xsens:live tilt_rp=[+1.1,-1.9]deg imu_corr=0.000 act_max= 0.000 tau_cmd= 4.679 tau_cmd_max= 7.742 cmds=12 bus=can0:12 hz=32.3 tx=0.5ms fb_age=6.5ms fb=12 tau_fb= 2.978 tau_fb_max= 5.387",,,,,,,,,,,,,,,,,,,,,,,,,,,,,,,,,,,,,,,,,,,,,,,,,0.0,0.0,0.0,0.0,0.0,0.0,0.0,0.0,0.0,0.0,0.0,0.0,0.0,0.0,0.0,0.0,0.0,0.0,0.0,0.0,0.0,0.0,0.0,0.0,0.006519617512822151,-0.0057526035234332085,-0.0057526035234332085,0.006903124041855335,0.4962579309940338,-0.4974084496498108,0.49510741233825684,-0.4943403899669647,1.6463950872421265,-1.6486961841583252,1.6471620798110962,-1.6479291915893555,0.027924437075853348,0.0119022186845541,-0.0952177494764328,0.005493331700563431,0.0027466658502817154,0.029755547642707825,-0.03891110047698021,-0.001831110566854477,-0.03479110077023506,0.010071108117699623,0.010986663401126862,-0.03021332435309887,0.0,0.0,0.0,0.0,0.4999999701976776,-0.5,0.5,-0.5,1.6399999856948853,-1.6399999856948853,1.6399999856948853,-1.6399999856948853,0.0,0.0,0.0,0.0,0.0,0.0,0.0,0.0,0.0,0.0,0.0,0.0
20260709_130944_282006,2026-07-09T13:10:13.490,29.208625,pose,1180,sit,0.0,0.0,0.0,0.0,0.0,0.0,0.0,0.0,0.06,xsens:live,-0.031617097556591034,-0.021000564098358154,-0.9992794394493103,1.2039341030616983,-1.8122279371809238,0.0,0.0,3.3053910732269287,5.828924655914307,12,can0:12,23.146273999998357,43.20349789344371,0.4795650000346541,6.287484999973003,12,2.925198793411255,4.870754241943359,,"BL_hip_joint,BR_hip_joint,FL_hip_joint,FR_hip_joint,BL_thigh_joint,BR_thigh_joint,FL_thigh_joint,FR_thigh_joint,BL_calf_joint,BR_calf_joint,FL_calf_joint,FR_calf_joint",330e02f2406e129bb6ed6ec4a6c6bcd5f80d7e7799a2ab087e81eda65d2fae69,"step=001180 mode=sit    vx= 0.000 vy= 0.000 vxy= 0.000 yaw= 0.000 speed=0.06 imu=xsens:live tilt_rp=[+1.2,-1.8]deg imu_corr=0.000 act_max= 0.000 tau_cmd= 3.305 tau_cmd_max= 5.829 cmds=12 bus=can0:12 hz=43.2 tx=0.5ms fb_age=6.3ms fb=12 tau_fb= 2.925 tau_fb_max= 4.871",,,,,,,,,,,,,,,,,,,,,,,,,,,,,,,,,,,,,,,,,,,,,,,,,0.0,0.0,0.0,0.0,0.0,0.0,0.0,0.0,0.0,0.0,0.0,0.0,0.0,0.0,0.0,0.0,0.0,0.0,0.0,0.0,0.0,0.0,0.0,0.0,0.006519617512822151,-0.0057526035234332085,-0.0057526035234332085,0.006903124041855335,0.4962579309940338,-0.4974084496498108,0.49510741233825684,-0.4943403899669647,1.6460115909576416,-1.6486961841583252,1.6475456953048706,-1.6475456953048706,0.02609332650899887,0.017853328958153725,-0.009155552834272385,-0.021057771518826485,-0.016937773674726486,-0.02059999480843544,0.06454664468765259,-0.004119998775422573,-0.03570665791630745,0.0476088747382164,-0.059053316712379456,0.054475538432598114,0.0,0.0,0.0,0.0,0.4999999701976776,-0.5,0.5,-0.5,1.6399999856948853,-1.6399999856948853,1.6399999856948853,-1.6399999856948853,0.0,0.0,0.0,0.0,0.0,0.0,0.0,0.0,0.0,0.0,0.0,0.0
20260709_130944_282006,2026-07-09T13:10:13.998,29.716541,pose,1200,sit,0.0,0.0,0.0,0.0,0.0,0.0,0.0,0.0,0.06,xsens:live,-0.03889787942171097,-0.021849965676665306,-0.9990043044090271,1.2529588117795167,-2.2297792526587292,0.0,0.0,4.999791145324707,8.032159805297852,12,can0:12,23.23027199997796,43.047278998754244,0.5014289999962784,6.421709999983705,12,2.9773857593536377,5.357829570770264,,"BL_hip_joint,BR_hip_joint,FL_hip_joint,FR_hip_joint,BL_thigh_joint,BR_thigh_joint,FL_thigh_joint,FR_thigh_joint,BL_calf_joint,BR_calf_joint,FL_calf_joint,FR_calf_joint",330e02f2406e129bb6ed6ec4a6c6bcd5f80d7e7799a2ab087e81eda65d2fae69,"step=001200 mode=sit    vx= 0.000 vy= 0.000 vxy= 0.000 yaw= 0.000 speed=0.06 imu=xsens:live tilt_rp=[+1.3,-2.2]deg imu_corr=0.000 act_max= 0.000 tau_cmd= 5.000 tau_cmd_max= 8.032 cmds=12 bus=can0:12 hz=43.0 tx=0.5ms fb_age=6.4ms fb=12 tau_fb= 2.977 tau_fb_max= 5.358",,,,,,,,,,,,,,,,,,,,,,,,,,,,,,,,,,,,,,,,,,,,,,,,,0.0,0.0,0.0,0.0,0.0,0.0,0.0,0.0,0.0,0.0,0.0,0.0,0.0,0.0,0.0,0.0,0.0,0.0,0.0,0.0,0.0,0.0,0.0,0.0,0.00613611051812768,-0.00613611051812768,-0.0057526035234332085,0.006903124041855335,0.4966414272785187,-0.4974084496498108,0.49510741233825684,-0.4943403899669647,1.6463950872421265,-1.6483126878738403,1.6475456953048706,-1.6479291915893555,0.04303110018372536,-0.08148442208766937,-0.07278664410114288,-0.008697775192558765,0.04577776417136192,0.007324442267417908,-0.04119998961687088,-0.014648884534835815,0.06775109469890594,-0.04623554274439812,0.06591998040676117,0.06729331612586975,0.0,0.0,0.0,0.0,0.4999999701976776,-0.5,0.5,-0.5,1.6399999856948853,-1.6399999856948853,1.6399999856948853,-1.6399999856948853,0.0,0.0,0.0,0.0,0.0,0.0,0.0,0.0,0.0,0.0,0.0,0.0
20260709_130944_282006,2026-07-09T13:10:14.520,30.238274,pose,1220,sit,0.0,0.0,0.0,0.0,0.0,0.0,0.0,0.0,0.06,xsens:live,-0.02090742066502571,-0.01717441715300083,-0.9996339082717896,0.9842851541800763,-1.1981709799319145,0.0,0.0,3.7406704425811768,7.0928239822387695,12,can0:12,24.3342230000394,41.09438793251713,0.5019739999738704,6.510262000006151,12,3.0448319911956787,5.870540618896484,,"BL_hip_joint,BR_hip_joint,FL_hip_joint,FR_hip_joint,BL_thigh_joint,BR_thigh_joint,FL_thigh_joint,FR_thigh_joint,BL_calf_joint,BR_calf_joint,FL_calf_joint,FR_calf_joint",330e02f2406e129bb6ed6ec4a6c6bcd5f80d7e7799a2ab087e81eda65d2fae69,"step=001220 mode=sit    vx= 0.000 vy= 0.000 vxy= 0.000 yaw= 0.000 speed=0.06 imu=xsens:live tilt_rp=[+1.0,-1.2]deg imu_corr=0.000 act_max= 0.000 tau_cmd= 3.741 tau_cmd_max= 7.093 cmds=12 bus=can0:12 hz=41.1 tx=0.5ms fb_age=6.5ms fb=12 tau_fb= 3.045 tau_fb_max= 5.871",,,,,,,,,,,,,,,,,,,,,,,,,,,,,,,,,,,,,,,,,,,,,,,,,0.0,0.0,0.0,0.0,0.0,0.0,0.0,0.0,0.0,0.0,0.0,0.0,0.0,0.0,0.0,0.0,0.0,0.0,0.0,0.0,0.0,0.0,0.0,0.0,0.00613611051812768,-0.0057526035234332085,-0.0057526035234332085,0.006903124041855335,0.4966414272785187,-0.4974084496498108,0.49510741233825684,-0.4943403899669647,1.6463950872421265,-1.6483126878738403,1.6475456953048706,-1.6479291915893555,-0.04577776417136192,0.00595110934227705,-0.05081331729888916,-0.02700888179242611,0.0068666646257042885,-0.03250221163034439,0.02288888208568096,-0.08514664322137833,0.014648884534835815,0.00595110934227705,0.0398266538977623,0.008697775192558765,0.0,0.0,0.0,0.0,0.4999999701976776,-0.5,0.5,-0.5,1.6399999856948853,-1.6399999856948853,1.6399999856948853,-1.6399999856948853,0.0,0.0,0.0,0.0,0.0,0.0,0.0,0.0,0.0,0.0,0.0,0.0
20260709_130944_282006,2026-07-09T13:10:15.053,30.771678,pose,1240,sit,0.0,0.0,0.0,0.0,0.0,0.0,0.0,0.0,0.06,xsens:live,-0.028440525755286217,-0.019890571013092995,-0.9993975758552551,1.1401822044373233,-1.6300644132044584,0.0,0.0,4.316639423370361,6.902539253234863,12,can0:12,24.158789000011893,41.392803256798494,0.5099769999787895,6.4041520000159835,12,3.165379762649536,6.200140476226807,,"BL_hip_joint,BR_hip_joint,FL_hip_joint,FR_hip_joint,BL_thigh_joint,BR_thigh_joint,FL_thigh_joint,FR_thigh_joint,BL_calf_joint,BR_calf_joint,FL_calf_joint,FR_calf_joint",330e02f2406e129bb6ed6ec4a6c6bcd5f80d7e7799a2ab087e81eda65d2fae69,"step=001240 mode=sit    vx= 0.000 vy= 0.000 vxy= 0.000 yaw= 0.000 speed=0.06 imu=xsens:live tilt_rp=[+1.1,-1.6]deg imu_corr=0.000 act_max= 0.000 tau_cmd= 4.317 tau_cmd_max= 6.903 cmds=12 bus=can0:12 hz=41.4 tx=0.5ms fb_age=6.4ms fb=12 tau_fb= 3.165 tau_fb_max= 6.200",,,,,,,,,,,,,,,,,,,,,,,,,,,,,,,,,,,,,,,,,,,,,,,,,0.0,0.0,0.0,0.0,0.0,0.0,0.0,0.0,0.0,0.0,0.0,0.0,0.0,0.0,0.0,0.0,0.0,0.0,0.0,0.0,0.0,0.0,0.0,0.0,0.006519617512822151,-0.0057526035234332085,-0.005369096528738737,0.006903124041855335,0.4962579309940338,-0.49779194593429565,0.49510741233825684,-0.4943403899669647,1.6463950872421265,-1.6483126878738403,1.6475456953048706,-1.6479291915893555,0.019226660951972008,-0.022431105375289917,-0.0068666646257042885,0.006408886983990669,0.05172887444496155,-0.001831110566854477,0.013733329251408577,0.06088442727923393,-0.02288888208568096,-0.001831110566854477,0.015564439818263054,-0.026551103219389915,0.0,0.0,0.0,0.0,0.4999999701976776,-0.5,0.5,-0.5,1.6399999856948853,-1.6399999856948853,1.6399999856948853,-1.6399999856948853,0.0,0.0,0.0,0.0,0.0,0.0,0.0,0.0,0.0,0.0,0.0,0.0
20260709_130944_282006,2026-07-09T13:10:15.668,31.386282,pose,1260,stand,0.0,0.0,0.0,0.0,0.0,0.0,0.0,0.0,0.06,xsens:live,-0.017763277515769005,-0.020078040659427643,-0.9996406435966492,1.1506458246004025,-1.0180195610766052,0.0,0.0,4.105271816253662,9.256728172302246,12,can0:12,29.890448999992714,33.45550279289026,0.9784029999764243,6.966499999975895,12,2.4848172664642334,4.665669918060303,,"BL_hip_joint,BR_hip_joint,FL_hip_joint,FR_hip_joint,BL_thigh_joint,BR_thigh_joint,FL_thigh_joint,FR_thigh_joint,BL_calf_joint,BR_calf_joint,FL_calf_joint,FR_calf_joint",330e02f2406e129bb6ed6ec4a6c6bcd5f80d7e7799a2ab087e81eda65d2fae69,"step=001260 mode=stand  vx= 0.000 vy= 0.000 vxy= 0.000 yaw= 0.000 speed=0.06 imu=xsens:live tilt_rp=[+1.2,-1.0]deg imu_corr=0.000 act_max= 0.000 tau_cmd= 4.105 tau_cmd_max= 9.257 cmds=12 bus=can0:12 hz=33.5 tx=1.0ms fb_age=7.0ms fb=12 tau_fb= 2.485 tau_fb_max= 4.666",,,,,,,,,,,,,,,,,,,,,,,,,,,,,,,,,,,,,,,,,,,,,,,,,0.0,0.0,0.0,0.0,0.0,0.0,0.0,0.0,0.0,0.0,0.0,0.0,0.0,0.0,0.0,0.0,0.0,0.0,0.0,0.0,0.0,0.0,0.0,0.0,0.013422741554677486,-0.011121700517833233,-0.011121700517833233,0.01380624808371067,0.4916558563709259,-0.4943403899669647,0.4901218116283417,-0.4878207743167877,1.6471620798110962,-1.6517642736434937,1.6509971618652344,-1.6506136655807495,-0.0238044373691082,0.053559985011816025,0.032044436782598495,-0.005493331700563431,0.028839992359280586,-0.0119022186845541,-0.02700888179242611,-0.008697775192558765,-0.062257759273052216,0.023346660658717155,-0.0196844395250082,0.08972442150115967,0.006099477410316467,-0.005718260072171688,-0.005718260072171688,0.006861912086606026,0.49329525232315063,-0.49443888664245605,0.4921515882015228,-0.4913891553878784,1.636184811592102,-1.6384721994400024,1.6377097368240356,-1.638090968132019,0.0,0.0,0.0,0.0,0.0,0.0,0.0,0.0,0.0,0.0,0.0,0.0
20260709_130944_282006,2026-07-09T13:10:16.179,31.897161,pose,1280,stand,0.0,0.0,0.0,0.0,0.0,0.0,0.0,0.0,0.06,xsens:live,-0.038310132920742035,-0.018770162016153336,-0.9990895986557007,1.0763044292001194,-2.1959332528112556,0.0,0.0,5.334977626800537,11.69383430480957,12,can0:12,23.164414000007127,43.169665332336585,0.5083450000142875,6.414018999976179,12,2.465590476989746,5.515305042266846,,"BL_hip_joint,BR_hip_joint,FL_hip_joint,FR_hip_joint,BL_thigh_joint,BR_thigh_joint,FL_thigh_joint,FR_thigh_joint,BL_calf_joint,BR_calf_joint,FL_calf_joint,FR_calf_joint",330e02f2406e129bb6ed6ec4a6c6bcd5f80d7e7799a2ab087e81eda65d2fae69,"step=001280 mode=stand  vx= 0.000 vy= 0.000 vxy= 0.000 yaw= 0.000 speed=0.06 imu=xsens:live tilt_rp=[+1.1,-2.2]deg imu_corr=0.000 act_max= 0.000 tau_cmd= 5.335 tau_cmd_max= 11.694 cmds=12 bus=can0:12 hz=43.2 tx=0.5ms fb_age=6.4ms fb=12 tau_fb= 2.466 tau_fb_max= 5.515",,,,,,,,,,,,,,,,,,,,,,,,,,,,,,,,,,,,,,,,,,,,,,,,,0.0,0.0,0.0,0.0,0.0,0.0,0.0,0.0,0.0,0.0,0.0,0.0,0.0,0.0,0.0,0.0,0.0,0.0,0.0,0.0,0.0,0.0,0.0,0.0,0.013422741554677486,-0.011505207046866417,-0.010738193057477474,0.01380624808371067,0.48091766238212585,-0.4813011586666107,0.4813011586666107,-0.4797671437263489,1.6088114976882935,-1.6118794679641724,1.6111124753952026,-1.6114959716796875,0.04440443217754364,-0.032959990203380585,0.07461775839328766,-0.003662221133708954,-0.04943998530507088,-0.022431105375289917,-0.04119998961687088,-0.013275551609694958,-0.09796441346406937,0.17212440073490143,-0.0709555372595787,0.08835108578205109,0.005929662846028805,-0.005559058394283056,-0.005559058394283056,0.00667087035253644,0.479561448097229,-0.48067325353622437,0.47844964265823364,-0.4777084290981293,1.5906319618225098,-1.5928555727005005,1.5921144485473633,-1.5924850702285767,0.0,0.0,0.0,0.0,0.0,0.0,0.0,0.0,0.0,0.0,0.0,0.0
20260709_130944_282006,2026-07-09T13:10:16.688,32.406053,pose,1300,stand,0.0,0.0,0.0,0.0,0.0,0.0,0.0,0.0,0.06,xsens:live,-0.04394396021962166,-0.019445551559329033,-0.9988447427749634,1.1152957643753463,-2.5190911003636827,0.0,0.0,7.228300094604492,14.979909896850586,12,can0:12,29.449682000006305,33.956224043430616,0.9266729999808376,6.748700000002827,12,2.768028974533081,5.5812249183654785,,"BL_hip_joint,BR_hip_joint,FL_hip_joint,FR_hip_joint,BL_thigh_joint,BR_thigh_joint,FL_thigh_joint,FR_thigh_joint,BL_calf_joint,BR_calf_joint,FL_calf_joint,FR_calf_joint",330e02f2406e129bb6ed6ec4a6c6bcd5f80d7e7799a2ab087e81eda65d2fae69,"step=001300 mode=stand  vx= 0.000 vy= 0.000 vxy= 0.000 yaw= 0.000 speed=0.06 imu=xsens:live tilt_rp=[+1.1,-2.5]deg imu_corr=0.000 act_max= 0.000 tau_cmd= 7.228 tau_cmd_max= 14.980 cmds=12 bus=can0:12 hz=34.0 tx=0.9ms fb_age=6.7ms fb=12 tau_fb= 2.768 tau_fb_max= 5.581",,,,,,,,,,,,,,,,,,,,,,,,,,,,,,,,,,,,,,,,,,,,,,,,,0.0,0.0,0.0,0.0,0.0,0.0,0.0,0.0,0.0,0.0,0.0,0.0,0.0,0.0,0.0,0.0,0.0,0.0,0.0,0.0,0.0,0.0,0.0,0.0,0.013422741554677486,-0.011505207046866417,-0.01035468652844429,0.013422741554677486,0.45944127440452576,-0.4621258080005646,0.4571402370929718,-0.4556061923503876,1.536328673362732,-1.5378626585006714,1.5367121696472168,-1.5374791622161865,-0.0,-0.05310220643877983,-0.002288888208568096,0.035248879343271255,-0.006408886983990669,-0.0393688790500164,-0.0068666646257042885,0.10116885602474213,-0.1112399697303772,0.13275551795959473,-0.08789330720901489,0.06088442727923393,0.005639592185616493,-0.005287117790430784,-0.005287117790430784,0.006344540975987911,0.45610201358795166,-0.4571594297885895,0.45504459738731384,-0.4543396234512329,1.5128206014633179,-1.5149354934692383,1.514230489730835,-1.5145829916000366,0.0,0.0,0.0,0.0,0.0,0.0,0.0,0.0,0.0,0.0,0.0,0.0
20260709_130944_282006,2026-07-09T13:10:17.189,32.907696,pose,1320,stand,0.0,0.0,0.0,0.0,0.0,0.0,0.0,0.0,0.06,xsens:live,-0.0233955979347229,-0.019577087834477425,-0.9995346069335938,1.1220633082665072,-1.340848324633076,0.0,0.0,7.04353666305542,14.287467002868652,12,can0:12,29.117432000020926,34.343688001032554,0.8266070000217951,6.704146999993554,12,2.6563310623168945,6.386913776397705,,"BL_hip_joint,BR_hip_joint,FL_hip_joint,FR_hip_joint,BL_thigh_joint,BR_thigh_joint,FL_thigh_joint,FR_thigh_joint,BL_calf_joint,BR_calf_joint,FL_calf_joint,FR_calf_joint",330e02f2406e129bb6ed6ec4a6c6bcd5f80d7e7799a2ab087e81eda65d2fae69,"step=001320 mode=stand  vx= 0.000 vy= 0.000 vxy= 0.000 yaw= 0.000 speed=0.06 imu=xsens:live tilt_rp=[+1.1,-1.3]deg imu_corr=0.000 act_max= 0.000 tau_cmd= 7.044 tau_cmd_max= 14.287 cmds=12 bus=can0:12 hz=34.3 tx=0.8ms fb_age=6.7ms fb=12 tau_fb= 2.656 tau_fb_max= 6.387",,,,,,,,,,,,,,,,,,,,,,,,,,,,,,,,,,,,,,,,,,,,,,,,,0.0,0.0,0.0,0.0,0.0,0.0,0.0,0.0,0.0,0.0,0.0,0.0,0.0,0.0,0.0,0.0,0.0,0.0,0.0,0.0,0.0,0.0,0.0,0.0,0.012655727565288544,-0.010738193057477474,-0.01035468652844429,0.013422741554677486,0.43067824840545654,-0.4318287670612335,0.4279937148094177,-0.4272266924381256,1.4350827932357788,-1.4370003938674927,1.4358497858047485,-1.4366168975830078,0.025177771225571632,-0.05218665301799774,-0.04303110018372536,-0.0009155552834272385,-0.05630664899945259,0.01831110566854477,-0.036164432764053345,0.07553330808877945,-0.17899106442928314,0.18448439240455627,-0.16342662274837494,0.16296884417533875,0.0052492208778858185,-0.0049211448058485985,-0.0049211448058485985,0.005905373487621546,0.4245307445526123,-0.42551496624946594,0.42354652285575867,-0.4228903651237488,1.4081034660339355,-1.4100719690322876,1.4094158411026,-1.4097439050674438,0.0,0.0,0.0,0.0,0.0,0.0,0.0,0.0,0.0,0.0,0.0,0.0
20260709_130944_282006,2026-07-09T13:10:17.692,33.410623,pose,1340,stand,0.0,0.0,0.0,0.0,0.0,0.0,0.0,0.0,0.06,xsens:live,-0.027289362624287605,-0.019727248698472977,-0.9994329214096069,1.1307825796816515,-1.5640638503664834,0.0,0.0,7.291466236114502,16.203123092651367,12,can0:12,29.18241599996918,34.26721077518243,0.8893499999658161,6.723706999991919,12,2.7381207942962646,5.5775628089904785,,"BL_hip_joint,BR_hip_joint,FL_hip_joint,FR_hip_joint,BL_thigh_joint,BR_thigh_joint,FL_thigh_joint,FR_thigh_joint,BL_calf_joint,BR_calf_joint,FL_calf_joint,FR_calf_joint",330e02f2406e129bb6ed6ec4a6c6bcd5f80d7e7799a2ab087e81eda65d2fae69,"step=001340 mode=stand  vx= 0.000 vy= 0.000 vxy= 0.000 yaw= 0.000 speed=0.06 imu=xsens:live tilt_rp=[+1.1,-1.6]deg imu_corr=0.000 act_max= 0.000 tau_cmd= 7.291 tau_cmd_max= 16.203 cmds=12 bus=can0:12 hz=34.3 tx=0.9ms fb_age=6.7ms fb=12 tau_fb= 2.738 tau_fb_max= 5.578",,,,,,,,,,,,,,,,,,,,,,,,,,,,,,,,,,,,,,,,,,,,,,,,,0.0,0.0,0.0,0.0,0.0,0.0,0.0,0.0,0.0,0.0,0.0,0.0,0.0,0.0,0.0,0.0,0.0,0.0,0.0,0.0,0.0,0.0,0.0,0.0,0.012655727565288544,-0.01035468652844429,-0.009971179068088531,0.012655727565288544,0.39309456944465637,-0.39501211047172546,0.3907935321331024,-0.38964301347732544,1.311210036277771,-1.3131276369094849,1.312744140625,-1.3131276369094849,0.040742211043834686,0.08194220066070557,0.07003998011350632,0.04211554303765297,-0.024262215942144394,0.004119998775422573,-0.04257332161068916,0.10757774859666824,-0.17944884300231934,0.18539994955062866,-0.22659993171691895,0.17075106501579285,0.004778503440320492,-0.0044798469170928,-0.0044798469170928,0.005375816486775875,0.386461466550827,-0.3873574435710907,0.38556551933288574,-0.38496819138526917,1.281833529472351,-1.2836254835128784,1.283028244972229,-1.2833268642425537,0.0,0.0,0.0,0.0,0.0,0.0,0.0,0.0,0.0,0.0,0.0,0.0
20260709_130944_282006,2026-07-09T13:10:18.211,33.929463,pose,1360,stand,0.0,0.0,0.0,0.0,0.0,0.0,0.0,0.0,0.06,xsens:live,-0.02155417576432228,-0.017345290631055832,-0.9996172189712524,0.9940927433092795,-1.2352447898852907,0.0,0.0,10.37644100189209,39.51749801635742,12,can0:12,30.777317000001858,32.491461162775806,0.49861899998404624,6.464327000003323,12,5.653554439544678,24.778587341308594,,"BL_hip_joint,BR_hip_joint,FL_hip_joint,FR_hip_joint,BL_thigh_joint,BR_thigh_joint,FL_thigh_joint,FR_thigh_joint,BL_calf_joint,BR_calf_joint,FL_calf_joint,FR_calf_joint",330e02f2406e129bb6ed6ec4a6c6bcd5f80d7e7799a2ab087e81eda65d2fae69,"step=001360 mode=stand  vx= 0.000 vy= 0.000 vxy= 0.000 yaw= 0.000 speed=0.06 imu=xsens:live tilt_rp=[+1.0,-1.2]deg imu_corr=0.000 act_max= 0.000 tau_cmd= 10.376 tau_cmd_max= 39.517 cmds=12 bus=can0:12 hz=32.5 tx=0.5ms fb_age=6.5ms fb=12 tau_fb= 5.654 tau_fb_max= 24.779",,,,,,,,,,,,,,,,,,,,,,,,,,,,,,,,,,,,,,,,,,,,,,,,,0.0,0.0,0.0,0.0,0.0,0.0,0.0,0.0,0.0,0.0,0.0,0.0,0.0,0.0,0.0,0.0,0.0,0.0,0.0,0.0,0.0,0.0,0.0,0.0,-0.0026845482643693686,-0.009971179068088531,-0.009587672539055347,0.01227222103625536,0.33173346519470215,-0.3509088158607483,0.3497582972049713,-0.3482242524623871,1.198075532913208,-1.1731475591659546,1.1700795888900757,-1.1712300777435303,-0.08194220066070557,0.062257759273052216,-0.05081331729888916,0.07049775868654251,-0.08514664322137833,0.11719107627868652,-0.06088442727923393,0.12039551883935928,-0.12543107569217682,0.1263466328382492,-0.21744437515735626,0.25040435791015625,0.004247394390404224,-0.003981932066380978,-0.003981932066380978,0.004778318107128143,0.3435080051422119,-0.3443043828010559,0.3427116274833679,-0.34218069911003113,1.1393635272979736,-1.1409562826156616,1.140425443649292,-1.140690803527832,0.0,0.0,0.0,0.0,0.0,0.0,0.0,0.0,0.0,0.0,0.0,0.0
20260709_130944_282006,2026-07-09T13:10:18.730,34.448571,pose,1380,stand,0.0,0.0,0.0,0.0,0.0,0.0,0.0,0.0,0.06,xsens:live,0.00800190307199955,-0.02473355457186699,-0.9996621012687683,1.4173181346281054,0.45862044966669585,0.0,0.0,11.684941291809082,46.84311294555664,12,can0:12,29.615984000031403,33.76555038653923,0.5040249999979096,6.386277999979484,12,6.554460048675537,29.57609748840332,,"BL_hip_joint,BR_hip_joint,FL_hip_joint,FR_hip_joint,BL_thigh_joint,BR_thigh_joint,FL_thigh_joint,FR_thigh_joint,BL_calf_joint,BR_calf_joint,FL_calf_joint,FR_calf_joint",330e02f2406e129bb6ed6ec4a6c6bcd5f80d7e7799a2ab087e81eda65d2fae69,"step=001380 mode=stand  vx= 0.000 vy= 0.000 vxy= 0.000 yaw= 0.000 speed=0.06 imu=xsens:live tilt_rp=[+1.4,+0.5]deg imu_corr=0.000 act_max= 0.000 tau_cmd= 11.685 tau_cmd_max= 46.843 cmds=12 bus=can0:12 hz=33.8 tx=0.5ms fb_age=6.4ms fb=12 tau_fb= 6.554 tau_fb_max= 29.576",,,,,,,,,,,,,,,,,,,,,,,,,,,,,,,,,,,,,,,,,,,,,,,,,0.0,0.0,0.0,0.0,0.0,0.0,0.0,0.0,0.0,0.0,0.0,0.0,0.0,0.0,0.0,0.0,0.0,0.0,0.0,0.0,0.0,0.0,0.0,0.0,-0.005369096528738737,-0.0057526035234332085,-0.009204166010022163,0.011505207046866417,0.2768919765949249,-0.300669401884079,0.30565500259399414,-0.304887980222702,1.0577120780944824,-1.0350850820541382,1.0189778804779053,-1.0193613767623901,0.050355542451143265,0.06958220154047012,-0.03479110077023506,-0.021973326802253723,-0.09247108548879623,0.09384441375732422,-0.05859553813934326,0.07278664410114288,-0.19180883467197418,0.2549821436405182,-0.251777708530426,0.22339549660682678,0.0036758477799594402,-0.0034461072646081448,-0.0034461072646081448,0.004135328810662031,0.29728418588638306,-0.2979733943939209,0.2965949773788452,-0.29613548517227173,0.9860461354255676,-0.9874246120452881,0.9869651794433594,-0.9871948957443237,0.0,0.0,0.0,0.0,0.0,0.0,0.0,0.0,0.0,0.0,0.0,0.0
20260709_130944_282006,2026-07-09T13:10:19.248,34.966061,pose,1400,stand,0.0,0.0,0.0,0.0,0.0,0.0,0.0,0.0,0.06,xsens:live,0.03088829293847084,-0.03309434652328491,-0.9989748597145081,1.897418286628336,1.7710206963531931,0.0,0.0,13.680211067199707,34.43756103515625,12,can0:12,24.181661000000076,41.35365225738616,0.48529100001815095,6.517374999987169,12,7.881100177764893,19.57823371887207,,"BL_hip_joint,BR_hip_joint,FL_hip_joint,FR_hip_joint,BL_thigh_joint,BR_thigh_joint,FL_thigh_joint,FR_thigh_joint,BL_calf_joint,BR_calf_joint,FL_calf_joint,FR_calf_joint",330e02f2406e129bb6ed6ec4a6c6bcd5f80d7e7799a2ab087e81eda65d2fae69,"step=001400 mode=stand  vx= 0.000 vy= 0.000 vxy= 0.000 yaw= 0.000 speed=0.06 imu=xsens:live tilt_rp=[+1.9,+1.8]deg imu_corr=0.000 act_max= 0.000 tau_cmd= 13.680 tau_cmd_max= 34.438 cmds=12 bus=can0:12 hz=41.4 tx=0.5ms fb_age=6.5ms fb=12 tau_fb= 7.881 tau_fb_max= 19.578",,,,,,,,,,,,,,,,,,,,,,,,,,,,,,,,,,,,,,,,,,,,,,,,,0.0,0.0,0.0,0.0,0.0,0.0,0.0,0.0,0.0,0.0,0.0,0.0,0.0,0.0,0.0,0.0,0.0,0.0,0.0,0.0,0.0,0.0,0.0,0.0,-0.00306805525906384,-0.00306805525906384,-0.00153402762953192,0.002301041502505541,0.24237635731697083,-0.26346924901008606,0.2703723609447479,-0.27305692434310913,0.8874349594116211,-0.8801483511924744,0.8755462765693665,-0.887818455696106,0.01739555038511753,-0.05264442786574364,0.03662221133708954,0.05218665301799774,-0.06729331612586975,0.06866664439439774,-0.06820886582136154,0.027466658502817154,-0.29755547642707825,0.21698659658432007,-0.28977325558662415,0.28931546211242676,0.0030838188249617815,-0.0028910802211612463,-0.0028910802211612463,0.003469296032562852,0.24940384924411774,-0.2499820590019226,0.24882563948631287,-0.24844014644622803,0.8272343873977661,-0.8283908367156982,0.8280053734779358,-0.8281981348991394,0.0,0.0,0.0,0.0,0.0,0.0,0.0,0.0,0.0,0.0,0.0,0.0
20260709_130944_282006,2026-07-09T13:10:19.766,35.484301,pose,1420,stand,0.0,0.0,0.0,0.0,0.0,0.0,0.0,0.0,0.06,xsens:live,0.027462482452392578,-0.03044101595878601,-0.9991592168807983,1.7450696173968876,1.5744120243809103,0.0,0.0,12.248154640197754,32.19229507446289,12,can0:12,23.342900999978156,42.83957679471527,0.4862189999812472,6.4089360000139095,12,7.011627674102783,18.530838012695312,,"BL_hip_joint,BR_hip_joint,FL_hip_joint,FR_hip_joint,BL_thigh_joint,BR_thigh_joint,FL_thigh_joint,FR_thigh_joint,BL_calf_joint,BR_calf_joint,FL_calf_joint,FR_calf_joint",330e02f2406e129bb6ed6ec4a6c6bcd5f80d7e7799a2ab087e81eda65d2fae69,"step=001420 mode=stand  vx= 0.000 vy= 0.000 vxy= 0.000 yaw= 0.000 speed=0.06 imu=xsens:live tilt_rp=[+1.7,+1.6]deg imu_corr=0.000 act_max= 0.000 tau_cmd= 12.248 tau_cmd_max= 32.192 cmds=12 bus=can0:12 hz=42.8 tx=0.5ms fb_age=6.4ms fb=12 tau_fb= 7.012 tau_fb_max= 18.531",,,,,,,,,,,,,,,,,,,,,,,,,,,,,,,,,,,,,,,,,,,,,,,,,0.0,0.0,0.0,0.0,0.0,0.0,0.0,0.0,0.0,0.0,0.0,0.0,0.0,0.0,0.0,0.0,0.0,0.0,0.0,0.0,0.0,0.0,0.0,0.0,-0.0019175345078110695,-0.0019175345078110695,-0.0011505207512527704,0.00153402762953192,0.19635553658008575,-0.21476386487483978,0.22051647305488586,-0.22166699171066284,0.7236775159835815,-0.7186919450759888,0.7163909077644348,-0.7252115607261658,0.050355542451143265,-0.026551103219389915,-0.027466658502817154,0.01831110566854477,-0.13367107510566711,0.10437330603599548,-0.05401776358485222,0.055848874151706696,-0.2710043787956238,0.20874661207199097,-0.30671101808547974,0.27558213472366333,0.002491261810064316,-0.0023355577141046524,-0.0023355577141046524,0.0028026695363223553,0.20148077607154846,-0.2019478976726532,0.2010136842727661,-0.20070227980613708,0.6682809591293335,-0.669215202331543,0.6689037680625916,-0.6690594553947449,0.0,0.0,0.0,0.0,0.0,0.0,0.0,0.0,0.0,0.0,0.0,0.0
20260709_130944_282006,2026-07-09T13:10:20.297,36.015705,pose,1440,stand,0.0,0.0,0.0,0.0,0.0,0.0,0.0,0.0,0.06,xsens:live,0.02361057512462139,-0.026154259219765663,-0.9993790984153748,1.4991175026786088,1.353375016598646,0.0,0.0,11.219043731689453,30.33435821533203,12,can0:12,24.21268300003021,41.300668744506844,0.5205209999985527,6.3886600000273575,12,6.227606296539307,16.27124786376953,,"BL_hip_joint,BR_hip_joint,FL_hip_joint,FR_hip_joint,BL_thigh_joint,BR_thigh_joint,FL_thigh_joint,FR_thigh_joint,BL_calf_joint,BR_calf_joint,FL_calf_joint,FR_calf_joint",330e02f2406e129bb6ed6ec4a6c6bcd5f80d7e7799a2ab087e81eda65d2fae69,"step=001440 mode=stand  vx= 0.000 vy= 0.000 vxy= 0.000 yaw= 0.000 speed=0.06 imu=xsens:live tilt_rp=[+1.5,+1.4]deg imu_corr=0.000 act_max= 0.000 tau_cmd= 11.219 tau_cmd_max= 30.334 cmds=12 bus=can0:12 hz=41.3 tx=0.5ms fb_age=6.4ms fb=12 tau_fb= 6.228 tau_fb_max= 16.271",,,,,,,,,,,,,,,,,,,,,,,,,,,,,,,,,,,,,,,,,,,,,,,,,0.0,0.0,0.0,0.0,0.0,0.0,0.0,0.0,0.0,0.0,0.0,0.0,0.0,0.0,0.0,0.0,0.0,0.0,0.0,0.0,0.0,0.0,0.0,0.0,-0.00153402762953192,-0.0011505207512527704,-0.0011505207512527704,0.0011505207512527704,0.15186873078346252,-0.16720901429653168,0.17296160757541656,-0.17296160757541656,0.5637551546096802,-0.5614541172981262,0.5603035688400269,-0.566439688205719,0.030671102926135063,0.04440443217754364,-0.04531998559832573,-0.0050355540588498116,0.016479995101690292,0.05264442786574364,-0.08789330720901489,0.055848874151706696,-0.26688435673713684,0.2293466031551361,-0.1986754983663559,0.22614215314388275,0.0019181310199201107,-0.0017982479184865952,-0.0017982479184865952,0.002157897222787142,0.1551288366317749,-0.1554884910583496,0.15476921200752258,-0.1545294225215912,0.5145386457443237,-0.5152579545974731,0.5150182247161865,-0.5151380300521851,0.0,0.0,0.0,0.0,0.0,0.0,0.0,0.0,0.0,0.0,0.0,0.0
20260709_130944_282006,2026-07-09T13:10:20.814,36.532625,pose,1460,stand,0.0,0.0,0.0,0.0,0.0,0.0,0.0,0.0,0.06,xsens:live,0.019863208755850792,-0.022313915193080902,-0.9995536804199219,1.2788516235843173,1.1384363624127551,0.0,0.0,9.792343139648438,27.41130256652832,12,can0:12,23.42249800000218,42.69399446634202,0.6389110000100118,6.576402999996844,12,4.822535037994385,13.268227577209473,,"BL_hip_joint,BR_hip_joint,FL_hip_joint,FR_hip_joint,BL_thigh_joint,BR_thigh_joint,FL_thigh_joint,FR_thigh_joint,BL_calf_joint,BR_calf_joint,FL_calf_joint,FR_calf_joint",330e02f2406e129bb6ed6ec4a6c6bcd5f80d7e7799a2ab087e81eda65d2fae69,"step=001460 mode=stand  vx= 0.000 vy= 0.000 vxy= 0.000 yaw= 0.000 speed=0.06 imu=xsens:live tilt_rp=[+1.3,+1.1]deg imu_corr=0.000 act_max= 0.000 tau_cmd= 9.792 tau_cmd_max= 27.411 cmds=12 bus=can0:12 hz=42.7 tx=0.6ms fb_age=6.6ms fb=12 tau_fb= 4.823 tau_fb_max= 13.268",,,,,,,,,,,,,,,,,,,,,,,,,,,,,,,,,,,,,,,,,,,,,,,,,0.0,0.0,0.0,0.0,0.0,0.0,0.0,0.0,0.0,0.0,0.0,0.0,0.0,0.0,0.0,0.0,0.0,0.0,0.0,0.0,0.0,0.0,0.0,0.0,-0.0011505207512527704,-0.0011505207512527704,-0.00076701381476596,0.0011505207512527704,0.11275102943181992,-0.12348922342061996,0.12770779430866241,-0.1250232458114624,0.41303694248199463,-0.41495445370674133,0.41380393505096436,-0.41840603947639465,-0.0032044434919953346,-0.0013733329251408577,-0.04257332161068916,-0.03387554734945297,-0.01235999632626772,0.04211554303765297,-0.08514664322137833,0.059053316712379456,-0.21149326860904694,0.2458265870809555,-0.19547104835510254,0.20966215431690216,0.0013843812048435211,-0.0012978571467101574,-0.0012978571467101574,0.0015574288554489613,0.11196181178092957,-0.11222139000892639,0.11170226335525513,-0.11152920126914978,0.371360182762146,-0.37187933921813965,0.37170636653900146,-0.37179291248321533,0.0,0.0,0.0,0.0,0.0,0.0,0.0,0.0,0.0,0.0,0.0,0.0
20260709_130944_282006,2026-07-09T13:10:21.333,37.051698,pose,1480,stand,0.0,0.0,0.0,0.0,0.0,0.0,0.0,0.0,0.06,xsens:live,0.01602831296622753,-0.01835695467889309,-0.999703049659729,1.051970222723948,0.9185487705972638,0.0,0.0,8.512373924255371,22.100566864013672,12,can0:12,24.46723299999576,40.870988558459935,0.5188039999666216,6.305073000021366,12,4.122439861297607,12.78847599029541,,"BL_hip_joint,BR_hip_joint,FL_hip_joint,FR_hip_joint,BL_thigh_joint,BR_thigh_joint,FL_thigh_joint,FR_thigh_joint,BL_calf_joint,BR_calf_joint,FL_calf_joint,FR_calf_joint",330e02f2406e129bb6ed6ec4a6c6bcd5f80d7e7799a2ab087e81eda65d2fae69,"step=001480 mode=stand  vx= 0.000 vy= 0.000 vxy= 0.000 yaw= 0.000 speed=0.06 imu=xsens:live tilt_rp=[+1.1,+0.9]deg imu_corr=0.000 act_max= 0.000 tau_cmd= 8.512 tau_cmd_max= 22.101 cmds=12 bus=can0:12 hz=40.9 tx=0.5ms fb_age=6.3ms fb=12 tau_fb= 4.122 tau_fb_max= 12.788",,,,,,,,,,,,,,,,,,,,,,,,,,,,,,,,,,,,,,,,,,,,,,,,,0.0,0.0,0.0,0.0,0.0,0.0,0.0,0.0,0.0,0.0,0.0,0.0,0.0,0.0,0.0,0.0,0.0,0.0,0.0,0.0,0.0,0.0,0.0,0.0,-0.00076701381476596,-0.00076701381476596,-0.00038350690738298,0.0011505207512527704,0.07593436539173126,-0.08168696612119675,0.08360450714826584,-0.08053644746541977,0.27842602133750916,-0.28149405121803284,0.28149405121803284,-0.28417861461639404,-0.009155552834272385,0.05401776358485222,0.05951109528541565,-0.0238044373691082,-0.09018219262361526,0.07232886552810669,-0.048066653311252594,0.00045777764171361923,-0.12405773997306824,0.1977599412202835,-0.19501326978206635,0.2151554971933365,0.0009099668823182583,-0.0008530938066542149,-0.0008530938066542149,0.0010237125679850578,0.07359355688095093,-0.07376417517662048,0.07342293858528137,-0.07330921292304993,0.24409854412078857,-0.24443984031677246,0.24432611465454102,-0.24438297748565674,0.0,0.0,0.0,0.0,0.0,0.0,0.0,0.0,0.0,0.0,0.0,0.0
20260709_130944_282006,2026-07-09T13:10:21.848,37.566831,pose,1500,stand,0.0,0.0,0.0,0.0,0.0,0.0,0.0,0.0,0.06,xsens:live,0.013062913902103901,-0.016202811151742935,-0.9997833967208862,0.9284725425584743,0.748569391475061,0.0,0.0,6.7839274406433105,19.783287048339844,12,can0:12,29.42964999999731,33.97933716507303,0.4906849999883889,6.3615349999963655,12,4.012878894805908,12.35633373260498,,"BL_hip_joint,BR_hip_joint,FL_hip_joint,FR_hip_joint,BL_thigh_joint,BR_thigh_joint,FL_thigh_joint,FR_thigh_joint,BL_calf_joint,BR_calf_joint,FL_calf_joint,FR_calf_joint",330e02f2406e129bb6ed6ec4a6c6bcd5f80d7e7799a2ab087e81eda65d2fae69,"step=001500 mode=stand  vx= 0.000 vy= 0.000 vxy= 0.000 yaw= 0.000 speed=0.06 imu=xsens:live tilt_rp=[+0.9,+0.7]deg imu_corr=0.000 act_max= 0.000 tau_cmd= 6.784 tau_cmd_max= 19.783 cmds=12 bus=can0:12 hz=34.0 tx=0.5ms fb_age=6.4ms fb=12 tau_fb= 4.013 tau_fb_max= 12.356",,,,,,,,,,,,,,,,,,,,,,,,,,,,,,,,,,,,,,,,,,,,,,,,,0.0,0.0,0.0,0.0,0.0,0.0,0.0,0.0,0.0,0.0,0.0,0.0,0.0,0.0,0.0,0.0,0.0,0.0,0.0,0.0,0.0,0.0,0.0,0.0,-0.00076701381476596,-0.0,-0.00038350690738298,0.00153402762953192,0.04525381326675415,-0.04563732072710991,0.04870537668466568,-0.04218575730919838,0.16452446579933167,-0.16874302923679352,0.16874302923679352,-0.17104408144950867,0.021973326802253723,-0.07461775839328766,0.014191106893122196,0.059053316712379456,-0.05172887444496155,0.07599108666181564,-0.031128879636526108,0.07370220124721527,-0.1029999703168869,0.08468886464834213,-0.17349772155284882,0.20050661265850067,0.0005148425698280334,-0.00048266490921378136,-0.00048266490921378136,0.0005791978910565376,0.04163789749145508,-0.04173442721366882,0.04154136776924133,-0.04147699475288391,0.13810646533966064,-0.1382995843887329,0.1382352113723755,-0.1382673978805542,0.0,0.0,0.0,0.0,0.0,0.0,0.0,0.0,0.0,0.0,0.0,0.0
20260709_130944_282006,2026-07-09T13:10:22.363,38.081422,pose,1520,stand,0.0,0.0,0.0,0.0,0.0,0.0,0.0,0.0,0.06,xsens:live,0.010662827640771866,-0.014219110831618309,-0.9998420476913452,0.8147688171512444,0.6110083723379666,0.0,0.0,5.155727863311768,14.595630645751953,12,can0:12,28.06789999999637,35.62788808568255,0.47709800003303826,6.391346999976122,12,3.7009799480438232,9.851374626159668,,"BL_hip_joint,BR_hip_joint,FL_hip_joint,FR_hip_joint,BL_thigh_joint,BR_thigh_joint,FL_thigh_joint,FR_thigh_joint,BL_calf_joint,BR_calf_joint,FL_calf_joint,FR_calf_joint",330e02f2406e129bb6ed6ec4a6c6bcd5f80d7e7799a2ab087e81eda65d2fae69,"step=001520 mode=stand  vx= 0.000 vy= 0.000 vxy= 0.000 yaw= 0.000 speed=0.06 imu=xsens:live tilt_rp=[+0.8,+0.6]deg imu_corr=0.000 act_max= 0.000 tau_cmd= 5.156 tau_cmd_max= 14.596 cmds=12 bus=can0:12 hz=35.6 tx=0.5ms fb_age=6.4ms fb=12 tau_fb= 3.701 tau_fb_max= 9.851",,,,,,,,,,,,,,,,,,,,,,,,,,,,,,,,,,,,,,,,,,,,,,,,,0.0,0.0,0.0,0.0,0.0,0.0,0.0,0.0,0.0,0.0,0.0,0.0,0.0,0.0,0.0,0.0,0.0,0.0,0.0,0.0,0.0,0.0,0.0,0.0,-0.0011505207512527704,-0.0,-0.00038350690738298,0.00153402762953192,0.021859893575310707,-0.018024824559688568,0.02032586559653282,-0.011888713575899601,0.07708488404750824,-0.08360450714826584,0.0839880108833313,-0.08552204072475433,-0.0393688790500164,0.021057771518826485,0.05767998471856117,-0.0050355540588498116,-0.07370220124721527,0.004577776417136192,-0.04623554274439812,0.02288888208568096,-0.095675528049469,0.1895199418067932,-0.1194799616932869,0.15472884476184845,0.00021896325051784515,-0.000205277930945158,-0.000205277930945158,0.00024633342400193214,0.017708629369735718,-0.017749696969985962,0.01766759157180786,-0.01764020323753357,0.05873680114746094,-0.058818936347961426,0.0587916374206543,-0.058805227279663086,0.0,0.0,0.0,0.0,0.0,0.0,0.0,0.0,0.0,0.0,0.0,0.0
20260709_130944_282006,2026-07-09T13:10:22.888,38.606180,pose,1540,stand,0.0,0.0,0.0,0.0,0.0,0.0,0.0,0.0,0.06,xsens:live,0.008747000247240067,-0.011292646639049053,-0.9998980164527893,0.6470594743250773,0.5012045287512102,0.01175755262374878,0.04703021049499512,4.919683933258057,14.092361450195312,12,can0:12,31.303529000012986,31.94528003534634,0.5026909999514828,6.343970000045829,12,4.16791296005249,10.309152603149414,,"BL_hip_joint,BR_hip_joint,FL_hip_joint,FR_hip_joint,BL_thigh_joint,BR_thigh_joint,FL_thigh_joint,FR_thigh_joint,BL_calf_joint,BR_calf_joint,FL_calf_joint,FR_calf_joint",330e02f2406e129bb6ed6ec4a6c6bcd5f80d7e7799a2ab087e81eda65d2fae69,"step=001540 mode=stand  vx= 0.000 vy= 0.000 vxy= 0.000 yaw= 0.000 speed=0.06 imu=xsens:live tilt_rp=[+0.6,+0.5]deg imu_corr=0.012 act_max= 0.047 tau_cmd= 4.920 tau_cmd_max= 14.092 cmds=12 bus=can0:12 hz=31.9 tx=0.5ms fb_age=6.3ms fb=12 tau_fb= 4.168 tau_fb_max= 10.309",0.0,0.0,0.0,0.0,0.0,0.0,0.008747000247240067,-0.011292646639049053,-0.9998980164527893,0.0,0.0,0.0,0.0,0.0,0.0,0.0,0.0,0.0,0.0,0.0,0.0,0.0,0.0,0.0,0.0,0.0,0.0,0.0,0.0,0.0,0.0,0.0,0.0,0.0,0.0,0.0,0.0,0.0,0.0,0.0,0.0,0.0,0.0,0.0,0.0,0.0,0.0,0.0,0.24584507942199707,-0.9159460067749023,-0.150679349899292,0.9170464873313904,0.26709526777267456,-0.2611069679260254,0.4172285497188568,-0.06524083018302917,-1.1407345533370972,0.7123696804046631,-0.7678819894790649,1.011397123336792,-0.027730971574783325,-0.04703021049499512,0.02738054096698761,0.009719371795654297,0.0129910409450531,-0.008225560188293457,0.0032013356685638428,-0.011753890663385391,0.00036454200744628906,0.011703848838806152,-0.01762533187866211,-0.01622772216796875,-0.006519617512822151,-0.007670138031244278,0.004985589534044266,0.00421857601031661,0.009204166010022163,-0.0026845482643693686,0.0034515620209276676,0.006519617512822151,0.022243401035666466,-0.026078470051288605,0.026461975648999214,-0.033365100622177124,-0.02059999480843544,-0.06454664468765259,0.019226660951972008,0.09338664263486862,-0.09155552834272385,-0.02700888179242611,0.04577776417136192,0.01235999632626772,-0.047151096165180206,0.010986663401126862,-0.015106662176549435,0.13733328878879547,-0.006890460383147001,-0.011797192506492138,0.006805495359003544,0.002477410715073347,0.006667368113994598,-0.0054839253425598145,0.004212014377117157,-0.006344848312437534,0.011433422565460205,-0.008432179689407349,0.006946563720703125,-0.015412449836730957,0.0,0.0,0.0,0.0,0.0,0.0,0.0,0.0,0.0,0.0,0.0,0.0
20260709_130944_282006,2026-07-09T13:10:23.432,39.150324,pose,1560,stand,0.0,0.0,0.0,0.0,0.0,0.0,0.0,0.0,0.06,xsens:live,0.008336145430803299,-0.009081169962882996,-0.9999240040779114,0.520337951021757,0.47765118529483863,0.00985698401927948,0.03942793607711792,4.378615379333496,9.415958404541016,12,can0:12,24.57042100002127,40.69934332826997,0.52608600003623,6.346904999986691,12,3.9637439250946045,10.060121536254883,,"BL_hip_joint,BR_hip_joint,FL_hip_joint,FR_hip_joint,BL_thigh_joint,BR_thigh_joint,FL_thigh_joint,FR_thigh_joint,BL_calf_joint,BR_calf_joint,FL_calf_joint,FR_calf_joint",330e02f2406e129bb6ed6ec4a6c6bcd5f80d7e7799a2ab087e81eda65d2fae69,"step=001560 mode=stand  vx= 0.000 vy= 0.000 vxy= 0.000 yaw= 0.000 speed=0.06 imu=xsens:live tilt_rp=[+0.5,+0.5]deg imu_corr=0.010 act_max= 0.039 tau_cmd= 4.379 tau_cmd_max= 9.416 cmds=12 bus=can0:12 hz=40.7 tx=0.5ms fb_age=6.3ms fb=12 tau_fb= 3.964 tau_fb_max= 10.060",0.0,0.0,0.0,0.0,0.0,0.0,0.008336145430803299,-0.009081169962882996,-0.9999240040779114,0.0,0.0,0.0,0.0,0.0,0.0,0.0,0.0,0.0,0.0,0.0,0.0,0.0,0.0,0.0,0.0,0.0,0.0,0.0,0.0,0.0,0.0,0.0,0.0,0.0,0.0,0.0,0.0,0.0,0.0,0.0,0.0,0.0,0.0,0.0,0.0,0.0,0.0,0.0,0.2523907423019409,-0.9083437323570251,-0.1553402990102768,0.9144724607467651,0.26461705565452576,-0.25965362787246704,0.4161984622478485,-0.06249281391501427,-1.1410436630249023,0.7093652486801147,-0.764266848564148,1.014430284500122,-0.021185308694839478,-0.03942793607711792,0.022719591856002808,0.007145345211029053,0.010512828826904297,-0.006772220134735107,0.002171248197555542,-0.009005874395370483,5.543231964111328e-05,0.008699417114257812,-0.014010190963745117,-0.013194561004638672,-0.00613611051812768,-0.008053644560277462,0.005369096528738737,0.004602083005011082,0.004602083005011082,0.00306805525906384,-0.0034515620209276676,0.013039235025644302,0.00613611051812768,-0.010738193057477474,0.009971179068088531,-0.016490796580910683,-0.0947599709033966,0.03479110077023506,0.02471999265253544,0.009155552834272385,-0.03021332435309887,0.0238044373691082,0.021057771518826485,-0.013733329251408577,0.015564439818263054,-0.027466658502817154,-0.00045777764171361923,0.013275551609694958,-0.005296327173709869,-0.00985698401927948,0.005679897964000702,0.0017863363027572632,0.0026282072067260742,-0.0016930550336837769,0.0005428120493888855,-0.002251468598842621,1.385807991027832e-05,0.0,0.0,-0.003298640251159668,0.0,0.0,0.0,0.0,0.0,0.0,0.0,0.0,0.0,0.0,0.0,0.0
20260709_130944_282006,2026-07-09T13:10:23.967,39.685568,pose,1580,stand,0.0,0.0,0.0,0.0,0.0,0.0,0.0,0.0,0.06,xsens:live,0.008269050158560276,-0.009421311318874359,-0.9999215006828308,0.5398277793828846,0.4738080684049586,0.010112836956977844,0.04045134782791138,3.745210886001587,8.961356163024902,12,can0:12,30.059336999954667,33.26753347891566,0.5143770000017867,6.281772000022556,12,3.848994493484497,9.99786376953125,,"BL_hip_joint,BR_hip_joint,FL_hip_joint,FR_hip_joint,BL_thigh_joint,BR_thigh_joint,FL_thigh_joint,FR_thigh_joint,BL_calf_joint,BR_calf_joint,FL_calf_joint,FR_calf_joint",330e02f2406e129bb6ed6ec4a6c6bcd5f80d7e7799a2ab087e81eda65d2fae69,"step=001580 mode=stand  vx= 0.000 vy= 0.000 vxy= 0.000 yaw= 0.000 speed=0.06 imu=xsens:live tilt_rp=[+0.5,+0.5]deg imu_corr=0.010 act_max= 0.040 tau_cmd= 3.745 tau_cmd_max= 8.961 cmds=12 bus=can0:12 hz=33.3 tx=0.5ms fb_age=6.3ms fb=12 tau_fb= 3.849 tau_fb_max= 9.998",0.0,0.0,0.0,0.0,0.0,0.0,0.008269050158560276,-0.009421311318874359,-0.9999215006828308,0.0,0.0,0.0,0.0,0.0,0.0,0.0,0.0,0.0,0.0,0.0,0.0,0.0,0.0,0.0,0.0,0.0,0.0,0.0,0.0,0.0,0.0,0.0,0.0,0.0,0.0,0.0,0.0,0.0,0.0,0.0,0.0,0.0,0.0,0.0,0.0,0.0,0.0,0.0,0.25125280022621155,-0.9093671441078186,-0.15469369292259216,0.9149291515350342,0.2649928629398346,-0.25987905263900757,0.4164108335971832,-0.06296703219413757,-1.1409661769866943,0.7099094986915588,-0.7648649215698242,1.0139633417129517,-0.022323250770568848,-0.04045134782791138,0.02336619794368744,0.007602035999298096,0.010888636112213135,-0.006997644901275635,0.002383619546890259,-0.00948009267449379,0.0001329183578491211,0.009243667125701904,-0.014608263969421387,-0.013661503791809082,-0.00613611051812768,-0.007670138031244278,0.005369096528738737,0.00421857601031661,0.00421857601031661,0.00306805525906384,-0.003835069015622139,0.013039235025644302,0.0057526035234332085,-0.010738193057477474,0.009971179068088531,-0.015723783522844315,-0.00045777764171361923,0.012817773967981339,0.03662221133708954,-0.028839992359280586,-0.05081331729888916,-0.021973326802253723,0.06408887356519699,0.007782219909131527,-0.029755547642707825,-0.017853328958153725,0.04119998961687088,0.009155552834272385,-0.005580812692642212,-0.010112836956977844,0.00584154948592186,0.001900508999824524,0.0027221590280532837,-0.0017494112253189087,0.0005959048867225647,-0.0023700231686234474,3.3229589462280273e-05,0.0,0.0,-0.0034153759479522705,0.0,0.0,0.0,0.0,0.0,0.0,0.0,0.0,0.0,0.0,0.0,0.0
20260709_130944_282006,2026-07-09T13:10:24.501,40.219799,pose,1600,stand,0.0,0.0,0.0,0.0,0.0,0.0,0.0,0.0,0.06,xsens:live,0.008279712870717049,-0.009271057322621346,-0.9999227523803711,0.5312182708832859,0.47441840908865757,0.009994462132453918,0.039977848529815674,3.6881186962127686,8.033792495727539,12,can0:12,24.604847999967205,40.64239697808061,0.5030620000070485,6.274497999982032,12,3.831598997116089,9.21414852142334,,"BL_hip_joint,BR_hip_joint,FL_hip_joint,FR_hip_joint,BL_thigh_joint,BR_thigh_joint,FL_thigh_joint,FR_thigh_joint,BL_calf_joint,BR_calf_joint,FL_calf_joint,FR_calf_joint",330e02f2406e129bb6ed6ec4a6c6bcd5f80d7e7799a2ab087e81eda65d2fae69,"step=001600 mode=stand  vx= 0.000 vy= 0.000 vxy= 0.000 yaw= 0.000 speed=0.06 imu=xsens:live tilt_rp=[+0.5,+0.5]deg imu_corr=0.010 act_max= 0.040 tau_cmd= 3.688 tau_cmd_max= 8.034 cmds=12 bus=can0:12 hz=40.6 tx=0.5ms fb_age=6.3ms fb=12 tau_fb= 3.832 tau_fb_max= 9.214",0.0,0.0,0.0,0.0,0.0,0.0,0.008279712870717049,-0.009271057322621346,-0.9999227523803711,0.0,0.0,0.0,0.0,0.0,0.0,0.0,0.0,0.0,0.0,0.0,0.0,0.0,0.0,0.0,0.0,0.0,0.0,0.0,0.0,0.0,0.0,0.0,0.0,0.0,0.0,0.0,0.0,0.0,0.0,0.0,0.0,0.0,0.0,0.0,0.0,0.0,0.0,0.0,0.25173667073249817,-0.9088936448097229,-0.1549898236989975,0.9147367477416992,0.26482605934143066,-0.2597796618938446,0.4163249433040619,-0.06276480853557587,-1.1409962177276611,0.7096809148788452,-0.7646065950393677,1.014169692993164,-0.021839380264282227,-0.039977848529815674,0.023070067167282104,0.007409632205963135,0.010721832513809204,-0.006898254156112671,0.002297729253768921,-0.009277869015932083,0.00010287761688232422,0.009015083312988281,-0.014349937438964844,-0.01345515251159668,-0.00613611051812768,-0.007670138031244278,0.005369096528738737,0.004602083005011082,0.004602083005011082,0.00306805525906384,-0.003835069015622139,0.013039235025644302,0.0057526035234332085,-0.010738193057477474,0.009587672539055347,-0.015723783522844315,0.016479995101690292,0.016937773674726486,0.01831110566854477,0.03479110077023506,0.05493331700563431,0.009155552834272385,0.037537768483161926,-0.0315866582095623,-0.03387554734945297,0.010528885759413242,-0.02471999265253544,0.03433332219719887,-0.005459845066070557,-0.009994462132453918,0.005767516791820526,0.0018524080514907837,0.002680458128452301,-0.0017245635390281677,0.0005744323134422302,-0.0023194672539830208,2.5719404220581055e-05,0.0,0.0,-0.00336378812789917,0.0,0.0,0.0,0.0,0.0,0.0,0.0,0.0,0.0,0.0,0.0,0.0
20260709_130944_282006,2026-07-09T13:10:25.045,40.763447,pose,1620,stand,0.0,0.0,0.0,0.0,0.0,0.0,0.0,0.0,0.06,xsens:live,0.00821003969758749,-0.009396292269229889,-0.9999222159385681,0.538393922716283,0.47042664570577214,0.010075852274894714,0.04030340909957886,4.618162631988525,10.5230712890625,12,can0:12,24.542657999973017,40.74538299808845,0.5179789999942841,6.352413999991313,12,3.624683380126953,9.543747901916504,,"BL_hip_joint,BR_hip_joint,FL_hip_joint,FR_hip_joint,BL_thigh_joint,BR_thigh_joint,FL_thigh_joint,FR_thigh_joint,BL_calf_joint,BR_calf_joint,FL_calf_joint,FR_calf_joint",330e02f2406e129bb6ed6ec4a6c6bcd5f80d7e7799a2ab087e81eda65d2fae69,"step=001620 mode=stand  vx= 0.000 vy= 0.000 vxy= 0.000 yaw= 0.000 speed=0.06 imu=xsens:live tilt_rp=[+0.5,+0.5]deg imu_corr=0.010 act_max= 0.040 tau_cmd= 4.618 tau_cmd_max= 10.523 cmds=12 bus=can0:12 hz=40.7 tx=0.5ms fb_age=6.4ms fb=12 tau_fb= 3.625 tau_fb_max= 9.544",0.0,0.0,0.0,0.0,0.0,0.0,0.00821003969758749,-0.009396292269229889,-0.9999222159385681,0.0,0.0,0.0,0.0,0.0,0.0,0.0,0.0,0.0,0.0,0.0,0.0,0.0,0.0,0.0,0.0,0.0,0.0,0.0,0.0,0.0,0.0,0.0,0.0,0.0,0.0,0.0,0.0,0.0,0.0,0.0,0.0,0.0,0.0,0.0,0.0,0.0,0.0,0.0,0.2512739896774292,-0.9092192053794861,-0.15477639436721802,0.9149256348609924,0.2649625837802887,-0.25986188650131226,0.4164208471775055,-0.06295743584632874,-1.1409571170806885,0.7099091410636902,-0.7648392915725708,1.0139985084533691,-0.022302061319351196,-0.04030340909957886,0.023283496499061584,0.007598519325256348,0.010858356952667236,-0.006980478763580322,0.0023936331272125244,-0.009470496326684952,0.00014197826385498047,0.009243309497833252,-0.014582633972167969,-0.013626337051391602,-0.00613611051812768,-0.007670138031244278,0.005369096528738737,0.00421857601031661,0.004602083005011082,0.00306805525906384,-0.0034515620209276676,0.013039235025644302,0.0057526035234332085,-0.01035468652844429,0.009587672539055347,-0.015723783522844315,0.10391552746295929,0.028839992359280586,0.03662221133708954,-0.009613330475986004,0.06912442296743393,-0.02700888179242611,-0.0238044373691082,0.026551103219389915,0.08011108636856079,0.0119022186845541,-0.04852443188428879,-0.03570665791630745,-0.005575515329837799,-0.010075852274894714,0.005820874124765396,0.001899629831314087,0.002714589238166809,-0.0017451196908950806,0.0005984082818031311,-0.002367624081671238,3.549456596374512e-05,0.0,0.0,-0.0034065842628479004,0.0,0.0,0.0,0.0,0.0,0.0,0.0,0.0,0.0,0.0,0.0,0.0
20260709_130944_282006,2026-07-09T13:10:25.580,41.298796,pose,1640,stand,0.0,0.0,0.0,0.0,0.0,0.0,0.0,0.0,0.06,xsens:live,0.008313678205013275,-0.009368523955345154,-0.9999215602874756,0.5368032838004608,0.47636506364353515,0.010082930326461792,0.04033172130584717,3.8228652477264404,7.716378688812256,12,can0:12,30.847009000012804,32.4180538865076,0.5192270000407007,6.3655299999823,12,3.6521501541137695,8.738059997558594,,"BL_hip_joint,BR_hip_joint,FL_hip_joint,FR_hip_joint,BL_thigh_joint,BR_thigh_joint,FL_thigh_joint,FR_thigh_joint,BL_calf_joint,BR_calf_joint,FL_calf_joint,FR_calf_joint",330e02f2406e129bb6ed6ec4a6c6bcd5f80d7e7799a2ab087e81eda65d2fae69,"step=001640 mode=stand  vx= 0.000 vy= 0.000 vxy= 0.000 yaw= 0.000 speed=0.06 imu=xsens:live tilt_rp=[+0.5,+0.5]deg imu_corr=0.010 act_max= 0.040 tau_cmd= 3.823 tau_cmd_max= 7.716 cmds=12 bus=can0:12 hz=32.4 tx=0.5ms fb_age=6.4ms fb=12 tau_fb= 3.652 tau_fb_max= 8.738",0.0,0.0,0.0,0.0,0.0,0.0,0.008313678205013275,-0.009368523955345154,-0.9999215602874756,0.0,0.0,0.0,0.0,0.0,0.0,0.0,0.0,0.0,0.0,0.0,0.0,0.0,0.0,0.0,0.0,0.0,0.0,0.0,0.0,0.0,0.0,0.0,0.0,0.0,0.0,0.0,0.0,0.0,0.0,0.0,0.0,0.0,0.0,0.0,0.0,0.0,0.0,0.0,0.2514626383781433,-0.9092475175857544,-0.15477508306503296,0.9148419499397278,0.2649362087249756,-0.25984448194503784,0.41636472940444946,-0.06288020312786102,-1.1409859657287598,0.7098040580749512,-0.7647619247436523,1.0140354633331299,-0.022113412618637085,-0.04033172130584717,0.023284807801246643,0.007514834403991699,0.010831981897354126,-0.006963074207305908,0.002337515354156494,-0.00939326360821724,0.0001131296157836914,0.009138226509094238,-0.014505267143249512,-0.01358938217163086,-0.00613611051812768,-0.007670138031244278,0.005369096528738737,0.00421857601031661,0.004602083005011082,0.00306805525906384,-0.003835069015622139,0.013039235025644302,0.005369096528738737,-0.01035468652844429,0.009587672539055347,-0.015723783522844315,-0.04531998559832573,0.030671102926135063,-0.04577776417136192,-0.07782220095396042,-0.026551103219389915,-0.14465773105621338,-0.00045777764171361923,-0.022431105375289917,0.007782219909131527,0.0013733329251408577,-0.010071108117699623,0.059968870133161545,-0.005528353154659271,-0.010082930326461792,0.005821201950311661,0.0018787086009979248,0.0027079954743385315,-0.001740768551826477,0.0005843788385391235,-0.00234831590205431,2.828240394592285e-05,0.0,0.0,-0.003397345542907715,0.0,0.0,0.0,0.0,0.0,0.0,0.0,0.0,0.0,0.0,0.0,0.0
20260709_130944_282006,2026-07-09T13:10:26.117,41.835202,pose,1660,stand,0.0,0.0,0.0,0.0,0.0,0.0,0.0,0.0,0.06,xsens:live,0.008275184780359268,-0.009341117925941944,-0.9999221563339233,0.5352327292099792,0.4741592489878276,0.010049760341644287,0.04019904136657715,3.7904722690582275,10.38879108428955,12,can0:12,24.729906000004576,40.43687024122999,0.5098610000118242,6.303478999996059,12,3.8270208835601807,9.65361499786377,,"BL_hip_joint,BR_hip_joint,FL_hip_joint,FR_hip_joint,BL_thigh_joint,BR_thigh_joint,FL_thigh_joint,FR_thigh_joint,BL_calf_joint,BR_calf_joint,FL_calf_joint,FR_calf_joint",330e02f2406e129bb6ed6ec4a6c6bcd5f80d7e7799a2ab087e81eda65d2fae69,"step=001660 mode=stand  vx= 0.000 vy= 0.000 vxy= 0.000 yaw= 0.000 speed=0.06 imu=xsens:live tilt_rp=[+0.5,+0.5]deg imu_corr=0.010 act_max= 0.040 tau_cmd= 3.790 tau_cmd_max= 10.389 cmds=12 bus=can0:12 hz=40.4 tx=0.5ms fb_age=6.3ms fb=12 tau_fb= 3.827 tau_fb_max= 9.654",0.0,0.0,0.0,0.0,0.0,0.0,0.008275184780359268,-0.009341117925941944,-0.9999221563339233,0.0,0.0,0.0,0.0,0.0,0.0,0.0,0.0,0.0,0.0,0.0,0.0,0.0,0.0,0.0,0.0,0.0,0.0,0.0,0.0,0.0,0.0,0.0,0.0,0.0,0.0,0.0,0.0,0.0,0.0,0.0,0.0,0.0,0.0,0.0,0.0,0.0,0.0,0.0,0.2515111565589905,-0.9091148376464844,-0.1548510193824768,0.9148253798484802,0.26490387320518494,-0.25982582569122314,0.41636478900909424,-0.06285908073186874,-1.1409821510314941,0.7097871899604797,-0.7647273540496826,1.014073371887207,-0.022064894437789917,-0.04019904136657715,0.023208871483802795,0.007498264312744141,0.010799646377563477,-0.006944417953491211,0.0023375749588012695,-0.00937214121222496,0.0001169443130493164,0.009121358394622803,-0.014470696449279785,-0.013551473617553711,-0.00613611051812768,-0.007670138031244278,0.005369096528738737,0.00421857601031661,0.004602083005011082,0.00306805525906384,-0.003835069015622139,0.013039235025644302,0.0057526035234332085,-0.01035468652844429,0.009587672539055347,-0.015723783522844315,-0.05722220614552498,0.0068666646257042885,0.030671102926135063,-0.020142216235399246,-0.002288888208568096,0.015106662176549435,0.017853328958153725,0.02151555009186268,-0.0787377581000328,0.09338664263486862,0.05081331729888916,-0.0315866582095623,-0.005516223609447479,-0.010049760341644287,0.005802217870950699,0.0018745660781860352,0.002699911594390869,-0.0017361044883728027,0.0005843937397003174,-0.00234303530305624,2.92360782623291e-05,0.0,0.0,-0.0033878684043884277,0.0,0.0,0.0,0.0,0.0,0.0,0.0,0.0,0.0,0.0,0.0,0.0
20260709_130944_282006,2026-07-09T13:10:26.662,42.380454,pose,1680,stand,0.0,0.0,0.0,0.0,0.0,0.0,0.0,0.0,0.06,xsens:live,0.007799414452165365,-0.009385463781654835,-0.9999255537986755,0.5377717074982286,0.4468977383683296,0.009950205683708191,0.039800822734832764,3.900428533554077,9.603992462158203,12,can0:12,30.478575000017827,32.809932879060625,0.5598660000032396,6.4289860000030785,12,3.847468376159668,9.631641387939453,,"BL_hip_joint,BR_hip_joint,FL_hip_joint,FR_hip_joint,BL_thigh_joint,BR_thigh_joint,FL_thigh_joint,FR_thigh_joint,BL_calf_joint,BR_calf_joint,FL_calf_joint,FR_calf_joint",330e02f2406e129bb6ed6ec4a6c6bcd5f80d7e7799a2ab087e81eda65d2fae69,"step=001680 mode=stand  vx= 0.000 vy= 0.000 vxy= 0.000 yaw= 0.000 speed=0.06 imu=xsens:live tilt_rp=[+0.5,+0.4]deg imu_corr=0.010 act_max= 0.040 tau_cmd= 3.900 tau_cmd_max= 9.604 cmds=12 bus=can0:12 hz=32.8 tx=0.6ms fb_age=6.4ms fb=12 tau_fb= 3.847 tau_fb_max= 9.632",0.0,0.0,0.0,0.0,0.0,0.0,0.007799414452165365,-0.009385463781654835,-0.9999255537986755,0.0,0.0,0.0,0.0,0.0,0.0,0.0,0.0,0.0,0.0,0.0,0.0,0.0,0.0,0.0,0.0,0.0,0.0,0.0,0.0,0.0,0.0,0.0,0.0,0.0,0.0,0.0,0.0,0.0,0.0,0.0,0.0,0.0,0.0,0.0,0.0,0.0,0.0,0.0,0.25090736150741577,-0.90871661901474,-0.1550236940383911,0.9151074290275574,0.264932781457901,-0.2598505914211273,0.41657647490501404,-0.06310264021158218,-1.1408660411834717,0.7101479768753052,-0.7649402618408203,1.0140186548233032,-0.022668689489364624,-0.039800822734832764,0.02303619682788849,0.007780313491821289,0.010828554630279541,-0.006969183683395386,0.0025492608547210693,-0.0096157006919384,0.00023305416107177734,0.009482145309448242,-0.01468360424041748,-0.01360619068145752,-0.00613611051812768,-0.007670138031244278,0.005369096528738737,0.00421857601031661,0.004602083005011082,0.00306805525906384,-0.0034515620209276676,0.013039235025644302,0.0057526035234332085,-0.01035468652844429,0.009971179068088531,-0.015723783522844315,-0.02929776906967163,0.02609332650899887,-0.04669332131743431,0.010986663401126862,-0.032959990203380585,0.01144444104284048,0.07415997982025146,-0.02059999480843544,-0.0032044434919953346,0.04531998559832573,0.017853328958153725,-0.010071108117699623,-0.005667172372341156,-0.009950205683708191,0.005759049206972122,0.0019450783729553223,0.0027071386575698853,-0.0017422959208488464,0.0006373152136802673,-0.0024039251729846,5.8263540267944336e-05,0.0,0.0,-0.00340154767036438,0.0,0.0,0.0,0.0,0.0,0.0,0.0,0.0,0.0,0.0,0.0,0.0
20260709_130944_282006,2026-07-09T13:10:27.196,42.914598,policy,1700,policy,0.10799999535083771,0.0,0.10799999535083771,0.0,0.25,0.0,0.25,0.0,0.06,xsens:live,0.007809009402990341,-0.011171725578606129,-0.9999071359634399,0.6401255377745333,0.44745573744124206,0.0,0.07997257262468338,4.845638751983643,9.513965606689453,12,can0:12,24.94227300002194,40.09257696758913,0.5469820000030268,6.308000000046832,12,4.196905136108398,8.829615592956543,,"BL_hip_joint,BR_hip_joint,FL_hip_joint,FR_hip_joint,BL_thigh_joint,BR_thigh_joint,FL_thigh_joint,FR_thigh_joint,BL_calf_joint,BR_calf_joint,FL_calf_joint,FR_calf_joint",330e02f2406e129bb6ed6ec4a6c6bcd5f80d7e7799a2ab087e81eda65d2fae69,"step=001700 mode=policy vx= 0.108 vy= 0.000 vxy= 0.108 yaw= 0.000 speed=0.06 imu=xsens:live tilt_rp=[+0.6,+0.4]deg imu_corr=0.000 act_max= 0.080 tau_cmd= 4.846 tau_cmd_max= 9.514 cmds=12 bus=can0:12 hz=40.1 tx=0.5ms fb_age=6.3ms fb=12 policy_cmd=[ 0.250, 0.000, 0.000] tau_fb= 4.197 tau_fb_max= 8.830",0.0,0.0,0.0,0.01516491174697876,0.0002130866196239367,0.006377696990966797,0.007809009402990341,-0.011171725578606129,-0.9999071359634399,0.25,0.0,0.0,-0.0019175345078110695,-0.0034515620209276676,-0.00153402762953192,0.009204166010022163,0.005369096528738737,0.00306805525906384,-0.00306805525906384,0.013039235025644302,0.00843715202063322,-0.015340276062488556,0.01418975554406643,-0.019175345078110695,0.026551103219389915,-0.025635547935962677,-0.0636310949921608,0.14511550962924957,-0.025177771225571632,-0.029755547642707825,0.007782219909131527,-0.06454664468765259,0.048066653311252594,-0.01235999632626772,0.0119022186845541,-0.0027466658502817154,0.6451312303543091,-1.1320080757141113,-1.16423499584198,1.9417279958724976,1.6424241065979004,-0.9827152490615845,1.2792909145355225,-1.3646702766418457,-1.7780814170837402,0.19134873151779175,-0.5131680965423584,1.3877453804016113,0.7252912521362305,-1.087483286857605,-1.1256178617477417,1.807568907737732,1.6694293022155762,-0.9316172003746033,1.2743239402770996,-1.3227105140686035,-1.7624092102050781,0.2190132439136505,-0.4620766043663025,1.4654734134674072,0.032017435878515244,-0.04809422418475151,-0.04977693036198616,0.07997257262468338,0.07377959787845612,-0.04120791330933571,0.05633193254470825,-0.05849040672183037,-0.07791260629892349,0.009666366502642632,-0.020452778786420822,0.06473710387945175,-0.0019175345078110695,-0.0034515620209276676,-0.00153402762953192,0.009204166010022163,0.005369096528738737,0.00306805525906384,-0.00306805525906384,0.013039235025644302,0.00843715202063322,-0.015340276062488556,0.01418975554406643,-0.019175345078110695,0.026551103219389915,-0.025635547935962677,-0.0636310949921608,0.14511550962924957,-0.025177771225571632,-0.029755547642707825,0.007782219909131527,-0.06454664468765259,0.048066653311252594,-0.01235999632626772,0.0119022186845541,-0.0027466658502817154,0.008004358969628811,-0.012023556046187878,-0.01244423259049654,0.019993143156170845,0.01844489946961403,-0.010301978327333927,0.014082983136177063,-0.014622601680457592,0.0,0.0,0.0,0.0,0.0,0.0,0.0,0.0,0.0,0.0,0.0,0.0,0.0,0.0,0.0,0.0
20260709_130944_282006,2026-07-09T13:10:27.736,43.454661,pose,1720,stand,0.0,0.0,0.0,0.0,0.0,0.0,0.0,0.0,0.06,xsens:live,0.008884130977094173,-0.0037144848611205816,-0.9999536275863647,0.21283319630657946,0.5090334221049784,0.005651742219924927,0.022606968879699707,7.829433917999268,18.582786560058594,12,can0:12,25.612588000001324,39.04330167650174,0.5216750000158754,6.404266999993524,12,7.755669116973877,16.978057861328125,,"BL_hip_joint,BR_hip_joint,FL_hip_joint,FR_hip_joint,BL_thigh_joint,BR_thigh_joint,FL_thigh_joint,FR_thigh_joint,BL_calf_joint,BR_calf_joint,FL_calf_joint,FR_calf_joint",330e02f2406e129bb6ed6ec4a6c6bcd5f80d7e7799a2ab087e81eda65d2fae69,"step=001720 mode=stand  vx= 0.000 vy= 0.000 vxy= 0.000 yaw= 0.000 speed=0.06 imu=xsens:live tilt_rp=[+0.2,+0.5]deg imu_corr=0.006 act_max= 0.023 tau_cmd= 7.829 tau_cmd_max= 18.583 cmds=12 bus=can0:12 hz=39.0 tx=0.5ms fb_age=6.4ms fb=12 tau_fb= 7.756 tau_fb_max= 16.978",0.0,0.0,0.0,0.0,0.0,0.0,0.008884130977094173,-0.0037144848611205816,-0.9999536275863647,0.0,0.0,0.0,0.0,0.0,0.0,0.0,0.0,0.0,0.0,0.0,0.0,0.0,0.0,0.0,0.0,0.0,0.0,0.0,0.0,0.0,0.0,0.0,0.0,0.0,0.0,0.0,0.0,0.0,0.0,0.0,0.0,0.0,0.0,0.0,0.0,0.0,0.0,0.0,0.27002742886543274,-0.8915227651596069,-0.16590484976768494,0.9075762629508972,0.2586364448070526,-0.25599122047424316,0.41293370723724365,-0.05520358681678772,-1.1421483755111694,0.7010486721992493,-0.7548097372055054,1.0218700170516968,-0.0035486221313476562,-0.022606968879699707,0.012155041098594666,0.0002491474151611328,0.004532217979431152,-0.0031098127365112305,-0.0010935068130493164,-0.0017166472971439362,-0.0010492801666259766,0.000382840633392334,-0.004553079605102539,-0.005754828453063965,0.02454444207251072,-0.030297044664621353,-0.0026845482643693686,0.0429527722299099,0.07631787657737732,-0.05138992518186569,0.05944357067346573,-0.05254044383764267,0.008820658549666405,-0.01418975554406643,0.01418975554406643,-0.02070937305688858,0.06591998040676117,-0.010528885759413242,-0.05493331700563431,0.01831110566854477,0.12314218282699585,-0.0947599709033966,0.11352885514497757,-0.09796441346406937,0.018768884241580963,-0.047151096165180206,0.059968870133161545,0.06500442326068878,0.07584948092699051,-0.09294318407773972,-0.03403232619166374,0.07387422025203705,0.09238729625940323,-0.035686686635017395,0.05355728045105934,-0.07360763102769852,0.0,-0.004915639292448759,0.0029431311413645744,-0.0014387071132659912,0.0,0.0,0.0,0.0,0.0,0.0,0.0,0.0,0.0,0.0,0.0,0.0
20260709_130944_282006,2026-07-09T13:10:28.280,43.998399,policy,1740,policy,0.10799999535083771,0.0,0.10799999535083771,0.0,0.25,0.0,0.25,0.0,0.06,xsens:live,0.008133390918374062,-0.009339524433016777,-0.9999233484268188,0.535140791699234,0.4660344180406835,0.0,0.07361888885498047,5.563835620880127,14.336310386657715,12,can0:12,30.446273999984896,32.844741527337504,0.9674159999804033,7.90681199998744,12,5.931272029876709,15.410626411437988,,"BL_hip_joint,BR_hip_joint,FL_hip_joint,FR_hip_joint,BL_thigh_joint,BR_thigh_joint,FL_thigh_joint,FR_thigh_joint,BL_calf_joint,BR_calf_joint,FL_calf_joint,FR_calf_joint",330e02f2406e129bb6ed6ec4a6c6bcd5f80d7e7799a2ab087e81eda65d2fae69,"step=001740 mode=policy vx= 0.108 vy= 0.000 vxy= 0.108 yaw= 0.000 speed=0.06 imu=xsens:live tilt_rp=[+0.5,+0.5]deg imu_corr=0.000 act_max= 0.074 tau_cmd= 5.564 tau_cmd_max= 14.336 cmds=12 bus=can0:12 hz=32.8 tx=1.0ms fb_age=7.9ms fb=12 policy_cmd=[ 0.250, 0.000, 0.000] tau_fb= 5.931 tau_fb_max= 15.411",0.0,0.0,0.0,0.0217728354036808,0.0026084487326443195,0.049982231110334396,0.008133390918374062,-0.009339524433016777,-0.9999233484268188,0.25,0.0,0.0,-0.00038350690738298,-0.00306805525906384,-0.00076701381476596,0.009204166010022163,0.01035468652844429,-0.0026845482643693686,0.008053644560277462,0.002301041502505541,0.00843715202063322,-0.01380624808371067,0.01418975554406643,-0.02109287865459919,0.026551103219389915,0.047151096165180206,-0.025177771225571632,0.05264442786574364,-0.22614215314388275,0.22659993171691895,-0.14877773821353912,0.299844354391098,-0.015106662176549435,-0.0791955292224884,0.026551103219389915,-0.007782219909131527,0.6069447994232178,-0.7620213627815247,-0.8679776191711426,2.1030919551849365,2.370964288711548,-0.7405575513839722,1.1010756492614746,-1.709637999534607,-1.9344322681427002,-0.07726268470287323,-0.06978952884674072,1.5139496326446533,0.6428273916244507,-0.7668207287788391,-0.8729304075241089,2.1038365364074707,2.2921929359436035,-0.74892657995224,1.1187633275985718,-1.6898345947265625,-1.9107415676116943,-0.013898059725761414,-0.10293874144554138,1.5062700510025024,0.023649241775274277,-0.02822447568178177,-0.03213030472397804,0.07361888885498047,0.07361888885498047,-0.027564436197280884,0.041174616664648056,-0.06220902130007744,-0.07034199684858322,-0.0005348351551219821,-0.0037768224719911814,0.05544786900281906,-0.00038350690738298,-0.00306805525906384,-0.00076701381476596,0.009204166010022163,0.01035468652844429,-0.0026845482643693686,0.008053644560277462,0.002301041502505541,0.00843715202063322,-0.01380624808371067,0.01418975554406643,-0.02109287865459919,0.026551103219389915,0.047151096165180206,-0.025177771225571632,0.05264442786574364,-0.22614215314388275,0.22659993171691895,-0.14877773821353912,0.299844354391098,-0.015106662176549435,-0.0791955292224884,0.026551103219389915,-0.007782219909131527,0.005912310443818569,-0.007056118920445442,-0.00803257618099451,0.018404722213745117,0.018404722213745117,-0.006891109049320221,0.010293654166162014,-0.01555225532501936,0.0,-0.00013370878878049552,0.0,0.0,0.0,0.0,0.0,0.0,0.0,0.0,0.0,0.0,0.0,0.0,0.0,0.0
20260709_130944_282006,2026-07-09T13:10:28.811,44.529389,policy,1760,policy,0.10799999535083771,0.0,0.10799999535083771,0.0,0.25,0.0,0.25,0.0,0.06,xsens:live,0.009481430985033512,-0.004337017424404621,-0.9999456405639648,0.24850474449239465,0.5432592307360793,0.0,0.5572687983512878,8.685786247253418,18.905582427978516,12,can0:12,24.411907000001065,40.96361664821828,0.5121180000173808,6.256081000003633,12,7.705008029937744,15.974608421325684,,"BL_hip_joint,BR_hip_joint,FL_hip_joint,FR_hip_joint,BL_thigh_joint,BR_thigh_joint,FL_thigh_joint,FR_thigh_joint,BL_calf_joint,BR_calf_joint,FL_calf_joint,FR_calf_joint",330e02f2406e129bb6ed6ec4a6c6bcd5f80d7e7799a2ab087e81eda65d2fae69,"step=001760 mode=policy vx= 0.108 vy= 0.000 vxy= 0.108 yaw= 0.000 speed=0.06 imu=xsens:live tilt_rp=[+0.2,+0.5]deg imu_corr=0.000 act_max= 0.557 tau_cmd= 8.686 tau_cmd_max= 18.906 cmds=12 bus=can0:12 hz=41.0 tx=0.5ms fb_age=6.3ms fb=12 policy_cmd=[ 0.250, 0.000, 0.000] tau_fb= 7.705 tau_fb_max= 15.975",0.0,0.0,0.0,-0.028334559872746468,0.005602091550827026,-0.04144907370209694,0.009481430985033512,-0.004337017424404621,-0.9999456405639648,0.25,0.0,0.0,0.02147638611495495,-0.03183107450604439,-0.002301041502505541,0.039501212537288666,0.07286631315946579,-0.050622910261154175,0.06289513409137726,-0.05445798113942146,0.009587672539055347,-0.012655727565288544,0.013039235025644302,-0.02109287865459919,0.10071108490228653,-0.06179998070001602,0.05310220643877983,-0.05310220643877983,0.11627551913261414,-0.07507553696632385,0.10849329829216003,-0.021973326802253723,-0.03799554333090782,0.0,-0.10116885602474213,-0.02929776906967163,1.0888912677764893,-1.3393653631210327,-0.48628994822502136,1.0850399732589722,1.2850219011306763,-0.5248860716819763,0.7813237309455872,-1.0553278923034668,-1.8525094985961914,-0.07877801358699799,0.02780778706073761,1.920880675315857,0.8851513862609863,-1.378785252571106,-0.5030040144920349,1.2565014362335205,1.458115816116333,-0.5906959772109985,0.8130314946174622,-1.2356417179107666,-1.9438245296478271,-0.17916558682918549,-0.01335027813911438,1.849218487739563,0.2597223222255707,-0.39588555693626404,-0.14441390335559845,0.3576540946960449,0.4155234694480896,-0.16844694316387177,0.2332531064748764,-0.3512307405471802,-0.5572687983512878,-0.04912347346544266,-0.002907878253608942,0.5339100360870361,0.02147638611495495,-0.03183107450604439,-0.002301041502505541,0.039501212537288666,0.07286631315946579,-0.050622910261154175,0.06289513409137726,-0.05445798113942146,0.009587672539055347,-0.012655727565288544,0.013039235025644302,-0.02109287865459919,0.10071108490228653,-0.06179998070001602,0.05310220643877983,-0.05310220643877983,0.11627551913261414,-0.07507553696632385,0.10849329829216003,-0.021973326802253723,-0.03799554333090782,0.0,-0.10116885602474213,-0.02929776906967163,0.06493058055639267,-0.09897138923406601,-0.03610347583889961,0.08941352367401123,0.1038808673620224,-0.04211173579096794,0.0583132766187191,-0.08780768513679504,0.0,-0.012280868366360664,1.734723475976807e-18,0.0,0.0,0.0,0.0,0.0,0.0,0.0,0.0,0.0,0.0,0.0,0.0,0.0
20260709_130944_282006,2026-07-09T13:10:29.353,45.071624,policy,1780,policy,0.10799999535083771,0.0,0.10799999535083771,0.0,0.25,0.0,0.25,0.0,0.06,xsens:live,0.013453412801027298,0.013443276286125183,-0.9998191595077515,-0.7703358903240402,0.7709166698177479,0.0,1.352506399154663,12.74307632446289,30.0,12,can0:12,25.05939899998566,39.90518687222197,0.5395450000378332,6.346371000006457,12,11.255836486816406,23.58470344543457,,"BL_hip_joint,BR_hip_joint,FL_hip_joint,FR_hip_joint,BL_thigh_joint,BR_thigh_joint,FL_thigh_joint,FR_thigh_joint,BL_calf_joint,BR_calf_joint,FL_calf_joint,FR_calf_joint",330e02f2406e129bb6ed6ec4a6c6bcd5f80d7e7799a2ab087e81eda65d2fae69,"step=001780 mode=policy vx= 0.108 vy= 0.000 vxy= 0.108 yaw= 0.000 speed=0.06 imu=xsens:live tilt_rp=[-0.8,+0.8]deg imu_corr=0.000 act_max= 1.353 tau_cmd= 12.743 tau_cmd_max= 30.000 cmds=12 bus=can0:12 hz=39.9 tx=0.5ms fb_age=6.3ms fb=12 policy_cmd=[ 0.250, 0.000, 0.000] tau_fb= 11.256 tau_fb_max= 23.585",0.0,0.0,0.0,-0.05751550570130348,-0.0205993615090847,-0.09429901838302612,0.013453412801027298,0.013443276286125183,-0.9998191595077515,0.25,0.0,0.0,0.04256926476955414,-0.0859055444598198,0.0034515620209276676,0.09165815263986588,0.15838834643363953,-0.09434270113706589,0.1426645666360855,-0.12847481667995453,0.011121700517833233,-0.036049649119377136,0.03221457824110985,-0.026461975648999214,0.0476088747382164,-0.252235472202301,0.095675528049469,0.2375866025686264,0.22797326743602753,0.1670888364315033,0.2069154977798462,-0.16113772988319397,-0.021057771518826485,-0.19455549120903015,-0.04898220673203468,-0.021057771518826485,1.0750359296798706,-1.116708755493164,-0.3536640703678131,0.7478901743888855,0.9799833297729492,-0.2815086543560028,0.6392136812210083,-0.7330321073532104,-1.6097798347473145,-0.08053122460842133,0.19439756870269775,2.056154727935791,0.9340110421180725,-1.1676989793777466,-0.4460464417934418,0.5198417901992798,1.021518588066101,-0.40237969160079956,0.56792151927948,-0.809118926525116,-1.5713329315185547,0.04736251384019852,0.19498848915100098,2.1274032592773438,0.6448514461517334,-0.7864910364151001,-0.29069042205810547,0.38756829500198364,0.6911046504974365,-0.26006510853767395,0.39460691809654236,-0.5443803668022156,-1.0727059841156006,0.013317836448550224,0.13018174469470978,1.352506399154663,0.04256926476955414,-0.0859055444598198,0.0034515620209276676,0.09165815263986588,0.15838834643363953,-0.09434270113706589,0.1426645666360855,-0.12847481667995453,0.011121700517833233,-0.036049649119377136,0.03221457824110985,-0.026461975648999214,0.0476088747382164,-0.252235472202301,0.095675528049469,0.2375866025686264,0.22797326743602753,0.1670888364315033,0.2069154977798462,-0.16113772988319397,-0.021057771518826485,-0.19455549120903015,-0.04898220673203468,-0.021057771518826485,0.14574581384658813,-0.19662275910377502,-0.07267260551452637,0.09689207375049591,0.17277616262435913,-0.06501627713441849,0.09865172952413559,-0.1360950917005539,0.0,0.0,0.032545436173677444,0.0,0.0,0.0,0.0,0.0,0.0,0.0,0.0,0.0,0.0,0.0,0.0,0.0
20260709_130944_282006,2026-07-09T13:10:29.889,45.607145,policy,1800,policy,0.10799999535083771,0.0,0.10799999535083771,0.0,0.25,0.0,0.25,0.0,0.06,xsens:live,0.027827003970742226,0.015682464465498924,-0.9994897842407227,-0.8989239449284651,1.5947718036803746,0.0,1.9612377882003784,21.536619186401367,30.0,12,can0:12,31.245640000008734,32.004465262984546,0.49475299999812705,6.378363999999692,12,11.568346977233887,28.799707412719727,,"BL_hip_joint,BR_hip_joint,FL_hip_joint,FR_hip_joint,BL_thigh_joint,BR_thigh_joint,FL_thigh_joint,FR_thigh_joint,BL_calf_joint,BR_calf_joint,FL_calf_joint,FR_calf_joint",330e02f2406e129bb6ed6ec4a6c6bcd5f80d7e7799a2ab087e81eda65d2fae69,"step=001800 mode=policy vx= 0.108 vy= 0.000 vxy= 0.108 yaw= 0.000 speed=0.06 imu=xsens:live tilt_rp=[-0.9,+1.6]deg imu_corr=0.000 act_max= 1.961 tau_cmd= 21.537 tau_cmd_max= 30.000 cmds=12 bus=can0:12 hz=32.0 tx=0.5ms fb_age=6.4ms fb=12 policy_cmd=[ 0.250, 0.000, 0.000] tau_fb= 11.568 tau_fb_max= 28.800",0.0,0.0,0.0,-0.0023677947465330362,0.07607564330101013,-0.04552603140473366,0.027827003970742226,0.015682464465498924,-0.9994897842407227,0.25,0.0,0.0,0.03106405958533287,-0.18906889855861664,-0.05522499233484268,0.03796718269586563,0.17602966725826263,-0.17411212623119354,0.25234752893447876,-0.2193659543991089,0.18791837990283966,-0.009971179068088531,0.026845483109354973,-0.2024916410446167,0.21698659658432007,-0.143742173910141,-0.43168431520462036,0.1675466150045395,-0.8633686304092407,0.1272621899843216,-0.038453321903944016,-0.22751548886299133,0.05951109528541565,0.17349772155284882,0.010986663401126862,-0.3707998991012573,0.10415299981832504,-0.8480862379074097,-1.0658514499664307,1.1189301013946533,-0.4376707673072815,-0.5243362188339233,1.6484894752502441,0.675929844379425,-0.07615839689970016,0.8731627464294434,-2.124577522277832,-0.27958887815475464,-0.4919584393501282,-0.8888397216796875,-0.8835070729255676,1.439298152923584,-0.1849566549062729,-0.7302820682525635,1.9352504014968872,0.8736822605133057,-0.8115817308425903,0.5771961808204651,-2.269683837890625,-0.24593763053417206,-0.3333663046360016,-0.8799319267272949,-0.9520275592803955,1.2980307340621948,-0.25098177790641785,-0.6572596430778503,1.7839103937149048,0.7875913977622986,-0.5674918293952942,0.6562628149986267,-1.9612377882003784,-0.2843058407306671,0.03106405958533287,-0.18906889855861664,-0.05522499233484268,0.03796718269586563,0.17602966725826263,-0.17411212623119354,0.25234752893447876,-0.2193659543991089,0.18791837990283966,-0.009971179068088531,0.026845483109354973,-0.2024916410446167,0.21698659658432007,-0.143742173910141,-0.43168431520462036,0.1675466150045395,-0.8633686304092407,0.1272621899843216,-0.038453321903944016,-0.22751548886299133,0.05951109528541565,0.17349772155284882,0.010986663401126862,-0.3707998991012573,-0.054472342133522034,-0.21998298168182373,-0.18400722742080688,0.14913979172706604,0.04920951649546623,-0.16431491076946259,0.325051486492157,-0.1580071598291397,0.11647805571556091,0.0,0.0,-0.14973102509975433,0.0,0.0,1.6653345369377348e-16,0.0,3.3306690738754696e-16,0.0,0.0,0.0,1.249000902703301e-16,0.0,0.0,0.0
20260709_130944_282006,2026-07-09T13:10:30.428,46.146334,policy,1820,policy,0.10799999535083771,0.0,0.10799999535083771,0.0,0.25,0.0,0.25,0.0,0.06,xsens:live,0.03100804053246975,0.006359227001667023,-0.9994989037513733,-0.3645346187821412,1.776950625585909,0.0,1.9999830722808838,22.2896785736084,30.0,12,can0:12,24.222488000020803,41.28395068248733,0.5030799999872215,6.417847000022903,12,12.560503959655762,27.74498748779297,,"BL_hip_joint,BR_hip_joint,FL_hip_joint,FR_hip_joint,BL_thigh_joint,BR_thigh_joint,FL_thigh_joint,FR_thigh_joint,BL_calf_joint,BR_calf_joint,FL_calf_joint,FR_calf_joint",330e02f2406e129bb6ed6ec4a6c6bcd5f80d7e7799a2ab087e81eda65d2fae69,"step=001820 mode=policy vx= 0.108 vy= 0.000 vxy= 0.108 yaw= 0.000 speed=0.06 imu=xsens:live tilt_rp=[-0.4,+1.8]deg imu_corr=0.000 act_max= 2.000 tau_cmd= 22.290 tau_cmd_max= 30.000 cmds=12 bus=can0:12 hz=41.3 tx=0.5ms fb_age=6.4ms fb=12 policy_cmd=[ 0.250, 0.000, 0.000] tau_fb= 12.561 tau_fb_max= 27.745",0.0,0.0,0.0,0.18206317722797394,-0.03188401460647583,0.21958430111408234,0.03100804053246975,0.006359227001667023,-0.9994989037513733,0.25,0.0,0.0,0.05177343264222145,-0.2032586634159088,-0.07785189896821976,0.036049649119377136,0.17334511876106262,-0.1185036301612854,0.23202167451381683,-0.18063175678253174,0.16720901429653168,-0.015340276062488556,0.02761249616742134,-0.19021941721439362,-1.114688515663147,-0.05310220643877983,-0.6994842290878296,0.15335550904273987,-0.7795953154563904,-0.10895107686519623,-0.24079103767871857,0.06454664468765259,1.2149418592453003,0.04303110018372536,-0.005493331700563431,-1.6837061643600464,-0.5428182482719421,-1.3340798616409302,-1.780450701713562,0.4116782546043396,-0.7719065546989441,-1.170791745185852,2.018528461456299,0.2661108374595642,0.859045147895813,1.5012260675430298,-2.699784994125366,-0.8815785050392151,0.2533148527145386,-0.8010644316673279,-0.5227644443511963,1.3318986892700195,-0.5368258357048035,-0.7022690773010254,2.462594509124756,0.3961666524410248,0.4513833224773407,1.15801203250885,-2.8689982891082764,-0.48511990904808044,0.07136361300945282,-0.9104260206222534,-0.8307803869247437,1.093889594078064,-0.600037693977356,-0.7816441059112549,1.9301400184631348,0.3551030158996582,0.5838264226913452,1.2360377311706543,-1.9999830722808838,-0.6088057160377502,0.05177343264222145,-0.2032586634159088,-0.07785189896821976,0.036049649119377136,0.17334511876106262,-0.1185036301612854,0.23202167451381683,-0.18063175678253174,0.16720901429653168,-0.015340276062488556,0.02761249616742134,-0.19021941721439362,-1.114688515663147,-0.05310220643877983,-0.6994842290878296,0.15335550904273987,-0.7795953154563904,-0.10895107686519623,-0.24079103767871857,0.06454664468765259,1.2149418592453003,0.04303110018372536,-0.005493331700563431,-1.6837061643600464,0.017840903252363205,-0.22760650515556335,-0.2076950967311859,0.14627614617347717,0.05155200511217117,-0.19541102647781372,0.2925838232040405,-0.10174701362848282,0.16510334610939026,0.0,0.0,-0.2162431925535202,0.0,0.0,0.0,0.0,1.1102230246251565e-16,0.0,0.0,0.0,2.220446049250313e-16,0.0,0.0,0.0
20260709_130944_282006,2026-07-09T13:10:30.970,46.688028,pose,1840,stand,0.0,0.0,0.0,0.0,0.0,0.0,0.0,0.0,0.06,xsens:live,0.027433963492512703,0.03963887691497803,-0.998837411403656,-2.2725912926987695,1.573284329596644,0.04051736742258072,0.16206946969032288,8.651792526245117,22.750347137451172,12,can0:12,31.54580700004317,31.69993400386402,0.5109499999775835,6.362656000021616,12,7.608264446258545,19.611194610595703,,"BL_hip_joint,BR_hip_joint,FL_hip_joint,FR_hip_joint,BL_thigh_joint,BR_thigh_joint,FL_thigh_joint,FR_thigh_joint,BL_calf_joint,BR_calf_joint,FL_calf_joint,FR_calf_joint",330e02f2406e129bb6ed6ec4a6c6bcd5f80d7e7799a2ab087e81eda65d2fae69,"step=001840 mode=stand  vx= 0.000 vy= 0.000 vxy= 0.000 yaw= 0.000 speed=0.06 imu=xsens:live tilt_rp=[-2.3,+1.6]deg imu_corr=0.041 act_max= 0.162 tau_cmd= 8.652 tau_cmd_max= 22.750 cmds=12 bus=can0:12 hz=31.7 tx=0.5ms fb_age=6.4ms fb=12 tau_fb= 7.608 tau_fb_max= 19.611",0.0,0.0,0.0,0.0,0.0,0.0,0.027433963492512703,0.03963887691497803,-0.998837411403656,0.0,0.0,0.0,0.0,0.0,0.0,0.0,0.0,0.0,0.0,0.0,0.0,0.0,0.0,0.0,0.0,0.0,0.0,0.0,0.0,0.0,0.0,0.0,0.0,0.0,0.0,0.0,0.0,0.0,0.0,0.0,0.0,0.0,0.0,0.0,0.0,0.0,0.0,0.0,0.43564552068710327,-0.7700803279876709,-0.2546253800392151,0.8490811586380005,0.2129136025905609,-0.21914300322532654,0.3753683865070343,0.010844141244888306,-1.1531249284744263,0.6235263347625732,-0.6726171970367432,1.0800741910934448,0.16206946969032288,0.09883546829223633,-0.07656548917293549,-0.058245956897735596,-0.04119062423706055,0.033738404512405396,-0.03865882754325867,0.06433108448982239,-0.012025833129882812,-0.07713949680328369,0.07763946056365967,0.05244934558868408,0.046787843108177185,-0.1464996337890625,0.05982707813382149,0.12348922342061996,0.17794720828533173,0.03489912673830986,0.21591438353061676,-0.1986565738916397,0.005369096528738737,-0.1491841822862625,0.27574145793914795,-0.026078470051288605,-0.0791955292224884,0.054475538432598114,0.10116885602474213,-0.13275551795959473,-0.01235999632626772,0.0050355540588498116,0.0315866582095623,-0.008697775192558765,0.05813775956630707,-0.03799554333090782,0.030671102926135063,0.01235999632626772,0.08222086727619171,-0.1345805525779724,0.07866179943084717,0.14401963353157043,0.1359550952911377,0.04205794259905815,0.20130586624145508,-0.14229395985603333,0.0,-0.1326313614845276,0.2603735327720642,0.0,0.0,0.0,0.0,0.0,0.0,0.0,0.0,0.0,0.0,0.0,0.0,0.0
20260709_130944_282006,2026-07-09T13:10:31.513,47.231055,policy,1860,policy,0.10799999535083771,0.0,0.10799999535083771,0.0,0.25,0.0,0.25,0.0,0.06,xsens:live,0.023129532113671303,0.02975502982735634,-0.9992896318435669,-1.7055456132651494,1.3259298897468401,0.0,0.019150476902723312,16.983917236328125,30.0,12,can0:12,24.581859000022632,40.680405822809384,0.4988959999536746,6.293224999978975,12,12.35999584197998,24.66139793395996,,"BL_hip_joint,BR_hip_joint,FL_hip_joint,FR_hip_joint,BL_thigh_joint,BR_thigh_joint,FL_thigh_joint,FR_thigh_joint,BL_calf_joint,BR_calf_joint,FL_calf_joint,FR_calf_joint",330e02f2406e129bb6ed6ec4a6c6bcd5f80d7e7799a2ab087e81eda65d2fae69,"step=001860 mode=policy vx= 0.108 vy= 0.000 vxy= 0.108 yaw= 0.000 speed=0.06 imu=xsens:live tilt_rp=[-1.7,+1.3]deg imu_corr=0.000 act_max= 0.019 tau_cmd= 16.984 tau_cmd_max= 30.000 cmds=12 bus=can0:12 hz=40.7 tx=0.5ms fb_age=6.3ms fb=12 policy_cmd=[ 0.250, 0.000, 0.000] tau_fb= 12.360 tau_fb_max= 24.661",0.0,0.0,0.0,0.02654865011572838,-0.016658009961247444,-0.026769932359457016,0.023129532113671303,0.02975502982735634,-0.9992896318435669,0.25,0.0,0.0,0.023777427151799202,-0.09472620487213135,0.009204166010022163,0.04180225357413292,0.12463974207639694,0.06596318632364273,0.12924182415008545,-0.1464996337890625,0.004602083005011082,-0.08437151461839676,0.16222341358661652,-0.019175345078110695,0.04852443188428879,0.4115420877933502,-0.2929776906967163,-0.5795465111732483,-0.32868435978889465,0.16205328702926636,-0.5236976146697998,0.1194799616932869,-0.004577776417136192,0.6239508986473083,-1.0222175121307373,0.04852443188428879,0.24204330146312714,-0.5858422517776489,-1.5432130098342896,0.9738335609436035,0.22018477320671082,-0.912124514579773,1.794547438621521,-0.9861946702003479,1.5763118267059326,1.7051022052764893,-3.2483022212982178,-1.5132880210876465,0.22064271569252014,-0.55059415102005,-1.6979787349700928,1.1090478897094727,0.24434933066368103,-0.9208475947380066,1.8082889318466187,-0.9998598098754883,1.6131377220153809,1.7102336883544922,-3.1920084953308105,-1.4843533039093018,0.0021131299436092377,-0.005272768437862396,-0.01625550165772438,0.010616734623908997,0.0023392278235405684,-0.008817160502076149,0.017314527183771133,-0.009573626331984997,0.015445450320839882,0.016375795006752014,-0.019150476902723312,-0.014213602989912033,0.023777427151799202,-0.09472620487213135,0.009204166010022163,0.04180225357413292,0.12463974207639694,0.06596318632364273,0.12924182415008545,-0.1464996337890625,0.004602083005011082,-0.08437151461839676,0.16222341358661652,-0.019175345078110695,0.04852443188428879,0.4115420877933502,-0.2929776906967163,-0.5795465111732483,-0.32868435978889465,0.16205328702926636,-0.5236976146697998,0.1194799616932869,-0.004577776417136192,0.6239508986473083,-1.0222175121307373,0.04852443188428879,0.0005282824859023094,-0.001318192109465599,-0.004063875414431095,0.002654183655977249,0.029904726892709732,0.0006761745898984373,0.02280452661216259,-0.06431847810745239,0.0038613625802099705,0.0,0.025871124118566513,-0.0035534007474780083,0.0,0.0,0.0,0.0,0.0,0.0,0.0,0.0,0.0,0.0,0.0,0.0
20260709_130944_282006,2026-07-09T13:10:32.047,47.765810,policy,1880,policy,0.10799999535083771,0.0,0.10799999535083771,0.0,0.25,0.0,0.25,0.0,0.06,xsens:live,0.001888177590444684,-0.015743345022201538,-0.9998743534088135,0.9020660357099166,0.10819807302355725,0.0,0.3085140585899353,9.311739921569824,30.0,12,can0:12,24.42139700002599,40.94769844652768,0.5117000000041116,7.807236000019202,12,7.857905864715576,23.74584197998047,,"BL_hip_joint,BR_hip_joint,FL_hip_joint,FR_hip_joint,BL_thigh_joint,BR_thigh_joint,FL_thigh_joint,FR_thigh_joint,BL_calf_joint,BR_calf_joint,FL_calf_joint,FR_calf_joint",330e02f2406e129bb6ed6ec4a6c6bcd5f80d7e7799a2ab087e81eda65d2fae69,"step=001880 mode=policy vx= 0.108 vy= 0.000 vxy= 0.108 yaw= 0.000 speed=0.06 imu=xsens:live tilt_rp=[+0.9,+0.1]deg imu_corr=0.000 act_max= 0.309 tau_cmd= 9.312 tau_cmd_max= 30.000 cmds=12 bus=can0:12 hz=40.9 tx=0.5ms fb_age=7.8ms fb=12 policy_cmd=[ 0.250, 0.000, 0.000] tau_fb= 7.858 tau_fb_max= 23.746",0.0,0.0,0.0,-0.02919137105345726,0.0029973681084811687,0.029969962313771248,0.001888177590444684,-0.015743345022201538,-0.9998743534088135,0.25,0.0,0.0,-0.006903124041855335,-0.04985589534044266,-0.0494723916053772,0.0410352386534214,-0.00421857601031661,0.11812012642621994,0.019175345078110695,-0.03413211554288864,0.012655727565288544,-0.03106405958533287,0.014956769533455372,-0.014956769533455372,-0.05767998471856117,-0.05310220643877983,-0.03250221163034439,0.10940885543823242,0.08789330720901489,-0.17715995013713837,0.14831995964050293,-0.1263466328382492,-0.038453321903944016,-0.06958220154047012,0.0238044373691082,0.026551103219389915,-0.09235978871583939,-1.064060926437378,-1.364425539970398,1.5730845928192139,0.8380579352378845,-0.8651552200317383,1.3310494422912598,-0.7134132981300354,-0.7167079448699951,1.3845746517181396,-1.491112470626831,0.38438478112220764,-0.10969136655330658,-1.1222127676010132,-1.3973337411880493,1.4862236976623535,0.8212946653366089,-0.846673846244812,1.298455834388733,-0.7266603112220764,-0.7302178144454956,1.3968642950057983,-1.4695940017700195,0.4033224582672119,-0.02248704433441162,-0.231455460190773,-0.2887172996997833,0.3085140585899353,0.1701110452413559,-0.17543640732765198,0.26908984780311584,-0.1501670777797699,-0.15085944533348083,0.28888604044914246,-0.3043617308139801,0.08318478614091873,-0.006903124041855335,-0.04985589534044266,-0.0494723916053772,0.0410352386534214,-0.00421857601031661,0.11812012642621994,0.019175345078110695,-0.03413211554288864,0.012655727565288544,-0.03106405958533287,0.014956769533455372,-0.014956769533455372,-0.05767998471856117,-0.05310220643877983,-0.03250221163034439,0.10940885543823242,0.08789330720901489,-0.17715995013713837,0.14831995964050293,-0.1263466328382492,-0.038453321903944016,-0.06958220154047012,0.0238044373691082,0.026551103219389915,-0.005621761083602905,-0.05786386504769325,-0.07217932492494583,0.07712851464748383,0.042527761310338974,0.0324777290225029,0.06727246195077896,-0.037541769444942474,0.0,0.0,0.0,0.0,0.0,0.0,0.0,0.0,0.0,0.0,0.0,0.0,0.0,0.0,0.0,0.0
20260709_130944_282006,2026-07-09T13:10:32.577,48.295770,policy,1900,policy,0.10799999535083771,0.0,0.10799999535083771,0.0,0.25,0.0,0.25,0.0,0.06,xsens:live,0.01382440235465765,-0.004979810677468777,-0.9998921155929565,0.2853505604736036,0.7921149017444719,0.0,1.1520369052886963,19.498815536499023,30.0,12,can0:12,30.80878200000825,32.458277643034776,0.500022999972316,6.311103999962597,12,17.915279388427734,32.49855041503906,,"BL_hip_joint,BR_hip_joint,FL_hip_joint,FR_hip_joint,BL_thigh_joint,BR_thigh_joint,FL_thigh_joint,FR_thigh_joint,BL_calf_joint,BR_calf_joint,FL_calf_joint,FR_calf_joint",330e02f2406e129bb6ed6ec4a6c6bcd5f80d7e7799a2ab087e81eda65d2fae69,"step=001900 mode=policy vx= 0.108 vy= 0.000 vxy= 0.108 yaw= 0.000 speed=0.06 imu=xsens:live tilt_rp=[+0.3,+0.8]deg imu_corr=0.000 act_max= 1.152 tau_cmd= 19.499 tau_cmd_max= 30.000 cmds=12 bus=can0:12 hz=32.5 tx=0.5ms fb_age=6.3ms fb=12 policy_cmd=[ 0.250, 0.000, 0.000] tau_fb= 17.915 tau_fb_max= 32.499",0.0,0.0,0.0,0.0769011601805687,0.045948468148708344,-0.10343045741319656,0.01382440235465765,-0.004979810677468777,-0.9998921155929565,0.25,0.0,0.0,-0.0034515620209276676,-0.11236751824617386,-0.09510970860719681,0.037200167775154114,0.08322099596261978,0.008820658549666405,0.15340276062488556,-0.1380624771118164,0.06481266766786575,-0.0279960036277771,0.03183107450604439,-0.10776543617248535,-0.041657764464616776,-0.08331552892923355,-0.19455549120903015,-0.1185644119977951,0.10620441287755966,-0.12955106794834137,0.1826532781124115,-0.10986663401126862,0.030671102926135063,-0.031128879636526108,0.05172887444496155,-0.110782191157341,0.17427626252174377,-1.567065715789795,-1.5851843357086182,0.4194222688674927,-0.0913073718547821,-0.8529457449913025,2.059170722961426,-0.037178151309490204,0.3852803111076355,1.460007667541504,-2.5127675533294678,-0.7990362644195557,0.17966362833976746,-1.6356861591339111,-1.6155601739883423,0.38543152809143066,-0.09506091475486755,-0.8413040041923523,2.104952573776245,0.007413715124130249,0.3466517925262451,1.4548171758651733,-2.459907054901123,-0.7077505588531494,0.10347418487071991,-0.9341617226600647,-0.9261431097984314,0.2257556915283203,-0.05386099964380264,-0.4845075309276581,1.1519343852996826,-0.0011272382689639926,0.20445196330547333,0.8385875821113586,-1.1520369052886963,-0.4168145954608917,-0.0034515620209276676,-0.11236751824617386,-0.09510970860719681,0.037200167775154114,0.08322099596261978,0.008820658549666405,0.15340276062488556,-0.1380624771118164,0.06481266766786575,-0.0279960036277771,0.03183107450604439,-0.10776543617248535,-0.041657764464616776,-0.08331552892923355,-0.19455549120903015,-0.1185644119977951,0.10620441287755966,-0.12955106794834137,0.1826532781124115,-0.10986663401126862,0.030671102926135063,-0.031128879636526108,0.05172887444496155,-0.110782191157341,0.025868546217679977,-0.2179245799779892,-0.20808294415473938,0.05643892288208008,0.014582626521587372,-0.07396484166383743,0.2393748015165329,-0.06964387744665146,0.05111299082636833,0.0,0.0,-0.10420364886522293,0.0,0.0,0.0,0.0,0.0,0.0,0.0,0.0,0.0,0.0,0.0,0.0
20260709_130944_282006,2026-07-09T13:10:33.110,48.828147,policy,1920,policy,0.10799999535083771,0.0,0.10799999535083771,0.0,0.25,0.0,0.25,0.0,0.06,xsens:live,0.03040839359164238,0.014015309512615204,-0.9994392991065979,-0.803415928216387,1.7427124413867277,0.0,1.859580397605896,18.003639221191406,30.0,12,can0:12,25.20701100002043,39.67150250377522,0.8955929999956425,6.748253000012028,12,15.478985786437988,34.64461135864258,,"BL_hip_joint,BR_hip_joint,FL_hip_joint,FR_hip_joint,BL_thigh_joint,BR_thigh_joint,FL_thigh_joint,FR_thigh_joint,BL_calf_joint,BR_calf_joint,FL_calf_joint,FR_calf_joint",330e02f2406e129bb6ed6ec4a6c6bcd5f80d7e7799a2ab087e81eda65d2fae69,"step=001920 mode=policy vx= 0.108 vy= 0.000 vxy= 0.108 yaw= 0.000 speed=0.06 imu=xsens:live tilt_rp=[-0.8,+1.7]deg imu_corr=0.000 act_max= 1.860 tau_cmd= 18.004 tau_cmd_max= 30.000 cmds=12 bus=can0:12 hz=39.7 tx=0.9ms fb_age=6.7ms fb=12 policy_cmd=[ 0.250, 0.000, 0.000] tau_fb= 15.479 tau_fb_max= 34.645",0.0,0.0,0.0,-0.16378168761730194,0.03042444959282875,0.10203199088573456,0.03040839359164238,0.014015309512615204,-0.9994392991065979,0.25,0.0,0.0,0.09932828694581985,-0.11773661524057388,0.026845483109354973,0.11620259284973145,0.046787843108177185,-0.08513852953910828,0.2070937305688858,-0.1165860965847969,0.032981593161821365,-0.047554854303598404,0.14573262631893158,-0.04985589534044266,-0.08835108578205109,-0.20142216980457306,0.269631028175354,0.2613910436630249,0.24079103767871857,-0.06546220183372498,-0.7626575231552124,-0.48799097537994385,-0.15518662333488464,-0.5813776254653931,0.3488265573978424,0.17761772871017456,1.4858760833740234,-0.6686691045761108,-0.016950948163866997,1.000440239906311,1.252875804901123,-0.17341260612010956,0.29161402583122253,-0.695555567741394,-1.9234660863876343,-0.20774094760417938,0.7464616298675537,2.0475313663482666,1.706760287284851,-0.5795199871063232,0.0028635449707508087,0.5583121180534363,0.8111624717712402,-0.05243469029664993,0.14550341665744781,-0.4833439588546753,-1.6028409004211426,0.07732082903385162,0.5418564081192017,2.068049669265747,1.522526741027832,-0.5659792423248291,0.004823368974030018,0.6507076025009155,0.8789835572242737,-0.08653800189495087,0.1715945303440094,-0.5098012685775757,-1.568223237991333,0.0036847388837486506,0.5499586462974548,1.859580397605896,0.09932828694581985,-0.11773661524057388,0.026845483109354973,0.11620259284973145,0.046787843108177185,-0.08513852953910828,0.2070937305688858,-0.1165860965847969,0.032981593161821365,-0.047554854303598404,0.14573262631893158,-0.04985589534044266,-0.08835108578205109,-0.20142216980457306,0.269631028175354,0.2613910436630249,0.24079103767871857,-0.06546220183372498,-0.7626575231552124,-0.48799097537994385,-0.15518662333488464,-0.5813776254653931,0.3488265573978424,0.17761772871017456,0.19344060122966766,-0.14149481058120728,0.0012058422435075045,0.16267690062522888,0.13624858856201172,-0.021634500473737717,0.08631701022386551,-0.12745031714439392,0.0,-0.007430502213537693,0.1374896615743637,0.0,-1.3877787807814457e-16,0.0,0.0,0.0,-3.608224830031759e-16,0.0,0.0,0.0,0.0,0.0,0.0,0.0
20260709_130944_282006,2026-07-09T13:10:33.652,49.370303,policy,1940,policy,0.10799999535083771,0.0,0.10799999535083771,0.0,0.25,0.0,0.25,0.0,0.06,xsens:live,0.03434304520487785,0.007124114781618118,-0.9993847012519836,-0.4084261000429116,1.9681485383119208,0.0,1.9670933485031128,20.6095027923584,30.0,12,can0:12,25.174823999975615,39.72222407596449,0.9507540000299741,6.778872999973373,12,13.600878715515137,32.103031158447266,,"BL_hip_joint,BR_hip_joint,FL_hip_joint,FR_hip_joint,BL_thigh_joint,BR_thigh_joint,FL_thigh_joint,FR_thigh_joint,BL_calf_joint,BR_calf_joint,FL_calf_joint,FR_calf_joint",330e02f2406e129bb6ed6ec4a6c6bcd5f80d7e7799a2ab087e81eda65d2fae69,"step=001940 mode=policy vx= 0.108 vy= 0.000 vxy= 0.108 yaw= 0.000 speed=0.06 imu=xsens:live tilt_rp=[-0.4,+2.0]deg imu_corr=0.000 act_max= 1.967 tau_cmd= 20.610 tau_cmd_max= 30.000 cmds=12 bus=can0:12 hz=39.7 tx=1.0ms fb_age=6.8ms fb=12 policy_cmd=[ 0.250, 0.000, 0.000] tau_fb= 13.601 tau_fb_max= 32.103",0.0,0.0,0.0,-0.14830976724624634,0.007954984903335571,-0.3159150779247284,0.03434304520487785,0.007124114781618118,-0.9993847012519836,0.25,0.0,0.0,-0.026845483109354973,-0.18216577172279358,-0.07209929823875427,0.06404565274715424,0.023010414093732834,-0.060594089329242706,0.26538679003715515,-0.2051761895418167,0.18830189108848572,-0.019558852538466454,0.014956769533455372,-0.22511854767799377,-1.0020753145217896,-0.3259376883506775,-0.2371288239955902,-0.24216437339782715,-1.227759599685669,0.05813775956630707,0.16891995072364807,-0.00045777764171361923,-0.44724875688552856,-0.11169774830341339,0.007782219909131527,-0.33783990144729614,-0.16687007248401642,-1.9074324369430542,-1.3158347606658936,-0.2188839465379715,-0.44184303283691406,-0.8288232088088989,0.8716517090797424,0.4529406428337097,-0.9016108512878418,1.1217997074127197,-1.3954946994781494,0.032111313194036484,-0.48057007789611816,-2.0498569011688232,-1.057909369468689,-0.2092890441417694,-0.10953254997730255,-1.1052738428115845,0.9288617372512817,0.12549692392349243,-1.922079086303711,0.8110994696617126,-0.9900010824203491,0.27570393681526184,-0.4147215485572815,-1.9670933485031128,-1.1359643936157227,-0.1780857890844345,-0.21520063281059265,-1.0291379690170288,0.915524423122406,0.2026510238647461,-1.598822832107544,0.9031193852424622,-1.1291556358337402,0.15071958303451538,-0.026845483109354973,-0.18216577172279358,-0.07209929823875427,0.06404565274715424,0.023010414093732834,-0.060594089329242706,0.26538679003715515,-0.2051761895418167,0.18830189108848572,-0.019558852538466454,0.014956769533455372,-0.22511854767799377,-1.0020753145217896,-0.3259376883506775,-0.2371288239955902,-0.24216437339782715,-1.227759599685669,0.05813775956630707,0.16891995072364807,-0.00045777764171361923,-0.44724875688552856,-0.11169774830341339,0.007782219909131527,-0.33783990144729614,-0.10368038713932037,-0.30389806628227234,-0.18791082501411438,-0.04452144727110863,-0.05380015820264816,-0.13211682438850403,0.2288811057806015,-0.13019222021102905,0.08645210415124893,0.0,0.0,-0.17038007080554962,0.0,0.0,0.0,0.0,0.0,2.914335439641036e-16,0.0,-2.7706786517867066e-16,0.0,0.0,0.0,-1.1102230246251565e-16
20260709_130944_282006,2026-07-09T13:10:34.186,49.904073,policy,1960,policy,0.10799999535083771,0.0,0.10799999535083771,0.0,0.25,0.0,0.25,0.0,0.06,xsens:live,0.029498256742954254,0.04679645225405693,-0.998468816280365,-2.6833873228888594,1.692225255460548,0.0,1.840793251991272,16.821853637695312,30.0,12,can0:12,29.999606999979278,33.33377000574343,0.5092509999826689,6.318410999995194,12,9.688711166381836,24.1926326751709,,"BL_hip_joint,BR_hip_joint,FL_hip_joint,FR_hip_joint,BL_thigh_joint,BR_thigh_joint,FL_thigh_joint,FR_thigh_joint,BL_calf_joint,BR_calf_joint,FL_calf_joint,FR_calf_joint",330e02f2406e129bb6ed6ec4a6c6bcd5f80d7e7799a2ab087e81eda65d2fae69,"step=001960 mode=policy vx= 0.108 vy= 0.000 vxy= 0.108 yaw= 0.000 speed=0.06 imu=xsens:live tilt_rp=[-2.7,+1.7]deg imu_corr=0.000 act_max= 1.841 tau_cmd= 16.822 tau_cmd_max= 30.000 cmds=12 bus=can0:12 hz=33.3 tx=0.5ms fb_age=6.3ms fb=12 policy_cmd=[ 0.250, 0.000, 0.000] tau_fb= 9.689 tau_fb_max= 24.193",0.0,0.0,0.0,0.4376314580440521,-0.11615157127380371,-0.3399282991886139,0.029498256742954254,0.04679645225405693,-0.998468816280365,0.25,0.0,0.0,0.05982707813382149,-0.23739077150821686,0.01227222103625536,0.09434270113706589,0.1921369582414627,-0.07286631315946579,0.25158053636550903,-0.21322983503341675,0.0057526035234332085,-0.03144756704568863,0.05829304829239845,-0.036049649119377136,0.5255287289619446,-0.7466353178024292,-0.8217108845710754,-0.8148441910743713,-0.18768882751464844,-0.4376354217529297,-0.14145329594612122,-0.1194799616932869,-0.10986663401126862,0.3424176871776581,0.47883540391921997,-0.040742211043834686,0.9221186637878418,-1.3069639205932617,-0.7889783382415771,-0.916388988494873,0.4489791691303253,-0.49331018328666687,-0.04372367635369301,-0.9730033278465271,-1.2605469226837158,0.9085060954093933,0.47242769598960876,2.3040671348571777,0.24524956941604614,-1.4088118076324463,-0.5983283519744873,-0.49511921405792236,0.5498867630958557,-0.5746363401412964,0.21613872051239014,-0.9661540389060974,-1.272031307220459,0.9463050961494446,-0.32648444175720215,1.7902969121932983,0.3877359628677368,-1.3872586488723755,-0.6509246230125427,-0.5927356481552124,0.5203344225883484,-0.550449788570404,0.14081037044525146,-0.9753836393356323,-1.263840675354004,0.9268513321876526,-0.12828433513641357,1.840793251991272,0.05982707813382149,-0.23739077150821686,0.01227222103625536,0.09434270113706589,0.1921369582414627,-0.07286631315946579,0.25158053636550903,-0.21322983503341675,0.0057526035234332085,-0.03144756704568863,0.05829304829239845,-0.036049649119377136,0.5255287289619446,-0.7466353178024292,-0.8217108845710754,-0.8148441910743713,-0.18768882751464844,-0.4376354217529297,-0.14145329594612122,-0.1194799616932869,-0.10986663401126862,0.3424176871776581,0.47883540391921997,-0.040742211043834686,0.0969339907169342,-0.34681466221809387,-0.14251244068145752,-0.059984173625707626,0.1300836056470871,-0.137612447142601,0.16808080673217773,-0.24384590983390808,0.0,0.0,0.016578994691371918,0.0,0.0,0.0,1.1102230246251565e-16,1.1102230246251565e-16,0.0,0.0,0.0,0.0,0.0,0.0,0.0,0.0
20260709_130944_282006,2026-07-09T13:10:34.716,50.434862,policy,1980,policy,0.10799999535083771,0.0,0.10799999535083771,0.0,0.25,0.0,0.25,0.0,0.06,xsens:live,0.06519599258899689,0.05145274102687836,-0.9965450763702393,-2.9556209436091905,3.7430715868305624,0.0,1.9999198913574219,24.53230857849121,30.0,12,can0:12,24.598461999971732,40.652948139649915,0.5087069999945015,6.327338000005511,12,14.0629301071167,33.54960632324219,,"BL_hip_joint,BR_hip_joint,FL_hip_joint,FR_hip_joint,BL_thigh_joint,BR_thigh_joint,FL_thigh_joint,FR_thigh_joint,BL_calf_joint,BR_calf_joint,FL_calf_joint,FR_calf_joint",330e02f2406e129bb6ed6ec4a6c6bcd5f80d7e7799a2ab087e81eda65d2fae69,"step=001980 mode=policy vx= 0.108 vy= 0.000 vxy= 0.108 yaw= 0.000 speed=0.06 imu=xsens:live tilt_rp=[-3.0,+3.7]deg imu_corr=0.000 act_max= 2.000 tau_cmd= 24.532 tau_cmd_max= 30.000 cmds=12 bus=can0:12 hz=40.7 tx=0.5ms fb_age=6.3ms fb=12 policy_cmd=[ 0.250, 0.000, 0.000] tau_fb= 14.063 tau_fb_max= 33.550",0.0,0.0,0.0,-0.0612989142537117,-0.13644249737262726,0.14518429338932037,0.06519599258899689,0.05145274102687836,-0.9965450763702393,0.25,0.0,0.0,0.07133228331804276,-0.1986565738916397,0.04065173119306564,0.08245398104190826,0.009204166010022163,-0.032981593161821365,0.32406333088874817,-0.24275986850261688,0.1445821076631546,-0.14611612260341644,0.15838834643363953,-0.20210812985897064,0.015106662176549435,0.07782220095396042,0.3254798948764801,0.3337199091911316,-0.14740440249443054,0.5346843004226685,-0.0119022186845541,-1.0588396787643433,-0.19638660550117493,-1.3760795593261719,1.2941373586654663,0.4353465437889099,0.4124026894569397,0.012139678001403809,0.22471892833709717,0.99705970287323,1.0098096132278442,-0.03371807560324669,-0.05281946435570717,-0.17642149329185486,-1.9661386013031006,-0.5947548747062683,2.13285231590271,2.939005136489868,0.9089752435684204,0.1851952075958252,0.19886848330497742,0.5200065970420837,0.6618932485580444,0.1382596790790558,-0.36813706159591675,0.3762364387512207,-1.6934601068496704,-0.0604710727930069,1.6492334604263306,2.9577462673187256,0.7323933839797974,0.10721821337938309,0.20117945969104767,0.6526874303817749,0.7737342715263367,0.09377355873584747,-0.2818921208381653,0.17126262187957764,-1.7637101411819458,-0.21191295981407166,1.7367295026779175,1.9999198913574219,0.07133228331804276,-0.1986565738916397,0.04065173119306564,0.08245398104190826,0.009204166010022163,-0.032981593161821365,0.32406333088874817,-0.24275986850261688,0.1445821076631546,-0.14611612260341644,0.15838834643363953,-0.20210812985897064,0.015106662176549435,0.07782220095396042,0.3254798948764801,0.3337199091911316,-0.14740440249443054,0.5346843004226685,-0.0119022186845541,-1.0588396787643433,-0.19638660550117493,-1.3760795593261719,1.2941373586654663,0.4353465437889099,0.1506619155406952,-0.09346575289964676,0.05029486492276192,0.16317185759544373,0.07537022233009338,0.02344338968396187,0.24833765625953674,-0.231286883354187,0.05778596177697182,-0.1536799520254135,0.3110579252243042,-0.10097257792949677,0.0,0.0,0.0,0.0,0.0,0.0,0.0,0.0,0.0,0.0,0.0,0.0
20260709_130944_282006,2026-07-09T13:10:35.261,50.979546,policy,2000,policy,0.10799999535083771,0.0,0.10799999535083771,0.0,0.25,0.0,0.25,0.0,0.06,xsens:live,0.08018282055854797,0.03173872455954552,-0.9962748289108276,-1.824677381034784,4.6013971355929275,0.0,1.9644033908843994,23.013029098510742,30.0,12,can0:12,24.97857999998132,40.0343013894604,0.49665100004858687,6.335963000026368,12,10.38117504119873,28.0269775390625,,"BL_hip_joint,BR_hip_joint,FL_hip_joint,FR_hip_joint,BL_thigh_joint,BR_thigh_joint,FL_thigh_joint,FR_thigh_joint,BL_calf_joint,BR_calf_joint,FL_calf_joint,FR_calf_joint",330e02f2406e129bb6ed6ec4a6c6bcd5f80d7e7799a2ab087e81eda65d2fae69,"step=002000 mode=policy vx= 0.108 vy= 0.000 vxy= 0.108 yaw= 0.000 speed=0.06 imu=xsens:live tilt_rp=[-1.8,+4.6]deg imu_corr=0.000 act_max= 1.964 tau_cmd= 23.013 tau_cmd_max= 30.000 cmds=12 bus=can0:12 hz=40.0 tx=0.5ms fb_age=6.3ms fb=12 policy_cmd=[ 0.250, 0.000, 0.000] tau_fb= 10.381 tau_fb_max= 28.027",0.0,0.0,0.0,0.2906076908111572,0.1861848384141922,0.2803691029548645,0.08018282055854797,0.03173872455954552,-0.9962748289108276,0.25,0.0,0.0,-0.023393921554088593,-0.2600176930427551,0.06788071990013123,0.03413211554288864,-0.036433156579732895,-0.08283749222755432,0.3919440507888794,-0.34592321515083313,0.02837951108813286,-0.08743957430124283,0.1204211637377739,-0.2278030961751938,0.3634754419326782,0.2851954698562622,0.8185064196586609,-0.2142399400472641,0.26642659306526184,-0.11032441258430481,-0.0796533077955246,-0.00595110934227705,-0.3415021300315857,-1.044190764427185,0.8047730922698975,0.49714651703834534,-0.11438591778278351,-0.4076652526855469,0.4239856004714966,1.0954033136367798,0.582685112953186,-0.3724271059036255,-0.22942405939102173,-0.34778860211372375,-1.6336978673934937,-0.9872727990150452,2.169100761413574,1.793709397315979,0.781708300113678,-0.11193161457777023,0.23670127987861633,1.6827306747436523,0.34405606985092163,-0.340192049741745,0.1029079407453537,0.07104983180761337,-1.216445803642273,-0.7009302377700806,1.9543462991714478,1.932584524154663,0.609321117401123,-0.21843799948692322,0.2940453886985779,1.4687602519989014,0.3683110475540161,-0.3431323170661926,0.011506542563438416,0.0031431280076503754,-1.2863872051239014,-0.768936276435852,1.9644033908843994,1.9098238945007324,-0.023393921554088593,-0.2600176930427551,0.06788071990013123,0.03413211554288864,-0.036433156579732895,-0.08283749222755432,0.3919440507888794,-0.34592321515083313,0.02837951108813286,-0.08743957430124283,0.1204211637377739,-0.2278030961751938,0.3634754419326782,0.2851954698562622,0.8185064196586609,-0.2142399400472641,0.26642659306526184,-0.11032441258430481,-0.0796533077955246,-0.00595110934227705,-0.3415021300315857,-1.044190764427185,0.8047730922698975,0.49714651703834534,0.10084093362092972,-0.1410016268491745,0.07351134717464447,0.11985163390636444,0.0545659177005291,-0.08578307926654816,0.31215280294418335,-0.27126890420913696,0.0,-0.192234069108963,0.24372513592243195,-0.12295906990766525,0.0,0.0,0.0,0.0,0.0,0.0,2.636779683484747e-16,-3.452099717193846e-16,0.0,0.0,0.0,-1.6653345369377348e-16
20260709_130944_282006,2026-07-09T13:10:35.805,51.523575,pose,2020,stand,0.0,0.0,0.0,0.0,0.0,0.0,0.0,0.0,0.06,xsens:live,0.0716792568564415,0.006959944497793913,-0.9974034428596497,-0.3998070949517971,4.110543649863856,0.02406863123178482,0.09627452492713928,8.294200897216797,30.0,12,can0:12,25.13392399998793,39.78686336445038,0.5153049999648829,6.294432000004235,12,7.004913330078125,26.70857810974121,,"BL_hip_joint,BR_hip_joint,FL_hip_joint,FR_hip_joint,BL_thigh_joint,BR_thigh_joint,FL_thigh_joint,FR_thigh_joint,BL_calf_joint,BR_calf_joint,FL_calf_joint,FR_calf_joint",330e02f2406e129bb6ed6ec4a6c6bcd5f80d7e7799a2ab087e81eda65d2fae69,"step=002020 mode=stand  vx= 0.000 vy= 0.000 vxy= 0.000 yaw= 0.000 speed=0.06 imu=xsens:live tilt_rp=[-0.4,+4.1]deg imu_corr=0.024 act_max= 0.096 tau_cmd= 8.294 tau_cmd_max= 30.000 cmds=12 bus=can0:12 hz=39.8 tx=0.5ms fb_age=6.3ms fb=12 tau_fb= 7.005 tau_fb_max= 26.709",0.0,0.0,0.0,0.0,0.0,0.0,0.0716792568564415,0.006959944497793913,-0.9974034428596497,0.0,0.0,0.0,0.0,0.0,0.0,0.0,0.0,0.0,0.0,0.0,0.0,0.0,0.0,0.0,0.0,0.0,0.0,0.0,0.0,0.0,0.0,0.0,0.0,0.0,0.0,0.0,0.0,0.0,0.0,0.0,0.0,0.0,0.0,0.0,0.0,0.0,0.0,0.0,0.3698505759239197,-0.930090069770813,-0.161734938621521,0.866356372833252,0.2494291216135025,-0.24585780501365662,0.3809145390987396,-0.014174535870552063,-1.1576610803604126,0.6468601226806641,-0.7219599485397339,1.0325435400009155,0.09627452492713928,-0.06117427349090576,0.016324952244758606,-0.04097074270248413,-0.0046751052141189575,0.007023602724075317,-0.033112674951553345,0.03931240364909172,-0.01656198501586914,-0.05380570888519287,0.028296709060668945,0.004918694496154785,0.16912654042243958,-0.14074702560901642,0.03489912673830986,0.01035468652844429,0.0690312385559082,-0.022626906633377075,0.3217622935771942,-0.2872466742992401,0.012655727565288544,-0.07209929823875427,0.299518883228302,-0.018408332020044327,-0.013733329251408577,0.020142216235399246,0.10391552746295929,0.012817773967981339,0.03021332435309887,0.06729331612586975,0.016937773674726486,-0.02151555009186268,0.04531998559832573,0.007324442267417908,-0.1744132786989212,-0.03250221163034439,0.1550087332725525,-0.11815543472766876,0.03652102127671242,0.04011046886444092,0.07196579873561859,-0.02360830456018448,0.24776723980903625,-0.21621066331863403,0.0,-0.06957101076841354,0.28053873777389526,-0.002452552318572998,0.0,0.0,0.0,0.0,0.0,0.0,0.0,0.0,0.0,0.0,0.0,0.0
20260709_130944_282006,2026-07-09T13:10:36.347,52.065571,policy,2040,policy,0.10799999535083771,0.0,0.10799999535083771,0.0,0.25,0.0,0.25,0.0,0.06,xsens:live,0.03259437903761864,-0.014401841908693314,-0.999364972114563,0.8256319425005002,1.8680448496557827,0.0,0.14007079601287842,12.064735412597656,30.0,12,can0:12,25.06410300003381,39.89769751579185,0.49889699999994264,6.433506000007583,12,10.567949295043945,29.942319869995117,,"BL_hip_joint,BR_hip_joint,FL_hip_joint,FR_hip_joint,BL_thigh_joint,BR_thigh_joint,FL_thigh_joint,FR_thigh_joint,BL_calf_joint,BR_calf_joint,FL_calf_joint,FR_calf_joint",330e02f2406e129bb6ed6ec4a6c6bcd5f80d7e7799a2ab087e81eda65d2fae69,"step=002040 mode=policy vx= 0.108 vy= 0.000 vxy= 0.108 yaw= 0.000 speed=0.06 imu=xsens:live tilt_rp=[+0.8,+1.9]deg imu_corr=0.000 act_max= 0.140 tau_cmd= 12.065 tau_cmd_max= 30.000 cmds=12 bus=can0:12 hz=39.9 tx=0.5ms fb_age=6.4ms fb=12 policy_cmd=[ 0.250, 0.000, 0.000] tau_fb= 10.568 tau_fb_max= 29.942",0.0,0.0,0.0,-0.2484143227338791,-0.2218470275402069,-0.4932180643081665,0.03259437903761864,-0.014401841908693314,-0.999364972114563,0.25,0.0,0.0,0.013039235025644302,-0.0709487795829773,0.004602083005011082,-0.009971179068088531,-0.00038350690738298,0.029913539066910744,0.21246282756328583,-0.22320102155208588,0.013422741554677486,-0.029146524146199226,0.012655727565288544,-0.026845483109354973,-0.0068666646257042885,0.28794214129447937,0.04623554274439812,0.09979552775621414,-0.06866664439439774,0.24948881566524506,0.008239997550845146,0.44175541400909424,0.17807550728321075,-0.07782220095396042,-0.24307993054389954,-0.061342205852270126,-0.6305526494979858,-2.5175912380218506,-3.4612789154052734,0.1694183647632599,-0.1061674952507019,-1.8119763135910034,0.9293375611305237,-0.479439914226532,0.7443593740463257,1.889173984527588,-1.5675098896026611,-1.3141005039215088,-0.7405669689178467,-2.5299713611602783,-3.2958850860595703,0.29091382026672363,-0.023878496140241623,-1.7758331298828125,0.793590247631073,-0.5166732668876648,0.40792059898376465,1.7177461385726929,-1.4967645406723022,-1.1510874032974243,-0.0517139732837677,-0.14007079601287842,-0.14007079601287842,0.020204875618219376,-0.001787505461834371,-0.12442042678594589,0.05577211454510689,-0.036134734749794006,0.029040055349469185,0.12054195255041122,-0.10493405163288116,-0.08084967732429504,0.013039235025644302,-0.0709487795829773,0.004602083005011082,-0.009971179068088531,-0.00038350690738298,0.029913539066910744,0.21246282756328583,-0.22320102155208588,0.013422741554677486,-0.029146524146199226,0.012655727565288544,-0.026845483109354973,-0.0068666646257042885,0.28794214129447937,0.04623554274439812,0.09979552775621414,-0.06866664439439774,0.24948881566524506,0.008239997550845146,0.44175541400909424,0.17807550728321075,-0.07782220095396042,-0.24307993054389954,-0.061342205852270126,-0.012928493320941925,-0.035017699003219604,-0.035017699003219604,0.005051218904554844,-0.00044687639456242323,-0.030126675963401794,0.13794584572315216,-0.12168087065219879,0.007260013837367296,0.0,0.0,-0.02021241933107376,0.0,0.0,0.0,0.0,0.0,0.0,0.0,0.0,0.0,0.0,0.0,0.0
20260709_130944_282006,2026-07-09T13:10:36.884,52.602440,policy,2060,policy,0.10799999535083771,0.0,0.10799999535083771,0.0,0.25,0.0,0.25,0.0,0.06,xsens:live,0.006314514670521021,0.0013554270844906569,-0.9999791979789734,-0.07766181934122228,0.3617977577044412,0.0,0.645175039768219,15.690417289733887,30.0,12,can0:12,30.154247000041323,33.16282446046919,0.5000489999815727,6.394630000045254,12,14.246955871582031,30.65645408630371,,"BL_hip_joint,BR_hip_joint,FL_hip_joint,FR_hip_joint,BL_thigh_joint,BR_thigh_joint,FL_thigh_joint,FR_thigh_joint,BL_calf_joint,BR_calf_joint,FL_calf_joint,FR_calf_joint",330e02f2406e129bb6ed6ec4a6c6bcd5f80d7e7799a2ab087e81eda65d2fae69,"step=002060 mode=policy vx= 0.108 vy= 0.000 vxy= 0.108 yaw= 0.000 speed=0.06 imu=xsens:live tilt_rp=[-0.1,+0.4]deg imu_corr=0.000 act_max= 0.645 tau_cmd= 15.690 tau_cmd_max= 30.000 cmds=12 bus=can0:12 hz=33.2 tx=0.5ms fb_age=6.4ms fb=12 policy_cmd=[ 0.250, 0.000, 0.000] tau_fb= 14.247 tau_fb_max= 30.656",0.0,0.0,0.0,-0.09735972434282303,0.028453025966882706,0.07268714159727097,0.006314514670521021,0.0013554270844906569,-0.9999791979789734,0.25,0.0,0.0,-0.03758367523550987,-0.08053644746541977,-0.0429527722299099,0.039884716272354126,-0.05138992518186569,0.010738193057477474,0.1353779286146164,-0.09127464145421982,0.01380624808371067,-0.02761249616742134,0.007670138031244278,-0.02070937305688858,-0.08560442179441452,-0.1034577488899231,-0.03479110077023506,0.11810663342475891,0.08056886494159698,-0.13138218224048615,0.05722220614552498,-0.12863551080226898,0.09338664263486862,-0.04348887503147125,0.04623554274439812,0.0315866582095623,-0.11378812789916992,-1.2805300951004028,-1.7880027294158936,1.7091596126556396,0.8140614628791809,-0.7030683159828186,1.6489524841308594,-0.32490912079811096,-1.1457382440567017,1.0071429014205933,-1.6885780096054077,-0.24622921645641327,-0.08990171551704407,-1.197251796722412,-1.5943615436553955,1.8075110912322998,0.9089558124542236,-0.6859868764877319,1.600945234298706,-0.34267741441726685,-1.2295193672180176,0.9206101894378662,-1.723120093345642,-0.269548237323761,-0.03353166952729225,-0.4341549575328827,-0.580746591091156,0.645175039768219,0.3227385878562927,-0.24760042130947113,0.5772336721420288,-0.12249860167503357,-0.4384334683418274,0.33452606201171875,-0.6176440715789795,-0.09567183256149292,-0.03758367523550987,-0.08053644746541977,-0.0429527722299099,0.039884716272354126,-0.05138992518186569,0.010738193057477474,0.1353779286146164,-0.09127464145421982,0.01380624808371067,-0.02761249616742134,0.007670138031244278,-0.02070937305688858,-0.08560442179441452,-0.1034577488899231,-0.03479110077023506,0.11810663342475891,0.08056886494159698,-0.13138218224048615,0.05722220614552498,-0.12863551080226898,0.09338664263486862,-0.04348887503147125,0.04623554274439812,0.0315866582095623,-0.008382917381823063,-0.10853873938322067,-0.145186647772789,0.1477612406015396,0.028456268832087517,-0.06190010532736778,0.1443084180355072,-0.030624650418758392,0.0,0.0,0.0,-0.02391795814037323,0.0,0.0,0.0,0.0,0.0,0.0,0.0,0.0,0.0,0.0,0.0,0.0
20260709_130944_282006,2026-07-09T13:10:37.420,53.138949,pose,2080,stand,0.0,0.0,0.0,0.0,0.0,0.0,0.0,0.0,0.06,xsens:live,0.019992010667920113,0.020019305869936943,-0.9995996952056885,-1.1473276984193286,1.1457637986709017,0.02150825411081314,0.08603301644325256,14.34338665008545,30.0,12,can0:12,25.28791000003139,39.54458869866109,0.5090780000500672,6.311578000008922,12,14.118168830871582,31.8063907623291,,"BL_hip_joint,BR_hip_joint,FL_hip_joint,FR_hip_joint,BL_thigh_joint,BR_thigh_joint,FL_thigh_joint,FR_thigh_joint,BL_calf_joint,BR_calf_joint,FL_calf_joint,FR_calf_joint",330e02f2406e129bb6ed6ec4a6c6bcd5f80d7e7799a2ab087e81eda65d2fae69,"step=002080 mode=stand  vx= 0.000 vy= 0.000 vxy= 0.000 yaw= 0.000 speed=0.06 imu=xsens:live tilt_rp=[-1.1,+1.1]deg imu_corr=0.022 act_max= 0.086 tau_cmd= 14.343 tau_cmd_max= 30.000 cmds=12 bus=can0:12 hz=39.5 tx=0.5ms fb_age=6.3ms fb=12 tau_fb= 14.118 tau_fb_max= 31.806",0.0,0.0,0.0,0.0,0.0,0.0,0.019992010667920113,0.020019305869936943,-0.9995996952056885,0.0,0.0,0.0,0.0,0.0,0.0,0.0,0.0,0.0,0.0,0.0,0.0,0.0,0.0,0.0,0.0,0.0,0.0,0.0,0.0,0.0,0.0,0.0,0.0,0.0,0.0,0.0,0.0,0.0,0.0,0.0,0.0,0.0,0.0,0.0,0.0,0.0,0.0,0.0,0.35960906744003296,-0.8261467814445496,-0.21147935092449188,0.8744104504585266,0.23269669711589813,-0.23726773262023926,0.39326542615890503,-0.01911364495754242,-1.1485340595245361,0.6581407189369202,-0.7094134092330933,1.0546746253967285,0.08603301644325256,0.042769014835357666,-0.03341946005821228,-0.03291666507720947,-0.021407529711723328,0.015613675117492676,-0.02076178789138794,0.034373294562101364,-0.007434964179992676,-0.04252511262893677,0.04084324836730957,0.027049779891967773,-0.004985589534044266,-0.09779425710439682,-0.011121700517833233,0.08015294373035431,0.06289513409137726,-0.09779425710439682,0.24582792818546295,-0.19673903286457062,0.012655727565288544,-0.018408332020044327,0.00843715202063322,-0.009204166010022163,0.07370220124721527,0.07599108666181564,-0.021057771518826485,-0.054475538432598114,0.0952177494764328,-0.095675528049469,0.11719107627868652,-0.08239997923374176,0.0315866582095623,0.020142216235399246,-0.04119998961687088,-0.012817773967981339,0.05101703107357025,-0.13236777484416962,-0.10912934690713882,0.174406960606575,0.10816225409507751,-0.10049623996019363,0.18937689065933228,-0.12667222321033478,0.0,-0.010631278157234192,0.010210812091827393,0.0,0.0,0.0,0.0,0.0,0.0,0.0,0.0,0.0,0.0,0.0,0.0,0.0
20260709_130944_282006,2026-07-09T13:10:37.970,53.687980,pose,2100,stand,0.0,0.0,0.0,0.0,0.0,0.0,0.0,0.0,0.06,xsens:live,0.01975489966571331,0.010877761989831924,-0.9997457265853882,-0.6233837695662119,1.1320129359214088,0.013729207217693329,0.054916828870773315,13.024345397949219,30.0,12,can0:12,30.949749999990672,32.31043869499112,0.5035749999819927,6.251807000012377,12,13.10220718383789,26.737876892089844,,"BL_hip_joint,BR_hip_joint,FL_hip_joint,FR_hip_joint,BL_thigh_joint,BR_thigh_joint,FL_thigh_joint,FR_thigh_joint,BL_calf_joint,BR_calf_joint,FL_calf_joint,FR_calf_joint",330e02f2406e129bb6ed6ec4a6c6bcd5f80d7e7799a2ab087e81eda65d2fae69,"step=002100 mode=stand  vx= 0.000 vy= 0.000 vxy= 0.000 yaw= 0.000 speed=0.06 imu=xsens:live tilt_rp=[-0.6,+1.1]deg imu_corr=0.014 act_max= 0.055 tau_cmd= 13.024 tau_cmd_max= 30.000 cmds=12 bus=can0:12 hz=32.3 tx=0.5ms fb_age=6.3ms fb=12 tau_fb= 13.102 tau_fb_max= 26.738",0.0,0.0,0.0,0.0,0.0,0.0,0.01975489966571331,0.010877761989831924,-0.9997457265853882,0.0,0.0,0.0,0.0,0.0,0.0,0.0,0.0,0.0,0.0,0.0,0.0,0.0,0.0,0.0,0.0,0.0,0.0,0.0,0.0,0.0,0.0,0.0,0.0,0.0,0.0,0.0,0.0,0.0,0.0,0.0,0.0,0.0,0.0,0.0,0.0,0.0,0.0,0.0,0.3284928798675537,-0.8562920689582825,-0.19138304889202118,0.8850378394126892,0.24264727532863617,-0.24509784579277039,0.3996826112270355,-0.031662553548812866,-1.1468641757965088,0.6724441051483154,-0.7261532545089722,1.041839838027954,0.054916828870773315,0.012623727321624756,-0.013323158025741577,-0.022289276123046875,-0.01145695149898529,0.007783561944961548,-0.014344602823257446,0.021824385970830917,-0.005765080451965332,-0.028221726417541504,0.024103403091430664,0.01421499252319336,-0.0019175345078110695,-0.08245398104190826,-0.01035468652844429,0.06404565274715424,0.03911770507693291,-0.07516735047101974,0.21821542084217072,-0.17219460010528564,0.013039235025644302,-0.01725780963897705,0.007670138031244278,-0.011505207046866417,-0.04989776387810707,0.08011108636856079,-0.016479995101690292,-0.04211554303765297,-0.09201330691576004,0.0869777500629425,-0.10666219145059586,0.16937772929668427,0.008697775192558765,0.03707998991012573,0.021057771518826485,-0.013733329251408577,0.03586964309215546,-0.10418201982975006,-0.07894189655780792,0.13145959377288818,0.0823054313659668,-0.07638518512248993,0.14239776134490967,-0.08701919764280319,1.734723475976807e-18,-0.007055431604385376,0.006025850772857666,0.0,0.0,0.0,0.0,0.0,0.0,0.0,0.0,0.0,0.0,0.0,0.0,0.0
20260709_130944_282006,2026-07-09T13:10:38.514,54.232155,pose,2120,stand,0.0,0.0,0.0,0.0,0.0,0.0,0.0,0.0,0.06,xsens:live,0.011841469444334507,0.002293673809617758,-0.999927282333374,-0.13142715545365583,0.6784838466102663,0.004713244736194611,0.018852978944778442,10.787644386291504,29.386707305908203,12,can0:12,25.234868000040933,39.62770877178267,0.5082530000208862,6.322468000007575,12,11.601000785827637,28.70082664489746,,"BL_hip_joint,BR_hip_joint,FL_hip_joint,FR_hip_joint,BL_thigh_joint,BR_thigh_joint,FL_thigh_joint,FR_thigh_joint,BL_calf_joint,BR_calf_joint,FL_calf_joint,FR_calf_joint",330e02f2406e129bb6ed6ec4a6c6bcd5f80d7e7799a2ab087e81eda65d2fae69,"step=002120 mode=stand  vx= 0.000 vy= 0.000 vxy= 0.000 yaw= 0.000 speed=0.06 imu=xsens:live tilt_rp=[-0.1,+0.7]deg imu_corr=0.005 act_max= 0.019 tau_cmd= 10.788 tau_cmd_max= 29.387 cmds=12 bus=can0:12 hz=39.6 tx=0.5ms fb_age=6.3ms fb=12 tau_fb= 11.601 tau_fb_max= 28.701",0.0,0.0,0.0,0.0,0.0,0.0,0.011841469444334507,0.002293673809617758,-0.999927282333374,0.0,0.0,0.0,0.0,0.0,0.0,0.0,0.0,0.0,0.0,0.0,0.0,0.0,0.0,0.0,0.0,0.0,0.0,0.0,0.0,0.0,0.0,0.0,0.0,0.0,0.0,0.0,0.0,0.0,0.0,0.0,0.0,0.0,0.0,0.0,0.0,0.0,0.0,0.0,0.29242902994155884,-0.8752648830413818,-0.17676851153373718,0.8988792896270752,0.25198042392730713,-0.25170034170150757,0.4081554412841797,-0.04611252248287201,-1.1438542604446411,0.6902279853820801,-0.743349552154541,1.030207633972168,0.018852978944778442,-0.006349086761474609,0.0012913793325424194,-0.008447825908660889,-0.002123802900314331,0.0011810660362243652,-0.005871772766113281,0.007374417036771774,-0.0027551651000976562,-0.010437846183776855,0.006907105445861816,0.0025827884674072266,-0.00076701381476596,-0.05675902217626572,-0.002301041502505541,0.0345156192779541,-0.021859893575310707,-0.014573262073099613,0.14956769347190857,-0.10508088767528534,0.01380624808371067,-0.019175345078110695,0.0034515620209276676,-0.010738193057477474,0.04303110018372536,0.021057771518826485,0.027924437075853348,-0.009613330475986004,-0.06088442727923393,0.031128879636526108,-0.13641773164272308,0.10666219145059586,-0.014191106893122196,0.0238044373691082,-0.02151555009186268,0.022431105375289917,0.015234380960464478,-0.05259426683187485,-0.03560755029320717,0.06300560384988785,0.03994167596101761,-0.036927662789821625,0.06790360808372498,-0.03622705116868019,0.0,-0.002609461545944214,0.001726776361465454,0.0,0.0,0.0,0.0,0.0,0.0,0.0,0.0,0.0,0.0,0.0,0.0,0.0
20260709_130944_282006,2026-07-09T13:10:39.064,54.782035,pose,2140,stand,0.0,0.0,0.0,0.0,0.0,0.0,0.0,0.0,0.06,xsens:live,0.005978143773972988,-0.008138288743793964,-0.999949038028717,0.46630306617048095,0.3425357831629553,0.008418962359428406,0.03367584943771362,10.209394454956055,30.0,12,can0:12,30.78276700000515,32.48570864340534,0.5050579999874572,6.376873999954569,12,10.147404670715332,30.726036071777344,,"BL_hip_joint,BR_hip_joint,FL_hip_joint,FR_hip_joint,BL_thigh_joint,BR_thigh_joint,FL_thigh_joint,FR_thigh_joint,BL_calf_joint,BR_calf_joint,FL_calf_joint,FR_calf_joint",330e02f2406e129bb6ed6ec4a6c6bcd5f80d7e7799a2ab087e81eda65d2fae69,"step=002140 mode=stand  vx= 0.000 vy= 0.000 vxy= 0.000 yaw= 0.000 speed=0.06 imu=xsens:live tilt_rp=[+0.5,+0.3]deg imu_corr=0.008 act_max= 0.034 tau_cmd= 10.209 tau_cmd_max= 30.000 cmds=12 bus=can0:12 hz=32.5 tx=0.5ms fb_age=6.4ms fb=12 tau_fb= 10.147 tau_fb_max= 30.726",0.0,0.0,0.0,0.0,0.0,0.0,0.005978143773972988,-0.008138288743793964,-0.999949038028717,0.0,0.0,0.0,0.0,0.0,0.0,0.0,0.0,0.0,0.0,0.0,0.0,0.0,0.0,0.0,0.0,0.0,0.0,0.0,0.0,0.0,0.0,0.0,0.0,0.0,0.0,0.0,0.0,0.0,0.0,0.0,0.0,0.0,0.0,0.0,0.0,0.0,0.0,0.0,0.25307655334472656,-0.9025916457176208,-0.15852274000644684,0.9144203662872314,0.2634645104408264,-0.2589840590953827,0.41660115122795105,-0.062155865132808685,-1.1406886577606201,0.7094205617904663,-0.7633194923400879,1.0157749652862549,-0.020499497652053833,-0.03367584943771362,0.019537150859832764,0.007093250751495361,0.009360283613204956,-0.006102651357650757,0.002573937177658081,-0.008668925613164902,0.00041043758392333984,0.008754730224609375,-0.013062834739685059,-0.01184988021850586,-0.00076701381476596,-0.03183107450604439,0.004985589534044266,0.00306805525906384,-0.06634669750928879,0.03259808570146561,0.09510970860719681,-0.05560849979519844,0.014573262073099613,-0.019558852538466454,0.00153402762953192,-0.012655727565288544,-0.04852443188428879,0.004119998775422573,0.0032044434919953346,-0.03479110077023506,-0.0119022186845541,0.0476088747382164,-0.06546220183372498,0.06958220154047012,0.035248879343271255,0.0,0.002288888208568096,0.01831110566854477,-0.0036724619567394257,-0.01546032726764679,-7.57947564125061e-05,0.010762602090835571,0.007927201688289642,-0.006664179265499115,0.016170034185051918,-0.007422774098813534,0.00010260939598083496,0.0,0.0,-0.002962470054626465,0.0,0.0,0.0,0.0,0.0,0.0,0.0,0.0,0.0,0.0,0.0,0.0
20260709_130944_282006,2026-07-09T13:10:39.608,55.325990,pose,2160,stand,0.0,0.0,0.0,0.0,0.0,0.0,0.0,0.0,0.06,xsens:live,0.0044530415907502174,-0.01008993573486805,-0.9999392032623291,0.57812626163452,0.25515431506829567,0.009567677974700928,0.03827071189880371,10.471816062927246,30.0,12,can0:12,24.972611999999117,40.04386885921406,0.5275209999808794,6.318028999999115,12,10.340585708618164,29.891048431396484,,"BL_hip_joint,BR_hip_joint,FL_hip_joint,FR_hip_joint,BL_thigh_joint,BR_thigh_joint,FL_thigh_joint,FR_thigh_joint,BL_calf_joint,BR_calf_joint,FL_calf_joint,FR_calf_joint",330e02f2406e129bb6ed6ec4a6c6bcd5f80d7e7799a2ab087e81eda65d2fae69,"step=002160 mode=stand  vx= 0.000 vy= 0.000 vxy= 0.000 yaw= 0.000 speed=0.06 imu=xsens:live tilt_rp=[+0.6,+0.3]deg imu_corr=0.010 act_max= 0.038 tau_cmd= 10.472 tau_cmd_max= 30.000 cmds=12 bus=can0:12 hz=40.0 tx=0.5ms fb_age=6.3ms fb=12 tau_fb= 10.341 tau_fb_max= 29.891",0.0,0.0,0.0,0.0,0.0,0.0,0.0044530415907502174,-0.01008993573486805,-0.9999392032623291,0.0,0.0,0.0,0.0,0.0,0.0,0.0,0.0,0.0,0.0,0.0,0.0,0.0,0.0,0.0,0.0,0.0,0.0,0.0,0.0,0.0,0.0,0.0,0.0,0.0,0.0,0.0,0.0,0.0,0.0,0.0,0.0,0.0,0.0,0.0,0.0,0.0,0.0,0.0,0.24543780088424683,-0.9071865081787109,-0.1554649919271469,0.9175805449485779,0.26556968688964844,-0.26027339696884155,0.4182744026184082,-0.06532048434019089,-1.1399749517440796,0.713264524936676,-0.7671128511428833,1.0130854845046997,-0.02813825011253357,-0.03827071189880371,0.02259489893913269,0.010253429412841797,0.011465460062026978,-0.007391989231109619,0.004247188568115234,-0.011833544820547104,0.0011241436004638672,0.012598693370819092,-0.01685619354248047,-0.014539361000061035,-0.0026845482643693686,-0.0279960036277771,0.006519617512822151,-0.006903124041855335,-0.08705606311559677,0.0494723916053772,0.07823541015386581,-0.039501212537288666,0.014573262073099613,-0.02109287865459919,0.00153402762953192,-0.014956769533455372,0.04257332161068916,-0.001831110566854477,-0.014648884534835815,-0.01144444104284048,0.016937773674726486,0.027466658502817154,0.004577776417136192,0.024262215942144394,0.036164432764053345,-0.007782219909131527,0.022431105375289917,0.05264442786574364,-0.007034562528133392,-0.009567677974700928,0.005648724734783173,0.0025633573532104492,-0.011028224602341652,-0.0018479973077774048,0.003498663194477558,-0.002958386205136776,0.0002810359001159668,0.0,0.0,-0.003634840250015259,0.0,0.0,0.0,0.0,0.0,0.0,0.0,0.0,0.0,0.0,0.0,0.0
20260709_130944_282006,2026-07-09T13:10:40.145,55.863017,policy,2180,policy,0.10799999535083771,0.0,0.10799999535083771,0.0,0.25,0.0,0.25,0.0,0.06,xsens:live,0.004456702619791031,-0.008710425347089767,-0.9999521374702454,0.4990818750925845,0.2553607821244954,0.0,0.27403146028518677,11.996771812438965,30.0,12,can0:12,24.916315999973904,40.13434409810212,0.5146959999819956,6.352784999990035,12,11.368449211120605,28.327280044555664,,"BL_hip_joint,BR_hip_joint,FL_hip_joint,FR_hip_joint,BL_thigh_joint,BR_thigh_joint,FL_thigh_joint,FR_thigh_joint,BL_calf_joint,BR_calf_joint,FL_calf_joint,FR_calf_joint",330e02f2406e129bb6ed6ec4a6c6bcd5f80d7e7799a2ab087e81eda65d2fae69,"step=002180 mode=policy vx= 0.108 vy= 0.000 vxy= 0.108 yaw= 0.000 speed=0.06 imu=xsens:live tilt_rp=[+0.5,+0.3]deg imu_corr=0.000 act_max= 0.274 tau_cmd= 11.997 tau_cmd_max= 30.000 cmds=12 bus=can0:12 hz=40.1 tx=0.5ms fb_age=6.4ms fb=12 policy_cmd=[ 0.250, 0.000, 0.000] tau_fb= 11.368 tau_fb_max= 28.327",0.0,0.0,0.0,-0.025644900277256966,0.003717094659805298,0.010386855341494083,0.004456702619791031,-0.008710425347089767,-0.9999521374702454,0.25,0.0,0.0,-0.00421857601031661,-0.03911770507693291,-0.016107289120554924,0.009971179068088531,-0.08091995865106583,0.03758367523550987,0.09012412279844284,-0.04908888414502144,0.01418975554406643,-0.022626906633377075,0.0026845482643693686,-0.010738193057477474,-0.08880886435508728,-0.11307107657194138,-0.013275551609694958,0.08194220066070557,0.0027466658502817154,-0.0238044373691082,0.0952177494764328,-0.09613330662250519,-0.043946653604507446,-0.012817773967981339,0.026551103219389915,0.0196844395250082,-0.11025996506214142,-1.4428929090499878,-2.0776495933532715,1.8608545064926147,0.8178349137306213,-1.0330919027328491,1.4590044021606445,-0.49213337898254395,-1.2296541929244995,1.0036717653274536,-1.4214423894882202,0.01370484009385109,-0.08815393596887589,-1.4501770734786987,-2.148334503173828,1.778597354888916,0.803665816783905,-1.0405226945877075,1.4497476816177368,-0.49855875968933105,-1.1754847764968872,1.0689884424209595,-1.3927427530288696,0.043792881071567535,-0.012197180651128292,-0.19866211712360382,-0.27403146028518677,0.24414151906967163,0.1101914569735527,-0.14252732694149017,0.19869013130664825,-0.0682775154709816,-0.16135439276695251,0.14611490070819855,-0.190982848405838,0.005837957374751568,-0.00421857601031661,-0.03911770507693291,-0.016107289120554924,0.009971179068088531,-0.08091995865106583,0.03758367523550987,0.09012412279844284,-0.04908888414502144,0.01418975554406643,-0.022626906633377075,0.0026845482643693686,-0.010738193057477474,-0.08880886435508728,-0.11307107657194138,-0.013275551609694958,0.08194220066070557,0.0027466658502817154,-0.0238044373691082,0.0952177494764328,-0.09613330662250519,-0.043946653604507446,-0.012817773967981339,0.026551103219389915,0.0196844395250082,-0.003049295162782073,-0.049665529280900955,-0.06850786507129669,0.06103537976741791,-0.005743688903748989,-0.03563183173537254,0.049672532826662064,-0.0170693788677454,0.0,0.0,0.0,0.0,0.0,0.0,0.0,0.0,0.0,0.0,0.0,0.0,0.0,0.0,0.0,0.0
20260709_130944_282006,2026-07-09T13:10:40.685,56.402975,policy,2200,policy,0.10799999535083771,0.0,0.10799999535083771,0.0,0.25,0.0,0.25,0.0,0.06,xsens:live,0.009917955845594406,0.008597010746598244,-0.9999138712882996,-0.4926027227823102,0.5682873227336791,0.0,0.7931560277938843,15.369059562683105,30.0,12,can0:12,30.37922300001128,32.917234255781615,0.4939930000205095,6.3572970000222995,12,14.996794700622559,31.54637336730957,,"BL_hip_joint,BR_hip_joint,FL_hip_joint,FR_hip_joint,BL_thigh_joint,BR_thigh_joint,FL_thigh_joint,FR_thigh_joint,BL_calf_joint,BR_calf_joint,FL_calf_joint,FR_calf_joint",330e02f2406e129bb6ed6ec4a6c6bcd5f80d7e7799a2ab087e81eda65d2fae69,"step=002200 mode=policy vx= 0.108 vy= 0.000 vxy= 0.108 yaw= 0.000 speed=0.06 imu=xsens:live tilt_rp=[-0.5,+0.6]deg imu_corr=0.000 act_max= 0.793 tau_cmd= 15.369 tau_cmd_max= 30.000 cmds=12 bus=can0:12 hz=32.9 tx=0.5ms fb_age=6.4ms fb=12 policy_cmd=[ 0.250, 0.000, 0.000] tau_fb= 14.997 tau_fb_max= 31.546",0.0,0.0,0.0,-0.08210539817810059,0.023906677961349487,-0.02084374614059925,0.009917955845594406,0.008597010746598244,-0.9999138712882996,0.25,0.0,0.0,-0.025694962590932846,-0.09165815263986588,-0.03374860808253288,0.060594089329242706,-0.008820658549666405,-0.03489912673830986,0.1706605702638626,-0.12157168984413147,0.01418975554406643,-0.019942358136177063,0.00613611051812768,-0.010738193057477474,-0.06958220154047012,-0.059968870133161545,0.1277199685573578,0.095675528049469,0.18768882751464844,-0.17212440073490143,0.2558977007865906,-0.14740440249443054,0.010986663401126862,0.013275551609694958,-0.014191106893122196,0.12863551080226898,-0.03833045810461044,-1.1961992979049683,-1.563032627105713,1.6873399019241333,0.8240139484405518,-0.7563406229019165,1.3371336460113525,-0.5125749707221985,-1.5551766157150269,0.6186407804489136,-1.0927677154541016,0.07416409254074097,-0.01627180725336075,-1.189313292503357,-1.5529950857162476,1.6671533584594727,0.8582528233528137,-0.7469971179962158,1.3103846311569214,-0.556087851524353,-1.6185883283615112,0.5518972277641296,-1.0027164220809937,0.09973105788230896,-0.009247642941772938,-0.5651687383651733,-0.7390716075897217,0.7931560277938843,0.40585482120513916,-0.3556254804134369,0.6250019073486328,-0.26121002435684204,-0.7645899057388306,0.2668510973453522,-0.4826793372631073,0.04538276419043541,-0.025694962590932846,-0.09165815263986588,-0.03374860808253288,0.060594089329242706,-0.008820658549666405,-0.03489912673830986,0.1706605702638626,-0.12157168984413147,0.01418975554406643,-0.019942358136177063,0.00613611051812768,-0.010738193057477474,-0.06958220154047012,-0.059968870133161545,0.1277199685573578,0.095675528049469,0.18768882751464844,-0.17212440073490143,0.2558977007865906,-0.14740440249443054,0.010986663401126862,0.013275551609694958,-0.014191106893122196,0.12863551080226898,-0.0023119107354432344,-0.14129218459129333,-0.12523627281188965,0.16697517037391663,0.07745354622602463,-0.08890637010335922,0.1562504768371582,-0.06530250608921051,0.0,0.0,0.0,0.0,0.0,0.0,0.0,0.0,-1.1102230246251565e-16,0.0,0.0,0.0,0.0,0.0,0.0,0.0
20260709_130944_282006,2026-07-09T13:10:41.223,56.941271,policy,2220,policy,0.10799999535083771,0.0,0.10799999535083771,0.0,0.25,0.0,0.25,0.0,0.06,xsens:live,0.03253422677516937,0.017534982413053513,-0.9993168711662292,-1.005264117641783,1.8646895337090277,0.0,1.3967534303665161,16.163089752197266,30.0,12,can0:12,24.938182000028064,40.09915397998437,0.9164140000166299,6.786884999996801,12,8.570816993713379,34.150211334228516,,"BL_hip_joint,BR_hip_joint,FL_hip_joint,FR_hip_joint,BL_thigh_joint,BR_thigh_joint,FL_thigh_joint,FR_thigh_joint,BL_calf_joint,BR_calf_joint,FL_calf_joint,FR_calf_joint",330e02f2406e129bb6ed6ec4a6c6bcd5f80d7e7799a2ab087e81eda65d2fae69,"step=002220 mode=policy vx= 0.108 vy= 0.000 vxy= 0.108 yaw= 0.000 speed=0.06 imu=xsens:live tilt_rp=[-1.0,+1.9]deg imu_corr=0.000 act_max= 1.397 tau_cmd= 16.163 tau_cmd_max= 30.000 cmds=12 bus=can0:12 hz=40.1 tx=0.9ms fb_age=6.8ms fb=12 policy_cmd=[ 0.250, 0.000, 0.000] tau_fb= 8.571 tau_fb_max= 34.150",0.0,0.0,0.0,-0.37014928460121155,0.08654072880744934,-0.19346924126148224,0.03253422677516937,0.017534982413053513,-0.9993168711662292,0.25,0.0,0.0,0.057526033371686935,-0.15455327928066254,0.018024824559688568,0.06788071990013123,0.13000884652137756,-0.08322099596261978,0.24774545431137085,-0.21246282756328583,0.011505207046866417,-0.007670138031244278,0.0559920072555542,-0.016490796580910683,-0.18768882751464844,-0.49531540274620056,0.2558977007865906,0.3186132311820984,0.7022309303283691,0.0874355286359787,0.22843104600906372,-0.10849329829216003,0.012817773967981339,0.05172887444496155,-0.4293954372406006,-0.10116885602474213,-0.05093470960855484,-1.3164554834365845,0.039215825498104095,1.1065798997879028,0.747742772102356,-0.2584964334964752,0.2136107087135315,-0.9355913996696472,-2.000447988510132,-0.17217795550823212,-0.2220807522535324,1.5066760778427124,0.49139052629470825,-1.055485725402832,-0.03848041966557503,0.768621027469635,0.493367463350296,-0.11515935510396957,0.1962026208639145,-0.6457417607307434,-1.519383430480957,-0.08140045404434204,-0.13898800313472748,1.5686554908752441,0.33823397755622864,-0.9518453478813171,-0.02343476377427578,0.7068365812301636,0.4769483506679535,-0.12980319559574127,0.1738204061985016,-0.6082064509391785,-1.3967534303665161,-0.08094628155231476,-0.12091337144374847,1.3506497144699097,0.057526033371686935,-0.15455327928066254,0.018024824559688568,0.06788071990013123,0.13000884652137756,-0.08322099596261978,0.24774545431137085,-0.21246282756328583,0.011505207046866417,-0.007670138031244278,0.0559920072555542,-0.016490796580910683,-0.18768882751464844,-0.49531540274620056,0.2558977007865906,0.3186132311820984,0.7022309303283691,0.0874355286359787,0.22843104600906372,-0.10849329829216003,0.012817773967981339,0.05172887444496155,-0.4293954372406006,-0.10116885602474213,0.08455849438905716,-0.23796133697032928,-0.005858691409230232,0.1767091453075409,0.11923708766698837,-0.03245079889893532,0.18644161522388458,-0.15205161273479462,0.0,-0.02023657038807869,0.0,0.0,0.0,0.0,0.0,0.0,0.0,0.0,1.6653345369377348e-16,0.0,0.0,0.0,0.0,0.0
20260709_130944_282006,2026-07-09T13:10:41.760,57.478168,policy,2240,policy,0.10799999535083771,0.0,0.10799999535083771,0.0,0.25,0.0,0.25,0.0,0.06,xsens:live,0.0444287471473217,0.01877698302268982,-0.998836100101471,-1.076968656577101,2.5468671653680315,0.0,1.996647596359253,25.37925910949707,30.0,12,can0:12,31.020228999977917,32.23702829533308,0.9805400000004738,6.864611000025889,12,10.720237731933594,30.26459503173828,,"BL_hip_joint,BR_hip_joint,FL_hip_joint,FR_hip_joint,BL_thigh_joint,BR_thigh_joint,FL_thigh_joint,FR_thigh_joint,BL_calf_joint,BR_calf_joint,FL_calf_joint,FR_calf_joint",330e02f2406e129bb6ed6ec4a6c6bcd5f80d7e7799a2ab087e81eda65d2fae69,"step=002240 mode=policy vx= 0.108 vy= 0.000 vxy= 0.108 yaw= 0.000 speed=0.06 imu=xsens:live tilt_rp=[-1.1,+2.5]deg imu_corr=0.000 act_max= 1.997 tau_cmd= 25.379 tau_cmd_max= 30.000 cmds=12 bus=can0:12 hz=32.2 tx=1.0ms fb_age=6.9ms fb=12 policy_cmd=[ 0.250, 0.000, 0.000] tau_fb= 10.720 tau_fb_max= 30.265",0.0,0.0,0.0,-0.47663161158561707,-0.305958092212677,0.02408847212791443,0.0444287471473217,0.01877698302268982,-0.998836100101471,0.25,0.0,0.0,-0.04985589534044266,-0.19712254405021667,0.018791837617754936,0.09434270113706589,0.0345156192779541,-0.11927064508199692,0.31140759587287903,-0.253881573677063,0.09587672352790833,-0.050239402800798416,0.057909540832042694,-0.17487914860248566,-0.5264443159103394,0.7567064166069031,1.2657551765441895,0.6610308885574341,-0.11444441229104996,-0.11398663371801376,-0.007782219909131527,0.16296884417533875,-0.8738974928855896,-0.7795953154563904,0.6202887296676636,0.4293954372406006,-0.535600483417511,0.0655597373843193,0.3166325092315674,1.6823828220367432,1.7874006032943726,-0.48203909397125244,0.47471916675567627,-1.2270361185073853,-2.7193262577056885,-1.378722906112671,2.122601270675659,1.5669628381729126,0.08190267533063889,0.3662266731262207,-0.44770485162734985,1.5738199949264526,1.6737549304962158,-0.3743413984775543,0.5889313817024231,-1.1664760112762451,-2.439784049987793,-1.1062719821929932,2.03117036819458,1.7362685203552246,-0.06117215007543564,0.2598288655281067,-0.24456161260604858,1.5672411918640137,1.6841599941253662,-0.396100789308548,0.5684139132499695,-1.152846097946167,-1.996647596359253,-1.133521318435669,1.9729347229003906,1.693626880645752,-0.04985589534044266,-0.19712254405021667,0.018791837617754936,0.09434270113706589,0.0345156192779541,-0.11927064508199692,0.31140759587287903,-0.253881573677063,0.09587672352790833,-0.050239402800798416,0.057909540832042694,-0.17487914860248566,-0.5264443159103394,0.7567064166069031,1.2657551765441895,0.6610308885574341,-0.11444441229104996,-0.11398663371801376,-0.007782219909131527,0.16296884417533875,-0.8738974928855896,-0.7795953154563904,0.6202887296676636,0.4293954372406006,-0.022599153220653534,-0.04667162522673607,0.003175119636580348,0.23841509222984314,0.10265953093767166,-0.099025197327137,0.23592916131019592,-0.28821152448654175,0.0,-0.17203252017498016,0.1701430380344391,-0.07410069555044174,0.0,-3.3306690738754696e-16,0.0,-1.1102230246251565e-16,-2.220446049250313e-16,0.0,0.0,0.0,0.0,0.0,0.0,0.0
20260709_130944_282006,2026-07-09T13:10:42.294,58.011984,policy,2260,policy,0.10799999535083771,0.0,0.10799999535083771,0.0,0.25,0.0,0.25,0.0,0.06,xsens:live,0.02299458347260952,-0.009818004444241524,-0.9996873736381531,0.5626880440537931,1.3176722437472637,0.0,1.8896764516830444,25.62251853942871,30.0,12,can0:12,24.76782200000116,40.37496716505606,0.9693179999885615,6.754252999996879,12,5.059663772583008,18.032777786254883,,"BL_hip_joint,BR_hip_joint,FL_hip_joint,FR_hip_joint,BL_thigh_joint,BR_thigh_joint,FL_thigh_joint,FR_thigh_joint,BL_calf_joint,BR_calf_joint,FL_calf_joint,FR_calf_joint",330e02f2406e129bb6ed6ec4a6c6bcd5f80d7e7799a2ab087e81eda65d2fae69,"step=002260 mode=policy vx= 0.108 vy= 0.000 vxy= 0.108 yaw= 0.000 speed=0.06 imu=xsens:live tilt_rp=[+0.6,+1.3]deg imu_corr=0.000 act_max= 1.890 tau_cmd= 25.623 tau_cmd_max= 30.000 cmds=12 bus=can0:12 hz=40.4 tx=1.0ms fb_age=6.8ms fb=12 policy_cmd=[ 0.250, 0.000, 0.000] tau_fb= 5.060 tau_fb_max= 18.033",0.0,0.0,0.0,-0.49244916439056396,-0.1725212186574936,-0.1587778627872467,0.02299458347260952,-0.009818004444241524,-0.9996873736381531,0.25,0.0,0.0,-0.09319217503070831,-0.24889597296714783,-0.10814894735813141,0.1016293317079544,0.04180225357413292,-0.17794720828533173,0.30105292797088623,-0.13576143980026245,0.07976943254470825,-0.037200167775154114,0.03413211554288864,-0.1856173425912857,-1.0318307876586914,-0.19455549120903015,0.7841730713844299,0.861995279788971,0.18402661383152008,-0.3154087960720062,0.5859553813934326,0.5227820873260498,-1.2034974098205566,-0.694448709487915,-0.3556932210922241,0.8033997416496277,-0.5303906798362732,-0.2890556752681732,-0.007954848930239677,0.3539973497390747,0.9019239544868469,-0.44797283411026,0.9801769852638245,-0.9022976756095886,-2.5223093032836914,-0.9386381506919861,1.2174043655395508,1.8267771005630493,0.036935921758413315,0.04615979641675949,-0.18654976785182953,-0.037653811275959015,0.7025809288024902,-0.050350673496723175,0.5136463642120361,-0.9899747371673584,-1.8520991802215576,-0.8970715403556824,2.130307674407959,2.370863914489746,-0.11862842738628387,-0.0894559845328331,-0.1641356199979782,0.08198250085115433,0.7411978840827942,-0.16736003756523132,0.6476354598999023,-0.9125691056251526,-1.8795101642608643,-0.8648788928985596,1.679060935974121,1.8896764516830444,-0.09319217503070831,-0.24889597296714783,-0.10814894735813141,0.1016293317079544,0.04180225357413292,-0.17794720828533173,0.30105292797088623,-0.13576143980026245,0.07976943254470825,-0.037200167775154114,0.03413211554288864,-0.1856173425912857,-1.0318307876586914,-0.19455549120903015,0.7841730713844299,0.861995279788971,0.18402661383152008,-0.3154087960720062,0.5859553813934326,0.5227820873260498,-1.2034974098205566,-0.694448709487915,-0.3556932210922241,0.8033997416496277,-0.061980102211236954,-0.16186413168907166,-0.04103390499949455,0.05909460037946701,0.12785670161247253,-0.12186268717050552,0.26120325922966003,-0.17940197885036469,0.0,-0.15388382971286774,0.08779925107955933,-0.06239577755331993,0.0,0.0,0.0,0.0,0.0,0.0,0.0,2.220446049250313e-16,0.0,0.0,-1.1102230246251565e-16,0.0
20260709_130944_282006,2026-07-09T13:10:42.836,58.554457,policy,2280,policy,0.10799999535083771,0.0,0.10799999535083771,0.0,0.25,0.0,0.25,0.0,0.06,xsens:live,0.020043199881911278,-0.01377888210117817,-0.9997042417526245,0.789655351615019,1.1485766273230176,0.0,1.9999969005584717,22.70659637451172,30.0,12,can0:12,24.944906000030187,40.08834509133006,1.0862429999747292,6.9281359999990855,12,11.538436889648438,26.122623443603516,,"BL_hip_joint,BR_hip_joint,FL_hip_joint,FR_hip_joint,BL_thigh_joint,BR_thigh_joint,FL_thigh_joint,FR_thigh_joint,BL_calf_joint,BR_calf_joint,FL_calf_joint,FR_calf_joint",330e02f2406e129bb6ed6ec4a6c6bcd5f80d7e7799a2ab087e81eda65d2fae69,"step=002280 mode=policy vx= 0.108 vy= 0.000 vxy= 0.108 yaw= 0.000 speed=0.06 imu=xsens:live tilt_rp=[+0.8,+1.1]deg imu_corr=0.000 act_max= 2.000 tau_cmd= 22.707 tau_cmd_max= 30.000 cmds=12 bus=can0:12 hz=40.1 tx=1.1ms fb_age=6.9ms fb=12 policy_cmd=[ 0.250, 0.000, 0.000] tau_fb= 11.538 tau_fb_max= 26.123",0.0,0.0,0.0,0.17960894107818604,0.14651645720005035,-0.3832281231880188,0.020043199881911278,-0.01377888210117817,-0.9997042417526245,0.25,0.0,0.0,0.036049649119377136,-0.17372862994670868,-0.14343157410621643,0.04985589534044266,0.014956769533455372,-0.1100664809346199,0.20977827906608582,-0.18139876425266266,0.17602966725826263,-0.01418975554406643,0.06634669750928879,-0.21054528653621674,0.18036438524723053,0.040742211043834686,-0.4055909812450409,0.17624439299106598,-1.2392040491104126,-0.03799554333090782,0.28061768412590027,0.7969908714294434,0.8194220066070557,0.12405773997306824,-0.4110843241214752,-1.0171818733215332,0.3118114471435547,-0.9085296392440796,-1.2575331926345825,0.1652390956878662,-0.6668742299079895,-0.4975168704986572,1.7209230661392212,0.692777156829834,0.2673511803150177,1.2477996349334717,-3.2106688022613525,-1.3024171590805054,-0.40841758251190186,-1.5325090885162354,-1.7747154235839844,-0.12316274642944336,-0.6009242534637451,-0.8207728266716003,1.279021978378296,0.6837734580039978,-0.3094414472579956,1.1993799209594727,-2.8758866786956787,-0.9658490419387817,-0.2362900674343109,-1.3691147565841675,-1.6478407382965088,-0.04162861406803131,-0.6283679604530334,-0.7248142957687378,1.3632577657699585,0.6633123755455017,-0.1269570142030716,1.2122009992599487,-1.9999969005584717,-1.0807762145996094,0.036049649119377136,-0.17372862994670868,-0.14343157410621643,0.04985589534044266,0.014956769533455372,-0.1100664809346199,0.20977827906608582,-0.18139876425266266,0.17602966725826263,-0.01418975554406643,0.06634669750928879,-0.21054528653621674,0.18036438524723053,0.040742211043834686,-0.4055909812450409,0.17624439299106598,-1.2392040491104126,-0.03799554333090782,0.28061768412590027,0.7969908714294434,0.8194220066070557,0.12405773997306824,-0.4110843241214752,-1.0171818733215332,-0.02997688204050064,-0.2710149586200714,-0.27047422528266907,-0.010407153517007828,-0.1344163715839386,-0.18120357394218445,0.3016289174556732,-0.0585617832839489,0.15018978714942932,0.0,0.0,-0.27019405364990234,0.0,4.2327252813834093e-16,0.0,0.0,0.0,0.0,0.0,0.0,0.0,0.0,0.0,0.0
20260709_130944_282006,2026-07-09T13:10:43.374,59.092789,policy,2300,policy,0.10799999535083771,0.0,0.10799999535083771,0.0,0.25,0.0,0.25,0.0,0.06,xsens:live,0.008364635519683361,-0.02062118798494339,-0.999752402305603,1.1816320971791352,0.47936581980496595,0.0,1.983506441116333,20.38627052307129,30.0,12,can0:12,29.921554999987166,33.420722953751195,0.9779040000239547,6.815023999990899,12,8.703879356384277,28.1917781829834,,"BL_hip_joint,BR_hip_joint,FL_hip_joint,FR_hip_joint,BL_thigh_joint,BR_thigh_joint,FL_thigh_joint,FR_thigh_joint,BL_calf_joint,BR_calf_joint,FL_calf_joint,FR_calf_joint",330e02f2406e129bb6ed6ec4a6c6bcd5f80d7e7799a2ab087e81eda65d2fae69,"step=002300 mode=policy vx= 0.108 vy= 0.000 vxy= 0.108 yaw= 0.000 speed=0.06 imu=xsens:live tilt_rp=[+1.2,+0.5]deg imu_corr=0.000 act_max= 1.984 tau_cmd= 20.386 tau_cmd_max= 30.000 cmds=12 bus=can0:12 hz=33.4 tx=1.0ms fb_age=6.8ms fb=12 policy_cmd=[ 0.250, 0.000, 0.000] tau_fb= 8.704 tau_fb_max= 28.192",0.0,0.0,0.0,0.08265450596809387,0.062765933573246,-0.4040733277797699,0.008364635519683361,-0.02062118798494339,-0.999752402305603,0.25,0.0,0.0,0.07440033555030823,-0.13384391367435455,-0.05675902217626572,0.04563732072710991,0.04908888414502144,-0.06634669750928879,0.029146524146199226,-0.20479267835617065,0.01687430404126644,-0.1204211637377739,0.1100664809346199,-0.03489912673830986,-0.6550797820091248,-1.0560929775238037,0.19501326978206635,-0.9503464102745056,-0.04348887503147125,1.2575151920318604,-0.33051544427871704,-0.9187597036361694,-0.06500442326068878,0.6404309272766113,-0.26505324244499207,0.3666798770427704,-0.49688202142715454,-1.33665132522583,0.19735288619995117,-0.02208840474486351,-0.06636565923690796,0.7116453647613525,-0.33539384603500366,-0.6412476897239685,-1.2514698505401611,-0.039212703704833984,-0.13308443129062653,2.09415864944458,-0.09218490868806839,-1.4909201860427856,-0.2504386305809021,-0.29332417249679565,0.001394614577293396,0.44036734104156494,-0.2521684765815735,-0.59715336561203,-0.9238204956054688,0.5581209659576416,-0.16016247868537903,1.9780980348587036,-0.19686424732208252,-1.436197280883789,-0.1667078137397766,-0.22605980932712555,0.005443539470434189,0.4895573854446411,-0.2706480026245117,-0.6298085451126099,-1.015236258506775,0.39181798696517944,-0.13844949007034302,1.983506441116333,0.07440033555030823,-0.13384391367435455,-0.05675902217626572,0.04563732072710991,0.04908888414502144,-0.06634669750928879,0.029146524146199226,-0.20479267835617065,0.01687430404126644,-0.1204211637377739,0.1100664809346199,-0.03489912673830986,-0.6550797820091248,-1.0560929775238037,0.19501326978206635,-0.9503464102745056,-0.04348887503147125,1.2575151920318604,-0.33051544427871704,-0.9187597036361694,-0.06500442326068878,0.6404309272766113,-0.26505324244499207,0.3666798770427704,-0.04921606183052063,-0.3042544424533844,-0.04167695343494415,-0.05651495233178139,0.0013608848676085472,0.08412525802850723,-0.06569837033748627,-0.18491382896900177,0.0,-0.006978978402912617,0.019149817526340485,0.0,0.0,0.0,0.0,0.0,0.0,0.0,1.6653345369377348e-16,0.0,0.0,0.0,0.0,0.0
20260709_130944_282006,2026-07-09T13:10:43.909,59.627123,policy,2320,policy,0.10799999535083771,0.0,0.10799999535083771,0.0,0.25,0.0,0.25,0.0,0.06,xsens:live,0.035864442586898804,-0.0185888409614563,-0.9991837739944458,1.0658092237054926,2.055677297659622,0.0,1.859266996383667,21.576406478881836,30.0,12,can0:12,24.93286900005387,40.10769879703132,0.918576000003668,6.767120000006344,12,8.457901000976562,26.364330291748047,,"BL_hip_joint,BR_hip_joint,FL_hip_joint,FR_hip_joint,BL_thigh_joint,BR_thigh_joint,FL_thigh_joint,FR_thigh_joint,BL_calf_joint,BR_calf_joint,FL_calf_joint,FR_calf_joint",330e02f2406e129bb6ed6ec4a6c6bcd5f80d7e7799a2ab087e81eda65d2fae69,"step=002320 mode=policy vx= 0.108 vy= 0.000 vxy= 0.108 yaw= 0.000 speed=0.06 imu=xsens:live tilt_rp=[+1.1,+2.1]deg imu_corr=0.000 act_max= 1.859 tau_cmd= 21.576 tau_cmd_max= 30.000 cmds=12 bus=can0:12 hz=40.1 tx=0.9ms fb_age=6.8ms fb=12 policy_cmd=[ 0.250, 0.000, 0.000] tau_fb= 8.458 tau_fb_max= 26.364",0.0,0.0,0.0,-0.08585451543331146,-0.0014066697331145406,-0.03737955540418625,0.035864442586898804,-0.0185888409614563,-0.9991837739944458,0.25,0.0,0.0,0.0011505207512527704,-0.21438035368919373,0.01725780963897705,-0.0057526035234332085,-0.029146524146199226,-0.02032586559653282,0.19673903286457062,-0.23815777897834778,0.03528263419866562,-0.08552204072475433,0.07861891388893127,-0.1296253353357315,0.4504531919956207,0.8720663785934448,0.8029419779777527,0.4344309866428375,-0.5282753705978394,-0.04623554274439812,0.013275551609694958,0.13046662509441376,-0.5442976355552673,-0.5525376200675964,1.1751152276992798,0.48112431168556213,-0.09666281938552856,-0.4823092520236969,1.0895012617111206,0.9816651344299316,0.5535326600074768,-0.09656080603599548,-0.2123871147632599,-0.45307207107543945,-1.568698763847351,-0.6048441529273987,1.3413053750991821,1.868911623954773,-0.32008033990859985,-0.45291024446487427,0.5711748003959656,1.4635932445526123,1.3935301303863525,-0.36576688289642334,0.2078808695077896,-1.0472009181976318,-1.9728299379348755,-0.6030640006065369,0.9691482782363892,1.6490058898925781,-0.2445259541273117,-0.4488995373249054,0.6897954344749451,1.2724970579147339,1.1362018585205078,-0.28911423683166504,0.10222397744655609,-0.8819900155067444,-1.859266996383667,-0.608443021774292,1.087862491607666,1.711072325706482,0.0011505207512527704,-0.21438035368919373,0.01725780963897705,-0.0057526035234332085,-0.029146524146199226,-0.02032586559653282,0.19673903286457062,-0.23815777897834778,0.03528263419866562,-0.08552204072475433,0.07861891388893127,-0.1296253353357315,0.4504531919956207,0.8720663785934448,0.8029419779777527,0.4344309866428375,-0.5282753705978394,-0.04623554274439812,0.013275551609694958,0.13046662509441376,-0.5442976355552673,-0.5525376200675964,1.1751152276992798,0.48112431168556213,-0.06113148853182793,-0.11222488433122635,0.17079117894172668,0.12321273982524872,0.014164366759359837,-0.07227855920791626,0.12252423167228699,-0.2204975038766861,0.0,-0.152110755443573,0.22414624691009521,-0.025742756202816963,0.0,0.0,-1.1102230246251565e-16,0.0,0.0,0.0,0.0,0.0,0.0,0.0,0.0,0.0
20260709_130944_282006,2026-07-09T13:10:44.457,60.175786,pose,2340,stand,0.0,0.0,0.0,0.0,0.0,0.0,0.0,0.0,0.06,xsens:live,0.024105947464704514,-0.022793352603912354,-0.999449610710144,1.3064556204887956,1.381661770513011,0.024990051984786987,0.09996020793914795,8.964526176452637,27.687036514282227,12,can0:12,25.68197099998315,38.93782140010423,0.9967610000103377,6.776338000008764,12,8.383129119873047,22.537309646606445,,"BL_hip_joint,BR_hip_joint,FL_hip_joint,FR_hip_joint,BL_thigh_joint,BR_thigh_joint,FL_thigh_joint,FR_thigh_joint,BL_calf_joint,BR_calf_joint,FL_calf_joint,FR_calf_joint",330e02f2406e129bb6ed6ec4a6c6bcd5f80d7e7799a2ab087e81eda65d2fae69,"step=002340 mode=stand  vx= 0.000 vy= 0.000 vxy= 0.000 yaw= 0.000 speed=0.06 imu=xsens:live tilt_rp=[+1.3,+1.4]deg imu_corr=0.025 act_max= 0.100 tau_cmd= 8.965 tau_cmd_max= 27.687 cmds=12 bus=can0:12 hz=38.9 tx=1.0ms fb_age=6.8ms fb=12 tau_fb= 8.383 tau_fb_max= 22.537",0.0,0.0,0.0,0.0,0.0,0.0,0.024105947464704514,-0.022793352603912354,-0.999449610710144,0.0,0.0,0.0,0.0,0.0,0.0,0.0,0.0,0.0,0.0,0.0,0.0,0.0,0.0,0.0,0.0,0.0,0.0,0.0,0.0,0.0,0.0,0.0,0.0,0.0,0.0,0.0,0.0,0.0,0.0,0.0,0.0,0.0,0.0,0.0,0.0,0.0,0.0,0.0,0.22589018940925598,-0.9688760042190552,-0.11911491304636002,0.9246360659599304,0.2805013656616211,-0.26704099774360657,0.4164447784423828,-0.07350307703018188,-1.1425118446350098,0.71888667345047,-0.7807061672210693,0.9968487024307251,-0.047685861587524414,-0.09996020793914795,0.058944977819919586,0.017308950424194336,0.026397138833999634,-0.014159590005874634,0.0024175643920898438,-0.0200161375105381,-0.0014127492904663086,0.018220841884613037,-0.030449509620666504,-0.030776143074035645,-0.1016293317079544,-0.3620305061340332,-0.11044998466968536,0.008053644560277462,-0.05292395129799843,-0.18791837990283966,0.18523383140563965,-0.18983592092990875,0.13882949948310852,-0.02837951108813286,0.02722899056971073,-0.2642362415790558,-0.2838221490383148,-0.15518662333488464,0.04257332161068916,0.06591998040676117,-0.06546220183372498,0.05813775956630707,-0.125888854265213,0.0869777500629425,-0.04348887503147125,-0.04303110018372536,-0.01739555038511753,-0.012817773967981339,-0.11923424154520035,-0.4047236740589142,-0.1900232881307602,0.020011939108371735,-0.05338047444820404,-0.19855791330337524,0.10845138877630234,-0.16773764789104462,0.13182400166988373,0.0,0.0,-0.254019558429718,0.0,0.0,0.0,0.0,0.0,0.0,0.0,0.0,0.0,0.0,0.0,0.0
20260709_130944_282006,2026-07-09T13:10:45.015,60.733517,pose,2360,stand,0.0,0.0,0.0,0.0,0.0,0.0,0.0,0.0,0.06,xsens:live,-0.03200438618659973,-0.11280126124620438,-0.9931020736694336,6.480154730329157,-1.845814131994689,0.07999999821186066,0.3378532826900482,9.653181076049805,30.0,12,can0:12,25.596019999966302,39.06857394240654,0.990371000000323,6.84469100002616,12,11.288186073303223,42.50373840332031,,"BL_hip_joint,BR_hip_joint,FL_hip_joint,FR_hip_joint,BL_thigh_joint,BR_thigh_joint,FL_thigh_joint,FR_thigh_joint,BL_calf_joint,BR_calf_joint,FL_calf_joint,FR_calf_joint",330e02f2406e129bb6ed6ec4a6c6bcd5f80d7e7799a2ab087e81eda65d2fae69,"step=002360 mode=stand  vx= 0.000 vy= 0.000 vxy= 0.000 yaw= 0.000 speed=0.06 imu=xsens:live tilt_rp=[+6.5,-1.8]deg imu_corr=0.080 act_max= 0.338 tau_cmd= 9.653 tau_cmd_max= 30.000 cmds=12 bus=can0:12 hz=39.1 tx=1.0ms fb_age=6.8ms fb=12 tau_fb= 11.288 tau_fb_max= 42.504",0.0,0.0,0.0,0.0,0.0,0.0,-0.03200438618659973,-0.11280126124620438,-0.9931020736694336,0.0,0.0,0.0,0.0,0.0,0.0,0.0,0.0,0.0,0.0,0.0,0.0,0.0,0.0,0.0,0.0,0.0,0.0,0.0,0.0,0.0,0.0,0.0,0.0,0.0,0.0,0.0,0.0,0.0,0.0,0.0,0.0,0.0,0.0,0.0,0.0,0.0,0.0,0.0,-0.06427723169326782,-1.144137978553772,-0.05036219209432602,1.1044578552246094,0.3619857430458069,-0.2793329060077667,0.43875396251678467,-0.21291598677635193,-1.0583722591400146,0.8912568092346191,-0.9063822031021118,0.8860551118850708,-0.3378532826900482,-0.27522218227386475,0.12769770622253418,0.1971307396888733,0.10788151621818542,-0.02645149827003479,0.0247267484664917,-0.15942904353141785,0.08272683620452881,0.1905909776687622,-0.15612554550170898,-0.14156973361968994,-0.13844598829746246,-0.5395942330360413,-0.10469738394021988,0.014573262073099613,-0.026461975648999214,-0.14803366363048553,0.08015294373035431,-0.25043001770973206,0.11735311150550842,-0.0279960036277771,0.009587672539055347,-0.2519640326499939,-0.11032441258430481,-0.4600665271282196,0.04119998961687088,0.12314218282699585,0.143742173910141,0.13367107510566711,-0.08377330750226974,-0.10025330632925034,-0.021973326802253723,0.0398266538977623,0.05081331729888916,0.04898220673203468,-0.15750251710414886,-0.4702635407447815,-0.11595524847507477,0.06061035394668579,-0.01634768769145012,-0.147457093000412,0.08407001942396164,-0.1814345270395279,0.11614158749580383,0.0,0.0,-0.21329154074192047,0.0,-1.6653345369377348e-16,0.0,0.0,0.0,0.0,0.0,0.0,0.0,0.0,0.0,0.0
20260709_130944_282006,2026-07-09T13:10:45.568,61.286439,pose,2380,stand,0.0,0.0,0.0,0.0,0.0,0.0,0.0,0.0,0.06,xsens:live,-0.09237635880708694,-0.10634174197912216,-0.9900293350219727,6.130789547138943,-5.330645427486061,0.07999999821186066,0.37753015756607056,12.1792631149292,30.0,12,can0:12,30.820564000009654,32.445869582389435,0.9261140000376145,6.766803000004984,12,11.512497901916504,30.055849075317383,,"BL_hip_joint,BR_hip_joint,FL_hip_joint,FR_hip_joint,BL_thigh_joint,BR_thigh_joint,FL_thigh_joint,FR_thigh_joint,BL_calf_joint,BR_calf_joint,FL_calf_joint,FR_calf_joint",330e02f2406e129bb6ed6ec4a6c6bcd5f80d7e7799a2ab087e81eda65d2fae69,"step=002380 mode=stand  vx= 0.000 vy= 0.000 vxy= 0.000 yaw= 0.000 speed=0.06 imu=xsens:live tilt_rp=[+6.1,-5.3]deg imu_corr=0.080 act_max= 0.378 tau_cmd= 12.179 tau_cmd_max= 30.000 cmds=12 bus=can0:12 hz=32.4 tx=0.9ms fb_age=6.8ms fb=12 tau_fb= 11.512 tau_fb_max= 30.056",0.0,0.0,0.0,0.0,0.0,0.0,-0.09237635880708694,-0.10634174197912216,-0.9900293350219727,0.0,0.0,0.0,0.0,0.0,0.0,0.0,0.0,0.0,0.0,0.0,0.0,0.0,0.0,0.0,0.0,0.0,0.0,0.0,0.0,0.0,0.0,0.0,0.0,0.0,0.0,0.0,0.0,0.0,0.0,0.0,0.0,0.0,0.0,0.0,0.0,0.0,0.0,0.0,-0.10395412147045135,-1.0867953300476074,-0.1053670346736908,1.1180930137634277,0.346827894449234,-0.2854782044887543,0.4703817069530487,-0.22573557496070862,-1.0370755195617676,0.9417205452919006,-0.9463270902633667,0.8686307668685913,-0.37753015756607056,-0.2178795337677002,0.0726928561925888,0.21076589822769165,0.09272366762161255,-0.03259679675102234,0.05635449290275574,-0.17224863171577454,0.10402357578277588,0.2410547137260437,-0.19607043266296387,-0.15899407863616943,-0.17372862994670868,-0.7301971316337585,-0.07938592880964279,0.026078470051288605,-0.03796718269586563,-0.07133228331804276,0.05215694010257721,-0.23777428269386292,0.08782307803630829,-0.01725780963897705,0.00153402762953192,-0.17296160757541656,-0.044862210750579834,-0.04119998961687088,0.09430219233036041,-0.027924437075853348,-0.03479110077023506,0.03341776877641678,-0.06454664468765259,0.013275551609694958,-0.10025330632925034,-0.0068666646257042885,0.0119022186845541,0.1419110745191574,-0.11454986780881882,-0.6329413056373596,-0.047750119119882584,0.05774123966693878,0.0038701407611370087,-0.07093619555234909,0.04881048947572708,-0.1619662046432495,0.06856098026037216,0.0,0.0,-0.11905421316623688,0.0,-7.077671781985373e-16,0.0,0.0,0.0,0.0,0.0,0.0,0.0,0.0,0.0,0.0
20260709_130944_282006,2026-07-09T13:10:46.123,61.841054,pose,2400,stand,0.0,0.0,0.0,0.0,0.0,0.0,0.0,0.0,0.06,xsens:live,-0.11373239755630493,-0.12745657563209534,-0.9853018522262573,7.370730792725157,-6.584453710615299,0.07999999821186066,0.44083988666534424,11.314831733703613,30.0,12,can0:12,25.56011199999375,39.12345923993778,0.9895800000094823,6.864113000006,12,10.697651863098145,26.140933990478516,,"BL_hip_joint,BR_hip_joint,FL_hip_joint,FR_hip_joint,BL_thigh_joint,BR_thigh_joint,FL_thigh_joint,FR_thigh_joint,BL_calf_joint,BR_calf_joint,FL_calf_joint,FR_calf_joint",330e02f2406e129bb6ed6ec4a6c6bcd5f80d7e7799a2ab087e81eda65d2fae69,"step=002400 mode=stand  vx= 0.000 vy= 0.000 vxy= 0.000 yaw= 0.000 speed=0.06 imu=xsens:live tilt_rp=[+7.4,-6.6]deg imu_corr=0.080 act_max= 0.441 tau_cmd= 11.315 tau_cmd_max= 30.000 cmds=12 bus=can0:12 hz=39.1 tx=1.0ms fb_age=6.9ms fb=12 tau_fb= 10.698 tau_fb_max= 26.141",0.0,0.0,0.0,0.0,0.0,0.0,-0.11373239755630493,-0.12745657563209534,-0.9853018522262573,0.0,0.0,0.0,0.0,0.0,0.0,0.0,0.0,0.0,0.0,0.0,0.0,0.0,0.0,0.0,0.0,0.0,0.0,0.0,0.0,0.0,0.0,0.0,0.0,0.0,0.0,0.0,0.0,0.0,0.0,0.0,0.0,0.0,0.0,0.0,0.0,0.0,0.0,0.0,-0.16726385056972504,-1.1233901977539062,-0.10590077191591263,1.1695146560668945,0.35877710580825806,-0.2772790193557739,0.47048819065093994,-0.26068058609962463,-0.995474100112915,0.9997910261154175,-0.9764647483825684,0.833419144153595,-0.44083988666534424,-0.254474401473999,0.07215911895036697,0.26218754053115845,0.1046728789806366,-0.024397611618041992,0.05646097660064697,-0.20719364285469055,0.14562499523162842,0.29912519454956055,-0.22620809078216553,-0.19420570135116577,-0.1530192494392395,-0.7156238555908203,-0.015340276062488556,0.030297044664621353,-0.022626906633377075,0.0011505207512527704,0.019558852538466454,-0.1315428614616394,0.057909540832042694,-0.01380624808371067,0.00076701381476596,-0.09971179068088531,0.18402661383152008,0.2710043787956238,0.07003998011350632,0.0631733164191246,0.13824884593486786,0.1748710572719574,-0.020142216235399246,0.2769554853439331,-0.10711997002363205,0.0636310949921608,-0.0009155552834272385,0.07507553696632385,-0.08348795026540756,-0.5975539088249207,0.011384548619389534,0.06605667620897293,0.024218719452619553,-0.012437999248504639,0.01762055605649948,-0.05708768218755722,0.04070235788822174,0.0,0.0,-0.056557655334472656,0.0,-2.220446049250313e-16,0.0,0.0,0.0,0.0,0.0,0.0,0.0,0.0,0.0,0.0
20260709_130944_282006,2026-07-09T13:10:46.670,62.388146,pose,2420,stand,0.0,0.0,0.0,0.0,0.0,0.0,0.0,0.0,0.06,xsens:live,-0.11029426008462906,-0.14763770997524261,-0.9828725457191467,8.542556817327815,-6.4027310905802155,0.07999999821186066,0.47766822576522827,8.04195499420166,30.0,12,can0:12,25.14442599999711,39.7702456997871,0.4985019999708129,6.274603000008483,12,7.680898189544678,28.620258331298828,,"BL_hip_joint,BR_hip_joint,FL_hip_joint,FR_hip_joint,BL_thigh_joint,BR_thigh_joint,FL_thigh_joint,FR_thigh_joint,BL_calf_joint,BR_calf_joint,FL_calf_joint,FR_calf_joint",330e02f2406e129bb6ed6ec4a6c6bcd5f80d7e7799a2ab087e81eda65d2fae69,"step=002420 mode=stand  vx= 0.000 vy= 0.000 vxy= 0.000 yaw= 0.000 speed=0.06 imu=xsens:live tilt_rp=[+8.5,-6.4]deg imu_corr=0.080 act_max= 0.478 tau_cmd= 8.042 tau_cmd_max= 30.000 cmds=12 bus=can0:12 hz=39.8 tx=0.5ms fb_age=6.3ms fb=12 tau_fb= 7.681 tau_fb_max= 28.620",0.0,0.0,0.0,0.0,0.0,0.0,-0.11029426008462906,-0.14763770997524261,-0.9828725457191467,0.0,0.0,0.0,0.0,0.0,0.0,0.0,0.0,0.0,0.0,0.0,0.0,0.0,0.0,0.0,0.0,0.0,0.0,0.0,0.0,0.0,0.0,0.0,0.0,0.0,0.0,0.0,0.0,0.0,0.0,0.0,0.0,0.0,0.0,0.0,0.0,0.0,0.0,0.0,-0.20409218966960907,-1.1690633296966553,-0.08864413946866989,1.2106380462646484,0.37176868319511414,-0.26338785886764526,0.45716971158981323,-0.2867961823940277,-0.9659309387207031,1.0307624340057373,-0.9816306829452515,0.8114937543869019,-0.47766822576522827,-0.30014753341674805,0.08941575139760971,0.30331093072891235,0.11766445636749268,-0.01050645112991333,0.043142497539520264,-0.23330923914909363,0.17516815662384033,0.33009660243988037,-0.23137402534484863,-0.2161310911178589,-0.11888714134693146,-0.6688360571861267,0.0034515620209276676,0.07900242507457733,0.007670138031244278,0.018024824559688568,0.011888713575899601,-0.07209929823875427,0.0494723916053772,-0.015723783522844315,0.00076701381476596,-0.0924251601099968,0.030671102926135063,0.05767998471856117,0.12817774713039398,-0.013733329251408577,0.040742211043834686,-0.0068666646257042885,0.010986663401126862,-0.02609332650899887,0.0238044373691082,0.005493331700563431,-0.0718710869550705,-0.1350444108247757,-0.07999999821186066,-0.5649880766868591,0.022353937849402428,0.07582773268222809,0.02941611409187317,-0.0026266127824783325,0.010785624384880066,-0.05832730978727341,0.04379203915596008,0.0,0.0,-0.05403277277946472,0.0,0.0,0.0,0.0,0.0,0.0,0.0,0.0,0.0,0.0,0.0,0.0
20260709_130944_282006,2026-07-09T13:10:47.218,62.935986,pose,2440,stand,0.0,0.0,0.0,0.0,0.0,0.0,0.0,0.0,0.06,xsens:live,-0.11157438904047012,-0.14638303220272064,-0.9829156398773193,8.470650847234065,-6.476134970493522,0.07999999821186066,0.4762965142726898,8.77735710144043,30.0,12,can0:12,25.052486999982193,39.91619674328983,0.4932580000058806,6.279106000022239,12,8.648335456848145,28.0269775390625,,"BL_hip_joint,BR_hip_joint,FL_hip_joint,FR_hip_joint,BL_thigh_joint,BR_thigh_joint,FL_thigh_joint,FR_thigh_joint,BL_calf_joint,BR_calf_joint,FL_calf_joint,FR_calf_joint",330e02f2406e129bb6ed6ec4a6c6bcd5f80d7e7799a2ab087e81eda65d2fae69,"step=002440 mode=stand  vx= 0.000 vy= 0.000 vxy= 0.000 yaw= 0.000 speed=0.06 imu=xsens:live tilt_rp=[+8.5,-6.5]deg imu_corr=0.080 act_max= 0.476 tau_cmd= 8.777 tau_cmd_max= 30.000 cmds=12 bus=can0:12 hz=39.9 tx=0.5ms fb_age=6.3ms fb=12 tau_fb= 8.648 tau_fb_max= 28.027",0.0,0.0,0.0,0.0,0.0,0.0,-0.11157438904047012,-0.14638303220272064,-0.9829156398773193,0.0,0.0,0.0,0.0,0.0,0.0,0.0,0.0,0.0,0.0,0.0,0.0,0.0,0.0,0.0,0.0,0.0,0.0,0.0,0.0,0.0,0.0,0.0,0.0,0.0,0.0,0.0,0.0,0.0,0.0,0.0,0.0,0.0,0.0,0.0,0.0,0.0,0.0,0.0,-0.20272046327590942,-1.1659936904907227,-0.09046242386102676,1.2084556818008423,0.37086954712867737,-0.26443156599998474,0.45851317048072815,-0.28555649518966675,-0.9671386480331421,1.030117154121399,-0.9823850393295288,0.8121998906135559,-0.4762965142726898,-0.29707789421081543,0.08759746700525284,0.3011285662651062,0.11676532030105591,-0.011550158262252808,0.04448595643043518,-0.23206955194473267,0.17396044731140137,0.329451322555542,-0.23212838172912598,-0.21542495489120483,-0.12118817865848541,-0.6699865460395813,0.00421857601031661,0.06557968258857727,0.00076701381476596,0.02032586559653282,0.011121700517833233,-0.08091995865106583,0.050239402800798416,-0.016107289120554924,0.0011505207512527704,-0.09165815263986588,0.06179998070001602,-0.010071108117699623,0.024262215942144394,0.0631733164191246,-0.007782219909131527,-0.002288888208568096,0.02609332650899887,-0.08194220066070557,0.020142216235399246,0.059053316712379456,-0.056764427572488785,-0.040742211043834686,-0.07999999821186066,-0.5706554651260376,0.02189936675131321,0.07528214156627655,0.029191330075263977,-0.002887539565563202,0.011121489107608795,-0.058017387986183167,0.04349011182785034,0.0,0.0,-0.05385623872280121,0.0,-7.112366251504909e-16,0.0,0.0,0.0,0.0,0.0,0.0,0.0,0.0,0.0,0.0
20260709_130944_282006,2026-07-09T13:10:47.837,63.554974,pose,2460,sit,0.0,0.0,0.0,0.0,0.0,0.0,0.0,0.0,0.06,xsens:live,-0.11092517524957657,-0.13304118812084198,-0.9848836064338684,7.6931270573103,-6.426011848103718,0.0,0.0,9.270731925964355,23.20486068725586,12,can0:12,25.219659000015326,39.65160670885329,0.5059949999690616,6.434246000026178,12,9.030426979064941,23.716543197631836,,"BL_hip_joint,BR_hip_joint,FL_hip_joint,FR_hip_joint,BL_thigh_joint,BR_thigh_joint,FL_thigh_joint,FR_thigh_joint,BL_calf_joint,BR_calf_joint,FL_calf_joint,FR_calf_joint",330e02f2406e129bb6ed6ec4a6c6bcd5f80d7e7799a2ab087e81eda65d2fae69,"step=002460 mode=sit    vx= 0.000 vy= 0.000 vxy= 0.000 yaw= 0.000 speed=0.06 imu=xsens:live tilt_rp=[+7.7,-6.4]deg imu_corr=0.000 act_max= 0.000 tau_cmd= 9.271 tau_cmd_max= 23.205 cmds=12 bus=can0:12 hz=39.7 tx=0.5ms fb_age=6.4ms fb=12 tau_fb= 9.030 tau_fb_max= 23.717",,,,,,,,,,,,,,,,,,,,,,,,,,,,,,,,,,,,,,,,,,,,,,,,,0.0,0.0,0.0,0.0,0.0,0.0,0.0,0.0,0.0,0.0,0.0,0.0,0.0,0.0,0.0,0.0,0.0,0.0,0.0,0.0,0.0,0.0,0.0,0.0,-0.14343157410621643,-0.7029681205749512,-0.00153402762953192,0.05445798113942146,-0.021859893575310707,0.03259808570146561,0.011888713575899601,-0.09587672352790833,0.05829304829239845,-0.026845483109354973,0.00421857601031661,-0.11313453316688538,-0.04989776387810707,0.08880886435508728,0.04028443247079849,-0.014648884534835815,-0.08285775035619736,0.10391552746295929,-0.031128879636526108,-0.110782191157341,-0.02059999480843544,-0.07370220124721527,0.05081331729888916,-0.03387554734945297,-0.12064816057682037,-0.6677647233009338,0.0041997781954705715,0.06490565836429596,0.0033734014723449945,0.01800728589296341,0.013300149701535702,-0.08240558207035065,0.05694160237908363,-0.02334337867796421,0.00845325831323862,-0.09893938153982162,0.0,0.0,0.0,0.0,0.0,0.0,0.0,0.0,0.0,0.0,0.0,0.0
20260709_130944_282006,2026-07-09T13:10:48.376,64.094225,pose,2480,sit,0.0,0.0,0.0,0.0,0.0,0.0,0.0,0.0,0.06,xsens:live,-0.10614921897649765,-0.13171227276325226,-0.9855882525444031,7.611807016107902,-6.147139738341649,0.0,0.0,8.242472648620605,29.429798126220703,12,can0:12,24.080609999998615,41.52718722657182,0.49412599997822326,6.3738509999780035,12,8.749656677246094,27.499618530273438,,"BL_hip_joint,BR_hip_joint,FL_hip_joint,FR_hip_joint,BL_thigh_joint,BR_thigh_joint,FL_thigh_joint,FR_thigh_joint,BL_calf_joint,BR_calf_joint,FL_calf_joint,FR_calf_joint",330e02f2406e129bb6ed6ec4a6c6bcd5f80d7e7799a2ab087e81eda65d2fae69,"step=002480 mode=sit    vx= 0.000 vy= 0.000 vxy= 0.000 yaw= 0.000 speed=0.06 imu=xsens:live tilt_rp=[+7.6,-6.1]deg imu_corr=0.000 act_max= 0.000 tau_cmd= 8.242 tau_cmd_max= 29.430 cmds=12 bus=can0:12 hz=41.5 tx=0.5ms fb_age=6.4ms fb=12 tau_fb= 8.750 tau_fb_max= 27.500",,,,,,,,,,,,,,,,,,,,,,,,,,,,,,,,,,,,,,,,,,,,,,,,,0.0,0.0,0.0,0.0,0.0,0.0,0.0,0.0,0.0,0.0,0.0,0.0,0.0,0.0,0.0,0.0,0.0,0.0,0.0,0.0,0.0,0.0,0.0,0.0,-0.13959650695323944,-0.6941474676132202,-0.0019175345078110695,0.054074473679065704,-0.01035468652844429,0.021859893575310707,0.019942358136177063,-0.10623141378164291,0.09280867129564285,-0.060977596789598465,0.040268223732709885,-0.1484171748161316,0.0869777500629425,0.09292886406183243,-0.0068666646257042885,0.0068666646257042885,-0.007324442267417908,-0.050355542451143265,0.014191106893122196,0.05310220643877983,0.09842219203710556,-0.07736442238092422,0.05722220614552498,-0.09704886376857758,-0.11751914024353027,-0.6504461765289307,0.004090856295078993,0.06322232633829117,0.016253452748060226,0.004572726786136627,0.0259227491915226,-0.09323592483997345,0.09799834340810776,-0.06527149677276611,0.050767555832862854,-0.13890691101551056,0.0,0.0,0.0,0.0,0.0,0.0,0.0,0.0,0.0,0.0,0.0,0.0
20260709_130944_282006,2026-07-09T13:10:48.902,64.620767,pose,2500,sit,0.0,0.0,0.0,0.0,0.0,0.0,0.0,0.0,0.06,xsens:live,-0.10148809105157852,-0.13916057348251343,-0.9850556254386902,8.04106543250233,-5.8823023645090995,0.0,0.0,8.609811782836914,40.11553192138672,12,can0:12,24.084737999999106,41.52006968064328,0.5291030000194041,6.446301000039512,12,9.340800285339355,33.70342254638672,,"BL_hip_joint,BR_hip_joint,FL_hip_joint,FR_hip_joint,BL_thigh_joint,BR_thigh_joint,FL_thigh_joint,FR_thigh_joint,BL_calf_joint,BR_calf_joint,FL_calf_joint,FR_calf_joint",330e02f2406e129bb6ed6ec4a6c6bcd5f80d7e7799a2ab087e81eda65d2fae69,"step=002500 mode=sit    vx= 0.000 vy= 0.000 vxy= 0.000 yaw= 0.000 speed=0.06 imu=xsens:live tilt_rp=[+8.0,-5.9]deg imu_corr=0.000 act_max= 0.000 tau_cmd= 8.610 tau_cmd_max= 40.116 cmds=12 bus=can0:12 hz=41.5 tx=0.5ms fb_age=6.4ms fb=12 tau_fb= 9.341 tau_fb_max= 33.703",,,,,,,,,,,,,,,,,,,,,,,,,,,,,,,,,,,,,,,,,,,,,,,,,0.0,0.0,0.0,0.0,0.0,0.0,0.0,0.0,0.0,0.0,0.0,0.0,0.0,0.0,0.0,0.0,0.0,0.0,0.0,0.0,0.0,0.0,0.0,0.0,-0.1288583129644394,-0.6738216280937195,-0.0019175345078110695,0.05138992518186569,0.008820658549666405,0.0019175345078110695,0.03911770507693291,-0.12425623834133148,0.16260692477226257,-0.13269339501857758,0.1100664809346199,-0.2155308723449707,0.07599108666181564,0.014648884534835815,-0.02609332650899887,0.032959990203380585,0.0631733164191246,-0.0631733164191246,0.12176885455846786,0.040742211043834686,0.13183996081352234,-0.125888854265213,0.11810663342475891,-0.0636310949921608,-0.11195138841867447,-0.6196297407150269,0.0038970422465354204,0.06022701412439346,0.03917212039232254,-0.019332628697156906,0.048383310437202454,-0.11250735819339752,0.171054407954216,-0.1398780792951584,0.12606129050254822,-0.21002483367919922,0.0,0.0,0.0,0.0,0.0,0.0,0.0,0.0,0.0,0.0,0.0,0.0
20260709_130944_282006,2026-07-09T13:10:49.425,65.143865,pose,2520,sit,0.0,0.0,0.0,0.0,0.0,0.0,0.0,0.0,0.06,xsens:live,-0.09349563717842102,-0.14979366958141327,-0.9842867851257324,8.653161805995612,-5.426142868725266,0.0,0.0,10.11874771118164,48.61933517456055,12,can0:12,30.785766999997577,32.4825429881308,0.5127229999857263,6.407632999980706,12,9.706106185913086,42.39387130737305,,"BL_hip_joint,BR_hip_joint,FL_hip_joint,FR_hip_joint,BL_thigh_joint,BR_thigh_joint,FL_thigh_joint,FR_thigh_joint,BL_calf_joint,BR_calf_joint,FL_calf_joint,FR_calf_joint",330e02f2406e129bb6ed6ec4a6c6bcd5f80d7e7799a2ab087e81eda65d2fae69,"step=002520 mode=sit    vx= 0.000 vy= 0.000 vxy= 0.000 yaw= 0.000 speed=0.06 imu=xsens:live tilt_rp=[+8.7,-5.4]deg imu_corr=0.000 act_max= 0.000 tau_cmd= 10.119 tau_cmd_max= 48.619 cmds=12 bus=can0:12 hz=32.5 tx=0.5ms fb_age=6.4ms fb=12 tau_fb= 9.706 tau_fb_max= 42.394",,,,,,,,,,,,,,,,,,,,,,,,,,,,,,,,,,,,,,,,,,,,,,,,,0.0,0.0,0.0,0.0,0.0,0.0,0.0,0.0,0.0,0.0,0.0,0.0,0.0,0.0,0.0,0.0,0.0,0.0,0.0,0.0,0.0,0.0,0.0,0.0,-0.11044998466968536,-0.6427575945854187,-0.002301041502505541,0.050239402800798416,0.04180225357413292,-0.029146524146199226,0.06711370497941971,-0.14995120465755463,0.2600176930427551,-0.23278868198394775,0.20977827906608582,-0.31294164061546326,0.0068666646257042885,0.008239997550845146,0.016022218391299248,-0.03891110047698021,0.0791955292224884,0.025635547935962677,0.05081331729888916,-0.07324442267417908,0.1583910584449768,-0.15518662333488464,0.10711997002363205,-0.11673329770565033,-0.10434586554765701,-0.5775346159934998,0.0036322930827736855,0.05613543465733528,0.0704788789153099,-0.05198720470070839,0.07906430214643478,-0.13883203268051147,0.2708485722541809,-0.24179023504257202,0.2289121150970459,-0.3071715235710144,0.0,0.0,0.0,0.0,0.0,0.0,0.0,0.0,0.0,0.0,0.0,0.0
20260709_130944_282006,2026-07-09T13:10:49.951,65.669534,pose,2540,sit,0.0,0.0,0.0,0.0,0.0,0.0,0.0,0.0,0.06,xsens:live,-0.082095205783844,-0.15903079509735107,-0.9838544726371765,9.181904700364047,-4.769849178356253,0.0,0.0,10.277952194213867,55.652671813964844,12,can0:12,24.219408000021758,41.28920079297981,0.48997099997905025,6.3763680000192835,12,10.256051063537598,50.20539093017578,,"BL_hip_joint,BR_hip_joint,FL_hip_joint,FR_hip_joint,BL_thigh_joint,BR_thigh_joint,FL_thigh_joint,FR_thigh_joint,BL_calf_joint,BR_calf_joint,FL_calf_joint,FR_calf_joint",330e02f2406e129bb6ed6ec4a6c6bcd5f80d7e7799a2ab087e81eda65d2fae69,"step=002540 mode=sit    vx= 0.000 vy= 0.000 vxy= 0.000 yaw= 0.000 speed=0.06 imu=xsens:live tilt_rp=[+9.2,-4.8]deg imu_corr=0.000 act_max= 0.000 tau_cmd= 10.278 tau_cmd_max= 55.653 cmds=12 bus=can0:12 hz=41.3 tx=0.5ms fb_age=6.4ms fb=12 tau_fb= 10.256 tau_fb_max= 50.205",,,,,,,,,,,,,,,,,,,,,,,,,,,,,,,,,,,,,,,,,,,,,,,,,0.0,0.0,0.0,0.0,0.0,0.0,0.0,0.0,0.0,0.0,0.0,0.0,0.0,0.0,0.0,0.0,0.0,0.0,0.0,0.0,0.0,0.0,0.0,0.0,-0.09357568621635437,-0.6036398410797119,-0.002301041502505541,0.047171350568532944,0.08015294373035431,-0.06711370497941971,0.10316335409879684,-0.18063175678253174,0.3796718418598175,-0.3555108904838562,0.3328839838504791,-0.4310617446899414,0.07507553696632385,0.0636310949921608,-0.09979552775621414,0.009155552834272385,0.025635547935962677,-0.05722220614552498,0.07690664380788803,-0.041657764464616776,0.20416882634162903,-0.1977599412202835,0.2385021448135376,-0.15701773762702942,-0.09510355442762375,-0.5263801217079163,0.003310566768050194,0.05116330087184906,0.10852322727441788,-0.09166942536830902,0.11634819954633713,-0.17082206904888153,0.3921195864677429,-0.36563506722450256,0.3538976013660431,-0.42522525787353516,0.0,0.0,0.0,0.0,0.0,0.0,0.0,0.0,0.0,0.0,0.0,0.0
20260709_130944_282006,2026-07-09T13:10:50.472,66.190741,pose,2560,sit,0.0,0.0,0.0,0.0,0.0,0.0,0.0,0.0,0.06,xsens:live,-0.06608939170837402,-0.15140515565872192,-0.986259937286377,8.727595751817207,-3.83366544921037,0.0,0.0,12.774640083312988,63.93465805053711,12,can0:12,23.262024000018755,42.98852068930862,0.5016229999910138,6.310304999999516,12,11.885738372802734,57.73125457763672,,"BL_hip_joint,BR_hip_joint,FL_hip_joint,FR_hip_joint,BL_thigh_joint,BR_thigh_joint,FL_thigh_joint,FR_thigh_joint,BL_calf_joint,BR_calf_joint,FL_calf_joint,FR_calf_joint",330e02f2406e129bb6ed6ec4a6c6bcd5f80d7e7799a2ab087e81eda65d2fae69,"step=002560 mode=sit    vx= 0.000 vy= 0.000 vxy= 0.000 yaw= 0.000 speed=0.06 imu=xsens:live tilt_rp=[+8.7,-3.8]deg imu_corr=0.000 act_max= 0.000 tau_cmd= 12.775 tau_cmd_max= 63.935 cmds=12 bus=can0:12 hz=43.0 tx=0.5ms fb_age=6.3ms fb=12 tau_fb= 11.886 tau_fb_max= 57.731",,,,,,,,,,,,,,,,,,,,,,,,,,,,,,,,,,,,,,,,,,,,,,,,,0.0,0.0,0.0,0.0,0.0,0.0,0.0,0.0,0.0,0.0,0.0,0.0,0.0,0.0,0.0,0.0,0.0,0.0,0.0,0.0,0.0,0.0,0.0,0.0,-0.08360450714826584,-0.5564684867858887,-0.0026845482643693686,0.03911770507693291,0.13384391367435455,-0.09549321979284286,0.14611612260341644,-0.20402567088603973,0.5096806883811951,-0.5073796510696411,0.47171348333358765,-0.5668231844902039,0.009613330475986004,0.059053316712379456,-0.05264442786574364,-0.10391552746295929,0.050355542451143265,0.02471999265253544,0.08926664292812347,-0.03250221163034439,0.2449110448360443,-0.25818657875061035,0.17029328644275665,-0.21103549003601074,-0.08462540805339813,-0.46838557720184326,0.0029458212666213512,0.045526325702667236,0.15165464580059052,-0.13665771484375,0.15861749649047852,-0.2070896327495575,0.529606282711029,-0.5060396790504456,0.49559545516967773,-0.559064507484436,0.0,0.0,0.0,0.0,0.0,0.0,0.0,0.0,0.0,0.0,0.0,0.0
20260709_130944_282006,2026-07-09T13:10:50.604,66.322484,policy,2565,encoder_fault,0.0,0.0,0.0,0.0,0.0,0.0,0.0,0.0,0.06,xsens:live,-0.058835677802562714,-0.1438593715429306,-0.987847626209259,8.2856872232136,-3.4084795436792974,0.0,0.0,13.627803802490234,65.44386291503906,12,can0:12,,,,,,12.661213874816895,60.57313919067383,EXCESSIVE MOTOR TORQUE: BR_hip_joint=+60.573; limit=60.000,,,"step=002565 mode=encoder_fault vx= 0.000 vy= 0.000 vxy= 0.000 yaw= 0.000 speed=0.06 imu=xsens:live tilt_rp=[+8.3,-3.4]deg imu_corr=0.000 act_max= 0.000 tau_cmd= 13.628 tau_cmd_max= 65.444 cmds=12 bus=can0:12 tau_fb= 12.661 tau_fb_max= 60.573",,,,,,,,,,,,,,,,,,,,,,,,,,,,,,,,,,,,,,,,,,,,,,,,,,,,,,,,,,,,,,,,,,,,,,,,,,,,,,,,,,,,,,,,,,,,,,,,,,,,,,,,,,,,,,,,,,,,,,,,
