run_id,wall_time,elapsed_s,phase,step,mode,vx,vy,vxy,yaw,policy_vx,policy_vy,policy_vxy,policy_yaw,speed,imu,gravity_x,gravity_y,gravity_z,imu_roll_deg,imu_pitch_deg,imu_correction_abs_max,act_max,tau_cmd,tau_cmd_max,cmds,bus_counts,tau_fb,tau_fb_max,fault_reason,policy_joint_order,policy_sha256,compact_line,obs_000,obs_001,obs_002,obs_003,obs_004,obs_005,obs_006,obs_007,obs_008,obs_009,obs_010,obs_011,obs_012,obs_013,obs_014,obs_015,obs_016,obs_017,obs_018,obs_019,obs_020,obs_021,obs_022,obs_023,obs_024,obs_025,obs_026,obs_027,obs_028,obs_029,obs_030,obs_031,obs_032,obs_033,obs_034,obs_035,obs_036,obs_037,obs_038,obs_039,obs_040,obs_041,obs_042,obs_043,obs_044,obs_045,obs_046,obs_047,action_00,action_01,action_02,action_03,action_04,action_05,action_06,action_07,action_08,action_09,action_10,action_11,sent_action_00,sent_action_01,sent_action_02,sent_action_03,sent_action_04,sent_action_05,sent_action_06,sent_action_07,sent_action_08,sent_action_09,sent_action_10,sent_action_11,q_00,q_01,q_02,q_03,q_04,q_05,q_06,q_07,q_08,q_09,q_10,q_11,qd_00,qd_01,qd_02,qd_03,qd_04,qd_05,qd_06,qd_07,qd_08,qd_09,qd_10,qd_11,q_target_00,q_target_01,q_target_02,q_target_03,q_target_04,q_target_05,q_target_06,q_target_07,q_target_08,q_target_09,q_target_10,q_target_11,qd_target_00,qd_target_01,qd_target_02,qd_target_03,qd_target_04,qd_target_05,qd_target_06,qd_target_07,qd_target_08,qd_target_09,qd_target_10,qd_target_11
20260708_192923_786968,2026-07-08T19:29:24.065,0.278272,pose,0,sit,0.0,0.0,0.0,0.0,0.0,0.0,0.0,0.0,1.0,fake,0.0,0.0,-1.0,-0.0,0.0,0.0,0.0,1.2455803155899048,5.355897426605225,12,can0:12,0.032044436782598495,0.11352885514497757,,"BL_hip_joint,BR_hip_joint,FL_hip_joint,FR_hip_joint,BL_thigh_joint,BR_thigh_joint,FL_thigh_joint,FR_thigh_joint,BL_calf_joint,BR_calf_joint,FL_calf_joint,FR_calf_joint",330e02f2406e129bb6ed6ec4a6c6bcd5f80d7e7799a2ab087e81eda65d2fae69,"step=000000 mode=sit    vx= 0.000 vy= 0.000 vxy= 0.000 yaw= 0.000 speed=1.00 imu=fake tilt_rp=[-0.0,+0.0]deg imu_corr=0.000 act_max= 0.000 tau_cmd= 1.246 tau_cmd_max= 5.356 cmds=12 bus=can0:12 tau_fb= 0.032 tau_fb_max= 0.114",,,,,,,,,,,,,,,,,,,,,,,,,,,,,,,,,,,,,,,,,,,,,,,,,0.0,0.0,0.0,0.0,0.0,0.0,0.0,0.0,0.0,0.0,0.0,0.0,0.0,0.0,0.0,0.0,0.0,0.0,0.0,0.0,0.0,0.0,0.0,0.0,0.5890666246414185,-0.5672066807746887,-0.4732475280761719,0.6189801096916199,-0.2070937305688858,0.1679760217666626,-0.33556854724884033,0.3723852038383484,1.6966345310211182,-1.3978826999664307,0.8352780342102051,-1.1405495405197144,0.043946653604507446,-0.06683553755283356,-0.027466658502817154,-0.017853328958153725,-0.04989776387810707,-0.00045777764171361923,-0.003662221133708954,-0.0,0.0068666646257042885,0.14877773821353912,-0.030671102926135063,-0.018768884241580963,0.5890666246414185,-0.5672066807746887,-0.4732475280761719,0.6189801096916199,-0.2070937305688858,0.1679760217666626,-0.33556854724884033,0.3723852038383484,1.6966345310211182,-1.3978826999664307,0.8352780342102051,-1.1405495405197144,0.0,0.0,0.0,0.0,0.0,0.0,0.0,0.0,0.0,0.0,0.0,0.0
20260708_192923_786968,2026-07-08T19:29:24.231,0.444153,pose,5,sit,0.0,0.0,0.0,0.0,0.0,0.0,0.0,0.0,1.0,fake,0.0,0.0,-1.0,-0.0,0.0,0.0,0.0,1.8714715242385864,5.2114739418029785,12,can0:12,0.6601153612136841,1.3550218343734741,,"BL_hip_joint,BR_hip_joint,FL_hip_joint,FR_hip_joint,BL_thigh_joint,BR_thigh_joint,FL_thigh_joint,FR_thigh_joint,BL_calf_joint,BR_calf_joint,FL_calf_joint,FR_calf_joint",330e02f2406e129bb6ed6ec4a6c6bcd5f80d7e7799a2ab087e81eda65d2fae69,"step=000005 mode=sit    vx= 0.000 vy= 0.000 vxy= 0.000 yaw= 0.000 speed=1.00 imu=fake tilt_rp=[-0.0,+0.0]deg imu_corr=0.000 act_max= 0.000 tau_cmd= 1.871 tau_cmd_max= 5.211 cmds=12 bus=can0:12 tau_fb= 0.660 tau_fb_max= 1.355",,,,,,,,,,,,,,,,,,,,,,,,,,,,,,,,,,,,,,,,,,,,,,,,,0.0,0.0,0.0,0.0,0.0,0.0,0.0,0.0,0.0,0.0,0.0,0.0,0.0,0.0,0.0,0.0,0.0,0.0,0.0,0.0,0.0,0.0,0.0,0.0,0.590217113494873,-0.568740725517273,-0.47439804673194885,0.620897650718689,-0.20786073803901672,0.1679760217666626,-0.33748605847358704,0.3743027448654175,1.7039211988449097,-1.4032517671585083,0.8383460640907288,-1.1451516151428223,-0.029755547642707825,-0.020142216235399246,-0.00045777764171361923,-0.05813775956630707,-0.0476088747382164,0.016022218391299248,-0.016479995101690292,-0.04623554274439812,-0.06591998040676117,-0.040742211043834686,0.019226660951972008,0.03662221133708954,0.5881519913673401,-0.5663260221481323,-0.47251272201538086,0.6180190443992615,-0.2059958577156067,0.1669388860464096,-0.3342711925506592,0.37103068828582764,1.6965465545654297,-1.3982585668563843,0.8365274667739868,-1.1413249969482422,0.0,0.0,0.0,0.0,0.0,0.0,0.0,0.0,0.0,0.0,0.0,0.0
20260708_192923_786968,2026-07-08T19:29:24.372,0.585609,pose,10,sit,0.0,0.0,0.0,0.0,0.0,0.0,0.0,0.0,1.0,fake,0.0,0.0,-1.0,-0.0,0.0,0.0,0.0,3.316182851791382,5.764345169067383,12,can0:12,0.7296975255012512,1.3806573152542114,,"BL_hip_joint,BR_hip_joint,FL_hip_joint,FR_hip_joint,BL_thigh_joint,BR_thigh_joint,FL_thigh_joint,FR_thigh_joint,BL_calf_joint,BR_calf_joint,FL_calf_joint,FR_calf_joint",330e02f2406e129bb6ed6ec4a6c6bcd5f80d7e7799a2ab087e81eda65d2fae69,"step=000010 mode=sit    vx= 0.000 vy= 0.000 vxy= 0.000 yaw= 0.000 speed=1.00 imu=fake tilt_rp=[-0.0,+0.0]deg imu_corr=0.000 act_max= 0.000 tau_cmd= 3.316 tau_cmd_max= 5.764 cmds=12 bus=can0:12 tau_fb= 0.730 tau_fb_max= 1.381",,,,,,,,,,,,,,,,,,,,,,,,,,,,,,,,,,,,,,,,,,,,,,,,,0.0,0.0,0.0,0.0,0.0,0.0,0.0,0.0,0.0,0.0,0.0,0.0,0.0,0.0,0.0,0.0,0.0,0.0,0.0,0.0,0.0,0.0,0.0,0.0,0.5898336172103882,-0.5679737329483032,-0.4740145206451416,0.6201306581497192,-0.2070937305688858,0.16720901429653168,-0.3359520435333252,0.37353572249412537,1.7043046951293945,-1.4047857522964478,0.8402636051177979,-1.1466856002807617,0.0119022186845541,0.021973326802253723,0.025635547935962677,-0.05218665301799774,-0.01831110566854477,-0.02151555009186268,-0.059053316712379456,0.043946653604507446,-0.04623554274439812,-0.047151096165180206,0.03799554333090782,-0.07827997952699661,0.5854649543762207,-0.5637386441230774,-0.47035399079322815,0.6151955127716064,-0.20277039706707,0.16389185190200806,-0.33045968413352966,0.36705124378204346,1.6962882280349731,-1.3993630409240723,0.840198278427124,-1.1436033248901367,0.0,0.0,0.0,0.0,0.0,0.0,0.0,0.0,0.0,0.0,0.0,0.0
20260708_192923_786968,2026-07-08T19:29:24.502,0.715589,pose,15,sit,0.0,0.0,0.0,0.0,0.0,0.0,0.0,0.0,1.0,fake,0.0,0.0,-1.0,-0.0,0.0,0.0,0.0,3.3548591136932373,6.931755065917969,12,can0:12,0.9091463685035706,1.4905240535736084,,"BL_hip_joint,BR_hip_joint,FL_hip_joint,FR_hip_joint,BL_thigh_joint,BR_thigh_joint,FL_thigh_joint,FR_thigh_joint,BL_calf_joint,BR_calf_joint,FL_calf_joint,FR_calf_joint",330e02f2406e129bb6ed6ec4a6c6bcd5f80d7e7799a2ab087e81eda65d2fae69,"step=000015 mode=sit    vx= 0.000 vy= 0.000 vxy= 0.000 yaw= 0.000 speed=1.00 imu=fake tilt_rp=[-0.0,+0.0]deg imu_corr=0.000 act_max= 0.000 tau_cmd= 3.355 tau_cmd_max= 6.932 cmds=12 bus=can0:12 tau_fb= 0.909 tau_fb_max= 1.491",,,,,,,,,,,,,,,,,,,,,,,,,,,,,,,,,,,,,,,,,,,,,,,,,0.0,0.0,0.0,0.0,0.0,0.0,0.0,0.0,0.0,0.0,0.0,0.0,0.0,0.0,0.0,0.0,0.0,0.0,0.0,0.0,0.0,0.0,0.0,0.0,0.5879160761833191,-0.566439688205719,-0.47248050570487976,0.6178296208381653,-0.2044091820716858,0.16452446579933167,-0.33250048756599426,0.37008416652679443,1.7043046951293945,-1.4059362411499023,0.844098687171936,-1.1493701934814453,0.050355542451143265,0.05264442786574364,0.027466658502817154,-0.07003998011350632,-0.0027466658502817154,-0.026551103219389915,0.05310220643877983,0.03799554333090782,0.0,0.08239997923374176,0.07461775839328766,-0.015564439818263054,0.5810905694961548,-0.5595266222953796,-0.4668397009372711,0.6105990409851074,-0.19751958549022675,0.15893152356147766,-0.3242548406124115,0.3605729937553406,1.695867657661438,-1.4011609554290771,0.8461740612983704,-1.1473121643066406,0.0,0.0,0.0,0.0,0.0,0.0,0.0,0.0,0.0,0.0,0.0,0.0
20260708_192923_786968,2026-07-08T19:29:24.626,0.839496,pose,20,sit,0.0,0.0,0.0,0.0,0.0,0.0,0.0,0.0,1.0,fake,0.0,0.0,-1.0,-0.0,0.0,0.0,0.0,4.569039821624756,8.719595909118652,12,can0:12,1.2155522108078003,3.083590269088745,,"BL_hip_joint,BR_hip_joint,FL_hip_joint,FR_hip_joint,BL_thigh_joint,BR_thigh_joint,FL_thigh_joint,FR_thigh_joint,BL_calf_joint,BR_calf_joint,FL_calf_joint,FR_calf_joint",330e02f2406e129bb6ed6ec4a6c6bcd5f80d7e7799a2ab087e81eda65d2fae69,"step=000020 mode=sit    vx= 0.000 vy= 0.000 vxy= 0.000 yaw= 0.000 speed=1.00 imu=fake tilt_rp=[-0.0,+0.0]deg imu_corr=0.000 act_max= 0.000 tau_cmd= 4.569 tau_cmd_max= 8.720 cmds=12 bus=can0:12 tau_fb= 1.216 tau_fb_max= 3.084",,,,,,,,,,,,,,,,,,,,,,,,,,,,,,,,,,,,,,,,,,,,,,,,,0.0,0.0,0.0,0.0,0.0,0.0,0.0,0.0,0.0,0.0,0.0,0.0,0.0,0.0,0.0,0.0,0.0,0.0,0.0,0.0,0.0,0.0,0.0,0.0,0.5852315425872803,-0.5633716583251953,-0.47056296467781067,0.6147615909576416,-0.19904008507728577,0.16068939864635468,-0.32598087191581726,0.36356455087661743,1.7043046951293945,-1.408237338066101,0.8513852953910828,-1.1535887718200684,0.031128879636526108,0.01144444104284048,0.024262215942144394,-0.0787377581000328,0.04028443247079849,-0.08377330750226974,0.09704886376857758,-0.09292886406183243,0.054475538432598114,-0.06271553784608841,0.10940885543823242,-0.0947599709033966,0.5751141309738159,-0.55377197265625,-0.4620382785797119,0.6043190956115723,-0.1903456598520279,0.15215449035167694,-0.315777450799942,0.3517220616340637,1.6952930688858032,-1.4036173820495605,0.854338526725769,-1.1523793935775757,0.0,0.0,0.0,0.0,0.0,0.0,0.0,0.0,0.0,0.0,0.0,0.0
20260708_192923_786968,2026-07-08T19:29:24.747,0.960465,pose,25,sit,0.0,0.0,0.0,0.0,0.0,0.0,0.0,0.0,1.0,fake,0.0,0.0,-1.0,-0.0,0.0,0.0,0.0,4.501743793487549,9.237935066223145,12,can0:12,1.2155522108078003,2.933439016342163,,"BL_hip_joint,BR_hip_joint,FL_hip_joint,FR_hip_joint,BL_thigh_joint,BR_thigh_joint,FL_thigh_joint,FR_thigh_joint,BL_calf_joint,BR_calf_joint,FL_calf_joint,FR_calf_joint",330e02f2406e129bb6ed6ec4a6c6bcd5f80d7e7799a2ab087e81eda65d2fae69,"step=000025 mode=sit    vx= 0.000 vy= 0.000 vxy= 0.000 yaw= 0.000 speed=1.00 imu=fake tilt_rp=[-0.0,+0.0]deg imu_corr=0.000 act_max= 0.000 tau_cmd= 4.502 tau_cmd_max= 9.238 cmds=12 bus=can0:12 tau_fb= 1.216 tau_fb_max= 2.933",,,,,,,,,,,,,,,,,,,,,,,,,,,,,,,,,,,,,,,,,,,,,,,,,0.0,0.0,0.0,0.0,0.0,0.0,0.0,0.0,0.0,0.0,0.0,0.0,0.0,0.0,0.0,0.0,0.0,0.0,0.0,0.0,0.0,0.0,0.0,0.0,0.5802459120750427,-0.557619035243988,-0.46596089005470276,0.6086254715919495,-0.19098643958568573,0.15455327928066254,-0.3163931965827942,0.3528263568878174,1.7039211988449097,-1.4105384349822998,0.8605895042419434,-1.1597248315811157,-0.006408886983990669,0.04303110018372536,0.04898220673203468,-0.06454664468765259,0.07370220124721527,-0.037537768483161926,0.09109774976968765,-0.08468886464834213,0.007324442267417908,-0.016937773674726486,0.09796441346406937,-0.05081331729888916,0.5676207542419434,-0.5465566515922546,-0.45601820945739746,0.5964451432228088,-0.18135087192058563,0.14365731179714203,-0.3051483631134033,0.3406246602535248,1.6945726871490479,-1.406697392463684,0.864575207233429,-1.1587327718734741,0.0,0.0,0.0,0.0,0.0,0.0,0.0,0.0,0.0,0.0,0.0,0.0
20260708_192923_786968,2026-07-08T19:29:24.866,1.079621,pose,30,sit,0.0,0.0,0.0,0.0,0.0,0.0,0.0,0.0,1.0,fake,0.0,0.0,-1.0,-0.0,0.0,0.0,0.0,4.788279056549072,7.795437335968018,12,can0:12,1.3779107332229614,3.4168522357940674,,"BL_hip_joint,BR_hip_joint,FL_hip_joint,FR_hip_joint,BL_thigh_joint,BR_thigh_joint,FL_thigh_joint,FR_thigh_joint,BL_calf_joint,BR_calf_joint,FL_calf_joint,FR_calf_joint",330e02f2406e129bb6ed6ec4a6c6bcd5f80d7e7799a2ab087e81eda65d2fae69,"step=000030 mode=sit    vx= 0.000 vy= 0.000 vxy= 0.000 yaw= 0.000 speed=1.00 imu=fake tilt_rp=[-0.0,+0.0]deg imu_corr=0.000 act_max= 0.000 tau_cmd= 4.788 tau_cmd_max= 7.795 cmds=12 bus=can0:12 tau_fb= 1.378 tau_fb_max= 3.417",,,,,,,,,,,,,,,,,,,,,,,,,,,,,,,,,,,,,,,,,,,,,,,,,0.0,0.0,0.0,0.0,0.0,0.0,0.0,0.0,0.0,0.0,0.0,0.0,0.0,0.0,0.0,0.0,0.0,0.0,0.0,0.0,0.0,0.0,0.0,0.0,0.5718088150024414,-0.5495653748512268,-0.4602082669734955,0.6001883149147034,-0.18254928290843964,0.14688314497470856,-0.30642202496528625,0.34285515546798706,1.7031540870666504,-1.4139899015426636,0.8709441423416138,-1.1662445068359375,-0.08651997148990631,0.025177771225571632,0.024262215942144394,-0.06912442296743393,0.0631733164191246,-0.05081331729888916,0.08651997148990631,-0.043946653604507446,-0.08560442179441452,-0.027924437075853348,0.12131107598543167,-0.04852443188428879,0.5586955547332764,-0.5379626750946045,-0.4488478899002075,0.5870667695999146,-0.17063745856285095,0.13353657722473145,-0.2924883961677551,0.3274068534374237,1.6937146186828613,-1.4103657007217407,0.8767678141593933,-1.1663001775741577,0.0,0.0,0.0,0.0,0.0,0.0,0.0,0.0,0.0,0.0,0.0,0.0
20260708_192923_786968,2026-07-08T19:29:24.986,1.199908,pose,35,sit,0.0,0.0,0.0,0.0,0.0,0.0,0.0,0.0,1.0,fake,0.0,0.0,-1.0,-0.0,0.0,0.0,0.0,4.653113842010498,8.135412216186523,12,can0:12,1.0177922248840332,2.915127992630005,,"BL_hip_joint,BR_hip_joint,FL_hip_joint,FR_hip_joint,BL_thigh_joint,BR_thigh_joint,FL_thigh_joint,FR_thigh_joint,BL_calf_joint,BR_calf_joint,FL_calf_joint,FR_calf_joint",330e02f2406e129bb6ed6ec4a6c6bcd5f80d7e7799a2ab087e81eda65d2fae69,"step=000035 mode=sit    vx= 0.000 vy= 0.000 vxy= 0.000 yaw= 0.000 speed=1.00 imu=fake tilt_rp=[-0.0,+0.0]deg imu_corr=0.000 act_max= 0.000 tau_cmd= 4.653 tau_cmd_max= 8.135 cmds=12 bus=can0:12 tau_fb= 1.018 tau_fb_max= 2.915",,,,,,,,,,,,,,,,,,,,,,,,,,,,,,,,,,,,,,,,,,,,,,,,,0.0,0.0,0.0,0.0,0.0,0.0,0.0,0.0,0.0,0.0,0.0,0.0,0.0,0.0,0.0,0.0,0.0,0.0,0.0,0.0,0.0,0.0,0.0,0.0,0.5610706210136414,-0.5411282181739807,-0.45292165875434875,0.5894501209259033,-0.1725781112909317,0.1353779286146164,-0.294149786233902,0.32981592416763306,1.7023870944976807,-1.4182084798812866,0.883216381072998,-1.1739146709442139,-0.1744132786989212,0.09155552834272385,0.1194799616932869,-0.04852443188428879,0.1034577488899231,-0.07461775839328766,0.06454664468765259,-0.10437330603599548,-0.016022218391299248,0.009155552834272385,0.05218665301799774,-0.07507553696632385,0.5484238862991333,-0.5280721187591553,-0.44059571623802185,0.5762734413146973,-0.15830767154693604,0.1218888908624649,-0.27791833877563477,0.31219482421875,1.692726969718933,-1.4145876169204712,0.8907999992370605,-1.1750092506408691,0.0,0.0,0.0,0.0,0.0,0.0,0.0,0.0,0.0,0.0,0.0,0.0
20260708_192923_786968,2026-07-08T19:29:25.106,1.319599,pose,40,sit,0.0,0.0,0.0,0.0,0.0,0.0,0.0,0.0,1.0,fake,0.0,0.0,-1.0,-0.0,0.0,0.0,0.0,4.957082748413086,8.457059860229492,12,can0:12,1.4047670364379883,2.999359130859375,,"BL_hip_joint,BR_hip_joint,FL_hip_joint,FR_hip_joint,BL_thigh_joint,BR_thigh_joint,FL_thigh_joint,FR_thigh_joint,BL_calf_joint,BR_calf_joint,FL_calf_joint,FR_calf_joint",330e02f2406e129bb6ed6ec4a6c6bcd5f80d7e7799a2ab087e81eda65d2fae69,"step=000040 mode=sit    vx= 0.000 vy= 0.000 vxy= 0.000 yaw= 0.000 speed=1.00 imu=fake tilt_rp=[-0.0,+0.0]deg imu_corr=0.000 act_max= 0.000 tau_cmd= 4.957 tau_cmd_max= 8.457 cmds=12 bus=can0:12 tau_fb= 1.405 tau_fb_max= 2.999",,,,,,,,,,,,,,,,,,,,,,,,,,,,,,,,,,,,,,,,,,,,,,,,,0.0,0.0,0.0,0.0,0.0,0.0,0.0,0.0,0.0,0.0,0.0,0.0,0.0,0.0,0.0,0.0,0.0,0.0,0.0,0.0,0.0,0.0,0.0,0.0,0.5518664121627808,-0.5311570763587952,-0.44371747970581055,0.5790954232215881,-0.15992237627506256,0.12310571223497391,-0.27842602133750916,0.3133251368999481,1.701620101928711,-1.4231940507888794,0.8989401459693909,-1.1831188201904297,-0.08239997923374176,0.07644886523485184,0.07003998011350632,-0.14740440249443054,0.1190221905708313,-0.1194799616932869,0.10574663430452347,-0.13183996081352234,0.026551103219389915,-0.0393688790500164,0.09430219233036041,-0.04303110018372536,0.5368907451629639,-0.5169669985771179,-0.4313301742076874,0.5641546845436096,-0.14446371793746948,0.10881081223487854,-0.26155900955200195,0.2951146960258484,1.6916182041168213,-1.419327974319458,0.9065553545951843,-1.1847877502441406,0.0,0.0,0.0,0.0,0.0,0.0,0.0,0.0,0.0,0.0,0.0,0.0
20260708_192923_786968,2026-07-08T19:29:25.228,1.441083,pose,45,sit,0.0,0.0,0.0,0.0,0.0,0.0,0.0,0.0,1.0,fake,0.0,0.0,-1.0,-0.0,0.0,0.0,0.0,6.3101277351379395,9.15719223022461,12,can0:12,1.0806604623794556,2.1900081634521484,,"BL_hip_joint,BR_hip_joint,FL_hip_joint,FR_hip_joint,BL_thigh_joint,BR_thigh_joint,FL_thigh_joint,FR_thigh_joint,BL_calf_joint,BR_calf_joint,FL_calf_joint,FR_calf_joint",330e02f2406e129bb6ed6ec4a6c6bcd5f80d7e7799a2ab087e81eda65d2fae69,"step=000045 mode=sit    vx= 0.000 vy= 0.000 vxy= 0.000 yaw= 0.000 speed=1.00 imu=fake tilt_rp=[-0.0,+0.0]deg imu_corr=0.000 act_max= 0.000 tau_cmd= 6.310 tau_cmd_max= 9.157 cmds=12 bus=can0:12 tau_fb= 1.081 tau_fb_max= 2.190",,,,,,,,,,,,,,,,,,,,,,,,,,,,,,,,,,,,,,,,,,,,,,,,,0.0,0.0,0.0,0.0,0.0,0.0,0.0,0.0,0.0,0.0,0.0,0.0,0.0,0.0,0.0,0.0,0.0,0.0,0.0,0.0,0.0,0.0,0.0,0.0,0.5399777293205261,-0.5192683339118958,-0.4341298043727875,0.5668231844902039,-0.14534911513328552,0.11121699959039688,-0.2630857229232788,0.29721784591674805,1.7008531093597412,-1.4281797409057617,0.9142804741859436,-1.1930899620056152,-0.11810663342475891,0.04852443188428879,0.09338664263486862,-0.10940885543823242,0.11169774830341339,-0.1029999703168869,0.14099551737308502,-0.125888854265213,0.03479110077023506,-0.10895107686519623,0.006408886983990669,-0.11764885485172272,0.5241813659667969,-0.5047292709350586,-0.42111966013908386,0.5507999062538147,-0.12920787930488586,0.09439895302057266,-0.24353128671646118,0.276292622089386,1.6903963088989258,-1.4245517253875732,0.9239175915718079,-1.1955636739730835,0.0,0.0,0.0,0.0,0.0,0.0,0.0,0.0,0.0,0.0,0.0,0.0
20260708_192923_786968,2026-07-08T19:29:25.351,1.564795,pose,50,sit,0.0,0.0,0.0,0.0,0.0,0.0,0.0,0.0,1.0,fake,0.0,0.0,-1.0,-0.0,0.0,0.0,0.0,6.24506950378418,10.500290870666504,12,can0:12,1.5591907501220703,3.1275367736816406,,"BL_hip_joint,BR_hip_joint,FL_hip_joint,FR_hip_joint,BL_thigh_joint,BR_thigh_joint,FL_thigh_joint,FR_thigh_joint,BL_calf_joint,BR_calf_joint,FL_calf_joint,FR_calf_joint",330e02f2406e129bb6ed6ec4a6c6bcd5f80d7e7799a2ab087e81eda65d2fae69,"step=000050 mode=sit    vx= 0.000 vy= 0.000 vxy= 0.000 yaw= 0.000 speed=1.00 imu=fake tilt_rp=[-0.0,+0.0]deg imu_corr=0.000 act_max= 0.000 tau_cmd= 6.245 tau_cmd_max= 10.500 cmds=12 bus=can0:12 tau_fb= 1.559 tau_fb_max= 3.128",,,,,,,,,,,,,,,,,,,,,,,,,,,,,,,,,,,,,,,,,,,,,,,,,0.0,0.0,0.0,0.0,0.0,0.0,0.0,0.0,0.0,0.0,0.0,0.0,0.0,0.0,0.0,0.0,0.0,0.0,0.0,0.0,0.0,0.0,0.0,0.0,0.5257879495620728,-0.5066125988960266,-0.42415863275527954,0.5518664121627808,-0.13039234280586243,0.09510970860719681,-0.2435268759727478,0.2768919765949249,1.6997026205062866,-1.4323983192443848,0.9330722689628601,-1.2045952081680298,-0.02929776906967163,0.061342205852270126,0.037537768483161926,-0.05813775956630707,0.16800439357757568,-0.06042664870619774,0.13641773164272308,-0.1661732792854309,-0.05859553813934326,-0.07553330808877945,0.04669332131743431,0.010986663401126862,0.5103809237480164,-0.4914409816265106,-0.41003260016441345,0.5362986922264099,-0.11264235526323318,0.07874986529350281,-0.223955899477005,0.25585469603538513,1.6890695095062256,-1.4302239418029785,0.9427703022956848,-1.2072645425796509,0.0,0.0,0.0,0.0,0.0,0.0,0.0,0.0,0.0,0.0,0.0,0.0
20260708_192923_786968,2026-07-08T19:29:25.475,1.688424,pose,55,sit,0.0,0.0,0.0,0.0,0.0,0.0,0.0,0.0,1.0,fake,0.0,0.0,-1.0,-0.0,0.0,0.0,0.0,6.297115802764893,11.89892292022705,12,can0:12,1.4105654954910278,2.8015992641448975,,"BL_hip_joint,BR_hip_joint,FL_hip_joint,FR_hip_joint,BL_thigh_joint,BR_thigh_joint,FL_thigh_joint,FR_thigh_joint,BL_calf_joint,BR_calf_joint,FL_calf_joint,FR_calf_joint",330e02f2406e129bb6ed6ec4a6c6bcd5f80d7e7799a2ab087e81eda65d2fae69,"step=000055 mode=sit    vx= 0.000 vy= 0.000 vxy= 0.000 yaw= 0.000 speed=1.00 imu=fake tilt_rp=[-0.0,+0.0]deg imu_corr=0.000 act_max= 0.000 tau_cmd= 6.297 tau_cmd_max= 11.899 cmds=12 bus=can0:12 tau_fb= 1.411 tau_fb_max= 2.802",,,,,,,,,,,,,,,,,,,,,,,,,,,,,,,,,,,,,,,,,,,,,,,,,0.0,0.0,0.0,0.0,0.0,0.0,0.0,0.0,0.0,0.0,0.0,0.0,0.0,0.0,0.0,0.0,0.0,0.0,0.0,0.0,0.0,0.0,0.0,0.0,0.5131322145462036,-0.4935733675956726,-0.4126534163951874,0.5388271808624268,-0.11313453316688538,0.08091995865106583,-0.22473503649234772,0.25694963335990906,1.6985520124435425,-1.4381508827209473,0.9522476196289062,-1.2161003351211548,-0.035248879343271255,0.1583910584449768,0.031128879636526108,-0.06820886582136154,0.143742173910141,-0.10116885602474213,0.11444441229104996,-0.2137821614742279,-0.0398266538977623,-0.09384441375732422,0.1496932953596115,-0.12314218282699585,0.4955746531486511,-0.47718411684036255,-0.3981374204158783,0.5207405090332031,-0.09486941993236542,0.06196016073226929,-0.20295372605323792,0.2339271456003189,1.6876459121704102,-1.436309576034546,0.9629971385002136,-1.219818353652954,0.0,0.0,0.0,0.0,0.0,0.0,0.0,0.0,0.0,0.0,0.0,0.0
20260708_192923_786968,2026-07-08T19:29:25.599,1.812250,pose,60,sit,0.0,0.0,0.0,0.0,0.0,0.0,0.0,0.0,1.0,fake,0.0,0.0,-1.0,-0.0,0.0,0.0,0.0,5.708893299102783,9.471400260925293,12,can0:12,1.3638721704483032,3.1202123165130615,,"BL_hip_joint,BR_hip_joint,FL_hip_joint,FR_hip_joint,BL_thigh_joint,BR_thigh_joint,FL_thigh_joint,FR_thigh_joint,BL_calf_joint,BR_calf_joint,FL_calf_joint,FR_calf_joint",330e02f2406e129bb6ed6ec4a6c6bcd5f80d7e7799a2ab087e81eda65d2fae69,"step=000060 mode=sit    vx= 0.000 vy= 0.000 vxy= 0.000 yaw= 0.000 speed=1.00 imu=fake tilt_rp=[-0.0,+0.0]deg imu_corr=0.000 act_max= 0.000 tau_cmd= 5.709 tau_cmd_max= 9.471 cmds=12 bus=can0:12 tau_fb= 1.364 tau_fb_max= 3.120",,,,,,,,,,,,,,,,,,,,,,,,,,,,,,,,,,,,,,,,,,,,,,,,,0.0,0.0,0.0,0.0,0.0,0.0,0.0,0.0,0.0,0.0,0.0,0.0,0.0,0.0,0.0,0.0,0.0,0.0,0.0,0.0,0.0,0.0,0.0,0.0,0.4970249533653259,-0.4786166250705719,-0.4003812074661255,0.5211858749389648,-0.09587672352790833,0.0625116229057312,-0.2032586634159088,0.2350897341966629,1.697018027305603,-1.4446704387664795,0.9729570150375366,-1.2291395664215088,-0.0947599709033966,0.16159550845623016,0.14557328820228577,-0.16388440132141113,0.1675466150045395,-0.11444441229104996,0.0874355286359787,-0.1423688530921936,-0.02609332650899887,-0.07003998011350632,0.15381328761577606,-0.11581774055957794,0.47984760999679565,-0.4620407521724701,-0.38550257682800293,0.5042148232460022,-0.07599130272865295,0.04412641376256943,-0.18064557015895844,0.21063603460788727,1.686133861541748,-1.442773699760437,0.9844817519187927,-1.2331527471542358,0.0,0.0,0.0,0.0,0.0,0.0,0.0,0.0,0.0,0.0,0.0,0.0
20260708_192923_786968,2026-07-08T19:29:25.722,1.935088,pose,65,sit,0.0,0.0,0.0,0.0,0.0,0.0,0.0,0.0,1.0,fake,0.0,0.0,-1.0,-0.0,0.0,0.0,0.0,6.359372615814209,10.098898887634277,12,can0:12,1.8543044328689575,3.310647964477539,,"BL_hip_joint,BR_hip_joint,FL_hip_joint,FR_hip_joint,BL_thigh_joint,BR_thigh_joint,FL_thigh_joint,FR_thigh_joint,BL_calf_joint,BR_calf_joint,FL_calf_joint,FR_calf_joint",330e02f2406e129bb6ed6ec4a6c6bcd5f80d7e7799a2ab087e81eda65d2fae69,"step=000065 mode=sit    vx= 0.000 vy= 0.000 vxy= 0.000 yaw= 0.000 speed=1.00 imu=fake tilt_rp=[-0.0,+0.0]deg imu_corr=0.000 act_max= 0.000 tau_cmd= 6.359 tau_cmd_max= 10.099 cmds=12 bus=can0:12 tau_fb= 1.854 tau_fb_max= 3.311",,,,,,,,,,,,,,,,,,,,,,,,,,,,,,,,,,,,,,,,,,,,,,,,,0.0,0.0,0.0,0.0,0.0,0.0,0.0,0.0,0.0,0.0,0.0,0.0,0.0,0.0,0.0,0.0,0.0,0.0,0.0,0.0,0.0,0.0,0.0,0.0,0.48206818103790283,-0.4636598527431488,-0.3881089687347412,0.5058456063270569,-0.07670138031244278,0.04602082818746567,-0.18063175678253174,0.2109287977218628,1.6954840421676636,-1.4515736103057861,0.9955838918685913,-1.242945909500122,-0.110782191157341,0.17120884358882904,0.0869777500629425,-0.15381328761577606,0.11719107627868652,-0.1190221905708313,0.13779106736183167,-0.14007996022701263,0.001831110566854477,-0.04623554274439812,0.17120884358882904,-0.12955106794834137,0.46328508853912354,-0.4460928440093994,-0.3721964657306671,0.48681122064590454,-0.056110233068466187,0.025345206260681152,-0.1571522355079651,0.1861075460910797,1.6845415830612183,-1.449581265449524,1.0071077346801758,-1.2471956014633179,0.0,0.0,0.0,0.0,0.0,0.0,0.0,0.0,0.0,0.0,0.0,0.0
20260708_192923_786968,2026-07-08T19:29:25.845,2.058480,pose,70,sit,0.0,0.0,0.0,0.0,0.0,0.0,0.0,0.0,1.0,fake,0.0,0.0,-1.0,-0.0,0.0,0.0,0.0,5.383152008056641,10.337957382202148,12,can0:12,1.279030680656433,2.69539475440979,,"BL_hip_joint,BR_hip_joint,FL_hip_joint,FR_hip_joint,BL_thigh_joint,BR_thigh_joint,FL_thigh_joint,FR_thigh_joint,BL_calf_joint,BR_calf_joint,FL_calf_joint,FR_calf_joint",330e02f2406e129bb6ed6ec4a6c6bcd5f80d7e7799a2ab087e81eda65d2fae69,"step=000070 mode=sit    vx= 0.000 vy= 0.000 vxy= 0.000 yaw= 0.000 speed=1.00 imu=fake tilt_rp=[-0.0,+0.0]deg imu_corr=0.000 act_max= 0.000 tau_cmd= 5.383 tau_cmd_max= 10.338 cmds=12 bus=can0:12 tau_fb= 1.279 tau_fb_max= 2.695",,,,,,,,,,,,,,,,,,,,,,,,,,,,,,,,,,,,,,,,,,,,,,,,,0.0,0.0,0.0,0.0,0.0,0.0,0.0,0.0,0.0,0.0,0.0,0.0,0.0,0.0,0.0,0.0,0.0,0.0,0.0,0.0,0.0,0.0,0.0,0.0,0.4648103713989258,-0.4467855393886566,-0.3743027448654175,0.4870537519454956,-0.05675902217626572,0.025694962590932846,-0.1576213389635086,0.18638435006141663,1.6935664415359497,-1.4584767818450928,1.0178272724151611,-1.2571356296539307,-0.10528885573148727,0.18402661383152008,0.09292886406183243,-0.18860438466072083,0.12131107598543167,-0.16800439357757568,0.1817377209663391,-0.26688435673713684,0.03662221133708954,0.014191106893122196,0.2133243829011917,-0.08835108578205109,0.445972204208374,-0.42942237854003906,-0.3582875430583954,0.468619167804718,-0.03532847762107849,0.005713135004043579,-0.1325945407152176,0.16046780347824097,1.6828770637512207,-1.4566971063613892,1.0307588577270508,-1.2618746757507324,0.0,0.0,0.0,0.0,0.0,0.0,0.0,0.0,0.0,0.0,0.0,0.0
20260708_192923_786968,2026-07-08T19:29:25.968,2.181006,pose,75,sit,0.0,0.0,0.0,0.0,0.0,0.0,0.0,0.0,1.0,fake,0.0,0.0,-1.0,-0.0,0.0,0.0,0.0,6.665670394897461,10.58685302734375,12,can0:12,1.5131076574325562,3.4241766929626465,,"BL_hip_joint,BR_hip_joint,FL_hip_joint,FR_hip_joint,BL_thigh_joint,BR_thigh_joint,FL_thigh_joint,FR_thigh_joint,BL_calf_joint,BR_calf_joint,FL_calf_joint,FR_calf_joint",330e02f2406e129bb6ed6ec4a6c6bcd5f80d7e7799a2ab087e81eda65d2fae69,"step=000075 mode=sit    vx= 0.000 vy= 0.000 vxy= 0.000 yaw= 0.000 speed=1.00 imu=fake tilt_rp=[-0.0,+0.0]deg imu_corr=0.000 act_max= 0.000 tau_cmd= 6.666 tau_cmd_max= 10.587 cmds=12 bus=can0:12 tau_fb= 1.513 tau_fb_max= 3.424",,,,,,,,,,,,,,,,,,,,,,,,,,,,,,,,,,,,,,,,,,,,,,,,,0.0,0.0,0.0,0.0,0.0,0.0,0.0,0.0,0.0,0.0,0.0,0.0,0.0,0.0,0.0,0.0,0.0,0.0,0.0,0.0,0.0,0.0,0.0,0.0,0.44755256175994873,-0.4310617446899414,-0.36049649119377136,0.4701794683933258,-0.036433156579732895,0.007286631036549807,-0.13307689130306244,0.16183991730213165,1.6916489601135254,-1.4657633304595947,1.0419882535934448,-1.272092342376709,-0.1190221905708313,0.10071108490228653,0.1194799616932869,-0.143742173910141,0.1583910584449768,-0.12222663313150406,0.2069154977798462,-0.20645771920681,0.012817773967981339,-0.019226660951972008,0.13824884593486786,-0.07599108666181564,0.42799410223960876,-0.41211146116256714,-0.3438442349433899,0.4497281312942505,-0.013748258352279663,-0.014673233032226562,-0.10709331929683685,0.13384294509887695,1.6811485290527344,-1.4640865325927734,1.0553187131881714,-1.2771177291870117,0.0,0.0,0.0,0.0,0.0,0.0,0.0,0.0,0.0,0.0,0.0,0.0
20260708_192923_786968,2026-07-08T19:29:26.091,2.304768,pose,80,sit,0.0,0.0,0.0,0.0,0.0,0.0,0.0,0.0,1.0,fake,0.0,0.0,-1.0,-0.0,0.0,0.0,0.0,6.0652079582214355,9.811114311218262,12,can0:12,1.5845211744308472,2.764976978302002,,"BL_hip_joint,BR_hip_joint,FL_hip_joint,FR_hip_joint,BL_thigh_joint,BR_thigh_joint,FL_thigh_joint,FR_thigh_joint,BL_calf_joint,BR_calf_joint,FL_calf_joint,FR_calf_joint",330e02f2406e129bb6ed6ec4a6c6bcd5f80d7e7799a2ab087e81eda65d2fae69,"step=000080 mode=sit    vx= 0.000 vy= 0.000 vxy= 0.000 yaw= 0.000 speed=1.00 imu=fake tilt_rp=[-0.0,+0.0]deg imu_corr=0.000 act_max= 0.000 tau_cmd= 6.065 tau_cmd_max= 9.811 cmds=12 bus=can0:12 tau_fb= 1.585 tau_fb_max= 2.765",,,,,,,,,,,,,,,,,,,,,,,,,,,,,,,,,,,,,,,,,,,,,,,,,0.0,0.0,0.0,0.0,0.0,0.0,0.0,0.0,0.0,0.0,0.0,0.0,0.0,0.0,0.0,0.0,0.0,0.0,0.0,0.0,0.0,0.0,0.0,0.0,0.4283772110939026,-0.41303694248199463,-0.34592321515083313,0.4498535990715027,-0.01380624808371067,-0.013422741554677486,-0.10699842870235443,0.13499443233013153,1.6893478631973267,-1.4722830057144165,1.067299723625183,-1.2874326705932617,-0.2783288061618805,0.1190221905708313,0.14511550962924957,-0.14694662392139435,0.12955106794834137,-0.09384441375732422,0.1986754983663559,-0.19959105551242828,-0.010071108117699623,-0.04440443217754364,0.1593066155910492,-0.08423108607530594,0.4094359874725342,-0.3942420482635498,-0.328934907913208,0.4302276372909546,0.008528202772140503,-0.03571730852127075,-0.0807693600654602,0.10635912418365479,1.6793643236160278,-1.4717142581939697,1.0806708335876465,-1.292852520942688,0.0,0.0,0.0,0.0,0.0,0.0,0.0,0.0,0.0,0.0,0.0,0.0
20260708_192923_786968,2026-07-08T19:29:26.214,2.427849,pose,85,sit,0.0,0.0,0.0,0.0,0.0,0.0,0.0,0.0,1.0,fake,0.0,0.0,-1.0,-0.0,0.0,0.0,0.0,6.9030985832214355,12.17979907989502,12,can0:12,1.7557300329208374,4.0064697265625,,"BL_hip_joint,BR_hip_joint,FL_hip_joint,FR_hip_joint,BL_thigh_joint,BR_thigh_joint,FL_thigh_joint,FR_thigh_joint,BL_calf_joint,BR_calf_joint,FL_calf_joint,FR_calf_joint",330e02f2406e129bb6ed6ec4a6c6bcd5f80d7e7799a2ab087e81eda65d2fae69,"step=000085 mode=sit    vx= 0.000 vy= 0.000 vxy= 0.000 yaw= 0.000 speed=1.00 imu=fake tilt_rp=[-0.0,+0.0]deg imu_corr=0.000 act_max= 0.000 tau_cmd= 6.903 tau_cmd_max= 12.180 cmds=12 bus=can0:12 tau_fb= 1.756 tau_fb_max= 4.006",,,,,,,,,,,,,,,,,,,,,,,,,,,,,,,,,,,,,,,,,,,,,,,,,0.0,0.0,0.0,0.0,0.0,0.0,0.0,0.0,0.0,0.0,0.0,0.0,0.0,0.0,0.0,0.0,0.0,0.0,0.0,0.0,0.0,0.0,0.0,0.0,0.41111940145492554,-0.3953956067562103,-0.3301994502544403,0.4310617446899414,0.008053644560277462,-0.03489912673830986,-0.08053644746541977,0.10738193243741989,1.6874303817749023,-1.4807201623916626,1.0926111936569214,-1.3035399913787842,-0.1579332798719406,0.13870662450790405,0.13824884593486786,-0.09613330662250519,0.18860438466072083,-0.14053773880004883,0.1895199418067932,-0.2151554971933365,0.06912442296743393,-0.0791955292224884,0.16846217215061188,-0.08377330750226974,0.3903830945491791,-0.3758961856365204,-0.31362807750701904,0.41020721197128296,0.03139860928058624,-0.05732250213623047,-0.05374351143836975,0.07814246416091919,1.6775325536727905,-1.4795453548431396,1.106698989868164,-1.3090068101882935,0.0,0.0,0.0,0.0,0.0,0.0,0.0,0.0,0.0,0.0,0.0,0.0
20260708_192923_786968,2026-07-08T19:29:26.337,2.550668,pose,90,sit,0.0,0.0,0.0,0.0,0.0,0.0,0.0,0.0,1.0,fake,0.0,0.0,-1.0,-0.0,0.0,0.0,0.0,7.006491184234619,12.388967514038086,12,can0:12,1.718802571296692,3.610949993133545,,"BL_hip_joint,BR_hip_joint,FL_hip_joint,FR_hip_joint,BL_thigh_joint,BR_thigh_joint,FL_thigh_joint,FR_thigh_joint,BL_calf_joint,BR_calf_joint,FL_calf_joint,FR_calf_joint",330e02f2406e129bb6ed6ec4a6c6bcd5f80d7e7799a2ab087e81eda65d2fae69,"step=000090 mode=sit    vx= 0.000 vy= 0.000 vxy= 0.000 yaw= 0.000 speed=1.00 imu=fake tilt_rp=[-0.0,+0.0]deg imu_corr=0.000 act_max= 0.000 tau_cmd= 7.006 tau_cmd_max= 12.389 cmds=12 bus=can0:12 tau_fb= 1.719 tau_fb_max= 3.611",,,,,,,,,,,,,,,,,,,,,,,,,,,,,,,,,,,,,,,,,,,,,,,,,0.0,0.0,0.0,0.0,0.0,0.0,0.0,0.0,0.0,0.0,0.0,0.0,0.0,0.0,0.0,0.0,0.0,0.0,0.0,0.0,0.0,0.0,0.0,0.0,0.3907935321331024,-0.37660378217697144,-0.3156261742115021,0.4107359051704407,0.030297044664621353,-0.05522499233484268,-0.054074473679065704,0.07861891388893127,1.6855127811431885,-1.4891573190689087,1.1186896562576294,-1.319647192955017,-0.1034577488899231,0.0714133158326149,0.1263466328382492,-0.09292886406183243,0.11169774830341339,-0.1744132786989212,0.2380443811416626,-0.20004883408546448,-0.08560442179441452,-0.03799554333090782,0.16067995131015778,-0.14740440249443054,0.37092047929763794,-0.35715582966804504,-0.29799211025238037,0.3897562623023987,0.05476079881191254,-0.07939223945140839,-0.026136577129364014,0.04931908845901489,1.675661325454712,-1.4875447750091553,1.133286714553833,-1.3255085945129395,0.0,0.0,0.0,0.0,0.0,0.0,0.0,0.0,0.0,0.0,0.0,0.0
20260708_192923_786968,2026-07-08T19:29:26.459,2.672974,pose,95,sit,0.0,0.0,0.0,0.0,0.0,0.0,0.0,0.0,1.0,fake,0.0,0.0,-1.0,-0.0,0.0,0.0,0.0,7.611570358276367,12.80729866027832,12,can0:12,1.66203773021698,3.2081058025360107,,"BL_hip_joint,BR_hip_joint,FL_hip_joint,FR_hip_joint,BL_thigh_joint,BR_thigh_joint,FL_thigh_joint,FR_thigh_joint,BL_calf_joint,BR_calf_joint,FL_calf_joint,FR_calf_joint",330e02f2406e129bb6ed6ec4a6c6bcd5f80d7e7799a2ab087e81eda65d2fae69,"step=000095 mode=sit    vx= 0.000 vy= 0.000 vxy= 0.000 yaw= 0.000 speed=1.00 imu=fake tilt_rp=[-0.0,+0.0]deg imu_corr=0.000 act_max= 0.000 tau_cmd= 7.612 tau_cmd_max= 12.807 cmds=12 bus=can0:12 tau_fb= 1.662 tau_fb_max= 3.208",,,,,,,,,,,,,,,,,,,,,,,,,,,,,,,,,,,,,,,,,,,,,,,,,0.0,0.0,0.0,0.0,0.0,0.0,0.0,0.0,0.0,0.0,0.0,0.0,0.0,0.0,0.0,0.0,0.0,0.0,0.0,0.0,0.0,0.0,0.0,0.0,0.3723852038383484,-0.3581954538822174,-0.299518883228302,0.38964301347732544,0.054074473679065704,-0.07823541015386581,-0.026845483109354973,0.04985589534044266,1.6835952997207642,-1.496827483177185,1.1455351114273071,-1.3365215063095093,-0.0869777500629425,0.09887997061014175,0.1597643941640854,-0.15335550904273987,0.16891995072364807,-0.13733328878879547,0.14831995964050293,-0.16388440132141113,-0.006408886983990669,-0.11673329770565033,0.1501510739326477,-0.14145329594612122,0.35113343596458435,-0.3381030559539795,-0.2820954918861389,0.36896440386772156,0.07851244509220123,-0.10182991623878479,0.00193062424659729,0.020015209913253784,1.6737589836120605,-1.4956775903701782,1.1603177785873413,-1.342285394668579,0.0,0.0,0.0,0.0,0.0,0.0,0.0,0.0,0.0,0.0,0.0,0.0
20260708_192923_786968,2026-07-08T19:29:26.582,2.795501,pose,100,sit,0.0,0.0,0.0,0.0,0.0,0.0,0.0,0.0,1.0,fake,0.0,0.0,-1.0,-0.0,0.0,0.0,0.0,5.59436559677124,11.676318168640137,12,can0:12,2.001708984375,4.109012126922607,,"BL_hip_joint,BR_hip_joint,FL_hip_joint,FR_hip_joint,BL_thigh_joint,BR_thigh_joint,FL_thigh_joint,FR_thigh_joint,BL_calf_joint,BR_calf_joint,FL_calf_joint,FR_calf_joint",330e02f2406e129bb6ed6ec4a6c6bcd5f80d7e7799a2ab087e81eda65d2fae69,"step=000100 mode=sit    vx= 0.000 vy= 0.000 vxy= 0.000 yaw= 0.000 speed=1.00 imu=fake tilt_rp=[-0.0,+0.0]deg imu_corr=0.000 act_max= 0.000 tau_cmd= 5.594 tau_cmd_max= 11.676 cmds=12 bus=can0:12 tau_fb= 2.002 tau_fb_max= 4.109",,,,,,,,,,,,,,,,,,,,,,,,,,,,,,,,,,,,,,,,,,,,,,,,,0.0,0.0,0.0,0.0,0.0,0.0,0.0,0.0,0.0,0.0,0.0,0.0,0.0,0.0,0.0,0.0,0.0,0.0,0.0,0.0,0.0,0.0,0.0,0.0,0.35205933451652527,-0.33902010321617126,-0.2837951183319092,0.37008416652679443,0.07785189896821976,-0.10086231678724289,0.00153402762953192,0.02070937305688858,1.6816778182983398,-1.5048810243606567,1.1731475591659546,-1.3533958196640015,-0.11215551942586899,0.21652881801128387,0.1748710572719574,-0.18082216382026672,0.19730216264724731,-0.2069154977798462,0.2719199061393738,-0.3003021478652954,-0.05493331700563431,-0.061342205852270126,0.21561327576637268,-0.14603106677532196,0.3311070501804352,-0.3188198506832123,-0.26600658893585205,0.34792107343673706,0.10255135595798492,-0.12453895807266235,0.030337274074554443,-0.009643077850341797,1.6718335151672363,-1.5039088726043701,1.1876757144927979,-1.3592650890350342,0.0,0.0,0.0,0.0,0.0,0.0,0.0,0.0,0.0,0.0,0.0,0.0
20260708_192923_786968,2026-07-08T19:29:26.704,2.917534,pose,105,sit,0.0,0.0,0.0,0.0,0.0,0.0,0.0,0.0,1.0,fake,0.0,0.0,-1.0,-0.0,0.0,0.0,0.0,6.645917892456055,11.302448272705078,12,can0:12,2.0502336025238037,4.896389484405518,,"BL_hip_joint,BR_hip_joint,FL_hip_joint,FR_hip_joint,BL_thigh_joint,BR_thigh_joint,FL_thigh_joint,FR_thigh_joint,BL_calf_joint,BR_calf_joint,FL_calf_joint,FR_calf_joint",330e02f2406e129bb6ed6ec4a6c6bcd5f80d7e7799a2ab087e81eda65d2fae69,"step=000105 mode=sit    vx= 0.000 vy= 0.000 vxy= 0.000 yaw= 0.000 speed=1.00 imu=fake tilt_rp=[-0.0,+0.0]deg imu_corr=0.000 act_max= 0.000 tau_cmd= 6.646 tau_cmd_max= 11.302 cmds=12 bus=can0:12 tau_fb= 2.050 tau_fb_max= 4.896",,,,,,,,,,,,,,,,,,,,,,,,,,,,,,,,,,,,,,,,,,,,,,,,,0.0,0.0,0.0,0.0,0.0,0.0,0.0,0.0,0.0,0.0,0.0,0.0,0.0,0.0,0.0,0.0,0.0,0.0,0.0,0.0,0.0,0.0,0.0,0.0,0.33173346519470215,-0.31946125626564026,-0.2676878273487091,0.3482242524623871,0.10124582052230835,-0.12233870476484299,0.029913539066910744,-0.00843715202063322,1.679760217666626,-1.512934684753418,1.2011436223983765,-1.3706536293029785,-0.15518662333488464,0.15243995189666748,0.11490219086408615,-0.1341288536787033,0.15289773046970367,-0.20142216980457306,0.24811547994613647,-0.21561327576637268,-0.032959990203380585,-0.11627551913261414,0.2453688234090805,-0.14603106677532196,0.31092655658721924,-0.29938822984695435,-0.2497938573360443,0.32671576738357544,0.12677530944347382,-0.14742276072502136,0.05896255373954773,-0.039529651403427124,1.6698933839797974,-1.5122034549713135,1.2152442932128906,-1.376375436782837,0.0,0.0,0.0,0.0,0.0,0.0,0.0,0.0,0.0,0.0,0.0,0.0
20260708_192923_786968,2026-07-08T19:29:26.826,3.039637,pose,110,sit,0.0,0.0,0.0,0.0,0.0,0.0,0.0,0.0,1.0,fake,0.0,0.0,-1.0,-0.0,0.0,0.0,0.0,6.438842296600342,10.632683753967285,12,can0:12,2.148808240890503,4.4239630699157715,,"BL_hip_joint,BR_hip_joint,FL_hip_joint,FR_hip_joint,BL_thigh_joint,BR_thigh_joint,FL_thigh_joint,FR_thigh_joint,BL_calf_joint,BR_calf_joint,FL_calf_joint,FR_calf_joint",330e02f2406e129bb6ed6ec4a6c6bcd5f80d7e7799a2ab087e81eda65d2fae69,"step=000110 mode=sit    vx= 0.000 vy= 0.000 vxy= 0.000 yaw= 0.000 speed=1.00 imu=fake tilt_rp=[-0.0,+0.0]deg imu_corr=0.000 act_max= 0.000 tau_cmd= 6.439 tau_cmd_max= 10.633 cmds=12 bus=can0:12 tau_fb= 2.149 tau_fb_max= 4.424",,,,,,,,,,,,,,,,,,,,,,,,,,,,,,,,,,,,,,,,,,,,,,,,,0.0,0.0,0.0,0.0,0.0,0.0,0.0,0.0,0.0,0.0,0.0,0.0,0.0,0.0,0.0,0.0,0.0,0.0,0.0,0.0,0.0,0.0,0.0,0.0,0.31217461824417114,-0.3002859055995941,-0.25158053636550903,0.326747864484787,0.12579026818275452,-0.14611612260341644,0.05906006321310997,-0.03835069015622139,1.6778427362442017,-1.5221388339996338,1.228756070137024,-1.3875279426574707,-0.23392437398433685,0.12955106794834137,0.14145329594612122,-0.23529770970344543,0.11215551942586899,-0.09704886376857758,0.24948881566524506,-0.2375866025686264,-0.01831110566854477,-0.04669332131743431,0.21607105433940887,-0.1496932953596115,0.2906770706176758,-0.27989017963409424,-0.23352570831775665,0.30543798208236694,0.15108202397823334,-0.17038482427597046,0.08768567442893982,-0.06951835751533508,1.667946457862854,-1.5205262899398804,1.2429070472717285,-1.393544316291809,0.0,0.0,0.0,0.0,0.0,0.0,0.0,0.0,0.0,0.0,0.0,0.0
20260708_192923_786968,2026-07-08T19:29:26.942,3.155985,pose,115,sit,0.0,0.0,0.0,0.0,0.0,0.0,0.0,0.0,1.0,fake,0.0,0.0,-1.0,-0.0,0.0,0.0,0.0,6.856713771820068,13.755176544189453,12,can0:12,2.0419933795928955,3.603625535964966,,"BL_hip_joint,BR_hip_joint,FL_hip_joint,FR_hip_joint,BL_thigh_joint,BR_thigh_joint,FL_thigh_joint,FR_thigh_joint,BL_calf_joint,BR_calf_joint,FL_calf_joint,FR_calf_joint",330e02f2406e129bb6ed6ec4a6c6bcd5f80d7e7799a2ab087e81eda65d2fae69,"step=000115 mode=sit    vx= 0.000 vy= 0.000 vxy= 0.000 yaw= 0.000 speed=1.00 imu=fake tilt_rp=[-0.0,+0.0]deg imu_corr=0.000 act_max= 0.000 tau_cmd= 6.857 tau_cmd_max= 13.755 cmds=12 bus=can0:12 tau_fb= 2.042 tau_fb_max= 3.604",,,,,,,,,,,,,,,,,,,,,,,,,,,,,,,,,,,,,,,,,,,,,,,,,0.0,0.0,0.0,0.0,0.0,0.0,0.0,0.0,0.0,0.0,0.0,0.0,0.0,0.0,0.0,0.0,0.0,0.0,0.0,0.0,0.0,0.0,0.0,0.0,0.29146525263786316,-0.2807270586490631,-0.2350897341966629,0.3068055212497711,0.14995120465755463,-0.16874302923679352,0.08667255938053131,-0.06711370497941971,1.6759251356124878,-1.5298089981079102,1.255985140800476,-1.4047857522964478,-0.055848874151706696,0.09247108548879623,0.1359599530696869,-0.19501326978206635,0.1263466328382492,-0.12039551883935928,0.22385326027870178,-0.24216437339782715,-0.04852443188428879,-0.019226660951972008,0.2865687906742096,-0.125888854265213,0.27044379711151123,-0.26040777564048767,-0.21727058291435242,0.2841772437095642,0.17536930739879608,-0.19332846999168396,0.11638578772544861,-0.09948307275772095,1.6660012006759644,-1.528842568397522,1.27054762840271,-1.410699486732483,0.0,0.0,0.0,0.0,0.0,0.0,0.0,0.0,0.0,0.0,0.0,0.0
20260708_192923_786968,2026-07-08T19:29:27.063,3.276885,pose,120,sit,0.0,0.0,0.0,0.0,0.0,0.0,0.0,0.0,1.0,fake,0.0,0.0,-1.0,-0.0,0.0,0.0,0.0,6.428614139556885,11.235834121704102,12,can0:12,1.808526873588562,3.841670036315918,,"BL_hip_joint,BR_hip_joint,FL_hip_joint,FR_hip_joint,BL_thigh_joint,BR_thigh_joint,FL_thigh_joint,FR_thigh_joint,BL_calf_joint,BR_calf_joint,FL_calf_joint,FR_calf_joint",330e02f2406e129bb6ed6ec4a6c6bcd5f80d7e7799a2ab087e81eda65d2fae69,"step=000120 mode=sit    vx= 0.000 vy= 0.000 vxy= 0.000 yaw= 0.000 speed=1.00 imu=fake tilt_rp=[-0.0,+0.0]deg imu_corr=0.000 act_max= 0.000 tau_cmd= 6.429 tau_cmd_max= 11.236 cmds=12 bus=can0:12 tau_fb= 1.809 tau_fb_max= 3.842",,,,,,,,,,,,,,,,,,,,,,,,,,,,,,,,,,,,,,,,,,,,,,,,,0.0,0.0,0.0,0.0,0.0,0.0,0.0,0.0,0.0,0.0,0.0,0.0,0.0,0.0,0.0,0.0,0.0,0.0,0.0,0.0,0.0,0.0,0.0,0.0,0.27190640568733215,-0.2611682116985321,-0.2193659543991089,0.2845621109008789,0.17411212623119354,-0.19098643958568573,0.11543557792901993,-0.09741075336933136,1.6743911504745483,-1.5382461547851562,1.2835975885391235,-1.4220435619354248,-0.23163548111915588,0.10757774859666824,0.14557328820228577,-0.17944884300231934,0.17349772155284882,-0.17624439299106598,0.2220221608877182,-0.22568437457084656,-0.07827997952699661,-0.05310220643877983,0.1982177197933197,-0.15335550904273987,0.250311940908432,-0.2410229742527008,-0.20109695196151733,0.2630230486392975,0.1995348483324051,-0.21615713834762573,0.14494207501411438,-0.12929755449295044,1.6640657186508179,-1.5371171236038208,1.2980496883392334,-1.4277687072753906,0.0,0.0,0.0,0.0,0.0,0.0,0.0,0.0,0.0,0.0,0.0,0.0
20260708_192923_786968,2026-07-08T19:29:27.184,3.397441,pose,125,sit,0.0,0.0,0.0,0.0,0.0,0.0,0.0,0.0,1.0,fake,0.0,0.0,-1.0,-0.0,0.0,0.0,0.0,6.937032699584961,10.817815780639648,12,can0:12,2.3599960803985596,5.55558967590332,,"BL_hip_joint,BR_hip_joint,FL_hip_joint,FR_hip_joint,BL_thigh_joint,BR_thigh_joint,FL_thigh_joint,FR_thigh_joint,BL_calf_joint,BR_calf_joint,FL_calf_joint,FR_calf_joint",330e02f2406e129bb6ed6ec4a6c6bcd5f80d7e7799a2ab087e81eda65d2fae69,"step=000125 mode=sit    vx= 0.000 vy= 0.000 vxy= 0.000 yaw= 0.000 speed=1.00 imu=fake tilt_rp=[-0.0,+0.0]deg imu_corr=0.000 act_max= 0.000 tau_cmd= 6.937 tau_cmd_max= 10.818 cmds=12 bus=can0:12 tau_fb= 2.360 tau_fb_max= 5.556",,,,,,,,,,,,,,,,,,,,,,,,,,,,,,,,,,,,,,,,,,,,,,,,,0.0,0.0,0.0,0.0,0.0,0.0,0.0,0.0,0.0,0.0,0.0,0.0,0.0,0.0,0.0,0.0,0.0,0.0,0.0,0.0,0.0,0.0,0.0,0.0,0.25158053636550903,-0.24199286103248596,-0.20287515223026276,0.2638527452945709,0.1978895664215088,-0.21399685740470886,0.1438150852918625,-0.12732429802417755,1.6724735498428345,-1.5462998151779175,1.311210036277771,-1.4393013715744019,-0.14145329594612122,0.12268441170454025,0.08606220036745071,-0.21149326860904694,0.1991332769393921,-0.08789330720901489,0.23483993113040924,-0.1908932775259018,-0.014191106893122196,-0.028839992359280586,0.22797326743602753,-0.07370220124721527,0.23036664724349976,-0.22181785106658936,-0.18507319688796997,0.2420649230480194,0.22347642481327057,-0.23877421021461487,0.17323368787765503,-0.158835768699646,1.662148118019104,-1.5453150272369385,1.3252968788146973,-1.444679617881775,0.0,0.0,0.0,0.0,0.0,0.0,0.0,0.0,0.0,0.0,0.0,0.0
20260708_192923_786968,2026-07-08T19:29:27.308,3.521181,pose,130,sit,0.0,0.0,0.0,0.0,0.0,0.0,0.0,0.0,1.0,fake,0.0,0.0,-1.0,-0.0,0.0,0.0,0.0,7.2267279624938965,11.64914608001709,12,can0:12,2.088686943054199,4.292123317718506,,"BL_hip_joint,BR_hip_joint,FL_hip_joint,FR_hip_joint,BL_thigh_joint,BR_thigh_joint,FL_thigh_joint,FR_thigh_joint,BL_calf_joint,BR_calf_joint,FL_calf_joint,FR_calf_joint",330e02f2406e129bb6ed6ec4a6c6bcd5f80d7e7799a2ab087e81eda65d2fae69,"step=000130 mode=sit    vx= 0.000 vy= 0.000 vxy= 0.000 yaw= 0.000 speed=1.00 imu=fake tilt_rp=[-0.0,+0.0]deg imu_corr=0.000 act_max= 0.000 tau_cmd= 7.227 tau_cmd_max= 11.649 cmds=12 bus=can0:12 tau_fb= 2.089 tau_fb_max= 4.292",,,,,,,,,,,,,,,,,,,,,,,,,,,,,,,,,,,,,,,,,,,,,,,,,0.0,0.0,0.0,0.0,0.0,0.0,0.0,0.0,0.0,0.0,0.0,0.0,0.0,0.0,0.0,0.0,0.0,0.0,0.0,0.0,0.0,0.0,0.0,0.0,0.2312546670436859,-0.22281751036643982,-0.18715137243270874,0.24314337968826294,0.22243399918079376,-0.23777428269386292,0.17219460010528564,-0.1576213389635086,1.6705560684204102,-1.5555039644241333,1.338822603225708,-1.456175684928894,-0.1268044114112854,0.191351056098938,0.13046662509441376,-0.12955106794834137,0.1666310578584671,-0.16251106560230255,0.21927548944950104,-0.2229377180337906,0.08514664322137833,-0.11490219086408615,0.18082216382026672,-0.1515243947505951,0.2106930911540985,-0.20287436246871948,-0.16926774382591248,0.22139233350753784,0.2470918446779251,-0.26108318567276,0.2011399269104004,-0.1879715919494629,1.6602566242218018,-1.553401231765747,1.3521728515625,-1.461360216140747,0.0,0.0,0.0,0.0,0.0,0.0,0.0,0.0,0.0,0.0,0.0,0.0
20260708_192923_786968,2026-07-08T19:29:27.431,3.644957,pose,135,sit,0.0,0.0,0.0,0.0,0.0,0.0,0.0,0.0,1.0,fake,0.0,0.0,-1.0,-0.0,0.0,0.0,0.0,6.553329944610596,11.039137840270996,12,can0:12,2.4967193603515625,4.43861198425293,,"BL_hip_joint,BR_hip_joint,FL_hip_joint,FR_hip_joint,BL_thigh_joint,BR_thigh_joint,FL_thigh_joint,FR_thigh_joint,BL_calf_joint,BR_calf_joint,FL_calf_joint,FR_calf_joint",330e02f2406e129bb6ed6ec4a6c6bcd5f80d7e7799a2ab087e81eda65d2fae69,"step=000135 mode=sit    vx= 0.000 vy= 0.000 vxy= 0.000 yaw= 0.000 speed=1.00 imu=fake tilt_rp=[-0.0,+0.0]deg imu_corr=0.000 act_max= 0.000 tau_cmd= 6.553 tau_cmd_max= 11.039 cmds=12 bus=can0:12 tau_fb= 2.497 tau_fb_max= 4.439",,,,,,,,,,,,,,,,,,,,,,,,,,,,,,,,,,,,,,,,,,,,,,,,,0.0,0.0,0.0,0.0,0.0,0.0,0.0,0.0,0.0,0.0,0.0,0.0,0.0,0.0,0.0,0.0,0.0,0.0,0.0,0.0,0.0,0.0,0.0,0.0,0.21246282756328583,-0.20402567088603973,-0.17104408144950867,0.22166699171066284,0.24659493565559387,-0.25886714458465576,0.20019060373306274,-0.18715137243270874,1.6690220832824707,-1.5635576248168945,1.3660515546798706,-1.4730499982833862,-0.1359599530696869,0.10483107715845108,0.11719107627868652,-0.17624439299106598,0.24399548768997192,-0.08560442179441452,0.1831110566854477,-0.2618488073348999,-0.01739555038511753,-0.051271095871925354,0.17670217156410217,-0.095675528049469,0.19137641787528992,-0.1842745542526245,-0.153749018907547,0.20109474658966064,0.27027881145477295,-0.28298741579055786,0.2285398244857788,-0.21657884120941162,1.6583994626998901,-1.5613406896591187,1.37856125831604,-1.4777381420135498,0.0,0.0,0.0,0.0,0.0,0.0,0.0,0.0,0.0,0.0,0.0,0.0
20260708_192923_786968,2026-07-08T19:29:27.556,3.769157,pose,140,sit,0.0,0.0,0.0,0.0,0.0,0.0,0.0,0.0,1.0,fake,0.0,0.0,-1.0,-0.0,0.0,0.0,0.0,6.520545482635498,11.910722732543945,12,can0:12,2.537003755569458,4.563127517700195,,"BL_hip_joint,BR_hip_joint,FL_hip_joint,FR_hip_joint,BL_thigh_joint,BR_thigh_joint,FL_thigh_joint,FR_thigh_joint,BL_calf_joint,BR_calf_joint,FL_calf_joint,FR_calf_joint",330e02f2406e129bb6ed6ec4a6c6bcd5f80d7e7799a2ab087e81eda65d2fae69,"step=000140 mode=sit    vx= 0.000 vy= 0.000 vxy= 0.000 yaw= 0.000 speed=1.00 imu=fake tilt_rp=[-0.0,+0.0]deg imu_corr=0.000 act_max= 0.000 tau_cmd= 6.521 tau_cmd_max= 11.911 cmds=12 bus=can0:12 tau_fb= 2.537 tau_fb_max= 4.563",,,,,,,,,,,,,,,,,,,,,,,,,,,,,,,,,,,,,,,,,,,,,,,,,0.0,0.0,0.0,0.0,0.0,0.0,0.0,0.0,0.0,0.0,0.0,0.0,0.0,0.0,0.0,0.0,0.0,0.0,0.0,0.0,0.0,0.0,0.0,0.0,0.1921369582414627,-0.18523383140563965,-0.15570379793643951,0.20287515223026276,0.2688383460044861,-0.281110554933548,0.2278030961751938,-0.2155308723449707,1.6674879789352417,-1.5704607963562012,1.3925135135650635,-1.4891573190689087,-0.11398663371801376,0.06775109469890594,0.1185644119977951,-0.16983550786972046,0.2371288239955902,-0.19180883467197418,0.1899777203798294,-0.173955500125885,0.028839992359280586,-0.0196844395250082,0.2714621424674988,-0.04531998559832573,0.17250186204910278,-0.166100412607193,-0.13858547806739807,0.18126168847084045,0.29293519258499146,-0.3043903708457947,0.2553126811981201,-0.24453133344650269,1.6565848588943481,-1.5690984725952148,1.4043457508087158,-1.4937412738800049,0.0,0.0,0.0,0.0,0.0,0.0,0.0,0.0,0.0,0.0,0.0,0.0
20260708_192923_786968,2026-07-08T19:29:27.678,3.891435,pose,145,sit,0.0,0.0,0.0,0.0,0.0,0.0,0.0,0.0,1.0,fake,0.0,0.0,-1.0,-0.0,0.0,0.0,0.0,6.9135518074035645,12.879232406616211,12,can0:12,2.5821712017059326,4.801171779632568,,"BL_hip_joint,BR_hip_joint,FL_hip_joint,FR_hip_joint,BL_thigh_joint,BR_thigh_joint,FL_thigh_joint,FR_thigh_joint,BL_calf_joint,BR_calf_joint,FL_calf_joint,FR_calf_joint",330e02f2406e129bb6ed6ec4a6c6bcd5f80d7e7799a2ab087e81eda65d2fae69,"step=000145 mode=sit    vx= 0.000 vy= 0.000 vxy= 0.000 yaw= 0.000 speed=1.00 imu=fake tilt_rp=[-0.0,+0.0]deg imu_corr=0.000 act_max= 0.000 tau_cmd= 6.914 tau_cmd_max= 12.879 cmds=12 bus=can0:12 tau_fb= 2.582 tau_fb_max= 4.801",,,,,,,,,,,,,,,,,,,,,,,,,,,,,,,,,,,,,,,,,,,,,,,,,0.0,0.0,0.0,0.0,0.0,0.0,0.0,0.0,0.0,0.0,0.0,0.0,0.0,0.0,0.0,0.0,0.0,0.0,0.0,0.0,0.0,0.0,0.0,0.0,0.17487914860248566,-0.16759251058101654,-0.14074702560901642,0.18216577172279358,0.29146525263786316,-0.30297043919563293,0.2546485960483551,-0.24275986850261688,1.6659539937973022,-1.5785144567489624,1.4178249835968018,-1.5052646398544312,-0.0874355286359787,0.09338664263486862,0.09201330691576004,-0.06271553784608841,0.16800439357757568,-0.191351056098938,0.19592882692813873,-0.20874661207199097,-0.035248879343271255,-0.04943998530507088,0.15655995905399323,-0.10711997002363205,0.15415453910827637,-0.14843395352363586,-0.12384551763534546,0.1619826853275299,0.3149586319923401,-0.32519543170928955,0.2813376784324646,-0.27170300483703613,1.6548207998275757,-1.5766396522521973,1.4294099807739258,-1.5092973709106445,0.0,0.0,0.0,0.0,0.0,0.0,0.0,0.0,0.0,0.0,0.0,0.0
20260708_192923_786968,2026-07-08T19:29:27.801,4.014221,pose,150,sit,0.0,0.0,0.0,0.0,0.0,0.0,0.0,0.0,1.0,fake,0.0,0.0,-1.0,-0.0,0.0,0.0,0.0,6.361412048339844,9.211932182312012,12,can0:12,2.377392053604126,5.163731575012207,,"BL_hip_joint,BR_hip_joint,FL_hip_joint,FR_hip_joint,BL_thigh_joint,BR_thigh_joint,FL_thigh_joint,FR_thigh_joint,BL_calf_joint,BR_calf_joint,FL_calf_joint,FR_calf_joint",330e02f2406e129bb6ed6ec4a6c6bcd5f80d7e7799a2ab087e81eda65d2fae69,"step=000150 mode=sit    vx= 0.000 vy= 0.000 vxy= 0.000 yaw= 0.000 speed=1.00 imu=fake tilt_rp=[-0.0,+0.0]deg imu_corr=0.000 act_max= 0.000 tau_cmd= 6.361 tau_cmd_max= 9.212 cmds=12 bus=can0:12 tau_fb= 2.377 tau_fb_max= 5.164",,,,,,,,,,,,,,,,,,,,,,,,,,,,,,,,,,,,,,,,,,,,,,,,,0.0,0.0,0.0,0.0,0.0,0.0,0.0,0.0,0.0,0.0,0.0,0.0,0.0,0.0,0.0,0.0,0.0,0.0,0.0,0.0,0.0,0.0,0.0,0.0,0.15532030165195465,-0.14956769347190857,-0.12655727565288544,0.16375744342803955,0.313708633184433,-0.32252931594848633,0.279960036277771,-0.26922184228897095,1.6640363931655884,-1.586567997932434,1.4423694610595703,-1.5202213525772095,-0.16067995131015778,0.12817774713039398,0.11398663371801376,-0.17349772155284882,0.17303994297981262,-0.14786218106746674,0.11261329799890518,-0.26459547877311707,-0.03891110047698021,-0.06591998040676117,0.18082216382026672,-0.16846217215061188,0.13641968369483948,-0.13135722279548645,-0.10959756374359131,0.14334723353385925,0.33624690771102905,-0.3453059792518616,0.306493878364563,-0.29796767234802246,1.6531157493591309,-1.5839289426803589,1.4536375999450684,-1.524334192276001,0.0,0.0,0.0,0.0,0.0,0.0,0.0,0.0,0.0,0.0,0.0,0.0
20260708_192923_786968,2026-07-08T19:29:27.924,4.137201,pose,155,sit,0.0,0.0,0.0,0.0,0.0,0.0,0.0,0.0,1.0,fake,0.0,0.0,-1.0,-0.0,0.0,0.0,0.0,6.987819671630859,11.675506591796875,12,can0:12,2.769249677658081,6.093935966491699,,"BL_hip_joint,BR_hip_joint,FL_hip_joint,FR_hip_joint,BL_thigh_joint,BR_thigh_joint,FL_thigh_joint,FR_thigh_joint,BL_calf_joint,BR_calf_joint,FL_calf_joint,FR_calf_joint",330e02f2406e129bb6ed6ec4a6c6bcd5f80d7e7799a2ab087e81eda65d2fae69,"step=000155 mode=sit    vx= 0.000 vy= 0.000 vxy= 0.000 yaw= 0.000 speed=1.00 imu=fake tilt_rp=[-0.0,+0.0]deg imu_corr=0.000 act_max= 0.000 tau_cmd= 6.988 tau_cmd_max= 11.676 cmds=12 bus=can0:12 tau_fb= 2.769 tau_fb_max= 6.094",,,,,,,,,,,,,,,,,,,,,,,,,,,,,,,,,,,,,,,,,,,,,,,,,0.0,0.0,0.0,0.0,0.0,0.0,0.0,0.0,0.0,0.0,0.0,0.0,0.0,0.0,0.0,0.0,0.0,0.0,0.0,0.0,0.0,0.0,0.0,0.0,0.13921301066875458,-0.13307689130306244,-0.11236751824617386,0.14496560394763947,0.3340345025062561,-0.3432386815547943,0.30450448393821716,-0.29530030488967896,1.662502408027649,-1.5934711694717407,1.4669139385223389,-1.535945177078247,-0.08880886435508728,0.07370220124721527,0.04898220673203468,-0.08835108578205109,0.1831110566854477,-0.2059999406337738,0.24811547994613647,-0.16388440132141113,0.0068666646257042885,-0.07232886552810669,0.13046662509441376,-0.14694662392139435,0.11938244104385376,-0.1149522066116333,-0.09591010212898254,0.12544479966163635,0.3566977381706238,-0.3646255135536194,0.3306605815887451,-0.32319915294647217,1.6514778137207031,-1.5909316539764404,1.476912021636963,-1.5387794971466064,0.0,0.0,0.0,0.0,0.0,0.0,0.0,0.0,0.0,0.0,0.0,0.0
20260708_192923_786968,2026-07-08T19:29:28.047,4.260786,pose,160,sit,0.0,0.0,0.0,0.0,0.0,0.0,0.0,0.0,1.0,fake,0.0,0.0,-1.0,-0.0,0.0,0.0,0.0,6.4483642578125,11.38599967956543,12,can0:12,2.7304913997650146,5.295571804046631,,"BL_hip_joint,BR_hip_joint,FL_hip_joint,FR_hip_joint,BL_thigh_joint,BR_thigh_joint,FL_thigh_joint,FR_thigh_joint,BL_calf_joint,BR_calf_joint,FL_calf_joint,FR_calf_joint",330e02f2406e129bb6ed6ec4a6c6bcd5f80d7e7799a2ab087e81eda65d2fae69,"step=000160 mode=sit    vx= 0.000 vy= 0.000 vxy= 0.000 yaw= 0.000 speed=1.00 imu=fake tilt_rp=[-0.0,+0.0]deg imu_corr=0.000 act_max= 0.000 tau_cmd= 6.448 tau_cmd_max= 11.386 cmds=12 bus=can0:12 tau_fb= 2.730 tau_fb_max= 5.296",,,,,,,,,,,,,,,,,,,,,,,,,,,,,,,,,,,,,,,,,,,,,,,,,0.0,0.0,0.0,0.0,0.0,0.0,0.0,0.0,0.0,0.0,0.0,0.0,0.0,0.0,0.0,0.0,0.0,0.0,0.0,0.0,0.0,0.0,0.0,0.0,0.12118817865848541,-0.1165860965847969,-0.09856127202510834,0.1269407868385315,0.35512739419937134,-0.3620305061340332,0.32904893159866333,-0.32137879729270935,1.6605849266052246,-1.6003743410110474,1.4899243116378784,-1.5501348972320557,-0.059968870133161545,0.1579332798719406,0.0553910955786705,-0.13779106736183167,0.14419995248317719,-0.1277199685573578,0.21881771087646484,-0.18768882751464844,-0.028382213786244392,-0.08285775035619736,0.13687551021575928,-0.16296884417533875,0.10312795639038086,-0.09930092096328735,-0.08285149931907654,0.10836493968963623,0.376209020614624,-0.3830573558807373,0.3537169098854065,-0.3472714424133301,1.6499149799346924,-1.5976125001907349,1.4991172552108765,-1.5525611639022827,0.0,0.0,0.0,0.0,0.0,0.0,0.0,0.0,0.0,0.0,0.0,0.0
20260708_192923_786968,2026-07-08T19:29:28.169,4.382902,pose,165,sit,0.0,0.0,0.0,0.0,0.0,0.0,0.0,0.0,1.0,fake,0.0,0.0,-1.0,-0.0,0.0,0.0,0.0,6.529824733734131,11.290799140930176,12,can0:12,2.9483931064605713,5.947447299957275,,"BL_hip_joint,BR_hip_joint,FL_hip_joint,FR_hip_joint,BL_thigh_joint,BR_thigh_joint,FL_thigh_joint,FR_thigh_joint,BL_calf_joint,BR_calf_joint,FL_calf_joint,FR_calf_joint",330e02f2406e129bb6ed6ec4a6c6bcd5f80d7e7799a2ab087e81eda65d2fae69,"step=000165 mode=sit    vx= 0.000 vy= 0.000 vxy= 0.000 yaw= 0.000 speed=1.00 imu=fake tilt_rp=[-0.0,+0.0]deg imu_corr=0.000 act_max= 0.000 tau_cmd= 6.530 tau_cmd_max= 11.291 cmds=12 bus=can0:12 tau_fb= 2.948 tau_fb_max= 5.947",,,,,,,,,,,,,,,,,,,,,,,,,,,,,,,,,,,,,,,,,,,,,,,,,0.0,0.0,0.0,0.0,0.0,0.0,0.0,0.0,0.0,0.0,0.0,0.0,0.0,0.0,0.0,0.0,0.0,0.0,0.0,0.0,0.0,0.0,0.0,0.0,0.10584790259599686,-0.1016293317079544,-0.0859055444598198,0.11083349585533142,0.37468624114990234,-0.38043883442878723,0.35244283080101013,-0.34553971886634827,1.6590508222579956,-1.6065104007720947,1.5114006996154785,-1.5639411211013794,-0.11764885485172272,0.07553330808877945,0.10391552746295929,-0.07461775839328766,0.10528885573148727,-0.17807550728321075,0.08880886435508728,-0.2133243829011917,0.055848874151706696,-0.036164432764053345,0.1341288536787033,-0.09247108548879623,0.0877414345741272,-0.08448541164398193,-0.07049021124839783,0.09219706058502197,0.39467841386795044,-0.400505006313324,0.3755421042442322,-0.37005823850631714,1.6484357118606567,-1.6039366722106934,1.5201365947723389,-1.5656068325042725,0.0,0.0,0.0,0.0,0.0,0.0,0.0,0.0,0.0,0.0,0.0,0.0
20260708_192923_786968,2026-07-08T19:29:28.286,4.499978,pose,170,sit,0.0,0.0,0.0,0.0,0.0,0.0,0.0,0.0,1.0,fake,0.0,0.0,-1.0,-0.0,0.0,0.0,0.0,5.590133190155029,9.761082649230957,12,can0:12,2.7512435913085938,4.95498514175415,,"BL_hip_joint,BR_hip_joint,FL_hip_joint,FR_hip_joint,BL_thigh_joint,BR_thigh_joint,FL_thigh_joint,FR_thigh_joint,BL_calf_joint,BR_calf_joint,FL_calf_joint,FR_calf_joint",330e02f2406e129bb6ed6ec4a6c6bcd5f80d7e7799a2ab087e81eda65d2fae69,"step=000170 mode=sit    vx= 0.000 vy= 0.000 vxy= 0.000 yaw= 0.000 speed=1.00 imu=fake tilt_rp=[-0.0,+0.0]deg imu_corr=0.000 act_max= 0.000 tau_cmd= 5.590 tau_cmd_max= 9.761 cmds=12 bus=can0:12 tau_fb= 2.751 tau_fb_max= 4.955",,,,,,,,,,,,,,,,,,,,,,,,,,,,,,,,,,,,,,,,,,,,,,,,,0.0,0.0,0.0,0.0,0.0,0.0,0.0,0.0,0.0,0.0,0.0,0.0,0.0,0.0,0.0,0.0,0.0,0.0,0.0,0.0,0.0,0.0,0.0,0.0,0.09012412279844284,-0.08667255938053131,-0.07363332808017731,0.09472620487213135,0.3919440507888794,-0.3976966440677643,0.37276870012283325,-0.36624908447265625,1.6571333408355713,-1.6130300760269165,1.5324935913085938,-1.5762133598327637,-0.13779106736183167,0.09979552775621414,0.1510666161775589,-0.09750663489103317,0.14923551678657532,-0.12955106794834137,0.19318217039108276,-0.15243995189666748,0.053559985011816025,-0.0009155552834272385,0.14786218106746674,-0.09338664263486862,0.07330811023712158,-0.07058766484260559,-0.05889466404914856,0.07703077793121338,0.41200369596481323,-0.4168717861175537,0.3960152864456177,-0.3914335370063782,1.647047996520996,-1.6098690032958984,1.5398540496826172,-1.5778443813323975,0.0,0.0,0.0,0.0,0.0,0.0,0.0,0.0,0.0,0.0,0.0,0.0
20260708_192923_786968,2026-07-08T19:29:28.403,4.616748,pose,175,sit,0.0,0.0,0.0,0.0,0.0,0.0,0.0,0.0,1.0,fake,0.0,0.0,-1.0,-0.0,0.0,0.0,0.0,5.328519344329834,10.974397659301758,12,can0:12,2.9590747356414795,5.973082542419434,,"BL_hip_joint,BR_hip_joint,FL_hip_joint,FR_hip_joint,BL_thigh_joint,BR_thigh_joint,FL_thigh_joint,FR_thigh_joint,BL_calf_joint,BR_calf_joint,FL_calf_joint,FR_calf_joint",330e02f2406e129bb6ed6ec4a6c6bcd5f80d7e7799a2ab087e81eda65d2fae69,"step=000175 mode=sit    vx= 0.000 vy= 0.000 vxy= 0.000 yaw= 0.000 speed=1.00 imu=fake tilt_rp=[-0.0,+0.0]deg imu_corr=0.000 act_max= 0.000 tau_cmd= 5.329 tau_cmd_max= 10.974 cmds=12 bus=can0:12 tau_fb= 2.959 tau_fb_max= 5.973",,,,,,,,,,,,,,,,,,,,,,,,,,,,,,,,,,,,,,,,,,,,,,,,,0.0,0.0,0.0,0.0,0.0,0.0,0.0,0.0,0.0,0.0,0.0,0.0,0.0,0.0,0.0,0.0,0.0,0.0,0.0,0.0,0.0,0.0,0.0,0.0,0.0774683952331543,-0.07363332808017731,-0.0625116229057312,0.07976943254470825,0.4095853567123413,-0.41303694248199463,0.39347806572914124,-0.38849249482154846,1.6555992364883423,-1.6195496320724487,1.5512853860855103,-1.588102102279663,-0.06088442727923393,0.10666219145059586,0.158848837018013,-0.10528885573148727,0.1908932775259018,-0.04898220673203468,0.1597643941640854,-0.20416882634162903,-0.03479110077023506,-0.03707998991012573,0.16296884417533875,-0.036164432764053345,0.059913039207458496,-0.05768972635269165,-0.048133283853530884,0.06295549869537354,0.42808258533477783,-0.43206119537353516,0.4150155782699585,-0.41127103567123413,1.645760178565979,-1.6153745651245117,1.5581529140472412,-1.5892016887664795,0.0,0.0,0.0,0.0,0.0,0.0,0.0,0.0,0.0,0.0,0.0,0.0
20260708_192923_786968,2026-07-08T19:29:28.520,4.733860,pose,180,sit,0.0,0.0,0.0,0.0,0.0,0.0,0.0,0.0,1.0,fake,0.0,0.0,-1.0,-0.0,0.0,0.0,0.0,4.93096399307251,9.231657981872559,12,can0:12,2.4805445671081543,4.4166388511657715,,"BL_hip_joint,BR_hip_joint,FL_hip_joint,FR_hip_joint,BL_thigh_joint,BR_thigh_joint,FL_thigh_joint,FR_thigh_joint,BL_calf_joint,BR_calf_joint,FL_calf_joint,FR_calf_joint",330e02f2406e129bb6ed6ec4a6c6bcd5f80d7e7799a2ab087e81eda65d2fae69,"step=000180 mode=sit    vx= 0.000 vy= 0.000 vxy= 0.000 yaw= 0.000 speed=1.00 imu=fake tilt_rp=[-0.0,+0.0]deg imu_corr=0.000 act_max= 0.000 tau_cmd= 4.931 tau_cmd_max= 9.232 cmds=12 bus=can0:12 tau_fb= 2.481 tau_fb_max= 4.417",,,,,,,,,,,,,,,,,,,,,,,,,,,,,,,,,,,,,,,,,,,,,,,,,0.0,0.0,0.0,0.0,0.0,0.0,0.0,0.0,0.0,0.0,0.0,0.0,0.0,0.0,0.0,0.0,0.0,0.0,0.0,0.0,0.0,0.0,0.0,0.0,0.06289513409137726,-0.060977596789598465,-0.05215694010257721,0.06673020124435425,0.42492565512657166,-0.42876070737838745,0.4122699201107025,-0.40805134177207947,1.6540652513504028,-1.6249186992645264,1.5696938037872314,-1.599607229232788,-0.061342205852270126,0.18539994955062866,0.04257332161068916,-0.11627551913261414,0.1501510739326477,-0.12451551854610443,0.16434217989444733,-0.19180883467197418,-0.06591998040676117,0.02929776906967163,0.08468886464834213,-0.1263466328382492,0.04764151573181152,-0.04587352275848389,-0.03827446699142456,0.05006074905395508,0.4428129196166992,-0.4459766149520874,0.43242233991622925,-0.4294447898864746,1.644580364227295,-1.6204184293746948,1.5749170780181885,-1.5996062755584717,0.0,0.0,0.0,0.0,0.0,0.0,0.0,0.0,0.0,0.0,0.0,0.0
20260708_192923_786968,2026-07-08T19:29:28.637,4.850637,pose,185,sit,0.0,0.0,0.0,0.0,0.0,0.0,0.0,0.0,1.0,fake,0.0,0.0,-1.0,-0.0,0.0,0.0,0.0,5.167225360870361,9.31941032409668,12,can0:12,3.088167905807495,5.965758323669434,,"BL_hip_joint,BR_hip_joint,FL_hip_joint,FR_hip_joint,BL_thigh_joint,BR_thigh_joint,FL_thigh_joint,FR_thigh_joint,BL_calf_joint,BR_calf_joint,FL_calf_joint,FR_calf_joint",330e02f2406e129bb6ed6ec4a6c6bcd5f80d7e7799a2ab087e81eda65d2fae69,"step=000185 mode=sit    vx= 0.000 vy= 0.000 vxy= 0.000 yaw= 0.000 speed=1.00 imu=fake tilt_rp=[-0.0,+0.0]deg imu_corr=0.000 act_max= 0.000 tau_cmd= 5.167 tau_cmd_max= 9.319 cmds=12 bus=can0:12 tau_fb= 3.088 tau_fb_max= 5.966",,,,,,,,,,,,,,,,,,,,,,,,,,,,,,,,,,,,,,,,,,,,,,,,,0.0,0.0,0.0,0.0,0.0,0.0,0.0,0.0,0.0,0.0,0.0,0.0,0.0,0.0,0.0,0.0,0.0,0.0,0.0,0.0,0.0,0.0,0.0,0.0,0.05177343264222145,-0.04908888414502144,-0.04180225357413292,0.05330745875835419,0.43988242745399475,-0.44256696105003357,0.42952772974967957,-0.4256926476955414,1.6525312662124634,-1.6291372776031494,1.5858010053634644,-1.6095784902572632,-0.05767998471856117,0.11169774830341339,0.09613330662250519,-0.06820886582136154,0.173955500125885,-0.08835108578205109,0.09887997061014175,-0.1593066155910492,-0.0119022186845541,0.00595110934227705,0.17761772871017456,-0.05951109528541565,0.036578595638275146,-0.0352211594581604,-0.029386699199676514,0.038436055183410645,0.4560924172401428,-0.4585214853286743,0.44811469316482544,-0.44582849740982056,1.6435167789459229,-1.6249655485153198,1.5900301933288574,-1.6089861392974854,0.0,0.0,0.0,0.0,0.0,0.0,0.0,0.0,0.0,0.0,0.0,0.0
20260708_192923_786968,2026-07-08T19:29:28.754,4.967537,pose,190,sit,0.0,0.0,0.0,0.0,0.0,0.0,0.0,0.0,1.0,fake,0.0,0.0,-1.0,-0.0,0.0,0.0,0.0,5.301625728607178,9.753636360168457,12,can0:12,2.929471731185913,5.288247108459473,,"BL_hip_joint,BR_hip_joint,FL_hip_joint,FR_hip_joint,BL_thigh_joint,BR_thigh_joint,FL_thigh_joint,FR_thigh_joint,BL_calf_joint,BR_calf_joint,FL_calf_joint,FR_calf_joint",330e02f2406e129bb6ed6ec4a6c6bcd5f80d7e7799a2ab087e81eda65d2fae69,"step=000190 mode=sit    vx= 0.000 vy= 0.000 vxy= 0.000 yaw= 0.000 speed=1.00 imu=fake tilt_rp=[-0.0,+0.0]deg imu_corr=0.000 act_max= 0.000 tau_cmd= 5.302 tau_cmd_max= 9.754 cmds=12 bus=can0:12 tau_fb= 2.929 tau_fb_max= 5.288",,,,,,,,,,,,,,,,,,,,,,,,,,,,,,,,,,,,,,,,,,,,,,,,,0.0,0.0,0.0,0.0,0.0,0.0,0.0,0.0,0.0,0.0,0.0,0.0,0.0,0.0,0.0,0.0,0.0,0.0,0.0,0.0,0.0,0.0,0.0,0.0,0.04141874611377716,-0.03911770507693291,-0.03374860808253288,0.0429527722299099,0.45292165875434875,-0.45407217741012573,0.4452515244483948,-0.4421834647655487,1.6513806581497192,-1.6333558559417725,1.6007578372955322,-1.6183991432189941,-0.03341776877641678,0.026551103219389915,0.005493331700563431,-0.10574663430452347,0.09292886406183243,-0.09933774918317795,0.19363994896411896,-0.11673329770565033,-0.005493331700563431,-0.05813775956630707,0.08880886435508728,-0.00595110934227705,0.026809513568878174,-0.025814592838287354,-0.021538376808166504,0.02817094326019287,0.46781885623931885,-0.469599187374115,0.4619717597961426,-0.4602961540222168,1.6425775289535522,-1.6289807558059692,1.6033756732940674,-1.6172690391540527,0.0,0.0,0.0,0.0,0.0,0.0,0.0,0.0,0.0,0.0,0.0,0.0
20260708_192923_786968,2026-07-08T19:29:28.870,5.083752,pose,195,sit,0.0,0.0,0.0,0.0,0.0,0.0,0.0,0.0,1.0,fake,0.0,0.0,-1.0,-0.0,0.0,0.0,0.0,4.6413702964782715,8.497764587402344,12,can0:12,2.9609053134918213,5.760673999786377,,"BL_hip_joint,BR_hip_joint,FL_hip_joint,FR_hip_joint,BL_thigh_joint,BR_thigh_joint,FL_thigh_joint,FR_thigh_joint,BL_calf_joint,BR_calf_joint,FL_calf_joint,FR_calf_joint",330e02f2406e129bb6ed6ec4a6c6bcd5f80d7e7799a2ab087e81eda65d2fae69,"step=000195 mode=sit    vx= 0.000 vy= 0.000 vxy= 0.000 yaw= 0.000 speed=1.00 imu=fake tilt_rp=[-0.0,+0.0]deg imu_corr=0.000 act_max= 0.000 tau_cmd= 4.641 tau_cmd_max= 8.498 cmds=12 bus=can0:12 tau_fb= 2.961 tau_fb_max= 5.761",,,,,,,,,,,,,,,,,,,,,,,,,,,,,,,,,,,,,,,,,,,,,,,,,0.0,0.0,0.0,0.0,0.0,0.0,0.0,0.0,0.0,0.0,0.0,0.0,0.0,0.0,0.0,0.0,0.0,0.0,0.0,0.0,0.0,0.0,0.0,0.0,0.030680552124977112,-0.030297044664621353,-0.026078470051288605,0.032981593161821365,0.4636598527431488,-0.4667279124259949,0.4590577483177185,-0.4559897184371948,1.6506136655807495,-1.6371909379959106,1.6130300760269165,-1.627219796180725,-0.11307107657194138,0.025635547935962677,0.10574663430452347,-0.05767998471856117,0.1185644119977951,-0.1501510739326477,0.1506088376045227,-0.0952177494764328,0.01739555038511753,-0.07553330808877945,0.07461775839328766,-0.0476088747382164,0.01841944456100464,-0.01773589849472046,-0.01479792594909668,0.019354820251464844,0.4778899550437927,-0.4791131019592285,0.47387272119522095,-0.4727214574813843,1.641770839691162,-1.6324292421340942,1.6148371696472168,-1.624382734298706,0.0,0.0,0.0,0.0,0.0,0.0,0.0,0.0,0.0,0.0,0.0,0.0
20260708_192923_786968,2026-07-08T19:29:28.989,5.202655,pose,200,sit,0.0,0.0,0.0,0.0,0.0,0.0,0.0,0.0,1.0,fake,0.0,0.0,-1.0,-0.0,0.0,0.0,0.0,5.501588344573975,9.254632949829102,12,can0:12,3.0484941005706787,6.222113609313965,,"BL_hip_joint,BR_hip_joint,FL_hip_joint,FR_hip_joint,BL_thigh_joint,BR_thigh_joint,FL_thigh_joint,FR_thigh_joint,BL_calf_joint,BR_calf_joint,FL_calf_joint,FR_calf_joint",330e02f2406e129bb6ed6ec4a6c6bcd5f80d7e7799a2ab087e81eda65d2fae69,"step=000200 mode=sit    vx= 0.000 vy= 0.000 vxy= 0.000 yaw= 0.000 speed=1.00 imu=fake tilt_rp=[-0.0,+0.0]deg imu_corr=0.000 act_max= 0.000 tau_cmd= 5.502 tau_cmd_max= 9.255 cmds=12 bus=can0:12 tau_fb= 3.048 tau_fb_max= 6.222",,,,,,,,,,,,,,,,,,,,,,,,,,,,,,,,,,,,,,,,,,,,,,,,,0.0,0.0,0.0,0.0,0.0,0.0,0.0,0.0,0.0,0.0,0.0,0.0,0.0,0.0,0.0,0.0,0.0,0.0,0.0,0.0,0.0,0.0,0.0,0.0,0.023393921554088593,-0.021859893575310707,-0.02032586559653282,0.023010414093732834,0.4751650393009186,-0.4751650393009186,0.46979594230651855,-0.4682619273662567,1.649463176727295,-1.640642523765564,1.6253021955490112,-1.6337393522262573,0.009155552834272385,0.07827997952699661,0.07461775839328766,-0.10254219174385071,0.08926664292812347,0.04852443188428879,0.04119998961687088,-0.09247108548879623,-0.03387554734945297,-0.09201330691576004,0.11581774055957794,-0.05493331700563431,0.011493563652038574,-0.011067092418670654,-0.00923377275466919,0.012077271938323975,0.48620355129241943,-0.4869667887687683,0.48369675874710083,-0.4829784631729126,1.641105055809021,-1.635275959968567,1.6242985725402832,-1.6302549839019775,0.0,0.0,0.0,0.0,0.0,0.0,0.0,0.0,0.0,0.0,0.0,0.0
20260708_192923_786968,2026-07-08T19:29:29.111,5.324679,pose,205,sit,0.0,0.0,0.0,0.0,0.0,0.0,0.0,0.0,1.0,fake,0.0,0.0,-1.0,-0.0,0.0,0.0,0.0,4.067112445831299,8.576822280883789,12,can0:12,3.3384196758270264,6.049989223480225,,"BL_hip_joint,BR_hip_joint,FL_hip_joint,FR_hip_joint,BL_thigh_joint,BR_thigh_joint,FL_thigh_joint,FR_thigh_joint,BL_calf_joint,BR_calf_joint,FL_calf_joint,FR_calf_joint",330e02f2406e129bb6ed6ec4a6c6bcd5f80d7e7799a2ab087e81eda65d2fae69,"step=000205 mode=sit    vx= 0.000 vy= 0.000 vxy= 0.000 yaw= 0.000 speed=1.00 imu=fake tilt_rp=[-0.0,+0.0]deg imu_corr=0.000 act_max= 0.000 tau_cmd= 4.067 tau_cmd_max= 8.577 cmds=12 bus=can0:12 tau_fb= 3.338 tau_fb_max= 6.050",,,,,,,,,,,,,,,,,,,,,,,,,,,,,,,,,,,,,,,,,,,,,,,,,0.0,0.0,0.0,0.0,0.0,0.0,0.0,0.0,0.0,0.0,0.0,0.0,0.0,0.0,0.0,0.0,0.0,0.0,0.0,0.0,0.0,0.0,0.0,0.0,0.01764131709933281,-0.015723783522844315,-0.014573262073099613,0.01687430404126644,0.4832186996936798,-0.4816846549510956,0.48091766238212585,-0.48015064001083374,1.64907968044281,-1.6433271169662476,1.6337393522262573,-1.6387250423431396,-0.10071108490228653,0.025177771225571632,0.08835108578205109,-0.062257759273052216,0.110782191157341,-0.028839992359280586,0.036164432764053345,-0.16296884417533875,0.061342205852270126,0.05630664899945259,0.028382213786244392,-0.04028443247079849,0.006117045879364014,-0.005890071392059326,-0.004914343357086182,0.00642770528793335,0.49265730381011963,-0.4930635094642639,0.49132317304611206,-0.4909408688545227,1.6405880451202393,-1.6374857425689697,1.631643533706665,-1.6348135471343994,0.0,0.0,0.0,0.0,0.0,0.0,0.0,0.0,0.0,0.0,0.0,0.0
20260708_192923_786968,2026-07-08T19:29:29.233,5.446987,pose,210,sit,0.0,0.0,0.0,0.0,0.0,0.0,0.0,0.0,1.0,fake,0.0,0.0,-1.0,-0.0,0.0,0.0,0.0,4.270613670349121,8.11421012878418,12,can0:12,3.391216516494751,6.079287052154541,,"BL_hip_joint,BR_hip_joint,FL_hip_joint,FR_hip_joint,BL_thigh_joint,BR_thigh_joint,FL_thigh_joint,FR_thigh_joint,BL_calf_joint,BR_calf_joint,FL_calf_joint,FR_calf_joint",330e02f2406e129bb6ed6ec4a6c6bcd5f80d7e7799a2ab087e81eda65d2fae69,"step=000210 mode=sit    vx= 0.000 vy= 0.000 vxy= 0.000 yaw= 0.000 speed=1.00 imu=fake tilt_rp=[-0.0,+0.0]deg imu_corr=0.000 act_max= 0.000 tau_cmd= 4.271 tau_cmd_max= 8.114 cmds=12 bus=can0:12 tau_fb= 3.391 tau_fb_max= 6.079",,,,,,,,,,,,,,,,,,,,,,,,,,,,,,,,,,,,,,,,,,,,,,,,,0.0,0.0,0.0,0.0,0.0,0.0,0.0,0.0,0.0,0.0,0.0,0.0,0.0,0.0,0.0,0.0,0.0,0.0,0.0,0.0,0.0,0.0,0.0,0.0,0.013039235025644302,-0.011121700517833233,-0.009971179068088531,0.012655727565288544,0.48858779668807983,-0.48858779668807983,0.4878207743167877,-0.4862867593765259,1.6483126878738403,-1.6452445983886719,1.6394920349121094,-1.6429436206817627,-0.07782220095396042,0.08606220036745071,0.038453321903944016,0.013733329251408577,0.054475538432598114,0.00595110934227705,-0.002288888208568096,-0.10666219145059586,0.012817773967981339,0.025177771225571632,0.0238044373691082,-0.005493331700563431,0.0023750662803649902,-0.002286970615386963,-0.00190812349319458,0.002495706081390381,0.4971490502357483,-0.497306764125824,0.49663102626800537,-0.49648261070251465,1.6402283906936646,-1.639023780822754,1.6367554664611816,-1.637986183166504,0.0,0.0,0.0,0.0,0.0,0.0,0.0,0.0,0.0,0.0,0.0,0.0
20260708_192923_786968,2026-07-08T19:29:29.355,5.568919,pose,215,sit,0.0,0.0,0.0,0.0,0.0,0.0,0.0,0.0,1.0,fake,0.0,0.0,-1.0,-0.0,0.0,0.0,0.0,3.6677560806274414,7.474222660064697,12,can0:12,3.231909990310669,5.335855960845947,,"BL_hip_joint,BR_hip_joint,FL_hip_joint,FR_hip_joint,BL_thigh_joint,BR_thigh_joint,FL_thigh_joint,FR_thigh_joint,BL_calf_joint,BR_calf_joint,FL_calf_joint,FR_calf_joint",330e02f2406e129bb6ed6ec4a6c6bcd5f80d7e7799a2ab087e81eda65d2fae69,"step=000215 mode=sit    vx= 0.000 vy= 0.000 vxy= 0.000 yaw= 0.000 speed=1.00 imu=fake tilt_rp=[-0.0,+0.0]deg imu_corr=0.000 act_max= 0.000 tau_cmd= 3.668 tau_cmd_max= 7.474 cmds=12 bus=can0:12 tau_fb= 3.232 tau_fb_max= 5.336",,,,,,,,,,,,,,,,,,,,,,,,,,,,,,,,,,,,,,,,,,,,,,,,,0.0,0.0,0.0,0.0,0.0,0.0,0.0,0.0,0.0,0.0,0.0,0.0,0.0,0.0,0.0,0.0,0.0,0.0,0.0,0.0,0.0,0.0,0.0,0.0,0.008820658549666405,-0.008053644560277462,-0.007286631036549807,0.009587672539055347,0.49203935265541077,-0.49395689368247986,0.49242284893989563,-0.4905053377151489,1.6479291915893555,-1.6471620798110962,1.6437106132507324,-1.6456280946731567,-0.03570665791630745,0.10254219174385071,0.12451551854610443,-0.02059999480843544,0.02471999265253544,-0.016022218391299248,0.03021332435309887,-0.016937773674726486,-0.0032044434919953346,-0.0553910955786705,-0.07461775839328766,-0.007782219909131527,0.0003527998924255371,-0.00033968687057495117,-0.0002834200859069824,0.0003707408905029297,0.49957650899887085,-0.4995999336242676,0.4994995594024658,-0.4994775056838989,1.6400339603424072,-1.6398550271987915,1.6395180225372314,-1.6397008895874023,0.0,0.0,0.0,0.0,0.0,0.0,0.0,0.0,0.0,0.0,0.0,0.0
20260708_192923_786968,2026-07-08T19:29:29.478,5.691755,pose,220,sit,0.0,0.0,0.0,0.0,0.0,0.0,0.0,0.0,1.0,fake,0.0,0.0,-1.0,-0.0,0.0,0.0,0.0,4.488266468048096,7.858354568481445,12,can0:12,2.985931158065796,5.412762641906738,,"BL_hip_joint,BR_hip_joint,FL_hip_joint,FR_hip_joint,BL_thigh_joint,BR_thigh_joint,FL_thigh_joint,FR_thigh_joint,BL_calf_joint,BR_calf_joint,FL_calf_joint,FR_calf_joint",330e02f2406e129bb6ed6ec4a6c6bcd5f80d7e7799a2ab087e81eda65d2fae69,"step=000220 mode=sit    vx= 0.000 vy= 0.000 vxy= 0.000 yaw= 0.000 speed=1.00 imu=fake tilt_rp=[-0.0,+0.0]deg imu_corr=0.000 act_max= 0.000 tau_cmd= 4.488 tau_cmd_max= 7.858 cmds=12 bus=can0:12 tau_fb= 2.986 tau_fb_max= 5.413",,,,,,,,,,,,,,,,,,,,,,,,,,,,,,,,,,,,,,,,,,,,,,,,,0.0,0.0,0.0,0.0,0.0,0.0,0.0,0.0,0.0,0.0,0.0,0.0,0.0,0.0,0.0,0.0,0.0,0.0,0.0,0.0,0.0,0.0,0.0,0.0,0.006903124041855335,-0.006903124041855335,-0.00613611051812768,0.007670138031244278,0.4943403899669647,-0.4966414272785187,0.4943403899669647,-0.49318987131118774,1.6479291915893555,-1.6475456953048706,1.6467785835266113,-1.6471620798110962,-0.06729331612586975,0.013275551609694958,-0.07644886523485184,0.03570665791630745,0.03250221163034439,-0.03891110047698021,-0.0032044434919953346,-0.05081331729888916,0.05310220643877983,-0.013275551609694958,0.0553910955786705,0.02471999265253544,0.0,0.0,0.0,0.0,0.5,-0.5,0.5,-0.5,1.6399999856948853,-1.6399999856948853,1.6399999856948853,-1.6399999856948853,0.0,0.0,0.0,0.0,0.0,0.0,0.0,0.0,0.0,0.0,0.0,0.0
20260708_192923_786968,2026-07-08T19:29:29.601,5.814444,pose,225,sit,0.0,0.0,0.0,0.0,0.0,0.0,0.0,0.0,1.0,fake,0.0,0.0,-1.0,-0.0,0.0,0.0,0.0,4.0988922119140625,7.248610019683838,12,can0:12,3.1333353519439697,5.540940761566162,,"BL_hip_joint,BR_hip_joint,FL_hip_joint,FR_hip_joint,BL_thigh_joint,BR_thigh_joint,FL_thigh_joint,FR_thigh_joint,BL_calf_joint,BR_calf_joint,FL_calf_joint,FR_calf_joint",330e02f2406e129bb6ed6ec4a6c6bcd5f80d7e7799a2ab087e81eda65d2fae69,"step=000225 mode=sit    vx= 0.000 vy= 0.000 vxy= 0.000 yaw= 0.000 speed=1.00 imu=fake tilt_rp=[-0.0,+0.0]deg imu_corr=0.000 act_max= 0.000 tau_cmd= 4.099 tau_cmd_max= 7.249 cmds=12 bus=can0:12 tau_fb= 3.133 tau_fb_max= 5.541",,,,,,,,,,,,,,,,,,,,,,,,,,,,,,,,,,,,,,,,,,,,,,,,,0.0,0.0,0.0,0.0,0.0,0.0,0.0,0.0,0.0,0.0,0.0,0.0,0.0,0.0,0.0,0.0,0.0,0.0,0.0,0.0,0.0,0.0,0.0,0.0,0.006519617512822151,-0.006519617512822151,-0.0057526035234332085,0.007286631036549807,0.49510741233825684,-0.4974084496498108,0.49510741233825684,-0.49395689368247986,1.6479291915893555,-1.6479291915893555,1.6471620798110962,-1.6475456953048706,-0.017853328958153725,0.010528885759413242,0.07599108666181564,0.0398266538977623,-0.035248879343271255,-0.003662221133708954,0.02929776906967163,-0.0068666646257042885,0.036164432764053345,0.02151555009186268,0.022431105375289917,0.037537768483161926,0.0,0.0,0.0,0.0,0.5,-0.5,0.5,-0.5,1.6399999856948853,-1.6399999856948853,1.6399999856948853,-1.6399999856948853,0.0,0.0,0.0,0.0,0.0,0.0,0.0,0.0,0.0,0.0,0.0,0.0
20260708_192923_786968,2026-07-08T19:29:29.723,5.936881,pose,230,sit,0.0,0.0,0.0,0.0,0.0,0.0,0.0,0.0,1.0,fake,0.0,0.0,-1.0,-0.0,0.0,0.0,0.0,4.233855247497559,7.3270263671875,12,can0:12,2.6694538593292236,4.911038398742676,,"BL_hip_joint,BR_hip_joint,FL_hip_joint,FR_hip_joint,BL_thigh_joint,BR_thigh_joint,FL_thigh_joint,FR_thigh_joint,BL_calf_joint,BR_calf_joint,FL_calf_joint,FR_calf_joint",330e02f2406e129bb6ed6ec4a6c6bcd5f80d7e7799a2ab087e81eda65d2fae69,"step=000230 mode=sit    vx= 0.000 vy= 0.000 vxy= 0.000 yaw= 0.000 speed=1.00 imu=fake tilt_rp=[-0.0,+0.0]deg imu_corr=0.000 act_max= 0.000 tau_cmd= 4.234 tau_cmd_max= 7.327 cmds=12 bus=can0:12 tau_fb= 2.669 tau_fb_max= 4.911",,,,,,,,,,,,,,,,,,,,,,,,,,,,,,,,,,,,,,,,,,,,,,,,,0.0,0.0,0.0,0.0,0.0,0.0,0.0,0.0,0.0,0.0,0.0,0.0,0.0,0.0,0.0,0.0,0.0,0.0,0.0,0.0,0.0,0.0,0.0,0.0,0.006519617512822151,-0.006519617512822151,-0.005369096528738737,0.007286631036549807,0.49510741233825684,-0.4974084496498108,0.49510741233825684,-0.494723916053772,1.6479291915893555,-1.6479291915893555,1.6471620798110962,-1.6475456953048706,0.01235999632626772,-0.03799554333090782,0.0791955292224884,0.05172887444496155,0.02700888179242611,0.032959990203380585,-0.008239997550845146,0.021057771518826485,-0.055848874151706696,0.05630664899945259,0.014648884534835815,-0.03341776877641678,0.0,0.0,0.0,0.0,0.5,-0.5,0.5,-0.5,1.6399999856948853,-1.6399999856948853,1.6399999856948853,-1.6399999856948853,0.0,0.0,0.0,0.0,0.0,0.0,0.0,0.0,0.0,0.0,0.0,0.0
20260708_192923_786968,2026-07-08T19:29:29.846,6.059154,pose,235,sit,0.0,0.0,0.0,0.0,0.0,0.0,0.0,0.0,1.0,fake,0.0,0.0,-1.0,-0.0,0.0,0.0,0.0,3.9453344345092773,8.072588920593262,12,can0:12,3.1199071407318115,6.075624942779541,,"BL_hip_joint,BR_hip_joint,FL_hip_joint,FR_hip_joint,BL_thigh_joint,BR_thigh_joint,FL_thigh_joint,FR_thigh_joint,BL_calf_joint,BR_calf_joint,FL_calf_joint,FR_calf_joint",330e02f2406e129bb6ed6ec4a6c6bcd5f80d7e7799a2ab087e81eda65d2fae69,"step=000235 mode=sit    vx= 0.000 vy= 0.000 vxy= 0.000 yaw= 0.000 speed=1.00 imu=fake tilt_rp=[-0.0,+0.0]deg imu_corr=0.000 act_max= 0.000 tau_cmd= 3.945 tau_cmd_max= 8.073 cmds=12 bus=can0:12 tau_fb= 3.120 tau_fb_max= 6.076",,,,,,,,,,,,,,,,,,,,,,,,,,,,,,,,,,,,,,,,,,,,,,,,,0.0,0.0,0.0,0.0,0.0,0.0,0.0,0.0,0.0,0.0,0.0,0.0,0.0,0.0,0.0,0.0,0.0,0.0,0.0,0.0,0.0,0.0,0.0,0.0,0.006519617512822151,-0.006519617512822151,-0.0057526035234332085,0.007286631036549807,0.49510741233825684,-0.4974084496498108,0.49510741233825684,-0.494723916053772,1.6479291915893555,-1.6479291915893555,1.6475456953048706,-1.6475456953048706,-0.05218665301799774,0.029755547642707825,0.10208441317081451,0.043946653604507446,-0.014191106893122196,-0.027466658502817154,-0.016022218391299248,-0.05859553813934326,0.059053316712379456,0.0315866582095623,0.05264442786574364,0.002288888208568096,0.0,0.0,0.0,0.0,0.5,-0.5,0.5,-0.5,1.6399999856948853,-1.6399999856948853,1.6399999856948853,-1.6399999856948853,0.0,0.0,0.0,0.0,0.0,0.0,0.0,0.0,0.0,0.0,0.0,0.0
20260708_192923_786968,2026-07-08T19:29:29.968,6.181151,pose,240,sit,0.0,0.0,0.0,0.0,0.0,0.0,0.0,0.0,1.0,fake,0.0,0.0,-1.0,-0.0,0.0,0.0,0.0,4.578117370605469,9.325037002563477,12,can0:12,3.1098365783691406,5.713065147399902,,"BL_hip_joint,BR_hip_joint,FL_hip_joint,FR_hip_joint,BL_thigh_joint,BR_thigh_joint,FL_thigh_joint,FR_thigh_joint,BL_calf_joint,BR_calf_joint,FL_calf_joint,FR_calf_joint",330e02f2406e129bb6ed6ec4a6c6bcd5f80d7e7799a2ab087e81eda65d2fae69,"step=000240 mode=sit    vx= 0.000 vy= 0.000 vxy= 0.000 yaw= 0.000 speed=1.00 imu=fake tilt_rp=[-0.0,+0.0]deg imu_corr=0.000 act_max= 0.000 tau_cmd= 4.578 tau_cmd_max= 9.325 cmds=12 bus=can0:12 tau_fb= 3.110 tau_fb_max= 5.713",,,,,,,,,,,,,,,,,,,,,,,,,,,,,,,,,,,,,,,,,,,,,,,,,0.0,0.0,0.0,0.0,0.0,0.0,0.0,0.0,0.0,0.0,0.0,0.0,0.0,0.0,0.0,0.0,0.0,0.0,0.0,0.0,0.0,0.0,0.0,0.0,0.006519617512822151,-0.006519617512822151,-0.0057526035234332085,0.007286631036549807,0.49510741233825684,-0.49779194593429565,0.4954909086227417,-0.49510741233825684,1.6479291915893555,-1.6479291915893555,1.6471620798110962,-1.6475456953048706,0.018768884241580963,-0.022431105375289917,-0.004577776417136192,-0.0398266538977623,-0.02288888208568096,0.0119022186845541,-0.05493331700563431,-0.08880886435508728,0.09384441375732422,0.0027466658502817154,-0.0050355540588498116,0.017853328958153725,0.0,0.0,0.0,0.0,0.5,-0.5,0.5,-0.5,1.6399999856948853,-1.6399999856948853,1.6399999856948853,-1.6399999856948853,0.0,0.0,0.0,0.0,0.0,0.0,0.0,0.0,0.0,0.0,0.0,0.0
20260708_192923_786968,2026-07-08T19:29:30.090,6.303725,pose,245,sit,0.0,0.0,0.0,0.0,0.0,0.0,0.0,0.0,1.0,fake,0.0,0.0,-1.0,-0.0,0.0,0.0,0.0,4.14047384262085,7.346584796905518,12,can0:12,2.9645674228668213,6.101260185241699,,"BL_hip_joint,BR_hip_joint,FL_hip_joint,FR_hip_joint,BL_thigh_joint,BR_thigh_joint,FL_thigh_joint,FR_thigh_joint,BL_calf_joint,BR_calf_joint,FL_calf_joint,FR_calf_joint",330e02f2406e129bb6ed6ec4a6c6bcd5f80d7e7799a2ab087e81eda65d2fae69,"step=000245 mode=sit    vx= 0.000 vy= 0.000 vxy= 0.000 yaw= 0.000 speed=1.00 imu=fake tilt_rp=[-0.0,+0.0]deg imu_corr=0.000 act_max= 0.000 tau_cmd= 4.140 tau_cmd_max= 7.347 cmds=12 bus=can0:12 tau_fb= 2.965 tau_fb_max= 6.101",,,,,,,,,,,,,,,,,,,,,,,,,,,,,,,,,,,,,,,,,,,,,,,,,0.0,0.0,0.0,0.0,0.0,0.0,0.0,0.0,0.0,0.0,0.0,0.0,0.0,0.0,0.0,0.0,0.0,0.0,0.0,0.0,0.0,0.0,0.0,0.0,0.006519617512822151,-0.006519617512822151,-0.0057526035234332085,0.007286631036549807,0.4954909086227417,-0.49779194593429565,0.4954909086227417,-0.494723916053772,1.6479291915893555,-1.6479291915893555,1.6475456953048706,-1.6475456953048706,-0.0714133158326149,0.002288888208568096,-0.08423108607530594,-0.050355542451143265,0.014648884534835815,-0.008697775192558765,0.01739555038511753,0.044862210750579834,-0.05264442786574364,0.001831110566854477,0.028382213786244392,-0.02471999265253544,0.0,0.0,0.0,0.0,0.5,-0.5,0.5,-0.5,1.6399999856948853,-1.6399999856948853,1.6399999856948853,-1.6399999856948853,0.0,0.0,0.0,0.0,0.0,0.0,0.0,0.0,0.0,0.0,0.0,0.0
20260708_192923_786968,2026-07-08T19:29:30.213,6.426160,pose,250,sit,0.0,0.0,0.0,0.0,0.0,0.0,0.0,0.0,1.0,fake,0.0,0.0,-1.0,-0.0,0.0,0.0,0.0,4.780430316925049,9.044883728027344,12,can0:12,2.9358808994293213,4.819482803344727,,"BL_hip_joint,BR_hip_joint,FL_hip_joint,FR_hip_joint,BL_thigh_joint,BR_thigh_joint,FL_thigh_joint,FR_thigh_joint,BL_calf_joint,BR_calf_joint,FL_calf_joint,FR_calf_joint",330e02f2406e129bb6ed6ec4a6c6bcd5f80d7e7799a2ab087e81eda65d2fae69,"step=000250 mode=sit    vx= 0.000 vy= 0.000 vxy= 0.000 yaw= 0.000 speed=1.00 imu=fake tilt_rp=[-0.0,+0.0]deg imu_corr=0.000 act_max= 0.000 tau_cmd= 4.780 tau_cmd_max= 9.045 cmds=12 bus=can0:12 tau_fb= 2.936 tau_fb_max= 4.819",,,,,,,,,,,,,,,,,,,,,,,,,,,,,,,,,,,,,,,,,,,,,,,,,0.0,0.0,0.0,0.0,0.0,0.0,0.0,0.0,0.0,0.0,0.0,0.0,0.0,0.0,0.0,0.0,0.0,0.0,0.0,0.0,0.0,0.0,0.0,0.0,0.006519617512822151,-0.006519617512822151,-0.0057526035234332085,0.007286631036549807,0.4954909086227417,-0.49779194593429565,0.4954909086227417,-0.494723916053772,1.6479291915893555,-1.6479291915893555,1.6475456953048706,-1.6475456953048706,0.008239997550845146,0.025635547935962677,-0.04211554303765297,0.05630664899945259,-0.004119998775422573,-0.017853328958153725,-0.04577776417136192,0.027924437075853348,-0.032044436782598495,-0.08606220036745071,-0.006408886983990669,0.01235999632626772,0.0,0.0,0.0,0.0,0.5,-0.5,0.5,-0.5,1.6399999856948853,-1.6399999856948853,1.6399999856948853,-1.6399999856948853,0.0,0.0,0.0,0.0,0.0,0.0,0.0,0.0,0.0,0.0,0.0,0.0
20260708_192923_786968,2026-07-08T19:29:30.336,6.549227,pose,255,sit,0.0,0.0,0.0,0.0,0.0,0.0,0.0,0.0,1.0,fake,0.0,0.0,-1.0,-0.0,0.0,0.0,0.0,4.837486743927002,7.427443504333496,12,can0:12,2.8720967769622803,5.332193851470947,,"BL_hip_joint,BR_hip_joint,FL_hip_joint,FR_hip_joint,BL_thigh_joint,BR_thigh_joint,FL_thigh_joint,FR_thigh_joint,BL_calf_joint,BR_calf_joint,FL_calf_joint,FR_calf_joint",330e02f2406e129bb6ed6ec4a6c6bcd5f80d7e7799a2ab087e81eda65d2fae69,"step=000255 mode=sit    vx= 0.000 vy= 0.000 vxy= 0.000 yaw= 0.000 speed=1.00 imu=fake tilt_rp=[-0.0,+0.0]deg imu_corr=0.000 act_max= 0.000 tau_cmd= 4.837 tau_cmd_max= 7.427 cmds=12 bus=can0:12 tau_fb= 2.872 tau_fb_max= 5.332",,,,,,,,,,,,,,,,,,,,,,,,,,,,,,,,,,,,,,,,,,,,,,,,,0.0,0.0,0.0,0.0,0.0,0.0,0.0,0.0,0.0,0.0,0.0,0.0,0.0,0.0,0.0,0.0,0.0,0.0,0.0,0.0,0.0,0.0,0.0,0.0,0.006519617512822151,-0.006519617512822151,-0.005369096528738737,0.007286631036549807,0.4954909086227417,-0.49779194593429565,0.4954909086227417,-0.494723916053772,1.6479291915893555,-1.6479291915893555,1.6475456953048706,-1.6475456953048706,0.05081331729888916,-0.07049775868654251,-0.032044436782598495,0.026551103219389915,-0.013275551609694958,0.03250221163034439,-0.02151555009186268,-0.05218665301799774,0.02151555009186268,0.02151555009186268,-0.0068666646257042885,-0.015106662176549435,0.0,0.0,0.0,0.0,0.5,-0.5,0.5,-0.5,1.6399999856948853,-1.6399999856948853,1.6399999856948853,-1.6399999856948853,0.0,0.0,0.0,0.0,0.0,0.0,0.0,0.0,0.0,0.0,0.0,0.0
20260708_192923_786968,2026-07-08T19:29:30.459,6.672427,pose,260,sit,0.0,0.0,0.0,0.0,0.0,0.0,0.0,0.0,1.0,fake,0.0,0.0,-1.0,-0.0,0.0,0.0,0.0,4.067688941955566,6.754222869873047,12,can0:12,3.081454038619995,5.551927089691162,,"BL_hip_joint,BR_hip_joint,FL_hip_joint,FR_hip_joint,BL_thigh_joint,BR_thigh_joint,FL_thigh_joint,FR_thigh_joint,BL_calf_joint,BR_calf_joint,FL_calf_joint,FR_calf_joint",330e02f2406e129bb6ed6ec4a6c6bcd5f80d7e7799a2ab087e81eda65d2fae69,"step=000260 mode=sit    vx= 0.000 vy= 0.000 vxy= 0.000 yaw= 0.000 speed=1.00 imu=fake tilt_rp=[-0.0,+0.0]deg imu_corr=0.000 act_max= 0.000 tau_cmd= 4.068 tau_cmd_max= 6.754 cmds=12 bus=can0:12 tau_fb= 3.081 tau_fb_max= 5.552",,,,,,,,,,,,,,,,,,,,,,,,,,,,,,,,,,,,,,,,,,,,,,,,,0.0,0.0,0.0,0.0,0.0,0.0,0.0,0.0,0.0,0.0,0.0,0.0,0.0,0.0,0.0,0.0,0.0,0.0,0.0,0.0,0.0,0.0,0.0,0.0,0.006519617512822151,-0.006519617512822151,-0.0057526035234332085,0.007286631036549807,0.4954909086227417,-0.49779194593429565,0.4954909086227417,-0.494723916053772,1.6479291915893555,-1.6479291915893555,1.6475456953048706,-1.6475456953048706,-0.04577776417136192,0.0050355540588498116,0.09613330662250519,0.016022218391299248,-0.06591998040676117,0.028839992359280586,-0.015564439818263054,-0.04211554303765297,0.012817773967981339,-0.022431105375289917,0.012817773967981339,0.04669332131743431,0.0,0.0,0.0,0.0,0.5,-0.5,0.5,-0.5,1.6399999856948853,-1.6399999856948853,1.6399999856948853,-1.6399999856948853,0.0,0.0,0.0,0.0,0.0,0.0,0.0,0.0,0.0,0.0,0.0,0.0
20260708_192923_786968,2026-07-08T19:29:30.582,6.795298,pose,265,sit,0.0,0.0,0.0,0.0,0.0,0.0,0.0,0.0,1.0,fake,0.0,0.0,-1.0,-0.0,0.0,0.0,0.0,4.308887958526611,7.693558692932129,12,can0:12,3.0487992763519287,5.6544694900512695,,"BL_hip_joint,BR_hip_joint,FL_hip_joint,FR_hip_joint,BL_thigh_joint,BR_thigh_joint,FL_thigh_joint,FR_thigh_joint,BL_calf_joint,BR_calf_joint,FL_calf_joint,FR_calf_joint",330e02f2406e129bb6ed6ec4a6c6bcd5f80d7e7799a2ab087e81eda65d2fae69,"step=000265 mode=sit    vx= 0.000 vy= 0.000 vxy= 0.000 yaw= 0.000 speed=1.00 imu=fake tilt_rp=[-0.0,+0.0]deg imu_corr=0.000 act_max= 0.000 tau_cmd= 4.309 tau_cmd_max= 7.694 cmds=12 bus=can0:12 tau_fb= 3.049 tau_fb_max= 5.654",,,,,,,,,,,,,,,,,,,,,,,,,,,,,,,,,,,,,,,,,,,,,,,,,0.0,0.0,0.0,0.0,0.0,0.0,0.0,0.0,0.0,0.0,0.0,0.0,0.0,0.0,0.0,0.0,0.0,0.0,0.0,0.0,0.0,0.0,0.0,0.0,0.006519617512822151,-0.006519617512822151,-0.0057526035234332085,0.007286631036549807,0.4954909086227417,-0.4974084496498108,0.4954909086227417,-0.494723916053772,1.6479291915893555,-1.6475456953048706,1.6475456953048706,-1.6479291915893555,-0.006408886983990669,0.050355542451143265,-0.010528885759413242,-0.0119022186845541,0.05722220614552498,0.05630664899945259,-0.051271095871925354,0.017853328958153725,0.04852443188428879,0.05081331729888916,-0.008239997550845146,-0.014191106893122196,0.0,0.0,0.0,0.0,0.5,-0.5,0.5,-0.5,1.6399999856948853,-1.6399999856948853,1.6399999856948853,-1.6399999856948853,0.0,0.0,0.0,0.0,0.0,0.0,0.0,0.0,0.0,0.0,0.0,0.0
20260708_192923_786968,2026-07-08T19:29:30.704,6.917415,pose,270,sit,0.0,0.0,0.0,0.0,0.0,0.0,0.0,0.0,1.0,fake,0.0,0.0,-1.0,-0.0,0.0,0.0,0.0,4.519503593444824,9.16024112701416,12,can0:12,3.240149736404419,6.145206928253174,,"BL_hip_joint,BR_hip_joint,FL_hip_joint,FR_hip_joint,BL_thigh_joint,BR_thigh_joint,FL_thigh_joint,FR_thigh_joint,BL_calf_joint,BR_calf_joint,FL_calf_joint,FR_calf_joint",330e02f2406e129bb6ed6ec4a6c6bcd5f80d7e7799a2ab087e81eda65d2fae69,"step=000270 mode=sit    vx= 0.000 vy= 0.000 vxy= 0.000 yaw= 0.000 speed=1.00 imu=fake tilt_rp=[-0.0,+0.0]deg imu_corr=0.000 act_max= 0.000 tau_cmd= 4.520 tau_cmd_max= 9.160 cmds=12 bus=can0:12 tau_fb= 3.240 tau_fb_max= 6.145",,,,,,,,,,,,,,,,,,,,,,,,,,,,,,,,,,,,,,,,,,,,,,,,,0.0,0.0,0.0,0.0,0.0,0.0,0.0,0.0,0.0,0.0,0.0,0.0,0.0,0.0,0.0,0.0,0.0,0.0,0.0,0.0,0.0,0.0,0.0,0.0,0.006519617512822151,-0.006519617512822151,-0.0057526035234332085,0.007286631036549807,0.4954909086227417,-0.49779194593429565,0.4954909086227417,-0.494723916053772,1.6479291915893555,-1.6479291915893555,1.6475456953048706,-1.6475456953048706,0.005493331700563431,-0.05493331700563431,-0.030671102926135063,-0.09750663489103317,-0.03021332435309887,0.056764427572488785,-0.019226660951972008,0.00045777764171361923,-0.08102664351463318,-0.08926664292812347,0.021973326802253723,0.04119998961687088,0.0,0.0,0.0,0.0,0.5,-0.5,0.5,-0.5,1.6399999856948853,-1.6399999856948853,1.6399999856948853,-1.6399999856948853,0.0,0.0,0.0,0.0,0.0,0.0,0.0,0.0,0.0,0.0,0.0,0.0
20260708_192923_786968,2026-07-08T19:29:30.827,7.040239,pose,275,sit,0.0,0.0,0.0,0.0,0.0,0.0,0.0,0.0,1.0,fake,0.0,0.0,-1.0,-0.0,0.0,0.0,0.0,3.9528331756591797,7.821413516998291,12,can0:12,2.9551074504852295,5.017242908477783,,"BL_hip_joint,BR_hip_joint,FL_hip_joint,FR_hip_joint,BL_thigh_joint,BR_thigh_joint,FL_thigh_joint,FR_thigh_joint,BL_calf_joint,BR_calf_joint,FL_calf_joint,FR_calf_joint",330e02f2406e129bb6ed6ec4a6c6bcd5f80d7e7799a2ab087e81eda65d2fae69,"step=000275 mode=sit    vx= 0.000 vy= 0.000 vxy= 0.000 yaw= 0.000 speed=1.00 imu=fake tilt_rp=[-0.0,+0.0]deg imu_corr=0.000 act_max= 0.000 tau_cmd= 3.953 tau_cmd_max= 7.821 cmds=12 bus=can0:12 tau_fb= 2.955 tau_fb_max= 5.017",,,,,,,,,,,,,,,,,,,,,,,,,,,,,,,,,,,,,,,,,,,,,,,,,0.0,0.0,0.0,0.0,0.0,0.0,0.0,0.0,0.0,0.0,0.0,0.0,0.0,0.0,0.0,0.0,0.0,0.0,0.0,0.0,0.0,0.0,0.0,0.0,0.006519617512822151,-0.006519617512822151,-0.0057526035234332085,0.007286631036549807,0.4954909086227417,-0.49779194593429565,0.4954909086227417,-0.49510741233825684,1.6479291915893555,-1.6479291915893555,1.6475456953048706,-1.6475456953048706,0.04669332131743431,0.016022218391299248,0.0315866582095623,0.06546220183372498,0.035248879343271255,-0.02471999265253544,0.010071108117699623,-0.004577776417136192,-0.017853328958153725,0.0013733329251408577,-0.04898220673203468,0.016022218391299248,0.0,0.0,0.0,0.0,0.5,-0.5,0.5,-0.5,1.6399999856948853,-1.6399999856948853,1.6399999856948853,-1.6399999856948853,0.0,0.0,0.0,0.0,0.0,0.0,0.0,0.0,0.0,0.0,0.0,0.0
20260708_192923_786968,2026-07-08T19:29:30.950,7.163009,pose,280,sit,0.0,0.0,0.0,0.0,0.0,0.0,0.0,0.0,1.0,fake,0.0,0.0,-1.0,-0.0,0.0,0.0,0.0,3.4244260787963867,5.930243968963623,12,can0:12,2.977081060409546,5.540940761566162,,"BL_hip_joint,BR_hip_joint,FL_hip_joint,FR_hip_joint,BL_thigh_joint,BR_thigh_joint,FL_thigh_joint,FR_thigh_joint,BL_calf_joint,BR_calf_joint,FL_calf_joint,FR_calf_joint",330e02f2406e129bb6ed6ec4a6c6bcd5f80d7e7799a2ab087e81eda65d2fae69,"step=000280 mode=sit    vx= 0.000 vy= 0.000 vxy= 0.000 yaw= 0.000 speed=1.00 imu=fake tilt_rp=[-0.0,+0.0]deg imu_corr=0.000 act_max= 0.000 tau_cmd= 3.424 tau_cmd_max= 5.930 cmds=12 bus=can0:12 tau_fb= 2.977 tau_fb_max= 5.541",,,,,,,,,,,,,,,,,,,,,,,,,,,,,,,,,,,,,,,,,,,,,,,,,0.0,0.0,0.0,0.0,0.0,0.0,0.0,0.0,0.0,0.0,0.0,0.0,0.0,0.0,0.0,0.0,0.0,0.0,0.0,0.0,0.0,0.0,0.0,0.0,0.006519617512822151,-0.006519617512822151,-0.005369096528738737,0.007286631036549807,0.4954909086227417,-0.4974084496498108,0.4954909086227417,-0.494723916053772,1.6475456953048706,-1.6479291915893555,1.6475456953048706,-1.6475456953048706,0.017853328958153725,-0.015564439818263054,0.07232886552810669,-0.016022218391299248,-0.010071108117699623,-0.009155552834272385,-0.00595110934227705,-0.08148442208766937,-0.044862210750579834,0.00045777764171361923,-0.016479995101690292,0.09018219262361526,0.0,0.0,0.0,0.0,0.5,-0.5,0.5,-0.5,1.6399999856948853,-1.6399999856948853,1.6399999856948853,-1.6399999856948853,0.0,0.0,0.0,0.0,0.0,0.0,0.0,0.0,0.0,0.0,0.0,0.0
20260708_192923_786968,2026-07-08T19:29:31.072,7.285524,pose,285,sit,0.0,0.0,0.0,0.0,0.0,0.0,0.0,0.0,1.0,fake,0.0,0.0,-1.0,-0.0,0.0,0.0,0.0,4.301182270050049,6.688304424285889,12,can0:12,2.7356789112091064,4.991607189178467,,"BL_hip_joint,BR_hip_joint,FL_hip_joint,FR_hip_joint,BL_thigh_joint,BR_thigh_joint,FL_thigh_joint,FR_thigh_joint,BL_calf_joint,BR_calf_joint,FL_calf_joint,FR_calf_joint",330e02f2406e129bb6ed6ec4a6c6bcd5f80d7e7799a2ab087e81eda65d2fae69,"step=000285 mode=sit    vx= 0.000 vy= 0.000 vxy= 0.000 yaw= 0.000 speed=1.00 imu=fake tilt_rp=[-0.0,+0.0]deg imu_corr=0.000 act_max= 0.000 tau_cmd= 4.301 tau_cmd_max= 6.688 cmds=12 bus=can0:12 tau_fb= 2.736 tau_fb_max= 4.992",,,,,,,,,,,,,,,,,,,,,,,,,,,,,,,,,,,,,,,,,,,,,,,,,0.0,0.0,0.0,0.0,0.0,0.0,0.0,0.0,0.0,0.0,0.0,0.0,0.0,0.0,0.0,0.0,0.0,0.0,0.0,0.0,0.0,0.0,0.0,0.0,0.006519617512822151,-0.006519617512822151,-0.0057526035234332085,0.007286631036549807,0.4954909086227417,-0.49779194593429565,0.4954909086227417,-0.494723916053772,1.6479291915893555,-1.6479291915893555,1.6475456953048706,-1.6475456953048706,0.03433332219719887,0.03433332219719887,-0.06500442326068878,-0.021057771518826485,-0.0009155552834272385,-0.0714133158326149,-0.010528885759413242,0.04898220673203468,0.02059999480843544,-0.014648884534835815,-0.0796533077955246,0.053559985011816025,0.0,0.0,0.0,0.0,0.5,-0.5,0.5,-0.5,1.6399999856948853,-1.6399999856948853,1.6399999856948853,-1.6399999856948853,0.0,0.0,0.0,0.0,0.0,0.0,0.0,0.0,0.0,0.0,0.0,0.0
20260708_192923_786968,2026-07-08T19:29:31.195,7.408374,pose,290,sit,0.0,0.0,0.0,0.0,0.0,0.0,0.0,0.0,1.0,fake,0.0,0.0,-1.0,-0.0,0.0,0.0,0.0,3.8467483520507812,5.939253330230713,12,can0:12,2.9554128646850586,5.636158466339111,,"BL_hip_joint,BR_hip_joint,FL_hip_joint,FR_hip_joint,BL_thigh_joint,BR_thigh_joint,FL_thigh_joint,FR_thigh_joint,BL_calf_joint,BR_calf_joint,FL_calf_joint,FR_calf_joint",330e02f2406e129bb6ed6ec4a6c6bcd5f80d7e7799a2ab087e81eda65d2fae69,"step=000290 mode=sit    vx= 0.000 vy= 0.000 vxy= 0.000 yaw= 0.000 speed=1.00 imu=fake tilt_rp=[-0.0,+0.0]deg imu_corr=0.000 act_max= 0.000 tau_cmd= 3.847 tau_cmd_max= 5.939 cmds=12 bus=can0:12 tau_fb= 2.955 tau_fb_max= 5.636",,,,,,,,,,,,,,,,,,,,,,,,,,,,,,,,,,,,,,,,,,,,,,,,,0.0,0.0,0.0,0.0,0.0,0.0,0.0,0.0,0.0,0.0,0.0,0.0,0.0,0.0,0.0,0.0,0.0,0.0,0.0,0.0,0.0,0.0,0.0,0.0,0.006519617512822151,-0.006519617512822151,-0.005369096528738737,0.007286631036549807,0.4954909086227417,-0.49779194593429565,0.4954909086227417,-0.494723916053772,1.6475456953048706,-1.6479291915893555,1.6475456953048706,-1.6475456953048706,0.025177771225571632,-0.005493331700563431,0.08926664292812347,-0.001831110566854477,-0.019226660951972008,-0.03662221133708954,-0.012817773967981339,0.032044436782598495,-0.04669332131743431,0.02151555009186268,-0.037537768483161926,-0.007782219909131527,0.0,0.0,0.0,0.0,0.5,-0.5,0.5,-0.5,1.6399999856948853,-1.6399999856948853,1.6399999856948853,-1.6399999856948853,0.0,0.0,0.0,0.0,0.0,0.0,0.0,0.0,0.0,0.0,0.0,0.0
20260708_192923_786968,2026-07-08T19:29:31.317,7.530686,pose,295,sit,0.0,0.0,0.0,0.0,0.0,0.0,0.0,0.0,1.0,fake,0.0,0.0,-1.0,-0.0,0.0,0.0,0.0,3.912417411804199,7.4628448486328125,12,can0:12,2.995391845703125,5.5812249183654785,,"BL_hip_joint,BR_hip_joint,FL_hip_joint,FR_hip_joint,BL_thigh_joint,BR_thigh_joint,FL_thigh_joint,FR_thigh_joint,BL_calf_joint,BR_calf_joint,FL_calf_joint,FR_calf_joint",330e02f2406e129bb6ed6ec4a6c6bcd5f80d7e7799a2ab087e81eda65d2fae69,"step=000295 mode=sit    vx= 0.000 vy= 0.000 vxy= 0.000 yaw= 0.000 speed=1.00 imu=fake tilt_rp=[-0.0,+0.0]deg imu_corr=0.000 act_max= 0.000 tau_cmd= 3.912 tau_cmd_max= 7.463 cmds=12 bus=can0:12 tau_fb= 2.995 tau_fb_max= 5.581",,,,,,,,,,,,,,,,,,,,,,,,,,,,,,,,,,,,,,,,,,,,,,,,,0.0,0.0,0.0,0.0,0.0,0.0,0.0,0.0,0.0,0.0,0.0,0.0,0.0,0.0,0.0,0.0,0.0,0.0,0.0,0.0,0.0,0.0,0.0,0.0,0.006519617512822151,-0.006519617512822151,-0.0057526035234332085,0.007286631036549807,0.4954909086227417,-0.49779194593429565,0.4954909086227417,-0.49510741233825684,1.6479291915893555,-1.6475456953048706,1.6475456953048706,-1.6475456953048706,-0.0238044373691082,-0.037537768483161926,-0.03662221133708954,-0.047151096165180206,0.025177771225571632,-0.050355542451143265,-0.01739555038511753,-0.0631733164191246,0.04211554303765297,0.020142216235399246,0.008697775192558765,0.05172887444496155,0.0,0.0,0.0,0.0,0.5,-0.5,0.5,-0.5,1.6399999856948853,-1.6399999856948853,1.6399999856948853,-1.6399999856948853,0.0,0.0,0.0,0.0,0.0,0.0,0.0,0.0,0.0,0.0,0.0,0.0
20260708_192923_786968,2026-07-08T19:29:31.467,7.680242,pose,300,stand,0.0,0.0,0.0,0.0,0.0,0.0,0.0,0.0,1.0,fake,0.0,0.0,-1.0,-0.0,0.0,0.0,0.0,3.3197364807128906,8.591815948486328,12,can0:12,2.904446840286255,5.874202728271484,,"BL_hip_joint,BR_hip_joint,FL_hip_joint,FR_hip_joint,BL_thigh_joint,BR_thigh_joint,FL_thigh_joint,FR_thigh_joint,BL_calf_joint,BR_calf_joint,FL_calf_joint,FR_calf_joint",330e02f2406e129bb6ed6ec4a6c6bcd5f80d7e7799a2ab087e81eda65d2fae69,"step=000300 mode=stand  vx= 0.000 vy= 0.000 vxy= 0.000 yaw= 0.000 speed=1.00 imu=fake tilt_rp=[-0.0,+0.0]deg imu_corr=0.000 act_max= 0.000 tau_cmd= 3.320 tau_cmd_max= 8.592 cmds=12 bus=can0:12 tau_fb= 2.904 tau_fb_max= 5.874",,,,,,,,,,,,,,,,,,,,,,,,,,,,,,,,,,,,,,,,,,,,,,,,,0.0,0.0,0.0,0.0,0.0,0.0,0.0,0.0,0.0,0.0,0.0,0.0,0.0,0.0,0.0,0.0,0.0,0.0,0.0,0.0,0.0,0.0,0.0,0.0,0.00843715202063322,-0.00843715202063322,-0.007286631036549807,0.009587672539055347,0.494723916053772,-0.4970249533653259,0.494723916053772,-0.49395689368247986,1.6506136655807495,-1.6513806581497192,1.6509971618652344,-1.6509971618652344,0.005493331700563431,-0.016022218391299248,-0.03021332435309887,0.036164432764053345,-0.0027466658502817154,0.037537768483161926,-0.05081331729888916,0.028839992359280586,0.06271553784608841,-0.08514664322137833,0.16434217989444733,-0.10208441317081451,0.0065191579051315784,-0.006135677918791771,-0.005752197932451963,0.007286117412149906,0.4954559803009033,-0.49737340211868286,0.4954559803009033,-0.49468904733657837,1.647813081741333,-1.647813081741333,1.6474295854568481,-1.6474295854568481,0.0,0.0,0.0,0.0,0.0,0.0,0.0,0.0,0.0,0.0,0.0,0.0
20260708_192923_786968,2026-07-08T19:29:31.599,7.812274,pose,305,stand,0.0,0.0,0.0,0.0,0.0,0.0,0.0,0.0,1.0,fake,0.0,0.0,-1.0,-0.0,0.0,0.0,0.0,5.119419574737549,10.49312686920166,12,can0:12,2.7448348999023438,6.551713466644287,,"BL_hip_joint,BR_hip_joint,FL_hip_joint,FR_hip_joint,BL_thigh_joint,BR_thigh_joint,FL_thigh_joint,FR_thigh_joint,BL_calf_joint,BR_calf_joint,FL_calf_joint,FR_calf_joint",330e02f2406e129bb6ed6ec4a6c6bcd5f80d7e7799a2ab087e81eda65d2fae69,"step=000305 mode=stand  vx= 0.000 vy= 0.000 vxy= 0.000 yaw= 0.000 speed=1.00 imu=fake tilt_rp=[-0.0,+0.0]deg imu_corr=0.000 act_max= 0.000 tau_cmd= 5.119 tau_cmd_max= 10.493 cmds=12 bus=can0:12 tau_fb= 2.745 tau_fb_max= 6.552",,,,,,,,,,,,,,,,,,,,,,,,,,,,,,,,,,,,,,,,,,,,,,,,,0.0,0.0,0.0,0.0,0.0,0.0,0.0,0.0,0.0,0.0,0.0,0.0,0.0,0.0,0.0,0.0,0.0,0.0,0.0,0.0,0.0,0.0,0.0,0.0,0.013039235025644302,-0.011505207046866417,-0.01035468652844429,0.01380624808371067,0.49203935265541077,-0.4962579309940338,0.49203935265541077,-0.4905053377151489,1.6540652513504028,-1.6559828519821167,1.6548322439193726,-1.6548322439193726,0.05081331729888916,-0.025635547935962677,-0.026551103219389915,-0.014191106893122196,-0.008697775192558765,0.04577776417136192,-0.054475538432598114,0.054475538432598114,-0.005493331700563431,-0.09430219233036041,0.03799554333090782,0.016022218391299248,0.006514035165309906,-0.006130856461822987,-0.005747677758336067,0.00728039164096117,0.49506664276123047,-0.49698254466056824,0.49506664276123047,-0.49430030584335327,1.6465181112289429,-1.6465181112289429,1.6461349725723267,-1.6461349725723267,0.0,0.0,0.0,0.0,0.0,0.0,0.0,0.0,0.0,0.0,0.0,0.0
20260708_192923_786968,2026-07-08T19:29:31.728,7.941005,pose,310,stand,0.0,0.0,0.0,0.0,0.0,0.0,0.0,0.0,1.0,fake,0.0,0.0,-1.0,-0.0,0.0,0.0,0.0,4.619382381439209,9.901586532592773,12,can0:12,2.6358835697174072,5.031891822814941,,"BL_hip_joint,BR_hip_joint,FL_hip_joint,FR_hip_joint,BL_thigh_joint,BR_thigh_joint,FL_thigh_joint,FR_thigh_joint,BL_calf_joint,BR_calf_joint,FL_calf_joint,FR_calf_joint",330e02f2406e129bb6ed6ec4a6c6bcd5f80d7e7799a2ab087e81eda65d2fae69,"step=000310 mode=stand  vx= 0.000 vy= 0.000 vxy= 0.000 yaw= 0.000 speed=1.00 imu=fake tilt_rp=[-0.0,+0.0]deg imu_corr=0.000 act_max= 0.000 tau_cmd= 4.619 tau_cmd_max= 9.902 cmds=12 bus=can0:12 tau_fb= 2.636 tau_fb_max= 5.032",,,,,,,,,,,,,,,,,,,,,,,,,,,,,,,,,,,,,,,,,,,,,,,,,0.0,0.0,0.0,0.0,0.0,0.0,0.0,0.0,0.0,0.0,0.0,0.0,0.0,0.0,0.0,0.0,0.0,0.0,0.0,0.0,0.0,0.0,0.0,0.0,0.013422741554677486,-0.011888713575899601,-0.010738193057477474,0.01380624808371067,0.49127233028411865,-0.49587443470954895,0.49127233028411865,-0.4897383153438568,1.6529147624969482,-1.6548322439193726,1.6540652513504028,-1.653681755065918,-0.047151096165180206,0.013733329251408577,-0.015564439818263054,-0.06637775897979736,0.013275551609694958,0.07232886552810669,-0.010528885759413242,0.03662221133708954,0.04303110018372536,0.0787377581000328,0.053559985011816025,-0.029755547642707825,0.006503345910459757,-0.006120795849710703,-0.005738246254622936,0.00726844510063529,0.4942542612552643,-0.49616700410842896,0.4942542612552643,-0.49348917603492737,1.6438162326812744,-1.6438162326812744,1.643433690071106,-1.643433690071106,0.0,0.0,0.0,0.0,0.0,0.0,0.0,0.0,0.0,0.0,0.0,0.0
20260708_192923_786968,2026-07-08T19:29:31.855,8.068390,pose,315,stand,0.0,0.0,0.0,0.0,0.0,0.0,0.0,0.0,1.0,fake,0.0,0.0,-1.0,-0.0,0.0,0.0,0.0,4.470401287078857,8.170859336853027,12,can0:12,2.6322214603424072,5.379802703857422,,"BL_hip_joint,BR_hip_joint,FL_hip_joint,FR_hip_joint,BL_thigh_joint,BR_thigh_joint,FL_thigh_joint,FR_thigh_joint,BL_calf_joint,BR_calf_joint,FL_calf_joint,FR_calf_joint",330e02f2406e129bb6ed6ec4a6c6bcd5f80d7e7799a2ab087e81eda65d2fae69,"step=000315 mode=stand  vx= 0.000 vy= 0.000 vxy= 0.000 yaw= 0.000 speed=1.00 imu=fake tilt_rp=[-0.0,+0.0]deg imu_corr=0.000 act_max= 0.000 tau_cmd= 4.470 tau_cmd_max= 8.171 cmds=12 bus=can0:12 tau_fb= 2.632 tau_fb_max= 5.380",,,,,,,,,,,,,,,,,,,,,,,,,,,,,,,,,,,,,,,,,,,,,,,,,0.0,0.0,0.0,0.0,0.0,0.0,0.0,0.0,0.0,0.0,0.0,0.0,0.0,0.0,0.0,0.0,0.0,0.0,0.0,0.0,0.0,0.0,0.0,0.0,0.013422741554677486,-0.011888713575899601,-0.010738193057477474,0.01418975554406643,0.4905053377151489,-0.49510741233825684,0.4905053377151489,-0.4889712929725647,1.6498466730117798,-1.6517642736434937,1.6513806581497192,-1.6509971618652344,-0.021057771518826485,0.009155552834272385,0.026551103219389915,0.048066653311252594,0.010071108117699623,0.0238044373691082,0.006408886983990669,0.03799554333090782,0.016479995101690292,0.031128879636526108,-0.047151096165180206,0.06591998040676117,0.006487230770289898,-0.0061056287959218025,-0.005724026821553707,0.007250433787703514,0.49302950501441956,-0.4949375092983246,0.49302950501441956,-0.49226632714271545,1.6397429704666138,-1.6397429704666138,1.6393613815307617,-1.6393613815307617,0.0,0.0,0.0,0.0,0.0,0.0,0.0,0.0,0.0,0.0,0.0,0.0
20260708_192923_786968,2026-07-08T19:29:31.983,8.196059,pose,320,stand,0.0,0.0,0.0,0.0,0.0,0.0,0.0,0.0,1.0,fake,0.0,0.0,-1.0,-0.0,0.0,0.0,0.0,4.325586318969727,8.836897850036621,12,can0:12,2.4323253631591797,5.299233913421631,,"BL_hip_joint,BR_hip_joint,FL_hip_joint,FR_hip_joint,BL_thigh_joint,BR_thigh_joint,FL_thigh_joint,FR_thigh_joint,BL_calf_joint,BR_calf_joint,FL_calf_joint,FR_calf_joint",330e02f2406e129bb6ed6ec4a6c6bcd5f80d7e7799a2ab087e81eda65d2fae69,"step=000320 mode=stand  vx= 0.000 vy= 0.000 vxy= 0.000 yaw= 0.000 speed=1.00 imu=fake tilt_rp=[-0.0,+0.0]deg imu_corr=0.000 act_max= 0.000 tau_cmd= 4.326 tau_cmd_max= 8.837 cmds=12 bus=can0:12 tau_fb= 2.432 tau_fb_max= 5.299",,,,,,,,,,,,,,,,,,,,,,,,,,,,,,,,,,,,,,,,,,,,,,,,,0.0,0.0,0.0,0.0,0.0,0.0,0.0,0.0,0.0,0.0,0.0,0.0,0.0,0.0,0.0,0.0,0.0,0.0,0.0,0.0,0.0,0.0,0.0,0.0,0.013422741554677486,-0.011888713575899601,-0.010738193057477474,0.01380624808371067,0.48935481905937195,-0.49395689368247986,0.4897383153438568,-0.4878207743167877,1.6460115909576416,-1.6467785835266113,1.6463950872421265,-1.6463950872421265,-0.019226660951972008,0.0013733329251408577,0.0119022186845541,-0.015564439818263054,-0.0009155552834272385,0.024262215942144394,0.003662221133708954,-0.05630664899945259,-0.016022218391299248,0.03479110077023506,-0.013733329251408577,0.0553910955786705,0.006465828977525234,-0.006085486151278019,-0.005705143325030804,0.007226514630019665,0.4914029836654663,-0.49330469965934753,0.4914029836654663,-0.49064233899116516,1.6343333721160889,-1.6343333721160889,1.6339530944824219,-1.6339530944824219,0.0,0.0,0.0,0.0,0.0,0.0,0.0,0.0,0.0,0.0,0.0,0.0
20260708_192923_786968,2026-07-08T19:29:32.106,8.319253,pose,325,stand,0.0,0.0,0.0,0.0,0.0,0.0,0.0,0.0,1.0,fake,0.0,0.0,-1.0,-0.0,0.0,0.0,0.0,4.761653900146484,9.735347747802734,12,can0:12,2.538834810256958,4.640034198760986,,"BL_hip_joint,BR_hip_joint,FL_hip_joint,FR_hip_joint,BL_thigh_joint,BR_thigh_joint,FL_thigh_joint,FR_thigh_joint,BL_calf_joint,BR_calf_joint,FL_calf_joint,FR_calf_joint",330e02f2406e129bb6ed6ec4a6c6bcd5f80d7e7799a2ab087e81eda65d2fae69,"step=000325 mode=stand  vx= 0.000 vy= 0.000 vxy= 0.000 yaw= 0.000 speed=1.00 imu=fake tilt_rp=[-0.0,+0.0]deg imu_corr=0.000 act_max= 0.000 tau_cmd= 4.762 tau_cmd_max= 9.735 cmds=12 bus=can0:12 tau_fb= 2.539 tau_fb_max= 4.640",,,,,,,,,,,,,,,,,,,,,,,,,,,,,,,,,,,,,,,,,,,,,,,,,0.0,0.0,0.0,0.0,0.0,0.0,0.0,0.0,0.0,0.0,0.0,0.0,0.0,0.0,0.0,0.0,0.0,0.0,0.0,0.0,0.0,0.0,0.0,0.0,0.013422741554677486,-0.011888713575899601,-0.011121700517833233,0.01380624808371067,0.4878207743167877,-0.49203935265541077,0.4882042706012726,-0.4862867593765259,1.6410260200500488,-1.640642523765564,1.6394920349121094,-1.640642523765564,-0.01831110566854477,-0.026551103219389915,-0.001831110566854477,-0.05630664899945259,-0.07278664410114288,0.02288888208568096,-0.09292886406183243,0.023346660658717155,-0.0476088747382164,0.08011108636856079,-0.10483107715845108,0.008697775192558765,0.006439281161874533,-0.00606049969792366,-0.005681718699634075,0.00719684362411499,0.48938533663749695,-0.491279274225235,0.48938533663749695,-0.4886278212070465,1.6276229619979858,-1.6276229619979858,1.627244234085083,-1.627244234085083,0.0,0.0,0.0,0.0,0.0,0.0,0.0,0.0,0.0,0.0,0.0,0.0
20260708_192923_786968,2026-07-08T19:29:32.228,8.441867,pose,330,stand,0.0,0.0,0.0,0.0,0.0,0.0,0.0,0.0,1.0,fake,0.0,0.0,-1.0,-0.0,0.0,0.0,0.0,5.278645038604736,10.206369400024414,12,can0:12,2.612079381942749,5.548264980316162,,"BL_hip_joint,BR_hip_joint,FL_hip_joint,FR_hip_joint,BL_thigh_joint,BR_thigh_joint,FL_thigh_joint,FR_thigh_joint,BL_calf_joint,BR_calf_joint,FL_calf_joint,FR_calf_joint",330e02f2406e129bb6ed6ec4a6c6bcd5f80d7e7799a2ab087e81eda65d2fae69,"step=000330 mode=stand  vx= 0.000 vy= 0.000 vxy= 0.000 yaw= 0.000 speed=1.00 imu=fake tilt_rp=[-0.0,+0.0]deg imu_corr=0.000 act_max= 0.000 tau_cmd= 5.279 tau_cmd_max= 10.206 cmds=12 bus=can0:12 tau_fb= 2.612 tau_fb_max= 5.548",,,,,,,,,,,,,,,,,,,,,,,,,,,,,,,,,,,,,,,,,,,,,,,,,0.0,0.0,0.0,0.0,0.0,0.0,0.0,0.0,0.0,0.0,0.0,0.0,0.0,0.0,0.0,0.0,0.0,0.0,0.0,0.0,0.0,0.0,0.0,0.0,0.013422741554677486,-0.011505207046866417,-0.010738193057477474,0.01380624808371067,0.4862867593765259,-0.4897383153438568,0.48667025566101074,-0.48475271463394165,1.6348899602890015,-1.6337393522262573,1.6329723596572876,-1.6337393522262573,-0.040742211043834686,0.032959990203380585,-0.1112399697303772,0.025635547935962677,-0.05264442786574364,0.03662221133708954,-0.07003998011350632,0.053559985011816025,-0.08056886494159698,0.010071108117699623,-0.04303110018372536,0.10803552716970444,0.006407726556062698,-0.006030801683664322,-0.005653876345604658,0.007161576766520739,0.4869872033596039,-0.48887184262275696,0.4869872033596039,-0.4862333834171295,1.6196471452713013,-1.6196471452713013,1.6192702054977417,-1.6192702054977417,0.0,0.0,0.0,0.0,0.0,0.0,0.0,0.0,0.0,0.0,0.0,0.0
20260708_192923_786968,2026-07-08T19:29:32.352,8.565408,pose,335,stand,0.0,0.0,0.0,0.0,0.0,0.0,0.0,0.0,1.0,fake,0.0,0.0,-1.0,-0.0,0.0,0.0,0.0,5.287627696990967,10.343925476074219,12,can0:12,2.6432077884674072,5.020905017852783,,"BL_hip_joint,BR_hip_joint,FL_hip_joint,FR_hip_joint,BL_thigh_joint,BR_thigh_joint,FL_thigh_joint,FR_thigh_joint,BL_calf_joint,BR_calf_joint,FL_calf_joint,FR_calf_joint",330e02f2406e129bb6ed6ec4a6c6bcd5f80d7e7799a2ab087e81eda65d2fae69,"step=000335 mode=stand  vx= 0.000 vy= 0.000 vxy= 0.000 yaw= 0.000 speed=1.00 imu=fake tilt_rp=[-0.0,+0.0]deg imu_corr=0.000 act_max= 0.000 tau_cmd= 5.288 tau_cmd_max= 10.344 cmds=12 bus=can0:12 tau_fb= 2.643 tau_fb_max= 5.021",,,,,,,,,,,,,,,,,,,,,,,,,,,,,,,,,,,,,,,,,,,,,,,,,0.0,0.0,0.0,0.0,0.0,0.0,0.0,0.0,0.0,0.0,0.0,0.0,0.0,0.0,0.0,0.0,0.0,0.0,0.0,0.0,0.0,0.0,0.0,0.0,0.01380624808371067,-0.011505207046866417,-0.011121700517833233,0.01380624808371067,0.4839857220649719,-0.48667025566101074,0.48475271463394165,-0.48283517360687256,1.6264528036117554,-1.6253021955490112,1.6253021955490112,-1.6256858110427856,-0.002288888208568096,0.03479110077023506,-0.008239997550845146,0.028839992359280586,0.027924437075853348,-0.017853328958153725,-0.043946653604507446,0.06775109469890594,-0.04623554274439812,0.04028443247079849,-0.06958220154047012,0.054475538432598114,0.006371305324137211,-0.005996522959321737,-0.005621740128844976,0.007120870519429445,0.48421919345855713,-0.486093133687973,0.48421919345855713,-0.4834696650505066,1.6104412078857422,-1.6104412078857422,1.6100664138793945,-1.6100664138793945,0.0,0.0,0.0,0.0,0.0,0.0,0.0,0.0,0.0,0.0,0.0,0.0
20260708_192923_786968,2026-07-08T19:29:32.474,8.687936,pose,340,stand,0.0,0.0,0.0,0.0,0.0,0.0,0.0,0.0,1.0,fake,0.0,0.0,-1.0,-0.0,0.0,0.0,0.0,5.80810546875,9.92521858215332,12,can0:12,2.3413798809051514,4.834131717681885,,"BL_hip_joint,BR_hip_joint,FL_hip_joint,FR_hip_joint,BL_thigh_joint,BR_thigh_joint,FL_thigh_joint,FR_thigh_joint,BL_calf_joint,BR_calf_joint,FL_calf_joint,FR_calf_joint",330e02f2406e129bb6ed6ec4a6c6bcd5f80d7e7799a2ab087e81eda65d2fae69,"step=000340 mode=stand  vx= 0.000 vy= 0.000 vxy= 0.000 yaw= 0.000 speed=1.00 imu=fake tilt_rp=[-0.0,+0.0]deg imu_corr=0.000 act_max= 0.000 tau_cmd= 5.808 tau_cmd_max= 9.925 cmds=12 bus=can0:12 tau_fb= 2.341 tau_fb_max= 4.834",,,,,,,,,,,,,,,,,,,,,,,,,,,,,,,,,,,,,,,,,,,,,,,,,0.0,0.0,0.0,0.0,0.0,0.0,0.0,0.0,0.0,0.0,0.0,0.0,0.0,0.0,0.0,0.0,0.0,0.0,0.0,0.0,0.0,0.0,0.0,0.0,0.01380624808371067,-0.011888713575899601,-0.011121700517833233,0.01380624808371067,0.4813011586666107,-0.4824516773223877,0.48283517360687256,-0.48091766238212585,1.6157145500183105,-1.6164815425872803,1.6160980463027954,-1.6157145500183105,0.08194220066070557,-0.04623554274439812,-0.1263466328382492,-0.025177771225571632,0.007782219909131527,-0.03433332219719887,0.053559985011816025,-0.0787377581000328,-0.10849329829216003,0.1350444108247757,-0.07415997982025146,0.05859553813934326,0.00633015763014555,-0.0059577953070402145,-0.005585432983934879,0.007074881810694933,0.4810919463634491,-0.4829537570476532,0.4810919463634491,-0.48034724593162537,1.6000404357910156,-1.6000404357910156,1.599668025970459,-1.599668025970459,0.0,0.0,0.0,0.0,0.0,0.0,0.0,0.0,0.0,0.0,0.0,0.0
20260708_192923_786968,2026-07-08T19:29:32.601,8.814374,pose,345,stand,0.0,0.0,0.0,0.0,0.0,0.0,0.0,0.0,1.0,fake,0.0,0.0,-1.0,-0.0,0.0,0.0,0.0,4.769123077392578,9.791971206665039,12,can0:12,2.534562110900879,5.694753646850586,,"BL_hip_joint,BR_hip_joint,FL_hip_joint,FR_hip_joint,BL_thigh_joint,BR_thigh_joint,FL_thigh_joint,FR_thigh_joint,BL_calf_joint,BR_calf_joint,FL_calf_joint,FR_calf_joint",330e02f2406e129bb6ed6ec4a6c6bcd5f80d7e7799a2ab087e81eda65d2fae69,"step=000345 mode=stand  vx= 0.000 vy= 0.000 vxy= 0.000 yaw= 0.000 speed=1.00 imu=fake tilt_rp=[-0.0,+0.0]deg imu_corr=0.000 act_max= 0.000 tau_cmd= 4.769 tau_cmd_max= 9.792 cmds=12 bus=can0:12 tau_fb= 2.535 tau_fb_max= 5.695",,,,,,,,,,,,,,,,,,,,,,,,,,,,,,,,,,,,,,,,,,,,,,,,,0.0,0.0,0.0,0.0,0.0,0.0,0.0,0.0,0.0,0.0,0.0,0.0,0.0,0.0,0.0,0.0,0.0,0.0,0.0,0.0,0.0,0.0,0.0,0.0,0.013422741554677486,-0.011888713575899601,-0.010738193057477474,0.01380624808371067,0.47900012135505676,-0.4786166250705719,0.4797671437263489,-0.4786166250705719,1.6053599119186401,-1.6045929193496704,1.6038258075714111,-1.6045929193496704,0.04440443217754364,-0.0238044373691082,0.06958220154047012,-0.035248879343271255,0.01739555038511753,0.05081331729888916,-0.059968870133161545,-0.004119998775422573,-0.0796533077955246,0.07827997952699661,-0.09292886406183243,0.16113772988319397,0.00628442270681262,-0.005914750508964062,-0.005545078311115503,0.007023766171187162,0.4776161015033722,-0.47946444153785706,0.4776161015033722,-0.47687676548957825,1.5884802341461182,-1.5884802341461182,1.5881105661392212,-1.5881105661392212,0.0,0.0,0.0,0.0,0.0,0.0,0.0,0.0,0.0,0.0,0.0,0.0
20260708_192923_786968,2026-07-08T19:29:32.724,8.937234,pose,350,stand,0.0,0.0,0.0,0.0,0.0,0.0,0.0,0.0,1.0,fake,0.0,0.0,-1.0,-0.0,0.0,0.0,0.0,5.1740264892578125,11.298921585083008,12,can0:12,2.4793238639831543,6.009705066680908,,"BL_hip_joint,BR_hip_joint,FL_hip_joint,FR_hip_joint,BL_thigh_joint,BR_thigh_joint,FL_thigh_joint,FR_thigh_joint,BL_calf_joint,BR_calf_joint,FL_calf_joint,FR_calf_joint",330e02f2406e129bb6ed6ec4a6c6bcd5f80d7e7799a2ab087e81eda65d2fae69,"step=000350 mode=stand  vx= 0.000 vy= 0.000 vxy= 0.000 yaw= 0.000 speed=1.00 imu=fake tilt_rp=[-0.0,+0.0]deg imu_corr=0.000 act_max= 0.000 tau_cmd= 5.174 tau_cmd_max= 11.299 cmds=12 bus=can0:12 tau_fb= 2.479 tau_fb_max= 6.010",,,,,,,,,,,,,,,,,,,,,,,,,,,,,,,,,,,,,,,,,,,,,,,,,0.0,0.0,0.0,0.0,0.0,0.0,0.0,0.0,0.0,0.0,0.0,0.0,0.0,0.0,0.0,0.0,0.0,0.0,0.0,0.0,0.0,0.0,0.0,0.0,0.013422741554677486,-0.011505207046866417,-0.010738193057477474,0.01380624808371067,0.4759320616722107,-0.47554856538772583,0.47631555795669556,-0.47554856538772583,1.5942381620407104,-1.5930876731872559,1.592704176902771,-1.5930876731872559,0.04531998559832573,-0.012817773967981339,0.0874355286359787,-0.014648884534835815,-0.016022218391299248,0.05951109528541565,-0.11764885485172272,-0.03341776877641678,-0.11444441229104996,0.173955500125885,-0.10483107715845108,0.05401776358485222,0.006234240252524614,-0.005867520347237587,-0.005500799976289272,0.006967680063098669,0.47380223870277405,-0.4756358563899994,0.47380223870277405,-0.47306883335113525,1.5757958889007568,-1.5757958889007568,1.5754292011260986,-1.5754292011260986,0.0,0.0,0.0,0.0,0.0,0.0,0.0,0.0,0.0,0.0,0.0,0.0
20260708_192923_786968,2026-07-08T19:29:32.847,9.060342,pose,355,stand,0.0,0.0,0.0,0.0,0.0,0.0,0.0,0.0,1.0,fake,0.0,0.0,-1.0,-0.0,0.0,0.0,0.0,5.7567524909973145,11.91872787475586,12,can0:12,2.2128970623016357,5.3505048751831055,,"BL_hip_joint,BR_hip_joint,FL_hip_joint,FR_hip_joint,BL_thigh_joint,BR_thigh_joint,FL_thigh_joint,FR_thigh_joint,BL_calf_joint,BR_calf_joint,FL_calf_joint,FR_calf_joint",330e02f2406e129bb6ed6ec4a6c6bcd5f80d7e7799a2ab087e81eda65d2fae69,"step=000355 mode=stand  vx= 0.000 vy= 0.000 vxy= 0.000 yaw= 0.000 speed=1.00 imu=fake tilt_rp=[-0.0,+0.0]deg imu_corr=0.000 act_max= 0.000 tau_cmd= 5.757 tau_cmd_max= 11.919 cmds=12 bus=can0:12 tau_fb= 2.213 tau_fb_max= 5.351",,,,,,,,,,,,,,,,,,,,,,,,,,,,,,,,,,,,,,,,,,,,,,,,,0.0,0.0,0.0,0.0,0.0,0.0,0.0,0.0,0.0,0.0,0.0,0.0,0.0,0.0,0.0,0.0,0.0,0.0,0.0,0.0,0.0,0.0,0.0,0.0,0.013422741554677486,-0.011505207046866417,-0.010738193057477474,0.01380624808371067,0.4728640019893646,-0.4728640019893646,0.4720970094203949,-0.47171348333358765,1.579664945602417,-1.5808154344558716,1.5800484418869019,-1.5800484418869019,-0.024262215942144394,-0.028839992359280586,-0.02288888208568096,0.007782219909131527,0.025177771225571632,-0.026551103219389915,-0.035248879343271255,0.07003998011350632,-0.08514664322137833,0.06042664870619774,-0.09430219233036041,0.07324442267417908,0.006179750896990299,-0.005816236138343811,-0.005452721379697323,0.006906779948621988,0.46966105699539185,-0.4714786410331726,0.46966105699539185,-0.468934029340744,1.5620229244232178,-1.5620229244232178,1.5616594552993774,-1.5616594552993774,0.0,0.0,0.0,0.0,0.0,0.0,0.0,0.0,0.0,0.0,0.0,0.0
20260708_192923_786968,2026-07-08T19:29:32.965,9.178162,pose,360,stand,0.0,0.0,0.0,0.0,0.0,0.0,0.0,0.0,1.0,fake,0.0,0.0,-1.0,-0.0,0.0,0.0,0.0,5.331347942352295,12.584957122802734,12,can0:12,2.309640645980835,5.090487480163574,,"BL_hip_joint,BR_hip_joint,FL_hip_joint,FR_hip_joint,BL_thigh_joint,BR_thigh_joint,FL_thigh_joint,FR_thigh_joint,BL_calf_joint,BR_calf_joint,FL_calf_joint,FR_calf_joint",330e02f2406e129bb6ed6ec4a6c6bcd5f80d7e7799a2ab087e81eda65d2fae69,"step=000360 mode=stand  vx= 0.000 vy= 0.000 vxy= 0.000 yaw= 0.000 speed=1.00 imu=fake tilt_rp=[-0.0,+0.0]deg imu_corr=0.000 act_max= 0.000 tau_cmd= 5.331 tau_cmd_max= 12.585 cmds=12 bus=can0:12 tau_fb= 2.310 tau_fb_max= 5.090",,,,,,,,,,,,,,,,,,,,,,,,,,,,,,,,,,,,,,,,,,,,,,,,,0.0,0.0,0.0,0.0,0.0,0.0,0.0,0.0,0.0,0.0,0.0,0.0,0.0,0.0,0.0,0.0,0.0,0.0,0.0,0.0,0.0,0.0,0.0,0.0,0.013422741554677486,-0.011505207046866417,-0.010738193057477474,0.01380624808371067,0.4686454236507416,-0.46979594230651855,0.4667279124259949,-0.4663443863391876,1.5670092105865479,-1.5654752254486084,1.565091609954834,-1.5658587217330933,0.012817773967981339,0.01739555038511753,-0.004577776417136192,-0.010528885759413242,-0.08194220066070557,0.036164432764053345,-0.029755547642707825,0.06546220183372498,-0.0631733164191246,0.11307107657194138,-0.10437330603599548,0.11490219086408615,0.00612109387293458,-0.005761029664427042,-0.005400964990258217,0.0068412222899496555,0.4652031362056732,-0.4670034646987915,0.4652031362056732,-0.46448302268981934,1.5471965074539185,-1.5471965074539185,1.546836495399475,-1.546836495399475,0.0,0.0,0.0,0.0,0.0,0.0,0.0,0.0,0.0,0.0,0.0,0.0
20260708_192923_786968,2026-07-08T19:29:33.088,9.301013,pose,365,stand,0.0,0.0,0.0,0.0,0.0,0.0,0.0,0.0,1.0,fake,0.0,0.0,-1.0,-0.0,0.0,0.0,0.0,4.932757377624512,10.66104507446289,12,can0:12,2.597125291824341,5.551927089691162,,"BL_hip_joint,BR_hip_joint,FL_hip_joint,FR_hip_joint,BL_thigh_joint,BR_thigh_joint,FL_thigh_joint,FR_thigh_joint,BL_calf_joint,BR_calf_joint,FL_calf_joint,FR_calf_joint",330e02f2406e129bb6ed6ec4a6c6bcd5f80d7e7799a2ab087e81eda65d2fae69,"step=000365 mode=stand  vx= 0.000 vy= 0.000 vxy= 0.000 yaw= 0.000 speed=1.00 imu=fake tilt_rp=[-0.0,+0.0]deg imu_corr=0.000 act_max= 0.000 tau_cmd= 4.933 tau_cmd_max= 10.661 cmds=12 bus=can0:12 tau_fb= 2.597 tau_fb_max= 5.552",,,,,,,,,,,,,,,,,,,,,,,,,,,,,,,,,,,,,,,,,,,,,,,,,0.0,0.0,0.0,0.0,0.0,0.0,0.0,0.0,0.0,0.0,0.0,0.0,0.0,0.0,0.0,0.0,0.0,0.0,0.0,0.0,0.0,0.0,0.0,0.0,0.013422741554677486,-0.011505207046866417,-0.010738193057477474,0.01380624808371067,0.4628928303718567,-0.4655773639678955,0.46135881543159485,-0.4609752893447876,1.5509018898010254,-1.5509018898010254,1.5509018898010254,-1.5509018898010254,0.0032044434919953346,0.04943998530507088,-0.01739555038511753,-0.001831110566854477,-0.01235999632626772,0.04898220673203468,-0.044862210750579834,0.01739555038511753,-0.19272439181804657,0.11215551942586899,-0.1185644119977951,0.1350444108247757,0.006058409810066223,-0.005702032707631588,-0.005345655605196953,0.006771163549274206,0.46043911576271057,-0.4622209966182709,0.46043911576271057,-0.45972636342048645,1.531352162361145,-1.531352162361145,1.5309957265853882,-1.5309957265853882,0.0,0.0,0.0,0.0,0.0,0.0,0.0,0.0,0.0,0.0,0.0,0.0
20260708_192923_786968,2026-07-08T19:29:33.212,9.425329,pose,370,stand,0.0,0.0,0.0,0.0,0.0,0.0,0.0,0.0,1.0,fake,0.0,0.0,-1.0,-0.0,0.0,0.0,0.0,5.426425457000732,10.671440124511719,12,can0:12,2.771080255508423,5.588549613952637,,"BL_hip_joint,BR_hip_joint,FL_hip_joint,FR_hip_joint,BL_thigh_joint,BR_thigh_joint,FL_thigh_joint,FR_thigh_joint,BL_calf_joint,BR_calf_joint,FL_calf_joint,FR_calf_joint",330e02f2406e129bb6ed6ec4a6c6bcd5f80d7e7799a2ab087e81eda65d2fae69,"step=000370 mode=stand  vx= 0.000 vy= 0.000 vxy= 0.000 yaw= 0.000 speed=1.00 imu=fake tilt_rp=[-0.0,+0.0]deg imu_corr=0.000 act_max= 0.000 tau_cmd= 5.426 tau_cmd_max= 10.671 cmds=12 bus=can0:12 tau_fb= 2.771 tau_fb_max= 5.589",,,,,,,,,,,,,,,,,,,,,,,,,,,,,,,,,,,,,,,,,,,,,,,,,0.0,0.0,0.0,0.0,0.0,0.0,0.0,0.0,0.0,0.0,0.0,0.0,0.0,0.0,0.0,0.0,0.0,0.0,0.0,0.0,0.0,0.0,0.0,0.0,0.013422741554677486,-0.011505207046866417,-0.010738193057477474,0.01380624808371067,0.4563732147216797,-0.4609752893447876,0.45675671100616455,-0.4552226960659027,1.534794569015503,-1.5340275764465332,1.5332605838775635,-1.5340275764465332,0.007782219909131527,0.009155552834272385,0.03799554333090782,-0.007324442267417908,-0.07736442238092422,-0.001831110566854477,-0.01739555038511753,0.04669332131743431,-0.13138218224048615,0.10986663401126862,-0.12268441170454025,0.1185644119977951,0.005991837475448847,-0.0056393761187791824,-0.005286915227770805,0.006696759257465601,0.4553796350955963,-0.4571419358253479,0.4553796350955963,-0.45467472076416016,1.514525055885315,-1.514525055885315,1.5141725540161133,-1.5141725540161133,0.0,0.0,0.0,0.0,0.0,0.0,0.0,0.0,0.0,0.0,0.0,0.0
20260708_192923_786968,2026-07-08T19:29:33.336,9.549774,pose,375,stand,0.0,0.0,0.0,0.0,0.0,0.0,0.0,0.0,1.0,fake,0.0,0.0,-1.0,-0.0,0.0,0.0,0.0,5.149085998535156,12.307394981384277,12,can0:12,2.7420883178710938,6.808069229125977,,"BL_hip_joint,BR_hip_joint,FL_hip_joint,FR_hip_joint,BL_thigh_joint,BR_thigh_joint,FL_thigh_joint,FR_thigh_joint,BL_calf_joint,BR_calf_joint,FL_calf_joint,FR_calf_joint",330e02f2406e129bb6ed6ec4a6c6bcd5f80d7e7799a2ab087e81eda65d2fae69,"step=000375 mode=stand  vx= 0.000 vy= 0.000 vxy= 0.000 yaw= 0.000 speed=1.00 imu=fake tilt_rp=[-0.0,+0.0]deg imu_corr=0.000 act_max= 0.000 tau_cmd= 5.149 tau_cmd_max= 12.307 cmds=12 bus=can0:12 tau_fb= 2.742 tau_fb_max= 6.808",,,,,,,,,,,,,,,,,,,,,,,,,,,,,,,,,,,,,,,,,,,,,,,,,0.0,0.0,0.0,0.0,0.0,0.0,0.0,0.0,0.0,0.0,0.0,0.0,0.0,0.0,0.0,0.0,0.0,0.0,0.0,0.0,0.0,0.0,0.0,0.0,0.013039235025644302,-0.011505207046866417,-0.010738193057477474,0.013422741554677486,0.4517711400985718,-0.4552226960659027,0.45215463638305664,-0.45023709535598755,1.5175367593765259,-1.5179202556610107,1.5175367593765259,-1.517153263092041,-0.05172887444496155,0.03387554734945297,0.01739555038511753,-0.022431105375289917,-0.025177771225571632,0.09292886406183243,-0.02471999265253544,0.007324442267417908,-0.12863551080226898,0.1501510739326477,-0.09842219203710556,0.11215551942586899,0.005921517498791218,-0.005573192611336708,-0.005224868189543486,0.006618166342377663,0.45003530383110046,-0.451776921749115,0.45003530383110046,-0.4493386745452881,1.4967505931854248,-1.4967505931854248,1.4964022636413574,-1.4964022636413574,0.0,0.0,0.0,0.0,0.0,0.0,0.0,0.0,0.0,0.0,0.0,0.0
20260708_192923_786968,2026-07-08T19:29:33.461,9.674083,pose,380,stand,0.0,0.0,0.0,0.0,0.0,0.0,0.0,0.0,1.0,fake,0.0,0.0,-1.0,-0.0,0.0,0.0,0.0,6.704757213592529,14.900452613830566,12,can0:12,2.462233304977417,5.3395185470581055,,"BL_hip_joint,BR_hip_joint,FL_hip_joint,FR_hip_joint,BL_thigh_joint,BR_thigh_joint,FL_thigh_joint,FR_thigh_joint,BL_calf_joint,BR_calf_joint,FL_calf_joint,FR_calf_joint",330e02f2406e129bb6ed6ec4a6c6bcd5f80d7e7799a2ab087e81eda65d2fae69,"step=000380 mode=stand  vx= 0.000 vy= 0.000 vxy= 0.000 yaw= 0.000 speed=1.00 imu=fake tilt_rp=[-0.0,+0.0]deg imu_corr=0.000 act_max= 0.000 tau_cmd= 6.705 tau_cmd_max= 14.900 cmds=12 bus=can0:12 tau_fb= 2.462 tau_fb_max= 5.340",,,,,,,,,,,,,,,,,,,,,,,,,,,,,,,,,,,,,,,,,,,,,,,,,0.0,0.0,0.0,0.0,0.0,0.0,0.0,0.0,0.0,0.0,0.0,0.0,0.0,0.0,0.0,0.0,0.0,0.0,0.0,0.0,0.0,0.0,0.0,0.0,0.013422741554677486,-0.011888713575899601,-0.010738193057477474,0.013422741554677486,0.4471690356731415,-0.44831955432891846,0.44755256175994873,-0.4460185170173645,1.499895453453064,-1.4987449645996094,1.4979779720306396,-1.4987449645996094,0.040742211043834686,-0.08148442208766937,0.016479995101690292,0.02609332650899887,-0.024262215942144394,0.023346660658717155,-0.05493331700563431,0.0796533077955246,-0.0874355286359787,0.016937773674726486,-0.07232886552810669,0.09659108519554138,0.005847589578479528,-0.005503613501787186,-0.005159637425094843,0.006535540800541639,0.44441676139831543,-0.4461366534233093,0.44441676139831543,-0.44372883439064026,1.4780641794204712,-1.4780641794204712,1.4777202606201172,-1.4777202606201172,0.0,0.0,0.0,0.0,0.0,0.0,0.0,0.0,0.0,0.0,0.0,0.0
20260708_192923_786968,2026-07-08T19:29:33.585,9.798400,pose,385,stand,0.0,0.0,0.0,0.0,0.0,0.0,0.0,0.0,1.0,fake,0.0,0.0,-1.0,-0.0,0.0,0.0,0.0,6.28941535949707,12.93178653717041,12,can0:12,2.4915311336517334,5.105136394500732,,"BL_hip_joint,BR_hip_joint,FL_hip_joint,FR_hip_joint,BL_thigh_joint,BR_thigh_joint,FL_thigh_joint,FR_thigh_joint,BL_calf_joint,BR_calf_joint,FL_calf_joint,FR_calf_joint",330e02f2406e129bb6ed6ec4a6c6bcd5f80d7e7799a2ab087e81eda65d2fae69,"step=000385 mode=stand  vx= 0.000 vy= 0.000 vxy= 0.000 yaw= 0.000 speed=1.00 imu=fake tilt_rp=[-0.0,+0.0]deg imu_corr=0.000 act_max= 0.000 tau_cmd= 6.289 tau_cmd_max= 12.932 cmds=12 bus=can0:12 tau_fb= 2.492 tau_fb_max= 5.105",,,,,,,,,,,,,,,,,,,,,,,,,,,,,,,,,,,,,,,,,,,,,,,,,0.0,0.0,0.0,0.0,0.0,0.0,0.0,0.0,0.0,0.0,0.0,0.0,0.0,0.0,0.0,0.0,0.0,0.0,0.0,0.0,0.0,0.0,0.0,0.0,0.013039235025644302,-0.011505207046866417,-0.010738193057477474,0.013422741554677486,0.44256696105003357,-0.44179993867874146,0.44256696105003357,-0.44179993867874146,1.4799531698226929,-1.4803366661071777,1.4799531698226929,-1.4799531698226929,-0.015106662176549435,0.009155552834272385,-0.0553910955786705,-0.016022218391299248,-0.023346660658717155,0.09979552775621414,-0.0393688790500164,-0.007324442267417908,-0.13687551021575928,0.11032441258430481,-0.0947599709033966,0.11673329770565033,0.005770193412899971,-0.005430770106613636,-0.005091346800327301,0.006449039094150066,0.438534677028656,-0.4402318000793457,0.438534677028656,-0.4378558397293091,1.4585012197494507,-1.4585012197494507,1.4581618309020996,-1.4581618309020996,0.0,0.0,0.0,0.0,0.0,0.0,0.0,0.0,0.0,0.0,0.0,0.0
20260708_192923_786968,2026-07-08T19:29:33.709,9.922802,pose,390,stand,0.0,0.0,0.0,0.0,0.0,0.0,0.0,0.0,1.0,fake,0.0,0.0,-1.0,-0.0,0.0,0.0,0.0,5.708702564239502,11.291831970214844,12,can0:12,2.5882749557495117,5.742362976074219,,"BL_hip_joint,BR_hip_joint,FL_hip_joint,FR_hip_joint,BL_thigh_joint,BR_thigh_joint,FL_thigh_joint,FR_thigh_joint,BL_calf_joint,BR_calf_joint,FL_calf_joint,FR_calf_joint",330e02f2406e129bb6ed6ec4a6c6bcd5f80d7e7799a2ab087e81eda65d2fae69,"step=000390 mode=stand  vx= 0.000 vy= 0.000 vxy= 0.000 yaw= 0.000 speed=1.00 imu=fake tilt_rp=[-0.0,+0.0]deg imu_corr=0.000 act_max= 0.000 tau_cmd= 5.709 tau_cmd_max= 11.292 cmds=12 bus=can0:12 tau_fb= 2.588 tau_fb_max= 5.742",,,,,,,,,,,,,,,,,,,,,,,,,,,,,,,,,,,,,,,,,,,,,,,,,0.0,0.0,0.0,0.0,0.0,0.0,0.0,0.0,0.0,0.0,0.0,0.0,0.0,0.0,0.0,0.0,0.0,0.0,0.0,0.0,0.0,0.0,0.0,0.0,0.013039235025644302,-0.011505207046866417,-0.010738193057477474,0.013422741554677486,0.4368143677711487,-0.4368143677711487,0.43604734539985657,-0.43604734539985657,1.460777759552002,-1.4600107669830322,1.4596272706985474,-1.4600107669830322,-0.038453321903944016,0.004119998775422573,-0.050355542451143265,0.015564439818263054,-0.041657764464616776,0.024262215942144394,-0.0050355540588498116,0.028839992359280586,-0.158848837018013,0.15472884476184845,-0.15564440190792084,0.15701773762702942,0.005689468700438738,-0.005354794207960367,-0.005020119249820709,0.006358817685395479,0.43239960074424744,-0.43407297134399414,0.43239960074424744,-0.4317302703857422,1.4380968809127808,-1.4380968809127808,1.4377622604370117,-1.4377622604370117,0.0,0.0,0.0,0.0,0.0,0.0,0.0,0.0,0.0,0.0,0.0,0.0
20260708_192923_786968,2026-07-08T19:29:33.833,10.046007,pose,395,stand,0.0,0.0,0.0,0.0,0.0,0.0,0.0,0.0,1.0,fake,0.0,0.0,-1.0,-0.0,0.0,0.0,0.0,6.029764652252197,13.811323165893555,12,can0:12,2.8666036128997803,5.749687194824219,,"BL_hip_joint,BR_hip_joint,FL_hip_joint,FR_hip_joint,BL_thigh_joint,BR_thigh_joint,FL_thigh_joint,FR_thigh_joint,BL_calf_joint,BR_calf_joint,FL_calf_joint,FR_calf_joint",330e02f2406e129bb6ed6ec4a6c6bcd5f80d7e7799a2ab087e81eda65d2fae69,"step=000395 mode=stand  vx= 0.000 vy= 0.000 vxy= 0.000 yaw= 0.000 speed=1.00 imu=fake tilt_rp=[-0.0,+0.0]deg imu_corr=0.000 act_max= 0.000 tau_cmd= 6.030 tau_cmd_max= 13.811 cmds=12 bus=can0:12 tau_fb= 2.867 tau_fb_max= 5.750",,,,,,,,,,,,,,,,,,,,,,,,,,,,,,,,,,,,,,,,,,,,,,,,,0.0,0.0,0.0,0.0,0.0,0.0,0.0,0.0,0.0,0.0,0.0,0.0,0.0,0.0,0.0,0.0,0.0,0.0,0.0,0.0,0.0,0.0,0.0,0.0,0.013039235025644302,-0.011505207046866417,-0.01035468652844429,0.013422741554677486,0.42991122603416443,-0.4322122633457184,0.42876070737838745,-0.4279937148094177,1.4393013715744019,-1.4393013715744019,1.4385343790054321,-1.438917875289917,-0.03479110077023506,0.04119998961687088,-0.07782220095396042,-0.025177771225571632,-0.03707998991012573,0.048066653311252594,0.025177771225571632,0.13092440366744995,-0.1506088376045227,0.08331552892923355,-0.16205328702926636,0.16434217989444733,0.005605556070804596,-0.0052758171223104,-0.004946078639477491,0.006265032570809126,0.4260222315788269,-0.4276709258556366,0.4260222315788269,-0.425362765789032,1.4168866872787476,-1.4168866872787476,1.41655695438385,-1.41655695438385,0.0,0.0,0.0,0.0,0.0,0.0,0.0,0.0,0.0,0.0,0.0,0.0
20260708_192923_786968,2026-07-08T19:29:33.949,10.162972,pose,400,stand,0.0,0.0,0.0,0.0,0.0,0.0,0.0,0.0,1.0,fake,0.0,0.0,-1.0,-0.0,0.0,0.0,0.0,5.847141265869141,13.764941215515137,12,can0:12,2.5815608501434326,5.467696189880371,,"BL_hip_joint,BR_hip_joint,FL_hip_joint,FR_hip_joint,BL_thigh_joint,BR_thigh_joint,FL_thigh_joint,FR_thigh_joint,BL_calf_joint,BR_calf_joint,FL_calf_joint,FR_calf_joint",330e02f2406e129bb6ed6ec4a6c6bcd5f80d7e7799a2ab087e81eda65d2fae69,"step=000400 mode=stand  vx= 0.000 vy= 0.000 vxy= 0.000 yaw= 0.000 speed=1.00 imu=fake tilt_rp=[-0.0,+0.0]deg imu_corr=0.000 act_max= 0.000 tau_cmd= 5.847 tau_cmd_max= 13.765 cmds=12 bus=can0:12 tau_fb= 2.582 tau_fb_max= 5.468",,,,,,,,,,,,,,,,,,,,,,,,,,,,,,,,,,,,,,,,,,,,,,,,,0.0,0.0,0.0,0.0,0.0,0.0,0.0,0.0,0.0,0.0,0.0,0.0,0.0,0.0,0.0,0.0,0.0,0.0,0.0,0.0,0.0,0.0,0.0,0.0,0.013039235025644302,-0.011505207046866417,-0.01035468652844429,0.013422741554677486,0.42224109172821045,-0.4264596700668335,0.42224109172821045,-0.4207070767879486,1.4185919761657715,-1.4185919761657715,1.4182084798812866,-1.4182084798812866,0.013733329251408577,-0.03662221133708954,0.01235999632626772,-0.016479995101690292,-0.056764427572488785,0.06683553755283356,-0.08606220036745071,0.06408887356519699,-0.19363994896411896,0.1826532781124115,-0.2211066037416458,0.10986663401126862,0.005518594291061163,-0.00519397109746933,-0.004869347903877497,0.006167840212583542,0.41941314935684204,-0.4210362732410431,0.41941314935684204,-0.4187639355659485,1.3949058055877686,-1.3949058055877686,1.3945811986923218,-1.3945811986923218,0.0,0.0,0.0,0.0,0.0,0.0,0.0,0.0,0.0,0.0,0.0,0.0
20260708_192923_786968,2026-07-08T19:29:34.066,10.279918,pose,405,stand,0.0,0.0,0.0,0.0,0.0,0.0,0.0,0.0,1.0,fake,0.0,0.0,-1.0,-0.0,0.0,0.0,0.0,6.451844692230225,14.24876880645752,12,can0:12,2.5943782329559326,6.4931182861328125,,"BL_hip_joint,BR_hip_joint,FL_hip_joint,FR_hip_joint,BL_thigh_joint,BR_thigh_joint,FL_thigh_joint,FR_thigh_joint,BL_calf_joint,BR_calf_joint,FL_calf_joint,FR_calf_joint",330e02f2406e129bb6ed6ec4a6c6bcd5f80d7e7799a2ab087e81eda65d2fae69,"step=000405 mode=stand  vx= 0.000 vy= 0.000 vxy= 0.000 yaw= 0.000 speed=1.00 imu=fake tilt_rp=[-0.0,+0.0]deg imu_corr=0.000 act_max= 0.000 tau_cmd= 6.452 tau_cmd_max= 14.249 cmds=12 bus=can0:12 tau_fb= 2.594 tau_fb_max= 6.493",,,,,,,,,,,,,,,,,,,,,,,,,,,,,,,,,,,,,,,,,,,,,,,,,0.0,0.0,0.0,0.0,0.0,0.0,0.0,0.0,0.0,0.0,0.0,0.0,0.0,0.0,0.0,0.0,0.0,0.0,0.0,0.0,0.0,0.0,0.0,0.0,0.012655727565288544,-0.011505207046866417,-0.01035468652844429,0.013422741554677486,0.4161049723625183,-0.41840603947639465,0.4168719947338104,-0.4153379797935486,1.3967320919036865,-1.395581603050232,1.395198106765747,-1.3959650993347168,-0.04577776417136192,-0.0636310949921608,-0.07324442267417908,0.029755547642707825,-0.007782219909131527,0.06866664439439774,-0.061342205852270126,0.03707998991012573,-0.18127994239330292,0.18402661383152008,-0.09018219262361526,0.11719107627868652,0.005428723990917206,-0.0051093874499201775,-0.004790050443261862,0.0060673970729112625,0.41258299350738525,-0.4141796827316284,0.41258299350738525,-0.41194435954093933,1.3721897602081299,-1.3721897602081299,1.371870517730713,-1.371870517730713,0.0,0.0,0.0,0.0,0.0,0.0,0.0,0.0,0.0,0.0,0.0,0.0
20260708_192923_786968,2026-07-08T19:29:34.183,10.396925,pose,410,stand,0.0,0.0,0.0,0.0,0.0,0.0,0.0,0.0,1.0,fake,0.0,0.0,-1.0,-0.0,0.0,0.0,0.0,5.818846225738525,13.125308990478516,12,can0:12,2.3300881385803223,4.790185451507568,,"BL_hip_joint,BR_hip_joint,FL_hip_joint,FR_hip_joint,BL_thigh_joint,BR_thigh_joint,FL_thigh_joint,FR_thigh_joint,BL_calf_joint,BR_calf_joint,FL_calf_joint,FR_calf_joint",330e02f2406e129bb6ed6ec4a6c6bcd5f80d7e7799a2ab087e81eda65d2fae69,"step=000410 mode=stand  vx= 0.000 vy= 0.000 vxy= 0.000 yaw= 0.000 speed=1.00 imu=fake tilt_rp=[-0.0,+0.0]deg imu_corr=0.000 act_max= 0.000 tau_cmd= 5.819 tau_cmd_max= 13.125 cmds=12 bus=can0:12 tau_fb= 2.330 tau_fb_max= 4.790",,,,,,,,,,,,,,,,,,,,,,,,,,,,,,,,,,,,,,,,,,,,,,,,,0.0,0.0,0.0,0.0,0.0,0.0,0.0,0.0,0.0,0.0,0.0,0.0,0.0,0.0,0.0,0.0,0.0,0.0,0.0,0.0,0.0,0.0,0.0,0.0,0.012655727565288544,-0.011121700517833233,-0.01035468652844429,0.013039235025644302,0.4103523790836334,-0.4103523790836334,0.4107359051704407,-0.4095853567123413,1.3729547262191772,-1.3725712299346924,1.3721877336502075,-1.3725712299346924,-0.0553910955786705,-0.0119022186845541,0.005493331700563431,-0.051271095871925354,0.023346660658717155,0.10483107715845108,-0.02059999480843544,0.05767998471856117,-0.13916440308094025,0.191351056098938,-0.21652881801128387,0.16251106560230255,0.005336084868758917,-0.005022197496145964,-0.0047083101235330105,0.005963859148323536,0.40554243326187134,-0.40711188316345215,0.40554243326187134,-0.4049146771430969,1.3487739562988281,-1.3487739562988281,1.348460078239441,-1.348460078239441,0.0,0.0,0.0,0.0,0.0,0.0,0.0,0.0,0.0,0.0,0.0,0.0
20260708_192923_786968,2026-07-08T19:29:34.301,10.514240,pose,415,stand,0.0,0.0,0.0,0.0,0.0,0.0,0.0,0.0,1.0,fake,0.0,0.0,-1.0,-0.0,0.0,0.0,0.0,6.041720867156982,13.320145606994629,12,can0:12,2.5208284854888916,5.6617937088012695,,"BL_hip_joint,BR_hip_joint,FL_hip_joint,FR_hip_joint,BL_thigh_joint,BR_thigh_joint,FL_thigh_joint,FR_thigh_joint,BL_calf_joint,BR_calf_joint,FL_calf_joint,FR_calf_joint",330e02f2406e129bb6ed6ec4a6c6bcd5f80d7e7799a2ab087e81eda65d2fae69,"step=000415 mode=stand  vx= 0.000 vy= 0.000 vxy= 0.000 yaw= 0.000 speed=1.00 imu=fake tilt_rp=[-0.0,+0.0]deg imu_corr=0.000 act_max= 0.000 tau_cmd= 6.042 tau_cmd_max= 13.320 cmds=12 bus=can0:12 tau_fb= 2.521 tau_fb_max= 5.662",,,,,,,,,,,,,,,,,,,,,,,,,,,,,,,,,,,,,,,,,,,,,,,,,0.0,0.0,0.0,0.0,0.0,0.0,0.0,0.0,0.0,0.0,0.0,0.0,0.0,0.0,0.0,0.0,0.0,0.0,0.0,0.0,0.0,0.0,0.0,0.0,0.012655727565288544,-0.011121700517833233,-0.009971179068088531,0.013039235025644302,0.4042162597179413,-0.4042162597179413,0.40344926714897156,-0.4030657410621643,1.3495607376098633,-1.3495607376098633,1.3491772413253784,-1.3491772413253784,0.0119022186845541,-0.010528885759413242,-0.025177771225571632,-0.014191106893122196,-0.06271553784608841,0.11627551913261414,-0.054475538432598114,0.0398266538977623,-0.2069154977798462,0.18448439240455627,-0.14648884534835815,0.2220221608877182,0.005240816622972488,-0.004932533483952284,-0.004624249879270792,0.0058573829010128975,0.3983020484447479,-0.3998434841632843,0.3983020484447479,-0.3976854979991913,1.3246934413909912,-1.3246934413909912,1.324385166168213,-1.324385166168213,0.0,0.0,0.0,0.0,0.0,0.0,0.0,0.0,0.0,0.0,0.0,0.0
20260708_192923_786968,2026-07-08T19:29:34.418,10.631194,pose,420,stand,0.0,0.0,0.0,0.0,0.0,0.0,0.0,0.0,1.0,fake,0.0,0.0,-1.0,-0.0,0.0,0.0,0.0,5.922373294830322,13.990913391113281,12,can0:12,2.7311012744903564,5.775322914123535,,"BL_hip_joint,BR_hip_joint,FL_hip_joint,FR_hip_joint,BL_thigh_joint,BR_thigh_joint,FL_thigh_joint,FR_thigh_joint,BL_calf_joint,BR_calf_joint,FL_calf_joint,FR_calf_joint",330e02f2406e129bb6ed6ec4a6c6bcd5f80d7e7799a2ab087e81eda65d2fae69,"step=000420 mode=stand  vx= 0.000 vy= 0.000 vxy= 0.000 yaw= 0.000 speed=1.00 imu=fake tilt_rp=[-0.0,+0.0]deg imu_corr=0.000 act_max= 0.000 tau_cmd= 5.922 tau_cmd_max= 13.991 cmds=12 bus=can0:12 tau_fb= 2.731 tau_fb_max= 5.775",,,,,,,,,,,,,,,,,,,,,,,,,,,,,,,,,,,,,,,,,,,,,,,,,0.0,0.0,0.0,0.0,0.0,0.0,0.0,0.0,0.0,0.0,0.0,0.0,0.0,0.0,0.0,0.0,0.0,0.0,0.0,0.0,0.0,0.0,0.0,0.0,0.012655727565288544,-0.011121700517833233,-0.009971179068088531,0.013039235025644302,0.3957791328430176,-0.39808017015457153,0.39424508810043335,-0.39424508810043335,1.325783371925354,-1.3250163793563843,1.3242493867874146,-1.3250163793563843,-0.02929776906967163,0.055848874151706696,-0.003662221133708954,-0.050355542451143265,-0.07370220124721527,0.019226660951972008,-0.06958220154047012,0.0196844395250082,-0.17624439299106598,0.21973326802253723,-0.13367107510566711,0.13916440308094025,0.0051430594176054,-0.0048405262641608715,-0.00453799357637763,0.005748124793171883,0.3908724784851074,-0.39238518476486206,0.3908724784851074,-0.39026743173599243,1.2999838590621948,-1.2999838590621948,1.2996814250946045,-1.2996814250946045,0.0,0.0,0.0,0.0,0.0,0.0,0.0,0.0,0.0,0.0,0.0,0.0
20260708_192923_786968,2026-07-08T19:29:34.534,10.747821,pose,425,stand,0.0,0.0,0.0,0.0,0.0,0.0,0.0,0.0,1.0,fake,0.0,0.0,-1.0,-0.0,0.0,0.0,0.0,5.683929920196533,13.823943138122559,12,can0:12,2.855006456375122,5.767998218536377,,"BL_hip_joint,BR_hip_joint,FL_hip_joint,FR_hip_joint,BL_thigh_joint,BR_thigh_joint,FL_thigh_joint,FR_thigh_joint,BL_calf_joint,BR_calf_joint,FL_calf_joint,FR_calf_joint",330e02f2406e129bb6ed6ec4a6c6bcd5f80d7e7799a2ab087e81eda65d2fae69,"step=000425 mode=stand  vx= 0.000 vy= 0.000 vxy= 0.000 yaw= 0.000 speed=1.00 imu=fake tilt_rp=[-0.0,+0.0]deg imu_corr=0.000 act_max= 0.000 tau_cmd= 5.684 tau_cmd_max= 13.824 cmds=12 bus=can0:12 tau_fb= 2.855 tau_fb_max= 5.768",,,,,,,,,,,,,,,,,,,,,,,,,,,,,,,,,,,,,,,,,,,,,,,,,0.0,0.0,0.0,0.0,0.0,0.0,0.0,0.0,0.0,0.0,0.0,0.0,0.0,0.0,0.0,0.0,0.0,0.0,0.0,0.0,0.0,0.0,0.0,0.0,0.011505207046866417,-0.011121700517833233,-0.009971179068088531,0.013039235025644302,0.38772547245025635,-0.3907935321331024,0.3873419761657715,-0.38580793142318726,1.30238938331604,-1.299704909324646,1.2989379167556763,-1.299704909324646,-0.08011108636856079,0.05813775956630707,0.016022218391299248,0.024262215942144394,-0.07507553696632385,0.09933774918317795,-0.051271095871925354,0.09018219262361526,-0.22614215314388275,0.13733328878879547,-0.19409772753715515,0.17258216440677643,0.005042952485382557,-0.004746308550238609,-0.004449664149433374,0.005636241286993027,0.3832643926143646,-0.38474762439727783,0.3832643926143646,-0.3826711177825928,1.274680495262146,-1.274680495262146,1.274383783340454,-1.274383783340454,0.0,0.0,0.0,0.0,0.0,0.0,0.0,0.0,0.0,0.0,0.0,0.0
20260708_192923_786968,2026-07-08T19:29:34.651,10.864260,pose,430,stand,0.0,0.0,0.0,0.0,0.0,0.0,0.0,0.0,1.0,fake,0.0,0.0,-1.0,-0.0,0.0,0.0,0.0,6.225906848907471,22.318742752075195,12,can0:12,3.31125807762146,9.983214378356934,,"BL_hip_joint,BR_hip_joint,FL_hip_joint,FR_hip_joint,BL_thigh_joint,BR_thigh_joint,FL_thigh_joint,FR_thigh_joint,BL_calf_joint,BR_calf_joint,FL_calf_joint,FR_calf_joint",330e02f2406e129bb6ed6ec4a6c6bcd5f80d7e7799a2ab087e81eda65d2fae69,"step=000430 mode=stand  vx= 0.000 vy= 0.000 vxy= 0.000 yaw= 0.000 speed=1.00 imu=fake tilt_rp=[-0.0,+0.0]deg imu_corr=0.000 act_max= 0.000 tau_cmd= 6.226 tau_cmd_max= 22.319 cmds=12 bus=can0:12 tau_fb= 3.311 tau_fb_max= 9.983",,,,,,,,,,,,,,,,,,,,,,,,,,,,,,,,,,,,,,,,,,,,,,,,,0.0,0.0,0.0,0.0,0.0,0.0,0.0,0.0,0.0,0.0,0.0,0.0,0.0,0.0,0.0,0.0,0.0,0.0,0.0,0.0,0.0,0.0,0.0,0.0,0.008053644560277462,-0.010738193057477474,-0.009971179068088531,0.013039235025644302,0.3785213232040405,-0.38120585680007935,0.38120585680007935,-0.3796718418598175,1.2832140922546387,-1.2740099430084229,1.273626446723938,-1.2740099430084229,-0.05264442786574364,-0.018768884241580963,-0.00045777764171361923,-0.01831110566854477,-0.1350444108247757,0.09109774976968765,-0.0718710869550705,0.0631733164191246,-0.09659108519554138,0.2549821436405182,-0.22064882516860962,0.19638660550117493,0.004940636456012726,-0.0046500107273459435,-0.004359384998679161,0.005521887913346291,0.37548837065696716,-0.3769415020942688,0.37548837065696716,-0.37490713596343994,1.2488186359405518,-1.2488186359405518,1.248528003692627,-1.248528003692627,0.0,0.0,0.0,0.0,0.0,0.0,0.0,0.0,0.0,0.0,0.0,0.0
20260708_192923_786968,2026-07-08T19:29:34.770,10.983250,pose,435,stand,0.0,0.0,0.0,0.0,0.0,0.0,0.0,0.0,1.0,fake,0.0,0.0,-1.0,-0.0,0.0,0.0,0.0,8.31540584564209,30.919857025146484,12,can0:12,3.7232580184936523,14.758750915527344,,"BL_hip_joint,BR_hip_joint,FL_hip_joint,FR_hip_joint,BL_thigh_joint,BR_thigh_joint,FL_thigh_joint,FR_thigh_joint,BL_calf_joint,BR_calf_joint,FL_calf_joint,FR_calf_joint",330e02f2406e129bb6ed6ec4a6c6bcd5f80d7e7799a2ab087e81eda65d2fae69,"step=000435 mode=stand  vx= 0.000 vy= 0.000 vxy= 0.000 yaw= 0.000 speed=1.00 imu=fake tilt_rp=[-0.0,+0.0]deg imu_corr=0.000 act_max= 0.000 tau_cmd= 8.315 tau_cmd_max= 30.920 cmds=12 bus=can0:12 tau_fb= 3.723 tau_fb_max= 14.759",,,,,,,,,,,,,,,,,,,,,,,,,,,,,,,,,,,,,,,,,,,,,,,,,0.0,0.0,0.0,0.0,0.0,0.0,0.0,0.0,0.0,0.0,0.0,0.0,0.0,0.0,0.0,0.0,0.0,0.0,0.0,0.0,0.0,0.0,0.0,0.0,0.005369096528738737,-0.010738193057477474,-0.009971179068088531,0.012655727565288544,0.36548206210136414,-0.3731522262096405,0.37353572249412537,-0.3731522262096405,1.2655727863311768,-1.2483149766921997,1.2479314804077148,-1.2479314804077148,0.021057771518826485,-0.08835108578205109,0.016022218391299248,0.06408887356519699,-0.16800439357757568,0.010071108117699623,-0.07324442267417908,0.11535996943712234,-0.0398266538977623,0.15472884476184845,-0.21286660432815552,0.18448439240455627,0.004836251027882099,-0.004551765508949757,-0.004267279990017414,0.005405221600085497,0.36755505204200745,-0.36897748708724976,0.36755505204200745,-0.36698609590530396,1.2224335670471191,-1.2224335670471191,1.222149133682251,-1.222149133682251,0.0,0.0,0.0,0.0,0.0,0.0,0.0,0.0,0.0,0.0,0.0,0.0
20260708_192923_786968,2026-07-08T19:29:34.891,11.104228,pose,440,stand,0.0,0.0,0.0,0.0,0.0,0.0,0.0,0.0,1.0,fake,0.0,0.0,-1.0,-0.0,0.0,0.0,0.0,8.086623191833496,30.68981170654297,12,can0:12,4.996184825897217,20.797754287719727,,"BL_hip_joint,BR_hip_joint,FL_hip_joint,FR_hip_joint,BL_thigh_joint,BR_thigh_joint,FL_thigh_joint,FR_thigh_joint,BL_calf_joint,BR_calf_joint,FL_calf_joint,FR_calf_joint",330e02f2406e129bb6ed6ec4a6c6bcd5f80d7e7799a2ab087e81eda65d2fae69,"step=000440 mode=stand  vx= 0.000 vy= 0.000 vxy= 0.000 yaw= 0.000 speed=1.00 imu=fake tilt_rp=[-0.0,+0.0]deg imu_corr=0.000 act_max= 0.000 tau_cmd= 8.087 tau_cmd_max= 30.690 cmds=12 bus=can0:12 tau_fb= 4.996 tau_fb_max= 20.798",,,,,,,,,,,,,,,,,,,,,,,,,,,,,,,,,,,,,,,,,,,,,,,,,0.0,0.0,0.0,0.0,0.0,0.0,0.0,0.0,0.0,0.0,0.0,0.0,0.0,0.0,0.0,0.0,0.0,0.0,0.0,0.0,0.0,0.0,0.0,0.0,0.00076701381476596,-0.010738193057477474,-0.009971179068088531,0.012655727565288544,0.35205933451652527,-0.3666326105594635,0.3639480471611023,-0.36356455087661743,1.2444798946380615,-1.221086025238037,1.221086025238037,-1.221469521522522,-0.04348887503147125,-0.0393688790500164,0.004119998775422573,0.001831110566854477,-0.07370220124721527,0.11169774830341339,-0.02929776906967163,0.11032441258430481,-0.1666310578584671,0.21973326802253723,-0.22843104600906372,0.17899106442928314,0.004729935433715582,-0.00445170421153307,-0.00417347252368927,0.005286398343741894,0.3594750761985779,-0.3608662486076355,0.3594750761985779,-0.3589186370372772,1.1955608129501343,-1.1955608129501343,1.1952825784683228,-1.1952825784683228,0.0,0.0,0.0,0.0,0.0,0.0,0.0,0.0,0.0,0.0,0.0,0.0
20260708_192923_786968,2026-07-08T19:29:35.014,11.227016,pose,445,stand,0.0,0.0,0.0,0.0,0.0,0.0,0.0,0.0,1.0,fake,0.0,0.0,-1.0,-0.0,0.0,0.0,0.0,8.188703536987305,35.256099700927734,12,can0:12,5.720999240875244,24.390392303466797,,"BL_hip_joint,BR_hip_joint,FL_hip_joint,FR_hip_joint,BL_thigh_joint,BR_thigh_joint,FL_thigh_joint,FR_thigh_joint,BL_calf_joint,BR_calf_joint,FL_calf_joint,FR_calf_joint",330e02f2406e129bb6ed6ec4a6c6bcd5f80d7e7799a2ab087e81eda65d2fae69,"step=000445 mode=stand  vx= 0.000 vy= 0.000 vxy= 0.000 yaw= 0.000 speed=1.00 imu=fake tilt_rp=[-0.0,+0.0]deg imu_corr=0.000 act_max= 0.000 tau_cmd= 8.189 tau_cmd_max= 35.256 cmds=12 bus=can0:12 tau_fb= 5.721 tau_fb_max= 24.390",,,,,,,,,,,,,,,,,,,,,,,,,,,,,,,,,,,,,,,,,,,,,,,,,0.0,0.0,0.0,0.0,0.0,0.0,0.0,0.0,0.0,0.0,0.0,0.0,0.0,0.0,0.0,0.0,0.0,0.0,0.0,0.0,0.0,0.0,0.0,0.0,-0.0034515620209276676,-0.010738193057477474,-0.009587672539055347,0.012655727565288544,0.3397871255874634,-0.35896244645118713,0.35512739419937134,-0.35397687554359436,1.2237704992294312,-1.1934734582901,1.1930899620056152,-1.193856954574585,-0.0050355540588498116,0.05218665301799774,0.05722220614552498,-0.02059999480843544,-0.07461775839328766,0.07553330808877945,-0.1029999703168869,0.05493331700563431,-0.17761772871017456,0.20187993347644806,-0.20920437574386597,0.17990660667419434,0.004621830303221941,-0.004349957685917616,-0.004078085534274578,0.005165574606508017,0.3512590527534485,-0.3526184558868408,0.3512590527534485,-0.3507153391838074,1.1682355403900146,-1.1682355403900146,1.1679636240005493,-1.1679636240005493,0.0,0.0,0.0,0.0,0.0,0.0,0.0,0.0,0.0,0.0,0.0,0.0
20260708_192923_786968,2026-07-08T19:29:35.137,11.350038,pose,450,stand,0.0,0.0,0.0,0.0,0.0,0.0,0.0,0.0,1.0,fake,0.0,0.0,-1.0,-0.0,0.0,0.0,0.0,9.944111824035645,39.73368453979492,12,can0:12,5.987121105194092,28.67152976989746,,"BL_hip_joint,BR_hip_joint,FL_hip_joint,FR_hip_joint,BL_thigh_joint,BR_thigh_joint,FL_thigh_joint,FR_thigh_joint,BL_calf_joint,BR_calf_joint,FL_calf_joint,FR_calf_joint",330e02f2406e129bb6ed6ec4a6c6bcd5f80d7e7799a2ab087e81eda65d2fae69,"step=000450 mode=stand  vx= 0.000 vy= 0.000 vxy= 0.000 yaw= 0.000 speed=1.00 imu=fake tilt_rp=[-0.0,+0.0]deg imu_corr=0.000 act_max= 0.000 tau_cmd= 9.944 tau_cmd_max= 39.734 cmds=12 bus=can0:12 tau_fb= 5.987 tau_fb_max= 28.672",,,,,,,,,,,,,,,,,,,,,,,,,,,,,,,,,,,,,,,,,,,,,,,,,0.0,0.0,0.0,0.0,0.0,0.0,0.0,0.0,0.0,0.0,0.0,0.0,0.0,0.0,0.0,0.0,0.0,0.0,0.0,0.0,0.0,0.0,0.0,0.0,-0.0057526035234332085,-0.01035468652844429,-0.009971179068088531,0.01227222103625536,0.3275148868560791,-0.3489912748336792,0.3482242524623871,-0.3470737338066101,1.2019106149673462,-1.1658610105514526,1.1654775142669678,-1.1658610105514526,0.008239997550845146,-0.025635547935962677,-0.02151555009186268,-0.0398266538977623,-0.12222663313150406,0.17120884358882904,-0.038453321903944016,0.10574663430452347,-0.17578661441802979,0.19547104835510254,-0.15610218048095703,0.158848837018013,0.0045120748691260815,-0.004246658645570278,-0.003981242422014475,0.005042906850576401,0.34291768074035645,-0.3442447781562805,0.34291768074035645,-0.3423868417739868,1.1404932737350464,-1.1404932737350464,1.1402277946472168,-1.1402277946472168,0.0,0.0,0.0,0.0,0.0,0.0,0.0,0.0,0.0,0.0,0.0,0.0
20260708_192923_786968,2026-07-08T19:29:35.260,11.473591,pose,455,stand,0.0,0.0,0.0,0.0,0.0,0.0,0.0,0.0,1.0,fake,0.0,0.0,-1.0,-0.0,0.0,0.0,0.0,9.682095527648926,41.460914611816406,12,can0:12,6.318856716156006,31.29734230041504,,"BL_hip_joint,BR_hip_joint,FL_hip_joint,FR_hip_joint,BL_thigh_joint,BR_thigh_joint,FL_thigh_joint,FR_thigh_joint,BL_calf_joint,BR_calf_joint,FL_calf_joint,FR_calf_joint",330e02f2406e129bb6ed6ec4a6c6bcd5f80d7e7799a2ab087e81eda65d2fae69,"step=000455 mode=stand  vx= 0.000 vy= 0.000 vxy= 0.000 yaw= 0.000 speed=1.00 imu=fake tilt_rp=[-0.0,+0.0]deg imu_corr=0.000 act_max= 0.000 tau_cmd= 9.682 tau_cmd_max= 41.461 cmds=12 bus=can0:12 tau_fb= 6.319 tau_fb_max= 31.297",,,,,,,,,,,,,,,,,,,,,,,,,,,,,,,,,,,,,,,,,,,,,,,,,0.0,0.0,0.0,0.0,0.0,0.0,0.0,0.0,0.0,0.0,0.0,0.0,0.0,0.0,0.0,0.0,0.0,0.0,0.0,0.0,0.0,0.0,0.0,0.0,-0.00613611051812768,-0.01035468652844429,-0.009587672539055347,0.01227222103625536,0.31485915184020996,-0.34017062187194824,0.34093764424324036,-0.3405541181564331,1.178133249282837,-1.1378649473190308,1.137481451034546,-1.1378649473190308,0.0009155552834272385,0.008697775192558765,0.04531998559832573,0.0068666646257042885,-0.14786218106746674,0.07278664410114288,-0.04440443217754364,0.05859553813934326,-0.21835993230342865,0.21973326802253723,-0.20371104776859283,0.18036438524723053,0.004400809295475483,-0.00414193794131279,-0.003883067052811384,0.004918551072478294,0.334461510181427,-0.335755854845047,0.334461510181427,-0.33394378423690796,1.1123692989349365,-1.1123692989349365,1.1121103763580322,-1.1121103763580322,0.0,0.0,0.0,0.0,0.0,0.0,0.0,0.0,0.0,0.0,0.0,0.0
20260708_192923_786968,2026-07-08T19:29:35.384,11.597316,pose,460,stand,0.0,0.0,0.0,0.0,0.0,0.0,0.0,0.0,1.0,fake,0.0,0.0,-1.0,-0.0,0.0,0.0,0.0,10.260878562927246,46.72892379760742,12,can0:12,6.9661545753479,33.50566101074219,,"BL_hip_joint,BR_hip_joint,FL_hip_joint,FR_hip_joint,BL_thigh_joint,BR_thigh_joint,FL_thigh_joint,FR_thigh_joint,BL_calf_joint,BR_calf_joint,FL_calf_joint,FR_calf_joint",330e02f2406e129bb6ed6ec4a6c6bcd5f80d7e7799a2ab087e81eda65d2fae69,"step=000460 mode=stand  vx= 0.000 vy= 0.000 vxy= 0.000 yaw= 0.000 speed=1.00 imu=fake tilt_rp=[-0.0,+0.0]deg imu_corr=0.000 act_max= 0.000 tau_cmd= 10.261 tau_cmd_max= 46.729 cmds=12 bus=can0:12 tau_fb= 6.966 tau_fb_max= 33.506",,,,,,,,,,,,,,,,,,,,,,,,,,,,,,,,,,,,,,,,,,,,,,,,,0.0,0.0,0.0,0.0,0.0,0.0,0.0,0.0,0.0,0.0,0.0,0.0,0.0,0.0,0.0,0.0,0.0,0.0,0.0,0.0,0.0,0.0,0.0,0.0,-0.006903124041855335,-0.009971179068088531,-0.009204166010022163,0.01227222103625536,0.30258694291114807,-0.33441802859306335,0.33058294653892517,-0.33058294653892517,1.1535887718200684,-1.1125534772872925,1.1094855070114136,-1.1094855070114136,0.09018219262361526,0.025177771225571632,-0.03250221163034439,-0.03799554333090782,-0.11444441229104996,0.0787377581000328,-0.0791955292224884,0.005493331700563431,-0.15381328761577606,0.1432843953371048,-0.20187993347644806,0.251777708530426,0.004288173280656338,-0.0040359278209507465,-0.0037836823612451553,0.00479266420006752,0.3259011507034302,-0.32716238498687744,0.3259011507034302,-0.32539668679237366,1.083898901939392,-1.083898901939392,1.0836466550827026,-1.0836466550827026,0.0,0.0,0.0,0.0,0.0,0.0,0.0,0.0,0.0,0.0,0.0,0.0
20260708_192923_786968,2026-07-08T19:29:35.508,11.721125,pose,465,stand,0.0,0.0,0.0,0.0,0.0,0.0,0.0,0.0,1.0,fake,0.0,0.0,-1.0,-0.0,0.0,0.0,0.0,10.799285888671875,46.10603713989258,12,can0:12,7.352824687957764,32.154300689697266,,"BL_hip_joint,BR_hip_joint,FL_hip_joint,FR_hip_joint,BL_thigh_joint,BR_thigh_joint,FL_thigh_joint,FR_thigh_joint,BL_calf_joint,BR_calf_joint,FL_calf_joint,FR_calf_joint",330e02f2406e129bb6ed6ec4a6c6bcd5f80d7e7799a2ab087e81eda65d2fae69,"step=000465 mode=stand  vx= 0.000 vy= 0.000 vxy= 0.000 yaw= 0.000 speed=1.00 imu=fake tilt_rp=[-0.0,+0.0]deg imu_corr=0.000 act_max= 0.000 tau_cmd= 10.799 tau_cmd_max= 46.106 cmds=12 bus=can0:12 tau_fb= 7.353 tau_fb_max= 32.154",,,,,,,,,,,,,,,,,,,,,,,,,,,,,,,,,,,,,,,,,,,,,,,,,0.0,0.0,0.0,0.0,0.0,0.0,0.0,0.0,0.0,0.0,0.0,0.0,0.0,0.0,0.0,0.0,0.0,0.0,0.0,0.0,0.0,0.0,0.0,0.0,-0.007286631036549807,-0.009204166010022163,-0.009204166010022163,0.011888713575899601,0.29146525263786316,-0.32521384954452515,0.3217622935771942,-0.3198447525501251,1.1259762048721313,-1.0860915184020996,1.0811059474945068,-1.0811059474945068,-0.043946653604507446,0.01831110566854477,-0.04028443247079849,-0.04348887503147125,-0.10116885602474213,0.07736442238092422,-0.032959990203380585,0.11535996943712234,-0.19547104835510254,0.20462660491466522,-0.27512437105178833,0.15381328761577606,0.0041743069887161255,-0.0039287591353058815,-0.0036832119803875685,0.004665401764214039,0.31724733114242554,-0.31847506761550903,0.31724733114242554,-0.3167562484741211,1.0551173686981201,-1.0551173686981201,1.054871916770935,-1.054871916770935,0.0,0.0,0.0,0.0,0.0,0.0,0.0,0.0,0.0,0.0,0.0,0.0
20260708_192923_786968,2026-07-08T19:29:35.631,11.844700,pose,470,stand,0.0,0.0,0.0,0.0,0.0,0.0,0.0,0.0,1.0,fake,0.0,0.0,-1.0,-0.0,0.0,0.0,0.0,10.74454402923584,44.74604034423828,12,can0:12,6.813257217407227,31.498764038085938,,"BL_hip_joint,BR_hip_joint,FL_hip_joint,FR_hip_joint,BL_thigh_joint,BR_thigh_joint,FL_thigh_joint,FR_thigh_joint,BL_calf_joint,BR_calf_joint,FL_calf_joint,FR_calf_joint",330e02f2406e129bb6ed6ec4a6c6bcd5f80d7e7799a2ab087e81eda65d2fae69,"step=000470 mode=stand  vx= 0.000 vy= 0.000 vxy= 0.000 yaw= 0.000 speed=1.00 imu=fake tilt_rp=[-0.0,+0.0]deg imu_corr=0.000 act_max= 0.000 tau_cmd= 10.745 tau_cmd_max= 44.746 cmds=12 bus=can0:12 tau_fb= 6.813 tau_fb_max= 31.499",,,,,,,,,,,,,,,,,,,,,,,,,,,,,,,,,,,,,,,,,,,,,,,,,0.0,0.0,0.0,0.0,0.0,0.0,0.0,0.0,0.0,0.0,0.0,0.0,0.0,0.0,0.0,0.0,0.0,0.0,0.0,0.0,0.0,0.0,0.0,0.0,-0.007286631036549807,-0.008053644560277462,-0.009204166010022163,0.01227222103625536,0.28226107358932495,-0.313708633184433,0.31409215927124023,-0.31294164061546326,1.0964462757110596,-1.0592460632324219,1.0519593954086304,-1.0519593954086304,0.014648884534835815,0.025177771225571632,0.06683553755283356,0.010986663401126862,-0.10620441287755966,-0.0009155552834272385,-0.12543107569217682,0.04257332161068916,-0.22339549660682678,0.10437330603599548,-0.24033325910568237,0.20508438348770142,0.0040593501180410385,-0.0038205645978450775,-0.0035817790776491165,0.004536920227110386,0.30851057171821594,-0.3097045123577118,0.30851057171821594,-0.3080330193042755,1.0260603427886963,-1.0260603427886963,1.025821566581726,-1.025821566581726,0.0,0.0,0.0,0.0,0.0,0.0,0.0,0.0,0.0,0.0,0.0,0.0
20260708_192923_786968,2026-07-08T19:29:35.755,11.968642,pose,475,stand,0.0,0.0,0.0,0.0,0.0,0.0,0.0,0.0,1.0,fake,0.0,0.0,-1.0,-0.0,0.0,0.0,0.0,10.701981544494629,45.44649124145508,12,can0:12,6.679280757904053,32.22022247314453,,"BL_hip_joint,BR_hip_joint,FL_hip_joint,FR_hip_joint,BL_thigh_joint,BR_thigh_joint,FL_thigh_joint,FR_thigh_joint,BL_calf_joint,BR_calf_joint,FL_calf_joint,FR_calf_joint",330e02f2406e129bb6ed6ec4a6c6bcd5f80d7e7799a2ab087e81eda65d2fae69,"step=000475 mode=stand  vx= 0.000 vy= 0.000 vxy= 0.000 yaw= 0.000 speed=1.00 imu=fake tilt_rp=[-0.0,+0.0]deg imu_corr=0.000 act_max= 0.000 tau_cmd= 10.702 tau_cmd_max= 45.446 cmds=12 bus=can0:12 tau_fb= 6.679 tau_fb_max= 32.220",,,,,,,,,,,,,,,,,,,,,,,,,,,,,,,,,,,,,,,,,,,,,,,,,0.0,0.0,0.0,0.0,0.0,0.0,0.0,0.0,0.0,0.0,0.0,0.0,0.0,0.0,0.0,0.0,0.0,0.0,0.0,0.0,0.0,0.0,0.0,0.0,-0.006903124041855335,-0.007286631036549807,-0.009204166010022163,0.011888713575899601,0.2761249542236328,-0.3052715063095093,0.30642202496528625,-0.30565500259399414,1.0661492347717285,-1.0324006080627441,1.022429347038269,-1.0228129625320435,0.015564439818263054,0.027466658502817154,-0.06591998040676117,-0.004577776417136192,-0.08056886494159698,0.01235999632626772,-0.09201330691576004,0.14786218106746674,-0.1831110566854477,0.24445326626300812,-0.22888882458209991,0.16205328702926636,0.003943442367017269,-0.0037114748265594244,-0.003479507751762867,0.004407376050949097,0.2997015714645386,-0.3008614182472229,0.2997015714645386,-0.2992376685142517,0.9967629909515381,-0.9967629909515381,0.9965310096740723,-0.9965310096740723,0.0,0.0,0.0,0.0,0.0,0.0,0.0,0.0,0.0,0.0,0.0,0.0
20260708_192923_786968,2026-07-08T19:29:35.879,12.092489,pose,480,stand,0.0,0.0,0.0,0.0,0.0,0.0,0.0,0.0,1.0,fake,0.0,0.0,-1.0,-0.0,0.0,0.0,0.0,10.978534698486328,44.64524459838867,12,can0:12,6.817834854125977,31.509750366210938,,"BL_hip_joint,BR_hip_joint,FL_hip_joint,FR_hip_joint,BL_thigh_joint,BR_thigh_joint,FL_thigh_joint,FR_thigh_joint,BL_calf_joint,BR_calf_joint,FL_calf_joint,FR_calf_joint",330e02f2406e129bb6ed6ec4a6c6bcd5f80d7e7799a2ab087e81eda65d2fae69,"step=000480 mode=stand  vx= 0.000 vy= 0.000 vxy= 0.000 yaw= 0.000 speed=1.00 imu=fake tilt_rp=[-0.0,+0.0]deg imu_corr=0.000 act_max= 0.000 tau_cmd= 10.979 tau_cmd_max= 44.645 cmds=12 bus=can0:12 tau_fb= 6.818 tau_fb_max= 31.510",,,,,,,,,,,,,,,,,,,,,,,,,,,,,,,,,,,,,,,,,,,,,,,,,0.0,0.0,0.0,0.0,0.0,0.0,0.0,0.0,0.0,0.0,0.0,0.0,0.0,0.0,0.0,0.0,0.0,0.0,0.0,0.0,0.0,0.0,0.0,0.0,-0.006903124041855335,-0.006519617512822151,-0.009204166010022163,0.011505207046866417,0.2703723609447479,-0.2987518608570099,0.29530030488967896,-0.29530030488967896,1.035468578338623,-1.005171537399292,0.9928993582725525,-0.9932828545570374,-0.030671102926135063,-0.050355542451143265,0.03250221163034439,0.0027466658502817154,-0.06179998070001602,0.0631733164191246,-0.1190221905708313,0.12405773997306824,-0.18082216382026672,0.12176885455846786,-0.19730216264724731,0.23438215255737305,0.0038267234340310097,-0.0036016220692545176,-0.0033765207044780254,0.004276926163583994,0.29083096981048584,-0.29195648431777954,0.29083096981048584,-0.2903807759284973,0.9672606587409973,-0.9672606587409973,0.9670355319976807,-0.9670355319976807,0.0,0.0,0.0,0.0,0.0,0.0,0.0,0.0,0.0,0.0,0.0,0.0
20260708_192923_786968,2026-07-08T19:29:36.002,12.215764,pose,485,stand,0.0,0.0,0.0,0.0,0.0,0.0,0.0,0.0,1.0,fake,0.0,0.0,-1.0,-0.0,0.0,0.0,0.0,10.510223388671875,43.37949752807617,12,can0:12,6.43696403503418,29.191564559936523,,"BL_hip_joint,BR_hip_joint,FL_hip_joint,FR_hip_joint,BL_thigh_joint,BR_thigh_joint,FL_thigh_joint,FR_thigh_joint,BL_calf_joint,BR_calf_joint,FL_calf_joint,FR_calf_joint",330e02f2406e129bb6ed6ec4a6c6bcd5f80d7e7799a2ab087e81eda65d2fae69,"step=000485 mode=stand  vx= 0.000 vy= 0.000 vxy= 0.000 yaw= 0.000 speed=1.00 imu=fake tilt_rp=[-0.0,+0.0]deg imu_corr=0.000 act_max= 0.000 tau_cmd= 10.510 tau_cmd_max= 43.379 cmds=12 bus=can0:12 tau_fb= 6.437 tau_fb_max= 29.192",,,,,,,,,,,,,,,,,,,,,,,,,,,,,,,,,,,,,,,,,,,,,,,,,0.0,0.0,0.0,0.0,0.0,0.0,0.0,0.0,0.0,0.0,0.0,0.0,0.0,0.0,0.0,0.0,0.0,0.0,0.0,0.0,0.0,0.0,0.0,0.0,-0.006519617512822151,-0.00613611051812768,-0.008820658549666405,0.011505207046866417,0.26155170798301697,-0.29146525263786316,0.287630170583725,-0.28609615564346313,1.0040210485458374,-0.9764085412025452,0.9633693099021912,-0.9637528657913208,0.016937773674726486,0.041657764464616776,-0.03662221133708954,-0.022431105375289917,-0.06729331612586975,0.06042664870619774,-0.10162663459777832,0.028839992359280586,-0.17899106442928314,0.21652881801128387,-0.16251106560230255,0.17990660667419434,0.003709333948791027,-0.0034911376424133778,-0.003272941568866372,0.004145725630223751,0.28190934658050537,-0.2830003499984741,0.28190934658050537,-0.28147298097610474,0.9375886917114258,-0.9375886917114258,0.9373704791069031,-0.9373704791069031,0.0,0.0,0.0,0.0,0.0,0.0,0.0,0.0,0.0,0.0,0.0,0.0
20260708_192923_786968,2026-07-08T19:29:36.126,12.339092,pose,490,stand,0.0,0.0,0.0,0.0,0.0,0.0,0.0,0.0,1.0,fake,0.0,0.0,-1.0,-0.0,0.0,0.0,0.0,11.395472526550293,44.82575607299805,12,can0:12,7.139194965362549,29.653003692626953,,"BL_hip_joint,BR_hip_joint,FL_hip_joint,FR_hip_joint,BL_thigh_joint,BR_thigh_joint,FL_thigh_joint,FR_thigh_joint,BL_calf_joint,BR_calf_joint,FL_calf_joint,FR_calf_joint",330e02f2406e129bb6ed6ec4a6c6bcd5f80d7e7799a2ab087e81eda65d2fae69,"step=000490 mode=stand  vx= 0.000 vy= 0.000 vxy= 0.000 yaw= 0.000 speed=1.00 imu=fake tilt_rp=[-0.0,+0.0]deg imu_corr=0.000 act_max= 0.000 tau_cmd= 11.395 tau_cmd_max= 44.826 cmds=12 bus=can0:12 tau_fb= 7.139 tau_fb_max= 29.653",,,,,,,,,,,,,,,,,,,,,,,,,,,,,,,,,,,,,,,,,,,,,,,,,0.0,0.0,0.0,0.0,0.0,0.0,0.0,0.0,0.0,0.0,0.0,0.0,0.0,0.0,0.0,0.0,0.0,0.0,0.0,0.0,0.0,0.0,0.0,0.0,-0.0057526035234332085,-0.005369096528738737,-0.00613611051812768,0.00843715202063322,0.2519640326499939,-0.28149405121803284,0.2837951183319092,-0.28149405121803284,0.9729570150375366,-0.9468785524368286,0.9418929219245911,-0.937674343585968,-0.026551103219389915,-0.03341776877641678,0.13870662450790405,-0.047151096165180206,-0.0009155552834272385,0.10803552716970444,-0.09933774918317795,0.02609332650899887,-0.11261329799890518,0.17899106442928314,-0.1034577488899231,0.18494217097759247,0.003591412678360939,-0.0033801530953496695,-0.0031688935123384,0.004013931378722191,0.27294737100601196,-0.27400365471839905,0.27294737100601196,-0.2725248336791992,0.9077823758125305,-0.9077823758125305,0.9075711369514465,-0.9075711369514465,0.0,0.0,0.0,0.0,0.0,0.0,0.0,0.0,0.0,0.0,0.0,0.0
20260708_192923_786968,2026-07-08T19:29:36.248,12.461817,pose,495,stand,0.0,0.0,0.0,0.0,0.0,0.0,0.0,0.0,1.0,fake,0.0,0.0,-1.0,-0.0,0.0,0.0,0.0,11.628571510314941,39.67497634887695,12,can0:12,7.517319202423096,26.071352005004883,,"BL_hip_joint,BR_hip_joint,FL_hip_joint,FR_hip_joint,BL_thigh_joint,BR_thigh_joint,FL_thigh_joint,FR_thigh_joint,BL_calf_joint,BR_calf_joint,FL_calf_joint,FR_calf_joint",330e02f2406e129bb6ed6ec4a6c6bcd5f80d7e7799a2ab087e81eda65d2fae69,"step=000495 mode=stand  vx= 0.000 vy= 0.000 vxy= 0.000 yaw= 0.000 speed=1.00 imu=fake tilt_rp=[-0.0,+0.0]deg imu_corr=0.000 act_max= 0.000 tau_cmd= 11.629 tau_cmd_max= 39.675 cmds=12 bus=can0:12 tau_fb= 7.517 tau_fb_max= 26.071",,,,,,,,,,,,,,,,,,,,,,,,,,,,,,,,,,,,,,,,,,,,,,,,,0.0,0.0,0.0,0.0,0.0,0.0,0.0,0.0,0.0,0.0,0.0,0.0,0.0,0.0,0.0,0.0,0.0,0.0,0.0,0.0,0.0,0.0,0.0,0.0,-0.004985589534044266,-0.00421857601031661,-0.0034515620209276676,0.0057526035234332085,0.24697844684123993,-0.27305692434310913,0.279960036277771,-0.27842602133750916,0.9403589367866516,-0.918115496635437,0.9158144593238831,-0.9184990525245667,0.015564439818263054,-0.006408886983990669,-0.025635547935962677,-0.0238044373691082,-0.01831110566854477,0.0874355286359787,-0.03662221133708954,0.0476088747382164,-0.19959105551242828,0.17624439299106598,-0.2229377180337906,0.16937772929668427,0.003473100485280156,-0.0032688004430383444,-0.0030645004007965326,0.003881700336933136,0.26395562291145325,-0.2649771273136139,0.26395562291145325,-0.26354703307151794,0.8778772354125977,-0.8778772354125977,0.8776729106903076,-0.8776729106903076,0.0,0.0,0.0,0.0,0.0,0.0,0.0,0.0,0.0,0.0,0.0,0.0
20260708_192923_786968,2026-07-08T19:29:36.371,12.584666,pose,500,stand,0.0,0.0,0.0,0.0,0.0,0.0,0.0,0.0,1.0,fake,0.0,0.0,-1.0,-0.0,0.0,0.0,0.0,11.966761589050293,36.230403900146484,12,can0:12,8.294931411743164,23.701894760131836,,"BL_hip_joint,BR_hip_joint,FL_hip_joint,FR_hip_joint,BL_thigh_joint,BR_thigh_joint,FL_thigh_joint,FR_thigh_joint,BL_calf_joint,BR_calf_joint,FL_calf_joint,FR_calf_joint",330e02f2406e129bb6ed6ec4a6c6bcd5f80d7e7799a2ab087e81eda65d2fae69,"step=000500 mode=stand  vx= 0.000 vy= 0.000 vxy= 0.000 yaw= 0.000 speed=1.00 imu=fake tilt_rp=[-0.0,+0.0]deg imu_corr=0.000 act_max= 0.000 tau_cmd= 11.967 tau_cmd_max= 36.230 cmds=12 bus=can0:12 tau_fb= 8.295 tau_fb_max= 23.702",,,,,,,,,,,,,,,,,,,,,,,,,,,,,,,,,,,,,,,,,,,,,,,,,0.0,0.0,0.0,0.0,0.0,0.0,0.0,0.0,0.0,0.0,0.0,0.0,0.0,0.0,0.0,0.0,0.0,0.0,0.0,0.0,0.0,0.0,0.0,0.0,-0.004602083005011082,-0.003835069015622139,-0.0026845482643693686,0.00421857601031661,0.2396918088197708,-0.26653730869293213,0.27305692434310913,-0.27574145793914795,0.9066103100776672,-0.8905030488967896,0.8862844705581665,-0.8966391086578369,0.05264442786574364,-0.008697775192558765,0.009155552834272385,-0.00595110934227705,-0.007324442267417908,0.09430219233036041,-0.1190221905708313,0.024262215942144394,-0.21652881801128387,0.2229377180337906,-0.17029328644275665,0.16388440132141113,0.0033545366022735834,-0.0031572110019624233,-0.0029598851688206196,0.0037491878028959036,0.254944771528244,-0.25593140721321106,0.254944771528244,-0.25455012917518616,0.8479084968566895,-0.8479084968566895,0.8477111458778381,-0.8477111458778381,0.0,0.0,0.0,0.0,0.0,0.0,0.0,0.0,0.0,0.0,0.0,0.0
20260708_192923_786968,2026-07-08T19:29:36.494,12.707443,pose,505,stand,0.0,0.0,0.0,0.0,0.0,0.0,0.0,0.0,1.0,fake,0.0,0.0,-1.0,-0.0,0.0,0.0,0.0,12.902853965759277,36.165771484375,12,can0:12,8.37122631072998,22.947477340698242,,"BL_hip_joint,BR_hip_joint,FL_hip_joint,FR_hip_joint,BL_thigh_joint,BR_thigh_joint,FL_thigh_joint,FR_thigh_joint,BL_calf_joint,BR_calf_joint,FL_calf_joint,FR_calf_joint",330e02f2406e129bb6ed6ec4a6c6bcd5f80d7e7799a2ab087e81eda65d2fae69,"step=000505 mode=stand  vx= 0.000 vy= 0.000 vxy= 0.000 yaw= 0.000 speed=1.00 imu=fake tilt_rp=[-0.0,+0.0]deg imu_corr=0.000 act_max= 0.000 tau_cmd= 12.903 tau_cmd_max= 36.166 cmds=12 bus=can0:12 tau_fb= 8.371 tau_fb_max= 22.947",,,,,,,,,,,,,,,,,,,,,,,,,,,,,,,,,,,,,,,,,,,,,,,,,0.0,0.0,0.0,0.0,0.0,0.0,0.0,0.0,0.0,0.0,0.0,0.0,0.0,0.0,0.0,0.0,0.0,0.0,0.0,0.0,0.0,0.0,0.0,0.0,-0.00421857601031661,-0.0034515620209276676,-0.00306805525906384,0.0019175345078110695,0.23163816332817078,-0.259250670671463,0.2650032639503479,-0.2703723609447479,0.8743957281112671,-0.8613564968109131,0.8575214147567749,-0.870177149772644,0.019226660951972008,0.0032044434919953346,0.0238044373691082,-0.02059999480843544,-0.05722220614552498,0.0869777500629425,-0.027924437075853348,0.08560442179441452,-0.17212440073490143,0.17578661441802979,-0.20416882634162903,0.20416882634162903,0.003235861426219344,-0.0030455165542662144,-0.0028551716823130846,0.0036165507044643164,0.2459254413843155,-0.24687716364860535,0.2459254413843155,-0.24554477632045746,0.8179115056991577,-0.8179115056991577,0.8177211880683899,-0.8177211880683899,0.0,0.0,0.0,0.0,0.0,0.0,0.0,0.0,0.0,0.0,0.0,0.0
20260708_192923_786968,2026-07-08T19:29:36.617,12.830311,pose,510,stand,0.0,0.0,0.0,0.0,0.0,0.0,0.0,0.0,1.0,fake,0.0,0.0,-1.0,-0.0,0.0,0.0,0.0,12.611939430236816,33.3570442199707,12,can0:12,8.11670207977295,22.779014587402344,,"BL_hip_joint,BR_hip_joint,FL_hip_joint,FR_hip_joint,BL_thigh_joint,BR_thigh_joint,FL_thigh_joint,FR_thigh_joint,BL_calf_joint,BR_calf_joint,FL_calf_joint,FR_calf_joint",330e02f2406e129bb6ed6ec4a6c6bcd5f80d7e7799a2ab087e81eda65d2fae69,"step=000510 mode=stand  vx= 0.000 vy= 0.000 vxy= 0.000 yaw= 0.000 speed=1.00 imu=fake tilt_rp=[-0.0,+0.0]deg imu_corr=0.000 act_max= 0.000 tau_cmd= 12.612 tau_cmd_max= 33.357 cmds=12 bus=can0:12 tau_fb= 8.117 tau_fb_max= 22.779",,,,,,,,,,,,,,,,,,,,,,,,,,,,,,,,,,,,,,,,,,,,,,,,,0.0,0.0,0.0,0.0,0.0,0.0,0.0,0.0,0.0,0.0,0.0,0.0,0.0,0.0,0.0,0.0,0.0,0.0,0.0,0.0,0.0,0.0,0.0,0.0,-0.003835069015622139,-0.00306805525906384,-0.00306805525906384,0.0011505207512527704,0.22320102155208588,-0.24927948415279388,0.2557991147041321,-0.2600176930427551,0.8437151908874512,-0.8295254111289978,0.8279914259910583,-0.8402636051177979,0.03479110077023506,-0.04211554303765297,-0.051271095871925354,-0.021057771518826485,-0.06042664870619774,0.09247108548879623,-0.02059999480843544,0.1185644119977951,-0.23575548827648163,0.21149326860904694,-0.13138218224048615,0.22843104600906372,0.0031172141898423433,-0.002933848649263382,-0.002750482875853777,0.0034839450381696224,0.23690825700759888,-0.23782509565353394,0.23690825700759888,-0.2365415394306183,0.7879217267036438,-0.7879217267036438,0.7877383232116699,-0.7877383232116699,0.0,0.0,0.0,0.0,0.0,0.0,0.0,0.0,0.0,0.0,0.0,0.0
20260708_192923_786968,2026-07-08T19:29:36.740,12.953807,pose,515,stand,0.0,0.0,0.0,0.0,0.0,0.0,0.0,0.0,1.0,fake,0.0,0.0,-1.0,-0.0,0.0,0.0,0.0,12.291839599609375,33.56521224975586,12,can0:12,8.041016578674316,23.368633270263672,,"BL_hip_joint,BR_hip_joint,FL_hip_joint,FR_hip_joint,BL_thigh_joint,BR_thigh_joint,FL_thigh_joint,FR_thigh_joint,BL_calf_joint,BR_calf_joint,FL_calf_joint,FR_calf_joint",330e02f2406e129bb6ed6ec4a6c6bcd5f80d7e7799a2ab087e81eda65d2fae69,"step=000515 mode=stand  vx= 0.000 vy= 0.000 vxy= 0.000 yaw= 0.000 speed=1.00 imu=fake tilt_rp=[-0.0,+0.0]deg imu_corr=0.000 act_max= 0.000 tau_cmd= 12.292 tau_cmd_max= 33.565 cmds=12 bus=can0:12 tau_fb= 8.041 tau_fb_max= 23.369",,,,,,,,,,,,,,,,,,,,,,,,,,,,,,,,,,,,,,,,,,,,,,,,,0.0,0.0,0.0,0.0,0.0,0.0,0.0,0.0,0.0,0.0,0.0,0.0,0.0,0.0,0.0,0.0,0.0,0.0,0.0,0.0,0.0,0.0,0.0,0.0,-0.003835069015622139,-0.00306805525906384,-0.00306805525906384,0.00153402762953192,0.2136133462190628,-0.2396918088197708,0.2454444169998169,-0.24927948415279388,0.8130346536636353,-0.7999954223632812,0.7973108291625977,-0.8095830678939819,-0.048066653311252594,0.02700888179242611,-0.0032044434919953346,0.032959990203380585,-0.14603106677532196,0.0119022186845541,-0.14877773821353912,0.03250221163034439,-0.2146977186203003,0.20371104776859283,-0.2595599293708801,0.22659993171691895,0.0029987352900207043,-0.002822339069098234,-0.002645942848175764,0.003351527266204357,0.22790387272834778,-0.22878584265708923,0.22790387272834778,-0.22755107283592224,0.75797438621521,-0.75797438621521,0.7577980160713196,-0.7577980160713196,0.0,0.0,0.0,0.0,0.0,0.0,0.0,0.0,0.0,0.0,0.0,0.0
20260708_192923_786968,2026-07-08T19:29:36.864,13.077419,pose,520,stand,0.0,0.0,0.0,0.0,0.0,0.0,0.0,0.0,1.0,fake,0.0,0.0,-1.0,-0.0,0.0,0.0,0.0,11.771315574645996,32.86552810668945,12,can0:12,7.320780277252197,20.735496520996094,,"BL_hip_joint,BR_hip_joint,FL_hip_joint,FR_hip_joint,BL_thigh_joint,BR_thigh_joint,FL_thigh_joint,FR_thigh_joint,BL_calf_joint,BR_calf_joint,FL_calf_joint,FR_calf_joint",330e02f2406e129bb6ed6ec4a6c6bcd5f80d7e7799a2ab087e81eda65d2fae69,"step=000520 mode=stand  vx= 0.000 vy= 0.000 vxy= 0.000 yaw= 0.000 speed=1.00 imu=fake tilt_rp=[-0.0,+0.0]deg imu_corr=0.000 act_max= 0.000 tau_cmd= 11.771 tau_cmd_max= 32.866 cmds=12 bus=can0:12 tau_fb= 7.321 tau_fb_max= 20.735",,,,,,,,,,,,,,,,,,,,,,,,,,,,,,,,,,,,,,,,,,,,,,,,,0.0,0.0,0.0,0.0,0.0,0.0,0.0,0.0,0.0,0.0,0.0,0.0,0.0,0.0,0.0,0.0,0.0,0.0,0.0,0.0,0.0,0.0,0.0,0.0,-0.003835069015622139,-0.00306805525906384,-0.0026845482643693686,0.002301041502505541,0.20594321191310883,-0.2312546670436859,0.23585674166679382,-0.24007532000541687,0.7827376127243042,-0.7696983218193054,0.7666302919387817,-0.7769849896430969,-0.0027466658502817154,-0.021973326802253723,0.03433332219719887,-0.01235999632626772,-0.08835108578205109,0.05951109528541565,-0.08285775035619736,0.08377330750226974,-0.22522659599781036,0.2375866025686264,-0.19272439181804657,0.22385326027870178,0.002880563959479332,-0.002711119130253792,-0.002541674068197608,0.0032194536179304123,0.21892285346984863,-0.21977007389068604,0.21892285346984863,-0.21858397126197815,0.7281048893928528,-0.7281048893928528,0.7279354929924011,-0.7279354929924011,0.0,0.0,0.0,0.0,0.0,0.0,0.0,0.0,0.0,0.0,0.0,0.0
20260708_192923_786968,2026-07-08T19:29:36.987,13.200289,pose,525,stand,0.0,0.0,0.0,0.0,0.0,0.0,0.0,0.0,1.0,fake,0.0,0.0,-1.0,-0.0,0.0,0.0,0.0,11.750094413757324,33.64805221557617,12,can0:12,7.4922943115234375,21.478927612304688,,"BL_hip_joint,BR_hip_joint,FL_hip_joint,FR_hip_joint,BL_thigh_joint,BR_thigh_joint,FL_thigh_joint,FR_thigh_joint,BL_calf_joint,BR_calf_joint,FL_calf_joint,FR_calf_joint",330e02f2406e129bb6ed6ec4a6c6bcd5f80d7e7799a2ab087e81eda65d2fae69,"step=000525 mode=stand  vx= 0.000 vy= 0.000 vxy= 0.000 yaw= 0.000 speed=1.00 imu=fake tilt_rp=[-0.0,+0.0]deg imu_corr=0.000 act_max= 0.000 tau_cmd= 11.750 tau_cmd_max= 33.648 cmds=12 bus=can0:12 tau_fb= 7.492 tau_fb_max= 21.479",,,,,,,,,,,,,,,,,,,,,,,,,,,,,,,,,,,,,,,,,,,,,,,,,0.0,0.0,0.0,0.0,0.0,0.0,0.0,0.0,0.0,0.0,0.0,0.0,0.0,0.0,0.0,0.0,0.0,0.0,0.0,0.0,0.0,0.0,0.0,0.0,-0.003835069015622139,-0.0026845482643693686,-0.0026845482643693686,0.00153402762953192,0.19712254405021667,-0.2220505028963089,0.22626906633377075,-0.22972063720226288,0.7516735196113586,-0.7394012808799744,0.7367167472839355,-0.7470714449882507,0.00045777764171361923,0.010528885759413242,0.07278664410114288,-0.025177771225571632,-0.03250221163034439,-0.03707998991012573,-0.07827997952699661,0.07690664380788803,-0.17624439299106598,0.20783105492591858,-0.2641376852989197,0.24765770137310028,0.0027628405950963497,-0.0026003203820437193,-0.0024378004018217325,0.0030878805555403233,0.20997586846351624,-0.21078848838806152,0.20997586846351624,-0.20965084433555603,0.6983485817909241,-0.6983485817909241,0.6981860399246216,-0.6981860399246216,0.0,0.0,0.0,0.0,0.0,0.0,0.0,0.0,0.0,0.0,0.0,0.0
20260708_192923_786968,2026-07-08T19:29:37.109,13.322714,pose,530,stand,0.0,0.0,0.0,0.0,0.0,0.0,0.0,0.0,1.0,fake,0.0,0.0,-1.0,-0.0,0.0,0.0,0.0,11.35610580444336,31.621015548706055,12,can0:12,7.238379955291748,18.915372848510742,,"BL_hip_joint,BR_hip_joint,FL_hip_joint,FR_hip_joint,BL_thigh_joint,BR_thigh_joint,FL_thigh_joint,FR_thigh_joint,BL_calf_joint,BR_calf_joint,FL_calf_joint,FR_calf_joint",330e02f2406e129bb6ed6ec4a6c6bcd5f80d7e7799a2ab087e81eda65d2fae69,"step=000530 mode=stand  vx= 0.000 vy= 0.000 vxy= 0.000 yaw= 0.000 speed=1.00 imu=fake tilt_rp=[-0.0,+0.0]deg imu_corr=0.000 act_max= 0.000 tau_cmd= 11.356 tau_cmd_max= 31.621 cmds=12 bus=can0:12 tau_fb= 7.238 tau_fb_max= 18.915",,,,,,,,,,,,,,,,,,,,,,,,,,,,,,,,,,,,,,,,,,,,,,,,,0.0,0.0,0.0,0.0,0.0,0.0,0.0,0.0,0.0,0.0,0.0,0.0,0.0,0.0,0.0,0.0,0.0,0.0,0.0,0.0,0.0,0.0,0.0,0.0,-0.0034515620209276676,-0.00306805525906384,-0.0026845482643693686,0.0011505207512527704,0.18791837990283966,-0.21207931637763977,0.2174484133720398,-0.22051647305488586,0.7209929823875427,-0.7098712921142578,0.7079537510871887,-0.7190754413604736,0.04257332161068916,0.05859553813934326,0.05218665301799774,0.025635547935962677,-0.04211554303765297,0.03479110077023506,-0.1519821733236313,0.09933774918317795,-0.2467421442270279,0.1826532781124115,-0.19959105551242828,0.17349772155284882,0.002645704662427306,-0.0024900748394429684,-0.002334445249289274,0.002956963609904051,0.2010735273361206,-0.20185169577598572,0.2010735273361206,-0.2007623016834259,0.6687407493591309,-0.6687407493591309,0.6685851216316223,-0.6685851216316223,0.0,0.0,0.0,0.0,0.0,0.0,0.0,0.0,0.0,0.0,0.0,0.0
20260708_192923_786968,2026-07-08T19:29:37.232,13.445758,pose,535,stand,0.0,0.0,0.0,0.0,0.0,0.0,0.0,0.0,1.0,fake,0.0,0.0,-1.0,-0.0,0.0,0.0,0.0,11.85352611541748,31.43212127685547,12,can0:12,7.441022872924805,19.658803939819336,,"BL_hip_joint,BR_hip_joint,FL_hip_joint,FR_hip_joint,BL_thigh_joint,BR_thigh_joint,FL_thigh_joint,FR_thigh_joint,BL_calf_joint,BR_calf_joint,FL_calf_joint,FR_calf_joint",330e02f2406e129bb6ed6ec4a6c6bcd5f80d7e7799a2ab087e81eda65d2fae69,"step=000535 mode=stand  vx= 0.000 vy= 0.000 vxy= 0.000 yaw= 0.000 speed=1.00 imu=fake tilt_rp=[-0.0,+0.0]deg imu_corr=0.000 act_max= 0.000 tau_cmd= 11.854 tau_cmd_max= 31.432 cmds=12 bus=can0:12 tau_fb= 7.441 tau_fb_max= 19.659",,,,,,,,,,,,,,,,,,,,,,,,,,,,,,,,,,,,,,,,,,,,,,,,,0.0,0.0,0.0,0.0,0.0,0.0,0.0,0.0,0.0,0.0,0.0,0.0,0.0,0.0,0.0,0.0,0.0,0.0,0.0,0.0,0.0,0.0,0.0,0.0,-0.0034515620209276676,-0.0026845482643693686,-0.002301041502505541,0.00153402762953192,0.18024824559688568,-0.2044091820716858,0.2090112566947937,-0.2128463238477707,0.6899288892745972,-0.6799577474594116,0.6776567101478577,-0.6895453929901123,-0.06546220183372498,-0.06408887356519699,0.0718710869550705,0.07644886523485184,0.0398266538977623,0.12085329741239548,-0.04531998559832573,-0.0315866582095623,-0.18127994239330292,0.19180883467197418,-0.26734215021133423,0.21561327576637268,0.0025292965583503246,-0.002380514284595847,-0.0022317322436720133,0.0028268606401979923,0.19222652912139893,-0.1929704248905182,0.19222652912139893,-0.19192898273468018,0.6393169164657593,-0.6393169164657593,0.6391681432723999,-0.6391681432723999,0.0,0.0,0.0,0.0,0.0,0.0,0.0,0.0,0.0,0.0,0.0,0.0
20260708_192923_786968,2026-07-08T19:29:37.355,13.568843,pose,540,stand,0.0,0.0,0.0,0.0,0.0,0.0,0.0,0.0,1.0,fake,0.0,0.0,-1.0,-0.0,0.0,0.0,0.0,11.00838565826416,29.13128089904785,12,can0:12,7.191381454467773,18.71761131286621,,"BL_hip_joint,BR_hip_joint,FL_hip_joint,FR_hip_joint,BL_thigh_joint,BR_thigh_joint,FL_thigh_joint,FR_thigh_joint,BL_calf_joint,BR_calf_joint,FL_calf_joint,FR_calf_joint",330e02f2406e129bb6ed6ec4a6c6bcd5f80d7e7799a2ab087e81eda65d2fae69,"step=000540 mode=stand  vx= 0.000 vy= 0.000 vxy= 0.000 yaw= 0.000 speed=1.00 imu=fake tilt_rp=[-0.0,+0.0]deg imu_corr=0.000 act_max= 0.000 tau_cmd= 11.008 tau_cmd_max= 29.131 cmds=12 bus=can0:12 tau_fb= 7.191 tau_fb_max= 18.718",,,,,,,,,,,,,,,,,,,,,,,,,,,,,,,,,,,,,,,,,,,,,,,,,0.0,0.0,0.0,0.0,0.0,0.0,0.0,0.0,0.0,0.0,0.0,0.0,0.0,0.0,0.0,0.0,0.0,0.0,0.0,0.0,0.0,0.0,0.0,0.0,-0.0034515620209276676,-0.0026845482643693686,-0.002301041502505541,0.00076701381476596,0.17411212623119354,-0.19750605523586273,0.20134112238883972,-0.20555970072746277,0.6588648557662964,-0.6500442028045654,0.6485101580619812,-0.6592483520507812,0.0009155552834272385,-0.06729331612586975,0.01144444104284048,-0.007782219909131527,-0.015106662176549435,0.10437330603599548,-0.08926664292812347,0.07553330808877945,-0.20645771920681,0.21240882575511932,-0.21790215373039246,0.24445326626300812,0.0024137552827596664,-0.0022717698011547327,-0.0021297840867191553,0.0026977267116308212,0.18344539403915405,-0.18415534496307373,0.18344539403915405,-0.1831614375114441,0.610112190246582,-0.610112190246582,0.609970211982727,-0.609970211982727,0.0,0.0,0.0,0.0,0.0,0.0,0.0,0.0,0.0,0.0,0.0,0.0
20260708_192923_786968,2026-07-08T19:29:37.479,13.692036,pose,545,stand,0.0,0.0,0.0,0.0,0.0,0.0,0.0,0.0,1.0,fake,0.0,0.0,-1.0,-0.0,0.0,0.0,0.0,11.829852104187012,30.511600494384766,12,can0:12,6.818750858306885,18.098697662353516,,"BL_hip_joint,BR_hip_joint,FL_hip_joint,FR_hip_joint,BL_thigh_joint,BR_thigh_joint,FL_thigh_joint,FR_thigh_joint,BL_calf_joint,BR_calf_joint,FL_calf_joint,FR_calf_joint",330e02f2406e129bb6ed6ec4a6c6bcd5f80d7e7799a2ab087e81eda65d2fae69,"step=000545 mode=stand  vx= 0.000 vy= 0.000 vxy= 0.000 yaw= 0.000 speed=1.00 imu=fake tilt_rp=[-0.0,+0.0]deg imu_corr=0.000 act_max= 0.000 tau_cmd= 11.830 tau_cmd_max= 30.512 cmds=12 bus=can0:12 tau_fb= 6.819 tau_fb_max= 18.099",,,,,,,,,,,,,,,,,,,,,,,,,,,,,,,,,,,,,,,,,,,,,,,,,0.0,0.0,0.0,0.0,0.0,0.0,0.0,0.0,0.0,0.0,0.0,0.0,0.0,0.0,0.0,0.0,0.0,0.0,0.0,0.0,0.0,0.0,0.0,0.0,-0.0034515620209276676,-0.0026845482643693686,-0.002301041502505541,0.00076701381476596,0.16644199192523956,-0.1894524097442627,0.19290396571159363,-0.19558851420879364,0.6285678148269653,-0.6201306581497192,0.6193636655807495,-0.6293348073959351,-0.054475538432598114,-0.035248879343271255,-0.0009155552834272385,-0.010528885759413242,-0.08606220036745071,0.05310220643877983,0.010071108117699623,0.08468886464834213,-0.19959105551242828,0.24124881625175476,-0.1506088376045227,0.158848837018013,0.002299221698194742,-0.0021639736369252205,-0.0020287251099944115,0.002569718286395073,0.17474085092544556,-0.17541709542274475,0.17474085092544556,-0.17447036504745483,0.5811620950698853,-0.5811620950698853,0.5810269117355347,-0.5810269117355347,0.0,0.0,0.0,0.0,0.0,0.0,0.0,0.0,0.0,0.0,0.0,0.0
20260708_192923_786968,2026-07-08T19:29:37.601,13.814940,pose,550,stand,0.0,0.0,0.0,0.0,0.0,0.0,0.0,0.0,1.0,fake,0.0,0.0,-1.0,-0.0,0.0,0.0,0.0,11.319977760314941,28.832487106323242,12,can0:12,6.930753231048584,18.622394561767578,,"BL_hip_joint,BR_hip_joint,FL_hip_joint,FR_hip_joint,BL_thigh_joint,BR_thigh_joint,FL_thigh_joint,FR_thigh_joint,BL_calf_joint,BR_calf_joint,FL_calf_joint,FR_calf_joint",330e02f2406e129bb6ed6ec4a6c6bcd5f80d7e7799a2ab087e81eda65d2fae69,"step=000550 mode=stand  vx= 0.000 vy= 0.000 vxy= 0.000 yaw= 0.000 speed=1.00 imu=fake tilt_rp=[-0.0,+0.0]deg imu_corr=0.000 act_max= 0.000 tau_cmd= 11.320 tau_cmd_max= 28.832 cmds=12 bus=can0:12 tau_fb= 6.931 tau_fb_max= 18.622",,,,,,,,,,,,,,,,,,,,,,,,,,,,,,,,,,,,,,,,,,,,,,,,,0.0,0.0,0.0,0.0,0.0,0.0,0.0,0.0,0.0,0.0,0.0,0.0,0.0,0.0,0.0,0.0,0.0,0.0,0.0,0.0,0.0,0.0,0.0,0.0,-0.00306805525906384,-0.0026845482643693686,-0.0019175345078110695,0.0011505207512527704,0.1568543165922165,-0.17871421575546265,0.18331630527973175,-0.1856173425912857,0.5986542701721191,-0.5906006097793579,0.590217113494873,-0.5998048186302185,-0.027466658502817154,-0.026551103219389915,0.03707998991012573,0.03387554734945297,-0.07370220124721527,0.08789330720901489,0.032044436782598495,-0.020142216235399246,-0.28061768412590027,0.17120884358882904,-0.18585772812366486,0.18723104894161224,0.002185835037380457,-0.002057256642729044,-0.0019286780152469873,0.00244299229234457,0.16612347960472107,-0.16676637530326843,0.16612347960472107,-0.16586631536483765,0.5525020360946655,-0.5525020360946655,0.5523734092712402,-0.5523734092712402,0.0,0.0,0.0,0.0,0.0,0.0,0.0,0.0,0.0,0.0,0.0,0.0
20260708_192923_786968,2026-07-08T19:29:37.724,13.937272,pose,555,stand,0.0,0.0,0.0,0.0,0.0,0.0,0.0,0.0,1.0,fake,0.0,0.0,-1.0,-0.0,0.0,0.0,0.0,10.687417030334473,30.55893325805664,12,can0:12,6.757408142089844,17.09891128540039,,"BL_hip_joint,BR_hip_joint,FL_hip_joint,FR_hip_joint,BL_thigh_joint,BR_thigh_joint,FL_thigh_joint,FR_thigh_joint,BL_calf_joint,BR_calf_joint,FL_calf_joint,FR_calf_joint",330e02f2406e129bb6ed6ec4a6c6bcd5f80d7e7799a2ab087e81eda65d2fae69,"step=000555 mode=stand  vx= 0.000 vy= 0.000 vxy= 0.000 yaw= 0.000 speed=1.00 imu=fake tilt_rp=[-0.0,+0.0]deg imu_corr=0.000 act_max= 0.000 tau_cmd= 10.687 tau_cmd_max= 30.559 cmds=12 bus=can0:12 tau_fb= 6.757 tau_fb_max= 17.099",,,,,,,,,,,,,,,,,,,,,,,,,,,,,,,,,,,,,,,,,,,,,,,,,0.0,0.0,0.0,0.0,0.0,0.0,0.0,0.0,0.0,0.0,0.0,0.0,0.0,0.0,0.0,0.0,0.0,0.0,0.0,0.0,0.0,0.0,0.0,0.0,-0.0026845482643693686,-0.002301041502505541,-0.002301041502505541,0.00076701381476596,0.14880067110061646,-0.1698935627937317,0.17334511876106262,-0.17564615607261658,0.5695077180862427,-0.562221109867096,0.5614541172981262,-0.570658266544342,0.010528885759413242,-0.020142216235399246,-0.04989776387810707,0.001831110566854477,-0.021057771518826485,0.10711997002363205,-0.09796441346406937,0.00595110934227705,-0.21835993230342865,0.18127994239330292,-0.17670217156410217,0.12222663313150406,0.0020737354643642902,-0.0019517508335411549,-0.0018297666683793068,0.0023177042603492737,0.1576038897037506,-0.15821382403373718,0.1576038897037506,-0.15735992789268494,0.5241671800613403,-0.5241671800613403,0.5240451097488403,-0.5240451097488403,0.0,0.0,0.0,0.0,0.0,0.0,0.0,0.0,0.0,0.0,0.0,0.0
20260708_192923_786968,2026-07-08T19:29:37.847,14.060478,pose,560,stand,0.0,0.0,0.0,0.0,0.0,0.0,0.0,0.0,1.0,fake,0.0,0.0,-1.0,-0.0,0.0,0.0,0.0,10.616162300109863,26.831716537475586,12,can0:12,6.297799587249756,15.824457168579102,,"BL_hip_joint,BR_hip_joint,FL_hip_joint,FR_hip_joint,BL_thigh_joint,BR_thigh_joint,FL_thigh_joint,FR_thigh_joint,BL_calf_joint,BR_calf_joint,FL_calf_joint,FR_calf_joint",330e02f2406e129bb6ed6ec4a6c6bcd5f80d7e7799a2ab087e81eda65d2fae69,"step=000560 mode=stand  vx= 0.000 vy= 0.000 vxy= 0.000 yaw= 0.000 speed=1.00 imu=fake tilt_rp=[-0.0,+0.0]deg imu_corr=0.000 act_max= 0.000 tau_cmd= 10.616 tau_cmd_max= 26.832 cmds=12 bus=can0:12 tau_fb= 6.298 tau_fb_max= 15.824",,,,,,,,,,,,,,,,,,,,,,,,,,,,,,,,,,,,,,,,,,,,,,,,,0.0,0.0,0.0,0.0,0.0,0.0,0.0,0.0,0.0,0.0,0.0,0.0,0.0,0.0,0.0,0.0,0.0,0.0,0.0,0.0,0.0,0.0,0.0,0.0,-0.00306805525906384,-0.0026845482643693686,-0.0019175345078110695,0.00076701381476596,0.1418975591659546,-0.16299043595790863,0.16490796208381653,-0.16720901429653168,0.5395942330360413,-0.5334581136703491,0.5323075652122498,-0.5418952703475952,0.08056886494159698,-0.09109774976968765,0.02609332650899887,0.001831110566854477,-0.038453321903944016,-0.021973326802253723,-0.04348887503147125,0.0196844395250082,-0.158848837018013,0.20142216980457306,-0.21195104718208313,0.21561327576637268,0.001963062211871147,-0.0018475879915058613,-0.0017321137711405754,0.002194010652601719,0.1491927206516266,-0.1497701108455658,0.1491927206516266,-0.14896178245544434,0.49619293212890625,-0.49619293212890625,0.49607741832733154,-0.49607741832733154,0.0,0.0,0.0,0.0,0.0,0.0,0.0,0.0,0.0,0.0,0.0,0.0
20260708_192923_786968,2026-07-08T19:29:37.970,14.183317,pose,565,stand,0.0,0.0,0.0,0.0,0.0,0.0,0.0,0.0,1.0,fake,0.0,0.0,-1.0,-0.0,0.0,0.0,0.0,9.787261962890625,25.18663215637207,12,can0:12,6.16840124130249,16.132083892822266,,"BL_hip_joint,BR_hip_joint,FL_hip_joint,FR_hip_joint,BL_thigh_joint,BR_thigh_joint,FL_thigh_joint,FR_thigh_joint,BL_calf_joint,BR_calf_joint,FL_calf_joint,FR_calf_joint",330e02f2406e129bb6ed6ec4a6c6bcd5f80d7e7799a2ab087e81eda65d2fae69,"step=000565 mode=stand  vx= 0.000 vy= 0.000 vxy= 0.000 yaw= 0.000 speed=1.00 imu=fake tilt_rp=[-0.0,+0.0]deg imu_corr=0.000 act_max= 0.000 tau_cmd= 9.787 tau_cmd_max= 25.187 cmds=12 bus=can0:12 tau_fb= 6.168 tau_fb_max= 16.132",,,,,,,,,,,,,,,,,,,,,,,,,,,,,,,,,,,,,,,,,,,,,,,,,0.0,0.0,0.0,0.0,0.0,0.0,0.0,0.0,0.0,0.0,0.0,0.0,0.0,0.0,0.0,0.0,0.0,0.0,0.0,0.0,0.0,0.0,0.0,0.0,-0.0026845482643693686,-0.002301041502505541,-0.0019175345078110695,0.0011505207512527704,0.1353779286146164,-0.1549367904663086,0.1568543165922165,-0.15838834643363953,0.5100641846656799,-0.5050786137580872,0.5039280652999878,-0.5131322145462036,0.07278664410114288,0.03891110047698021,-0.05218665301799774,0.00045777764171361923,-0.051271095871925354,0.03433332219719887,-0.0553910955786705,0.08468886464834213,-0.16388440132141113,0.15564440190792084,-0.20416882634162903,0.2389599233865738,0.0018539559096097946,-0.0017448998987674713,-0.0016358434222638607,0.0020720683969557285,0.1409006416797638,-0.14144593477249146,0.1409006416797638,-0.14068254828453064,0.46861469745635986,-0.46861469745635986,0.4685056209564209,-0.4685056209564209,0.0,0.0,0.0,0.0,0.0,0.0,0.0,0.0,0.0,0.0,0.0,0.0
20260708_192923_786968,2026-07-08T19:29:38.093,14.306098,pose,570,stand,0.0,0.0,0.0,0.0,0.0,0.0,0.0,0.0,1.0,fake,0.0,0.0,-1.0,-0.0,0.0,0.0,0.0,9.793448448181152,27.00875473022461,12,can0:12,6.144596576690674,16.567888259887695,,"BL_hip_joint,BR_hip_joint,FL_hip_joint,FR_hip_joint,BL_thigh_joint,BR_thigh_joint,FL_thigh_joint,FR_thigh_joint,BL_calf_joint,BR_calf_joint,FL_calf_joint,FR_calf_joint",330e02f2406e129bb6ed6ec4a6c6bcd5f80d7e7799a2ab087e81eda65d2fae69,"step=000570 mode=stand  vx= 0.000 vy= 0.000 vxy= 0.000 yaw= 0.000 speed=1.00 imu=fake tilt_rp=[-0.0,+0.0]deg imu_corr=0.000 act_max= 0.000 tau_cmd= 9.793 tau_cmd_max= 27.009 cmds=12 bus=can0:12 tau_fb= 6.145 tau_fb_max= 16.568",,,,,,,,,,,,,,,,,,,,,,,,,,,,,,,,,,,,,,,,,,,,,,,,,0.0,0.0,0.0,0.0,0.0,0.0,0.0,0.0,0.0,0.0,0.0,0.0,0.0,0.0,0.0,0.0,0.0,0.0,0.0,0.0,0.0,0.0,0.0,0.0,-0.0026845482643693686,-0.002301041502505541,-0.0019175345078110695,0.00076701381476596,0.12655727565288544,-0.14496560394763947,0.1484171748161316,-0.1484171748161316,0.4816846549510956,-0.47708258032798767,0.47708258032798767,-0.48590323328971863,0.017853328958153725,-0.06958220154047012,0.03707998991012573,0.0032044434919953346,-0.06500442326068878,0.05859553813934326,-0.04531998559832573,0.06775109469890594,-0.15610218048095703,0.21195104718208313,-0.2302621603012085,0.17761772871017456,0.001746556255966425,-0.0016438174061477184,-0.0015410790219902992,0.0019520330242812634,0.13273826241493225,-0.13325196504592896,0.13273826241493225,-0.1325327754020691,0.4414677619934082,-0.4414677619934082,0.44136500358581543,-0.44136500358581543,0.0,0.0,0.0,0.0,0.0,0.0,0.0,0.0,0.0,0.0,0.0,0.0
20260708_192923_786968,2026-07-08T19:29:38.215,14.428758,pose,575,stand,0.0,0.0,0.0,0.0,0.0,0.0,0.0,0.0,1.0,fake,0.0,0.0,-1.0,-0.0,0.0,0.0,0.0,9.46877384185791,26.76789093017578,12,can0:12,5.765861988067627,16.1577205657959,,"BL_hip_joint,BR_hip_joint,FL_hip_joint,FR_hip_joint,BL_thigh_joint,BR_thigh_joint,FL_thigh_joint,FR_thigh_joint,BL_calf_joint,BR_calf_joint,FL_calf_joint,FR_calf_joint",330e02f2406e129bb6ed6ec4a6c6bcd5f80d7e7799a2ab087e81eda65d2fae69,"step=000575 mode=stand  vx= 0.000 vy= 0.000 vxy= 0.000 yaw= 0.000 speed=1.00 imu=fake tilt_rp=[-0.0,+0.0]deg imu_corr=0.000 act_max= 0.000 tau_cmd= 9.469 tau_cmd_max= 26.768 cmds=12 bus=can0:12 tau_fb= 5.766 tau_fb_max= 16.158",,,,,,,,,,,,,,,,,,,,,,,,,,,,,,,,,,,,,,,,,,,,,,,,,0.0,0.0,0.0,0.0,0.0,0.0,0.0,0.0,0.0,0.0,0.0,0.0,0.0,0.0,0.0,0.0,0.0,0.0,0.0,0.0,0.0,0.0,0.0,0.0,-0.0026845482643693686,-0.002301041502505541,-0.00153402762953192,0.00076701381476596,0.11773661524057388,-0.1353779286146164,0.14113053679466248,-0.14304807782173157,0.4544556736946106,-0.4506206214427948,0.4498535990715027,-0.45752373337745667,0.0398266538977623,-0.04257332161068916,-0.05493331700563431,-0.015106662176549435,-0.0714133158326149,0.010528885759413242,-0.10940885543823242,0.1272621899843216,-0.21790215373039246,0.18402661383152008,-0.24124881625175476,0.14877773821353912,0.0016410024836659431,-0.001544472761452198,-0.001447943039238453,0.001834061462432146,0.12471616268157959,-0.12519881129264832,0.12471616268157959,-0.12452313303947449,0.41478753089904785,-0.41478753089904785,0.4146909713745117,-0.4146909713745117,0.0,0.0,0.0,0.0,0.0,0.0,0.0,0.0,0.0,0.0,0.0,0.0
20260708_192923_786968,2026-07-08T19:29:38.338,14.551272,pose,580,stand,0.0,0.0,0.0,0.0,0.0,0.0,0.0,0.0,1.0,fake,0.0,0.0,-1.0,-0.0,0.0,0.0,0.0,8.855398178100586,23.81158447265625,12,can0:12,5.859858989715576,16.381114959716797,,"BL_hip_joint,BR_hip_joint,FL_hip_joint,FR_hip_joint,BL_thigh_joint,BR_thigh_joint,FL_thigh_joint,FR_thigh_joint,BL_calf_joint,BR_calf_joint,FL_calf_joint,FR_calf_joint",330e02f2406e129bb6ed6ec4a6c6bcd5f80d7e7799a2ab087e81eda65d2fae69,"step=000580 mode=stand  vx= 0.000 vy= 0.000 vxy= 0.000 yaw= 0.000 speed=1.00 imu=fake tilt_rp=[-0.0,+0.0]deg imu_corr=0.000 act_max= 0.000 tau_cmd= 8.855 tau_cmd_max= 23.812 cmds=12 bus=can0:12 tau_fb= 5.860 tau_fb_max= 16.381",,,,,,,,,,,,,,,,,,,,,,,,,,,,,,,,,,,,,,,,,,,,,,,,,0.0,0.0,0.0,0.0,0.0,0.0,0.0,0.0,0.0,0.0,0.0,0.0,0.0,0.0,0.0,0.0,0.0,0.0,0.0,0.0,0.0,0.0,0.0,0.0,-0.0026845482643693686,-0.0019175345078110695,-0.00153402762953192,0.00076701381476596,0.10968297719955444,-0.12732429802417755,0.1315428614616394,-0.13422740995883942,0.4276101887226105,-0.42415863275527954,0.42300811409950256,-0.42991122603416443,0.017853328958153725,0.0119022186845541,0.026551103219389915,-0.009155552834272385,-0.03662221133708954,0.05493331700563431,-0.09201330691576004,0.13183996081352234,-0.1510666161775589,0.18631550669670105,-0.1991332769393921,0.2142399400472641,0.0015374352224171162,-0.0014469977468252182,-0.0013565602712333202,0.0017183097079396248,0.11684507131576538,-0.11729726195335388,0.11684507131576538,-0.11666420102119446,0.3886094093322754,-0.3886094093322754,0.38851892948150635,-0.38851892948150635,0.0,0.0,0.0,0.0,0.0,0.0,0.0,0.0,0.0,0.0,0.0,0.0
20260708_192923_786968,2026-07-08T19:29:38.460,14.673669,pose,585,stand,0.0,0.0,0.0,0.0,0.0,0.0,0.0,0.0,1.0,fake,0.0,0.0,-1.0,-0.0,0.0,0.0,0.0,8.956700325012207,26.35259246826172,12,can0:12,5.827203750610352,15.725577354431152,,"BL_hip_joint,BR_hip_joint,FL_hip_joint,FR_hip_joint,BL_thigh_joint,BR_thigh_joint,FL_thigh_joint,FR_thigh_joint,BL_calf_joint,BR_calf_joint,FL_calf_joint,FR_calf_joint",330e02f2406e129bb6ed6ec4a6c6bcd5f80d7e7799a2ab087e81eda65d2fae69,"step=000585 mode=stand  vx= 0.000 vy= 0.000 vxy= 0.000 yaw= 0.000 speed=1.00 imu=fake tilt_rp=[-0.0,+0.0]deg imu_corr=0.000 act_max= 0.000 tau_cmd= 8.957 tau_cmd_max= 26.353 cmds=12 bus=can0:12 tau_fb= 5.827 tau_fb_max= 15.726",,,,,,,,,,,,,,,,,,,,,,,,,,,,,,,,,,,,,,,,,,,,,,,,,0.0,0.0,0.0,0.0,0.0,0.0,0.0,0.0,0.0,0.0,0.0,0.0,0.0,0.0,0.0,0.0,0.0,0.0,0.0,0.0,0.0,0.0,0.0,0.0,-0.002301041502505541,-0.002301041502505541,-0.00153402762953192,0.00076701381476596,0.10239633917808533,-0.11773661524057388,0.12310571223497391,-0.12463974207639694,0.40076470375061035,-0.39692965149879456,0.39616262912750244,-0.40344926714897156,0.03479110077023506,0.02929776906967163,-0.019226660951972008,0.021973326802253723,0.013275551609694958,0.09384441375732422,-0.025177771225571632,0.11352885514497757,-0.10666219145059586,0.1661732792854309,-0.11673329770565033,0.11307107657194138,0.0014359941706061363,-0.0013515236787497997,-0.0012670536525547504,0.001604934222996235,0.10913553833961487,-0.10955789685249329,0.10913553833961487,-0.10896661877632141,0.3629685640335083,-0.3629685640335083,0.36288416385650635,-0.36288416385650635,0.0,0.0,0.0,0.0,0.0,0.0,0.0,0.0,0.0,0.0,0.0,0.0
20260708_192923_786968,2026-07-08T19:29:38.583,14.796243,pose,590,stand,0.0,0.0,0.0,0.0,0.0,0.0,0.0,0.0,1.0,fake,0.0,0.0,-1.0,-0.0,0.0,0.0,0.0,8.143848419189453,21.43764877319336,12,can0:12,5.529343128204346,13.715018272399902,,"BL_hip_joint,BR_hip_joint,FL_hip_joint,FR_hip_joint,BL_thigh_joint,BR_thigh_joint,FL_thigh_joint,FR_thigh_joint,BL_calf_joint,BR_calf_joint,FL_calf_joint,FR_calf_joint",330e02f2406e129bb6ed6ec4a6c6bcd5f80d7e7799a2ab087e81eda65d2fae69,"step=000590 mode=stand  vx= 0.000 vy= 0.000 vxy= 0.000 yaw= 0.000 speed=1.00 imu=fake tilt_rp=[-0.0,+0.0]deg imu_corr=0.000 act_max= 0.000 tau_cmd= 8.144 tau_cmd_max= 21.438 cmds=12 bus=can0:12 tau_fb= 5.529 tau_fb_max= 13.715",,,,,,,,,,,,,,,,,,,,,,,,,,,,,,,,,,,,,,,,,,,,,,,,,0.0,0.0,0.0,0.0,0.0,0.0,0.0,0.0,0.0,0.0,0.0,0.0,0.0,0.0,0.0,0.0,0.0,0.0,0.0,0.0,0.0,0.0,0.0,0.0,-0.002301041502505541,-0.0019175345078110695,-0.00153402762953192,0.00076701381476596,0.09510970860719681,-0.10929946601390839,0.11581908166408539,-0.1165860965847969,0.37353572249412537,-0.3712346851825714,0.37008416652679443,-0.37737080454826355,0.0032044434919953346,0.04119998961687088,-0.03341776877641678,-0.028839992359280586,-0.010071108117699623,0.04028443247079849,-0.05859553813934326,0.11307107657194138,-0.1748710572719574,0.21973326802253723,-0.17761772871017456,0.22843104600906372,0.0013368185609579086,-0.0012581818737089634,-0.0011795456521213055,0.0014940910041332245,0.10159820318222046,-0.10199138522148132,0.10159820318222046,-0.10144093632698059,0.3379005193710327,-0.3379005193710327,0.3378218412399292,-0.3378218412399292,0.0,0.0,0.0,0.0,0.0,0.0,0.0,0.0,0.0,0.0,0.0,0.0
20260708_192923_786968,2026-07-08T19:29:38.706,14.919065,pose,595,stand,0.0,0.0,0.0,0.0,0.0,0.0,0.0,0.0,1.0,fake,0.0,0.0,-1.0,-0.0,0.0,0.0,0.0,8.01888656616211,21.56028175354004,12,can0:12,5.172276973724365,14.198431015014648,,"BL_hip_joint,BR_hip_joint,FL_hip_joint,FR_hip_joint,BL_thigh_joint,BR_thigh_joint,FL_thigh_joint,FR_thigh_joint,BL_calf_joint,BR_calf_joint,FL_calf_joint,FR_calf_joint",330e02f2406e129bb6ed6ec4a6c6bcd5f80d7e7799a2ab087e81eda65d2fae69,"step=000595 mode=stand  vx= 0.000 vy= 0.000 vxy= 0.000 yaw= 0.000 speed=1.00 imu=fake tilt_rp=[-0.0,+0.0]deg imu_corr=0.000 act_max= 0.000 tau_cmd= 8.019 tau_cmd_max= 21.560 cmds=12 bus=can0:12 tau_fb= 5.172 tau_fb_max= 14.198",,,,,,,,,,,,,,,,,,,,,,,,,,,,,,,,,,,,,,,,,,,,,,,,,0.0,0.0,0.0,0.0,0.0,0.0,0.0,0.0,0.0,0.0,0.0,0.0,0.0,0.0,0.0,0.0,0.0,0.0,0.0,0.0,0.0,0.0,0.0,0.0,-0.002301041502505541,-0.0019175345078110695,-0.00153402762953192,0.00076701381476596,0.08782307803630829,-0.10277985036373138,0.10853245109319687,-0.10929946601390839,0.34745725989341736,-0.3463067412376404,0.34553971886634827,-0.35244283080101013,0.026551103219389915,-0.007782219909131527,-0.050355542451143265,0.002288888208568096,-0.03891110047698021,0.0709555372595787,0.017853328958153725,0.07278664410114288,-0.22431103885173798,0.22797326743602753,-0.20325326919555664,0.2151554971933365,0.0012400485575199127,-0.0011671045795083046,-0.0010941606014966965,0.001385936513543129,0.09424367547035217,-0.09460839629173279,0.09424367547035217,-0.0940977931022644,0.31344056129455566,-0.31344056129455566,0.3133676052093506,-0.3133676052093506,0.0,0.0,0.0,0.0,0.0,0.0,0.0,0.0,0.0,0.0,0.0,0.0
20260708_192923_786968,2026-07-08T19:29:38.828,15.041749,pose,600,stand,0.0,0.0,0.0,0.0,0.0,0.0,0.0,0.0,1.0,fake,0.0,0.0,-1.0,-0.0,0.0,0.0,0.0,8.50338077545166,21.258934020996094,12,can0:12,4.983367443084717,14.0922269821167,,"BL_hip_joint,BR_hip_joint,FL_hip_joint,FR_hip_joint,BL_thigh_joint,BR_thigh_joint,FL_thigh_joint,FR_thigh_joint,BL_calf_joint,BR_calf_joint,FL_calf_joint,FR_calf_joint",330e02f2406e129bb6ed6ec4a6c6bcd5f80d7e7799a2ab087e81eda65d2fae69,"step=000600 mode=stand  vx= 0.000 vy= 0.000 vxy= 0.000 yaw= 0.000 speed=1.00 imu=fake tilt_rp=[-0.0,+0.0]deg imu_corr=0.000 act_max= 0.000 tau_cmd= 8.503 tau_cmd_max= 21.259 cmds=12 bus=can0:12 tau_fb= 4.983 tau_fb_max= 14.092",,,,,,,,,,,,,,,,,,,,,,,,,,,,,,,,,,,,,,,,,,,,,,,,,0.0,0.0,0.0,0.0,0.0,0.0,0.0,0.0,0.0,0.0,0.0,0.0,0.0,0.0,0.0,0.0,0.0,0.0,0.0,0.0,0.0,0.0,0.0,0.0,-0.002301041502505541,-0.0019175345078110695,-0.00153402762953192,0.00076701381476596,0.08168696612119675,-0.09626023471355438,0.10009530186653137,-0.10086231678724289,0.32252931594848633,-0.3217622935771942,0.3209952712059021,-0.32713139057159424,0.016022218391299248,-0.03250221163034439,-0.1597643941640854,-0.032959990203380585,-0.03891110047698021,0.05767998471856117,-0.04211554303765297,0.06729331612586975,-0.14007996022701263,0.16251106560230255,-0.22705771028995514,0.19226661324501038,0.0011458247900009155,-0.0010784235782921314,-0.00101102190092206,0.001280627679079771,0.08708268404006958,-0.08741968870162964,0.08708268404006958,-0.08694788813591003,0.28962409496307373,-0.28962409496307373,0.289556622505188,-0.289556622505188,0.0,0.0,0.0,0.0,0.0,0.0,0.0,0.0,0.0,0.0,0.0,0.0
20260708_192923_786968,2026-07-08T19:29:38.949,15.162383,pose,605,stand,0.0,0.0,0.0,0.0,0.0,0.0,0.0,0.0,1.0,fake,0.0,0.0,-1.0,-0.0,0.0,0.0,0.0,8.247133255004883,24.492033004760742,12,can0:12,4.800866603851318,14.78072452545166,,"BL_hip_joint,BR_hip_joint,FL_hip_joint,FR_hip_joint,BL_thigh_joint,BR_thigh_joint,FL_thigh_joint,FR_thigh_joint,BL_calf_joint,BR_calf_joint,FL_calf_joint,FR_calf_joint",330e02f2406e129bb6ed6ec4a6c6bcd5f80d7e7799a2ab087e81eda65d2fae69,"step=000605 mode=stand  vx= 0.000 vy= 0.000 vxy= 0.000 yaw= 0.000 speed=1.00 imu=fake tilt_rp=[-0.0,+0.0]deg imu_corr=0.000 act_max= 0.000 tau_cmd= 8.247 tau_cmd_max= 24.492 cmds=12 bus=can0:12 tau_fb= 4.801 tau_fb_max= 14.781",,,,,,,,,,,,,,,,,,,,,,,,,,,,,,,,,,,,,,,,,,,,,,,,,0.0,0.0,0.0,0.0,0.0,0.0,0.0,0.0,0.0,0.0,0.0,0.0,0.0,0.0,0.0,0.0,0.0,0.0,0.0,0.0,0.0,0.0,0.0,0.0,-0.002301041502505541,-0.0019175345078110695,-0.00153402762953192,0.00076701381476596,0.0755508616566658,-0.08820658922195435,0.09204165637493134,-0.09165815263986588,0.2987518608570099,-0.2976013422012329,0.2968343496322632,-0.30297043919563293,0.032044436782598495,-0.06958220154047012,-0.012817773967981339,0.0238044373691082,-0.11627551913261414,0.12085329741239548,-0.02151555009186268,0.03707998991012573,-0.17120884358882904,0.16846217215061188,-0.1744132786989212,0.08102664351463318,0.0010542860254645348,-0.00099226925522089,-0.0009302524849772453,0.0011783195659518242,0.08012571930885315,-0.08043581247329712,0.08012571930885315,-0.08000171184539795,0.2664862871170044,-0.2664862871170044,0.266424298286438,-0.266424298286438,0.0,0.0,0.0,0.0,0.0,0.0,0.0,0.0,0.0,0.0,0.0,0.0
20260708_192923_786968,2026-07-08T19:29:39.063,15.276760,pose,610,stand,0.0,0.0,0.0,0.0,0.0,0.0,0.0,0.0,1.0,fake,0.0,0.0,-1.0,-0.0,0.0,0.0,0.0,7.390937805175781,20.776052474975586,12,can0:12,4.5933403968811035,12.902005195617676,,"BL_hip_joint,BR_hip_joint,FL_hip_joint,FR_hip_joint,BL_thigh_joint,BR_thigh_joint,FL_thigh_joint,FR_thigh_joint,BL_calf_joint,BR_calf_joint,FL_calf_joint,FR_calf_joint",330e02f2406e129bb6ed6ec4a6c6bcd5f80d7e7799a2ab087e81eda65d2fae69,"step=000610 mode=stand  vx= 0.000 vy= 0.000 vxy= 0.000 yaw= 0.000 speed=1.00 imu=fake tilt_rp=[-0.0,+0.0]deg imu_corr=0.000 act_max= 0.000 tau_cmd= 7.391 tau_cmd_max= 20.776 cmds=12 bus=can0:12 tau_fb= 4.593 tau_fb_max= 12.902",,,,,,,,,,,,,,,,,,,,,,,,,,,,,,,,,,,,,,,,,,,,,,,,,0.0,0.0,0.0,0.0,0.0,0.0,0.0,0.0,0.0,0.0,0.0,0.0,0.0,0.0,0.0,0.0,0.0,0.0,0.0,0.0,0.0,0.0,0.0,0.0,-0.002301041502505541,-0.00153402762953192,-0.0011505207512527704,0.0011505207512527704,0.06941474974155426,-0.07976943254470825,0.08513852953910828,-0.0839880108833313,0.2753579616546631,-0.27497443556785583,0.2742074429988861,-0.28034353256225586,-0.059968870133161545,0.035248879343271255,0.01831110566854477,-0.014648884534835815,0.0032044434919953346,0.06088442727923393,-0.06912442296743393,0.01235999632626772,-0.16891995072364807,0.22385326027870178,-0.1277199685573578,0.17990660667419434,0.0009655728936195374,-0.0009087743237614632,-0.0008519762195646763,0.0010791695676743984,0.07338353991508484,-0.07366752624511719,0.07338353991508484,-0.07326993346214294,0.24406278133392334,-0.24406278133392334,0.24400591850280762,-0.24400591850280762,0.0,0.0,0.0,0.0,0.0,0.0,0.0,0.0,0.0,0.0,0.0,0.0
20260708_192923_786968,2026-07-08T19:29:39.181,15.394327,pose,615,stand,0.0,0.0,0.0,0.0,0.0,0.0,0.0,0.0,1.0,fake,0.0,0.0,-1.0,-0.0,0.0,0.0,0.0,7.566171169281006,21.68914222717285,12,can0:12,4.4175543785095215,13.147374153137207,,"BL_hip_joint,BR_hip_joint,FL_hip_joint,FR_hip_joint,BL_thigh_joint,BR_thigh_joint,FL_thigh_joint,FR_thigh_joint,BL_calf_joint,BR_calf_joint,FL_calf_joint,FR_calf_joint",330e02f2406e129bb6ed6ec4a6c6bcd5f80d7e7799a2ab087e81eda65d2fae69,"step=000615 mode=stand  vx= 0.000 vy= 0.000 vxy= 0.000 yaw= 0.000 speed=1.00 imu=fake tilt_rp=[-0.0,+0.0]deg imu_corr=0.000 act_max= 0.000 tau_cmd= 7.566 tau_cmd_max= 21.689 cmds=12 bus=can0:12 tau_fb= 4.418 tau_fb_max= 13.147",,,,,,,,,,,,,,,,,,,,,,,,,,,,,,,,,,,,,,,,,,,,,,,,,0.0,0.0,0.0,0.0,0.0,0.0,0.0,0.0,0.0,0.0,0.0,0.0,0.0,0.0,0.0,0.0,0.0,0.0,0.0,0.0,0.0,0.0,0.0,0.0,-0.0019175345078110695,-0.00153402762953192,-0.0011505207512527704,0.0011505207512527704,0.06289513409137726,-0.07324981689453125,0.07823541015386581,-0.07708488404750824,0.25158053636550903,-0.252731055021286,0.25234752893447876,-0.2577166259288788,-0.06042664870619774,0.00595110934227705,-0.01739555038511753,-0.010528885759413242,-0.001831110566854477,0.010528885759413242,-0.0238044373691082,0.0553910955786705,-0.18723104894161224,0.11352885514497757,-0.1583910584449768,0.1345866322517395,0.0008798246271908283,-0.0008280701003968716,-0.0007763155736029148,0.0009833332151174545,0.0668666660785675,-0.06712543964385986,0.0668666660785675,-0.06676316261291504,0.2223886251449585,-0.2223886251449585,0.22233688831329346,-0.22233688831329346,0.0,0.0,0.0,0.0,0.0,0.0,0.0,0.0,0.0,0.0,0.0,0.0
20260708_192923_786968,2026-07-08T19:29:39.299,15.512641,pose,620,stand,0.0,0.0,0.0,0.0,0.0,0.0,0.0,0.0,1.0,fake,0.0,0.0,-1.0,-0.0,0.0,0.0,0.0,6.649829864501953,17.893875122070312,12,can0:12,4.299752712249756,12.33436107635498,,"BL_hip_joint,BR_hip_joint,FL_hip_joint,FR_hip_joint,BL_thigh_joint,BR_thigh_joint,FL_thigh_joint,FR_thigh_joint,BL_calf_joint,BR_calf_joint,FL_calf_joint,FR_calf_joint",330e02f2406e129bb6ed6ec4a6c6bcd5f80d7e7799a2ab087e81eda65d2fae69,"step=000620 mode=stand  vx= 0.000 vy= 0.000 vxy= 0.000 yaw= 0.000 speed=1.00 imu=fake tilt_rp=[-0.0,+0.0]deg imu_corr=0.000 act_max= 0.000 tau_cmd= 6.650 tau_cmd_max= 17.894 cmds=12 bus=can0:12 tau_fb= 4.300 tau_fb_max= 12.334",,,,,,,,,,,,,,,,,,,,,,,,,,,,,,,,,,,,,,,,,,,,,,,,,0.0,0.0,0.0,0.0,0.0,0.0,0.0,0.0,0.0,0.0,0.0,0.0,0.0,0.0,0.0,0.0,0.0,0.0,0.0,0.0,0.0,0.0,0.0,0.0,-0.002301041502505541,-0.00153402762953192,-0.0011505207512527704,0.0011505207512527704,0.057142529636621475,-0.06749721616506577,0.0709487795829773,-0.06979825347661972,0.22972063720226288,-0.2304876446723938,0.23010413348674774,-0.2350897341966629,-0.06683553755283356,-0.004577776417136192,0.03433332219719887,0.06546220183372498,0.005493331700563431,0.04943998530507088,-0.04898220673203468,0.07278664410114288,-0.21881771087646484,0.18906216323375702,-0.14648884534835815,0.20371104776859283,0.0007971813902258873,-0.0007502883672714233,-0.0007033953443169594,0.0008909674361348152,0.06058579683303833,-0.06082025170326233,0.06058579683303833,-0.06049200892448425,0.201499342918396,-0.201499342918396,0.20145249366760254,-0.20145249366760254,0.0,0.0,0.0,0.0,0.0,0.0,0.0,0.0,0.0,0.0,0.0,0.0
20260708_192923_786968,2026-07-08T19:29:39.422,15.635597,pose,625,stand,0.0,0.0,0.0,0.0,0.0,0.0,0.0,0.0,1.0,fake,0.0,0.0,-1.0,-0.0,0.0,0.0,0.0,6.046710968017578,16.554813385009766,12,can0:12,4.086428165435791,12.067018508911133,,"BL_hip_joint,BR_hip_joint,FL_hip_joint,FR_hip_joint,BL_thigh_joint,BR_thigh_joint,FL_thigh_joint,FR_thigh_joint,BL_calf_joint,BR_calf_joint,FL_calf_joint,FR_calf_joint",330e02f2406e129bb6ed6ec4a6c6bcd5f80d7e7799a2ab087e81eda65d2fae69,"step=000625 mode=stand  vx= 0.000 vy= 0.000 vxy= 0.000 yaw= 0.000 speed=1.00 imu=fake tilt_rp=[-0.0,+0.0]deg imu_corr=0.000 act_max= 0.000 tau_cmd= 6.047 tau_cmd_max= 16.555 cmds=12 bus=can0:12 tau_fb= 4.086 tau_fb_max= 12.067",,,,,,,,,,,,,,,,,,,,,,,,,,,,,,,,,,,,,,,,,,,,,,,,,0.0,0.0,0.0,0.0,0.0,0.0,0.0,0.0,0.0,0.0,0.0,0.0,0.0,0.0,0.0,0.0,0.0,0.0,0.0,0.0,0.0,0.0,0.0,0.0,-0.0019175345078110695,-0.00153402762953192,-0.0011505207512527704,0.00076701381476596,0.05138992518186569,-0.060977596789598465,0.06366214901208878,-0.06174461171030998,0.20747722685337067,-0.2090112566947937,0.20862776041030884,-0.2136133462190628,-0.017853328958153725,0.009613330475986004,-0.04943998530507088,-0.01831110566854477,0.029755547642707825,0.0709555372595787,-0.038453321903944016,0.10757774859666824,-0.13641773164272308,0.1675466150045395,-0.10940885543823242,0.21149326860904694,0.0007177833467721939,-0.0006755609065294266,-0.0006333380006253719,0.0008022282272577286,0.054551512002944946,-0.05476263165473938,0.054551512002944946,-0.054467082023620605,0.18143022060394287,-0.18143022060394287,0.1813880205154419,-0.1813880205154419,0.0,0.0,0.0,0.0,0.0,0.0,0.0,0.0,0.0,0.0,0.0,0.0
20260708_192923_786968,2026-07-08T19:29:39.546,15.759122,pose,630,stand,0.0,0.0,0.0,0.0,0.0,0.0,0.0,0.0,1.0,fake,0.0,0.0,-1.0,-0.0,0.0,0.0,0.0,6.016744136810303,17.735183715820312,12,can0:12,4.025085926055908,11.748405456542969,,"BL_hip_joint,BR_hip_joint,FL_hip_joint,FR_hip_joint,BL_thigh_joint,BR_thigh_joint,FL_thigh_joint,FR_thigh_joint,BL_calf_joint,BR_calf_joint,FL_calf_joint,FR_calf_joint",330e02f2406e129bb6ed6ec4a6c6bcd5f80d7e7799a2ab087e81eda65d2fae69,"step=000630 mode=stand  vx= 0.000 vy= 0.000 vxy= 0.000 yaw= 0.000 speed=1.00 imu=fake tilt_rp=[-0.0,+0.0]deg imu_corr=0.000 act_max= 0.000 tau_cmd= 6.017 tau_cmd_max= 17.735 cmds=12 bus=can0:12 tau_fb= 4.025 tau_fb_max= 11.748",,,,,,,,,,,,,,,,,,,,,,,,,,,,,,,,,,,,,,,,,,,,,,,,,0.0,0.0,0.0,0.0,0.0,0.0,0.0,0.0,0.0,0.0,0.0,0.0,0.0,0.0,0.0,0.0,0.0,0.0,0.0,0.0,0.0,0.0,0.0,0.0,-0.0019175345078110695,-0.00153402762953192,-0.0011505207512527704,0.00076701381476596,0.04563732072710991,-0.05330745875835419,0.05637551471590996,-0.053690966218709946,0.18715137243270874,-0.18906889855861664,0.18906889855861664,-0.19367098808288574,-0.06591998040676117,-0.010986663401126862,0.016479995101690292,0.0032044434919953346,-0.08423108607530594,0.04577776417136192,-0.07736442238092422,0.027924437075853348,-0.16937772929668427,0.13870662450790405,-0.18814660608768463,0.16342662274837494,0.0006417697295546532,-0.0006040185689926147,-0.0005662674084305763,0.00071727205067873,0.048774510622024536,-0.04896324872970581,0.048774510622024536,-0.048698991537094116,0.16221678256988525,-0.16221678256988525,0.16217899322509766,-0.16217899322509766,0.0,0.0,0.0,0.0,0.0,0.0,0.0,0.0,0.0,0.0,0.0,0.0
20260708_192923_786968,2026-07-08T19:29:39.668,15.881915,pose,635,stand,0.0,0.0,0.0,0.0,0.0,0.0,0.0,0.0,1.0,fake,0.0,0.0,-1.0,-0.0,0.0,0.0,0.0,5.988353252410889,17.736656188964844,12,can0:12,3.986938238143921,12.275765419006348,,"BL_hip_joint,BR_hip_joint,FL_hip_joint,FR_hip_joint,BL_thigh_joint,BR_thigh_joint,FL_thigh_joint,FR_thigh_joint,BL_calf_joint,BR_calf_joint,FL_calf_joint,FR_calf_joint",330e02f2406e129bb6ed6ec4a6c6bcd5f80d7e7799a2ab087e81eda65d2fae69,"step=000635 mode=stand  vx= 0.000 vy= 0.000 vxy= 0.000 yaw= 0.000 speed=1.00 imu=fake tilt_rp=[-0.0,+0.0]deg imu_corr=0.000 act_max= 0.000 tau_cmd= 5.988 tau_cmd_max= 17.737 cmds=12 bus=can0:12 tau_fb= 3.987 tau_fb_max= 12.276",,,,,,,,,,,,,,,,,,,,,,,,,,,,,,,,,,,,,,,,,,,,,,,,,0.0,0.0,0.0,0.0,0.0,0.0,0.0,0.0,0.0,0.0,0.0,0.0,0.0,0.0,0.0,0.0,0.0,0.0,0.0,0.0,0.0,0.0,0.0,0.0,-0.0019175345078110695,-0.0011505207512527704,-0.0011505207512527704,0.00076701381476596,0.04065173119306564,-0.04602082818746567,0.050622910261154175,-0.04870537668466568,0.16835953295230865,-0.16912654042243958,0.16912654042243958,-0.17372862994670868,-0.009613330475986004,0.0393688790500164,-0.01235999632626772,0.048066653311252594,-0.05630664899945259,0.04898220673203468,-0.032044436782598495,0.012817773967981339,-0.18814660608768463,0.0947599709033966,-0.17944884300231934,0.12955106794834137,0.000569281168282032,-0.0005357940681278706,-0.0005023069679737091,0.0006362553685903549,0.04326537251472473,-0.043432801961898804,0.04326537251472473,-0.04319840669631958,0.14389419555664062,-0.14389419555664062,0.14386069774627686,-0.14386069774627686,0.0,0.0,0.0,0.0,0.0,0.0,0.0,0.0,0.0,0.0,0.0,0.0
20260708_192923_786968,2026-07-08T19:29:39.792,16.005639,pose,640,stand,0.0,0.0,0.0,0.0,0.0,0.0,0.0,0.0,1.0,fake,0.0,0.0,-1.0,-0.0,0.0,0.0,0.0,6.401064395904541,17.49306297302246,12,can0:12,3.633533477783203,11.316263198852539,,"BL_hip_joint,BR_hip_joint,FL_hip_joint,FR_hip_joint,BL_thigh_joint,BR_thigh_joint,FL_thigh_joint,FR_thigh_joint,BL_calf_joint,BR_calf_joint,FL_calf_joint,FR_calf_joint",330e02f2406e129bb6ed6ec4a6c6bcd5f80d7e7799a2ab087e81eda65d2fae69,"step=000640 mode=stand  vx= 0.000 vy= 0.000 vxy= 0.000 yaw= 0.000 speed=1.00 imu=fake tilt_rp=[-0.0,+0.0]deg imu_corr=0.000 act_max= 0.000 tau_cmd= 6.401 tau_cmd_max= 17.493 cmds=12 bus=can0:12 tau_fb= 3.634 tau_fb_max= 11.316",,,,,,,,,,,,,,,,,,,,,,,,,,,,,,,,,,,,,,,,,,,,,,,,,0.0,0.0,0.0,0.0,0.0,0.0,0.0,0.0,0.0,0.0,0.0,0.0,0.0,0.0,0.0,0.0,0.0,0.0,0.0,0.0,0.0,0.0,0.0,0.0,-0.0019175345078110695,-0.00076701381476596,-0.00076701381476596,0.00076701381476596,0.03566614165902138,-0.0410352386534214,0.04525381326675415,-0.043336279690265656,0.1491841822862625,-0.15148521959781647,0.15186873078346252,-0.15570379793643951,-0.005493331700563431,0.007782219909131527,-0.06179998070001602,-0.04119998961687088,-0.018768884241580963,-0.020142216235399246,-0.05951109528541565,-0.016479995101690292,-0.05493331700563431,0.12085329741239548,-0.10483107715845108,0.12314218282699585,0.0005004568956792355,-0.0004710182547569275,-0.0004415796138346195,0.0005593337118625641,0.03803470730781555,-0.03818190097808838,0.03803470730781555,-0.037975817918777466,0.12649774551391602,-0.12649774551391602,0.12646830081939697,-0.12646830081939697,0.0,0.0,0.0,0.0,0.0,0.0,0.0,0.0,0.0,0.0,0.0,0.0
20260708_192923_786968,2026-07-08T19:29:39.916,16.129229,pose,645,stand,0.0,0.0,0.0,0.0,0.0,0.0,0.0,0.0,1.0,fake,0.0,0.0,-1.0,-0.0,0.0,0.0,0.0,5.264847755432129,16.11634063720703,12,can0:12,3.475447654724121,10.847498893737793,,"BL_hip_joint,BR_hip_joint,FL_hip_joint,FR_hip_joint,BL_thigh_joint,BR_thigh_joint,FL_thigh_joint,FR_thigh_joint,BL_calf_joint,BR_calf_joint,FL_calf_joint,FR_calf_joint",330e02f2406e129bb6ed6ec4a6c6bcd5f80d7e7799a2ab087e81eda65d2fae69,"step=000645 mode=stand  vx= 0.000 vy= 0.000 vxy= 0.000 yaw= 0.000 speed=1.00 imu=fake tilt_rp=[-0.0,+0.0]deg imu_corr=0.000 act_max= 0.000 tau_cmd= 5.265 tau_cmd_max= 16.116 cmds=12 bus=can0:12 tau_fb= 3.475 tau_fb_max= 10.847",,,,,,,,,,,,,,,,,,,,,,,,,,,,,,,,,,,,,,,,,,,,,,,,,0.0,0.0,0.0,0.0,0.0,0.0,0.0,0.0,0.0,0.0,0.0,0.0,0.0,0.0,0.0,0.0,0.0,0.0,0.0,0.0,0.0,0.0,0.0,0.0,-0.002301041502505541,-0.0011505207512527704,-0.00076701381476596,0.00076701381476596,0.03144756704568863,-0.036816664040088654,0.039501212537288666,-0.03758367523550987,0.13192637264728546,-0.1334604024887085,0.13384391367435455,-0.13767898082733154,-0.005493331700563431,0.0027466658502817154,0.003662221133708954,-0.021973326802253723,-0.0027466658502817154,0.032959990203380585,-0.0874355286359787,0.10437330603599548,-0.08972442150115967,0.12131107598543167,-0.10162663459777832,0.12817774713039398,0.0004354366101324558,-0.00040982291102409363,-0.0003842087462544441,0.00048666447401046753,0.03309318423271179,-0.03322124481201172,0.03309318423271179,-0.033041954040527344,0.11006295680999756,-0.11006295680999756,0.11003744602203369,-0.11003744602203369,0.0,0.0,0.0,0.0,0.0,0.0,0.0,0.0,0.0,0.0,0.0,0.0
20260708_192923_786968,2026-07-08T19:29:40.038,16.251889,pose,650,stand,0.0,0.0,0.0,0.0,0.0,0.0,0.0,0.0,1.0,fake,0.0,0.0,-1.0,-0.0,0.0,0.0,0.0,5.5825347900390625,16.42664337158203,12,can0:12,3.7287514209747314,10.78157901763916,,"BL_hip_joint,BR_hip_joint,FL_hip_joint,FR_hip_joint,BL_thigh_joint,BR_thigh_joint,FL_thigh_joint,FR_thigh_joint,BL_calf_joint,BR_calf_joint,FL_calf_joint,FR_calf_joint",330e02f2406e129bb6ed6ec4a6c6bcd5f80d7e7799a2ab087e81eda65d2fae69,"step=000650 mode=stand  vx= 0.000 vy= 0.000 vxy= 0.000 yaw= 0.000 speed=1.00 imu=fake tilt_rp=[-0.0,+0.0]deg imu_corr=0.000 act_max= 0.000 tau_cmd= 5.583 tau_cmd_max= 16.427 cmds=12 bus=can0:12 tau_fb= 3.729 tau_fb_max= 10.782",,,,,,,,,,,,,,,,,,,,,,,,,,,,,,,,,,,,,,,,,,,,,,,,,0.0,0.0,0.0,0.0,0.0,0.0,0.0,0.0,0.0,0.0,0.0,0.0,0.0,0.0,0.0,0.0,0.0,0.0,0.0,0.0,0.0,0.0,0.0,0.0,-0.0019175345078110695,-0.0011505207512527704,-0.0011505207512527704,0.00076701381476596,0.026845483109354973,-0.03183107450604439,0.033365100622177124,-0.03183107450604439,0.1139015480875969,-0.11773661524057388,0.11773661524057388,-0.12195519357919693,-0.009613330475986004,-0.05218665301799774,-0.015564439818263054,0.06775109469890594,-0.06591998040676117,0.05264442786574364,-0.09430219233036041,0.08056886494159698,-0.0952177494764328,0.11627551913261414,-0.13733328878879547,0.11352885514497757,0.00037436047568917274,-0.00035233935341238976,-0.00033031823113560677,0.0004184027202427387,0.028451383113861084,-0.028561502695083618,0.028451383113861084,-0.02840733528137207,0.09462511539459229,-0.09462511539459229,0.09460306167602539,-0.09460306167602539,0.0,0.0,0.0,0.0,0.0,0.0,0.0,0.0,0.0,0.0,0.0,0.0
20260708_192923_786968,2026-07-08T19:29:40.161,16.374741,pose,655,stand,0.0,0.0,0.0,0.0,0.0,0.0,0.0,0.0,1.0,fake,0.0,0.0,-1.0,-0.0,0.0,0.0,0.0,4.620945453643799,13.129842758178711,12,can0:12,3.8975183963775635,9.9209566116333,,"BL_hip_joint,BR_hip_joint,FL_hip_joint,FR_hip_joint,BL_thigh_joint,BR_thigh_joint,FL_thigh_joint,FR_thigh_joint,BL_calf_joint,BR_calf_joint,FL_calf_joint,FR_calf_joint",330e02f2406e129bb6ed6ec4a6c6bcd5f80d7e7799a2ab087e81eda65d2fae69,"step=000655 mode=stand  vx= 0.000 vy= 0.000 vxy= 0.000 yaw= 0.000 speed=1.00 imu=fake tilt_rp=[-0.0,+0.0]deg imu_corr=0.000 act_max= 0.000 tau_cmd= 4.621 tau_cmd_max= 13.130 cmds=12 bus=can0:12 tau_fb= 3.898 tau_fb_max= 9.921",,,,,,,,,,,,,,,,,,,,,,,,,,,,,,,,,,,,,,,,,,,,,,,,,0.0,0.0,0.0,0.0,0.0,0.0,0.0,0.0,0.0,0.0,0.0,0.0,0.0,0.0,0.0,0.0,0.0,0.0,0.0,0.0,0.0,0.0,0.0,0.0,-0.0019175345078110695,-0.0011505207512527704,-0.00076701381476596,0.00076701381476596,0.022243401035666466,-0.025694962590932846,0.02761249616742134,-0.02454444207251072,0.09971179068088531,-0.10239633917808533,0.1016293317079544,-0.1054643988609314,0.0009155552834272385,0.009613330475986004,0.03479110077023506,-0.01739555038511753,0.007324442267417908,0.030671102926135063,-0.0787377581000328,0.07782220095396042,-0.12405773997306824,0.13183996081352234,-0.10071108490228653,0.16159550845623016,0.00031736819073557854,-0.00029869982972741127,-0.0002800310030579567,0.0003547058440744877,0.02412000298500061,-0.024213343858718872,0.02412000298500061,-0.024082660675048828,0.08021950721740723,-0.08021950721740723,0.0802009105682373,-0.0802009105682373,0.0,0.0,0.0,0.0,0.0,0.0,0.0,0.0,0.0,0.0,0.0,0.0
20260708_192923_786968,2026-07-08T19:29:40.284,16.497857,pose,660,stand,0.0,0.0,0.0,0.0,0.0,0.0,0.0,0.0,1.0,fake,0.0,0.0,-1.0,-0.0,0.0,0.0,0.0,5.941633224487305,15.535788536071777,12,can0:12,4.051331996917725,10.814538955688477,,"BL_hip_joint,BR_hip_joint,FL_hip_joint,FR_hip_joint,BL_thigh_joint,BR_thigh_joint,FL_thigh_joint,FR_thigh_joint,BL_calf_joint,BR_calf_joint,FL_calf_joint,FR_calf_joint",330e02f2406e129bb6ed6ec4a6c6bcd5f80d7e7799a2ab087e81eda65d2fae69,"step=000660 mode=stand  vx= 0.000 vy= 0.000 vxy= 0.000 yaw= 0.000 speed=1.00 imu=fake tilt_rp=[-0.0,+0.0]deg imu_corr=0.000 act_max= 0.000 tau_cmd= 5.942 tau_cmd_max= 15.536 cmds=12 bus=can0:12 tau_fb= 4.051 tau_fb_max= 10.815",,,,,,,,,,,,,,,,,,,,,,,,,,,,,,,,,,,,,,,,,,,,,,,,,0.0,0.0,0.0,0.0,0.0,0.0,0.0,0.0,0.0,0.0,0.0,0.0,0.0,0.0,0.0,0.0,0.0,0.0,0.0,0.0,0.0,0.0,0.0,0.0,-0.0019175345078110695,-0.0011505207512527704,-0.0011505207512527704,0.00076701381476596,0.01687430404126644,-0.019558852538466454,0.023010414093732834,-0.018791837617754936,0.08437151461839676,-0.08820658922195435,0.08820658922195435,-0.09204165637493134,0.09659108519554138,-0.0238044373691082,-0.0709555372595787,0.038453321903944016,-0.0709555372595787,0.05264442786574364,-0.00595110934227705,0.04348887503147125,-0.0553910955786705,0.08331552892923355,-0.07049775868654251,0.09292886406183243,0.00026460038498044014,-0.00024903565645217896,-0.00023347092792391777,0.0002957298420369625,0.020109623670578003,-0.020187467336654663,0.020109623670578003,-0.02007851004600525,0.06688165664672852,-0.06688165664672852,0.06686615943908691,-0.06686615943908691,0.0,0.0,0.0,0.0,0.0,0.0,0.0,0.0,0.0,0.0,0.0,0.0
20260708_192923_786968,2026-07-08T19:29:40.408,16.621353,pose,665,stand,0.0,0.0,0.0,0.0,0.0,0.0,0.0,0.0,1.0,fake,0.0,0.0,-1.0,-0.0,0.0,0.0,0.0,5.014400005340576,15.146201133728027,12,can0:12,3.535569190979004,10.993988037109375,,"BL_hip_joint,BR_hip_joint,FL_hip_joint,FR_hip_joint,BL_thigh_joint,BR_thigh_joint,FL_thigh_joint,FR_thigh_joint,BL_calf_joint,BR_calf_joint,FL_calf_joint,FR_calf_joint",330e02f2406e129bb6ed6ec4a6c6bcd5f80d7e7799a2ab087e81eda65d2fae69,"step=000665 mode=stand  vx= 0.000 vy= 0.000 vxy= 0.000 yaw= 0.000 speed=1.00 imu=fake tilt_rp=[-0.0,+0.0]deg imu_corr=0.000 act_max= 0.000 tau_cmd= 5.014 tau_cmd_max= 15.146 cmds=12 bus=can0:12 tau_fb= 3.536 tau_fb_max= 10.994",,,,,,,,,,,,,,,,,,,,,,,,,,,,,,,,,,,,,,,,,,,,,,,,,0.0,0.0,0.0,0.0,0.0,0.0,0.0,0.0,0.0,0.0,0.0,0.0,0.0,0.0,0.0,0.0,0.0,0.0,0.0,0.0,0.0,0.0,0.0,0.0,-0.0019175345078110695,-0.00076701381476596,-0.0011505207512527704,0.0011505207512527704,0.01380624808371067,-0.014956769533455372,0.018791837617754936,-0.01418975554406643,0.07171578705310822,-0.07440033555030823,0.07401683181524277,-0.07823541015386581,0.004119998775422573,0.038453321903944016,-0.016937773674726486,0.025177771225571632,-0.03341776877641678,0.04028443247079849,-0.06729331612586975,0.0238044373691082,-0.10620441287755966,0.07736442238092422,-0.10528885573148727,0.0709555372595787,0.00021619629114866257,-0.0002034786157310009,-0.00019076140597462654,0.0002416311763226986,0.016430914402008057,-0.01649448275566101,0.016430914402008057,-0.016405463218688965,0.05464673042297363,-0.05464673042297363,0.05463409423828125,-0.05463409423828125,0.0,0.0,0.0,0.0,0.0,0.0,0.0,0.0,0.0,0.0,0.0,0.0
20260708_192923_786968,2026-07-08T19:29:40.531,16.744386,pose,670,stand,0.0,0.0,0.0,0.0,0.0,0.0,0.0,0.0,1.0,fake,0.0,0.0,-1.0,-0.0,0.0,0.0,0.0,5.5341925621032715,15.67833137512207,12,can0:12,3.6509292125701904,11.781365394592285,,"BL_hip_joint,BR_hip_joint,FL_hip_joint,FR_hip_joint,BL_thigh_joint,BR_thigh_joint,FL_thigh_joint,FR_thigh_joint,BL_calf_joint,BR_calf_joint,FL_calf_joint,FR_calf_joint",330e02f2406e129bb6ed6ec4a6c6bcd5f80d7e7799a2ab087e81eda65d2fae69,"step=000670 mode=stand  vx= 0.000 vy= 0.000 vxy= 0.000 yaw= 0.000 speed=1.00 imu=fake tilt_rp=[-0.0,+0.0]deg imu_corr=0.000 act_max= 0.000 tau_cmd= 5.534 tau_cmd_max= 15.678 cmds=12 bus=can0:12 tau_fb= 3.651 tau_fb_max= 11.781",,,,,,,,,,,,,,,,,,,,,,,,,,,,,,,,,,,,,,,,,,,,,,,,,0.0,0.0,0.0,0.0,0.0,0.0,0.0,0.0,0.0,0.0,0.0,0.0,0.0,0.0,0.0,0.0,0.0,0.0,0.0,0.0,0.0,0.0,0.0,0.0,-0.0019175345078110695,-0.00076701381476596,-0.00076701381476596,0.00076701381476596,0.011888713575899601,-0.01227222103625536,0.016490796580910683,-0.011121700517833233,0.05906006321310997,-0.0625116229057312,0.06289513409137726,-0.06673020124435425,-0.08011108636856079,0.040742211043834686,-0.0032044434919953346,0.010071108117699623,0.0393688790500164,-0.05630664899945259,-0.062257759273052216,0.11673329770565033,-0.02471999265253544,0.0796533077955246,-0.023346660658717155,0.0476088747382164,0.00017229514196515083,-0.0001621604897081852,-0.00015202537178993225,0.00019256537780165672,0.013094455003738403,-0.013145118951797485,0.013094455003738403,-0.013074159622192383,0.04355013370513916,-0.04355013370513916,0.043540000915527344,-0.043540000915527344,0.0,0.0,0.0,0.0,0.0,0.0,0.0,0.0,0.0,0.0,0.0,0.0
20260708_192923_786968,2026-07-08T19:29:40.654,16.867901,pose,675,stand,0.0,0.0,0.0,0.0,0.0,0.0,0.0,0.0,1.0,fake,0.0,0.0,-1.0,-0.0,0.0,0.0,0.0,4.3688740730285645,13.030692100524902,12,can0:12,3.4986419677734375,11.440778732299805,,"BL_hip_joint,BR_hip_joint,FL_hip_joint,FR_hip_joint,BL_thigh_joint,BR_thigh_joint,FL_thigh_joint,FR_thigh_joint,BL_calf_joint,BR_calf_joint,FL_calf_joint,FR_calf_joint",330e02f2406e129bb6ed6ec4a6c6bcd5f80d7e7799a2ab087e81eda65d2fae69,"step=000675 mode=stand  vx= 0.000 vy= 0.000 vxy= 0.000 yaw= 0.000 speed=1.00 imu=fake tilt_rp=[-0.0,+0.0]deg imu_corr=0.000 act_max= 0.000 tau_cmd= 4.369 tau_cmd_max= 13.031 cmds=12 bus=can0:12 tau_fb= 3.499 tau_fb_max= 11.441",,,,,,,,,,,,,,,,,,,,,,,,,,,,,,,,,,,,,,,,,,,,,,,,,0.0,0.0,0.0,0.0,0.0,0.0,0.0,0.0,0.0,0.0,0.0,0.0,0.0,0.0,0.0,0.0,0.0,0.0,0.0,0.0,0.0,0.0,0.0,0.0,-0.0019175345078110695,-0.00076701381476596,-0.00076701381476596,0.00076701381476596,0.009587672539055347,-0.009971179068088531,0.01380624808371067,-0.008053644560277462,0.047171350568532944,-0.05138992518186569,0.05215694010257721,-0.05560849979519844,-0.016022218391299248,0.014191106893122196,0.02151555009186268,0.015564439818263054,-0.09155552834272385,-0.05493331700563431,0.016022218391299248,0.0119022186845541,-0.09750663489103317,0.08423108607530594,-0.11719107627868652,0.09613330662250519,0.00013303803279995918,-0.00012521212920546532,-0.00011738622561097145,0.0001486893743276596,0.01011088490486145,-0.010150015354156494,0.01011088490486145,-0.010095208883285522,0.03362727165222168,-0.03362727165222168,0.03361940383911133,-0.03361940383911133,0.0,0.0,0.0,0.0,0.0,0.0,0.0,0.0,0.0,0.0,0.0,0.0
20260708_192923_786968,2026-07-08T19:29:40.777,16.990686,pose,680,stand,0.0,0.0,0.0,0.0,0.0,0.0,0.0,0.0,1.0,fake,0.0,0.0,-1.0,-0.0,0.0,0.0,0.0,4.617960453033447,13.142425537109375,12,can0:12,3.3588669300079346,10.320138931274414,,"BL_hip_joint,BR_hip_joint,FL_hip_joint,FR_hip_joint,BL_thigh_joint,BR_thigh_joint,FL_thigh_joint,FR_thigh_joint,BL_calf_joint,BR_calf_joint,FL_calf_joint,FR_calf_joint",330e02f2406e129bb6ed6ec4a6c6bcd5f80d7e7799a2ab087e81eda65d2fae69,"step=000680 mode=stand  vx= 0.000 vy= 0.000 vxy= 0.000 yaw= 0.000 speed=1.00 imu=fake tilt_rp=[-0.0,+0.0]deg imu_corr=0.000 act_max= 0.000 tau_cmd= 4.618 tau_cmd_max= 13.142 cmds=12 bus=can0:12 tau_fb= 3.359 tau_fb_max= 10.320",,,,,,,,,,,,,,,,,,,,,,,,,,,,,,,,,,,,,,,,,,,,,,,,,0.0,0.0,0.0,0.0,0.0,0.0,0.0,0.0,0.0,0.0,0.0,0.0,0.0,0.0,0.0,0.0,0.0,0.0,0.0,0.0,0.0,0.0,0.0,0.0,-0.002301041502505541,-0.00076701381476596,-0.00076701381476596,0.00076701381476596,0.007670138031244278,-0.007286631036549807,0.01035468652844429,-0.004602083005011082,0.03835069015622139,-0.04180225357413292,0.04141874611377716,-0.04487030580639839,-0.06500442326068878,0.004119998775422573,-0.08468886464834213,-0.038453321903944016,0.016022218391299248,0.01739555038511753,0.016937773674726486,-0.010986663401126862,-0.07370220124721527,0.06042664870619774,-0.040742211043834686,0.05081331729888916,9.856373071670532e-05,-9.276578202843666e-05,-8.6967833340168e-05,0.00011015916243195534,0.0074908435344696045,-0.007519811391830444,0.0074908435344696045,-0.007479250431060791,0.024913430213928223,-0.024913430213928223,0.024907588958740234,-0.024907588958740234,0.0,0.0,0.0,0.0,0.0,0.0,0.0,0.0,0.0,0.0,0.0,0.0
20260708_192923_786968,2026-07-08T19:29:40.899,17.112742,pose,685,stand,0.0,0.0,0.0,0.0,0.0,0.0,0.0,0.0,1.0,fake,0.0,0.0,-1.0,-0.0,0.0,0.0,0.0,4.10568904876709,11.441466331481934,12,can0:12,3.372600555419922,10.177312850952148,,"BL_hip_joint,BR_hip_joint,FL_hip_joint,FR_hip_joint,BL_thigh_joint,BR_thigh_joint,FL_thigh_joint,FR_thigh_joint,BL_calf_joint,BR_calf_joint,FL_calf_joint,FR_calf_joint",330e02f2406e129bb6ed6ec4a6c6bcd5f80d7e7799a2ab087e81eda65d2fae69,"step=000685 mode=stand  vx= 0.000 vy= 0.000 vxy= 0.000 yaw= 0.000 speed=1.00 imu=fake tilt_rp=[-0.0,+0.0]deg imu_corr=0.000 act_max= 0.000 tau_cmd= 4.106 tau_cmd_max= 11.441 cmds=12 bus=can0:12 tau_fb= 3.373 tau_fb_max= 10.177",,,,,,,,,,,,,,,,,,,,,,,,,,,,,,,,,,,,,,,,,,,,,,,,,0.0,0.0,0.0,0.0,0.0,0.0,0.0,0.0,0.0,0.0,0.0,0.0,0.0,0.0,0.0,0.0,0.0,0.0,0.0,0.0,0.0,0.0,0.0,0.0,-0.0019175345078110695,-0.00076701381476596,-0.00076701381476596,0.0011505207512527704,0.005369096528738737,-0.00421857601031661,0.006903124041855335,-0.00076701381476596,0.029913539066910744,-0.032981593161821365,0.033365100622177124,-0.037200167775154114,-0.004119998775422573,-0.005493331700563431,-0.007782219909131527,0.032044436782598495,-0.04348887503147125,0.036164432764053345,0.032959990203380585,-0.06546220183372498,-0.06729331612586975,0.04898220673203468,-0.04257332161068916,0.09384441375732422,6.901286542415619e-05,-6.495323032140732e-05,-6.089359521865845e-05,7.713213562965393e-05,0.0052449703216552734,-0.005265295505523682,0.0052449703216552734,-0.00523686408996582,0.01744401454925537,-0.01744401454925537,0.017439961433410645,-0.017439961433410645,0.0,0.0,0.0,0.0,0.0,0.0,0.0,0.0,0.0,0.0,0.0,0.0
20260708_192923_786968,2026-07-08T19:29:41.021,17.234273,pose,690,stand,0.0,0.0,0.0,0.0,0.0,0.0,0.0,0.0,1.0,fake,0.0,0.0,-1.0,-0.0,0.0,0.0,0.0,4.770958423614502,12.582979202270508,12,can0:12,3.899044990539551,11.715445518493652,,"BL_hip_joint,BR_hip_joint,FL_hip_joint,FR_hip_joint,BL_thigh_joint,BR_thigh_joint,FL_thigh_joint,FR_thigh_joint,BL_calf_joint,BR_calf_joint,FL_calf_joint,FR_calf_joint",330e02f2406e129bb6ed6ec4a6c6bcd5f80d7e7799a2ab087e81eda65d2fae69,"step=000690 mode=stand  vx= 0.000 vy= 0.000 vxy= 0.000 yaw= 0.000 speed=1.00 imu=fake tilt_rp=[-0.0,+0.0]deg imu_corr=0.000 act_max= 0.000 tau_cmd= 4.771 tau_cmd_max= 12.583 cmds=12 bus=can0:12 tau_fb= 3.899 tau_fb_max= 11.715",,,,,,,,,,,,,,,,,,,,,,,,,,,,,,,,,,,,,,,,,,,,,,,,,0.0,0.0,0.0,0.0,0.0,0.0,0.0,0.0,0.0,0.0,0.0,0.0,0.0,0.0,0.0,0.0,0.0,0.0,0.0,0.0,0.0,0.0,0.0,0.0,-0.0019175345078110695,-0.00076701381476596,-0.00076701381476596,0.0011505207512527704,0.0026845482643693686,-0.00153402762953192,0.003835069015622139,0.0026845482643693686,0.021859893575310707,-0.026845483109354973,0.026845483109354973,-0.029913539066910744,0.04989776387810707,-0.03479110077023506,-0.001831110566854477,-0.016479995101690292,-0.0636310949921608,0.02929776906967163,-0.027924437075853348,0.06179998070001602,0.0068666646257042885,-0.02471999265253544,-0.013733329251408577,0.06546220183372498,4.4525135308504105e-05,-4.190579056739807e-05,-3.9286911487579346e-05,4.9763359129428864e-05,0.0033839046955108643,-0.0033969879150390625,0.0033839046955108643,-0.00337865948677063,0.011254310607910156,-0.011254310607910156,0.011251688003540039,-0.011251688003540039,0.0,0.0,0.0,0.0,0.0,0.0,0.0,0.0,0.0,0.0,0.0,0.0
20260708_192923_786968,2026-07-08T19:29:41.143,17.356794,pose,695,stand,0.0,0.0,0.0,0.0,0.0,0.0,0.0,0.0,1.0,fake,0.0,0.0,-1.0,-0.0,0.0,0.0,0.0,3.9964964389801025,9.670795440673828,12,can0:12,3.693655014038086,9.682912826538086,,"BL_hip_joint,BR_hip_joint,FL_hip_joint,FR_hip_joint,BL_thigh_joint,BR_thigh_joint,FL_thigh_joint,FR_thigh_joint,BL_calf_joint,BR_calf_joint,FL_calf_joint,FR_calf_joint",330e02f2406e129bb6ed6ec4a6c6bcd5f80d7e7799a2ab087e81eda65d2fae69,"step=000695 mode=stand  vx= 0.000 vy= 0.000 vxy= 0.000 yaw= 0.000 speed=1.00 imu=fake tilt_rp=[-0.0,+0.0]deg imu_corr=0.000 act_max= 0.000 tau_cmd= 3.996 tau_cmd_max= 9.671 cmds=12 bus=can0:12 tau_fb= 3.694 tau_fb_max= 9.683",,,,,,,,,,,,,,,,,,,,,,,,,,,,,,,,,,,,,,,,,,,,,,,,,0.0,0.0,0.0,0.0,0.0,0.0,0.0,0.0,0.0,0.0,0.0,0.0,0.0,0.0,0.0,0.0,0.0,0.0,0.0,0.0,0.0,0.0,0.0,0.0,-0.0019175345078110695,-0.00076701381476596,-0.00076701381476596,0.0011505207512527704,0.00038350690738298,0.00076701381476596,0.0011505207512527704,0.004985589534044266,0.015340276062488556,-0.02070937305688858,0.02070937305688858,-0.023777427151799202,-0.015106662176549435,0.00045777764171361923,0.016479995101690292,-0.0393688790500164,-0.014191106893122196,0.0476088747382164,-0.056764427572488785,-0.030671102926135063,0.044862210750579834,0.04989776387810707,-0.055848874151706696,0.09384441375732422,2.5239307433366776e-05,-2.3754779249429703e-05,-2.227025106549263e-05,2.820882946252823e-05,0.001918196678161621,-0.0019256174564361572,0.001918196678161621,-0.0019152462482452393,0.00637972354888916,-0.00637972354888916,0.006378173828125,-0.006378173828125,0.0,0.0,0.0,0.0,0.0,0.0,0.0,0.0,0.0,0.0,0.0,0.0
20260708_192923_786968,2026-07-08T19:29:41.267,17.480301,pose,700,stand,0.0,0.0,0.0,0.0,0.0,0.0,0.0,0.0,1.0,fake,0.0,0.0,-1.0,-0.0,0.0,0.0,0.0,4.6236701011657715,12.684938430786133,12,can0:12,3.7333295345306396,9.869686126708984,,"BL_hip_joint,BR_hip_joint,FL_hip_joint,FR_hip_joint,BL_thigh_joint,BR_thigh_joint,FL_thigh_joint,FR_thigh_joint,BL_calf_joint,BR_calf_joint,FL_calf_joint,FR_calf_joint",330e02f2406e129bb6ed6ec4a6c6bcd5f80d7e7799a2ab087e81eda65d2fae69,"step=000700 mode=stand  vx= 0.000 vy= 0.000 vxy= 0.000 yaw= 0.000 speed=1.00 imu=fake tilt_rp=[-0.0,+0.0]deg imu_corr=0.000 act_max= 0.000 tau_cmd= 4.624 tau_cmd_max= 12.685 cmds=12 bus=can0:12 tau_fb= 3.733 tau_fb_max= 9.870",,,,,,,,,,,,,,,,,,,,,,,,,,,,,,,,,,,,,,,,,,,,,,,,,0.0,0.0,0.0,0.0,0.0,0.0,0.0,0.0,0.0,0.0,0.0,0.0,0.0,0.0,0.0,0.0,0.0,0.0,0.0,0.0,0.0,0.0,0.0,0.0,-0.0019175345078110695,-0.00076701381476596,-0.00076701381476596,0.0011505207512527704,-0.0011505207512527704,0.002301041502505541,-0.0011505207512527704,0.007670138031244278,0.011505207046866417,-0.016107289120554924,0.015340276062488556,-0.019175345078110695,-0.0009155552834272385,0.027924437075853348,-0.03662221133708954,0.022431105375289917,0.002288888208568096,0.014191106893122196,-0.03250221163034439,0.038453321903944016,-0.03662221133708954,-0.0315866582095623,0.02471999265253544,-0.01235999632626772,1.1297408491373062e-05,-1.0632909834384918e-05,-9.968411177396774e-06,1.262640580534935e-05,0.000858604907989502,-0.0008619129657745361,0.000858604907989502,-0.0008572638034820557,0.002855539321899414,-0.002855539321899414,0.00285494327545166,-0.00285494327545166,0.0,0.0,0.0,0.0,0.0,0.0,0.0,0.0,0.0,0.0,0.0,0.0
20260708_192923_786968,2026-07-08T19:29:41.389,17.602814,pose,705,stand,0.0,0.0,0.0,0.0,0.0,0.0,0.0,0.0,1.0,fake,0.0,0.0,-1.0,-0.0,0.0,0.0,0.0,3.6311142444610596,11.353872299194336,12,can0:12,3.4968109130859375,10.0930814743042,,"BL_hip_joint,BR_hip_joint,FL_hip_joint,FR_hip_joint,BL_thigh_joint,BR_thigh_joint,FL_thigh_joint,FR_thigh_joint,BL_calf_joint,BR_calf_joint,FL_calf_joint,FR_calf_joint",330e02f2406e129bb6ed6ec4a6c6bcd5f80d7e7799a2ab087e81eda65d2fae69,"step=000705 mode=stand  vx= 0.000 vy= 0.000 vxy= 0.000 yaw= 0.000 speed=1.00 imu=fake tilt_rp=[-0.0,+0.0]deg imu_corr=0.000 act_max= 0.000 tau_cmd= 3.631 tau_cmd_max= 11.354 cmds=12 bus=can0:12 tau_fb= 3.497 tau_fb_max= 10.093",,,,,,,,,,,,,,,,,,,,,,,,,,,,,,,,,,,,,,,,,,,,,,,,,0.0,0.0,0.0,0.0,0.0,0.0,0.0,0.0,0.0,0.0,0.0,0.0,0.0,0.0,0.0,0.0,0.0,0.0,0.0,0.0,0.0,0.0,0.0,0.0,-0.0019175345078110695,-0.00038350690738298,-0.00076701381476596,0.0011505207512527704,-0.002301041502505541,0.003835069015622139,-0.002301041502505541,0.008820658549666405,0.008820658549666405,-0.012655727565288544,0.011505207046866417,-0.016107289120554924,0.05172887444496155,0.08285775035619736,0.03662221133708954,-0.051271095871925354,0.035248879343271255,-0.0119022186845541,0.0787377581000328,-0.05722220614552498,-0.0013733329251408577,0.07599108666181564,0.09063997119665146,0.05722220614552498,2.837739884853363e-06,-2.6705674827098846e-06,-2.503860741853714e-06,3.1711533665657043e-06,0.00021564960479736328,-0.00021648406982421875,0.00021564960479736328,-0.00021532177925109863,0.0007172822952270508,-0.0007172822952270508,0.0007170438766479492,-0.0007170438766479492,0.0,0.0,0.0,0.0,0.0,0.0,0.0,0.0,0.0,0.0,0.0,0.0
20260708_192923_786968,2026-07-08T19:29:41.512,17.725746,pose,710,stand,0.0,0.0,0.0,0.0,0.0,0.0,0.0,0.0,1.0,fake,0.0,0.0,-1.0,-0.0,0.0,0.0,0.0,3.9075984954833984,10.387382507324219,12,can0:12,3.7382125854492188,9.327676773071289,,"BL_hip_joint,BR_hip_joint,FL_hip_joint,FR_hip_joint,BL_thigh_joint,BR_thigh_joint,FL_thigh_joint,FR_thigh_joint,BL_calf_joint,BR_calf_joint,FL_calf_joint,FR_calf_joint",330e02f2406e129bb6ed6ec4a6c6bcd5f80d7e7799a2ab087e81eda65d2fae69,"step=000710 mode=stand  vx= 0.000 vy= 0.000 vxy= 0.000 yaw= 0.000 speed=1.00 imu=fake tilt_rp=[-0.0,+0.0]deg imu_corr=0.000 act_max= 0.000 tau_cmd= 3.908 tau_cmd_max= 10.387 cmds=12 bus=can0:12 tau_fb= 3.738 tau_fb_max= 9.328",,,,,,,,,,,,,,,,,,,,,,,,,,,,,,,,,,,,,,,,,,,,,,,,,0.0,0.0,0.0,0.0,0.0,0.0,0.0,0.0,0.0,0.0,0.0,0.0,0.0,0.0,0.0,0.0,0.0,0.0,0.0,0.0,0.0,0.0,0.0,0.0,-0.002301041502505541,-0.00076701381476596,-0.00076701381476596,0.0011505207512527704,-0.0026845482643693686,0.004602083005011082,-0.00306805525906384,0.009587672539055347,0.006903124041855335,-0.010738193057477474,0.009587672539055347,-0.01380624808371067,-0.03799554333090782,0.015106662176549435,-0.0796533077955246,-0.0032044434919953346,0.007324442267417908,0.08468886464834213,0.0027466658502817154,-0.0013733329251408577,-0.008239997550845146,0.07644886523485184,-0.021973326802253723,-0.0009155552834272385,0.0,0.0,0.0,0.0,0.0,0.0,0.0,0.0,0.0,0.0,0.0,0.0,0.0,0.0,0.0,0.0,0.0,0.0,0.0,0.0,0.0,0.0,0.0,0.0
20260708_192923_786968,2026-07-08T19:29:41.635,17.848191,pose,715,stand,0.0,0.0,0.0,0.0,0.0,0.0,0.0,0.0,1.0,fake,0.0,0.0,-1.0,-0.0,0.0,0.0,0.0,3.487863302230835,11.203890800476074,12,can0:12,3.7366864681243896,9.833064079284668,,"BL_hip_joint,BR_hip_joint,FL_hip_joint,FR_hip_joint,BL_thigh_joint,BR_thigh_joint,FL_thigh_joint,FR_thigh_joint,BL_calf_joint,BR_calf_joint,FL_calf_joint,FR_calf_joint",330e02f2406e129bb6ed6ec4a6c6bcd5f80d7e7799a2ab087e81eda65d2fae69,"step=000715 mode=stand  vx= 0.000 vy= 0.000 vxy= 0.000 yaw= 0.000 speed=1.00 imu=fake tilt_rp=[-0.0,+0.0]deg imu_corr=0.000 act_max= 0.000 tau_cmd= 3.488 tau_cmd_max= 11.204 cmds=12 bus=can0:12 tau_fb= 3.737 tau_fb_max= 9.833",,,,,,,,,,,,,,,,,,,,,,,,,,,,,,,,,,,,,,,,,,,,,,,,,0.0,0.0,0.0,0.0,0.0,0.0,0.0,0.0,0.0,0.0,0.0,0.0,0.0,0.0,0.0,0.0,0.0,0.0,0.0,0.0,0.0,0.0,0.0,0.0,-0.0019175345078110695,-0.00038350690738298,-0.00076701381476596,0.0011505207512527704,-0.0034515620209276676,0.005369096528738737,-0.003835069015622139,0.01035468652844429,0.006519617512822151,-0.01035468652844429,0.009204166010022163,-0.013422741554677486,0.017853328958153725,-0.053559985011816025,-0.003662221133708954,-0.02151555009186268,0.015106662176549435,0.03570665791630745,-0.02471999265253544,0.02288888208568096,-0.09887997061014175,0.020142216235399246,-0.06637775897979736,-0.0315866582095623,0.0,0.0,0.0,0.0,0.0,0.0,0.0,0.0,0.0,0.0,0.0,0.0,0.0,0.0,0.0,0.0,0.0,0.0,0.0,0.0,0.0,0.0,0.0,0.0
20260708_192923_786968,2026-07-08T19:29:41.757,17.970916,pose,720,stand,0.0,0.0,0.0,0.0,0.0,0.0,0.0,0.0,1.0,fake,0.0,0.0,-1.0,-0.0,0.0,0.0,0.0,3.8535454273223877,9.2188720703125,12,can0:12,3.611560583114624,9.499801635742188,,"BL_hip_joint,BR_hip_joint,FL_hip_joint,FR_hip_joint,BL_thigh_joint,BR_thigh_joint,FL_thigh_joint,FR_thigh_joint,BL_calf_joint,BR_calf_joint,FL_calf_joint,FR_calf_joint",330e02f2406e129bb6ed6ec4a6c6bcd5f80d7e7799a2ab087e81eda65d2fae69,"step=000720 mode=stand  vx= 0.000 vy= 0.000 vxy= 0.000 yaw= 0.000 speed=1.00 imu=fake tilt_rp=[-0.0,+0.0]deg imu_corr=0.000 act_max= 0.000 tau_cmd= 3.854 tau_cmd_max= 9.219 cmds=12 bus=can0:12 tau_fb= 3.612 tau_fb_max= 9.500",,,,,,,,,,,,,,,,,,,,,,,,,,,,,,,,,,,,,,,,,,,,,,,,,0.0,0.0,0.0,0.0,0.0,0.0,0.0,0.0,0.0,0.0,0.0,0.0,0.0,0.0,0.0,0.0,0.0,0.0,0.0,0.0,0.0,0.0,0.0,0.0,-0.0019175345078110695,-0.00076701381476596,-0.00076701381476596,0.0011505207512527704,-0.0034515620209276676,0.005369096528738737,-0.003835069015622139,0.01035468652844429,0.006519617512822151,-0.009971179068088531,0.008820658549666405,-0.013039235025644302,0.008239997550845146,0.023346660658717155,-0.050355542451143265,0.024262215942144394,-0.010528885759413242,0.0196844395250082,-0.04623554274439812,-0.0013733329251408577,-0.018768884241580963,-0.0027466658502817154,-0.031128879636526108,0.015564439818263054,0.0,0.0,0.0,0.0,0.0,0.0,0.0,0.0,0.0,0.0,0.0,0.0,0.0,0.0,0.0,0.0,0.0,0.0,0.0,0.0,0.0,0.0,0.0,0.0
20260708_192923_786968,2026-07-08T19:29:41.880,18.093819,pose,725,stand,0.0,0.0,0.0,0.0,0.0,0.0,0.0,0.0,1.0,fake,0.0,0.0,-1.0,-0.0,0.0,0.0,0.0,3.512967348098755,11.756726264953613,12,can0:12,3.7491989135742188,10.133365631103516,,"BL_hip_joint,BR_hip_joint,FL_hip_joint,FR_hip_joint,BL_thigh_joint,BR_thigh_joint,FL_thigh_joint,FR_thigh_joint,BL_calf_joint,BR_calf_joint,FL_calf_joint,FR_calf_joint",330e02f2406e129bb6ed6ec4a6c6bcd5f80d7e7799a2ab087e81eda65d2fae69,"step=000725 mode=stand  vx= 0.000 vy= 0.000 vxy= 0.000 yaw= 0.000 speed=1.00 imu=fake tilt_rp=[-0.0,+0.0]deg imu_corr=0.000 act_max= 0.000 tau_cmd= 3.513 tau_cmd_max= 11.757 cmds=12 bus=can0:12 tau_fb= 3.749 tau_fb_max= 10.133",,,,,,,,,,,,,,,,,,,,,,,,,,,,,,,,,,,,,,,,,,,,,,,,,0.0,0.0,0.0,0.0,0.0,0.0,0.0,0.0,0.0,0.0,0.0,0.0,0.0,0.0,0.0,0.0,0.0,0.0,0.0,0.0,0.0,0.0,0.0,0.0,-0.0019175345078110695,-0.00076701381476596,-0.00076701381476596,0.0011505207512527704,-0.0034515620209276676,0.005369096528738737,-0.003835069015622139,0.01035468652844429,0.006519617512822151,-0.009971179068088531,0.008820658549666405,-0.013039235025644302,0.01235999632626772,-0.0068666646257042885,0.05859553813934326,0.028839992359280586,0.02151555009186268,0.03387554734945297,-0.03479110077023506,-0.040742211043834686,-0.05264442786574364,0.023346660658717155,-0.0787377581000328,-0.05493331700563431,0.0,0.0,0.0,0.0,0.0,0.0,0.0,0.0,0.0,0.0,0.0,0.0,0.0,0.0,0.0,0.0,0.0,0.0,0.0,0.0,0.0,0.0,0.0,0.0
20260708_192923_786968,2026-07-08T19:29:42.003,18.216623,pose,730,stand,0.0,0.0,0.0,0.0,0.0,0.0,0.0,0.0,1.0,fake,0.0,0.0,-1.0,-0.0,0.0,0.0,0.0,4.073638916015625,9.713258743286133,12,can0:12,3.538010835647583,10.221259117126465,,"BL_hip_joint,BR_hip_joint,FL_hip_joint,FR_hip_joint,BL_thigh_joint,BR_thigh_joint,FL_thigh_joint,FR_thigh_joint,BL_calf_joint,BR_calf_joint,FL_calf_joint,FR_calf_joint",330e02f2406e129bb6ed6ec4a6c6bcd5f80d7e7799a2ab087e81eda65d2fae69,"step=000730 mode=stand  vx= 0.000 vy= 0.000 vxy= 0.000 yaw= 0.000 speed=1.00 imu=fake tilt_rp=[-0.0,+0.0]deg imu_corr=0.000 act_max= 0.000 tau_cmd= 4.074 tau_cmd_max= 9.713 cmds=12 bus=can0:12 tau_fb= 3.538 tau_fb_max= 10.221",,,,,,,,,,,,,,,,,,,,,,,,,,,,,,,,,,,,,,,,,,,,,,,,,0.0,0.0,0.0,0.0,0.0,0.0,0.0,0.0,0.0,0.0,0.0,0.0,0.0,0.0,0.0,0.0,0.0,0.0,0.0,0.0,0.0,0.0,0.0,0.0,-0.002301041502505541,-0.00076701381476596,-0.00076701381476596,0.0011505207512527704,-0.0034515620209276676,0.005369096528738737,-0.003835069015622139,0.01035468652844429,0.006519617512822151,-0.009971179068088531,0.008820658549666405,-0.013039235025644302,0.008239997550845146,-0.06454664468765259,-0.0874355286359787,0.0027466658502817154,0.009155552834272385,-0.00045777764171361923,-0.01739555038511753,-0.0,0.01144444104284048,0.025177771225571632,-0.0032044434919953346,0.001831110566854477,0.0,0.0,0.0,0.0,0.0,0.0,0.0,0.0,0.0,0.0,0.0,0.0,0.0,0.0,0.0,0.0,0.0,0.0,0.0,0.0,0.0,0.0,0.0,0.0
20260708_192923_786968,2026-07-08T19:29:42.126,18.339626,pose,735,stand,0.0,0.0,0.0,0.0,0.0,0.0,0.0,0.0,1.0,fake,0.0,0.0,-1.0,-0.0,0.0,0.0,0.0,3.7530784606933594,8.66472339630127,12,can0:12,3.544724702835083,9.463179588317871,,"BL_hip_joint,BR_hip_joint,FL_hip_joint,FR_hip_joint,BL_thigh_joint,BR_thigh_joint,FL_thigh_joint,FR_thigh_joint,BL_calf_joint,BR_calf_joint,FL_calf_joint,FR_calf_joint",330e02f2406e129bb6ed6ec4a6c6bcd5f80d7e7799a2ab087e81eda65d2fae69,"step=000735 mode=stand  vx= 0.000 vy= 0.000 vxy= 0.000 yaw= 0.000 speed=1.00 imu=fake tilt_rp=[-0.0,+0.0]deg imu_corr=0.000 act_max= 0.000 tau_cmd= 3.753 tau_cmd_max= 8.665 cmds=12 bus=can0:12 tau_fb= 3.545 tau_fb_max= 9.463",,,,,,,,,,,,,,,,,,,,,,,,,,,,,,,,,,,,,,,,,,,,,,,,,0.0,0.0,0.0,0.0,0.0,0.0,0.0,0.0,0.0,0.0,0.0,0.0,0.0,0.0,0.0,0.0,0.0,0.0,0.0,0.0,0.0,0.0,0.0,0.0,-0.0019175345078110695,-0.00076701381476596,-0.0011505207512527704,0.0011505207512527704,-0.0034515620209276676,0.005369096528738737,-0.0034515620209276676,0.01035468652844429,0.006519617512822151,-0.009971179068088531,0.009204166010022163,-0.013039235025644302,-0.012817773967981339,0.026551103219389915,-0.04303110018372536,0.0393688790500164,0.041657764464616776,-0.012817773967981339,0.06271553784608841,-0.0398266538977623,0.06683553755283356,-0.032959990203380585,-0.004119998775422573,0.032044436782598495,0.0,0.0,0.0,0.0,0.0,0.0,0.0,0.0,0.0,0.0,0.0,0.0,0.0,0.0,0.0,0.0,0.0,0.0,0.0,0.0,0.0,0.0,0.0,0.0
20260708_192923_786968,2026-07-08T19:29:42.249,18.462172,pose,740,stand,0.0,0.0,0.0,0.0,0.0,0.0,0.0,0.0,1.0,fake,0.0,0.0,-1.0,-0.0,0.0,0.0,0.0,3.725956678390503,9.821146011352539,12,can0:12,3.5770742893218994,10.455641746520996,,"BL_hip_joint,BR_hip_joint,FL_hip_joint,FR_hip_joint,BL_thigh_joint,BR_thigh_joint,FL_thigh_joint,FR_thigh_joint,BL_calf_joint,BR_calf_joint,FL_calf_joint,FR_calf_joint",330e02f2406e129bb6ed6ec4a6c6bcd5f80d7e7799a2ab087e81eda65d2fae69,"step=000740 mode=stand  vx= 0.000 vy= 0.000 vxy= 0.000 yaw= 0.000 speed=1.00 imu=fake tilt_rp=[-0.0,+0.0]deg imu_corr=0.000 act_max= 0.000 tau_cmd= 3.726 tau_cmd_max= 9.821 cmds=12 bus=can0:12 tau_fb= 3.577 tau_fb_max= 10.456",,,,,,,,,,,,,,,,,,,,,,,,,,,,,,,,,,,,,,,,,,,,,,,,,0.0,0.0,0.0,0.0,0.0,0.0,0.0,0.0,0.0,0.0,0.0,0.0,0.0,0.0,0.0,0.0,0.0,0.0,0.0,0.0,0.0,0.0,0.0,0.0,-0.0019175345078110695,-0.00038350690738298,-0.00076701381476596,0.0011505207512527704,-0.0034515620209276676,0.005369096528738737,-0.003835069015622139,0.01035468652844429,0.00613611051812768,-0.009971179068088531,0.009204166010022163,-0.012655727565288544,-0.0393688790500164,-0.002288888208568096,0.020142216235399246,-0.016479995101690292,0.02288888208568096,0.04028443247079849,-0.009613330475986004,-0.032959990203380585,-0.04577776417136192,-0.025177771225571632,0.0476088747382164,-0.009155552834272385,0.0,0.0,0.0,0.0,0.0,0.0,0.0,0.0,0.0,0.0,0.0,0.0,0.0,0.0,0.0,0.0,0.0,0.0,0.0,0.0,0.0,0.0,0.0,0.0
20260708_192923_786968,2026-07-08T19:29:42.371,18.584703,pose,745,stand,0.0,0.0,0.0,0.0,0.0,0.0,0.0,0.0,1.0,fake,0.0,0.0,-1.0,-0.0,0.0,0.0,0.0,4.5830159187316895,10.965706825256348,12,can0:12,3.551133394241333,9.060335159301758,,"BL_hip_joint,BR_hip_joint,FL_hip_joint,FR_hip_joint,BL_thigh_joint,BR_thigh_joint,FL_thigh_joint,FR_thigh_joint,BL_calf_joint,BR_calf_joint,FL_calf_joint,FR_calf_joint",330e02f2406e129bb6ed6ec4a6c6bcd5f80d7e7799a2ab087e81eda65d2fae69,"step=000745 mode=stand  vx= 0.000 vy= 0.000 vxy= 0.000 yaw= 0.000 speed=1.00 imu=fake tilt_rp=[-0.0,+0.0]deg imu_corr=0.000 act_max= 0.000 tau_cmd= 4.583 tau_cmd_max= 10.966 cmds=12 bus=can0:12 tau_fb= 3.551 tau_fb_max= 9.060",,,,,,,,,,,,,,,,,,,,,,,,,,,,,,,,,,,,,,,,,,,,,,,,,0.0,0.0,0.0,0.0,0.0,0.0,0.0,0.0,0.0,0.0,0.0,0.0,0.0,0.0,0.0,0.0,0.0,0.0,0.0,0.0,0.0,0.0,0.0,0.0,-0.0019175345078110695,-0.00076701381476596,-0.00076701381476596,0.00076701381476596,-0.003835069015622139,0.005369096528738737,-0.003835069015622139,0.01035468652844429,0.006519617512822151,-0.009971179068088531,0.008820658549666405,-0.013039235025644302,-0.10071108490228653,-0.04440443217754364,-0.004119998775422573,-0.022431105375289917,0.010986663401126862,0.04623554274439812,-0.05722220614552498,0.013275551609694958,-0.0238044373691082,-0.030671102926135063,0.030671102926135063,-0.032959990203380585,0.0,0.0,0.0,0.0,0.0,0.0,0.0,0.0,0.0,0.0,0.0,0.0,0.0,0.0,0.0,0.0,0.0,0.0,0.0,0.0,0.0,0.0,0.0,0.0
20260708_192923_786968,2026-07-08T19:29:42.494,18.707165,pose,750,stand,0.0,0.0,0.0,0.0,0.0,0.0,0.0,0.0,1.0,fake,0.0,0.0,-1.0,-0.0,0.0,0.0,0.0,3.9460506439208984,8.427851676940918,12,can0:12,3.617053747177124,9.397259712219238,,"BL_hip_joint,BR_hip_joint,FL_hip_joint,FR_hip_joint,BL_thigh_joint,BR_thigh_joint,FL_thigh_joint,FR_thigh_joint,BL_calf_joint,BR_calf_joint,FL_calf_joint,FR_calf_joint",330e02f2406e129bb6ed6ec4a6c6bcd5f80d7e7799a2ab087e81eda65d2fae69,"step=000750 mode=stand  vx= 0.000 vy= 0.000 vxy= 0.000 yaw= 0.000 speed=1.00 imu=fake tilt_rp=[-0.0,+0.0]deg imu_corr=0.000 act_max= 0.000 tau_cmd= 3.946 tau_cmd_max= 8.428 cmds=12 bus=can0:12 tau_fb= 3.617 tau_fb_max= 9.397",,,,,,,,,,,,,,,,,,,,,,,,,,,,,,,,,,,,,,,,,,,,,,,,,0.0,0.0,0.0,0.0,0.0,0.0,0.0,0.0,0.0,0.0,0.0,0.0,0.0,0.0,0.0,0.0,0.0,0.0,0.0,0.0,0.0,0.0,0.0,0.0,-0.002301041502505541,-0.00076701381476596,-0.00076701381476596,0.00076701381476596,-0.0034515620209276676,0.005369096528738737,-0.003835069015622139,0.01035468652844429,0.006519617512822151,-0.009587672539055347,0.008820658549666405,-0.013039235025644302,-0.040742211043834686,-0.008697775192558765,-0.05813775956630707,0.029755547642707825,-0.04028443247079849,-0.008239997550845146,-0.032959990203380585,-0.04348887503147125,-0.019226660951972008,0.02609332650899887,0.032959990203380585,0.037537768483161926,0.0,0.0,0.0,0.0,0.0,0.0,0.0,0.0,0.0,0.0,0.0,0.0,0.0,0.0,0.0,0.0,0.0,0.0,0.0,0.0,0.0,0.0,0.0,0.0
20260708_192923_786968,2026-07-08T19:29:42.616,18.829616,pose,755,stand,0.0,0.0,0.0,0.0,0.0,0.0,0.0,0.0,1.0,fake,0.0,0.0,-1.0,-0.0,0.0,0.0,0.0,4.150196552276611,12.754510879516602,12,can0:12,3.5917232036590576,8.664814949035645,,"BL_hip_joint,BR_hip_joint,FL_hip_joint,FR_hip_joint,BL_thigh_joint,BR_thigh_joint,FL_thigh_joint,FR_thigh_joint,BL_calf_joint,BR_calf_joint,FL_calf_joint,FR_calf_joint",330e02f2406e129bb6ed6ec4a6c6bcd5f80d7e7799a2ab087e81eda65d2fae69,"step=000755 mode=stand  vx= 0.000 vy= 0.000 vxy= 0.000 yaw= 0.000 speed=1.00 imu=fake tilt_rp=[-0.0,+0.0]deg imu_corr=0.000 act_max= 0.000 tau_cmd= 4.150 tau_cmd_max= 12.755 cmds=12 bus=can0:12 tau_fb= 3.592 tau_fb_max= 8.665",,,,,,,,,,,,,,,,,,,,,,,,,,,,,,,,,,,,,,,,,,,,,,,,,0.0,0.0,0.0,0.0,0.0,0.0,0.0,0.0,0.0,0.0,0.0,0.0,0.0,0.0,0.0,0.0,0.0,0.0,0.0,0.0,0.0,0.0,0.0,0.0,-0.0019175345078110695,-0.00076701381476596,-0.00076701381476596,0.0011505207512527704,-0.0034515620209276676,0.005369096528738737,-0.003835069015622139,0.01035468652844429,0.006519617512822151,-0.009971179068088531,0.008820658549666405,-0.012655727565288544,0.04257332161068916,0.04943998530507088,0.010528885759413242,0.008239997550845146,-0.012817773967981339,0.01144444104284048,-0.016479995101690292,-0.002288888208568096,-0.00045777764171361923,-0.053559985011816025,0.016937773674726486,-0.09063997119665146,0.0,0.0,0.0,0.0,0.0,0.0,0.0,0.0,0.0,0.0,0.0,0.0,0.0,0.0,0.0,0.0,0.0,0.0,0.0,0.0,0.0,0.0,0.0,0.0
20260708_192923_786968,2026-07-08T19:29:42.738,18.951908,pose,760,stand,0.0,0.0,0.0,0.0,0.0,0.0,0.0,0.0,1.0,fake,0.0,0.0,-1.0,-0.0,0.0,0.0,0.0,3.9903805255889893,8.173188209533691,12,can0:12,3.7186803817749023,9.770806312561035,,"BL_hip_joint,BR_hip_joint,FL_hip_joint,FR_hip_joint,BL_thigh_joint,BR_thigh_joint,FL_thigh_joint,FR_thigh_joint,BL_calf_joint,BR_calf_joint,FL_calf_joint,FR_calf_joint",330e02f2406e129bb6ed6ec4a6c6bcd5f80d7e7799a2ab087e81eda65d2fae69,"step=000760 mode=stand  vx= 0.000 vy= 0.000 vxy= 0.000 yaw= 0.000 speed=1.00 imu=fake tilt_rp=[-0.0,+0.0]deg imu_corr=0.000 act_max= 0.000 tau_cmd= 3.990 tau_cmd_max= 8.173 cmds=12 bus=can0:12 tau_fb= 3.719 tau_fb_max= 9.771",,,,,,,,,,,,,,,,,,,,,,,,,,,,,,,,,,,,,,,,,,,,,,,,,0.0,0.0,0.0,0.0,0.0,0.0,0.0,0.0,0.0,0.0,0.0,0.0,0.0,0.0,0.0,0.0,0.0,0.0,0.0,0.0,0.0,0.0,0.0,0.0,-0.0019175345078110695,-0.00076701381476596,-0.00076701381476596,0.0011505207512527704,-0.0034515620209276676,0.005369096528738737,-0.003835069015622139,0.01035468652844429,0.006519617512822151,-0.009971179068088531,0.008820658549666405,-0.012655727565288544,-0.03021332435309887,-0.002288888208568096,-0.09201330691576004,-0.03662221133708954,-0.018768884241580963,-0.03799554333090782,-0.02151555009186268,-0.002288888208568096,0.013275551609694958,-0.004119998775422573,0.029755547642707825,0.03662221133708954,0.0,0.0,0.0,0.0,0.0,0.0,0.0,0.0,0.0,0.0,0.0,0.0,0.0,0.0,0.0,0.0,0.0,0.0,0.0,0.0,0.0,0.0,0.0,0.0
20260708_192923_786968,2026-07-08T19:29:42.862,19.075786,pose,765,stand,0.0,0.0,0.0,0.0,0.0,0.0,0.0,0.0,1.0,fake,0.0,0.0,-1.0,-0.0,0.0,0.0,0.0,3.9274466037750244,9.960453033447266,12,can0:12,3.7174596786499023,9.276406288146973,,"BL_hip_joint,BR_hip_joint,FL_hip_joint,FR_hip_joint,BL_thigh_joint,BR_thigh_joint,FL_thigh_joint,FR_thigh_joint,BL_calf_joint,BR_calf_joint,FL_calf_joint,FR_calf_joint",330e02f2406e129bb6ed6ec4a6c6bcd5f80d7e7799a2ab087e81eda65d2fae69,"step=000765 mode=stand  vx= 0.000 vy= 0.000 vxy= 0.000 yaw= 0.000 speed=1.00 imu=fake tilt_rp=[-0.0,+0.0]deg imu_corr=0.000 act_max= 0.000 tau_cmd= 3.927 tau_cmd_max= 9.960 cmds=12 bus=can0:12 tau_fb= 3.717 tau_fb_max= 9.276",,,,,,,,,,,,,,,,,,,,,,,,,,,,,,,,,,,,,,,,,,,,,,,,,0.0,0.0,0.0,0.0,0.0,0.0,0.0,0.0,0.0,0.0,0.0,0.0,0.0,0.0,0.0,0.0,0.0,0.0,0.0,0.0,0.0,0.0,0.0,0.0,-0.0019175345078110695,-0.00076701381476596,-0.00076701381476596,0.0011505207512527704,-0.0034515620209276676,0.005369096528738737,-0.003835069015622139,0.01035468652844429,0.006519617512822151,-0.009971179068088531,0.008820658549666405,-0.013039235025644302,0.016022218391299248,-0.022431105375289917,0.0013733329251408577,0.013733329251408577,-0.04989776387810707,-0.03799554333090782,0.014648884534835815,0.0119022186845541,0.027466658502817154,-0.04348887503147125,-0.009155552834272385,-0.0050355540588498116,0.0,0.0,0.0,0.0,0.0,0.0,0.0,0.0,0.0,0.0,0.0,0.0,0.0,0.0,0.0,0.0,0.0,0.0,0.0,0.0,0.0,0.0,0.0,0.0
20260708_192923_786968,2026-07-08T19:29:42.985,19.198697,pose,770,stand,0.0,0.0,0.0,0.0,0.0,0.0,0.0,0.0,1.0,fake,0.0,0.0,-1.0,-0.0,0.0,0.0,0.0,3.4311916828155518,11.28782844543457,12,can0:12,3.672597646713257,10.635089874267578,,"BL_hip_joint,BR_hip_joint,FL_hip_joint,FR_hip_joint,BL_thigh_joint,BR_thigh_joint,FL_thigh_joint,FR_thigh_joint,BL_calf_joint,BR_calf_joint,FL_calf_joint,FR_calf_joint",330e02f2406e129bb6ed6ec4a6c6bcd5f80d7e7799a2ab087e81eda65d2fae69,"step=000770 mode=stand  vx= 0.000 vy= 0.000 vxy= 0.000 yaw= 0.000 speed=1.00 imu=fake tilt_rp=[-0.0,+0.0]deg imu_corr=0.000 act_max= 0.000 tau_cmd= 3.431 tau_cmd_max= 11.288 cmds=12 bus=can0:12 tau_fb= 3.673 tau_fb_max= 10.635",,,,,,,,,,,,,,,,,,,,,,,,,,,,,,,,,,,,,,,,,,,,,,,,,0.0,0.0,0.0,0.0,0.0,0.0,0.0,0.0,0.0,0.0,0.0,0.0,0.0,0.0,0.0,0.0,0.0,0.0,0.0,0.0,0.0,0.0,0.0,0.0,-0.0019175345078110695,-0.00076701381476596,-0.00076701381476596,0.0011505207512527704,-0.0034515620209276676,0.005369096528738737,-0.003835069015622139,0.01035468652844429,0.00613611051812768,-0.009587672539055347,0.008820658549666405,-0.012655727565288544,-0.028382213786244392,0.0119022186845541,-0.03341776877641678,0.021973326802253723,-0.0032044434919953346,0.006408886983990669,0.03479110077023506,-0.02059999480843544,-0.006408886983990669,0.03250221163034439,-0.08377330750226974,-0.04989776387810707,0.0,0.0,0.0,0.0,0.0,0.0,0.0,0.0,0.0,0.0,0.0,0.0,0.0,0.0,0.0,0.0,0.0,0.0,0.0,0.0,0.0,0.0,0.0,0.0
20260708_192923_786968,2026-07-08T19:29:43.108,19.321473,pose,775,stand,0.0,0.0,0.0,0.0,0.0,0.0,0.0,0.0,1.0,fake,0.0,0.0,-1.0,-0.0,0.0,0.0,0.0,3.8418896198272705,9.409156799316406,12,can0:12,3.617969512939453,10.679037094116211,,"BL_hip_joint,BR_hip_joint,FL_hip_joint,FR_hip_joint,BL_thigh_joint,BR_thigh_joint,FL_thigh_joint,FR_thigh_joint,BL_calf_joint,BR_calf_joint,FL_calf_joint,FR_calf_joint",330e02f2406e129bb6ed6ec4a6c6bcd5f80d7e7799a2ab087e81eda65d2fae69,"step=000775 mode=stand  vx= 0.000 vy= 0.000 vxy= 0.000 yaw= 0.000 speed=1.00 imu=fake tilt_rp=[-0.0,+0.0]deg imu_corr=0.000 act_max= 0.000 tau_cmd= 3.842 tau_cmd_max= 9.409 cmds=12 bus=can0:12 tau_fb= 3.618 tau_fb_max= 10.679",,,,,,,,,,,,,,,,,,,,,,,,,,,,,,,,,,,,,,,,,,,,,,,,,0.0,0.0,0.0,0.0,0.0,0.0,0.0,0.0,0.0,0.0,0.0,0.0,0.0,0.0,0.0,0.0,0.0,0.0,0.0,0.0,0.0,0.0,0.0,0.0,-0.0019175345078110695,-0.00038350690738298,-0.00076701381476596,0.0011505207512527704,-0.0034515620209276676,0.005369096528738737,-0.003835069015622139,0.01035468652844429,0.00613611051812768,-0.009971179068088531,0.008820658549666405,-0.012655727565288544,-0.009155552834272385,-0.037537768483161926,0.059053316712379456,0.004577776417136192,0.05859553813934326,-0.020142216235399246,0.08331552892923355,0.035248879343271255,-0.012817773967981339,-0.02059999480843544,0.05172887444496155,0.002288888208568096,0.0,0.0,0.0,0.0,0.0,0.0,0.0,0.0,0.0,0.0,0.0,0.0,0.0,0.0,0.0,0.0,0.0,0.0,0.0,0.0,0.0,0.0,0.0,0.0
20260708_192923_786968,2026-07-08T19:29:43.232,19.445980,pose,780,stand,0.0,0.0,0.0,0.0,0.0,0.0,0.0,0.0,1.0,fake,0.0,0.0,-1.0,-0.0,0.0,0.0,0.0,3.8101418018341064,10.388921737670898,12,can0:12,3.630786895751953,9.049348831176758,,"BL_hip_joint,BR_hip_joint,FL_hip_joint,FR_hip_joint,BL_thigh_joint,BR_thigh_joint,FL_thigh_joint,FR_thigh_joint,BL_calf_joint,BR_calf_joint,FL_calf_joint,FR_calf_joint",330e02f2406e129bb6ed6ec4a6c6bcd5f80d7e7799a2ab087e81eda65d2fae69,"step=000780 mode=stand  vx= 0.000 vy= 0.000 vxy= 0.000 yaw= 0.000 speed=1.00 imu=fake tilt_rp=[-0.0,+0.0]deg imu_corr=0.000 act_max= 0.000 tau_cmd= 3.810 tau_cmd_max= 10.389 cmds=12 bus=can0:12 tau_fb= 3.631 tau_fb_max= 9.049",,,,,,,,,,,,,,,,,,,,,,,,,,,,,,,,,,,,,,,,,,,,,,,,,0.0,0.0,0.0,0.0,0.0,0.0,0.0,0.0,0.0,0.0,0.0,0.0,0.0,0.0,0.0,0.0,0.0,0.0,0.0,0.0,0.0,0.0,0.0,0.0,-0.0019175345078110695,-0.00076701381476596,-0.00076701381476596,0.00076701381476596,-0.0034515620209276676,0.005369096528738737,-0.003835069015622139,0.01035468652844429,0.006519617512822151,-0.009971179068088531,0.00843715202063322,-0.013039235025644302,0.009155552834272385,0.050355542451143265,-0.0009155552834272385,0.003662221133708954,-0.02929776906967163,0.050355542451143265,0.0714133158326149,0.0119022186845541,0.031128879636526108,-0.016022218391299248,-0.06271553784608841,-0.016937773674726486,0.0,0.0,0.0,0.0,0.0,0.0,0.0,0.0,0.0,0.0,0.0,0.0,0.0,0.0,0.0,0.0,0.0,0.0,0.0,0.0,0.0,0.0,0.0,0.0
20260708_192923_786968,2026-07-08T19:29:43.349,19.562363,pose,785,stand,0.0,0.0,0.0,0.0,0.0,0.0,0.0,0.0,1.0,fake,0.0,0.0,-1.0,-0.0,0.0,0.0,0.0,4.314479351043701,9.557472229003906,12,can0:12,3.5050508975982666,9.844050407409668,,"BL_hip_joint,BR_hip_joint,FL_hip_joint,FR_hip_joint,BL_thigh_joint,BR_thigh_joint,FL_thigh_joint,FR_thigh_joint,BL_calf_joint,BR_calf_joint,FL_calf_joint,FR_calf_joint",330e02f2406e129bb6ed6ec4a6c6bcd5f80d7e7799a2ab087e81eda65d2fae69,"step=000785 mode=stand  vx= 0.000 vy= 0.000 vxy= 0.000 yaw= 0.000 speed=1.00 imu=fake tilt_rp=[-0.0,+0.0]deg imu_corr=0.000 act_max= 0.000 tau_cmd= 4.314 tau_cmd_max= 9.557 cmds=12 bus=can0:12 tau_fb= 3.505 tau_fb_max= 9.844",,,,,,,,,,,,,,,,,,,,,,,,,,,,,,,,,,,,,,,,,,,,,,,,,0.0,0.0,0.0,0.0,0.0,0.0,0.0,0.0,0.0,0.0,0.0,0.0,0.0,0.0,0.0,0.0,0.0,0.0,0.0,0.0,0.0,0.0,0.0,0.0,-0.0019175345078110695,-0.00076701381476596,-0.00076701381476596,0.0011505207512527704,-0.0034515620209276676,0.005369096528738737,-0.003835069015622139,0.01035468652844429,0.00613611051812768,-0.009587672539055347,0.008820658549666405,-0.012655727565288544,-0.027924437075853348,0.010528885759413242,0.02059999480843544,0.07553330808877945,-0.016479995101690292,0.06866664439439774,-0.04028443247079849,0.02059999480843544,-0.0631733164191246,-0.003662221133708954,0.07782220095396042,-0.001831110566854477,0.0,0.0,0.0,0.0,0.0,0.0,0.0,0.0,0.0,0.0,0.0,0.0,0.0,0.0,0.0,0.0,0.0,0.0,0.0,0.0,0.0,0.0,0.0,0.0
20260708_192923_786968,2026-07-08T19:29:43.501,19.714732,pose,790,sit,0.0,0.0,0.0,0.0,0.0,0.0,0.0,0.0,1.0,fake,0.0,0.0,-1.0,-0.0,0.0,0.0,0.0,3.1030941009521484,9.2506742477417,12,can0:12,2.3511459827423096,7.917722225189209,,"BL_hip_joint,BR_hip_joint,FL_hip_joint,FR_hip_joint,BL_thigh_joint,BR_thigh_joint,FL_thigh_joint,FR_thigh_joint,BL_calf_joint,BR_calf_joint,FL_calf_joint,FR_calf_joint",330e02f2406e129bb6ed6ec4a6c6bcd5f80d7e7799a2ab087e81eda65d2fae69,"step=000790 mode=sit    vx= 0.000 vy= 0.000 vxy= 0.000 yaw= 0.000 speed=1.00 imu=fake tilt_rp=[-0.0,+0.0]deg imu_corr=0.000 act_max= 0.000 tau_cmd= 3.103 tau_cmd_max= 9.251 cmds=12 bus=can0:12 tau_fb= 2.351 tau_fb_max= 7.918",,,,,,,,,,,,,,,,,,,,,,,,,,,,,,,,,,,,,,,,,,,,,,,,,0.0,0.0,0.0,0.0,0.0,0.0,0.0,0.0,0.0,0.0,0.0,0.0,0.0,0.0,0.0,0.0,0.0,0.0,0.0,0.0,0.0,0.0,0.0,0.0,-0.0026845482643693686,-0.00076701381476596,-0.00076701381476596,0.00076701381476596,-0.005369096528738737,0.006903124041855335,-0.004985589534044266,0.011888713575899601,0.009971179068088531,-0.015340276062488556,0.01418975554406643,-0.02070937305688858,0.10483107715845108,-0.020142216235399246,-0.05722220614552498,0.016022218391299248,-0.07644886523485184,0.010528885759413242,-0.05264442786574364,0.006408886983990669,0.10483107715845108,0.0398266538977623,0.029755547642707825,-0.09887997061014175,-0.0019169861916452646,-0.000766794488299638,-0.000766794488299638,0.000766794488299638,-0.0036909980699419975,0.005224586930125952,-0.0036909980699419975,0.010208751074969769,0.0069867093116045,-0.010437283664941788,0.0092870919033885,-0.013121064752340317,0.0,0.0,0.0,0.0,0.0,0.0,0.0,0.0,0.0,0.0,0.0,0.0
20260708_192923_786968,2026-07-08T19:29:43.630,19.843315,pose,795,sit,0.0,0.0,0.0,0.0,0.0,0.0,0.0,0.0,1.0,fake,0.0,0.0,-1.0,-0.0,0.0,0.0,0.0,3.8582141399383545,8.904948234558105,12,can0:12,3.5019989013671875,6.617633819580078,,"BL_hip_joint,BR_hip_joint,FL_hip_joint,FR_hip_joint,BL_thigh_joint,BR_thigh_joint,FL_thigh_joint,FR_thigh_joint,BL_calf_joint,BR_calf_joint,FL_calf_joint,FR_calf_joint",330e02f2406e129bb6ed6ec4a6c6bcd5f80d7e7799a2ab087e81eda65d2fae69,"step=000795 mode=sit    vx= 0.000 vy= 0.000 vxy= 0.000 yaw= 0.000 speed=1.00 imu=fake tilt_rp=[-0.0,+0.0]deg imu_corr=0.000 act_max= 0.000 tau_cmd= 3.858 tau_cmd_max= 8.905 cmds=12 bus=can0:12 tau_fb= 3.502 tau_fb_max= 6.618",,,,,,,,,,,,,,,,,,,,,,,,,,,,,,,,,,,,,,,,,,,,,,,,,0.0,0.0,0.0,0.0,0.0,0.0,0.0,0.0,0.0,0.0,0.0,0.0,0.0,0.0,0.0,0.0,0.0,0.0,0.0,0.0,0.0,0.0,0.0,0.0,-0.0034515620209276676,-0.0011505207512527704,-0.00076701381476596,0.00153402762953192,-0.009587672539055347,0.011121700517833233,-0.008820658549666405,0.016490796580910683,0.011888713575899601,-0.018791837617754936,0.016490796580910683,-0.023393921554088593,0.03387554734945297,-0.01831110566854477,0.06683553755283356,0.04119998961687088,-0.015564439818263054,-0.03479110077023506,-0.03433332219719887,0.08606220036745071,0.006408886983990669,-0.0068666646257042885,0.10849329829216003,-0.07232886552810669,-0.0019147815182805061,-0.0007659125840291381,-0.0007659125840291381,0.0007659125840291381,-0.0031117021571844816,0.004643527325242758,-0.0031117021571844816,0.009621959179639816,0.008864840492606163,-0.012311446480453014,0.011162578128278255,-0.014992140233516693,0.0,0.0,0.0,0.0,0.0,0.0,0.0,0.0,0.0,0.0,0.0,0.0
20260708_192923_786968,2026-07-08T19:29:43.754,19.967371,pose,800,sit,0.0,0.0,0.0,0.0,0.0,0.0,0.0,0.0,1.0,fake,0.0,0.0,-1.0,-0.0,0.0,0.0,0.0,3.633986711502075,7.938303470611572,12,can0:12,3.2883694171905518,6.460157871246338,,"BL_hip_joint,BR_hip_joint,FL_hip_joint,FR_hip_joint,BL_thigh_joint,BR_thigh_joint,FL_thigh_joint,FR_thigh_joint,BL_calf_joint,BR_calf_joint,FL_calf_joint,FR_calf_joint",330e02f2406e129bb6ed6ec4a6c6bcd5f80d7e7799a2ab087e81eda65d2fae69,"step=000800 mode=sit    vx= 0.000 vy= 0.000 vxy= 0.000 yaw= 0.000 speed=1.00 imu=fake tilt_rp=[-0.0,+0.0]deg imu_corr=0.000 act_max= 0.000 tau_cmd= 3.634 tau_cmd_max= 7.938 cmds=12 bus=can0:12 tau_fb= 3.288 tau_fb_max= 6.460",,,,,,,,,,,,,,,,,,,,,,,,,,,,,,,,,,,,,,,,,,,,,,,,,0.0,0.0,0.0,0.0,0.0,0.0,0.0,0.0,0.0,0.0,0.0,0.0,0.0,0.0,0.0,0.0,0.0,0.0,0.0,0.0,0.0,0.0,0.0,0.0,-0.0034515620209276676,-0.0011505207512527704,-0.0011505207512527704,0.0011505207512527704,-0.011121700517833233,0.012655727565288544,-0.009971179068088531,0.01764131709933281,0.01380624808371067,-0.02147638611495495,0.019558852538466454,-0.026078470051288605,0.041657764464616776,0.040742211043834686,0.07324442267417908,-0.04669332131743431,0.021057771518826485,0.010528885759413242,0.019226660951972008,0.05081331729888916,-0.10620441287755966,0.0027466658502817154,0.0398266538977623,-0.05767998471856117,-0.0019109280547127128,-0.0007643711869604886,-0.0007643711869604886,0.0007643711869604886,-0.002099200151860714,0.003627942642197013,-0.002099200151860714,0.008596356026828289,0.012147465720772743,-0.015587136149406433,0.01444057933986187,-0.018262434750795364,0.0,0.0,0.0,0.0,0.0,0.0,0.0,0.0,0.0,0.0,0.0,0.0
20260708_192923_786968,2026-07-08T19:29:43.876,20.089726,pose,805,sit,0.0,0.0,0.0,0.0,0.0,0.0,0.0,0.0,1.0,fake,0.0,0.0,-1.0,-0.0,0.0,0.0,0.0,3.109434127807617,6.575412750244141,12,can0:12,3.094271659851074,7.979979991912842,,"BL_hip_joint,BR_hip_joint,FL_hip_joint,FR_hip_joint,BL_thigh_joint,BR_thigh_joint,FL_thigh_joint,FR_thigh_joint,BL_calf_joint,BR_calf_joint,FL_calf_joint,FR_calf_joint",330e02f2406e129bb6ed6ec4a6c6bcd5f80d7e7799a2ab087e81eda65d2fae69,"step=000805 mode=sit    vx= 0.000 vy= 0.000 vxy= 0.000 yaw= 0.000 speed=1.00 imu=fake tilt_rp=[-0.0,+0.0]deg imu_corr=0.000 act_max= 0.000 tau_cmd= 3.109 tau_cmd_max= 6.575 cmds=12 bus=can0:12 tau_fb= 3.094 tau_fb_max= 7.980",,,,,,,,,,,,,,,,,,,,,,,,,,,,,,,,,,,,,,,,,,,,,,,,,0.0,0.0,0.0,0.0,0.0,0.0,0.0,0.0,0.0,0.0,0.0,0.0,0.0,0.0,0.0,0.0,0.0,0.0,0.0,0.0,0.0,0.0,0.0,0.0,-0.0034515620209276676,-0.0011505207512527704,-0.0011505207512527704,0.0011505207512527704,-0.009971179068088531,0.011121700517833233,-0.008053644560277462,0.015723783522844315,0.016490796580910683,-0.025311455130577087,0.023393921554088593,-0.029530031606554985,-0.026551103219389915,-0.0119022186845541,-0.0009155552834272385,-0.010071108117699623,-0.022431105375289917,0.05859553813934326,0.0398266538977623,-0.004577776417136192,-0.02288888208568096,-0.07003998011350632,0.0398266538977623,0.03799554333090782,-0.0019054680597037077,-0.0007621872355230153,-0.0007621872355230153,0.0007621872355230153,-0.0006645899266004562,0.0021889645140618086,-0.0006645899266004562,0.007143181748688221,0.016798608005046844,-0.020228449255228043,0.019085168838500977,-0.02289610356092453,0.0,0.0,0.0,0.0,0.0,0.0,0.0,0.0,0.0,0.0,0.0,0.0
20260708_192923_786968,2026-07-08T19:29:44.000,20.213172,pose,810,sit,0.0,0.0,0.0,0.0,0.0,0.0,0.0,0.0,1.0,fake,0.0,0.0,-1.0,-0.0,0.0,0.0,0.0,3.1660821437835693,7.719279766082764,12,can0:12,3.388470411300659,8.481703758239746,,"BL_hip_joint,BR_hip_joint,FL_hip_joint,FR_hip_joint,BL_thigh_joint,BR_thigh_joint,FL_thigh_joint,FR_thigh_joint,BL_calf_joint,BR_calf_joint,FL_calf_joint,FR_calf_joint",330e02f2406e129bb6ed6ec4a6c6bcd5f80d7e7799a2ab087e81eda65d2fae69,"step=000810 mode=sit    vx= 0.000 vy= 0.000 vxy= 0.000 yaw= 0.000 speed=1.00 imu=fake tilt_rp=[-0.0,+0.0]deg imu_corr=0.000 act_max= 0.000 tau_cmd= 3.166 tau_cmd_max= 7.719 cmds=12 bus=can0:12 tau_fb= 3.388 tau_fb_max= 8.482",,,,,,,,,,,,,,,,,,,,,,,,,,,,,,,,,,,,,,,,,,,,,,,,,0.0,0.0,0.0,0.0,0.0,0.0,0.0,0.0,0.0,0.0,0.0,0.0,0.0,0.0,0.0,0.0,0.0,0.0,0.0,0.0,0.0,0.0,0.0,0.0,-0.0034515620209276676,-0.0011505207512527704,-0.0011505207512527704,0.0011505207512527704,-0.008820658549666405,0.009587672539055347,-0.006519617512822151,0.01380624808371067,0.02109287865459919,-0.030680552124977112,0.029146524146199226,-0.03528263419866562,0.051271095871925354,-0.0315866582095623,-0.02151555009186268,-0.00595110934227705,0.02700888179242611,-0.022431105375289917,0.021057771518826485,-0.04211554303765297,-0.013275551609694958,-0.037537768483161926,0.10574663430452347,-0.08056886494159698,-0.001898443792015314,-0.0007593775517307222,-0.0007593775517307222,0.0007593775517307222,0.0011810320429503918,0.00033772317692637444,0.0011810320429503918,0.005273677408695221,0.022782284766435623,-0.02619948424398899,0.025060417130589485,-0.028857305645942688,0.0,0.0,0.0,0.0,0.0,0.0,0.0,0.0,0.0,0.0,0.0,0.0
20260708_192923_786968,2026-07-08T19:29:44.123,20.336241,pose,815,sit,0.0,0.0,0.0,0.0,0.0,0.0,0.0,0.0,1.0,fake,0.0,0.0,-1.0,-0.0,0.0,0.0,0.0,2.625640630722046,4.357542991638184,12,can0:12,3.5074923038482666,7.862788677215576,,"BL_hip_joint,BR_hip_joint,FL_hip_joint,FR_hip_joint,BL_thigh_joint,BR_thigh_joint,FL_thigh_joint,FR_thigh_joint,BL_calf_joint,BR_calf_joint,FL_calf_joint,FR_calf_joint",330e02f2406e129bb6ed6ec4a6c6bcd5f80d7e7799a2ab087e81eda65d2fae69,"step=000815 mode=sit    vx= 0.000 vy= 0.000 vxy= 0.000 yaw= 0.000 speed=1.00 imu=fake tilt_rp=[-0.0,+0.0]deg imu_corr=0.000 act_max= 0.000 tau_cmd= 2.626 tau_cmd_max= 4.358 cmds=12 bus=can0:12 tau_fb= 3.507 tau_fb_max= 7.863",,,,,,,,,,,,,,,,,,,,,,,,,,,,,,,,,,,,,,,,,,,,,,,,,0.0,0.0,0.0,0.0,0.0,0.0,0.0,0.0,0.0,0.0,0.0,0.0,0.0,0.0,0.0,0.0,0.0,0.0,0.0,0.0,0.0,0.0,0.0,0.0,-0.003835069015622139,-0.0011505207512527704,-0.00076701381476596,0.00076701381476596,-0.008053644560277462,0.008053644560277462,-0.005369096528738737,0.01227222103625536,0.02837951108813286,-0.036433156579732895,0.03489912673830986,-0.0410352386534214,-0.02059999480843544,-0.03707998991012573,0.0714133158326149,0.00045777764171361923,0.044862210750579834,-0.01739555038511753,0.04440443217754364,-0.10116885602474213,0.06179998070001602,-0.05859553813934326,0.04943998530507088,-0.0032044434919953346,-0.001889897626824677,-0.0007559590740129352,-0.0007559590740129352,0.0007559590740129352,0.003426568116992712,-0.001914649736136198,0.003426568116992712,0.0029990840703248978,0.030062522739171982,-0.03346433863043785,0.03233040124177933,-0.03611019253730774,0.0,0.0,0.0,0.0,0.0,0.0,0.0,0.0,0.0,0.0,0.0,0.0
20260708_192923_786968,2026-07-08T19:29:44.245,20.458628,pose,820,sit,0.0,0.0,0.0,0.0,0.0,0.0,0.0,0.0,1.0,fake,0.0,0.0,-1.0,-0.0,0.0,0.0,0.0,3.260167121887207,6.602900981903076,12,can0:12,3.3399455547332764,6.793420314788818,,"BL_hip_joint,BR_hip_joint,FL_hip_joint,FR_hip_joint,BL_thigh_joint,BR_thigh_joint,FL_thigh_joint,FR_thigh_joint,BL_calf_joint,BR_calf_joint,FL_calf_joint,FR_calf_joint",330e02f2406e129bb6ed6ec4a6c6bcd5f80d7e7799a2ab087e81eda65d2fae69,"step=000820 mode=sit    vx= 0.000 vy= 0.000 vxy= 0.000 yaw= 0.000 speed=1.00 imu=fake tilt_rp=[-0.0,+0.0]deg imu_corr=0.000 act_max= 0.000 tau_cmd= 3.260 tau_cmd_max= 6.603 cmds=12 bus=can0:12 tau_fb= 3.340 tau_fb_max= 6.793",,,,,,,,,,,,,,,,,,,,,,,,,,,,,,,,,,,,,,,,,,,,,,,,,0.0,0.0,0.0,0.0,0.0,0.0,0.0,0.0,0.0,0.0,0.0,0.0,0.0,0.0,0.0,0.0,0.0,0.0,0.0,0.0,0.0,0.0,0.0,0.0,-0.0034515620209276676,-0.0011505207512527704,-0.00076701381476596,0.00076701381476596,-0.006519617512822151,0.00613611051812768,-0.00306805525906384,0.009971179068088531,0.037200167775154114,-0.043336279690265656,0.04180225357413292,-0.04870537668466568,0.0027466658502817154,0.02288888208568096,0.051271095871925354,-0.017853328958153725,-0.008697775192558765,0.0196844395250082,0.007324442267417908,-0.06454664468765259,0.09979552775621414,-0.04028443247079849,0.10666219145059586,-0.08285775035619736,-0.0018798715900629759,-0.0007519486243836582,-0.0007519486243836582,0.0007519486243836582,0.0060609206557273865,-0.004557022359222174,0.0060609206557273865,0.00033064279705286026,0.03860333561897278,-0.041987109929323196,0.04085918515920639,-0.04461892694234848,0.0,0.0,0.0,0.0,0.0,0.0,0.0,0.0,0.0,0.0,0.0,0.0
20260708_192923_786968,2026-07-08T19:29:44.368,20.581193,pose,825,sit,0.0,0.0,0.0,0.0,0.0,0.0,0.0,0.0,1.0,fake,0.0,0.0,-1.0,-0.0,0.0,0.0,0.0,2.556229829788208,5.327169895172119,12,can0:12,3.4900963306427,7.676015377044678,,"BL_hip_joint,BR_hip_joint,FL_hip_joint,FR_hip_joint,BL_thigh_joint,BR_thigh_joint,FL_thigh_joint,FR_thigh_joint,BL_calf_joint,BR_calf_joint,FL_calf_joint,FR_calf_joint",330e02f2406e129bb6ed6ec4a6c6bcd5f80d7e7799a2ab087e81eda65d2fae69,"step=000825 mode=sit    vx= 0.000 vy= 0.000 vxy= 0.000 yaw= 0.000 speed=1.00 imu=fake tilt_rp=[-0.0,+0.0]deg imu_corr=0.000 act_max= 0.000 tau_cmd= 2.556 tau_cmd_max= 5.327 cmds=12 bus=can0:12 tau_fb= 3.490 tau_fb_max= 7.676",,,,,,,,,,,,,,,,,,,,,,,,,,,,,,,,,,,,,,,,,,,,,,,,,0.0,0.0,0.0,0.0,0.0,0.0,0.0,0.0,0.0,0.0,0.0,0.0,0.0,0.0,0.0,0.0,0.0,0.0,0.0,0.0,0.0,0.0,0.0,0.0,-0.0034515620209276676,-0.0011505207512527704,-0.00076701381476596,0.00076701381476596,-0.003835069015622139,0.0026845482643693686,-0.0,0.006903124041855335,0.04602082818746567,-0.05292395129799843,0.050239402800798416,-0.057909540832042694,0.07553330808877945,0.021973326802253723,0.0013733329251408577,0.01739555038511753,0.03387554734945297,-0.032959990203380585,-0.021973326802253723,-0.01235999632626772,0.12176885455846786,-0.04440443217754364,0.021057771518826485,-0.023346660658717155,-0.0018684080569073558,-0.000747363199479878,-0.000747363199479878,0.000747363199479878,0.009072992950677872,-0.0075782653875648975,0.009072992950677872,-0.0027204053476452827,0.04836875945329666,-0.0517318919301033,0.050610847771167755,-0.05434766411781311,0.0,0.0,0.0,0.0,0.0,0.0,0.0,0.0,0.0,0.0,0.0,0.0
20260708_192923_786968,2026-07-08T19:29:44.491,20.704283,pose,830,sit,0.0,0.0,0.0,0.0,0.0,0.0,0.0,0.0,1.0,fake,0.0,0.0,-1.0,-0.0,0.0,0.0,0.0,2.345966100692749,5.647487163543701,12,can0:12,3.369853973388672,7.324442386627197,,"BL_hip_joint,BR_hip_joint,FL_hip_joint,FR_hip_joint,BL_thigh_joint,BR_thigh_joint,FL_thigh_joint,FR_thigh_joint,BL_calf_joint,BR_calf_joint,FL_calf_joint,FR_calf_joint",330e02f2406e129bb6ed6ec4a6c6bcd5f80d7e7799a2ab087e81eda65d2fae69,"step=000830 mode=sit    vx= 0.000 vy= 0.000 vxy= 0.000 yaw= 0.000 speed=1.00 imu=fake tilt_rp=[-0.0,+0.0]deg imu_corr=0.000 act_max= 0.000 tau_cmd= 2.346 tau_cmd_max= 5.647 cmds=12 bus=can0:12 tau_fb= 3.370 tau_fb_max= 7.324",,,,,,,,,,,,,,,,,,,,,,,,,,,,,,,,,,,,,,,,,,,,,,,,,0.0,0.0,0.0,0.0,0.0,0.0,0.0,0.0,0.0,0.0,0.0,0.0,0.0,0.0,0.0,0.0,0.0,0.0,0.0,0.0,0.0,0.0,0.0,0.0,-0.003835069015622139,-0.0011505207512527704,-0.0011505207512527704,0.00076701381476596,-0.0011505207512527704,-0.00076701381476596,0.003835069015622139,0.0026845482643693686,0.05560849979519844,-0.06366214901208878,0.06212811917066574,-0.06826423108577728,0.016479995101690292,-0.014648884534835815,-0.001831110566854477,0.05951109528541565,0.08331552892923355,-0.13000884652137756,0.07644886523485184,-0.062257759273052216,0.0238044373691082,-0.08331552892923355,0.11627551913261414,-0.09430219233036041,-0.001855549169704318,-0.0007422196795232594,-0.0007422196795232594,0.0007422196795232594,0.012451687827706337,-0.010967245325446129,0.012451687827706337,-0.006142819300293922,0.059322796761989594,-0.06266279518604279,0.061549462378025055,-0.06526055932044983,0.0,0.0,0.0,0.0,0.0,0.0,0.0,0.0,0.0,0.0,0.0,0.0
20260708_192923_786968,2026-07-08T19:29:44.614,20.827145,pose,835,sit,0.0,0.0,0.0,0.0,0.0,0.0,0.0,0.0,1.0,fake,0.0,0.0,-1.0,-0.0,0.0,0.0,0.0,2.5491435527801514,5.552623748779297,12,can0:12,3.0436108112335205,7.760246753692627,,"BL_hip_joint,BR_hip_joint,FL_hip_joint,FR_hip_joint,BL_thigh_joint,BR_thigh_joint,FL_thigh_joint,FR_thigh_joint,BL_calf_joint,BR_calf_joint,FL_calf_joint,FR_calf_joint",330e02f2406e129bb6ed6ec4a6c6bcd5f80d7e7799a2ab087e81eda65d2fae69,"step=000835 mode=sit    vx= 0.000 vy= 0.000 vxy= 0.000 yaw= 0.000 speed=1.00 imu=fake tilt_rp=[-0.0,+0.0]deg imu_corr=0.000 act_max= 0.000 tau_cmd= 2.549 tau_cmd_max= 5.553 cmds=12 bus=can0:12 tau_fb= 3.044 tau_fb_max= 7.760",,,,,,,,,,,,,,,,,,,,,,,,,,,,,,,,,,,,,,,,,,,,,,,,,0.0,0.0,0.0,0.0,0.0,0.0,0.0,0.0,0.0,0.0,0.0,0.0,0.0,0.0,0.0,0.0,0.0,0.0,0.0,0.0,0.0,0.0,0.0,0.0,-0.003835069015622139,-0.0011505207512527704,-0.0011505207512527704,0.00076701381476596,0.0026845482643693686,-0.004602083005011082,0.00843715202063322,-0.002301041502505541,0.06788071990013123,-0.07401683181524277,0.07286631315946579,-0.07938592880964279,-0.0009155552834272385,0.023346660658717155,-0.0714133158326149,0.020142216235399246,0.041657764464616776,-0.009613330475986004,0.029755547642707825,-0.021973326802253723,0.10986663401126862,0.013733329251408577,0.050355542451143265,-0.1112399697303772,-0.0018413371872156858,-0.0007365348865278065,-0.0007365348865278065,0.0007365348865278065,0.016185905784368515,-0.014712832868099213,0.016185905784368515,-0.00992535799741745,0.07142948359251022,-0.07474388927221298,0.07363908737897873,-0.07732176035642624,0.0,0.0,0.0,0.0,0.0,0.0,0.0,0.0,0.0,0.0,0.0,0.0
20260708_192923_786968,2026-07-08T19:29:44.736,20.949668,pose,840,sit,0.0,0.0,0.0,0.0,0.0,0.0,0.0,0.0,1.0,fake,0.0,0.0,-1.0,-0.0,0.0,0.0,0.0,2.446211099624634,5.263043403625488,12,can0:12,2.9590747356414795,8.86989974975586,,"BL_hip_joint,BR_hip_joint,FL_hip_joint,FR_hip_joint,BL_thigh_joint,BR_thigh_joint,FL_thigh_joint,FR_thigh_joint,BL_calf_joint,BR_calf_joint,FL_calf_joint,FR_calf_joint",330e02f2406e129bb6ed6ec4a6c6bcd5f80d7e7799a2ab087e81eda65d2fae69,"step=000840 mode=sit    vx= 0.000 vy= 0.000 vxy= 0.000 yaw= 0.000 speed=1.00 imu=fake tilt_rp=[-0.0,+0.0]deg imu_corr=0.000 act_max= 0.000 tau_cmd= 2.446 tau_cmd_max= 5.263 cmds=12 bus=can0:12 tau_fb= 2.959 tau_fb_max= 8.870",,,,,,,,,,,,,,,,,,,,,,,,,,,,,,,,,,,,,,,,,,,,,,,,,0.0,0.0,0.0,0.0,0.0,0.0,0.0,0.0,0.0,0.0,0.0,0.0,0.0,0.0,0.0,0.0,0.0,0.0,0.0,0.0,0.0,0.0,0.0,0.0,-0.003835069015622139,-0.0011505207512527704,-0.0011505207512527704,0.00076701381476596,0.006903124041855335,-0.008820658549666405,0.01380624808371067,-0.008053644560277462,0.08053644746541977,-0.08705606311559677,0.08475502580404282,-0.09204165637493134,-0.03250221163034439,0.06454664468765259,0.02700888179242611,-0.02929776906967163,0.06454664468765259,-0.02151555009186268,0.0631733164191246,-0.07553330808877945,0.005493331700563431,-0.08789330720901489,0.11352885514497757,-0.11398663371801376,-0.0018258143682032824,-0.0007303257589228451,-0.0007303257589228451,0.0007303257589228451,0.020264551043510437,-0.018803898245096207,0.020264551043510437,-0.01405678316950798,0.08465283364057541,-0.0879392996430397,0.0868438184261322,-0.09049544483423233,0.0,0.0,0.0,0.0,0.0,0.0,0.0,0.0,0.0,0.0,0.0,0.0
20260708_192923_786968,2026-07-08T19:29:44.859,21.072499,pose,845,sit,0.0,0.0,0.0,0.0,0.0,0.0,0.0,0.0,1.0,fake,0.0,0.0,-1.0,-0.0,0.0,0.0,0.0,2.0351788997650146,5.670048713684082,12,can0:12,3.082369565963745,8.419445991516113,,"BL_hip_joint,BR_hip_joint,FL_hip_joint,FR_hip_joint,BL_thigh_joint,BR_thigh_joint,FL_thigh_joint,FR_thigh_joint,BL_calf_joint,BR_calf_joint,FL_calf_joint,FR_calf_joint",330e02f2406e129bb6ed6ec4a6c6bcd5f80d7e7799a2ab087e81eda65d2fae69,"step=000845 mode=sit    vx= 0.000 vy= 0.000 vxy= 0.000 yaw= 0.000 speed=1.00 imu=fake tilt_rp=[-0.0,+0.0]deg imu_corr=0.000 act_max= 0.000 tau_cmd= 2.035 tau_cmd_max= 5.670 cmds=12 bus=can0:12 tau_fb= 3.082 tau_fb_max= 8.419",,,,,,,,,,,,,,,,,,,,,,,,,,,,,,,,,,,,,,,,,,,,,,,,,0.0,0.0,0.0,0.0,0.0,0.0,0.0,0.0,0.0,0.0,0.0,0.0,0.0,0.0,0.0,0.0,0.0,0.0,0.0,0.0,0.0,0.0,0.0,0.0,-0.003835069015622139,-0.0011505207512527704,-0.00076701381476596,0.00076701381476596,0.010738193057477474,-0.013422741554677486,0.018791837617754936,-0.01380624808371067,0.09395918995141983,-0.10047880560159683,0.09971179068088531,-0.10661491751670837,0.005493331700563431,0.019226660951972008,-0.028382213786244392,0.04531998559832573,0.06454664468765259,-0.07690664380788803,0.016479995101690292,-0.05172887444496155,0.08148442208766937,-0.0791955292224884,0.0947599709033966,-0.1185644119977951,-0.001809022855013609,-0.0007236091769300401,-0.0007236091769300401,0.0007236091769300401,0.024676529690623283,-0.023229308426380157,0.024676529690623283,-0.018525851890444756,0.0989568755030632,-0.10221312195062637,0.10112771391868591,-0.10474575310945511,0.0,0.0,0.0,0.0,0.0,0.0,0.0,0.0,0.0,0.0,0.0,0.0
20260708_192923_786968,2026-07-08T19:29:44.982,21.195936,pose,850,sit,0.0,0.0,0.0,0.0,0.0,0.0,0.0,0.0,1.0,fake,0.0,0.0,-1.0,-0.0,0.0,0.0,0.0,2.07177472114563,6.4728193283081055,12,can0:12,3.302408218383789,9.840388298034668,,"BL_hip_joint,BR_hip_joint,FL_hip_joint,FR_hip_joint,BL_thigh_joint,BR_thigh_joint,FL_thigh_joint,FR_thigh_joint,BL_calf_joint,BR_calf_joint,FL_calf_joint,FR_calf_joint",330e02f2406e129bb6ed6ec4a6c6bcd5f80d7e7799a2ab087e81eda65d2fae69,"step=000850 mode=sit    vx= 0.000 vy= 0.000 vxy= 0.000 yaw= 0.000 speed=1.00 imu=fake tilt_rp=[-0.0,+0.0]deg imu_corr=0.000 act_max= 0.000 tau_cmd= 2.072 tau_cmd_max= 6.473 cmds=12 bus=can0:12 tau_fb= 3.302 tau_fb_max= 9.840",,,,,,,,,,,,,,,,,,,,,,,,,,,,,,,,,,,,,,,,,,,,,,,,,0.0,0.0,0.0,0.0,0.0,0.0,0.0,0.0,0.0,0.0,0.0,0.0,0.0,0.0,0.0,0.0,0.0,0.0,0.0,0.0,0.0,0.0,0.0,0.0,-0.003835069015622139,-0.0011505207512527704,-0.0011505207512527704,0.00076701381476596,0.01418975554406643,-0.01764131709933281,0.023010414093732834,-0.018408332020044327,0.1100664809346199,-0.11505206674337387,0.11313453316688538,-0.12080467492341995,-0.04303110018372536,0.007324442267417908,-0.014648884534835815,0.03250221163034439,0.0315866582095623,-0.06591998040676117,0.00595110934227705,-0.0553910955786705,0.09109774976968765,-0.08926664292812347,0.10666219145059586,-0.09887997061014175,-0.0017910050228238106,-0.0007164020207710564,-0.0007164020207710564,0.0007164020207710564,0.02941073663532734,-0.027977928519248962,0.02941073663532734,-0.02332131937146187,0.11430562287569046,-0.11752943694591522,0.1164548322558403,-0.12003684043884277,0.0,0.0,0.0,0.0,0.0,0.0,0.0,0.0,0.0,0.0,0.0,0.0
20260708_192923_786968,2026-07-08T19:29:45.105,21.318435,pose,855,sit,0.0,0.0,0.0,0.0,0.0,0.0,0.0,0.0,1.0,fake,0.0,0.0,-1.0,-0.0,0.0,0.0,0.0,2.6468725204467773,6.92802619934082,12,can0:12,3.7040317058563232,9.21781063079834,,"BL_hip_joint,BR_hip_joint,FL_hip_joint,FR_hip_joint,BL_thigh_joint,BR_thigh_joint,FL_thigh_joint,FR_thigh_joint,BL_calf_joint,BR_calf_joint,FL_calf_joint,FR_calf_joint",330e02f2406e129bb6ed6ec4a6c6bcd5f80d7e7799a2ab087e81eda65d2fae69,"step=000855 mode=sit    vx= 0.000 vy= 0.000 vxy= 0.000 yaw= 0.000 speed=1.00 imu=fake tilt_rp=[-0.0,+0.0]deg imu_corr=0.000 act_max= 0.000 tau_cmd= 2.647 tau_cmd_max= 6.928 cmds=12 bus=can0:12 tau_fb= 3.704 tau_fb_max= 9.218",,,,,,,,,,,,,,,,,,,,,,,,,,,,,,,,,,,,,,,,,,,,,,,,,0.0,0.0,0.0,0.0,0.0,0.0,0.0,0.0,0.0,0.0,0.0,0.0,0.0,0.0,0.0,0.0,0.0,0.0,0.0,0.0,0.0,0.0,0.0,0.0,-0.003835069015622139,-0.0011505207512527704,-0.0011505207512527704,0.00076701381476596,0.01687430404126644,-0.021859893575310707,0.02722899056971073,-0.021859893575310707,0.12540675699710846,-0.1315428614616394,0.13000884652137756,-0.13729546964168549,0.002288888208568096,-0.0013733329251408577,0.02059999480843544,-0.009613330475986004,0.05172887444496155,-0.02609332650899887,-0.016479995101690292,0.005493331700563431,0.11032441258430481,-0.11307107657194138,0.16937772929668427,-0.0787377581000328,-0.0017718030139803886,-0.0007087212288752198,-0.0007087212288752198,0.0007087212288752198,0.03445608168840408,-0.03303863853216171,0.03445608168840408,-0.028431951999664307,0.13066311180591583,-0.13385236263275146,0.1327892690896988,-0.13633286952972412,0.0,0.0,0.0,0.0,0.0,0.0,0.0,0.0,0.0,0.0,0.0,0.0
20260708_192923_786968,2026-07-08T19:29:45.228,21.441495,pose,860,sit,0.0,0.0,0.0,0.0,0.0,0.0,0.0,0.0,1.0,fake,0.0,0.0,-1.0,-0.0,0.0,0.0,0.0,2.873253107070923,9.462919235229492,12,can0:12,3.6417734622955322,9.404583930969238,,"BL_hip_joint,BR_hip_joint,FL_hip_joint,FR_hip_joint,BL_thigh_joint,BR_thigh_joint,FL_thigh_joint,FR_thigh_joint,BL_calf_joint,BR_calf_joint,FL_calf_joint,FR_calf_joint",330e02f2406e129bb6ed6ec4a6c6bcd5f80d7e7799a2ab087e81eda65d2fae69,"step=000860 mode=sit    vx= 0.000 vy= 0.000 vxy= 0.000 yaw= 0.000 speed=1.00 imu=fake tilt_rp=[-0.0,+0.0]deg imu_corr=0.000 act_max= 0.000 tau_cmd= 2.873 tau_cmd_max= 9.463 cmds=12 bus=can0:12 tau_fb= 3.642 tau_fb_max= 9.405",,,,,,,,,,,,,,,,,,,,,,,,,,,,,,,,,,,,,,,,,,,,,,,,,0.0,0.0,0.0,0.0,0.0,0.0,0.0,0.0,0.0,0.0,0.0,0.0,0.0,0.0,0.0,0.0,0.0,0.0,0.0,0.0,0.0,0.0,0.0,0.0,-0.00421857601031661,-0.00153402762953192,-0.0011505207512527704,0.00076701381476596,0.02070937305688858,-0.02722899056971073,0.03183107450604439,-0.026078470051288605,0.14304807782173157,-0.14880067110061646,0.14573262631893158,-0.15340276062488556,0.008697775192558765,-0.020142216235399246,0.044862210750579834,0.008697775192558765,0.002288888208568096,0.02059999480843544,0.05493331700563431,-0.03570665791630745,0.12543107569217682,-0.13092440366744995,0.0636310949921608,-0.13779106736183167,-0.0017514592036604881,-0.0007005836814641953,-0.0007005836814641953,0.0007005836814641953,0.0398014634847641,-0.03840029612183571,0.0398014634847641,-0.03384650498628616,0.1479933261871338,-0.15114596486091614,0.15009509027004242,-0.15359801054000854,0.0,0.0,0.0,0.0,0.0,0.0,0.0,0.0,0.0,0.0,0.0,0.0
20260708_192923_786968,2026-07-08T19:29:45.351,21.564415,pose,865,sit,0.0,0.0,0.0,0.0,0.0,0.0,0.0,0.0,1.0,fake,0.0,0.0,-1.0,-0.0,0.0,0.0,0.0,2.766730546951294,8.963286399841309,12,can0:12,3.449201822280884,8.496353149414062,,"BL_hip_joint,BR_hip_joint,FL_hip_joint,FR_hip_joint,BL_thigh_joint,BR_thigh_joint,FL_thigh_joint,FR_thigh_joint,BL_calf_joint,BR_calf_joint,FL_calf_joint,FR_calf_joint",330e02f2406e129bb6ed6ec4a6c6bcd5f80d7e7799a2ab087e81eda65d2fae69,"step=000865 mode=sit    vx= 0.000 vy= 0.000 vxy= 0.000 yaw= 0.000 speed=1.00 imu=fake tilt_rp=[-0.0,+0.0]deg imu_corr=0.000 act_max= 0.000 tau_cmd= 2.767 tau_cmd_max= 8.963 cmds=12 bus=can0:12 tau_fb= 3.449 tau_fb_max= 8.496",,,,,,,,,,,,,,,,,,,,,,,,,,,,,,,,,,,,,,,,,,,,,,,,,0.0,0.0,0.0,0.0,0.0,0.0,0.0,0.0,0.0,0.0,0.0,0.0,0.0,0.0,0.0,0.0,0.0,0.0,0.0,0.0,0.0,0.0,0.0,0.0,-0.00421857601031661,-0.0011505207512527704,-0.0011505207512527704,0.00076701381476596,0.025694962590932846,-0.033365100622177124,0.03873419761657715,-0.03374860808253288,0.16030588746070862,-0.16644199192523956,0.16452446579933167,-0.17219460010528564,-0.11352885514497757,0.03707998991012573,0.07507553696632385,0.05767998471856117,0.025177771225571632,-0.05722220614552498,0.06866664439439774,-0.07782220095396042,0.11307107657194138,-0.07782220095396042,0.08285775035619736,-0.1977599412202835,-0.0017300156177952886,-0.0006920062587596476,-0.0006920062587596476,0.0006920062587596476,0.045435793697834015,-0.044051773846149445,0.045435793697834015,-0.03955373913049698,0.16626033186912537,-0.16937437653541565,0.16833636164665222,-0.17179638147354126,0.0,0.0,0.0,0.0,0.0,0.0,0.0,0.0,0.0,0.0,0.0,0.0
20260708_192923_786968,2026-07-08T19:29:45.474,21.687300,pose,870,sit,0.0,0.0,0.0,0.0,0.0,0.0,0.0,0.0,1.0,fake,0.0,0.0,-1.0,-0.0,0.0,0.0,0.0,2.3975636959075928,8.076780319213867,12,can0:12,3.5898923873901367,10.250556945800781,,"BL_hip_joint,BR_hip_joint,FL_hip_joint,FR_hip_joint,BL_thigh_joint,BR_thigh_joint,FL_thigh_joint,FR_thigh_joint,BL_calf_joint,BR_calf_joint,FL_calf_joint,FR_calf_joint",330e02f2406e129bb6ed6ec4a6c6bcd5f80d7e7799a2ab087e81eda65d2fae69,"step=000870 mode=sit    vx= 0.000 vy= 0.000 vxy= 0.000 yaw= 0.000 speed=1.00 imu=fake tilt_rp=[-0.0,+0.0]deg imu_corr=0.000 act_max= 0.000 tau_cmd= 2.398 tau_cmd_max= 8.077 cmds=12 bus=can0:12 tau_fb= 3.590 tau_fb_max= 10.251",,,,,,,,,,,,,,,,,,,,,,,,,,,,,,,,,,,,,,,,,,,,,,,,,0.0,0.0,0.0,0.0,0.0,0.0,0.0,0.0,0.0,0.0,0.0,0.0,0.0,0.0,0.0,0.0,0.0,0.0,0.0,0.0,0.0,0.0,0.0,0.0,-0.00421857601031661,-0.0011505207512527704,-0.0011505207512527704,0.00038350690738298,0.03183107450604439,-0.040268223732709885,0.046404335647821426,-0.04180225357413292,0.18024824559688568,-0.1848503202199936,0.18216577172279358,-0.19060292840003967,0.014191106893122196,-0.00595110934227705,0.041657764464616776,-0.007324442267417908,0.04669332131743431,-0.08606220036745071,0.044862210750579834,0.008697775192558765,0.09979552775621414,-0.2059999406337738,0.15427106618881226,-0.1666310578584671,-0.001707514631561935,-0.0006830058991909027,-0.0006830058991909027,0.0006830058991909027,0.05134795606136322,-0.049981940537691116,0.05134795606136322,-0.045542407780885696,0.18542812764644623,-0.18850168585777283,0.18747715651988983,-0.19089218974113464,0.0,0.0,0.0,0.0,0.0,0.0,0.0,0.0,0.0,0.0,0.0,0.0
20260708_192923_786968,2026-07-08T19:29:45.596,21.809613,pose,875,sit,0.0,0.0,0.0,0.0,0.0,0.0,0.0,0.0,1.0,fake,0.0,0.0,-1.0,-0.0,0.0,0.0,0.0,2.112626791000366,7.154657363891602,12,can0:12,3.537400484085083,8.78200626373291,,"BL_hip_joint,BR_hip_joint,FL_hip_joint,FR_hip_joint,BL_thigh_joint,BR_thigh_joint,FL_thigh_joint,FR_thigh_joint,BL_calf_joint,BR_calf_joint,FL_calf_joint,FR_calf_joint",330e02f2406e129bb6ed6ec4a6c6bcd5f80d7e7799a2ab087e81eda65d2fae69,"step=000875 mode=sit    vx= 0.000 vy= 0.000 vxy= 0.000 yaw= 0.000 speed=1.00 imu=fake tilt_rp=[-0.0,+0.0]deg imu_corr=0.000 act_max= 0.000 tau_cmd= 2.113 tau_cmd_max= 7.155 cmds=12 bus=can0:12 tau_fb= 3.537 tau_fb_max= 8.782",,,,,,,,,,,,,,,,,,,,,,,,,,,,,,,,,,,,,,,,,,,,,,,,,0.0,0.0,0.0,0.0,0.0,0.0,0.0,0.0,0.0,0.0,0.0,0.0,0.0,0.0,0.0,0.0,0.0,0.0,0.0,0.0,0.0,0.0,0.0,0.0,-0.00421857601031661,-0.0011505207512527704,-0.0011505207512527704,0.00038350690738298,0.03873419761657715,-0.046787843108177185,0.05292395129799843,-0.04985589534044266,0.1998070925474167,-0.20402567088603973,0.20287515223026276,-0.21054528653621674,-0.09796441346406937,-0.006408886983990669,0.002288888208568096,0.02151555009186268,0.110782191157341,-0.06912442296743393,0.038453321903944016,-0.014191106893122196,0.10803552716970444,-0.04943998530507088,0.10803552716970444,-0.20508438348770142,-0.0016839985037222505,-0.0006735994247719646,-0.0006735994247719646,0.0006735994247719646,0.05752687156200409,-0.05617966502904892,0.05752687156200409,-0.051801275461912155,0.20546074211597443,-0.2084919512271881,0.20748154819011688,-0.2108495533466339,0.0,0.0,0.0,0.0,0.0,0.0,0.0,0.0,0.0,0.0,0.0,0.0
20260708_192923_786968,2026-07-08T19:29:45.719,21.932405,pose,880,sit,0.0,0.0,0.0,0.0,0.0,0.0,0.0,0.0,1.0,fake,0.0,0.0,-1.0,-0.0,0.0,0.0,0.0,2.5152676105499268,9.335046768188477,12,can0:12,3.769646406173706,9.763481140136719,,"BL_hip_joint,BR_hip_joint,FL_hip_joint,FR_hip_joint,BL_thigh_joint,BR_thigh_joint,FL_thigh_joint,FR_thigh_joint,BL_calf_joint,BR_calf_joint,FL_calf_joint,FR_calf_joint",330e02f2406e129bb6ed6ec4a6c6bcd5f80d7e7799a2ab087e81eda65d2fae69,"step=000880 mode=sit    vx= 0.000 vy= 0.000 vxy= 0.000 yaw= 0.000 speed=1.00 imu=fake tilt_rp=[-0.0,+0.0]deg imu_corr=0.000 act_max= 0.000 tau_cmd= 2.515 tau_cmd_max= 9.335 cmds=12 bus=can0:12 tau_fb= 3.770 tau_fb_max= 9.763",,,,,,,,,,,,,,,,,,,,,,,,,,,,,,,,,,,,,,,,,,,,,,,,,0.0,0.0,0.0,0.0,0.0,0.0,0.0,0.0,0.0,0.0,0.0,0.0,0.0,0.0,0.0,0.0,0.0,0.0,0.0,0.0,0.0,0.0,0.0,0.0,-0.00421857601031661,-0.0011505207512527704,-0.0011505207512527704,-0.0,0.04410329461097717,-0.05330745875835419,0.05867655575275421,-0.05675902217626572,0.22051647305488586,-0.22435154020786285,0.22243399918079376,-0.2312546670436859,-0.048066653311252594,0.032044436782598495,-0.01235999632626772,-0.030671102926135063,0.016479995101690292,-0.07278664410114288,0.06729331612586975,-0.02059999480843544,0.08514664322137833,-0.1826532781124115,0.19501326978206635,-0.14511550962924957,-0.0016595093766227365,-0.000663803773932159,-0.000663803773932159,0.000663803773932159,0.06396143138408661,-0.06263381987810135,0.06396143138408661,-0.058319102972745895,0.22632218897342682,-0.2293093204498291,0.228313609957695,-0.23163262009620667,0.0,0.0,0.0,0.0,0.0,0.0,0.0,0.0,0.0,0.0,0.0,0.0
20260708_192923_786968,2026-07-08T19:29:45.842,22.055139,pose,885,sit,0.0,0.0,0.0,0.0,0.0,0.0,0.0,0.0,1.0,fake,0.0,0.0,-1.0,-0.0,0.0,0.0,0.0,2.406280994415283,7.423640727996826,12,can0:12,4.156010627746582,10.386058807373047,,"BL_hip_joint,BR_hip_joint,FL_hip_joint,FR_hip_joint,BL_thigh_joint,BR_thigh_joint,FL_thigh_joint,FR_thigh_joint,BL_calf_joint,BR_calf_joint,FL_calf_joint,FR_calf_joint",330e02f2406e129bb6ed6ec4a6c6bcd5f80d7e7799a2ab087e81eda65d2fae69,"step=000885 mode=sit    vx= 0.000 vy= 0.000 vxy= 0.000 yaw= 0.000 speed=1.00 imu=fake tilt_rp=[-0.0,+0.0]deg imu_corr=0.000 act_max= 0.000 tau_cmd= 2.406 tau_cmd_max= 7.424 cmds=12 bus=can0:12 tau_fb= 4.156 tau_fb_max= 10.386",,,,,,,,,,,,,,,,,,,,,,,,,,,,,,,,,,,,,,,,,,,,,,,,,0.0,0.0,0.0,0.0,0.0,0.0,0.0,0.0,0.0,0.0,0.0,0.0,0.0,0.0,0.0,0.0,0.0,0.0,0.0,0.0,0.0,0.0,0.0,0.0,-0.00421857601031661,-0.0011505207512527704,-0.0011505207512527704,-0.0,0.04870537668466568,-0.05982707813382149,0.0644291564822197,-0.06327863782644272,0.24314337968826294,-0.24582792818546295,0.2435268759727478,-0.25234752893447876,0.020142216235399246,0.05401776358485222,0.010071108117699623,0.0238044373691082,0.09842219203710556,0.008697775192558765,0.09063997119665146,0.031128879636526108,0.1506088376045227,-0.10711997002363205,0.04852443188428879,-0.18860438466072083,-0.001634089509025216,-0.0006536357686854899,-0.0006536357686854899,0.0006536357686854899,0.07064054906368256,-0.0693332701921463,0.07064054906368256,-0.06508463621139526,0.24797651171684265,-0.25091788172721863,0.24993741512298584,-0.2532055974006653,0.0,0.0,0.0,0.0,0.0,0.0,0.0,0.0,0.0,0.0,0.0,0.0
20260708_192923_786968,2026-07-08T19:29:45.964,22.177324,pose,890,sit,0.0,0.0,0.0,0.0,0.0,0.0,0.0,0.0,1.0,fake,0.0,0.0,-1.0,-0.0,0.0,0.0,0.0,2.600958824157715,11.51215934753418,12,can0:12,4.218574047088623,10.550859451293945,,"BL_hip_joint,BR_hip_joint,FL_hip_joint,FR_hip_joint,BL_thigh_joint,BR_thigh_joint,FL_thigh_joint,FR_thigh_joint,BL_calf_joint,BR_calf_joint,FL_calf_joint,FR_calf_joint",330e02f2406e129bb6ed6ec4a6c6bcd5f80d7e7799a2ab087e81eda65d2fae69,"step=000890 mode=sit    vx= 0.000 vy= 0.000 vxy= 0.000 yaw= 0.000 speed=1.00 imu=fake tilt_rp=[-0.0,+0.0]deg imu_corr=0.000 act_max= 0.000 tau_cmd= 2.601 tau_cmd_max= 11.512 cmds=12 bus=can0:12 tau_fb= 4.219 tau_fb_max= 10.551",,,,,,,,,,,,,,,,,,,,,,,,,,,,,,,,,,,,,,,,,,,,,,,,,0.0,0.0,0.0,0.0,0.0,0.0,0.0,0.0,0.0,0.0,0.0,0.0,0.0,0.0,0.0,0.0,0.0,0.0,0.0,0.0,0.0,0.0,0.0,0.0,-0.004602083005011082,-0.0011505207512527704,-0.0011505207512527704,-0.0,0.05330745875835419,-0.06673020124435425,0.0709487795829773,-0.07133228331804276,0.26538679003715515,-0.2688383460044861,0.26653730869293213,-0.27459093928337097,0.013275551609694958,-0.03387554734945297,0.015106662176549435,0.014191106893122196,0.016937773674726486,-0.0553910955786705,0.10437330603599548,-0.07049775868654251,0.16891995072364807,-0.1029999703168869,0.16022217273712158,-0.20325326919555664,-0.0016077810432761908,-0.000643112463876605,-0.000643112463876605,0.000643112463876605,0.07755311578512192,-0.07626688480377197,0.07755311578512192,-0.07208666205406189,0.2703877091407776,-0.2732817232608795,0.2723170518875122,-0.275532603263855,0.0,0.0,0.0,0.0,0.0,0.0,0.0,0.0,0.0,0.0,0.0,0.0
20260708_192923_786968,2026-07-08T19:29:46.085,22.298448,pose,895,sit,0.0,0.0,0.0,0.0,0.0,0.0,0.0,0.0,1.0,fake,0.0,0.0,-1.0,-0.0,0.0,0.0,0.0,3.3095405101776123,10.771114349365234,12,can0:12,4.299142360687256,10.543534278869629,,"BL_hip_joint,BR_hip_joint,FL_hip_joint,FR_hip_joint,BL_thigh_joint,BR_thigh_joint,FL_thigh_joint,FR_thigh_joint,BL_calf_joint,BR_calf_joint,FL_calf_joint,FR_calf_joint",330e02f2406e129bb6ed6ec4a6c6bcd5f80d7e7799a2ab087e81eda65d2fae69,"step=000895 mode=sit    vx= 0.000 vy= 0.000 vxy= 0.000 yaw= 0.000 speed=1.00 imu=fake tilt_rp=[-0.0,+0.0]deg imu_corr=0.000 act_max= 0.000 tau_cmd= 3.310 tau_cmd_max= 10.771 cmds=12 bus=can0:12 tau_fb= 4.299 tau_fb_max= 10.544",,,,,,,,,,,,,,,,,,,,,,,,,,,,,,,,,,,,,,,,,,,,,,,,,0.0,0.0,0.0,0.0,0.0,0.0,0.0,0.0,0.0,0.0,0.0,0.0,0.0,0.0,0.0,0.0,0.0,0.0,0.0,0.0,0.0,0.0,0.0,0.0,-0.004602083005011082,-0.00153402762953192,-0.0011505207512527704,-0.00038350690738298,0.06021058186888695,-0.07401683181524277,0.07976943254470825,-0.08053644746541977,0.2880136966705322,-0.2910817265510559,0.28878068923950195,-0.2976013422012329,-0.00045777764171361923,-0.03250221163034439,-0.03387554734945297,-0.026551103219389915,0.040742211043834686,-0.09887997061014175,0.09704886376857758,-0.054475538432598114,0.02929776906967163,-0.19363994896411896,0.24262215197086334,-0.21195104718208313,-0.0015806263545528054,-0.0006322505651041865,-0.0006322505651041865,0.0006322505651041865,0.08468804508447647,-0.08342353999614716,0.08468804508447647,-0.07931391894817352,0.2935197949409485,-0.2963649332523346,0.29541656374931335,-0.29857784509658813,0.0,0.0,0.0,0.0,0.0,0.0,0.0,0.0,0.0,0.0,0.0,0.0
20260708_192923_786968,2026-07-08T19:29:46.208,22.421430,pose,900,sit,0.0,0.0,0.0,0.0,0.0,0.0,0.0,0.0,1.0,fake,0.0,0.0,-1.0,-0.0,0.0,0.0,0.0,2.9964942932128906,8.77992057800293,12,can0:12,4.284188270568848,10.744956970214844,,"BL_hip_joint,BR_hip_joint,FL_hip_joint,FR_hip_joint,BL_thigh_joint,BR_thigh_joint,FL_thigh_joint,FR_thigh_joint,BL_calf_joint,BR_calf_joint,FL_calf_joint,FR_calf_joint",330e02f2406e129bb6ed6ec4a6c6bcd5f80d7e7799a2ab087e81eda65d2fae69,"step=000900 mode=sit    vx= 0.000 vy= 0.000 vxy= 0.000 yaw= 0.000 speed=1.00 imu=fake tilt_rp=[-0.0,+0.0]deg imu_corr=0.000 act_max= 0.000 tau_cmd= 2.996 tau_cmd_max= 8.780 cmds=12 bus=can0:12 tau_fb= 4.284 tau_fb_max= 10.745",,,,,,,,,,,,,,,,,,,,,,,,,,,,,,,,,,,,,,,,,,,,,,,,,0.0,0.0,0.0,0.0,0.0,0.0,0.0,0.0,0.0,0.0,0.0,0.0,0.0,0.0,0.0,0.0,0.0,0.0,0.0,0.0,0.0,0.0,0.0,0.0,-0.004602083005011082,-0.0011505207512527704,-0.0011505207512527704,-0.00076701381476596,0.06788071990013123,-0.08130346238613129,0.0885900929570198,-0.08897360414266586,0.31294164061546326,-0.31409215927124023,0.31217461824417114,-0.3209952712059021,-0.04898220673203468,0.047151096165180206,0.02288888208568096,-0.023346660658717155,0.09155552834272385,-0.035248879343271255,0.014191106893122196,-0.0196844395250082,0.16525772213935852,-0.24216437339782715,0.19638660550117493,-0.14877773821353912,-0.0015526677016168833,-0.000621067127212882,-0.000621067127212882,0.000621067127212882,0.0920342355966568,-0.09079208970069885,0.0920342355966568,-0.08675515651702881,0.3173368275165558,-0.3201316297054291,0.3192000389099121,-0.3223053812980652,0.0,0.0,0.0,0.0,0.0,0.0,0.0,0.0,0.0,0.0,0.0,0.0
20260708_192923_786968,2026-07-08T19:29:46.331,22.544888,pose,905,sit,0.0,0.0,0.0,0.0,0.0,0.0,0.0,0.0,1.0,fake,0.0,0.0,-1.0,-0.0,0.0,0.0,0.0,3.11064076423645,11.610848426818848,12,can0:12,4.661092281341553,11.704459190368652,,"BL_hip_joint,BR_hip_joint,FL_hip_joint,FR_hip_joint,BL_thigh_joint,BR_thigh_joint,FL_thigh_joint,FR_thigh_joint,BL_calf_joint,BR_calf_joint,FL_calf_joint,FR_calf_joint",330e02f2406e129bb6ed6ec4a6c6bcd5f80d7e7799a2ab087e81eda65d2fae69,"step=000905 mode=sit    vx= 0.000 vy= 0.000 vxy= 0.000 yaw= 0.000 speed=1.00 imu=fake tilt_rp=[-0.0,+0.0]deg imu_corr=0.000 act_max= 0.000 tau_cmd= 3.111 tau_cmd_max= 11.611 cmds=12 bus=can0:12 tau_fb= 4.661 tau_fb_max= 11.704",,,,,,,,,,,,,,,,,,,,,,,,,,,,,,,,,,,,,,,,,,,,,,,,,0.0,0.0,0.0,0.0,0.0,0.0,0.0,0.0,0.0,0.0,0.0,0.0,0.0,0.0,0.0,0.0,0.0,0.0,0.0,0.0,0.0,0.0,0.0,0.0,-0.004602083005011082,-0.0011505207512527704,-0.0011505207512527704,-0.00038350690738298,0.07401683181524277,-0.0885900929570198,0.09549321979284286,-0.09626023471355438,0.3378695845603943,-0.3386366069316864,0.3367190659046173,-0.34592321515083313,-0.024262215942144394,-0.06775109469890594,-0.09842219203710556,0.010528885759413242,0.03250221163034439,-0.0476088747382164,0.036164432764053345,-0.0315866582095623,0.16296884417533875,-0.08285775035619736,0.10437330603599548,-0.11581774055957794,-0.0015239472268149257,-0.0006095789140090346,-0.0006095789140090346,0.0006095789140090346,0.09958057850599289,-0.09836141020059586,0.09958057850599289,-0.09439915418624878,0.34180277585983276,-0.3445459008216858,0.3436315357685089,-0.3466794490814209,0.0,0.0,0.0,0.0,0.0,0.0,0.0,0.0,0.0,0.0,0.0,0.0
20260708_192923_786968,2026-07-08T19:29:46.449,22.662776,pose,910,sit,0.0,0.0,0.0,0.0,0.0,0.0,0.0,0.0,1.0,fake,0.0,0.0,-1.0,-0.0,0.0,0.0,0.0,3.906519651412964,12.882328033447266,12,can0:12,5.0398268699646,11.272316932678223,,"BL_hip_joint,BR_hip_joint,FL_hip_joint,FR_hip_joint,BL_thigh_joint,BR_thigh_joint,FL_thigh_joint,FR_thigh_joint,BL_calf_joint,BR_calf_joint,FL_calf_joint,FR_calf_joint",330e02f2406e129bb6ed6ec4a6c6bcd5f80d7e7799a2ab087e81eda65d2fae69,"step=000910 mode=sit    vx= 0.000 vy= 0.000 vxy= 0.000 yaw= 0.000 speed=1.00 imu=fake tilt_rp=[-0.0,+0.0]deg imu_corr=0.000 act_max= 0.000 tau_cmd= 3.907 tau_cmd_max= 12.882 cmds=12 bus=can0:12 tau_fb= 5.040 tau_fb_max= 11.272",,,,,,,,,,,,,,,,,,,,,,,,,,,,,,,,,,,,,,,,,,,,,,,,,0.0,0.0,0.0,0.0,0.0,0.0,0.0,0.0,0.0,0.0,0.0,0.0,0.0,0.0,0.0,0.0,0.0,0.0,0.0,0.0,0.0,0.0,0.0,0.0,-0.004985589534044266,-0.0011505207512527704,-0.0011505207512527704,-0.00038350690738298,0.07976943254470825,-0.09626023471355438,0.10239633917808533,-0.10508088767528534,0.3627975285053253,-0.3639480471611023,0.3608799874782562,-0.37085115909576416,-0.11307107657194138,-0.06271553784608841,0.07003998011350632,0.08102664351463318,0.02471999265253544,-0.061342205852270126,0.017853328958153725,-0.10986663401126862,0.20462660491466522,-0.16891995072364807,0.158848837018013,-0.13183996081352234,-0.0014945073053240776,-0.000597802922129631,-0.000597802922129631,0.000597802922129631,0.10731598734855652,-0.10612037032842636,0.10731598734855652,-0.10223466157913208,0.36688169836997986,-0.36957183480262756,0.3686751127243042,-0.3716641366481781,0.0,0.0,0.0,0.0,0.0,0.0,0.0,0.0,0.0,0.0,0.0,0.0
20260708_192923_786968,2026-07-08T19:29:46.566,22.779302,pose,915,sit,0.0,0.0,0.0,0.0,0.0,0.0,0.0,0.0,1.0,fake,0.0,0.0,-1.0,-0.0,0.0,0.0,0.0,3.2349538803100586,12.728238105773926,12,can0:12,5.358134746551514,13.57585334777832,,"BL_hip_joint,BR_hip_joint,FL_hip_joint,FR_hip_joint,BL_thigh_joint,BR_thigh_joint,FL_thigh_joint,FR_thigh_joint,BL_calf_joint,BR_calf_joint,FL_calf_joint,FR_calf_joint",330e02f2406e129bb6ed6ec4a6c6bcd5f80d7e7799a2ab087e81eda65d2fae69,"step=000915 mode=sit    vx= 0.000 vy= 0.000 vxy= 0.000 yaw= 0.000 speed=1.00 imu=fake tilt_rp=[-0.0,+0.0]deg imu_corr=0.000 act_max= 0.000 tau_cmd= 3.235 tau_cmd_max= 12.728 cmds=12 bus=can0:12 tau_fb= 5.358 tau_fb_max= 13.576",,,,,,,,,,,,,,,,,,,,,,,,,,,,,,,,,,,,,,,,,,,,,,,,,0.0,0.0,0.0,0.0,0.0,0.0,0.0,0.0,0.0,0.0,0.0,0.0,0.0,0.0,0.0,0.0,0.0,0.0,0.0,0.0,0.0,0.0,0.0,0.0,-0.004985589534044266,-0.00153402762953192,-0.0011505207512527704,-0.00076701381476596,0.08667255938053131,-0.10469738394021988,0.11160051077604294,-0.11466856300830841,0.3881089687347412,-0.3892595171928406,0.38580793142318726,-0.39616262912750244,-0.01235999632626772,0.019226660951972008,-0.02700888179242611,0.04303110018372536,0.04303110018372536,-0.06912442296743393,0.05767998471856117,-0.08331552892923355,0.20783105492591858,-0.17120884358882904,0.20462660491466522,-0.20279549062252045,-0.0014643898466601968,-0.0005857559735886753,-0.0005857559735886753,0.0005857559735886753,0.11522937566041946,-0.11405784636735916,0.11522937566041946,-0.11025044322013855,0.3925376236438751,-0.3951735496520996,0.3942949175834656,-0.39722371101379395,0.0,0.0,0.0,0.0,0.0,0.0,0.0,0.0,0.0,0.0,0.0,0.0
20260708_192923_786968,2026-07-08T19:29:46.683,22.896580,pose,920,sit,0.0,0.0,0.0,0.0,0.0,0.0,0.0,0.0,1.0,fake,0.0,0.0,-1.0,-0.0,0.0,0.0,0.0,3.869000196456909,10.862869262695312,12,can0:12,5.304421901702881,12.898343086242676,,"BL_hip_joint,BR_hip_joint,FL_hip_joint,FR_hip_joint,BL_thigh_joint,BR_thigh_joint,FL_thigh_joint,FR_thigh_joint,BL_calf_joint,BR_calf_joint,FL_calf_joint,FR_calf_joint",330e02f2406e129bb6ed6ec4a6c6bcd5f80d7e7799a2ab087e81eda65d2fae69,"step=000920 mode=sit    vx= 0.000 vy= 0.000 vxy= 0.000 yaw= 0.000 speed=1.00 imu=fake tilt_rp=[-0.0,+0.0]deg imu_corr=0.000 act_max= 0.000 tau_cmd= 3.869 tau_cmd_max= 10.863 cmds=12 bus=can0:12 tau_fb= 5.304 tau_fb_max= 12.898",,,,,,,,,,,,,,,,,,,,,,,,,,,,,,,,,,,,,,,,,,,,,,,,,0.0,0.0,0.0,0.0,0.0,0.0,0.0,0.0,0.0,0.0,0.0,0.0,0.0,0.0,0.0,0.0,0.0,0.0,0.0,0.0,0.0,0.0,0.0,0.0,-0.005369096528738737,-0.00153402762953192,-0.0011505207512527704,-0.00076701381476596,0.09472620487213135,-0.11275102943181992,0.12118817865848541,-0.12272220849990845,0.41495445370674133,-0.41457095742225647,0.4122699201107025,-0.42224109172821045,-0.09842219203710556,0.01739555038511753,0.030671102926135063,-0.07827997952699661,0.0952177494764328,-0.05081331729888916,0.08331552892923355,-0.09796441346406937,0.20966215431690216,-0.1977599412202835,0.22888882458209991,-0.16479995846748352,-0.0014336374588310719,-0.0005734550068154931,-0.0005734550068154931,0.0005734550068154931,0.12330962717533112,-0.12216269969940186,0.12330962717533112,-0.11843526363372803,0.4187345504760742,-0.42131513357162476,0.4204549491405487,-0.42332223057746887,0.0,0.0,0.0,0.0,0.0,0.0,0.0,0.0,0.0,0.0,0.0,0.0
20260708_192923_786968,2026-07-08T19:29:46.801,23.014185,pose,925,sit,0.0,0.0,0.0,0.0,0.0,0.0,0.0,0.0,1.0,fake,0.0,0.0,-1.0,-0.0,0.0,0.0,0.0,3.1348373889923096,10.332273483276367,12,can0:12,5.305337429046631,13.64543628692627,,"BL_hip_joint,BR_hip_joint,FL_hip_joint,FR_hip_joint,BL_thigh_joint,BR_thigh_joint,FL_thigh_joint,FR_thigh_joint,BL_calf_joint,BR_calf_joint,FL_calf_joint,FR_calf_joint",330e02f2406e129bb6ed6ec4a6c6bcd5f80d7e7799a2ab087e81eda65d2fae69,"step=000925 mode=sit    vx= 0.000 vy= 0.000 vxy= 0.000 yaw= 0.000 speed=1.00 imu=fake tilt_rp=[-0.0,+0.0]deg imu_corr=0.000 act_max= 0.000 tau_cmd= 3.135 tau_cmd_max= 10.332 cmds=12 bus=can0:12 tau_fb= 5.305 tau_fb_max= 13.645",,,,,,,,,,,,,,,,,,,,,,,,,,,,,,,,,,,,,,,,,,,,,,,,,0.0,0.0,0.0,0.0,0.0,0.0,0.0,0.0,0.0,0.0,0.0,0.0,0.0,0.0,0.0,0.0,0.0,0.0,0.0,0.0,0.0,0.0,0.0,0.0,-0.005369096528738737,-0.00153402762953192,-0.0011505207512527704,-0.0011505207512527704,0.10201283544301987,-0.12080467492341995,0.1288583129644394,-0.13115936517715454,0.4433339834213257,-0.44103294610977173,0.4387319087982178,-0.44908657670021057,0.04943998530507088,-0.04898220673203468,0.09384441375732422,0.001831110566854477,0.12314218282699585,-0.054475538432598114,0.055848874151706696,-0.17944884300231934,0.10483107715845108,-0.15289773046970367,0.13138218224048615,-0.10666219145059586,-0.0014022921677678823,-0.0005609168438240886,-0.0005609168438240886,0.0005609168438240886,0.13154564797878265,-0.13042379915714264,0.13154564797878265,-0.12677785754203796,0.4454365074634552,-0.44796064496040344,0.44711926579475403,-0.44992387294769287,0.0,0.0,0.0,0.0,0.0,0.0,0.0,0.0,0.0,0.0,0.0,0.0
20260708_192923_786968,2026-07-08T19:29:46.918,23.131071,pose,930,sit,0.0,0.0,0.0,0.0,0.0,0.0,0.0,0.0,1.0,fake,0.0,0.0,-1.0,-0.0,0.0,0.0,0.0,3.7728564739227295,14.152684211730957,12,can0:12,5.546433925628662,13.715018272399902,,"BL_hip_joint,BR_hip_joint,FL_hip_joint,FR_hip_joint,BL_thigh_joint,BR_thigh_joint,FL_thigh_joint,FR_thigh_joint,BL_calf_joint,BR_calf_joint,FL_calf_joint,FR_calf_joint",330e02f2406e129bb6ed6ec4a6c6bcd5f80d7e7799a2ab087e81eda65d2fae69,"step=000930 mode=sit    vx= 0.000 vy= 0.000 vxy= 0.000 yaw= 0.000 speed=1.00 imu=fake tilt_rp=[-0.0,+0.0]deg imu_corr=0.000 act_max= 0.000 tau_cmd= 3.773 tau_cmd_max= 14.153 cmds=12 bus=can0:12 tau_fb= 5.546 tau_fb_max= 13.715",,,,,,,,,,,,,,,,,,,,,,,,,,,,,,,,,,,,,,,,,,,,,,,,,0.0,0.0,0.0,0.0,0.0,0.0,0.0,0.0,0.0,0.0,0.0,0.0,0.0,0.0,0.0,0.0,0.0,0.0,0.0,0.0,0.0,0.0,0.0,0.0,-0.005369096528738737,-0.0011505207512527704,-0.0011505207512527704,-0.00153402762953192,0.10891596227884293,-0.12924182415008545,0.13691195845603943,-0.14036352932453156,0.4713299870491028,-0.46902894973754883,0.46596089005470276,-0.4766990840435028,-0.032044436782598495,-0.006408886983990669,0.06042664870619774,-0.013275551609694958,0.037537768483161926,-0.10208441317081451,0.11215551942586899,-0.020142216235399246,0.19363994896411896,-0.22888882458209991,0.13000884652137756,-0.1268044114112854,-0.0013703962322324514,-0.0005481584812514484,-0.0005481584812514484,0.0005481584812514484,0.13992634415626526,-0.1388300061225891,0.13992634415626526,-0.1352669894695282,0.4726075232028961,-0.47507423162460327,0.47425198554992676,-0.47699281573295593,0.0,0.0,0.0,0.0,0.0,0.0,0.0,0.0,0.0,0.0,0.0,0.0
20260708_192923_786968,2026-07-08T19:29:47.035,23.248510,pose,935,sit,0.0,0.0,0.0,0.0,0.0,0.0,0.0,0.0,1.0,fake,0.0,0.0,-1.0,-0.0,0.0,0.0,0.0,4.094169616699219,17.56353759765625,12,can0:12,6.063417434692383,12.77748966217041,,"BL_hip_joint,BR_hip_joint,FL_hip_joint,FR_hip_joint,BL_thigh_joint,BR_thigh_joint,FL_thigh_joint,FR_thigh_joint,BL_calf_joint,BR_calf_joint,FL_calf_joint,FR_calf_joint",330e02f2406e129bb6ed6ec4a6c6bcd5f80d7e7799a2ab087e81eda65d2fae69,"step=000935 mode=sit    vx= 0.000 vy= 0.000 vxy= 0.000 yaw= 0.000 speed=1.00 imu=fake tilt_rp=[-0.0,+0.0]deg imu_corr=0.000 act_max= 0.000 tau_cmd= 4.094 tau_cmd_max= 17.564 cmds=12 bus=can0:12 tau_fb= 6.063 tau_fb_max= 12.777",,,,,,,,,,,,,,,,,,,,,,,,,,,,,,,,,,,,,,,,,,,,,,,,,0.0,0.0,0.0,0.0,0.0,0.0,0.0,0.0,0.0,0.0,0.0,0.0,0.0,0.0,0.0,0.0,0.0,0.0,0.0,0.0,0.0,0.0,0.0,0.0,-0.005369096528738737,-0.0011505207512527704,-0.0011505207512527704,-0.00153402762953192,0.11696960777044296,-0.13882949948310852,0.14688314497470856,-0.1503347009420395,0.49855896830558777,-0.4966414272785187,0.49318987131118774,-0.5046950578689575,-0.07370220124721527,0.00595110934227705,0.007782219909131527,0.03433332219719887,-0.05081331729888916,-0.09430219233036041,0.05081331729888916,-0.055848874151706696,0.22888882458209991,-0.21973326802253723,0.16800439357757568,-0.19409772753715515,-0.0013379919109866023,-0.0005351967993192375,-0.0005351967993192375,0.0005351967993192375,0.14844061434268951,-0.14737020432949066,0.14844061434268951,-0.14389143884181976,0.5002115964889526,-0.5026199817657471,0.5018172264099121,-0.5044931769371033,0.0,0.0,0.0,0.0,0.0,0.0,0.0,0.0,0.0,0.0,0.0,0.0
20260708_192923_786968,2026-07-08T19:29:47.153,23.366502,pose,940,sit,0.0,0.0,0.0,0.0,0.0,0.0,0.0,0.0,1.0,fake,0.0,0.0,-1.0,-0.0,0.0,0.0,0.0,4.932056903839111,14.377888679504395,12,can0:12,6.535843372344971,14.634235382080078,,"BL_hip_joint,BR_hip_joint,FL_hip_joint,FR_hip_joint,BL_thigh_joint,BR_thigh_joint,FL_thigh_joint,FR_thigh_joint,BL_calf_joint,BR_calf_joint,FL_calf_joint,FR_calf_joint",330e02f2406e129bb6ed6ec4a6c6bcd5f80d7e7799a2ab087e81eda65d2fae69,"step=000940 mode=sit    vx= 0.000 vy= 0.000 vxy= 0.000 yaw= 0.000 speed=1.00 imu=fake tilt_rp=[-0.0,+0.0]deg imu_corr=0.000 act_max= 0.000 tau_cmd= 4.932 tau_cmd_max= 14.378 cmds=12 bus=can0:12 tau_fb= 6.536 tau_fb_max= 14.634",,,,,,,,,,,,,,,,,,,,,,,,,,,,,,,,,,,,,,,,,,,,,,,,,0.0,0.0,0.0,0.0,0.0,0.0,0.0,0.0,0.0,0.0,0.0,0.0,0.0,0.0,0.0,0.0,0.0,0.0,0.0,0.0,0.0,0.0,0.0,0.0,-0.0057526035234332085,-0.0011505207512527704,-0.00153402762953192,-0.0019175345078110695,0.1250232458114624,-0.14688314497470856,0.1568543165922165,-0.15992237627506256,0.5265550017356873,-0.5238704085350037,0.5204188823699951,-0.5323075652122498,-0.0791955292224884,0.03341776877641678,-0.11627551913261414,0.0027466658502817154,0.04577776417136192,-0.02288888208568096,0.14511550962924957,-0.1268044114112854,0.18082216382026672,-0.21240882575511932,0.17899106442928314,-0.1593066155910492,-0.0013051214627921581,-0.0005220485618337989,-0.0005220485618337989,0.0005220485618337989,0.1570773869752884,-0.15603327751159668,0.1570773869752884,-0.1526399701833725,0.5282127857208252,-0.5305620431900024,0.5297789573669434,-0.532389223575592,0.0,0.0,0.0,0.0,0.0,0.0,0.0,0.0,0.0,0.0,0.0,0.0
20260708_192923_786968,2026-07-08T19:29:47.270,23.483183,pose,945,sit,0.0,0.0,0.0,0.0,0.0,0.0,0.0,0.0,1.0,fake,0.0,0.0,-1.0,-0.0,0.0,0.0,0.0,4.783862590789795,14.2186918258667,12,can0:12,6.319162845611572,14.78438663482666,,"BL_hip_joint,BR_hip_joint,FL_hip_joint,FR_hip_joint,BL_thigh_joint,BR_thigh_joint,FL_thigh_joint,FR_thigh_joint,BL_calf_joint,BR_calf_joint,FL_calf_joint,FR_calf_joint",330e02f2406e129bb6ed6ec4a6c6bcd5f80d7e7799a2ab087e81eda65d2fae69,"step=000945 mode=sit    vx= 0.000 vy= 0.000 vxy= 0.000 yaw= 0.000 speed=1.00 imu=fake tilt_rp=[-0.0,+0.0]deg imu_corr=0.000 act_max= 0.000 tau_cmd= 4.784 tau_cmd_max= 14.219 cmds=12 bus=can0:12 tau_fb= 6.319 tau_fb_max= 14.784",,,,,,,,,,,,,,,,,,,,,,,,,,,,,,,,,,,,,,,,,,,,,,,,,0.0,0.0,0.0,0.0,0.0,0.0,0.0,0.0,0.0,0.0,0.0,0.0,0.0,0.0,0.0,0.0,0.0,0.0,0.0,0.0,0.0,0.0,0.0,0.0,-0.005369096528738737,-0.0011505207512527704,-0.0011505207512527704,-0.0019175345078110695,0.13230988383293152,-0.15455327928066254,0.16375744342803955,-0.16835953295230865,0.5564684867858887,-0.5518664121627808,0.5484148859977722,-0.5610706210136414,0.017853328958153725,-0.03570665791630745,0.06683553755283356,-0.08102664351463318,0.07049775868654251,-0.04852443188428879,0.027466658502817154,-0.08560442179441452,0.2627643644809723,-0.2687154710292816,0.17990660667419434,-0.20783105492591858,-0.001271827146410942,-0.0005087308818474412,-0.0005087308818474412,0.0005087308818474412,0.16582553088665009,-0.16480804979801178,0.16582553088665009,-0.16150131821632385,0.5565750598907471,-0.558864414691925,0.5581012964248657,-0.5606449246406555,0.0,0.0,0.0,0.0,0.0,0.0,0.0,0.0,0.0,0.0,0.0,0.0
20260708_192923_786968,2026-07-08T19:29:47.387,23.600406,pose,950,sit,0.0,0.0,0.0,0.0,0.0,0.0,0.0,0.0,1.0,fake,0.0,0.0,-1.0,-0.0,0.0,0.0,0.0,4.0755085945129395,16.027280807495117,12,can0:12,6.733604431152344,15.20920467376709,,"BL_hip_joint,BR_hip_joint,FL_hip_joint,FR_hip_joint,BL_thigh_joint,BR_thigh_joint,FL_thigh_joint,FR_thigh_joint,BL_calf_joint,BR_calf_joint,FL_calf_joint,FR_calf_joint",330e02f2406e129bb6ed6ec4a6c6bcd5f80d7e7799a2ab087e81eda65d2fae69,"step=000950 mode=sit    vx= 0.000 vy= 0.000 vxy= 0.000 yaw= 0.000 speed=1.00 imu=fake tilt_rp=[-0.0,+0.0]deg imu_corr=0.000 act_max= 0.000 tau_cmd= 4.076 tau_cmd_max= 16.027 cmds=12 bus=can0:12 tau_fb= 6.734 tau_fb_max= 15.209",,,,,,,,,,,,,,,,,,,,,,,,,,,,,,,,,,,,,,,,,,,,,,,,,0.0,0.0,0.0,0.0,0.0,0.0,0.0,0.0,0.0,0.0,0.0,0.0,0.0,0.0,0.0,0.0,0.0,0.0,0.0,0.0,0.0,0.0,0.0,0.0,-0.0057526035234332085,-0.0011505207512527704,-0.0011505207512527704,-0.00153402762953192,0.1399800181388855,-0.16375744342803955,0.1725781112909317,-0.17794720828533173,0.5863820314407349,-0.581779956817627,0.5775613784790039,-0.590217113494873,0.04211554303765297,0.006408886983990669,0.012817773967981339,-0.0,0.03662221133708954,-0.12131107598543167,0.055848874151706696,-0.12543107569217682,0.10895107686519623,-0.21835993230342865,0.25131991505622864,-0.22614215314388275,-0.0012381509877741337,-0.0004952604649588466,-0.0004952604649588466,0.0004952604649588466,0.17467395961284637,-0.17368341982364655,0.17467395961284637,-0.17046424746513367,0.5852624773979187,-0.5874912142753601,0.5867483019828796,-0.589224636554718,0.0,0.0,0.0,0.0,0.0,0.0,0.0,0.0,0.0,0.0,0.0,0.0
20260708_192923_786968,2026-07-08T19:29:47.504,23.717001,pose,955,sit,0.0,0.0,0.0,0.0,0.0,0.0,0.0,0.0,1.0,fake,0.0,0.0,-1.0,-0.0,0.0,0.0,0.0,4.426743507385254,13.71269416809082,12,can0:12,6.471754550933838,14.465773582458496,,"BL_hip_joint,BR_hip_joint,FL_hip_joint,FR_hip_joint,BL_thigh_joint,BR_thigh_joint,FL_thigh_joint,FR_thigh_joint,BL_calf_joint,BR_calf_joint,FL_calf_joint,FR_calf_joint",330e02f2406e129bb6ed6ec4a6c6bcd5f80d7e7799a2ab087e81eda65d2fae69,"step=000955 mode=sit    vx= 0.000 vy= 0.000 vxy= 0.000 yaw= 0.000 speed=1.00 imu=fake tilt_rp=[-0.0,+0.0]deg imu_corr=0.000 act_max= 0.000 tau_cmd= 4.427 tau_cmd_max= 13.713 cmds=12 bus=can0:12 tau_fb= 6.472 tau_fb_max= 14.466",,,,,,,,,,,,,,,,,,,,,,,,,,,,,,,,,,,,,,,,,,,,,,,,,0.0,0.0,0.0,0.0,0.0,0.0,0.0,0.0,0.0,0.0,0.0,0.0,0.0,0.0,0.0,0.0,0.0,0.0,0.0,0.0,0.0,0.0,0.0,0.0,-0.0057526035234332085,-0.00153402762953192,-0.0011505207512527704,-0.0019175345078110695,0.14880067110061646,-0.17334511876106262,0.18331630527973175,-0.18868540227413177,0.6159120798110962,-0.609775960445404,0.6067079305648804,-0.6189801096916199,-0.030671102926135063,0.005493331700563431,0.03433332219719887,0.04303110018372536,0.10254219174385071,-0.06179998070001602,0.10849329829216003,-0.05767998471856117,0.16479995846748352,-0.16067995131015778,0.24353770911693573,-0.2714621424674988,-0.0012041355948895216,-0.0004816542495973408,-0.0004816542495973408,0.0004816542495973408,0.18361157178878784,-0.18264824151992798,0.18361157178878784,-0.17951750755310059,0.6142390966415405,-0.6164066195487976,0.6156840920448303,-0.6180923581123352,0.0,0.0,0.0,0.0,0.0,0.0,0.0,0.0,0.0,0.0,0.0,0.0
20260708_192923_786968,2026-07-08T19:29:47.621,23.834086,pose,960,sit,0.0,0.0,0.0,0.0,0.0,0.0,0.0,0.0,1.0,fake,0.0,0.0,-1.0,-0.0,0.0,0.0,0.0,5.8416290283203125,16.95179557800293,12,can0:12,7.074190139770508,16.89382553100586,,"BL_hip_joint,BR_hip_joint,FL_hip_joint,FR_hip_joint,BL_thigh_joint,BR_thigh_joint,FL_thigh_joint,FR_thigh_joint,BL_calf_joint,BR_calf_joint,FL_calf_joint,FR_calf_joint",330e02f2406e129bb6ed6ec4a6c6bcd5f80d7e7799a2ab087e81eda65d2fae69,"step=000960 mode=sit    vx= 0.000 vy= 0.000 vxy= 0.000 yaw= 0.000 speed=1.00 imu=fake tilt_rp=[-0.0,+0.0]deg imu_corr=0.000 act_max= 0.000 tau_cmd= 5.842 tau_cmd_max= 16.952 cmds=12 bus=can0:12 tau_fb= 7.074 tau_fb_max= 16.894",,,,,,,,,,,,,,,,,,,,,,,,,,,,,,,,,,,,,,,,,,,,,,,,,0.0,0.0,0.0,0.0,0.0,0.0,0.0,0.0,0.0,0.0,0.0,0.0,0.0,0.0,0.0,0.0,0.0,0.0,0.0,0.0,0.0,0.0,0.0,0.0,-0.00613611051812768,-0.0011505207512527704,-0.0011505207512527704,-0.002301041502505541,0.15723782777786255,-0.18178227543830872,0.19252046942710876,-0.1986565738916397,0.6462091207504272,-0.6389225125312805,0.6362379193305969,-0.6485101580619812,-0.024262215942144394,0.08789330720901489,-0.0027466658502817154,-0.02151555009186268,0.02059999480843544,-0.056764427572488785,0.08148442208766937,-0.08606220036745071,0.29023101925849915,-0.21744437515735626,0.26459547877311707,-0.2549821436405182,-0.0011698228772729635,-0.0004679291741922498,-0.0004679291741922498,0.0004679291741922498,0.19262728095054626,-0.19169141352176666,0.19262728095054626,-0.18864989280700684,0.6434689164161682,-0.6455746293067932,0.6448727250099182,-0.6472123265266418,0.0,0.0,0.0,0.0,0.0,0.0,0.0,0.0,0.0,0.0,0.0,0.0
20260708_192923_786968,2026-07-08T19:29:47.737,23.950813,pose,965,sit,0.0,0.0,0.0,0.0,0.0,0.0,0.0,0.0,1.0,fake,0.0,0.0,-1.0,-0.0,0.0,0.0,0.0,5.298962116241455,17.580074310302734,12,can0:12,7.105319499969482,16.344493865966797,,"BL_hip_joint,BR_hip_joint,FL_hip_joint,FR_hip_joint,BL_thigh_joint,BR_thigh_joint,FL_thigh_joint,FR_thigh_joint,BL_calf_joint,BR_calf_joint,FL_calf_joint,FR_calf_joint",330e02f2406e129bb6ed6ec4a6c6bcd5f80d7e7799a2ab087e81eda65d2fae69,"step=000965 mode=sit    vx= 0.000 vy= 0.000 vxy= 0.000 yaw= 0.000 speed=1.00 imu=fake tilt_rp=[-0.0,+0.0]deg imu_corr=0.000 act_max= 0.000 tau_cmd= 5.299 tau_cmd_max= 17.580 cmds=12 bus=can0:12 tau_fb= 7.105 tau_fb_max= 16.344",,,,,,,,,,,,,,,,,,,,,,,,,,,,,,,,,,,,,,,,,,,,,,,,,0.0,0.0,0.0,0.0,0.0,0.0,0.0,0.0,0.0,0.0,0.0,0.0,0.0,0.0,0.0,0.0,0.0,0.0,0.0,0.0,0.0,0.0,0.0,0.0,-0.00613611051812768,-0.0011505207512527704,-0.00153402762953192,-0.0019175345078110695,0.1641409546136856,-0.18983592092990875,0.2005741149187088,-0.20747722685337067,0.6768896579742432,-0.6688360571861267,0.6657679677009583,-0.6784237027168274,-0.002288888208568096,-0.0027466658502817154,-0.08560442179441452,0.03250221163034439,0.03341776877641678,-0.040742211043834686,0.007782219909131527,-0.0718710869550705,0.27558213472366333,-0.21103549003601074,0.21652881801128387,-0.18402661383152008,-0.0011352552101016045,-0.00045410211896523833,-0.00045410211896523833,0.00045410211896523833,0.20170998573303223,-0.2008017599582672,0.20170998573303223,-0.19785012304782867,0.6729158163070679,-0.6749593615531921,0.674278199672699,-0.6765487194061279,0.0,0.0,0.0,0.0,0.0,0.0,0.0,0.0,0.0,0.0,0.0,0.0
20260708_192923_786968,2026-07-08T19:29:47.854,24.067906,pose,970,sit,0.0,0.0,0.0,0.0,0.0,0.0,0.0,0.0,1.0,fake,0.0,0.0,-1.0,-0.0,0.0,0.0,0.0,5.458761215209961,17.392961502075195,12,can0:12,7.649158954620361,17.77275848388672,,"BL_hip_joint,BR_hip_joint,FL_hip_joint,FR_hip_joint,BL_thigh_joint,BR_thigh_joint,FL_thigh_joint,FR_thigh_joint,BL_calf_joint,BR_calf_joint,FL_calf_joint,FR_calf_joint",330e02f2406e129bb6ed6ec4a6c6bcd5f80d7e7799a2ab087e81eda65d2fae69,"step=000970 mode=sit    vx= 0.000 vy= 0.000 vxy= 0.000 yaw= 0.000 speed=1.00 imu=fake tilt_rp=[-0.0,+0.0]deg imu_corr=0.000 act_max= 0.000 tau_cmd= 5.459 tau_cmd_max= 17.393 cmds=12 bus=can0:12 tau_fb= 7.649 tau_fb_max= 17.773",,,,,,,,,,,,,,,,,,,,,,,,,,,,,,,,,,,,,,,,,,,,,,,,,0.0,0.0,0.0,0.0,0.0,0.0,0.0,0.0,0.0,0.0,0.0,0.0,0.0,0.0,0.0,0.0,0.0,0.0,0.0,0.0,0.0,0.0,0.0,0.0,-0.006519617512822151,-0.0011505207512527704,-0.0011505207512527704,-0.0019175345078110695,0.17296160757541656,-0.19942358136177063,0.20977827906608582,-0.2174484133720398,0.7075702548027039,-0.6995165944099426,0.6952980160713196,-0.7083372473716736,0.0013733329251408577,0.032044436782598495,0.062257759273052216,0.048066653311252594,0.04303110018372536,-0.04303110018372536,0.08651997148990631,-0.10940885543823242,0.2211066037416458,-0.21744437515735626,0.17761772871017456,-0.24399548768997192,-0.0011004748521372676,-0.00044018993503414094,-0.00044018993503414094,0.00044018993503414094,0.2108485847711563,-0.2099681943655014,0.2108485847711563,-0.20710697770118713,0.7025440335273743,-0.7045249342918396,0.7038646340370178,-0.7060655951499939,0.0,0.0,0.0,0.0,0.0,0.0,0.0,0.0,0.0,0.0,0.0,0.0
20260708_192923_786968,2026-07-08T19:29:47.972,24.185231,pose,975,sit,0.0,0.0,0.0,0.0,0.0,0.0,0.0,0.0,1.0,fake,0.0,0.0,-1.0,-0.0,0.0,0.0,0.0,5.705861568450928,15.394569396972656,12,can0:12,7.166051387786865,18.131656646728516,,"BL_hip_joint,BR_hip_joint,FL_hip_joint,FR_hip_joint,BL_thigh_joint,BR_thigh_joint,FL_thigh_joint,FR_thigh_joint,BL_calf_joint,BR_calf_joint,FL_calf_joint,FR_calf_joint",330e02f2406e129bb6ed6ec4a6c6bcd5f80d7e7799a2ab087e81eda65d2fae69,"step=000975 mode=sit    vx= 0.000 vy= 0.000 vxy= 0.000 yaw= 0.000 speed=1.00 imu=fake tilt_rp=[-0.0,+0.0]deg imu_corr=0.000 act_max= 0.000 tau_cmd= 5.706 tau_cmd_max= 15.395 cmds=12 bus=can0:12 tau_fb= 7.166 tau_fb_max= 18.132",,,,,,,,,,,,,,,,,,,,,,,,,,,,,,,,,,,,,,,,,,,,,,,,,0.0,0.0,0.0,0.0,0.0,0.0,0.0,0.0,0.0,0.0,0.0,0.0,0.0,0.0,0.0,0.0,0.0,0.0,0.0,0.0,0.0,0.0,0.0,0.0,-0.00613611051812768,-0.0011505207512527704,-0.0011505207512527704,-0.002301041502505541,0.18254928290843964,-0.20862776041030884,0.22051647305488586,-0.2278030961751938,0.7378672957420349,-0.7286630868911743,0.7248280644416809,-0.7378672957420349,0.06408887356519699,0.056764427572488785,0.010071108117699623,0.010528885759413242,0.09292886406183243,-0.10620441287755966,0.12039551883935928,-0.05081331729888916,0.30442214012145996,-0.23667104542255402,0.3195287883281708,-0.24124881625175476,-0.0010655239457264543,-0.0004262095899321139,-0.0004262095899321139,0.0004262095899321139,0.2200319916009903,-0.21917955577373505,0.2200319916009903,-0.21640922129154205,0.7323175072669983,-0.7342355251312256,0.73359614610672,-0.7357271909713745,0.0,0.0,0.0,0.0,0.0,0.0,0.0,0.0,0.0,0.0,0.0,0.0
20260708_192923_786968,2026-07-08T19:29:48.088,24.301694,pose,980,sit,0.0,0.0,0.0,0.0,0.0,0.0,0.0,0.0,1.0,fake,0.0,0.0,-1.0,-0.0,0.0,0.0,0.0,5.447135925292969,15.57473373413086,12,can0:12,7.169408321380615,20.497451782226562,,"BL_hip_joint,BR_hip_joint,FL_hip_joint,FR_hip_joint,BL_thigh_joint,BR_thigh_joint,FL_thigh_joint,FR_thigh_joint,BL_calf_joint,BR_calf_joint,FL_calf_joint,FR_calf_joint",330e02f2406e129bb6ed6ec4a6c6bcd5f80d7e7799a2ab087e81eda65d2fae69,"step=000980 mode=sit    vx= 0.000 vy= 0.000 vxy= 0.000 yaw= 0.000 speed=1.00 imu=fake tilt_rp=[-0.0,+0.0]deg imu_corr=0.000 act_max= 0.000 tau_cmd= 5.447 tau_cmd_max= 15.575 cmds=12 bus=can0:12 tau_fb= 7.169 tau_fb_max= 20.497",,,,,,,,,,,,,,,,,,,,,,,,,,,,,,,,,,,,,,,,,,,,,,,,,0.0,0.0,0.0,0.0,0.0,0.0,0.0,0.0,0.0,0.0,0.0,0.0,0.0,0.0,0.0,0.0,0.0,0.0,0.0,0.0,0.0,0.0,0.0,0.0,-0.006519617512822151,-0.0011505207512527704,-0.00153402762953192,-0.0019175345078110695,0.19021941721439362,-0.21629789471626282,0.2285701185464859,-0.23624025285243988,0.7689313292503357,-0.7581931352615356,0.7543580532073975,-0.7670137882232666,-0.00045777764171361923,0.04577776417136192,-0.08331552892923355,-0.03662221133708954,0.10940885543823242,-0.032044436782598495,0.010986663401126862,-0.030671102926135063,0.28839990496635437,-0.13138218224048615,0.23529770970344543,-0.21607105433940887,-0.0010304447496309876,-0.00041217790567316115,-0.00041217790567316115,0.00041217790567316115,0.22924910485744476,-0.22842472791671753,0.22924910485744476,-0.22574558854103088,0.7622002363204956,-0.764055073261261,0.7634367942810059,-0.7654976844787598,0.0,0.0,0.0,0.0,0.0,0.0,0.0,0.0,0.0,0.0,0.0,0.0
20260708_192923_786968,2026-07-08T19:29:48.206,24.419718,pose,985,sit,0.0,0.0,0.0,0.0,0.0,0.0,0.0,0.0,1.0,fake,0.0,0.0,-1.0,-0.0,0.0,0.0,0.0,4.618029594421387,18.162446975708008,12,can0:12,6.645710468292236,22.17474937438965,,"BL_hip_joint,BR_hip_joint,FL_hip_joint,FR_hip_joint,BL_thigh_joint,BR_thigh_joint,FL_thigh_joint,FR_thigh_joint,BL_calf_joint,BR_calf_joint,FL_calf_joint,FR_calf_joint",330e02f2406e129bb6ed6ec4a6c6bcd5f80d7e7799a2ab087e81eda65d2fae69,"step=000985 mode=sit    vx= 0.000 vy= 0.000 vxy= 0.000 yaw= 0.000 speed=1.00 imu=fake tilt_rp=[-0.0,+0.0]deg imu_corr=0.000 act_max= 0.000 tau_cmd= 4.618 tau_cmd_max= 18.162 cmds=12 bus=can0:12 tau_fb= 6.646 tau_fb_max= 22.175",,,,,,,,,,,,,,,,,,,,,,,,,,,,,,,,,,,,,,,,,,,,,,,,,0.0,0.0,0.0,0.0,0.0,0.0,0.0,0.0,0.0,0.0,0.0,0.0,0.0,0.0,0.0,0.0,0.0,0.0,0.0,0.0,0.0,0.0,0.0,0.0,-0.007286631036549807,-0.00153402762953192,-0.0011505207512527704,0.00038350690738298,0.19712254405021667,-0.22473503649234772,0.2350897341966629,-0.2408423274755478,0.8011459112167358,-0.7884901762008667,0.7831211090087891,-0.79194176197052,0.040742211043834686,0.032959990203380585,-0.018768884241580963,0.02700888179242611,0.08835108578205109,-0.095675528049469,0.09155552834272385,-0.019226660951972008,0.317239910364151,-0.17120884358882904,0.2536088228225708,-0.13321329653263092,-0.000995279522612691,-0.00039811182068660855,-0.00039811182068660855,0.00039811182068660855,0.2384888082742691,-0.23769256472587585,0.2384888082742691,-0.23510485887527466,0.7921562194824219,-0.7939478158950806,0.7933505773544312,-0.7953411340713501,0.0,0.0,0.0,0.0,0.0,0.0,0.0,0.0,0.0,0.0,0.0,0.0
20260708_192923_786968,2026-07-08T19:29:48.327,24.540823,pose,990,sit,0.0,0.0,0.0,0.0,0.0,0.0,0.0,0.0,1.0,fake,0.0,0.0,-1.0,-0.0,0.0,0.0,0.0,5.296792984008789,17.71590232849121,12,can0:12,6.967376232147217,23.7861270904541,,"BL_hip_joint,BR_hip_joint,FL_hip_joint,FR_hip_joint,BL_thigh_joint,BR_thigh_joint,FL_thigh_joint,FR_thigh_joint,BL_calf_joint,BR_calf_joint,FL_calf_joint,FR_calf_joint",330e02f2406e129bb6ed6ec4a6c6bcd5f80d7e7799a2ab087e81eda65d2fae69,"step=000990 mode=sit    vx= 0.000 vy= 0.000 vxy= 0.000 yaw= 0.000 speed=1.00 imu=fake tilt_rp=[-0.0,+0.0]deg imu_corr=0.000 act_max= 0.000 tau_cmd= 5.297 tau_cmd_max= 17.716 cmds=12 bus=can0:12 tau_fb= 6.967 tau_fb_max= 23.786",,,,,,,,,,,,,,,,,,,,,,,,,,,,,,,,,,,,,,,,,,,,,,,,,0.0,0.0,0.0,0.0,0.0,0.0,0.0,0.0,0.0,0.0,0.0,0.0,0.0,0.0,0.0,0.0,0.0,0.0,0.0,0.0,0.0,0.0,0.0,0.0,-0.007670138031244278,-0.00153402762953192,-0.0011505207512527704,0.00153402762953192,0.20364215970039368,-0.23163816332817078,0.24122583866119385,-0.2454444169998169,0.8348945379257202,-0.8195542693138123,0.8134181499481201,-0.8199377655982971,-0.06591998040676117,-0.009155552834272385,0.012817773967981339,-0.010528885759413242,0.13183996081352234,-0.05767998471856117,0.062257759273052216,-0.08239997923374176,0.22659993171691895,-0.20142216980457306,0.2787865698337555,-0.18402661383152008,-0.0009600705234333873,-0.000384028215194121,-0.000384028215194121,0.000384028215194121,0.24774004518985748,-0.2469719648361206,0.24774004518985748,-0.24447579681873322,0.8221495151519775,-0.82387775182724,0.8233016729354858,-0.8252217769622803,0.0,0.0,0.0,0.0,0.0,0.0,0.0,0.0,0.0,0.0,0.0,0.0
20260708_192923_786968,2026-07-08T19:29:48.450,24.663891,pose,995,sit,0.0,0.0,0.0,0.0,0.0,0.0,0.0,0.0,1.0,fake,0.0,0.0,-1.0,-0.0,0.0,0.0,0.0,5.237002849578857,20.206314086914062,12,can0:12,6.5834527015686035,23.412580490112305,,"BL_hip_joint,BR_hip_joint,FL_hip_joint,FR_hip_joint,BL_thigh_joint,BR_thigh_joint,FL_thigh_joint,FR_thigh_joint,BL_calf_joint,BR_calf_joint,FL_calf_joint,FR_calf_joint",330e02f2406e129bb6ed6ec4a6c6bcd5f80d7e7799a2ab087e81eda65d2fae69,"step=000995 mode=sit    vx= 0.000 vy= 0.000 vxy= 0.000 yaw= 0.000 speed=1.00 imu=fake tilt_rp=[-0.0,+0.0]deg imu_corr=0.000 act_max= 0.000 tau_cmd= 5.237 tau_cmd_max= 20.206 cmds=12 bus=can0:12 tau_fb= 6.583 tau_fb_max= 23.413",,,,,,,,,,,,,,,,,,,,,,,,,,,,,,,,,,,,,,,,,,,,,,,,,0.0,0.0,0.0,0.0,0.0,0.0,0.0,0.0,0.0,0.0,0.0,0.0,0.0,0.0,0.0,0.0,0.0,0.0,0.0,0.0,0.0,0.0,0.0,0.0,-0.007670138031244278,-0.0011505207512527704,-0.0011505207512527704,0.0011505207512527704,0.2128463238477707,-0.24007532000541687,0.25158053636550903,-0.2546485960483551,0.8663420677185059,-0.8490842580795288,0.844098687171936,-0.8498513102531433,-0.03570665791630745,0.08423108607530594,0.0032044434919953346,-0.007324442267417908,0.1112399697303772,-0.08194220066070557,0.10757774859666824,-0.06591998040676117,0.26551103591918945,-0.13779106736183167,0.17029328644275665,-0.2137821614742279,-0.0009248600108548999,-0.00036994399852119386,-0.00036994399852119386,0.00036994399852119386,0.2569916248321533,-0.2562517523765564,0.2569916248321533,-0.2538471221923828,0.852144181728363,-0.8538089990615845,0.8532540202140808,-0.8551037311553955,0.0,0.0,0.0,0.0,0.0,0.0,0.0,0.0,0.0,0.0,0.0,0.0
20260708_192923_786968,2026-07-08T19:29:48.572,24.785951,pose,1000,sit,0.0,0.0,0.0,0.0,0.0,0.0,0.0,0.0,1.0,fake,0.0,0.0,-1.0,-0.0,0.0,0.0,0.0,5.270453929901123,18.294307708740234,12,can0:12,6.2581257820129395,23.74217987060547,,"BL_hip_joint,BR_hip_joint,FL_hip_joint,FR_hip_joint,BL_thigh_joint,BR_thigh_joint,FL_thigh_joint,FR_thigh_joint,BL_calf_joint,BR_calf_joint,FL_calf_joint,FR_calf_joint",330e02f2406e129bb6ed6ec4a6c6bcd5f80d7e7799a2ab087e81eda65d2fae69,"step=001000 mode=sit    vx= 0.000 vy= 0.000 vxy= 0.000 yaw= 0.000 speed=1.00 imu=fake tilt_rp=[-0.0,+0.0]deg imu_corr=0.000 act_max= 0.000 tau_cmd= 5.270 tau_cmd_max= 18.294 cmds=12 bus=can0:12 tau_fb= 6.258 tau_fb_max= 23.742",,,,,,,,,,,,,,,,,,,,,,,,,,,,,,,,,,,,,,,,,,,,,,,,,0.0,0.0,0.0,0.0,0.0,0.0,0.0,0.0,0.0,0.0,0.0,0.0,0.0,0.0,0.0,0.0,0.0,0.0,0.0,0.0,0.0,0.0,0.0,0.0,-0.007670138031244278,-0.00153402762953192,-0.00076701381476596,0.002301041502505541,0.22320102155208588,-0.2508135139942169,0.26040118932724,-0.26270222663879395,0.8954886198043823,-0.8782308101654053,0.8740122318267822,-0.878997802734375,-0.010986663401126862,0.04577776417136192,-0.08606220036745071,0.0027466658502817154,0.09292886406183243,-0.059968870133161545,0.11535996943712234,-0.08285775035619736,0.2293466031551361,-0.21927548944950104,0.21011993288993835,-0.17761772871017456,-0.0008896900108084083,-0.0003558760217856616,-0.0003558760217856616,0.0003558760217856616,0.26623260974884033,-0.265520840883255,0.26623260974884033,-0.26320764422416687,0.882104218006134,-0.883705735206604,0.8831718564033508,-0.8849512934684753,0.0,0.0,0.0,0.0,0.0,0.0,0.0,0.0,0.0,0.0,0.0,0.0
20260708_192923_786968,2026-07-08T19:29:48.694,24.907523,pose,1005,sit,0.0,0.0,0.0,0.0,0.0,0.0,0.0,0.0,1.0,fake,0.0,0.0,-1.0,-0.0,0.0,0.0,0.0,4.578479766845703,18.063674926757812,12,can0:12,5.938291549682617,22.540971755981445,,"BL_hip_joint,BR_hip_joint,FL_hip_joint,FR_hip_joint,BL_thigh_joint,BR_thigh_joint,FL_thigh_joint,FR_thigh_joint,BL_calf_joint,BR_calf_joint,FL_calf_joint,FR_calf_joint",330e02f2406e129bb6ed6ec4a6c6bcd5f80d7e7799a2ab087e81eda65d2fae69,"step=001005 mode=sit    vx= 0.000 vy= 0.000 vxy= 0.000 yaw= 0.000 speed=1.00 imu=fake tilt_rp=[-0.0,+0.0]deg imu_corr=0.000 act_max= 0.000 tau_cmd= 4.578 tau_cmd_max= 18.064 cmds=12 bus=can0:12 tau_fb= 5.938 tau_fb_max= 22.541",,,,,,,,,,,,,,,,,,,,,,,,,,,,,,,,,,,,,,,,,,,,,,,,,0.0,0.0,0.0,0.0,0.0,0.0,0.0,0.0,0.0,0.0,0.0,0.0,0.0,0.0,0.0,0.0,0.0,0.0,0.0,0.0,0.0,0.0,0.0,0.0,-0.008053644560277462,-0.0019175345078110695,-0.00076701381476596,0.004602083005011082,0.2331721931695938,-0.2623187303543091,0.26922184228897095,-0.2688383460044861,0.9261691570281982,-0.907377302646637,0.9039257764816284,-0.9039257764816284,0.02609332650899887,0.02059999480843544,-0.04989776387810707,-0.00045777764171361923,0.10803552716970444,-0.09796441346406937,0.08011108636856079,-0.004577776417136192,0.20645771920681,-0.13367107510566711,0.14877773821353912,-0.13733328878879547,-0.0008546030148863792,-0.00034184122341684997,-0.00034184122341684997,0.00034184122341684997,0.27545174956321716,-0.27476805448532104,0.27545174956321716,-0.27254611253738403,0.9119936227798462,-0.9135319590568542,0.9130191802978516,-0.9147283434867859,0.0,0.0,0.0,0.0,0.0,0.0,0.0,0.0,0.0,0.0,0.0,0.0
20260708_192923_786968,2026-07-08T19:29:48.815,25.028316,pose,1010,sit,0.0,0.0,0.0,0.0,0.0,0.0,0.0,0.0,1.0,fake,0.0,0.0,-1.0,-0.0,0.0,0.0,0.0,4.709177494049072,17.433359146118164,12,can0:12,5.58885383605957,25.642871856689453,,"BL_hip_joint,BR_hip_joint,FL_hip_joint,FR_hip_joint,BL_thigh_joint,BR_thigh_joint,FL_thigh_joint,FR_thigh_joint,BL_calf_joint,BR_calf_joint,FL_calf_joint,FR_calf_joint",330e02f2406e129bb6ed6ec4a6c6bcd5f80d7e7799a2ab087e81eda65d2fae69,"step=001010 mode=sit    vx= 0.000 vy= 0.000 vxy= 0.000 yaw= 0.000 speed=1.00 imu=fake tilt_rp=[-0.0,+0.0]deg imu_corr=0.000 act_max= 0.000 tau_cmd= 4.709 tau_cmd_max= 17.433 cmds=12 bus=can0:12 tau_fb= 5.589 tau_fb_max= 25.643",,,,,,,,,,,,,,,,,,,,,,,,,,,,,,,,,,,,,,,,,,,,,,,,,0.0,0.0,0.0,0.0,0.0,0.0,0.0,0.0,0.0,0.0,0.0,0.0,0.0,0.0,0.0,0.0,0.0,0.0,0.0,0.0,0.0,0.0,0.0,0.0,-0.00843715202063322,-0.0019175345078110695,-0.0011505207512527704,0.0057526035234332085,0.24314337968826294,-0.27382391691207886,0.278809517621994,-0.2715228796005249,0.9568496942520142,-0.9365238547325134,0.9326887726783752,-0.9284701943397522,0.043946653604507446,-0.006408886983990669,0.02059999480843544,-0.09201330691576004,0.09201330691576004,-0.06729331612586975,0.10711997002363205,-0.032959990203380585,0.14786218106746674,-0.17258216440677643,0.13824884593486786,-0.20142216980457306,-0.0008196411654353142,-0.00032785648363642395,-0.00032785648363642395,0.00032785648363642395,0.28463804721832275,-0.2839823067188263,0.28463804721832275,-0.28185126185417175,0.9417763352394104,-0.9432517886161804,0.9427599906921387,-0.9443992376327515,0.0,0.0,0.0,0.0,0.0,0.0,0.0,0.0,0.0,0.0,0.0,0.0
20260708_192923_786968,2026-07-08T19:29:48.934,25.147138,pose,1015,sit,0.0,0.0,0.0,0.0,0.0,0.0,0.0,0.0,1.0,fake,0.0,0.0,-1.0,-0.0,0.0,0.0,0.0,5.94397497177124,20.804275512695312,12,can0:12,5.762504577636719,24.25855255126953,,"BL_hip_joint,BR_hip_joint,FL_hip_joint,FR_hip_joint,BL_thigh_joint,BR_thigh_joint,FL_thigh_joint,FR_thigh_joint,BL_calf_joint,BR_calf_joint,FL_calf_joint,FR_calf_joint",330e02f2406e129bb6ed6ec4a6c6bcd5f80d7e7799a2ab087e81eda65d2fae69,"step=001015 mode=sit    vx= 0.000 vy= 0.000 vxy= 0.000 yaw= 0.000 speed=1.00 imu=fake tilt_rp=[-0.0,+0.0]deg imu_corr=0.000 act_max= 0.000 tau_cmd= 5.944 tau_cmd_max= 20.804 cmds=12 bus=can0:12 tau_fb= 5.763 tau_fb_max= 24.259",,,,,,,,,,,,,,,,,,,,,,,,,,,,,,,,,,,,,,,,,,,,,,,,,0.0,0.0,0.0,0.0,0.0,0.0,0.0,0.0,0.0,0.0,0.0,0.0,0.0,0.0,0.0,0.0,0.0,0.0,0.0,0.0,0.0,0.0,0.0,0.0,-0.008820658549666405,-0.0026845482643693686,-0.003835069015622139,0.00613611051812768,0.2531145513057709,-0.28417861461639404,0.2857126295566559,-0.27957653999328613,0.9867632389068604,-0.9645198583602905,0.9564661979675293,-0.9568496942520142,0.0952177494764328,-0.03021332435309887,-0.031128879636526108,-0.0238044373691082,0.08148442208766937,-0.0952177494764328,0.025177771225571632,-0.04348887503147125,0.25818657875061035,-0.21927548944950104,0.2142399400472641,-0.18539994955062866,-0.0007848468376323581,-0.0003139387408737093,-0.0003139387408737093,0.0003139387408737093,0.2937803268432617,-0.29315242171287537,0.2937803268432617,-0.2911118268966675,0.9714164733886719,-0.972829282283783,0.9723583459854126,-0.9739280343055725,0.0,0.0,0.0,0.0,0.0,0.0,0.0,0.0,0.0,0.0,0.0,0.0
20260708_192923_786968,2026-07-08T19:29:49.055,25.268944,pose,1020,sit,0.0,0.0,0.0,0.0,0.0,0.0,0.0,0.0,1.0,fake,0.0,0.0,-1.0,-0.0,0.0,0.0,0.0,5.929445743560791,19.25543212890625,12,can0:12,5.949888229370117,23.950925827026367,,"BL_hip_joint,BR_hip_joint,FL_hip_joint,FR_hip_joint,BL_thigh_joint,BR_thigh_joint,FL_thigh_joint,FR_thigh_joint,BL_calf_joint,BR_calf_joint,FL_calf_joint,FR_calf_joint",330e02f2406e129bb6ed6ec4a6c6bcd5f80d7e7799a2ab087e81eda65d2fae69,"step=001020 mode=sit    vx= 0.000 vy= 0.000 vxy= 0.000 yaw= 0.000 speed=1.00 imu=fake tilt_rp=[-0.0,+0.0]deg imu_corr=0.000 act_max= 0.000 tau_cmd= 5.929 tau_cmd_max= 19.255 cmds=12 bus=can0:12 tau_fb= 5.950 tau_fb_max= 23.951",,,,,,,,,,,,,,,,,,,,,,,,,,,,,,,,,,,,,,,,,,,,,,,,,0.0,0.0,0.0,0.0,0.0,0.0,0.0,0.0,0.0,0.0,0.0,0.0,0.0,0.0,0.0,0.0,0.0,0.0,0.0,0.0,0.0,0.0,0.0,0.0,-0.009204166010022163,-0.003835069015622139,-0.005369096528738737,0.006519617512822151,0.26040118932724,-0.29606732726097107,0.29069823026657104,-0.2872466742992401,1.0170602798461914,-0.9921323657035828,0.9848456978797913,-0.9867632389068604,0.036164432764053345,-0.019226660951972008,0.02471999265253544,0.004119998775422573,0.056764427572488785,-0.07324442267417908,0.056764427572488785,-0.09796441346406937,0.1977599412202835,-0.1675466150045395,0.24994659423828125,-0.2371288239955902,-0.0007502619409933686,-0.0003001047589350492,-0.0003001047589350492,0.0003001047589350492,0.3028675615787506,-0.30226731300354004,0.3028675615787506,-0.3003166615962982,1.0008782148361206,-1.0022286176681519,1.001778483390808,-1.0032789707183838,0.0,0.0,0.0,0.0,0.0,0.0,0.0,0.0,0.0,0.0,0.0,0.0
20260708_192923_786968,2026-07-08T19:29:49.173,25.386100,pose,1025,sit,0.0,0.0,0.0,0.0,0.0,0.0,0.0,0.0,1.0,fake,0.0,0.0,-1.0,-0.0,0.0,0.0,0.0,6.080251693725586,17.38530921936035,12,can0:12,5.668507099151611,21.29215431213379,,"BL_hip_joint,BR_hip_joint,FL_hip_joint,FR_hip_joint,BL_thigh_joint,BR_thigh_joint,FL_thigh_joint,FR_thigh_joint,BL_calf_joint,BR_calf_joint,FL_calf_joint,FR_calf_joint",330e02f2406e129bb6ed6ec4a6c6bcd5f80d7e7799a2ab087e81eda65d2fae69,"step=001025 mode=sit    vx= 0.000 vy= 0.000 vxy= 0.000 yaw= 0.000 speed=1.00 imu=fake tilt_rp=[-0.0,+0.0]deg imu_corr=0.000 act_max= 0.000 tau_cmd= 6.080 tau_cmd_max= 17.385 cmds=12 bus=can0:12 tau_fb= 5.669 tau_fb_max= 21.292",,,,,,,,,,,,,,,,,,,,,,,,,,,,,,,,,,,,,,,,,,,,,,,,,0.0,0.0,0.0,0.0,0.0,0.0,0.0,0.0,0.0,0.0,0.0,0.0,0.0,0.0,0.0,0.0,0.0,0.0,0.0,0.0,0.0,0.0,0.0,0.0,-0.009204166010022163,-0.005369096528738737,-0.0057526035234332085,0.006519617512822151,0.26998886466026306,-0.3068055212497711,0.29798486828804016,-0.294149786233902,1.0454398393630981,-1.0162932872772217,1.0132251977920532,-1.015526294708252,0.07324442267417908,0.015106662176549435,0.02151555009186268,0.03250221163034439,0.11810663342475891,-0.12176885455846786,0.04989776387810707,-0.09613330662250519,0.16388440132141113,-0.1982177197933197,0.2558977007865906,-0.2705465853214264,-0.0007159289671108127,-0.0002863715635612607,-0.0002863715635612607,0.0002863715635612607,0.31188860535621643,-0.3113158345222473,0.31188860535621643,-0.30945444107055664,1.0301252603530884,-1.0314139127731323,1.0309844017028809,-1.0324162244796753,0.0,0.0,0.0,0.0,0.0,0.0,0.0,0.0,0.0,0.0,0.0,0.0
20260708_192923_786968,2026-07-08T19:29:49.291,25.504613,pose,1030,sit,0.0,0.0,0.0,0.0,0.0,0.0,0.0,0.0,1.0,fake,0.0,0.0,-1.0,-0.0,0.0,0.0,0.0,5.913029193878174,15.22380542755127,12,can0:12,4.623859405517578,18.102359771728516,,"BL_hip_joint,BR_hip_joint,FL_hip_joint,FR_hip_joint,BL_thigh_joint,BR_thigh_joint,FL_thigh_joint,FR_thigh_joint,BL_calf_joint,BR_calf_joint,FL_calf_joint,FR_calf_joint",330e02f2406e129bb6ed6ec4a6c6bcd5f80d7e7799a2ab087e81eda65d2fae69,"step=001030 mode=sit    vx= 0.000 vy= 0.000 vxy= 0.000 yaw= 0.000 speed=1.00 imu=fake tilt_rp=[-0.0,+0.0]deg imu_corr=0.000 act_max= 0.000 tau_cmd= 5.913 tau_cmd_max= 15.224 cmds=12 bus=can0:12 tau_fb= 4.624 tau_fb_max= 18.102",,,,,,,,,,,,,,,,,,,,,,,,,,,,,,,,,,,,,,,,,,,,,,,,,0.0,0.0,0.0,0.0,0.0,0.0,0.0,0.0,0.0,0.0,0.0,0.0,0.0,0.0,0.0,0.0,0.0,0.0,0.0,0.0,0.0,0.0,0.0,0.0,-0.007670138031244278,-0.005369096528738737,-0.0057526035234332085,0.006903124041855335,0.2837951183319092,-0.3144756555557251,0.3079560399055481,-0.304887980222702,1.0703678131103516,-1.0439057350158691,1.0427552461624146,-1.0450563430786133,0.02609332650899887,-0.04623554274439812,0.06683553755283356,-0.0068666646257042885,0.1748710572719574,0.13733328878879547,0.1190221905708313,-0.17120884358882904,0.18860438466072083,-0.21744437515735626,0.16846217215061188,-0.1908932775259018,-0.0006818900583311915,-0.0002727560349740088,-0.0002727560349740088,0.0002727560349740088,0.32083237171173096,-0.3202868402004242,0.32083237171173096,-0.318513959646225,1.05912184715271,-1.0603492259979248,1.0599400997161865,-1.0613038539886475,0.0,0.0,0.0,0.0,0.0,0.0,0.0,0.0,0.0,0.0,0.0,0.0
20260708_192923_786968,2026-07-08T19:29:49.414,25.627763,pose,1035,sit,0.0,0.0,0.0,0.0,0.0,0.0,0.0,0.0,1.0,fake,0.0,0.0,-1.0,-0.0,0.0,0.0,0.0,5.1045050621032715,10.658427238464355,12,can0:12,3.9387190341949463,12.953276634216309,,"BL_hip_joint,BR_hip_joint,FL_hip_joint,FR_hip_joint,BL_thigh_joint,BR_thigh_joint,FL_thigh_joint,FR_thigh_joint,BL_calf_joint,BR_calf_joint,FL_calf_joint,FR_calf_joint",330e02f2406e129bb6ed6ec4a6c6bcd5f80d7e7799a2ab087e81eda65d2fae69,"step=001035 mode=sit    vx= 0.000 vy= 0.000 vxy= 0.000 yaw= 0.000 speed=1.00 imu=fake tilt_rp=[-0.0,+0.0]deg imu_corr=0.000 act_max= 0.000 tau_cmd= 5.105 tau_cmd_max= 10.658 cmds=12 bus=can0:12 tau_fb= 3.939 tau_fb_max= 12.953",,,,,,,,,,,,,,,,,,,,,,,,,,,,,,,,,,,,,,,,,,,,,,,,,0.0,0.0,0.0,0.0,0.0,0.0,0.0,0.0,0.0,0.0,0.0,0.0,0.0,0.0,0.0,0.0,0.0,0.0,0.0,0.0,0.0,0.0,0.0,0.0,-0.006903124041855335,-0.00613611051812768,-0.005369096528738737,0.006903124041855335,0.304887980222702,-0.3171602189540863,0.3183107376098633,-0.3152426779270172,1.0945286750793457,-1.0738192796707153,1.0726687908172607,-1.0742027759552002,-0.027466658502817154,0.04989776387810707,-0.0,-0.047151096165180206,0.15243995189666748,-0.09201330691576004,0.08468886464834213,0.047151096165180206,0.15655995905399323,-0.24445326626300812,0.17075106501579285,-0.14007996022701263,-0.0006481873570010066,-0.000259274966083467,-0.000259274966083467,0.000259274966083467,0.32968780398368835,-0.32916924357414246,0.32968780398368835,-0.3274839520454407,1.087831974029541,-1.0889986753463745,1.0886096954345703,-1.089906096458435,0.0,0.0,0.0,0.0,0.0,0.0,0.0,0.0,0.0,0.0,0.0,0.0
20260708_192923_786968,2026-07-08T19:29:49.537,25.750013,pose,1040,sit,0.0,0.0,0.0,0.0,0.0,0.0,0.0,0.0,1.0,fake,0.0,0.0,-1.0,-0.0,0.0,0.0,0.0,4.045234203338623,5.981531620025635,12,can0:12,3.315836191177368,5.742362976074219,,"BL_hip_joint,BR_hip_joint,FL_hip_joint,FR_hip_joint,BL_thigh_joint,BR_thigh_joint,FL_thigh_joint,FR_thigh_joint,BL_calf_joint,BR_calf_joint,FL_calf_joint,FR_calf_joint",330e02f2406e129bb6ed6ec4a6c6bcd5f80d7e7799a2ab087e81eda65d2fae69,"step=001040 mode=sit    vx= 0.000 vy= 0.000 vxy= 0.000 yaw= 0.000 speed=1.00 imu=fake tilt_rp=[-0.0,+0.0]deg imu_corr=0.000 act_max= 0.000 tau_cmd= 4.045 tau_cmd_max= 5.982 cmds=12 bus=can0:12 tau_fb= 3.316 tau_fb_max= 5.742",,,,,,,,,,,,,,,,,,,,,,,,,,,,,,,,,,,,,,,,,,,,,,,,,0.0,0.0,0.0,0.0,0.0,0.0,0.0,0.0,0.0,0.0,0.0,0.0,0.0,0.0,0.0,0.0,0.0,0.0,0.0,0.0,0.0,0.0,0.0,0.0,-0.006903124041855335,-0.006519617512822151,-0.0057526035234332085,0.006903124041855335,0.3248303532600403,-0.32521384954452515,0.3263643682003021,-0.3229128122329712,1.1148545742034912,-1.102198839187622,1.1018153429031372,-1.1033493280410767,0.01831110566854477,0.035248879343271255,-0.016479995101690292,0.027466658502817154,0.13046662509441376,-0.08102664351463318,0.07278664410114288,-0.05767998471856117,0.13275551795959473,-0.1904354989528656,0.17578661441802979,-0.2133243829011917,-0.0006148633547127247,-0.00024594535352662206,-0.00024594535352662206,0.00024594535352662206,0.33844372630119324,-0.33795180916786194,0.33844372630119324,-0.3363531827926636,1.1162195205688477,-1.117326259613037,1.1169573068618774,-1.1181870698928833,0.0,0.0,0.0,0.0,0.0,0.0,0.0,0.0,0.0,0.0,0.0,0.0
20260708_192923_786968,2026-07-08T19:29:49.660,25.873151,pose,1045,sit,0.0,0.0,0.0,0.0,0.0,0.0,0.0,0.0,1.0,fake,0.0,0.0,-1.0,-0.0,0.0,0.0,0.0,3.540515184402466,7.172001361846924,12,can0:12,2.6319162845611572,4.929349422454834,,"BL_hip_joint,BR_hip_joint,FL_hip_joint,FR_hip_joint,BL_thigh_joint,BR_thigh_joint,FL_thigh_joint,FR_thigh_joint,BL_calf_joint,BR_calf_joint,FL_calf_joint,FR_calf_joint",330e02f2406e129bb6ed6ec4a6c6bcd5f80d7e7799a2ab087e81eda65d2fae69,"step=001045 mode=sit    vx= 0.000 vy= 0.000 vxy= 0.000 yaw= 0.000 speed=1.00 imu=fake tilt_rp=[-0.0,+0.0]deg imu_corr=0.000 act_max= 0.000 tau_cmd= 3.541 tau_cmd_max= 7.172 cmds=12 bus=can0:12 tau_fb= 2.632 tau_fb_max= 4.929",,,,,,,,,,,,,,,,,,,,,,,,,,,,,,,,,,,,,,,,,,,,,,,,,0.0,0.0,0.0,0.0,0.0,0.0,0.0,0.0,0.0,0.0,0.0,0.0,0.0,0.0,0.0,0.0,0.0,0.0,0.0,0.0,0.0,0.0,0.0,0.0,-0.00613611051812768,-0.00613611051812768,-0.0057526035234332085,0.006903124041855335,0.3413211405277252,-0.33556854724884033,0.3340345025062561,-0.33096644282341003,1.1367144584655762,-1.1313453912734985,1.1301947832107544,-1.1313453912734985,0.04303110018372536,-0.06775109469890594,-0.08423108607530594,-0.06088442727923393,0.12359996140003204,-0.050355542451143265,0.07324442267417908,-0.1263466328382492,0.18539994955062866,-0.25864437222480774,0.15335550904273987,-0.20737327635288239,-0.0005819600773975253,-0.00023278401931747794,-0.00023278401931747794,0.00023278401931747794,0.34708911180496216,-0.3466235399246216,0.34708911180496216,-0.3451104462146759,1.144248604774475,-1.1452960968017578,1.1449469327926636,-1.1461108922958374,0.0,0.0,0.0,0.0,0.0,0.0,0.0,0.0,0.0,0.0,0.0,0.0
20260708_192923_786968,2026-07-08T19:29:49.782,25.995907,pose,1050,sit,0.0,0.0,0.0,0.0,0.0,0.0,0.0,0.0,1.0,fake,0.0,0.0,-1.0,-0.0,0.0,0.0,0.0,3.888383150100708,6.6304521560668945,12,can0:12,1.965697169303894,4.991607189178467,,"BL_hip_joint,BR_hip_joint,FL_hip_joint,FR_hip_joint,BL_thigh_joint,BR_thigh_joint,FL_thigh_joint,FR_thigh_joint,BL_calf_joint,BR_calf_joint,FL_calf_joint,FR_calf_joint",330e02f2406e129bb6ed6ec4a6c6bcd5f80d7e7799a2ab087e81eda65d2fae69,"step=001050 mode=sit    vx= 0.000 vy= 0.000 vxy= 0.000 yaw= 0.000 speed=1.00 imu=fake tilt_rp=[-0.0,+0.0]deg imu_corr=0.000 act_max= 0.000 tau_cmd= 3.888 tau_cmd_max= 6.630 cmds=12 bus=can0:12 tau_fb= 1.966 tau_fb_max= 4.992",,,,,,,,,,,,,,,,,,,,,,,,,,,,,,,,,,,,,,,,,,,,,,,,,0.0,0.0,0.0,0.0,0.0,0.0,0.0,0.0,0.0,0.0,0.0,0.0,0.0,0.0,0.0,0.0,0.0,0.0,0.0,0.0,0.0,0.0,0.0,0.0,-0.0026845482643693686,-0.006519617512822151,-0.0057526035234332085,0.006903124041855335,0.3547438979148865,-0.3424716591835022,0.3440057039260864,-0.3413211405277252,1.158957839012146,-1.158957839012146,1.1578073501586914,-1.1593413352966309,0.044862210750579834,-0.020142216235399246,-0.05081331729888916,0.04119998961687088,0.044862210750579834,0.007782219909131527,0.07599108666181564,-0.11627551913261414,0.17670217156410217,-0.13962218165397644,0.22431103885173798,-0.18402661383152008,-0.0005495197838172317,-0.00021980790188536048,-0.00021980790188536048,0.00021980790188536048,0.3556128442287445,-0.3551732301712036,0.3556128442287445,-0.3537444770336151,1.1718833446502686,-1.172872543334961,1.1725428104400635,-1.1736418008804321,0.0,0.0,0.0,0.0,0.0,0.0,0.0,0.0,0.0,0.0,0.0,0.0
20260708_192923_786968,2026-07-08T19:29:49.905,26.118078,pose,1055,sit,0.0,0.0,0.0,0.0,0.0,0.0,0.0,0.0,1.0,fake,0.0,0.0,-1.0,-0.0,0.0,0.0,0.0,4.1629719734191895,9.299603462219238,12,can0:12,2.5760672092437744,5.800958156585693,,"BL_hip_joint,BR_hip_joint,FL_hip_joint,FR_hip_joint,BL_thigh_joint,BR_thigh_joint,FL_thigh_joint,FR_thigh_joint,BL_calf_joint,BR_calf_joint,FL_calf_joint,FR_calf_joint",330e02f2406e129bb6ed6ec4a6c6bcd5f80d7e7799a2ab087e81eda65d2fae69,"step=001055 mode=sit    vx= 0.000 vy= 0.000 vxy= 0.000 yaw= 0.000 speed=1.00 imu=fake tilt_rp=[-0.0,+0.0]deg imu_corr=0.000 act_max= 0.000 tau_cmd= 4.163 tau_cmd_max= 9.300 cmds=12 bus=can0:12 tau_fb= 2.576 tau_fb_max= 5.801",,,,,,,,,,,,,,,,,,,,,,,,,,,,,,,,,,,,,,,,,,,,,,,,,0.0,0.0,0.0,0.0,0.0,0.0,0.0,0.0,0.0,0.0,0.0,0.0,0.0,0.0,0.0,0.0,0.0,0.0,0.0,0.0,0.0,0.0,0.0,0.0,0.002301041502505541,-0.00613611051812768,-0.005369096528738737,0.006903124041855335,0.3593459725379944,-0.3497582972049713,0.35320985317230225,-0.3505253195762634,1.1842693090438843,-1.1861867904663086,1.185036301612854,-1.186570405960083,0.09887997061014175,0.02609332650899887,0.005493331700563431,-0.003662221133708954,-0.19363994896411896,-0.05218665301799774,0.09613330662250519,-0.10803552716970444,0.20462660491466522,-0.20371104776859283,0.2069154977798462,-0.19455549120903015,-0.0005175847327336669,-0.0002070339396595955,-0.0002070339396595955,0.0002070339396595955,0.3640038073062897,-0.36358973383903503,0.3640038073062897,-0.36224403977394104,1.1990877389907837,-1.200019359588623,1.1997088193893433,-1.2007439136505127,0.0,0.0,0.0,0.0,0.0,0.0,0.0,0.0,0.0,0.0,0.0,0.0
20260708_192923_786968,2026-07-08T19:29:50.027,26.240398,pose,1060,sit,0.0,0.0,0.0,0.0,0.0,0.0,0.0,0.0,1.0,fake,0.0,0.0,-1.0,-0.0,0.0,0.0,0.0,3.969468116760254,5.900167942047119,12,can0:12,2.850123643875122,4.519180774688721,,"BL_hip_joint,BR_hip_joint,FL_hip_joint,FR_hip_joint,BL_thigh_joint,BR_thigh_joint,FL_thigh_joint,FR_thigh_joint,BL_calf_joint,BR_calf_joint,FL_calf_joint,FR_calf_joint",330e02f2406e129bb6ed6ec4a6c6bcd5f80d7e7799a2ab087e81eda65d2fae69,"step=001060 mode=sit    vx= 0.000 vy= 0.000 vxy= 0.000 yaw= 0.000 speed=1.00 imu=fake tilt_rp=[-0.0,+0.0]deg imu_corr=0.000 act_max= 0.000 tau_cmd= 3.969 tau_cmd_max= 5.900 cmds=12 bus=can0:12 tau_fb= 2.850 tau_fb_max= 4.519",,,,,,,,,,,,,,,,,,,,,,,,,,,,,,,,,,,,,,,,,,,,,,,,,0.0,0.0,0.0,0.0,0.0,0.0,0.0,0.0,0.0,0.0,0.0,0.0,0.0,0.0,0.0,0.0,0.0,0.0,0.0,0.0,0.0,0.0,0.0,0.0,0.004602083005011082,-0.00613611051812768,-0.005369096528738737,0.006903124041855335,0.3608799874782562,-0.35972946882247925,0.36049649119377136,-0.35704493522644043,1.2114982604980469,-1.2134158611297607,1.2118817567825317,-1.2137993574142456,-0.0196844395250082,0.01739555038511753,0.016022218391299248,-0.02059999480843544,0.04531998559832573,-0.050355542451143265,0.08194220066070557,-0.050355542451143265,0.1345866322517395,-0.24353770911693573,0.17166662216186523,-0.14145329594612122,-0.00048619741573929787,-0.00019447895465418696,-0.00019447895465418696,0.00019447895465418696,0.37225091457366943,-0.37186193466186523,0.37225091457366943,-0.37059783935546875,1.225825548171997,-1.2267006635665894,1.2264089584350586,-1.2273813486099243,0.0,0.0,0.0,0.0,0.0,0.0,0.0,0.0,0.0,0.0,0.0,0.0
20260708_192923_786968,2026-07-08T19:29:50.149,26.362785,pose,1065,sit,0.0,0.0,0.0,0.0,0.0,0.0,0.0,0.0,1.0,fake,0.0,0.0,-1.0,-0.0,0.0,0.0,0.0,3.5824053287506104,5.352874279022217,12,can0:12,2.77840518951416,5.56291389465332,,"BL_hip_joint,BR_hip_joint,FL_hip_joint,FR_hip_joint,BL_thigh_joint,BR_thigh_joint,FL_thigh_joint,FR_thigh_joint,BL_calf_joint,BR_calf_joint,FL_calf_joint,FR_calf_joint",330e02f2406e129bb6ed6ec4a6c6bcd5f80d7e7799a2ab087e81eda65d2fae69,"step=001065 mode=sit    vx= 0.000 vy= 0.000 vxy= 0.000 yaw= 0.000 speed=1.00 imu=fake tilt_rp=[-0.0,+0.0]deg imu_corr=0.000 act_max= 0.000 tau_cmd= 3.582 tau_cmd_max= 5.353 cmds=12 bus=can0:12 tau_fb= 2.778 tau_fb_max= 5.563",,,,,,,,,,,,,,,,,,,,,,,,,,,,,,,,,,,,,,,,,,,,,,,,,0.0,0.0,0.0,0.0,0.0,0.0,0.0,0.0,0.0,0.0,0.0,0.0,0.0,0.0,0.0,0.0,0.0,0.0,0.0,0.0,0.0,0.0,0.0,0.0,0.004985589534044266,-0.00613611051812768,-0.005369096528738737,0.006903124041855335,0.36893364787101746,-0.3697006404399872,0.36816662549972534,-0.3650985658168793,1.238727331161499,-1.2398778200149536,1.2391108274459839,-1.2410283088684082,-0.010986663401126862,0.0119022186845541,0.03250221163034439,-0.00595110934227705,0.07690664380788803,0.00595110934227705,0.08102664351463318,-0.08239997923374176,0.16800439357757568,-0.1991332769393921,0.17807550728321075,-0.20096439123153687,-0.00045539962593466043,-0.0001821598270907998,-0.0001821598270907998,0.0001821598270907998,0.38034307956695557,-0.3799787163734436,0.38034307956695557,-0.37879469990730286,1.2520610094070435,-1.2528806924819946,1.2526074647903442,-1.2535183429718018,0.0,0.0,0.0,0.0,0.0,0.0,0.0,0.0,0.0,0.0,0.0,0.0
20260708_192923_786968,2026-07-08T19:29:50.272,26.485110,pose,1070,sit,0.0,0.0,0.0,0.0,0.0,0.0,0.0,0.0,1.0,fake,0.0,0.0,-1.0,-0.0,0.0,0.0,0.0,3.632744550704956,7.122827053070068,12,can0:12,2.7304913997650146,4.757225036621094,,"BL_hip_joint,BR_hip_joint,FL_hip_joint,FR_hip_joint,BL_thigh_joint,BR_thigh_joint,FL_thigh_joint,FR_thigh_joint,BL_calf_joint,BR_calf_joint,FL_calf_joint,FR_calf_joint",330e02f2406e129bb6ed6ec4a6c6bcd5f80d7e7799a2ab087e81eda65d2fae69,"step=001070 mode=sit    vx= 0.000 vy= 0.000 vxy= 0.000 yaw= 0.000 speed=1.00 imu=fake tilt_rp=[-0.0,+0.0]deg imu_corr=0.000 act_max= 0.000 tau_cmd= 3.633 tau_cmd_max= 7.123 cmds=12 bus=can0:12 tau_fb= 2.730 tau_fb_max= 4.757",,,,,,,,,,,,,,,,,,,,,,,,,,,,,,,,,,,,,,,,,,,,,,,,,0.0,0.0,0.0,0.0,0.0,0.0,0.0,0.0,0.0,0.0,0.0,0.0,0.0,0.0,0.0,0.0,0.0,0.0,0.0,0.0,0.0,0.0,0.0,0.0,0.005369096528738737,-0.00613611051812768,-0.005369096528738737,0.006903124041855335,0.3781377971172333,-0.3762202560901642,0.37737080454826355,-0.37545326352119446,1.2640388011932373,-1.2667232751846313,1.2659562826156616,-1.2667232751846313,-0.031128879636526108,0.031128879636526108,-0.01831110566854477,-0.0119022186845541,0.0869777500629425,0.035248879343271255,0.09247108548879623,-0.08285775035619736,0.095675528049469,-0.18768882751464844,0.16205328702926636,-0.2133243829011917,-0.0004252337384968996,-0.00017009349539875984,-0.00017009349539875984,0.00017009349539875984,0.38826918601989746,-0.38792896270751953,0.38826918601989746,-0.3868233859539032,1.277758240699768,-1.2785236835479736,1.278268575668335,-1.2791190147399902,0.0,0.0,0.0,0.0,0.0,0.0,0.0,0.0,0.0,0.0,0.0,0.0
20260708_192923_786968,2026-07-08T19:29:50.394,26.607107,pose,1075,sit,0.0,0.0,0.0,0.0,0.0,0.0,0.0,0.0,1.0,fake,0.0,0.0,-1.0,-0.0,0.0,0.0,0.0,3.581601142883301,6.18955135345459,12,can0:12,2.8797261714935303,5.460371494293213,,"BL_hip_joint,BR_hip_joint,FL_hip_joint,FR_hip_joint,BL_thigh_joint,BR_thigh_joint,FL_thigh_joint,FR_thigh_joint,BL_calf_joint,BR_calf_joint,FL_calf_joint,FR_calf_joint",330e02f2406e129bb6ed6ec4a6c6bcd5f80d7e7799a2ab087e81eda65d2fae69,"step=001075 mode=sit    vx= 0.000 vy= 0.000 vxy= 0.000 yaw= 0.000 speed=1.00 imu=fake tilt_rp=[-0.0,+0.0]deg imu_corr=0.000 act_max= 0.000 tau_cmd= 3.582 tau_cmd_max= 6.190 cmds=12 bus=can0:12 tau_fb= 2.880 tau_fb_max= 5.460",,,,,,,,,,,,,,,,,,,,,,,,,,,,,,,,,,,,,,,,,,,,,,,,,0.0,0.0,0.0,0.0,0.0,0.0,0.0,0.0,0.0,0.0,0.0,0.0,0.0,0.0,0.0,0.0,0.0,0.0,0.0,0.0,0.0,0.0,0.0,0.0,0.004985589534044266,-0.00613611051812768,-0.005369096528738737,0.006519617512822151,0.38504093885421753,-0.3827399015426636,0.3861914575099945,-0.3835068941116333,1.289733648300171,-1.2924182415008545,1.290884256362915,-1.2924182415008545,0.013733329251408577,0.021057771518826485,0.00045777764171361923,-0.05722220614552498,0.07507553696632385,-0.031128879636526108,0.1190221905708313,-0.038453321903944016,0.16937772929668427,-0.1895199418067932,0.08789330720901489,-0.1432843953371048,-0.0003957421286031604,-0.00015829683979973197,-0.00015829683979973197,0.00015829683979973197,0.3960181474685669,-0.39570152759552,0.3960181474685669,-0.3946726322174072,1.302881121635437,-1.303593397140503,1.3033560514450073,-1.304147481918335,0.0,0.0,0.0,0.0,0.0,0.0,0.0,0.0,0.0,0.0,0.0,0.0
20260708_192923_786968,2026-07-08T19:29:50.515,26.728492,pose,1080,sit,0.0,0.0,0.0,0.0,0.0,0.0,0.0,0.0,1.0,fake,0.0,0.0,-1.0,-0.0,0.0,0.0,0.0,3.9027092456817627,7.277634620666504,12,can0:12,2.831812620162964,5.767998218536377,,"BL_hip_joint,BR_hip_joint,FL_hip_joint,FR_hip_joint,BL_thigh_joint,BR_thigh_joint,FL_thigh_joint,FR_thigh_joint,BL_calf_joint,BR_calf_joint,FL_calf_joint,FR_calf_joint",330e02f2406e129bb6ed6ec4a6c6bcd5f80d7e7799a2ab087e81eda65d2fae69,"step=001080 mode=sit    vx= 0.000 vy= 0.000 vxy= 0.000 yaw= 0.000 speed=1.00 imu=fake tilt_rp=[-0.0,+0.0]deg imu_corr=0.000 act_max= 0.000 tau_cmd= 3.903 tau_cmd_max= 7.278 cmds=12 bus=can0:12 tau_fb= 2.832 tau_fb_max= 5.768",,,,,,,,,,,,,,,,,,,,,,,,,,,,,,,,,,,,,,,,,,,,,,,,,0.0,0.0,0.0,0.0,0.0,0.0,0.0,0.0,0.0,0.0,0.0,0.0,0.0,0.0,0.0,0.0,0.0,0.0,0.0,0.0,0.0,0.0,0.0,0.0,0.004985589534044266,-0.00613611051812768,-0.005369096528738737,0.006903124041855335,0.39156055450439453,-0.39156055450439453,0.39232754707336426,-0.38964301347732544,1.3150451183319092,-1.3165792226791382,1.315428614616394,-1.316962718963623,0.035248879343271255,0.031128879636526108,0.048066653311252594,0.025177771225571632,-0.035248879343271255,-0.1432843953371048,0.03433332219719887,-0.005493331700563431,0.19730216264724731,-0.1675466150045395,0.1341288536787033,-0.17807550728321075,-0.0003669669385999441,-0.000146786798723042,-0.000146786798723042,0.000146786798723042,0.40357887744903564,-0.40328529477119446,0.40357887744903564,-0.4023312032222748,1.3273937702178955,-1.3280543088912964,1.327834129333496,-1.3285679817199707,0.0,0.0,0.0,0.0,0.0,0.0,0.0,0.0,0.0,0.0,0.0,0.0
20260708_192923_786968,2026-07-08T19:29:50.637,26.850470,pose,1085,sit,0.0,0.0,0.0,0.0,0.0,0.0,0.0,0.0,1.0,fake,0.0,0.0,-1.0,-0.0,0.0,0.0,0.0,3.3766186237335205,4.309832572937012,12,can0:12,2.842799186706543,5.185705184936523,,"BL_hip_joint,BR_hip_joint,FL_hip_joint,FR_hip_joint,BL_thigh_joint,BR_thigh_joint,FL_thigh_joint,FR_thigh_joint,BL_calf_joint,BR_calf_joint,FL_calf_joint,FR_calf_joint",330e02f2406e129bb6ed6ec4a6c6bcd5f80d7e7799a2ab087e81eda65d2fae69,"step=001085 mode=sit    vx= 0.000 vy= 0.000 vxy= 0.000 yaw= 0.000 speed=1.00 imu=fake tilt_rp=[-0.0,+0.0]deg imu_corr=0.000 act_max= 0.000 tau_cmd= 3.377 tau_cmd_max= 4.310 cmds=12 bus=can0:12 tau_fb= 2.843 tau_fb_max= 5.186",,,,,,,,,,,,,,,,,,,,,,,,,,,,,,,,,,,,,,,,,,,,,,,,,0.0,0.0,0.0,0.0,0.0,0.0,0.0,0.0,0.0,0.0,0.0,0.0,0.0,0.0,0.0,0.0,0.0,0.0,0.0,0.0,0.0,0.0,0.0,0.0,0.004985589534044266,-0.00613611051812768,-0.005369096528738737,0.006519617512822151,0.3996141850948334,-0.40076470375061035,0.39884716272354126,-0.39692965149879456,1.3399730920791626,-1.3407400846481323,1.3399730920791626,-1.3415071964263916,-0.00595110934227705,0.010071108117699623,0.010528885759413242,-0.08514664322137833,0.0476088747382164,-0.07278664410114288,0.08972442150115967,-0.09155552834272385,0.12543107569217682,-0.11215551942586899,0.14740440249443054,-0.13183996081352234,-0.000338950427249074,-0.00013558013597503304,-0.00013558013597503304,0.00013558013597503304,0.4109402596950531,-0.41066908836364746,0.4109402596950531,-0.4097878336906433,1.3512600660324097,-1.3518701791763306,1.351666808128357,-1.3523446321487427,0.0,0.0,0.0,0.0,0.0,0.0,0.0,0.0,0.0,0.0,0.0,0.0
20260708_192923_786968,2026-07-08T19:29:50.759,26.972723,pose,1090,sit,0.0,0.0,0.0,0.0,0.0,0.0,0.0,0.0,1.0,fake,0.0,0.0,-1.0,-0.0,0.0,0.0,0.0,3.257469415664673,4.899298667907715,12,can0:12,2.7243871688842773,5.2699360847473145,,"BL_hip_joint,BR_hip_joint,FL_hip_joint,FR_hip_joint,BL_thigh_joint,BR_thigh_joint,FL_thigh_joint,FR_thigh_joint,BL_calf_joint,BR_calf_joint,FL_calf_joint,FR_calf_joint",330e02f2406e129bb6ed6ec4a6c6bcd5f80d7e7799a2ab087e81eda65d2fae69,"step=001090 mode=sit    vx= 0.000 vy= 0.000 vxy= 0.000 yaw= 0.000 speed=1.00 imu=fake tilt_rp=[-0.0,+0.0]deg imu_corr=0.000 act_max= 0.000 tau_cmd= 3.257 tau_cmd_max= 4.899 cmds=12 bus=can0:12 tau_fb= 2.724 tau_fb_max= 5.270",,,,,,,,,,,,,,,,,,,,,,,,,,,,,,,,,,,,,,,,,,,,,,,,,0.0,0.0,0.0,0.0,0.0,0.0,0.0,0.0,0.0,0.0,0.0,0.0,0.0,0.0,0.0,0.0,0.0,0.0,0.0,0.0,0.0,0.0,0.0,0.0,0.004985589534044266,-0.00613611051812768,-0.005369096528738737,0.006519617512822151,0.40843483805656433,-0.40728431940078735,0.40728431940078735,-0.4065173268318176,1.3629835844039917,-1.3652845621109009,1.364901065826416,-1.3652845621109009,-0.013275551609694958,0.016022218391299248,0.05218665301799774,0.00045777764171361923,0.09842219203710556,-0.010528885759413242,0.06958220154047012,-0.16800439357757568,0.1263466328382492,-0.09933774918317795,0.12176885455846786,-0.09750663489103317,-0.00031173485331237316,-0.00012469396460801363,-0.00012469396460801363,0.00012469396460801363,0.41809120774269104,-0.4178417921066284,0.41809120774269104,-0.41703128814697266,1.3744440078735352,-1.3750051259994507,1.3748180866241455,-1.375441551208496,0.0,0.0,0.0,0.0,0.0,0.0,0.0,0.0,0.0,0.0,0.0,0.0
20260708_192923_786968,2026-07-08T19:29:50.881,27.094986,pose,1095,sit,0.0,0.0,0.0,0.0,0.0,0.0,0.0,0.0,1.0,fake,0.0,0.0,-1.0,-0.0,0.0,0.0,0.0,2.688217878341675,5.292438983917236,12,can0:12,2.779625654220581,4.592425346374512,,"BL_hip_joint,BR_hip_joint,FL_hip_joint,FR_hip_joint,BL_thigh_joint,BR_thigh_joint,FL_thigh_joint,FR_thigh_joint,BL_calf_joint,BR_calf_joint,FL_calf_joint,FR_calf_joint",330e02f2406e129bb6ed6ec4a6c6bcd5f80d7e7799a2ab087e81eda65d2fae69,"step=001095 mode=sit    vx= 0.000 vy= 0.000 vxy= 0.000 yaw= 0.000 speed=1.00 imu=fake tilt_rp=[-0.0,+0.0]deg imu_corr=0.000 act_max= 0.000 tau_cmd= 2.688 tau_cmd_max= 5.292 cmds=12 bus=can0:12 tau_fb= 2.780 tau_fb_max= 4.592",,,,,,,,,,,,,,,,,,,,,,,,,,,,,,,,,,,,,,,,,,,,,,,,,0.0,0.0,0.0,0.0,0.0,0.0,0.0,0.0,0.0,0.0,0.0,0.0,0.0,0.0,0.0,0.0,0.0,0.0,0.0,0.0,0.0,0.0,0.0,0.0,0.004985589534044266,-0.00613611051812768,-0.005369096528738737,0.006519617512822151,0.41495445370674133,-0.4134204387664795,0.41572147607803345,-0.4141874611377716,1.3859939575195312,-1.3882949352264404,1.3871444463729858,-1.3879114389419556,-0.013733329251408577,0.043946653604507446,-0.037537768483161926,0.0068666646257042885,0.10208441317081451,-0.07599108666181564,0.051271095871925354,-0.08377330750226974,0.16067995131015778,-0.1831110566854477,0.11032441258430481,-0.21286660432815552,-0.000285362359136343,-0.00011414493201300502,-0.00011414493201300502,0.00011414493201300502,0.42502063512802124,-0.4247923195362091,0.42502063512802124,-0.42405039072036743,1.3969098329544067,-1.397423505783081,1.3972523212432861,-1.3978229761123657,0.0,0.0,0.0,0.0,0.0,0.0,0.0,0.0,0.0,0.0,0.0,0.0
20260708_192923_786968,2026-07-08T19:29:51.003,27.216422,pose,1100,sit,0.0,0.0,0.0,0.0,0.0,0.0,0.0,0.0,1.0,fake,0.0,0.0,-1.0,-0.0,0.0,0.0,0.0,2.952162981033325,5.679114818572998,12,can0:12,3.1183815002441406,5.507980823516846,,"BL_hip_joint,BR_hip_joint,FL_hip_joint,FR_hip_joint,BL_thigh_joint,BR_thigh_joint,FL_thigh_joint,FR_thigh_joint,BL_calf_joint,BR_calf_joint,FL_calf_joint,FR_calf_joint",330e02f2406e129bb6ed6ec4a6c6bcd5f80d7e7799a2ab087e81eda65d2fae69,"step=001100 mode=sit    vx= 0.000 vy= 0.000 vxy= 0.000 yaw= 0.000 speed=1.00 imu=fake tilt_rp=[-0.0,+0.0]deg imu_corr=0.000 act_max= 0.000 tau_cmd= 2.952 tau_cmd_max= 5.679 cmds=12 bus=can0:12 tau_fb= 3.118 tau_fb_max= 5.508",,,,,,,,,,,,,,,,,,,,,,,,,,,,,,,,,,,,,,,,,,,,,,,,,0.0,0.0,0.0,0.0,0.0,0.0,0.0,0.0,0.0,0.0,0.0,0.0,0.0,0.0,0.0,0.0,0.0,0.0,0.0,0.0,0.0,0.0,0.0,0.0,0.004985589534044266,-0.00613611051812768,-0.005369096528738737,0.006519617512822151,0.4207070767879486,-0.4199400544166565,0.42224109172821045,-0.4199400544166565,1.4090043306350708,-1.4101548194885254,1.4090043306350708,-1.4105384349822998,-0.022431105375289917,0.00595110934227705,-0.048066653311252594,-0.05859553813934326,0.03479110077023506,-0.12543107569217682,0.02288888208568096,-0.0032044434919953346,0.16937772929668427,-0.16159550845623016,0.1670888364315033,-0.14648884534835815,-0.0002598752034828067,-0.00010395009303465486,-0.00010395009303465486,0.00010395009303465486,0.4317173957824707,-0.43150946497917175,0.4317173957824707,-0.4308338165283203,1.4186214208602905,-1.4190891981124878,1.4189332723617554,-1.4194530248641968,0.0,0.0,0.0,0.0,0.0,0.0,0.0,0.0,0.0,0.0,0.0,0.0
20260708_192923_786968,2026-07-08T19:29:51.125,27.338651,pose,1105,sit,0.0,0.0,0.0,0.0,0.0,0.0,0.0,0.0,1.0,fake,0.0,0.0,-1.0,-0.0,0.0,0.0,0.0,3.0036144256591797,6.342586994171143,12,can0:12,3.1296732425689697,6.137882709503174,,"BL_hip_joint,BR_hip_joint,FL_hip_joint,FR_hip_joint,BL_thigh_joint,BR_thigh_joint,FL_thigh_joint,FR_thigh_joint,BL_calf_joint,BR_calf_joint,FL_calf_joint,FR_calf_joint",330e02f2406e129bb6ed6ec4a6c6bcd5f80d7e7799a2ab087e81eda65d2fae69,"step=001105 mode=sit    vx= 0.000 vy= 0.000 vxy= 0.000 yaw= 0.000 speed=1.00 imu=fake tilt_rp=[-0.0,+0.0]deg imu_corr=0.000 act_max= 0.000 tau_cmd= 3.004 tau_cmd_max= 6.343 cmds=12 bus=can0:12 tau_fb= 3.130 tau_fb_max= 6.138",,,,,,,,,,,,,,,,,,,,,,,,,,,,,,,,,,,,,,,,,,,,,,,,,0.0,0.0,0.0,0.0,0.0,0.0,0.0,0.0,0.0,0.0,0.0,0.0,0.0,0.0,0.0,0.0,0.0,0.0,0.0,0.0,0.0,0.0,0.0,0.0,0.004985589534044266,-0.00613611051812768,-0.005369096528738737,0.006903124041855335,0.4272266924381256,-0.42876070737838745,0.4276101887226105,-0.4253091514110565,1.430480718612671,-1.4320148229599,1.4320148229599,-1.4323983192443848,-0.06683553755283356,-0.02700888179242611,-0.032959990203380585,0.03433332219719887,0.04898220673203468,-0.0636310949921608,-0.004119998775422573,-0.10254219174385071,0.16846217215061188,-0.17166662216186523,0.12268441170454025,-0.20233771204948425,-0.0002353157615289092,-9.412626968696713e-05,-9.412626968696713e-05,9.412626968696713e-05,0.4381704330444336,-0.4379821717739105,0.4381704330444336,-0.4373703598976135,1.4395427703857422,-1.4399663209915161,1.439825177192688,-1.4402958154678345,0.0,0.0,0.0,0.0,0.0,0.0,0.0,0.0,0.0,0.0,0.0,0.0
20260708_192923_786968,2026-07-08T19:29:51.242,27.455337,pose,1110,sit,0.0,0.0,0.0,0.0,0.0,0.0,0.0,0.0,1.0,fake,0.0,0.0,-1.0,-0.0,0.0,0.0,0.0,2.833972692489624,5.287500381469727,12,can0:12,2.8846094608306885,5.0465407371521,,"BL_hip_joint,BR_hip_joint,FL_hip_joint,FR_hip_joint,BL_thigh_joint,BR_thigh_joint,FL_thigh_joint,FR_thigh_joint,BL_calf_joint,BR_calf_joint,FL_calf_joint,FR_calf_joint",330e02f2406e129bb6ed6ec4a6c6bcd5f80d7e7799a2ab087e81eda65d2fae69,"step=001110 mode=sit    vx= 0.000 vy= 0.000 vxy= 0.000 yaw= 0.000 speed=1.00 imu=fake tilt_rp=[-0.0,+0.0]deg imu_corr=0.000 act_max= 0.000 tau_cmd= 2.834 tau_cmd_max= 5.288 cmds=12 bus=can0:12 tau_fb= 2.885 tau_fb_max= 5.047",,,,,,,,,,,,,,,,,,,,,,,,,,,,,,,,,,,,,,,,,,,,,,,,,0.0,0.0,0.0,0.0,0.0,0.0,0.0,0.0,0.0,0.0,0.0,0.0,0.0,0.0,0.0,0.0,0.0,0.0,0.0,0.0,0.0,0.0,0.0,0.0,0.004985589534044266,-0.00613611051812768,-0.005369096528738737,0.006519617512822151,0.4341298043727875,-0.4356638491153717,0.4329792857170105,-0.43144527077674866,1.4504231214523315,-1.4523406028747559,1.4511901140213013,-1.4523406028747559,0.018768884241580963,0.0869777500629425,0.05172887444496155,0.012817773967981339,0.0315866582095623,-0.04119998961687088,0.03433332219719887,-0.08056886494159698,0.07507553696632385,-0.21011993288993835,0.17578661441802979,-0.1661732792854309,-0.00021172617562115192,-8.469045860692859e-05,-8.469045860692859e-05,8.469045860692859e-05,0.4443686306476593,-0.44419923424720764,0.4443686306476593,-0.4436487555503845,1.4596378803253174,-1.4600189924240112,1.4598920345306396,-1.460315465927124,0.0,0.0,0.0,0.0,0.0,0.0,0.0,0.0,0.0,0.0,0.0,0.0
20260708_192923_786968,2026-07-08T19:29:51.360,27.573434,pose,1115,sit,0.0,0.0,0.0,0.0,0.0,0.0,0.0,0.0,1.0,fake,0.0,0.0,-1.0,-0.0,0.0,0.0,0.0,2.9141170978546143,5.484558582305908,12,can0:12,2.853480577468872,5.061189651489258,,"BL_hip_joint,BR_hip_joint,FL_hip_joint,FR_hip_joint,BL_thigh_joint,BR_thigh_joint,FL_thigh_joint,FR_thigh_joint,BL_calf_joint,BR_calf_joint,FL_calf_joint,FR_calf_joint",330e02f2406e129bb6ed6ec4a6c6bcd5f80d7e7799a2ab087e81eda65d2fae69,"step=001115 mode=sit    vx= 0.000 vy= 0.000 vxy= 0.000 yaw= 0.000 speed=1.00 imu=fake tilt_rp=[-0.0,+0.0]deg imu_corr=0.000 act_max= 0.000 tau_cmd= 2.914 tau_cmd_max= 5.485 cmds=12 bus=can0:12 tau_fb= 2.853 tau_fb_max= 5.061",,,,,,,,,,,,,,,,,,,,,,,,,,,,,,,,,,,,,,,,,,,,,,,,,0.0,0.0,0.0,0.0,0.0,0.0,0.0,0.0,0.0,0.0,0.0,0.0,0.0,0.0,0.0,0.0,0.0,0.0,0.0,0.0,0.0,0.0,0.0,0.0,0.005369096528738737,-0.00613611051812768,-0.005369096528738737,0.006519617512822151,0.44179993867874146,-0.4406494200229645,0.4406494200229645,-0.43988242745399475,1.4715160131454468,-1.4722830057144165,1.471132516860962,-1.4722830057144165,0.007782219909131527,-0.02609332650899887,-0.03799554333090782,-0.05218665301799774,0.002288888208568096,-0.06271553784608841,0.06408887356519699,-0.061342205852270126,0.10391552746295929,-0.1496932953596115,0.09247108548879623,-0.1574755162000656,-0.00018914847169071436,-7.565942360088229e-05,-7.565942360088229e-05,7.565942360088229e-05,0.450300931930542,-0.4501495957374573,0.450300931930542,-0.4496578276157379,1.4788709878921509,-1.479211449623108,1.4790979623794556,-1.4794763326644897,0.0,0.0,0.0,0.0,0.0,0.0,0.0,0.0,0.0,0.0,0.0,0.0
20260708_192923_786968,2026-07-08T19:29:51.479,27.692448,pose,1120,sit,0.0,0.0,0.0,0.0,0.0,0.0,0.0,0.0,1.0,fake,0.0,0.0,-1.0,-0.0,0.0,0.0,0.0,3.0774295330047607,6.034841537475586,12,can0:12,2.7134008407592773,5.533616065979004,,"BL_hip_joint,BR_hip_joint,FL_hip_joint,FR_hip_joint,BL_thigh_joint,BR_thigh_joint,FL_thigh_joint,FR_thigh_joint,BL_calf_joint,BR_calf_joint,FL_calf_joint,FR_calf_joint",330e02f2406e129bb6ed6ec4a6c6bcd5f80d7e7799a2ab087e81eda65d2fae69,"step=001120 mode=sit    vx= 0.000 vy= 0.000 vxy= 0.000 yaw= 0.000 speed=1.00 imu=fake tilt_rp=[-0.0,+0.0]deg imu_corr=0.000 act_max= 0.000 tau_cmd= 3.077 tau_cmd_max= 6.035 cmds=12 bus=can0:12 tau_fb= 2.713 tau_fb_max= 5.534",,,,,,,,,,,,,,,,,,,,,,,,,,,,,,,,,,,,,,,,,,,,,,,,,0.0,0.0,0.0,0.0,0.0,0.0,0.0,0.0,0.0,0.0,0.0,0.0,0.0,0.0,0.0,0.0,0.0,0.0,0.0,0.0,0.0,0.0,0.0,0.0,0.005369096528738737,-0.00613611051812768,-0.005369096528738737,0.006519617512822151,0.44755256175994873,-0.4452515244483948,0.4479360580444336,-0.4467855393886566,1.4895408153533936,-1.4914582967758179,1.4906913042068481,-1.4914582967758179,-0.031128879636526108,-0.04119998961687088,-0.01235999632626772,-0.031128879636526108,0.059053316712379456,-0.04028443247079849,-0.026551103219389915,0.0315866582095623,0.1268044114112854,-0.17990660667419434,0.14511550962924957,-0.12817774713039398,-0.00016762525774538517,-6.705010309815407e-05,-6.705010309815407e-05,6.705010309815407e-05,0.45595622062683105,-0.45582208037376404,0.45595622062683105,-0.45538628101348877,1.4972059726715088,-1.4975076913833618,1.497407078742981,-1.4977422952651978,0.0,0.0,0.0,0.0,0.0,0.0,0.0,0.0,0.0,0.0,0.0,0.0
20260708_192923_786968,2026-07-08T19:29:51.601,27.814664,pose,1125,sit,0.0,0.0,0.0,0.0,0.0,0.0,0.0,0.0,1.0,fake,0.0,0.0,-1.0,-0.0,0.0,0.0,0.0,2.9464683532714844,5.652929306030273,12,can0:12,3.220923662185669,5.160069465637207,,"BL_hip_joint,BR_hip_joint,FL_hip_joint,FR_hip_joint,BL_thigh_joint,BR_thigh_joint,FL_thigh_joint,FR_thigh_joint,BL_calf_joint,BR_calf_joint,FL_calf_joint,FR_calf_joint",330e02f2406e129bb6ed6ec4a6c6bcd5f80d7e7799a2ab087e81eda65d2fae69,"step=001125 mode=sit    vx= 0.000 vy= 0.000 vxy= 0.000 yaw= 0.000 speed=1.00 imu=fake tilt_rp=[-0.0,+0.0]deg imu_corr=0.000 act_max= 0.000 tau_cmd= 2.946 tau_cmd_max= 5.653 cmds=12 bus=can0:12 tau_fb= 3.221 tau_fb_max= 5.160",,,,,,,,,,,,,,,,,,,,,,,,,,,,,,,,,,,,,,,,,,,,,,,,,0.0,0.0,0.0,0.0,0.0,0.0,0.0,0.0,0.0,0.0,0.0,0.0,0.0,0.0,0.0,0.0,0.0,0.0,0.0,0.0,0.0,0.0,0.0,0.0,0.005369096528738737,-0.0057526035234332085,-0.005369096528738737,0.006519617512822151,0.45215463638305664,-0.4506206214427948,0.4533051550388336,-0.4513876140117645,1.508716106414795,-1.5094832181930542,1.50833261013031,-1.509866714477539,-0.08560442179441452,0.019226660951972008,0.01144444104284048,0.022431105375289917,-0.0032044434919953346,-0.053559985011816025,-0.03433332219719887,-0.016937773674726486,0.1034577488899231,-0.09063997119665146,0.16800439357757568,-0.06958220154047012,-0.0001471986761316657,-5.8879435528069735e-05,-5.8879435528069735e-05,5.8879435528069735e-05,0.4613233506679535,-0.46120554208755493,0.4613233506679535,-0.46082285046577454,1.5146065950393677,-1.514871597290039,1.514783263206482,-1.5150777101516724,0.0,0.0,0.0,0.0,0.0,0.0,0.0,0.0,0.0,0.0,0.0,0.0
20260708_192923_786968,2026-07-08T19:29:51.724,27.937053,pose,1130,sit,0.0,0.0,0.0,0.0,0.0,0.0,0.0,0.0,1.0,fake,0.0,0.0,-1.0,-0.0,0.0,0.0,0.0,3.225452184677124,6.770317077636719,12,can0:12,2.690511703491211,4.808496475219727,,"BL_hip_joint,BR_hip_joint,FL_hip_joint,FR_hip_joint,BL_thigh_joint,BR_thigh_joint,FL_thigh_joint,FR_thigh_joint,BL_calf_joint,BR_calf_joint,FL_calf_joint,FR_calf_joint",330e02f2406e129bb6ed6ec4a6c6bcd5f80d7e7799a2ab087e81eda65d2fae69,"step=001130 mode=sit    vx= 0.000 vy= 0.000 vxy= 0.000 yaw= 0.000 speed=1.00 imu=fake tilt_rp=[-0.0,+0.0]deg imu_corr=0.000 act_max= 0.000 tau_cmd= 3.225 tau_cmd_max= 6.770 cmds=12 bus=can0:12 tau_fb= 2.691 tau_fb_max= 4.808",,,,,,,,,,,,,,,,,,,,,,,,,,,,,,,,,,,,,,,,,,,,,,,,,0.0,0.0,0.0,0.0,0.0,0.0,0.0,0.0,0.0,0.0,0.0,0.0,0.0,0.0,0.0,0.0,0.0,0.0,0.0,0.0,0.0,0.0,0.0,0.0,0.005369096528738737,-0.0057526035234332085,-0.005369096528738737,0.006903124041855335,0.45675671100616455,-0.45675671100616455,0.45790722966194153,-0.4552226960659027,1.5252069234848022,-1.5271245241165161,1.5267410278320312,-1.5271245241165161,-0.016022218391299248,0.04852443188428879,-0.054475538432598114,0.04531998559832573,0.02609332650899887,-0.0796533077955246,0.03433332219719887,-0.016022218391299248,0.09109774976968765,-0.03662221133708954,0.1821954995393753,-0.09659108519554138,-0.00012791063636541367,-5.1164242904633284e-05,-5.1164242904633284e-05,5.1164242904633284e-05,0.46639129519462585,-0.4662889540195465,0.46639129519462585,-0.4659563899040222,1.531037449836731,-1.5312676429748535,1.5311908721923828,-1.5314466953277588,0.0,0.0,0.0,0.0,0.0,0.0,0.0,0.0,0.0,0.0,0.0,0.0
20260708_192923_786968,2026-07-08T19:29:51.846,28.059512,pose,1135,sit,0.0,0.0,0.0,0.0,0.0,0.0,0.0,0.0,1.0,fake,0.0,0.0,-1.0,-0.0,0.0,0.0,0.0,3.2900445461273193,8.21255111694336,12,can0:12,3.4284496307373047,5.665456295013428,,"BL_hip_joint,BR_hip_joint,FL_hip_joint,FR_hip_joint,BL_thigh_joint,BR_thigh_joint,FL_thigh_joint,FR_thigh_joint,BL_calf_joint,BR_calf_joint,FL_calf_joint,FR_calf_joint",330e02f2406e129bb6ed6ec4a6c6bcd5f80d7e7799a2ab087e81eda65d2fae69,"step=001135 mode=sit    vx= 0.000 vy= 0.000 vxy= 0.000 yaw= 0.000 speed=1.00 imu=fake tilt_rp=[-0.0,+0.0]deg imu_corr=0.000 act_max= 0.000 tau_cmd= 3.290 tau_cmd_max= 8.213 cmds=12 bus=can0:12 tau_fb= 3.428 tau_fb_max= 5.665",,,,,,,,,,,,,,,,,,,,,,,,,,,,,,,,,,,,,,,,,,,,,,,,,0.0,0.0,0.0,0.0,0.0,0.0,0.0,0.0,0.0,0.0,0.0,0.0,0.0,0.0,0.0,0.0,0.0,0.0,0.0,0.0,0.0,0.0,0.0,0.0,0.0057526035234332085,-0.0057526035234332085,-0.005369096528738737,0.006903124041855335,0.4617423117160797,-0.46327632665634155,0.4621258080005646,-0.4602082669734955,1.5420812368392944,-1.5428482294082642,1.5416977405548096,-1.5428482294082642,0.04943998530507088,0.004119998775422573,-0.11719107627868652,0.04943998530507088,0.04577776417136192,-0.0631733164191246,0.06591998040676117,-0.05310220643877983,0.12039551883935928,-0.06866664439439774,0.12085329741239548,-0.03433332219719887,-0.0001098037464544177,-4.3921463657170534e-05,-4.3921463657170534e-05,4.3921463657170534e-05,0.47114890813827515,-0.4710610508918762,0.47114890813827515,-0.4707755744457245,1.546462059020996,-1.5466597080230713,1.5465937852859497,-1.5468134880065918,0.0,0.0,0.0,0.0,0.0,0.0,0.0,0.0,0.0,0.0,0.0,0.0
20260708_192923_786968,2026-07-08T19:29:51.968,28.181462,pose,1140,sit,0.0,0.0,0.0,0.0,0.0,0.0,0.0,0.0,1.0,fake,0.0,0.0,-1.0,-0.0,0.0,0.0,0.0,3.624504804611206,6.914190292358398,12,can0:12,2.61207914352417,5.068513870239258,,"BL_hip_joint,BR_hip_joint,FL_hip_joint,FR_hip_joint,BL_thigh_joint,BR_thigh_joint,FL_thigh_joint,FR_thigh_joint,BL_calf_joint,BR_calf_joint,FL_calf_joint,FR_calf_joint",330e02f2406e129bb6ed6ec4a6c6bcd5f80d7e7799a2ab087e81eda65d2fae69,"step=001140 mode=sit    vx= 0.000 vy= 0.000 vxy= 0.000 yaw= 0.000 speed=1.00 imu=fake tilt_rp=[-0.0,+0.0]deg imu_corr=0.000 act_max= 0.000 tau_cmd= 3.625 tau_cmd_max= 6.914 cmds=12 bus=can0:12 tau_fb= 2.612 tau_fb_max= 5.069",,,,,,,,,,,,,,,,,,,,,,,,,,,,,,,,,,,,,,,,,,,,,,,,,0.0,0.0,0.0,0.0,0.0,0.0,0.0,0.0,0.0,0.0,0.0,0.0,0.0,0.0,0.0,0.0,0.0,0.0,0.0,0.0,0.0,0.0,0.0,0.0,0.0057526035234332085,-0.00613611051812768,-0.005369096528738737,0.006903124041855335,0.4674949049949646,-0.4686454236507416,0.4663443863391876,-0.4655773639678955,1.556270956993103,-1.5585720539093018,1.558188557624817,-1.558188557624817,-0.044862210750579834,-0.06500442326068878,0.01144444104284048,0.012817773967981339,-0.023346660658717155,0.048066653311252594,0.0196844395250082,-0.018768884241580963,0.1341288536787033,-0.11581774055957794,0.10071108490228653,-0.0947599709033966,-9.292003232985735e-05,-3.7168036215007305e-05,-3.7168036215007305e-05,3.7168036215007305e-05,0.47558510303497314,-0.47551074624061584,0.47558510303497314,-0.4752691686153412,1.5608446598052979,-1.5610119104385376,1.5609561204910278,-1.5611419677734375,0.0,0.0,0.0,0.0,0.0,0.0,0.0,0.0,0.0,0.0,0.0,0.0
20260708_192923_786968,2026-07-08T19:29:52.091,28.304073,pose,1145,sit,0.0,0.0,0.0,0.0,0.0,0.0,0.0,0.0,1.0,fake,0.0,0.0,-1.0,-0.0,0.0,0.0,0.0,2.7525932788848877,5.558847427368164,12,can0:12,2.8128910064697266,5.445723056793213,,"BL_hip_joint,BR_hip_joint,FL_hip_joint,FR_hip_joint,BL_thigh_joint,BR_thigh_joint,FL_thigh_joint,FR_thigh_joint,BL_calf_joint,BR_calf_joint,FL_calf_joint,FR_calf_joint",330e02f2406e129bb6ed6ec4a6c6bcd5f80d7e7799a2ab087e81eda65d2fae69,"step=001145 mode=sit    vx= 0.000 vy= 0.000 vxy= 0.000 yaw= 0.000 speed=1.00 imu=fake tilt_rp=[-0.0,+0.0]deg imu_corr=0.000 act_max= 0.000 tau_cmd= 2.753 tau_cmd_max= 5.559 cmds=12 bus=can0:12 tau_fb= 2.813 tau_fb_max= 5.446",,,,,,,,,,,,,,,,,,,,,,,,,,,,,,,,,,,,,,,,,,,,,,,,,0.0,0.0,0.0,0.0,0.0,0.0,0.0,0.0,0.0,0.0,0.0,0.0,0.0,0.0,0.0,0.0,0.0,0.0,0.0,0.0,0.0,0.0,0.0,0.0,0.0057526035234332085,-0.00613611051812768,-0.005369096528738737,0.006903124041855335,0.4732475280761719,-0.4720970094203949,0.4713299870491028,-0.4713299870491028,1.5719947814941406,-1.5716112852096558,1.571227788925171,-1.5723782777786255,0.032959990203380585,0.01144444104284048,-0.02700888179242611,0.002288888208568096,0.08331552892923355,-0.031128879636526108,0.03707998991012573,-0.022431105375289917,0.1268044114112854,-0.0796533077955246,0.05859553813934326,-0.047151096165180206,-7.73018691688776e-05,-3.092078259214759e-05,-3.092078259214759e-05,3.092078259214759e-05,0.4796887934207916,-0.47962692379951477,0.4796887934207916,-0.47942596673965454,1.574149250984192,-1.5742883682250977,1.5742419958114624,-1.5743966102600098,0.0,0.0,0.0,0.0,0.0,0.0,0.0,0.0,0.0,0.0,0.0,0.0
20260708_192923_786968,2026-07-08T19:29:52.210,28.423416,pose,1150,sit,0.0,0.0,0.0,0.0,0.0,0.0,0.0,0.0,1.0,fake,0.0,0.0,-1.0,-0.0,0.0,0.0,0.0,2.87597918510437,7.564332485198975,12,can0:12,2.949308395385742,4.819482803344727,,"BL_hip_joint,BR_hip_joint,FL_hip_joint,FR_hip_joint,BL_thigh_joint,BR_thigh_joint,FL_thigh_joint,FR_thigh_joint,BL_calf_joint,BR_calf_joint,FL_calf_joint,FR_calf_joint",330e02f2406e129bb6ed6ec4a6c6bcd5f80d7e7799a2ab087e81eda65d2fae69,"step=001150 mode=sit    vx= 0.000 vy= 0.000 vxy= 0.000 yaw= 0.000 speed=1.00 imu=fake tilt_rp=[-0.0,+0.0]deg imu_corr=0.000 act_max= 0.000 tau_cmd= 2.876 tau_cmd_max= 7.564 cmds=12 bus=can0:12 tau_fb= 2.949 tau_fb_max= 4.819",,,,,,,,,,,,,,,,,,,,,,,,,,,,,,,,,,,,,,,,,,,,,,,,,0.0,0.0,0.0,0.0,0.0,0.0,0.0,0.0,0.0,0.0,0.0,0.0,0.0,0.0,0.0,0.0,0.0,0.0,0.0,0.0,0.0,0.0,0.0,0.0,0.0057526035234332085,-0.0057526035234332085,-0.005369096528738737,0.006903124041855335,0.47708258032798767,-0.4751650393009186,0.4766990840435028,-0.4766990840435028,1.5835000276565552,-1.5854175090789795,1.584267020225525,-1.5850340127944946,-0.04623554274439812,-0.016937773674726486,0.048066653311252594,0.06683553755283356,0.08148442208766937,-0.035248879343271255,0.010528885759413242,-0.1029999703168869,0.09109774976968765,-0.10574663430452347,0.13641773164272308,-0.11627551913261414,-6.299139931797981e-05,-2.519658301025629e-05,-2.519658301025629e-05,2.519658301025629e-05,0.48344892263412476,-0.4833984971046448,0.48344892263412476,-0.4832347333431244,1.5863398313522339,-1.5864531993865967,1.586415410041809,-1.5865414142608643,0.0,0.0,0.0,0.0,0.0,0.0,0.0,0.0,0.0,0.0,0.0,0.0
20260708_192923_786968,2026-07-08T19:29:52.332,28.545189,pose,1155,sit,0.0,0.0,0.0,0.0,0.0,0.0,0.0,0.0,1.0,fake,0.0,0.0,-1.0,-0.0,0.0,0.0,0.0,3.4571964740753174,5.6581292152404785,12,can0:12,2.69844651222229,5.442060470581055,,"BL_hip_joint,BR_hip_joint,FL_hip_joint,FR_hip_joint,BL_thigh_joint,BR_thigh_joint,FL_thigh_joint,FR_thigh_joint,BL_calf_joint,BR_calf_joint,FL_calf_joint,FR_calf_joint",330e02f2406e129bb6ed6ec4a6c6bcd5f80d7e7799a2ab087e81eda65d2fae69,"step=001155 mode=sit    vx= 0.000 vy= 0.000 vxy= 0.000 yaw= 0.000 speed=1.00 imu=fake tilt_rp=[-0.0,+0.0]deg imu_corr=0.000 act_max= 0.000 tau_cmd= 3.457 tau_cmd_max= 5.658 cmds=12 bus=can0:12 tau_fb= 2.698 tau_fb_max= 5.442",,,,,,,,,,,,,,,,,,,,,,,,,,,,,,,,,,,,,,,,,,,,,,,,,0.0,0.0,0.0,0.0,0.0,0.0,0.0,0.0,0.0,0.0,0.0,0.0,0.0,0.0,0.0,0.0,0.0,0.0,0.0,0.0,0.0,0.0,0.0,0.0,0.0057526035234332085,-0.00613611051812768,-0.004985589534044266,0.006519617512822151,0.4805341362953186,-0.4778496026992798,0.4813011586666107,-0.4805341362953186,1.5961557626724243,-1.5976897478103638,1.597306251525879,-1.597306251525879,0.0013733329251408577,-0.029755547642707825,0.08056886494159698,-0.0119022186845541,0.010071108117699623,-0.009155552834272385,-0.056764427572488785,-0.07599108666181564,0.12405773997306824,-0.08880886435508728,0.07690664380788803,-0.12909328937530518,-5.003088153898716e-05,-2.001237589865923e-05,-2.001237589865923e-05,2.001237589865923e-05,0.48685428500175476,-0.4868142306804657,0.48685428500175476,-0.4866842031478882,1.5973803997039795,-1.5974704027175903,1.597440481185913,-1.5975404977798462,0.0,0.0,0.0,0.0,0.0,0.0,0.0,0.0,0.0,0.0,0.0,0.0
20260708_192923_786968,2026-07-08T19:29:52.454,28.667824,pose,1160,sit,0.0,0.0,0.0,0.0,0.0,0.0,0.0,0.0,1.0,fake,0.0,0.0,-1.0,-0.0,0.0,0.0,0.0,2.5059499740600586,6.105008602142334,12,can0:12,3.363445281982422,5.943784713745117,,"BL_hip_joint,BR_hip_joint,FL_hip_joint,FR_hip_joint,BL_thigh_joint,BR_thigh_joint,FL_thigh_joint,FR_thigh_joint,BL_calf_joint,BR_calf_joint,FL_calf_joint,FR_calf_joint",330e02f2406e129bb6ed6ec4a6c6bcd5f80d7e7799a2ab087e81eda65d2fae69,"step=001160 mode=sit    vx= 0.000 vy= 0.000 vxy= 0.000 yaw= 0.000 speed=1.00 imu=fake tilt_rp=[-0.0,+0.0]deg imu_corr=0.000 act_max= 0.000 tau_cmd= 2.506 tau_cmd_max= 6.105 cmds=12 bus=can0:12 tau_fb= 3.363 tau_fb_max= 5.944",,,,,,,,,,,,,,,,,,,,,,,,,,,,,,,,,,,,,,,,,,,,,,,,,0.0,0.0,0.0,0.0,0.0,0.0,0.0,0.0,0.0,0.0,0.0,0.0,0.0,0.0,0.0,0.0,0.0,0.0,0.0,0.0,0.0,0.0,0.0,0.0,0.0057526035234332085,-0.00613611051812768,-0.005369096528738737,0.006903124041855335,0.4832186996936798,-0.48091766238212585,0.4843692183494568,-0.48283517360687256,1.6072773933410645,-1.6072773933410645,1.6065104007720947,-1.6080443859100342,-0.0009155552834272385,0.05172887444496155,0.055848874151706696,0.02609332650899887,0.04531998559832573,-0.08331552892923355,0.0718710869550705,-0.02929776906967163,0.07736442238092422,-0.03479110077023506,0.09063997119665146,-0.05310220643877983,-3.846269100904465e-05,-1.538504147902131e-05,-1.538504147902131e-05,1.538504147902131e-05,0.4898938834667206,-0.4898630678653717,0.4898938834667206,-0.489763081073761,1.6072349548339844,-1.6073042154312134,1.60728120803833,-1.6073580980300903,0.0,0.0,0.0,0.0,0.0,0.0,0.0,0.0,0.0,0.0,0.0,0.0
20260708_192923_786968,2026-07-08T19:29:52.576,28.789846,pose,1165,sit,0.0,0.0,0.0,0.0,0.0,0.0,0.0,0.0,1.0,fake,0.0,0.0,-1.0,-0.0,0.0,0.0,0.0,3.7130603790283203,6.026601791381836,12,can0:12,3.1955931186676025,5.3505048751831055,,"BL_hip_joint,BR_hip_joint,FL_hip_joint,FR_hip_joint,BL_thigh_joint,BR_thigh_joint,FL_thigh_joint,FR_thigh_joint,BL_calf_joint,BR_calf_joint,FL_calf_joint,FR_calf_joint",330e02f2406e129bb6ed6ec4a6c6bcd5f80d7e7799a2ab087e81eda65d2fae69,"step=001165 mode=sit    vx= 0.000 vy= 0.000 vxy= 0.000 yaw= 0.000 speed=1.00 imu=fake tilt_rp=[-0.0,+0.0]deg imu_corr=0.000 act_max= 0.000 tau_cmd= 3.713 tau_cmd_max= 6.027 cmds=12 bus=can0:12 tau_fb= 3.196 tau_fb_max= 5.351",,,,,,,,,,,,,,,,,,,,,,,,,,,,,,,,,,,,,,,,,,,,,,,,,0.0,0.0,0.0,0.0,0.0,0.0,0.0,0.0,0.0,0.0,0.0,0.0,0.0,0.0,0.0,0.0,0.0,0.0,0.0,0.0,0.0,0.0,0.0,0.0,0.005369096528738737,-0.00613611051812768,-0.005369096528738737,0.006519617512822151,0.48590323328971863,-0.4843692183494568,0.4870537519454956,-0.4851362407207489,1.6157145500183105,-1.6176321506500244,1.6168650388717651,-1.6164815425872803,-0.0238044373691082,-0.008697775192558765,-0.025177771225571632,0.019226660951972008,0.07644886523485184,0.05401776358485222,-0.01831110566854477,0.0119022186845541,0.08239997923374176,-0.06683553755283356,0.08194220066070557,-0.03479110077023506,-2.832873724400997e-05,-1.1331518180668354e-05,-1.1331518180668354e-05,1.1331518180668354e-05,0.4925565719604492,-0.4925338625907898,0.4925565719604492,-0.4924602508544922,1.6158677339553833,-1.6159186363220215,1.6159017086029053,-1.615958333015442,0.0,0.0,0.0,0.0,0.0,0.0,0.0,0.0,0.0,0.0,0.0,0.0
20260708_192923_786968,2026-07-08T19:29:52.699,28.912740,pose,1170,sit,0.0,0.0,0.0,0.0,0.0,0.0,0.0,0.0,1.0,fake,0.0,0.0,-1.0,-0.0,0.0,0.0,0.0,3.195192575454712,5.129125595092773,12,can0:12,2.6435129642486572,4.790185451507568,,"BL_hip_joint,BR_hip_joint,FL_hip_joint,FR_hip_joint,BL_thigh_joint,BR_thigh_joint,FL_thigh_joint,FR_thigh_joint,BL_calf_joint,BR_calf_joint,FL_calf_joint,FR_calf_joint",330e02f2406e129bb6ed6ec4a6c6bcd5f80d7e7799a2ab087e81eda65d2fae69,"step=001170 mode=sit    vx= 0.000 vy= 0.000 vxy= 0.000 yaw= 0.000 speed=1.00 imu=fake tilt_rp=[-0.0,+0.0]deg imu_corr=0.000 act_max= 0.000 tau_cmd= 3.195 tau_cmd_max= 5.129 cmds=12 bus=can0:12 tau_fb= 2.644 tau_fb_max= 4.790",,,,,,,,,,,,,,,,,,,,,,,,,,,,,,,,,,,,,,,,,,,,,,,,,0.0,0.0,0.0,0.0,0.0,0.0,0.0,0.0,0.0,0.0,0.0,0.0,0.0,0.0,0.0,0.0,0.0,0.0,0.0,0.0,0.0,0.0,0.0,0.0,0.005369096528738737,-0.00613611051812768,-0.005369096528738737,0.006519617512822151,0.4882042706012726,-0.4882042706012726,0.48858779668807983,-0.4870537519454956,1.6245352029800415,-1.6260693073272705,1.6260693073272705,-1.6260693073272705,0.03021332435309887,0.024262215942144394,0.022431105375289917,-0.050355542451143265,0.037537768483161926,0.002288888208568096,0.016022218391299248,-0.05310220643877983,0.08285775035619736,-0.0718710869550705,-0.044862210750579834,-0.06042664870619774,-1.967162825167179e-05,-7.868628017604351e-06,-7.868628017604351e-06,7.868628017604351e-06,0.49483126401901245,-0.49481549859046936,0.49483126401901245,-0.49476438760757446,1.6232424974441528,-1.6232779026031494,1.6232661008834839,-1.6233054399490356,0.0,0.0,0.0,0.0,0.0,0.0,0.0,0.0,0.0,0.0,0.0,0.0
20260708_192923_786968,2026-07-08T19:29:52.821,29.034705,pose,1175,sit,0.0,0.0,0.0,0.0,0.0,0.0,0.0,0.0,1.0,fake,0.0,0.0,-1.0,-0.0,0.0,0.0,0.0,3.2706565856933594,6.705811023712158,12,can0:12,3.165379762649536,4.870754241943359,,"BL_hip_joint,BR_hip_joint,FL_hip_joint,FR_hip_joint,BL_thigh_joint,BR_thigh_joint,FL_thigh_joint,FR_thigh_joint,BL_calf_joint,BR_calf_joint,FL_calf_joint,FR_calf_joint",330e02f2406e129bb6ed6ec4a6c6bcd5f80d7e7799a2ab087e81eda65d2fae69,"step=001175 mode=sit    vx= 0.000 vy= 0.000 vxy= 0.000 yaw= 0.000 speed=1.00 imu=fake tilt_rp=[-0.0,+0.0]deg imu_corr=0.000 act_max= 0.000 tau_cmd= 3.271 tau_cmd_max= 6.706 cmds=12 bus=can0:12 tau_fb= 3.165 tau_fb_max= 4.871",,,,,,,,,,,,,,,,,,,,,,,,,,,,,,,,,,,,,,,,,,,,,,,,,0.0,0.0,0.0,0.0,0.0,0.0,0.0,0.0,0.0,0.0,0.0,0.0,0.0,0.0,0.0,0.0,0.0,0.0,0.0,0.0,0.0,0.0,0.0,0.0,0.005369096528738737,-0.00613611051812768,-0.005369096528738737,0.006519617512822151,0.4897383153438568,-0.49127233028411865,0.4905053377151489,-0.48858779668807983,1.6322053670883179,-1.6325888633728027,1.6325888633728027,-1.6329723596572876,0.07415997982025146,0.05264442786574364,0.022431105375289917,-0.01831110566854477,0.0398266538977623,0.01739555038511753,0.06088442727923393,0.008239997550845146,0.018768884241580963,-0.04028443247079849,-0.01144444104284048,-0.008697775192558765,-1.2533273547887802e-05,-5.013309419155121e-06,-5.013309419155121e-06,5.013309419155121e-06,0.49670684337615967,-0.496696799993515,0.49670684337615967,-0.49666428565979004,1.6293233633041382,-1.6293458938598633,1.6293383836746216,-1.6293634176254272,0.0,0.0,0.0,0.0,0.0,0.0,0.0,0.0,0.0,0.0,0.0,0.0
20260708_192923_786968,2026-07-08T19:29:52.943,29.156962,pose,1180,sit,0.0,0.0,0.0,0.0,0.0,0.0,0.0,0.0,1.0,fake,0.0,0.0,-1.0,-0.0,0.0,0.0,0.0,4.118836879730225,7.97819185256958,12,can0:12,3.21176815032959,5.0502028465271,,"BL_hip_joint,BR_hip_joint,FL_hip_joint,FR_hip_joint,BL_thigh_joint,BR_thigh_joint,FL_thigh_joint,FR_thigh_joint,BL_calf_joint,BR_calf_joint,FL_calf_joint,FR_calf_joint",330e02f2406e129bb6ed6ec4a6c6bcd5f80d7e7799a2ab087e81eda65d2fae69,"step=001180 mode=sit    vx= 0.000 vy= 0.000 vxy= 0.000 yaw= 0.000 speed=1.00 imu=fake tilt_rp=[-0.0,+0.0]deg imu_corr=0.000 act_max= 0.000 tau_cmd= 4.119 tau_cmd_max= 7.978 cmds=12 bus=can0:12 tau_fb= 3.212 tau_fb_max= 5.050",,,,,,,,,,,,,,,,,,,,,,,,,,,,,,,,,,,,,,,,,,,,,,,,,0.0,0.0,0.0,0.0,0.0,0.0,0.0,0.0,0.0,0.0,0.0,0.0,0.0,0.0,0.0,0.0,0.0,0.0,0.0,0.0,0.0,0.0,0.0,0.0,0.0057526035234332085,-0.00613611051812768,-0.005369096528738737,0.006903124041855335,0.4916558563709259,-0.49395689368247986,0.4916558563709259,-0.4901218116283417,1.6379579305648804,-1.6379579305648804,1.6371909379959106,-1.6379579305648804,0.03341776877641678,-0.09384441375732422,0.038453321903944016,-0.010071108117699623,-0.016022218391299248,0.001831110566854477,-0.047151096165180206,0.008239997550845146,0.031128879636526108,-0.010986663401126862,0.07507553696632385,0.05722220614552498,-6.956048309803009e-06,-2.782442606985569e-06,-2.782442606985569e-06,2.782442606985569e-06,0.4981722831726074,-0.4981667101383209,0.4981722831726074,-0.4981486201286316,1.634074330329895,-1.6340868473052979,1.6340826749801636,-1.634096622467041,0.0,0.0,0.0,0.0,0.0,0.0,0.0,0.0,0.0,0.0,0.0,0.0
20260708_192923_786968,2026-07-08T19:29:53.067,29.280273,pose,1185,sit,0.0,0.0,0.0,0.0,0.0,0.0,0.0,0.0,1.0,fake,0.0,0.0,-1.0,-0.0,0.0,0.0,0.0,3.571653366088867,6.593560218811035,12,can0:12,3.227027177810669,5.55558967590332,,"BL_hip_joint,BR_hip_joint,FL_hip_joint,FR_hip_joint,BL_thigh_joint,BR_thigh_joint,FL_thigh_joint,FR_thigh_joint,BL_calf_joint,BR_calf_joint,FL_calf_joint,FR_calf_joint",330e02f2406e129bb6ed6ec4a6c6bcd5f80d7e7799a2ab087e81eda65d2fae69,"step=001185 mode=sit    vx= 0.000 vy= 0.000 vxy= 0.000 yaw= 0.000 speed=1.00 imu=fake tilt_rp=[-0.0,+0.0]deg imu_corr=0.000 act_max= 0.000 tau_cmd= 3.572 tau_cmd_max= 6.594 cmds=12 bus=can0:12 tau_fb= 3.227 tau_fb_max= 5.556",,,,,,,,,,,,,,,,,,,,,,,,,,,,,,,,,,,,,,,,,,,,,,,,,0.0,0.0,0.0,0.0,0.0,0.0,0.0,0.0,0.0,0.0,0.0,0.0,0.0,0.0,0.0,0.0,0.0,0.0,0.0,0.0,0.0,0.0,0.0,0.0,0.0057526035234332085,-0.00613611051812768,-0.005369096528738737,0.006903124041855335,0.4928063750267029,-0.49587443470954895,0.4928063750267029,-0.4916558563709259,1.6417930126190186,-1.6425600051879883,1.6410260200500488,-1.6425600051879883,-0.01739555038511753,0.06866664439439774,-0.0013733329251408577,0.0393688790500164,0.02609332650899887,-0.03662221133708954,-0.0032044434919953346,0.04211554303765297,-0.0315866582095623,-0.05767998471856117,0.023346660658717155,0.005493331700563431,-2.982327714562416e-06,-1.192907802760601e-06,-1.192907802760601e-06,1.192907802760601e-06,0.49921637773513794,-0.49921396374702454,0.49921637773513794,-0.4992062449455261,1.6374595165252686,-1.6374648809432983,1.637463092803955,-1.6374690532684326,0.0,0.0,0.0,0.0,0.0,0.0,0.0,0.0,0.0,0.0,0.0,0.0
20260708_192923_786968,2026-07-08T19:29:53.185,29.398911,pose,1190,sit,0.0,0.0,0.0,0.0,0.0,0.0,0.0,0.0,1.0,fake,0.0,0.0,-1.0,-0.0,0.0,0.0,0.0,3.975339651107788,7.335839748382568,12,can0:12,3.386029005050659,5.4200873374938965,,"BL_hip_joint,BR_hip_joint,FL_hip_joint,FR_hip_joint,BL_thigh_joint,BR_thigh_joint,FL_thigh_joint,FR_thigh_joint,BL_calf_joint,BR_calf_joint,FL_calf_joint,FR_calf_joint",330e02f2406e129bb6ed6ec4a6c6bcd5f80d7e7799a2ab087e81eda65d2fae69,"step=001190 mode=sit    vx= 0.000 vy= 0.000 vxy= 0.000 yaw= 0.000 speed=1.00 imu=fake tilt_rp=[-0.0,+0.0]deg imu_corr=0.000 act_max= 0.000 tau_cmd= 3.975 tau_cmd_max= 7.336 cmds=12 bus=can0:12 tau_fb= 3.386 tau_fb_max= 5.420",,,,,,,,,,,,,,,,,,,,,,,,,,,,,,,,,,,,,,,,,,,,,,,,,0.0,0.0,0.0,0.0,0.0,0.0,0.0,0.0,0.0,0.0,0.0,0.0,0.0,0.0,0.0,0.0,0.0,0.0,0.0,0.0,0.0,0.0,0.0,0.0,0.0057526035234332085,-0.00613611051812768,-0.005369096528738737,0.006903124041855335,0.49395689368247986,-0.4970249533653259,0.49395689368247986,-0.4928063750267029,1.6440941095352173,-1.6452445983886719,1.6440941095352173,-1.6452445983886719,0.020142216235399246,0.05172887444496155,-0.035248879343271255,0.059968870133161545,0.01739555038511753,-0.09155552834272385,0.09704886376857758,0.01739555038511753,0.041657764464616776,0.012817773967981339,0.08651997148990631,0.0398266538977623,-6.541376933455467e-07,-2.61643435806036e-07,-2.61643435806036e-07,2.61643435806036e-07,0.49982815980911255,-0.4998275935649872,0.49982815980911255,-0.4998258948326111,1.639442801475525,-1.6394439935684204,1.6394435167312622,-1.6394448280334473,0.0,0.0,0.0,0.0,0.0,0.0,0.0,0.0,0.0,0.0,0.0,0.0
20260708_192923_786968,2026-07-08T19:29:53.303,29.516579,pose,1195,sit,0.0,0.0,0.0,0.0,0.0,0.0,0.0,0.0,1.0,fake,0.0,0.0,-1.0,-0.0,0.0,0.0,0.0,4.090294361114502,6.977467060089111,12,can0:12,3.1894896030426025,4.995269775390625,,"BL_hip_joint,BR_hip_joint,FL_hip_joint,FR_hip_joint,BL_thigh_joint,BR_thigh_joint,FL_thigh_joint,FR_thigh_joint,BL_calf_joint,BR_calf_joint,FL_calf_joint,FR_calf_joint",330e02f2406e129bb6ed6ec4a6c6bcd5f80d7e7799a2ab087e81eda65d2fae69,"step=001195 mode=sit    vx= 0.000 vy= 0.000 vxy= 0.000 yaw= 0.000 speed=1.00 imu=fake tilt_rp=[-0.0,+0.0]deg imu_corr=0.000 act_max= 0.000 tau_cmd= 4.090 tau_cmd_max= 6.977 cmds=12 bus=can0:12 tau_fb= 3.189 tau_fb_max= 4.995",,,,,,,,,,,,,,,,,,,,,,,,,,,,,,,,,,,,,,,,,,,,,,,,,0.0,0.0,0.0,0.0,0.0,0.0,0.0,0.0,0.0,0.0,0.0,0.0,0.0,0.0,0.0,0.0,0.0,0.0,0.0,0.0,0.0,0.0,0.0,0.0,0.0057526035234332085,-0.00613611051812768,-0.005369096528738737,0.006903124041855335,0.494723916053772,-0.4974084496498108,0.4943403899669647,-0.4935733675956726,1.6456280946731567,-1.6475456953048706,1.6463950872421265,-1.6471620798110962,-0.04119998961687088,-0.016937773674726486,0.04028443247079849,-0.002288888208568096,-0.015106662176549435,-0.0032044434919953346,-0.04531998559832573,-0.059968870133161545,0.019226660951972008,-0.03662221133708954,0.04531998559832573,0.005493331700563431,0.0,0.0,0.0,0.0,0.5,-0.4999999701976776,0.5,-0.5,1.6399999856948853,-1.6399999856948853,1.6399999856948853,-1.6399999856948853,0.0,0.0,0.0,0.0,0.0,0.0,0.0,0.0,0.0,0.0,0.0,0.0
20260708_192923_786968,2026-07-08T19:29:53.420,29.633746,pose,1200,sit,0.0,0.0,0.0,0.0,0.0,0.0,0.0,0.0,1.0,fake,0.0,0.0,-1.0,-0.0,0.0,0.0,0.0,4.1766862869262695,7.425494194030762,12,can0:12,2.919705629348755,5.332193851470947,,"BL_hip_joint,BR_hip_joint,FL_hip_joint,FR_hip_joint,BL_thigh_joint,BR_thigh_joint,FL_thigh_joint,FR_thigh_joint,BL_calf_joint,BR_calf_joint,FL_calf_joint,FR_calf_joint",330e02f2406e129bb6ed6ec4a6c6bcd5f80d7e7799a2ab087e81eda65d2fae69,"step=001200 mode=sit    vx= 0.000 vy= 0.000 vxy= 0.000 yaw= 0.000 speed=1.00 imu=fake tilt_rp=[-0.0,+0.0]deg imu_corr=0.000 act_max= 0.000 tau_cmd= 4.177 tau_cmd_max= 7.425 cmds=12 bus=can0:12 tau_fb= 2.920 tau_fb_max= 5.332",,,,,,,,,,,,,,,,,,,,,,,,,,,,,,,,,,,,,,,,,,,,,,,,,0.0,0.0,0.0,0.0,0.0,0.0,0.0,0.0,0.0,0.0,0.0,0.0,0.0,0.0,0.0,0.0,0.0,0.0,0.0,0.0,0.0,0.0,0.0,0.0,0.0057526035234332085,-0.00613611051812768,-0.005369096528738737,0.006903124041855335,0.49510741233825684,-0.4974084496498108,0.494723916053772,-0.49395689368247986,1.6460115909576416,-1.6475456953048706,1.6471620798110962,-1.6475456953048706,-0.0393688790500164,0.009613330475986004,0.016022218391299248,-0.009155552834272385,0.035248879343271255,0.04440443217754364,-0.029755547642707825,-0.04119998961687088,0.08102664351463318,0.0315866582095623,0.038453321903944016,-0.027466658502817154,0.0,0.0,0.0,0.0,0.5,-0.4999999701976776,0.5,-0.5,1.6399999856948853,-1.6399999856948853,1.6399999856948853,-1.6399999856948853,0.0,0.0,0.0,0.0,0.0,0.0,0.0,0.0,0.0,0.0,0.0,0.0
20260708_192923_786968,2026-07-08T19:29:53.539,29.752066,pose,1205,sit,0.0,0.0,0.0,0.0,0.0,0.0,0.0,0.0,1.0,fake,0.0,0.0,-1.0,-0.0,0.0,0.0,0.0,4.746356010437012,7.434913635253906,12,can0:12,3.156529426574707,5.709402561187744,,"BL_hip_joint,BR_hip_joint,FL_hip_joint,FR_hip_joint,BL_thigh_joint,BR_thigh_joint,FL_thigh_joint,FR_thigh_joint,BL_calf_joint,BR_calf_joint,FL_calf_joint,FR_calf_joint",330e02f2406e129bb6ed6ec4a6c6bcd5f80d7e7799a2ab087e81eda65d2fae69,"step=001205 mode=sit    vx= 0.000 vy= 0.000 vxy= 0.000 yaw= 0.000 speed=1.00 imu=fake tilt_rp=[-0.0,+0.0]deg imu_corr=0.000 act_max= 0.000 tau_cmd= 4.746 tau_cmd_max= 7.435 cmds=12 bus=can0:12 tau_fb= 3.157 tau_fb_max= 5.709",,,,,,,,,,,,,,,,,,,,,,,,,,,,,,,,,,,,,,,,,,,,,,,,,0.0,0.0,0.0,0.0,0.0,0.0,0.0,0.0,0.0,0.0,0.0,0.0,0.0,0.0,0.0,0.0,0.0,0.0,0.0,0.0,0.0,0.0,0.0,0.0,0.0057526035234332085,-0.00613611051812768,-0.005369096528738737,0.006903124041855335,0.49510741233825684,-0.4974084496498108,0.49510741233825684,-0.49395689368247986,1.6460115909576416,-1.6479291915893555,1.6471620798110962,-1.6475456953048706,0.008697775192558765,-0.020142216235399246,-0.008239997550845146,0.06271553784608841,0.006408886983990669,0.03387554734945297,0.006408886983990669,0.035248879343271255,0.021057771518826485,0.02609332650899887,0.04440443217754364,-0.030671102926135063,0.0,0.0,0.0,0.0,0.5,-0.4999999701976776,0.5,-0.5,1.6399999856948853,-1.6399999856948853,1.6399999856948853,-1.6399999856948853,0.0,0.0,0.0,0.0,0.0,0.0,0.0,0.0,0.0,0.0,0.0,0.0
20260708_192923_786968,2026-07-08T19:29:53.659,29.872828,pose,1210,sit,0.0,0.0,0.0,0.0,0.0,0.0,0.0,0.0,1.0,fake,0.0,0.0,-1.0,-0.0,0.0,0.0,0.0,4.117513656616211,6.770702362060547,12,can0:12,2.8919336795806885,4.808496475219727,,"BL_hip_joint,BR_hip_joint,FL_hip_joint,FR_hip_joint,BL_thigh_joint,BR_thigh_joint,FL_thigh_joint,FR_thigh_joint,BL_calf_joint,BR_calf_joint,FL_calf_joint,FR_calf_joint",330e02f2406e129bb6ed6ec4a6c6bcd5f80d7e7799a2ab087e81eda65d2fae69,"step=001210 mode=sit    vx= 0.000 vy= 0.000 vxy= 0.000 yaw= 0.000 speed=1.00 imu=fake tilt_rp=[-0.0,+0.0]deg imu_corr=0.000 act_max= 0.000 tau_cmd= 4.118 tau_cmd_max= 6.771 cmds=12 bus=can0:12 tau_fb= 2.892 tau_fb_max= 4.808",,,,,,,,,,,,,,,,,,,,,,,,,,,,,,,,,,,,,,,,,,,,,,,,,0.0,0.0,0.0,0.0,0.0,0.0,0.0,0.0,0.0,0.0,0.0,0.0,0.0,0.0,0.0,0.0,0.0,0.0,0.0,0.0,0.0,0.0,0.0,0.0,0.0057526035234332085,-0.0057526035234332085,-0.005369096528738737,0.006519617512822151,0.49510741233825684,-0.4974084496498108,0.49510741233825684,-0.49395689368247986,1.6460115909576416,-1.6479291915893555,1.6471620798110962,-1.6475456953048706,0.0636310949921608,0.020142216235399246,-0.03433332219719887,0.005493331700563431,-0.010071108117699623,-0.00595110934227705,-0.02471999265253544,0.00045777764171361923,-0.024262215942144394,-0.02288888208568096,-0.0631733164191246,0.015564439818263054,0.0,0.0,0.0,0.0,0.5,-0.4999999701976776,0.5,-0.5,1.6399999856948853,-1.6399999856948853,1.6399999856948853,-1.6399999856948853,0.0,0.0,0.0,0.0,0.0,0.0,0.0,0.0,0.0,0.0,0.0,0.0
20260708_192923_786968,2026-07-08T19:29:53.782,29.995557,pose,1215,sit,0.0,0.0,0.0,0.0,0.0,0.0,0.0,0.0,1.0,fake,0.0,0.0,-1.0,-0.0,0.0,0.0,0.0,3.726745843887329,6.342233657836914,12,can0:12,3.1037328243255615,5.99871826171875,,"BL_hip_joint,BR_hip_joint,FL_hip_joint,FR_hip_joint,BL_thigh_joint,BR_thigh_joint,FL_thigh_joint,FR_thigh_joint,BL_calf_joint,BR_calf_joint,FL_calf_joint,FR_calf_joint",330e02f2406e129bb6ed6ec4a6c6bcd5f80d7e7799a2ab087e81eda65d2fae69,"step=001215 mode=sit    vx= 0.000 vy= 0.000 vxy= 0.000 yaw= 0.000 speed=1.00 imu=fake tilt_rp=[-0.0,+0.0]deg imu_corr=0.000 act_max= 0.000 tau_cmd= 3.727 tau_cmd_max= 6.342 cmds=12 bus=can0:12 tau_fb= 3.104 tau_fb_max= 5.999",,,,,,,,,,,,,,,,,,,,,,,,,,,,,,,,,,,,,,,,,,,,,,,,,0.0,0.0,0.0,0.0,0.0,0.0,0.0,0.0,0.0,0.0,0.0,0.0,0.0,0.0,0.0,0.0,0.0,0.0,0.0,0.0,0.0,0.0,0.0,0.0,0.0057526035234332085,-0.0057526035234332085,-0.005369096528738737,0.006903124041855335,0.49510741233825684,-0.4974084496498108,0.49510741233825684,-0.49395689368247986,1.6460115909576416,-1.6479291915893555,1.6471620798110962,-1.6475456953048706,0.016937773674726486,0.04669332131743431,0.038453321903944016,-0.028382213786244392,-0.004119998775422573,0.025635547935962677,0.055848874151706696,0.016937773674726486,0.025635547935962677,-0.010986663401126862,-0.0238044373691082,0.012817773967981339,0.0,0.0,0.0,0.0,0.5,-0.4999999701976776,0.5,-0.5,1.6399999856948853,-1.6399999856948853,1.6399999856948853,-1.6399999856948853,0.0,0.0,0.0,0.0,0.0,0.0,0.0,0.0,0.0,0.0,0.0,0.0
20260708_192923_786968,2026-07-08T19:29:53.904,30.117587,pose,1220,sit,0.0,0.0,0.0,0.0,0.0,0.0,0.0,0.0,1.0,fake,0.0,0.0,-1.0,-0.0,0.0,0.0,0.0,3.4660041332244873,7.132350444793701,12,can0:12,3.1077001094818115,5.174718379974365,,"BL_hip_joint,BR_hip_joint,FL_hip_joint,FR_hip_joint,BL_thigh_joint,BR_thigh_joint,FL_thigh_joint,FR_thigh_joint,BL_calf_joint,BR_calf_joint,FL_calf_joint,FR_calf_joint",330e02f2406e129bb6ed6ec4a6c6bcd5f80d7e7799a2ab087e81eda65d2fae69,"step=001220 mode=sit    vx= 0.000 vy= 0.000 vxy= 0.000 yaw= 0.000 speed=1.00 imu=fake tilt_rp=[-0.0,+0.0]deg imu_corr=0.000 act_max= 0.000 tau_cmd= 3.466 tau_cmd_max= 7.132 cmds=12 bus=can0:12 tau_fb= 3.108 tau_fb_max= 5.175",,,,,,,,,,,,,,,,,,,,,,,,,,,,,,,,,,,,,,,,,,,,,,,,,0.0,0.0,0.0,0.0,0.0,0.0,0.0,0.0,0.0,0.0,0.0,0.0,0.0,0.0,0.0,0.0,0.0,0.0,0.0,0.0,0.0,0.0,0.0,0.0,0.0057526035234332085,-0.0057526035234332085,-0.005369096528738737,0.006519617512822151,0.4954909086227417,-0.49779194593429565,0.49510741233825684,-0.49395689368247986,1.6460115909576416,-1.6479291915893555,1.6475456953048706,-1.6475456953048706,0.07827997952699661,0.04852443188428879,-0.0,-0.0032044434919953346,0.06546220183372498,-0.008697775192558765,0.054475538432598114,0.0009155552834272385,-0.053559985011816025,-0.001831110566854477,-0.007324442267417908,0.027466658502817154,0.0,0.0,0.0,0.0,0.5,-0.4999999701976776,0.5,-0.5,1.6399999856948853,-1.6399999856948853,1.6399999856948853,-1.6399999856948853,0.0,0.0,0.0,0.0,0.0,0.0,0.0,0.0,0.0,0.0,0.0,0.0
20260708_192923_786968,2026-07-08T19:29:54.026,30.239842,pose,1225,sit,0.0,0.0,0.0,0.0,0.0,0.0,0.0,0.0,1.0,fake,0.0,0.0,-1.0,-0.0,0.0,0.0,0.0,4.264708042144775,7.735527515411377,12,can0:12,2.924894094467163,4.61439847946167,,"BL_hip_joint,BR_hip_joint,FL_hip_joint,FR_hip_joint,BL_thigh_joint,BR_thigh_joint,FL_thigh_joint,FR_thigh_joint,BL_calf_joint,BR_calf_joint,FL_calf_joint,FR_calf_joint",330e02f2406e129bb6ed6ec4a6c6bcd5f80d7e7799a2ab087e81eda65d2fae69,"step=001225 mode=sit    vx= 0.000 vy= 0.000 vxy= 0.000 yaw= 0.000 speed=1.00 imu=fake tilt_rp=[-0.0,+0.0]deg imu_corr=0.000 act_max= 0.000 tau_cmd= 4.265 tau_cmd_max= 7.736 cmds=12 bus=can0:12 tau_fb= 2.925 tau_fb_max= 4.614",,,,,,,,,,,,,,,,,,,,,,,,,,,,,,,,,,,,,,,,,,,,,,,,,0.0,0.0,0.0,0.0,0.0,0.0,0.0,0.0,0.0,0.0,0.0,0.0,0.0,0.0,0.0,0.0,0.0,0.0,0.0,0.0,0.0,0.0,0.0,0.0,0.0057526035234332085,-0.00613611051812768,-0.005369096528738737,0.006519617512822151,0.49510741233825684,-0.4974084496498108,0.4954909086227417,-0.4943403899669647,1.6460115909576416,-1.6479291915893555,1.6471620798110962,-1.6475456953048706,-0.020142216235399246,0.03799554333090782,-0.05767998471856117,-0.023346660658717155,-0.07370220124721527,0.0027466658502817154,0.028839992359280586,-0.01235999632626772,-0.010528885759413242,-0.03341776877641678,-0.007782219909131527,-0.05767998471856117,0.0,0.0,0.0,0.0,0.5,-0.4999999701976776,0.5,-0.5,1.6399999856948853,-1.6399999856948853,1.6399999856948853,-1.6399999856948853,0.0,0.0,0.0,0.0,0.0,0.0,0.0,0.0,0.0,0.0,0.0,0.0
20260708_192923_786968,2026-07-08T19:29:54.148,30.361895,pose,1230,sit,0.0,0.0,0.0,0.0,0.0,0.0,0.0,0.0,1.0,fake,0.0,0.0,-1.0,-0.0,0.0,0.0,0.0,4.121134281158447,7.561722278594971,12,can0:12,2.930997610092163,4.6583452224731445,,"BL_hip_joint,BR_hip_joint,FL_hip_joint,FR_hip_joint,BL_thigh_joint,BR_thigh_joint,FL_thigh_joint,FR_thigh_joint,BL_calf_joint,BR_calf_joint,FL_calf_joint,FR_calf_joint",330e02f2406e129bb6ed6ec4a6c6bcd5f80d7e7799a2ab087e81eda65d2fae69,"step=001230 mode=sit    vx= 0.000 vy= 0.000 vxy= 0.000 yaw= 0.000 speed=1.00 imu=fake tilt_rp=[-0.0,+0.0]deg imu_corr=0.000 act_max= 0.000 tau_cmd= 4.121 tau_cmd_max= 7.562 cmds=12 bus=can0:12 tau_fb= 2.931 tau_fb_max= 4.658",,,,,,,,,,,,,,,,,,,,,,,,,,,,,,,,,,,,,,,,,,,,,,,,,0.0,0.0,0.0,0.0,0.0,0.0,0.0,0.0,0.0,0.0,0.0,0.0,0.0,0.0,0.0,0.0,0.0,0.0,0.0,0.0,0.0,0.0,0.0,0.0,0.0057526035234332085,-0.00613611051812768,-0.005369096528738737,0.006519617512822151,0.49510741233825684,-0.49779194593429565,0.49510741233825684,-0.4943403899669647,1.6460115909576416,-1.6479291915893555,1.6475456953048706,-1.6475456953048706,0.0315866582095623,0.035248879343271255,0.03341776877641678,0.04577776417136192,-0.003662221133708954,0.016479995101690292,0.03799554333090782,-0.05493331700563431,0.021057771518826485,-0.044862210750579834,0.025635547935962677,-0.0009155552834272385,0.0,0.0,0.0,0.0,0.5,-0.4999999701976776,0.5,-0.5,1.6399999856948853,-1.6399999856948853,1.6399999856948853,-1.6399999856948853,0.0,0.0,0.0,0.0,0.0,0.0,0.0,0.0,0.0,0.0,0.0,0.0
20260708_192923_786968,2026-07-08T19:29:54.271,30.484594,pose,1235,sit,0.0,0.0,0.0,0.0,0.0,0.0,0.0,0.0,1.0,fake,0.0,0.0,-1.0,-0.0,0.0,0.0,0.0,3.7036514282226562,6.655345439910889,12,can0:12,3.0408642292022705,5.291909694671631,,"BL_hip_joint,BR_hip_joint,FL_hip_joint,FR_hip_joint,BL_thigh_joint,BR_thigh_joint,FL_thigh_joint,FR_thigh_joint,BL_calf_joint,BR_calf_joint,FL_calf_joint,FR_calf_joint",330e02f2406e129bb6ed6ec4a6c6bcd5f80d7e7799a2ab087e81eda65d2fae69,"step=001235 mode=sit    vx= 0.000 vy= 0.000 vxy= 0.000 yaw= 0.000 speed=1.00 imu=fake tilt_rp=[-0.0,+0.0]deg imu_corr=0.000 act_max= 0.000 tau_cmd= 3.704 tau_cmd_max= 6.655 cmds=12 bus=can0:12 tau_fb= 3.041 tau_fb_max= 5.292",,,,,,,,,,,,,,,,,,,,,,,,,,,,,,,,,,,,,,,,,,,,,,,,,0.0,0.0,0.0,0.0,0.0,0.0,0.0,0.0,0.0,0.0,0.0,0.0,0.0,0.0,0.0,0.0,0.0,0.0,0.0,0.0,0.0,0.0,0.0,0.0,0.0057526035234332085,-0.00613611051812768,-0.005369096528738737,0.006519617512822151,0.49510741233825684,-0.49779194593429565,0.49510741233825684,-0.4943403899669647,1.6460115909576416,-1.6479291915893555,1.6475456953048706,-1.6475456953048706,0.024262215942144394,0.05951109528541565,0.06820886582136154,-0.038453321903944016,0.004577776417136192,-0.008697775192558765,0.003662221133708954,0.043946653604507446,0.004577776417136192,-0.0196844395250082,0.0050355540588498116,0.025177771225571632,0.0,0.0,0.0,0.0,0.5,-0.4999999701976776,0.5,-0.5,1.6399999856948853,-1.6399999856948853,1.6399999856948853,-1.6399999856948853,0.0,0.0,0.0,0.0,0.0,0.0,0.0,0.0,0.0,0.0,0.0,0.0
20260708_192923_786968,2026-07-08T19:29:54.393,30.606655,pose,1240,sit,0.0,0.0,0.0,0.0,0.0,0.0,0.0,0.0,1.0,fake,0.0,0.0,-1.0,-0.0,0.0,0.0,0.0,5.3064117431640625,8.225933074951172,12,can0:12,3.099154472351074,5.251625061035156,,"BL_hip_joint,BR_hip_joint,FL_hip_joint,FR_hip_joint,BL_thigh_joint,BR_thigh_joint,FL_thigh_joint,FR_thigh_joint,BL_calf_joint,BR_calf_joint,FL_calf_joint,FR_calf_joint",330e02f2406e129bb6ed6ec4a6c6bcd5f80d7e7799a2ab087e81eda65d2fae69,"step=001240 mode=sit    vx= 0.000 vy= 0.000 vxy= 0.000 yaw= 0.000 speed=1.00 imu=fake tilt_rp=[-0.0,+0.0]deg imu_corr=0.000 act_max= 0.000 tau_cmd= 5.306 tau_cmd_max= 8.226 cmds=12 bus=can0:12 tau_fb= 3.099 tau_fb_max= 5.252",,,,,,,,,,,,,,,,,,,,,,,,,,,,,,,,,,,,,,,,,,,,,,,,,0.0,0.0,0.0,0.0,0.0,0.0,0.0,0.0,0.0,0.0,0.0,0.0,0.0,0.0,0.0,0.0,0.0,0.0,0.0,0.0,0.0,0.0,0.0,0.0,0.0057526035234332085,-0.00613611051812768,-0.005369096528738737,0.006903124041855335,0.49510741233825684,-0.49779194593429565,0.49510741233825684,-0.49395689368247986,1.6460115909576416,-1.6479291915893555,1.6475456953048706,-1.6475456953048706,0.027924437075853348,-0.08285775035619736,-0.1034577488899231,0.08468886464834213,0.04989776387810707,0.002288888208568096,-0.016937773674726486,0.11307107657194138,-0.009155552834272385,0.05630664899945259,0.05813775956630707,-0.036164432764053345,0.0,0.0,0.0,0.0,0.5,-0.4999999701976776,0.5,-0.5,1.6399999856948853,-1.6399999856948853,1.6399999856948853,-1.6399999856948853,0.0,0.0,0.0,0.0,0.0,0.0,0.0,0.0,0.0,0.0,0.0,0.0
20260708_192923_786968,2026-07-08T19:29:54.515,30.728833,pose,1245,sit,0.0,0.0,0.0,0.0,0.0,0.0,0.0,0.0,1.0,fake,0.0,0.0,-1.0,-0.0,0.0,0.0,0.0,4.668329238891602,8.802718162536621,12,can0:12,2.7384259700775146,5.112460613250732,,"BL_hip_joint,BR_hip_joint,FL_hip_joint,FR_hip_joint,BL_thigh_joint,BR_thigh_joint,FL_thigh_joint,FR_thigh_joint,BL_calf_joint,BR_calf_joint,FL_calf_joint,FR_calf_joint",330e02f2406e129bb6ed6ec4a6c6bcd5f80d7e7799a2ab087e81eda65d2fae69,"step=001245 mode=sit    vx= 0.000 vy= 0.000 vxy= 0.000 yaw= 0.000 speed=1.00 imu=fake tilt_rp=[-0.0,+0.0]deg imu_corr=0.000 act_max= 0.000 tau_cmd= 4.668 tau_cmd_max= 8.803 cmds=12 bus=can0:12 tau_fb= 2.738 tau_fb_max= 5.112",,,,,,,,,,,,,,,,,,,,,,,,,,,,,,,,,,,,,,,,,,,,,,,,,0.0,0.0,0.0,0.0,0.0,0.0,0.0,0.0,0.0,0.0,0.0,0.0,0.0,0.0,0.0,0.0,0.0,0.0,0.0,0.0,0.0,0.0,0.0,0.0,0.0057526035234332085,-0.00613611051812768,-0.005369096528738737,0.006903124041855335,0.49510741233825684,-0.49779194593429565,0.49510741233825684,-0.4943403899669647,1.6460115909576416,-1.6479291915893555,1.6475456953048706,-1.6475456953048706,0.01831110566854477,-0.0398266538977623,0.002288888208568096,0.10071108490228653,-0.05859553813934326,-0.0068666646257042885,0.007324442267417908,0.01739555038511753,-0.013275551609694958,0.02151555009186268,-0.005493331700563431,-0.02471999265253544,0.0,0.0,0.0,0.0,0.5,-0.4999999701976776,0.5,-0.5,1.6399999856948853,-1.6399999856948853,1.6399999856948853,-1.6399999856948853,0.0,0.0,0.0,0.0,0.0,0.0,0.0,0.0,0.0,0.0,0.0,0.0
20260708_192923_786968,2026-07-08T19:29:54.638,30.851029,pose,1250,sit,0.0,0.0,0.0,0.0,0.0,0.0,0.0,0.0,1.0,fake,0.0,0.0,-1.0,-0.0,0.0,0.0,0.0,4.114267826080322,9.11981201171875,12,can0:12,3.0567338466644287,5.610522747039795,,"BL_hip_joint,BR_hip_joint,FL_hip_joint,FR_hip_joint,BL_thigh_joint,BR_thigh_joint,FL_thigh_joint,FR_thigh_joint,BL_calf_joint,BR_calf_joint,FL_calf_joint,FR_calf_joint",330e02f2406e129bb6ed6ec4a6c6bcd5f80d7e7799a2ab087e81eda65d2fae69,"step=001250 mode=sit    vx= 0.000 vy= 0.000 vxy= 0.000 yaw= 0.000 speed=1.00 imu=fake tilt_rp=[-0.0,+0.0]deg imu_corr=0.000 act_max= 0.000 tau_cmd= 4.114 tau_cmd_max= 9.120 cmds=12 bus=can0:12 tau_fb= 3.057 tau_fb_max= 5.611",,,,,,,,,,,,,,,,,,,,,,,,,,,,,,,,,,,,,,,,,,,,,,,,,0.0,0.0,0.0,0.0,0.0,0.0,0.0,0.0,0.0,0.0,0.0,0.0,0.0,0.0,0.0,0.0,0.0,0.0,0.0,0.0,0.0,0.0,0.0,0.0,0.0057526035234332085,-0.00613611051812768,-0.005369096528738737,0.006519617512822151,0.49510741233825684,-0.49779194593429565,0.49510741233825684,-0.4943403899669647,1.6460115909576416,-1.6479291915893555,1.6475456953048706,-1.6475456953048706,-0.04531998559832573,0.05859553813934326,0.014648884534835815,-0.006408886983990669,-0.010528885759413242,0.010528885759413242,-0.02471999265253544,0.002288888208568096,-0.009155552834272385,-0.031128879636526108,0.09613330662250519,0.015106662176549435,0.0,0.0,0.0,0.0,0.5,-0.4999999701976776,0.5,-0.5,1.6399999856948853,-1.6399999856948853,1.6399999856948853,-1.6399999856948853,0.0,0.0,0.0,0.0,0.0,0.0,0.0,0.0,0.0,0.0,0.0,0.0
20260708_192923_786968,2026-07-08T19:29:54.759,30.972694,pose,1255,sit,0.0,0.0,0.0,0.0,0.0,0.0,0.0,0.0,1.0,fake,0.0,0.0,-1.0,-0.0,0.0,0.0,0.0,4.612560749053955,8.79678726196289,12,can0:12,2.764976739883423,5.160069465637207,,"BL_hip_joint,BR_hip_joint,FL_hip_joint,FR_hip_joint,BL_thigh_joint,BR_thigh_joint,FL_thigh_joint,FR_thigh_joint,BL_calf_joint,BR_calf_joint,FL_calf_joint,FR_calf_joint",330e02f2406e129bb6ed6ec4a6c6bcd5f80d7e7799a2ab087e81eda65d2fae69,"step=001255 mode=sit    vx= 0.000 vy= 0.000 vxy= 0.000 yaw= 0.000 speed=1.00 imu=fake tilt_rp=[-0.0,+0.0]deg imu_corr=0.000 act_max= 0.000 tau_cmd= 4.613 tau_cmd_max= 8.797 cmds=12 bus=can0:12 tau_fb= 2.765 tau_fb_max= 5.160",,,,,,,,,,,,,,,,,,,,,,,,,,,,,,,,,,,,,,,,,,,,,,,,,0.0,0.0,0.0,0.0,0.0,0.0,0.0,0.0,0.0,0.0,0.0,0.0,0.0,0.0,0.0,0.0,0.0,0.0,0.0,0.0,0.0,0.0,0.0,0.0,0.0057526035234332085,-0.00613611051812768,-0.005369096528738737,0.006903124041855335,0.4954909086227417,-0.49779194593429565,0.49510741233825684,-0.4943403899669647,1.6460115909576416,-1.6479291915893555,1.6475456953048706,-1.6475456953048706,0.12451551854610443,0.002288888208568096,0.014191106893122196,0.001831110566854477,0.025635547935962677,-0.03707998991012573,0.016937773674726486,0.09063997119665146,-0.0009155552834272385,-0.05264442786574364,-0.023346660658717155,-0.027466658502817154,0.0,0.0,0.0,0.0,0.5,-0.4999999701976776,0.5,-0.5,1.6399999856948853,-1.6399999856948853,1.6399999856948853,-1.6399999856948853,0.0,0.0,0.0,0.0,0.0,0.0,0.0,0.0,0.0,0.0,0.0,0.0
20260708_192923_786968,2026-07-08T19:29:54.881,31.094601,pose,1260,sit,0.0,0.0,0.0,0.0,0.0,0.0,0.0,0.0,1.0,fake,0.0,0.0,-1.0,-0.0,0.0,0.0,0.0,3.642354726791382,6.911548614501953,12,can0:12,2.8711814880371094,5.354167461395264,,"BL_hip_joint,BR_hip_joint,FL_hip_joint,FR_hip_joint,BL_thigh_joint,BR_thigh_joint,FL_thigh_joint,FR_thigh_joint,BL_calf_joint,BR_calf_joint,FL_calf_joint,FR_calf_joint",330e02f2406e129bb6ed6ec4a6c6bcd5f80d7e7799a2ab087e81eda65d2fae69,"step=001260 mode=sit    vx= 0.000 vy= 0.000 vxy= 0.000 yaw= 0.000 speed=1.00 imu=fake tilt_rp=[-0.0,+0.0]deg imu_corr=0.000 act_max= 0.000 tau_cmd= 3.642 tau_cmd_max= 6.912 cmds=12 bus=can0:12 tau_fb= 2.871 tau_fb_max= 5.354",,,,,,,,,,,,,,,,,,,,,,,,,,,,,,,,,,,,,,,,,,,,,,,,,0.0,0.0,0.0,0.0,0.0,0.0,0.0,0.0,0.0,0.0,0.0,0.0,0.0,0.0,0.0,0.0,0.0,0.0,0.0,0.0,0.0,0.0,0.0,0.0,0.0057526035234332085,-0.00613611051812768,-0.005369096528738737,0.006519617512822151,0.4954909086227417,-0.49779194593429565,0.49510741233825684,-0.4943403899669647,1.6460115909576416,-1.6479291915893555,1.6475456953048706,-1.6475456953048706,-0.09704886376857758,0.007782219909131527,-0.026551103219389915,-0.026551103219389915,0.014648884534835815,0.032044436782598495,-0.013275551609694958,-0.010986663401126862,0.055848874151706696,0.05630664899945259,0.03479110077023506,0.07507553696632385,0.0,0.0,0.0,0.0,0.5,-0.4999999701976776,0.5,-0.5,1.6399999856948853,-1.6399999856948853,1.6399999856948853,-1.6399999856948853,0.0,0.0,0.0,0.0,0.0,0.0,0.0,0.0,0.0,0.0,0.0,0.0
20260708_192923_786968,2026-07-08T19:29:55.003,31.216824,pose,1265,sit,0.0,0.0,0.0,0.0,0.0,0.0,0.0,0.0,1.0,fake,0.0,0.0,-1.0,-0.0,0.0,0.0,0.0,4.276317119598389,7.079422950744629,12,can0:12,3.1070892810821533,5.2662739753723145,,"BL_hip_joint,BR_hip_joint,FL_hip_joint,FR_hip_joint,BL_thigh_joint,BR_thigh_joint,FL_thigh_joint,FR_thigh_joint,BL_calf_joint,BR_calf_joint,FL_calf_joint,FR_calf_joint",330e02f2406e129bb6ed6ec4a6c6bcd5f80d7e7799a2ab087e81eda65d2fae69,"step=001265 mode=sit    vx= 0.000 vy= 0.000 vxy= 0.000 yaw= 0.000 speed=1.00 imu=fake tilt_rp=[-0.0,+0.0]deg imu_corr=0.000 act_max= 0.000 tau_cmd= 4.276 tau_cmd_max= 7.079 cmds=12 bus=can0:12 tau_fb= 3.107 tau_fb_max= 5.266",,,,,,,,,,,,,,,,,,,,,,,,,,,,,,,,,,,,,,,,,,,,,,,,,0.0,0.0,0.0,0.0,0.0,0.0,0.0,0.0,0.0,0.0,0.0,0.0,0.0,0.0,0.0,0.0,0.0,0.0,0.0,0.0,0.0,0.0,0.0,0.0,0.0057526035234332085,-0.00613611051812768,-0.005369096528738737,0.006903124041855335,0.49510741233825684,-0.49779194593429565,0.49510741233825684,-0.4943403899669647,1.6460115909576416,-1.6475456953048706,1.6475456953048706,-1.6475456953048706,-0.0119022186845541,0.06500442326068878,0.04028443247079849,0.03570665791630745,-0.08789330720901489,-0.0068666646257042885,-0.040742211043834686,0.05767998471856117,0.0714133158326149,0.09750663489103317,-0.012817773967981339,-0.021057771518826485,0.0,0.0,0.0,0.0,0.5,-0.4999999701976776,0.5,-0.5,1.6399999856948853,-1.6399999856948853,1.6399999856948853,-1.6399999856948853,0.0,0.0,0.0,0.0,0.0,0.0,0.0,0.0,0.0,0.0,0.0,0.0
20260708_192923_786968,2026-07-08T19:29:55.126,31.339528,pose,1270,sit,0.0,0.0,0.0,0.0,0.0,0.0,0.0,0.0,1.0,fake,0.0,0.0,-1.0,-0.0,0.0,0.0,0.0,4.42875337600708,6.586985111236572,12,can0:12,2.9786064624786377,5.482345104217529,,"BL_hip_joint,BR_hip_joint,FL_hip_joint,FR_hip_joint,BL_thigh_joint,BR_thigh_joint,FL_thigh_joint,FR_thigh_joint,BL_calf_joint,BR_calf_joint,FL_calf_joint,FR_calf_joint",330e02f2406e129bb6ed6ec4a6c6bcd5f80d7e7799a2ab087e81eda65d2fae69,"step=001270 mode=sit    vx= 0.000 vy= 0.000 vxy= 0.000 yaw= 0.000 speed=1.00 imu=fake tilt_rp=[-0.0,+0.0]deg imu_corr=0.000 act_max= 0.000 tau_cmd= 4.429 tau_cmd_max= 6.587 cmds=12 bus=can0:12 tau_fb= 2.979 tau_fb_max= 5.482",,,,,,,,,,,,,,,,,,,,,,,,,,,,,,,,,,,,,,,,,,,,,,,,,0.0,0.0,0.0,0.0,0.0,0.0,0.0,0.0,0.0,0.0,0.0,0.0,0.0,0.0,0.0,0.0,0.0,0.0,0.0,0.0,0.0,0.0,0.0,0.0,0.0057526035234332085,-0.00613611051812768,-0.005369096528738737,0.006519617512822151,0.49510741233825684,-0.49779194593429565,0.49510741233825684,-0.4943403899669647,1.6460115909576416,-1.6479291915893555,1.6475456953048706,-1.6475456953048706,0.007782219909131527,0.0013733329251408577,-0.04943998530507088,0.047151096165180206,-0.041657764464616776,0.029755547642707825,0.030671102926135063,-0.013733329251408577,0.014191106893122196,-0.016022218391299248,-0.010071108117699623,0.019226660951972008,0.0,0.0,0.0,0.0,0.5,-0.4999999701976776,0.5,-0.5,1.6399999856948853,-1.6399999856948853,1.6399999856948853,-1.6399999856948853,0.0,0.0,0.0,0.0,0.0,0.0,0.0,0.0,0.0,0.0,0.0,0.0
20260708_192923_786968,2026-07-08T19:29:55.246,31.459792,pose,1275,sit,0.0,0.0,0.0,0.0,0.0,0.0,0.0,0.0,1.0,fake,0.0,0.0,-1.0,-0.0,0.0,0.0,0.0,3.8472254276275635,5.9128618240356445,12,can0:12,3.0423901081085205,5.127109527587891,,"BL_hip_joint,BR_hip_joint,FL_hip_joint,FR_hip_joint,BL_thigh_joint,BR_thigh_joint,FL_thigh_joint,FR_thigh_joint,BL_calf_joint,BR_calf_joint,FL_calf_joint,FR_calf_joint",330e02f2406e129bb6ed6ec4a6c6bcd5f80d7e7799a2ab087e81eda65d2fae69,"step=001275 mode=sit    vx= 0.000 vy= 0.000 vxy= 0.000 yaw= 0.000 speed=1.00 imu=fake tilt_rp=[-0.0,+0.0]deg imu_corr=0.000 act_max= 0.000 tau_cmd= 3.847 tau_cmd_max= 5.913 cmds=12 bus=can0:12 tau_fb= 3.042 tau_fb_max= 5.127",,,,,,,,,,,,,,,,,,,,,,,,,,,,,,,,,,,,,,,,,,,,,,,,,0.0,0.0,0.0,0.0,0.0,0.0,0.0,0.0,0.0,0.0,0.0,0.0,0.0,0.0,0.0,0.0,0.0,0.0,0.0,0.0,0.0,0.0,0.0,0.0,0.0057526035234332085,-0.00613611051812768,-0.005369096528738737,0.006519617512822151,0.49510741233825684,-0.49779194593429565,0.49510741233825684,-0.4943403899669647,1.6460115909576416,-1.6475456953048706,1.6475456953048706,-1.6475456953048706,0.04440443217754364,-0.014191106893122196,-0.010986663401126862,-0.07415997982025146,-0.015106662176549435,0.021057771518826485,-0.0068666646257042885,-0.0476088747382164,0.01831110566854477,0.01739555038511753,-0.014648884534835815,0.032044436782598495,0.0,0.0,0.0,0.0,0.5,-0.4999999701976776,0.5,-0.5,1.6399999856948853,-1.6399999856948853,1.6399999856948853,-1.6399999856948853,0.0,0.0,0.0,0.0,0.0,0.0,0.0,0.0,0.0,0.0,0.0,0.0
20260708_192923_786968,2026-07-08T19:29:55.367,31.580202,pose,1280,sit,0.0,0.0,0.0,0.0,0.0,0.0,0.0,0.0,1.0,fake,0.0,0.0,-1.0,-0.0,0.0,0.0,0.0,3.5242512226104736,5.460443019866943,12,can0:12,3.151341438293457,5.6544694900512695,,"BL_hip_joint,BR_hip_joint,FL_hip_joint,FR_hip_joint,BL_thigh_joint,BR_thigh_joint,FL_thigh_joint,FR_thigh_joint,BL_calf_joint,BR_calf_joint,FL_calf_joint,FR_calf_joint",330e02f2406e129bb6ed6ec4a6c6bcd5f80d7e7799a2ab087e81eda65d2fae69,"step=001280 mode=sit    vx= 0.000 vy= 0.000 vxy= 0.000 yaw= 0.000 speed=1.00 imu=fake tilt_rp=[-0.0,+0.0]deg imu_corr=0.000 act_max= 0.000 tau_cmd= 3.524 tau_cmd_max= 5.460 cmds=12 bus=can0:12 tau_fb= 3.151 tau_fb_max= 5.654",,,,,,,,,,,,,,,,,,,,,,,,,,,,,,,,,,,,,,,,,,,,,,,,,0.0,0.0,0.0,0.0,0.0,0.0,0.0,0.0,0.0,0.0,0.0,0.0,0.0,0.0,0.0,0.0,0.0,0.0,0.0,0.0,0.0,0.0,0.0,0.0,0.0057526035234332085,-0.00613611051812768,-0.005369096528738737,0.006519617512822151,0.4954909086227417,-0.49779194593429565,0.49510741233825684,-0.4943403899669647,1.6460115909576416,-1.6479291915893555,1.6475456953048706,-1.6475456953048706,-0.007782219909131527,0.0636310949921608,-0.0398266538977623,-0.038453321903944016,0.03387554734945297,-0.0119022186845541,0.0013733329251408577,0.016479995101690292,0.018768884241580963,0.0238044373691082,-0.008239997550845146,0.051271095871925354,0.0,0.0,0.0,0.0,0.5,-0.4999999701976776,0.5,-0.5,1.6399999856948853,-1.6399999856948853,1.6399999856948853,-1.6399999856948853,0.0,0.0,0.0,0.0,0.0,0.0,0.0,0.0,0.0,0.0,0.0,0.0
20260708_192923_786968,2026-07-08T19:29:55.487,31.700454,pose,1285,sit,0.0,0.0,0.0,0.0,0.0,0.0,0.0,0.0,1.0,fake,0.0,0.0,-1.0,-0.0,0.0,0.0,0.0,3.878718137741089,7.894392490386963,12,can0:12,3.142491102218628,5.456709384918213,,"BL_hip_joint,BR_hip_joint,FL_hip_joint,FR_hip_joint,BL_thigh_joint,BR_thigh_joint,FL_thigh_joint,FR_thigh_joint,BL_calf_joint,BR_calf_joint,FL_calf_joint,FR_calf_joint",330e02f2406e129bb6ed6ec4a6c6bcd5f80d7e7799a2ab087e81eda65d2fae69,"step=001285 mode=sit    vx= 0.000 vy= 0.000 vxy= 0.000 yaw= 0.000 speed=1.00 imu=fake tilt_rp=[-0.0,+0.0]deg imu_corr=0.000 act_max= 0.000 tau_cmd= 3.879 tau_cmd_max= 7.894 cmds=12 bus=can0:12 tau_fb= 3.142 tau_fb_max= 5.457",,,,,,,,,,,,,,,,,,,,,,,,,,,,,,,,,,,,,,,,,,,,,,,,,0.0,0.0,0.0,0.0,0.0,0.0,0.0,0.0,0.0,0.0,0.0,0.0,0.0,0.0,0.0,0.0,0.0,0.0,0.0,0.0,0.0,0.0,0.0,0.0,0.0057526035234332085,-0.00613611051812768,-0.005369096528738737,0.006519617512822151,0.49510741233825684,-0.49779194593429565,0.49510741233825684,-0.4943403899669647,1.6463950872421265,-1.6479291915893555,1.6475456953048706,-1.6475456953048706,0.003662221133708954,-0.010528885759413242,0.007324442267417908,0.003662221133708954,-0.009613330475986004,-0.03250221163034439,0.0050355540588498116,-0.07049775868654251,0.08606220036745071,0.0032044434919953346,-0.04440443217754364,0.014648884534835815,0.0,0.0,0.0,0.0,0.5,-0.4999999701976776,0.5,-0.5,1.6399999856948853,-1.6399999856948853,1.6399999856948853,-1.6399999856948853,0.0,0.0,0.0,0.0,0.0,0.0,0.0,0.0,0.0,0.0,0.0,0.0
20260708_192923_786968,2026-07-08T19:29:55.606,31.819803,pose,1290,sit,0.0,0.0,0.0,0.0,0.0,0.0,0.0,0.0,1.0,fake,0.0,0.0,-1.0,-0.0,0.0,0.0,0.0,4.075249671936035,7.232130527496338,12,can0:12,3.1287574768066406,5.284584999084473,,"BL_hip_joint,BR_hip_joint,FL_hip_joint,FR_hip_joint,BL_thigh_joint,BR_thigh_joint,FL_thigh_joint,FR_thigh_joint,BL_calf_joint,BR_calf_joint,FL_calf_joint,FR_calf_joint",330e02f2406e129bb6ed6ec4a6c6bcd5f80d7e7799a2ab087e81eda65d2fae69,"step=001290 mode=sit    vx= 0.000 vy= 0.000 vxy= 0.000 yaw= 0.000 speed=1.00 imu=fake tilt_rp=[-0.0,+0.0]deg imu_corr=0.000 act_max= 0.000 tau_cmd= 4.075 tau_cmd_max= 7.232 cmds=12 bus=can0:12 tau_fb= 3.129 tau_fb_max= 5.285",,,,,,,,,,,,,,,,,,,,,,,,,,,,,,,,,,,,,,,,,,,,,,,,,0.0,0.0,0.0,0.0,0.0,0.0,0.0,0.0,0.0,0.0,0.0,0.0,0.0,0.0,0.0,0.0,0.0,0.0,0.0,0.0,0.0,0.0,0.0,0.0,0.0057526035234332085,-0.00613611051812768,-0.005369096528738737,0.006903124041855335,0.49510741233825684,-0.49779194593429565,0.49510741233825684,-0.4943403899669647,1.6460115909576416,-1.6479291915893555,1.6475456953048706,-1.6475456953048706,0.007782219909131527,-0.05813775956630707,-0.00595110934227705,-0.06179998070001602,0.10025330632925034,0.027466658502817154,0.006408886983990669,-0.018768884241580963,0.024262215942144394,-0.03570665791630745,0.010071108117699623,0.041657764464616776,0.0,0.0,0.0,0.0,0.5,-0.4999999701976776,0.5,-0.5,1.6399999856948853,-1.6399999856948853,1.6399999856948853,-1.6399999856948853,0.0,0.0,0.0,0.0,0.0,0.0,0.0,0.0,0.0,0.0,0.0,0.0
20260708_192923_786968,2026-07-08T19:29:55.726,31.939306,pose,1295,sit,0.0,0.0,0.0,0.0,0.0,0.0,0.0,0.0,1.0,fake,0.0,0.0,-1.0,-0.0,0.0,0.0,0.0,4.207651615142822,7.52437162399292,12,can0:12,2.906277894973755,5.028229713439941,,"BL_hip_joint,BR_hip_joint,FL_hip_joint,FR_hip_joint,BL_thigh_joint,BR_thigh_joint,FL_thigh_joint,FR_thigh_joint,BL_calf_joint,BR_calf_joint,FL_calf_joint,FR_calf_joint",330e02f2406e129bb6ed6ec4a6c6bcd5f80d7e7799a2ab087e81eda65d2fae69,"step=001295 mode=sit    vx= 0.000 vy= 0.000 vxy= 0.000 yaw= 0.000 speed=1.00 imu=fake tilt_rp=[-0.0,+0.0]deg imu_corr=0.000 act_max= 0.000 tau_cmd= 4.208 tau_cmd_max= 7.524 cmds=12 bus=can0:12 tau_fb= 2.906 tau_fb_max= 5.028",,,,,,,,,,,,,,,,,,,,,,,,,,,,,,,,,,,,,,,,,,,,,,,,,0.0,0.0,0.0,0.0,0.0,0.0,0.0,0.0,0.0,0.0,0.0,0.0,0.0,0.0,0.0,0.0,0.0,0.0,0.0,0.0,0.0,0.0,0.0,0.0,0.0057526035234332085,-0.00613611051812768,-0.005369096528738737,0.006519617512822151,0.49510741233825684,-0.49779194593429565,0.49510741233825684,-0.4943403899669647,1.6460115909576416,-1.6479291915893555,1.6475456953048706,-1.6475456953048706,0.014648884534835815,-0.006408886983990669,-0.06042664870619774,-0.004577776417136192,0.040742211043834686,0.015564439818263054,-0.010528885759413242,-0.028382213786244392,0.08377330750226974,0.02471999265253544,0.02471999265253544,0.06042664870619774,0.0,0.0,0.0,0.0,0.5,-0.4999999701976776,0.5,-0.5,1.6399999856948853,-1.6399999856948853,1.6399999856948853,-1.6399999856948853,0.0,0.0,0.0,0.0,0.0,0.0,0.0,0.0,0.0,0.0,0.0,0.0
20260708_192923_786968,2026-07-08T19:29:55.846,32.059469,pose,1300,sit,0.0,0.0,0.0,0.0,0.0,0.0,0.0,0.0,1.0,fake,0.0,0.0,-1.0,-0.0,0.0,0.0,0.0,4.377975940704346,6.746752738952637,12,can0:12,2.7927491664886475,4.757225036621094,,"BL_hip_joint,BR_hip_joint,FL_hip_joint,FR_hip_joint,BL_thigh_joint,BR_thigh_joint,FL_thigh_joint,FR_thigh_joint,BL_calf_joint,BR_calf_joint,FL_calf_joint,FR_calf_joint",330e02f2406e129bb6ed6ec4a6c6bcd5f80d7e7799a2ab087e81eda65d2fae69,"step=001300 mode=sit    vx= 0.000 vy= 0.000 vxy= 0.000 yaw= 0.000 speed=1.00 imu=fake tilt_rp=[-0.0,+0.0]deg imu_corr=0.000 act_max= 0.000 tau_cmd= 4.378 tau_cmd_max= 6.747 cmds=12 bus=can0:12 tau_fb= 2.793 tau_fb_max= 4.757",,,,,,,,,,,,,,,,,,,,,,,,,,,,,,,,,,,,,,,,,,,,,,,,,0.0,0.0,0.0,0.0,0.0,0.0,0.0,0.0,0.0,0.0,0.0,0.0,0.0,0.0,0.0,0.0,0.0,0.0,0.0,0.0,0.0,0.0,0.0,0.0,0.0057526035234332085,-0.00613611051812768,-0.005369096528738737,0.006519617512822151,0.49510741233825684,-0.49779194593429565,0.49510741233825684,-0.4943403899669647,1.6460115909576416,-1.6479291915893555,1.6475456953048706,-1.6475456953048706,0.012817773967981339,0.003662221133708954,-0.06637775897979736,-0.0315866582095623,-0.006408886983990669,-0.07736442238092422,-0.0032044434919953346,0.048066653311252594,-0.00045777764171361923,-0.004119998775422573,0.03021332435309887,0.037537768483161926,0.0,0.0,0.0,0.0,0.5,-0.4999999701976776,0.5,-0.5,1.6399999856948853,-1.6399999856948853,1.6399999856948853,-1.6399999856948853,0.0,0.0,0.0,0.0,0.0,0.0,0.0,0.0,0.0,0.0,0.0,0.0
20260708_192923_786968,2026-07-08T19:29:55.966,32.179339,pose,1305,sit,0.0,0.0,0.0,0.0,0.0,0.0,0.0,0.0,1.0,fake,0.0,0.0,-1.0,-0.0,0.0,0.0,0.0,4.126377582550049,6.820141315460205,12,can0:12,2.9740285873413086,5.280922889709473,,"BL_hip_joint,BR_hip_joint,FL_hip_joint,FR_hip_joint,BL_thigh_joint,BR_thigh_joint,FL_thigh_joint,FR_thigh_joint,BL_calf_joint,BR_calf_joint,FL_calf_joint,FR_calf_joint",330e02f2406e129bb6ed6ec4a6c6bcd5f80d7e7799a2ab087e81eda65d2fae69,"step=001305 mode=sit    vx= 0.000 vy= 0.000 vxy= 0.000 yaw= 0.000 speed=1.00 imu=fake tilt_rp=[-0.0,+0.0]deg imu_corr=0.000 act_max= 0.000 tau_cmd= 4.126 tau_cmd_max= 6.820 cmds=12 bus=can0:12 tau_fb= 2.974 tau_fb_max= 5.281",,,,,,,,,,,,,,,,,,,,,,,,,,,,,,,,,,,,,,,,,,,,,,,,,0.0,0.0,0.0,0.0,0.0,0.0,0.0,0.0,0.0,0.0,0.0,0.0,0.0,0.0,0.0,0.0,0.0,0.0,0.0,0.0,0.0,0.0,0.0,0.0,0.0057526035234332085,-0.00613611051812768,-0.005369096528738737,0.006903124041855335,0.49510741233825684,-0.49779194593429565,0.49510741233825684,-0.494723916053772,1.6460115909576416,-1.6479291915893555,1.6475456953048706,-1.6475456953048706,-0.010071108117699623,0.03891110047698021,-0.04028443247079849,-0.03021332435309887,0.021973326802253723,0.0027466658502817154,-0.056764427572488785,0.015106662176549435,0.01144444104284048,-0.024262215942144394,-0.024262215942144394,-0.002288888208568096,0.0,0.0,0.0,0.0,0.5,-0.4999999701976776,0.5,-0.5,1.6399999856948853,-1.6399999856948853,1.6399999856948853,-1.6399999856948853,0.0,0.0,0.0,0.0,0.0,0.0,0.0,0.0,0.0,0.0,0.0,0.0
20260708_192923_786968,2026-07-08T19:29:56.086,32.299878,pose,1310,sit,0.0,0.0,0.0,0.0,0.0,0.0,0.0,0.0,1.0,fake,0.0,0.0,-1.0,-0.0,0.0,0.0,0.0,3.9341237545013428,8.253864288330078,12,can0:12,2.8724024295806885,4.933012008666992,,"BL_hip_joint,BR_hip_joint,FL_hip_joint,FR_hip_joint,BL_thigh_joint,BR_thigh_joint,FL_thigh_joint,FR_thigh_joint,BL_calf_joint,BR_calf_joint,FL_calf_joint,FR_calf_joint",330e02f2406e129bb6ed6ec4a6c6bcd5f80d7e7799a2ab087e81eda65d2fae69,"step=001310 mode=sit    vx= 0.000 vy= 0.000 vxy= 0.000 yaw= 0.000 speed=1.00 imu=fake tilt_rp=[-0.0,+0.0]deg imu_corr=0.000 act_max= 0.000 tau_cmd= 3.934 tau_cmd_max= 8.254 cmds=12 bus=can0:12 tau_fb= 2.872 tau_fb_max= 4.933",,,,,,,,,,,,,,,,,,,,,,,,,,,,,,,,,,,,,,,,,,,,,,,,,0.0,0.0,0.0,0.0,0.0,0.0,0.0,0.0,0.0,0.0,0.0,0.0,0.0,0.0,0.0,0.0,0.0,0.0,0.0,0.0,0.0,0.0,0.0,0.0,0.005369096528738737,-0.0057526035234332085,-0.005369096528738737,0.006519617512822151,0.4954909086227417,-0.49779194593429565,0.49510741233825684,-0.494723916053772,1.6460115909576416,-1.6479291915893555,1.6475456953048706,-1.6475456953048706,-0.03707998991012573,0.059053316712379456,-0.023346660658717155,-0.07507553696632385,-0.014191106893122196,0.021973326802253723,-0.029755547642707825,-0.027924437075853348,0.03433332219719887,-0.06408887356519699,-0.02288888208568096,-0.02700888179242611,0.0,0.0,0.0,0.0,0.5,-0.4999999701976776,0.5,-0.5,1.6399999856948853,-1.6399999856948853,1.6399999856948853,-1.6399999856948853,0.0,0.0,0.0,0.0,0.0,0.0,0.0,0.0,0.0,0.0,0.0,0.0
20260708_192923_786968,2026-07-08T19:29:56.206,32.419980,pose,1315,sit,0.0,0.0,0.0,0.0,0.0,0.0,0.0,0.0,1.0,fake,0.0,0.0,-1.0,-0.0,0.0,0.0,0.0,3.226996421813965,7.719047546386719,12,can0:12,3.0170600414276123,5.101473808288574,,"BL_hip_joint,BR_hip_joint,FL_hip_joint,FR_hip_joint,BL_thigh_joint,BR_thigh_joint,FL_thigh_joint,FR_thigh_joint,BL_calf_joint,BR_calf_joint,FL_calf_joint,FR_calf_joint",330e02f2406e129bb6ed6ec4a6c6bcd5f80d7e7799a2ab087e81eda65d2fae69,"step=001315 mode=sit    vx= 0.000 vy= 0.000 vxy= 0.000 yaw= 0.000 speed=1.00 imu=fake tilt_rp=[-0.0,+0.0]deg imu_corr=0.000 act_max= 0.000 tau_cmd= 3.227 tau_cmd_max= 7.719 cmds=12 bus=can0:12 tau_fb= 3.017 tau_fb_max= 5.101",,,,,,,,,,,,,,,,,,,,,,,,,,,,,,,,,,,,,,,,,,,,,,,,,0.0,0.0,0.0,0.0,0.0,0.0,0.0,0.0,0.0,0.0,0.0,0.0,0.0,0.0,0.0,0.0,0.0,0.0,0.0,0.0,0.0,0.0,0.0,0.0,0.005369096528738737,-0.00613611051812768,-0.005369096528738737,0.006519617512822151,0.4954909086227417,-0.49779194593429565,0.49510741233825684,-0.4943403899669647,1.6460115909576416,-1.6479291915893555,1.6475456953048706,-1.6475456953048706,-0.09247108548879623,-0.009155552834272385,0.013733329251408577,-0.025635547935962677,-0.02288888208568096,-0.013275551609694958,0.015106662176549435,-0.024262215942144394,-0.10711997002363205,0.010986663401126862,0.05722220614552498,0.04303110018372536,0.0,0.0,0.0,0.0,0.5,-0.4999999701976776,0.5,-0.5,1.6399999856948853,-1.6399999856948853,1.6399999856948853,-1.6399999856948853,0.0,0.0,0.0,0.0,0.0,0.0,0.0,0.0,0.0,0.0,0.0,0.0
20260708_192923_786968,2026-07-08T19:29:56.326,32.539703,pose,1320,sit,0.0,0.0,0.0,0.0,0.0,0.0,0.0,0.0,1.0,fake,0.0,0.0,-1.0,-0.0,0.0,0.0,0.0,5.63344144821167,8.983993530273438,12,can0:12,2.844019651412964,4.936674118041992,,"BL_hip_joint,BR_hip_joint,FL_hip_joint,FR_hip_joint,BL_thigh_joint,BR_thigh_joint,FL_thigh_joint,FR_thigh_joint,BL_calf_joint,BR_calf_joint,FL_calf_joint,FR_calf_joint",330e02f2406e129bb6ed6ec4a6c6bcd5f80d7e7799a2ab087e81eda65d2fae69,"step=001320 mode=sit    vx= 0.000 vy= 0.000 vxy= 0.000 yaw= 0.000 speed=1.00 imu=fake tilt_rp=[-0.0,+0.0]deg imu_corr=0.000 act_max= 0.000 tau_cmd= 5.633 tau_cmd_max= 8.984 cmds=12 bus=can0:12 tau_fb= 2.844 tau_fb_max= 4.937",,,,,,,,,,,,,,,,,,,,,,,,,,,,,,,,,,,,,,,,,,,,,,,,,0.0,0.0,0.0,0.0,0.0,0.0,0.0,0.0,0.0,0.0,0.0,0.0,0.0,0.0,0.0,0.0,0.0,0.0,0.0,0.0,0.0,0.0,0.0,0.0,0.0057526035234332085,-0.00613611051812768,-0.005369096528738737,0.006903124041855335,0.4954909086227417,-0.49779194593429565,0.49510741233825684,-0.4943403899669647,1.6460115909576416,-1.6479291915893555,1.6475456953048706,-1.6475456953048706,0.03570665791630745,-0.028839992359280586,-0.06958220154047012,0.10574663430452347,0.10254219174385071,0.004577776417136192,-0.0476088747382164,0.11169774830341339,-0.035248879343271255,-0.08377330750226974,0.04852443188428879,-0.05172887444496155,0.0,0.0,0.0,0.0,0.5,-0.4999999701976776,0.5,-0.5,1.6399999856948853,-1.6399999856948853,1.6399999856948853,-1.6399999856948853,0.0,0.0,0.0,0.0,0.0,0.0,0.0,0.0,0.0,0.0,0.0,0.0
20260708_192923_786968,2026-07-08T19:29:56.447,32.660177,pose,1325,sit,0.0,0.0,0.0,0.0,0.0,0.0,0.0,0.0,1.0,fake,0.0,0.0,-1.0,-0.0,0.0,0.0,0.0,4.537243843078613,7.9407525062561035,12,can0:12,2.8684349060058594,5.442060470581055,,"BL_hip_joint,BR_hip_joint,FL_hip_joint,FR_hip_joint,BL_thigh_joint,BR_thigh_joint,FL_thigh_joint,FR_thigh_joint,BL_calf_joint,BR_calf_joint,FL_calf_joint,FR_calf_joint",330e02f2406e129bb6ed6ec4a6c6bcd5f80d7e7799a2ab087e81eda65d2fae69,"step=001325 mode=sit    vx= 0.000 vy= 0.000 vxy= 0.000 yaw= 0.000 speed=1.00 imu=fake tilt_rp=[-0.0,+0.0]deg imu_corr=0.000 act_max= 0.000 tau_cmd= 4.537 tau_cmd_max= 7.941 cmds=12 bus=can0:12 tau_fb= 2.868 tau_fb_max= 5.442",,,,,,,,,,,,,,,,,,,,,,,,,,,,,,,,,,,,,,,,,,,,,,,,,0.0,0.0,0.0,0.0,0.0,0.0,0.0,0.0,0.0,0.0,0.0,0.0,0.0,0.0,0.0,0.0,0.0,0.0,0.0,0.0,0.0,0.0,0.0,0.0,0.0057526035234332085,-0.00613611051812768,-0.005369096528738737,0.006519617512822151,0.49510741233825684,-0.49779194593429565,0.49510741233825684,-0.4943403899669647,1.6460115909576416,-1.6479291915893555,1.6475456953048706,-1.6475456953048706,0.03707998991012573,0.01739555038511753,0.010528885759413242,-0.062257759273052216,-0.07736442238092422,0.00595110934227705,-0.02059999480843544,0.010071108117699623,0.04257332161068916,-0.0553910955786705,0.015564439818263054,0.007324442267417908,0.0,0.0,0.0,0.0,0.5,-0.4999999701976776,0.5,-0.5,1.6399999856948853,-1.6399999856948853,1.6399999856948853,-1.6399999856948853,0.0,0.0,0.0,0.0,0.0,0.0,0.0,0.0,0.0,0.0,0.0,0.0
20260708_192923_786968,2026-07-08T19:29:56.567,32.780343,pose,1330,sit,0.0,0.0,0.0,0.0,0.0,0.0,0.0,0.0,1.0,fake,0.0,0.0,-1.0,-0.0,0.0,0.0,0.0,4.247979640960693,7.833502292633057,12,can0:12,2.920926809310913,5.694753646850586,,"BL_hip_joint,BR_hip_joint,FL_hip_joint,FR_hip_joint,BL_thigh_joint,BR_thigh_joint,FL_thigh_joint,FR_thigh_joint,BL_calf_joint,BR_calf_joint,FL_calf_joint,FR_calf_joint",330e02f2406e129bb6ed6ec4a6c6bcd5f80d7e7799a2ab087e81eda65d2fae69,"step=001330 mode=sit    vx= 0.000 vy= 0.000 vxy= 0.000 yaw= 0.000 speed=1.00 imu=fake tilt_rp=[-0.0,+0.0]deg imu_corr=0.000 act_max= 0.000 tau_cmd= 4.248 tau_cmd_max= 7.834 cmds=12 bus=can0:12 tau_fb= 2.921 tau_fb_max= 5.695",,,,,,,,,,,,,,,,,,,,,,,,,,,,,,,,,,,,,,,,,,,,,,,,,0.0,0.0,0.0,0.0,0.0,0.0,0.0,0.0,0.0,0.0,0.0,0.0,0.0,0.0,0.0,0.0,0.0,0.0,0.0,0.0,0.0,0.0,0.0,0.0,0.0057526035234332085,-0.00613611051812768,-0.005369096528738737,0.006519617512822151,0.49510741233825684,-0.49779194593429565,0.49510741233825684,-0.494723916053772,1.6460115909576416,-1.6479291915893555,1.6475456953048706,-1.6475456953048706,-0.010528885759413242,-0.05630664899945259,-0.10574663430452347,-0.06271553784608841,-0.06042664870619774,0.04898220673203468,0.06454664468765259,-0.03433332219719887,-0.004119998775422573,-0.020142216235399246,-0.016022218391299248,0.023346660658717155,0.0,0.0,0.0,0.0,0.5,-0.4999999701976776,0.5,-0.5,1.6399999856948853,-1.6399999856948853,1.6399999856948853,-1.6399999856948853,0.0,0.0,0.0,0.0,0.0,0.0,0.0,0.0,0.0,0.0,0.0,0.0
20260708_192923_786968,2026-07-08T19:29:56.687,32.900623,pose,1335,sit,0.0,0.0,0.0,0.0,0.0,0.0,0.0,0.0,1.0,fake,0.0,0.0,-1.0,-0.0,0.0,0.0,0.0,3.7887964248657227,5.978780269622803,12,can0:12,2.915127754211426,4.867091655731201,,"BL_hip_joint,BR_hip_joint,FL_hip_joint,FR_hip_joint,BL_thigh_joint,BR_thigh_joint,FL_thigh_joint,FR_thigh_joint,BL_calf_joint,BR_calf_joint,FL_calf_joint,FR_calf_joint",330e02f2406e129bb6ed6ec4a6c6bcd5f80d7e7799a2ab087e81eda65d2fae69,"step=001335 mode=sit    vx= 0.000 vy= 0.000 vxy= 0.000 yaw= 0.000 speed=1.00 imu=fake tilt_rp=[-0.0,+0.0]deg imu_corr=0.000 act_max= 0.000 tau_cmd= 3.789 tau_cmd_max= 5.979 cmds=12 bus=can0:12 tau_fb= 2.915 tau_fb_max= 4.867",,,,,,,,,,,,,,,,,,,,,,,,,,,,,,,,,,,,,,,,,,,,,,,,,0.0,0.0,0.0,0.0,0.0,0.0,0.0,0.0,0.0,0.0,0.0,0.0,0.0,0.0,0.0,0.0,0.0,0.0,0.0,0.0,0.0,0.0,0.0,0.0,0.0057526035234332085,-0.00613611051812768,-0.005369096528738737,0.006519617512822151,0.49510741233825684,-0.49779194593429565,0.49510741233825684,-0.4943403899669647,1.6460115909576416,-1.6479291915893555,1.6475456953048706,-1.6475456953048706,0.04623554274439812,0.02059999480843544,0.08285775035619736,-0.02059999480843544,0.0032044434919953346,-0.009613330475986004,-0.07232886552810669,0.009613330475986004,-0.03021332435309887,0.0119022186845541,-0.0032044434919953346,0.028382213786244392,0.0,0.0,0.0,0.0,0.5,-0.4999999701976776,0.5,-0.5,1.6399999856948853,-1.6399999856948853,1.6399999856948853,-1.6399999856948853,0.0,0.0,0.0,0.0,0.0,0.0,0.0,0.0,0.0,0.0,0.0,0.0
20260708_192923_786968,2026-07-08T19:29:56.807,33.020548,pose,1340,sit,0.0,0.0,0.0,0.0,0.0,0.0,0.0,0.0,1.0,fake,0.0,0.0,-1.0,-0.0,0.0,0.0,0.0,4.028055667877197,7.396926403045654,12,can0:12,3.0225532054901123,5.024567604064941,,"BL_hip_joint,BR_hip_joint,FL_hip_joint,FR_hip_joint,BL_thigh_joint,BR_thigh_joint,FL_thigh_joint,FR_thigh_joint,BL_calf_joint,BR_calf_joint,FL_calf_joint,FR_calf_joint",330e02f2406e129bb6ed6ec4a6c6bcd5f80d7e7799a2ab087e81eda65d2fae69,"step=001340 mode=sit    vx= 0.000 vy= 0.000 vxy= 0.000 yaw= 0.000 speed=1.00 imu=fake tilt_rp=[-0.0,+0.0]deg imu_corr=0.000 act_max= 0.000 tau_cmd= 4.028 tau_cmd_max= 7.397 cmds=12 bus=can0:12 tau_fb= 3.023 tau_fb_max= 5.025",,,,,,,,,,,,,,,,,,,,,,,,,,,,,,,,,,,,,,,,,,,,,,,,,0.0,0.0,0.0,0.0,0.0,0.0,0.0,0.0,0.0,0.0,0.0,0.0,0.0,0.0,0.0,0.0,0.0,0.0,0.0,0.0,0.0,0.0,0.0,0.0,0.0057526035234332085,-0.00613611051812768,-0.005369096528738737,0.006519617512822151,0.4954909086227417,-0.49779194593429565,0.49510741233825684,-0.4943403899669647,1.6463950872421265,-1.6479291915893555,1.6475456953048706,-1.6475456953048706,0.04440443217754364,0.0013733329251408577,0.02609332650899887,-0.025635547935962677,0.07049775868654251,-0.013733329251408577,-0.002288888208568096,-0.038453321903944016,0.032959990203380585,-0.04028443247079849,0.03479110077023506,0.0,0.0,0.0,0.0,0.0,0.5,-0.4999999701976776,0.5,-0.5,1.6399999856948853,-1.6399999856948853,1.6399999856948853,-1.6399999856948853,0.0,0.0,0.0,0.0,0.0,0.0,0.0,0.0,0.0,0.0,0.0,0.0
20260708_192923_786968,2026-07-08T19:29:56.927,33.140448,pose,1345,sit,0.0,0.0,0.0,0.0,0.0,0.0,0.0,0.0,1.0,fake,0.0,0.0,-1.0,-0.0,0.0,0.0,0.0,3.5558719635009766,5.70609712600708,12,can0:12,3.1019012928009033,5.182043075561523,,"BL_hip_joint,BR_hip_joint,FL_hip_joint,FR_hip_joint,BL_thigh_joint,BR_thigh_joint,FL_thigh_joint,FR_thigh_joint,BL_calf_joint,BR_calf_joint,FL_calf_joint,FR_calf_joint",330e02f2406e129bb6ed6ec4a6c6bcd5f80d7e7799a2ab087e81eda65d2fae69,"step=001345 mode=sit    vx= 0.000 vy= 0.000 vxy= 0.000 yaw= 0.000 speed=1.00 imu=fake tilt_rp=[-0.0,+0.0]deg imu_corr=0.000 act_max= 0.000 tau_cmd= 3.556 tau_cmd_max= 5.706 cmds=12 bus=can0:12 tau_fb= 3.102 tau_fb_max= 5.182",,,,,,,,,,,,,,,,,,,,,,,,,,,,,,,,,,,,,,,,,,,,,,,,,0.0,0.0,0.0,0.0,0.0,0.0,0.0,0.0,0.0,0.0,0.0,0.0,0.0,0.0,0.0,0.0,0.0,0.0,0.0,0.0,0.0,0.0,0.0,0.0,0.0057526035234332085,-0.00613611051812768,-0.005369096528738737,0.006903124041855335,0.49510741233825684,-0.49779194593429565,0.49510741233825684,-0.494723916053772,1.6460115909576416,-1.6475456953048706,1.6475456953048706,-1.6475456953048706,-0.001831110566854477,-0.030671102926135063,-0.0196844395250082,-0.05081331729888916,-0.001831110566854477,-0.032044436782598495,-0.055848874151706696,0.021973326802253723,-0.00045777764171361923,0.1419110745191574,-0.04348887503147125,0.016937773674726486,0.0,0.0,0.0,0.0,0.5,-0.4999999701976776,0.5,-0.5,1.6399999856948853,-1.6399999856948853,1.6399999856948853,-1.6399999856948853,0.0,0.0,0.0,0.0,0.0,0.0,0.0,0.0,0.0,0.0,0.0,0.0
20260708_192923_786968,2026-07-08T19:29:57.047,33.260299,pose,1350,sit,0.0,0.0,0.0,0.0,0.0,0.0,0.0,0.0,1.0,fake,0.0,0.0,-1.0,-0.0,0.0,0.0,0.0,4.576232433319092,7.500831604003906,12,can0:12,2.854701042175293,4.632709503173828,,"BL_hip_joint,BR_hip_joint,FL_hip_joint,FR_hip_joint,BL_thigh_joint,BR_thigh_joint,FL_thigh_joint,FR_thigh_joint,BL_calf_joint,BR_calf_joint,FL_calf_joint,FR_calf_joint",330e02f2406e129bb6ed6ec4a6c6bcd5f80d7e7799a2ab087e81eda65d2fae69,"step=001350 mode=sit    vx= 0.000 vy= 0.000 vxy= 0.000 yaw= 0.000 speed=1.00 imu=fake tilt_rp=[-0.0,+0.0]deg imu_corr=0.000 act_max= 0.000 tau_cmd= 4.576 tau_cmd_max= 7.501 cmds=12 bus=can0:12 tau_fb= 2.855 tau_fb_max= 4.633",,,,,,,,,,,,,,,,,,,,,,,,,,,,,,,,,,,,,,,,,,,,,,,,,0.0,0.0,0.0,0.0,0.0,0.0,0.0,0.0,0.0,0.0,0.0,0.0,0.0,0.0,0.0,0.0,0.0,0.0,0.0,0.0,0.0,0.0,0.0,0.0,0.0057526035234332085,-0.00613611051812768,-0.005369096528738737,0.006903124041855335,0.4954909086227417,-0.49779194593429565,0.49510741233825684,-0.4943403899669647,1.6460115909576416,-1.6475456953048706,1.6475456953048706,-1.6475456953048706,0.07782220095396042,-0.05951109528541565,-0.054475538432598114,0.06454664468765259,0.005493331700563431,-0.05081331729888916,-0.04257332161068916,-0.013733329251408577,-0.0796533077955246,-0.01831110566854477,-0.031128879636526108,-0.008697775192558765,0.0,0.0,0.0,0.0,0.5,-0.4999999701976776,0.5,-0.5,1.6399999856948853,-1.6399999856948853,1.6399999856948853,-1.6399999856948853,0.0,0.0,0.0,0.0,0.0,0.0,0.0,0.0,0.0,0.0,0.0,0.0
20260708_192923_786968,2026-07-08T19:29:57.188,33.401440,pose,1355,stand,0.0,0.0,0.0,0.0,0.0,0.0,0.0,0.0,1.0,fake,0.0,0.0,-1.0,-0.0,0.0,0.0,0.0,1.1439578533172607,2.9992828369140625,12,can0:12,3.0472729206085205,4.900052070617676,,"BL_hip_joint,BR_hip_joint,FL_hip_joint,FR_hip_joint,BL_thigh_joint,BR_thigh_joint,FL_thigh_joint,FR_thigh_joint,BL_calf_joint,BR_calf_joint,FL_calf_joint,FR_calf_joint",330e02f2406e129bb6ed6ec4a6c6bcd5f80d7e7799a2ab087e81eda65d2fae69,"step=001355 mode=stand  vx= 0.000 vy= 0.000 vxy= 0.000 yaw= 0.000 speed=1.00 imu=fake tilt_rp=[-0.0,+0.0]deg imu_corr=0.000 act_max= 0.000 tau_cmd= 1.144 tau_cmd_max= 2.999 cmds=12 bus=can0:12 tau_fb= 3.047 tau_fb_max= 4.900",,,,,,,,,,,,,,,,,,,,,,,,,,,,,,,,,,,,,,,,,,,,,,,,,0.0,0.0,0.0,0.0,0.0,0.0,0.0,0.0,0.0,0.0,0.0,0.0,0.0,0.0,0.0,0.0,0.0,0.0,0.0,0.0,0.0,0.0,0.0,0.0,0.0057526035234332085,-0.0057526035234332085,-0.005369096528738737,0.006903124041855335,0.49510741233825684,-0.49779194593429565,0.49510741233825684,-0.4943403899669647,1.6460115909576416,-1.6479291915893555,1.6475456953048706,-1.6475456953048706,-0.032959990203380585,-0.006408886983990669,0.08331552892923355,-0.04623554274439812,-0.005493331700563431,0.015106662176549435,0.023346660658717155,-0.03021332435309887,-0.0398266538977623,0.013733329251408577,-0.013733329251408577,-0.0709555372595787,0.0057526035234332085,-0.0057526035234332085,-0.005369096528738737,0.006903124041855335,0.49510741233825684,-0.49779194593429565,0.49510741233825684,-0.4943403899669647,1.6460115909576416,-1.6479291915893555,1.6475456953048706,-1.6475456953048706,0.0,0.0,0.0,0.0,0.0,0.0,0.0,0.0,0.0,0.0,0.0,0.0
20260708_192923_786968,2026-07-08T19:29:57.317,33.530883,pose,1360,stand,0.0,0.0,0.0,0.0,0.0,0.0,0.0,0.0,1.0,fake,0.0,0.0,-1.0,-0.0,0.0,0.0,0.0,3.5788958072662354,5.924109935760498,12,can0:12,2.8980376720428467,5.669118404388428,,"BL_hip_joint,BR_hip_joint,FL_hip_joint,FR_hip_joint,BL_thigh_joint,BR_thigh_joint,FL_thigh_joint,FR_thigh_joint,BL_calf_joint,BR_calf_joint,FL_calf_joint,FR_calf_joint",330e02f2406e129bb6ed6ec4a6c6bcd5f80d7e7799a2ab087e81eda65d2fae69,"step=001360 mode=stand  vx= 0.000 vy= 0.000 vxy= 0.000 yaw= 0.000 speed=1.00 imu=fake tilt_rp=[-0.0,+0.0]deg imu_corr=0.000 act_max= 0.000 tau_cmd= 3.579 tau_cmd_max= 5.924 cmds=12 bus=can0:12 tau_fb= 2.898 tau_fb_max= 5.669",,,,,,,,,,,,,,,,,,,,,,,,,,,,,,,,,,,,,,,,,,,,,,,,,0.0,0.0,0.0,0.0,0.0,0.0,0.0,0.0,0.0,0.0,0.0,0.0,0.0,0.0,0.0,0.0,0.0,0.0,0.0,0.0,0.0,0.0,0.0,0.0,0.011505207046866417,-0.01035468652844429,-0.009587672539055347,0.012655727565288544,0.49242284893989563,-0.4966414272785187,0.49203935265541077,-0.4908888339996338,1.6506136655807495,-1.6552157402038574,1.6544487476348877,-1.6540652513504028,-0.016937773674726486,0.04989776387810707,0.015106662176549435,-0.0050355540588498116,-0.021973326802253723,-0.053559985011816025,-0.03707998991012573,0.020142216235399246,0.016937773674726486,0.002288888208568096,0.004577776417136192,-0.010986663401126862,0.005750081967562437,-0.005750081967562437,-0.005366743076592684,0.0069000981748104095,0.49489039182662964,-0.49757376313209534,0.49489039182662964,-0.4941237270832062,1.6452901363372803,-1.6472069025039673,1.646823525428772,-1.646823525428772,0.0,0.0,0.0,0.0,0.0,0.0,0.0,0.0,0.0,0.0,0.0,0.0
20260708_192923_786968,2026-07-08T19:29:57.438,33.651898,pose,1365,stand,0.0,0.0,0.0,0.0,0.0,0.0,0.0,0.0,1.0,fake,0.0,0.0,-1.0,-0.0,0.0,0.0,0.0,3.8339626789093018,8.520291328430176,12,can0:12,2.69905686378479,5.760673999786377,,"BL_hip_joint,BR_hip_joint,FL_hip_joint,FR_hip_joint,BL_thigh_joint,BR_thigh_joint,FL_thigh_joint,FR_thigh_joint,BL_calf_joint,BR_calf_joint,FL_calf_joint,FR_calf_joint",330e02f2406e129bb6ed6ec4a6c6bcd5f80d7e7799a2ab087e81eda65d2fae69,"step=001365 mode=stand  vx= 0.000 vy= 0.000 vxy= 0.000 yaw= 0.000 speed=1.00 imu=fake tilt_rp=[-0.0,+0.0]deg imu_corr=0.000 act_max= 0.000 tau_cmd= 3.834 tau_cmd_max= 8.520 cmds=12 bus=can0:12 tau_fb= 2.699 tau_fb_max= 5.761",,,,,,,,,,,,,,,,,,,,,,,,,,,,,,,,,,,,,,,,,,,,,,,,,0.0,0.0,0.0,0.0,0.0,0.0,0.0,0.0,0.0,0.0,0.0,0.0,0.0,0.0,0.0,0.0,0.0,0.0,0.0,0.0,0.0,0.0,0.0,0.0,0.01227222103625536,-0.011121700517833233,-0.01035468652844429,0.013422741554677486,0.49127233028411865,-0.4962579309940338,0.49127233028411865,-0.48935481905937195,1.6506136655807495,-1.6552157402038574,1.6548322439193726,-1.6540652513504028,-0.059968870133161545,-0.002288888208568096,-0.04028443247079849,-0.03479110077023506,0.06088442727923393,-0.00595110934227705,0.0032044434919953346,-0.01739555038511753,0.015106662176549435,-0.025177771225571632,0.007324442267417908,0.08056886494159698,0.005742600187659264,-0.005742600187659264,-0.005359760019928217,0.006891120225191116,0.4942464530467987,-0.49692633748054504,0.4942464530467987,-0.49348077178001404,1.6431492567062378,-1.6450636386871338,1.6446807384490967,-1.6446807384490967,0.0,0.0,0.0,0.0,0.0,0.0,0.0,0.0,0.0,0.0,0.0,0.0
20260708_192923_786968,2026-07-08T19:29:57.559,33.772403,pose,1370,stand,0.0,0.0,0.0,0.0,0.0,0.0,0.0,0.0,1.0,fake,0.0,0.0,-1.0,-0.0,0.0,0.0,0.0,4.58406400680542,8.779397964477539,12,can0:12,2.5873591899871826,5.068513870239258,,"BL_hip_joint,BR_hip_joint,FL_hip_joint,FR_hip_joint,BL_thigh_joint,BR_thigh_joint,FL_thigh_joint,FR_thigh_joint,BL_calf_joint,BR_calf_joint,FL_calf_joint,FR_calf_joint",330e02f2406e129bb6ed6ec4a6c6bcd5f80d7e7799a2ab087e81eda65d2fae69,"step=001370 mode=stand  vx= 0.000 vy= 0.000 vxy= 0.000 yaw= 0.000 speed=1.00 imu=fake tilt_rp=[-0.0,+0.0]deg imu_corr=0.000 act_max= 0.000 tau_cmd= 4.584 tau_cmd_max= 8.779 cmds=12 bus=can0:12 tau_fb= 2.587 tau_fb_max= 5.069",,,,,,,,,,,,,,,,,,,,,,,,,,,,,,,,,,,,,,,,,,,,,,,,,0.0,0.0,0.0,0.0,0.0,0.0,0.0,0.0,0.0,0.0,0.0,0.0,0.0,0.0,0.0,0.0,0.0,0.0,0.0,0.0,0.0,0.0,0.0,0.0,0.012655727565288544,-0.011121700517833233,-0.01035468652844429,0.013422741554677486,0.4905053377151489,-0.49587443470954895,0.4905053377151489,-0.48858779668807983,1.64907968044281,-1.653298258781433,1.653298258781433,-1.6521477699279785,-0.0196844395250082,-0.005493331700563431,0.0398266538977623,0.02151555009186268,0.0553910955786705,0.016479995101690292,-0.05310220643877983,0.07599108666181564,-0.0032044434919953346,0.06271553784608841,-0.009155552834272385,0.0398266538977623,0.005730281118303537,-0.005730281118303537,-0.0053482623770833015,0.006876337341964245,0.49318620562553406,-0.4958603084087372,0.49318620562553406,-0.4924221634864807,1.6396244764328003,-1.6415345668792725,1.6411526203155518,-1.6411526203155518,0.0,0.0,0.0,0.0,0.0,0.0,0.0,0.0,0.0,0.0,0.0,0.0
20260708_192923_786968,2026-07-08T19:29:57.680,33.893019,pose,1375,stand,0.0,0.0,0.0,0.0,0.0,0.0,0.0,0.0,1.0,fake,0.0,0.0,-1.0,-0.0,0.0,0.0,0.0,4.809892177581787,8.932283401489258,12,can0:12,2.4314095973968506,4.640034198760986,,"BL_hip_joint,BR_hip_joint,FL_hip_joint,FR_hip_joint,BL_thigh_joint,BR_thigh_joint,FL_thigh_joint,FR_thigh_joint,BL_calf_joint,BR_calf_joint,FL_calf_joint,FR_calf_joint",330e02f2406e129bb6ed6ec4a6c6bcd5f80d7e7799a2ab087e81eda65d2fae69,"step=001375 mode=stand  vx= 0.000 vy= 0.000 vxy= 0.000 yaw= 0.000 speed=1.00 imu=fake tilt_rp=[-0.0,+0.0]deg imu_corr=0.000 act_max= 0.000 tau_cmd= 4.810 tau_cmd_max= 8.932 cmds=12 bus=can0:12 tau_fb= 2.431 tau_fb_max= 4.640",,,,,,,,,,,,,,,,,,,,,,,,,,,,,,,,,,,,,,,,,,,,,,,,,0.0,0.0,0.0,0.0,0.0,0.0,0.0,0.0,0.0,0.0,0.0,0.0,0.0,0.0,0.0,0.0,0.0,0.0,0.0,0.0,0.0,0.0,0.0,0.0,0.013039235025644302,-0.011121700517833233,-0.01035468652844429,0.01380624808371067,0.48935481905937195,-0.494723916053772,0.4897383153438568,-0.48743727803230286,1.6456280946731567,-1.64907968044281,1.64907968044281,-1.6483126878738403,0.007324442267417908,0.0027466658502817154,-0.037537768483161926,0.014648884534835815,-0.05218665301799774,-0.027466658502817154,-0.032959990203380585,-0.01831110566854477,0.02151555009186268,0.095675528049469,-0.04943998530507088,0.055848874151706696,0.005713248625397682,-0.005713248625397682,-0.005332365166395903,0.006855898071080446,0.4917202591896057,-0.4943864345550537,0.4917202591896057,-0.49095848202705383,1.6347508430480957,-1.636655330657959,1.6362744569778442,-1.6362744569778442,0.0,0.0,0.0,0.0,0.0,0.0,0.0,0.0,0.0,0.0,0.0,0.0
20260708_192923_786968,2026-07-08T19:29:57.798,34.011424,pose,1380,stand,0.0,0.0,0.0,0.0,0.0,0.0,0.0,0.0,1.0,fake,0.0,0.0,-1.0,-0.0,0.0,0.0,0.0,5.294929504394531,10.29202651977539,12,can0:12,2.4826810359954834,6.134220600128174,,"BL_hip_joint,BR_hip_joint,FL_hip_joint,FR_hip_joint,BL_thigh_joint,BR_thigh_joint,FL_thigh_joint,FR_thigh_joint,BL_calf_joint,BR_calf_joint,FL_calf_joint,FR_calf_joint",330e02f2406e129bb6ed6ec4a6c6bcd5f80d7e7799a2ab087e81eda65d2fae69,"step=001380 mode=stand  vx= 0.000 vy= 0.000 vxy= 0.000 yaw= 0.000 speed=1.00 imu=fake tilt_rp=[-0.0,+0.0]deg imu_corr=0.000 act_max= 0.000 tau_cmd= 5.295 tau_cmd_max= 10.292 cmds=12 bus=can0:12 tau_fb= 2.483 tau_fb_max= 6.134",,,,,,,,,,,,,,,,,,,,,,,,,,,,,,,,,,,,,,,,,,,,,,,,,0.0,0.0,0.0,0.0,0.0,0.0,0.0,0.0,0.0,0.0,0.0,0.0,0.0,0.0,0.0,0.0,0.0,0.0,0.0,0.0,0.0,0.0,0.0,0.0,0.012655727565288544,-0.011121700517833233,-0.01035468652844429,0.01380624808371067,0.4882042706012726,-0.49318987131118774,0.48858779668807983,-0.4862867593765259,1.6410260200500488,-1.6433271169662476,1.6425600051879883,-1.6429436206817627,0.04257332161068916,0.0238044373691082,0.05310220643877983,0.08194220066070557,-0.04623554274439812,0.03021332435309887,-0.02288888208568096,0.04669332131743431,0.00045777764171361923,-0.017853328958153725,-0.023346660658717155,0.05813775956630707,0.00569162517786026,-0.00569162517786026,-0.005312183406203985,0.006829950492829084,0.4898592233657837,-0.49251529574394226,0.4898592233657837,-0.4891003370285034,1.6285637617111206,-1.6304609775543213,1.6300815343856812,-1.6300815343856812,0.0,0.0,0.0,0.0,0.0,0.0,0.0,0.0,0.0,0.0,0.0,0.0
20260708_192923_786968,2026-07-08T19:29:57.918,34.131338,pose,1385,stand,0.0,0.0,0.0,0.0,0.0,0.0,0.0,0.0,1.0,fake,0.0,0.0,-1.0,-0.0,0.0,0.0,0.0,4.863363742828369,10.9253568649292,12,can0:12,2.5141146183013916,5.4164252281188965,,"BL_hip_joint,BR_hip_joint,FL_hip_joint,FR_hip_joint,BL_thigh_joint,BR_thigh_joint,FL_thigh_joint,FR_thigh_joint,BL_calf_joint,BR_calf_joint,FL_calf_joint,FR_calf_joint",330e02f2406e129bb6ed6ec4a6c6bcd5f80d7e7799a2ab087e81eda65d2fae69,"step=001385 mode=stand  vx= 0.000 vy= 0.000 vxy= 0.000 yaw= 0.000 speed=1.00 imu=fake tilt_rp=[-0.0,+0.0]deg imu_corr=0.000 act_max= 0.000 tau_cmd= 4.863 tau_cmd_max= 10.925 cmds=12 bus=can0:12 tau_fb= 2.514 tau_fb_max= 5.416",,,,,,,,,,,,,,,,,,,,,,,,,,,,,,,,,,,,,,,,,,,,,,,,,0.0,0.0,0.0,0.0,0.0,0.0,0.0,0.0,0.0,0.0,0.0,0.0,0.0,0.0,0.0,0.0,0.0,0.0,0.0,0.0,0.0,0.0,0.0,0.0,0.013039235025644302,-0.011121700517833233,-0.01035468652844429,0.01380624808371067,0.48667025566101074,-0.49127233028411865,0.48743727803230286,-0.4851362407207489,1.6356569528579712,-1.6368074417114258,1.6352734565734863,-1.636423945426941,0.022431105375289917,-0.025635547935962677,0.01144444104284048,-0.0050355540588498116,0.0068666646257042885,0.03570665791630745,-0.0009155552834272385,0.036164432764053345,-0.006408886983990669,-0.015564439818263054,-0.10025330632925034,0.07232886552810669,0.005665535572916269,-0.005665535572916269,-0.005287833046168089,0.006798642221838236,0.4876137375831604,-0.4902576506137848,0.4876137375831604,-0.4868583381175995,1.621098518371582,-1.6229870319366455,1.6226093769073486,-1.6226093769073486,0.0,0.0,0.0,0.0,0.0,0.0,0.0,0.0,0.0,0.0,0.0,0.0
20260708_192923_786968,2026-07-08T19:29:58.035,34.248770,pose,1390,stand,0.0,0.0,0.0,0.0,0.0,0.0,0.0,0.0,1.0,fake,0.0,0.0,-1.0,-0.0,0.0,0.0,0.0,4.9454026222229,10.88144588470459,12,can0:12,2.439039468765259,5.094149589538574,,"BL_hip_joint,BR_hip_joint,FL_hip_joint,FR_hip_joint,BL_thigh_joint,BR_thigh_joint,FL_thigh_joint,FR_thigh_joint,BL_calf_joint,BR_calf_joint,FL_calf_joint,FR_calf_joint",330e02f2406e129bb6ed6ec4a6c6bcd5f80d7e7799a2ab087e81eda65d2fae69,"step=001390 mode=stand  vx= 0.000 vy= 0.000 vxy= 0.000 yaw= 0.000 speed=1.00 imu=fake tilt_rp=[-0.0,+0.0]deg imu_corr=0.000 act_max= 0.000 tau_cmd= 4.945 tau_cmd_max= 10.881 cmds=12 bus=can0:12 tau_fb= 2.439 tau_fb_max= 5.094",,,,,,,,,,,,,,,,,,,,,,,,,,,,,,,,,,,,,,,,,,,,,,,,,0.0,0.0,0.0,0.0,0.0,0.0,0.0,0.0,0.0,0.0,0.0,0.0,0.0,0.0,0.0,0.0,0.0,0.0,0.0,0.0,0.0,0.0,0.0,0.0,0.012655727565288544,-0.011121700517833233,-0.01035468652844429,0.013422741554677486,0.48475271463394165,-0.48858779668807983,0.48551973700523376,-0.4832186996936798,1.6279867887496948,-1.6291372776031494,1.6287537813186646,-1.6291372776031494,-0.02700888179242611,-0.04989776387810707,-0.028839992359280586,-0.025177771225571632,0.021057771518826485,0.024262215942144394,-0.01235999632626772,-0.021973326802253723,-0.08056886494159698,0.03891110047698021,-0.007324442267417908,0.059968870133161545,0.005635101813822985,-0.005635101813822985,-0.005259428173303604,0.006762122269719839,0.48499444127082825,-0.4876241385936737,0.48499444127082825,-0.48424309492111206,1.6123905181884766,-1.6142688989639282,1.6138932704925537,-1.6138932704925537,0.0,0.0,0.0,0.0,0.0,0.0,0.0,0.0,0.0,0.0,0.0,0.0
20260708_192923_786968,2026-07-08T19:29:58.155,34.368966,pose,1395,stand,0.0,0.0,0.0,0.0,0.0,0.0,0.0,0.0,1.0,fake,0.0,0.0,-1.0,-0.0,0.0,0.0,0.0,5.0896687507629395,9.887744903564453,12,can0:12,2.69295334815979,5.39078950881958,,"BL_hip_joint,BR_hip_joint,FL_hip_joint,FR_hip_joint,BL_thigh_joint,BR_thigh_joint,FL_thigh_joint,FR_thigh_joint,BL_calf_joint,BR_calf_joint,FL_calf_joint,FR_calf_joint",330e02f2406e129bb6ed6ec4a6c6bcd5f80d7e7799a2ab087e81eda65d2fae69,"step=001395 mode=stand  vx= 0.000 vy= 0.000 vxy= 0.000 yaw= 0.000 speed=1.00 imu=fake tilt_rp=[-0.0,+0.0]deg imu_corr=0.000 act_max= 0.000 tau_cmd= 5.090 tau_cmd_max= 9.888 cmds=12 bus=can0:12 tau_fb= 2.693 tau_fb_max= 5.391",,,,,,,,,,,,,,,,,,,,,,,,,,,,,,,,,,,,,,,,,,,,,,,,,0.0,0.0,0.0,0.0,0.0,0.0,0.0,0.0,0.0,0.0,0.0,0.0,0.0,0.0,0.0,0.0,0.0,0.0,0.0,0.0,0.0,0.0,0.0,0.0,0.013039235025644302,-0.011121700517833233,-0.010738193057477474,0.01380624808371067,0.48206818103790283,-0.48475271463394165,0.4836021959781647,-0.4816846549510956,1.6180156469345093,-1.6203166246414185,1.6203166246414185,-1.6203166246414185,0.09659108519554138,-0.004577776417136192,-0.07324442267417908,-0.08194220066070557,0.0119022186845541,0.0398266538977623,-0.002288888208568096,-0.003662221133708954,-0.08560442179441452,0.09613330662250519,-0.06591998040676117,0.09842219203710556,0.005600448232144117,-0.005600448232144117,-0.005227085202932358,0.006720537785440683,0.48201191425323486,-0.4846254587173462,0.48201191425323486,-0.48126518726348877,1.6024749279022217,-1.6043418645858765,1.6039685010910034,-1.6039685010910034,0.0,0.0,0.0,0.0,0.0,0.0,0.0,0.0,0.0,0.0,0.0,0.0
20260708_192923_786968,2026-07-08T19:29:58.278,34.491805,pose,1400,stand,0.0,0.0,0.0,0.0,0.0,0.0,0.0,0.0,1.0,fake,0.0,0.0,-1.0,-0.0,0.0,0.0,0.0,5.29247522354126,11.43949031829834,12,can0:12,2.546159029006958,5.797296047210693,,"BL_hip_joint,BR_hip_joint,FL_hip_joint,FR_hip_joint,BL_thigh_joint,BR_thigh_joint,FL_thigh_joint,FR_thigh_joint,BL_calf_joint,BR_calf_joint,FL_calf_joint,FR_calf_joint",330e02f2406e129bb6ed6ec4a6c6bcd5f80d7e7799a2ab087e81eda65d2fae69,"step=001400 mode=stand  vx= 0.000 vy= 0.000 vxy= 0.000 yaw= 0.000 speed=1.00 imu=fake tilt_rp=[-0.0,+0.0]deg imu_corr=0.000 act_max= 0.000 tau_cmd= 5.292 tau_cmd_max= 11.439 cmds=12 bus=can0:12 tau_fb= 2.546 tau_fb_max= 5.797",,,,,,,,,,,,,,,,,,,,,,,,,,,,,,,,,,,,,,,,,,,,,,,,,0.0,0.0,0.0,0.0,0.0,0.0,0.0,0.0,0.0,0.0,0.0,0.0,0.0,0.0,0.0,0.0,0.0,0.0,0.0,0.0,0.0,0.0,0.0,0.0,0.012655727565288544,-0.011505207046866417,-0.010738193057477474,0.01380624808371067,0.4797671437263489,-0.4805341362953186,0.48091766238212585,-0.4793836176395416,1.6072773933410645,-1.6095784902572632,1.6088114976882935,-1.6091949939727783,0.04577776417136192,0.03479110077023506,-0.035248879343271255,-0.04943998530507088,-0.0050355540588498116,0.04577776417136192,0.023346660658717155,-0.04577776417136192,-0.013275551609694958,0.12131107598543167,-0.06775109469890594,0.09613330662250519,0.005561698228120804,-0.005561698228120804,-0.00519091822206974,0.00667403731495142,0.47867682576179504,-0.48127225041389465,0.47867682576179504,-0.477935254573822,1.591387152671814,-1.5932410955429077,1.5928703546524048,-1.5928703546524048,0.0,0.0,0.0,0.0,0.0,0.0,0.0,0.0,0.0,0.0,0.0,0.0
20260708_192923_786968,2026-07-08T19:29:58.401,34.614590,pose,1405,stand,0.0,0.0,0.0,0.0,0.0,0.0,0.0,0.0,1.0,fake,0.0,0.0,-1.0,-0.0,0.0,0.0,0.0,5.486593723297119,13.17891788482666,12,can0:12,2.2797327041625977,5.4274115562438965,,"BL_hip_joint,BR_hip_joint,FL_hip_joint,FR_hip_joint,BL_thigh_joint,BR_thigh_joint,FL_thigh_joint,FR_thigh_joint,BL_calf_joint,BR_calf_joint,FL_calf_joint,FR_calf_joint",330e02f2406e129bb6ed6ec4a6c6bcd5f80d7e7799a2ab087e81eda65d2fae69,"step=001405 mode=stand  vx= 0.000 vy= 0.000 vxy= 0.000 yaw= 0.000 speed=1.00 imu=fake tilt_rp=[-0.0,+0.0]deg imu_corr=0.000 act_max= 0.000 tau_cmd= 5.487 tau_cmd_max= 13.179 cmds=12 bus=can0:12 tau_fb= 2.280 tau_fb_max= 5.427",,,,,,,,,,,,,,,,,,,,,,,,,,,,,,,,,,,,,,,,,,,,,,,,,0.0,0.0,0.0,0.0,0.0,0.0,0.0,0.0,0.0,0.0,0.0,0.0,0.0,0.0,0.0,0.0,0.0,0.0,0.0,0.0,0.0,0.0,0.0,0.0,0.012655727565288544,-0.011505207046866417,-0.01035468652844429,0.013422741554677486,0.4766990840435028,-0.47708258032798767,0.4778496026992798,-0.4766990840435028,1.597306251525879,-1.5980732440948486,1.596922755241394,-1.5980732440948486,0.00595110934227705,-0.04852443188428879,0.03250221163034439,-0.05218665301799774,-0.007324442267417908,0.11764885485172272,-0.0791955292224884,0.036164432764053345,-0.0119022186845541,0.10254219174385071,-0.07827997952699661,0.09063997119665146,0.005518974736332893,-0.005518974736332893,-0.005151042714715004,0.0066227694042027,0.47499972581863403,-0.47757524251937866,0.47499972581863403,-0.47426387667655945,1.57916259765625,-1.5810022354125977,1.580634355545044,-1.580634355545044,0.0,0.0,0.0,0.0,0.0,0.0,0.0,0.0,0.0,0.0,0.0,0.0
20260708_192923_786968,2026-07-08T19:29:58.524,34.737441,pose,1410,stand,0.0,0.0,0.0,0.0,0.0,0.0,0.0,0.0,1.0,fake,0.0,0.0,-1.0,-0.0,0.0,0.0,0.0,5.996366500854492,12.595711708068848,12,can0:12,2.2830898761749268,5.592211723327637,,"BL_hip_joint,BR_hip_joint,FL_hip_joint,FR_hip_joint,BL_thigh_joint,BR_thigh_joint,FL_thigh_joint,FR_thigh_joint,BL_calf_joint,BR_calf_joint,FL_calf_joint,FR_calf_joint",330e02f2406e129bb6ed6ec4a6c6bcd5f80d7e7799a2ab087e81eda65d2fae69,"step=001410 mode=stand  vx= 0.000 vy= 0.000 vxy= 0.000 yaw= 0.000 speed=1.00 imu=fake tilt_rp=[-0.0,+0.0]deg imu_corr=0.000 act_max= 0.000 tau_cmd= 5.996 tau_cmd_max= 12.596 cmds=12 bus=can0:12 tau_fb= 2.283 tau_fb_max= 5.592",,,,,,,,,,,,,,,,,,,,,,,,,,,,,,,,,,,,,,,,,,,,,,,,,0.0,0.0,0.0,0.0,0.0,0.0,0.0,0.0,0.0,0.0,0.0,0.0,0.0,0.0,0.0,0.0,0.0,0.0,0.0,0.0,0.0,0.0,0.0,0.0,0.012655727565288544,-0.011121700517833233,-0.010738193057477474,0.013422741554677486,0.47363102436065674,-0.4740145206451416,0.47363102436065674,-0.4732475280761719,1.58388352394104,-1.5854175090789795,1.5858010053634644,-1.5858010053634644,0.009613330475986004,0.04257332161068916,-0.10849329829216003,0.021973326802253723,0.010071108117699623,0.02609332650899887,-0.0393688790500164,-0.032044436782598495,-0.02609332650899887,0.10071108490228653,-0.08789330720901489,0.0709555372595787,0.0054724011570215225,-0.0054724011570215225,-0.005107574164867401,0.006566881202161312,0.470991313457489,-0.4735450744628906,0.470991313457489,-0.47026166319847107,1.5658363103866577,-1.5676604509353638,1.5672956705093384,-1.5672956705093384,0.0,0.0,0.0,0.0,0.0,0.0,0.0,0.0,0.0,0.0,0.0,0.0
20260708_192923_786968,2026-07-08T19:29:58.647,34.860617,pose,1415,stand,0.0,0.0,0.0,0.0,0.0,0.0,0.0,0.0,1.0,fake,0.0,0.0,-1.0,-0.0,0.0,0.0,0.0,5.031092166900635,12.722273826599121,12,can0:12,2.468642473220825,6.60298490524292,,"BL_hip_joint,BR_hip_joint,FL_hip_joint,FR_hip_joint,BL_thigh_joint,BR_thigh_joint,FL_thigh_joint,FR_thigh_joint,BL_calf_joint,BR_calf_joint,FL_calf_joint,FR_calf_joint",330e02f2406e129bb6ed6ec4a6c6bcd5f80d7e7799a2ab087e81eda65d2fae69,"step=001415 mode=stand  vx= 0.000 vy= 0.000 vxy= 0.000 yaw= 0.000 speed=1.00 imu=fake tilt_rp=[-0.0,+0.0]deg imu_corr=0.000 act_max= 0.000 tau_cmd= 5.031 tau_cmd_max= 12.722 cmds=12 bus=can0:12 tau_fb= 2.469 tau_fb_max= 6.603",,,,,,,,,,,,,,,,,,,,,,,,,,,,,,,,,,,,,,,,,,,,,,,,,0.0,0.0,0.0,0.0,0.0,0.0,0.0,0.0,0.0,0.0,0.0,0.0,0.0,0.0,0.0,0.0,0.0,0.0,0.0,0.0,0.0,0.0,0.0,0.0,0.012655727565288544,-0.011121700517833233,-0.01035468652844429,0.013422741554677486,0.46979594230651855,-0.47094646096229553,0.4682619273662567,-0.4682619273662567,1.5700773000717163,-1.571227788925171,1.5704607963562012,-1.571227788925171,0.013733329251408577,0.048066653311252594,-0.013733329251408577,0.023346660658717155,-0.03433332219719887,0.04669332131743431,0.016479995101690292,0.07553330808877945,-0.03479110077023506,0.18127994239330292,-0.1432843953371048,0.11444441229104996,0.005422100890427828,-0.005422100890427828,-0.005060627590864897,0.006506520789116621,0.4666621685028076,-0.4691924452781677,0.4666621685028076,-0.4659391939640045,1.5514438152313232,-1.5532512664794922,1.5528898239135742,-1.5528898239135742,0.0,0.0,0.0,0.0,0.0,0.0,0.0,0.0,0.0,0.0,0.0,0.0
20260708_192923_786968,2026-07-08T19:29:58.770,34.983042,pose,1420,stand,0.0,0.0,0.0,0.0,0.0,0.0,0.0,0.0,1.0,fake,0.0,0.0,-1.0,-0.0,0.0,0.0,0.0,5.22217321395874,12.036029815673828,12,can0:12,2.4228644371032715,5.233314037322998,,"BL_hip_joint,BR_hip_joint,FL_hip_joint,FR_hip_joint,BL_thigh_joint,BR_thigh_joint,FL_thigh_joint,FR_thigh_joint,BL_calf_joint,BR_calf_joint,FL_calf_joint,FR_calf_joint",330e02f2406e129bb6ed6ec4a6c6bcd5f80d7e7799a2ab087e81eda65d2fae69,"step=001420 mode=stand  vx= 0.000 vy= 0.000 vxy= 0.000 yaw= 0.000 speed=1.00 imu=fake tilt_rp=[-0.0,+0.0]deg imu_corr=0.000 act_max= 0.000 tau_cmd= 5.222 tau_cmd_max= 12.036 cmds=12 bus=can0:12 tau_fb= 2.423 tau_fb_max= 5.233",,,,,,,,,,,,,,,,,,,,,,,,,,,,,,,,,,,,,,,,,,,,,,,,,0.0,0.0,0.0,0.0,0.0,0.0,0.0,0.0,0.0,0.0,0.0,0.0,0.0,0.0,0.0,0.0,0.0,0.0,0.0,0.0,0.0,0.0,0.0,0.0,0.012655727565288544,-0.011121700517833233,-0.01035468652844429,0.013422741554677486,0.4648103713989258,-0.46787843108177185,0.4628928303718567,-0.4625093340873718,1.5558874607086182,-1.5570380687713623,1.5570380687713623,-1.5570380687713623,0.0315866582095623,-0.014648884534835815,0.04348887503147125,0.014191106893122196,-0.0119022186845541,0.002288888208568096,-0.041657764464616776,0.014191106893122196,-0.12359996140003204,0.14786218106746674,-0.07370220124721527,0.19318217039108276,0.005368197802454233,-0.005368197802454233,-0.005010318011045456,0.006441837176680565,0.46202290058135986,-0.46452805399894714,0.46202290058135986,-0.4613071382045746,1.536020278930664,-1.5378097295761108,1.5374518632888794,-1.5374518632888794,0.0,0.0,0.0,0.0,0.0,0.0,0.0,0.0,0.0,0.0,0.0,0.0
20260708_192923_786968,2026-07-08T19:29:58.892,35.105028,pose,1425,stand,0.0,0.0,0.0,0.0,0.0,0.0,0.0,0.0,1.0,fake,0.0,0.0,-1.0,-0.0,0.0,0.0,0.0,5.315698146820068,9.712104797363281,12,can0:12,2.6508376598358154,5.464034080505371,,"BL_hip_joint,BR_hip_joint,FL_hip_joint,FR_hip_joint,BL_thigh_joint,BR_thigh_joint,FL_thigh_joint,FR_thigh_joint,BL_calf_joint,BR_calf_joint,FL_calf_joint,FR_calf_joint",330e02f2406e129bb6ed6ec4a6c6bcd5f80d7e7799a2ab087e81eda65d2fae69,"step=001425 mode=stand  vx= 0.000 vy= 0.000 vxy= 0.000 yaw= 0.000 speed=1.00 imu=fake tilt_rp=[-0.0,+0.0]deg imu_corr=0.000 act_max= 0.000 tau_cmd= 5.316 tau_cmd_max= 9.712 cmds=12 bus=can0:12 tau_fb= 2.651 tau_fb_max= 5.464",,,,,,,,,,,,,,,,,,,,,,,,,,,,,,,,,,,,,,,,,,,,,,,,,0.0,0.0,0.0,0.0,0.0,0.0,0.0,0.0,0.0,0.0,0.0,0.0,0.0,0.0,0.0,0.0,0.0,0.0,0.0,0.0,0.0,0.0,0.0,0.0,0.012655727565288544,-0.011121700517833233,-0.01035468652844429,0.013422741554677486,0.45867425203323364,-0.4636598527431488,0.45790722966194153,-0.45675671100616455,1.5393966436386108,-1.5413142442703247,1.5401637554168701,-1.540547251701355,0.03707998991012573,0.016022218391299248,-0.027924437075853348,-0.0393688790500164,-0.08651997148990631,0.09018219262361526,-0.10025330632925034,0.06546220183372498,-0.14694662392139435,0.1986754983663559,-0.12909328937530518,0.17670217156410217,0.005310815293341875,-0.005310815293341875,-0.004956760443747044,0.00637297797948122,0.45708414912223816,-0.4595625102519989,0.45708414912223816,-0.4563760459423065,1.5196012258529663,-1.5213714838027954,1.5210174322128296,-1.5210174322128296,0.0,0.0,0.0,0.0,0.0,0.0,0.0,0.0,0.0,0.0,0.0,0.0
20260708_192923_786968,2026-07-08T19:29:59.014,35.227806,pose,1430,stand,0.0,0.0,0.0,0.0,0.0,0.0,0.0,0.0,1.0,fake,0.0,0.0,-1.0,-0.0,0.0,0.0,0.0,6.048498153686523,13.01059627532959,12,can0:12,2.541581392288208,5.317544937133789,,"BL_hip_joint,BR_hip_joint,FL_hip_joint,FR_hip_joint,BL_thigh_joint,BR_thigh_joint,FL_thigh_joint,FR_thigh_joint,BL_calf_joint,BR_calf_joint,FL_calf_joint,FR_calf_joint",330e02f2406e129bb6ed6ec4a6c6bcd5f80d7e7799a2ab087e81eda65d2fae69,"step=001430 mode=stand  vx= 0.000 vy= 0.000 vxy= 0.000 yaw= 0.000 speed=1.00 imu=fake tilt_rp=[-0.0,+0.0]deg imu_corr=0.000 act_max= 0.000 tau_cmd= 6.048 tau_cmd_max= 13.011 cmds=12 bus=can0:12 tau_fb= 2.542 tau_fb_max= 5.318",,,,,,,,,,,,,,,,,,,,,,,,,,,,,,,,,,,,,,,,,,,,,,,,,0.0,0.0,0.0,0.0,0.0,0.0,0.0,0.0,0.0,0.0,0.0,0.0,0.0,0.0,0.0,0.0,0.0,0.0,0.0,0.0,0.0,0.0,0.0,0.0,0.012655727565288544,-0.011121700517833233,-0.01035468652844429,0.013422741554677486,0.4533051550388336,-0.45790722966194153,0.4536886513233185,-0.4517711400985718,1.523289442062378,-1.5244399309158325,1.5240564346313477,-1.5244399309158325,0.009155552834272385,-0.0196844395250082,-0.04898220673203468,0.010528885759413242,-0.08148442208766937,0.09063997119665146,-0.00595110934227705,0.0013733329251408577,-0.13367107510566711,0.06500442326068878,-0.13138218224048615,0.1341288536787033,0.0052500758320093155,-0.0052500758320093155,-0.004900070838630199,0.006300090812146664,0.4518565535545349,-0.45430657267570496,0.4518565535545349,-0.45115652680397034,1.502221703529358,-1.503971815109253,1.5036218166351318,-1.5036218166351318,0.0,0.0,0.0,0.0,0.0,0.0,0.0,0.0,0.0,0.0,0.0,0.0
20260708_192923_786968,2026-07-08T19:29:59.137,35.350224,pose,1435,stand,0.0,0.0,0.0,0.0,0.0,0.0,0.0,0.0,1.0,fake,0.0,0.0,-1.0,-0.0,0.0,0.0,0.0,6.275428771972656,11.816822052001953,12,can0:12,2.5653858184814453,5.442060470581055,,"BL_hip_joint,BR_hip_joint,FL_hip_joint,FR_hip_joint,BL_thigh_joint,BR_thigh_joint,FL_thigh_joint,FR_thigh_joint,BL_calf_joint,BR_calf_joint,FL_calf_joint,FR_calf_joint",330e02f2406e129bb6ed6ec4a6c6bcd5f80d7e7799a2ab087e81eda65d2fae69,"step=001435 mode=stand  vx= 0.000 vy= 0.000 vxy= 0.000 yaw= 0.000 speed=1.00 imu=fake tilt_rp=[-0.0,+0.0]deg imu_corr=0.000 act_max= 0.000 tau_cmd= 6.275 tau_cmd_max= 11.817 cmds=12 bus=can0:12 tau_fb= 2.565 tau_fb_max= 5.442",,,,,,,,,,,,,,,,,,,,,,,,,,,,,,,,,,,,,,,,,,,,,,,,,0.0,0.0,0.0,0.0,0.0,0.0,0.0,0.0,0.0,0.0,0.0,0.0,0.0,0.0,0.0,0.0,0.0,0.0,0.0,0.0,0.0,0.0,0.0,0.0,0.012655727565288544,-0.011121700517833233,-0.01035468652844429,0.013422741554677486,0.4487030804157257,-0.4513876140117645,0.44947007298469543,-0.44755256175994873,1.5048810243606567,-1.5064151287078857,1.505648136138916,-1.5060316324234009,0.09704886376857758,-0.005493331700563431,-0.07003998011350632,-0.013733329251408577,0.037537768483161926,0.10116885602474213,-0.003662221133708954,0.059968870133161545,-0.10849329829216003,0.14648884534835815,-0.1341288536787033,0.15564440190792084,0.005186104215681553,-0.005186104215681553,-0.004840363748371601,0.006223324686288834,0.44635069370269775,-0.4487708508968353,0.44635069370269775,-0.44565919041633606,1.483917236328125,-1.4856460094451904,1.4853001832962036,-1.4853001832962036,0.0,0.0,0.0,0.0,0.0,0.0,0.0,0.0,0.0,0.0,0.0,0.0
20260708_192923_786968,2026-07-08T19:29:59.259,35.472757,pose,1440,stand,0.0,0.0,0.0,0.0,0.0,0.0,0.0,0.0,1.0,fake,0.0,0.0,-1.0,-0.0,0.0,0.0,0.0,5.191501140594482,13.54592227935791,12,can0:12,2.4152348041534424,5.852229595184326,,"BL_hip_joint,BR_hip_joint,FL_hip_joint,FR_hip_joint,BL_thigh_joint,BR_thigh_joint,FL_thigh_joint,FR_thigh_joint,BL_calf_joint,BR_calf_joint,FL_calf_joint,FR_calf_joint",330e02f2406e129bb6ed6ec4a6c6bcd5f80d7e7799a2ab087e81eda65d2fae69,"step=001440 mode=stand  vx= 0.000 vy= 0.000 vxy= 0.000 yaw= 0.000 speed=1.00 imu=fake tilt_rp=[-0.0,+0.0]deg imu_corr=0.000 act_max= 0.000 tau_cmd= 5.192 tau_cmd_max= 13.546 cmds=12 bus=can0:12 tau_fb= 2.415 tau_fb_max= 5.852",,,,,,,,,,,,,,,,,,,,,,,,,,,,,,,,,,,,,,,,,,,,,,,,,0.0,0.0,0.0,0.0,0.0,0.0,0.0,0.0,0.0,0.0,0.0,0.0,0.0,0.0,0.0,0.0,0.0,0.0,0.0,0.0,0.0,0.0,0.0,0.0,0.01227222103625536,-0.011121700517833233,-0.01035468652844429,0.013422741554677486,0.4441010057926178,-0.44448450207710266,0.4448679983615875,-0.44371747970581055,1.486472725868225,-1.488006830215454,1.488006830215454,-1.488006830215454,-0.06820886582136154,0.028839992359280586,0.04257332161068916,-0.0476088747382164,-0.013275551609694958,0.025177771225571632,-0.06179998070001602,0.024262215942144394,-0.14923551678657532,0.07324442267417908,-0.13733328878879547,0.1510666161775589,0.005119022447615862,-0.005119022447615862,-0.004777754191309214,0.006142826750874519,0.4405772089958191,-0.4429660737514496,0.4405772089958191,-0.4398946464061737,1.4647228717803955,-1.466429352760315,1.466088056564331,-1.466088056564331,0.0,0.0,0.0,0.0,0.0,0.0,0.0,0.0,0.0,0.0,0.0,0.0
20260708_192923_786968,2026-07-08T19:29:59.379,35.592802,pose,1445,stand,0.0,0.0,0.0,0.0,0.0,0.0,0.0,0.0,1.0,fake,0.0,0.0,-1.0,-0.0,0.0,0.0,0.0,6.271358013153076,13.341423034667969,12,can0:12,2.554094076156616,5.962096214294434,,"BL_hip_joint,BR_hip_joint,FL_hip_joint,FR_hip_joint,BL_thigh_joint,BR_thigh_joint,FL_thigh_joint,FR_thigh_joint,BL_calf_joint,BR_calf_joint,FL_calf_joint,FR_calf_joint",330e02f2406e129bb6ed6ec4a6c6bcd5f80d7e7799a2ab087e81eda65d2fae69,"step=001445 mode=stand  vx= 0.000 vy= 0.000 vxy= 0.000 yaw= 0.000 speed=1.00 imu=fake tilt_rp=[-0.0,+0.0]deg imu_corr=0.000 act_max= 0.000 tau_cmd= 6.271 tau_cmd_max= 13.341 cmds=12 bus=can0:12 tau_fb= 2.554 tau_fb_max= 5.962",,,,,,,,,,,,,,,,,,,,,,,,,,,,,,,,,,,,,,,,,,,,,,,,,0.0,0.0,0.0,0.0,0.0,0.0,0.0,0.0,0.0,0.0,0.0,0.0,0.0,0.0,0.0,0.0,0.0,0.0,0.0,0.0,0.0,0.0,0.0,0.0,0.01227222103625536,-0.010738193057477474,-0.009971179068088531,0.013422741554677486,0.4394989013671875,-0.43911540508270264,0.43911540508270264,-0.4387319087982178,1.4672974348068237,-1.4680644273757935,1.4672974348068237,-1.4680644273757935,0.04531998559832573,0.021973326802253723,0.0553910955786705,0.03570665791630745,-0.054475538432598114,-0.044862210750579834,0.00595110934227705,0.08285775035619736,-0.10071108490228653,0.09979552775621414,-0.1194799616932869,0.125888854265213,0.005048954859375954,-0.005048954859375954,-0.004712357651442289,0.006058745551854372,0.43454670906066895,-0.43690288066864014,0.43454670906066895,-0.4338735044002533,1.4446742534637451,-1.446357250213623,1.4460207223892212,-1.4460207223892212,0.0,0.0,0.0,0.0,0.0,0.0,0.0,0.0,0.0,0.0,0.0,0.0
20260708_192923_786968,2026-07-08T19:29:59.501,35.714663,pose,1450,stand,0.0,0.0,0.0,0.0,0.0,0.0,0.0,0.0,1.0,fake,0.0,0.0,-1.0,-0.0,0.0,0.0,0.0,6.049995422363281,13.357674598693848,12,can0:12,2.604754686355591,5.200354099273682,,"BL_hip_joint,BR_hip_joint,FL_hip_joint,FR_hip_joint,BL_thigh_joint,BR_thigh_joint,FL_thigh_joint,FR_thigh_joint,BL_calf_joint,BR_calf_joint,FL_calf_joint,FR_calf_joint",330e02f2406e129bb6ed6ec4a6c6bcd5f80d7e7799a2ab087e81eda65d2fae69,"step=001450 mode=stand  vx= 0.000 vy= 0.000 vxy= 0.000 yaw= 0.000 speed=1.00 imu=fake tilt_rp=[-0.0,+0.0]deg imu_corr=0.000 act_max= 0.000 tau_cmd= 6.050 tau_cmd_max= 13.358 cmds=12 bus=can0:12 tau_fb= 2.605 tau_fb_max= 5.200",,,,,,,,,,,,,,,,,,,,,,,,,,,,,,,,,,,,,,,,,,,,,,,,,0.0,0.0,0.0,0.0,0.0,0.0,0.0,0.0,0.0,0.0,0.0,0.0,0.0,0.0,0.0,0.0,0.0,0.0,0.0,0.0,0.0,0.0,0.0,0.0,0.01227222103625536,-0.010738193057477474,-0.009971179068088531,0.013422741554677486,0.4329792857170105,-0.4345133304595947,0.4310617446899414,-0.4310617446899414,1.4458210468292236,-1.4485055208206177,1.4481220245361328,-1.4481220245361328,-0.010071108117699623,-0.016022218391299248,0.06042664870619774,-0.013733329251408577,0.007324442267417908,0.07278664410114288,-0.021973326802253723,0.13824884593486786,-0.16434217989444733,0.10895107686519623,-0.13779106736183167,0.13687551021575928,0.0049760243855416775,-0.0049760243855416775,-0.004644289612770081,0.0059712291695177555,0.4282698631286621,-0.43059197068214417,0.4282698631286621,-0.42760637402534485,1.4238064289093018,-1.4254652261734009,1.425133466720581,-1.425133466720581,0.0,0.0,0.0,0.0,0.0,0.0,0.0,0.0,0.0,0.0,0.0,0.0
20260708_192923_786968,2026-07-08T19:29:59.619,35.832854,pose,1455,stand,0.0,0.0,0.0,0.0,0.0,0.0,0.0,0.0,1.0,fake,0.0,0.0,-1.0,-0.0,0.0,0.0,0.0,6.506351947784424,14.64445972442627,12,can0:12,2.6429030895233154,5.449385166168213,,"BL_hip_joint,BR_hip_joint,FL_hip_joint,FR_hip_joint,BL_thigh_joint,BR_thigh_joint,FL_thigh_joint,FR_thigh_joint,BL_calf_joint,BR_calf_joint,FL_calf_joint,FR_calf_joint",330e02f2406e129bb6ed6ec4a6c6bcd5f80d7e7799a2ab087e81eda65d2fae69,"step=001455 mode=stand  vx= 0.000 vy= 0.000 vxy= 0.000 yaw= 0.000 speed=1.00 imu=fake tilt_rp=[-0.0,+0.0]deg imu_corr=0.000 act_max= 0.000 tau_cmd= 6.506 tau_cmd_max= 14.644 cmds=12 bus=can0:12 tau_fb= 2.643 tau_fb_max= 5.449",,,,,,,,,,,,,,,,,,,,,,,,,,,,,,,,,,,,,,,,,,,,,,,,,0.0,0.0,0.0,0.0,0.0,0.0,0.0,0.0,0.0,0.0,0.0,0.0,0.0,0.0,0.0,0.0,0.0,0.0,0.0,0.0,0.0,0.0,0.0,0.0,0.01227222103625536,-0.010738193057477474,-0.009971179068088531,0.013422741554677486,0.42492565512657166,-0.42952772974967957,0.42415863275527954,-0.42300811409950256,1.425878643989563,-1.4266456365585327,1.4262621402740479,-1.4270291328430176,-0.054475538432598114,-0.010071108117699623,-0.037537768483161926,0.022431105375289917,-0.08056886494159698,0.016937773674726486,-0.07827997952699661,0.04348887503147125,-0.18036438524723053,0.09979552775621414,-0.06820886582136154,0.13733328878879547,0.004900354892015457,-0.004900354892015457,-0.004573664627969265,0.005880425684154034,0.42175722122192383,-0.42404404282569885,0.42175722122192383,-0.421103835105896,1.4021549224853516,-1.4037883281707764,1.4034616947174072,-1.4034616947174072,0.0,0.0,0.0,0.0,0.0,0.0,0.0,0.0,0.0,0.0,0.0,0.0
20260708_192923_786968,2026-07-08T19:29:59.740,35.953064,pose,1460,stand,0.0,0.0,0.0,0.0,0.0,0.0,0.0,0.0,1.0,fake,0.0,0.0,-1.0,-0.0,0.0,0.0,0.0,6.3369011878967285,14.548067092895508,12,can0:12,2.5138096809387207,5.083162784576416,,"BL_hip_joint,BR_hip_joint,FL_hip_joint,FR_hip_joint,BL_thigh_joint,BR_thigh_joint,FL_thigh_joint,FR_thigh_joint,BL_calf_joint,BR_calf_joint,FL_calf_joint,FR_calf_joint",330e02f2406e129bb6ed6ec4a6c6bcd5f80d7e7799a2ab087e81eda65d2fae69,"step=001460 mode=stand  vx= 0.000 vy= 0.000 vxy= 0.000 yaw= 0.000 speed=1.00 imu=fake tilt_rp=[-0.0,+0.0]deg imu_corr=0.000 act_max= 0.000 tau_cmd= 6.337 tau_cmd_max= 14.548 cmds=12 bus=can0:12 tau_fb= 2.514 tau_fb_max= 5.083",,,,,,,,,,,,,,,,,,,,,,,,,,,,,,,,,,,,,,,,,,,,,,,,,0.0,0.0,0.0,0.0,0.0,0.0,0.0,0.0,0.0,0.0,0.0,0.0,0.0,0.0,0.0,0.0,0.0,0.0,0.0,0.0,0.0,0.0,0.0,0.0,0.01227222103625536,-0.010738193057477474,-0.009971179068088531,0.013039235025644302,0.4180225133895874,-0.4218575954437256,0.4191730320453644,-0.4168719947338104,1.4036352634429932,-1.4047857522964478,1.4036352634429932,-1.404402256011963,-0.01144444104284048,-0.07003998011350632,-0.04577776417136192,-0.06546220183372498,-0.05081331729888916,0.04531998559832573,-0.014648884534835815,-0.07324442267417908,-0.09338664263486862,0.18127994239330292,-0.12039551883935928,0.19638660550117493,0.004822069313377142,-0.004822069313377142,-0.004500598181039095,0.00578648317605257,0.4150194525718689,-0.4172697365283966,0.4150194525718689,-0.41437649726867676,1.3797547817230225,-1.3813621997833252,1.3810408115386963,-1.3810408115386963,0.0,0.0,0.0,0.0,0.0,0.0,0.0,0.0,0.0,0.0,0.0,0.0
20260708_192923_786968,2026-07-08T19:29:59.863,36.076134,pose,1465,stand,0.0,0.0,0.0,0.0,0.0,0.0,0.0,0.0,1.0,fake,0.0,0.0,-1.0,-0.0,0.0,0.0,0.0,6.136342525482178,13.628948211669922,12,can0:12,2.5818660259246826,5.742362976074219,,"BL_hip_joint,BR_hip_joint,FL_hip_joint,FR_hip_joint,BL_thigh_joint,BR_thigh_joint,FL_thigh_joint,FR_thigh_joint,BL_calf_joint,BR_calf_joint,FL_calf_joint,FR_calf_joint",330e02f2406e129bb6ed6ec4a6c6bcd5f80d7e7799a2ab087e81eda65d2fae69,"step=001465 mode=stand  vx= 0.000 vy= 0.000 vxy= 0.000 yaw= 0.000 speed=1.00 imu=fake tilt_rp=[-0.0,+0.0]deg imu_corr=0.000 act_max= 0.000 tau_cmd= 6.136 tau_cmd_max= 13.629 cmds=12 bus=can0:12 tau_fb= 2.582 tau_fb_max= 5.742",,,,,,,,,,,,,,,,,,,,,,,,,,,,,,,,,,,,,,,,,,,,,,,,,0.0,0.0,0.0,0.0,0.0,0.0,0.0,0.0,0.0,0.0,0.0,0.0,0.0,0.0,0.0,0.0,0.0,0.0,0.0,0.0,0.0,0.0,0.0,0.0,0.01227222103625536,-0.010738193057477474,-0.009971179068088531,0.013039235025644302,0.41188642382621765,-0.41303694248199463,0.41303694248199463,-0.4115028977394104,1.3802413940429688,-1.382158875465393,1.3817753791809082,-1.3813918828964233,-0.013275551609694958,-0.05630664899945259,-0.04943998530507088,-0.0119022186845541,-0.07553330808877945,0.11352885514497757,-0.08972442150115967,0.056764427572488785,-0.11307107657194138,0.1753288358449936,-0.18677328526973724,0.2059999406337738,0.004741291515529156,-0.004741291515529156,-0.004425205290317535,0.005689549725502729,0.40806716680526733,-0.4102797508239746,0.40806716680526733,-0.40743499994277954,1.3566415309906006,-1.3582220077514648,1.3579059839248657,-1.3579059839248657,0.0,0.0,0.0,0.0,0.0,0.0,0.0,0.0,0.0,0.0,0.0,0.0
20260708_192923_786968,2026-07-08T19:29:59.984,36.197662,pose,1470,stand,0.0,0.0,0.0,0.0,0.0,0.0,0.0,0.0,1.0,fake,0.0,0.0,-1.0,-0.0,0.0,0.0,0.0,6.334350109100342,13.610883712768555,12,can0:12,2.4289681911468506,5.943784713745117,,"BL_hip_joint,BR_hip_joint,FL_hip_joint,FR_hip_joint,BL_thigh_joint,BR_thigh_joint,FL_thigh_joint,FR_thigh_joint,BL_calf_joint,BR_calf_joint,FL_calf_joint,FR_calf_joint",330e02f2406e129bb6ed6ec4a6c6bcd5f80d7e7799a2ab087e81eda65d2fae69,"step=001470 mode=stand  vx= 0.000 vy= 0.000 vxy= 0.000 yaw= 0.000 speed=1.00 imu=fake tilt_rp=[-0.0,+0.0]deg imu_corr=0.000 act_max= 0.000 tau_cmd= 6.334 tau_cmd_max= 13.611 cmds=12 bus=can0:12 tau_fb= 2.429 tau_fb_max= 5.944",,,,,,,,,,,,,,,,,,,,,,,,,,,,,,,,,,,,,,,,,,,,,,,,,0.0,0.0,0.0,0.0,0.0,0.0,0.0,0.0,0.0,0.0,0.0,0.0,0.0,0.0,0.0,0.0,0.0,0.0,0.0,0.0,0.0,0.0,0.0,0.0,0.011888713575899601,-0.01035468652844429,-0.009971179068088531,0.013039235025644302,0.4061338007450104,-0.4065173268318176,0.4061338007450104,-0.4057503044605255,1.3576143980026245,-1.3583813905715942,1.3579978942871094,-1.3583813905715942,0.005493331700563431,0.0315866582095623,-0.016022218391299248,-0.005493331700563431,-0.0238044373691082,-0.03799554333090782,-0.054475538432598114,0.010071108117699623,-0.15518662333488464,0.21011993288993835,-0.11993774026632309,0.1670888364315033,0.004658144433051348,-0.004658144433051348,-0.004347601439803839,0.005589773412793875,0.40091097354888916,-0.40308475494384766,0.40091097354888916,-0.4002898931503296,1.332850456237793,-1.334403157234192,1.334092617034912,-1.334092617034912,0.0,0.0,0.0,0.0,0.0,0.0,0.0,0.0,0.0,0.0,0.0,0.0
20260708_192923_786968,2026-07-08T19:30:00.106,36.319000,pose,1475,stand,0.0,0.0,0.0,0.0,0.0,0.0,0.0,0.0,1.0,fake,0.0,0.0,-1.0,-0.0,0.0,0.0,0.0,6.511707305908203,13.872982025146484,12,can0:12,2.8757593631744385,6.328318119049072,,"BL_hip_joint,BR_hip_joint,FL_hip_joint,FR_hip_joint,BL_thigh_joint,BR_thigh_joint,FL_thigh_joint,FR_thigh_joint,BL_calf_joint,BR_calf_joint,FL_calf_joint,FR_calf_joint",330e02f2406e129bb6ed6ec4a6c6bcd5f80d7e7799a2ab087e81eda65d2fae69,"step=001475 mode=stand  vx= 0.000 vy= 0.000 vxy= 0.000 yaw= 0.000 speed=1.00 imu=fake tilt_rp=[-0.0,+0.0]deg imu_corr=0.000 act_max= 0.000 tau_cmd= 6.512 tau_cmd_max= 13.873 cmds=12 bus=can0:12 tau_fb= 2.876 tau_fb_max= 6.328",,,,,,,,,,,,,,,,,,,,,,,,,,,,,,,,,,,,,,,,,,,,,,,,,0.0,0.0,0.0,0.0,0.0,0.0,0.0,0.0,0.0,0.0,0.0,0.0,0.0,0.0,0.0,0.0,0.0,0.0,0.0,0.0,0.0,0.0,0.0,0.0,0.011888713575899601,-0.010738193057477474,-0.009971179068088531,0.013039235025644302,0.39884716272354126,-0.40076470375061035,0.3973131477832794,-0.3976966440677643,1.3334535360336304,-1.3338370323181152,1.3334535360336304,-1.3342205286026,0.01739555038511753,-0.044862210750579834,-0.07278664410114288,-0.0032044434919953346,-0.09201330691576004,0.050355542451143265,-0.027466658502817154,0.06271553784608841,-0.1753288358449936,0.1593066155910492,-0.1510666161775589,0.1268044114112854,0.004572751931846142,-0.004572751931846142,-0.00426790164783597,0.005487301852554083,0.3935615122318268,-0.39569544792175293,0.3935615122318268,-0.3929517865180969,1.3084166049957275,-1.3099409341812134,1.309636116027832,-1.309636116027832,0.0,0.0,0.0,0.0,0.0,0.0,0.0,0.0,0.0,0.0,0.0,0.0
20260708_192923_786968,2026-07-08T19:30:00.227,36.440026,pose,1480,stand,0.0,0.0,0.0,0.0,0.0,0.0,0.0,0.0,1.0,fake,0.0,0.0,-1.0,-0.0,0.0,0.0,0.0,6.286061763763428,14.17420482635498,12,can0:12,2.9490034580230713,6.4162116050720215,,"BL_hip_joint,BR_hip_joint,FL_hip_joint,FR_hip_joint,BL_thigh_joint,BR_thigh_joint,FL_thigh_joint,FR_thigh_joint,BL_calf_joint,BR_calf_joint,FL_calf_joint,FR_calf_joint",330e02f2406e129bb6ed6ec4a6c6bcd5f80d7e7799a2ab087e81eda65d2fae69,"step=001480 mode=stand  vx= 0.000 vy= 0.000 vxy= 0.000 yaw= 0.000 speed=1.00 imu=fake tilt_rp=[-0.0,+0.0]deg imu_corr=0.000 act_max= 0.000 tau_cmd= 6.286 tau_cmd_max= 14.174 cmds=12 bus=can0:12 tau_fb= 2.949 tau_fb_max= 6.416",,,,,,,,,,,,,,,,,,,,,,,,,,,,,,,,,,,,,,,,,,,,,,,,,0.0,0.0,0.0,0.0,0.0,0.0,0.0,0.0,0.0,0.0,0.0,0.0,0.0,0.0,0.0,0.0,0.0,0.0,0.0,0.0,0.0,0.0,0.0,0.0,0.011888713575899601,-0.01035468652844429,-0.009971179068088531,0.013039235025644302,0.38964301347732544,-0.3938615918159485,0.3892595171928406,-0.3881089687347412,1.308142066001892,-1.3096760511398315,1.3092925548553467,-1.3092925548553467,-0.012817773967981339,0.044862210750579834,-0.016937773674726486,0.05310220643877983,-0.005493331700563431,0.0631733164191246,-0.095675528049469,0.08468886464834213,-0.12222663313150406,0.19730216264724731,-0.18448439240455627,0.19180883467197418,0.0044852364808321,-0.0044852364808321,-0.004186220932751894,0.005382284056395292,0.38602936267852783,-0.38812246918678284,0.38602936267852783,-0.38543134927749634,1.2833757400512695,-1.2848708629608154,1.284571886062622,-1.284571886062622,0.0,0.0,0.0,0.0,0.0,0.0,0.0,0.0,0.0,0.0,0.0,0.0
20260708_192923_786968,2026-07-08T19:30:00.345,36.558411,pose,1485,stand,0.0,0.0,0.0,0.0,0.0,0.0,0.0,0.0,1.0,fake,0.0,0.0,-1.0,-0.0,0.0,0.0,0.0,6.0674614906311035,15.182330131530762,12,can0:12,2.4869534969329834,5.515305042266846,,"BL_hip_joint,BR_hip_joint,FL_hip_joint,FR_hip_joint,BL_thigh_joint,BR_thigh_joint,FL_thigh_joint,FR_thigh_joint,BL_calf_joint,BR_calf_joint,FL_calf_joint,FR_calf_joint",330e02f2406e129bb6ed6ec4a6c6bcd5f80d7e7799a2ab087e81eda65d2fae69,"step=001485 mode=stand  vx= 0.000 vy= 0.000 vxy= 0.000 yaw= 0.000 speed=1.00 imu=fake tilt_rp=[-0.0,+0.0]deg imu_corr=0.000 act_max= 0.000 tau_cmd= 6.067 tau_cmd_max= 15.182 cmds=12 bus=can0:12 tau_fb= 2.487 tau_fb_max= 5.515",,,,,,,,,,,,,,,,,,,,,,,,,,,,,,,,,,,,,,,,,,,,,,,,,0.0,0.0,0.0,0.0,0.0,0.0,0.0,0.0,0.0,0.0,0.0,0.0,0.0,0.0,0.0,0.0,0.0,0.0,0.0,0.0,0.0,0.0,0.0,0.0,0.011888713575899601,-0.010738193057477474,-0.009587672539055347,0.012655727565288544,0.3823563754558563,-0.3854244351387024,0.3835068941116333,-0.38120585680007935,1.2832140922546387,-1.2847480773925781,1.2843645811080933,-1.2839810848236084,-0.02609332650899887,0.054475538432598114,-0.01739555038511753,0.0393688790500164,-0.04119998961687088,0.1034577488899231,-0.04257332161068916,0.08194220066070557,-0.10849329829216003,0.17990660667419434,-0.15427106618881226,0.2920621335506439,0.0043957228772342205,-0.0043957228772342205,-0.004102674312889576,0.005274867173284292,0.3783252239227295,-0.38037654757499695,0.3783252239227295,-0.3777391016483307,1.2577627897262573,-1.2592281103134155,1.2589350938796997,-1.2589350938796997,0.0,0.0,0.0,0.0,0.0,0.0,0.0,0.0,0.0,0.0,0.0,0.0
20260708_192923_786968,2026-07-08T19:30:00.467,36.680040,pose,1490,stand,0.0,0.0,0.0,0.0,0.0,0.0,0.0,0.0,1.0,fake,0.0,0.0,-1.0,-0.0,0.0,0.0,0.0,7.143768310546875,14.396180152893066,12,can0:12,2.457045078277588,6.306344985961914,,"BL_hip_joint,BR_hip_joint,FL_hip_joint,FR_hip_joint,BL_thigh_joint,BR_thigh_joint,FL_thigh_joint,FR_thigh_joint,BL_calf_joint,BR_calf_joint,FL_calf_joint,FR_calf_joint",330e02f2406e129bb6ed6ec4a6c6bcd5f80d7e7799a2ab087e81eda65d2fae69,"step=001490 mode=stand  vx= 0.000 vy= 0.000 vxy= 0.000 yaw= 0.000 speed=1.00 imu=fake tilt_rp=[-0.0,+0.0]deg imu_corr=0.000 act_max= 0.000 tau_cmd= 7.144 tau_cmd_max= 14.396 cmds=12 bus=can0:12 tau_fb= 2.457 tau_fb_max= 6.306",,,,,,,,,,,,,,,,,,,,,,,,,,,,,,,,,,,,,,,,,,,,,,,,,0.0,0.0,0.0,0.0,0.0,0.0,0.0,0.0,0.0,0.0,0.0,0.0,0.0,0.0,0.0,0.0,0.0,0.0,0.0,0.0,0.0,0.0,0.0,0.0,0.011505207046866417,-0.01035468652844429,-0.009971179068088531,0.012655727565288544,0.3758367598056793,-0.3758367598056793,0.37660378217697144,-0.37545326352119446,1.2575191259384155,-1.2582861185073853,1.2579026222229004,-1.2582861185073853,-0.0068666646257042885,-0.02929776906967163,-0.06500442326068878,0.036164432764053345,-0.04531998559832573,0.02471999265253544,0.021057771518826485,0.06591998040676117,-0.15610218048095703,0.125888854265213,-0.1579332798719406,0.14877773821353912,0.0043043335899710655,-0.0043043335899710655,-0.0040173777379095554,0.005165200214833021,0.370459645986557,-0.37246832251548767,0.370459645986557,-0.36988571286201477,1.231613278388977,-1.2330480813980103,1.2327611446380615,-1.2327611446380615,0.0,0.0,0.0,0.0,0.0,0.0,0.0,0.0,0.0,0.0,0.0,0.0
20260708_192923_786968,2026-07-08T19:30:00.589,36.802505,pose,1495,stand,0.0,0.0,0.0,0.0,0.0,0.0,0.0,0.0,1.0,fake,0.0,0.0,-1.0,-0.0,0.0,0.0,0.0,6.186842441558838,12.662281036376953,12,can0:12,2.472609758377075,5.156407356262207,,"BL_hip_joint,BR_hip_joint,FL_hip_joint,FR_hip_joint,BL_thigh_joint,BR_thigh_joint,FL_thigh_joint,FR_thigh_joint,BL_calf_joint,BR_calf_joint,FL_calf_joint,FR_calf_joint",330e02f2406e129bb6ed6ec4a6c6bcd5f80d7e7799a2ab087e81eda65d2fae69,"step=001495 mode=stand  vx= 0.000 vy= 0.000 vxy= 0.000 yaw= 0.000 speed=1.00 imu=fake tilt_rp=[-0.0,+0.0]deg imu_corr=0.000 act_max= 0.000 tau_cmd= 6.187 tau_cmd_max= 12.662 cmds=12 bus=can0:12 tau_fb= 2.473 tau_fb_max= 5.156",,,,,,,,,,,,,,,,,,,,,,,,,,,,,,,,,,,,,,,,,,,,,,,,,0.0,0.0,0.0,0.0,0.0,0.0,0.0,0.0,0.0,0.0,0.0,0.0,0.0,0.0,0.0,0.0,0.0,0.0,0.0,0.0,0.0,0.0,0.0,0.0,0.011505207046866417,-0.01035468652844429,-0.009587672539055347,0.01227222103625536,0.36893364787101746,-0.3693171441555023,0.3673996031284332,-0.36701610684394836,1.2310571670532227,-1.2310571670532227,1.2306736707687378,-1.2318241596221924,0.0787377581000328,0.010071108117699623,-0.030671102926135063,-0.02059999480843544,-0.024262215942144394,0.04440443217754364,-0.06500442326068878,0.048066653311252594,-0.21240882575511932,0.20920437574386597,-0.1817377209663391,0.18448439240455627,0.0042111920192837715,-0.0042111920192837715,-0.00393044576048851,0.005053429864346981,0.3624432682991028,-0.3644084632396698,0.3624432682991028,-0.36188173294067383,1.2049623727798462,-1.2063660621643066,1.206085443496704,-1.206085443496704,0.0,0.0,0.0,0.0,0.0,0.0,0.0,0.0,0.0,0.0,0.0,0.0
20260708_192923_786968,2026-07-08T19:30:00.712,36.925353,pose,1500,stand,0.0,0.0,0.0,0.0,0.0,0.0,0.0,0.0,1.0,fake,0.0,0.0,-1.0,-0.0,0.0,0.0,0.0,6.66760778427124,16.0196475982666,12,can0:12,3.0256049633026123,5.866878032684326,,"BL_hip_joint,BR_hip_joint,FL_hip_joint,FR_hip_joint,BL_thigh_joint,BR_thigh_joint,FL_thigh_joint,FR_thigh_joint,BL_calf_joint,BR_calf_joint,FL_calf_joint,FR_calf_joint",330e02f2406e129bb6ed6ec4a6c6bcd5f80d7e7799a2ab087e81eda65d2fae69,"step=001500 mode=stand  vx= 0.000 vy= 0.000 vxy= 0.000 yaw= 0.000 speed=1.00 imu=fake tilt_rp=[-0.0,+0.0]deg imu_corr=0.000 act_max= 0.000 tau_cmd= 6.668 tau_cmd_max= 16.020 cmds=12 bus=can0:12 tau_fb= 3.026 tau_fb_max= 5.867",,,,,,,,,,,,,,,,,,,,,,,,,,,,,,,,,,,,,,,,,,,,,,,,,0.0,0.0,0.0,0.0,0.0,0.0,0.0,0.0,0.0,0.0,0.0,0.0,0.0,0.0,0.0,0.0,0.0,0.0,0.0,0.0,0.0,0.0,0.0,0.0,0.009204166010022163,-0.01035468652844429,-0.009587672539055347,0.01227222103625536,0.3574284315109253,-0.36241403222084045,0.3581954538822174,-0.35704493522644043,1.206896185874939,-1.2045952081680298,1.20382821559906,-1.204211711883545,-0.04898220673203468,0.0636310949921608,-0.0718710869550705,0.00595110934227705,-0.17761772871017456,-0.028382213786244392,-0.07049775868654251,0.09063997119665146,-0.16022217273712158,0.23346659541130066,-0.158848837018013,0.18677328526973724,0.004116421565413475,-0.004116421565413475,-0.003841993398964405,0.004939706064760685,0.35428670048713684,-0.3562076687812805,0.35428670048713684,-0.35373783111572266,1.1778454780578613,-1.1792175769805908,1.178943157196045,-1.178943157196045,0.0,0.0,0.0,0.0,0.0,0.0,0.0,0.0,0.0,0.0,0.0,0.0
20260708_192923_786968,2026-07-08T19:30:00.835,37.048385,pose,1505,stand,0.0,0.0,0.0,0.0,0.0,0.0,0.0,0.0,1.0,fake,0.0,0.0,-1.0,-0.0,0.0,0.0,0.0,6.853573322296143,23.558595657348633,12,can0:12,3.5010831356048584,12.323373794555664,,"BL_hip_joint,BR_hip_joint,FL_hip_joint,FR_hip_joint,BL_thigh_joint,BR_thigh_joint,FL_thigh_joint,FR_thigh_joint,BL_calf_joint,BR_calf_joint,FL_calf_joint,FR_calf_joint",330e02f2406e129bb6ed6ec4a6c6bcd5f80d7e7799a2ab087e81eda65d2fae69,"step=001505 mode=stand  vx= 0.000 vy= 0.000 vxy= 0.000 yaw= 0.000 speed=1.00 imu=fake tilt_rp=[-0.0,+0.0]deg imu_corr=0.000 act_max= 0.000 tau_cmd= 6.854 tau_cmd_max= 23.559 cmds=12 bus=can0:12 tau_fb= 3.501 tau_fb_max= 12.323",,,,,,,,,,,,,,,,,,,,,,,,,,,,,,,,,,,,,,,,,,,,,,,,,0.0,0.0,0.0,0.0,0.0,0.0,0.0,0.0,0.0,0.0,0.0,0.0,0.0,0.0,0.0,0.0,0.0,0.0,0.0,0.0,0.0,0.0,0.0,0.0,0.004985589534044266,-0.01035468652844429,-0.009587672539055347,0.01227222103625536,0.34477269649505615,-0.3535933494567871,0.3509088158607483,-0.3489912748336792,1.1881043910980225,-1.1769826412200928,1.1769826412200928,-1.1769826412200928,-0.0009155552834272385,-0.050355542451143265,0.038453321903944016,0.00595110934227705,-0.026551103219389915,0.016937773674726486,-0.06683553755283356,-0.007324442267417908,-0.13321329653263092,0.22659993171691895,-0.16891995072364807,0.17899106442928314,0.0040201460942626,-0.0040201460942626,-0.00375213660299778,0.004824175499379635,0.346000611782074,-0.3478766679763794,0.346000611782074,-0.3454645872116089,1.1502978801727295,-1.1516379117965698,1.1513699293136597,-1.1513699293136597,0.0,0.0,0.0,0.0,0.0,0.0,0.0,0.0,0.0,0.0,0.0,0.0
20260708_192923_786968,2026-07-08T19:30:00.957,37.170258,pose,1510,stand,0.0,0.0,0.0,0.0,0.0,0.0,0.0,0.0,1.0,fake,0.0,0.0,-1.0,-0.0,0.0,0.0,0.0,7.710660934448242,31.985824584960938,12,can0:12,4.689779758453369,20.71352195739746,,"BL_hip_joint,BR_hip_joint,FL_hip_joint,FR_hip_joint,BL_thigh_joint,BR_thigh_joint,FL_thigh_joint,FR_thigh_joint,BL_calf_joint,BR_calf_joint,FL_calf_joint,FR_calf_joint",330e02f2406e129bb6ed6ec4a6c6bcd5f80d7e7799a2ab087e81eda65d2fae69,"step=001510 mode=stand  vx= 0.000 vy= 0.000 vxy= 0.000 yaw= 0.000 speed=1.00 imu=fake tilt_rp=[-0.0,+0.0]deg imu_corr=0.000 act_max= 0.000 tau_cmd= 7.711 tau_cmd_max= 31.986 cmds=12 bus=can0:12 tau_fb= 4.690 tau_fb_max= 20.714",,,,,,,,,,,,,,,,,,,,,,,,,,,,,,,,,,,,,,,,,,,,,,,,,0.0,0.0,0.0,0.0,0.0,0.0,0.0,0.0,0.0,0.0,0.0,0.0,0.0,0.0,0.0,0.0,0.0,0.0,0.0,0.0,0.0,0.0,0.0,0.0,-0.0,-0.009971179068088531,-0.009204166010022163,0.01227222103625536,0.3328839838504791,-0.3432386815547943,0.3440057039260864,-0.34285515546798706,1.1700795888900757,-1.1497536897659302,1.1493701934814453,-1.1493701934814453,-0.08972442150115967,-0.03479110077023506,0.08468886464834213,-0.003662221133708954,-0.06775109469890594,0.10437330603599548,-0.07278664410114288,0.08835108578205109,-0.10574663430452347,0.25727102160453796,-0.19272439181804657,0.21973326802253723,0.003922489006072283,-0.003922489006072283,-0.003660989925265312,0.004706986714154482,0.3375955820083618,-0.33942604064941406,0.3375955820083618,-0.33707255125045776,1.1223548650741577,-1.1236624717712402,1.1234009265899658,-1.1234009265899658,0.0,0.0,0.0,0.0,0.0,0.0,0.0,0.0,0.0,0.0,0.0,0.0
20260708_192923_786968,2026-07-08T19:30:01.077,37.290336,pose,1515,stand,0.0,0.0,0.0,0.0,0.0,0.0,0.0,0.0,1.0,fake,0.0,0.0,-1.0,-0.0,0.0,0.0,0.0,9.58977222442627,37.60599136352539,12,can0:12,6.315195083618164,25.74175262451172,,"BL_hip_joint,BR_hip_joint,FL_hip_joint,FR_hip_joint,BL_thigh_joint,BR_thigh_joint,FL_thigh_joint,FR_thigh_joint,BL_calf_joint,BR_calf_joint,FL_calf_joint,FR_calf_joint",330e02f2406e129bb6ed6ec4a6c6bcd5f80d7e7799a2ab087e81eda65d2fae69,"step=001515 mode=stand  vx= 0.000 vy= 0.000 vxy= 0.000 yaw= 0.000 speed=1.00 imu=fake tilt_rp=[-0.0,+0.0]deg imu_corr=0.000 act_max= 0.000 tau_cmd= 9.590 tau_cmd_max= 37.606 cmds=12 bus=can0:12 tau_fb= 6.315 tau_fb_max= 25.742",,,,,,,,,,,,,,,,,,,,,,,,,,,,,,,,,,,,,,,,,,,,,,,,,0.0,0.0,0.0,0.0,0.0,0.0,0.0,0.0,0.0,0.0,0.0,0.0,0.0,0.0,0.0,0.0,0.0,0.0,0.0,0.0,0.0,0.0,0.0,0.0,-0.004602083005011082,-0.009971179068088531,-0.009587672539055347,0.011888713575899601,0.31792721152305603,-0.33556854724884033,0.3348015248775482,-0.3348015248775482,1.1497536897659302,-1.124058723449707,1.1213741302490234,-1.1217576265335083,-0.035248879343271255,0.07644886523485184,-0.05767998471856117,0.006408886983990669,-0.10849329829216003,0.009155552834272385,-0.08651997148990631,0.05813775956630707,-0.11581774055957794,0.14511550962924957,-0.19638660550117493,0.16800439357757568,0.003823573235422373,-0.003823573235422373,-0.003568668384104967,0.00458828778937459,0.329082190990448,-0.3308665156364441,0.329082190990448,-0.3285723924636841,1.0940518379211426,-1.09532630443573,1.0950714349746704,-1.0950714349746704,0.0,0.0,0.0,0.0,0.0,0.0,0.0,0.0,0.0,0.0,0.0,0.0
20260708_192923_786968,2026-07-08T19:30:01.200,37.413094,pose,1520,stand,0.0,0.0,0.0,0.0,0.0,0.0,0.0,0.0,1.0,fake,0.0,0.0,-1.0,-0.0,0.0,0.0,0.0,10.678421020507812,41.751609802246094,12,can0:12,6.5025787353515625,26.818445205688477,,"BL_hip_joint,BR_hip_joint,FL_hip_joint,FR_hip_joint,BL_thigh_joint,BR_thigh_joint,FL_thigh_joint,FR_thigh_joint,BL_calf_joint,BR_calf_joint,FL_calf_joint,FR_calf_joint",330e02f2406e129bb6ed6ec4a6c6bcd5f80d7e7799a2ab087e81eda65d2fae69,"step=001520 mode=stand  vx= 0.000 vy= 0.000 vxy= 0.000 yaw= 0.000 speed=1.00 imu=fake tilt_rp=[-0.0,+0.0]deg imu_corr=0.000 act_max= 0.000 tau_cmd= 10.678 tau_cmd_max= 41.752 cmds=12 bus=can0:12 tau_fb= 6.503 tau_fb_max= 26.818",,,,,,,,,,,,,,,,,,,,,,,,,,,,,,,,,,,,,,,,,,,,,,,,,0.0,0.0,0.0,0.0,0.0,0.0,0.0,0.0,0.0,0.0,0.0,0.0,0.0,0.0,0.0,0.0,0.0,0.0,0.0,0.0,0.0,0.0,0.0,0.0,-0.006519617512822151,-0.008820658549666405,-0.008820658549666405,0.011888713575899601,0.3033539652824402,-0.32329630851745605,0.3248303532600403,-0.32406333088874817,1.1275103092193604,-1.1002812385559082,1.0926111936569214,-1.0929946899414062,0.03341776877641678,-0.010986663401126862,0.02471999265253544,-0.003662221133708954,-0.18082216382026672,0.1268044114112854,-0.014191106893122196,0.041657764464616776,-0.13367107510566711,0.13687551021575928,-0.21790215373039246,0.17166662216186523,0.0037235224153846502,-0.0037235224153846502,-0.003475287463515997,0.004468226805329323,0.3204711675643921,-0.32220882177352905,0.3204711675643921,-0.3199746906757355,1.065423846244812,-1.0666651725769043,1.06641685962677,-1.06641685962677,0.0,0.0,0.0,0.0,0.0,0.0,0.0,0.0,0.0,0.0,0.0,0.0
20260708_192923_786968,2026-07-08T19:30:01.321,37.534828,pose,1525,stand,0.0,0.0,0.0,0.0,0.0,0.0,0.0,0.0,1.0,fake,0.0,0.0,-1.0,-0.0,0.0,0.0,0.0,11.46672534942627,43.3309326171875,12,can0:12,6.700644016265869,26.924650192260742,,"BL_hip_joint,BR_hip_joint,FL_hip_joint,FR_hip_joint,BL_thigh_joint,BR_thigh_joint,FL_thigh_joint,FR_thigh_joint,BL_calf_joint,BR_calf_joint,FL_calf_joint,FR_calf_joint",330e02f2406e129bb6ed6ec4a6c6bcd5f80d7e7799a2ab087e81eda65d2fae69,"step=001525 mode=stand  vx= 0.000 vy= 0.000 vxy= 0.000 yaw= 0.000 speed=1.00 imu=fake tilt_rp=[-0.0,+0.0]deg imu_corr=0.000 act_max= 0.000 tau_cmd= 11.467 tau_cmd_max= 43.331 cmds=12 bus=can0:12 tau_fb= 6.701 tau_fb_max= 26.925",,,,,,,,,,,,,,,,,,,,,,,,,,,,,,,,,,,,,,,,,,,,,,,,,0.0,0.0,0.0,0.0,0.0,0.0,0.0,0.0,0.0,0.0,0.0,0.0,0.0,0.0,0.0,0.0,0.0,0.0,0.0,0.0,0.0,0.0,0.0,0.0,-0.006519617512822151,-0.007286631036549807,-0.009204166010022163,0.011888713575899601,0.29338279366493225,-0.3091065585613251,0.3171602189540863,-0.3156261742115021,1.1002812385559082,-1.0753533840179443,1.06308114528656,-1.0638481378555298,-0.059968870133161545,-0.054475538432598114,-0.095675528049469,-0.0119022186845541,-0.04119998961687088,0.09384441375732422,-0.0013733329251408577,0.04348887503147125,-0.12497329711914062,0.21149326860904694,-0.22385326027870178,0.1185644119977951,0.0036224599462002516,-0.0036224599462002516,-0.0033809624146670103,0.004346951842308044,0.31177306175231934,-0.3134635090827942,0.31177306175231934,-0.31129005551338196,1.0365065336227417,-1.0377140045166016,1.0374724864959717,-1.0374724864959717,0.0,0.0,0.0,0.0,0.0,0.0,0.0,0.0,0.0,0.0,0.0,0.0
20260708_192923_786968,2026-07-08T19:30:01.437,37.650243,pose,1530,stand,0.0,0.0,0.0,0.0,0.0,0.0,0.0,0.0,1.0,fake,0.0,0.0,-1.0,-0.0,0.0,0.0,0.0,10.338208198547363,36.96620178222656,12,can0:12,6.541643142700195,26.543779373168945,,"BL_hip_joint,BR_hip_joint,FL_hip_joint,FR_hip_joint,BL_thigh_joint,BR_thigh_joint,FL_thigh_joint,FR_thigh_joint,BL_calf_joint,BR_calf_joint,FL_calf_joint,FR_calf_joint",330e02f2406e129bb6ed6ec4a6c6bcd5f80d7e7799a2ab087e81eda65d2fae69,"step=001530 mode=stand  vx= 0.000 vy= 0.000 vxy= 0.000 yaw= 0.000 speed=1.00 imu=fake tilt_rp=[-0.0,+0.0]deg imu_corr=0.000 act_max= 0.000 tau_cmd= 10.338 tau_cmd_max= 36.966 cmds=12 bus=can0:12 tau_fb= 6.542 tau_fb_max= 26.544",,,,,,,,,,,,,,,,,,,,,,,,,,,,,,,,,,,,,,,,,,,,,,,,,0.0,0.0,0.0,0.0,0.0,0.0,0.0,0.0,0.0,0.0,0.0,0.0,0.0,0.0,0.0,0.0,0.0,0.0,0.0,0.0,0.0,0.0,0.0,0.0,-0.00613611051812768,-0.0057526035234332085,-0.009204166010022163,0.011888713575899601,0.286479651927948,-0.30105292797088623,0.3098735809326172,-0.3087230622768402,1.0699841976165771,-1.0496584177017212,1.0343180894851685,-1.0350850820541382,-0.028382213786244392,0.02609332650899887,-0.022431105375289917,0.06454664468765259,-0.0398266538977623,0.06546220183372498,-0.02471999265253544,0.07507553696632385,-0.2783288061618805,0.1977599412202835,-0.21149326860904694,0.21607105433940887,0.0035205092281103134,-0.0035205092281103134,-0.003285808488726616,0.004224610514938831,0.30299848318099976,-0.30464136600494385,0.30299848318099976,-0.30252909660339355,1.0073349475860596,-1.0085084438323975,1.0082738399505615,-1.0082738399505615,0.0,0.0,0.0,0.0,0.0,0.0,0.0,0.0,0.0,0.0,0.0,0.0
20260708_192923_786968,2026-07-08T19:30:01.555,37.768452,pose,1535,stand,0.0,0.0,0.0,0.0,0.0,0.0,0.0,0.0,1.0,fake,0.0,0.0,-1.0,-0.0,0.0,0.0,0.0,9.998025894165039,35.58965301513672,12,can0:12,6.519975185394287,25.11551284790039,,"BL_hip_joint,BR_hip_joint,FL_hip_joint,FR_hip_joint,BL_thigh_joint,BR_thigh_joint,FL_thigh_joint,FR_thigh_joint,BL_calf_joint,BR_calf_joint,FL_calf_joint,FR_calf_joint",330e02f2406e129bb6ed6ec4a6c6bcd5f80d7e7799a2ab087e81eda65d2fae69,"step=001535 mode=stand  vx= 0.000 vy= 0.000 vxy= 0.000 yaw= 0.000 speed=1.00 imu=fake tilt_rp=[-0.0,+0.0]deg imu_corr=0.000 act_max= 0.000 tau_cmd= 9.998 tau_cmd_max= 35.590 cmds=12 bus=can0:12 tau_fb= 6.520 tau_fb_max= 25.116",,,,,,,,,,,,,,,,,,,,,,,,,,,,,,,,,,,,,,,,,,,,,,,,,0.0,0.0,0.0,0.0,0.0,0.0,0.0,0.0,0.0,0.0,0.0,0.0,0.0,0.0,0.0,0.0,0.0,0.0,0.0,0.0,0.0,0.0,0.0,0.0,-0.00613611051812768,-0.0057526035234332085,-0.009204166010022163,0.011888713575899601,0.28034353256225586,-0.2949168086051941,0.29990240931510925,-0.29990240931510925,1.0377696752548218,-1.022429347038269,1.0047880411148071,-1.0055551528930664,-0.013733329251408577,0.010071108117699623,0.027924437075853348,0.03250221163034439,-0.10162663459777832,0.06912442296743393,-0.06591998040676117,0.09063997119665146,-0.25772881507873535,0.19409772753715515,-0.2293466031551361,0.16800439357757568,0.0034177934285253286,-0.0034177934285253286,-0.003189940471202135,0.004101351834833622,0.29415810108184814,-0.2957530617713928,0.29415810108184814,-0.2937023639678955,0.9779446125030518,-0.9790838956832886,0.9788560271263123,-0.9788560271263123,0.0,0.0,0.0,0.0,0.0,0.0,0.0,0.0,0.0,0.0,0.0,0.0
20260708_192923_786968,2026-07-08T19:30:01.673,37.886530,pose,1540,stand,0.0,0.0,0.0,0.0,0.0,0.0,0.0,0.0,1.0,fake,0.0,0.0,-1.0,-0.0,0.0,0.0,0.0,9.835832595825195,36.77921676635742,12,can0:12,5.80645227432251,23.463850021362305,,"BL_hip_joint,BR_hip_joint,FL_hip_joint,FR_hip_joint,BL_thigh_joint,BR_thigh_joint,FL_thigh_joint,FR_thigh_joint,BL_calf_joint,BR_calf_joint,FL_calf_joint,FR_calf_joint",330e02f2406e129bb6ed6ec4a6c6bcd5f80d7e7799a2ab087e81eda65d2fae69,"step=001540 mode=stand  vx= 0.000 vy= 0.000 vxy= 0.000 yaw= 0.000 speed=1.00 imu=fake tilt_rp=[-0.0,+0.0]deg imu_corr=0.000 act_max= 0.000 tau_cmd= 9.836 tau_cmd_max= 36.779 cmds=12 bus=can0:12 tau_fb= 5.806 tau_fb_max= 23.464",,,,,,,,,,,,,,,,,,,,,,,,,,,,,,,,,,,,,,,,,,,,,,,,,0.0,0.0,0.0,0.0,0.0,0.0,0.0,0.0,0.0,0.0,0.0,0.0,0.0,0.0,0.0,0.0,0.0,0.0,0.0,0.0,0.0,0.0,0.0,0.0,-0.00613611051812768,-0.005369096528738737,-0.00843715202063322,0.011505207046866417,0.27574145793914795,-0.287630170583725,0.2903147339820862,-0.28878068923950195,1.006705641746521,-0.9925158619880676,0.9760250449180603,-0.9756415486335754,0.00045777764171361923,-0.007782219909131527,0.07507553696632385,0.06912442296743393,-0.07232886552810669,0.028382213786244392,-0.04028443247079849,0.11215551942586899,-0.19363994896411896,0.1991332769393921,-0.1519821733236313,0.2137821614742279,0.0033144361805170774,-0.0033144361805170774,-0.00309347384609282,0.003977323416620493,0.28526246547698975,-0.28680920600891113,0.28526246547698975,-0.284820556640625,0.9483706951141357,-0.9494755268096924,0.94925457239151,-0.94925457239151,0.0,0.0,0.0,0.0,0.0,0.0,0.0,0.0,0.0,0.0,0.0,0.0
20260708_192923_786968,2026-07-08T19:30:01.792,38.005024,pose,1545,stand,0.0,0.0,0.0,0.0,0.0,0.0,0.0,0.0,1.0,fake,0.0,0.0,-1.0,-0.0,0.0,0.0,0.0,10.398100852966309,36.1593132019043,12,can0:12,6.16962194442749,24.1633358001709,,"BL_hip_joint,BR_hip_joint,FL_hip_joint,FR_hip_joint,BL_thigh_joint,BR_thigh_joint,FL_thigh_joint,FR_thigh_joint,BL_calf_joint,BR_calf_joint,FL_calf_joint,FR_calf_joint",330e02f2406e129bb6ed6ec4a6c6bcd5f80d7e7799a2ab087e81eda65d2fae69,"step=001545 mode=stand  vx= 0.000 vy= 0.000 vxy= 0.000 yaw= 0.000 speed=1.00 imu=fake tilt_rp=[-0.0,+0.0]deg imu_corr=0.000 act_max= 0.000 tau_cmd= 10.398 tau_cmd_max= 36.159 cmds=12 bus=can0:12 tau_fb= 6.170 tau_fb_max= 24.163",,,,,,,,,,,,,,,,,,,,,,,,,,,,,,,,,,,,,,,,,,,,,,,,,0.0,0.0,0.0,0.0,0.0,0.0,0.0,0.0,0.0,0.0,0.0,0.0,0.0,0.0,0.0,0.0,0.0,0.0,0.0,0.0,0.0,0.0,0.0,0.0,-0.005369096528738737,-0.00421857601031661,-0.006519617512822151,0.009204166010022163,0.2688383460044861,-0.28034353256225586,0.2857126295566559,-0.28341159224510193,0.9760250449180603,-0.9618353247642517,0.9507136344909668,-0.9491795897483826,-0.014648884534835815,0.0315866582095623,0.05813775956630707,-0.06683553755283356,-0.05264442786574364,0.13183996081352234,0.022431105375289917,0.0869777500629425,-0.1908932775259018,0.10757774859666824,-0.06546220183372498,0.1986754983663559,0.00321056111715734,-0.00321056111715734,-0.002996523631736636,0.0038526731077581644,0.27632230520248413,-0.27782052755355835,0.27632230520248413,-0.2758942246437073,0.9186485409736633,-0.9197187423706055,0.919504702091217,-0.919504702091217,0.0,0.0,0.0,0.0,0.0,0.0,0.0,0.0,0.0,0.0,0.0,0.0
20260708_192923_786968,2026-07-08T19:30:01.913,38.126095,pose,1550,stand,0.0,0.0,0.0,0.0,0.0,0.0,0.0,0.0,1.0,fake,0.0,0.0,-1.0,-0.0,0.0,0.0,0.0,11.647758483886719,33.36642074584961,12,can0:12,7.449567794799805,22.094181060791016,,"BL_hip_joint,BR_hip_joint,FL_hip_joint,FR_hip_joint,BL_thigh_joint,BR_thigh_joint,FL_thigh_joint,FR_thigh_joint,BL_calf_joint,BR_calf_joint,FL_calf_joint,FR_calf_joint",330e02f2406e129bb6ed6ec4a6c6bcd5f80d7e7799a2ab087e81eda65d2fae69,"step=001550 mode=stand  vx= 0.000 vy= 0.000 vxy= 0.000 yaw= 0.000 speed=1.00 imu=fake tilt_rp=[-0.0,+0.0]deg imu_corr=0.000 act_max= 0.000 tau_cmd= 11.648 tau_cmd_max= 33.366 cmds=12 bus=can0:12 tau_fb= 7.450 tau_fb_max= 22.094",,,,,,,,,,,,,,,,,,,,,,,,,,,,,,,,,,,,,,,,,,,,,,,,,0.0,0.0,0.0,0.0,0.0,0.0,0.0,0.0,0.0,0.0,0.0,0.0,0.0,0.0,0.0,0.0,0.0,0.0,0.0,0.0,0.0,0.0,0.0,0.0,-0.004602083005011082,-0.00306805525906384,-0.0034515620209276676,0.00421857601031661,0.26155170798301697,-0.273440420627594,0.28341159224510193,-0.2818775773048401,0.9453445076942444,-0.9330722689628601,0.9315382838249207,-0.9303877353668213,-0.01235999632626772,0.016937773674726486,0.02929776906967163,-0.050355542451143265,-0.10071108490228653,0.09887997061014175,-0.05813775956630707,0.048066653311252594,-0.25086215138435364,0.20187993347644806,-0.18494217097759247,0.06820886582136154,0.0031062911730259657,-0.0031062911730259657,-0.0028992050793021917,0.003727549221366644,0.26734811067581177,-0.26879772543907166,0.26734811067581177,-0.26693394780158997,0.8888134360313416,-0.8898488879203796,0.8896418213844299,-0.8896418213844299,0.0,0.0,0.0,0.0,0.0,0.0,0.0,0.0,0.0,0.0,0.0,0.0
20260708_192923_786968,2026-07-08T19:30:02.036,38.249437,pose,1555,stand,0.0,0.0,0.0,0.0,0.0,0.0,0.0,0.0,1.0,fake,0.0,0.0,-1.0,-0.0,0.0,0.0,0.0,11.660183906555176,30.55301856994629,12,can0:12,7.925656795501709,20.69887351989746,,"BL_hip_joint,BR_hip_joint,FL_hip_joint,FR_hip_joint,BL_thigh_joint,BR_thigh_joint,FL_thigh_joint,FR_thigh_joint,BL_calf_joint,BR_calf_joint,FL_calf_joint,FR_calf_joint",330e02f2406e129bb6ed6ec4a6c6bcd5f80d7e7799a2ab087e81eda65d2fae69,"step=001555 mode=stand  vx= 0.000 vy= 0.000 vxy= 0.000 yaw= 0.000 speed=1.00 imu=fake tilt_rp=[-0.0,+0.0]deg imu_corr=0.000 act_max= 0.000 tau_cmd= 11.660 tau_cmd_max= 30.553 cmds=12 bus=can0:12 tau_fb= 7.926 tau_fb_max= 20.699",,,,,,,,,,,,,,,,,,,,,,,,,,,,,,,,,,,,,,,,,,,,,,,,,0.0,0.0,0.0,0.0,0.0,0.0,0.0,0.0,0.0,0.0,0.0,0.0,0.0,0.0,0.0,0.0,0.0,0.0,0.0,0.0,0.0,0.0,0.0,0.0,-0.004602083005011082,-0.002301041502505541,-0.00306805525906384,0.0019175345078110695,0.253881573677063,-0.26577028632164,0.2768919765949249,-0.27842602133750916,0.9123629331588745,-0.9054598212242126,0.9023917317390442,-0.909294843673706,-0.008697775192558765,0.021973326802253723,-0.01831110566854477,-0.032044436782598495,-0.03387554734945297,0.11673329770565033,-0.061342205852270126,0.04669332131743431,-0.3021332323551178,0.25727102160453796,-0.21240882575511932,0.18448439240455627,0.0030017499811947346,-0.0030017499811947346,-0.0028016334399580956,0.003602100070565939,0.2583506107330322,-0.25975143909454346,0.2583506107330322,-0.2579503655433655,0.8589007258415222,-0.8599013686180115,0.8597012162208557,-0.8597012162208557,0.0,0.0,0.0,0.0,0.0,0.0,0.0,0.0,0.0,0.0,0.0,0.0
20260708_192923_786968,2026-07-08T19:30:02.154,38.367405,pose,1560,stand,0.0,0.0,0.0,0.0,0.0,0.0,0.0,0.0,1.0,fake,0.0,0.0,-1.0,-0.0,0.0,0.0,0.0,11.677599906921387,31.60261344909668,12,can0:12,7.361980438232422,19.270606994628906,,"BL_hip_joint,BR_hip_joint,FL_hip_joint,FR_hip_joint,BL_thigh_joint,BR_thigh_joint,FL_thigh_joint,FR_thigh_joint,BL_calf_joint,BR_calf_joint,FL_calf_joint,FR_calf_joint",330e02f2406e129bb6ed6ec4a6c6bcd5f80d7e7799a2ab087e81eda65d2fae69,"step=001560 mode=stand  vx= 0.000 vy= 0.000 vxy= 0.000 yaw= 0.000 speed=1.00 imu=fake tilt_rp=[-0.0,+0.0]deg imu_corr=0.000 act_max= 0.000 tau_cmd= 11.678 tau_cmd_max= 31.603 cmds=12 bus=can0:12 tau_fb= 7.362 tau_fb_max= 19.271",,,,,,,,,,,,,,,,,,,,,,,,,,,,,,,,,,,,,,,,,,,,,,,,,0.0,0.0,0.0,0.0,0.0,0.0,0.0,0.0,0.0,0.0,0.0,0.0,0.0,0.0,0.0,0.0,0.0,0.0,0.0,0.0,0.0,0.0,0.0,0.0,-0.004602083005011082,-0.002301041502505541,-0.002301041502505541,0.00153402762953192,0.24582792818546295,-0.25810015201568604,0.2676878273487091,-0.2715228796005249,0.881298840045929,-0.8778473138809204,0.872478187084198,-0.883216381072998,-0.02700888179242611,-0.0238044373691082,0.007782219909131527,-0.026551103219389915,0.014191106893122196,0.0718710869550705,-0.15564440190792084,0.04989776387810707,-0.22064882516860962,0.1982177197933197,-0.2526932656764984,0.23667104542255402,0.0028970609419047832,-0.0028970609419047832,-0.002703923499211669,0.0034764730371534824,0.24934038519859314,-0.25069233775138855,0.24934038519859314,-0.24895410239696503,0.8289456963539124,-0.8299114108085632,0.829718291759491,-0.829718291759491,0.0,0.0,0.0,0.0,0.0,0.0,0.0,0.0,0.0,0.0,0.0,0.0
20260708_192923_786968,2026-07-08T19:30:02.272,38.485188,pose,1565,stand,0.0,0.0,0.0,0.0,0.0,0.0,0.0,0.0,1.0,fake,0.0,0.0,-1.0,-0.0,0.0,0.0,0.0,12.024737358093262,33.69716262817383,12,can0:12,7.676015377044678,19.270606994628906,,"BL_hip_joint,BR_hip_joint,FL_hip_joint,FR_hip_joint,BL_thigh_joint,BR_thigh_joint,FL_thigh_joint,FR_thigh_joint,BL_calf_joint,BR_calf_joint,FL_calf_joint,FR_calf_joint",330e02f2406e129bb6ed6ec4a6c6bcd5f80d7e7799a2ab087e81eda65d2fae69,"step=001565 mode=stand  vx= 0.000 vy= 0.000 vxy= 0.000 yaw= 0.000 speed=1.00 imu=fake tilt_rp=[-0.0,+0.0]deg imu_corr=0.000 act_max= 0.000 tau_cmd= 12.025 tau_cmd_max= 33.697 cmds=12 bus=can0:12 tau_fb= 7.676 tau_fb_max= 19.271",,,,,,,,,,,,,,,,,,,,,,,,,,,,,,,,,,,,,,,,,,,,,,,,,0.0,0.0,0.0,0.0,0.0,0.0,0.0,0.0,0.0,0.0,0.0,0.0,0.0,0.0,0.0,0.0,0.0,0.0,0.0,0.0,0.0,0.0,0.0,0.0,-0.00421857601031661,-0.0019175345078110695,-0.002301041502505541,0.00153402762953192,0.2370072603225708,-0.24774545431137085,0.25810015201568604,-0.26078468561172485,0.8513852953910828,-0.8467832207679749,0.8429481387138367,-0.8525358438491821,0.0119022186845541,-0.06866664439439774,0.03250221163034439,-0.027466658502817154,-0.059968870133161545,0.061342205852270126,-0.09887997061014175,0.08468886464834213,-0.15564440190792084,0.19226661324501038,-0.2710043787956238,0.21240882575511932,0.0027923474553972483,-0.0027923474553972483,-0.002606190973892808,0.003350816899910569,0.24032804369926453,-0.24163112044334412,0.24032804369926453,-0.23995572328567505,0.7989836931228638,-0.7999144792556763,0.7997283339500427,-0.7997283339500427,0.0,0.0,0.0,0.0,0.0,0.0,0.0,0.0,0.0,0.0,0.0,0.0
20260708_192923_786968,2026-07-08T19:30:02.389,38.602722,pose,1570,stand,0.0,0.0,0.0,0.0,0.0,0.0,0.0,0.0,1.0,fake,0.0,0.0,-1.0,-0.0,0.0,0.0,0.0,11.991326332092285,31.198328018188477,12,can0:12,7.457502365112305,19.072847366333008,,"BL_hip_joint,BR_hip_joint,FL_hip_joint,FR_hip_joint,BL_thigh_joint,BR_thigh_joint,FL_thigh_joint,FR_thigh_joint,BL_calf_joint,BR_calf_joint,FL_calf_joint,FR_calf_joint",330e02f2406e129bb6ed6ec4a6c6bcd5f80d7e7799a2ab087e81eda65d2fae69,"step=001570 mode=stand  vx= 0.000 vy= 0.000 vxy= 0.000 yaw= 0.000 speed=1.00 imu=fake tilt_rp=[-0.0,+0.0]deg imu_corr=0.000 act_max= 0.000 tau_cmd= 11.991 tau_cmd_max= 31.198 cmds=12 bus=can0:12 tau_fb= 7.458 tau_fb_max= 19.073",,,,,,,,,,,,,,,,,,,,,,,,,,,,,,,,,,,,,,,,,,,,,,,,,0.0,0.0,0.0,0.0,0.0,0.0,0.0,0.0,0.0,0.0,0.0,0.0,0.0,0.0,0.0,0.0,0.0,0.0,0.0,0.0,0.0,0.0,0.0,0.0,-0.003835069015622139,-0.00153402762953192,-0.0026845482643693686,0.0011505207512527704,0.22741958498954773,-0.23815777897834778,0.24889597296714783,-0.2500464916229248,0.8218553066253662,-0.8164861798286438,0.813801646232605,-0.8210882544517517,-0.06042664870619774,0.05722220614552498,-0.0398266538977623,-0.0027466658502817154,-0.02059999480843544,0.1341288536787033,-0.12085329741239548,0.08423108607530594,-0.23346659541130066,0.1496932953596115,-0.18677328526973724,0.2916043698787689,0.00268773315474391,-0.00268773315474391,-0.0025085508823394775,0.003225279739126563,0.2313242256641388,-0.23257851600646973,0.2313242256641388,-0.23096588253974915,0.7690500617027283,-0.7699459791183472,0.7697668075561523,-0.7697668075561523,0.0,0.0,0.0,0.0,0.0,0.0,0.0,0.0,0.0,0.0,0.0,0.0
20260708_192923_786968,2026-07-08T19:30:02.506,38.719867,pose,1575,stand,0.0,0.0,0.0,0.0,0.0,0.0,0.0,0.0,1.0,fake,0.0,0.0,-1.0,-0.0,0.0,0.0,0.0,12.056365013122559,29.555538177490234,12,can0:12,7.385784149169922,18.124332427978516,,"BL_hip_joint,BR_hip_joint,FL_hip_joint,FR_hip_joint,BL_thigh_joint,BR_thigh_joint,FL_thigh_joint,FR_thigh_joint,BL_calf_joint,BR_calf_joint,FL_calf_joint,FR_calf_joint",330e02f2406e129bb6ed6ec4a6c6bcd5f80d7e7799a2ab087e81eda65d2fae69,"step=001575 mode=stand  vx= 0.000 vy= 0.000 vxy= 0.000 yaw= 0.000 speed=1.00 imu=fake tilt_rp=[-0.0,+0.0]deg imu_corr=0.000 act_max= 0.000 tau_cmd= 12.056 tau_cmd_max= 29.556 cmds=12 bus=can0:12 tau_fb= 7.386 tau_fb_max= 18.124",,,,,,,,,,,,,,,,,,,,,,,,,,,,,,,,,,,,,,,,,,,,,,,,,0.0,0.0,0.0,0.0,0.0,0.0,0.0,0.0,0.0,0.0,0.0,0.0,0.0,0.0,0.0,0.0,0.0,0.0,0.0,0.0,0.0,0.0,0.0,0.0,-0.003835069015622139,-0.00153402762953192,-0.002301041502505541,0.0011505207512527704,0.21821542084217072,-0.23010413348674774,0.2396918088197708,-0.24199286103248596,0.7900242209434509,-0.7865726351737976,0.7838881015777588,-0.7907912135124207,-0.03433332219719887,0.0709555372595787,-0.06179998070001602,-0.05767998471856117,-0.06775109469890594,0.04669332131743431,-0.041657764464616776,0.07370220124721527,-0.2536088228225708,0.2375866025686264,-0.24811547994613647,0.23987548053264618,0.0025833407416939735,-0.0025833407416939735,-0.002411118010058999,0.0031000087037682533,0.22233954071998596,-0.22354507446289062,0.22233954071998596,-0.22199508547782898,0.7391799092292786,-0.7400410175323486,0.7398688197135925,-0.7398688197135925,0.0,0.0,0.0,0.0,0.0,0.0,0.0,0.0,0.0,0.0,0.0,0.0
20260708_192923_786968,2026-07-08T19:30:02.624,38.837286,pose,1580,stand,0.0,0.0,0.0,0.0,0.0,0.0,0.0,0.0,1.0,fake,0.0,0.0,-1.0,-0.0,0.0,0.0,0.0,12.169520378112793,28.993122100830078,12,can0:12,7.202368259429932,17.853328704833984,,"BL_hip_joint,BR_hip_joint,FL_hip_joint,FR_hip_joint,BL_thigh_joint,BR_thigh_joint,FL_thigh_joint,FR_thigh_joint,BL_calf_joint,BR_calf_joint,FL_calf_joint,FR_calf_joint",330e02f2406e129bb6ed6ec4a6c6bcd5f80d7e7799a2ab087e81eda65d2fae69,"step=001580 mode=stand  vx= 0.000 vy= 0.000 vxy= 0.000 yaw= 0.000 speed=1.00 imu=fake tilt_rp=[-0.0,+0.0]deg imu_corr=0.000 act_max= 0.000 tau_cmd= 12.170 tau_cmd_max= 28.993 cmds=12 bus=can0:12 tau_fb= 7.202 tau_fb_max= 17.853",,,,,,,,,,,,,,,,,,,,,,,,,,,,,,,,,,,,,,,,,,,,,,,,,0.0,0.0,0.0,0.0,0.0,0.0,0.0,0.0,0.0,0.0,0.0,0.0,0.0,0.0,0.0,0.0,0.0,0.0,0.0,0.0,0.0,0.0,0.0,0.0,-0.003835069015622139,-0.0019175345078110695,-0.002301041502505541,0.0011505207512527704,0.2109287977218628,-0.22166699171066284,0.2304876446723938,-0.2331721931695938,0.7585766315460205,-0.7562755942344666,0.7532075643539429,-0.7601106762886047,-0.01739555038511753,-0.001831110566854477,0.19180883467197418,-0.04348887503147125,-0.08194220066070557,0.12314218282699585,-0.030671102926135063,0.07278664410114288,-0.22843104600906372,0.17624439299106598,-0.21240882575511932,0.2371288239955902,0.0024792945478111506,-0.0024792945478111506,-0.002314008306711912,0.0029751532711088657,0.21338462829589844,-0.21454161405563354,0.21338462829589844,-0.21305406093597412,0.7094088196754456,-0.7102352976799011,0.710070013999939,-0.710070013999939,0.0,0.0,0.0,0.0,0.0,0.0,0.0,0.0,0.0,0.0,0.0,0.0
20260708_192923_786968,2026-07-08T19:30:02.741,38.954387,pose,1585,stand,0.0,0.0,0.0,0.0,0.0,0.0,0.0,0.0,1.0,fake,0.0,0.0,-1.0,-0.0,0.0,0.0,0.0,11.255208015441895,29.927017211914062,12,can0:12,7.111728191375732,18.735923767089844,,"BL_hip_joint,BR_hip_joint,FL_hip_joint,FR_hip_joint,BL_thigh_joint,BR_thigh_joint,FL_thigh_joint,FR_thigh_joint,BL_calf_joint,BR_calf_joint,FL_calf_joint,FR_calf_joint",330e02f2406e129bb6ed6ec4a6c6bcd5f80d7e7799a2ab087e81eda65d2fae69,"step=001585 mode=stand  vx= 0.000 vy= 0.000 vxy= 0.000 yaw= 0.000 speed=1.00 imu=fake tilt_rp=[-0.0,+0.0]deg imu_corr=0.000 act_max= 0.000 tau_cmd= 11.255 tau_cmd_max= 29.927 cmds=12 bus=can0:12 tau_fb= 7.112 tau_fb_max= 18.736",,,,,,,,,,,,,,,,,,,,,,,,,,,,,,,,,,,,,,,,,,,,,,,,,0.0,0.0,0.0,0.0,0.0,0.0,0.0,0.0,0.0,0.0,0.0,0.0,0.0,0.0,0.0,0.0,0.0,0.0,0.0,0.0,0.0,0.0,0.0,0.0,-0.0034515620209276676,-0.00153402762953192,-0.0019175345078110695,0.00153402762953192,0.20287515223026276,-0.21131230890750885,0.22166699171066284,-0.22281751036643982,0.7286630868911743,-0.7252115607261658,0.722527027130127,-0.7301971316337585,-0.007782219909131527,-0.04852443188428879,0.07278664410114288,0.0196844395250082,-0.08972442150115967,0.08011108636856079,-0.055848874151706696,0.10757774859666824,-0.1982177197933197,0.1666310578584671,-0.23483993113040924,0.2059999406337738,0.0023757172748446465,-0.0023757172748446465,-0.002217336092144251,0.002850860357284546,0.20447006821632385,-0.20557871460914612,0.20447006821632385,-0.20415329933166504,0.6797718405723572,-0.6805638074874878,0.6804054379463196,-0.6804054379463196,0.0,0.0,0.0,0.0,0.0,0.0,0.0,0.0,0.0,0.0,0.0,0.0
20260708_192923_786968,2026-07-08T19:30:02.858,39.071407,pose,1590,stand,0.0,0.0,0.0,0.0,0.0,0.0,0.0,0.0,1.0,fake,0.0,0.0,-1.0,-0.0,0.0,0.0,0.0,10.829249382019043,26.977840423583984,12,can0:12,7.320475101470947,18.377025604248047,,"BL_hip_joint,BR_hip_joint,FL_hip_joint,FR_hip_joint,BL_thigh_joint,BR_thigh_joint,FL_thigh_joint,FR_thigh_joint,BL_calf_joint,BR_calf_joint,FL_calf_joint,FR_calf_joint",330e02f2406e129bb6ed6ec4a6c6bcd5f80d7e7799a2ab087e81eda65d2fae69,"step=001590 mode=stand  vx= 0.000 vy= 0.000 vxy= 0.000 yaw= 0.000 speed=1.00 imu=fake tilt_rp=[-0.0,+0.0]deg imu_corr=0.000 act_max= 0.000 tau_cmd= 10.829 tau_cmd_max= 26.978 cmds=12 bus=can0:12 tau_fb= 7.320 tau_fb_max= 18.377",,,,,,,,,,,,,,,,,,,,,,,,,,,,,,,,,,,,,,,,,,,,,,,,,0.0,0.0,0.0,0.0,0.0,0.0,0.0,0.0,0.0,0.0,0.0,0.0,0.0,0.0,0.0,0.0,0.0,0.0,0.0,0.0,0.0,0.0,0.0,0.0,-0.0034515620209276676,-0.00153402762953192,-0.0019175345078110695,0.00153402762953192,0.19290396571159363,-0.20210812985897064,0.2128463238477707,-0.2136133462190628,0.6983660459518433,-0.6952980160713196,0.6929969787597656,-0.6995165944099426,0.0068666646257042885,-0.0714133158326149,-0.01144444104284048,0.0476088747382164,-0.08514664322137833,0.08377330750226974,-0.014648884534835815,0.09338664263486862,-0.32044434547424316,0.17258216440677643,-0.16113772988319397,0.2632221579551697,0.002272732323035598,-0.002272732323035598,-0.0021212168503552675,0.002727278508245945,0.19560649991035461,-0.19666710495948792,0.19560649991035461,-0.19530346989631653,0.6503044366836548,-0.6510620713233948,0.6509105563163757,-0.6509105563163757,0.0,0.0,0.0,0.0,0.0,0.0,0.0,0.0,0.0,0.0,0.0,0.0
20260708_192923_786968,2026-07-08T19:30:02.975,39.188128,pose,1595,stand,0.0,0.0,0.0,0.0,0.0,0.0,0.0,0.0,1.0,fake,0.0,0.0,-1.0,-0.0,0.0,0.0,0.0,11.45046329498291,28.08110237121582,12,can0:12,7.120273590087891,17.062288284301758,,"BL_hip_joint,BR_hip_joint,FL_hip_joint,FR_hip_joint,BL_thigh_joint,BR_thigh_joint,FL_thigh_joint,FR_thigh_joint,BL_calf_joint,BR_calf_joint,FL_calf_joint,FR_calf_joint",330e02f2406e129bb6ed6ec4a6c6bcd5f80d7e7799a2ab087e81eda65d2fae69,"step=001595 mode=stand  vx= 0.000 vy= 0.000 vxy= 0.000 yaw= 0.000 speed=1.00 imu=fake tilt_rp=[-0.0,+0.0]deg imu_corr=0.000 act_max= 0.000 tau_cmd= 11.450 tau_cmd_max= 28.081 cmds=12 bus=can0:12 tau_fb= 7.120 tau_fb_max= 17.062",,,,,,,,,,,,,,,,,,,,,,,,,,,,,,,,,,,,,,,,,,,,,,,,,0.0,0.0,0.0,0.0,0.0,0.0,0.0,0.0,0.0,0.0,0.0,0.0,0.0,0.0,0.0,0.0,0.0,0.0,0.0,0.0,0.0,0.0,0.0,0.0,-0.0034515620209276676,-0.00153402762953192,-0.0019175345078110695,0.0011505207512527704,0.18408331274986267,-0.19367098808288574,0.20555970072746277,-0.20747722685337067,0.6676855087280273,-0.6661514639854431,0.6630834341049194,-0.6688360571861267,-0.05401776358485222,-0.0068666646257042885,0.0032044434919953346,0.03433332219719887,-0.03570665791630745,0.15335550904273987,-0.022431105375289917,0.029755547642707825,-0.19409772753715515,0.14465773105621338,-0.18082216382026672,0.23941770195960999,0.0021704635582864285,-0.0021704635582864285,-0.0020257660653442144,0.002604556269943714,0.18680456280708313,-0.18781745433807373,0.18680456280708313,-0.1865151822566986,0.621042013168335,-0.6217654943466187,0.621620774269104,-0.621620774269104,0.0,0.0,0.0,0.0,0.0,0.0,0.0,0.0,0.0,0.0,0.0,0.0
20260708_192923_786968,2026-07-08T19:30:03.090,39.303940,pose,1600,stand,0.0,0.0,0.0,0.0,0.0,0.0,0.0,0.0,1.0,fake,0.0,0.0,-1.0,-0.0,0.0,0.0,0.0,10.057503700256348,28.020769119262695,12,can0:12,6.864223480224609,16.366466522216797,,"BL_hip_joint,BR_hip_joint,FL_hip_joint,FR_hip_joint,BL_thigh_joint,BR_thigh_joint,FL_thigh_joint,FR_thigh_joint,BL_calf_joint,BR_calf_joint,FL_calf_joint,FR_calf_joint",330e02f2406e129bb6ed6ec4a6c6bcd5f80d7e7799a2ab087e81eda65d2fae69,"step=001600 mode=stand  vx= 0.000 vy= 0.000 vxy= 0.000 yaw= 0.000 speed=1.00 imu=fake tilt_rp=[-0.0,+0.0]deg imu_corr=0.000 act_max= 0.000 tau_cmd= 10.058 tau_cmd_max= 28.021 cmds=12 bus=can0:12 tau_fb= 6.864 tau_fb_max= 16.366",,,,,,,,,,,,,,,,,,,,,,,,,,,,,,,,,,,,,,,,,,,,,,,,,0.0,0.0,0.0,0.0,0.0,0.0,0.0,0.0,0.0,0.0,0.0,0.0,0.0,0.0,0.0,0.0,0.0,0.0,0.0,0.0,0.0,0.0,0.0,0.0,-0.0034515620209276676,-0.00153402762953192,-0.0019175345078110695,0.0011505207512527704,0.17564615607261658,-0.1836998015642166,0.1959720253944397,-0.1978895664215088,0.6373884677886963,-0.6362379193305969,0.6331698894500732,-0.6396895051002502,0.047151096165180206,-0.037537768483161926,0.0050355540588498116,-0.028382213786244392,-0.040742211043834686,0.09247108548879623,-0.1112399697303772,0.028382213786244392,-0.2371288239955902,0.2604754865169525,-0.2719199061393738,0.20325326919555664,0.0020690339151769876,-0.0020690339151769876,-0.0019310982897877693,0.0024828407913446426,0.17807486653327942,-0.17904040217399597,0.17807486653327942,-0.17779898643493652,0.5920195579528809,-0.5927093029022217,0.5925713777542114,-0.5925713777542114,0.0,0.0,0.0,0.0,0.0,0.0,0.0,0.0,0.0,0.0,0.0,0.0
20260708_192923_786968,2026-07-08T19:30:03.207,39.420680,pose,1605,stand,0.0,0.0,0.0,0.0,0.0,0.0,0.0,0.0,1.0,fake,0.0,0.0,-1.0,-0.0,0.0,0.0,0.0,10.230280876159668,27.305192947387695,12,can0:12,6.393932819366455,15.341044425964355,,"BL_hip_joint,BR_hip_joint,FL_hip_joint,FR_hip_joint,BL_thigh_joint,BR_thigh_joint,FL_thigh_joint,FR_thigh_joint,BL_calf_joint,BR_calf_joint,FL_calf_joint,FR_calf_joint",330e02f2406e129bb6ed6ec4a6c6bcd5f80d7e7799a2ab087e81eda65d2fae69,"step=001605 mode=stand  vx= 0.000 vy= 0.000 vxy= 0.000 yaw= 0.000 speed=1.00 imu=fake tilt_rp=[-0.0,+0.0]deg imu_corr=0.000 act_max= 0.000 tau_cmd= 10.230 tau_cmd_max= 27.305 cmds=12 bus=can0:12 tau_fb= 6.394 tau_fb_max= 15.341",,,,,,,,,,,,,,,,,,,,,,,,,,,,,,,,,,,,,,,,,,,,,,,,,0.0,0.0,0.0,0.0,0.0,0.0,0.0,0.0,0.0,0.0,0.0,0.0,0.0,0.0,0.0,0.0,0.0,0.0,0.0,0.0,0.0,0.0,0.0,0.0,-0.00306805525906384,-0.0011505207512527704,-0.00153402762953192,0.00153402762953192,0.16720901429653168,-0.17411212623119354,0.18676786124706268,-0.18715137243270874,0.607858419418335,-0.6070914268493652,0.603256344795227,-0.6101594567298889,0.0119022186845541,-0.032959990203380585,0.03891110047698021,0.027466658502817154,-0.04440443217754364,-0.00045777764171361923,-0.10208441317081451,0.06591998040676117,-0.21103549003601074,0.26596879959106445,-0.13641773164272308,0.20737327635288239,0.001968567492440343,-0.001968567492440343,-0.0018373297061771154,0.002362281084060669,0.1694280505180359,-0.1703467071056366,0.1694280505180359,-0.16916558146476746,0.5632728338241577,-0.5639289617538452,0.5637977123260498,-0.5637977123260498,0.0,0.0,0.0,0.0,0.0,0.0,0.0,0.0,0.0,0.0,0.0,0.0
20260708_192923_786968,2026-07-08T19:30:03.325,39.538834,pose,1610,stand,0.0,0.0,0.0,0.0,0.0,0.0,0.0,0.0,1.0,fake,0.0,0.0,-1.0,-0.0,0.0,0.0,0.0,9.91684341430664,28.703840255737305,12,can0:12,6.331369876861572,15.377666473388672,,"BL_hip_joint,BR_hip_joint,FL_hip_joint,FR_hip_joint,BL_thigh_joint,BR_thigh_joint,FL_thigh_joint,FR_thigh_joint,BL_calf_joint,BR_calf_joint,FL_calf_joint,FR_calf_joint",330e02f2406e129bb6ed6ec4a6c6bcd5f80d7e7799a2ab087e81eda65d2fae69,"step=001610 mode=stand  vx= 0.000 vy= 0.000 vxy= 0.000 yaw= 0.000 speed=1.00 imu=fake tilt_rp=[-0.0,+0.0]deg imu_corr=0.000 act_max= 0.000 tau_cmd= 9.917 tau_cmd_max= 28.704 cmds=12 bus=can0:12 tau_fb= 6.331 tau_fb_max= 15.378",,,,,,,,,,,,,,,,,,,,,,,,,,,,,,,,,,,,,,,,,,,,,,,,,0.0,0.0,0.0,0.0,0.0,0.0,0.0,0.0,0.0,0.0,0.0,0.0,0.0,0.0,0.0,0.0,0.0,0.0,0.0,0.0,0.0,0.0,0.0,0.0,-0.00306805525906384,-0.0011505207512527704,-0.0019175345078110695,0.00153402762953192,0.15800485014915466,-0.16567498445510864,0.1783307045698166,-0.1783307045698166,0.5779448747634888,-0.5779448747634888,0.57526034116745,-0.5810129642486572,-0.024262215942144394,-0.0196844395250082,-0.02288888208568096,0.0009155552834272385,-0.013275551609694958,0.051271095871925354,-0.062257759273052216,0.07553330808877945,-0.21149326860904694,0.2059999406337738,-0.2682577073574066,0.15427106618881226,0.0018691869918256998,-0.0018691869918256998,-0.0017445746343582869,0.0022430242970585823,0.16087469458580017,-0.16174697875976562,0.16087469458580017,-0.16062545776367188,0.5348366498947144,-0.5354597568511963,0.5353351831436157,-0.5353351831436157,0.0,0.0,0.0,0.0,0.0,0.0,0.0,0.0,0.0,0.0,0.0,0.0
20260708_192923_786968,2026-07-08T19:30:03.442,39.655041,pose,1615,stand,0.0,0.0,0.0,0.0,0.0,0.0,0.0,0.0,1.0,fake,0.0,0.0,-1.0,-0.0,0.0,0.0,0.0,9.809181213378906,26.728126525878906,12,can0:12,6.144596576690674,15.242164611816406,,"BL_hip_joint,BR_hip_joint,FL_hip_joint,FR_hip_joint,BL_thigh_joint,BR_thigh_joint,FL_thigh_joint,FR_thigh_joint,BL_calf_joint,BR_calf_joint,FL_calf_joint,FR_calf_joint",330e02f2406e129bb6ed6ec4a6c6bcd5f80d7e7799a2ab087e81eda65d2fae69,"step=001615 mode=stand  vx= 0.000 vy= 0.000 vxy= 0.000 yaw= 0.000 speed=1.00 imu=fake tilt_rp=[-0.0,+0.0]deg imu_corr=0.000 act_max= 0.000 tau_cmd= 9.809 tau_cmd_max= 26.728 cmds=12 bus=can0:12 tau_fb= 6.145 tau_fb_max= 15.242",,,,,,,,,,,,,,,,,,,,,,,,,,,,,,,,,,,,,,,,,,,,,,,,,0.0,0.0,0.0,0.0,0.0,0.0,0.0,0.0,0.0,0.0,0.0,0.0,0.0,0.0,0.0,0.0,0.0,0.0,0.0,0.0,0.0,0.0,0.0,0.0,-0.00306805525906384,-0.00153402762953192,-0.00153402762953192,0.0011505207512527704,0.1511017233133316,-0.15838834643363953,0.1698935627937317,-0.1706605702638626,0.5484148859977722,-0.5499488711357117,0.5472643375396729,-0.5518664121627808,-0.051271095871925354,-0.0068666646257042885,0.06591998040676117,-0.0032044434919953346,-0.05081331729888916,0.08377330750226974,-0.059968870133161545,0.06500442326068878,-0.2627643644809723,0.22339549660682678,-0.2783288061618805,0.18768882751464844,0.0017710160464048386,-0.0017710160464048386,-0.0016529480926692486,0.002125218976289034,0.15242543816566467,-0.15325188636779785,0.15242543816566467,-0.15218928456306458,0.5067466497421265,-0.5073369741439819,0.5072189569473267,-0.5072189569473267,0.0,0.0,0.0,0.0,0.0,0.0,0.0,0.0,0.0,0.0,0.0,0.0
20260708_192923_786968,2026-07-08T19:30:03.560,39.773260,pose,1620,stand,0.0,0.0,0.0,0.0,0.0,0.0,0.0,0.0,1.0,fake,0.0,0.0,-1.0,-0.0,0.0,0.0,0.0,10.121539115905762,28.313262939453125,12,can0:12,5.817438125610352,15.773186683654785,,"BL_hip_joint,BR_hip_joint,FL_hip_joint,FR_hip_joint,BL_thigh_joint,BR_thigh_joint,FL_thigh_joint,FR_thigh_joint,BL_calf_joint,BR_calf_joint,FL_calf_joint,FR_calf_joint",330e02f2406e129bb6ed6ec4a6c6bcd5f80d7e7799a2ab087e81eda65d2fae69,"step=001620 mode=stand  vx= 0.000 vy= 0.000 vxy= 0.000 yaw= 0.000 speed=1.00 imu=fake tilt_rp=[-0.0,+0.0]deg imu_corr=0.000 act_max= 0.000 tau_cmd= 10.122 tau_cmd_max= 28.313 cmds=12 bus=can0:12 tau_fb= 5.817 tau_fb_max= 15.773",,,,,,,,,,,,,,,,,,,,,,,,,,,,,,,,,,,,,,,,,,,,,,,,,0.0,0.0,0.0,0.0,0.0,0.0,0.0,0.0,0.0,0.0,0.0,0.0,0.0,0.0,0.0,0.0,0.0,0.0,0.0,0.0,0.0,0.0,0.0,0.0,-0.00306805525906384,-0.0011505207512527704,-0.00153402762953192,0.0011505207512527704,0.14419859647750854,-0.14880067110061646,0.16068939864635468,-0.16068939864635468,0.5188848376274109,-0.5204188823699951,0.5188848376274109,-0.5231034159660339,0.00045777764171361923,-0.02700888179242611,0.0050355540588498116,-0.05172887444496155,-0.038453321903944016,0.12955106794834137,-0.11398663371801376,0.05218665301799774,-0.14099551737308502,0.15564440190792084,-0.21698659658432007,0.12222663313150406,0.0016741775907576084,-0.0016741775907576084,-0.0015625657979398966,0.0020090132020413876,0.14409089088439941,-0.14487218856811523,0.14409089088439941,-0.14386767148971558,0.4790380001068115,-0.4795961380004883,0.47948455810546875,-0.47948455810546875,0.0,0.0,0.0,0.0,0.0,0.0,0.0,0.0,0.0,0.0,0.0,0.0
20260708_192923_786968,2026-07-08T19:30:03.676,39.889541,pose,1625,stand,0.0,0.0,0.0,0.0,0.0,0.0,0.0,0.0,1.0,fake,0.0,0.0,-1.0,-0.0,0.0,0.0,0.0,8.863595962524414,25.0358943939209,12,can0:12,6.00299072265625,15.615711212158203,,"BL_hip_joint,BR_hip_joint,FL_hip_joint,FR_hip_joint,BL_thigh_joint,BR_thigh_joint,FL_thigh_joint,FR_thigh_joint,BL_calf_joint,BR_calf_joint,FL_calf_joint,FR_calf_joint",330e02f2406e129bb6ed6ec4a6c6bcd5f80d7e7799a2ab087e81eda65d2fae69,"step=001625 mode=stand  vx= 0.000 vy= 0.000 vxy= 0.000 yaw= 0.000 speed=1.00 imu=fake tilt_rp=[-0.0,+0.0]deg imu_corr=0.000 act_max= 0.000 tau_cmd= 8.864 tau_cmd_max= 25.036 cmds=12 bus=can0:12 tau_fb= 6.003 tau_fb_max= 15.616",,,,,,,,,,,,,,,,,,,,,,,,,,,,,,,,,,,,,,,,,,,,,,,,,0.0,0.0,0.0,0.0,0.0,0.0,0.0,0.0,0.0,0.0,0.0,0.0,0.0,0.0,0.0,0.0,0.0,0.0,0.0,0.0,0.0,0.0,0.0,0.0,-0.0026845482643693686,-0.0011505207512527704,-0.00153402762953192,0.00153402762953192,0.1361449509859085,-0.1399800181388855,0.15225224196910858,-0.1503347009420395,0.4916558563709259,-0.4928063750267029,0.4908888339996338,-0.4954909086227417,-0.009155552834272385,-0.02700888179242611,-0.01739555038511753,0.019226660951972008,-0.02471999265253544,0.05951109528541565,-0.11169774830341339,0.13962218165397644,-0.21103549003601074,0.2211066037416458,-0.1112399697303772,0.2471999228000641,0.0015787961892783642,-0.0015787961892783642,-0.0014735432341694832,0.0018945555202662945,0.1358817219734192,-0.1366184949874878,0.1358817219734192,-0.1356712281703949,0.45174622535705566,-0.45227253437042236,0.452167272567749,-0.452167272567749,0.0,0.0,0.0,0.0,0.0,0.0,0.0,0.0,0.0,0.0,0.0,0.0
20260708_192923_786968,2026-07-08T19:30:03.793,40.006509,pose,1630,stand,0.0,0.0,0.0,0.0,0.0,0.0,0.0,0.0,1.0,fake,0.0,0.0,-1.0,-0.0,0.0,0.0,0.0,9.658997535705566,24.76793670654297,12,can0:12,5.706655979156494,13.755302429199219,,"BL_hip_joint,BR_hip_joint,FL_hip_joint,FR_hip_joint,BL_thigh_joint,BR_thigh_joint,FL_thigh_joint,FR_thigh_joint,BL_calf_joint,BR_calf_joint,FL_calf_joint,FR_calf_joint",330e02f2406e129bb6ed6ec4a6c6bcd5f80d7e7799a2ab087e81eda65d2fae69,"step=001630 mode=stand  vx= 0.000 vy= 0.000 vxy= 0.000 yaw= 0.000 speed=1.00 imu=fake tilt_rp=[-0.0,+0.0]deg imu_corr=0.000 act_max= 0.000 tau_cmd= 9.659 tau_cmd_max= 24.768 cmds=12 bus=can0:12 tau_fb= 5.707 tau_fb_max= 13.755",,,,,,,,,,,,,,,,,,,,,,,,,,,,,,,,,,,,,,,,,,,,,,,,,0.0,0.0,0.0,0.0,0.0,0.0,0.0,0.0,0.0,0.0,0.0,0.0,0.0,0.0,0.0,0.0,0.0,0.0,0.0,0.0,0.0,0.0,0.0,0.0,-0.0026845482643693686,-0.0011505207512527704,-0.0011505207512527704,0.0011505207512527704,0.12809130549430847,-0.13230988383293152,0.14343157410621643,-0.1418975591659546,0.46327632665634155,-0.46519386768341064,0.46327632665634155,-0.4667279124259949,-0.021057771518826485,0.06912442296743393,0.00045777764171361923,0.0032044434919953346,-0.08926664292812347,0.04257332161068916,-0.06729331612586975,0.016937773674726486,-0.15243995189666748,0.14099551737308502,-0.18127994239330292,0.2142399400472641,0.0014849938452243805,-0.0014849938452243805,-0.0013859942555427551,0.0017819926142692566,0.12780848145484924,-0.12850147485733032,0.12780848145484924,-0.1276104748249054,0.42490625381469727,-0.42540132999420166,0.42530226707458496,-0.42530226707458496,0.0,0.0,0.0,0.0,0.0,0.0,0.0,0.0,0.0,0.0,0.0,0.0
20260708_192923_786968,2026-07-08T19:30:03.914,40.127219,pose,1635,stand,0.0,0.0,0.0,0.0,0.0,0.0,0.0,0.0,1.0,fake,0.0,0.0,-1.0,-0.0,0.0,0.0,0.0,8.138091087341309,23.385269165039062,12,can0:12,5.188451766967773,12.978911399841309,,"BL_hip_joint,BR_hip_joint,FL_hip_joint,FR_hip_joint,BL_thigh_joint,BR_thigh_joint,FL_thigh_joint,FR_thigh_joint,BL_calf_joint,BR_calf_joint,FL_calf_joint,FR_calf_joint",330e02f2406e129bb6ed6ec4a6c6bcd5f80d7e7799a2ab087e81eda65d2fae69,"step=001635 mode=stand  vx= 0.000 vy= 0.000 vxy= 0.000 yaw= 0.000 speed=1.00 imu=fake tilt_rp=[-0.0,+0.0]deg imu_corr=0.000 act_max= 0.000 tau_cmd= 8.138 tau_cmd_max= 23.385 cmds=12 bus=can0:12 tau_fb= 5.188 tau_fb_max= 12.979",,,,,,,,,,,,,,,,,,,,,,,,,,,,,,,,,,,,,,,,,,,,,,,,,0.0,0.0,0.0,0.0,0.0,0.0,0.0,0.0,0.0,0.0,0.0,0.0,0.0,0.0,0.0,0.0,0.0,0.0,0.0,0.0,0.0,0.0,0.0,0.0,-0.0026845482643693686,-0.0011505207512527704,-0.00153402762953192,0.0011505207512527704,0.12157168984413147,-0.1250232458114624,0.1353779286146164,-0.13384391367435455,0.4345133304595947,-0.43719786405563354,0.4356638491153717,-0.43911540508270264,0.06500442326068878,0.019226660951972008,-0.0050355540588498116,0.026551103219389915,-0.024262215942144394,0.05401776358485222,-0.12909328937530518,0.008697775192558765,-0.18448439240455627,0.18814660608768463,-0.22705771028995514,0.18768882751464844,0.0013928953558206558,-0.0013928953558206558,-0.001300035510212183,0.001671474426984787,0.11988186836242676,-0.12053185701370239,0.11988186836242676,-0.11969614028930664,0.398553729057312,-0.3990180492401123,0.39892518520355225,-0.39892518520355225,0.0,0.0,0.0,0.0,0.0,0.0,0.0,0.0,0.0,0.0,0.0,0.0
20260708_192923_786968,2026-07-08T19:30:04.036,40.249333,pose,1640,stand,0.0,0.0,0.0,0.0,0.0,0.0,0.0,0.0,1.0,fake,0.0,0.0,-1.0,-0.0,0.0,0.0,0.0,8.278462409973145,23.119577407836914,12,can0:12,5.21164608001709,13.462325096130371,,"BL_hip_joint,BR_hip_joint,FL_hip_joint,FR_hip_joint,BL_thigh_joint,BR_thigh_joint,FL_thigh_joint,FR_thigh_joint,BL_calf_joint,BR_calf_joint,FL_calf_joint,FR_calf_joint",330e02f2406e129bb6ed6ec4a6c6bcd5f80d7e7799a2ab087e81eda65d2fae69,"step=001640 mode=stand  vx= 0.000 vy= 0.000 vxy= 0.000 yaw= 0.000 speed=1.00 imu=fake tilt_rp=[-0.0,+0.0]deg imu_corr=0.000 act_max= 0.000 tau_cmd= 8.278 tau_cmd_max= 23.120 cmds=12 bus=can0:12 tau_fb= 5.212 tau_fb_max= 13.462",,,,,,,,,,,,,,,,,,,,,,,,,,,,,,,,,,,,,,,,,,,,,,,,,0.0,0.0,0.0,0.0,0.0,0.0,0.0,0.0,0.0,0.0,0.0,0.0,0.0,0.0,0.0,0.0,0.0,0.0,0.0,0.0,0.0,0.0,0.0,0.0,-0.002301041502505541,-0.0011505207512527704,-0.0011505207512527704,0.0011505207512527704,0.11428505927324295,-0.11581908166408539,0.12655727565288544,-0.12348922342061996,0.40728431940078735,-0.4107359051704407,0.4088183641433716,-0.4122699201107025,0.03341776877641678,0.017853328958153725,0.02151555009186268,-0.035248879343271255,-0.03387554734945297,0.10574663430452347,-0.07003998011350632,0.08011108636856079,-0.17212440073490143,0.158848837018013,-0.2059999406337738,0.1744132786989212,0.001302623189985752,-0.001302623189985752,-0.0012157815508544445,0.0015631476417183876,0.11211243271827698,-0.1127203106880188,0.11211243271827698,-0.11193874478340149,0.3727238178253174,-0.3731580972671509,0.37307119369506836,-0.37307119369506836,0.0,0.0,0.0,0.0,0.0,0.0,0.0,0.0,0.0,0.0,0.0,0.0
20260708_192923_786968,2026-07-08T19:30:04.159,40.372627,pose,1645,stand,0.0,0.0,0.0,0.0,0.0,0.0,0.0,0.0,1.0,fake,0.0,0.0,-1.0,-0.0,0.0,0.0,0.0,8.295193672180176,21.84769058227539,12,can0:12,5.059663772583008,13.736991882324219,,"BL_hip_joint,BR_hip_joint,FL_hip_joint,FR_hip_joint,BL_thigh_joint,BR_thigh_joint,FL_thigh_joint,FR_thigh_joint,BL_calf_joint,BR_calf_joint,FL_calf_joint,FR_calf_joint",330e02f2406e129bb6ed6ec4a6c6bcd5f80d7e7799a2ab087e81eda65d2fae69,"step=001645 mode=stand  vx= 0.000 vy= 0.000 vxy= 0.000 yaw= 0.000 speed=1.00 imu=fake tilt_rp=[-0.0,+0.0]deg imu_corr=0.000 act_max= 0.000 tau_cmd= 8.295 tau_cmd_max= 21.848 cmds=12 bus=can0:12 tau_fb= 5.060 tau_fb_max= 13.737",,,,,,,,,,,,,,,,,,,,,,,,,,,,,,,,,,,,,,,,,,,,,,,,,0.0,0.0,0.0,0.0,0.0,0.0,0.0,0.0,0.0,0.0,0.0,0.0,0.0,0.0,0.0,0.0,0.0,0.0,0.0,0.0,0.0,0.0,0.0,0.0,-0.002301041502505541,-0.00076701381476596,-0.00153402762953192,0.0011505207512527704,0.10661491751670837,-0.10699842870235443,0.11773661524057388,-0.1139015480875969,0.38120585680007935,-0.3846574127674103,0.3835068941116333,-0.38657495379447937,-0.020142216235399246,0.03021332435309887,-0.007782219909131527,0.018768884241580963,-0.035248879343271255,0.07003998011350632,-0.016479995101690292,-0.0119022186845541,-0.1593066155910492,0.16113772988319397,-0.25818657875061035,0.20142216980457306,0.001214300747960806,-0.001214300747960806,-0.0011333473958075047,0.0014571608044207096,0.10451081395149231,-0.10507750511169434,0.10451081395149231,-0.10434889793395996,0.34745192527770996,-0.3478567600250244,0.3477756977081299,-0.3477756977081299,0.0,0.0,0.0,0.0,0.0,0.0,0.0,0.0,0.0,0.0,0.0,0.0
20260708_192923_786968,2026-07-08T19:30:04.282,40.495883,pose,1650,stand,0.0,0.0,0.0,0.0,0.0,0.0,0.0,0.0,1.0,fake,0.0,0.0,-1.0,-0.0,0.0,0.0,0.0,8.278738975524902,23.027942657470703,12,can0:12,4.6470537185668945,12.43690299987793,,"BL_hip_joint,BR_hip_joint,FL_hip_joint,FR_hip_joint,BL_thigh_joint,BR_thigh_joint,FL_thigh_joint,FR_thigh_joint,BL_calf_joint,BR_calf_joint,FL_calf_joint,FR_calf_joint",330e02f2406e129bb6ed6ec4a6c6bcd5f80d7e7799a2ab087e81eda65d2fae69,"step=001650 mode=stand  vx= 0.000 vy= 0.000 vxy= 0.000 yaw= 0.000 speed=1.00 imu=fake tilt_rp=[-0.0,+0.0]deg imu_corr=0.000 act_max= 0.000 tau_cmd= 8.279 tau_cmd_max= 23.028 cmds=12 bus=can0:12 tau_fb= 4.647 tau_fb_max= 12.437",,,,,,,,,,,,,,,,,,,,,,,,,,,,,,,,,,,,,,,,,,,,,,,,,0.0,0.0,0.0,0.0,0.0,0.0,0.0,0.0,0.0,0.0,0.0,0.0,0.0,0.0,0.0,0.0,0.0,0.0,0.0,0.0,0.0,0.0,0.0,0.0,-0.0026845482643693686,-0.00076701381476596,-0.00153402762953192,0.00153402762953192,0.10009530186653137,-0.10047880560159683,0.11083349585533142,-0.10699842870235443,0.35512739419937134,-0.3593459725379944,0.3581954538822174,-0.3608799874782562,-0.054475538432598114,-0.007324442267417908,-0.010528885759413242,-0.01144444104284048,-0.04211554303765297,0.059968870133161545,-0.04669332131743431,0.016937773674726486,-0.2371288239955902,0.1583910584449768,-0.09201330691576004,0.1501510739326477,0.001128051895648241,-0.001128051895648241,-0.0010528485290706158,0.0013536624610424042,0.09708768129348755,-0.09761407971382141,0.09708768129348755,-0.09693726897239685,0.3227732181549072,-0.32314932346343994,0.3230741024017334,-0.3230741024017334,0.0,0.0,0.0,0.0,0.0,0.0,0.0,0.0,0.0,0.0,0.0,0.0
20260708_192923_786968,2026-07-08T19:30:04.405,40.618765,pose,1655,stand,0.0,0.0,0.0,0.0,0.0,0.0,0.0,0.0,1.0,fake,0.0,0.0,-1.0,-0.0,0.0,0.0,0.0,7.994753360748291,21.3933048248291,12,can0:12,4.659261226654053,13.616138458251953,,"BL_hip_joint,BR_hip_joint,FL_hip_joint,FR_hip_joint,BL_thigh_joint,BR_thigh_joint,FL_thigh_joint,FR_thigh_joint,BL_calf_joint,BR_calf_joint,FL_calf_joint,FR_calf_joint",330e02f2406e129bb6ed6ec4a6c6bcd5f80d7e7799a2ab087e81eda65d2fae69,"step=001655 mode=stand  vx= 0.000 vy= 0.000 vxy= 0.000 yaw= 0.000 speed=1.00 imu=fake tilt_rp=[-0.0,+0.0]deg imu_corr=0.000 act_max= 0.000 tau_cmd= 7.995 tau_cmd_max= 21.393 cmds=12 bus=can0:12 tau_fb= 4.659 tau_fb_max= 13.616",,,,,,,,,,,,,,,,,,,,,,,,,,,,,,,,,,,,,,,,,,,,,,,,,0.0,0.0,0.0,0.0,0.0,0.0,0.0,0.0,0.0,0.0,0.0,0.0,0.0,0.0,0.0,0.0,0.0,0.0,0.0,0.0,0.0,0.0,0.0,0.0,-0.002301041502505541,-0.00076701381476596,-0.0011505207512527704,0.0011505207512527704,0.09434270113706589,-0.09395918995141983,0.10393036901950836,-0.0989447832107544,0.3294324278831482,-0.3340345025062561,0.33250048756599426,-0.3351850211620331,-0.06591998040676117,0.027924437075853348,0.014191106893122196,-0.041657764464616776,-0.11032441258430481,0.10711997002363205,-0.08102664351463318,0.03387554734945297,-0.19272439181804657,0.1341288536787033,-0.14877773821353912,0.21652881801128387,0.001044000033289194,-0.001044000033289194,-0.0009743999689817429,0.0012527997605502605,0.08985358476638794,-0.09034079313278198,0.08985358476638794,-0.08971437811851501,0.2987232208251953,-0.29907119274139404,0.2990015745162964,-0.2990015745162964,0.0,0.0,0.0,0.0,0.0,0.0,0.0,0.0,0.0,0.0,0.0,0.0
20260708_192923_786968,2026-07-08T19:30:04.528,40.741491,pose,1660,stand,0.0,0.0,0.0,0.0,0.0,0.0,0.0,0.0,1.0,fake,0.0,0.0,-1.0,-0.0,0.0,0.0,0.0,7.182172775268555,21.133996963500977,12,can0:12,4.360484600067139,12.202520370483398,,"BL_hip_joint,BR_hip_joint,FL_hip_joint,FR_hip_joint,BL_thigh_joint,BR_thigh_joint,FL_thigh_joint,FR_thigh_joint,BL_calf_joint,BR_calf_joint,FL_calf_joint,FR_calf_joint",330e02f2406e129bb6ed6ec4a6c6bcd5f80d7e7799a2ab087e81eda65d2fae69,"step=001660 mode=stand  vx= 0.000 vy= 0.000 vxy= 0.000 yaw= 0.000 speed=1.00 imu=fake tilt_rp=[-0.0,+0.0]deg imu_corr=0.000 act_max= 0.000 tau_cmd= 7.182 tau_cmd_max= 21.134 cmds=12 bus=can0:12 tau_fb= 4.360 tau_fb_max= 12.203",,,,,,,,,,,,,,,,,,,,,,,,,,,,,,,,,,,,,,,,,,,,,,,,,0.0,0.0,0.0,0.0,0.0,0.0,0.0,0.0,0.0,0.0,0.0,0.0,0.0,0.0,0.0,0.0,0.0,0.0,0.0,0.0,0.0,0.0,0.0,0.0,-0.002301041502505541,-0.00076701381476596,-0.0011505207512527704,0.0011505207512527704,0.08743957430124283,-0.08552204072475433,0.09510970860719681,-0.08935710787773132,0.304887980222702,-0.30949005484580994,0.30833953619003296,-0.31102409958839417,-0.0315866582095623,0.03570665791630745,-0.036164432764053345,0.014191106893122196,-0.020142216235399246,0.04531998559832573,-0.0636310949921608,0.0791955292224884,-0.19638660550117493,0.19455549120903015,-0.17807550728321075,0.1510666161775589,0.000962267629802227,-0.000962267629802227,-0.0008981167338788509,0.0011547212488949299,0.08281919360160828,-0.08326825499534607,0.08281919360160828,-0.08269089460372925,0.2753368616104126,-0.27565765380859375,0.27559351921081543,-0.27559351921081543,0.0,0.0,0.0,0.0,0.0,0.0,0.0,0.0,0.0,0.0,0.0,0.0
20260708_192923_786968,2026-07-08T19:30:04.651,40.864572,pose,1665,stand,0.0,0.0,0.0,0.0,0.0,0.0,0.0,0.0,1.0,fake,0.0,0.0,-1.0,-0.0,0.0,0.0,0.0,7.416822910308838,20.807790756225586,12,can0:12,4.4978179931640625,12.803125381469727,,"BL_hip_joint,BR_hip_joint,FL_hip_joint,FR_hip_joint,BL_thigh_joint,BR_thigh_joint,FL_thigh_joint,FR_thigh_joint,BL_calf_joint,BR_calf_joint,FL_calf_joint,FR_calf_joint",330e02f2406e129bb6ed6ec4a6c6bcd5f80d7e7799a2ab087e81eda65d2fae69,"step=001665 mode=stand  vx= 0.000 vy= 0.000 vxy= 0.000 yaw= 0.000 speed=1.00 imu=fake tilt_rp=[-0.0,+0.0]deg imu_corr=0.000 act_max= 0.000 tau_cmd= 7.417 tau_cmd_max= 20.808 cmds=12 bus=can0:12 tau_fb= 4.498 tau_fb_max= 12.803",,,,,,,,,,,,,,,,,,,,,,,,,,,,,,,,,,,,,,,,,,,,,,,,,0.0,0.0,0.0,0.0,0.0,0.0,0.0,0.0,0.0,0.0,0.0,0.0,0.0,0.0,0.0,0.0,0.0,0.0,0.0,0.0,0.0,0.0,0.0,0.0,-0.002301041502505541,-0.00076701381476596,-0.0011505207512527704,0.0011505207512527704,0.07938592880964279,-0.07593436539173126,0.08628905564546585,-0.0820704773068428,0.281110554933548,-0.28686314821243286,0.285329133272171,-0.2872466742992401,-0.013733329251408577,0.002288888208568096,-0.06912442296743393,0.024262215942144394,-0.032959990203380585,0.08972442150115967,-0.07003998011350632,0.04028443247079849,-0.110782191157341,0.12863551080226898,-0.16846217215061188,0.22705771028995514,0.0008829794824123383,-0.0008829794824123383,-0.0008241143077611923,0.0010595754720270634,0.07599511742591858,-0.07640716433525085,0.07599511742591858,-0.0758773684501648,0.2526499032974243,-0.2529442310333252,0.2528853416442871,-0.2528853416442871,0.0,0.0,0.0,0.0,0.0,0.0,0.0,0.0,0.0,0.0,0.0,0.0
20260708_192923_786968,2026-07-08T19:30:04.774,40.987616,pose,1670,stand,0.0,0.0,0.0,0.0,0.0,0.0,0.0,0.0,1.0,fake,0.0,0.0,-1.0,-0.0,0.0,0.0,0.0,6.966824054718018,21.975008010864258,12,can0:12,4.4206061363220215,12.469862937927246,,"BL_hip_joint,BR_hip_joint,FL_hip_joint,FR_hip_joint,BL_thigh_joint,BR_thigh_joint,FL_thigh_joint,FR_thigh_joint,BL_calf_joint,BR_calf_joint,FL_calf_joint,FR_calf_joint",330e02f2406e129bb6ed6ec4a6c6bcd5f80d7e7799a2ab087e81eda65d2fae69,"step=001670 mode=stand  vx= 0.000 vy= 0.000 vxy= 0.000 yaw= 0.000 speed=1.00 imu=fake tilt_rp=[-0.0,+0.0]deg imu_corr=0.000 act_max= 0.000 tau_cmd= 6.967 tau_cmd_max= 21.975 cmds=12 bus=can0:12 tau_fb= 4.421 tau_fb_max= 12.470",,,,,,,,,,,,,,,,,,,,,,,,,,,,,,,,,,,,,,,,,,,,,,,,,0.0,0.0,0.0,0.0,0.0,0.0,0.0,0.0,0.0,0.0,0.0,0.0,0.0,0.0,0.0,0.0,0.0,0.0,0.0,0.0,0.0,0.0,0.0,0.0,-0.002301041502505541,-0.00076701381476596,-0.0011505207512527704,0.0011505207512527704,0.07286631315946579,-0.06864773482084274,0.07938592880964279,-0.07478384673595428,0.25886714458465576,-0.26346924901008606,0.2623187303543091,-0.2650032639503479,0.03799554333090782,0.02609332650899887,-0.032959990203380585,0.010071108117699623,-0.003662221133708954,0.021057771518826485,-0.04577776417136192,0.051271095871925354,-0.2627643644809723,0.16067995131015778,-0.09109774976968765,0.09979552775621414,0.0008062580600380898,-0.0008062580600380898,-0.0007525072433054447,0.0009675095789134502,0.06939193606376648,-0.06976819038391113,0.06939193606376648,-0.06928443908691406,0.23069727420806885,-0.23096609115600586,0.23091232776641846,-0.23091232776641846,0.0,0.0,0.0,0.0,0.0,0.0,0.0,0.0,0.0,0.0,0.0,0.0
20260708_192923_786968,2026-07-08T19:30:04.897,41.109997,pose,1675,stand,0.0,0.0,0.0,0.0,0.0,0.0,0.0,0.0,1.0,fake,0.0,0.0,-1.0,-0.0,0.0,0.0,0.0,7.458499908447266,20.972606658935547,12,can0:12,4.044923305511475,11.704459190368652,,"BL_hip_joint,BR_hip_joint,FL_hip_joint,FR_hip_joint,BL_thigh_joint,BR_thigh_joint,FL_thigh_joint,FR_thigh_joint,BL_calf_joint,BR_calf_joint,FL_calf_joint,FR_calf_joint",330e02f2406e129bb6ed6ec4a6c6bcd5f80d7e7799a2ab087e81eda65d2fae69,"step=001675 mode=stand  vx= 0.000 vy= 0.000 vxy= 0.000 yaw= 0.000 speed=1.00 imu=fake tilt_rp=[-0.0,+0.0]deg imu_corr=0.000 act_max= 0.000 tau_cmd= 7.458 tau_cmd_max= 20.973 cmds=12 bus=can0:12 tau_fb= 4.045 tau_fb_max= 11.704",,,,,,,,,,,,,,,,,,,,,,,,,,,,,,,,,,,,,,,,,,,,,,,,,0.0,0.0,0.0,0.0,0.0,0.0,0.0,0.0,0.0,0.0,0.0,0.0,0.0,0.0,0.0,0.0,0.0,0.0,0.0,0.0,0.0,0.0,0.0,0.0,-0.002301041502505541,-0.00076701381476596,-0.00076701381476596,0.0011505207512527704,0.0690312385559082,-0.06366214901208878,0.07440033555030823,-0.0690312385559082,0.23585674166679382,-0.2416093498468399,0.2396918088197708,-0.24237635731697083,-0.02471999265253544,-0.017853328958153725,-0.08285775035619736,0.03021332435309887,0.06179998070001602,0.03799554333090782,-0.028839992359280586,0.07461775839328766,-0.18539994955062866,0.14694662392139435,-0.14648884534835815,0.09796441346406937,0.0007322272285819054,-0.0007322272285819054,-0.0006834119558334351,0.000878672581166029,0.06302034854888916,-0.06336203217506409,0.06302034854888916,-0.06292271614074707,0.20951449871063232,-0.20975863933563232,0.20970988273620605,-0.20970988273620605,0.0,0.0,0.0,0.0,0.0,0.0,0.0,0.0,0.0,0.0,0.0,0.0
20260708_192923_786968,2026-07-08T19:30:05.020,41.233201,pose,1680,stand,0.0,0.0,0.0,0.0,0.0,0.0,0.0,0.0,1.0,fake,0.0,0.0,-1.0,-0.0,0.0,0.0,0.0,6.935855865478516,18.09853172302246,12,can0:12,3.9790031909942627,10.733969688415527,,"BL_hip_joint,BR_hip_joint,FL_hip_joint,FR_hip_joint,BL_thigh_joint,BR_thigh_joint,FL_thigh_joint,FR_thigh_joint,BL_calf_joint,BR_calf_joint,FL_calf_joint,FR_calf_joint",330e02f2406e129bb6ed6ec4a6c6bcd5f80d7e7799a2ab087e81eda65d2fae69,"step=001680 mode=stand  vx= 0.000 vy= 0.000 vxy= 0.000 yaw= 0.000 speed=1.00 imu=fake tilt_rp=[-0.0,+0.0]deg imu_corr=0.000 act_max= 0.000 tau_cmd= 6.936 tau_cmd_max= 18.099 cmds=12 bus=can0:12 tau_fb= 3.979 tau_fb_max= 10.734",,,,,,,,,,,,,,,,,,,,,,,,,,,,,,,,,,,,,,,,,,,,,,,,,0.0,0.0,0.0,0.0,0.0,0.0,0.0,0.0,0.0,0.0,0.0,0.0,0.0,0.0,0.0,0.0,0.0,0.0,0.0,0.0,0.0,0.0,0.0,0.0,-0.0019175345078110695,-0.00076701381476596,-0.00076701381476596,0.0011505207512527704,0.06366214901208878,-0.057909540832042694,0.06826423108577728,-0.06174461171030998,0.21322983503341675,-0.21974945068359375,0.21898244321346283,-0.22051647305488586,-0.04943998530507088,0.06042664870619774,-0.05218665301799774,0.050355542451143265,-0.0,0.04623554274439812,-0.036164432764053345,0.08011108636856079,-0.1583910584449768,0.19363994896411896,-0.11535996943712234,0.16205328702926636,0.0006610099226236343,-0.0006610099226236343,-0.0006169425323605537,0.0007932116277515888,0.056890904903411865,-0.0571993887424469,0.056890904903411865,-0.05680277943611145,0.18913698196411133,-0.18935728073120117,0.18931317329406738,-0.18931317329406738,0.0,0.0,0.0,0.0,0.0,0.0,0.0,0.0,0.0,0.0,0.0,0.0
20260708_192923_786968,2026-07-08T19:30:05.143,41.356293,pose,1685,stand,0.0,0.0,0.0,0.0,0.0,0.0,0.0,0.0,1.0,fake,0.0,0.0,-1.0,-0.0,0.0,0.0,0.0,6.014051914215088,21.703466415405273,12,can0:12,4.328440189361572,12.056032180786133,,"BL_hip_joint,BR_hip_joint,FL_hip_joint,FR_hip_joint,BL_thigh_joint,BR_thigh_joint,FL_thigh_joint,FR_thigh_joint,BL_calf_joint,BR_calf_joint,FL_calf_joint,FR_calf_joint",330e02f2406e129bb6ed6ec4a6c6bcd5f80d7e7799a2ab087e81eda65d2fae69,"step=001685 mode=stand  vx= 0.000 vy= 0.000 vxy= 0.000 yaw= 0.000 speed=1.00 imu=fake tilt_rp=[-0.0,+0.0]deg imu_corr=0.000 act_max= 0.000 tau_cmd= 6.014 tau_cmd_max= 21.703 cmds=12 bus=can0:12 tau_fb= 4.328 tau_fb_max= 12.056",,,,,,,,,,,,,,,,,,,,,,,,,,,,,,,,,,,,,,,,,,,,,,,,,0.0,0.0,0.0,0.0,0.0,0.0,0.0,0.0,0.0,0.0,0.0,0.0,0.0,0.0,0.0,0.0,0.0,0.0,0.0,0.0,0.0,0.0,0.0,0.0,-0.0019175345078110695,-0.00076701381476596,-0.00076701381476596,0.0011505207512527704,0.05637551471590996,-0.04908888414502144,0.05944357067346573,-0.05292395129799843,0.19328747689723969,-0.19904008507728577,0.1978895664215088,-0.20019060373306274,0.05951109528541565,0.02471999265253544,-0.05081331729888916,0.03891110047698021,-0.08789330720901489,-0.03250221163034439,-0.09704886376857758,0.02700888179242611,-0.18036438524723053,0.13824884593486786,-0.1359599530696869,0.031128879636526108,0.0005927295424044132,-0.0005927295424044132,-0.0005532144568860531,0.0007112757302820683,0.05101427435874939,-0.05129086971282959,0.05101427435874939,-0.05093523859977722,0.16959965229034424,-0.16979730129241943,0.16975772380828857,-0.16975772380828857,0.0,0.0,0.0,0.0,0.0,0.0,0.0,0.0,0.0,0.0,0.0,0.0
20260708_192923_786968,2026-07-08T19:30:05.266,41.479034,pose,1690,stand,0.0,0.0,0.0,0.0,0.0,0.0,0.0,0.0,1.0,fake,0.0,0.0,-1.0,-0.0,0.0,0.0,0.0,6.6233601570129395,17.539867401123047,12,can0:12,4.246650695800781,11.931516647338867,,"BL_hip_joint,BR_hip_joint,FL_hip_joint,FR_hip_joint,BL_thigh_joint,BR_thigh_joint,FL_thigh_joint,FR_thigh_joint,BL_calf_joint,BR_calf_joint,FL_calf_joint,FR_calf_joint",330e02f2406e129bb6ed6ec4a6c6bcd5f80d7e7799a2ab087e81eda65d2fae69,"step=001690 mode=stand  vx= 0.000 vy= 0.000 vxy= 0.000 yaw= 0.000 speed=1.00 imu=fake tilt_rp=[-0.0,+0.0]deg imu_corr=0.000 act_max= 0.000 tau_cmd= 6.623 tau_cmd_max= 17.540 cmds=12 bus=can0:12 tau_fb= 4.247 tau_fb_max= 11.932",,,,,,,,,,,,,,,,,,,,,,,,,,,,,,,,,,,,,,,,,,,,,,,,,0.0,0.0,0.0,0.0,0.0,0.0,0.0,0.0,0.0,0.0,0.0,0.0,0.0,0.0,0.0,0.0,0.0,0.0,0.0,0.0,0.0,0.0,0.0,0.0,-0.0019175345078110695,-0.00076701381476596,-0.00076701381476596,0.0011505207512527704,0.0494723916053772,-0.04141874611377716,0.05254044383764267,-0.04525381326675415,0.17372862994670868,-0.18063175678253174,0.17871421575546265,-0.18063175678253174,0.0238044373691082,-0.04303110018372536,0.0050355540588498116,-0.06179998070001602,-0.10071108490228653,0.0315866582095623,-0.009155552834272385,0.10849329829216003,-0.08560442179441452,0.1277199685573578,-0.12909328937530518,0.19180883467197418,0.0005275099538266659,-0.0005275099538266659,-0.0004923427477478981,0.0006330120377242565,0.045401036739349365,-0.04564720392227173,0.045401036739349365,-0.045330703258514404,0.15093815326690674,-0.1511141061782837,0.1510789394378662,-0.1510789394378662,0.0,0.0,0.0,0.0,0.0,0.0,0.0,0.0,0.0,0.0,0.0,0.0
20260708_192923_786968,2026-07-08T19:30:05.388,41.601638,pose,1695,stand,0.0,0.0,0.0,0.0,0.0,0.0,0.0,0.0,1.0,fake,0.0,0.0,-1.0,-0.0,0.0,0.0,0.0,6.330163478851318,17.53333854675293,12,can0:12,4.051331996917725,11.499374389648438,,"BL_hip_joint,BR_hip_joint,FL_hip_joint,FR_hip_joint,BL_thigh_joint,BR_thigh_joint,FL_thigh_joint,FR_thigh_joint,BL_calf_joint,BR_calf_joint,FL_calf_joint,FR_calf_joint",330e02f2406e129bb6ed6ec4a6c6bcd5f80d7e7799a2ab087e81eda65d2fae69,"step=001695 mode=stand  vx= 0.000 vy= 0.000 vxy= 0.000 yaw= 0.000 speed=1.00 imu=fake tilt_rp=[-0.0,+0.0]deg imu_corr=0.000 act_max= 0.000 tau_cmd= 6.330 tau_cmd_max= 17.533 cmds=12 bus=can0:12 tau_fb= 4.051 tau_fb_max= 11.499",,,,,,,,,,,,,,,,,,,,,,,,,,,,,,,,,,,,,,,,,,,,,,,,,0.0,0.0,0.0,0.0,0.0,0.0,0.0,0.0,0.0,0.0,0.0,0.0,0.0,0.0,0.0,0.0,0.0,0.0,0.0,0.0,0.0,0.0,0.0,0.0,-0.002301041502505541,-0.00038350690738298,-0.00076701381476596,0.0011505207512527704,0.04563732072710991,-0.036433156579732895,0.047554854303598404,-0.039501212537288666,0.15455327928066254,-0.16183991730213165,0.16068939864635468,-0.16183991730213165,-0.01739555038511753,0.017853328958153725,-0.01235999632626772,-0.00045777764171361923,0.03570665791630745,0.06912442296743393,-0.03891110047698021,0.05951109528541565,-0.21286660432815552,0.16296884417533875,-0.08331552892923355,0.1272621899843216,0.00046547455713152885,-0.00046547455713152885,-0.0004344428889453411,0.0005585695616900921,0.0400618314743042,-0.04027906060218811,0.0400618314743042,-0.03999978303909302,0.13318777084350586,-0.13334298133850098,0.13331186771392822,-0.13331186771392822,0.0,0.0,0.0,0.0,0.0,0.0,0.0,0.0,0.0,0.0,0.0,0.0
20260708_192923_786968,2026-07-08T19:30:05.511,41.724407,pose,1700,stand,0.0,0.0,0.0,0.0,0.0,0.0,0.0,0.0,1.0,fake,0.0,0.0,-1.0,-0.0,0.0,0.0,0.0,5.78740119934082,16.767385482788086,12,can0:12,3.943296432495117,11.503036499023438,,"BL_hip_joint,BR_hip_joint,FL_hip_joint,FR_hip_joint,BL_thigh_joint,BR_thigh_joint,FL_thigh_joint,FR_thigh_joint,BL_calf_joint,BR_calf_joint,FL_calf_joint,FR_calf_joint",330e02f2406e129bb6ed6ec4a6c6bcd5f80d7e7799a2ab087e81eda65d2fae69,"step=001700 mode=stand  vx= 0.000 vy= 0.000 vxy= 0.000 yaw= 0.000 speed=1.00 imu=fake tilt_rp=[-0.0,+0.0]deg imu_corr=0.000 act_max= 0.000 tau_cmd= 5.787 tau_cmd_max= 16.767 cmds=12 bus=can0:12 tau_fb= 3.943 tau_fb_max= 11.503",,,,,,,,,,,,,,,,,,,,,,,,,,,,,,,,,,,,,,,,,,,,,,,,,0.0,0.0,0.0,0.0,0.0,0.0,0.0,0.0,0.0,0.0,0.0,0.0,0.0,0.0,0.0,0.0,0.0,0.0,0.0,0.0,0.0,0.0,0.0,0.0,-0.0019175345078110695,-0.00038350690738298,-0.00038350690738298,0.0011505207512527704,0.04218575730919838,-0.032981593161821365,0.043719787150621414,-0.03528263419866562,0.13691195845603943,-0.14304807782173157,0.1418975591659546,-0.1438150852918625,-0.007782219909131527,-0.028382213786244392,0.04623554274439812,-0.00595110934227705,-0.030671102926135063,0.06820886582136154,-0.04257332161068916,-0.012817773967981339,-0.07599108666181564,0.1895199418067932,-0.1826532781124115,0.1034577488899231,0.0004067458212375641,-0.0004067458212375641,-0.0003796294331550598,0.0004880954511463642,0.03500726819038391,-0.03519707918167114,0.03500726819038391,-0.034953027963638306,0.11638355255126953,-0.11651921272277832,0.11649203300476074,-0.11649203300476074,0.0,0.0,0.0,0.0,0.0,0.0,0.0,0.0,0.0,0.0,0.0,0.0
20260708_192923_786968,2026-07-08T19:30:05.634,41.847611,pose,1705,stand,0.0,0.0,0.0,0.0,0.0,0.0,0.0,0.0,1.0,fake,0.0,0.0,-1.0,-0.0,0.0,0.0,0.0,5.703836917877197,17.447154998779297,12,can0:12,3.9564192295074463,10.638751983642578,,"BL_hip_joint,BR_hip_joint,FL_hip_joint,FR_hip_joint,BL_thigh_joint,BR_thigh_joint,FL_thigh_joint,FR_thigh_joint,BL_calf_joint,BR_calf_joint,FL_calf_joint,FR_calf_joint",330e02f2406e129bb6ed6ec4a6c6bcd5f80d7e7799a2ab087e81eda65d2fae69,"step=001705 mode=stand  vx= 0.000 vy= 0.000 vxy= 0.000 yaw= 0.000 speed=1.00 imu=fake tilt_rp=[-0.0,+0.0]deg imu_corr=0.000 act_max= 0.000 tau_cmd= 5.704 tau_cmd_max= 17.447 cmds=12 bus=can0:12 tau_fb= 3.956 tau_fb_max= 10.639",,,,,,,,,,,,,,,,,,,,,,,,,,,,,,,,,,,,,,,,,,,,,,,,,0.0,0.0,0.0,0.0,0.0,0.0,0.0,0.0,0.0,0.0,0.0,0.0,0.0,0.0,0.0,0.0,0.0,0.0,0.0,0.0,0.0,0.0,0.0,0.0,-0.0019175345078110695,-0.00038350690738298,-0.00038350690738298,0.0011505207512527704,0.03796718269586563,-0.028763016685843468,0.03911770507693291,-0.029913539066910744,0.11927064508199692,-0.12579026818275452,0.12579026818275452,-0.12732429802417755,0.015564439818263054,0.02609332650899887,0.008697775192558765,0.0791955292224884,-0.027466658502817154,0.08423108607530594,-0.10803552716970444,0.04531998559832573,-0.1268044114112854,0.16891995072364807,-0.1345866322517395,0.0709555372595787,0.00035144900903105736,-0.00035144900903105736,-0.00032801879569888115,0.00042173871770501137,0.030248016119003296,-0.03041204810142517,0.030248016119003296,-0.03020116686820984,0.10056126117706299,-0.10067832469940186,0.1006549596786499,-0.1006549596786499,0.0,0.0,0.0,0.0,0.0,0.0,0.0,0.0,0.0,0.0,0.0,0.0
20260708_192923_786968,2026-07-08T19:30:05.757,41.970685,pose,1710,stand,0.0,0.0,0.0,0.0,0.0,0.0,0.0,0.0,1.0,fake,0.0,0.0,-1.0,-0.0,0.0,0.0,0.0,6.17689323425293,15.468437194824219,12,can0:12,3.9558093547821045,10.653401374816895,,"BL_hip_joint,BR_hip_joint,FL_hip_joint,FR_hip_joint,BL_thigh_joint,BR_thigh_joint,FL_thigh_joint,FR_thigh_joint,BL_calf_joint,BR_calf_joint,FL_calf_joint,FR_calf_joint",330e02f2406e129bb6ed6ec4a6c6bcd5f80d7e7799a2ab087e81eda65d2fae69,"step=001710 mode=stand  vx= 0.000 vy= 0.000 vxy= 0.000 yaw= 0.000 speed=1.00 imu=fake tilt_rp=[-0.0,+0.0]deg imu_corr=0.000 act_max= 0.000 tau_cmd= 6.177 tau_cmd_max= 15.468 cmds=12 bus=can0:12 tau_fb= 3.956 tau_fb_max= 10.653",,,,,,,,,,,,,,,,,,,,,,,,,,,,,,,,,,,,,,,,,,,,,,,,,0.0,0.0,0.0,0.0,0.0,0.0,0.0,0.0,0.0,0.0,0.0,0.0,0.0,0.0,0.0,0.0,0.0,0.0,0.0,0.0,0.0,0.0,0.0,0.0,-0.0019175345078110695,-0.00038350690738298,-0.00038350690738298,0.0011505207512527704,0.03259808570146561,-0.023010414093732834,0.03221457824110985,-0.023010414093732834,0.10431388020515442,-0.1100664809346199,0.10891596227884293,-0.11083349585533142,-0.09430219233036041,0.0476088747382164,-0.05951109528541565,-0.05172887444496155,-0.0238044373691082,0.0393688790500164,-0.09704886376857758,0.1272621899843216,-0.10711997002363205,0.10574663430452347,-0.13687551021575928,0.09109774976968765,0.000299705658107996,-0.000299705658107996,-0.0002797250635921955,0.0003596465103328228,0.025794655084609985,-0.02593451738357544,0.025794655084609985,-0.025754690170288086,0.08575570583343506,-0.08585560321807861,0.08583569526672363,-0.08583569526672363,0.0,0.0,0.0,0.0,0.0,0.0,0.0,0.0,0.0,0.0,0.0,0.0
20260708_192923_786968,2026-07-08T19:30:05.880,42.093654,pose,1715,stand,0.0,0.0,0.0,0.0,0.0,0.0,0.0,0.0,1.0,fake,0.0,0.0,-1.0,-0.0,0.0,0.0,0.0,5.204279899597168,13.126757621765137,12,can0:12,4.315927982330322,12.09631633758545,,"BL_hip_joint,BR_hip_joint,FL_hip_joint,FR_hip_joint,BL_thigh_joint,BR_thigh_joint,FL_thigh_joint,FR_thigh_joint,BL_calf_joint,BR_calf_joint,FL_calf_joint,FR_calf_joint",330e02f2406e129bb6ed6ec4a6c6bcd5f80d7e7799a2ab087e81eda65d2fae69,"step=001715 mode=stand  vx= 0.000 vy= 0.000 vxy= 0.000 yaw= 0.000 speed=1.00 imu=fake tilt_rp=[-0.0,+0.0]deg imu_corr=0.000 act_max= 0.000 tau_cmd= 5.204 tau_cmd_max= 13.127 cmds=12 bus=can0:12 tau_fb= 4.316 tau_fb_max= 12.096",,,,,,,,,,,,,,,,,,,,,,,,,,,,,,,,,,,,,,,,,,,,,,,,,0.0,0.0,0.0,0.0,0.0,0.0,0.0,0.0,0.0,0.0,0.0,0.0,0.0,0.0,0.0,0.0,0.0,0.0,0.0,0.0,0.0,0.0,0.0,0.0,-0.0019175345078110695,-0.00038350690738298,-0.00076701381476596,0.0011505207512527704,0.026461975648999214,-0.015723783522844315,0.025694962590932846,-0.016107289120554924,0.0885900929570198,-0.09549321979284286,0.09510970860719681,-0.09664373844861984,0.0476088747382164,-0.0636310949921608,-0.07415997982025146,-0.04669332131743431,-0.1277199685573578,-0.006408886983990669,-0.05218665301799774,0.04989776387810707,-0.14145329594612122,0.12405773997306824,-0.11535996943712234,0.16159550845623016,0.00025163963437080383,-0.00025163963437080383,-0.00023486372083425522,0.0003019673749804497,0.021657794713974,-0.02177521586418152,0.021657794713974,-0.021624237298965454,0.07200253009796143,-0.07208633422851562,0.07206964492797852,-0.07206964492797852,0.0,0.0,0.0,0.0,0.0,0.0,0.0,0.0,0.0,0.0,0.0,0.0
20260708_192923_786968,2026-07-08T19:30:06.004,42.217016,pose,1720,stand,0.0,0.0,0.0,0.0,0.0,0.0,0.0,0.0,1.0,fake,0.0,0.0,-1.0,-0.0,0.0,0.0,0.0,5.756588459014893,15.029175758361816,12,can0:12,3.8084049224853516,10.550859451293945,,"BL_hip_joint,BR_hip_joint,FL_hip_joint,FR_hip_joint,BL_thigh_joint,BR_thigh_joint,FL_thigh_joint,FR_thigh_joint,BL_calf_joint,BR_calf_joint,FL_calf_joint,FR_calf_joint",330e02f2406e129bb6ed6ec4a6c6bcd5f80d7e7799a2ab087e81eda65d2fae69,"step=001720 mode=stand  vx= 0.000 vy= 0.000 vxy= 0.000 yaw= 0.000 speed=1.00 imu=fake tilt_rp=[-0.0,+0.0]deg imu_corr=0.000 act_max= 0.000 tau_cmd= 5.757 tau_cmd_max= 15.029 cmds=12 bus=can0:12 tau_fb= 3.808 tau_fb_max= 10.551",,,,,,,,,,,,,,,,,,,,,,,,,,,,,,,,,,,,,,,,,,,,,,,,,0.0,0.0,0.0,0.0,0.0,0.0,0.0,0.0,0.0,0.0,0.0,0.0,0.0,0.0,0.0,0.0,0.0,0.0,0.0,0.0,0.0,0.0,0.0,0.0,-0.0019175345078110695,-0.0,-0.00076701381476596,0.0011505207512527704,0.022243401035666466,-0.010738193057477474,0.021859893575310707,-0.011121700517833233,0.07478384673595428,-0.0820704773068428,0.08130346238613129,-0.08283749222755432,-0.037537768483161926,0.0013733329251408577,-0.03387554734945297,0.05493331700563431,-0.004577776417136192,0.0013733329251408577,-0.04440443217754364,0.10208441317081451,-0.09109774976968765,0.110782191157341,-0.1185644119977951,0.0709555372595787,0.00020737480372190475,-0.00020737480372190475,-0.00019354978576302528,0.00024884985759854317,0.017848074436187744,-0.01794484257698059,0.017848074436187744,-0.017820417881011963,0.05933690071105957,-0.05940604209899902,0.05939221382141113,-0.05939221382141113,0.0,0.0,0.0,0.0,0.0,0.0,0.0,0.0,0.0,0.0,0.0,0.0
20260708_192923_786968,2026-07-08T19:30:06.127,42.340663,pose,1725,stand,0.0,0.0,0.0,0.0,0.0,0.0,0.0,0.0,1.0,fake,0.0,0.0,-1.0,-0.0,0.0,0.0,0.0,5.679503917694092,14.894598960876465,12,can0:12,4.124881744384766,10.45197868347168,,"BL_hip_joint,BR_hip_joint,FL_hip_joint,FR_hip_joint,BL_thigh_joint,BR_thigh_joint,FL_thigh_joint,FR_thigh_joint,BL_calf_joint,BR_calf_joint,FL_calf_joint,FR_calf_joint",330e02f2406e129bb6ed6ec4a6c6bcd5f80d7e7799a2ab087e81eda65d2fae69,"step=001725 mode=stand  vx= 0.000 vy= 0.000 vxy= 0.000 yaw= 0.000 speed=1.00 imu=fake tilt_rp=[-0.0,+0.0]deg imu_corr=0.000 act_max= 0.000 tau_cmd= 5.680 tau_cmd_max= 14.895 cmds=12 bus=can0:12 tau_fb= 4.125 tau_fb_max= 10.452",,,,,,,,,,,,,,,,,,,,,,,,,,,,,,,,,,,,,,,,,,,,,,,,,0.0,0.0,0.0,0.0,0.0,0.0,0.0,0.0,0.0,0.0,0.0,0.0,0.0,0.0,0.0,0.0,0.0,0.0,0.0,0.0,0.0,0.0,0.0,0.0,-0.0019175345078110695,-0.00038350690738298,-0.00076701381476596,0.0011505207512527704,0.019558852538466454,-0.007286631036549807,0.019175345078110695,-0.006903124041855335,0.06289513409137726,-0.0690312385559082,0.06826423108577728,-0.07018176466226578,0.04028443247079849,-0.010986663401126862,-0.0796533077955246,-0.005493331700563431,0.02929776906967163,-0.010071108117699623,0.029755547642707825,0.08148442208766937,-0.0869777500629425,0.11352885514497757,-0.09887997061014175,0.05172887444496155,0.0001670350320637226,-0.0001670350320637226,-0.00015589920803904533,0.00020044203847646713,0.014376133680343628,-0.014454096555709839,0.014376133680343628,-0.01435387134552002,0.047794222831726074,-0.04784989356994629,0.047838807106018066,-0.047838807106018066,0.0,0.0,0.0,0.0,0.0,0.0,0.0,0.0,0.0,0.0,0.0,0.0
20260708_192923_786968,2026-07-08T19:30:06.251,42.464048,pose,1730,stand,0.0,0.0,0.0,0.0,0.0,0.0,0.0,0.0,1.0,fake,0.0,0.0,-1.0,-0.0,0.0,0.0,0.0,5.571836948394775,15.486089706420898,12,can0:12,4.366588115692139,10.972014427185059,,"BL_hip_joint,BR_hip_joint,FL_hip_joint,FR_hip_joint,BL_thigh_joint,BR_thigh_joint,FL_thigh_joint,FR_thigh_joint,BL_calf_joint,BR_calf_joint,FL_calf_joint,FR_calf_joint",330e02f2406e129bb6ed6ec4a6c6bcd5f80d7e7799a2ab087e81eda65d2fae69,"step=001730 mode=stand  vx= 0.000 vy= 0.000 vxy= 0.000 yaw= 0.000 speed=1.00 imu=fake tilt_rp=[-0.0,+0.0]deg imu_corr=0.000 act_max= 0.000 tau_cmd= 5.572 tau_cmd_max= 15.486 cmds=12 bus=can0:12 tau_fb= 4.367 tau_fb_max= 10.972",,,,,,,,,,,,,,,,,,,,,,,,,,,,,,,,,,,,,,,,,,,,,,,,,0.0,0.0,0.0,0.0,0.0,0.0,0.0,0.0,0.0,0.0,0.0,0.0,0.0,0.0,0.0,0.0,0.0,0.0,0.0,0.0,0.0,0.0,0.0,0.0,-0.0019175345078110695,-0.0,-0.00038350690738298,0.0011505207512527704,0.01725780963897705,-0.004602083005011082,0.016490796580910683,-0.0034515620209276676,0.050239402800798416,-0.057909540832042694,0.05829304829239845,-0.05906006321310997,-0.005493331700563431,0.061342205852270126,0.020142216235399246,-0.05813775956630707,0.021057771518826485,-0.015106662176549435,-0.02471999265253544,0.0631733164191246,-0.0874355286359787,0.07690664380788803,-0.10254219174385071,0.020142216235399246,0.00013074232265353203,-0.00013074232265353203,-0.00012202607467770576,0.0001568906009197235,0.011252552270889282,-0.011313557624816895,0.011252552270889282,-0.01123511791229248,0.03740966320037842,-0.037453293800354004,0.0374445915222168,-0.0374445915222168,0.0,0.0,0.0,0.0,0.0,0.0,0.0,0.0,0.0,0.0,0.0,0.0
20260708_192923_786968,2026-07-08T19:30:06.373,42.586731,pose,1735,stand,0.0,0.0,0.0,0.0,0.0,0.0,0.0,0.0,1.0,fake,0.0,0.0,-1.0,-0.0,0.0,0.0,0.0,4.69131326675415,11.649006843566895,12,can0:12,3.8694417476654053,9.313028335571289,,"BL_hip_joint,BR_hip_joint,FL_hip_joint,FR_hip_joint,BL_thigh_joint,BR_thigh_joint,FL_thigh_joint,FR_thigh_joint,BL_calf_joint,BR_calf_joint,FL_calf_joint,FR_calf_joint",330e02f2406e129bb6ed6ec4a6c6bcd5f80d7e7799a2ab087e81eda65d2fae69,"step=001735 mode=stand  vx= 0.000 vy= 0.000 vxy= 0.000 yaw= 0.000 speed=1.00 imu=fake tilt_rp=[-0.0,+0.0]deg imu_corr=0.000 act_max= 0.000 tau_cmd= 4.691 tau_cmd_max= 11.649 cmds=12 bus=can0:12 tau_fb= 3.869 tau_fb_max= 9.313",,,,,,,,,,,,,,,,,,,,,,,,,,,,,,,,,,,,,,,,,,,,,,,,,0.0,0.0,0.0,0.0,0.0,0.0,0.0,0.0,0.0,0.0,0.0,0.0,0.0,0.0,0.0,0.0,0.0,0.0,0.0,0.0,0.0,0.0,0.0,0.0,-0.0019175345078110695,-0.0,-0.00038350690738298,0.0011505207512527704,0.015340276062488556,-0.002301041502505541,0.013422741554677486,-0.00038350690738298,0.04065173119306564,-0.047554854303598404,0.046787843108177185,-0.04793836176395416,0.026551103219389915,-0.01235999632626772,-0.028382213786244392,0.01144444104284048,-0.005493331700563431,0.04119998961687088,-0.0238044373691082,-0.0398266538977623,-0.06912442296743393,0.0796533077955246,-0.06271553784608841,0.11032441258430481,9.862100705504417e-05,-9.862100705504417e-05,-9.20463353395462e-05,0.0001183454878628254,0.008487999439239502,-0.008534014225006104,0.008487999439239502,-0.00847482681274414,0.028218746185302734,-0.02825164794921875,0.028245091438293457,-0.028245091438293457,0.0,0.0,0.0,0.0,0.0,0.0,0.0,0.0,0.0,0.0,0.0,0.0
20260708_192923_786968,2026-07-08T19:30:06.490,42.703121,pose,1740,stand,0.0,0.0,0.0,0.0,0.0,0.0,0.0,0.0,1.0,fake,0.0,0.0,-1.0,-0.0,0.0,0.0,0.0,4.845512866973877,13.208456993103027,12,can0:12,4.139835834503174,10.35309886932373,,"BL_hip_joint,BR_hip_joint,FL_hip_joint,FR_hip_joint,BL_thigh_joint,BR_thigh_joint,FL_thigh_joint,FR_thigh_joint,BL_calf_joint,BR_calf_joint,FL_calf_joint,FR_calf_joint",330e02f2406e129bb6ed6ec4a6c6bcd5f80d7e7799a2ab087e81eda65d2fae69,"step=001740 mode=stand  vx= 0.000 vy= 0.000 vxy= 0.000 yaw= 0.000 speed=1.00 imu=fake tilt_rp=[-0.0,+0.0]deg imu_corr=0.000 act_max= 0.000 tau_cmd= 4.846 tau_cmd_max= 13.208 cmds=12 bus=can0:12 tau_fb= 4.140 tau_fb_max= 10.353",,,,,,,,,,,,,,,,,,,,,,,,,,,,,,,,,,,,,,,,,,,,,,,,,0.0,0.0,0.0,0.0,0.0,0.0,0.0,0.0,0.0,0.0,0.0,0.0,0.0,0.0,0.0,0.0,0.0,0.0,0.0,0.0,0.0,0.0,0.0,0.0,-0.0019175345078110695,-0.0,-0.00038350690738298,0.00153402762953192,0.013422741554677486,0.00076701381476596,0.01035468652844429,0.0034515620209276676,0.03259808570146561,-0.03796718269586563,0.03758367523550987,-0.03911770507693291,0.012817773967981339,0.02059999480843544,0.0027466658502817154,0.03707998991012573,-0.016022218391299248,0.08926664292812347,-0.06408887356519699,-0.010986663401126862,-0.027924437075853348,0.11764885485172272,-0.1112399697303772,0.025635547935962677,7.079401984810829e-05,-7.079401984810829e-05,-6.607454270124435e-05,8.495291694998741e-05,0.006093025207519531,-0.006126046180725098,0.006093025207519531,-0.006083577871322632,0.020256519317626953,-0.020280122756958008,0.020275473594665527,-0.020275473594665527,0.0,0.0,0.0,0.0,0.0,0.0,0.0,0.0,0.0,0.0,0.0,0.0
20260708_192923_786968,2026-07-08T19:30:06.608,42.821291,pose,1745,stand,0.0,0.0,0.0,0.0,0.0,0.0,0.0,0.0,1.0,fake,0.0,0.0,-1.0,-0.0,0.0,0.0,0.0,4.985921382904053,11.634562492370605,12,can0:12,4.243598937988281,10.327463150024414,,"BL_hip_joint,BR_hip_joint,FL_hip_joint,FR_hip_joint,BL_thigh_joint,BR_thigh_joint,FL_thigh_joint,FR_thigh_joint,BL_calf_joint,BR_calf_joint,FL_calf_joint,FR_calf_joint",330e02f2406e129bb6ed6ec4a6c6bcd5f80d7e7799a2ab087e81eda65d2fae69,"step=001745 mode=stand  vx= 0.000 vy= 0.000 vxy= 0.000 yaw= 0.000 speed=1.00 imu=fake tilt_rp=[-0.0,+0.0]deg imu_corr=0.000 act_max= 0.000 tau_cmd= 4.986 tau_cmd_max= 11.635 cmds=12 bus=can0:12 tau_fb= 4.244 tau_fb_max= 10.327",,,,,,,,,,,,,,,,,,,,,,,,,,,,,,,,,,,,,,,,,,,,,,,,,0.0,0.0,0.0,0.0,0.0,0.0,0.0,0.0,0.0,0.0,0.0,0.0,0.0,0.0,0.0,0.0,0.0,0.0,0.0,0.0,0.0,0.0,0.0,0.0,-0.0019175345078110695,-0.0,-0.00038350690738298,0.0011505207512527704,0.011121700517833233,0.00306805525906384,0.007286631036549807,0.006519617512822151,0.023777427151799202,-0.030680552124977112,0.030680552124977112,-0.03183107450604439,-0.004119998775422573,-0.08560442179441452,0.07736442238092422,0.015106662176549435,0.010986663401126862,-0.026551103219389915,-0.03021332435309887,-0.025177771225571632,-0.025177771225571632,0.05630664899945259,-0.061342205852270126,0.05722220614552498,4.738569259643555e-05,-4.738569259643555e-05,-4.4226646423339844e-05,5.6862831115722656e-05,0.004078328609466553,-0.004100441932678223,0.004078328609466553,-0.004072010517120361,0.013558626174926758,-0.013574361801147461,0.01357126235961914,-0.01357126235961914,0.0,0.0,0.0,0.0,0.0,0.0,0.0,0.0,0.0,0.0,0.0,0.0
20260708_192923_786968,2026-07-08T19:30:06.730,42.943493,pose,1750,stand,0.0,0.0,0.0,0.0,0.0,0.0,0.0,0.0,1.0,fake,0.0,0.0,-1.0,-0.0,0.0,0.0,0.0,4.726334095001221,13.196146965026855,12,can0:12,4.049195766448975,10.33112621307373,,"BL_hip_joint,BR_hip_joint,FL_hip_joint,FR_hip_joint,BL_thigh_joint,BR_thigh_joint,FL_thigh_joint,FR_thigh_joint,BL_calf_joint,BR_calf_joint,FL_calf_joint,FR_calf_joint",330e02f2406e129bb6ed6ec4a6c6bcd5f80d7e7799a2ab087e81eda65d2fae69,"step=001750 mode=stand  vx= 0.000 vy= 0.000 vxy= 0.000 yaw= 0.000 speed=1.00 imu=fake tilt_rp=[-0.0,+0.0]deg imu_corr=0.000 act_max= 0.000 tau_cmd= 4.726 tau_cmd_max= 13.196 cmds=12 bus=can0:12 tau_fb= 4.049 tau_fb_max= 10.331",,,,,,,,,,,,,,,,,,,,,,,,,,,,,,,,,,,,,,,,,,,,,,,,,0.0,0.0,0.0,0.0,0.0,0.0,0.0,0.0,0.0,0.0,0.0,0.0,0.0,0.0,0.0,0.0,0.0,0.0,0.0,0.0,0.0,0.0,0.0,0.0,-0.00153402762953192,-0.0,-0.00038350690738298,0.0011505207512527704,0.008820658549666405,0.005369096528738737,0.004602083005011082,0.009204166010022163,0.016490796580910683,-0.02492794767022133,0.02492794767022133,-0.02492794767022133,0.03570665791630745,-0.023346660658717155,-0.030671102926135063,-0.01235999632626772,-0.04898220673203468,0.036164432764053345,-0.00045777764171361923,0.03387554734945297,-0.07827997952699661,0.04211554303765297,0.01739555038511753,0.02700888179242611,2.8518028557300568e-05,-2.8518028557300568e-05,-2.6616733521223068e-05,3.4221913665533066e-05,0.0024544596672058105,-0.0024677813053131104,0.0024544596672058105,-0.0024506747722625732,0.008159995079040527,-0.00816953182220459,0.008167624473571777,-0.008167624473571777,0.0,0.0,0.0,0.0,0.0,0.0,0.0,0.0,0.0,0.0,0.0,0.0
20260708_192923_786968,2026-07-08T19:30:06.853,43.066138,pose,1755,stand,0.0,0.0,0.0,0.0,0.0,0.0,0.0,0.0,1.0,fake,0.0,0.0,-1.0,-0.0,0.0,0.0,0.0,5.085690021514893,10.70325756072998,12,can0:12,3.9777824878692627,9.712210655212402,,"BL_hip_joint,BR_hip_joint,FL_hip_joint,FR_hip_joint,BL_thigh_joint,BR_thigh_joint,FL_thigh_joint,FR_thigh_joint,BL_calf_joint,BR_calf_joint,FL_calf_joint,FR_calf_joint",330e02f2406e129bb6ed6ec4a6c6bcd5f80d7e7799a2ab087e81eda65d2fae69,"step=001755 mode=stand  vx= 0.000 vy= 0.000 vxy= 0.000 yaw= 0.000 speed=1.00 imu=fake tilt_rp=[-0.0,+0.0]deg imu_corr=0.000 act_max= 0.000 tau_cmd= 5.086 tau_cmd_max= 10.703 cmds=12 bus=can0:12 tau_fb= 3.978 tau_fb_max= 9.712",,,,,,,,,,,,,,,,,,,,,,,,,,,,,,,,,,,,,,,,,,,,,,,,,0.0,0.0,0.0,0.0,0.0,0.0,0.0,0.0,0.0,0.0,0.0,0.0,0.0,0.0,0.0,0.0,0.0,0.0,0.0,0.0,0.0,0.0,0.0,0.0,-0.0019175345078110695,-0.0,-0.00038350690738298,0.00153402762953192,0.007286631036549807,0.007670138031244278,0.0019175345078110695,0.011888713575899601,0.01227222103625536,-0.019558852538466454,0.019175345078110695,-0.019942358136177063,-0.04211554303765297,-0.07003998011350632,0.01831110566854477,0.04119998961687088,-0.03387554734945297,0.036164432764053345,-0.07690664380788803,0.02151555009186268,-0.009613330475986004,0.02471999265253544,-0.07690664380788803,0.04669332131743431,1.431535929441452e-05,-1.431535929441452e-05,-1.3360753655433655e-05,1.71782448887825e-05,0.001232057809829712,-0.0012387633323669434,0.001232057809829712,-0.0012301504611968994,0.004096031188964844,-0.004100918769836426,0.0040999650955200195,-0.0040999650955200195,0.0,0.0,0.0,0.0,0.0,0.0,0.0,0.0,0.0,0.0,0.0,0.0
20260708_192923_786968,2026-07-08T19:30:06.976,43.189061,pose,1760,stand,0.0,0.0,0.0,0.0,0.0,0.0,0.0,0.0,1.0,fake,0.0,0.0,-1.0,-0.0,0.0,0.0,0.0,4.64210844039917,11.506598472595215,12,can0:12,4.2710652351379395,9.778130531311035,,"BL_hip_joint,BR_hip_joint,FL_hip_joint,FR_hip_joint,BL_thigh_joint,BR_thigh_joint,FL_thigh_joint,FR_thigh_joint,BL_calf_joint,BR_calf_joint,FL_calf_joint,FR_calf_joint",330e02f2406e129bb6ed6ec4a6c6bcd5f80d7e7799a2ab087e81eda65d2fae69,"step=001760 mode=stand  vx= 0.000 vy= 0.000 vxy= 0.000 yaw= 0.000 speed=1.00 imu=fake tilt_rp=[-0.0,+0.0]deg imu_corr=0.000 act_max= 0.000 tau_cmd= 4.642 tau_cmd_max= 11.507 cmds=12 bus=can0:12 tau_fb= 4.271 tau_fb_max= 9.778",,,,,,,,,,,,,,,,,,,,,,,,,,,,,,,,,,,,,,,,,,,,,,,,,0.0,0.0,0.0,0.0,0.0,0.0,0.0,0.0,0.0,0.0,0.0,0.0,0.0,0.0,0.0,0.0,0.0,0.0,0.0,0.0,0.0,0.0,0.0,0.0,-0.0019175345078110695,-0.0,-0.00038350690738298,0.0011505207512527704,0.00613611051812768,0.009587672539055347,0.00038350690738298,0.013422741554677486,0.008820658549666405,-0.015340276062488556,0.01418975554406643,-0.016107289120554924,-0.023346660658717155,-0.050355542451143265,0.06775109469890594,-0.007324442267417908,-0.02700888179242611,0.04119998961687088,-0.0032044434919953346,-0.00595110934227705,-0.04348887503147125,-0.02929776906967163,0.007782219909131527,0.07644886523485184,4.901085048913956e-06,-4.901085048913956e-06,-4.574190825223923e-06,5.881302058696747e-06,0.00042182207107543945,-0.000424116849899292,0.00042182207107543945,-0.00042116641998291016,0.0014023780822753906,-0.0014040470123291016,0.0014036893844604492,-0.0014036893844604492,0.0,0.0,0.0,0.0,0.0,0.0,0.0,0.0,0.0,0.0,0.0,0.0
20260708_192923_786968,2026-07-08T19:30:07.099,43.312361,pose,1765,stand,0.0,0.0,0.0,0.0,0.0,0.0,0.0,0.0,1.0,fake,0.0,0.0,-1.0,-0.0,0.0,0.0,0.0,4.839958667755127,10.155045509338379,12,can0:12,3.984496831893921,9.353312492370605,,"BL_hip_joint,BR_hip_joint,FL_hip_joint,FR_hip_joint,BL_thigh_joint,BR_thigh_joint,FL_thigh_joint,FR_thigh_joint,BL_calf_joint,BR_calf_joint,FL_calf_joint,FR_calf_joint",330e02f2406e129bb6ed6ec4a6c6bcd5f80d7e7799a2ab087e81eda65d2fae69,"step=001765 mode=stand  vx= 0.000 vy= 0.000 vxy= 0.000 yaw= 0.000 speed=1.00 imu=fake tilt_rp=[-0.0,+0.0]deg imu_corr=0.000 act_max= 0.000 tau_cmd= 4.840 tau_cmd_max= 10.155 cmds=12 bus=can0:12 tau_fb= 3.984 tau_fb_max= 9.353",,,,,,,,,,,,,,,,,,,,,,,,,,,,,,,,,,,,,,,,,,,,,,,,,0.0,0.0,0.0,0.0,0.0,0.0,0.0,0.0,0.0,0.0,0.0,0.0,0.0,0.0,0.0,0.0,0.0,0.0,0.0,0.0,0.0,0.0,0.0,0.0,-0.0019175345078110695,-0.0,-0.00038350690738298,0.00153402762953192,0.005369096528738737,0.010738193057477474,-0.00076701381476596,0.014573262073099613,0.006903124041855335,-0.013039235025644302,0.011505207046866417,-0.013422741554677486,-0.03799554333090782,0.0196844395250082,-0.056764427572488785,0.04852443188428879,0.032044436782598495,0.008239997550845146,0.01739555038511753,0.06820886582136154,-0.021973326802253723,-0.012817773967981339,-0.06546220183372498,0.02151555009186268,3.986060619354248e-07,-3.986060619354248e-07,-3.7206336855888367e-07,4.782341420650482e-07,3.4302473068237305e-05,-3.4481287002563477e-05,3.4302473068237305e-05,-3.4242868423461914e-05,0.00011396408081054688,-0.00011408329010009766,0.00011408329010009766,-0.00011408329010009766,0.0,0.0,0.0,0.0,0.0,0.0,0.0,0.0,0.0,0.0,0.0,0.0
20260708_192923_786968,2026-07-08T19:30:07.221,43.434860,pose,1770,stand,0.0,0.0,0.0,0.0,0.0,0.0,0.0,0.0,1.0,fake,0.0,0.0,-1.0,-0.0,0.0,0.0,0.0,4.928652286529541,10.333552360534668,12,can0:12,4.099246501922607,8.77101993560791,,"BL_hip_joint,BR_hip_joint,FL_hip_joint,FR_hip_joint,BL_thigh_joint,BR_thigh_joint,FL_thigh_joint,FR_thigh_joint,BL_calf_joint,BR_calf_joint,FL_calf_joint,FR_calf_joint",330e02f2406e129bb6ed6ec4a6c6bcd5f80d7e7799a2ab087e81eda65d2fae69,"step=001770 mode=stand  vx= 0.000 vy= 0.000 vxy= 0.000 yaw= 0.000 speed=1.00 imu=fake tilt_rp=[-0.0,+0.0]deg imu_corr=0.000 act_max= 0.000 tau_cmd= 4.929 tau_cmd_max= 10.334 cmds=12 bus=can0:12 tau_fb= 4.099 tau_fb_max= 8.771",,,,,,,,,,,,,,,,,,,,,,,,,,,,,,,,,,,,,,,,,,,,,,,,,0.0,0.0,0.0,0.0,0.0,0.0,0.0,0.0,0.0,0.0,0.0,0.0,0.0,0.0,0.0,0.0,0.0,0.0,0.0,0.0,0.0,0.0,0.0,0.0,-0.0019175345078110695,-0.0,-0.00038350690738298,0.00153402762953192,0.004985589534044266,0.011121700517833233,-0.0011505207512527704,0.014956769533455372,0.0057526035234332085,-0.011888713575899601,0.01035468652844429,-0.012655727565288544,0.03799554333090782,-0.05081331729888916,-0.026551103219389915,0.059053316712379456,0.04348887503147125,0.031128879636526108,-0.05767998471856117,-0.038453321903944016,0.016937773674726486,-0.0393688790500164,0.004577776417136192,-0.015564439818263054,0.0,0.0,0.0,0.0,0.0,0.0,0.0,0.0,0.0,0.0,0.0,0.0,0.0,0.0,0.0,0.0,0.0,0.0,0.0,0.0,0.0,0.0,0.0,0.0
20260708_192923_786968,2026-07-08T19:30:07.343,43.556458,pose,1775,stand,0.0,0.0,0.0,0.0,0.0,0.0,0.0,0.0,1.0,fake,0.0,0.0,-1.0,-0.0,0.0,0.0,0.0,4.445519924163818,10.687093734741211,12,can0:12,3.9826653003692627,9.096957206726074,,"BL_hip_joint,BR_hip_joint,FL_hip_joint,FR_hip_joint,BL_thigh_joint,BR_thigh_joint,FL_thigh_joint,FR_thigh_joint,BL_calf_joint,BR_calf_joint,FL_calf_joint,FR_calf_joint",330e02f2406e129bb6ed6ec4a6c6bcd5f80d7e7799a2ab087e81eda65d2fae69,"step=001775 mode=stand  vx= 0.000 vy= 0.000 vxy= 0.000 yaw= 0.000 speed=1.00 imu=fake tilt_rp=[-0.0,+0.0]deg imu_corr=0.000 act_max= 0.000 tau_cmd= 4.446 tau_cmd_max= 10.687 cmds=12 bus=can0:12 tau_fb= 3.983 tau_fb_max= 9.097",,,,,,,,,,,,,,,,,,,,,,,,,,,,,,,,,,,,,,,,,,,,,,,,,0.0,0.0,0.0,0.0,0.0,0.0,0.0,0.0,0.0,0.0,0.0,0.0,0.0,0.0,0.0,0.0,0.0,0.0,0.0,0.0,0.0,0.0,0.0,0.0,-0.0019175345078110695,0.00038350690738298,-0.00038350690738298,0.0011505207512527704,0.004602083005011082,0.011121700517833233,-0.0011505207512527704,0.014956769533455372,0.0057526035234332085,-0.011505207046866417,0.009971179068088531,-0.01227222103625536,-0.03021332435309887,0.015564439818263054,-0.05813775956630707,0.014648884534835815,-0.01831110566854477,0.023346660658717155,0.050355542451143265,-0.016479995101690292,-0.01235999632626772,0.004119998775422573,-0.013275551609694958,-0.04119998961687088,0.0,0.0,0.0,0.0,0.0,0.0,0.0,0.0,0.0,0.0,0.0,0.0,0.0,0.0,0.0,0.0,0.0,0.0,0.0,0.0,0.0,0.0,0.0,0.0
20260708_192923_786968,2026-07-08T19:30:07.465,43.678982,pose,1780,stand,0.0,0.0,0.0,0.0,0.0,0.0,0.0,0.0,1.0,fake,0.0,0.0,-1.0,-0.0,0.0,0.0,0.0,4.54063606262207,10.309602737426758,12,can0:12,3.994873046875,9.587695121765137,,"BL_hip_joint,BR_hip_joint,FL_hip_joint,FR_hip_joint,BL_thigh_joint,BR_thigh_joint,FL_thigh_joint,FR_thigh_joint,BL_calf_joint,BR_calf_joint,FL_calf_joint,FR_calf_joint",330e02f2406e129bb6ed6ec4a6c6bcd5f80d7e7799a2ab087e81eda65d2fae69,"step=001780 mode=stand  vx= 0.000 vy= 0.000 vxy= 0.000 yaw= 0.000 speed=1.00 imu=fake tilt_rp=[-0.0,+0.0]deg imu_corr=0.000 act_max= 0.000 tau_cmd= 4.541 tau_cmd_max= 10.310 cmds=12 bus=can0:12 tau_fb= 3.995 tau_fb_max= 9.588",,,,,,,,,,,,,,,,,,,,,,,,,,,,,,,,,,,,,,,,,,,,,,,,,0.0,0.0,0.0,0.0,0.0,0.0,0.0,0.0,0.0,0.0,0.0,0.0,0.0,0.0,0.0,0.0,0.0,0.0,0.0,0.0,0.0,0.0,0.0,0.0,-0.0019175345078110695,-0.0,-0.00038350690738298,0.00153402762953192,0.004985589534044266,0.011505207046866417,-0.00153402762953192,0.014956769533455372,0.0057526035234332085,-0.011505207046866417,0.009971179068088531,-0.011888713575899601,0.03799554333090782,-0.03891110047698021,-0.027466658502817154,0.008697775192558765,0.007782219909131527,-0.002288888208568096,-0.014648884534835815,0.043946653604507446,-0.017853328958153725,-0.04669332131743431,0.020142216235399246,-0.010528885759413242,0.0,0.0,0.0,0.0,0.0,0.0,0.0,0.0,0.0,0.0,0.0,0.0,0.0,0.0,0.0,0.0,0.0,0.0,0.0,0.0,0.0,0.0,0.0,0.0
20260708_192923_786968,2026-07-08T19:30:07.588,43.801064,pose,1785,stand,0.0,0.0,0.0,0.0,0.0,0.0,0.0,0.0,1.0,fake,0.0,0.0,-1.0,-0.0,0.0,0.0,0.0,4.208188533782959,9.485623359680176,12,can0:12,4.035462856292725,8.34620189666748,,"BL_hip_joint,BR_hip_joint,FL_hip_joint,FR_hip_joint,BL_thigh_joint,BR_thigh_joint,FL_thigh_joint,FR_thigh_joint,BL_calf_joint,BR_calf_joint,FL_calf_joint,FR_calf_joint",330e02f2406e129bb6ed6ec4a6c6bcd5f80d7e7799a2ab087e81eda65d2fae69,"step=001785 mode=stand  vx= 0.000 vy= 0.000 vxy= 0.000 yaw= 0.000 speed=1.00 imu=fake tilt_rp=[-0.0,+0.0]deg imu_corr=0.000 act_max= 0.000 tau_cmd= 4.208 tau_cmd_max= 9.486 cmds=12 bus=can0:12 tau_fb= 4.035 tau_fb_max= 8.346",,,,,,,,,,,,,,,,,,,,,,,,,,,,,,,,,,,,,,,,,,,,,,,,,0.0,0.0,0.0,0.0,0.0,0.0,0.0,0.0,0.0,0.0,0.0,0.0,0.0,0.0,0.0,0.0,0.0,0.0,0.0,0.0,0.0,0.0,0.0,0.0,-0.0019175345078110695,-0.0,-0.00038350690738298,0.0011505207512527704,0.004602083005011082,0.011505207046866417,-0.0011505207512527704,0.014956769533455372,0.0057526035234332085,-0.011505207046866417,0.009971179068088531,-0.01227222103625536,0.02700888179242611,0.013275551609694958,-0.010071108117699623,0.02929776906967163,-0.03387554734945297,0.08651997148990631,0.04440443217754364,0.04531998559832573,-0.09430219233036041,-0.0238044373691082,0.02471999265253544,0.029755547642707825,0.0,0.0,0.0,0.0,0.0,0.0,0.0,0.0,0.0,0.0,0.0,0.0,0.0,0.0,0.0,0.0,0.0,0.0,0.0,0.0,0.0,0.0,0.0,0.0
20260708_192923_786968,2026-07-08T19:30:07.711,43.924146,pose,1790,stand,0.0,0.0,0.0,0.0,0.0,0.0,0.0,0.0,1.0,fake,0.0,0.0,-1.0,-0.0,0.0,0.0,0.0,5.150258541107178,10.7785005569458,12,can0:12,3.896908760070801,8.836939811706543,,"BL_hip_joint,BR_hip_joint,FL_hip_joint,FR_hip_joint,BL_thigh_joint,BR_thigh_joint,FL_thigh_joint,FR_thigh_joint,BL_calf_joint,BR_calf_joint,FL_calf_joint,FR_calf_joint",330e02f2406e129bb6ed6ec4a6c6bcd5f80d7e7799a2ab087e81eda65d2fae69,"step=001790 mode=stand  vx= 0.000 vy= 0.000 vxy= 0.000 yaw= 0.000 speed=1.00 imu=fake tilt_rp=[-0.0,+0.0]deg imu_corr=0.000 act_max= 0.000 tau_cmd= 5.150 tau_cmd_max= 10.779 cmds=12 bus=can0:12 tau_fb= 3.897 tau_fb_max= 8.837",,,,,,,,,,,,,,,,,,,,,,,,,,,,,,,,,,,,,,,,,,,,,,,,,0.0,0.0,0.0,0.0,0.0,0.0,0.0,0.0,0.0,0.0,0.0,0.0,0.0,0.0,0.0,0.0,0.0,0.0,0.0,0.0,0.0,0.0,0.0,0.0,-0.0019175345078110695,0.00038350690738298,-0.00038350690738298,0.00153402762953192,0.004602083005011082,0.011505207046866417,-0.00153402762953192,0.014956769533455372,0.0057526035234332085,-0.011505207046866417,0.009971179068088531,-0.011888713575899601,-0.024262215942144394,0.008697775192558765,0.031128879636526108,0.03250221163034439,0.0050355540588498116,0.07003998011350632,-0.11352885514497757,-0.007782219909131527,0.0,0.001831110566854477,0.04989776387810707,-0.05172887444496155,0.0,0.0,0.0,0.0,0.0,0.0,0.0,0.0,0.0,0.0,0.0,0.0,0.0,0.0,0.0,0.0,0.0,0.0,0.0,0.0,0.0,0.0,0.0,0.0
20260708_192923_786968,2026-07-08T19:30:07.833,44.046627,pose,1795,stand,0.0,0.0,0.0,0.0,0.0,0.0,0.0,0.0,1.0,fake,0.0,0.0,-1.0,-0.0,0.0,0.0,0.0,3.5675971508026123,10.069878578186035,12,can0:12,4.192632675170898,9.258094787597656,,"BL_hip_joint,BR_hip_joint,FL_hip_joint,FR_hip_joint,BL_thigh_joint,BR_thigh_joint,FL_thigh_joint,FR_thigh_joint,BL_calf_joint,BR_calf_joint,FL_calf_joint,FR_calf_joint",330e02f2406e129bb6ed6ec4a6c6bcd5f80d7e7799a2ab087e81eda65d2fae69,"step=001795 mode=stand  vx= 0.000 vy= 0.000 vxy= 0.000 yaw= 0.000 speed=1.00 imu=fake tilt_rp=[-0.0,+0.0]deg imu_corr=0.000 act_max= 0.000 tau_cmd= 3.568 tau_cmd_max= 10.070 cmds=12 bus=can0:12 tau_fb= 4.193 tau_fb_max= 9.258",,,,,,,,,,,,,,,,,,,,,,,,,,,,,,,,,,,,,,,,,,,,,,,,,0.0,0.0,0.0,0.0,0.0,0.0,0.0,0.0,0.0,0.0,0.0,0.0,0.0,0.0,0.0,0.0,0.0,0.0,0.0,0.0,0.0,0.0,0.0,0.0,-0.0019175345078110695,0.00038350690738298,-0.00038350690738298,0.0011505207512527704,0.004602083005011082,0.011505207046866417,-0.00153402762953192,0.014956769533455372,0.0057526035234332085,-0.011505207046866417,0.009971179068088531,-0.011888713575899601,0.01831110566854477,-0.01831110566854477,-0.019226660951972008,-0.01144444104284048,-0.00045777764171361923,-0.027466658502817154,-0.027924437075853348,-0.06546220183372498,-0.029755547642707825,0.07507553696632385,-0.0119022186845541,-0.032044436782598495,0.0,0.0,0.0,0.0,0.0,0.0,0.0,0.0,0.0,0.0,0.0,0.0,0.0,0.0,0.0,0.0,0.0,0.0,0.0,0.0,0.0,0.0,0.0,0.0
20260708_192923_786968,2026-07-08T19:30:07.955,44.168331,pose,1800,stand,0.0,0.0,0.0,0.0,0.0,0.0,0.0,0.0,1.0,fake,0.0,0.0,-1.0,-0.0,0.0,0.0,0.0,4.167272090911865,9.060234069824219,12,can0:12,4.0009765625,8.712424278259277,,"BL_hip_joint,BR_hip_joint,FL_hip_joint,FR_hip_joint,BL_thigh_joint,BR_thigh_joint,FL_thigh_joint,FR_thigh_joint,BL_calf_joint,BR_calf_joint,FL_calf_joint,FR_calf_joint",330e02f2406e129bb6ed6ec4a6c6bcd5f80d7e7799a2ab087e81eda65d2fae69,"step=001800 mode=stand  vx= 0.000 vy= 0.000 vxy= 0.000 yaw= 0.000 speed=1.00 imu=fake tilt_rp=[-0.0,+0.0]deg imu_corr=0.000 act_max= 0.000 tau_cmd= 4.167 tau_cmd_max= 9.060 cmds=12 bus=can0:12 tau_fb= 4.001 tau_fb_max= 8.712",,,,,,,,,,,,,,,,,,,,,,,,,,,,,,,,,,,,,,,,,,,,,,,,,0.0,0.0,0.0,0.0,0.0,0.0,0.0,0.0,0.0,0.0,0.0,0.0,0.0,0.0,0.0,0.0,0.0,0.0,0.0,0.0,0.0,0.0,0.0,0.0,-0.0019175345078110695,0.00038350690738298,-0.00038350690738298,0.0011505207512527704,0.004602083005011082,0.011505207046866417,-0.00153402762953192,0.014956769533455372,0.0057526035234332085,-0.011505207046866417,0.009971179068088531,-0.011888713575899601,0.04852443188428879,0.0238044373691082,0.038453321903944016,-0.09063997119665146,-0.028382213786244392,0.015106662176549435,0.05493331700563431,-0.062257759273052216,0.0196844395250082,0.004577776417136192,0.043946653604507446,0.0119022186845541,0.0,0.0,0.0,0.0,0.0,0.0,0.0,0.0,0.0,0.0,0.0,0.0,0.0,0.0,0.0,0.0,0.0,0.0,0.0,0.0,0.0,0.0,0.0,0.0
20260708_192923_786968,2026-07-08T19:30:08.077,44.290443,pose,1805,stand,0.0,0.0,0.0,0.0,0.0,0.0,0.0,0.0,1.0,fake,0.0,0.0,-1.0,-0.0,0.0,0.0,0.0,3.684199094772339,8.859399795532227,12,can0:12,3.99853515625,10.060121536254883,,"BL_hip_joint,BR_hip_joint,FL_hip_joint,FR_hip_joint,BL_thigh_joint,BR_thigh_joint,FL_thigh_joint,FR_thigh_joint,BL_calf_joint,BR_calf_joint,FL_calf_joint,FR_calf_joint",330e02f2406e129bb6ed6ec4a6c6bcd5f80d7e7799a2ab087e81eda65d2fae69,"step=001805 mode=stand  vx= 0.000 vy= 0.000 vxy= 0.000 yaw= 0.000 speed=1.00 imu=fake tilt_rp=[-0.0,+0.0]deg imu_corr=0.000 act_max= 0.000 tau_cmd= 3.684 tau_cmd_max= 8.859 cmds=12 bus=can0:12 tau_fb= 3.999 tau_fb_max= 10.060",,,,,,,,,,,,,,,,,,,,,,,,,,,,,,,,,,,,,,,,,,,,,,,,,0.0,0.0,0.0,0.0,0.0,0.0,0.0,0.0,0.0,0.0,0.0,0.0,0.0,0.0,0.0,0.0,0.0,0.0,0.0,0.0,0.0,0.0,0.0,0.0,-0.0019175345078110695,0.00038350690738298,-0.00038350690738298,0.00153402762953192,0.004602083005011082,0.011505207046866417,-0.00153402762953192,0.014956769533455372,0.0057526035234332085,-0.011505207046866417,0.009587672539055347,-0.011888713575899601,0.014191106893122196,0.048066653311252594,0.007324442267417908,-0.005493331700563431,-0.02471999265253544,0.0119022186845541,-0.00595110934227705,-0.06042664870619774,-0.0013733329251408577,-0.006408886983990669,-0.06958220154047012,0.008697775192558765,0.0,0.0,0.0,0.0,0.0,0.0,0.0,0.0,0.0,0.0,0.0,0.0,0.0,0.0,0.0,0.0,0.0,0.0,0.0,0.0,0.0,0.0,0.0,0.0
20260708_192923_786968,2026-07-08T19:30:08.199,44.412571,pose,1810,stand,0.0,0.0,0.0,0.0,0.0,0.0,0.0,0.0,1.0,fake,0.0,0.0,-1.0,-0.0,0.0,0.0,0.0,4.55162239074707,9.980010986328125,12,can0:12,3.997314453125,9.195837020874023,,"BL_hip_joint,BR_hip_joint,FL_hip_joint,FR_hip_joint,BL_thigh_joint,BR_thigh_joint,FL_thigh_joint,FR_thigh_joint,BL_calf_joint,BR_calf_joint,FL_calf_joint,FR_calf_joint",330e02f2406e129bb6ed6ec4a6c6bcd5f80d7e7799a2ab087e81eda65d2fae69,"step=001810 mode=stand  vx= 0.000 vy= 0.000 vxy= 0.000 yaw= 0.000 speed=1.00 imu=fake tilt_rp=[-0.0,+0.0]deg imu_corr=0.000 act_max= 0.000 tau_cmd= 4.552 tau_cmd_max= 9.980 cmds=12 bus=can0:12 tau_fb= 3.997 tau_fb_max= 9.196",,,,,,,,,,,,,,,,,,,,,,,,,,,,,,,,,,,,,,,,,,,,,,,,,0.0,0.0,0.0,0.0,0.0,0.0,0.0,0.0,0.0,0.0,0.0,0.0,0.0,0.0,0.0,0.0,0.0,0.0,0.0,0.0,0.0,0.0,0.0,0.0,-0.0019175345078110695,0.00038350690738298,-0.00038350690738298,0.0011505207512527704,0.004602083005011082,0.011505207046866417,-0.00153402762953192,0.015340276062488556,0.0057526035234332085,-0.011505207046866417,0.009971179068088531,-0.011888713575899601,0.008239997550845146,0.04989776387810707,-0.04898220673203468,-0.02059999480843544,0.044862210750579834,-0.0027466658502817154,-0.08239997923374176,-0.01144444104284048,-0.05172887444496155,-0.037537768483161926,0.055848874151706696,0.06042664870619774,0.0,0.0,0.0,0.0,0.0,0.0,0.0,0.0,0.0,0.0,0.0,0.0,0.0,0.0,0.0,0.0,0.0,0.0,0.0,0.0,0.0,0.0,0.0,0.0
20260708_192923_786968,2026-07-08T19:30:08.321,44.534655,pose,1815,stand,0.0,0.0,0.0,0.0,0.0,0.0,0.0,0.0,1.0,fake,0.0,0.0,-1.0,-0.0,0.0,0.0,0.0,3.9160537719726562,10.026132583618164,12,can0:12,3.924680471420288,9.096957206726074,,"BL_hip_joint,BR_hip_joint,FL_hip_joint,FR_hip_joint,BL_thigh_joint,BR_thigh_joint,FL_thigh_joint,FR_thigh_joint,BL_calf_joint,BR_calf_joint,FL_calf_joint,FR_calf_joint",330e02f2406e129bb6ed6ec4a6c6bcd5f80d7e7799a2ab087e81eda65d2fae69,"step=001815 mode=stand  vx= 0.000 vy= 0.000 vxy= 0.000 yaw= 0.000 speed=1.00 imu=fake tilt_rp=[-0.0,+0.0]deg imu_corr=0.000 act_max= 0.000 tau_cmd= 3.916 tau_cmd_max= 10.026 cmds=12 bus=can0:12 tau_fb= 3.925 tau_fb_max= 9.097",,,,,,,,,,,,,,,,,,,,,,,,,,,,,,,,,,,,,,,,,,,,,,,,,0.0,0.0,0.0,0.0,0.0,0.0,0.0,0.0,0.0,0.0,0.0,0.0,0.0,0.0,0.0,0.0,0.0,0.0,0.0,0.0,0.0,0.0,0.0,0.0,-0.0019175345078110695,0.00038350690738298,-0.00038350690738298,0.0011505207512527704,0.004602083005011082,0.011505207046866417,-0.0011505207512527704,0.015340276062488556,0.005369096528738737,-0.011121700517833233,0.009587672539055347,-0.011888713575899601,0.016022218391299248,-0.00595110934227705,-0.1263466328382492,-0.004577776417136192,-0.05630664899945259,-0.016479995101690292,0.03250221163034439,0.06546220183372498,-0.03021332435309887,0.05767998471856117,-0.008239997550845146,0.015106662176549435,0.0,0.0,0.0,0.0,0.0,0.0,0.0,0.0,0.0,0.0,0.0,0.0,0.0,0.0,0.0,0.0,0.0,0.0,0.0,0.0,0.0,0.0,0.0,0.0
20260708_192923_786968,2026-07-08T19:30:08.444,44.657105,pose,1820,stand,0.0,0.0,0.0,0.0,0.0,0.0,0.0,0.0,1.0,fake,0.0,0.0,-1.0,-0.0,0.0,0.0,0.0,4.201578140258789,10.119318008422852,12,can0:12,4.191107273101807,9.349650382995605,,"BL_hip_joint,BR_hip_joint,FL_hip_joint,FR_hip_joint,BL_thigh_joint,BR_thigh_joint,FL_thigh_joint,FR_thigh_joint,BL_calf_joint,BR_calf_joint,FL_calf_joint,FR_calf_joint",330e02f2406e129bb6ed6ec4a6c6bcd5f80d7e7799a2ab087e81eda65d2fae69,"step=001820 mode=stand  vx= 0.000 vy= 0.000 vxy= 0.000 yaw= 0.000 speed=1.00 imu=fake tilt_rp=[-0.0,+0.0]deg imu_corr=0.000 act_max= 0.000 tau_cmd= 4.202 tau_cmd_max= 10.119 cmds=12 bus=can0:12 tau_fb= 4.191 tau_fb_max= 9.350",,,,,,,,,,,,,,,,,,,,,,,,,,,,,,,,,,,,,,,,,,,,,,,,,0.0,0.0,0.0,0.0,0.0,0.0,0.0,0.0,0.0,0.0,0.0,0.0,0.0,0.0,0.0,0.0,0.0,0.0,0.0,0.0,0.0,0.0,0.0,0.0,-0.0019175345078110695,0.00038350690738298,-0.00038350690738298,0.0011505207512527704,0.004602083005011082,0.011505207046866417,-0.00153402762953192,0.015340276062488556,0.005369096528738737,-0.011121700517833233,0.009587672539055347,-0.011888713575899601,0.009155552834272385,-0.01831110566854477,0.02471999265253544,-0.04119998961687088,0.06088442727923393,0.017853328958153725,-0.048066653311252594,0.03250221163034439,0.002288888208568096,0.07782220095396042,-0.040742211043834686,-0.03341776877641678,0.0,0.0,0.0,0.0,0.0,0.0,0.0,0.0,0.0,0.0,0.0,0.0,0.0,0.0,0.0,0.0,0.0,0.0,0.0,0.0,0.0,0.0,0.0,0.0
20260708_192923_786968,2026-07-08T19:30:08.579,44.792227,policy,1825,policy,0.15000000596046448,0.0,0.15000000596046448,0.0,0.15000000596046448,0.0,0.15000000596046448,0.0,1.0,fake,0.0,0.0,-1.0,-0.0,0.0,0.0,0.006305893883109093,1.2136222124099731,3.4674479961395264,12,can0:12,1.726126790046692,5.698416233062744,,"BL_hip_joint,BR_hip_joint,FL_hip_joint,FR_hip_joint,BL_thigh_joint,BR_thigh_joint,FL_thigh_joint,FR_thigh_joint,BL_calf_joint,BR_calf_joint,FL_calf_joint,FR_calf_joint",330e02f2406e129bb6ed6ec4a6c6bcd5f80d7e7799a2ab087e81eda65d2fae69,"step=001825 mode=policy vx= 0.150 vy= 0.000 vxy= 0.150 yaw= 0.000 speed=1.00 imu=fake tilt_rp=[-0.0,+0.0]deg imu_corr=0.000 act_max= 0.006 tau_cmd= 1.214 tau_cmd_max= 3.467 cmds=12 bus=can0:12 tau_fb= 1.726 tau_fb_max= 5.698",0.0,0.0,0.0,0.0,0.0,0.0,0.0,0.0,-1.0,0.15000000596046448,0.0,0.0,-0.003835069015622139,-0.00076701381476596,-0.0011505207512527704,0.00153402762953192,0.005369096528738737,0.013039235025644302,-0.0019175345078110695,0.016490796580910683,0.013422741554677486,-0.02837951108813286,0.02492794767022133,-0.028763016685843468,-0.04669332131743431,-0.06546220183372498,-0.09979552775621414,0.0947599709033966,0.040742211043834686,-0.015106662176549435,0.02471999265253544,0.015106662176549435,0.45548874139785767,-0.8198797702789307,0.8336130976676941,-0.7054353356361389,0.4570569396018982,-1.1367017030715942,-0.7559934258460999,1.448095679283142,1.1903737783432007,-0.9812442660331726,1.2354216575622559,-0.9483884572982788,-1.7579765319824219,0.5906180143356323,-1.0622681379318237,1.179811954498291,0.5227029919624329,-1.1857162714004517,-0.9949315786361694,1.7745330333709717,1.2092664241790771,-1.0630604028701782,1.2785500288009644,-0.9884552955627441,-1.7987060546875,0.5106629133224487,-1.0556504726409912,1.3500657081604004,0.0018323904369026423,-0.004156836774200201,-0.0034876279532909393,0.0062206219881772995,0.0042394548654556274,-0.0037267650477588177,0.004482307005673647,-0.0034652885515242815,-0.006305893883109093,0.0017904472770169377,-0.0037009494844824076,0.004732796456664801,-0.003835069015622139,-0.00076701381476596,-0.0011505207512527704,0.00153402762953192,0.005369096528738737,0.013039235025644302,-0.0019175345078110695,0.016490796580910683,0.013422741554677486,-0.02837951108813286,0.02492794767022133,-0.028763016685843468,-0.04669332131743431,-0.06546220183372498,-0.09979552775621414,0.0947599709033966,0.040742211043834686,-0.015106662176549435,0.02471999265253544,0.015106662176549435,0.45548874139785767,-0.8198797702789307,0.8336130976676941,-0.7054353356361389,0.00045809760922566056,-0.0010392091935500503,-0.0008719069883227348,0.0015551554970443249,0.0010598637163639069,-0.0009316912619397044,0.0011205767514184117,-0.0008663221960887313,0.0,0.0,3.469446951953614e-18,0.0,0.0,0.0,0.0,0.0,0.0,0.0,0.0,0.0,0.0,0.0,0.0,0.0
20260708_192923_786968,2026-07-08T19:30:08.711,44.924173,policy,1830,policy,0.15000000596046448,0.0,0.15000000596046448,0.0,0.15000000596046448,0.0,0.15000000596046448,0.0,1.0,fake,0.0,0.0,-1.0,-0.0,0.0,0.0,0.04785182327032089,2.652564764022827,9.26446533203125,12,can0:12,2.5092318058013916,9.034699440002441,,"BL_hip_joint,BR_hip_joint,FL_hip_joint,FR_hip_joint,BL_thigh_joint,BR_thigh_joint,FL_thigh_joint,FR_thigh_joint,BL_calf_joint,BR_calf_joint,FL_calf_joint,FR_calf_joint",330e02f2406e129bb6ed6ec4a6c6bcd5f80d7e7799a2ab087e81eda65d2fae69,"step=001830 mode=policy vx= 0.150 vy= 0.000 vxy= 0.150 yaw= 0.000 speed=1.00 imu=fake tilt_rp=[-0.0,+0.0]deg imu_corr=0.000 act_max= 0.048 tau_cmd= 2.653 tau_cmd_max= 9.264 cmds=12 bus=can0:12 tau_fb= 2.509 tau_fb_max= 9.035",0.0,0.0,0.0,0.0,0.0,0.0,0.0,0.0,-1.0,0.15000000596046448,0.0,0.0,-0.004602083005011082,0.00421857601031661,-0.0026845482643693686,-0.004602083005011082,-0.004602083005011082,0.015340276062488556,0.006519617512822151,0.004985589534044266,0.05944357067346573,-0.10738193243741989,0.14343157410621643,-0.1595388650894165,-0.0631733164191246,-0.032044436782598495,-0.021973326802253723,0.026551103219389915,-0.17029328644275665,0.14923551678657532,-0.07461775839328766,0.038453321903944016,0.09384441375732422,-0.23941770195960999,0.4275643229484558,-0.5168309807777405,0.3176015019416809,-1.2668485641479492,-1.4123568534851074,2.3942253589630127,1.5963959693908691,-1.0660537481307983,1.3169208765029907,-1.1689094305038452,-1.960252285003662,0.3677905201911926,-0.9965813159942627,1.5187618732452393,0.310657799243927,-1.1720467805862427,-1.4208605289459229,2.2733864784240723,1.6566821336746216,-1.0615447759628296,1.3947067260742188,-1.213013768196106,-1.9456288814544678,0.4435954689979553,-0.9191718101501465,1.6367459297180176,0.007433771155774593,-0.02805621549487114,-0.033994123339653015,0.04785182327032089,0.039628766477108,-0.02539910562336445,0.033358216285705566,-0.029016027227044106,-0.046553079038858414,0.010602328926324844,-0.022003382444381714,0.03914332389831543,-0.004602083005011082,0.00421857601031661,-0.0026845482643693686,-0.004602083005011082,-0.004602083005011082,0.015340276062488556,0.006519617512822151,0.004985589534044266,0.05944357067346573,-0.10738193243741989,0.14343157410621643,-0.1595388650894165,-0.0631733164191246,-0.032044436782598495,-0.021973326802253723,0.026551103219389915,-0.17029328644275665,0.14923551678657532,-0.07461775839328766,0.038453321903944016,0.09384441375732422,-0.23941770195960999,0.4275643229484558,-0.5168309807777405,0.0018584427889436483,-0.007014053873717785,-0.008498530834913254,0.011962955817580223,0.009907191619277,-0.006349776405841112,0.008339554071426392,-0.007254006806761026,0.0,0.0,0.0,0.0,0.0,0.0,0.0,0.0,0.0,0.0,0.0,0.0,0.0,0.0,0.0,0.0
20260708_192923_786968,2026-07-08T19:30:08.840,45.053433,policy,1835,policy,0.15000000596046448,0.0,0.15000000596046448,0.0,0.15000000596046448,0.0,0.15000000596046448,0.0,1.0,fake,0.0,0.0,-1.0,-0.0,0.0,0.0,0.121658094227314,3.323270559310913,8.932082176208496,12,can0:12,3.3524582386016846,8.990753173828125,,"BL_hip_joint,BR_hip_joint,FL_hip_joint,FR_hip_joint,BL_thigh_joint,BR_thigh_joint,FL_thigh_joint,FR_thigh_joint,BL_calf_joint,BR_calf_joint,FL_calf_joint,FR_calf_joint",330e02f2406e129bb6ed6ec4a6c6bcd5f80d7e7799a2ab087e81eda65d2fae69,"step=001835 mode=policy vx= 0.150 vy= 0.000 vxy= 0.150 yaw= 0.000 speed=1.00 imu=fake tilt_rp=[-0.0,+0.0]deg imu_corr=0.000 act_max= 0.122 tau_cmd= 3.323 tau_cmd_max= 8.932 cmds=12 bus=can0:12 tau_fb= 3.352 tau_fb_max= 8.991",0.0,0.0,0.0,0.0,0.0,0.0,0.0,0.0,-1.0,0.15000000596046448,0.0,0.0,-0.007670138031244278,-0.003835069015622139,-0.002301041502505541,0.00076701381476596,-0.02837951108813286,0.03413211554288864,-0.015340276062488556,0.02147638611495495,0.06021058186888695,-0.13115936517715454,0.14956769347190857,-0.1771801859140396,-0.018768884241580963,-0.09796441346406937,0.007782219909131527,0.03479110077023506,-0.21698659658432007,0.14648884534835815,-0.2224799394607544,0.1817377209663391,-0.0032044434919953346,-0.20142216980457306,0.021057771518826485,-0.031128879636526108,0.19182144105434418,-0.8215128183364868,-1.0577547550201416,1.9791430234909058,1.8779700994491577,-0.9393324851989746,1.4436005353927612,-1.297110676765442,-2.0522301197052,0.49436092376708984,-0.5348337888717651,2.103045701980591,0.13361240923404694,-0.7388088703155518,-0.968447744846344,1.9605706930160522,1.9632976055145264,-0.9228684306144714,1.4537642002105713,-1.3824291229248047,-2.1157093048095703,0.5001934766769409,-0.4292623698711395,2.2193524837493896,0.008188105188310146,-0.045028939843177795,-0.05900425836443901,0.11927928030490875,0.11933635920286179,-0.05615554749965668,0.08842092007398605,-0.08400320261716843,-0.121658094227314,0.030419792979955673,-0.026223652064800262,0.12165743857622147,-0.007670138031244278,-0.003835069015622139,-0.002301041502505541,0.00076701381476596,-0.02837951108813286,0.03413211554288864,-0.015340276062488556,0.02147638611495495,0.06021058186888695,-0.13115936517715454,0.14956769347190857,-0.1771801859140396,-0.018768884241580963,-0.09796441346406937,0.007782219909131527,0.03479110077023506,-0.21698659658432007,0.14648884534835815,-0.2224799394607544,0.1817377209663391,-0.0032044434919953346,-0.20142216980457306,0.021057771518826485,-0.031128879636526108,0.0020470262970775366,-0.011257234960794449,-0.014751064591109753,0.029819820076227188,0.029834089800715446,-0.01403888687491417,0.022105230018496513,-0.021000800654292107,6.938893903907228e-18,0.0,0.0,0.0,0.0,0.0,0.0,0.0,0.0,0.0,0.0,0.0,0.0,0.0,0.0,0.0
20260708_192923_786968,2026-07-08T19:30:08.961,45.174427,pose,1840,stand,0.0,0.0,0.0,0.0,0.0,0.0,0.0,0.0,1.0,fake,0.0,0.0,-1.0,-0.0,0.0,0.0,0.0,11.04750919342041,29.732067108154297,12,can0:12,6.761986255645752,28.312631607055664,,"BL_hip_joint,BR_hip_joint,FL_hip_joint,FR_hip_joint,BL_thigh_joint,BR_thigh_joint,FL_thigh_joint,FR_thigh_joint,BL_calf_joint,BR_calf_joint,FL_calf_joint,FR_calf_joint",330e02f2406e129bb6ed6ec4a6c6bcd5f80d7e7799a2ab087e81eda65d2fae69,"step=001840 mode=stand  vx= 0.000 vy= 0.000 vxy= 0.000 yaw= 0.000 speed=1.00 imu=fake tilt_rp=[-0.0,+0.0]deg imu_corr=0.000 act_max= 0.000 tau_cmd= 11.048 tau_cmd_max= 29.732 cmds=12 bus=can0:12 tau_fb= 6.762 tau_fb_max= 28.313",,,,,,,,,,,,,,,,,,,,,,,,,,,,,,,,,,,,,,,,,,,,,,,,,0.0,0.0,0.0,0.0,0.0,0.0,0.0,0.0,0.0,0.0,0.0,0.0,0.0,0.0,0.0,0.0,0.0,0.0,0.0,0.0,0.0,0.0,0.0,0.0,-0.009204166010022163,-0.002301041502505541,-0.0011505207512527704,0.005369096528738737,-0.0429527722299099,0.050239402800798416,-0.0345156192779541,0.04256926476955414,0.029913539066910744,-0.06979825347661972,0.06366214901208878,-0.08053644746541977,0.10849329829216003,-0.12405773997306824,-0.0952177494764328,0.054475538432598114,-0.026551103219389915,0.12817774713039398,0.10071108490228653,-0.1895199418067932,-0.48112431168556213,1.0029908418655396,-1.2199773788452148,1.4648884534835815,0.0,0.0,0.0,0.0,0.0,0.0,0.0,0.0,0.0,0.0,0.0,0.0,0.0,0.0,0.0,0.0,0.0,0.0,0.0,0.0,0.0,0.0,0.0,0.0
20260708_192923_786968,2026-07-08T19:30:09.078,45.291959,pose,1845,stand,0.0,0.0,0.0,0.0,0.0,0.0,0.0,0.0,1.0,fake,0.0,0.0,-1.0,-0.0,0.0,0.0,0.0,5.8178181648254395,22.648727416992188,12,can0:12,6.080507755279541,21.57414436340332,,"BL_hip_joint,BR_hip_joint,FL_hip_joint,FR_hip_joint,BL_thigh_joint,BR_thigh_joint,FL_thigh_joint,FR_thigh_joint,BL_calf_joint,BR_calf_joint,FL_calf_joint,FR_calf_joint",330e02f2406e129bb6ed6ec4a6c6bcd5f80d7e7799a2ab087e81eda65d2fae69,"step=001845 mode=stand  vx= 0.000 vy= 0.000 vxy= 0.000 yaw= 0.000 speed=1.00 imu=fake tilt_rp=[-0.0,+0.0]deg imu_corr=0.000 act_max= 0.000 tau_cmd= 5.818 tau_cmd_max= 22.649 cmds=12 bus=can0:12 tau_fb= 6.081 tau_fb_max= 21.574",,,,,,,,,,,,,,,,,,,,,,,,,,,,,,,,,,,,,,,,,,,,,,,,,0.0,0.0,0.0,0.0,0.0,0.0,0.0,0.0,0.0,0.0,0.0,0.0,0.0,0.0,0.0,0.0,0.0,0.0,0.0,0.0,0.0,0.0,0.0,0.0,-0.004602083005011082,-0.0019175345078110695,0.0011505207512527704,-0.0026845482643693686,-0.03489912673830986,0.05215694010257721,-0.011121700517833233,0.01764131709933281,0.009587672539055347,-0.023010414093732834,0.013039235025644302,-0.015723783522844315,0.14007996022701263,0.07049775868654251,-0.08285775035619736,0.03250221163034439,0.24307993054389954,-0.0952177494764328,0.14648884534835815,-0.08011108636856079,-0.023346660658717155,0.21835993230342865,-0.13138218224048615,0.1666310578584671,0.0,0.0,0.0,0.0,0.0,0.0,0.0,0.0,0.0,0.0,0.0,0.0,0.0,0.0,0.0,0.0,0.0,0.0,0.0,0.0,0.0,0.0,0.0,0.0
20260708_192923_786968,2026-07-08T19:30:09.198,45.411836,pose,1850,stand,0.0,0.0,0.0,0.0,0.0,0.0,0.0,0.0,1.0,fake,0.0,0.0,-1.0,-0.0,0.0,0.0,0.0,4.949650287628174,9.463223457336426,12,can0:12,4.59547758102417,8.657490730285645,,"BL_hip_joint,BR_hip_joint,FL_hip_joint,FR_hip_joint,BL_thigh_joint,BR_thigh_joint,FL_thigh_joint,FR_thigh_joint,BL_calf_joint,BR_calf_joint,FL_calf_joint,FR_calf_joint",330e02f2406e129bb6ed6ec4a6c6bcd5f80d7e7799a2ab087e81eda65d2fae69,"step=001850 mode=stand  vx= 0.000 vy= 0.000 vxy= 0.000 yaw= 0.000 speed=1.00 imu=fake tilt_rp=[-0.0,+0.0]deg imu_corr=0.000 act_max= 0.000 tau_cmd= 4.950 tau_cmd_max= 9.463 cmds=12 bus=can0:12 tau_fb= 4.595 tau_fb_max= 8.657",,,,,,,,,,,,,,,,,,,,,,,,,,,,,,,,,,,,,,,,,,,,,,,,,0.0,0.0,0.0,0.0,0.0,0.0,0.0,0.0,0.0,0.0,0.0,0.0,0.0,0.0,0.0,0.0,0.0,0.0,0.0,0.0,0.0,0.0,0.0,0.0,-0.00153402762953192,0.0011505207512527704,0.0019175345078110695,-0.00613611051812768,-0.013039235025644302,0.033365100622177124,0.0034515620209276676,0.002301041502505541,0.007670138031244278,-0.011505207046866417,0.008820658549666405,-0.010738193057477474,-0.01831110566854477,-0.015564439818263054,0.017853328958153725,0.0032044434919953346,0.09109774976968765,-0.20050661265850067,0.173955500125885,-0.1895199418067932,-0.014191106893122196,0.11032441258430481,0.0013733329251408577,0.007324442267417908,0.0,0.0,0.0,0.0,0.0,0.0,0.0,0.0,0.0,0.0,0.0,0.0,0.0,0.0,0.0,0.0,0.0,0.0,0.0,0.0,0.0,0.0,0.0,0.0
20260708_192923_786968,2026-07-08T19:30:09.320,45.533651,pose,1855,stand,0.0,0.0,0.0,0.0,0.0,0.0,0.0,0.0,1.0,fake,0.0,0.0,-1.0,-0.0,0.0,0.0,0.0,4.806126117706299,10.147505760192871,12,can0:12,4.815820693969727,9.415570259094238,,"BL_hip_joint,BR_hip_joint,FL_hip_joint,FR_hip_joint,BL_thigh_joint,BR_thigh_joint,FL_thigh_joint,FR_thigh_joint,BL_calf_joint,BR_calf_joint,FL_calf_joint,FR_calf_joint",330e02f2406e129bb6ed6ec4a6c6bcd5f80d7e7799a2ab087e81eda65d2fae69,"step=001855 mode=stand  vx= 0.000 vy= 0.000 vxy= 0.000 yaw= 0.000 speed=1.00 imu=fake tilt_rp=[-0.0,+0.0]deg imu_corr=0.000 act_max= 0.000 tau_cmd= 4.806 tau_cmd_max= 10.148 cmds=12 bus=can0:12 tau_fb= 4.816 tau_fb_max= 9.416",,,,,,,,,,,,,,,,,,,,,,,,,,,,,,,,,,,,,,,,,,,,,,,,,0.0,0.0,0.0,0.0,0.0,0.0,0.0,0.0,0.0,0.0,0.0,0.0,0.0,0.0,0.0,0.0,0.0,0.0,0.0,0.0,0.0,0.0,0.0,0.0,-0.0026845482643693686,-0.00076701381476596,0.0026845482643693686,-0.006519617512822151,-0.00306805525906384,0.018791837617754936,0.014956769533455372,-0.011121700517833233,0.0057526035234332085,-0.009971179068088531,0.008053644560277462,-0.008820658549666405,-0.02609332650899887,-0.028839992359280586,0.009613330475986004,0.02700888179242611,0.061342205852270126,-0.08880886435508728,0.07415997982025146,-0.07690664380788803,0.005493331700563431,-0.023346660658717155,-0.09659108519554138,0.014648884534835815,0.0,0.0,0.0,0.0,0.0,0.0,0.0,0.0,0.0,0.0,0.0,0.0,0.0,0.0,0.0,0.0,0.0,0.0,0.0,0.0,0.0,0.0,0.0,0.0
20260708_192923_786968,2026-07-08T19:30:09.443,45.656696,pose,1860,stand,0.0,0.0,0.0,0.0,0.0,0.0,0.0,0.0,1.0,fake,0.0,0.0,-1.0,-0.0,0.0,0.0,0.0,5.111347675323486,11.864001274108887,12,can0:12,4.664144039154053,13.747978210449219,,"BL_hip_joint,BR_hip_joint,FL_hip_joint,FR_hip_joint,BL_thigh_joint,BR_thigh_joint,FL_thigh_joint,FR_thigh_joint,BL_calf_joint,BR_calf_joint,FL_calf_joint,FR_calf_joint",330e02f2406e129bb6ed6ec4a6c6bcd5f80d7e7799a2ab087e81eda65d2fae69,"step=001860 mode=stand  vx= 0.000 vy= 0.000 vxy= 0.000 yaw= 0.000 speed=1.00 imu=fake tilt_rp=[-0.0,+0.0]deg imu_corr=0.000 act_max= 0.000 tau_cmd= 5.111 tau_cmd_max= 11.864 cmds=12 bus=can0:12 tau_fb= 4.664 tau_fb_max= 13.748",,,,,,,,,,,,,,,,,,,,,,,,,,,,,,,,,,,,,,,,,,,,,,,,,0.0,0.0,0.0,0.0,0.0,0.0,0.0,0.0,0.0,0.0,0.0,0.0,0.0,0.0,0.0,0.0,0.0,0.0,0.0,0.0,0.0,0.0,0.0,0.0,-0.00306805525906384,-0.00076701381476596,0.0034515620209276676,-0.004985589534044266,-0.0019175345078110695,0.02109287865459919,0.01380624808371067,-0.009971179068088531,0.005369096528738737,-0.01035468652844429,0.007670138031244278,-0.009587672539055347,-0.048066653311252594,0.004577776417136192,-0.04028443247079849,-0.0032044434919953346,-0.053559985011816025,0.03662221133708954,0.016479995101690292,0.02609332650899887,-0.025635547935962677,-0.01739555038511753,0.020142216235399246,-0.01235999632626772,0.0,0.0,0.0,0.0,0.0,0.0,0.0,0.0,0.0,0.0,0.0,0.0,0.0,0.0,0.0,0.0,0.0,0.0,0.0,0.0,0.0,0.0,0.0,0.0
20260708_192923_786968,2026-07-08T19:30:09.566,45.779558,pose,1865,stand,0.0,0.0,0.0,0.0,0.0,0.0,0.0,0.0,1.0,fake,0.0,0.0,-1.0,-0.0,0.0,0.0,0.0,4.337830066680908,14.008966445922852,12,can0:12,4.682759761810303,15.65233325958252,,"BL_hip_joint,BR_hip_joint,FL_hip_joint,FR_hip_joint,BL_thigh_joint,BR_thigh_joint,FL_thigh_joint,FR_thigh_joint,BL_calf_joint,BR_calf_joint,FL_calf_joint,FR_calf_joint",330e02f2406e129bb6ed6ec4a6c6bcd5f80d7e7799a2ab087e81eda65d2fae69,"step=001865 mode=stand  vx= 0.000 vy= 0.000 vxy= 0.000 yaw= 0.000 speed=1.00 imu=fake tilt_rp=[-0.0,+0.0]deg imu_corr=0.000 act_max= 0.000 tau_cmd= 4.338 tau_cmd_max= 14.009 cmds=12 bus=can0:12 tau_fb= 4.683 tau_fb_max= 15.652",,,,,,,,,,,,,,,,,,,,,,,,,,,,,,,,,,,,,,,,,,,,,,,,,0.0,0.0,0.0,0.0,0.0,0.0,0.0,0.0,0.0,0.0,0.0,0.0,0.0,0.0,0.0,0.0,0.0,0.0,0.0,0.0,0.0,0.0,0.0,0.0,-0.002301041502505541,-0.0,0.002301041502505541,-0.005369096528738737,-0.008053644560277462,0.02722899056971073,0.007286631036549807,-0.00421857601031661,0.0057526035234332085,-0.01035468652844429,0.008053644560277462,-0.008820658549666405,0.03479110077023506,-0.0196844395250082,-0.06088442727923393,-0.016479995101690292,-0.03341776877641678,0.010986663401126862,-0.10254219174385071,0.07507553696632385,0.04852443188428879,0.027466658502817154,0.005493331700563431,-0.00595110934227705,0.0,0.0,0.0,0.0,0.0,0.0,0.0,0.0,0.0,0.0,0.0,0.0,0.0,0.0,0.0,0.0,0.0,0.0,0.0,0.0,0.0,0.0,0.0,0.0
20260708_192923_786968,2026-07-08T19:30:09.688,45.901781,pose,1870,stand,0.0,0.0,0.0,0.0,0.0,0.0,0.0,0.0,1.0,fake,0.0,0.0,-1.0,-0.0,0.0,0.0,0.0,4.856196880340576,12.699494361877441,12,can0:12,4.7291483879089355,14.01165771484375,,"BL_hip_joint,BR_hip_joint,FL_hip_joint,FR_hip_joint,BL_thigh_joint,BR_thigh_joint,FL_thigh_joint,FR_thigh_joint,BL_calf_joint,BR_calf_joint,FL_calf_joint,FR_calf_joint",330e02f2406e129bb6ed6ec4a6c6bcd5f80d7e7799a2ab087e81eda65d2fae69,"step=001870 mode=stand  vx= 0.000 vy= 0.000 vxy= 0.000 yaw= 0.000 speed=1.00 imu=fake tilt_rp=[-0.0,+0.0]deg imu_corr=0.000 act_max= 0.000 tau_cmd= 4.856 tau_cmd_max= 12.699 cmds=12 bus=can0:12 tau_fb= 4.729 tau_fb_max= 14.012",,,,,,,,,,,,,,,,,,,,,,,,,,,,,,,,,,,,,,,,,,,,,,,,,0.0,0.0,0.0,0.0,0.0,0.0,0.0,0.0,0.0,0.0,0.0,0.0,0.0,0.0,0.0,0.0,0.0,0.0,0.0,0.0,0.0,0.0,0.0,0.0,-0.00306805525906384,-0.00038350690738298,0.002301041502505541,-0.004985589534044266,-0.01035468652844429,0.028763016685843468,0.004985589534044266,-0.002301041502505541,0.0057526035234332085,-0.011121700517833233,0.008053644560277462,-0.008820658549666405,0.09796441346406937,0.005493331700563431,0.036164432764053345,0.015564439818263054,0.014191106893122196,-0.04669332131743431,0.008239997550845146,0.006408886983990669,0.013733329251408577,-0.0709555372595787,0.017853328958153725,-0.018768884241580963,0.0,0.0,0.0,0.0,0.0,0.0,0.0,0.0,0.0,0.0,0.0,0.0,0.0,0.0,0.0,0.0,0.0,0.0,0.0,0.0,0.0,0.0,0.0,0.0
20260708_192923_786968,2026-07-08T19:30:09.811,46.024766,pose,1875,stand,0.0,0.0,0.0,0.0,0.0,0.0,0.0,0.0,1.0,fake,0.0,0.0,-1.0,-0.0,0.0,0.0,0.0,4.075662136077881,11.930971145629883,12,can0:12,4.553361415863037,13.235267639160156,,"BL_hip_joint,BR_hip_joint,FL_hip_joint,FR_hip_joint,BL_thigh_joint,BR_thigh_joint,FL_thigh_joint,FR_thigh_joint,BL_calf_joint,BR_calf_joint,FL_calf_joint,FR_calf_joint",330e02f2406e129bb6ed6ec4a6c6bcd5f80d7e7799a2ab087e81eda65d2fae69,"step=001875 mode=stand  vx= 0.000 vy= 0.000 vxy= 0.000 yaw= 0.000 speed=1.00 imu=fake tilt_rp=[-0.0,+0.0]deg imu_corr=0.000 act_max= 0.000 tau_cmd= 4.076 tau_cmd_max= 11.931 cmds=12 bus=can0:12 tau_fb= 4.553 tau_fb_max= 13.235",,,,,,,,,,,,,,,,,,,,,,,,,,,,,,,,,,,,,,,,,,,,,,,,,0.0,0.0,0.0,0.0,0.0,0.0,0.0,0.0,0.0,0.0,0.0,0.0,0.0,0.0,0.0,0.0,0.0,0.0,0.0,0.0,0.0,0.0,0.0,0.0,-0.00306805525906384,-0.00038350690738298,0.00306805525906384,-0.004985589534044266,-0.009204166010022163,0.02837951108813286,0.00613611051812768,-0.00306805525906384,0.0057526035234332085,-0.011121700517833233,0.007670138031244278,-0.009204166010022163,0.08285775035619736,0.044862210750579834,-0.02700888179242611,0.008697775192558765,0.010528885759413242,-0.06271553784608841,-0.006408886983990669,-0.013733329251408577,-0.05859553813934326,-0.022431105375289917,-0.0013733329251408577,0.0787377581000328,0.0,0.0,0.0,0.0,0.0,0.0,0.0,0.0,0.0,0.0,0.0,0.0,0.0,0.0,0.0,0.0,0.0,0.0,0.0,0.0,0.0,0.0,0.0,0.0
20260708_192923_786968,2026-07-08T19:30:09.940,46.153387,policy,1880,policy,0.15000000596046448,0.0,0.15000000596046448,0.0,0.15000000596046448,0.0,0.15000000596046448,0.0,1.0,fake,0.0,0.0,-1.0,-0.0,0.0,0.0,0.0026046019047498703,0.37148067355155945,1.3598732948303223,12,can0:12,1.5598009824752808,3.4095277786254883,,"BL_hip_joint,BR_hip_joint,FL_hip_joint,FR_hip_joint,BL_thigh_joint,BR_thigh_joint,FL_thigh_joint,FR_thigh_joint,BL_calf_joint,BR_calf_joint,FL_calf_joint,FR_calf_joint",330e02f2406e129bb6ed6ec4a6c6bcd5f80d7e7799a2ab087e81eda65d2fae69,"step=001880 mode=policy vx= 0.150 vy= 0.000 vxy= 0.150 yaw= 0.000 speed=1.00 imu=fake tilt_rp=[-0.0,+0.0]deg imu_corr=0.000 act_max= 0.003 tau_cmd= 0.371 tau_cmd_max= 1.360 cmds=12 bus=can0:12 tau_fb= 1.560 tau_fb_max= 3.410",0.0,0.0,0.0,0.0,0.0,0.0,0.0,0.0,-1.0,0.15000000596046448,0.0,0.0,-0.0026845482643693686,-0.0,0.002301041502505541,-0.005369096528738737,-0.008820658549666405,0.02722899056971073,0.006903124041855335,-0.0034515620209276676,0.0057526035234332085,-0.010738193057477474,0.008053644560277462,-0.008820658549666405,0.002288888208568096,0.032044436782598495,0.004577776417136192,-0.0238044373691082,-0.06637775897979736,-0.007782219909131527,-0.016022218391299248,0.02609332650899887,-0.048066653311252594,-0.008239997550845146,-0.0631733164191246,-0.038453321903944016,0.3308071494102478,-0.9363069534301758,-0.3504291772842407,0.9520621299743652,0.8128365278244019,-0.6138097047805786,0.8781681656837463,-0.6787644624710083,-1.526953935623169,0.8221185207366943,-0.8874629735946655,0.9600717425346375,0.41877633333206177,-1.2001844644546509,-0.8976425528526306,1.4284003973007202,1.1149214506149292,-0.9473614692687988,1.193685531616211,-0.8983527421951294,-1.6571382284164429,0.7264623045921326,-1.0959681272506714,1.082663655281067,0.0006581989582628012,-0.0018863510340452194,-0.0014107679016888142,0.002245008246973157,0.00175232975743711,-0.0014889586018398404,0.001876125461421907,-0.0014119523111730814,-0.0026046019047498703,0.0011418465292081237,-0.0017225589836016297,0.0017016654601320624,-0.0026845482643693686,-0.0,0.002301041502505541,-0.005369096528738737,-0.008820658549666405,0.02722899056971073,0.006903124041855335,-0.0034515620209276676,0.0057526035234332085,-0.010738193057477474,0.008053644560277462,-0.008820658549666405,0.002288888208568096,0.032044436782598495,0.004577776417136192,-0.0238044373691082,-0.06637775897979736,-0.007782219909131527,-0.016022218391299248,0.02609332650899887,-0.048066653311252594,-0.008239997550845146,-0.0631733164191246,-0.038453321903944016,0.0001645497395657003,-0.00047158775851130486,-0.00035269197542220354,0.0005612520617432892,0.0004380824393592775,-0.0003722396504599601,0.00046903136535547674,-0.00035298807779327035,0.0,0.0,0.0,0.0,0.0,0.0,0.0,0.0,0.0,0.0,0.0,0.0,0.0,0.0,0.0,0.0
20260708_192923_786968,2026-07-08T19:30:10.073,46.286957,policy,1885,policy,0.15000000596046448,0.0,0.15000000596046448,0.0,0.15000000596046448,0.0,0.15000000596046448,0.0,1.0,fake,0.0,0.0,-1.0,-0.0,0.0,0.0,0.036928463727235794,2.8366775512695312,8.854272842407227,12,can0:12,2.7024142742156982,9.020051002502441,,"BL_hip_joint,BR_hip_joint,FL_hip_joint,FR_hip_joint,BL_thigh_joint,BR_thigh_joint,FL_thigh_joint,FR_thigh_joint,BL_calf_joint,BR_calf_joint,FL_calf_joint,FR_calf_joint",330e02f2406e129bb6ed6ec4a6c6bcd5f80d7e7799a2ab087e81eda65d2fae69,"step=001885 mode=policy vx= 0.150 vy= 0.000 vxy= 0.150 yaw= 0.000 speed=1.00 imu=fake tilt_rp=[-0.0,+0.0]deg imu_corr=0.000 act_max= 0.037 tau_cmd= 2.837 tau_cmd_max= 8.854 cmds=12 bus=can0:12 tau_fb= 2.702 tau_fb_max= 9.020",0.0,0.0,0.0,0.0,0.0,0.0,0.0,0.0,-1.0,0.15000000596046448,0.0,0.0,-0.00613611051812768,0.003835069015622139,0.00153402762953192,-0.02032586559653282,-0.018791837617754936,0.03106405958533287,0.019175345078110695,-0.022243401035666466,0.057909540832042694,-0.1016293317079544,0.12655727565288544,-0.1418975591659546,-0.11307107657194138,0.028839992359280586,-0.016479995101690292,-0.015564439818263054,-0.09292886406183243,0.0476088747382164,-0.031128879636526108,-0.0398266538977623,0.18723104894161224,-0.395977646112442,0.7722708582878113,-0.7054353356361389,0.1277386099100113,-1.520316243171692,-1.7536736726760864,2.4531214237213135,1.2704336643218994,-1.190812587738037,1.3650565147399902,-1.002918004989624,-1.7471075057983398,0.49880361557006836,-1.2431633472442627,1.0696460008621216,0.15817506611347198,-1.4833171367645264,-1.8560823202133179,2.4055042266845703,1.2415145635604858,-1.218076467514038,1.4766684770584106,-0.9937965273857117,-1.706849455833435,0.5761971473693848,-1.2183923721313477,1.1388531923294067,0.002918039448559284,-0.02739141695201397,-0.034262515604496,0.036928463727235794,0.022926021367311478,-0.02248855121433735,0.027256179600954056,-0.018350455909967422,-0.03151903674006462,0.010632555931806564,-0.022498758509755135,0.021022241562604904,-0.00613611051812768,0.003835069015622139,0.00153402762953192,-0.02032586559653282,-0.018791837617754936,0.03106405958533287,0.019175345078110695,-0.022243401035666466,0.057909540832042694,-0.1016293317079544,0.12655727565288544,-0.1418975591659546,-0.11307107657194138,0.028839992359280586,-0.016479995101690292,-0.015564439818263054,-0.09292886406183243,0.0476088747382164,-0.031128879636526108,-0.0398266538977623,0.18723104894161224,-0.395977646112442,0.7722708582878113,-0.7054353356361389,0.000729509862139821,-0.006847854238003492,-0.008565628901124,0.009232115931808949,0.005731505341827869,-0.005622137803584337,0.006814044900238514,-0.004587613977491856,0.0,-1.3877787807814457e-17,0.0,0.0,0.0,0.0,0.0,0.0,0.0,0.0,0.0,0.0,0.0,0.0,0.0,0.0
20260708_192923_786968,2026-07-08T19:30:10.205,46.418210,policy,1890,policy,0.15000000596046448,0.0,0.15000000596046448,0.0,0.15000000596046448,0.0,0.15000000596046448,0.0,1.0,fake,0.0,0.0,-1.0,-0.0,0.0,0.0,0.10442835092544556,3.2747716903686523,8.560508728027344,12,can0:12,3.242896795272827,8.899197578430176,,"BL_hip_joint,BR_hip_joint,FL_hip_joint,FR_hip_joint,BL_thigh_joint,BR_thigh_joint,FL_thigh_joint,FR_thigh_joint,BL_calf_joint,BR_calf_joint,FL_calf_joint,FR_calf_joint",330e02f2406e129bb6ed6ec4a6c6bcd5f80d7e7799a2ab087e81eda65d2fae69,"step=001890 mode=policy vx= 0.150 vy= 0.000 vxy= 0.150 yaw= 0.000 speed=1.00 imu=fake tilt_rp=[-0.0,+0.0]deg imu_corr=0.000 act_max= 0.104 tau_cmd= 3.275 tau_cmd_max= 8.561 cmds=12 bus=can0:12 tau_fb= 3.243 tau_fb_max= 8.899",0.0,0.0,0.0,0.0,0.0,0.0,0.0,0.0,-1.0,0.15000000596046448,0.0,0.0,-0.01227222103625536,-0.006903124041855335,0.002301041502505541,-0.016490796580910683,-0.03758367523550987,0.043719787150621414,0.00613611051812768,-0.015340276062488556,0.07631787657737732,-0.1353779286146164,0.14803366363048553,-0.17219460010528564,-0.10986663401126862,-0.05218665301799774,0.03662221133708954,0.05951109528541565,-0.1675466150045395,0.1506088376045227,-0.21286660432815552,0.15518662333488464,0.16251106560230255,-0.27329325675964355,-0.015106662176549435,0.017853328958153725,-0.06629648804664612,-1.2865469455718994,-2.189567804336548,2.0171053409576416,1.1164429187774658,-1.4110710620880127,1.703877329826355,-0.9084571003913879,-1.4200955629348755,0.9223685264587402,-1.3543763160705566,1.0842680931091309,-0.11446036398410797,-1.2549713850021362,-2.277482271194458,1.9055817127227783,1.0292503833770752,-1.4614102840423584,1.7591590881347656,-0.8596091866493225,-1.2819100618362427,1.042553424835205,-1.427868127822876,0.9758397340774536,-0.005939485039561987,-0.06555154919624329,-0.10442835092544556,0.09956996887922287,0.05380836874246597,-0.07626798003911972,0.09181121736764908,-0.04492158442735672,-0.06703966110944748,0.054344046860933304,-0.0744987204670906,0.05103563517332077,-0.01227222103625536,-0.006903124041855335,0.002301041502505541,-0.016490796580910683,-0.03758367523550987,0.043719787150621414,0.00613611051812768,-0.015340276062488556,0.07631787657737732,-0.1353779286146164,0.14803366363048553,-0.17219460010528564,-0.10986663401126862,-0.05218665301799774,0.03662221133708954,0.05951109528541565,-0.1675466150045395,0.1506088376045227,-0.21286660432815552,0.15518662333488464,0.16251106560230255,-0.27329325675964355,-0.015106662176549435,0.017853328958153725,-0.0014848712598904967,-0.01638788729906082,-0.02610708773136139,0.024892492219805717,0.013452092185616493,-0.01906699500977993,0.02295280434191227,-0.01123039610683918,0.0,0.0,0.0,0.0,0.0,0.0,0.0,0.0,0.0,0.0,0.0,0.0,0.0,0.0,0.0,0.0
20260708_192923_786968,2026-07-08T19:30:10.326,46.539330,pose,1895,stand,0.0,0.0,0.0,0.0,0.0,0.0,0.0,0.0,1.0,fake,0.0,0.0,-1.0,-0.0,0.0,0.0,0.0,14.10673999786377,33.18022918701172,12,can0:12,11.772515296936035,34.93026351928711,,"BL_hip_joint,BR_hip_joint,FL_hip_joint,FR_hip_joint,BL_thigh_joint,BR_thigh_joint,FL_thigh_joint,FR_thigh_joint,BL_calf_joint,BR_calf_joint,FL_calf_joint,FR_calf_joint",330e02f2406e129bb6ed6ec4a6c6bcd5f80d7e7799a2ab087e81eda65d2fae69,"step=001895 mode=stand  vx= 0.000 vy= 0.000 vxy= 0.000 yaw= 0.000 speed=1.00 imu=fake tilt_rp=[-0.0,+0.0]deg imu_corr=0.000 act_max= 0.000 tau_cmd= 14.107 tau_cmd_max= 33.180 cmds=12 bus=can0:12 tau_fb= 11.773 tau_fb_max= 34.930",,,,,,,,,,,,,,,,,,,,,,,,,,,,,,,,,,,,,,,,,,,,,,,,,0.0,0.0,0.0,0.0,0.0,0.0,0.0,0.0,0.0,0.0,0.0,0.0,0.0,0.0,0.0,0.0,0.0,0.0,0.0,0.0,0.0,0.0,0.0,0.0,-0.013039235025644302,-0.00613611051812768,0.00421857601031661,-0.011888713575899601,-0.054074473679065704,0.05944357067346573,-0.016490796580910683,0.009971179068088531,0.05292395129799843,-0.1054643988609314,0.09971179068088531,-0.12195519357919693,0.09613330662250519,0.1666310578584671,0.0952177494764328,0.02471999265253544,0.11535996943712234,0.09613330662250519,-0.16205328702926636,0.4440443217754364,-0.8336130976676941,1.5871150493621826,-1.8228706121444702,2.1231727600097656,0.0,0.0,0.0,0.0,0.0,0.0,0.0,0.0,0.0,0.0,0.0,0.0,0.0,0.0,0.0,0.0,0.0,0.0,0.0,0.0,0.0,0.0,0.0,0.0
20260708_192923_786968,2026-07-08T19:30:10.452,46.665026,policy,1900,policy,0.15000000596046448,0.0,0.15000000596046448,0.0,0.15000000596046448,0.0,0.15000000596046448,0.0,1.0,fake,0.0,0.0,-1.0,-0.0,0.0,0.0,0.005934595596045256,1.6867998838424683,3.7348718643188477,12,can0:12,2.220221519470215,5.99505615234375,,"BL_hip_joint,BR_hip_joint,FL_hip_joint,FR_hip_joint,BL_thigh_joint,BR_thigh_joint,FL_thigh_joint,FR_thigh_joint,BL_calf_joint,BR_calf_joint,FL_calf_joint,FR_calf_joint",330e02f2406e129bb6ed6ec4a6c6bcd5f80d7e7799a2ab087e81eda65d2fae69,"step=001900 mode=policy vx= 0.150 vy= 0.000 vxy= 0.150 yaw= 0.000 speed=1.00 imu=fake tilt_rp=[-0.0,+0.0]deg imu_corr=0.000 act_max= 0.006 tau_cmd= 1.687 tau_cmd_max= 3.735 cmds=12 bus=can0:12 tau_fb= 2.220 tau_fb_max= 5.995",0.0,0.0,0.0,0.0,0.0,0.0,0.0,0.0,-1.0,0.15000000596046448,0.0,0.0,-0.010738193057477474,-0.00421857601031661,-0.0,-0.01035468652844429,-0.05484148859977722,0.07785189896821976,-0.007286631036549807,0.004602083005011082,0.02032586559653282,-0.04870537668466568,0.030297044664621353,-0.0345156192779541,0.061342205852270126,-0.269631028175354,-0.17853328585624695,-0.21011993288993835,0.1661732792854309,-0.08148442208766937,0.03707998991012573,-0.06866664439439774,0.251777708530426,-0.47196874022483826,0.6070131659507751,-0.6102175712585449,0.43730437755584717,-1.295364260673523,-0.5960661172866821,1.1783630847930908,0.8582811951637268,-0.8332054018974304,0.8393230438232422,-0.68035489320755,-1.4494966268539429,0.9953466653823853,-1.1364885568618774,0.9781855344772339,0.21793289482593536,-1.4133576154708862,-0.9598663449287415,1.693045735359192,0.9605798721313477,-1.0965017080307007,0.9968145489692688,-0.8446425199508667,-1.5072458982467651,0.8899096846580505,-1.3374985456466675,0.9008498191833496,0.0007644397555850446,-0.004954783245921135,-0.0033644658979028463,0.005934595596045256,0.003367447527125478,-0.003843671642243862,0.003494379110634327,-0.002960876328870654,-0.0052840509451925755,0.0031200710218399763,-0.004688681103289127,0.0031583737581968307,-0.010738193057477474,-0.00421857601031661,-0.0,-0.01035468652844429,-0.05484148859977722,0.07785189896821976,-0.007286631036549807,0.004602083005011082,0.02032586559653282,-0.04870537668466568,0.030297044664621353,-0.0345156192779541,0.061342205852270126,-0.269631028175354,-0.17853328585624695,-0.21011993288993835,0.1661732792854309,-0.08148442208766937,0.03707998991012573,-0.06866664439439774,0.251777708530426,-0.47196874022483826,0.6070131659507751,-0.6102175712585449,0.00019110993889626116,-0.0012386958114802837,-0.0008411165326833725,0.001483648899011314,0.0008418618817813694,-0.0009609179105609655,0.0008735947776585817,-0.0007402190822176635,3.469446951953614e-18,0.0,0.0,0.0,0.0,0.0,0.0,0.0,0.0,0.0,0.0,0.0,0.0,0.0,0.0,0.0
20260708_192923_786968,2026-07-08T19:30:10.582,46.795208,policy,1905,policy,0.15000000596046448,0.0,0.15000000596046448,0.0,0.15000000596046448,0.0,0.15000000596046448,0.0,1.0,fake,0.0,0.0,-1.0,-0.0,0.0,0.0,0.04785182327032089,3.2119617462158203,8.75444507598877,12,can0:12,3.0179755687713623,8.990753173828125,,"BL_hip_joint,BR_hip_joint,FL_hip_joint,FR_hip_joint,BL_thigh_joint,BR_thigh_joint,FL_thigh_joint,FR_thigh_joint,BL_calf_joint,BR_calf_joint,FL_calf_joint,FR_calf_joint",330e02f2406e129bb6ed6ec4a6c6bcd5f80d7e7799a2ab087e81eda65d2fae69,"step=001905 mode=policy vx= 0.150 vy= 0.000 vxy= 0.150 yaw= 0.000 speed=1.00 imu=fake tilt_rp=[-0.0,+0.0]deg imu_corr=0.000 act_max= 0.048 tau_cmd= 3.212 tau_cmd_max= 8.754 cmds=12 bus=can0:12 tau_fb= 3.018 tau_fb_max= 8.991",0.0,0.0,0.0,0.0,0.0,0.0,0.0,0.0,-1.0,0.15000000596046448,0.0,0.0,0.01035468652844429,0.018791837617754936,-0.006519617512822151,-0.02722899056971073,-0.04602082818746567,0.06941474974155426,0.019175345078110695,-0.023393921554088593,0.07861891388893127,-0.09626023471355438,0.1288583129644394,-0.1576213389635086,0.023346660658717155,0.05859553813934326,-0.002288888208568096,-0.06958220154047012,0.015106662176549435,0.029755547642707825,0.10849329829216003,-0.050355542451143265,0.34333324432373047,-0.21149326860904694,0.49668875336647034,-0.35111546516418457,-0.027318298816680908,-1.5372240543365479,-1.7823084592819214,2.7267005443573,1.3343476057052612,-1.2431520223617554,1.2975064516067505,-0.8404891490936279,-1.8548176288604736,0.27620893716812134,-1.2575483322143555,0.9304113388061523,0.04336504638195038,-1.503796100616455,-1.8376260995864868,2.6319773197174072,1.299003005027771,-1.2137296199798584,1.3623859882354736,-0.8366572856903076,-1.849473237991333,0.3742057681083679,-1.2022910118103027,1.0452839136123657,0.001027200953103602,-0.03598463535308838,-0.04395873844623566,0.04785182327032089,0.03108493611216545,-0.029043858870863914,0.032586824148893356,-0.020018331706523895,-0.04425109550356865,0.008938891813158989,-0.028774026781320572,0.024992501363158226,0.01035468652844429,0.018791837617754936,-0.006519617512822151,-0.02722899056971073,-0.04602082818746567,0.06941474974155426,0.019175345078110695,-0.023393921554088593,0.07861891388893127,-0.09626023471355438,0.1288583129644394,-0.1576213389635086,0.023346660658717155,0.05859553813934326,-0.002288888208568096,-0.06958220154047012,0.015106662176549435,0.029755547642707825,0.10849329829216003,-0.050355542451143265,0.34333324432373047,-0.21149326860904694,0.49668875336647034,-0.35111546516418457,0.0002568002382759005,-0.008996158838272095,-0.010989684611558914,0.011962955817580223,0.007771234028041363,-0.007260964717715979,0.008146706037223339,-0.005004582926630974,0.0,0.0,0.0,0.0,0.0,0.0,0.0,0.0,0.0,0.0,0.0,0.0,0.0,0.0,0.0,0.0
20260708_192923_786968,2026-07-08T19:30:10.711,46.924062,policy,1910,policy,0.15000000596046448,0.0,0.15000000596046448,0.0,0.15000000596046448,0.0,0.15000000596046448,0.0,1.0,fake,0.0,0.0,-1.0,-0.0,0.0,0.0,0.11405272036790848,3.3261687755584717,8.63802719116211,12,can0:12,3.313394546508789,8.631855010986328,,"BL_hip_joint,BR_hip_joint,FL_hip_joint,FR_hip_joint,BL_thigh_joint,BR_thigh_joint,FL_thigh_joint,FR_thigh_joint,BL_calf_joint,BR_calf_joint,FL_calf_joint,FR_calf_joint",330e02f2406e129bb6ed6ec4a6c6bcd5f80d7e7799a2ab087e81eda65d2fae69,"step=001910 mode=policy vx= 0.150 vy= 0.000 vxy= 0.150 yaw= 0.000 speed=1.00 imu=fake tilt_rp=[-0.0,+0.0]deg imu_corr=0.000 act_max= 0.114 tau_cmd= 3.326 tau_cmd_max= 8.638 cmds=12 bus=can0:12 tau_fb= 3.313 tau_fb_max= 8.632",0.0,0.0,0.0,0.0,0.0,0.0,0.0,0.0,-1.0,0.15000000596046448,0.0,0.0,0.0011505207512527704,0.009971179068088531,-0.00613611051812768,-0.02109287865459919,-0.05445798113942146,0.07248280197381973,0.014956769533455372,-0.02070937305688858,0.0820704773068428,-0.11620259284973145,0.14151404798030853,-0.1725781112909317,-0.24124881625175476,-0.13321329653263092,0.004577776417136192,0.032959990203380585,-0.11627551913261414,0.0874355286359787,-0.14007996022701263,0.03570665791630745,-0.06042664870619774,-0.21057771146297455,0.025635547935962677,-0.005493331700563431,0.13097703456878662,-1.2547394037246704,-1.8948521614074707,1.9099949598312378,1.1111421585083008,-1.217262625694275,1.5208556652069092,-0.7970001697540283,-1.6361923217773438,0.8546847105026245,-1.0951118469238281,1.327690839767456,0.10043413192033768,-1.2443222999572754,-1.8746354579925537,1.735209345817566,1.0678893327713013,-1.2716188430786133,1.5390070676803589,-0.8114216327667236,-1.5377672910690308,1.0098659992218018,-1.1352882385253906,1.3055161237716675,0.006140122190117836,-0.07570315152406693,-0.11405272036790848,0.10573437064886093,0.06500618904829025,-0.0772949755191803,0.09359749406576157,-0.04934436082839966,-0.09364573657512665,0.06126490980386734,-0.06901756674051285,0.07943505793809891,0.0011505207512527704,0.009971179068088531,-0.00613611051812768,-0.02109287865459919,-0.05445798113942146,0.07248280197381973,0.014956769533455372,-0.02070937305688858,0.0820704773068428,-0.11620259284973145,0.14151404798030853,-0.1725781112909317,-0.24124881625175476,-0.13321329653263092,0.004577776417136192,0.032959990203380585,-0.11627551913261414,0.0874355286359787,-0.14007996022701263,0.03570665791630745,-0.06042664870619774,-0.21057771146297455,0.025635547935962677,-0.005493331700563431,0.001535030547529459,-0.01892578788101673,-0.02851318009197712,0.026433592662215233,0.016251547262072563,-0.019323743879795074,0.02339937351644039,-0.012336090207099915,0.0,0.0,0.0,0.0,0.0,0.0,0.0,0.0,0.0,0.0,0.0,0.0,0.0,0.0,0.0,0.0
20260708_192923_786968,2026-07-08T19:30:10.838,47.051440,policy,1915,policy,0.15000000596046448,0.0,0.15000000596046448,0.0,0.15000000596046448,0.0,0.15000000596046448,0.0,1.0,fake,0.0,0.0,-1.0,-0.0,0.0,0.0,0.22506406903266907,4.095824718475342,8.740145683288574,12,can0:12,4.057435512542725,8.631855010986328,,"BL_hip_joint,BR_hip_joint,FL_hip_joint,FR_hip_joint,BL_thigh_joint,BR_thigh_joint,FL_thigh_joint,FR_thigh_joint,BL_calf_joint,BR_calf_joint,FL_calf_joint,FR_calf_joint",330e02f2406e129bb6ed6ec4a6c6bcd5f80d7e7799a2ab087e81eda65d2fae69,"step=001915 mode=policy vx= 0.150 vy= 0.000 vxy= 0.150 yaw= 0.000 speed=1.00 imu=fake tilt_rp=[-0.0,+0.0]deg imu_corr=0.000 act_max= 0.225 tau_cmd= 4.096 tau_cmd_max= 8.740 cmds=12 bus=can0:12 tau_fb= 4.057 tau_fb_max= 8.632",0.0,0.0,0.0,0.0,0.0,0.0,0.0,0.0,-1.0,0.15000000596046448,0.0,0.0,-0.014956769533455372,-0.011505207046866417,-0.0011505207512527704,-0.014573262073099613,-0.07401683181524277,0.08168696612119675,-0.0057526035234332085,-0.010738193057477474,0.08168696612119675,-0.14688314497470856,0.14113053679466248,-0.17372862994670868,0.050355542451143265,-0.10986663401126862,0.08880886435508728,0.01235999632626772,-0.24445326626300812,0.10803552716970444,-0.1991332769393921,0.19363994896411896,-0.013733329251408577,-0.2710043787956238,0.051271095871925354,-0.023346660658717155,-0.11298719048500061,-1.3554224967956543,-2.3543577194213867,1.309769630432129,0.9035992622375488,-1.4939178228378296,1.666321873664856,-0.493780255317688,-0.869889497756958,1.5024057626724243,-1.7853341102600098,0.5298033952713013,-0.21126702427864075,-1.3276419639587402,-2.545461654663086,1.2980477809906006,0.9235039353370667,-1.4473875761032104,1.6505606174468994,-0.4507511556148529,-0.6502078771591187,1.6570042371749878,-1.9282543659210205,0.3405543565750122,-0.023407604545354843,-0.1494993418455124,-0.22506406903266907,0.14612172544002533,0.10385207831859589,-0.16304795444011688,0.18579748272895813,-0.05089316517114639,-0.07399611175060272,0.18588407337665558,-0.2164473533630371,0.039040859788656235,-0.014956769533455372,-0.011505207046866417,-0.0011505207512527704,-0.014573262073099613,-0.07401683181524277,0.08168696612119675,-0.0057526035234332085,-0.010738193057477474,0.08168696612119675,-0.14688314497470856,0.14113053679466248,-0.17372862994670868,0.050355542451143265,-0.10986663401126862,0.08880886435508728,0.01235999632626772,-0.24445326626300812,0.10803552716970444,-0.1991332769393921,0.19363994896411896,-0.013733329251408577,-0.2710043787956238,0.051271095871925354,-0.023346660658717155,-0.005851901136338711,-0.0373748354613781,-0.05626601725816727,0.03653043136000633,0.02596301957964897,-0.04076198861002922,0.04644937068223953,-0.012723291292786598,0.0,0.0,0.0,0.0,0.0,0.0,0.0,0.0,0.0,0.0,0.0,0.0,0.0,0.0,0.0,0.0
20260708_192923_786968,2026-07-08T19:30:10.965,47.178301,policy,1920,policy,0.15000000596046448,0.0,0.15000000596046448,0.0,0.15000000596046448,0.0,0.15000000596046448,0.0,1.0,fake,0.0,0.0,-1.0,-0.0,0.0,0.0,0.3550313413143158,4.790940284729004,8.749871253967285,12,can0:12,4.883572101593018,8.983428001403809,,"BL_hip_joint,BR_hip_joint,FL_hip_joint,FR_hip_joint,BL_thigh_joint,BR_thigh_joint,FL_thigh_joint,FR_thigh_joint,BL_calf_joint,BR_calf_joint,FL_calf_joint,FR_calf_joint",330e02f2406e129bb6ed6ec4a6c6bcd5f80d7e7799a2ab087e81eda65d2fae69,"step=001920 mode=policy vx= 0.150 vy= 0.000 vxy= 0.150 yaw= 0.000 speed=1.00 imu=fake tilt_rp=[-0.0,+0.0]deg imu_corr=0.000 act_max= 0.355 tau_cmd= 4.791 tau_cmd_max= 8.750 cmds=12 bus=can0:12 tau_fb= 4.884 tau_fb_max= 8.983",0.0,0.0,0.0,0.0,0.0,0.0,0.0,0.0,-1.0,0.15000000596046448,0.0,0.0,-0.032981593161821365,-0.023010414093732834,-0.002301041502505541,-0.013422741554677486,-0.10009530186653137,0.09741075336933136,-0.032981593161821365,0.011888713575899601,0.0820704773068428,-0.1744956374168396,0.14113053679466248,-0.17372862994670868,-0.13321329653263092,-0.06958220154047012,-0.010528885759413242,-0.035248879343271255,-0.22888882458209991,0.1496932953596115,-0.2133243829011917,0.2545243799686432,-0.0068666646257042885,-0.0119022186845541,-0.10528885573148727,0.02471999265253544,-0.3000074625015259,-0.8997744917869568,-2.5731823444366455,0.5774236917495728,1.180063247680664,-0.9748175144195557,1.4301271438598633,-0.5122864842414856,0.037400245666503906,2.389108180999756,-2.351914882659912,0.16816960275173187,-0.26985329389572144,-0.8315320611000061,-2.4526216983795166,0.5301188230514526,1.177297830581665,-0.8495469093322754,1.289947509765625,-0.5291337370872498,0.023363061249256134,2.331547260284424,-2.3512346744537354,0.18670985102653503,-0.04818981513381004,-0.14828571677207947,-0.3550313413143158,0.09461939334869385,0.20898187160491943,-0.1519930213689804,0.23028045892715454,-0.09377311915159225,0.004240925889462233,0.35503125190734863,-0.3550313413143158,0.032960548996925354,-0.032981593161821365,-0.023010414093732834,-0.002301041502505541,-0.013422741554677486,-0.10009530186653137,0.09741075336933136,-0.032981593161821365,0.011888713575899601,0.0820704773068428,-0.1744956374168396,0.14113053679466248,-0.17372862994670868,-0.13321329653263092,-0.06958220154047012,-0.010528885759413242,-0.035248879343271255,-0.22888882458209991,0.1496932953596115,-0.2133243829011917,0.2545243799686432,-0.0068666646257042885,-0.0119022186845541,-0.10528885573148727,0.02471999265253544,-0.01204745378345251,-0.03707142919301987,-0.08875783532857895,0.023654848337173462,0.05224546790122986,-0.0379982553422451,0.057570114731788635,-0.023443279787898064,0.0010602314723655581,0.0,0.0,0.0,0.0,0.0,0.0,0.0,0.0,0.0,0.0,0.0,0.0,0.0,0.0,0.0
20260708_192923_786968,2026-07-08T19:30:11.092,47.305382,policy,1925,policy,0.15000000596046448,0.0,0.15000000596046448,0.0,0.15000000596046448,0.0,0.15000000596046448,0.0,1.0,fake,0.0,0.0,-1.0,-0.0,0.0,0.0,0.5084758996963501,5.9307026863098145,12.127787590026855,12,can0:12,5.909909725189209,12.074342727661133,,"BL_hip_joint,BR_hip_joint,FL_hip_joint,FR_hip_joint,BL_thigh_joint,BR_thigh_joint,FL_thigh_joint,FR_thigh_joint,BL_calf_joint,BR_calf_joint,FL_calf_joint,FR_calf_joint",330e02f2406e129bb6ed6ec4a6c6bcd5f80d7e7799a2ab087e81eda65d2fae69,"step=001925 mode=policy vx= 0.150 vy= 0.000 vxy= 0.150 yaw= 0.000 speed=1.00 imu=fake tilt_rp=[-0.0,+0.0]deg imu_corr=0.000 act_max= 0.508 tau_cmd= 5.931 tau_cmd_max= 12.128 cmds=12 bus=can0:12 tau_fb= 5.910 tau_fb_max= 12.074",0.0,0.0,0.0,0.0,0.0,0.0,0.0,0.0,-1.0,0.15000000596046448,0.0,0.0,-0.039501212537288666,-0.030680552124977112,-0.007670138031244278,-0.014573262073099613,-0.13192637264728546,0.12425623834133148,-0.06596318632364273,0.04065173119306564,0.08283749222755432,-0.1913699507713318,0.1418975591659546,-0.17334511876106262,0.0050355540588498116,0.023346660658717155,-0.10391552746295929,-0.041657764464616776,-0.28336435556411743,0.23163548111915588,-0.2467421442270279,0.2934354543685913,0.014191106893122196,-0.18677328526973724,0.02288888208568096,0.007782219909131527,-0.33770883083343506,-0.6979672312736511,-2.1862905025482178,0.4192538857460022,1.449036955833435,-0.8208974003791809,1.076549768447876,-0.7038758993148804,0.0043427422642707825,2.3573615550994873,-2.4201948642730713,0.21385984122753143,-0.3630847930908203,-0.6642782092094421,-2.129143238067627,0.4458777904510498,1.5255565643310547,-0.78474360704422,0.963115930557251,-0.7809612154960632,-0.005331747233867645,2.3115036487579346,-2.380863666534424,0.19821085035800934,-0.09182782471179962,-0.16955161094665527,-0.5084758996963501,0.11289693415164948,0.3863458037376404,-0.20019002258777618,0.24704474210739136,-0.19705671072006226,-0.0012192863505333662,0.5084758996963501,-0.5084758996963501,0.050678133964538574,-0.039501212537288666,-0.030680552124977112,-0.007670138031244278,-0.014573262073099613,-0.13192637264728546,0.12425623834133148,-0.06596318632364273,0.04065173119306564,0.08283749222755432,-0.1913699507713318,0.1418975591659546,-0.17334511876106262,0.0050355540588498116,0.023346660658717155,-0.10391552746295929,-0.041657764464616776,-0.28336435556411743,0.23163548111915588,-0.2467421442270279,0.2934354543685913,0.014191106893122196,-0.18677328526973724,0.02288888208568096,0.007782219909131527,-0.022956956177949905,-0.04238790273666382,-0.12711897492408752,0.02822423353791237,0.0965864509344101,-0.050047505646944046,0.06176118552684784,-0.049264177680015564,0.0,0.0,0.0,0.0,0.0,0.0,0.0,0.0,0.0,0.0,0.0,0.0,0.0,0.0,0.0,0.0
20260708_192923_786968,2026-07-08T19:30:11.219,47.432335,policy,1930,policy,0.15000000596046448,0.0,0.15000000596046448,0.0,0.15000000596046448,0.0,0.15000000596046448,0.0,1.0,fake,0.0,0.0,-1.0,-0.0,0.0,0.0,0.6819139122962952,7.022554874420166,17.123214721679688,12,can0:12,6.983245372772217,16.633808135986328,,"BL_hip_joint,BR_hip_joint,FL_hip_joint,FR_hip_joint,BL_thigh_joint,BR_thigh_joint,FL_thigh_joint,FR_thigh_joint,BL_calf_joint,BR_calf_joint,FL_calf_joint,FR_calf_joint",330e02f2406e129bb6ed6ec4a6c6bcd5f80d7e7799a2ab087e81eda65d2fae69,"step=001930 mode=policy vx= 0.150 vy= 0.000 vxy= 0.150 yaw= 0.000 speed=1.00 imu=fake tilt_rp=[-0.0,+0.0]deg imu_corr=0.000 act_max= 0.682 tau_cmd= 7.023 tau_cmd_max= 17.123 cmds=12 bus=can0:12 tau_fb= 6.983 tau_fb_max= 16.634",0.0,0.0,0.0,0.0,0.0,0.0,0.0,0.0,-1.0,0.15000000596046448,0.0,0.0,-0.04256926476955414,-0.03259808570146561,-0.018408332020044327,-0.018024824559688568,-0.1641409546136856,0.15071821212768555,-0.10086231678724289,0.06979825347661972,0.08974061161279678,-0.21246282756328583,0.14151404798030853,-0.17411212623119354,0.01739555038511753,-0.04577776417136192,0.009613330475986004,-0.014191106893122196,-0.31220436096191406,0.2865687906742096,-0.35248878598213196,0.2453688234090805,0.1112399697303772,-0.11993774026632309,-0.04119998961687088,-0.00045777764171361923,-0.4814832806587219,-0.48561760783195496,-2.0587403774261475,0.3799678683280945,1.8339896202087402,-0.6561982035636902,0.5705390572547913,-1.003509521484375,0.10391826927661896,2.2930846214294434,-2.250822067260742,0.18027088046073914,-0.5190110802650452,-0.42926308512687683,-2.094496011734009,0.3487294912338257,1.9200361967086792,-0.6903793811798096,0.5712741613388062,-1.0656472444534302,0.1387109011411667,2.3814423084259033,-2.24898099899292,0.21352694928646088,-0.17568828165531158,-0.14853759109973907,-0.6816257834434509,0.12013409286737442,0.6515653729438782,-0.23422089219093323,0.19491684436798096,-0.36120957136154175,0.0458461157977581,0.6819139122962952,-0.6819139122962952,0.07153701037168503,-0.04256926476955414,-0.03259808570146561,-0.018408332020044327,-0.018024824559688568,-0.1641409546136856,0.15071821212768555,-0.10086231678724289,0.06979825347661972,0.08974061161279678,-0.21246282756328583,0.14151404798030853,-0.17411212623119354,0.01739555038511753,-0.04577776417136192,0.009613330475986004,-0.014191106893122196,-0.31220436096191406,0.2865687906742096,-0.35248878598213196,0.2453688234090805,0.1112399697303772,-0.11993774026632309,-0.04119998961687088,-0.00045777764171361923,-0.043922070413827896,-0.03713439777493477,-0.17040644586086273,0.030033523216843605,0.16289134323596954,-0.05855522304773331,0.04872921109199524,-0.09030239284038544,0.011461528949439526,0.0,0.0,0.0,0.0,0.0,0.0,0.0,0.0,0.0,0.0,0.0,0.0,0.0,0.0,0.0
20260708_192923_786968,2026-07-08T19:30:11.346,47.559443,policy,1935,policy,0.15000000596046448,0.0,0.15000000596046448,0.0,0.15000000596046448,0.0,0.15000000596046448,0.0,1.0,fake,0.0,0.0,-1.0,-0.0,0.0,0.0,0.8711106181144714,7.996352672576904,20.968088150024414,12,can0:12,8.109989166259766,20.471817016601562,,"BL_hip_joint,BR_hip_joint,FL_hip_joint,FR_hip_joint,BL_thigh_joint,BR_thigh_joint,FL_thigh_joint,FR_thigh_joint,BL_calf_joint,BR_calf_joint,FL_calf_joint,FR_calf_joint",330e02f2406e129bb6ed6ec4a6c6bcd5f80d7e7799a2ab087e81eda65d2fae69,"step=001935 mode=policy vx= 0.150 vy= 0.000 vxy= 0.150 yaw= 0.000 speed=1.00 imu=fake tilt_rp=[-0.0,+0.0]deg imu_corr=0.000 act_max= 0.871 tau_cmd= 7.996 tau_cmd_max= 20.968 cmds=12 bus=can0:12 tau_fb= 8.110 tau_fb_max= 20.472",0.0,0.0,0.0,0.0,0.0,0.0,0.0,0.0,-1.0,0.15000000596046448,0.0,0.0,-0.04487030580639839,-0.03221457824110985,-0.03106405958533287,-0.02454444207251072,-0.18983592092990875,0.1706605702638626,-0.13230988383293152,0.09472620487213135,0.12463974207639694,-0.24659493565559387,0.14151404798030853,-0.17411212623119354,-0.05813775956630707,0.07690664380788803,-0.06958220154047012,-0.13779106736183167,-0.24216437339782715,0.1496932953596115,-0.18494217097759247,0.158848837018013,0.1579332798719406,-0.24216437339782715,-0.0238044373691082,0.03341776877641678,-0.5639270544052124,-0.28728410601615906,-1.8144145011901855,0.1588197648525238,2.0054783821105957,-0.5632944107055664,0.23065662384033203,-1.2384685277938843,0.08043119311332703,2.221750259399414,-2.206192970275879,0.1883246749639511,-0.5593122839927673,-0.2521984279155731,-1.8026889562606812,0.1298322081565857,2.072613000869751,-0.497622013092041,0.09609708189964294,-1.2832623720169067,0.08706405758857727,2.1594717502593994,-2.124303102493286,0.1749550849199295,-0.24350187182426453,-0.11185262352228165,-0.786273717880249,0.058546241372823715,0.8705520629882812,-0.22012369334697723,0.0490405447781086,-0.5560671091079712,0.03764883056282997,0.8711106181144714,-0.8711106181144714,0.07694534957408905,-0.04487030580639839,-0.03221457824110985,-0.03106405958533287,-0.02454444207251072,-0.18983592092990875,0.1706605702638626,-0.13230988383293152,0.09472620487213135,0.12463974207639694,-0.24659493565559387,0.14151404798030853,-0.17411212623119354,-0.05813775956630707,0.07690664380788803,-0.06958220154047012,-0.13779106736183167,-0.24216437339782715,0.1496932953596115,-0.18494217097759247,0.158848837018013,0.1579332798719406,-0.24216437339782715,-0.0238044373691082,0.03341776877641678,-0.06087546795606613,-0.02796315588057041,-0.19656842947006226,0.014636560343205929,0.2176380157470703,-0.05503092333674431,0.01226013619452715,-0.1390167772769928,0.009412207640707493,0.0,0.0,0.0,0.0,0.0,0.0,0.0,0.0,0.0,0.0,0.0,0.0,0.0,0.0,0.0
20260708_192923_786968,2026-07-08T19:30:11.473,47.686214,policy,1940,policy,0.15000000596046448,0.0,0.15000000596046448,0.0,0.15000000596046448,0.0,0.15000000596046448,0.0,1.0,fake,0.0,0.0,-1.0,-0.0,0.0,0.0,1.0707305669784546,9.446821212768555,24.42237663269043,12,can0:12,9.13205337524414,23.932615280151367,,"BL_hip_joint,BR_hip_joint,FL_hip_joint,FR_hip_joint,BL_thigh_joint,BR_thigh_joint,FL_thigh_joint,FR_thigh_joint,BL_calf_joint,BR_calf_joint,FL_calf_joint,FR_calf_joint",330e02f2406e129bb6ed6ec4a6c6bcd5f80d7e7799a2ab087e81eda65d2fae69,"step=001940 mode=policy vx= 0.150 vy= 0.000 vxy= 0.150 yaw= 0.000 speed=1.00 imu=fake tilt_rp=[-0.0,+0.0]deg imu_corr=0.000 act_max= 1.071 tau_cmd= 9.447 tau_cmd_max= 24.422 cmds=12 bus=can0:12 tau_fb= 9.132 tau_fb_max= 23.933",0.0,0.0,0.0,0.0,0.0,0.0,0.0,0.0,-1.0,0.15000000596046448,0.0,0.0,-0.04563732072710991,-0.02492794767022133,-0.047171350568532944,-0.04256926476955414,-0.21246282756328583,0.18906889855861664,-0.15915536880493164,0.11581908166408539,0.15071821212768555,-0.27382391691207886,0.14151404798030853,-0.1764131784439087,0.0476088747382164,0.17853328585624695,-0.11764885485172272,-0.08880886435508728,-0.17120884358882904,0.17075106501579285,-0.20920437574386597,0.16937772929668427,0.06729331612586975,-0.2142399400472641,0.07736442238092422,-0.054475538432598114,-0.6861880421638489,0.0471157506108284,-1.7450939416885376,0.14300844073295593,2.1577115058898926,-0.5056970119476318,-0.07118703424930573,-1.5412918329238892,0.056586481630802155,2.0160295963287354,-2.125401258468628,0.14559170603752136,-0.7313488125801086,0.10937126725912094,-1.7203947305679321,0.18343381583690643,2.143120288848877,-0.504219651222229,-0.09649863839149475,-1.6147210597991943,0.07160678505897522,1.9690788984298706,-2.1067023277282715,0.11743079125881195,-0.3874451816082001,0.05268039554357529,-0.9234044551849365,0.0945146381855011,1.0707305669784546,-0.26988348364830017,-0.049356650561094284,-0.85748291015625,0.03757672384381294,1.0566024780273438,-1.0707305669784546,0.06539446860551834,-0.04563732072710991,-0.02492794767022133,-0.047171350568532944,-0.04256926476955414,-0.21246282756328583,0.18906889855861664,-0.15915536880493164,0.11581908166408539,0.15071821212768555,-0.27382391691207886,0.14151404798030853,-0.1764131784439087,0.0476088747382164,0.17853328585624695,-0.11764885485172272,-0.08880886435508728,-0.17120884358882904,0.17075106501579285,-0.20920437574386597,0.16937772929668427,0.06729331612586975,-0.2142399400472641,0.07736442238092422,-0.054475538432598114,-0.09686129540205002,0.013170098885893822,-0.23085111379623413,0.023628659546375275,0.26768264174461365,-0.06747087091207504,-0.012339162640273571,-0.2143707275390625,0.009394180960953236,0.0,0.0,0.0,0.0,0.0,0.0,0.0,0.0,0.0,0.0,0.0,0.0,0.0,0.0,0.0
20260708_192923_786968,2026-07-08T19:30:11.600,47.813399,policy,1945,policy,0.15000000596046448,0.0,0.15000000596046448,0.0,0.15000000596046448,0.0,0.15000000596046448,0.0,1.0,fake,0.0,0.0,-1.0,-0.0,0.0,0.0,1.2740117311477661,9.956681251525879,25.0,12,can0:12,9.9276704788208,25.060579299926758,,"BL_hip_joint,BR_hip_joint,FL_hip_joint,FR_hip_joint,BL_thigh_joint,BR_thigh_joint,FL_thigh_joint,FR_thigh_joint,BL_calf_joint,BR_calf_joint,FL_calf_joint,FR_calf_joint",330e02f2406e129bb6ed6ec4a6c6bcd5f80d7e7799a2ab087e81eda65d2fae69,"step=001945 mode=policy vx= 0.150 vy= 0.000 vxy= 0.150 yaw= 0.000 speed=1.00 imu=fake tilt_rp=[-0.0,+0.0]deg imu_corr=0.000 act_max= 1.274 tau_cmd= 9.957 tau_cmd_max= 25.000 cmds=12 bus=can0:12 tau_fb= 9.928 tau_fb_max= 25.061",0.0,0.0,0.0,0.0,0.0,0.0,0.0,0.0,-1.0,0.15000000596046448,0.0,0.0,-0.04410329461097717,-0.01418975554406643,-0.06519617140293121,-0.05215694010257721,-0.22933712601661682,0.19904008507728577,-0.1783307045698166,0.12655727565288544,0.16107289493083954,-0.299518883228302,0.14113053679466248,-0.1783307045698166,0.02288888208568096,0.1190221905708313,-0.11398663371801376,-0.055848874151706696,-0.02929776906967163,0.06775109469890594,-0.1574755162000656,-0.024262215942144394,0.19684438407421112,-0.1661732792854309,0.023346660658717155,0.0393688790500164,-0.8259379863739014,0.18709975481033325,-1.7429678440093994,0.11400666832923889,2.10317325592041,-0.34052735567092896,-0.3153795003890991,-1.7104649543762207,0.22782421112060547,1.9589271545410156,-2.0374107360839844,0.07053585350513458,-0.8894490599632263,0.1984611451625824,-1.6730809211730957,0.1289571076631546,2.1739885807037354,-0.3009592890739441,-0.3100316822528839,-1.7927846908569336,0.18927258253097534,1.9213751554489136,-2.105255603790283,0.03477991744875908,-0.5592160820960999,0.12438017874956131,-1.0720568895339966,0.08145813643932343,1.2740117311477661,-0.19670769572257996,-0.19685110449790955,-1.1330646276474,0.12357497960329056,1.2273871898651123,-1.2740117311477661,0.025968167930841446,-0.04410329461097717,-0.01418975554406643,-0.06519617140293121,-0.05215694010257721,-0.22933712601661682,0.19904008507728577,-0.1783307045698166,0.12655727565288544,0.16107289493083954,-0.299518883228302,0.14113053679466248,-0.1783307045698166,0.02288888208568096,0.1190221905708313,-0.11398663371801376,-0.055848874151706696,-0.02929776906967163,0.06775109469890594,-0.1574755162000656,-0.024262215942144394,0.19684438407421112,-0.1661732792854309,0.023346660658717155,0.0393688790500164,-0.13980402052402496,0.031095044687390327,-0.26801422238349915,0.020364534109830856,0.2694647014141083,-0.04917692393064499,-0.049212776124477386,-0.28326615691185,0.03089374490082264,0.0,0.0,0.0,0.0,0.0,0.0,0.0,0.0,0.0,0.0,0.0,0.0,0.0,0.0,0.0
20260708_192923_786968,2026-07-08T19:30:11.727,47.940440,policy,1950,policy,0.15000000596046448,0.0,0.15000000596046448,0.0,0.15000000596046448,0.0,0.15000000596046448,0.0,1.0,fake,0.0,0.0,-1.0,-0.0,0.0,0.0,1.4725072383880615,10.599520683288574,25.0,12,can0:12,10.35492992401123,24.936063766479492,,"BL_hip_joint,BR_hip_joint,FL_hip_joint,FR_hip_joint,BL_thigh_joint,BR_thigh_joint,FL_thigh_joint,FR_thigh_joint,BL_calf_joint,BR_calf_joint,FL_calf_joint,FR_calf_joint",330e02f2406e129bb6ed6ec4a6c6bcd5f80d7e7799a2ab087e81eda65d2fae69,"step=001950 mode=policy vx= 0.150 vy= 0.000 vxy= 0.150 yaw= 0.000 speed=1.00 imu=fake tilt_rp=[-0.0,+0.0]deg imu_corr=0.000 act_max= 1.473 tau_cmd= 10.600 tau_cmd_max= 25.000 cmds=12 bus=can0:12 tau_fb= 10.355 tau_fb_max= 24.936",0.0,0.0,0.0,0.0,0.0,0.0,0.0,0.0,-1.0,0.15000000596046448,0.0,0.0,-0.04525381326675415,-0.011121700517833233,-0.07401683181524277,-0.057909540832042694,-0.2331721931695938,0.20210812985897064,-0.1856173425912857,0.12463974207639694,0.18715137243270874,-0.30949005484580994,0.14113053679466248,-0.17871421575546265,0.044862210750579834,-0.00045777764171361923,-0.08102664351463318,-0.06546220183372498,-0.043946653604507446,0.08880886435508728,0.026551103219389915,-0.03662221133708954,0.035248879343271255,-0.0196844395250082,0.03891110047698021,-0.01144444104284048,-0.9935311079025269,0.39304837584495544,-1.6491639614105225,0.1173626184463501,2.237301826477051,-0.1809464991092682,-0.4728754162788391,-1.8951340913772583,0.18232589960098267,1.807752013206482,-2.111280679702759,0.0004347898066043854,-0.9856210947036743,0.48841285705566406,-1.694744348526001,0.16071180999279022,2.239124298095703,-0.21567094326019287,-0.49106013774871826,-1.9012089967727661,0.1846393346786499,1.7713818550109863,-2.101228952407837,0.0028769131749868393,-0.7254550457000732,0.34537947177886963,-1.2411885261535645,0.11146935820579529,1.4725072383880615,-0.15420949459075928,-0.3594970405101776,-1.3967396020889282,0.1359308958053589,1.3099515438079834,-1.4725072383880615,0.001979082589969039,-0.04525381326675415,-0.011121700517833233,-0.07401683181524277,-0.057909540832042694,-0.2331721931695938,0.20210812985897064,-0.1856173425912857,0.12463974207639694,0.18715137243270874,-0.30949005484580994,0.14113053679466248,-0.17871421575546265,0.044862210750579834,-0.00045777764171361923,-0.08102664351463318,-0.06546220183372498,-0.043946653604507446,0.08880886435508728,0.026551103219389915,-0.03662221133708954,0.035248879343271255,-0.0196844395250082,0.03891110047698021,-0.01144444104284048,-0.1813637614250183,0.08634486794471741,-0.3102971315383911,0.027867339551448822,0.2648969888687134,-0.03855237364768982,-0.0898742601275444,-0.34918490052223206,0.03398272395133972,0.0,0.0,0.0,0.0,0.0,0.0,0.0,0.0,0.0,0.0,0.0,0.0,0.0,0.0,0.0
20260708_192923_786968,2026-07-08T19:30:11.798,48.011826,policy,1953,encoder_fault,0.0,0.0,0.0,0.0,0.0,0.0,0.0,0.0,1.0,fake,0.0,0.0,-1.0,-0.0,0.0,0.0,0.0,104.5496826171875,231.1558380126953,12,can0:12,44.79842758178711,114.27228546142578,"EXCESSIVE MOTOR TORQUE: BL_thigh_joint=+114.272, BR_thigh_joint=-76.434, FL_thigh_joint=+51.293, FR_thigh_joint=-81.539, +1 more; limit=40.000",,,"step=001953 mode=encoder_fault vx= 0.000 vy= 0.000 vxy= 0.000 yaw= 0.000 speed=1.00 imu=fake tilt_rp=[-0.0,+0.0]deg imu_corr=0.000 act_max= 0.000 tau_cmd= 104.550 tau_cmd_max= 231.156 cmds=12 bus=can0:12 tau_fb= 44.798 tau_fb_max= 114.272",,,,,,,,,,,,,,,,,,,,,,,,,,,,,,,,,,,,,,,,,,,,,,,,,,,,,,,,,,,,,,,,,,,,,,,,,,,,,,,,,,,,,,,,,,,,,,,,,,,,,,,,,,,,,,,,,,,,,,,,
