run_id,wall_time,elapsed_s,phase,step,mode,vx,vy,vxy,yaw,policy_vx,policy_vy,policy_vxy,policy_yaw,speed,imu,gravity_x,gravity_y,gravity_z,imu_roll_deg,imu_pitch_deg,imu_correction_abs_max,act_max,tau_cmd,tau_cmd_max,cmds,bus_counts,loop_dt_ms,loop_hz,can_tx_ms,feedback_age_max_ms,feedback_fresh,tau_fb,tau_fb_max,fault_reason,policy_joint_order,policy_sha256,compact_line,obs_000,obs_001,obs_002,obs_003,obs_004,obs_005,obs_006,obs_007,obs_008,obs_009,obs_010,obs_011,obs_012,obs_013,obs_014,obs_015,obs_016,obs_017,obs_018,obs_019,obs_020,obs_021,obs_022,obs_023,obs_024,obs_025,obs_026,obs_027,obs_028,obs_029,obs_030,obs_031,obs_032,obs_033,obs_034,obs_035,obs_036,obs_037,obs_038,obs_039,obs_040,obs_041,obs_042,obs_043,obs_044,obs_045,obs_046,obs_047,action_00,action_01,action_02,action_03,action_04,action_05,action_06,action_07,action_08,action_09,action_10,action_11,sent_action_00,sent_action_01,sent_action_02,sent_action_03,sent_action_04,sent_action_05,sent_action_06,sent_action_07,sent_action_08,sent_action_09,sent_action_10,sent_action_11,q_00,q_01,q_02,q_03,q_04,q_05,q_06,q_07,q_08,q_09,q_10,q_11,qd_00,qd_01,qd_02,qd_03,qd_04,qd_05,qd_06,qd_07,qd_08,qd_09,qd_10,qd_11,q_target_00,q_target_01,q_target_02,q_target_03,q_target_04,q_target_05,q_target_06,q_target_07,q_target_08,q_target_09,q_target_10,q_target_11,qd_target_00,qd_target_01,qd_target_02,qd_target_03,qd_target_04,qd_target_05,qd_target_06,qd_target_07,qd_target_08,qd_target_09,qd_target_10,qd_target_11
2026-07-13_13-51-50,2026-07-13T13:51:51.685,0.780903,runtime,0,idle,0.0,0.0,0.0,0.0,0.0,0.0,0.0,0.0,0.04,xsens:live,0.011047841049730778,-0.029047224670648575,-0.999517023563385,1.6646190619362717,0.633274745311744,0.0,0.0,0.0,0.0,0,none,,,0.8882329998414207,132.4979460000577,0,0.03814813494682312,0.08056886494159698,,"BL_hip_joint,BR_hip_joint,FL_hip_joint,FR_hip_joint,BL_thigh_joint,BR_thigh_joint,FL_thigh_joint,FR_thigh_joint,BL_calf_joint,BR_calf_joint,FL_calf_joint,FR_calf_joint",965e94c4cebfc45b9ef609d4a677a5ee35961a895700aad478603f43844b3779,"step=000000 mode=idle   vx= 0.000 vy= 0.000 vxy= 0.000 yaw= 0.000 speed=0.04 imu=xsens:live tilt_rp=[+1.7,+0.6]deg imu_corr=0.000 act_max= 0.000 tau_cmd= 0.000 tau_cmd_max= 0.000 cmds=00 bus=none tx=0.9ms fb_age=132.5ms fb=0 tau_fb= 0.038 tau_fb_max= 0.081",,,,,,,,,,,,,,,,,,,,,,,,,,,,,,,,,,,,,,,,,,,,,,,,,0.0,0.0,0.0,0.0,0.0,0.0,0.0,0.0,0.0,0.0,0.0,0.0,0.0,0.0,0.0,0.0,0.0,0.0,0.0,0.0,0.0,0.0,0.0,0.0,0.6707535982131958,-0.4329792857170105,-0.5871490836143494,0.48206818103790283,-0.4387319087982178,0.4498535990715027,-0.4636598527431488,0.48743727803230286,1.0791884660720825,-0.8460162281990051,0.9679714441299438,-1.023963451385498,0.0196844395250082,-0.02288888208568096,-0.02609332650899887,0.016479995101690292,-0.017853328958153725,-0.03341776877641678,0.027924437075853348,-0.014191106893122196,-0.007324442267417908,-0.006408886983990669,-0.13000884652137756,-0.03479110077023506,0.6707535982131958,-0.4329792857170105,-0.5871490836143494,0.48206818103790283,-0.4387319087982178,0.4498535990715027,-0.4636598527431488,0.48743727803230286,1.0791884660720825,-0.8460162281990051,0.9679714441299438,-1.023963451385498,,,,,,,,,,,,
2026-07-13_13-51-50,2026-07-13T13:51:52.153,1.248675,runtime,20,idle,0.0,0.0,0.0,0.0,0.0,0.0,0.0,0.0,0.04,xsens:live,0.012226921506226063,-0.028910081833600998,-0.9995073080062866,1.656780257246018,0.7008613660068249,0.0,0.0,0.0,0.0,0,none,20.12104300001738,49.69921290855232,0.8882329998414207,600.3642800001217,0,0.03814813494682312,0.08056886494159698,,"BL_hip_joint,BR_hip_joint,FL_hip_joint,FR_hip_joint,BL_thigh_joint,BR_thigh_joint,FL_thigh_joint,FR_thigh_joint,BL_calf_joint,BR_calf_joint,FL_calf_joint,FR_calf_joint",965e94c4cebfc45b9ef609d4a677a5ee35961a895700aad478603f43844b3779,"step=000020 mode=idle   vx= 0.000 vy= 0.000 vxy= 0.000 yaw= 0.000 speed=0.04 imu=xsens:live tilt_rp=[+1.7,+0.7]deg imu_corr=0.000 act_max= 0.000 tau_cmd= 0.000 tau_cmd_max= 0.000 cmds=00 bus=none hz=49.7 tx=0.9ms fb_age=600.4ms fb=0 tau_fb= 0.038 tau_fb_max= 0.081",,,,,,,,,,,,,,,,,,,,,,,,,,,,,,,,,,,,,,,,,,,,,,,,,0.0,0.0,0.0,0.0,0.0,0.0,0.0,0.0,0.0,0.0,0.0,0.0,0.0,0.0,0.0,0.0,0.0,0.0,0.0,0.0,0.0,0.0,0.0,0.0,0.6707535982131958,-0.4329792857170105,-0.5871490836143494,0.48206818103790283,-0.4387319087982178,0.4498535990715027,-0.4636598527431488,0.48743727803230286,1.0791884660720825,-0.8460162281990051,0.9679714441299438,-1.023963451385498,0.0196844395250082,-0.02288888208568096,-0.02609332650899887,0.016479995101690292,-0.017853328958153725,-0.03341776877641678,0.027924437075853348,-0.014191106893122196,-0.007324442267417908,-0.006408886983990669,-0.13000884652137756,-0.03479110077023506,0.6707535982131958,-0.4329792857170105,-0.5871490836143494,0.48206818103790283,-0.4387319087982178,0.4498535990715027,-0.4636598527431488,0.48743727803230286,1.0791884660720825,-0.8460162281990051,0.9679714441299438,-1.023963451385498,,,,,,,,,,,,
2026-07-13_13-51-50,2026-07-13T13:51:52.600,1.695973,runtime,40,idle,0.0,0.0,0.0,0.0,0.0,0.0,0.0,0.0,0.04,xsens:live,0.011473270133137703,-0.028900479897856712,-0.999516487121582,1.6562150940072091,0.6576590723408439,0.0,0.0,0.0,0.0,0,none,20.061168000211183,49.8475462639799,0.8882329998414207,1047.6829909998742,0,0.03814813494682312,0.08056886494159698,,"BL_hip_joint,BR_hip_joint,FL_hip_joint,FR_hip_joint,BL_thigh_joint,BR_thigh_joint,FL_thigh_joint,FR_thigh_joint,BL_calf_joint,BR_calf_joint,FL_calf_joint,FR_calf_joint",965e94c4cebfc45b9ef609d4a677a5ee35961a895700aad478603f43844b3779,"step=000040 mode=idle   vx= 0.000 vy= 0.000 vxy= 0.000 yaw= 0.000 speed=0.04 imu=xsens:live tilt_rp=[+1.7,+0.7]deg imu_corr=0.000 act_max= 0.000 tau_cmd= 0.000 tau_cmd_max= 0.000 cmds=00 bus=none hz=49.8 tx=0.9ms fb_age=1047.7ms fb=0 tau_fb= 0.038 tau_fb_max= 0.081",,,,,,,,,,,,,,,,,,,,,,,,,,,,,,,,,,,,,,,,,,,,,,,,,0.0,0.0,0.0,0.0,0.0,0.0,0.0,0.0,0.0,0.0,0.0,0.0,0.0,0.0,0.0,0.0,0.0,0.0,0.0,0.0,0.0,0.0,0.0,0.0,0.6707535982131958,-0.4329792857170105,-0.5871490836143494,0.48206818103790283,-0.4387319087982178,0.4498535990715027,-0.4636598527431488,0.48743727803230286,1.0791884660720825,-0.8460162281990051,0.9679714441299438,-1.023963451385498,0.0196844395250082,-0.02288888208568096,-0.02609332650899887,0.016479995101690292,-0.017853328958153725,-0.03341776877641678,0.027924437075853348,-0.014191106893122196,-0.007324442267417908,-0.006408886983990669,-0.13000884652137756,-0.03479110077023506,0.6707535982131958,-0.4329792857170105,-0.5871490836143494,0.48206818103790283,-0.4387319087982178,0.4498535990715027,-0.4636598527431488,0.48743727803230286,1.0791884660720825,-0.8460162281990051,0.9679714441299438,-1.023963451385498,,,,,,,,,,,,
2026-07-13_13-51-50,2026-07-13T13:51:53.047,2.142649,runtime,60,idle,0.0,0.0,0.0,0.0,0.0,0.0,0.0,0.0,0.04,xsens:live,0.01054396852850914,-0.028496598824858665,-0.9995383024215698,1.633046666604701,0.6043815303835656,0.0,0.0,0.0,0.0,0,none,20.06219199984116,49.84500198223192,0.8882329998414207,1494.4480129997828,0,0.03814813494682312,0.08056886494159698,,"BL_hip_joint,BR_hip_joint,FL_hip_joint,FR_hip_joint,BL_thigh_joint,BR_thigh_joint,FL_thigh_joint,FR_thigh_joint,BL_calf_joint,BR_calf_joint,FL_calf_joint,FR_calf_joint",965e94c4cebfc45b9ef609d4a677a5ee35961a895700aad478603f43844b3779,"step=000060 mode=idle   vx= 0.000 vy= 0.000 vxy= 0.000 yaw= 0.000 speed=0.04 imu=xsens:live tilt_rp=[+1.6,+0.6]deg imu_corr=0.000 act_max= 0.000 tau_cmd= 0.000 tau_cmd_max= 0.000 cmds=00 bus=none hz=49.8 tx=0.9ms fb_age=1494.4ms fb=0 tau_fb= 0.038 tau_fb_max= 0.081",,,,,,,,,,,,,,,,,,,,,,,,,,,,,,,,,,,,,,,,,,,,,,,,,0.0,0.0,0.0,0.0,0.0,0.0,0.0,0.0,0.0,0.0,0.0,0.0,0.0,0.0,0.0,0.0,0.0,0.0,0.0,0.0,0.0,0.0,0.0,0.0,0.6707535982131958,-0.4329792857170105,-0.5871490836143494,0.48206818103790283,-0.4387319087982178,0.4498535990715027,-0.4636598527431488,0.48743727803230286,1.0791884660720825,-0.8460162281990051,0.9679714441299438,-1.023963451385498,0.0196844395250082,-0.02288888208568096,-0.02609332650899887,0.016479995101690292,-0.017853328958153725,-0.03341776877641678,0.027924437075853348,-0.014191106893122196,-0.007324442267417908,-0.006408886983990669,-0.13000884652137756,-0.03479110077023506,0.6707535982131958,-0.4329792857170105,-0.5871490836143494,0.48206818103790283,-0.4387319087982178,0.4498535990715027,-0.4636598527431488,0.48743727803230286,1.0791884660720825,-0.8460162281990051,0.9679714441299438,-1.023963451385498,,,,,,,,,,,,
2026-07-13_13-51-50,2026-07-13T13:51:53.500,2.595707,runtime,80,idle,0.0,0.0,0.0,0.0,0.0,0.0,0.0,0.0,0.04,xsens:live,0.011691696010529995,-0.028825588524341583,-0.9995161294937134,1.6519262262777417,0.6701785658717679,0.0,0.0,0.0,0.0,0,none,20.383647000016936,49.05893435061788,0.8882329998414207,1947.5250119999146,0,0.03814813494682312,0.08056886494159698,,"BL_hip_joint,BR_hip_joint,FL_hip_joint,FR_hip_joint,BL_thigh_joint,BR_thigh_joint,FL_thigh_joint,FR_thigh_joint,BL_calf_joint,BR_calf_joint,FL_calf_joint,FR_calf_joint",965e94c4cebfc45b9ef609d4a677a5ee35961a895700aad478603f43844b3779,"step=000080 mode=idle   vx= 0.000 vy= 0.000 vxy= 0.000 yaw= 0.000 speed=0.04 imu=xsens:live tilt_rp=[+1.7,+0.7]deg imu_corr=0.000 act_max= 0.000 tau_cmd= 0.000 tau_cmd_max= 0.000 cmds=00 bus=none hz=49.1 tx=0.9ms fb_age=1947.5ms fb=0 tau_fb= 0.038 tau_fb_max= 0.081",,,,,,,,,,,,,,,,,,,,,,,,,,,,,,,,,,,,,,,,,,,,,,,,,0.0,0.0,0.0,0.0,0.0,0.0,0.0,0.0,0.0,0.0,0.0,0.0,0.0,0.0,0.0,0.0,0.0,0.0,0.0,0.0,0.0,0.0,0.0,0.0,0.6707535982131958,-0.4329792857170105,-0.5871490836143494,0.48206818103790283,-0.4387319087982178,0.4498535990715027,-0.4636598527431488,0.48743727803230286,1.0791884660720825,-0.8460162281990051,0.9679714441299438,-1.023963451385498,0.0196844395250082,-0.02288888208568096,-0.02609332650899887,0.016479995101690292,-0.017853328958153725,-0.03341776877641678,0.027924437075853348,-0.014191106893122196,-0.007324442267417908,-0.006408886983990669,-0.13000884652137756,-0.03479110077023506,0.6707535982131958,-0.4329792857170105,-0.5871490836143494,0.48206818103790283,-0.4387319087982178,0.4498535990715027,-0.4636598527431488,0.48743727803230286,1.0791884660720825,-0.8460162281990051,0.9679714441299438,-1.023963451385498,,,,,,,,,,,,
2026-07-13_13-51-50,2026-07-13T13:51:53.947,3.043187,runtime,100,idle,0.0,0.0,0.0,0.0,0.0,0.0,0.0,0.0,0.04,xsens:live,0.010993503965437412,-0.028393380343914032,-0.999536395072937,1.627137842697999,0.6301481221344353,0.0,0.0,0.0,0.0,0,none,20.069391999641084,49.827119825946085,0.8882329998414207,2394.9997320000875,0,0.03814813494682312,0.08056886494159698,,"BL_hip_joint,BR_hip_joint,FL_hip_joint,FR_hip_joint,BL_thigh_joint,BR_thigh_joint,FL_thigh_joint,FR_thigh_joint,BL_calf_joint,BR_calf_joint,FL_calf_joint,FR_calf_joint",965e94c4cebfc45b9ef609d4a677a5ee35961a895700aad478603f43844b3779,"step=000100 mode=idle   vx= 0.000 vy= 0.000 vxy= 0.000 yaw= 0.000 speed=0.04 imu=xsens:live tilt_rp=[+1.6,+0.6]deg imu_corr=0.000 act_max= 0.000 tau_cmd= 0.000 tau_cmd_max= 0.000 cmds=00 bus=none hz=49.8 tx=0.9ms fb_age=2395.0ms fb=0 tau_fb= 0.038 tau_fb_max= 0.081",,,,,,,,,,,,,,,,,,,,,,,,,,,,,,,,,,,,,,,,,,,,,,,,,0.0,0.0,0.0,0.0,0.0,0.0,0.0,0.0,0.0,0.0,0.0,0.0,0.0,0.0,0.0,0.0,0.0,0.0,0.0,0.0,0.0,0.0,0.0,0.0,0.6707535982131958,-0.4329792857170105,-0.5871490836143494,0.48206818103790283,-0.4387319087982178,0.4498535990715027,-0.4636598527431488,0.48743727803230286,1.0791884660720825,-0.8460162281990051,0.9679714441299438,-1.023963451385498,0.0196844395250082,-0.02288888208568096,-0.02609332650899887,0.016479995101690292,-0.017853328958153725,-0.03341776877641678,0.027924437075853348,-0.014191106893122196,-0.007324442267417908,-0.006408886983990669,-0.13000884652137756,-0.03479110077023506,0.6707535982131958,-0.4329792857170105,-0.5871490836143494,0.48206818103790283,-0.4387319087982178,0.4498535990715027,-0.4636598527431488,0.48743727803230286,1.0791884660720825,-0.8460162281990051,0.9679714441299438,-1.023963451385498,,,,,,,,,,,,
2026-07-13_13-51-50,2026-07-13T13:51:54.394,3.489642,runtime,120,idle,0.0,0.0,0.0,0.0,0.0,0.0,0.0,0.0,0.04,xsens:live,0.010265074670314789,-0.028263529762625694,-0.9995478391647339,1.6196819411907908,0.5883908269241275,0.0,0.0,0.0,0.0,0,none,27.0657209998717,36.947103681617804,0.8882329998414207,2841.442691999873,0,0.03814813494682312,0.08056886494159698,,"BL_hip_joint,BR_hip_joint,FL_hip_joint,FR_hip_joint,BL_thigh_joint,BR_thigh_joint,FL_thigh_joint,FR_thigh_joint,BL_calf_joint,BR_calf_joint,FL_calf_joint,FR_calf_joint",965e94c4cebfc45b9ef609d4a677a5ee35961a895700aad478603f43844b3779,"step=000120 mode=idle   vx= 0.000 vy= 0.000 vxy= 0.000 yaw= 0.000 speed=0.04 imu=xsens:live tilt_rp=[+1.6,+0.6]deg imu_corr=0.000 act_max= 0.000 tau_cmd= 0.000 tau_cmd_max= 0.000 cmds=00 bus=none hz=36.9 tx=0.9ms fb_age=2841.4ms fb=0 tau_fb= 0.038 tau_fb_max= 0.081",,,,,,,,,,,,,,,,,,,,,,,,,,,,,,,,,,,,,,,,,,,,,,,,,0.0,0.0,0.0,0.0,0.0,0.0,0.0,0.0,0.0,0.0,0.0,0.0,0.0,0.0,0.0,0.0,0.0,0.0,0.0,0.0,0.0,0.0,0.0,0.0,0.6707535982131958,-0.4329792857170105,-0.5871490836143494,0.48206818103790283,-0.4387319087982178,0.4498535990715027,-0.4636598527431488,0.48743727803230286,1.0791884660720825,-0.8460162281990051,0.9679714441299438,-1.023963451385498,0.0196844395250082,-0.02288888208568096,-0.02609332650899887,0.016479995101690292,-0.017853328958153725,-0.03341776877641678,0.027924437075853348,-0.014191106893122196,-0.007324442267417908,-0.006408886983990669,-0.13000884652137756,-0.03479110077023506,0.6707535982131958,-0.4329792857170105,-0.5871490836143494,0.48206818103790283,-0.4387319087982178,0.4498535990715027,-0.4636598527431488,0.48743727803230286,1.0791884660720825,-0.8460162281990051,0.9679714441299438,-1.023963451385498,,,,,,,,,,,,
2026-07-13_13-51-50,2026-07-13T13:51:54.839,3.935343,runtime,140,idle,0.0,0.0,0.0,0.0,0.0,0.0,0.0,0.0,0.04,xsens:live,0.011417454108595848,-0.028384096920490265,-0.9995319247245789,1.6266133949236632,0.654449815010924,0.0,0.0,0.0,0.0,0,none,26.777035999657528,37.345432855704786,0.8882329998414207,3287.160370000038,0,0.03814813494682312,0.08056886494159698,,"BL_hip_joint,BR_hip_joint,FL_hip_joint,FR_hip_joint,BL_thigh_joint,BR_thigh_joint,FL_thigh_joint,FR_thigh_joint,BL_calf_joint,BR_calf_joint,FL_calf_joint,FR_calf_joint",965e94c4cebfc45b9ef609d4a677a5ee35961a895700aad478603f43844b3779,"step=000140 mode=idle   vx= 0.000 vy= 0.000 vxy= 0.000 yaw= 0.000 speed=0.04 imu=xsens:live tilt_rp=[+1.6,+0.7]deg imu_corr=0.000 act_max= 0.000 tau_cmd= 0.000 tau_cmd_max= 0.000 cmds=00 bus=none hz=37.3 tx=0.9ms fb_age=3287.2ms fb=0 tau_fb= 0.038 tau_fb_max= 0.081",,,,,,,,,,,,,,,,,,,,,,,,,,,,,,,,,,,,,,,,,,,,,,,,,0.0,0.0,0.0,0.0,0.0,0.0,0.0,0.0,0.0,0.0,0.0,0.0,0.0,0.0,0.0,0.0,0.0,0.0,0.0,0.0,0.0,0.0,0.0,0.0,0.6707535982131958,-0.4329792857170105,-0.5871490836143494,0.48206818103790283,-0.4387319087982178,0.4498535990715027,-0.4636598527431488,0.48743727803230286,1.0791884660720825,-0.8460162281990051,0.9679714441299438,-1.023963451385498,0.0196844395250082,-0.02288888208568096,-0.02609332650899887,0.016479995101690292,-0.017853328958153725,-0.03341776877641678,0.027924437075853348,-0.014191106893122196,-0.007324442267417908,-0.006408886983990669,-0.13000884652137756,-0.03479110077023506,0.6707535982131958,-0.4329792857170105,-0.5871490836143494,0.48206818103790283,-0.4387319087982178,0.4498535990715027,-0.4636598527431488,0.48743727803230286,1.0791884660720825,-0.8460162281990051,0.9679714441299438,-1.023963451385498,,,,,,,,,,,,
2026-07-13_13-51-50,2026-07-13T13:51:55.518,4.613907,pose,160,sit,0.0,0.0,0.0,0.0,0.0,0.0,0.0,0.0,0.04,xsens:live,0.009813357144594193,-0.027005374431610107,-0.9995871186256409,1.5475566482605583,0.5624781210670475,0.0,0.0,3.2063827514648438,6.581522464752197,12,can0:12,36.9271130002744,27.080373166257786,0.6047320002835477,6.782848000057129,12,1.1380351781845093,3.083590269088745,,"BL_hip_joint,BR_hip_joint,FL_hip_joint,FR_hip_joint,BL_thigh_joint,BR_thigh_joint,FL_thigh_joint,FR_thigh_joint,BL_calf_joint,BR_calf_joint,FL_calf_joint,FR_calf_joint",965e94c4cebfc45b9ef609d4a677a5ee35961a895700aad478603f43844b3779,"step=000160 mode=sit    vx= 0.000 vy= 0.000 vxy= 0.000 yaw= 0.000 speed=0.04 imu=xsens:live tilt_rp=[+1.5,+0.6]deg imu_corr=0.000 act_max= 0.000 tau_cmd= 3.206 tau_cmd_max= 6.582 cmds=12 bus=can0:12 hz=27.1 tx=0.6ms fb_age=6.8ms fb=12 tau_fb= 1.138 tau_fb_max= 3.084",,,,,,,,,,,,,,,,,,,,,,,,,,,,,,,,,,,,,,,,,,,,,,,,,0.0,0.0,0.0,0.0,0.0,0.0,0.0,0.0,0.0,0.0,0.0,0.0,0.0,0.0,0.0,0.0,0.0,0.0,0.0,0.0,0.0,0.0,0.0,0.0,0.5073796510696411,-0.43796488642692566,-0.505462110042572,0.48743727803230286,-0.4402659237384796,0.4517711400985718,-0.46442684531211853,0.4870537519454956,1.0826399326324463,-0.8249233365058899,0.9626023173332214,-1.0289490222930908,-0.10483107715845108,-0.059053316712379456,-0.056764427572488785,0.0068666646257042885,0.02609332650899887,0.053559985011816025,-0.02059999480843544,-0.0009155552834272385,-0.02471999265253544,-0.02059999480843544,-0.010071108117699623,-0.009613330475986004,0.5,-0.4320238530635834,-0.5,0.48096105456352234,-0.43544915318489075,0.4469188153743744,-0.4595354497432709,0.48323941230773926,1.0801564455032349,-0.8228538036346436,0.9597251415252686,-1.025484561920166,0.0,0.0,0.0,0.0,0.0,0.0,0.0,0.0,0.0,0.0,0.0,0.0
2026-07-13_13-51-50,2026-07-13T13:51:56.075,5.171251,pose,180,sit,0.0,0.0,0.0,0.0,0.0,0.0,0.0,0.0,0.04,xsens:live,0.01047662552446127,-0.02810102142393589,-0.9995502233505249,1.610370247505949,0.600514543505666,0.0,0.0,4.396638870239258,7.681371688842773,12,can0:12,28.829132000282698,34.68713522107409,0.47659799975008355,6.346507000216661,12,1.2933744192123413,3.2667012214660645,,"BL_hip_joint,BR_hip_joint,FL_hip_joint,FR_hip_joint,BL_thigh_joint,BR_thigh_joint,FL_thigh_joint,FR_thigh_joint,BL_calf_joint,BR_calf_joint,FL_calf_joint,FR_calf_joint",965e94c4cebfc45b9ef609d4a677a5ee35961a895700aad478603f43844b3779,"step=000180 mode=sit    vx= 0.000 vy= 0.000 vxy= 0.000 yaw= 0.000 speed=0.04 imu=xsens:live tilt_rp=[+1.6,+0.6]deg imu_corr=0.000 act_max= 0.000 tau_cmd= 4.397 tau_cmd_max= 7.681 cmds=12 bus=can0:12 hz=34.7 tx=0.5ms fb_age=6.3ms fb=12 tau_fb= 1.293 tau_fb_max= 3.267",,,,,,,,,,,,,,,,,,,,,,,,,,,,,,,,,,,,,,,,,,,,,,,,,0.0,0.0,0.0,0.0,0.0,0.0,0.0,0.0,0.0,0.0,0.0,0.0,0.0,0.0,0.0,0.0,0.0,0.0,0.0,0.0,0.0,0.0,0.0,0.0,0.5062291026115417,-0.42109057307243347,-0.505462110042572,0.46902894973754883,-0.4049832820892334,0.4161049723625183,-0.4279937148094177,0.4506206214427948,1.1064174175262451,-0.8582884669303894,0.9902148246765137,-1.0538769960403442,-0.02929776906967163,0.06042664870619774,-0.024262215942144394,-0.047151096165180206,0.08560442179441452,-0.03387554734945297,0.061342205852270126,-0.15427106618881226,0.07736442238092422,-0.031128879636526108,0.12955106794834137,-0.10940885543823242,0.5,-0.41007286310195923,-0.5,0.456523597240448,-0.3879193365573883,0.39880621433258057,-0.4107818007469177,0.43328139185905457,1.1086019277572632,-0.864372730255127,0.9942896366119385,-1.0567078590393066,0.0,0.0,0.0,0.0,0.0,0.0,0.0,0.0,0.0,0.0,0.0,0.0
2026-07-13_13-51-50,2026-07-13T13:51:56.593,5.689036,pose,200,sit,0.0,0.0,0.0,0.0,0.0,0.0,0.0,0.0,0.04,xsens:live,0.009842699393630028,-0.02730111964046955,-0.9995788335800171,1.5645090607420518,0.5641645157011241,0.0,0.0,5.347230434417725,9.721663475036621,12,can0:12,29.884799000228668,33.46182786748368,0.5212089999986347,6.604245999824343,12,1.276284098625183,2.761314630508423,,"BL_hip_joint,BR_hip_joint,FL_hip_joint,FR_hip_joint,BL_thigh_joint,BR_thigh_joint,FL_thigh_joint,FR_thigh_joint,BL_calf_joint,BR_calf_joint,FL_calf_joint,FR_calf_joint",965e94c4cebfc45b9ef609d4a677a5ee35961a895700aad478603f43844b3779,"step=000200 mode=sit    vx= 0.000 vy= 0.000 vxy= 0.000 yaw= 0.000 speed=0.04 imu=xsens:live tilt_rp=[+1.6,+0.6]deg imu_corr=0.000 act_max= 0.000 tau_cmd= 5.347 tau_cmd_max= 9.722 cmds=12 bus=can0:12 hz=33.5 tx=0.5ms fb_age=6.6ms fb=12 tau_fb= 1.276 tau_fb_max= 2.761",,,,,,,,,,,,,,,,,,,,,,,,,,,,,,,,,,,,,,,,,,,,,,,,,0.0,0.0,0.0,0.0,0.0,0.0,0.0,0.0,0.0,0.0,0.0,0.0,0.0,0.0,0.0,0.0,0.0,0.0,0.0,0.0,0.0,0.0,0.0,0.0,0.5062291026115417,-0.38043883442878723,-0.505462110042572,0.4226246178150177,-0.3183107376098633,0.3282819092273712,-0.33940359950065613,0.3612635135650635,1.1581908464431763,-0.9353733062744141,1.054260492324829,-1.111402988433838,0.005493331700563431,0.08148442208766937,-0.07782220095396042,-0.13962218165397644,0.22659993171691895,-0.17258216440677643,0.15289773046970367,-0.28107547760009766,0.0476088747382164,-0.14786218106746674,0.0718710869550705,-0.09979552775621414,0.5,-0.36626097559928894,-0.4962350130081177,0.4077489376068115,-0.29305464029312134,0.302778422832489,-0.31347453594207764,0.333570271730423,1.16537606716156,-0.9472401738166809,1.0632768869400024,-1.1190263032913208,0.0,0.0,0.0,0.0,0.0,0.0,0.0,0.0,0.0,0.0,0.0,0.0
2026-07-13_13-51-50,2026-07-13T13:51:57.126,6.221724,pose,220,sit,0.0,0.0,0.0,0.0,0.0,0.0,0.0,0.0,0.04,xsens:live,0.009841139428317547,-0.027888158336281776,-0.9995626211166382,1.5981583542704125,0.5640842557382048,0.0,0.0,7.532450199127197,11.433103561401367,12,can0:12,23.9819290000014,41.69806357111397,0.5079279999335995,6.512754000141285,12,1.532334327697754,3.4900968074798584,,"BL_hip_joint,BR_hip_joint,FL_hip_joint,FR_hip_joint,BL_thigh_joint,BR_thigh_joint,FL_thigh_joint,FR_thigh_joint,BL_calf_joint,BR_calf_joint,FL_calf_joint,FR_calf_joint",965e94c4cebfc45b9ef609d4a677a5ee35961a895700aad478603f43844b3779,"step=000220 mode=sit    vx= 0.000 vy= 0.000 vxy= 0.000 yaw= 0.000 speed=0.04 imu=xsens:live tilt_rp=[+1.6,+0.6]deg imu_corr=0.000 act_max= 0.000 tau_cmd= 7.532 tau_cmd_max= 11.433 cmds=12 bus=can0:12 hz=41.7 tx=0.5ms fb_age=6.5ms fb=12 tau_fb= 1.532 tau_fb_max= 3.490",,,,,,,,,,,,,,,,,,,,,,,,,,,,,,,,,,,,,,,,,,,,,,,,,0.0,0.0,0.0,0.0,0.0,0.0,0.0,0.0,0.0,0.0,0.0,0.0,0.0,0.0,0.0,0.0,0.0,0.0,0.0,0.0,0.0,0.0,0.0,0.0,0.4966414272785187,-0.3236798346042633,-0.4368143677711487,0.36049649119377136,-0.19712254405021667,0.20594321191310883,-0.21476386487483978,0.23393921554088593,1.232974648475647,-1.0431387424468994,1.1436176300048828,-1.1930899620056152,-0.13000884652137756,0.06271553784608841,0.13824884593486786,-0.13824884593486786,0.26779991388320923,-0.21652881801128387,0.1675466150045395,-0.299386590719223,0.0874355286359787,-0.17624439299106598,0.16525772213935852,-0.07324442267417908,0.4751564860343933,-0.3071663975715637,-0.4161697030067444,0.34196045994758606,-0.16509881615638733,0.17325371503829956,-0.1822240650653839,0.19907742738723755,1.2419545650482178,-1.059013843536377,1.156328558921814,-1.2030831575393677,0.0,0.0,0.0,0.0,0.0,0.0,0.0,0.0,0.0,0.0,0.0,0.0
2026-07-13_13-51-50,2026-07-13T13:51:57.646,6.741885,pose,240,sit,0.0,0.0,0.0,0.0,0.0,0.0,0.0,0.0,0.04,xsens:live,0.008094205521047115,-0.027142224833369255,-0.9995988607406616,1.5553768251816062,0.4639397835884642,0.0,0.0,6.919157028198242,11.125289916992188,12,can0:12,23.55819700005668,42.44807019813928,0.5284730000312265,6.48392099992634,12,1.9656972885131836,4.401989936828613,,"BL_hip_joint,BR_hip_joint,FL_hip_joint,FR_hip_joint,BL_thigh_joint,BR_thigh_joint,FL_thigh_joint,FR_thigh_joint,BL_calf_joint,BR_calf_joint,FL_calf_joint,FR_calf_joint",965e94c4cebfc45b9ef609d4a677a5ee35961a895700aad478603f43844b3779,"step=000240 mode=sit    vx= 0.000 vy= 0.000 vxy= 0.000 yaw= 0.000 speed=0.04 imu=xsens:live tilt_rp=[+1.6,+0.5]deg imu_corr=0.000 act_max= 0.000 tau_cmd= 6.919 tau_cmd_max= 11.125 cmds=12 bus=can0:12 hz=42.4 tx=0.5ms fb_age=6.5ms fb=12 tau_fb= 1.966 tau_fb_max= 4.402",,,,,,,,,,,,,,,,,,,,,,,,,,,,,,,,,,,,,,,,,,,,,,,,,0.0,0.0,0.0,0.0,0.0,0.0,0.0,0.0,0.0,0.0,0.0,0.0,0.0,0.0,0.0,0.0,0.0,0.0,0.0,0.0,0.0,0.0,0.0,0.0,0.3953956067562103,-0.25694963335990906,-0.34669023752212524,0.28609615564346313,-0.054074473679065704,0.061361104249954224,-0.06864773482084274,0.08322099596261978,1.3188802003860474,-1.1700795888900757,1.2490819692611694,-1.2881996631622314,-0.2142399400472641,0.2307199388742447,0.17990660667419434,-0.1268044114112854,0.2952665686607361,-0.28290659189224243,0.3099154531955719,-0.347453236579895,0.1670888364315033,-0.17944884300231934,0.1579332798719406,-0.1341288536787033,0.370278000831604,-0.23936738073825836,-0.3243110179901123,0.26648154854774475,-0.018295466899871826,0.024650365114212036,-0.03164076805114746,0.04477417469024658,1.32981276512146,-1.1872515678405762,1.2630865573883057,-1.2995212078094482,0.0,0.0,0.0,0.0,0.0,0.0,0.0,0.0,0.0,0.0,0.0,0.0
2026-07-13_13-51-50,2026-07-13T13:51:58.176,7.271771,pose,260,sit,0.0,0.0,0.0,0.0,0.0,0.0,0.0,0.0,0.04,xsens:live,0.008249317295849323,-0.027350978925824165,-0.9995918869972229,1.5673443991576423,0.47283330452173306,0.0,0.0,8.372244834899902,13.882306098937988,12,can0:12,23.503538000113622,42.5467859347459,0.4998310000701167,6.570676999672287,12,2.0511491298675537,3.8746299743652344,,"BL_hip_joint,BR_hip_joint,FL_hip_joint,FR_hip_joint,BL_thigh_joint,BR_thigh_joint,FL_thigh_joint,FR_thigh_joint,BL_calf_joint,BR_calf_joint,FL_calf_joint,FR_calf_joint",965e94c4cebfc45b9ef609d4a677a5ee35961a895700aad478603f43844b3779,"step=000260 mode=sit    vx= 0.000 vy= 0.000 vxy= 0.000 yaw= 0.000 speed=0.04 imu=xsens:live tilt_rp=[+1.6,+0.5]deg imu_corr=0.000 act_max= 0.000 tau_cmd= 8.372 tau_cmd_max= 13.882 cmds=12 bus=can0:12 hz=42.5 tx=0.5ms fb_age=6.6ms fb=12 tau_fb= 2.051 tau_fb_max= 3.875",,,,,,,,,,,,,,,,,,,,,,,,,,,,,,,,,,,,,,,,,,,,,,,,,0.0,0.0,0.0,0.0,0.0,0.0,0.0,0.0,0.0,0.0,0.0,0.0,0.0,0.0,0.0,0.0,0.0,0.0,0.0,0.0,0.0,0.0,0.0,0.0,0.287630170583725,-0.18715137243270874,-0.252731055021286,0.20939476788043976,0.09626023471355438,-0.09127464145421982,0.08628905564546585,-0.07516735047101974,1.4105384349822998,-1.3027729988098145,1.360298991203308,-1.3879114389419556,-0.14603106677532196,0.12405773997306824,0.12817774713039398,-0.08285775035619736,0.22751548886299133,-0.25040435791015625,0.28885769844055176,-0.3492843508720398,0.11352885514497757,-0.27375102043151855,0.12268441170454025,-0.06546220183372498,0.26211047172546387,-0.16944214701652527,-0.2295716106891632,0.18863558769226074,0.13311168551445007,-0.12861323356628418,0.12366491556167603,-0.11436808109283447,1.4204262495040894,-1.3195106983184814,1.3731924295425415,-1.3989835977554321,0.0,0.0,0.0,0.0,0.0,0.0,0.0,0.0,0.0,0.0,0.0,0.0
2026-07-13_13-51-50,2026-07-13T13:51:58.697,7.793041,pose,280,sit,0.0,0.0,0.0,0.0,0.0,0.0,0.0,0.0,0.04,xsens:live,0.006710020359605551,-0.026685645803809166,-0.9996213912963867,1.529190783584767,0.38459568414896866,0.0,0.0,7.729563236236572,15.427656173706055,12,can0:12,24.259190000066155,41.22149173147467,0.49855099996420904,6.388587999936135,12,2.444227457046509,4.024781227111816,,"BL_hip_joint,BR_hip_joint,FL_hip_joint,FR_hip_joint,BL_thigh_joint,BR_thigh_joint,FL_thigh_joint,FR_thigh_joint,BL_calf_joint,BR_calf_joint,FL_calf_joint,FR_calf_joint",965e94c4cebfc45b9ef609d4a677a5ee35961a895700aad478603f43844b3779,"step=000280 mode=sit    vx= 0.000 vy= 0.000 vxy= 0.000 yaw= 0.000 speed=0.04 imu=xsens:live tilt_rp=[+1.5,+0.4]deg imu_corr=0.000 act_max= 0.000 tau_cmd= 7.730 tau_cmd_max= 15.428 cmds=12 bus=can0:12 hz=41.2 tx=0.5ms fb_age=6.4ms fb=12 tau_fb= 2.444 tau_fb_max= 4.025",,,,,,,,,,,,,,,,,,,,,,,,,,,,,,,,,,,,,,,,,,,,,,,,,0.0,0.0,0.0,0.0,0.0,0.0,0.0,0.0,0.0,0.0,0.0,0.0,0.0,0.0,0.0,0.0,0.0,0.0,0.0,0.0,0.0,0.0,0.0,0.0,0.1848503202199936,-0.12080467492341995,-0.16222341358661652,0.13499443233013153,0.24122583866119385,-0.23815777897834778,0.23470622301101685,-0.22741958498954773,1.49721097946167,-1.4297137260437012,1.4657633304595947,-1.4834046363830566,-0.0718710869550705,0.14053773880004883,0.17120884358882904,-0.08972442150115967,0.20096439123153687,-0.21057771146297455,0.2467421442270279,-0.22751548886299133,0.1579332798719406,-0.16983550786972046,0.13824884593486786,-0.15381328761577606,0.16082978248596191,-0.10396891832351685,-0.14086410403251648,0.11574593186378479,0.27487900853157043,-0.2721187472343445,0.2690824866294861,-0.2633780241012573,1.5,-1.4433492422103882,1.476288080215454,-1.492113471031189,0.0,0.0,0.0,0.0,0.0,0.0,0.0,0.0,0.0,0.0,0.0,0.0
2026-07-13_13-51-50,2026-07-13T13:51:59.216,8.311840,pose,300,sit,0.0,0.0,0.0,0.0,0.0,0.0,0.0,0.0,0.04,xsens:live,0.0063187419436872005,-0.026777829974889755,-0.9996215105056763,1.5344705892326118,0.36216950072961046,0.0,0.0,6.844872951507568,9.67133903503418,12,can0:12,29.95846600015284,33.379546202228724,0.4974640000909858,6.500272999801382,12,2.844019889831543,4.965971946716309,,"BL_hip_joint,BR_hip_joint,FL_hip_joint,FR_hip_joint,BL_thigh_joint,BR_thigh_joint,FL_thigh_joint,FR_thigh_joint,BL_calf_joint,BR_calf_joint,FL_calf_joint,FR_calf_joint",965e94c4cebfc45b9ef609d4a677a5ee35961a895700aad478603f43844b3779,"step=000300 mode=sit    vx= 0.000 vy= 0.000 vxy= 0.000 yaw= 0.000 speed=0.04 imu=xsens:live tilt_rp=[+1.5,+0.4]deg imu_corr=0.000 act_max= 0.000 tau_cmd= 6.845 tau_cmd_max= 9.671 cmds=12 bus=can0:12 hz=33.4 tx=0.5ms fb_age=6.5ms fb=12 tau_fb= 2.844 tau_fb_max= 4.966",,,,,,,,,,,,,,,,,,,,,,,,,,,,,,,,,,,,,,,,,,,,,,,,,0.0,0.0,0.0,0.0,0.0,0.0,0.0,0.0,0.0,0.0,0.0,0.0,0.0,0.0,0.0,0.0,0.0,0.0,0.0,0.0,0.0,0.0,0.0,0.0,0.09549321979284286,-0.06366214901208878,-0.08475502580404282,0.07133228331804276,0.3658655881881714,-0.3647150695323944,0.3627975285053253,-0.35857895016670227,1.5064151287078857,-1.5064151287078857,1.5052646398544312,-1.5067986249923706,-0.1423688530921936,0.10986663401126862,0.1272621899843216,-0.14099551737308502,0.13916440308094025,-0.1423688530921936,0.18448439240455627,-0.13000884652137756,-0.07736442238092422,-0.01235999632626772,-0.03479110077023506,-0.06500442326068878,0.07661187648773193,-0.04952597618103027,-0.0671011209487915,0.05513599514961243,0.39276280999183655,-0.39144790172576904,0.3900015950202942,-0.38728421926498413,1.5,-1.5,1.5,-1.5,0.0,0.0,0.0,0.0,0.0,0.0,0.0,0.0,0.0,0.0,0.0,0.0
2026-07-13_13-51-50,2026-07-13T13:51:59.740,8.835891,pose,320,sit,0.0,0.0,0.0,0.0,0.0,0.0,0.0,0.0,0.04,xsens:live,0.006749209947884083,-0.026491407305002213,-0.9996263384819031,1.5180578838773058,0.3868399163716872,0.0,0.0,4.886025905609131,8.930333137512207,12,can0:12,30.697316999976465,32.57613686566701,0.4799909997927898,6.449839000197244,12,2.920926809310913,5.489669322967529,,"BL_hip_joint,BR_hip_joint,FL_hip_joint,FR_hip_joint,BL_thigh_joint,BR_thigh_joint,FL_thigh_joint,FR_thigh_joint,BL_calf_joint,BR_calf_joint,FL_calf_joint,FR_calf_joint",965e94c4cebfc45b9ef609d4a677a5ee35961a895700aad478603f43844b3779,"step=000320 mode=sit    vx= 0.000 vy= 0.000 vxy= 0.000 yaw= 0.000 speed=0.04 imu=xsens:live tilt_rp=[+1.5,+0.4]deg imu_corr=0.000 act_max= 0.000 tau_cmd= 4.886 tau_cmd_max= 8.930 cmds=12 bus=can0:12 hz=32.6 tx=0.5ms fb_age=6.4ms fb=12 tau_fb= 2.921 tau_fb_max= 5.490",,,,,,,,,,,,,,,,,,,,,,,,,,,,,,,,,,,,,,,,,,,,,,,,,0.0,0.0,0.0,0.0,0.0,0.0,0.0,0.0,0.0,0.0,0.0,0.0,0.0,0.0,0.0,0.0,0.0,0.0,0.0,0.0,0.0,0.0,0.0,0.0,0.033365100622177124,-0.023010414093732834,-0.030297044664621353,0.025311455130577087,0.4552226960659027,-0.45407217741012573,0.4544556736946106,-0.4525381326675415,1.5064151287078857,-1.5067986249923706,1.505648136138916,-1.5067986249923706,-0.10757774859666824,0.10071108490228653,0.0791955292224884,0.015106662176549435,0.14786218106746674,-0.1359599530696869,0.1194799616932869,-0.21286660432815552,0.028382213786244392,0.001831110566854477,0.017853328958153725,0.05951109528541565,0.019632577896118164,-0.012691527605056763,-0.01719534397125244,0.014129161834716797,0.4725194275379181,-0.4721824526786804,0.47181183099746704,-0.47111546993255615,1.5,-1.5,1.5,-1.5,0.0,0.0,0.0,0.0,0.0,0.0,0.0,0.0,0.0,0.0,0.0,0.0
2026-07-13_13-51-50,2026-07-13T13:52:00.264,9.360265,pose,340,sit,0.0,0.0,0.0,0.0,0.0,0.0,0.0,0.0,0.04,xsens:live,0.005681438371539116,-0.026562629267573357,-0.9996310472488403,1.522130087725959,0.3256390806846211,0.0,0.0,3.0340652465820312,5.510819435119629,12,can0:12,23.993672999949922,41.67765393827311,0.5005349999009923,6.441199000164488,12,3.600268602371216,5.943784713745117,,"BL_hip_joint,BR_hip_joint,FL_hip_joint,FR_hip_joint,BL_thigh_joint,BR_thigh_joint,FL_thigh_joint,FR_thigh_joint,BL_calf_joint,BR_calf_joint,FL_calf_joint,FR_calf_joint",965e94c4cebfc45b9ef609d4a677a5ee35961a895700aad478603f43844b3779,"step=000340 mode=sit    vx= 0.000 vy= 0.000 vxy= 0.000 yaw= 0.000 speed=0.04 imu=xsens:live tilt_rp=[+1.5,+0.3]deg imu_corr=0.000 act_max= 0.000 tau_cmd= 3.034 tau_cmd_max= 5.511 cmds=12 bus=can0:12 hz=41.7 tx=0.5ms fb_age=6.4ms fb=12 tau_fb= 3.600 tau_fb_max= 5.944",,,,,,,,,,,,,,,,,,,,,,,,,,,,,,,,,,,,,,,,,,,,,,,,,0.0,0.0,0.0,0.0,0.0,0.0,0.0,0.0,0.0,0.0,0.0,0.0,0.0,0.0,0.0,0.0,0.0,0.0,0.0,0.0,0.0,0.0,0.0,0.0,0.007286631036549807,-0.006519617512822151,-0.006519617512822151,0.007670138031244278,0.49395689368247986,-0.49510741233825684,0.4935733675956726,-0.4928063750267029,1.5067986249923706,-1.5067986249923706,1.505648136138916,-1.5067986249923706,-0.0709555372595787,-0.0119022186845541,0.10757774859666824,-0.04989776387810707,0.04669332131743431,-0.027466658502817154,0.03250221163034439,-0.05081331729888916,0.01144444104284048,0.09338664263486862,0.01144444104284048,0.010986663401126862,0.0,0.0,0.0,0.0,0.5,-0.5,0.5,-0.5,1.5,-1.5,1.5,-1.5,0.0,0.0,0.0,0.0,0.0,0.0,0.0,0.0,0.0,0.0,0.0,0.0
2026-07-13_13-51-50,2026-07-13T13:52:00.992,10.088171,pose,360,stand,0.0,0.0,0.0,0.0,0.0,0.0,0.0,0.0,0.04,xsens:live,0.006617657840251923,-0.026543930172920227,-0.9996258020401001,1.5210670463048697,0.3793002589344955,0.0,0.0,4.257510662078857,7.9698872566223145,12,can0:12,33.14968799986673,30.1661964361179,0.534617000084836,6.682106999960524,12,2.8049564361572266,5.533616065979004,,"BL_hip_joint,BR_hip_joint,FL_hip_joint,FR_hip_joint,BL_thigh_joint,BR_thigh_joint,FL_thigh_joint,FR_thigh_joint,BL_calf_joint,BR_calf_joint,FL_calf_joint,FR_calf_joint",965e94c4cebfc45b9ef609d4a677a5ee35961a895700aad478603f43844b3779,"step=000360 mode=stand  vx= 0.000 vy= 0.000 vxy= 0.000 yaw= 0.000 speed=0.04 imu=xsens:live tilt_rp=[+1.5,+0.4]deg imu_corr=0.000 act_max= 0.000 tau_cmd= 4.258 tau_cmd_max= 7.970 cmds=12 bus=can0:12 hz=30.2 tx=0.5ms fb_age=6.7ms fb=12 tau_fb= 2.805 tau_fb_max= 5.534",,,,,,,,,,,,,,,,,,,,,,,,,,,,,,,,,,,,,,,,,,,,,,,,,0.0,0.0,0.0,0.0,0.0,0.0,0.0,0.0,0.0,0.0,0.0,0.0,0.0,0.0,0.0,0.0,0.0,0.0,0.0,0.0,0.0,0.0,0.0,0.0,0.013422741554677486,-0.011505207046866417,-0.011121700517833233,0.013422741554677486,0.4905053377151489,-0.4935733675956726,0.4908888339996338,-0.48935481905937195,1.5067986249923706,-1.5067986249923706,1.505648136138916,-1.5067986249923706,-0.04257332161068916,-0.04943998530507088,-0.0636310949921608,0.002288888208568096,0.09384441375732422,0.0196844395250082,-0.04623554274439812,-0.03387554734945297,0.05630664899945259,-0.03021332435309887,-0.004577776417136192,0.06454664468765259,0.00648533133789897,-0.006103841122239828,-0.006103841122239828,0.006866821087896824,0.49250367283821106,-0.4940296411514282,0.49288517236709595,-0.49212220311164856,1.498874545097351,-1.498874545097351,1.497730016708374,-1.498874545097351,0.0,0.0,0.0,0.0,0.0,0.0,0.0,0.0,0.0,0.0,0.0,0.0
2026-07-13_13-51-50,2026-07-13T13:52:01.536,10.632313,pose,380,stand,0.0,0.0,0.0,0.0,0.0,0.0,0.0,0.0,0.04,xsens:live,0.006377381272614002,-0.026596592739224434,-0.9996259212493896,1.5240832058632192,0.36552881055359226,0.0,0.0,4.676602363586426,9.87431812286377,12,can0:12,24.405083999681665,40.975068965673046,0.5106799999339273,6.471503999819106,12,2.541276216506958,5.489669322967529,,"BL_hip_joint,BR_hip_joint,FL_hip_joint,FR_hip_joint,BL_thigh_joint,BR_thigh_joint,FL_thigh_joint,FR_thigh_joint,BL_calf_joint,BR_calf_joint,FL_calf_joint,FR_calf_joint",965e94c4cebfc45b9ef609d4a677a5ee35961a895700aad478603f43844b3779,"step=000380 mode=stand  vx= 0.000 vy= 0.000 vxy= 0.000 yaw= 0.000 speed=0.04 imu=xsens:live tilt_rp=[+1.5,+0.4]deg imu_corr=0.000 act_max= 0.000 tau_cmd= 4.677 tau_cmd_max= 9.874 cmds=12 bus=can0:12 hz=41.0 tx=0.5ms fb_age=6.5ms fb=12 tau_fb= 2.541 tau_fb_max= 5.490",,,,,,,,,,,,,,,,,,,,,,,,,,,,,,,,,,,,,,,,,,,,,,,,,0.0,0.0,0.0,0.0,0.0,0.0,0.0,0.0,0.0,0.0,0.0,0.0,0.0,0.0,0.0,0.0,0.0,0.0,0.0,0.0,0.0,0.0,0.0,0.0,0.013422741554677486,-0.011505207046866417,-0.011121700517833233,0.013422741554677486,0.4793836176395416,-0.4797671437263489,0.4805341362953186,-0.47900012135505676,1.4715160131454468,-1.471132516860962,1.469598412513733,-1.4715160131454468,-0.007782219909131527,0.0238044373691082,0.032044436782598495,0.11169774830341339,-0.01739555038511753,0.06408887356519699,-0.061342205852270126,0.008239997550845146,-0.10757774859666824,0.18448439240455627,-0.158848837018013,0.1593066155910492,0.006287646945565939,-0.005917785223573446,-0.005917785223573446,0.006657508201897144,0.4774912893772125,-0.4789707362651825,0.4778611660003662,-0.4771214425563812,1.4531861543655396,-1.4531861543655396,1.4520765542984009,-1.4531861543655396,0.0,0.0,0.0,0.0,0.0,0.0,0.0,0.0,0.0,0.0,0.0,0.0
2026-07-13_13-51-50,2026-07-13T13:52:02.067,11.163432,pose,400,stand,0.0,0.0,0.0,0.0,0.0,0.0,0.0,0.0,0.04,xsens:live,0.007179019041359425,-0.02642250992357731,-0.9996251463890076,1.5141134482286358,0.4114746634203019,0.0,0.0,6.432751178741455,13.019308090209961,12,can0:12,29.900575999818102,33.44417177803141,0.48411899979328155,6.443920000037906,12,2.68807053565979,5.335855960845947,,"BL_hip_joint,BR_hip_joint,FL_hip_joint,FR_hip_joint,BL_thigh_joint,BR_thigh_joint,FL_thigh_joint,FR_thigh_joint,BL_calf_joint,BR_calf_joint,FL_calf_joint,FR_calf_joint",965e94c4cebfc45b9ef609d4a677a5ee35961a895700aad478603f43844b3779,"step=000400 mode=stand  vx= 0.000 vy= 0.000 vxy= 0.000 yaw= 0.000 speed=0.04 imu=xsens:live tilt_rp=[+1.5,+0.4]deg imu_corr=0.000 act_max= 0.000 tau_cmd= 6.433 tau_cmd_max= 13.019 cmds=12 bus=can0:12 hz=33.4 tx=0.5ms fb_age=6.4ms fb=12 tau_fb= 2.688 tau_fb_max= 5.336",,,,,,,,,,,,,,,,,,,,,,,,,,,,,,,,,,,,,,,,,,,,,,,,,0.0,0.0,0.0,0.0,0.0,0.0,0.0,0.0,0.0,0.0,0.0,0.0,0.0,0.0,0.0,0.0,0.0,0.0,0.0,0.0,0.0,0.0,0.0,0.0,0.013422741554677486,-0.011121700517833233,-0.011121700517833233,0.013422741554677486,0.45407217741012573,-0.4571402370929718,0.45483916997909546,-0.4533051550388336,1.3959650993347168,-1.395198106765747,1.3936641216278076,-1.395581603050232,0.03341776877641678,-0.002288888208568096,-0.026551103219389915,-0.015564439818263054,-0.014648884534835815,-0.0009155552834272385,-0.07736442238092422,-0.0315866582095623,-0.1355021893978119,0.11215551942586899,-0.1515243947505951,0.14053773880004883,0.005938339978456497,-0.0055890255607664585,-0.0055890255607664585,0.006287653464823961,0.4509645104408264,-0.4523617625236511,0.4513137936592102,-0.45061519742012024,1.37245512008667,-1.37245512008667,1.371407151222229,-1.37245512008667,0.0,0.0,0.0,0.0,0.0,0.0,0.0,0.0,0.0,0.0,0.0,0.0
2026-07-13_13-51-50,2026-07-13T13:52:02.599,11.695039,pose,420,stand,0.0,0.0,0.0,0.0,0.0,0.0,0.0,0.0,0.04,xsens:live,0.0064641861245036125,-0.026160797104239464,-0.9996368885040283,1.499105553862293,0.37049995336286434,0.0,0.0,5.675671100616455,14.843811988830566,12,can0:12,24.500897000052646,40.81483220789228,0.5711630001314916,6.546676000198204,12,2.5638599395751953,5.680105209350586,,"BL_hip_joint,BR_hip_joint,FL_hip_joint,FR_hip_joint,BL_thigh_joint,BR_thigh_joint,FL_thigh_joint,FR_thigh_joint,BL_calf_joint,BR_calf_joint,FL_calf_joint,FR_calf_joint",965e94c4cebfc45b9ef609d4a677a5ee35961a895700aad478603f43844b3779,"step=000420 mode=stand  vx= 0.000 vy= 0.000 vxy= 0.000 yaw= 0.000 speed=0.04 imu=xsens:live tilt_rp=[+1.5,+0.4]deg imu_corr=0.000 act_max= 0.000 tau_cmd= 5.676 tau_cmd_max= 14.844 cmds=12 bus=can0:12 hz=40.8 tx=0.6ms fb_age=6.5ms fb=12 tau_fb= 2.564 tau_fb_max= 5.680",,,,,,,,,,,,,,,,,,,,,,,,,,,,,,,,,,,,,,,,,,,,,,,,,0.0,0.0,0.0,0.0,0.0,0.0,0.0,0.0,0.0,0.0,0.0,0.0,0.0,0.0,0.0,0.0,0.0,0.0,0.0,0.0,0.0,0.0,0.0,0.0,0.012655727565288544,-0.011121700517833233,-0.011121700517833233,0.012655727565288544,0.42032355070114136,-0.42300811409950256,0.4207070767879486,-0.41955655813217163,1.2905007600784302,-1.2901172637939453,1.2889666557312012,-1.2901172637939453,-0.10254219174385071,0.0315866582095623,-0.016479995101690292,-0.043946653604507446,-0.04303110018372536,0.11307107657194138,0.013275551609694958,0.06912442296743393,-0.2389599233865738,0.1506088376045227,-0.2293466031551361,0.26551103591918945,0.005465163849294186,-0.0051436834037303925,-0.0051436834037303925,0.005786643363535404,0.41503095626831055,-0.4163168668746948,0.41535240411758423,-0.4147094786167145,1.263095736503601,-1.263095736503601,1.2621313333511353,-1.263095736503601,0.0,0.0,0.0,0.0,0.0,0.0,0.0,0.0,0.0,0.0,0.0,0.0
2026-07-13_13-51-50,2026-07-13T13:52:03.132,12.228299,pose,440,stand,0.0,0.0,0.0,0.0,0.0,0.0,0.0,0.0,0.04,xsens:live,0.007186727598309517,-0.026302890852093697,-0.9996282458305359,1.5072573042444675,0.41191519686897704,0.0,0.0,7.083903789520264,15.79902172088623,12,can0:12,24.429950000012468,40.933362532444384,0.4797020001205965,6.487312999979622,12,2.1695611476898193,4.848780632019043,,"BL_hip_joint,BR_hip_joint,FL_hip_joint,FR_hip_joint,BL_thigh_joint,BR_thigh_joint,FL_thigh_joint,FR_thigh_joint,BL_calf_joint,BR_calf_joint,FL_calf_joint,FR_calf_joint",965e94c4cebfc45b9ef609d4a677a5ee35961a895700aad478603f43844b3779,"step=000440 mode=stand  vx= 0.000 vy= 0.000 vxy= 0.000 yaw= 0.000 speed=0.04 imu=xsens:live tilt_rp=[+1.5,+0.4]deg imu_corr=0.000 act_max= 0.000 tau_cmd= 7.084 tau_cmd_max= 15.799 cmds=12 bus=can0:12 hz=40.9 tx=0.5ms fb_age=6.5ms fb=12 tau_fb= 2.170 tau_fb_max= 4.849",,,,,,,,,,,,,,,,,,,,,,,,,,,,,,,,,,,,,,,,,,,,,,,,,0.0,0.0,0.0,0.0,0.0,0.0,0.0,0.0,0.0,0.0,0.0,0.0,0.0,0.0,0.0,0.0,0.0,0.0,0.0,0.0,0.0,0.0,0.0,0.0,0.01227222103625536,-0.01035468652844429,-0.01035468652844429,0.012655727565288544,0.3789048194885254,-0.3796718418598175,0.3796718418598175,-0.3785213232040405,1.1620259284973145,-1.1616424322128296,1.1604918241500854,-1.1616424322128296,-0.040742211043834686,0.001831110566854477,0.008697775192558765,0.019226660951972008,-0.055848874151706696,0.14053773880004883,-0.016022218391299248,0.14007996022701263,-0.2609332501888275,0.20416882634162903,-0.1826532781124115,0.24170659482479095,0.004895872436463833,-0.004607880022376776,-0.004607880022376776,0.00518386485055089,0.3717983067035675,-0.3729502558708191,0.3720862865447998,-0.3715103268623352,1.131522536277771,-1.131522536277771,1.1306586265563965,-1.131522536277771,0.0,0.0,0.0,0.0,0.0,0.0,0.0,0.0,0.0,0.0,0.0,0.0
2026-07-13_13-51-50,2026-07-13T13:52:03.660,12.756068,pose,460,stand,0.0,0.0,0.0,0.0,0.0,0.0,0.0,0.0,0.04,xsens:live,0.006765321362763643,-0.025853632017970085,-0.9996428489685059,1.4815029770318648,0.3877569310595583,0.0,0.0,6.83806848526001,16.2717227935791,12,can0:12,24.75799800004097,40.39098799500449,0.4976879999958328,6.522674999814626,12,2.682271718978882,5.621509552001953,,"BL_hip_joint,BR_hip_joint,FL_hip_joint,FR_hip_joint,BL_thigh_joint,BR_thigh_joint,FL_thigh_joint,FR_thigh_joint,BL_calf_joint,BR_calf_joint,FL_calf_joint,FR_calf_joint",965e94c4cebfc45b9ef609d4a677a5ee35961a895700aad478603f43844b3779,"step=000460 mode=stand  vx= 0.000 vy= 0.000 vxy= 0.000 yaw= 0.000 speed=0.04 imu=xsens:live tilt_rp=[+1.5,+0.4]deg imu_corr=0.000 act_max= 0.000 tau_cmd= 6.838 tau_cmd_max= 16.272 cmds=12 bus=can0:12 hz=40.4 tx=0.5ms fb_age=6.5ms fb=12 tau_fb= 2.682 tau_fb_max= 5.622",,,,,,,,,,,,,,,,,,,,,,,,,,,,,,,,,,,,,,,,,,,,,,,,,0.0,0.0,0.0,0.0,0.0,0.0,0.0,0.0,0.0,0.0,0.0,0.0,0.0,0.0,0.0,0.0,0.0,0.0,0.0,0.0,0.0,0.0,0.0,0.0,0.011505207046866417,-0.009971179068088531,-0.009971179068088531,0.011888713575899601,0.332116961479187,-0.3328839838504791,0.33173346519470215,-0.3313499689102173,1.015526294708252,-1.0159097909927368,1.0147593021392822,-1.0159097909927368,0.03891110047698021,0.002288888208568096,-0.025177771225571632,-0.05951109528541565,-0.12039551883935928,0.06775109469890594,-0.16067995131015778,0.09063997119665146,-0.32959991693496704,0.20966215431690216,-0.2462843656539917,0.24399548768997192,0.004258220084011555,-0.004007736686617136,-0.004007736686617136,0.004508703947067261,0.32337427139282227,-0.3243761658668518,0.32362473011016846,-0.3231237828731537,0.9841498136520386,-0.9841498136520386,0.9833984375,-0.9841498136520386,0.0,0.0,0.0,0.0,0.0,0.0,0.0,0.0,0.0,0.0,0.0,0.0
2026-07-13_13-51-50,2026-07-13T13:52:04.192,13.287823,pose,480,stand,0.0,0.0,0.0,0.0,0.0,0.0,0.0,0.0,0.04,xsens:live,0.009052295237779617,-0.0258780587464571,-0.9996241331100464,1.482929840600651,0.5188391495430172,0.0,0.0,7.679080963134766,20.59908676147461,12,can0:12,31.161914999756846,32.090454004761995,0.48939900034383754,6.40394899983221,12,3.452558755874634,6.463820457458496,,"BL_hip_joint,BR_hip_joint,FL_hip_joint,FR_hip_joint,BL_thigh_joint,BR_thigh_joint,FL_thigh_joint,FR_thigh_joint,BL_calf_joint,BR_calf_joint,FL_calf_joint,FR_calf_joint",965e94c4cebfc45b9ef609d4a677a5ee35961a895700aad478603f43844b3779,"step=000480 mode=stand  vx= 0.000 vy= 0.000 vxy= 0.000 yaw= 0.000 speed=0.04 imu=xsens:live tilt_rp=[+1.5,+0.5]deg imu_corr=0.000 act_max= 0.000 tau_cmd= 7.679 tau_cmd_max= 20.599 cmds=12 bus=can0:12 hz=32.1 tx=0.5ms fb_age=6.4ms fb=12 tau_fb= 3.453 tau_fb_max= 6.464",,,,,,,,,,,,,,,,,,,,,,,,,,,,,,,,,,,,,,,,,,,,,,,,,0.0,0.0,0.0,0.0,0.0,0.0,0.0,0.0,0.0,0.0,0.0,0.0,0.0,0.0,0.0,0.0,0.0,0.0,0.0,0.0,0.0,0.0,0.0,0.0,0.00843715202063322,-0.007670138031244278,-0.009204166010022163,0.011121700517833233,0.2807270586490631,-0.281110554933548,0.28034353256225586,-0.2791930139064789,0.8632740378379822,-0.8628905415534973,0.85713791847229,-0.8582884669303894,-0.11673329770565033,0.014191106893122196,-0.02151555009186268,0.025177771225571632,-0.11581774055957794,0.1341288536787033,-0.16296884417533875,0.032959990203380585,-0.1753288358449936,0.19684438407421112,-0.21149326860904694,0.17670217156410217,0.00357996067032218,-0.003369374666363001,-0.003369374666363001,0.003790546441450715,0.27186644077301025,-0.2727087736129761,0.2720770239830017,-0.2716558575630188,0.8273921012878418,-0.8273921012878418,0.8267603516578674,-0.8273921012878418,0.0,0.0,0.0,0.0,0.0,0.0,0.0,0.0,0.0,0.0,0.0,0.0
2026-07-13_13-51-50,2026-07-13T13:52:04.733,13.829057,pose,500,stand,0.0,0.0,0.0,0.0,0.0,0.0,0.0,0.0,0.04,xsens:live,0.02700362540781498,-0.02861500345170498,-0.9992257356643677,1.640341023298146,1.5480158537591213,0.0,0.0,12.401268005371094,32.68054962158203,12,can0:12,24.68970600011744,40.502709914619615,0.49080799999501323,6.428878999940935,12,7.4413275718688965,17.10989761352539,,"BL_hip_joint,BR_hip_joint,FL_hip_joint,FR_hip_joint,BL_thigh_joint,BR_thigh_joint,FL_thigh_joint,FR_thigh_joint,BL_calf_joint,BR_calf_joint,FL_calf_joint,FR_calf_joint",965e94c4cebfc45b9ef609d4a677a5ee35961a895700aad478603f43844b3779,"step=000500 mode=stand  vx= 0.000 vy= 0.000 vxy= 0.000 yaw= 0.000 speed=0.04 imu=xsens:live tilt_rp=[+1.6,+1.5]deg imu_corr=0.000 act_max= 0.000 tau_cmd= 12.401 tau_cmd_max= 32.681 cmds=12 bus=can0:12 hz=40.5 tx=0.5ms fb_age=6.4ms fb=12 tau_fb= 7.441 tau_fb_max= 17.110",,,,,,,,,,,,,,,,,,,,,,,,,,,,,,,,,,,,,,,,,,,,,,,,,0.0,0.0,0.0,0.0,0.0,0.0,0.0,0.0,0.0,0.0,0.0,0.0,0.0,0.0,0.0,0.0,0.0,0.0,0.0,0.0,0.0,0.0,0.0,0.0,0.00076701381476596,-0.0057526035234332085,-0.00038350690738298,0.0026845482643693686,0.22550205886363983,-0.21783192455768585,0.24467740952968597,-0.24659493565559387,0.7163909077644348,-0.7221434712409973,0.7137063145637512,-0.7202259302139282,-0.04348887503147125,0.028839992359280586,-0.08194220066070557,0.00045777764171361923,-0.018768884241580963,-0.025177771225571632,-0.05218665301799774,0.016022218391299248,-0.24948881566524506,0.2545243799686432,-0.2856532633304596,0.18723104894161224,0.002888847840949893,-0.0027189154643565416,-0.0027189154643565416,0.003058779751881957,0.21938249468803406,-0.2200622260570526,0.2195524275302887,-0.21921256184577942,0.6676636934280396,-0.6676636934280396,0.6671538949012756,-0.6676636934280396,0.0,0.0,0.0,0.0,0.0,0.0,0.0,0.0,0.0,0.0,0.0,0.0
2026-07-13_13-51-50,2026-07-13T13:52:05.267,14.363315,pose,520,stand,0.0,0.0,0.0,0.0,0.0,0.0,0.0,0.0,0.04,xsens:live,0.02336040697991848,-0.02505502849817276,-0.9994131326675415,1.4360895526170034,1.3389948654625916,0.0,0.0,11.574535369873047,30.57536506652832,12,can0:12,30.496412000047712,32.79074272732266,0.5497860001923982,6.478800999957457,12,6.349071025848389,15.751213073730469,,"BL_hip_joint,BR_hip_joint,FL_hip_joint,FR_hip_joint,BL_thigh_joint,BR_thigh_joint,FL_thigh_joint,FR_thigh_joint,BL_calf_joint,BR_calf_joint,FL_calf_joint,FR_calf_joint",965e94c4cebfc45b9ef609d4a677a5ee35961a895700aad478603f43844b3779,"step=000520 mode=stand  vx= 0.000 vy= 0.000 vxy= 0.000 yaw= 0.000 speed=0.04 imu=xsens:live tilt_rp=[+1.4,+1.3]deg imu_corr=0.000 act_max= 0.000 tau_cmd= 11.575 tau_cmd_max= 30.575 cmds=12 bus=can0:12 hz=32.8 tx=0.5ms fb_age=6.5ms fb=12 tau_fb= 6.349 tau_fb_max= 15.751",,,,,,,,,,,,,,,,,,,,,,,,,,,,,,,,,,,,,,,,,,,,,,,,,0.0,0.0,0.0,0.0,0.0,0.0,0.0,0.0,0.0,0.0,0.0,0.0,0.0,0.0,0.0,0.0,0.0,0.0,0.0,0.0,0.0,0.0,0.0,0.0,0.0011505207512527704,-0.004602083005011082,-0.00076701381476596,0.00153402762953192,0.17756369709968567,-0.16951005160808563,0.1913699507713318,-0.1913699507713318,0.5537839531898499,-0.5618376135826111,0.5568520426750183,-0.5591530799865723,0.10116885602474213,-0.02151555009186268,0.0636310949921608,0.023346660658717155,-0.07690664380788803,0.1029999703168869,-0.07278664410114288,0.04852443188428879,-0.3089998960494995,0.20187993347644806,-0.20279549062252045,0.23621326684951782,0.0022126357071101665,-0.0020824805833399296,-0.0020824805833399296,0.0023427908308804035,0.16803014278411865,-0.1685507595539093,0.1681603193283081,-0.1678999960422516,0.5113791823387146,-0.5113791823387146,0.510988712310791,-0.5113791823387146,0.0,0.0,0.0,0.0,0.0,0.0,0.0,0.0,0.0,0.0,0.0,0.0
2026-07-13_13-51-50,2026-07-13T13:52:05.788,14.883649,pose,540,stand,0.0,0.0,0.0,0.0,0.0,0.0,0.0,0.0,0.04,xsens:live,0.019606364890933037,-0.02121102064847946,-0.9995827674865723,1.2156268006501934,1.1236867678672062,0.0,0.0,10.195115089416504,26.02788543701172,12,can0:12,29.522606000227825,33.87234853157214,0.5007270001442521,6.3709240002935985,12,5.388652801513672,13.56852912902832,,"BL_hip_joint,BR_hip_joint,FL_hip_joint,FR_hip_joint,BL_thigh_joint,BR_thigh_joint,FL_thigh_joint,FR_thigh_joint,BL_calf_joint,BR_calf_joint,FL_calf_joint,FR_calf_joint",965e94c4cebfc45b9ef609d4a677a5ee35961a895700aad478603f43844b3779,"step=000540 mode=stand  vx= 0.000 vy= 0.000 vxy= 0.000 yaw= 0.000 speed=0.04 imu=xsens:live tilt_rp=[+1.2,+1.1]deg imu_corr=0.000 act_max= 0.000 tau_cmd= 10.195 tau_cmd_max= 26.028 cmds=12 bus=can0:12 hz=33.9 tx=0.5ms fb_age=6.4ms fb=12 tau_fb= 5.389 tau_fb_max= 13.569",,,,,,,,,,,,,,,,,,,,,,,,,,,,,,,,,,,,,,,,,,,,,,,,,0.0,0.0,0.0,0.0,0.0,0.0,0.0,0.0,0.0,0.0,0.0,0.0,0.0,0.0,0.0,0.0,0.0,0.0,0.0,0.0,0.0,0.0,0.0,0.0,0.0011505207512527704,-0.00306805525906384,-0.00038350690738298,0.00153402762953192,0.13269339501857758,-0.12118817865848541,0.14151404798030853,-0.13959650695323944,0.4022987484931946,-0.4107359051704407,0.4076678454875946,-0.40805134177207947,0.016022218391299248,-0.007324442267417908,-0.04577776417136192,0.04119998961687088,-0.01235999632626772,0.035248879343271255,-0.07415997982025146,0.056764427572488785,-0.21881771087646484,0.23529770970344543,-0.23667104542255402,0.1748710572719574,0.0015790779143571854,-0.0014861910603940487,-0.0014861910603940487,0.001671964768320322,0.11991703510284424,-0.12028858065605164,0.12000992894172668,-0.11982414126396179,0.36495280265808105,-0.36495280265808105,0.36467409133911133,-0.36495280265808105,0.0,0.0,0.0,0.0,0.0,0.0,0.0,0.0,0.0,0.0,0.0,0.0
2026-07-13_13-51-50,2026-07-13T13:52:06.309,15.404520,pose,560,stand,0.0,0.0,0.0,0.0,0.0,0.0,0.0,0.0,0.04,xsens:live,0.015906037762761116,-0.017510559409856796,-0.9997202157974243,1.0034593227240203,0.9115269743786432,0.0,0.0,9.109916687011719,24.247591018676758,12,can0:12,29.860029999781545,33.48958457199527,0.49007100005837856,6.460975999743823,12,4.716025352478027,13.176671981811523,,"BL_hip_joint,BR_hip_joint,FL_hip_joint,FR_hip_joint,BL_thigh_joint,BR_thigh_joint,FL_thigh_joint,FR_thigh_joint,BL_calf_joint,BR_calf_joint,FL_calf_joint,FR_calf_joint",965e94c4cebfc45b9ef609d4a677a5ee35961a895700aad478603f43844b3779,"step=000560 mode=stand  vx= 0.000 vy= 0.000 vxy= 0.000 yaw= 0.000 speed=0.04 imu=xsens:live tilt_rp=[+1.0,+0.9]deg imu_corr=0.000 act_max= 0.000 tau_cmd= 9.110 tau_cmd_max= 24.248 cmds=12 bus=can0:12 hz=33.5 tx=0.5ms fb_age=6.5ms fb=12 tau_fb= 4.716 tau_fb_max= 13.177",,,,,,,,,,,,,,,,,,,,,,,,,,,,,,,,,,,,,,,,,,,,,,,,,0.0,0.0,0.0,0.0,0.0,0.0,0.0,0.0,0.0,0.0,0.0,0.0,0.0,0.0,0.0,0.0,0.0,0.0,0.0,0.0,0.0,0.0,0.0,0.0,0.0011505207512527704,-0.00306805525906384,0.00038350690738298,0.00153402762953192,0.09204165637493134,-0.07478384673595428,0.09319217503070831,-0.08974061161279678,0.2650032639503479,-0.27497443556785583,0.272289901971817,-0.27190640568733215,-0.0398266538977623,-0.05172887444496155,0.07324442267417908,-0.016479995101690292,-0.05081331729888916,0.11352885514497757,-0.1034577488899231,0.1593066155910492,-0.20966215431690216,0.16342662274837494,-0.16022217273712158,0.1355021893978119,0.0010159285739064217,-0.0009561679325997829,-0.0009561679325997829,0.001075688749551773,0.07715079188346863,-0.07738983631134033,0.07721054553985596,-0.0770910382270813,0.23479902744293213,-0.23479902744293213,0.23461973667144775,-0.23479902744293213,0.0,0.0,0.0,0.0,0.0,0.0,0.0,0.0,0.0,0.0,0.0,0.0
2026-07-13_13-51-50,2026-07-13T13:52:06.841,15.936883,pose,580,stand,0.0,0.0,0.0,0.0,0.0,0.0,0.0,0.0,0.04,xsens:live,0.013056127354502678,-0.014871777035295963,-0.9998041987419128,0.852194083540887,0.7481649681009442,0.0,0.0,7.9643096923828125,22.304140090942383,12,can0:12,24.53686699982427,40.75499940588022,0.48680600002626306,6.313896999927238,12,4.542985439300537,12.037720680236816,,"BL_hip_joint,BR_hip_joint,FL_hip_joint,FR_hip_joint,BL_thigh_joint,BR_thigh_joint,FL_thigh_joint,FR_thigh_joint,BL_calf_joint,BR_calf_joint,FL_calf_joint,FR_calf_joint",965e94c4cebfc45b9ef609d4a677a5ee35961a895700aad478603f43844b3779,"step=000580 mode=stand  vx= 0.000 vy= 0.000 vxy= 0.000 yaw= 0.000 speed=0.04 imu=xsens:live tilt_rp=[+0.9,+0.7]deg imu_corr=0.000 act_max= 0.000 tau_cmd= 7.964 tau_cmd_max= 22.304 cmds=12 bus=can0:12 hz=40.8 tx=0.5ms fb_age=6.3ms fb=12 tau_fb= 4.543 tau_fb_max= 12.038",,,,,,,,,,,,,,,,,,,,,,,,,,,,,,,,,,,,,,,,,,,,,,,,,0.0,0.0,0.0,0.0,0.0,0.0,0.0,0.0,0.0,0.0,0.0,0.0,0.0,0.0,0.0,0.0,0.0,0.0,0.0,0.0,0.0,0.0,0.0,0.0,0.0011505207512527704,-0.00306805525906384,0.00038350690738298,0.00153402762953192,0.05560849979519844,-0.033365100622177124,0.05330745875835419,-0.050239402800798416,0.15071821212768555,-0.16183991730213165,0.15915536880493164,-0.15800485014915466,-0.04989776387810707,-0.09338664263486862,0.06408887356519699,-0.02609332650899887,-0.07370220124721527,0.061342205852270126,-0.04348887503147125,0.059053316712379456,-0.16434217989444733,0.09933774918317795,-0.18585772812366486,0.1506088376045227,0.0005509406328201294,-0.00051853246986866,-0.00051853246986866,0.0005833492614328861,0.04183909296989441,-0.041968733072280884,0.041871488094329834,-0.041806697845458984,0.12733209133148193,-0.12733209133148193,0.12723493576049805,-0.12733209133148193,0.0,0.0,0.0,0.0,0.0,0.0,0.0,0.0,0.0,0.0,0.0,0.0
2026-07-13_13-51-50,2026-07-13T13:52:07.373,16.468891,pose,600,stand,0.0,0.0,0.0,0.0,0.0,0.0,0.0,0.0,0.04,xsens:live,0.010640105232596397,-0.012826727703213692,-0.9998611211776733,0.7349791240969353,0.6096947863730727,0.0,0.0,6.035555362701416,17.991344451904297,12,can0:12,24.353914000130317,41.06116166767482,0.4949989997840021,6.408492999980808,12,4.330881595611572,10.466628074645996,,"BL_hip_joint,BR_hip_joint,FL_hip_joint,FR_hip_joint,BL_thigh_joint,BR_thigh_joint,FL_thigh_joint,FR_thigh_joint,BL_calf_joint,BR_calf_joint,FL_calf_joint,FR_calf_joint",965e94c4cebfc45b9ef609d4a677a5ee35961a895700aad478603f43844b3779,"step=000600 mode=stand  vx= 0.000 vy= 0.000 vxy= 0.000 yaw= 0.000 speed=0.04 imu=xsens:live tilt_rp=[+0.7,+0.6]deg imu_corr=0.000 act_max= 0.000 tau_cmd= 6.036 tau_cmd_max= 17.991 cmds=12 bus=can0:12 hz=41.1 tx=0.5ms fb_age=6.4ms fb=12 tau_fb= 4.331 tau_fb_max= 10.467",,,,,,,,,,,,,,,,,,,,,,,,,,,,,,,,,,,,,,,,,,,,,,,,,0.0,0.0,0.0,0.0,0.0,0.0,0.0,0.0,0.0,0.0,0.0,0.0,0.0,0.0,0.0,0.0,0.0,0.0,0.0,0.0,0.0,0.0,0.0,0.0,0.0011505207512527704,-0.0026845482643693686,0.00038350690738298,0.0011505207512527704,0.028763016685843468,-0.0019175345078110695,0.02147638611495495,-0.018408332020044327,0.06634669750928879,-0.07631787657737732,0.07363332808017731,-0.07286631315946579,0.023346660658717155,0.04348887503147125,-0.0709555372595787,-0.03479110077023506,-0.0398266538977623,-0.0,-0.09109774976968765,0.06454664468765259,-0.08011108636856079,0.07003998011350632,-0.12451551854610443,0.16571550071239471,0.00021186983212828636,-0.00019940687343478203,-0.00019940687343478203,0.0002243327908217907,0.016089648008346558,-0.016139507293701172,0.016102105379104614,-0.0160771906375885,0.04896688461303711,-0.04896688461303711,0.048929452896118164,-0.04896688461303711,0.0,0.0,0.0,0.0,0.0,0.0,0.0,0.0,0.0,0.0,0.0,0.0
2026-07-13_13-51-50,2026-07-13T13:52:07.898,16.994233,pose,620,stand,0.0,0.0,0.0,0.0,0.0,0.0,0.0,0.0,0.04,xsens:live,0.009003669954836369,-0.01157979667186737,-0.9998924732208252,0.6635151631474466,0.5159138208588558,0.0,0.0,5.726481914520264,14.781718254089355,12,can0:12,30.194156999641564,33.11899053886059,0.49256700003752485,6.37486000005083,12,4.5860161781311035,10.378734588623047,,"BL_hip_joint,BR_hip_joint,FL_hip_joint,FR_hip_joint,BL_thigh_joint,BR_thigh_joint,FL_thigh_joint,FR_thigh_joint,BL_calf_joint,BR_calf_joint,FL_calf_joint,FR_calf_joint",965e94c4cebfc45b9ef609d4a677a5ee35961a895700aad478603f43844b3779,"step=000620 mode=stand  vx= 0.000 vy= 0.000 vxy= 0.000 yaw= 0.000 speed=0.04 imu=xsens:live tilt_rp=[+0.7,+0.5]deg imu_corr=0.000 act_max= 0.000 tau_cmd= 5.726 tau_cmd_max= 14.782 cmds=12 bus=can0:12 hz=33.1 tx=0.5ms fb_age=6.4ms fb=12 tau_fb= 4.586 tau_fb_max= 10.379",,,,,,,,,,,,,,,,,,,,,,,,,,,,,,,,,,,,,,,,,,,,,,,,,0.0,0.0,0.0,0.0,0.0,0.0,0.0,0.0,0.0,0.0,0.0,0.0,0.0,0.0,0.0,0.0,0.0,0.0,0.0,0.0,0.0,0.0,0.0,0.0,0.0011505207512527704,-0.0026845482643693686,0.00038350690738298,0.00153402762953192,0.013422741554677486,0.016490796580910683,0.002301041502505541,0.0019175345078110695,0.014573262073099613,-0.025694962590932846,0.02416093461215496,-0.022626906633377075,0.027466658502817154,0.05493331700563431,0.07827997952699661,0.013733329251408577,0.00045777764171361923,-0.02929776906967163,-0.07827997952699661,0.05859553813934326,-0.08789330720901489,-0.0027466658502817154,-0.05081331729888916,0.016479995101690292,2.6468653231859207e-05,-2.4911481887102127e-05,-2.4911481887102127e-05,2.8025824576616287e-05,0.0020100772380828857,-0.0020162761211395264,0.002011626958847046,-0.002008497714996338,0.006117343902587891,-0.006117343902587891,0.00611269474029541,-0.006117343902587891,0.0,0.0,0.0,0.0,0.0,0.0,0.0,0.0,0.0,0.0,0.0,0.0
2026-07-13_13-51-50,2026-07-13T13:52:08.412,17.508295,pose,640,stand,0.0,0.0,0.0,0.0,0.0,0.0,0.0,0.0,0.04,xsens:live,0.008388311602175236,-0.011148782446980476,-0.9999026656150818,0.6388138905809635,0.480650361509336,0.0,0.0,4.711278915405273,11.046565055847168,12,can0:12,30.079879999902914,33.24481347675681,0.4900069998257095,6.39265300014813,12,4.394970417022705,11.91320514678955,,"BL_hip_joint,BR_hip_joint,FL_hip_joint,FR_hip_joint,BL_thigh_joint,BR_thigh_joint,FL_thigh_joint,FR_thigh_joint,BL_calf_joint,BR_calf_joint,FL_calf_joint,FR_calf_joint",965e94c4cebfc45b9ef609d4a677a5ee35961a895700aad478603f43844b3779,"step=000640 mode=stand  vx= 0.000 vy= 0.000 vxy= 0.000 yaw= 0.000 speed=0.04 imu=xsens:live tilt_rp=[+0.6,+0.5]deg imu_corr=0.000 act_max= 0.000 tau_cmd= 4.711 tau_cmd_max= 11.047 cmds=12 bus=can0:12 hz=33.2 tx=0.5ms fb_age=6.4ms fb=12 tau_fb= 4.395 tau_fb_max= 11.913",,,,,,,,,,,,,,,,,,,,,,,,,,,,,,,,,,,,,,,,,,,,,,,,,0.0,0.0,0.0,0.0,0.0,0.0,0.0,0.0,0.0,0.0,0.0,0.0,0.0,0.0,0.0,0.0,0.0,0.0,0.0,0.0,0.0,0.0,0.0,0.0,0.0011505207512527704,-0.0026845482643693686,0.00038350690738298,0.00153402762953192,0.009204166010022163,0.021859893575310707,-0.0026845482643693686,0.007286631036549807,0.004985589534044266,-0.01380624808371067,0.011121700517833233,-0.011121700517833233,-0.0315866582095623,0.0013733329251408577,-0.0068666646257042885,0.0013733329251408577,-0.04989776387810707,-0.002288888208568096,0.08606220036745071,-0.015106662176549435,0.008697775192558765,-0.019226660951972008,0.04211554303765297,-0.03479110077023506,0.0,0.0,0.0,0.0,0.0,0.0,0.0,0.0,0.0,0.0,0.0,0.0,0.0,0.0,0.0,0.0,0.0,0.0,0.0,0.0,0.0,0.0,0.0,0.0
2026-07-13_13-51-50,2026-07-13T13:52:08.939,18.035156,pose,660,stand,0.0,0.0,0.0,0.0,0.0,0.0,0.0,0.0,0.04,xsens:live,0.008432361297309399,-0.011298434808850288,-0.9999006986618042,0.6473893670669832,0.4831752406802344,0.0,0.0,4.756694316864014,10.68191909790039,12,can0:12,24.502946000211523,40.81141916532679,0.4922789999000088,6.427311000152258,12,4.6626176834106445,11.697134017944336,,"BL_hip_joint,BR_hip_joint,FL_hip_joint,FR_hip_joint,BL_thigh_joint,BR_thigh_joint,FL_thigh_joint,FR_thigh_joint,BL_calf_joint,BR_calf_joint,FL_calf_joint,FR_calf_joint",965e94c4cebfc45b9ef609d4a677a5ee35961a895700aad478603f43844b3779,"step=000660 mode=stand  vx= 0.000 vy= 0.000 vxy= 0.000 yaw= 0.000 speed=0.04 imu=xsens:live tilt_rp=[+0.6,+0.5]deg imu_corr=0.000 act_max= 0.000 tau_cmd= 4.757 tau_cmd_max= 10.682 cmds=12 bus=can0:12 hz=40.8 tx=0.5ms fb_age=6.4ms fb=12 tau_fb= 4.663 tau_fb_max= 11.697",,,,,,,,,,,,,,,,,,,,,,,,,,,,,,,,,,,,,,,,,,,,,,,,,0.0,0.0,0.0,0.0,0.0,0.0,0.0,0.0,0.0,0.0,0.0,0.0,0.0,0.0,0.0,0.0,0.0,0.0,0.0,0.0,0.0,0.0,0.0,0.0,0.00076701381476596,-0.0026845482643693686,0.00038350690738298,0.00153402762953192,0.009204166010022163,0.021859893575310707,-0.0026845482643693686,0.007670138031244278,0.004985589534044266,-0.013422741554677486,0.010738193057477474,-0.011121700517833233,-0.0636310949921608,0.016937773674726486,0.02471999265253544,0.05081331729888916,-0.02151555009186268,-0.0068666646257042885,0.0315866582095623,0.009155552834272385,-0.00595110934227705,0.035248879343271255,0.029755547642707825,-0.0315866582095623,0.0,0.0,0.0,0.0,0.0,0.0,0.0,0.0,0.0,0.0,0.0,0.0,0.0,0.0,0.0,0.0,0.0,0.0,0.0,0.0,0.0,0.0,0.0,0.0
2026-07-13_13-51-50,2026-07-13T13:52:09.474,18.569484,pose,680,stand,0.0,0.0,0.0,0.0,0.0,0.0,0.0,0.0,0.04,xsens:live,0.008414940908551216,-0.011237874627113342,-0.9999014735221863,0.6439191213445696,0.48217672400406136,0.0,0.0,4.795389652252197,10.660064697265625,12,can0:12,22.559781999916595,44.32666946886708,0.4760860001624678,6.263783000122203,12,4.5658745765686035,11.23203182220459,,"BL_hip_joint,BR_hip_joint,FL_hip_joint,FR_hip_joint,BL_thigh_joint,BR_thigh_joint,FL_thigh_joint,FR_thigh_joint,BL_calf_joint,BR_calf_joint,FL_calf_joint,FR_calf_joint",965e94c4cebfc45b9ef609d4a677a5ee35961a895700aad478603f43844b3779,"step=000680 mode=stand  vx= 0.000 vy= 0.000 vxy= 0.000 yaw= 0.000 speed=0.04 imu=xsens:live tilt_rp=[+0.6,+0.5]deg imu_corr=0.000 act_max= 0.000 tau_cmd= 4.795 tau_cmd_max= 10.660 cmds=12 bus=can0:12 hz=44.3 tx=0.5ms fb_age=6.3ms fb=12 tau_fb= 4.566 tau_fb_max= 11.232",,,,,,,,,,,,,,,,,,,,,,,,,,,,,,,,,,,,,,,,,,,,,,,,,0.0,0.0,0.0,0.0,0.0,0.0,0.0,0.0,0.0,0.0,0.0,0.0,0.0,0.0,0.0,0.0,0.0,0.0,0.0,0.0,0.0,0.0,0.0,0.0,0.0011505207512527704,-0.0026845482643693686,0.00038350690738298,0.00153402762953192,0.009204166010022163,0.022243401035666466,-0.00306805525906384,0.007670138031244278,0.004602083005011082,-0.013422741554677486,0.010738193057477474,-0.011121700517833233,-0.005493331700563431,0.010071108117699623,-0.028382213786244392,0.03341776877641678,0.032044436782598495,-0.021057771518826485,0.03570665791630745,0.010071108117699623,0.04303110018372536,-0.016479995101690292,-0.05493331700563431,-0.041657764464616776,0.0,0.0,0.0,0.0,0.0,0.0,0.0,0.0,0.0,0.0,0.0,0.0,0.0,0.0,0.0,0.0,0.0,0.0,0.0,0.0,0.0,0.0,0.0,0.0
2026-07-13_13-51-50,2026-07-13T13:52:09.990,19.086099,pose,700,stand,0.0,0.0,0.0,0.0,0.0,0.0,0.0,0.0,0.04,xsens:live,0.008640521205961704,-0.011088099330663681,-0.9999012351036072,0.6353380044322338,0.49510197441058,0.0,0.0,4.574789524078369,11.731237411499023,12,can0:12,24.481920000198443,40.84646955761208,0.4950949996782583,6.326985999749013,12,4.628437519073486,11.085543632507324,,"BL_hip_joint,BR_hip_joint,FL_hip_joint,FR_hip_joint,BL_thigh_joint,BR_thigh_joint,FL_thigh_joint,FR_thigh_joint,BL_calf_joint,BR_calf_joint,FL_calf_joint,FR_calf_joint",965e94c4cebfc45b9ef609d4a677a5ee35961a895700aad478603f43844b3779,"step=000700 mode=stand  vx= 0.000 vy= 0.000 vxy= 0.000 yaw= 0.000 speed=0.04 imu=xsens:live tilt_rp=[+0.6,+0.5]deg imu_corr=0.000 act_max= 0.000 tau_cmd= 4.575 tau_cmd_max= 11.731 cmds=12 bus=can0:12 hz=40.8 tx=0.5ms fb_age=6.3ms fb=12 tau_fb= 4.628 tau_fb_max= 11.086",,,,,,,,,,,,,,,,,,,,,,,,,,,,,,,,,,,,,,,,,,,,,,,,,0.0,0.0,0.0,0.0,0.0,0.0,0.0,0.0,0.0,0.0,0.0,0.0,0.0,0.0,0.0,0.0,0.0,0.0,0.0,0.0,0.0,0.0,0.0,0.0,0.0011505207512527704,-0.002301041502505541,0.00038350690738298,0.0011505207512527704,0.009204166010022163,0.021859893575310707,-0.00306805525906384,0.007670138031244278,0.004985589534044266,-0.013422741554677486,0.010738193057477474,-0.010738193057477474,-0.017853328958153725,0.03021332435309887,0.06408887356519699,-0.0119022186845541,0.03479110077023506,-0.10757774859666824,-0.050355542451143265,0.001831110566854477,0.0238044373691082,-0.04623554274439812,-0.03021332435309887,0.013733329251408577,0.0,0.0,0.0,0.0,0.0,0.0,0.0,0.0,0.0,0.0,0.0,0.0,0.0,0.0,0.0,0.0,0.0,0.0,0.0,0.0,0.0,0.0,0.0,0.0
2026-07-13_13-51-50,2026-07-13T13:52:10.541,19.637431,policy,720,policy,0.07199999690055847,0.0,0.07199999690055847,0.0,0.10799999535083771,0.0,0.10799999535083771,0.0,0.04,xsens:live,0.01267140544950962,-0.013748231343925,-0.9998252391815186,0.7878036675451217,0.7261060802303113,0.0,0.11262673139572144,4.136264801025391,8.233443260192871,12,can0:12,30.475610999928904,32.81312391086541,0.5079920001662686,6.274598999880254,12,4.243903636932373,8.294930458068848,,"BL_hip_joint,BR_hip_joint,FL_hip_joint,FR_hip_joint,BL_thigh_joint,BR_thigh_joint,FL_thigh_joint,FR_thigh_joint,BL_calf_joint,BR_calf_joint,FL_calf_joint,FR_calf_joint",965e94c4cebfc45b9ef609d4a677a5ee35961a895700aad478603f43844b3779,"step=000720 mode=policy vx= 0.072 vy= 0.000 vxy= 0.072 yaw= 0.000 speed=0.04 imu=xsens:live tilt_rp=[+0.8,+0.7]deg imu_corr=0.000 act_max= 0.113 tau_cmd= 4.136 tau_cmd_max= 8.233 cmds=12 bus=can0:12 hz=32.8 tx=0.5ms fb_age=6.3ms fb=12 policy_cmd=[ 0.108, 0.000, 0.000] tau_fb= 4.244 tau_fb_max= 8.295",0.0,0.0,0.0,0.007157773245126009,0.001306086778640747,0.040159378200769424,0.01267140544950962,-0.013748231343925,-0.9998252391815186,0.10799999535083771,0.0,0.0,-0.009204166010022163,-0.01764131709933281,0.0019175345078110695,0.005369096528738737,-0.04256926476955414,0.06749721616506577,-0.04563732072710991,0.04065173119306564,0.046404335647821426,-0.0989447832107544,0.10086231678724289,-0.10968297719955444,-0.02059999480843544,-0.029755547642707825,0.009155552834272385,0.04989776387810707,-0.1666310578584671,0.16022217273712158,-0.1355021893978119,0.15655995905399323,0.1029999703168869,-0.05218665301799774,-0.02471999265253544,0.01235999632626772,0.390702486038208,-0.9295878410339355,-0.3268357813358307,0.5008417963981628,0.1503061056137085,-0.11957511305809021,0.2859393060207367,-2.0689783096313477,0.8889707922935486,2.167280912399292,-3.552420139312744,-0.5483824014663696,0.4777880311012268,-0.9476504325866699,-0.22111095488071442,0.4358963668346405,0.16485100984573364,-0.21202924847602844,0.4104176163673401,-2.091235876083374,0.8195714950561523,2.2038612365722656,-3.5618014335632324,-0.49650126695632935,0.024350875988602638,-0.048489201813936234,-0.011451090686023235,0.022395655512809753,0.008420882746577263,-0.010741598904132843,0.02085796371102333,-0.10703399032354355,0.04204206168651581,0.11258747428655624,-0.11262673139572144,-0.025480153039097786,-0.009204166010022163,-0.01764131709933281,0.0019175345078110695,0.005369096528738737,-0.04256926476955414,0.06749721616506577,-0.04563732072710991,0.04065173119306564,0.046404335647821426,-0.0989447832107544,0.10086231678724289,-0.10968297719955444,-0.02059999480843544,-0.029755547642707825,0.009155552834272385,0.04989776387810707,-0.1666310578584671,0.16022217273712158,-0.1355021893978119,0.15655995905399323,0.1029999703168869,-0.05218665301799774,-0.02471999265253544,0.01235999632626772,0.0060877189971506596,-0.012122300453484058,-0.002862772671505809,0.005598913878202438,0.0021052206866443157,-0.0026853997260332108,0.005214490927755833,-0.026758497580885887,0.010510515421628952,0.0,1.3877787807814457e-17,-0.0063700382597744465,0.0,0.0,0.0,0.0,0.0,0.0,0.0,0.0,0.0,0.0,0.0,0.0
2026-07-13_13-51-50,2026-07-13T13:52:11.101,20.196783,policy,740,policy,0.07199999690055847,0.0,0.07199999690055847,0.0,0.10799999535083771,0.0,0.10799999535083771,0.0,0.04,xsens:live,0.011839659884572029,-0.01785311847925186,-0.9997705817222595,1.0230343351977556,0.6784864905122482,0.0,0.4931672215461731,6.699275493621826,16.771564483642578,12,can0:12,25.459599000441813,39.27791635613139,0.4972720003024733,6.2817680000080145,12,6.7314677238464355,16.22364044189453,,"BL_hip_joint,BR_hip_joint,FL_hip_joint,FR_hip_joint,BL_thigh_joint,BR_thigh_joint,FL_thigh_joint,FR_thigh_joint,BL_calf_joint,BR_calf_joint,FL_calf_joint,FR_calf_joint",965e94c4cebfc45b9ef609d4a677a5ee35961a895700aad478603f43844b3779,"step=000740 mode=policy vx= 0.072 vy= 0.000 vxy= 0.072 yaw= 0.000 speed=0.04 imu=xsens:live tilt_rp=[+1.0,+0.7]deg imu_corr=0.000 act_max= 0.493 tau_cmd= 6.699 tau_cmd_max= 16.772 cmds=12 bus=can0:12 hz=39.3 tx=0.5ms fb_age=6.3ms fb=12 policy_cmd=[ 0.108, 0.000, 0.000] tau_fb= 6.731 tau_fb_max= 16.224",0.0,0.0,0.0,-0.01931190676987171,0.0025667245499789715,0.009570270776748657,0.011839659884572029,-0.01785311847925186,-0.9997705817222595,0.10799999535083771,0.0,0.0,-0.01764131709933281,-0.036433156579732895,0.0019175345078110695,0.003835069015622139,-0.10316335409879684,0.12425623834133148,-0.10469738394021988,0.09165815263986588,0.08091995865106583,-0.13307689130306244,0.10086231678724289,-0.14343157410621643,-0.07370220124721527,-0.07003998011350632,0.06088442727923393,-0.0027466658502817154,0.00045777764171361923,-0.059053316712379456,0.07644886523485184,-0.0553910955786705,0.04440443217754364,0.0119022186845541,-0.03891110047698021,-0.035248879343271255,0.3676614761352539,-1.1976386308670044,0.07117171585559845,-0.14538824558258057,0.2299911379814148,0.03561466932296753,0.056371938437223434,-2.180788516998291,0.7140482664108276,2.0584909915924072,-3.4070961475372314,-0.6235393285751343,0.3995320498943329,-1.1886159181594849,0.042116884142160416,-0.09063718467950821,0.23430927097797394,0.12125633656978607,-0.04887735843658447,-2.128988265991211,0.7549883723258972,2.041802406311035,-3.405080795288086,-0.6210407614707947,0.0887213796377182,-0.2666264474391937,0.010225880891084671,-0.021612560376524925,0.05243732035160065,0.025122763589024544,-0.008338337764143944,-0.4784867763519287,0.1682121306657791,0.45812076330184937,-0.4931672215461731,-0.13930046558380127,-0.01764131709933281,-0.036433156579732895,0.0019175345078110695,0.003835069015622139,-0.10316335409879684,0.12425623834133148,-0.10469738394021988,0.09165815263986588,0.08091995865106583,-0.13307689130306244,0.10086231678724289,-0.14343157410621643,-0.07370220124721527,-0.07003998011350632,0.06088442727923393,-0.0027466658502817154,0.00045777764171361923,-0.059053316712379456,0.07644886523485184,-0.0553910955786705,0.04440443217754364,0.0119022186845541,-0.03891110047698021,-0.035248879343271255,0.02218034490942955,-0.06665661185979843,0.0025564702227711678,-0.005403140094131231,0.013109330087900162,0.006280691362917423,-0.002084584441035986,-0.11962169408798218,0.04205303266644478,0.0,1.3877787807814457e-17,-0.03482511639595032,0.0,0.0,0.0,0.0,0.0,0.0,0.0,0.0,0.0,0.0,0.0,0.0
2026-07-13_13-51-50,2026-07-13T13:52:11.648,20.743799,policy,760,policy,0.07199999690055847,0.0,0.07199999690055847,0.0,0.10799999535083771,0.0,0.10799999535083771,0.0,0.04,xsens:live,0.013911175541579723,-0.013686427846550941,-0.9998095631599426,0.7842749304929338,0.797152024737363,0.0,1.0870333909988403,6.716118335723877,21.00531768798828,12,can0:12,25.43377399979363,39.317798452094216,0.48533499966652016,6.378637000125309,12,6.555681228637695,19.966428756713867,,"BL_hip_joint,BR_hip_joint,FL_hip_joint,FR_hip_joint,BL_thigh_joint,BR_thigh_joint,FL_thigh_joint,FR_thigh_joint,BL_calf_joint,BR_calf_joint,FL_calf_joint,FR_calf_joint",965e94c4cebfc45b9ef609d4a677a5ee35961a895700aad478603f43844b3779,"step=000760 mode=policy vx= 0.072 vy= 0.000 vxy= 0.072 yaw= 0.000 speed=0.04 imu=xsens:live tilt_rp=[+0.8,+0.8]deg imu_corr=0.000 act_max= 1.087 tau_cmd= 6.716 tau_cmd_max= 21.005 cmds=12 bus=can0:12 hz=39.3 tx=0.5ms fb_age=6.4ms fb=12 policy_cmd=[ 0.108, 0.000, 0.000] tau_fb= 6.556 tau_fb_max= 19.966",0.0,0.0,0.0,-0.025828182697296143,0.0056229536421597,0.018636133521795273,0.013911175541579723,-0.013686427846550941,-0.9998095631599426,0.10799999535083771,0.0,0.0,-0.019558852538466454,-0.050239402800798416,0.011505207046866417,0.018024824559688568,-0.057909540832042694,0.09127464145421982,-0.061361104249954224,0.043336279690265656,0.12233870476484299,-0.1334604024887085,0.10469738394021988,-0.18791837990283966,-0.017853328958153725,-0.04943998530507088,-0.004119998775422573,-0.03891110047698021,0.10483107715845108,-0.04531998559832573,0.0119022186845541,-0.08056886494159698,0.13916440308094025,0.0050355540588498116,0.03433332219719887,-0.13183996081352234,0.28394487500190735,-1.148990511894226,-0.14452889561653137,0.11496085673570633,0.13945305347442627,0.2121635377407074,-0.14072132110595703,-1.774383783340454,0.797829270362854,1.9796215295791626,-3.614260196685791,-0.6258265972137451,0.21822701394557953,-1.15570068359375,-0.1262633353471756,0.14408493041992188,0.11397647112607956,0.18552902340888977,-0.08401233702898026,-1.7982572317123413,0.7151501774787903,2.0125460624694824,-3.610546112060547,-0.5799193978309631,0.1147608608007431,-0.569825291633606,-0.06401000916957855,0.06785107403993607,0.05903228744864464,0.09487973153591156,-0.04787726700305939,-0.8863445520401001,0.36205634474754333,0.9905012249946594,-1.0870333909988403,-0.2922687232494354,-0.019558852538466454,-0.050239402800798416,0.011505207046866417,0.018024824559688568,-0.057909540832042694,0.09127464145421982,-0.061361104249954224,0.043336279690265656,0.12233870476484299,-0.1334604024887085,0.10469738394021988,-0.18791837990283966,-0.017853328958153725,-0.04943998530507088,-0.004119998775422573,-0.03891110047698021,0.10483107715845108,-0.04531998559832573,0.0119022186845541,-0.08056886494159698,0.13916440308094025,0.0050355540588498116,0.03433332219719887,-0.13183996081352234,0.028690215200185776,-0.1424563229084015,-0.016002502292394638,0.016962768509984016,0.01475807186216116,0.02371993288397789,-0.011969316750764847,-0.22158613801002502,0.09051408618688583,0.0,0.0,-0.07306718081235886,0.0,0.0,0.0,0.0,0.0,0.0,0.0,0.0,0.0,0.0,0.0,0.0
2026-07-13_13-51-50,2026-07-13T13:52:12.206,21.302157,policy,780,policy,0.07199999690055847,0.0,0.07199999690055847,0.0,0.10799999535083771,0.0,0.10799999535083771,0.0,0.04,xsens:live,0.0171782486140728,0.0021936288103461266,-0.9998500943183899,-0.12570431478212513,0.9842918701022058,0.0,1.7621904611587524,7.839275360107422,16.759387969970703,12,can0:12,31.136347000028763,32.11680548135837,0.4847589998462354,6.27652000002854,12,6.711325168609619,15.11398696899414,,"BL_hip_joint,BR_hip_joint,FL_hip_joint,FR_hip_joint,BL_thigh_joint,BR_thigh_joint,FL_thigh_joint,FR_thigh_joint,BL_calf_joint,BR_calf_joint,FL_calf_joint,FR_calf_joint",965e94c4cebfc45b9ef609d4a677a5ee35961a895700aad478603f43844b3779,"step=000780 mode=policy vx= 0.072 vy= 0.000 vxy= 0.072 yaw= 0.000 speed=0.04 imu=xsens:live tilt_rp=[-0.1,+1.0]deg imu_corr=0.000 act_max= 1.762 tau_cmd= 7.839 tau_cmd_max= 16.759 cmds=12 bus=can0:12 hz=32.1 tx=0.5ms fb_age=6.3ms fb=12 policy_cmd=[ 0.108, 0.000, 0.000] tau_fb= 6.711 tau_fb_max= 15.114",0.0,0.0,0.0,0.03654882684350014,0.027286265045404434,-0.06773621588945389,0.0171782486140728,0.0021936288103461266,-0.9998500943183899,0.10799999535083771,0.0,0.0,-0.04563732072710991,-0.08437151461839676,0.026078470051288605,0.03183107450604439,-0.011121700517833233,0.057142529636621475,-0.012655727565288544,-0.03413211554288864,0.15838834643363953,-0.13691195845603943,0.1100664809346199,-0.22741958498954773,-0.053559985011816025,0.016479995101690292,-0.0631733164191246,-0.47242653369903564,0.12085329741239548,0.025635547935962677,-0.00045777764171361923,-0.8450575470924377,0.08423108607530594,0.0196844395250082,0.03891110047698021,0.12085329741239548,-0.13443124294281006,-1.3311699628829956,-0.5188503861427307,0.050143904983997345,-0.02225935459136963,0.12237465381622314,0.12434695661067963,-1.392615556716919,0.604713499546051,2.052703619003296,-3.571742057800293,-0.2795024812221527,-0.16175733506679535,-1.419592022895813,-0.6456214189529419,0.3398623466491699,-0.14298786222934723,0.0633595883846283,0.16333572566509247,-1.289039969444275,0.44217756390571594,2.014622688293457,-3.6536755561828613,-0.18402743339538574,-0.11722936481237411,-1.1049591302871704,-0.48226141929626465,0.19383171200752258,-0.0794491171836853,0.06679508090019226,0.11643090844154358,-1.0679019689559937,0.4011232554912567,1.625855565071106,-1.7621904611587524,-0.17900092899799347,-0.04563732072710991,-0.08437151461839676,0.026078470051288605,0.03183107450604439,-0.011121700517833233,0.057142529636621475,-0.012655727565288544,-0.03413211554288864,0.15838834643363953,-0.13691195845603943,0.1100664809346199,-0.22741958498954773,-0.053559985011816025,0.016479995101690292,-0.0631733164191246,-0.47242653369903564,0.12085329741239548,0.025635547935962677,-0.00045777764171361923,-0.8450575470924377,0.08423108607530594,0.0196844395250082,0.03891110047698021,0.12085329741239548,-0.02930734120309353,-0.2762397825717926,-0.12056535482406616,0.048457928001880646,-0.019862279295921326,0.016698770225048065,0.029107727110385895,-0.2669754922389984,0.10028081387281418,0.0,0.0,-0.04475023224949837,0.0,0.0,0.0,0.0,0.0,0.0,0.0,0.0,0.0,0.0,0.0,0.0
2026-07-13_13-51-50,2026-07-13T13:52:12.762,21.858014,policy,800,policy,0.07199999690055847,0.0,0.07199999690055847,0.0,0.10799999535083771,0.0,0.10799999535083771,0.0,0.04,xsens:live,0.032244790345430374,-0.019839540123939514,-0.9992830753326416,1.1373880186452947,1.8481745863308077,0.0,2.0430679321289062,10.862754821777344,17.2388916015625,12,can0:12,25.471056000242243,39.26024896613982,0.4959590000908065,6.275942999764084,12,10.544754981994629,22.815637588500977,,"BL_hip_joint,BR_hip_joint,FL_hip_joint,FR_hip_joint,BL_thigh_joint,BR_thigh_joint,FL_thigh_joint,FR_thigh_joint,BL_calf_joint,BR_calf_joint,FL_calf_joint,FR_calf_joint",965e94c4cebfc45b9ef609d4a677a5ee35961a895700aad478603f43844b3779,"step=000800 mode=policy vx= 0.072 vy= 0.000 vxy= 0.072 yaw= 0.000 speed=0.04 imu=xsens:live tilt_rp=[+1.1,+1.8]deg imu_corr=0.000 act_max= 2.043 tau_cmd= 10.863 tau_cmd_max= 17.239 cmds=12 bus=can0:12 hz=39.3 tx=0.5ms fb_age=6.3ms fb=12 policy_cmd=[ 0.108, 0.000, 0.000] tau_fb= 10.545 tau_fb_max= 22.816",0.0,0.0,0.0,-0.31095001101493835,-0.08058547973632812,0.051415715366601944,0.032244790345430374,-0.019839540123939514,-0.9992830753326416,0.10799999535083771,0.0,0.0,-0.03911770507693291,-0.11428505927324295,-0.025694962590932846,-0.0057526035234332085,0.0057526035234332085,0.01227222103625536,0.05292395129799843,-0.15723782777786255,-0.019558852538466454,-0.13576143980026245,0.16644199192523956,-0.23815777897834778,-0.13779106736183167,-0.08514664322137833,0.28977325558662415,0.6573687195777893,0.20096439123153687,-0.2787865698337555,0.07370220124721527,0.287026584148407,0.24033325910568237,0.4687643051147461,-0.36805322766304016,1.845301628112793,1.0592340230941772,-0.7334914207458496,-1.3574551343917847,-0.0034049004316329956,0.43277063965797424,-0.48292773962020874,1.4001210927963257,0.6743953824043274,0.22119835019111633,1.5823380947113037,-1.5631821155548096,2.954829216003418,0.35012999176979065,-1.1930432319641113,-0.2909109890460968,0.6030728220939636,0.03532303497195244,-0.38926464319229126,0.8976401090621948,-0.09403987228870392,0.20529204607009888,1.7078007459640503,-2.2043516635894775,2.2790417671203613,0.5197849273681641,-1.1051955223083496,-0.6260895729064941,0.4530404210090637,0.09297068417072296,-0.39997369050979614,0.9758962392807007,0.09388270974159241,0.0930735170841217,1.55569326877594,-2.0430679321289062,1.9927412271499634,-0.03911770507693291,-0.11428505927324295,-0.025694962590932846,-0.0057526035234332085,0.0057526035234332085,0.01227222103625536,0.05292395129799843,-0.15723782777786255,-0.019558852538466454,-0.13576143980026245,0.16644199192523956,-0.23815777897834778,-0.13779106736183167,-0.08514664322137833,0.28977325558662415,0.6573687195777893,0.20096439123153687,-0.2787865698337555,0.07370220124721527,0.287026584148407,0.24033325910568237,0.4687643051147461,-0.36805322766304016,1.845301628112793,0.12994623184204102,-0.2762988805770874,-0.2333274930715561,0.11326010525226593,0.02324267104268074,-0.09999342262744904,0.24397405982017517,0.023470677435398102,0.023268379271030426,0.0,0.0,0.0,0.0,0.0,0.0,0.0,0.0,0.0,0.0,0.0,0.0,0.0,0.0,0.0
2026-07-13_13-51-50,2026-07-13T13:52:13.314,22.409507,policy,820,policy,0.07199999690055847,0.0,0.07199999690055847,0.0,0.10799999535083771,0.0,0.10799999535083771,0.0,0.04,xsens:live,0.027779698371887207,0.04482756182551384,-0.9986084699630737,-2.570283581209128,1.5934664438970558,0.0,2.002251148223877,7.5647101402282715,20.421483993530273,12,can0:12,31.09458500011897,32.15994038821145,0.5047600002399122,6.302951999714423,12,6.292001247406006,15.267800331115723,,"BL_hip_joint,BR_hip_joint,FL_hip_joint,FR_hip_joint,BL_thigh_joint,BR_thigh_joint,FL_thigh_joint,FR_thigh_joint,BL_calf_joint,BR_calf_joint,FL_calf_joint,FR_calf_joint",965e94c4cebfc45b9ef609d4a677a5ee35961a895700aad478603f43844b3779,"step=000820 mode=policy vx= 0.072 vy= 0.000 vxy= 0.072 yaw= 0.000 speed=0.04 imu=xsens:live tilt_rp=[-2.6,+1.6]deg imu_corr=0.000 act_max= 2.002 tau_cmd= 7.565 tau_cmd_max= 20.421 cmds=12 bus=can0:12 hz=32.2 tx=0.5ms fb_age=6.3ms fb=12 policy_cmd=[ 0.108, 0.000, 0.000] tau_fb= 6.292 tau_fb_max= 15.268",0.0,0.0,0.0,-0.6181628704071045,0.028439614921808243,0.32983651757240295,0.027779698371887207,0.04482756182551384,-0.9986084699630737,0.10799999535083771,0.0,0.0,-0.09856127202510834,-0.1725781112909317,0.09626023471355438,0.1016293317079544,0.060977596789598465,-0.06366214901208878,0.14880067110061646,-0.18216577172279358,0.04602082818746567,-0.05292395129799843,0.1464996337890625,-0.02109287865459919,0.18448439240455627,-0.1432843953371048,0.5767998099327087,0.713217556476593,-0.013275551609694958,-0.538804292678833,0.016022218391299248,-0.25131991505622864,0.012817773967981339,-1.0881375074386597,0.0874355286359787,-0.06546220183372498,2.238431692123413,-1.178058385848999,1.139644742012024,0.7116764187812805,0.14421631395816803,-0.40993690490722656,-0.048050232231616974,-0.11886221915483475,-0.8891058564186096,-0.3990505337715149,-1.4842584133148193,1.5445064306259155,2.3392977714538574,-1.0362452268600464,1.1345301866531372,0.7308217883110046,0.10703995823860168,-0.5268669128417969,-0.24109646677970886,-0.346402108669281,-1.0569767951965332,-0.2439575046300888,-2.525265693664551,0.4650251567363739,2.002251148223877,-1.0199131965637207,1.0719361305236816,0.7458027005195618,0.11758158355951309,-0.4904462695121765,-0.0833008885383606,-0.22405512630939484,-1.0897533893585205,-0.2646595239639282,-1.8445160388946533,0.9229903221130371,-0.09856127202510834,-0.1725781112909317,0.09626023471355438,0.1016293317079544,0.060977596789598465,-0.06366214901208878,0.14880067110061646,-0.18216577172279358,0.04602082818746567,-0.05292395129799843,0.1464996337890625,-0.02109287865459919,0.18448439240455627,-0.1432843953371048,0.5767998099327087,0.713217556476593,-0.013275551609694958,-0.538804292678833,0.016022218391299248,-0.25131991505622864,0.012817773967981339,-1.0881375074386597,0.0874355286359787,-0.06546220183372498,0.16191700100898743,-0.2549782991409302,0.2679840326309204,0.18645067512989044,0.029395395889878273,-0.12261156737804413,0.012129053473472595,-0.05601378157734871,0.0,-0.06616488099098206,0.0,0.0,0.0,0.0,0.0,0.0,0.0,0.0,0.0,0.0,0.0,0.0,0.0,0.0
2026-07-13_13-51-50,2026-07-13T13:52:13.871,22.966651,policy,840,policy,0.07199999690055847,0.0,0.07199999690055847,0.0,0.10799999535083771,0.0,0.10799999535083771,0.0,0.04,xsens:live,0.03806513920426369,0.009536070749163628,-0.9992297887802124,-0.5467811575268586,2.1815980308469594,0.0,2.1955461502075195,18.85713005065918,24.0,12,can0:12,25.41175700025633,39.351863784543234,0.5138159999660274,6.348619000164035,12,16.139102935791016,24.035158157348633,,"BL_hip_joint,BR_hip_joint,FL_hip_joint,FR_hip_joint,BL_thigh_joint,BR_thigh_joint,FL_thigh_joint,FR_thigh_joint,BL_calf_joint,BR_calf_joint,FL_calf_joint,FR_calf_joint",965e94c4cebfc45b9ef609d4a677a5ee35961a895700aad478603f43844b3779,"step=000840 mode=policy vx= 0.072 vy= 0.000 vxy= 0.072 yaw= 0.000 speed=0.04 imu=xsens:live tilt_rp=[-0.5,+2.2]deg imu_corr=0.000 act_max= 2.196 tau_cmd= 18.857 tau_cmd_max= 24.000 cmds=12 bus=can0:12 hz=39.4 tx=0.5ms fb_age=6.3ms fb=12 policy_cmd=[ 0.108, 0.000, 0.000] tau_fb= 16.139 tau_fb_max= 24.035",0.0,0.0,0.0,-0.2664715349674225,0.3757007122039795,0.32394900918006897,0.03806513920426369,0.009536070749163628,-0.9992297887802124,0.10799999535083771,0.0,0.0,-0.029913539066910744,-0.09357568621635437,0.2845621109008789,0.06673020124435425,0.02416093461215496,-0.20939476788043976,-0.1399800181388855,-0.3378695845603943,0.0559920072555542,-0.3163931965827942,0.26193520426750183,-0.18408331274986267,0.009155552834272385,0.3643909990787506,1.2666707038879395,0.03891110047698021,-0.1670888364315033,0.6999419927597046,-3.529465675354004,-0.34607988595962524,-0.010071108117699623,2.376323699951172,-3.314767837524414,-0.6569108963012695,2.292015552520752,2.7599525451660156,-1.2237262725830078,1.2197494506835938,1.2504962682724,0.6156953573226929,0.9402127265930176,0.83370441198349,-1.3886244297027588,-0.08378992974758148,0.2635958790779114,4.549314975738525,1.4050397872924805,0.47653108835220337,-1.089483380317688,1.1375994682312012,0.6189972162246704,0.3949045240879059,0.2810484766960144,0.6165264844894409,-1.0536928176879883,-0.1678829938173294,-1.537034511566162,3.381804943084717,1.646435260772705,0.9571520090103149,-0.9269700050354004,1.2807776927947998,0.8027282953262329,0.434684693813324,0.410270631313324,0.5858134627342224,-1.224567174911499,-0.13802902400493622,-0.8981313109397888,2.1955461502075195,-0.029913539066910744,-0.09357568621635437,0.2845621109008789,0.06673020124435425,0.02416093461215496,-0.20939476788043976,-0.1399800181388855,-0.3378695845603943,0.0559920072555542,-0.3163931965827942,0.26193520426750183,-0.18408331274986267,0.009155552834272385,0.3643909990787506,1.2666707038879395,0.03891110047698021,-0.1670888364315033,0.6999419927597046,-3.529465675354004,-0.34607988595962524,-0.010071108117699623,2.376323699951172,-3.314767837524414,-0.6569108963012695,0.2704985439777374,0.21660538017749786,0.07276694476604462,0.32019442319869995,0.20598579943180084,0.108671173453331,0.06311998516321182,-0.047226469963788986,0.0,-0.034507256001234055,0.0,0.0,0.0,-1.942890293094024e-15,0.0,0.0,0.0,0.0,0.0,0.0,0.0,0.0,0.0,0.0
2026-07-13_13-51-50,2026-07-13T13:52:14.422,23.518149,policy,860,policy,0.07199999690055847,0.0,0.07199999690055847,0.0,0.10799999535083771,0.0,0.10799999535083771,0.0,0.04,xsens:live,0.03188901022076607,-0.06124715507030487,-0.9976131319999695,3.513190011187612,1.8308537855011953,0.0,2.1484241485595703,13.811137199401855,24.0,12,can0:12,25.532690000090952,39.165477667900944,0.5088560001240694,6.195012000262068,12,12.190619468688965,23.994873046875,,"BL_hip_joint,BR_hip_joint,FL_hip_joint,FR_hip_joint,BL_thigh_joint,BR_thigh_joint,FL_thigh_joint,FR_thigh_joint,BL_calf_joint,BR_calf_joint,FL_calf_joint,FR_calf_joint",965e94c4cebfc45b9ef609d4a677a5ee35961a895700aad478603f43844b3779,"step=000860 mode=policy vx= 0.072 vy= 0.000 vxy= 0.072 yaw= 0.000 speed=0.04 imu=xsens:live tilt_rp=[+3.5,+1.8]deg imu_corr=0.000 act_max= 2.148 tau_cmd= 13.811 tau_cmd_max= 24.000 cmds=12 bus=can0:12 hz=39.2 tx=0.5ms fb_age=6.2ms fb=12 policy_cmd=[ 0.108, 0.000, 0.000] tau_fb= 12.191 tau_fb_max= 23.995",0.0,0.0,0.0,0.208623006939888,-0.12942850589752197,-0.23171305656433105,0.03188901022076607,-0.06124715507030487,-0.9976131319999695,0.10799999535083771,0.0,0.0,-0.02837951108813286,0.1718110889196396,0.04525381326675415,-0.039501212537288666,0.16567498445510864,-0.09626023471355438,-0.0,-0.007670138031244278,0.15416976809501648,-0.07478384673595428,0.11236751824617386,-0.5890666246414185,-0.12268441170454025,0.37675100564956665,-0.12817774713039398,-1.5234839916229248,-0.13092440366744995,0.016022218391299248,-0.06271553784608841,0.3085421323776245,1.3252662420272827,-0.0709555372595787,-0.043946653604507446,0.7429730892181396,-0.48353251814842224,-2.6797423362731934,0.15614767372608185,1.4625248908996582,0.17276865243911743,-2.4192655086517334,2.593968629837036,-0.6700929403305054,-0.999661386013031,0.3973209857940674,1.3872582912445068,4.85497522354126,-0.7915744781494141,-2.0664772987365723,0.2510542571544647,3.2267274856567383,0.3795284330844879,-3.352510929107666,2.596280574798584,-1.664655327796936,-1.9924298524856567,-0.1419103890657425,1.679896354675293,6.020592212677002,-0.5632704496383667,-2.111189126968384,0.0843396931886673,1.7438164949417114,0.2634825110435486,-2.01360821723938,2.1367456912994385,-1.2505909204483032,-1.4885808229446411,0.1450653374195099,1.3436839580535889,2.1484241485595703,-0.02837951108813286,0.1718110889196396,0.04525381326675415,-0.039501212537288666,0.16567498445510864,-0.09626023471355438,-0.0,-0.007670138031244278,0.15416976809501648,-0.07478384673595428,0.11236751824617386,-0.5890666246414185,-0.12268441170454025,0.37675100564956665,-0.12817774713039398,-1.5234839916229248,-0.13092440366744995,0.016022218391299248,-0.06271553784608841,0.3085421323776245,1.3252662420272827,-0.0709555372595787,-0.043946653604507446,0.7429730892181396,-0.03498654067516327,-0.11798856407403946,-0.07340644299983978,0.12663514912128448,0.06587062776088715,-0.32960858941078186,0.29843562841415405,-0.19889739155769348,0.0,0.0,0.1599999964237213,-0.2684745192527771,0.0,0.0,0.0,0.0,0.0,0.0,0.0,0.0,0.0,0.0,0.0,0.0
2026-07-13_13-51-50,2026-07-13T13:52:14.974,24.070341,policy,880,policy,0.07199999690055847,0.0,0.07199999690055847,0.0,0.10799999535083771,0.0,0.10799999535083771,0.0,0.04,xsens:live,0.002510038437321782,0.10820776224136353,-0.9941251873970032,-6.212030513034018,0.14466417820773822,0.0,2.092696189880371,15.189709663391113,24.0,12,can0:12,30.49718100010068,32.78991589408538,0.4945190003127209,6.290536000051361,12,14.34217357635498,23.218481063842773,,"BL_hip_joint,BR_hip_joint,FL_hip_joint,FR_hip_joint,BL_thigh_joint,BR_thigh_joint,FL_thigh_joint,FR_thigh_joint,BL_calf_joint,BR_calf_joint,FL_calf_joint,FR_calf_joint",965e94c4cebfc45b9ef609d4a677a5ee35961a895700aad478603f43844b3779,"step=000880 mode=policy vx= 0.072 vy= 0.000 vxy= 0.072 yaw= 0.000 speed=0.04 imu=xsens:live tilt_rp=[-6.2,+0.1]deg imu_corr=0.000 act_max= 2.093 tau_cmd= 15.190 tau_cmd_max= 24.000 cmds=12 bus=can0:12 hz=32.8 tx=0.5ms fb_age=6.3ms fb=12 policy_cmd=[ 0.108, 0.000, 0.000] tau_fb= 14.342 tau_fb_max= 23.218",0.0,0.0,0.0,0.21143783628940582,-0.1082494929432869,-0.1233324408531189,0.002510038437321782,0.10820776224136353,-0.9941251873970032,0.10799999535083771,0.0,0.0,-0.2389248013496399,-0.13384391367435455,0.25886714458465576,0.13230988383293152,0.2546485960483551,-0.3014364242553711,-0.19673903286457062,-0.018408332020044327,0.022626906633377075,-0.3900265097618103,0.07631787657737732,-0.22358451783657074,0.10940885543823242,0.024262215942144394,-0.3076265752315521,0.23209325969219208,-0.14831995964050293,0.48890653252601624,-0.07049775868654251,0.3003021478652954,0.16937772929668427,0.47837764024734497,0.17120884358882904,0.173955500125885,2.1874449253082275,-1.2468657493591309,0.2960112988948822,1.641965627670288,-0.06204491853713989,-0.6768708229064941,-0.21607771515846252,-1.3496525287628174,-0.626578152179718,-0.15429310500621796,-2.0519957542419434,1.7839703559875488,2.0393118858337402,-0.5761365294456482,-0.12443041801452637,1.6411981582641602,0.5364358425140381,-1.1002458333969116,0.08704686909914017,-2.4804458618164062,-0.7318363189697266,0.36641305685043335,-1.9996771812438965,2.3156094551086426,2.092696189880371,-0.8343410491943359,0.06277851015329361,1.6252819299697876,0.3219089210033417,-0.9398601055145264,-0.00011383369565010071,-1.83099365234375,-0.719775915145874,0.0901336520910263,-2.0343523025512695,2.0633318424224854,-0.2389248013496399,-0.13384391367435455,0.25886714458465576,0.13230988383293152,0.2546485960483551,-0.3014364242553711,-0.19673903286457062,-0.018408332020044327,0.022626906633377075,-0.3900265097618103,0.07631787657737732,-0.22358451783657074,0.10940885543823242,0.024262215942144394,-0.3076265752315521,0.23209325969219208,-0.14831995964050293,0.48890653252601624,-0.07049775868654251,0.3003021478652954,0.16937772929668427,0.47837764024734497,0.17120884358882904,0.173955500125885,0.06424424797296524,-0.2484659105539322,0.02261306345462799,0.4063204824924469,0.06087544560432434,-0.2349650263786316,-2.845749258995056e-05,-0.31031033396720886,0.0,-0.07671082764863968,0.0,0.0,0.0,0.0,0.0,0.0,0.0,0.0,0.0,0.0,0.0,0.0,0.0,0.0
2026-07-13_13-51-50,2026-07-13T13:52:15.533,24.628535,policy,900,policy,0.07199999690055847,0.0,0.07199999690055847,0.0,0.10799999535083771,0.0,0.10799999535083771,0.0,0.04,xsens:live,0.03254382312297821,-0.06979703903198242,-0.9970302581787109,4.004454351720499,1.8695139089138326,0.0,2.19570255279541,13.328338623046875,24.0,12,can0:12,25.596660999781307,39.067595574615915,0.5089520000183256,6.42308700025751,12,8.36512279510498,20.486465454101562,,"BL_hip_joint,BR_hip_joint,FL_hip_joint,FR_hip_joint,BL_thigh_joint,BR_thigh_joint,FL_thigh_joint,FR_thigh_joint,BL_calf_joint,BR_calf_joint,FL_calf_joint,FR_calf_joint",965e94c4cebfc45b9ef609d4a677a5ee35961a895700aad478603f43844b3779,"step=000900 mode=policy vx= 0.072 vy= 0.000 vxy= 0.072 yaw= 0.000 speed=0.04 imu=xsens:live tilt_rp=[+4.0,+1.9]deg imu_corr=0.000 act_max= 2.196 tau_cmd= 13.328 tau_cmd_max= 24.000 cmds=12 bus=can0:12 hz=39.1 tx=0.5ms fb_age=6.4ms fb=12 policy_cmd=[ 0.108, 0.000, 0.000] tau_fb= 8.365 tau_fb_max= 20.486",0.0,0.0,0.0,-0.5380483269691467,0.03208891302347183,0.28921744227409363,0.03254382312297821,-0.06979703903198242,-0.9970302581787109,0.10799999535083771,0.0,0.0,0.05522499233484268,-0.029146524146199226,0.03835069015622139,-0.015340276062488556,0.23278868198394775,-0.2880136966705322,-0.011505207046866417,-0.4448679983615875,0.16874302923679352,-0.08743957430124283,0.10277985036373138,-0.15570379793643951,-0.17853328585624695,-0.6674398183822632,2.065034866333008,0.17166662216186523,0.8844264149665833,-0.38361766934394836,1.7162083387374878,0.2069154977798462,3.4342479705810547,0.3167821168899536,-0.4454176425933838,-1.2881863117218018,-1.4469048976898193,-2.18542742729187,0.08869834244251251,-4.890871524810791,0.438179612159729,-0.9435378313064575,-0.03805041313171387,4.956010341644287,2.868499994277954,3.025542736053467,-7.5164408683776855,-6.461056709289551,-1.3550645112991333,-2.0465164184570312,-0.5042386054992676,-4.7184600830078125,0.15397503972053528,-1.29672372341156,0.5875511765480042,5.089779376983643,3.383938789367676,3.3263683319091797,-8.281250953674316,-6.774611473083496,-1.292839765548706,-2.0729281902313232,-0.27348750829696655,-2.1840784549713135,0.31960272789001465,-1.1137096881866455,0.4216335117816925,2.1838817596435547,2.150939702987671,2.1664159297943115,-2.19570255279541,-2.172971248626709,0.05522499233484268,-0.029146524146199226,0.03835069015622139,-0.015340276062488556,0.23278868198394775,-0.2880136966705322,-0.011505207046866417,-0.4448679983615875,0.16874302923679352,-0.08743957430124283,0.10277985036373138,-0.15570379793643951,-0.17853328585624695,-0.6674398183822632,2.065034866333008,0.17166662216186523,0.8844264149665833,-0.38361766934394836,1.7162083387374878,0.2069154977798462,3.4342479705810547,0.3167821168899536,-0.4454176425933838,-1.2881863117218018,-0.13082386553287506,-0.34766143560409546,-0.04123743623495102,-0.31077975034713745,0.08455738425254822,-0.2734566926956177,0.10540837794542313,-0.1390175223350525,0.3999999761581421,0.0,0.0,-0.3999999761581421,0.0,0.0,0.0,0.0,0.0,0.0,0.0,0.0,0.0,0.0,0.0,0.0
2026-07-13_13-51-50,2026-07-13T13:52:16.079,25.174484,policy,920,policy,0.07199999690055847,0.0,0.07199999690055847,0.0,0.10799999535083771,0.0,0.10799999535083771,0.0,0.04,xsens:live,0.05408015847206116,-0.0496114045381546,-0.9973034262657166,2.847862319909579,3.1039029755297602,0.0,2.1994872093200684,12.717223167419434,24.0,12,can0:12,30.936976999782928,32.32377875857155,0.5088560001240694,6.386541000210855,12,11.68767261505127,24.130374908447266,,"BL_hip_joint,BR_hip_joint,FL_hip_joint,FR_hip_joint,BL_thigh_joint,BR_thigh_joint,FL_thigh_joint,FR_thigh_joint,BL_calf_joint,BR_calf_joint,FL_calf_joint,FR_calf_joint",965e94c4cebfc45b9ef609d4a677a5ee35961a895700aad478603f43844b3779,"step=000920 mode=policy vx= 0.072 vy= 0.000 vxy= 0.072 yaw= 0.000 speed=0.04 imu=xsens:live tilt_rp=[+2.8,+3.1]deg imu_corr=0.000 act_max= 2.199 tau_cmd= 12.717 tau_cmd_max= 24.000 cmds=12 bus=can0:12 hz=32.3 tx=0.5ms fb_age=6.4ms fb=12 policy_cmd=[ 0.108, 0.000, 0.000] tau_fb= 11.688 tau_fb_max= 24.130",0.0,0.0,0.0,-0.14874935150146484,-0.008223951794207096,-0.19240231812000275,0.05408015847206116,-0.0496114045381546,-0.9973034262657166,0.10799999535083771,0.0,0.0,0.09817776829004288,0.0279960036277771,0.09395918995141983,-0.09817776829004288,-0.2500464916229248,-0.2650032639503479,0.26807132363319397,0.3432386815547943,0.2044091820716858,-0.009971179068088531,0.10047880560159683,-0.21054528653621674,0.45594653487205505,-0.07003998011350632,-0.65324866771698,-0.16937772929668427,-0.06912442296743393,0.07599108666181564,0.31449323892593384,0.14145329594612122,-0.02929776906967163,0.08514664322137833,2.317728281021118,0.009613330475986004,0.351654589176178,0.06538601964712143,-0.7625696063041687,0.5430862903594971,0.5180407166481018,-0.7056260108947754,0.7463893890380859,-3.949012279510498,0.13198933005332947,1.303167700767517,0.4025306701660156,3.199336528778076,-0.38201141357421875,-0.16061623394489288,-0.6880960464477539,0.8032668828964233,0.5427618026733398,-0.9669958353042603,1.154334306716919,-3.7764830589294434,-0.42143186926841736,1.4767897129058838,-0.14395025372505188,2.588155508041382,-0.1168203204870224,-0.10866768658161163,-0.7111998200416565,0.7114778757095337,0.5287333726882935,-0.8696444034576416,1.0096824169158936,-2.1994872093200684,-0.23295319080352783,1.427743673324585,0.06292963773012161,2.1991963386535645,0.09817776829004288,0.0279960036277771,0.09395918995141983,-0.09817776829004288,-0.2500464916229248,-0.2650032639503479,0.26807132363319397,0.3432386815547943,0.2044091820716858,-0.009971179068088531,0.10047880560159683,-0.21054528653621674,0.45594653487205505,-0.07003998011350632,-0.65324866771698,-0.16937772929668427,-0.06912442296743393,0.07599108666181564,0.31449323892593384,0.14145329594612122,-0.02929776906967163,0.08514664322137833,2.317728281021118,0.009613330475986004,0.013919346034526825,-0.02716692164540291,-0.17779995501041412,0.17786946892738342,0.04821288585662842,-0.2174111008644104,0.2524206042289734,0.04696833714842796,2.7755575615628914e-17,0.0,0.03178378939628601,0.0,0.0,0.0,0.0,0.0,0.0,0.0,0.0,0.0,0.0,0.0,0.0,0.0
2026-07-13_13-51-50,2026-07-13T13:52:16.637,25.732534,policy,940,policy,0.07199999690055847,0.0,0.07199999690055847,0.0,0.10799999535083771,0.0,0.10799999535083771,0.0,0.04,xsens:live,0.02954843081533909,-0.07687539607286453,-0.9966028332710266,4.410915281941091,1.6982738680013219,0.0,2.1999998092651367,11.565075874328613,24.0,12,can0:12,25.381068000115192,39.399445287151096,0.5250799999885203,6.332842000119854,12,9.508041381835938,23.269752502441406,,"BL_hip_joint,BR_hip_joint,FL_hip_joint,FR_hip_joint,BL_thigh_joint,BR_thigh_joint,FL_thigh_joint,FR_thigh_joint,BL_calf_joint,BR_calf_joint,FL_calf_joint,FR_calf_joint",965e94c4cebfc45b9ef609d4a677a5ee35961a895700aad478603f43844b3779,"step=000940 mode=policy vx= 0.072 vy= 0.000 vxy= 0.072 yaw= 0.000 speed=0.04 imu=xsens:live tilt_rp=[+4.4,+1.7]deg imu_corr=0.000 act_max= 2.200 tau_cmd= 11.565 tau_cmd_max= 24.000 cmds=12 bus=can0:12 hz=39.4 tx=0.5ms fb_age=6.3ms fb=12 policy_cmd=[ 0.108, 0.000, 0.000] tau_fb= 9.508 tau_fb_max= 23.270",0.0,0.0,0.0,-0.8597017526626587,0.004459173418581486,-0.022894149646162987,0.02954843081533909,-0.07687539607286453,-0.9966028332710266,0.10799999535083771,0.0,0.0,0.06212811917066574,0.009204166010022163,-0.022243401035666466,-0.003835069015622139,-0.1633739322423935,-0.3152426779270172,0.2565661072731018,0.27382391691207886,0.13269339501857758,-0.005369096528738737,0.1054643988609314,-0.21207931637763977,-1.191595196723938,-1.0533463954925537,1.2204351425170898,0.6266975998878479,0.04669332131743431,0.3639332354068756,0.08239997923374176,-0.02471999265253544,0.19501326978206635,0.3401287794113159,-0.19455549120903015,0.6372264623641968,2.084388256072998,1.0702354907989502,-2.3767507076263428,-0.9213662147521973,0.951575517654419,-0.32852956652641296,1.5416951179504395,-3.0969879627227783,0.2971659004688263,1.8146889209747314,0.3440743684768677,5.269155979156494,1.6198420524597168,0.8017399311065674,-1.714707851409912,-0.4374610185623169,0.620652437210083,0.018070288002490997,0.4074569344520569,-2.9034523963928223,0.15871167182922363,1.244457483291626,0.4245961308479309,3.4728481769561768,1.5366220474243164,0.7016374468803406,-1.653562307357788,-0.4263608455657959,0.6778086423873901,-0.1268196702003479,0.7298672795295715,-2.1999998092651367,0.17088356614112854,1.3883205652236938,0.38073158264160156,2.195598602294922,0.06212811917066574,0.009204166010022163,-0.022243401035666466,-0.003835069015622139,-0.1633739322423935,-0.3152426779270172,0.2565661072731018,0.27382391691207886,0.13269339501857758,-0.005369096528738737,0.1054643988609314,-0.21207931637763977,-1.191595196723938,-1.0533463954925537,1.2204351425170898,0.6266975998878479,0.04669332131743431,0.3639332354068756,0.08239997923374176,-0.02471999265253544,0.19501326978206635,0.3401287794113159,-0.19455549120903015,0.6372264623641968,0.17944149672985077,0.03148569166660309,-0.23857618868350983,-0.022041648626327515,0.13807043433189392,-0.031704917550086975,0.18246681988239288,-0.027016177773475647,0.042720891535282135,0.0,0.09518289566040039,0.0,0.0,0.0,0.0,0.0,0.0,0.0,0.0,2.1371793224034263e-15,0.0,0.0,0.0,0.0
2026-07-13_13-51-50,2026-07-13T13:52:17.187,26.282721,policy,960,policy,0.07199999690055847,0.0,0.07199999690055847,0.0,0.10799999535083771,0.0,0.10799999535083771,0.0,0.04,xsens:live,0.024776475504040718,-0.012528837658464909,-0.9996145367622375,0.7180887307071129,1.4198441758730105,0.0,2.1999998092651367,13.887863159179688,24.0,12,can0:12,25.73385200003031,38.85932040018036,0.5162810002730112,6.334955000056652,12,10.941494941711426,23.434553146362305,,"BL_hip_joint,BR_hip_joint,FL_hip_joint,FR_hip_joint,BL_thigh_joint,BR_thigh_joint,FL_thigh_joint,FR_thigh_joint,BL_calf_joint,BR_calf_joint,FL_calf_joint,FR_calf_joint",965e94c4cebfc45b9ef609d4a677a5ee35961a895700aad478603f43844b3779,"step=000960 mode=policy vx= 0.072 vy= 0.000 vxy= 0.072 yaw= 0.000 speed=0.04 imu=xsens:live tilt_rp=[+0.7,+1.4]deg imu_corr=0.000 act_max= 2.200 tau_cmd= 13.888 tau_cmd_max= 24.000 cmds=12 bus=can0:12 hz=38.9 tx=0.5ms fb_age=6.3ms fb=12 policy_cmd=[ 0.108, 0.000, 0.000] tau_fb= 10.941 tau_fb_max= 23.435",0.0,0.0,0.0,0.724791944026947,-0.11236371099948883,0.21197430789470673,0.024776475504040718,-0.012528837658464909,-0.9996145367622375,0.10799999535083771,0.0,0.0,0.050239402800798416,-0.12118817865848541,-0.030297044664621353,0.02070937305688858,-0.03374860808253288,-0.47094646096229553,0.18715137243270874,0.04410329461097717,0.12655727565288544,-0.39884716272354126,0.20479267835617065,-0.28149405121803284,0.36896878480911255,-0.00595110934227705,0.19455549120903015,-0.23987548053264618,0.7077242136001587,-1.3747062683105469,-0.3643909990787506,-0.7031464576721191,0.08102664351463318,-1.658986210823059,-3.848078966140747,0.4211554229259491,1.1246190071105957,-0.013486884534358978,0.5654264092445374,1.981722116470337,0.3864861726760864,-0.4231436848640442,0.5471537709236145,0.5086171627044678,-0.9350746273994446,-0.9433279037475586,1.410088062286377,3.2288942337036133,1.085737943649292,0.21893897652626038,0.24110504984855652,1.6296416521072388,0.31385117769241333,0.17704066634178162,0.3087940812110901,0.8787873387336731,-0.4337649643421173,-0.21792690455913544,1.6804749965667725,3.2158446311950684,1.1344958543777466,0.08276154100894928,0.30919986963272095,1.7482142448425293,0.3623255789279938,-0.16629362106323242,0.3775755763053894,0.5824741721153259,-0.6848931908607483,-0.533816933631897,1.4372891187667847,2.1999998092651367,0.050239402800798416,-0.12118817865848541,-0.030297044664621353,0.02070937305688858,-0.03374860808253288,-0.47094646096229553,0.18715137243270874,0.04410329461097717,0.12655727565288544,-0.39884716272354126,0.20479267835617065,-0.28149405121803284,0.36896878480911255,-0.00595110934227705,0.19455549120903015,-0.23987548053264618,0.7077242136001587,-1.3747062683105469,-0.3643909990787506,-0.7031464576721191,0.08102664351463318,-1.658986210823059,-3.848078966140747,0.4211554229259491,0.28362396359443665,0.02069038897752762,0.07729996740818024,0.31427308917045593,0.09058139473199844,-0.21776507794857025,0.09439389407634735,-0.05315922200679779,0.0,-0.20236198604106903,0.21825478971004486,0.0,0.0,0.0,0.0,0.0,0.0,0.0,0.0,0.0,0.0,0.0,0.0,0.0
2026-07-13_13-51-50,2026-07-13T13:52:17.744,26.840079,policy,980,policy,0.07199999690055847,0.0,0.07199999690055847,0.0,0.10799999535083771,0.0,0.10799999535083771,0.0,0.04,xsens:live,0.024841640144586563,0.031138978898525238,-0.9992063641548157,-1.7849714535864785,1.4241582624215714,0.0,2.197042942047119,13.429133415222168,24.0,12,can0:12,30.60345799985953,32.67604595547961,0.497112000175548,6.407053000202723,12,10.07019329071045,21.81585121154785,,"BL_hip_joint,BR_hip_joint,FL_hip_joint,FR_hip_joint,BL_thigh_joint,BR_thigh_joint,FL_thigh_joint,FR_thigh_joint,BL_calf_joint,BR_calf_joint,FL_calf_joint,FR_calf_joint",965e94c4cebfc45b9ef609d4a677a5ee35961a895700aad478603f43844b3779,"step=000980 mode=policy vx= 0.072 vy= 0.000 vxy= 0.072 yaw= 0.000 speed=0.04 imu=xsens:live tilt_rp=[-1.8,+1.4]deg imu_corr=0.000 act_max= 2.197 tau_cmd= 13.429 tau_cmd_max= 24.000 cmds=12 bus=can0:12 hz=32.7 tx=0.5ms fb_age=6.4ms fb=12 policy_cmd=[ 0.108, 0.000, 0.000] tau_fb= 10.070 tau_fb_max= 21.816",0.0,0.0,0.0,0.681291401386261,-1.2856090068817139,0.5122390389442444,0.024841640144586563,0.031138978898525238,-0.9992063641548157,0.10799999535083771,0.0,0.0,0.1054643988609314,-0.21514737606048584,-0.09741075336933136,0.026078470051288605,0.20671021938323975,-0.18139876425266266,-0.266920804977417,-0.0970272421836853,0.07248280197381973,-0.41763901710510254,0.18715137243270874,-0.23393921554088593,1.0492264032363892,1.1037019491195679,2.2481460571289062,-1.3005462884902954,0.33005768060684204,1.1444441080093384,0.9480574727058411,-0.6569108963012695,-0.6752220392227173,-0.5452131628990173,-2.4266793727874756,0.20279549062252045,0.7614828944206238,1.222461223602295,3.1204519271850586,-0.5713064074516296,1.072577953338623,-0.8369272947311401,1.201824426651001,-3.3624966144561768,0.17421665787696838,2.250098466873169,-4.451507568359375,0.49132612347602844,0.10357065498828888,2.4896819591522217,3.3028647899627686,0.08062382787466049,1.5577064752578735,-1.3928673267364502,1.7780020236968994,-3.9489192962646484,2.001741409301758,3.2451536655426025,-4.018830299377441,0.6790709495544434,0.4197995066642761,1.664435863494873,2.1963582038879395,-0.1690366566181183,1.326541543006897,-1.1056575775146484,1.540075659751892,-2.181241989135742,1.2197506427764893,1.8414174318313599,-2.197042942047119,0.5883349776268005,0.1054643988609314,-0.21514737606048584,-0.09741075336933136,0.026078470051288605,0.20671021938323975,-0.18139876425266266,-0.266920804977417,-0.0970272421836853,0.07248280197381973,-0.41763901710510254,0.18715137243270874,-0.23393921554088593,1.0492264032363892,1.1037019491195679,2.2481460571289062,-1.3005462884902954,0.33005768060684204,1.1444441080093384,0.9480574727058411,-0.6569108963012695,-0.6752220392227173,-0.5452131628990173,-2.4266793727874756,0.20279549062252045,0.20579849183559418,0.04991878569126129,0.24836981296539307,-0.04225916415452957,0.30289962887763977,-0.18018949031829834,0.05931108444929123,-0.41525259613990784,0.07999999821186066,-0.13247206807136536,0.0,0.0,0.0,0.0,0.0,0.0,0.0,0.0,0.0,1.1102230246251565e-15,0.0,0.0,0.0,0.0
2026-07-13_13-51-50,2026-07-13T13:52:18.306,27.401879,policy,1000,policy,0.07199999690055847,0.0,0.07199999690055847,0.0,0.10799999535083771,0.0,0.10799999535083771,0.0,0.04,xsens:live,0.06211730092763901,-0.014291038736701012,-0.9979665279388428,0.8204285591998213,3.5617161960295025,0.0,2.147033214569092,12.496379852294922,24.0,12,can0:12,26.035433999823,38.40919264133636,0.5280569998831197,6.380332999924576,12,10.606403350830078,24.141361236572266,,"BL_hip_joint,BR_hip_joint,FL_hip_joint,FR_hip_joint,BL_thigh_joint,BR_thigh_joint,FL_thigh_joint,FR_thigh_joint,BL_calf_joint,BR_calf_joint,FL_calf_joint,FR_calf_joint",965e94c4cebfc45b9ef609d4a677a5ee35961a895700aad478603f43844b3779,"step=001000 mode=policy vx= 0.072 vy= 0.000 vxy= 0.072 yaw= 0.000 speed=0.04 imu=xsens:live tilt_rp=[+0.8,+3.6]deg imu_corr=0.000 act_max= 2.147 tau_cmd= 12.496 tau_cmd_max= 24.000 cmds=12 bus=can0:12 hz=38.4 tx=0.5ms fb_age=6.4ms fb=12 policy_cmd=[ 0.108, 0.000, 0.000] tau_fb= 10.606 tau_fb_max= 24.141",0.0,0.0,0.0,0.28724145889282227,0.05547776073217392,0.016780944541096687,0.06211730092763901,-0.014291038736701012,-0.9979665279388428,0.10799999535083771,0.0,0.0,0.10469738394021988,-0.0011505207512527704,0.15647082030773163,-0.16452446579933167,0.1595388650894165,-0.20172463357448578,0.10853245109319687,-0.21859893202781677,0.060977596789598465,-0.09472620487213135,0.3470737338066101,-0.15532030165195465,0.20737327635288239,-0.34470656514167786,-0.095675528049469,-0.4834131896495819,-0.03021332435309887,-0.06729331612586975,-0.7942442297935486,-0.005493331700563431,-0.6756798028945923,0.7992797493934631,-1.3609728813171387,0.4774620831012726,0.578205943107605,-1.3433173894882202,-0.9357770681381226,1.1001110076904297,0.29608988761901855,-0.8840440511703491,1.7271251678466797,-0.43411606550216675,1.0450996160507202,1.4508790969848633,-2.646946668624878,0.4265259802341461,0.23892483115196228,-1.314647912979126,-1.1122530698776245,0.9100026488304138,0.4388284385204315,-0.8122729063034058,1.9583760499954224,-0.08534783869981766,2.0133583545684814,2.039682388305664,-3.1125240325927734,-0.013453759253025055,0.443996787071228,-1.3097374439239502,-1.0497417449951172,1.0048224925994873,0.3849327266216278,-0.8156821727752686,1.6808078289031982,-0.2512906491756439,1.5008968114852905,1.7317914962768555,-2.147033214569092,0.22232063114643097,0.10469738394021988,-0.0011505207512527704,0.15647082030773163,-0.16452446579933167,0.1595388650894165,-0.20172463357448578,0.10853245109319687,-0.21859893202781677,0.060977596789598465,-0.09472620487213135,0.3470737338066101,-0.15532030165195465,0.20737327635288239,-0.34470656514167786,-0.095675528049469,-0.4834131896495819,-0.03021332435309887,-0.06729331612586975,-0.7942442297935486,-0.005493331700563431,-0.6756798028945923,0.7992797493934631,-1.3609728813171387,0.4774620831012726,0.16072210669517517,-0.3107902705669403,-0.14632056653499603,0.12234198302030563,0.09623318165540695,-0.20392054319381714,0.15989908576011658,-0.06282266229391098,0.1599999964237213,0.0,0.009486684575676918,0.0,0.0,0.0,0.0,0.0,0.0,0.0,0.0,0.0,0.0,0.0,1.3322676295501878e-15,0.0
2026-07-13_13-51-50,2026-07-13T13:52:18.856,27.951610,pose,1020,stand,0.0,0.0,0.0,0.0,0.0,0.0,0.0,0.0,0.04,xsens:live,0.06433819234371185,0.07293197512626648,-0.9952595233917236,-4.191106542527301,3.6987184693645556,0.0,0.0,11.618308067321777,23.552967071533203,12,can0:12,31.237280000368628,32.01303058359112,0.4651420003938256,6.299561000105314,12,11.294289588928223,22.149112701416016,,"BL_hip_joint,BR_hip_joint,FL_hip_joint,FR_hip_joint,BL_thigh_joint,BR_thigh_joint,FL_thigh_joint,FR_thigh_joint,BL_calf_joint,BR_calf_joint,FL_calf_joint,FR_calf_joint",965e94c4cebfc45b9ef609d4a677a5ee35961a895700aad478603f43844b3779,"step=001020 mode=stand  vx= 0.000 vy= 0.000 vxy= 0.000 yaw= 0.000 speed=0.04 imu=xsens:live tilt_rp=[-4.2,+3.7]deg imu_corr=0.000 act_max= 0.000 tau_cmd= 11.618 tau_cmd_max= 23.553 cmds=12 bus=can0:12 hz=32.0 tx=0.5ms fb_age=6.3ms fb=12 tau_fb= 11.294 tau_fb_max= 22.149",,,,,,,,,,,,,,,,,,,,,,,,,,,,,,,,,,,,,,,,,,,,,,,,,0.0,0.0,0.0,0.0,0.0,0.0,0.0,0.0,0.0,0.0,0.0,0.0,0.0,0.0,0.0,0.0,0.0,0.0,0.0,0.0,0.0,0.0,0.0,0.0,-0.16299043595790863,-0.07708488404750824,0.18446682393550873,-0.08974061161279678,-0.08091995865106583,-0.34208816289901733,0.27190640568733215,-0.05330745875835419,0.04832186922430992,-0.2753579616546631,0.11581908166408539,-0.5303900241851807,1.009399652481079,0.9292886257171631,-1.7203283309936523,-0.7008575797080994,1.1938841342926025,-1.9071016311645508,-0.395519882440567,-1.0885952711105347,-0.3730887770652771,-2.5191502571105957,-0.8757286071777344,0.026551103219389915,0.1537076234817505,-0.23048283159732819,-0.11219798028469086,0.0473053902387619,-0.02674947679042816,-0.41486048698425293,-0.012636164203286171,-0.23548771440982819,0.0,-0.3019217252731323,0.11892609298229218,-0.2350904792547226,0.0,0.0,0.0,0.0,0.0,0.0,0.0,0.0,0.0,0.0,0.0,0.0
2026-07-13_13-51-50,2026-07-13T13:52:19.385,28.481062,pose,1040,stand,0.0,0.0,0.0,0.0,0.0,0.0,0.0,0.0,0.04,xsens:live,0.001589969266206026,-0.09149179607629776,-0.9958045482635498,5.249441556056554,0.0914822605039491,0.0,0.0,9.7883882522583,22.46628189086914,12,can0:12,24.935958000241953,40.10273036192542,0.45797400025548995,6.2798159997328185,12,9.851373672485352,21.482589721679688,,"BL_hip_joint,BR_hip_joint,FL_hip_joint,FR_hip_joint,BL_thigh_joint,BR_thigh_joint,FL_thigh_joint,FR_thigh_joint,BL_calf_joint,BR_calf_joint,FL_calf_joint,FR_calf_joint",965e94c4cebfc45b9ef609d4a677a5ee35961a895700aad478603f43844b3779,"step=001040 mode=stand  vx= 0.000 vy= 0.000 vxy= 0.000 yaw= 0.000 speed=0.04 imu=xsens:live tilt_rp=[+5.2,+0.1]deg imu_corr=0.000 act_max= 0.000 tau_cmd= 9.788 tau_cmd_max= 22.466 cmds=12 bus=can0:12 hz=40.1 tx=0.5ms fb_age=6.3ms fb=12 tau_fb= 9.851 tau_fb_max= 21.483",,,,,,,,,,,,,,,,,,,,,,,,,,,,,,,,,,,,,,,,,,,,,,,,,0.0,0.0,0.0,0.0,0.0,0.0,0.0,0.0,0.0,0.0,0.0,0.0,0.0,0.0,0.0,0.0,0.0,0.0,0.0,0.0,0.0,0.0,0.0,0.0,-0.11160051077604294,-0.17564615607261658,0.08552204072475433,-0.1921369582414627,0.010738193057477474,-0.6304853558540344,0.06557968258857727,-0.332116961479187,0.012655727565288544,-0.2481289654970169,0.2032586634159088,-0.3405541181564331,0.20966215431690216,-0.17715995013713837,0.10437330603599548,0.016937773674726486,-0.03433332219719887,0.10254219174385071,0.08606220036745071,-0.11810663342475891,-0.009613330475986004,0.42527541518211365,-0.05767998471856117,-0.16205328702926636,0.1284489929676056,-0.1926078051328659,-0.09376059472560883,0.03953173756599426,-0.02235376089811325,-0.34668684005737305,-0.01055967528373003,-0.19679023325443268,0.0,-0.2523072063922882,0.09938307851552963,-0.19645828008651733,0.0,0.0,0.0,0.0,0.0,0.0,0.0,0.0,0.0,0.0,0.0,0.0
2026-07-13_13-51-50,2026-07-13T13:52:19.929,29.024886,pose,1060,stand,0.0,0.0,0.0,0.0,0.0,0.0,0.0,0.0,0.04,xsens:live,0.0099457623437047,-0.09518340975046158,-0.9954100847244263,5.462147134417775,0.5724587815802873,0.0,0.0,9.779295921325684,24.0,12,can0:12,30.7588890000261,32.51092716642501,0.47960700021576486,6.3163299996631395,12,9.474165916442871,23.863033294677734,,"BL_hip_joint,BR_hip_joint,FL_hip_joint,FR_hip_joint,BL_thigh_joint,BR_thigh_joint,FL_thigh_joint,FR_thigh_joint,BL_calf_joint,BR_calf_joint,FL_calf_joint,FR_calf_joint",965e94c4cebfc45b9ef609d4a677a5ee35961a895700aad478603f43844b3779,"step=001060 mode=stand  vx= 0.000 vy= 0.000 vxy= 0.000 yaw= 0.000 speed=0.04 imu=xsens:live tilt_rp=[+5.5,+0.6]deg imu_corr=0.000 act_max= 0.000 tau_cmd= 9.779 tau_cmd_max= 24.000 cmds=12 bus=can0:12 hz=32.5 tx=0.5ms fb_age=6.3ms fb=12 tau_fb= 9.474 tau_fb_max= 23.863",,,,,,,,,,,,,,,,,,,,,,,,,,,,,,,,,,,,,,,,,,,,,,,,,0.0,0.0,0.0,0.0,0.0,0.0,0.0,0.0,0.0,0.0,0.0,0.0,0.0,0.0,0.0,0.0,0.0,0.0,0.0,0.0,0.0,0.0,0.0,0.0,-0.09741075336933136,-0.14113053679466248,0.0885900929570198,-0.19673903286457062,-0.011888713575899601,-0.5929016470909119,0.043719787150621414,-0.29913538694381714,0.01380624808371067,-0.18446682393550873,0.18906889855861664,-0.31409215927124023,0.010528885759413242,0.04303110018372536,0.06820886582136154,-0.016937773674726486,-0.06271553784608841,0.10162663459777832,-0.14145329594612122,0.16067995131015778,-0.032044436782598495,0.07599108666181564,-0.08835108578205109,0.27512437105178833,0.0735740214586258,-0.11032340675592422,-0.05370492488145828,0.022643299773335457,-0.012803961522877216,-0.28994661569595337,-0.006048453506082296,-0.11271905153989792,0.0,-0.14451849460601807,0.056925415992736816,-0.11252891272306442,0.0,0.0,0.0,0.0,0.0,0.0,0.0,0.0,0.0,0.0,0.0,0.0
2026-07-13_13-51-50,2026-07-13T13:52:20.477,29.573227,policy,1080,policy,-0.07199999690055847,0.0,0.07199999690055847,0.0,-0.10799999535083771,0.0,0.10799999535083771,0.0,0.04,xsens:live,0.01759508065879345,-0.049298956990242004,-0.998629093170166,2.8262053880979283,1.009403359529823,0.0,0.10023505240678787,8.08320140838623,24.0,12,can0:12,25.44218999992154,39.304792551391365,0.4907749998892541,6.302729000253748,12,7.970824718475342,22.551958084106445,,"BL_hip_joint,BR_hip_joint,FL_hip_joint,FR_hip_joint,BL_thigh_joint,BR_thigh_joint,FL_thigh_joint,FR_thigh_joint,BL_calf_joint,BR_calf_joint,FL_calf_joint,FR_calf_joint",965e94c4cebfc45b9ef609d4a677a5ee35961a895700aad478603f43844b3779,"step=001080 mode=policy vx=-0.072 vy= 0.000 vxy= 0.072 yaw= 0.000 speed=0.04 imu=xsens:live tilt_rp=[+2.8,+1.0]deg imu_corr=0.000 act_max= 0.100 tau_cmd= 8.083 tau_cmd_max= 24.000 cmds=12 bus=can0:12 hz=39.3 tx=0.5ms fb_age=6.3ms fb=12 policy_cmd=[-0.108, 0.000, 0.000] tau_fb= 7.971 tau_fb_max= 22.552",0.0,0.0,0.0,-0.041475895792245865,0.03461763262748718,-0.14632941782474518,0.01759508065879345,-0.049298956990242004,-0.998629093170166,-0.10799999535083771,0.0,0.0,-0.05138992518186569,-0.029146524146199226,0.1119840145111084,-0.18216577172279358,-0.05484148859977722,-0.4253091514110565,-0.026078470051288605,-0.12003766000270844,0.051006417721509933,0.00421857601031661,0.0989447832107544,-0.12195519357919693,0.04852443188428879,0.16251106560230255,-0.031128879636526108,-0.0119022186845541,-0.3016754686832428,0.35386210680007935,-0.26642659306526184,0.32776880264282227,-0.032044436782598495,-0.09750663489103317,0.03707998991012573,-0.013733329251408577,0.6667696237564087,-0.05267690494656563,-1.372564435005188,3.1177892684936523,0.11643555760383606,-2.0493581295013428,0.9911389946937561,-0.37673598527908325,-1.503032922744751,-1.615942120552063,1.119109034538269,4.987881660461426,0.7525611519813538,-0.03204605355858803,-1.440954327583313,3.158658504486084,0.10668916255235672,-2.0539214611053467,1.0018501281738281,-0.39193642139434814,-1.4622787237167358,-1.5908325910568237,1.1275125741958618,5.106311798095703,0.03420498967170715,-0.0014812208246439695,-0.06558464467525482,0.10023505240678787,0.004870520438998938,-0.09357453882694244,0.045635078102350235,-0.017841674387454987,-0.06666349619626999,-0.07250552624464035,0.05136389657855034,0.10023505240678787,-0.05138992518186569,-0.029146524146199226,0.1119840145111084,-0.18216577172279358,-0.05484148859977722,-0.4253091514110565,-0.026078470051288605,-0.12003766000270844,0.051006417721509933,0.00421857601031661,0.0989447832107544,-0.12195519357919693,0.04852443188428879,0.16251106560230255,-0.031128879636526108,-0.0119022186845541,-0.3016754686832428,0.35386210680007935,-0.26642659306526184,0.32776880264282227,-0.032044436782598495,-0.09750663489103317,0.03707998991012573,-0.013733329251408577,0.008551247417926788,-0.0003703052061609924,-0.016396161168813705,0.025058763101696968,0.0012176301097497344,-0.11541763693094254,0.011408769525587559,-0.004460418596863747,0.0,-0.018126381561160088,0.012840974144637585,-1.3877787807814457e-17,0.0,0.0,0.0,0.0,0.0,0.0,0.0,0.0,0.0,0.0,0.0,0.0
2026-07-13_13-51-50,2026-07-13T13:52:21.033,30.128850,policy,1100,policy,-0.07199999690055847,0.0,0.07199999690055847,0.0,-0.10799999535083771,0.0,0.10799999535083771,0.0,0.04,xsens:live,0.03424695506691933,-0.02145974151790142,-0.9991830587387085,1.2303687562306502,1.9630418355973474,0.0,0.4685085415840149,9.969743728637695,21.59855079650879,12,can0:12,31.88473399995928,31.36297138314772,0.5040559999542893,6.42475100039519,12,9.969176292419434,20.907621383666992,,"BL_hip_joint,BR_hip_joint,FL_hip_joint,FR_hip_joint,BL_thigh_joint,BR_thigh_joint,FL_thigh_joint,FR_thigh_joint,BL_calf_joint,BR_calf_joint,FL_calf_joint,FR_calf_joint",965e94c4cebfc45b9ef609d4a677a5ee35961a895700aad478603f43844b3779,"step=001100 mode=policy vx=-0.072 vy= 0.000 vxy= 0.072 yaw= 0.000 speed=0.04 imu=xsens:live tilt_rp=[+1.2,+2.0]deg imu_corr=0.000 act_max= 0.469 tau_cmd= 9.970 tau_cmd_max= 21.599 cmds=12 bus=can0:12 hz=31.4 tx=0.5ms fb_age=6.4ms fb=12 policy_cmd=[-0.108, 0.000, 0.000] tau_fb= 9.969 tau_fb_max= 20.908",0.0,0.0,0.0,-0.02446770668029785,0.006627291906625032,0.02184137888252735,0.03424695506691933,-0.02145974151790142,-0.9991830587387085,-0.10799999535083771,0.0,0.0,-0.011121700517833233,0.023393921554088593,0.11927064508199692,-0.15416976809501648,-0.17027705907821655,-0.2818775773048401,-0.13652846217155457,0.03528263419866562,0.08015294373035431,-0.03566614165902138,0.11160051077604294,-0.13269339501857758,-0.05172887444496155,0.03387554734945297,-0.09979552775621414,0.04257332161068916,-0.1272621899843216,0.08056886494159698,-0.16067995131015778,0.10711997002363205,-0.06500442326068878,-0.027466658502817154,0.07507553696632385,0.00595110934227705,1.061188817024231,-0.14169743657112122,-1.71152925491333,2.872253656387329,0.211246058344841,-1.4419467449188232,1.1344603300094604,0.17778460681438446,-1.2975846529006958,-0.4506968855857849,0.6135414838790894,4.993244647979736,1.1322959661483765,-0.14312061667442322,-1.723756194114685,2.831381320953369,0.13253843784332275,-1.368371605873108,1.138924241065979,0.405948281288147,-1.2343186140060425,-0.44243311882019043,0.5784996747970581,4.956800937652588,0.23967507481575012,-0.030431505292654037,-0.3669443726539612,0.4685085415840149,0.029904747381806374,-0.29297593235969543,0.24233490228652954,0.0812264159321785,-0.26410001516342163,-0.09442756325006485,0.12409065663814545,0.4685085415840149,-0.011121700517833233,0.023393921554088593,0.11927064508199692,-0.15416976809501648,-0.17027705907821655,-0.2818775773048401,-0.13652846217155457,0.03528263419866562,0.08015294373035431,-0.03566614165902138,0.11160051077604294,-0.13269339501857758,-0.05172887444496155,0.03387554734945297,-0.09979552775621414,0.04257332161068916,-0.1272621899843216,0.08056886494159698,-0.16067995131015778,0.10711997002363205,-0.06500442326068878,-0.027466658502817154,0.07507553696632385,0.00595110934227705,0.05991876870393753,-0.007607876323163509,-0.0917360931634903,0.11712713539600372,0.007476186845451593,-0.07324398308992386,0.060583725571632385,0.020306603983044624,0.0,-0.023606890812516212,0.03102266415953636,0.0,0.0,0.0,0.0,0.0,0.0,0.0,0.0,0.0,0.0,0.0,0.0,0.0
2026-07-13_13-51-50,2026-07-13T13:52:21.588,30.683492,policy,1120,policy,-0.07199999690055847,0.0,0.07199999690055847,0.0,-0.10799999535083771,0.0,0.10799999535083771,0.0,0.04,xsens:live,0.03462721407413483,-0.022226983681321144,-0.9991531372070312,1.2743815677656183,1.9848804062346677,0.0,1.0536830425262451,11.191864013671875,24.0,12,can0:12,25.53841899998588,39.15669172788468,0.5013040004087088,6.222789000275952,12,11.240882873535156,24.2146053314209,,"BL_hip_joint,BR_hip_joint,FL_hip_joint,FR_hip_joint,BL_thigh_joint,BR_thigh_joint,FL_thigh_joint,FR_thigh_joint,BL_calf_joint,BR_calf_joint,FL_calf_joint,FR_calf_joint",965e94c4cebfc45b9ef609d4a677a5ee35961a895700aad478603f43844b3779,"step=001120 mode=policy vx=-0.072 vy= 0.000 vxy= 0.072 yaw= 0.000 speed=0.04 imu=xsens:live tilt_rp=[+1.3,+2.0]deg imu_corr=0.000 act_max= 1.054 tau_cmd= 11.192 tau_cmd_max= 24.000 cmds=12 bus=can0:12 hz=39.2 tx=0.5ms fb_age=6.2ms fb=12 policy_cmd=[-0.108, 0.000, 0.000] tau_fb= 11.241 tau_fb_max= 24.215",0.0,0.0,0.0,0.007609278429299593,0.0004909932031296194,-0.0003203749656677246,0.03462721407413483,-0.022226983681321144,-0.9991531372070312,-0.10799999535083771,0.0,0.0,-0.00076701381476596,0.022626906633377075,0.10009530186653137,-0.15416976809501648,-0.17679667472839355,-0.2845621109008789,-0.13576143980026245,0.043336279690265656,0.08015294373035431,-0.057909540832042694,0.14113053679466248,-0.13115936517715454,-0.028839992359280586,-0.0013733329251408577,-0.0196844395250082,-0.0196844395250082,0.0315866582095623,-0.029755547642707825,0.07553330808877945,0.005493331700563431,0.008697775192558765,0.032044436782598495,0.020142216235399246,0.02471999265253544,1.1094170808792114,-0.24167302250862122,-1.5864551067352295,2.781780958175659,-0.05366608500480652,-1.1357260942459106,1.007454752922058,0.5831441283226013,-1.2577743530273438,-0.4102722406387329,0.4846958518028259,4.599340915679932,1.1495646238327026,-0.21725589036941528,-1.5975483655929565,2.7389461994171143,-0.030865974724292755,-1.0863137245178223,0.9679663777351379,0.6078507304191589,-1.2039449214935303,-0.42624861001968384,0.5403845906257629,4.605212211608887,0.5470480918884277,-0.10619258135557175,-0.7641770839691162,1.0536830425262451,-0.017210083082318306,-0.5243815779685974,0.4681752622127533,0.2905888259410858,-0.5816038250923157,-0.20213818550109863,0.2535586357116699,1.0536830425262451,-0.00076701381476596,0.022626906633377075,0.10009530186653137,-0.15416976809501648,-0.17679667472839355,-0.2845621109008789,-0.13576143980026245,0.043336279690265656,0.08015294373035431,-0.057909540832042694,0.14113053679466248,-0.13115936517715454,-0.028839992359280586,-0.0013733329251408577,-0.0196844395250082,-0.0196844395250082,0.0315866582095623,-0.029755547642707825,0.07553330808877945,0.005493331700563431,0.008697775192558765,0.032044436782598495,0.020142216235399246,0.02471999265253544,0.13676202297210693,-0.026548145338892937,-0.19104427099227905,0.1454492062330246,-0.0043025207705795765,-0.13109539449214935,0.11704381555318832,0.07264720648527145,0.0,-0.05053454637527466,0.06338965892791748,0.0,0.0,0.0,0.0,0.0,0.0,0.0,0.0,0.0,0.0,0.0,0.0,0.0
2026-07-13_13-51-50,2026-07-13T13:52:22.138,31.233516,policy,1140,policy,-0.07199999690055847,0.0,0.07199999690055847,0.0,-0.10799999535083771,0.0,0.10799999535083771,0.0,0.04,xsens:live,0.03384630009531975,-0.04467814043164253,-0.9984279274940491,2.5621902316167477,1.9415600818970062,0.0,1.7306348085403442,12.5492525100708,24.0,12,can0:12,31.2823379999827,31.966920119607206,0.49627999987933435,6.196964000082517,12,12.518997192382812,24.22925567626953,,"BL_hip_joint,BR_hip_joint,FL_hip_joint,FR_hip_joint,BL_thigh_joint,BR_thigh_joint,FL_thigh_joint,FR_thigh_joint,BL_calf_joint,BR_calf_joint,FL_calf_joint,FR_calf_joint",965e94c4cebfc45b9ef609d4a677a5ee35961a895700aad478603f43844b3779,"step=001140 mode=policy vx=-0.072 vy= 0.000 vxy= 0.072 yaw= 0.000 speed=0.04 imu=xsens:live tilt_rp=[+2.6,+1.9]deg imu_corr=0.000 act_max= 1.731 tau_cmd= 12.549 tau_cmd_max= 24.000 cmds=12 bus=can0:12 hz=32.0 tx=0.5ms fb_age=6.2ms fb=12 policy_cmd=[-0.108, 0.000, 0.000] tau_fb= 12.519 tau_fb_max= 24.229",0.0,0.0,0.0,0.032345205545425415,0.0015012921066954732,0.03940686583518982,0.03384630009531975,-0.04467814043164253,-0.9984279274940491,-0.10799999535083771,0.0,0.0,0.026845483109354973,0.02761249616742134,0.05445798113942146,-0.19827306270599365,-0.16299043595790863,-0.31485915184020996,-0.11275102943181992,0.019558852538466454,0.08015294373035431,-0.07018176466226578,0.18254928290843964,-0.12655727565288544,-0.022431105375289917,-0.07461775839328766,-0.056764427572488785,-0.07736442238092422,0.04623554274439812,-0.09704886376857758,0.010986663401126862,-0.050355542451143265,0.025177771225571632,-0.04852443188428879,0.11169774830341339,0.007782219909131527,0.965290904045105,-0.43904152512550354,-1.0886409282684326,2.7052910327911377,0.06633304804563522,-0.8670828342437744,0.8348941802978516,0.6053814888000488,-1.1212446689605713,-0.2674087882041931,0.3772221803665161,3.757404327392578,0.9775266051292419,-0.42433983087539673,-1.0528427362442017,2.699888229370117,0.07177946716547012,-0.8276729583740234,0.8218960165977478,0.6416354775428772,-1.0928544998168945,-0.2653449773788452,0.3929436206817627,3.714226484298706,0.7685427069664001,-0.3375774621963501,-0.8462996482849121,1.7306348085403442,0.05429234728217125,-0.6576797366142273,0.6468426585197449,0.4937327206134796,-0.8654687404632568,-0.20848892629146576,0.30849021673202515,1.7306348085403442,0.026845483109354973,0.02761249616742134,0.05445798113942146,-0.19827306270599365,-0.16299043595790863,-0.31485915184020996,-0.11275102943181992,0.019558852538466454,0.08015294373035431,-0.07018176466226578,0.18254928290843964,-0.12655727565288544,-0.022431105375289917,-0.07461775839328766,-0.056764427572488785,-0.07736442238092422,0.04623554274439812,-0.09704886376857758,0.010986663401126862,-0.050355542451143265,0.025177771225571632,-0.04852443188428879,0.11169774830341339,0.007782219909131527,0.19213567674160004,-0.08439436554908752,-0.21157491207122803,0.09975971281528473,0.013573086820542812,-0.16441993415355682,0.16171066462993622,0.1234331801533699,0.0,-0.05212223157286644,0.07712255418300629,0.0,0.0,0.0,0.0,0.0,0.0,0.0,0.0,0.0,0.0,0.0,0.0,0.0
2026-07-13_13-51-50,2026-07-13T13:52:22.696,31.791835,policy,1160,policy,-0.07199999690055847,0.0,0.07199999690055847,0.0,-0.10799999535083771,0.0,0.10799999535083771,0.0,0.04,xsens:live,0.032780278474092484,-0.04961926490068436,-0.9982301592826843,2.845672831243041,1.880825690941081,0.0,2.179107666015625,13.46694278717041,24.0,12,can0:12,25.68024999982299,38.94043087613605,0.5029359999753069,6.313738000244484,12,13.293251991271973,24.005859375,,"BL_hip_joint,BR_hip_joint,FL_hip_joint,FR_hip_joint,BL_thigh_joint,BR_thigh_joint,FL_thigh_joint,FR_thigh_joint,BL_calf_joint,BR_calf_joint,FL_calf_joint,FR_calf_joint",965e94c4cebfc45b9ef609d4a677a5ee35961a895700aad478603f43844b3779,"step=001160 mode=policy vx=-0.072 vy= 0.000 vxy= 0.072 yaw= 0.000 speed=0.04 imu=xsens:live tilt_rp=[+2.8,+1.9]deg imu_corr=0.000 act_max= 2.179 tau_cmd= 13.467 tau_cmd_max= 24.000 cmds=12 bus=can0:12 hz=38.9 tx=0.5ms fb_age=6.3ms fb=12 policy_cmd=[-0.108, 0.000, 0.000] tau_fb= 13.293 tau_fb_max= 24.006",0.0,0.0,0.0,0.0015906990738585591,0.0019587576389312744,-0.01598447747528553,0.032780278474092484,-0.04961926490068436,-0.9982301592826843,-0.10799999535083771,0.0,0.0,0.026078470051288605,0.011121700517833233,0.05138992518186569,-0.20862776041030884,-0.14995120465755463,-0.3397871255874634,-0.09626023471355438,-0.0,0.08015294373035431,-0.08130346238613129,0.19827306270599365,-0.12157168984413147,-0.028839992359280586,-0.009613330475986004,-0.03891110047698021,-0.004119998775422573,0.043946653604507446,0.02288888208568096,0.02288888208568096,0.07003998011350632,-0.051271095871925354,0.016479995101690292,-0.047151096165180206,0.007782219909131527,0.9028108716011047,-0.5747791528701782,-0.7942249178886414,2.675900936126709,0.1297740638256073,-0.7039433717727661,0.5652015209197998,0.565895676612854,-0.9516760110855103,-0.13551925122737885,0.14913718402385712,3.013339042663574,0.8790552616119385,-0.5731896162033081,-0.8316341042518616,2.644073486328125,0.1241200715303421,-0.6959449052810669,0.5338839888572693,0.5061195492744446,-0.9294659495353699,-0.08069588243961334,0.10998688638210297,2.9505298137664795,0.8763896226882935,-0.5671952366828918,-0.80105060338974,2.179107666015625,0.12230335175991058,-0.69873046875,0.542530357837677,0.5231189131736755,-0.9348661303520203,-0.1056428849697113,0.12606970965862274,2.179107666015625,0.026078470051288605,0.011121700517833233,0.05138992518186569,-0.20862776041030884,-0.14995120465755463,-0.3397871255874634,-0.09626023471355438,-0.0,0.08015294373035431,-0.08130346238613129,0.19827306270599365,-0.12157168984413147,-0.028839992359280586,-0.009613330475986004,-0.03891110047698021,-0.004119998775422573,0.043946653604507446,0.02288888208568096,0.02288888208568096,0.07003998011350632,-0.051271095871925354,0.016479995101690292,-0.047151096165180206,0.007782219909131527,0.21909740567207336,-0.14179880917072296,-0.200262650847435,0.09141924977302551,0.030575837939977646,-0.1746826171875,0.13563258945941925,0.13077972829341888,0.0,-0.026410721242427826,0.031517427414655685,0.0,0.0,0.0,0.0,0.0,0.0,0.0,0.0,0.0,0.0,0.0,0.0,0.0
2026-07-13_13-51-50,2026-07-13T13:52:23.247,32.342818,policy,1180,policy,-0.07199999690055847,0.0,0.07199999690055847,0.0,-0.10799999535083771,0.0,0.10799999535083771,0.0,0.04,xsens:live,0.03366846591234207,-0.03350256383419037,-0.9988714456558228,1.9210041461969036,1.930509628346313,0.0,2.1999592781066895,12.09839153289795,24.0,12,can0:12,25.59794199987664,39.06564051144499,0.5177200000616722,6.374797000262333,12,12.0496244430542,26.792810440063477,,"BL_hip_joint,BR_hip_joint,FL_hip_joint,FR_hip_joint,BL_thigh_joint,BR_thigh_joint,FL_thigh_joint,FR_thigh_joint,BL_calf_joint,BR_calf_joint,FL_calf_joint,FR_calf_joint",965e94c4cebfc45b9ef609d4a677a5ee35961a895700aad478603f43844b3779,"step=001180 mode=policy vx=-0.072 vy= 0.000 vxy= 0.072 yaw= 0.000 speed=0.04 imu=xsens:live tilt_rp=[+1.9,+1.9]deg imu_corr=0.000 act_max= 2.200 tau_cmd= 12.098 tau_cmd_max= 24.000 cmds=12 bus=can0:12 hz=39.1 tx=0.5ms fb_age=6.4ms fb=12 policy_cmd=[-0.108, 0.000, 0.000] tau_fb= 12.050 tau_fb_max= 26.793",0.0,0.0,0.0,-0.09709745645523071,0.05831048637628555,-0.09122193604707718,0.03366846591234207,-0.03350256383419037,-0.9988714456558228,-0.10799999535083771,0.0,0.0,-0.016490796580910683,-0.009971179068088531,0.07708488404750824,-0.17411212623119354,-0.1725781112909317,-0.2715228796005249,-0.1549367904663086,0.03144756704568863,0.15225224196910858,-0.04410329461097717,0.1418975591659546,-0.21898244321346283,-0.14740440249443054,-0.07507553696632385,0.39231544733047485,0.3886532187461853,-0.09979552775621414,0.21790215373039246,-0.3561510145664215,0.1419110745191574,0.18814660608768463,0.0119022186845541,0.023346660658717155,-0.9613330364227295,-0.1137683093547821,-0.6678536534309387,-3.4169485569000244,1.2700541019439697,0.5301095247268677,0.6321361064910889,-0.8970006108283997,-0.20563454926013947,0.4892207086086273,1.3204153776168823,-2.290571689605713,-0.6582830548286438,-0.23753726482391357,-0.5865685343742371,-3.645291805267334,1.2238212823867798,0.6058136224746704,0.6778364181518555,-0.8722490072250366,-0.208958238363266,0.49781253933906555,1.3451662063598633,-2.261291742324829,-0.6060155630111694,-0.16913218796253204,-0.6225913166999817,-2.1999592781066895,1.2494876384735107,0.5651136636734009,0.6483833193778992,-0.8608776330947876,-0.20368456840515137,0.4827556610107422,1.3412383794784546,-2.1999053955078125,-0.6219814419746399,-0.016490796580910683,-0.009971179068088531,0.07708488404750824,-0.17411212623119354,-0.1725781112909317,-0.2715228796005249,-0.1549367904663086,0.03144756704568863,0.15225224196910858,-0.04410329461097717,0.1418975591659546,-0.21898244321346283,-0.14740440249443054,-0.07507553696632385,0.39231544733047485,0.3886532187461853,-0.09979552775621414,0.21790215373039246,-0.3561510145664215,0.1419110745191574,0.18814660608768463,0.0119022186845541,0.023346660658717155,-0.9613330364227295,-0.04228304699063301,-0.15564782917499542,-0.21228674054145813,0.13673613965511322,0.12483782321214676,0.03462972864508629,-0.2152194082736969,-0.05092114210128784,0.12068891525268555,0.0,0.0,-0.15549536049365997,0.0,0.0,0.0,0.0,0.0,0.0,0.0,0.0,0.0,0.0,0.0,0.0
2026-07-13_13-51-50,2026-07-13T13:52:23.805,32.900510,policy,1200,policy,-0.07199999690055847,0.0,0.07199999690055847,0.0,-0.10799999535083771,0.0,0.10799999535083771,0.0,0.04,xsens:live,0.04757426306605339,0.02766069956123829,-0.9984846711158752,-1.5868406926627212,2.7278782309822813,0.0,2.199897289276123,15.309576988220215,24.0,12,can0:12,31.071095999777754,32.184252528689456,0.49410300016461406,6.399918000170146,12,11.958678245544434,22.775352478027344,,"BL_hip_joint,BR_hip_joint,FL_hip_joint,FR_hip_joint,BL_thigh_joint,BR_thigh_joint,FL_thigh_joint,FR_thigh_joint,BL_calf_joint,BR_calf_joint,FL_calf_joint,FR_calf_joint",965e94c4cebfc45b9ef609d4a677a5ee35961a895700aad478603f43844b3779,"step=001200 mode=policy vx=-0.072 vy= 0.000 vxy= 0.072 yaw= 0.000 speed=0.04 imu=xsens:live tilt_rp=[-1.6,+2.7]deg imu_corr=0.000 act_max= 2.200 tau_cmd= 15.310 tau_cmd_max= 24.000 cmds=12 bus=can0:12 hz=32.2 tx=0.5ms fb_age=6.4ms fb=12 policy_cmd=[-0.108, 0.000, 0.000] tau_fb= 11.959 tau_fb_max= 22.775",0.0,0.0,0.0,-0.22201687097549438,-0.07604061812162399,0.005561858415603638,0.04757426306605339,0.02766069956123829,-0.9984846711158752,-0.10799999535083771,0.0,0.0,-0.03566614165902138,0.14343157410621643,0.07363332808017731,-0.03873419761657715,0.22933712601661682,-0.22128348052501678,-0.4022987484931946,0.07708488404750824,0.07401683181524277,-0.03374860808253288,0.2584836483001709,-0.30373746156692505,-0.5433820486068726,-0.731070876121521,-0.5012665390968323,0.4344309866428375,-0.2449110448360443,0.7054353356361389,1.1677907705307007,0.5433820486068726,-0.3639332354068756,2.8785057067871094,2.1950438022613525,1.730857253074646,0.614797055721283,0.10571964830160141,-1.1325788497924805,1.5941858291625977,-0.28858456015586853,-0.9234023094177246,2.7016608715057373,4.269731044769287,-0.3692665994167328,-0.1863325983285904,1.1396092176437378,4.287632942199707,1.0968992710113525,0.15363293886184692,-1.0822718143463135,1.1207897663116455,-0.34650087356567383,-1.0059731006622314,2.0494678020477295,4.038397789001465,-0.29793471097946167,-0.35916411876678467,1.143161416053772,4.068131923675537,0.8450936079025269,0.15712079405784607,-1.0692270994186401,1.3318989276885986,-0.32557323575019836,-0.9712841510772705,2.1019883155822754,2.199759006500244,-0.3266979157924652,-0.2782539427280426,1.1074742078781128,2.199897289276123,-0.03566614165902138,0.14343157410621643,0.07363332808017731,-0.03873419761657715,0.22933712601661682,-0.22128348052501678,-0.4022987484931946,0.07708488404750824,0.07401683181524277,-0.03374860808253288,0.2584836483001709,-0.30373746156692505,-0.5433820486068726,-0.731070876121521,-0.5012665390968323,0.4344309866428375,-0.2449110448360443,0.7054353356361389,1.1677907705307007,0.5433820486068726,-0.3639332354068756,2.8785057067871094,2.1950438022613525,1.730857253074646,0.14416886866092682,0.03928019851446152,-0.24031181633472443,0.27337294816970825,-0.077558234333992,-0.24282103776931763,-0.07002418488264084,0.3921881914138794,0.0,-0.06956348568201065,0.2768685519695282,0.0,0.0,0.0,0.0,0.0,0.0,0.0,0.0,0.0,0.0,0.0,0.0,0.0
2026-07-13_13-51-50,2026-07-13T13:52:24.361,33.456696,policy,1220,policy,-0.07199999690055847,0.0,0.07199999690055847,0.0,-0.10799999535083771,0.0,0.10799999535083771,0.0,0.04,xsens:live,0.07266094535589218,-0.09311243891716003,-0.9930007457733154,5.356889990627093,4.18505123828402,0.0,2.1999287605285645,12.122340202331543,22.248640060424805,12,can0:12,25.491376999980275,39.228951813814284,0.4951920000166865,6.25475800006825,12,8.176825523376465,18.102359771728516,,"BL_hip_joint,BR_hip_joint,FL_hip_joint,FR_hip_joint,BL_thigh_joint,BR_thigh_joint,FL_thigh_joint,FR_thigh_joint,BL_calf_joint,BR_calf_joint,FL_calf_joint,FR_calf_joint",965e94c4cebfc45b9ef609d4a677a5ee35961a895700aad478603f43844b3779,"step=001220 mode=policy vx=-0.072 vy= 0.000 vxy= 0.072 yaw= 0.000 speed=0.04 imu=xsens:live tilt_rp=[+5.4,+4.2]deg imu_corr=0.000 act_max= 2.200 tau_cmd= 12.122 tau_cmd_max= 22.249 cmds=12 bus=can0:12 hz=39.2 tx=0.5ms fb_age=6.3ms fb=12 policy_cmd=[-0.108, 0.000, 0.000] tau_fb= 8.177 tau_fb_max= 18.102",0.0,0.0,0.0,-0.5819917917251587,-0.19983355700969696,0.7898519039154053,0.07266094535589218,-0.09311243891716003,-0.9930007457733154,-0.10799999535083771,0.0,0.0,-0.051006417721509933,0.07670138031244278,0.01687430404126644,-0.06404565274715424,0.03183107450604439,-0.18868540227413177,-0.1921369582414627,0.5365261435508728,0.13115936517715454,-0.1185036301612854,0.27765899896621704,-0.21629789471626282,-3.605456590652466,-0.6990264654159546,0.13962218165397644,-2.147892713546753,-0.6212042570114136,-2.1144750118255615,-0.28061768412590027,-2.916043519973755,0.9169285893440247,-1.3985106945037842,-1.007110834121704,-1.4731284379959106,0.1289781779050827,0.3120131492614746,0.44836336374282837,-1.593792200088501,0.7695497274398804,1.3305010795593262,-0.8554678559303284,-2.515601634979248,1.0343495607376099,0.7297510504722595,-2.6710598468780518,-0.7725286483764648,0.3493923544883728,-0.8576658964157104,1.495816707611084,-0.1961798071861267,0.6608037948608398,2.3063440322875977,-2.30755615234375,-2.746579647064209,0.7872578501701355,0.6863276362419128,-3.89284086227417,-1.1169203519821167,0.0028929561376571655,-0.5661895275115967,1.148345708847046,-0.7595628499984741,0.7148233652114868,1.7055814266204834,-1.4389334917068481,-2.1999287605285645,0.8416249752044678,0.7874177694320679,-2.185899496078491,-1.134697437286377,-0.051006417721509933,0.07670138031244278,0.01687430404126644,-0.06404565274715424,0.03183107450604439,-0.18868540227413177,-0.1921369582414627,0.5365261435508728,0.13115936517715454,-0.1185036301612854,0.27765899896621704,-0.21629789471626282,-3.605456590652466,-0.6990264654159546,0.13962218165397644,-2.147892713546753,-0.6212042570114136,-2.1144750118255615,-0.28061768412590027,-2.916043519973755,0.9169285893440247,-1.3985106945037842,-1.007110834121704,-1.4731284379959106,-0.08015148341655731,-0.14154738187789917,0.2057606726884842,-0.27363866567611694,0.1787058413028717,-0.08973832428455353,-0.0722670704126358,0.17807833850383759,0.21040624380111694,0.0,0.0,-0.28367435932159424,0.0,0.0,0.0,0.0,0.0,0.0,0.0,0.0,0.0,0.0,0.0,0.0
2026-07-13_13-51-50,2026-07-13T13:52:24.912,34.007804,policy,1240,policy,-0.07199999690055847,0.0,0.07199999690055847,0.0,-0.10799999535083771,0.0,0.10799999535083771,0.0,0.04,xsens:live,0.11120825260877609,0.014775333926081657,-0.9936872720718384,-0.8518795772999248,6.385670744845531,0.0,2.198781728744507,9.423907279968262,24.0,12,can0:12,31.25628899988442,31.993561359881777,0.49755899999581743,6.31812199981141,12,7.42911958694458,21.420331954956055,,"BL_hip_joint,BR_hip_joint,FL_hip_joint,FR_hip_joint,BL_thigh_joint,BR_thigh_joint,FL_thigh_joint,FR_thigh_joint,BL_calf_joint,BR_calf_joint,FL_calf_joint,FR_calf_joint",965e94c4cebfc45b9ef609d4a677a5ee35961a895700aad478603f43844b3779,"step=001240 mode=policy vx=-0.072 vy= 0.000 vxy= 0.072 yaw= 0.000 speed=0.04 imu=xsens:live tilt_rp=[-0.9,+6.4]deg imu_corr=0.000 act_max= 2.199 tau_cmd= 9.424 tau_cmd_max= 24.000 cmds=12 bus=can0:12 hz=32.0 tx=0.5ms fb_age=6.3ms fb=12 policy_cmd=[-0.108, 0.000, 0.000] tau_fb= 7.429 tau_fb_max= 21.420",0.0,0.0,0.0,0.3289796710014343,0.129707932472229,0.2787255346775055,0.11120825260877609,0.014775333926081657,-0.9936872720718384,-0.10799999535083771,0.0,0.0,0.0905076265335083,-0.03758367523550987,0.2044091820716858,-0.3528263568878174,0.15340276062488556,0.01380624808371067,-0.5246374607086182,-0.04870537668466568,0.03528263419866562,-0.1399800181388855,0.10853245109319687,-0.1576213389635086,-1.04464852809906,-0.7786797881126404,-0.07370220124721527,0.143742173910141,-0.23438215255737305,-0.0636310949921608,-0.3968932032585144,-0.4994353950023651,-0.04303110018372536,-0.6546220183372498,-0.23621326684951782,-1.9808038473129272,0.32271337509155273,-0.2757203280925751,0.18415994942188263,2.4525201320648193,0.3058582544326782,0.18513047695159912,-0.9799717664718628,-0.06977156549692154,-0.7282000184059143,-0.34468281269073486,-1.9330673217773438,-0.4426382780075073,1.4404054880142212,0.2882997989654541,0.10625624656677246,2.669297933578491,0.23763854801654816,-0.03807498514652252,-0.5345889925956726,0.8120423555374146,-0.4094226360321045,-0.6803335547447205,-0.599188506603241,0.4926005005836487,1.0386351346969604,0.07495806366205215,0.13429203629493713,2.198781728744507,0.235039621591568,0.0530233271420002,-0.7308588027954102,0.4722578227519989,-0.5032424926757812,-0.5756092667579651,-1.0777883529663086,0.1252126842737198,0.0905076265335083,-0.03758367523550987,0.2044091820716858,-0.3528263568878174,0.15340276062488556,0.01380624808371067,-0.5246374607086182,-0.04870537668466568,0.03528263419866562,-0.1399800181388855,0.10853245109319687,-0.1576213389635086,-1.04464852809906,-0.7786797881126404,-0.07370220124721527,0.143742173910141,-0.23438215255737305,-0.0636310949921608,-0.3968932032585144,-0.4994353950023651,-0.04303110018372536,-0.6546220183372498,-0.23621326684951782,-1.9808038473129272,0.15312252938747406,-0.0003120005130767822,0.03357300907373428,-0.04871313273906708,0.058759905397892,0.013255830854177475,-0.23539169132709503,0.040307361632585526,0.0,-0.14390231668949127,0.0,-0.0592697411775589,0.0,0.0,0.0,0.0,0.0,0.0,0.0,0.0,0.0,0.0,0.0,0.0
2026-07-13_13-51-50,2026-07-13T13:52:25.469,34.565172,policy,1260,policy,-0.07199999690055847,0.0,0.07199999690055847,0.0,-0.10799999535083771,0.0,0.10799999535083771,0.0,0.04,xsens:live,0.10880393534898758,0.014782448299229145,-0.9939533472061157,-0.852061580684967,6.24705736257836,0.0,2.1999998092651367,11.310687065124512,24.0,12,can0:12,25.666042000011657,38.96198720470986,0.5114479999974719,6.318089000160398,12,9.540696144104004,23.9765625,,"BL_hip_joint,BR_hip_joint,FL_hip_joint,FR_hip_joint,BL_thigh_joint,BR_thigh_joint,FL_thigh_joint,FR_thigh_joint,BL_calf_joint,BR_calf_joint,FL_calf_joint,FR_calf_joint",965e94c4cebfc45b9ef609d4a677a5ee35961a895700aad478603f43844b3779,"step=001260 mode=policy vx=-0.072 vy= 0.000 vxy= 0.072 yaw= 0.000 speed=0.04 imu=xsens:live tilt_rp=[-0.9,+6.2]deg imu_corr=0.000 act_max= 2.200 tau_cmd= 11.311 tau_cmd_max= 24.000 cmds=12 bus=can0:12 hz=39.0 tx=0.5ms fb_age=6.3ms fb=12 policy_cmd=[-0.108, 0.000, 0.000] tau_fb= 9.541 tau_fb_max= 23.977",0.0,0.0,0.0,0.06399676948785782,0.022792071104049683,0.06699339300394058,0.10880393534898758,0.014782448299229145,-0.9939533472061157,-0.10799999535083771,0.0,0.0,0.00843715202063322,-0.10316335409879684,0.1998070925474167,-0.3217622935771942,0.06788071990013123,0.011505207046866417,-0.5537839531898499,-0.01418975554406643,0.043719787150621414,-0.30757254362106323,0.1035468652844429,-0.13844598829746246,-0.5360575914382935,-0.4206976592540741,0.3671376705169678,0.17120884358882904,-0.1359599530696869,0.1185644119977951,0.1574755162000656,0.05630664899945259,-0.07370220124721527,0.12863551080226898,0.07507553696632385,-0.05264442786574364,-0.42706918716430664,-0.22096556425094604,0.41086408495903015,3.5999691486358643,-0.11807404458522797,-0.09965790063142776,-0.22568386793136597,0.902937650680542,-1.262976884841919,-0.7624193429946899,-1.2037549018859863,-0.6552507877349854,0.3095695376396179,0.18766823410987854,-0.0350479856133461,3.5303900241851807,-0.35459744930267334,-0.19731998443603516,-0.46145033836364746,1.2066912651062012,-0.6805660724639893,-0.9278570413589478,-0.5905553102493286,-0.25390177965164185,0.11404711753129959,0.039067357778549194,0.1380710005760193,2.1999998092651367,-0.28449100255966187,-0.16847901046276093,-0.39378541707992554,1.143843173980713,-0.8503792881965637,-0.8881125450134277,-0.7780919671058655,-0.3682732880115509,0.00843715202063322,-0.10316335409879684,0.1998070925474167,-0.3217622935771942,0.06788071990013123,0.011505207046866417,-0.5537839531898499,-0.01418975554406643,0.043719787150621414,-0.30757254362106323,0.1035468652844429,-0.13844598829746246,-0.5360575914382935,-0.4206976592540741,0.3671376705169678,0.17120884358882904,-0.1359599530696869,0.1185644119977951,0.1574755162000656,0.05630664899945259,-0.07370220124721527,0.12863551080226898,0.07507553696632385,-0.05264442786574364,0.02348734438419342,0.009766839444637299,0.0348944291472435,-0.016893740743398666,-0.07112275063991547,-0.04211975261569023,-0.24929308891296387,0.2859607934951782,0.0,-0.22202813625335693,1.3877787807814457e-17,-0.09206832200288773,0.0,0.0,0.0,0.0,0.0,0.0,-1.2490009027033011e-15,0.0,0.0,0.0,0.0,0.0
2026-07-13_13-51-50,2026-07-13T13:52:26.017,35.113138,policy,1280,policy,-0.07199999690055847,0.0,0.07199999690055847,0.0,-0.10799999535083771,0.0,0.10799999535083771,0.0,0.04,xsens:live,0.11073081195354462,0.010829422622919083,-0.9937915205955505,-0.624331803845519,6.3578191779080475,0.0,2.1999998092651367,10.629424095153809,24.0,12,can0:12,25.31204099977913,39.5068892314423,0.4911279997941165,6.299176999618794,12,10.1235990524292,23.76781463623047,,"BL_hip_joint,BR_hip_joint,FL_hip_joint,FR_hip_joint,BL_thigh_joint,BR_thigh_joint,FL_thigh_joint,FR_thigh_joint,BL_calf_joint,BR_calf_joint,FL_calf_joint,FR_calf_joint",965e94c4cebfc45b9ef609d4a677a5ee35961a895700aad478603f43844b3779,"step=001280 mode=policy vx=-0.072 vy= 0.000 vxy= 0.072 yaw= 0.000 speed=0.04 imu=xsens:live tilt_rp=[-0.6,+6.4]deg imu_corr=0.000 act_max= 2.200 tau_cmd= 10.629 tau_cmd_max= 24.000 cmds=12 bus=can0:12 hz=39.5 tx=0.5ms fb_age=6.3ms fb=12 policy_cmd=[-0.108, 0.000, 0.000] tau_fb= 10.124 tau_fb_max= 23.768",0.0,0.0,0.0,-0.009113550186157227,0.0005833805189467967,0.028661644086241722,0.11073081195354462,0.010829422622919083,-0.9937915205955505,-0.10799999535083771,0.0,0.0,-0.023010414093732834,-0.11083349585533142,0.17679667472839355,-0.3282819092273712,0.023777427151799202,0.04832186922430992,-0.5652891993522644,0.011121700517833233,0.047554854303598404,-0.31792721152305603,0.10201283544301987,-0.17986473441123962,-0.32181769609451294,-0.05172887444496155,-0.0796533077955246,0.16113772988319397,0.043946653604507446,-0.04669332131743431,0.11307107657194138,0.026551103219389915,-0.032044436782598495,-0.16113772988319397,0.07415997982025146,-0.09887997061014175,-0.1476176232099533,-0.12004855275154114,0.09138244390487671,3.836591958999634,-0.35797446966171265,-0.10705996304750443,-0.7371931672096252,0.9857114553451538,-0.8072224259376526,-0.9198349714279175,-0.7875198721885681,-0.5045296549797058,0.046389125287532806,-0.0937572792172432,0.13643048703670502,3.8320016860961914,-0.397833913564682,-0.11346267908811569,-0.7145135402679443,1.14516019821167,-0.7488376498222351,-0.9614770412445068,-0.6491225361824036,-0.4509544372558594,-0.033742375671863556,-0.11043098568916321,0.14566875994205475,2.1999998092651367,-0.3674643635749817,-0.11471638083457947,-0.7159197926521301,1.0750880241394043,-0.7927917242050171,-0.9480848908424377,-0.7153242826461792,-0.4778129458427429,-0.023010414093732834,-0.11083349585533142,0.17679667472839355,-0.3282819092273712,0.023777427151799202,0.04832186922430992,-0.5652891993522644,0.011121700517833233,0.047554854303598404,-0.31792721152305603,0.10201283544301987,-0.17986473441123962,-0.32181769609451294,-0.05172887444496155,-0.0796533077955246,0.16113772988319397,0.043946653604507446,-0.04669332131743431,0.11307107657194138,0.026551103219389915,-0.032044436782598495,-0.16113772988319397,0.07415997982025146,-0.09887997061014175,-0.00843559205532074,-0.027607746422290802,0.03641718998551369,-0.02369031496345997,-0.09186609089374542,-0.028679095208644867,-0.26201942563056946,0.2687720060348511,0.0,-0.23702122271060944,0.0,-0.11945323646068573,0.0,0.0,0.0,0.0,0.0,0.0,0.0,0.0,0.0,0.0,0.0,0.0
2026-07-13_13-51-50,2026-07-13T13:52:26.570,35.666310,policy,1300,policy,-0.07199999690055847,0.0,0.07199999690055847,0.0,-0.10799999535083771,0.0,0.10799999535083771,0.0,0.04,xsens:live,0.10891285538673401,0.010297778993844986,-0.9939979910850525,-0.5935607241434337,6.252982936968172,0.0,2.1999998092651367,10.177716255187988,24.0,12,can0:12,31.098137000299175,32.1562671098394,0.48853499993128935,6.340042999909201,12,9.846796989440918,24.038820266723633,,"BL_hip_joint,BR_hip_joint,FL_hip_joint,FR_hip_joint,BL_thigh_joint,BR_thigh_joint,FL_thigh_joint,FR_thigh_joint,BL_calf_joint,BR_calf_joint,FL_calf_joint,FR_calf_joint",965e94c4cebfc45b9ef609d4a677a5ee35961a895700aad478603f43844b3779,"step=001300 mode=policy vx=-0.072 vy= 0.000 vxy= 0.072 yaw= 0.000 speed=0.04 imu=xsens:live tilt_rp=[-0.6,+6.3]deg imu_corr=0.000 act_max= 2.200 tau_cmd= 10.178 tau_cmd_max= 24.000 cmds=12 bus=can0:12 hz=32.2 tx=0.5ms fb_age=6.3ms fb=12 policy_cmd=[-0.108, 0.000, 0.000] tau_fb= 9.847 tau_fb_max= 24.039",0.0,0.0,0.0,0.024396928027272224,0.013054163195192814,0.008843094110488892,0.10891285538673401,0.010297778993844986,-0.9939979910850525,-0.10799999535083771,0.0,0.0,-0.03221457824110985,-0.11888714134693146,0.15915536880493164,-0.3301994502544403,-0.011121700517833233,0.07286631315946579,-0.5798624157905579,0.039501212537288666,0.04985589534044266,-0.33058294653892517,0.10124582052230835,-0.1614564061164856,0.09201330691576004,0.06546220183372498,0.06729331612586975,0.019226660951972008,-0.019226660951972008,0.00045777764171361923,0.10940885543823242,0.03799554333090782,0.01831110566854477,-0.12039551883935928,-0.04211554303765297,0.01235999632626772,-0.1646350771188736,-0.1468304991722107,0.21795551478862762,3.9661638736724854,-0.28200697898864746,-0.12879985570907593,-0.5542833805084229,1.1203869581222534,-0.9014046788215637,-0.946872353553772,-0.7264325022697449,-0.4460725784301758,-0.2050478756427765,-0.16143248975276947,0.14481250941753387,3.9606592655181885,-0.3036807179450989,-0.1359565407037735,-0.5693840384483337,1.1302095651626587,-0.8992828726768494,-0.9043760299682617,-0.697674036026001,-0.4082968831062317,-0.1784462332725525,-0.15410375595092773,0.17248749732971191,2.1999998092651367,-0.29275333881378174,-0.12556539475917816,-0.5698410272598267,1.125349760055542,-0.8975288271903992,-0.9203742742538452,-0.7069169282913208,-0.424732506275177,-0.03221457824110985,-0.11888714134693146,0.15915536880493164,-0.3301994502544403,-0.011121700517833233,0.07286631315946579,-0.5798624157905579,0.039501212537288666,0.04985589534044266,-0.33058294653892517,0.10124582052230835,-0.1614564061164856,0.09201330691576004,0.06546220183372498,0.06729331612586975,0.019226660951972008,-0.019226660951972008,0.00045777764171361923,0.10940885543823242,0.03799554333090782,0.01831110566854477,-0.12039551883935928,-0.04211554303765297,0.01235999632626772,-0.04461155831813812,-0.038525938987731934,0.04312187433242798,-0.02951040305197239,-0.07318833470344543,-0.03139134868979454,-0.2766933739185333,0.2813374400138855,0.0,-0.2300935685634613,0.0,-0.10618312656879425,0.0,0.0,0.0,0.0,0.0,0.0,0.0,0.0,0.0,0.0,0.0,0.0
2026-07-13_13-51-50,2026-07-13T13:52:27.117,36.212735,policy,1320,policy,-0.07199999690055847,0.0,0.07199999690055847,0.0,-0.10799999535083771,0.0,0.10799999535083771,0.0,0.04,xsens:live,0.10885763168334961,0.0098646255210042,-0.9940084218978882,-0.5685896038567713,6.249772425573411,0.0,2.1999998092651367,10.090182304382324,24.0,12,can0:12,25.32036100001278,39.49390768952683,0.49058300010074163,6.201380000220524,12,9.92065143585205,23.877681732177734,,"BL_hip_joint,BR_hip_joint,FL_hip_joint,FR_hip_joint,BL_thigh_joint,BR_thigh_joint,FL_thigh_joint,FR_thigh_joint,BL_calf_joint,BR_calf_joint,FL_calf_joint,FR_calf_joint",965e94c4cebfc45b9ef609d4a677a5ee35961a895700aad478603f43844b3779,"step=001320 mode=policy vx=-0.072 vy= 0.000 vxy= 0.072 yaw= 0.000 speed=0.04 imu=xsens:live tilt_rp=[-0.6,+6.2]deg imu_corr=0.000 act_max= 2.200 tau_cmd= 10.090 tau_cmd_max= 24.000 cmds=12 bus=can0:12 hz=39.5 tx=0.5ms fb_age=6.2ms fb=12 policy_cmd=[-0.108, 0.000, 0.000] tau_fb= 9.921 tau_fb_max= 23.878",0.0,0.0,0.0,0.0068657114170491695,-0.0013276934623718262,-2.384186336712446e-05,0.10885763168334961,0.0098646255210042,-0.9940084218978882,-0.10799999535083771,0.0,0.0,-0.03758367523550987,-0.12310571223497391,0.16222341358661652,-0.3282819092273712,-0.011888713575899601,0.0755508616566658,-0.5760273933410645,0.03911770507693291,0.0494723916053772,-0.3263643682003021,0.10047880560159683,-0.17296160757541656,-0.01739555038511753,-0.03250221163034439,0.027924437075853348,0.015564439818263054,0.04348887503147125,-0.0196844395250082,0.04348887503147125,0.017853328958153725,0.10254219174385071,0.08011108636856079,-0.04440443217754364,0.0196844395250082,-0.1816551387310028,-0.19394803047180176,0.12713199853897095,3.9415090084075928,-0.2954194247722626,-0.09487277269363403,-0.6932564973831177,1.0300418138504028,-0.8809508085250854,-0.8867479562759399,-0.7121536135673523,-0.4459388256072998,-0.15877877175807953,-0.15760546922683716,0.10380935668945312,3.929023504257202,-0.3229864835739136,-0.07740595191717148,-0.6874946355819702,1.0580689907073975,-0.8319528698921204,-0.899998664855957,-0.6734376549720764,-0.44154638051986694,-0.16017797589302063,-0.1716146171092987,0.11880841851234436,2.1999998092651367,-0.3155112862586975,-0.08005361258983612,-0.6950376033782959,1.0494662523269653,-0.8440361022949219,-0.8977959156036377,-0.6905491352081299,-0.4480017423629761,-0.03758367523550987,-0.12310571223497391,0.16222341358661652,-0.3282819092273712,-0.011888713575899601,0.0755508616566658,-0.5760273933410645,0.03911770507693291,0.0494723916053772,-0.3263643682003021,0.10047880560159683,-0.17296160757541656,-0.01739555038511753,-0.03250221163034439,0.027924437075853348,0.015564439818263054,0.04348887503147125,-0.0196844395250082,0.04348887503147125,0.017853328958153725,0.10254219174385071,0.08011108636856079,-0.04440443217754364,0.0196844395250082,-0.04004449397325516,-0.042903654277324677,0.02970210462808609,-0.027693578973412514,-0.07887782156467438,-0.02001340314745903,-0.27467110753059387,0.26236656308174133,0.0,-0.22444897890090942,0.0,-0.11200043559074402,0.0,0.0,0.0,-2.2429974544380116e-15,0.0,0.0,0.0,0.0,0.0,0.0,0.0,0.0
2026-07-13_13-51-50,2026-07-13T13:52:27.673,36.768751,policy,1340,policy,-0.07199999690055847,0.0,0.07199999690055847,0.0,-0.10799999535083771,0.0,0.10799999535083771,0.0,0.04,xsens:live,0.108474001288414,0.010919567197561264,-0.9940393567085266,-0.6293714090330638,6.2277283914243355,0.0,2.1999998092651367,9.904623031616211,24.0,12,can0:12,31.054423000114184,32.2015321294594,0.49970300005952595,6.193572000029235,12,9.940183639526367,24.057130813598633,,"BL_hip_joint,BR_hip_joint,FL_hip_joint,FR_hip_joint,BL_thigh_joint,BR_thigh_joint,FL_thigh_joint,FR_thigh_joint,BL_calf_joint,BR_calf_joint,FL_calf_joint,FR_calf_joint",965e94c4cebfc45b9ef609d4a677a5ee35961a895700aad478603f43844b3779,"step=001340 mode=policy vx=-0.072 vy= 0.000 vxy= 0.072 yaw= 0.000 speed=0.04 imu=xsens:live tilt_rp=[-0.6,+6.2]deg imu_corr=0.000 act_max= 2.200 tau_cmd= 9.905 tau_cmd_max= 24.000 cmds=12 bus=can0:12 hz=32.2 tx=0.5ms fb_age=6.2ms fb=12 policy_cmd=[-0.108, 0.000, 0.000] tau_fb= 9.940 tau_fb_max= 24.057",0.0,0.0,0.0,-0.001874566194601357,0.004225224256515503,-0.0014856458874419332,0.108474001288414,0.010919567197561264,-0.9940393567085266,-0.10799999535083771,0.0,0.0,-0.03835069015622139,-0.12272220849990845,0.15992237627506256,-0.3275148868560791,-0.011888713575899601,0.07593436539173126,-0.5756438374519348,0.039501212537288666,0.0494723916053772,-0.32521384954452515,0.1016293317079544,-0.1718110889196396,-0.05310220643877983,-0.013275551609694958,-0.03387554734945297,0.0315866582095623,0.0050355540588498116,0.03891110047698021,-0.017853328958153725,-0.0196844395250082,0.0,-0.013733329251408577,-0.044862210750579834,0.027924437075853348,-0.2160918116569519,-0.19185113906860352,0.06830942630767822,3.9018900394439697,-0.2711251974105835,-0.043660037219524384,-0.7977073192596436,0.9268437623977661,-0.8233259916305542,-0.845402717590332,-0.7346840500831604,-0.4950365424156189,-0.16615110635757446,-0.17538148164749146,0.06688705086708069,3.9291326999664307,-0.30200082063674927,-0.04377589747309685,-0.7992767691612244,0.9727746248245239,-0.7861204147338867,-0.8690069913864136,-0.7124822735786438,-0.49470090866088867,-0.18054106831550598,-0.1812628209590912,0.06492866575717926,2.1999998092651367,-0.2974240779876709,-0.04518803581595421,-0.7974154949188232,0.9623563885688782,-0.7956494688987732,-0.8614423871040344,-0.720587968826294,-0.4934651851654053,-0.03835069015622139,-0.12272220849990845,0.15992237627506256,-0.3275148868560791,-0.011888713575899601,0.07593436539173126,-0.5756438374519348,0.039501212537288666,0.0494723916053772,-0.32521384954452515,0.1016293317079544,-0.1718110889196396,-0.05310220643877983,-0.013275551609694958,-0.03387554734945297,0.0315866582095623,0.0050355540588498116,0.03891110047698021,-0.017853328958153725,-0.0196844395250082,0.0,-0.013733329251408577,-0.044862210750579834,0.027924437075853348,-0.045135267078876495,-0.0453157052397728,0.016232166439294815,-0.026485955342650414,-0.07435601949691772,-0.011297008953988552,-0.2759745121002197,0.24058909714221954,0.0,-0.2153605967760086,0.0,-0.12336629629135132,0.0,0.0,0.0,0.0,0.0,0.0,0.0,0.0,0.0,0.0,0.0,0.0
2026-07-13_13-51-50,2026-07-13T13:52:28.221,37.317110,policy,1360,policy,-0.07199999690055847,0.0,0.07199999690055847,0.0,-0.10799999535083771,0.0,0.10799999535083771,0.0,0.04,xsens:live,0.10834719985723495,0.010991385206580162,-0.9940524101257324,-0.6335021311518346,6.22042450554684,0.0,2.1999998092651367,9.952609062194824,24.0,12,can0:12,25.22051599999031,39.65025933650145,0.48533499966652016,6.283975999849645,12,9.945981979370117,24.038820266723633,,"BL_hip_joint,BR_hip_joint,FL_hip_joint,FR_hip_joint,BL_thigh_joint,BR_thigh_joint,FL_thigh_joint,FR_thigh_joint,BL_calf_joint,BR_calf_joint,FL_calf_joint,FR_calf_joint",965e94c4cebfc45b9ef609d4a677a5ee35961a895700aad478603f43844b3779,"step=001360 mode=policy vx=-0.072 vy= 0.000 vxy= 0.072 yaw= 0.000 speed=0.04 imu=xsens:live tilt_rp=[-0.6,+6.2]deg imu_corr=0.000 act_max= 2.200 tau_cmd= 9.953 tau_cmd_max= 24.000 cmds=12 bus=can0:12 hz=39.7 tx=0.5ms fb_age=6.3ms fb=12 policy_cmd=[-0.108, 0.000, 0.000] tau_fb= 9.946 tau_fb_max= 24.039",0.0,0.0,0.0,-0.005349517334252596,-0.0035494568292051554,-0.010125339031219482,0.10834719985723495,0.010991385206580162,-0.9940524101257324,-0.10799999535083771,0.0,0.0,-0.03873419761657715,-0.12272220849990845,0.16030588746070862,-0.3275148868560791,-0.011888713575899601,0.0755508616566658,-0.5756438374519348,0.03873419761657715,0.0494723916053772,-0.32559734582901,0.1016293317079544,-0.17219460010528564,-0.017853328958153725,0.0718710869550705,0.035248879343271255,-0.01235999632626772,0.01831110566854477,-0.06683553755283356,-0.02471999265253544,-0.028839992359280586,0.02151555009186268,0.04303110018372536,-0.003662221133708954,0.02151555009186268,-0.10235744714736938,-0.14360174536705017,0.104590505361557,3.9229910373687744,-0.286623477935791,-0.05547981336712837,-0.7387367486953735,1.009174108505249,-0.797271728515625,-0.8821936845779419,-0.6760105490684509,-0.4453161954879761,-0.1500890851020813,-0.1958998441696167,0.08808445930480957,3.92511248588562,-0.3157058358192444,-0.05985015258193016,-0.7481202483177185,1.016937494277954,-0.810253918170929,-0.8810487985610962,-0.7478876113891602,-0.4774940609931946,-0.1437654048204422,-0.18112713098526,0.09547244012355804,2.1999998092651367,-0.3084161877632141,-0.05713241919875145,-0.7487646341323853,1.0088380575180054,-0.8097363114356995,-0.8814425468444824,-0.7307192087173462,-0.4720747172832489,-0.03873419761657715,-0.12272220849990845,0.16030588746070862,-0.3275148868560791,-0.011888713575899601,0.0755508616566658,-0.5756438374519348,0.03873419761657715,0.0494723916053772,-0.32559734582901,0.1016293317079544,-0.17219460010528564,-0.017853328958153725,0.0718710869550705,0.035248879343271255,-0.01235999632626772,0.01831110566854477,-0.06683553755283356,-0.02471999265253544,-0.028839992359280586,0.02151555009186268,0.04303110018372536,-0.003662221133708954,0.02151555009186268,-0.03594135120511055,-0.045281782746315,0.02386811003088951,-0.02769448794424534,-0.07710404694080353,-0.014283104799687862,-0.27616333961486816,0.25220951437950134,0.0,-0.2203606367111206,0.0,-0.11801867932081223,0.0,0.0,0.0,0.0,0.0,0.0,0.0,0.0,0.0,0.0,0.0,0.0
2026-07-13_13-51-50,2026-07-13T13:52:28.766,37.862416,policy,1380,policy,-0.07199999690055847,0.0,0.07199999690055847,0.0,-0.10799999535083771,0.0,0.10799999535083771,0.0,0.04,xsens:live,0.10838224738836288,0.011014586314558983,-0.9940482974052429,-0.6348418728191072,6.222446413664134,0.0,2.1999998092651367,9.885284423828125,24.0,12,can0:12,31.194813999718463,32.056610435600774,0.49682300004860735,6.349259999751666,12,9.9032564163208,24.130374908447266,,"BL_hip_joint,BR_hip_joint,FL_hip_joint,FR_hip_joint,BL_thigh_joint,BR_thigh_joint,FL_thigh_joint,FR_thigh_joint,BL_calf_joint,BR_calf_joint,FL_calf_joint,FR_calf_joint",965e94c4cebfc45b9ef609d4a677a5ee35961a895700aad478603f43844b3779,"step=001380 mode=policy vx=-0.072 vy= 0.000 vxy= 0.072 yaw= 0.000 speed=0.04 imu=xsens:live tilt_rp=[-0.6,+6.2]deg imu_corr=0.000 act_max= 2.200 tau_cmd= 9.885 tau_cmd_max= 24.000 cmds=12 bus=can0:12 hz=32.1 tx=0.5ms fb_age=6.3ms fb=12 policy_cmd=[-0.108, 0.000, 0.000] tau_fb= 9.903 tau_fb_max= 24.130",0.0,0.0,0.0,0.0023238363210111856,-0.001373887062072754,0.0010050834389403462,0.10838224738836288,0.011014586314558983,-0.9940482974052429,-0.10799999535083771,0.0,0.0,-0.03796718269586563,-0.12233870476484299,0.16030588746070862,-0.3275148868560791,-0.011888713575899601,0.07593436539173126,-0.5756438374519348,0.03911770507693291,0.0494723916053772,-0.32559734582901,0.1016293317079544,-0.17219460010528564,0.02151555009186268,0.032959990203380585,0.0009155552834272385,-0.014191106893122196,0.0032044434919953346,0.030671102926135063,-0.001831110566854477,0.05767998471856117,0.005493331700563431,0.012817773967981339,0.02929776906967163,-0.0013733329251408577,-0.14211460947990417,-0.17663878202438354,0.10807615518569946,3.9316437244415283,-0.31475305557250977,-0.06089264899492264,-0.7675450444221497,1.0078893899917603,-0.80574631690979,-0.8854944705963135,-0.7088091969490051,-0.4786481261253357,-0.1637081652879715,-0.17666709423065186,0.11298173666000366,3.9157416820526123,-0.2858085334300995,-0.061716824769973755,-0.7463023066520691,0.9769859313964844,-0.8417673707008362,-0.8713468313217163,-0.7262830138206482,-0.4681624174118042,-0.16067765653133392,-0.1773815155029297,0.11186850070953369,2.1999998092651367,-0.29452842473983765,-0.05947080999612808,-0.7546794414520264,0.9836298227310181,-0.8301695585250854,-0.8747087717056274,-0.7234039902687073,-0.4740777015686035,-0.03796718269586563,-0.12233870476484299,0.16030588746070862,-0.3275148868560791,-0.011888713575899601,0.07593436539173126,-0.5756438374519348,0.03911770507693291,0.0494723916053772,-0.32559734582901,0.1016293317079544,-0.17219460010528564,0.02151555009186268,0.032959990203380585,0.0009155552834272385,-0.014191106893122196,0.0032044434919953346,0.030671102926135063,-0.001831110566854477,0.05767998471856117,0.005493331700563431,0.012817773967981339,0.02929776906967163,-0.0013733329251408577,-0.04016941413283348,-0.04434537887573242,0.027967125177383423,-0.027744842693209648,-0.07363210618495941,-0.01486770249903202,-0.27553391456604004,0.24590745568275452,0.0,-0.21867719292640686,0.0,-0.11851942539215088,0.0,0.0,0.0,-2.1840168562548e-15,0.0,0.0,0.0,0.0,0.0,0.0,0.0,0.0
2026-07-13_13-51-50,2026-07-13T13:52:29.323,38.418625,policy,1400,policy,-0.07199999690055847,0.0,0.07199999690055847,0.0,-0.10799999535083771,0.0,0.10799999535083771,0.0,0.04,xsens:live,0.10824987292289734,0.0111659225076437,-0.9940609931945801,-0.6435554094313817,6.214827280175899,0.0,2.1999998092651367,9.859800338745117,24.0,12,can0:12,25.393229000201245,39.38057660930301,0.5870360000699293,6.440590999773121,12,9.869991302490234,24.119388580322266,,"BL_hip_joint,BR_hip_joint,FL_hip_joint,FR_hip_joint,BL_thigh_joint,BR_thigh_joint,FL_thigh_joint,FR_thigh_joint,BL_calf_joint,BR_calf_joint,FL_calf_joint,FR_calf_joint",965e94c4cebfc45b9ef609d4a677a5ee35961a895700aad478603f43844b3779,"step=001400 mode=policy vx=-0.072 vy= 0.000 vxy= 0.072 yaw= 0.000 speed=0.04 imu=xsens:live tilt_rp=[-0.6,+6.2]deg imu_corr=0.000 act_max= 2.200 tau_cmd= 9.860 tau_cmd_max= 24.000 cmds=12 bus=can0:12 hz=39.4 tx=0.6ms fb_age=6.4ms fb=12 policy_cmd=[-0.108, 0.000, 0.000] tau_fb= 9.870 tau_fb_max= 24.119",0.0,0.0,0.0,-0.0014245511265471578,0.005310028791427612,0.001627952209673822,0.10824987292289734,0.0111659225076437,-0.9940609931945801,-0.10799999535083771,0.0,0.0,-0.03796718269586563,-0.12272220849990845,0.16030588746070862,-0.3275148868560791,-0.011888713575899601,0.07593436539173126,-0.5756438374519348,0.03911770507693291,0.0494723916053772,-0.32559734582901,0.1016293317079544,-0.17219460010528564,-0.054475538432598114,0.03799554333090782,-0.0009155552834272385,-0.03021332435309887,-0.016479995101690292,0.00595110934227705,-0.040742211043834686,-0.03387554734945297,-0.027924437075853348,0.027466658502817154,0.04303110018372536,0.02700888179242611,-0.19418558478355408,-0.18060791492462158,0.08723609149456024,3.888779878616333,-0.2610289454460144,-0.06523454934358597,-0.7673546671867371,0.926322340965271,-0.8724015951156616,-0.8635070323944092,-0.739990234375,-0.4664842486381531,-0.1351262778043747,-0.177839457988739,0.07568894326686859,3.9254143238067627,-0.2923522889614105,-0.04984177649021149,-0.7674875259399414,0.9846514463424683,-0.7943655252456665,-0.8824117183685303,-0.7360948920249939,-0.4898030757904053,-0.1512853503227234,-0.1787944883108139,0.07927072048187256,2.1999998092651367,-0.28603819012641907,-0.05239728093147278,-0.770133376121521,0.9674018621444702,-0.8149939775466919,-0.8742444515228271,-0.7380304336547852,-0.4837009906768799,-0.03796718269586563,-0.12272220849990845,0.16030588746070862,-0.3275148868560791,-0.011888713575899601,0.07593436539173126,-0.5756438374519348,0.03911770507693291,0.0494723916053772,-0.32559734582901,0.1016293317079544,-0.17219460010528564,-0.054475538432598114,0.03799554333090782,-0.0009155552834272385,-0.03021332435309887,-0.016479995101690292,0.00595110934227705,-0.040742211043834686,-0.03387554734945297,-0.027924437075853348,0.027466658502817154,0.04303110018372536,0.02700888179242611,-0.03782133758068085,-0.044698622077703476,0.01981768012046814,-0.02818545512855053,-0.07150954753160477,-0.013099320232868195,-0.27660396695137024,0.24185046553611755,0.0,-0.2185611128807068,0.0,-0.12092524766921997,0.0,0.0,0.0,0.0,0.0,0.0,0.0,0.0,0.0,0.0,0.0,0.0
2026-07-13_13-51-50,2026-07-13T13:52:29.872,38.967534,policy,1420,policy,-0.07199999690055847,0.0,0.07199999690055847,0.0,-0.10799999535083771,0.0,0.10799999535083771,0.0,0.04,xsens:live,0.10803201049566269,0.011073701083660126,-0.9940857887268066,-0.6382246891672092,6.202263475239872,0.0,2.1999998092651367,9.914393424987793,24.0,12,can0:12,31.110586000067997,32.143399677454305,0.4882150001321861,6.285639999987325,12,9.942930221557617,24.126712799072266,,"BL_hip_joint,BR_hip_joint,FL_hip_joint,FR_hip_joint,BL_thigh_joint,BR_thigh_joint,FL_thigh_joint,FR_thigh_joint,BL_calf_joint,BR_calf_joint,FL_calf_joint,FR_calf_joint",965e94c4cebfc45b9ef609d4a677a5ee35961a895700aad478603f43844b3779,"step=001420 mode=policy vx=-0.072 vy= 0.000 vxy= 0.072 yaw= 0.000 speed=0.04 imu=xsens:live tilt_rp=[-0.6,+6.2]deg imu_corr=0.000 act_max= 2.200 tau_cmd= 9.914 tau_cmd_max= 24.000 cmds=12 bus=can0:12 hz=32.1 tx=0.5ms fb_age=6.3ms fb=12 policy_cmd=[-0.108, 0.000, 0.000] tau_fb= 9.943 tau_fb_max= 24.127",0.0,0.0,0.0,0.0036291778087615967,0.00159665965475142,-0.0019654633942991495,0.10803201049566269,0.011073701083660126,-0.9940857887268066,-0.10799999535083771,0.0,0.0,-0.03835069015622139,-0.12272220849990845,0.16030588746070862,-0.3275148868560791,-0.011888713575899601,0.07593436539173126,-0.5756438374519348,0.03911770507693291,0.04908888414502144,-0.32559734582901,0.1016293317079544,-0.17219460010528564,-0.040742211043834686,0.0050355540588498116,-0.007324442267417908,0.008239997550845146,0.004577776417136192,-0.010071108117699623,0.0393688790500164,-0.0,-0.028382213786244392,0.016022218391299248,-0.006408886983990669,0.005493331700563431,-0.1921871155500412,-0.19356510043144226,0.06658200919628143,3.901951551437378,-0.29162099957466125,-0.0497569814324379,-0.7868170142173767,0.9504218101501465,-0.8305787444114685,-0.8509171009063721,-0.7508962154388428,-0.4725527763366699,-0.15209777653217316,-0.17173776030540466,0.06877118349075317,3.909923791885376,-0.3064939081668854,-0.04446028545498848,-0.7911738753318787,0.9732679128646851,-0.7906188368797302,-0.86716628074646,-0.7142273783683777,-0.4771588444709778,-0.16522274911403656,-0.18002527952194214,0.07070396095514297,2.1999998092651367,-0.3012351393699646,-0.047877997159957886,-0.7875800132751465,0.9671796560287476,-0.8042296171188354,-0.8631612062454224,-0.7269725799560547,-0.47691547870635986,-0.03835069015622139,-0.12272220849990845,0.16030588746070862,-0.3275148868560791,-0.011888713575899601,0.07593436539173126,-0.5756438374519348,0.03911770507693291,0.04908888414502144,-0.32559734582901,0.1016293317079544,-0.17219460010528564,-0.040742211043834686,0.0050355540588498116,-0.007324442267417908,0.008239997550845146,0.004577776417136192,-0.010071108117699623,0.0393688790500164,-0.0,-0.028382213786244392,0.016022218391299248,-0.006408886983990669,0.005493331700563431,-0.04130568727850914,-0.045006319880485535,0.017675990238785744,-0.027127988636493683,-0.07530878484249115,-0.011969499289989471,-0.274400919675827,0.2417949140071869,0.0,-0.2157903015613556,0.0,-0.11922886967658997,0.0,0.0,0.0,0.0,0.0,0.0,0.0,0.0,0.0,0.0,0.0,0.0
2026-07-13_13-51-50,2026-07-13T13:52:30.429,39.524669,policy,1440,policy,0.07199999690055847,0.0,0.07199999690055847,0.0,0.10799999535083771,0.0,0.10799999535083771,0.0,0.04,xsens:live,0.10788785666227341,0.011381156742572784,-0.9940980076789856,-0.655935082749515,6.193976240486791,0.0,2.1999998092651367,12.88487720489502,24.0,12,can0:12,25.212101000306575,39.66349333551536,0.49064699987866334,6.393421000211674,12,11.270485877990723,25.196081161499023,,"BL_hip_joint,BR_hip_joint,FL_hip_joint,FR_hip_joint,BL_thigh_joint,BR_thigh_joint,FL_thigh_joint,FR_thigh_joint,BL_calf_joint,BR_calf_joint,FL_calf_joint,FR_calf_joint",965e94c4cebfc45b9ef609d4a677a5ee35961a895700aad478603f43844b3779,"step=001440 mode=policy vx= 0.072 vy= 0.000 vxy= 0.072 yaw= 0.000 speed=0.04 imu=xsens:live tilt_rp=[-0.7,+6.2]deg imu_corr=0.000 act_max= 2.200 tau_cmd= 12.885 tau_cmd_max= 24.000 cmds=12 bus=can0:12 hz=39.7 tx=0.5ms fb_age=6.4ms fb=12 policy_cmd=[ 0.108, 0.000, 0.000] tau_fb= 11.270 tau_fb_max= 25.196",0.0,0.0,0.0,-0.09102822095155716,-0.014585256576538086,0.010619313456118107,0.10788785666227341,0.011381156742572784,-0.9940980076789856,0.10799999535083771,0.0,0.0,-0.029530031606554985,-0.11581908166408539,0.15570379793643951,-0.32713139057159424,-0.00153402762953192,0.07324981689453125,-0.5741098523139954,0.03796718269586563,0.050622910261154175,-0.32252931594848633,0.1016293317079544,-0.1464996337890625,0.4289376437664032,0.19272439181804657,-0.3016754686832428,-0.03662221133708954,0.1501510739326477,-0.14419995248317719,0.06088442727923393,0.0709555372595787,0.06546220183372498,-0.017853328958153725,0.003662221133708954,0.6587420105934143,0.20546285808086395,0.32225096225738525,-0.39421677589416504,3.623722553253174,1.0579676628112793,-0.328988254070282,-0.147689551115036,-0.09122054278850555,-1.9587717056274414,-0.8521771430969238,-0.7825961112976074,0.2528592646121979,-0.06457743793725967,0.32298657298088074,-0.4915928840637207,3.424387216567993,1.1157609224319458,-0.32100483775138855,-0.10366673022508621,-0.362187922000885,-2.138835906982422,-0.8090533018112183,-1.0466582775115967,0.06505642086267471,0.01344916969537735,0.2844151258468628,-0.42242515087127686,2.1999998092651367,1.0424060821533203,-0.31051012873649597,-0.14330436289310455,-0.2222437709569931,-2.039102554321289,-0.8128784894943237,-0.952028214931488,0.10428120195865631,-0.029530031606554985,-0.11581908166408539,0.15570379793643951,-0.32713139057159424,-0.00153402762953192,0.07324981689453125,-0.5741098523139954,0.03796718269586563,0.050622910261154175,-0.32252931594848633,0.1016293317079544,-0.1464996337890625,0.4289376437664032,0.19272439181804657,-0.3016754686832428,-0.03662221133708954,0.1501510739326477,-0.14419995248317719,0.06088442727923393,0.0709555372595787,0.06546220183372498,-0.017853328958153725,0.003662221133708954,0.6587420105934143,0.0033622942864894867,0.0711037814617157,-0.10560628771781921,-0.027978191152215004,0.2355761080980301,-0.07762753218412399,-0.2722752094268799,-0.055560946464538574,0.0,-0.20321962237358093,0.0,0.0,0.0,0.0,0.0,0.0,0.0,0.0,0.0,0.0,0.0,0.0,0.0,0.0
2026-07-13_13-51-50,2026-07-13T13:52:30.974,40.069519,policy,1460,policy,0.07199999690055847,0.0,0.07199999690055847,0.0,0.10799999535083771,0.0,0.10799999535083771,0.0,0.04,xsens:live,0.08587305247783661,0.07086227834224701,-0.9937828779220581,-4.078606393749277,4.9386765534252905,0.0,1.9866533279418945,12.139446258544922,24.0,12,can0:12,25.198818999797368,39.68439949539069,0.49096700013251393,6.250054000247474,12,11.021149635314941,25.55864143371582,,"BL_hip_joint,BR_hip_joint,FL_hip_joint,FR_hip_joint,BL_thigh_joint,BR_thigh_joint,FL_thigh_joint,FR_thigh_joint,BL_calf_joint,BR_calf_joint,FL_calf_joint,FR_calf_joint",965e94c4cebfc45b9ef609d4a677a5ee35961a895700aad478603f43844b3779,"step=001460 mode=policy vx= 0.072 vy= 0.000 vxy= 0.072 yaw= 0.000 speed=0.04 imu=xsens:live tilt_rp=[-4.1,+4.9]deg imu_corr=0.000 act_max= 1.987 tau_cmd= 12.139 tau_cmd_max= 24.000 cmds=12 bus=can0:12 hz=39.7 tx=0.5ms fb_age=6.3ms fb=12 policy_cmd=[ 0.108, 0.000, 0.000] tau_fb= 11.021 tau_fb_max= 25.559",0.0,0.0,0.0,-0.23114237189292908,-0.07625073939561844,-0.07660240679979324,0.08587305247783661,0.07086227834224701,-0.9937828779220581,0.10799999535083771,0.0,0.0,0.00421857601031661,-0.10009530186653137,0.27382391691207886,-0.08897360414266586,0.2174484133720398,-0.01687430404126644,-0.31102409958839417,-0.23087115585803986,0.14688314497470856,-0.10431388020515442,0.16567498445510864,-0.3647150695323944,0.5552842617034912,0.7379375696182251,0.08102664351463318,0.24216437339782715,-0.29847103357315063,-0.10391552746295929,0.18082216382026672,-0.125888854265213,-2.5864436626434326,0.04348887503147125,-0.00595110934227705,-0.13824884593486786,1.2173806428909302,-0.326655775308609,-1.936585545539856,1.5940358638763428,0.23098468780517578,-0.33721548318862915,-0.5604247450828552,-0.10386849194765091,-1.2461555004119873,-0.7329253554344177,-1.7190543413162231,-0.12715229392051697,0.9917042851448059,-0.76900714635849,-1.2980667352676392,1.347044825553894,-0.023734696209430695,0.035953179001808167,-0.9247844815254211,-0.2619938552379608,-1.0249974727630615,-0.4324248433113098,-2.066833972930908,-0.010611437261104584,0.944326639175415,-0.5928282141685486,-1.5534181594848633,1.4748626947402954,0.10962343961000443,-0.10181431472301483,-0.7671916484832764,-0.25551044940948486,-0.9735070466995239,-0.44011759757995605,-1.9866533279418945,-0.1241929680109024,0.00421857601031661,-0.10009530186653137,0.27382391691207886,-0.08897360414266586,0.2174484133720398,-0.01687430404126644,-0.31102409958839417,-0.23087115585803986,0.14688314497470856,-0.10431388020515442,0.16567498445510864,-0.3647150695323944,0.5552842617034912,0.7379375696182251,0.08102664351463318,0.24216437339782715,-0.29847103357315063,-0.10391552746295929,0.18082216382026672,-0.125888854265213,-2.5864436626434326,0.04348887503147125,-0.00595110934227705,-0.13824884593486786,0.15384630858898163,-0.14640972018241882,-0.024108145385980606,0.21784622967243195,0.027405858039855957,-0.025453582406044006,-0.1917979121208191,-0.06387761235237122,0.0,-0.11002939939498901,0.0,-0.06835660338401794,0.0,0.0,0.0,0.0,0.0,0.0,0.0,0.0,0.0,0.0,0.0,0.0
2026-07-13_13-51-50,2026-07-13T13:52:31.526,40.621760,policy,1480,policy,0.07199999690055847,0.0,0.07199999690055847,0.0,0.10799999535083771,0.0,0.10799999535083771,0.0,0.04,xsens:live,0.05848303809762001,0.0942012146115303,-0.9938339591026306,-5.41464171084303,3.367737081609717,0.0,2.1999998092651367,14.068618774414062,24.0,12,can0:12,25.281031999838888,39.55534726613901,0.49445500008005183,6.2699589998373995,12,10.305794715881348,22.526321411132812,,"BL_hip_joint,BR_hip_joint,FL_hip_joint,FR_hip_joint,BL_thigh_joint,BR_thigh_joint,FL_thigh_joint,FR_thigh_joint,BL_calf_joint,BR_calf_joint,FL_calf_joint,FR_calf_joint",965e94c4cebfc45b9ef609d4a677a5ee35961a895700aad478603f43844b3779,"step=001480 mode=policy vx= 0.072 vy= 0.000 vxy= 0.072 yaw= 0.000 speed=0.04 imu=xsens:live tilt_rp=[-5.4,+3.4]deg imu_corr=0.000 act_max= 2.200 tau_cmd= 14.069 tau_cmd_max= 24.000 cmds=12 bus=can0:12 hz=39.6 tx=0.5ms fb_age=6.3ms fb=12 policy_cmd=[ 0.108, 0.000, 0.000] tau_fb= 10.306 tau_fb_max= 22.526",0.0,0.0,0.0,-0.06893575191497803,-0.23188742995262146,0.16454832255840302,0.05848303809762001,0.0942012146115303,-0.9938339591026306,0.10799999535083771,0.0,0.0,-0.03106405958533287,-0.1119840145111084,0.24851247668266296,0.009204166010022163,0.3892595171928406,-0.11812012642621994,-0.18254928290843964,-0.4180225133895874,0.4022987484931946,-0.13115936517715454,0.16375744342803955,-0.23393921554088593,-0.47837764024734497,0.1821954995393753,-0.5534531474113464,-1.071657419204712,0.3250221312046051,-0.4623554050922394,0.39368876814842224,0.11352885514497757,0.765861988067627,-0.41749322414398193,0.3790398836135864,0.9668263792991638,-1.6889091730117798,-0.4538869261741638,-3.488279104232788,-1.067293405532837,1.1180284023284912,-0.27994152903556824,0.589476466178894,-0.1479427069425583,1.5327839851379395,0.3977702856063843,-3.522468090057373,-1.0460104942321777,-1.3008192777633667,0.1155477836728096,-2.2117819786071777,-0.0071896836161613464,0.7336156368255615,-0.18526244163513184,0.3840371072292328,-0.4615621566772461,1.2018013000488281,0.27151480317115784,-3.981631278991699,-0.843845009803772,-1.4307844638824463,-0.09147097170352936,-2.199942111968994,-0.3967397212982178,0.894422173500061,-0.2466977834701538,0.522054135799408,-0.35158026218414307,1.3360192775726318,0.3217661380767822,-2.1999998092651367,-0.8989235758781433,-0.03106405958533287,-0.1119840145111084,0.24851247668266296,0.009204166010022163,0.3892595171928406,-0.11812012642621994,-0.18254928290843964,-0.4180225133895874,0.4022987484931946,-0.13115936517715454,0.16375744342803955,-0.23393921554088593,-0.47837764024734497,0.1821954995393753,-0.5534531474113464,-1.071657419204712,0.3250221312046051,-0.4623554050922394,0.39368876814842224,0.11352885514497757,0.765861988067627,-0.41749322414398193,0.3790398836135864,0.9668263792991638,-0.3443797528743744,-0.03898359835147858,-0.06686779856681824,-0.19574682414531708,0.22360554337501526,-0.06167444586753845,0.12843745946884155,-0.11474017053842545,0.33400481939315796,0.0,0.0,-0.22473089396953583,0.0,0.0,1.5543122344752192e-15,0.0,0.0,0.0,0.0,0.0,0.0,0.0,0.0,0.0
2026-07-13_13-51-50,2026-07-13T13:52:32.074,41.170231,policy,1500,policy,0.07199999690055847,0.0,0.07199999690055847,0.0,0.10799999535083771,0.0,0.10799999535083771,0.0,0.04,xsens:live,0.05802023783326149,0.00705480482429266,-0.998290479183197,-0.40489599117161207,3.3262655888798682,0.0,2.1646316051483154,11.39132308959961,24.0,12,can0:12,25.370890999965923,39.41524954726041,0.48347900019507506,6.2685840002814075,12,10.135807991027832,25.902889251708984,,"BL_hip_joint,BR_hip_joint,FL_hip_joint,FR_hip_joint,BL_thigh_joint,BR_thigh_joint,FL_thigh_joint,FR_thigh_joint,BL_calf_joint,BR_calf_joint,FL_calf_joint,FR_calf_joint",965e94c4cebfc45b9ef609d4a677a5ee35961a895700aad478603f43844b3779,"step=001500 mode=policy vx= 0.072 vy= 0.000 vxy= 0.072 yaw= 0.000 speed=0.04 imu=xsens:live tilt_rp=[-0.4,+3.3]deg imu_corr=0.000 act_max= 2.165 tau_cmd= 11.391 tau_cmd_max= 24.000 cmds=12 bus=can0:12 hz=39.4 tx=0.5ms fb_age=6.3ms fb=12 policy_cmd=[ 0.108, 0.000, 0.000] tau_fb= 10.136 tau_fb_max= 25.903",0.0,0.0,0.0,-0.16015468537807465,-0.010801849886775017,0.15360935032367706,0.05802023783326149,0.00705480482429266,-0.998290479183197,0.10799999535083771,0.0,0.0,-0.04602082818746567,-0.00843715202063322,0.2201329618692398,-0.13230988383293152,0.02416093461215496,-0.27382391691207886,0.06979825347661972,-0.11466856300830841,0.08360450714826584,-0.060594089329242706,0.12272220849990845,-0.24582792818546295,0.5026398301124573,0.5598620772361755,-0.9746086001396179,-0.20096439123153687,-0.0,-0.3103732466697693,2.092959403991699,0.04348887503147125,-0.29023101925849915,-0.2220221608877182,1.3335062265396118,2.00323486328125,1.1925582885742188,-0.7573716044425964,-0.5288815498352051,2.5357277393341064,-0.072628453373909,-1.109578013420105,0.3310398757457733,0.3403915762901306,-1.4333187341690063,-0.557255744934082,0.4685027003288269,2.258695125579834,1.0929745435714722,-1.1337074041366577,0.637816309928894,2.9238502979278564,-0.005709104239940643,-1.139780879020691,0.00257236510515213,0.24099628627300262,-1.4576494693756104,-0.7210158705711365,0.22739039361476898,1.671409010887146,1.113262414932251,-0.9733365178108215,0.057148516178131104,2.1646316051483154,-0.014195477589964867,-1.1219418048858643,0.19933563470840454,0.24220512807369232,-1.4221229553222656,-0.5915942788124084,0.29979291558265686,1.8474278450012207,-0.04602082818746567,-0.00843715202063322,0.2201329618692398,-0.13230988383293152,0.02416093461215496,-0.27382391691207886,0.06979825347661972,-0.11466856300830841,0.08360450714826584,-0.060594089329242706,0.12272220849990845,-0.24582792818546295,0.5026398301124573,0.5598620772361755,-0.9746086001396179,-0.20096439123153687,-0.0,-0.3103732466697693,2.092959403991699,0.04348887503147125,-0.29023101925849915,-0.2220221608877182,1.3335062265396118,2.00323486328125,0.2679620683193207,-0.24333412945270538,0.00760398805141449,0.16232390701770782,-0.0035488693974912167,-0.28048545122146606,0.08969801664352417,0.06055128201842308,0.0,-0.1478985697031021,0.07494822889566422,0.0,0.0,0.0,0.0,0.0,0.0,0.0,0.0,0.0,0.0,0.0,0.0,0.0
2026-07-13_13-51-50,2026-07-13T13:52:32.628,41.724179,policy,1520,policy,0.07199999690055847,0.0,0.07199999690055847,0.0,0.10799999535083771,0.0,0.10799999535083771,0.0,0.04,xsens:live,0.03170314058661461,-0.02715788036584854,-0.9991283416748047,1.557006054095419,1.8174310707749843,0.0,2.1999988555908203,14.439024925231934,24.0,12,can0:12,31.039895000049,32.21660382544533,0.4877989999840793,6.2772559999757505,12,11.512496948242188,23.401592254638672,,"BL_hip_joint,BR_hip_joint,FL_hip_joint,FR_hip_joint,BL_thigh_joint,BR_thigh_joint,FL_thigh_joint,FR_thigh_joint,BL_calf_joint,BR_calf_joint,FL_calf_joint,FR_calf_joint",965e94c4cebfc45b9ef609d4a677a5ee35961a895700aad478603f43844b3779,"step=001520 mode=policy vx= 0.072 vy= 0.000 vxy= 0.072 yaw= 0.000 speed=0.04 imu=xsens:live tilt_rp=[+1.6,+1.8]deg imu_corr=0.000 act_max= 2.200 tau_cmd= 14.439 tau_cmd_max= 24.000 cmds=12 bus=can0:12 hz=32.2 tx=0.5ms fb_age=6.3ms fb=12 policy_cmd=[ 0.108, 0.000, 0.000] tau_fb= 11.512 tau_fb_max= 23.402",0.0,0.0,0.0,0.882786214351654,-0.30712050199508667,0.39508286118507385,0.03170314058661461,-0.02715788036584854,-0.9991283416748047,0.10799999535083771,0.0,0.0,-0.0,-0.0885900929570198,-0.01035468652844429,-0.16452446579933167,0.12272220849990845,-0.31792721152305603,-0.032981593161821365,-0.25503209233283997,0.03528263419866562,-0.614378035068512,0.4517711400985718,-0.19712254405021667,-0.1991332769393921,0.024262215942144394,0.04531998559832573,-0.6436353921890259,0.08056886494159698,0.7448042035102844,0.06591998040676117,-0.15243995189666748,-0.49531540274620056,-0.7150486707687378,-1.4072084426879883,1.2469862699508667,0.8528992533683777,0.11817575246095657,1.205771565437317,2.7462050914764404,0.5238984227180481,0.050894662737846375,-0.050133444368839264,-0.13635659217834473,-0.765437126159668,-0.08738495409488678,-1.115134835243225,2.5859692096710205,0.6180831789970398,0.7077021598815918,0.8523362874984741,2.007077693939209,1.154658317565918,0.11796554923057556,0.23866796493530273,-0.1837429702281952,-0.1726650595664978,1.4878668785095215,-1.1347697973251343,2.8597517013549805,0.7177520990371704,0.44473764300346375,0.839975118637085,2.067887544631958,0.8771113753318787,0.04734902083873749,0.0917966216802597,-0.17011184990406036,-0.4440869092941284,0.7574663758277893,-1.0938680171966553,2.1999988555908203,-0.0,-0.0885900929570198,-0.01035468652844429,-0.16452446579933167,0.12272220849990845,-0.31792721152305603,-0.032981593161821365,-0.25503209233283997,0.03528263419866562,-0.614378035068512,0.4517711400985718,-0.19712254405021667,-0.1991332769393921,0.024262215942144394,0.04531998559832573,-0.6436353921890259,0.08056886494159698,0.7448042035102844,0.06591998040676117,-0.15243995189666748,-0.49531540274620056,-0.7150486707687378,-1.4072084426879883,1.2469862699508667,0.1794380247592926,0.06909376382827759,0.11454556882381439,0.11793587356805801,0.17041680216789246,0.002715200884267688,0.022949155420064926,-0.04252796247601509,0.0,-0.33388158679008484,0.11291258782148361,0.0,0.0,0.0,0.0,0.0,0.0,0.0,0.0,0.0,0.0,0.0,0.0,0.0
2026-07-13_13-51-50,2026-07-13T13:52:33.184,42.280116,policy,1540,policy,0.07199999690055847,0.0,0.07199999690055847,0.0,0.10799999535083771,0.0,0.10799999535083771,0.0,0.04,xsens:live,0.040172871202230453,0.030899716541171074,-0.9987148642539978,-1.77213619241598,2.3034560133193542,0.0,2.029609203338623,13.874735832214355,24.0,12,can0:12,25.348297999698843,39.45038045599277,0.4832229997191462,6.277095999848825,12,13.564257621765137,26.287424087524414,,"BL_hip_joint,BR_hip_joint,FL_hip_joint,FR_hip_joint,BL_thigh_joint,BR_thigh_joint,FL_thigh_joint,FR_thigh_joint,BL_calf_joint,BR_calf_joint,FL_calf_joint,FR_calf_joint",965e94c4cebfc45b9ef609d4a677a5ee35961a895700aad478603f43844b3779,"step=001540 mode=policy vx= 0.072 vy= 0.000 vxy= 0.072 yaw= 0.000 speed=0.04 imu=xsens:live tilt_rp=[-1.8,+2.3]deg imu_corr=0.000 act_max= 2.030 tau_cmd= 13.875 tau_cmd_max= 24.000 cmds=12 bus=can0:12 hz=39.5 tx=0.5ms fb_age=6.3ms fb=12 policy_cmd=[ 0.108, 0.000, 0.000] tau_fb= 13.564 tau_fb_max= 26.287",0.0,0.0,0.0,0.2342410385608673,0.17681792378425598,-0.17774851620197296,0.040172871202230453,0.030899716541171074,-0.9987148642539978,0.10799999535083771,0.0,0.0,-0.1568543165922165,-0.030297044664621353,0.06864773482084274,-0.15071821212768555,0.05829304829239845,-0.10584790259599686,0.3505253195762634,0.04985589534044266,0.07823541015386581,-0.060977596789598465,0.05254044383764267,-0.24429389834403992,0.7397686839103699,0.5369731783866882,-0.08011108636856079,0.009155552834272385,0.07324442267417908,0.14648884534835815,0.26459547877311707,-0.05310220643877983,-0.23209325969219208,0.3167821168899536,0.3662221133708954,-0.8029419779777527,1.5069411993026733,-1.7984840869903564,-1.3463596105575562,1.5304920673370361,-0.2381211817264557,-0.19421091675758362,-0.5163546800613403,0.16251786053180695,-0.3078632950782776,0.4131309688091278,-2.5151076316833496,-0.27286452054977417,1.5734643936157227,-1.5133541822433472,-0.6953607201576233,1.66782546043396,-0.20602470636367798,-0.5427560210227966,-0.4855307936668396,0.042785122990608215,-0.4909874498844147,0.41297978162765503,-1.9414854049682617,0.5369982123374939,1.5282049179077148,-1.6623351573944092,-1.0118463039398193,1.5302729606628418,-0.19878047704696655,-0.39348316192626953,-0.5316630005836487,0.06398153305053711,-0.36669042706489563,0.4520924985408783,-2.029609203338623,0.2126389890909195,-0.1568543165922165,-0.030297044664621353,0.06864773482084274,-0.15071821212768555,0.05829304829239845,-0.10584790259599686,0.3505253195762634,0.04985589534044266,0.07823541015386581,-0.060977596789598465,0.05254044383764267,-0.24429389834403992,0.7397686839103699,0.5369731783866882,-0.08011108636856079,0.009155552834272385,0.07324442267417908,0.14648884534835815,0.26459547877311707,-0.05310220643877983,-0.23209325969219208,0.3167821168899536,0.3662221133708954,-0.8029419779777527,0.16364961862564087,-0.3156905770301819,-0.23371562361717224,0.14969387650489807,-0.04969511926174164,-0.09837079048156738,0.05764137580990791,0.015995383262634277,0.0,-6.938893903907228e-18,0.0,-0.017435602843761444,0.0,1.4432899320127035e-15,0.0,0.0,0.0,0.0,8.881784197001252e-16,0.0,0.0,0.0,0.0,0.0
2026-07-13_13-51-50,2026-07-13T13:52:33.733,42.828879,policy,1560,policy,0.07199999690055847,0.0,0.07199999690055847,0.0,0.10799999535083771,0.0,0.10799999535083771,0.0,0.04,xsens:live,0.025019388645887375,-0.010379215702414513,-0.9996331334114075,0.5948821277114272,1.433732146333817,0.0,2.198853015899658,16.33331871032715,24.0,12,can0:12,30.959282999901916,32.300489646454935,0.4818470001737296,6.393646000105946,12,13.62041187286377,24.22193145751953,,"BL_hip_joint,BR_hip_joint,FL_hip_joint,FR_hip_joint,BL_thigh_joint,BR_thigh_joint,FL_thigh_joint,FR_thigh_joint,BL_calf_joint,BR_calf_joint,FL_calf_joint,FR_calf_joint",965e94c4cebfc45b9ef609d4a677a5ee35961a895700aad478603f43844b3779,"step=001560 mode=policy vx= 0.072 vy= 0.000 vxy= 0.072 yaw= 0.000 speed=0.04 imu=xsens:live tilt_rp=[+0.6,+1.4]deg imu_corr=0.000 act_max= 2.199 tau_cmd= 16.333 tau_cmd_max= 24.000 cmds=12 bus=can0:12 hz=32.3 tx=0.5ms fb_age=6.4ms fb=12 policy_cmd=[ 0.108, 0.000, 0.000] tau_fb= 13.620 tau_fb_max= 24.222",0.0,0.0,0.0,-0.3068298101425171,0.016400964930653572,0.10308103263378143,0.025019388645887375,-0.010379215702414513,-0.9996331334114075,0.10799999535083771,0.0,0.0,-0.1418975591659546,-0.11696960777044296,0.12118817865848541,-0.21974945068359375,0.12809130549430847,-0.4329792857170105,-0.029146524146199226,-0.09357568621635437,0.09012412279844284,-0.13652846217155457,0.3919440507888794,-0.05867655575275421,0.23163548111915588,-0.027466658502817154,0.02609332650899887,0.3396710157394409,0.6125065088272095,0.6129642724990845,0.6555376052856445,-0.028839992359280586,2.5708792209625244,2.9508347511291504,0.10757774859666824,0.5539109706878662,0.09677229076623917,-1.5865436792373657,-0.9654129147529602,1.103292465209961,-0.05119115114212036,-0.5082536935806274,1.9502754211425781,-0.1989455670118332,2.234071731567383,2.0643389225006104,-4.895092964172363,-0.3945298492908478,-0.26782360672950745,-1.8210923671722412,-0.662555456161499,1.0078558921813965,-0.5421606302261353,-0.1434701383113861,1.42366623878479,-0.3689642548561096,2.1287174224853516,1.5137758255004883,-5.451902389526367,-1.1346659660339355,-0.05095914751291275,-1.7053264379501343,-0.7152006030082703,1.0324809551239014,-0.3102911710739136,-0.2783728837966919,1.5766167640686035,-0.3423497676849365,2.1082944869995117,1.6801954507827759,-2.198853015899658,-0.7997575402259827,-0.1418975591659546,-0.11696960777044296,0.12118817865848541,-0.21974945068359375,0.12809130549430847,-0.4329792857170105,-0.029146524146199226,-0.09357568621635437,0.09012412279844284,-0.13652846217155457,0.3919440507888794,-0.05867655575275421,0.23163548111915588,-0.027466658502817154,0.02609332650899887,0.3396710157394409,0.6125065088272095,0.6129642724990845,0.6555376052856445,-0.028839992359280586,2.5708792209625244,2.9508347511291504,0.10757774859666824,0.5539109706878662,0.015622571110725403,-0.4178852438926697,-0.17825455963611603,0.08975180238485336,-0.04991912841796875,-0.11596246808767319,0.28904107213020325,-0.08558744192123413,0.3199999928474426,0.0,0.09474213421344757,-0.12444618344306946,0.0,0.0,0.0,0.0,0.0,-1.6653345369377348e-15,0.0,0.0,0.0,0.0,0.0,0.0
2026-07-13_13-51-50,2026-07-13T13:52:34.288,43.384404,policy,1580,policy,0.07199999690055847,0.0,0.07199999690055847,0.0,0.10799999535083771,0.0,0.10799999535083771,0.0,0.04,xsens:live,-0.004187526647001505,-0.08274415135383606,-0.9965620636940002,4.7463587414114405,-0.24075388791888597,0.0,2.19998836517334,10.657195091247559,24.0,12,can0:12,25.530963000164775,39.16812695210698,0.49240699991059955,6.304520999947272,12,9.779351234436035,30.22797393798828,,"BL_hip_joint,BR_hip_joint,FL_hip_joint,FR_hip_joint,BL_thigh_joint,BR_thigh_joint,FL_thigh_joint,FR_thigh_joint,BL_calf_joint,BR_calf_joint,FL_calf_joint,FR_calf_joint",965e94c4cebfc45b9ef609d4a677a5ee35961a895700aad478603f43844b3779,"step=001580 mode=policy vx= 0.072 vy= 0.000 vxy= 0.072 yaw= 0.000 speed=0.04 imu=xsens:live tilt_rp=[+4.7,-0.2]deg imu_corr=0.000 act_max= 2.200 tau_cmd= 10.657 tau_cmd_max= 24.000 cmds=12 bus=can0:12 hz=39.2 tx=0.5ms fb_age=6.3ms fb=12 policy_cmd=[ 0.108, 0.000, 0.000] tau_fb= 9.779 tau_fb_max= 30.228",0.0,0.0,0.0,-0.5660206079483032,0.04945472255349159,0.004897266626358032,-0.004187526647001505,-0.08274415135383606,-0.9965620636940002,0.10799999535083771,0.0,0.0,-0.0625116229057312,-0.08130346238613129,-0.12847481667995453,-0.011888713575899601,-0.021859893575310707,-0.5825470089912415,0.20747722685337067,0.08974061161279678,0.04832186922430992,-0.13230988383293152,0.5334581136703491,-0.38772547245025635,-0.9384441375732422,-1.4410840272903442,-0.5648975968360901,1.0977507829666138,0.2847377061843872,0.09796441346406937,0.8743553161621094,-0.4422132074832916,-0.3634754419326782,-3.2753989696502686,2.455061435699463,-0.10208441317081451,1.2497109174728394,-0.5334091186523438,-0.8181337714195251,0.9383401274681091,0.08081040531396866,-0.7047994136810303,1.3715970516204834,0.45110630989074707,-0.8829367160797119,-2.793611526489258,2.2679603099823,5.392019748687744,1.5771938562393188,-0.409345418214798,-0.6871394515037537,0.8228240013122559,0.09151574969291687,-1.053659200668335,1.3438599109649658,0.6051805019378662,-1.0639119148254395,-3.008962631225586,2.497967481613159,5.71038293838501,1.4489235877990723,-0.477241575717926,-0.7029838562011719,0.9184238910675049,0.05721759796142578,-0.9532920122146606,1.3388394117355347,0.5190321207046509,-1.0296720266342163,-2.167304277420044,2.185314893722534,2.19998836517334,-0.0625116229057312,-0.08130346238613129,-0.12847481667995453,-0.011888713575899601,-0.021859893575310707,-0.5825470089912415,0.20747722685337067,0.08974061161279678,0.04832186922430992,-0.13230988383293152,0.5334581136703491,-0.38772547245025635,-0.9384441375732422,-1.4410840272903442,-0.5648975968360901,1.0977507829666138,0.2847377061843872,0.09796441346406937,0.8743553161621094,-0.4422132074832916,-0.3634754419326782,-3.2753989696502686,2.455061435699463,-0.10208441317081451,0.21184146404266357,-0.1193103939294815,-0.17574596405029297,0.22960597276687622,0.014304399490356445,-0.2796926498413086,0.33470985293388367,0.12975803017616272,0.0,-0.3999999761581421,0.5463287234306335,-0.0903724953532219,0.0,0.0,0.0,0.0,0.0,0.0,0.0,0.0,0.0,0.0,0.0,0.0
2026-07-13_13-51-50,2026-07-13T13:52:34.838,43.934294,policy,1600,policy,0.07199999690055847,0.0,0.07199999690055847,0.0,0.10799999535083771,0.0,0.10799999535083771,0.0,0.04,xsens:live,0.021740665659308434,-0.0025429276283830404,-0.9997604489326477,0.1457336171544878,1.2457505139599008,0.0,2.0538859367370605,12.9713773727417,24.0,12,can0:12,25.374379999902885,39.409829915206885,0.4998310000701167,6.286664000072051,12,12.006592750549316,24.031496047973633,,"BL_hip_joint,BR_hip_joint,FL_hip_joint,FR_hip_joint,BL_thigh_joint,BR_thigh_joint,FL_thigh_joint,FR_thigh_joint,BL_calf_joint,BR_calf_joint,FL_calf_joint,FR_calf_joint",965e94c4cebfc45b9ef609d4a677a5ee35961a895700aad478603f43844b3779,"step=001600 mode=policy vx= 0.072 vy= 0.000 vxy= 0.072 yaw= 0.000 speed=0.04 imu=xsens:live tilt_rp=[+0.1,+1.2]deg imu_corr=0.000 act_max= 2.054 tau_cmd= 12.971 tau_cmd_max= 24.000 cmds=12 bus=can0:12 hz=39.4 tx=0.5ms fb_age=6.3ms fb=12 policy_cmd=[ 0.108, 0.000, 0.000] tau_fb= 12.007 tau_fb_max= 24.031",0.0,0.0,0.0,-0.2616882622241974,0.014626235701143742,0.10440722107887268,0.021740665659308434,-0.0025429276283830404,-0.9997604489326477,0.10799999535083771,0.0,0.0,-0.006519617512822151,-0.08130346238613129,0.04256926476955414,-0.22358451783657074,-0.2519640326499939,-0.3888759911060333,0.2818775773048401,0.1288583129644394,0.1764131784439087,-0.015723783522844315,0.10853245109319687,-0.14880067110061646,0.09659108519554138,0.9109774827957153,-0.8171330690383911,0.1744132786989212,0.02471999265253544,0.06729331612586975,0.0398266538977623,1.538590669631958,-2.5795769691467285,1.198004126548767,-1.2877285480499268,0.7159642577171326,-0.10393274575471878,0.3003041744232178,-1.365425705909729,1.6771323680877686,0.03247222304344177,0.14687037467956543,-0.6526126861572266,0.07894812524318695,-0.7395532131195068,0.34529000520706177,-2.1609084606170654,-0.29250162839889526,-0.011519692838191986,0.16265565156936646,-1.0827288627624512,1.8642319440841675,-0.054919466376304626,0.06015671789646149,-0.6376940608024597,0.16653640568256378,-0.9763671159744263,-0.2297080010175705,-2.8161563873291016,-0.24673116207122803,0.003923446871340275,0.13776835799217224,-1.2291591167449951,1.741094708442688,-0.018664658069610596,0.07600755989551544,-0.6213309168815613,0.19287613034248352,-0.857308566570282,-0.01597440242767334,-2.0538859367370605,-0.19169016182422638,-0.006519617512822151,-0.08130346238613129,0.04256926476955414,-0.22358451783657074,-0.2519640326499939,-0.3888759911060333,0.2818775773048401,0.1288583129644394,0.1764131784439087,-0.015723783522844315,0.10853245109319687,-0.14880067110061646,0.09659108519554138,0.9109774827957153,-0.8171330690383911,0.1744132786989212,0.02471999265253544,0.06729331612586975,0.0398266538977623,1.538590669631958,-2.5795769691467285,1.198004126548767,-1.2877285480499268,0.7159642577171326,0.000980861485004425,0.03444208949804306,-0.280062198638916,0.08137214928865433,-0.004666164517402649,-0.0868651270866394,-0.01718750037252903,0.04821903258562088,0.0,-0.003993600606918335,0.0,-0.047922540456056595,0.0,0.0,0.0,0.0,0.0,0.0,0.0,0.0,0.0,0.0,0.0,0.0
2026-07-13_13-51-50,2026-07-13T13:52:35.390,44.486172,policy,1620,policy,0.07199999690055847,0.0,0.07199999690055847,0.0,0.10799999535083771,0.0,0.10799999535083771,0.0,0.04,xsens:live,0.020768817514181137,-0.04255872964859009,-0.9988781213760376,2.43969873055177,1.1911304580108852,0.0,2.1999998092651367,12.225914001464844,24.0,12,can0:12,25.362891999975545,39.42768040809243,0.4947749998791551,6.224262000159797,12,11.93151569366455,24.45631217956543,,"BL_hip_joint,BR_hip_joint,FL_hip_joint,FR_hip_joint,BL_thigh_joint,BR_thigh_joint,FL_thigh_joint,FR_thigh_joint,BL_calf_joint,BR_calf_joint,FL_calf_joint,FR_calf_joint",965e94c4cebfc45b9ef609d4a677a5ee35961a895700aad478603f43844b3779,"step=001620 mode=policy vx= 0.072 vy= 0.000 vxy= 0.072 yaw= 0.000 speed=0.04 imu=xsens:live tilt_rp=[+2.4,+1.2]deg imu_corr=0.000 act_max= 2.200 tau_cmd= 12.226 tau_cmd_max= 24.000 cmds=12 bus=can0:12 hz=39.4 tx=0.5ms fb_age=6.2ms fb=12 policy_cmd=[ 0.108, 0.000, 0.000] tau_fb= 11.932 tau_fb_max= 24.456",0.0,0.0,0.0,0.2637096345424652,-0.08710475265979767,0.43237587809562683,0.020768817514181137,-0.04255872964859009,-0.9988781213760376,0.10799999535083771,0.0,0.0,-0.0057526035234332085,-0.18791837990283966,0.0839880108833313,-0.22550205886363983,-0.20824424922466278,-0.5522499084472656,0.2768919765949249,-0.028763016685843468,0.12847481667995453,-0.1576213389635086,0.35320985317230225,-0.15992237627506256,-0.1899777203798294,-0.6266975998878479,-0.47334209084510803,-0.37583544850349426,0.10116885602474213,-0.30442214012145996,-0.002288888208568096,-1.2378307580947876,-0.33692434430122375,0.9755241274833679,-0.6065554022789001,0.22843104600906372,1.7662267684936523,-0.7858293056488037,0.2552017569541931,2.3477659225463867,0.3438516855239868,-1.0589277744293213,1.0332916975021362,-1.2015045881271362,-0.7371313571929932,-0.6592169404029846,1.0363686084747314,4.077144622802734,1.5542224645614624,-0.47436851263046265,0.34240612387657166,2.7265889644622803,0.08646410703659058,-0.9104810953140259,0.9305272698402405,-0.33929312229156494,-0.8097769021987915,-1.1087781190872192,1.2918716669082642,4.09553337097168,1.6629654169082642,-0.5596017837524414,0.2878459393978119,2.1871156692504883,0.20355376601219177,-0.9740539789199829,0.9935314059257507,-0.7101750373840332,-0.7606826424598694,-0.9243939518928528,1.195068597793579,2.1999998092651367,-0.0057526035234332085,-0.18791837990283966,0.0839880108833313,-0.22550205886363983,-0.20824424922466278,-0.5522499084472656,0.2768919765949249,-0.028763016685843468,0.12847481667995453,-0.1576213389635086,0.35320985317230225,-0.15992237627506256,-0.1899777203798294,-0.6266975998878479,-0.47334209084510803,-0.37583544850349426,0.10116885602474213,-0.30442214012145996,-0.002288888208568096,-1.2378307580947876,-0.33692434430122375,0.9755241274833679,-0.6065554022789001,0.22843104600906372,0.2891833186149597,-0.13990044593811035,0.07196148484945297,0.06432276964187622,0.05088844150304794,-0.2604612410068512,0.24838285148143768,-0.2408405989408493,0.0,-0.22549156844615936,0.2987671494483948,0.0,0.0,0.0,0.0,0.0,0.0,0.0,0.0,0.0,0.0,0.0,0.0,0.0
2026-07-13_13-51-50,2026-07-13T13:52:35.938,45.034223,policy,1640,policy,0.07199999690055847,0.0,0.07199999690055847,0.0,0.10799999535083771,0.0,0.10799999535083771,0.0,0.04,xsens:live,0.05769773945212364,-0.013174531981348991,-0.9982472062110901,0.7561265922740493,3.307961190255733,0.0,2.1999998092651367,14.375797271728516,24.0,12,can0:12,25.30474500008495,39.518280069474834,0.4825830001209397,6.2577349999628495,12,12.851954460144043,27.074800491333008,,"BL_hip_joint,BR_hip_joint,FL_hip_joint,FR_hip_joint,BL_thigh_joint,BR_thigh_joint,FL_thigh_joint,FR_thigh_joint,BL_calf_joint,BR_calf_joint,FL_calf_joint,FR_calf_joint",965e94c4cebfc45b9ef609d4a677a5ee35961a895700aad478603f43844b3779,"step=001640 mode=policy vx= 0.072 vy= 0.000 vxy= 0.072 yaw= 0.000 speed=0.04 imu=xsens:live tilt_rp=[+0.8,+3.3]deg imu_corr=0.000 act_max= 2.200 tau_cmd= 14.376 tau_cmd_max= 24.000 cmds=12 bus=can0:12 hz=39.5 tx=0.5ms fb_age=6.3ms fb=12 policy_cmd=[ 0.108, 0.000, 0.000] tau_fb= 12.852 tau_fb_max= 27.075",0.0,0.0,0.0,-0.06370694190263748,0.12929514050483704,0.13559389114379883,0.05769773945212364,-0.013174531981348991,-0.9982472062110901,0.10799999535083771,0.0,0.0,-0.036049649119377136,-0.18178227543830872,0.12540675699710846,-0.1998070925474167,-0.1438150852918625,-0.41840603947639465,0.3601129651069641,-0.2726733982563019,0.07593436539173126,-0.39309456944465637,0.5204188823699951,-0.15416976809501648,0.08011108636856079,0.19455549120903015,-0.12085329741239548,-0.14099551737308502,0.3039643466472626,-0.06271553784608841,-0.05630664899945259,-0.07049775868654251,-0.14145329594612122,0.4943998456001282,-0.843684196472168,1.4360485076904297,1.8127567768096924,-0.16330429911613464,0.45270901918411255,1.8992197513580322,0.12395831942558289,-0.516289234161377,0.1539400815963745,0.04279959201812744,-1.4065964221954346,-1.3577426671981812,1.09022057056427,4.006485462188721,1.5367015600204468,-0.49470254778862,0.5153840780258179,1.8784891366958618,0.09434506297111511,-0.3436722159385681,-0.1211133524775505,0.35752761363983154,-1.308056354522705,-1.269179344177246,0.6282686591148376,3.2873759269714355,1.6314606666564941,-0.3797125518321991,0.4810108542442322,1.8871835470199585,0.10561488568782806,-0.432692289352417,-0.004401244223117828,0.16560083627700806,-1.343225359916687,-1.310772180557251,0.8530187606811523,2.1999998092651367,-0.036049649119377136,-0.18178227543830872,0.12540675699710846,-0.1998070925474167,-0.1438150852918625,-0.41840603947639465,0.3601129651069641,-0.2726733982563019,0.07593436539173126,-0.39309456944465637,0.5204188823699951,-0.15416976809501648,0.08011108636856079,0.19455549120903015,-0.12085329741239548,-0.14099551737308502,0.3039643466472626,-0.06271553784608841,-0.05630664899945259,-0.07049775868654251,-0.14145329594612122,0.4943998456001282,-0.843684196472168,1.4360485076904297,0.26631370186805725,-0.09492813795804977,0.12025271356105804,0.09647583216428757,0.026403721421957016,-0.11997040361166,0.058404240757226944,-0.05740799009799957,0.0,-0.32769304513931274,0.24126337468624115,0.0,0.0,0.0,0.0,0.0,0.0,0.0,0.0,0.0,0.0,0.0,0.0,0.0
2026-07-13_13-51-50,2026-07-13T13:52:36.493,45.588851,policy,1660,policy,0.07199999690055847,0.0,0.07199999690055847,0.0,0.10799999535083771,0.0,0.10799999535083771,0.0,0.04,xsens:live,0.07567410171031952,0.02189052104949951,-0.9968923330307007,-1.2579421992641615,4.340997582333384,0.0,2.1921606063842773,10.930342674255371,24.0,12,can0:12,31.05468000012479,32.20126563841526,0.5219439999564202,6.3343150000036985,12,7.915279865264893,22.357860565185547,,"BL_hip_joint,BR_hip_joint,FL_hip_joint,FR_hip_joint,BL_thigh_joint,BR_thigh_joint,FL_thigh_joint,FR_thigh_joint,BL_calf_joint,BR_calf_joint,FL_calf_joint,FR_calf_joint",965e94c4cebfc45b9ef609d4a677a5ee35961a895700aad478603f43844b3779,"step=001660 mode=policy vx= 0.072 vy= 0.000 vxy= 0.072 yaw= 0.000 speed=0.04 imu=xsens:live tilt_rp=[-1.3,+4.3]deg imu_corr=0.000 act_max= 2.192 tau_cmd= 10.930 tau_cmd_max= 24.000 cmds=12 bus=can0:12 hz=32.2 tx=0.5ms fb_age=6.3ms fb=12 policy_cmd=[ 0.108, 0.000, 0.000] tau_fb= 7.915 tau_fb_max= 22.358",0.0,0.0,0.0,0.25461244583129883,-0.1950979232788086,-0.18489958345890045,0.07567410171031952,0.02189052104949951,-0.9968923330307007,0.10799999535083771,0.0,0.0,0.015340276062488556,0.09587672352790833,0.15992237627506256,-0.1165860965847969,0.08974061161279678,0.24966299533843994,-0.2416093498468399,-0.326747864484787,0.06519617140293121,0.029146524146199226,0.4571402370929718,-0.013039235025644302,0.001831110566854477,-2.4848170280456543,0.5493331551551819,0.04943998530507088,0.5969420671463013,1.845301628112793,0.6093020439147949,-0.38499099016189575,0.3749198913574219,-0.9764397144317627,-0.7777642011642456,-1.0808130502700806,-0.5349873304367065,-0.5538493394851685,-0.9383719563484192,2.461256742477417,0.8105921745300293,-0.17872875928878784,-1.5757726430892944,-2.0221264362335205,0.5859950184822083,0.6634519100189209,-3.7264914512634277,-1.609554648399353,-1.4729280471801758,-0.7382976412773132,-1.833554983139038,2.241267442703247,1.5248650312423706,-0.22537647187709808,-0.8899345397949219,-1.8006923198699951,0.9262021780014038,1.1307307481765747,-2.8083317279815674,-1.6491509675979614,-1.006865382194519,-0.7356224060058594,-1.277518630027771,2.1586685180664062,1.1121302843093872,-0.10443450510501862,-1.0486276149749756,-1.8295059204101562,0.7567372918128967,0.9027940630912781,-2.1921606063842773,-1.5411345958709717,0.015340276062488556,0.09587672352790833,0.15992237627506256,-0.1165860965847969,0.08974061161279678,0.24966299533843994,-0.2416093498468399,-0.326747864484787,0.06519617140293121,0.029146524146199226,0.4571402370929718,-0.013039235025644302,0.001831110566854477,-2.4848170280456543,0.5493331551551819,0.04943998530507088,0.5969420671463013,1.845301628112793,0.6093020439147949,-0.38499099016189575,0.3749198913574219,-0.9764397144317627,-0.7777642011642456,-1.0808130502700806,-0.010854795575141907,-0.18390560150146484,0.038869038224220276,0.18493381142616272,0.09030033648014069,0.008818358182907104,-0.2621569037437439,-0.3290442228317261,0.18918432295322418,0.0,0.13559140264987946,-0.23999999463558197,0.0,0.0,0.0,0.0,0.0,0.0,0.0,0.0,0.0,0.0,0.0,0.0
2026-07-13_13-51-50,2026-07-13T13:52:37.044,46.139874,policy,1680,policy,0.07199999690055847,0.0,0.07199999690055847,0.0,0.10799999535083771,0.0,0.10799999535083771,0.0,0.04,xsens:live,0.034694019705057144,0.055032238364219666,-0.9978817105293274,-3.156610783811988,1.991238550356621,0.0,2.199725389480591,9.542021751403809,24.0,12,can0:12,25.381933000062418,39.398102579403265,0.5086959999971441,6.313609999779146,12,10.045472145080566,26.378978729248047,,"BL_hip_joint,BR_hip_joint,FL_hip_joint,FR_hip_joint,BL_thigh_joint,BR_thigh_joint,FL_thigh_joint,FR_thigh_joint,BL_calf_joint,BR_calf_joint,FL_calf_joint,FR_calf_joint",965e94c4cebfc45b9ef609d4a677a5ee35961a895700aad478603f43844b3779,"step=001680 mode=policy vx= 0.072 vy= 0.000 vxy= 0.072 yaw= 0.000 speed=0.04 imu=xsens:live tilt_rp=[-3.2,+2.0]deg imu_corr=0.000 act_max= 2.200 tau_cmd= 9.542 tau_cmd_max= 24.000 cmds=12 bus=can0:12 hz=39.4 tx=0.5ms fb_age=6.3ms fb=12 policy_cmd=[ 0.108, 0.000, 0.000] tau_fb= 10.045 tau_fb_max= 26.379",0.0,0.0,0.0,-0.592662513256073,-0.10663570463657379,-0.24989250302314758,0.034694019705057144,0.055032238364219666,-0.9978817105293274,0.10799999535083771,0.0,0.0,-0.09127464145421982,-0.10431388020515442,0.1633739322423935,0.08015294373035431,0.32406333088874817,0.09165815263986588,-0.18600085377693176,-0.44103294610977173,0.3367190659046173,-0.22972063720226288,0.15378627181053162,-0.1998070925474167,-0.16022217273712158,0.12176885455846786,0.5548264980316162,1.7578661441802979,1.2062441110610962,-0.2549821436405182,0.747093141078949,-0.16571550071239471,3.140354633331299,0.01235999632626772,0.8033997416496277,-2.759941339492798,-0.5448518395423889,-0.9794545769691467,-1.6837072372436523,0.5064109563827515,1.487365484237671,0.06812581419944763,0.43290743231773376,-1.2673457860946655,1.8169277906417847,1.5847902297973633,-2.6708695888519287,-0.7999709844589233,-0.5578776597976685,-0.8767411112785339,-1.6429224014282227,0.12820366024971008,1.1448311805725098,0.16626504063606262,-0.418313205242157,-1.0537813901901245,1.4611928462982178,1.0679898262023926,-3.075439691543579,-0.9074838161468506,-0.5302512645721436,-0.9505940675735474,-1.6531617641448975,0.36752766370773315,1.2503734827041626,0.10018670558929443,-0.11732243001461029,-1.1412314176559448,1.5591113567352295,1.254030704498291,-2.199725389480591,-0.8872658014297485,-0.09127464145421982,-0.10431388020515442,0.1633739322423935,0.08015294373035431,0.32406333088874817,0.09165815263986588,-0.18600085377693176,-0.44103294610977173,0.3367190659046173,-0.22972063720226288,0.15378627181053162,-0.1998070925474167,-0.16022217273712158,0.12176885455846786,0.5548264980316162,1.7578661441802979,1.2062441110610962,-0.2549821436405182,0.747093141078949,-0.16571550071239471,3.140354633331299,0.01235999632626772,0.8033997416496277,-2.759941339492798,-0.1325628161430359,-0.23764851689338684,-0.12152864038944244,0.12299664318561554,0.31259337067604065,0.02504667639732361,0.03041510283946991,-0.2853078544139862,0.3897778391838074,0.0,0.0,-0.22181645035743713,0.0,0.0,0.0,0.0,0.0,0.0,0.0,0.0,0.0,0.0,0.0,0.0
2026-07-13_13-51-50,2026-07-13T13:52:37.594,46.689467,policy,1700,policy,0.07199999690055847,0.0,0.07199999690055847,0.0,0.10799999535083771,0.0,0.10799999535083771,0.0,0.04,xsens:live,0.0026156555395573378,0.053499527275562286,-0.9985644817352295,-3.0667716548010735,0.15008112451297084,0.0,2.1999940872192383,11.973200798034668,24.0,12,can0:12,31.189437999728398,32.062135906671614,0.5230960000517371,6.325962000119034,12,8.971526145935059,19.688100814819336,,"BL_hip_joint,BR_hip_joint,FL_hip_joint,FR_hip_joint,BL_thigh_joint,BR_thigh_joint,FL_thigh_joint,FR_thigh_joint,BL_calf_joint,BR_calf_joint,FL_calf_joint,FR_calf_joint",965e94c4cebfc45b9ef609d4a677a5ee35961a895700aad478603f43844b3779,"step=001700 mode=policy vx= 0.072 vy= 0.000 vxy= 0.072 yaw= 0.000 speed=0.04 imu=xsens:live tilt_rp=[-3.1,+0.2]deg imu_corr=0.000 act_max= 2.200 tau_cmd= 11.973 tau_cmd_max= 24.000 cmds=12 bus=can0:12 hz=32.1 tx=0.5ms fb_age=6.3ms fb=12 policy_cmd=[ 0.108, 0.000, 0.000] tau_fb= 8.972 tau_fb_max= 19.688",0.0,0.0,0.0,0.23649708926677704,0.05751177668571472,-0.20586402714252472,0.0026156555395573378,0.053499527275562286,-0.9985644817352295,0.10799999535083771,0.0,0.0,0.09204165637493134,0.04141874611377716,0.0429527722299099,0.046404335647821426,0.39808017015457153,0.08245398104190826,-0.10393036901950836,-0.37008416652679443,0.3919440507888794,-0.19098643958568573,0.2304876446723938,-0.22972063720226288,1.2858973741531372,0.599230945110321,-0.19684438407421112,-1.2300485372543335,-1.1252174377441406,0.45503097772598267,-0.28061768412590027,0.37675100564956665,-3.161412477493286,1.0629596710205078,-0.6257820129394531,0.9837641716003418,1.3088916540145874,-1.2511976957321167,0.5965641736984253,0.12323201447725296,0.1000208854675293,-0.24809113144874573,0.3098033666610718,-1.431656837463379,-2.951244592666626,-0.5189005136489868,-4.747979164123535,0.8616665005683899,0.9434486627578735,-1.367100715637207,0.124391108751297,0.4052129089832306,0.19586899876594543,-0.33129221200942993,0.3702561557292938,-1.4986727237701416,-2.505190372467041,-0.417361855506897,-4.642178058624268,0.7706760764122009,1.0589158535003662,-1.2054566144943237,0.2309192717075348,0.3020453155040741,0.17030656337738037,-0.27782484889030457,0.30296576023101807,-1.4281593561172485,-2.1224074363708496,-0.40601426362991333,-2.1999940872192383,0.7204633951187134,0.09204165637493134,0.04141874611377716,0.0429527722299099,0.046404335647821426,0.39808017015457153,0.08245398104190826,-0.10393036901950836,-0.37008416652679443,0.3919440507888794,-0.19098643958568573,0.2304876446723938,-0.22972063720226288,1.2858973741531372,0.599230945110321,-0.19684438407421112,-1.2300485372543335,-1.1252174377441406,0.45503097772598267,-0.28061768412590027,0.37675100564956665,-3.161412477493286,1.0629596710205078,-0.6257820129394531,0.9837641716003418,0.17226478457450867,-0.22570137679576874,0.0577298179268837,0.07551132887601852,0.06697637587785721,-0.06945621222257614,0.07574144005775452,-0.35703983902931213,0.05050252377986908,-0.10150356590747833,0.0,0.0,0.0,0.0,0.0,0.0,0.0,0.0,0.0,0.0,0.0,0.0,0.0,0.0
2026-07-13_13-51-50,2026-07-13T13:52:38.143,47.239201,policy,1720,policy,0.07199999690055847,0.0,0.07199999690055847,0.0,0.10799999535083771,0.0,0.10799999535083771,0.0,0.04,xsens:live,0.0038213394582271576,0.004709739703685045,-0.9999816417694092,-0.2698511663435894,0.2189495768076917,0.0,2.0950350761413574,9.978818893432617,17.323102951049805,12,can0:12,25.13289699982124,39.78848916649412,0.5194489999666985,6.393516999651183,12,8.671528816223145,18.23786163330078,,"BL_hip_joint,BR_hip_joint,FL_hip_joint,FR_hip_joint,BL_thigh_joint,BR_thigh_joint,FL_thigh_joint,FR_thigh_joint,BL_calf_joint,BR_calf_joint,FL_calf_joint,FR_calf_joint",965e94c4cebfc45b9ef609d4a677a5ee35961a895700aad478603f43844b3779,"step=001720 mode=policy vx= 0.072 vy= 0.000 vxy= 0.072 yaw= 0.000 speed=0.04 imu=xsens:live tilt_rp=[-0.3,+0.2]deg imu_corr=0.000 act_max= 2.095 tau_cmd= 9.979 tau_cmd_max= 17.323 cmds=12 bus=can0:12 hz=39.8 tx=0.5ms fb_age=6.4ms fb=12 policy_cmd=[ 0.108, 0.000, 0.000] tau_fb= 8.672 tau_fb_max= 18.238",0.0,0.0,0.0,0.11509434878826141,-0.14669153094291687,0.060797493904829025,0.0038213394582271576,0.004709739703685045,-0.9999816417694092,0.10799999535083771,0.0,0.0,0.06366214901208878,0.03144756704568863,-0.032981593161821365,-0.05637551471590996,0.29645082354545593,-0.03374860808253288,-0.006519617512822151,-0.08360450714826584,-0.026078470051288605,-0.09434270113706589,0.14803366363048553,-0.10699842870235443,0.0238044373691082,0.24079103767871857,-0.9096041917800903,-0.6747642159461975,0.3964354395866394,-0.2536088228225708,0.12176885455846786,-0.04531998559832573,1.7972350120544434,-0.1185644119977951,-0.8766441941261292,1.0451064109802246,0.9749985337257385,0.02218664437532425,-0.6960613131523132,-0.219991996884346,1.099294900894165,-0.4969700574874878,1.7986189126968384,0.7841371893882751,1.782355546951294,1.4180549383163452,-1.7386161088943481,2.2553741931915283,-0.038149550557136536,-1.3070425987243652,0.5041860938072205,1.1416270732879639,0.6766989231109619,-0.7256060838699341,1.349650263786316,-0.5933932065963745,0.8664489984512329,1.4836419820785522,-2.4373841285705566,1.5671931505203247,0.3245466649532318,-0.873932957649231,0.05864015221595764,0.6949700713157654,0.7692146301269531,-0.6459710001945496,1.4042350053787231,-0.16931374371051788,1.1033905744552612,1.3857067823410034,-2.0950350761413574,1.6520631313323975,0.06366214901208878,0.03144756704568863,-0.032981593161821365,-0.05637551471590996,0.29645082354545593,-0.03374860808253288,-0.006519617512822151,-0.08360450714826584,-0.026078470051288605,-0.09434270113706589,0.14803366363048553,-0.10699842870235443,0.0238044373691082,0.24079103767871857,-0.9096041917800903,-0.6747642159461975,0.3964354395866394,-0.2536088228225708,0.12176885455846786,-0.04531998559832573,1.7972350120544434,-0.1185644119977951,-0.8766441941261292,1.0451064109802246,0.16953133046627045,-0.09739664196968079,-0.11220055818557739,0.0506293922662735,0.19230365753173828,-0.1614927500486374,0.17100992798805237,0.06588400900363922,0.23999999463558197,0.0,0.0,0.0,0.0,0.0,0.0,0.0,0.0,0.0,0.0,0.0,0.0,0.0,0.0,0.0
2026-07-13_13-51-50,2026-07-13T13:52:38.676,47.771840,pose,1740,stand,0.0,0.0,0.0,0.0,0.0,0.0,0.0,0.0,0.04,xsens:live,0.013402855023741722,0.007597777061164379,-0.999881386756897,-0.43536382103396404,0.7679721294183236,0.0,0.0,9.30652141571045,22.87518882751465,12,can0:12,30.015590999937558,33.31601899832925,0.4510930002652458,6.26307899983658,12,9.401837348937988,23.247779846191406,,"BL_hip_joint,BR_hip_joint,FL_hip_joint,FR_hip_joint,BL_thigh_joint,BR_thigh_joint,FL_thigh_joint,FR_thigh_joint,BL_calf_joint,BR_calf_joint,FL_calf_joint,FR_calf_joint",965e94c4cebfc45b9ef609d4a677a5ee35961a895700aad478603f43844b3779,"step=001740 mode=stand  vx= 0.000 vy= 0.000 vxy= 0.000 yaw= 0.000 speed=0.04 imu=xsens:live tilt_rp=[-0.4,+0.8]deg imu_corr=0.000 act_max= 0.000 tau_cmd= 9.307 tau_cmd_max= 22.875 cmds=12 bus=can0:12 hz=33.3 tx=0.5ms fb_age=6.3ms fb=12 tau_fb= 9.402 tau_fb_max= 23.248",,,,,,,,,,,,,,,,,,,,,,,,,,,,,,,,,,,,,,,,,,,,,,,,,0.0,0.0,0.0,0.0,0.0,0.0,0.0,0.0,0.0,0.0,0.0,0.0,0.0,0.0,0.0,0.0,0.0,0.0,0.0,0.0,0.0,0.0,0.0,0.0,-0.046787843108177185,0.02109287865459919,0.023777427151799202,-0.03259808570146561,0.21629789471626282,-0.05445798113942146,0.09741075336933136,-0.15608730912208557,0.18523383140563965,-0.06673020124435425,0.13576143980026245,-0.26730430126190186,-0.02471999265253544,-0.04577776417136192,-0.04028443247079849,0.14007996022701263,0.09796441346406937,-0.051271095871925354,0.10162663459777832,-0.09338664263486862,0.032959990203380585,-0.04211554303765297,-0.13138218224048615,-0.005493331700563431,-0.011526543647050858,-0.1383175253868103,-0.26342305541038513,0.0839686468243599,0.08213009685277939,0.0932512879371643,0.1063450500369072,-0.2819763720035553,0.15942639112472534,0.0,0.0,-0.10582317411899567,0.0,0.0,0.0,0.0,0.0,0.0,0.0,0.0,0.0,0.0,0.0,0.0
2026-07-13_13-51-50,2026-07-13T13:52:39.215,48.311221,policy,1760,policy,-0.07199999690055847,0.0,0.07199999690055847,0.0,-0.10799999535083771,0.0,0.10799999535083771,0.0,0.04,xsens:live,0.012687589041888714,0.003907556179910898,-0.999911904335022,-0.22390506268700172,0.7269703374737371,0.0,0.003785348031669855,7.129039287567139,16.18842887878418,12,can0:12,26.208787999621563,38.155140940299844,0.4982310001651058,6.3649720000285015,12,6.248359680175781,15.084689140319824,,"BL_hip_joint,BR_hip_joint,FL_hip_joint,FR_hip_joint,BL_thigh_joint,BR_thigh_joint,FL_thigh_joint,FR_thigh_joint,BL_calf_joint,BR_calf_joint,FL_calf_joint,FR_calf_joint",965e94c4cebfc45b9ef609d4a677a5ee35961a895700aad478603f43844b3779,"step=001760 mode=policy vx=-0.072 vy= 0.000 vxy= 0.072 yaw= 0.000 speed=0.04 imu=xsens:live tilt_rp=[-0.2,+0.7]deg imu_corr=0.000 act_max= 0.004 tau_cmd= 7.129 tau_cmd_max= 16.188 cmds=12 bus=can0:12 hz=38.2 tx=0.5ms fb_age=6.4ms fb=12 policy_cmd=[-0.108, 0.000, 0.000] tau_fb= 6.248 tau_fb_max= 15.085",0.0,0.0,0.0,0.0024281442165374756,0.003802031511440873,0.01657828874886036,0.012687589041888714,0.003907556179910898,-0.999911904335022,-0.10799999535083771,0.0,0.0,-0.046787843108177185,0.033365100622177124,0.029530031606554985,-0.057142529636621475,0.17602966725826263,-0.03835069015622139,0.0559920072555542,-0.1204211637377739,0.14228105545043945,-0.06941474974155426,0.13307689130306244,-0.22626906633377075,0.15655995905399323,0.5145420432090759,0.5314798355102539,-0.4348887503147125,-0.43900877237319946,0.08835108578205109,-0.28107547760009766,0.4756309688091278,-1.4007996320724487,-0.15472884476184845,-0.13046662509441376,0.8656575083732605,0.31714949011802673,-0.6023852825164795,0.34823310375213623,1.2009609937667847,-0.7924389839172363,-0.4007566273212433,0.6474360823631287,2.1566109657287598,-1.1022180318832397,0.3784036338329315,-0.37281349301338196,2.7387912273406982,0.699100136756897,-0.8330879211425781,0.09232042729854584,1.9627363681793213,-0.6244251728057861,-0.7020442485809326,0.759539008140564,2.0236716270446777,-0.9627083539962769,-0.3324362635612488,0.028033211827278137,2.3420932292938232,0.001202608342282474,-0.0014332571299746633,0.00015903011080808938,0.0033765663392841816,-0.001074513653293252,-0.001207731431350112,0.001306792488321662,0.00348204979673028,-0.0016565476544201374,-0.0005714872968383133,4.794853521161713e-05,0.003785348031669855,-0.046787843108177185,0.033365100622177124,0.029530031606554985,-0.057142529636621475,0.17602966725826263,-0.03835069015622139,0.0559920072555542,-0.1204211637377739,0.14228105545043945,-0.06941474974155426,0.13307689130306244,-0.22626906633377075,0.15655995905399323,0.5145420432090759,0.5314798355102539,-0.4348887503147125,-0.43900877237319946,0.08835108578205109,-0.28107547760009766,0.4756309688091278,-1.4007996320724487,-0.15472884476184845,-0.13046662509441376,0.8656575083732605,0.0003006520855706185,-0.0003583142824936658,3.975629806518555e-05,0.0008441415848210454,-0.000268628413323313,-0.000301932857837528,0.0003266981220804155,0.0008705109357833862,0.0,-0.00014287182420957834,1.1987133802904282e-05,0.0,0.0,0.0,0.0,0.0,0.0,0.0,0.0,0.0,0.0,0.0,0.0,0.0
2026-07-13_13-51-50,2026-07-13T13:52:39.777,48.872587,policy,1780,policy,-0.07199999690055847,0.0,0.07199999690055847,0.0,-0.10799999535083771,0.0,0.10799999535083771,0.0,0.04,xsens:live,0.014001973904669285,0.002553919330239296,-0.9998987317085266,-0.14634330056901762,0.8022828222395127,0.0,0.20082025229930878,7.286392688751221,15.653324127197266,12,can0:12,30.987637000180257,32.27093437276882,0.5029680000916414,7.865394999953423,12,7.448041915893555,16.351818084716797,,"BL_hip_joint,BR_hip_joint,FL_hip_joint,FR_hip_joint,BL_thigh_joint,BR_thigh_joint,FL_thigh_joint,FR_thigh_joint,BL_calf_joint,BR_calf_joint,FL_calf_joint,FR_calf_joint",965e94c4cebfc45b9ef609d4a677a5ee35961a895700aad478603f43844b3779,"step=001780 mode=policy vx=-0.072 vy= 0.000 vxy= 0.072 yaw= 0.000 speed=0.04 imu=xsens:live tilt_rp=[-0.1,+0.8]deg imu_corr=0.000 act_max= 0.201 tau_cmd= 7.286 tau_cmd_max= 15.653 cmds=12 bus=can0:12 hz=32.3 tx=0.5ms fb_age=7.9ms fb=12 policy_cmd=[-0.108, 0.000, 0.000] tau_fb= 7.448 tau_fb_max= 16.352",0.0,0.0,0.0,0.007016213145107031,0.007142873015254736,0.10417179763317108,0.014001973904669285,0.002553919330239296,-0.9998987317085266,-0.10799999535083771,0.0,0.0,-0.07363332808017731,0.021859893575310707,0.02416093461215496,-0.06979825347661972,-0.036049649119377136,0.11121699959039688,-0.15723782777786255,0.07363332808017731,0.05254044383764267,-0.09932828694581985,0.10047880560159683,-0.13576143980026245,0.08285775035619736,0.04531998559832573,-0.1272621899843216,-0.1661732792854309,-0.39368876814842224,0.3566087782382965,-0.3241065740585327,0.31449323892593384,0.04669332131743431,-0.032044436782598495,0.0,0.031128879636526108,1.1589654684066772,1.695542335510254,-1.4290121793746948,3.0098788738250732,-0.2430514395236969,-0.8837466239929199,1.2561748027801514,1.1760574579238892,-1.642842411994934,0.040669217705726624,0.46245503425598145,6.395129203796387,1.0576914548873901,1.6666208505630493,-1.2286503314971924,3.1720540523529053,-0.28034088015556335,-0.9460835456848145,1.3000949621200562,1.1956918239593506,-1.7509946823120117,-0.0712614357471466,0.5400803685188293,6.392628192901611,0.09696158021688461,0.15223611891269684,-0.11296994984149933,0.20082025229930878,-0.025436731055378914,-0.08612223714590073,0.11848139017820358,0.10904929786920547,-0.15938700735569,-0.006064265966415405,0.048983603715896606,0.20082025229930878,-0.07363332808017731,0.021859893575310707,0.02416093461215496,-0.06979825347661972,-0.036049649119377136,0.11121699959039688,-0.15723782777786255,0.07363332808017731,0.05254044383764267,-0.09932828694581985,0.10047880560159683,-0.13576143980026245,0.08285775035619736,0.04531998559832573,-0.1272621899843216,-0.1661732792854309,-0.39368876814842224,0.3566087782382965,-0.3241065740585327,0.31449323892593384,0.04669332131743431,-0.032044436782598495,0.0,0.031128879636526108,0.024240395054221153,0.03805902972817421,-0.028242487460374832,0.050205063074827194,-0.0063591827638447285,-0.02153055928647518,0.029620347544550896,0.02726232446730137,0.0,-0.0015160664916038513,0.012245900928974152,0.0,0.0,0.0,0.0,0.0,0.0,0.0,0.0,0.0,0.0,0.0,0.0,0.0
2026-07-13_13-51-50,2026-07-13T13:52:40.333,49.428829,policy,1800,policy,-0.07199999690055847,0.0,0.07199999690055847,0.0,-0.10799999535083771,0.0,0.10799999535083771,0.0,0.04,xsens:live,0.010772720910608768,-0.012664454989135265,-0.9998617768287659,0.7256813260210854,0.6172928844100933,0.0,0.6523187160491943,8.22812271118164,17.79763412475586,12,can0:12,25.26682300003813,39.577591531728814,0.48543100001552375,6.294888999946124,12,8.474074363708496,17.402873992919922,,"BL_hip_joint,BR_hip_joint,FL_hip_joint,FR_hip_joint,BL_thigh_joint,BR_thigh_joint,FL_thigh_joint,FR_thigh_joint,BL_calf_joint,BR_calf_joint,FL_calf_joint,FR_calf_joint",965e94c4cebfc45b9ef609d4a677a5ee35961a895700aad478603f43844b3779,"step=001800 mode=policy vx=-0.072 vy= 0.000 vxy= 0.072 yaw= 0.000 speed=0.04 imu=xsens:live tilt_rp=[+0.7,+0.6]deg imu_corr=0.000 act_max= 0.652 tau_cmd= 8.228 tau_cmd_max= 17.798 cmds=12 bus=can0:12 hz=39.6 tx=0.5ms fb_age=6.3ms fb=12 policy_cmd=[-0.108, 0.000, 0.000] tau_fb= 8.474 tau_fb_max= 17.403",0.0,0.0,0.0,0.017914921045303345,-0.016261639073491096,-0.10335594415664673,0.010772720910608768,-0.012664454989135265,-0.9998617768287659,-0.10799999535083771,0.0,0.0,-0.07248280197381973,0.046404335647821426,0.026078470051288605,-0.0559920072555542,-0.1426645666360855,0.2136133462190628,-0.1614564061164856,0.18063175678253174,0.060594089329242706,-0.11083349585533142,0.13767898082733154,-0.13422740995883942,0.025635547935962677,0.028839992359280586,0.05172887444496155,0.1185644119977951,-0.05401776358485222,0.17212440073490143,-0.010986663401126862,0.18082216382026672,0.05218665301799774,0.03021332435309887,-0.02288888208568096,-0.08194220066070557,-0.7297810316085815,1.9401673078536987,-1.0304051637649536,2.87943959236145,-1.7917003631591797,0.7023361921310425,0.8759557008743286,2.1411726474761963,-1.3429584503173828,0.9034667611122131,0.6049079298973083,5.426517486572266,-1.0019387006759644,1.7256122827529907,-1.033742070198059,2.715395927429199,-1.9224258661270142,0.6646475791931152,0.8111740946769714,2.018049478530884,-1.436996579170227,0.98741215467453,0.5799585580825806,5.472583293914795,-0.2851870059967041,0.5202772617340088,-0.30567583441734314,0.6523187160491943,-0.5639294385910034,0.19752304255962372,0.24332304298877716,0.6032539010047913,-0.4222700297832489,0.28820106387138367,0.17312894761562347,0.6523187160491943,-0.07248280197381973,0.046404335647821426,0.026078470051288605,-0.0559920072555542,-0.1426645666360855,0.2136133462190628,-0.1614564061164856,0.18063175678253174,0.060594089329242706,-0.11083349585533142,0.13767898082733154,-0.13422740995883942,0.025635547935962677,0.028839992359280586,0.05172887444496155,0.1185644119977951,-0.05401776358485222,0.17212440073490143,-0.010986663401126862,0.18082216382026672,0.05218665301799774,0.03021332435309887,-0.02288888208568096,-0.08194220066070557,-0.07129675149917603,0.1300693154335022,-0.07641895860433578,0.16307967901229858,-0.14098235964775085,0.04938076063990593,0.06083076074719429,0.15081347525119781,0.0,0.0,0.04328223690390587,0.0,0.0,0.0,0.0,0.0,0.0,0.0,0.0,0.0,0.0,0.0,0.0,0.0
2026-07-13_13-51-50,2026-07-13T13:52:40.879,49.975094,policy,1820,policy,-0.07199999690055847,0.0,0.07199999690055847,0.0,-0.10799999535083771,0.0,0.10799999535083771,0.0,0.04,xsens:live,-0.006244795396924019,-0.03796328231692314,-0.9992597103118896,2.175700915574506,-0.35806083101889213,0.0,1.2902554273605347,12.519561767578125,24.0,12,can0:12,31.513421999989077,31.7325106743516,0.5081520002931939,6.32589899987579,12,10.943938255310059,21.929380416870117,,"BL_hip_joint,BR_hip_joint,FL_hip_joint,FR_hip_joint,BL_thigh_joint,BR_thigh_joint,FL_thigh_joint,FR_thigh_joint,BL_calf_joint,BR_calf_joint,FL_calf_joint,FR_calf_joint",965e94c4cebfc45b9ef609d4a677a5ee35961a895700aad478603f43844b3779,"step=001820 mode=policy vx=-0.072 vy= 0.000 vxy= 0.072 yaw= 0.000 speed=0.04 imu=xsens:live tilt_rp=[+2.2,-0.4]deg imu_corr=0.000 act_max= 1.290 tau_cmd= 12.520 tau_cmd_max= 24.000 cmds=12 bus=can0:12 hz=31.7 tx=0.5ms fb_age=6.3ms fb=12 policy_cmd=[-0.108, 0.000, 0.000] tau_fb= 10.944 tau_fb_max= 21.929",0.0,0.0,0.0,-0.13570639491081238,-0.02129674144089222,0.15515018999576569,-0.006244795396924019,-0.03796328231692314,-0.9992597103118896,-0.10799999535083771,0.0,0.0,-0.13115936517715454,-0.04832186922430992,-0.007670138031244278,-0.07861891388893127,-0.0709487795829773,0.2968343496322632,-0.1418975591659546,0.2155308723449707,0.19942358136177063,-0.19175344705581665,0.07823541015386581,-0.1836998015642166,-0.24857325851917267,-0.09430219233036041,-0.33921322226524353,-0.3410443365573883,1.8306528329849243,0.0009155552834272385,-0.12817774713039398,-0.6331064701080322,0.634022057056427,-0.3552354574203491,-0.04943998530507088,-0.574510931968689,0.2635323107242584,-1.396630048751831,-1.2275995016098022,-0.2087821364402771,1.6513941287994385,1.306183099746704,-2.0137555599212646,-1.6563578844070435,1.0820902585983276,1.3667136430740356,-2.5043413639068604,-0.5797691941261292,0.38113880157470703,-1.191138744354248,-1.041959524154663,0.24265336990356445,1.5219292640686035,1.3115830421447754,-2.260056257247925,-1.5769693851470947,0.7737535834312439,1.2805805206298828,-2.960763931274414,-0.5436697602272034,0.20257987082004547,-0.7289250493049622,-0.6300572156906128,0.06860475242137909,0.9106406569480896,0.7590561509132385,-1.2527375221252441,-0.9407746195793152,0.4946656823158264,0.7691428065299988,-1.2902554273605347,-0.324226438999176,-0.13115936517715454,-0.04832186922430992,-0.007670138031244278,-0.07861891388893127,-0.0709487795829773,0.2968343496322632,-0.1418975591659546,0.2155308723449707,0.19942358136177063,-0.19175344705581665,0.07823541015386581,-0.1836998015642166,-0.24857325851917267,-0.09430219233036041,-0.33921322226524353,-0.3410443365573883,1.8306528329849243,0.0009155552834272385,-0.12817774713039398,-0.6331064701080322,0.634022057056427,-0.3552354574203491,-0.04943998530507088,-0.574510931968689,0.05064496770501137,-0.18223126232624054,-0.1575143039226532,0.017151188105344772,0.2276601642370224,0.18976403772830963,-0.31318438053131104,-0.10203985869884491,0.1236664205789566,0.0,0.0,-0.081056609749794,0.0,0.0,0.0,0.0,0.0,0.0,0.0,0.0,0.0,0.0,0.0,0.0
2026-07-13_13-51-50,2026-07-13T13:52:41.433,50.528703,policy,1840,policy,-0.07199999690055847,0.0,0.07199999690055847,0.0,-0.10799999535083771,0.0,0.10799999535083771,0.0,0.04,xsens:live,-0.026426607742905617,-0.10590766370296478,-0.9940247535705566,6.081595397139096,-1.5228760784661828,0.0,1.9287467002868652,10.686336517333984,24.0,12,can0:12,25.226725000266015,39.640500302336314,0.4814939998141199,6.295209000199975,12,9.459212303161621,20.046998977661133,,"BL_hip_joint,BR_hip_joint,FL_hip_joint,FR_hip_joint,BL_thigh_joint,BR_thigh_joint,FL_thigh_joint,FR_thigh_joint,BL_calf_joint,BR_calf_joint,FL_calf_joint,FR_calf_joint",965e94c4cebfc45b9ef609d4a677a5ee35961a895700aad478603f43844b3779,"step=001840 mode=policy vx=-0.072 vy= 0.000 vxy= 0.072 yaw= 0.000 speed=0.04 imu=xsens:live tilt_rp=[+6.1,-1.5]deg imu_corr=0.000 act_max= 1.929 tau_cmd= 10.686 tau_cmd_max= 24.000 cmds=12 bus=can0:12 hz=39.6 tx=0.5ms fb_age=6.3ms fb=12 policy_cmd=[-0.108, 0.000, 0.000] tau_fb= 9.459 tau_fb_max= 20.047",0.0,0.0,0.0,-0.3387719690799713,-0.020894410088658333,-0.031509995460510254,-0.026426607742905617,-0.10590766370296478,-0.9940247535705566,-0.10799999535083771,0.0,0.0,-0.13000884652137756,0.266920804977417,-0.16759251058101654,0.00153402762953192,0.1438150852918625,0.18868540227413177,0.07861891388893127,0.33058294653892517,0.14496560394763947,-0.11543557792901993,0.23355570435523987,-0.13077585399150848,-1.7349772453308105,-1.6191595792770386,1.04281747341156,0.08606220036745071,0.37720876932144165,0.20874661207199097,-0.5694754123687744,-0.2137821614742279,1.234168529510498,-1.0277107954025269,-2.164372682571411,0.33051544427871704,-0.9329289197921753,-1.861133337020874,-0.3155859708786011,-1.3068609237670898,0.8678491115570068,0.3242419958114624,-0.4784303307533264,-0.5611863136291504,0.7257583737373352,2.3995437622070312,-1.829179286956787,1.0540804862976074,-0.43330278992652893,-2.275114059448242,-1.2113491296768188,-2.1929237842559814,0.7053818702697754,0.18333277106285095,-0.2991575300693512,-0.4843440055847168,0.6730870604515076,2.4887855052948,-1.9493803977966309,0.059090934693813324,-0.5194294452667236,-1.798927664756775,-0.8293015360832214,-1.6181756258010864,0.6333657503128052,0.22380532324314117,-0.3309127688407898,-0.42182281613349915,0.6119711399078369,1.9287467002868652,-1.6226022243499756,0.41465815901756287,-0.13000884652137756,0.266920804977417,-0.16759251058101654,0.00153402762953192,0.1438150852918625,0.18868540227413177,0.07861891388893127,0.33058294653892517,0.14496560394763947,-0.11543557792901993,0.23355570435523987,-0.13077585399150848,-1.7349772453308105,-1.6191595792770386,1.04281747341156,0.08606220036745071,0.37720876932144165,0.20874661207199097,-0.5694754123687744,-0.2137821614742279,1.234168529510498,-1.0277107954025269,-2.164372682571411,0.33051544427871704,-0.1298573613166809,-0.07776638865470886,-0.20732538402080536,-0.12966562807559967,0.1583414375782013,0.055951330810785294,-0.08272819221019745,0.024543633684515953,0.15299278497695923,0.0,0.0,0.0,0.0,0.0,0.0,0.0,0.0,0.0,0.0,0.0,0.0,0.0,0.0,0.0
2026-07-13_13-51-50,2026-07-13T13:52:41.981,51.076784,policy,1860,policy,-0.07199999690055847,0.0,0.07199999690055847,0.0,-0.10799999535083771,0.0,0.10799999535083771,0.0,0.04,xsens:live,-0.06556759774684906,-0.028962012380361557,-0.997427761554718,1.6632131284984246,-3.7610235019845275,0.0,2.0918426513671875,11.39786148071289,24.0,12,can0:12,30.323349999889615,32.97788667820806,0.48536700023760204,6.414414999653673,12,9.956053733825684,21.530197143554688,,"BL_hip_joint,BR_hip_joint,FL_hip_joint,FR_hip_joint,BL_thigh_joint,BR_thigh_joint,FL_thigh_joint,FR_thigh_joint,BL_calf_joint,BR_calf_joint,FL_calf_joint,FR_calf_joint",965e94c4cebfc45b9ef609d4a677a5ee35961a895700aad478603f43844b3779,"step=001860 mode=policy vx=-0.072 vy= 0.000 vxy= 0.072 yaw= 0.000 speed=0.04 imu=xsens:live tilt_rp=[+1.7,-3.8]deg imu_corr=0.000 act_max= 2.092 tau_cmd= 11.398 tau_cmd_max= 24.000 cmds=12 bus=can0:12 hz=33.0 tx=0.5ms fb_age=6.4ms fb=12 policy_cmd=[-0.108, 0.000, 0.000] tau_fb= 9.956 tau_fb_max= 21.530",0.0,0.0,0.0,-0.36157676577568054,0.01690760627388954,-0.3573373854160309,-0.06556759774684906,-0.028962012380361557,-0.997427761554718,-0.10799999535083771,0.0,0.0,0.07171578705310822,0.08322099596261978,0.08168696612119675,0.023010414093732834,0.6166790723800659,0.35781192779541016,-0.10239633917808533,0.15340276062488556,0.008053644560277462,-0.14611612260341644,0.14036352932453156,-0.07324981689453125,-0.4142887592315674,-1.2419507503509521,1.9872127771377563,1.853083848953247,-0.3643909990787506,-0.7544175386428833,-0.17853328585624695,0.7846308946609497,-0.28199103474617004,-0.7502975463867188,0.010528885759413242,-0.2453688234090805,-0.27778202295303345,0.13981202244758606,1.165565013885498,2.903378963470459,-0.27660900354385376,-0.7318664789199829,0.11846062541007996,0.10567718744277954,0.04585855454206467,-0.755744993686676,-0.0766063705086708,2.025740385055542,-0.20527859032154083,0.946344256401062,-0.33757907152175903,1.1437621116638184,0.458053857088089,-0.5993613600730896,0.2736693322658539,-0.17035457491874695,0.4714473783969879,0.570193350315094,0.027027085423469543,3.416332244873047,-0.07876259088516235,0.6061459183692932,0.2828686237335205,1.4915359020233154,0.2050197422504425,-0.5891605019569397,0.23481416702270508,-0.00583474338054657,0.2511034905910492,0.10348030924797058,-0.043983642011880875,2.0918426513671875,0.07171578705310822,0.08322099596261978,0.08168696612119675,0.023010414093732834,0.6166790723800659,0.35781192779541016,-0.10239633917808533,0.15340276062488556,0.008053644560277462,-0.14611612260341644,0.14036352932453156,-0.07324981689453125,-0.4142887592315674,-1.2419507503509521,1.9872127771377563,1.853083848953247,-0.3643909990787506,-0.7544175386428833,-0.17853328585624695,0.7846308946609497,-0.28199103474617004,-0.7502975463867188,0.010528885759413242,-0.2453688234090805,0.08053857088088989,0.05825144052505493,0.24074237048625946,0.37288397550582886,0.30649805068969727,0.03690515086054802,0.05870354175567627,0.005008518695831299,0.0627758726477623,-0.10830631852149963,0.0,0.0,0.0,0.0,0.0,0.0,1.942890293094024e-15,0.0,0.0,0.0,0.0,0.0,0.0,0.0
2026-07-13_13-51-50,2026-07-13T13:52:42.536,51.631618,policy,1880,policy,-0.07199999690055847,0.0,0.07199999690055847,0.0,-0.10799999535083771,0.0,0.10799999535083771,0.0,0.04,xsens:live,-0.03740747645497322,-0.022161390632390976,-0.9990543723106384,1.270747602985567,-2.1443174814517443,0.0,2.1999998092651367,12.23626708984375,24.0,12,can0:12,25.274567999986175,39.565463591723784,0.5117040000186535,6.31905000000188,12,10.228583335876465,25.265663146972656,,"BL_hip_joint,BR_hip_joint,FL_hip_joint,FR_hip_joint,BL_thigh_joint,BR_thigh_joint,FL_thigh_joint,FR_thigh_joint,BL_calf_joint,BR_calf_joint,FL_calf_joint,FR_calf_joint",965e94c4cebfc45b9ef609d4a677a5ee35961a895700aad478603f43844b3779,"step=001880 mode=policy vx=-0.072 vy= 0.000 vxy= 0.072 yaw= 0.000 speed=0.04 imu=xsens:live tilt_rp=[+1.3,-2.1]deg imu_corr=0.000 act_max= 2.200 tau_cmd= 12.236 tau_cmd_max= 24.000 cmds=12 bus=can0:12 hz=39.6 tx=0.5ms fb_age=6.3ms fb=12 policy_cmd=[-0.108, 0.000, 0.000] tau_fb= 10.229 tau_fb_max= 25.266",0.0,0.0,0.0,0.05631968751549721,-0.0613480880856514,-0.3677845299243927,-0.03740747645497322,-0.022161390632390976,-0.9990543723106384,-0.10799999535083771,0.0,0.0,0.061361104249954224,0.38389042019844055,0.02761249616742134,0.28417861461639404,0.5204188823699951,-0.14611612260341644,0.2312546670436859,0.27650848031044006,0.03221457824110985,-0.04832186922430992,0.27957653999328613,-0.2370072603225708,-0.04028443247079849,-0.032959990203380585,-1.9977415800094604,0.11490219086408615,0.0796533077955246,-2.921994686126709,2.005523920059204,0.13641773164272308,-0.8912930488586426,0.06958220154047012,0.43900877237319946,0.8944975137710571,0.08187535405158997,0.37240710854530334,-5.510246753692627,-0.4018371105194092,0.4722827672958374,1.1538052558898926,0.8523464202880859,3.338496685028076,1.1763147115707397,1.5284087657928467,1.2969939708709717,6.295422077178955,0.22524787485599518,-0.4262985289096832,-4.376480579376221,-0.6174355149269104,0.20598898828029633,1.0436179637908936,-0.12136895209550858,2.617549419403076,0.4271981120109558,0.4691045880317688,0.9754189252853394,4.629209041595459,0.2402203381061554,-0.10153837502002716,-2.182016134262085,-0.3897281587123871,0.3231056332588196,0.9039102792739868,0.23526960611343384,2.0997567176818848,0.5541151762008667,0.8072339296340942,1.0549569129943848,2.1999998092651367,0.061361104249954224,0.38389042019844055,0.02761249616742134,0.28417861461639404,0.5204188823699951,-0.14611612260341644,0.2312546670436859,0.27650848031044006,0.03221457824110985,-0.04832186922430992,0.27957653999328613,-0.2370072603225708,-0.04028443247079849,-0.032959990203380585,-1.9977415800094604,0.11490219086408615,0.0796533077955246,-2.921994686126709,2.005523920059204,0.13641773164272308,-0.8912930488586426,0.06958220154047012,0.43900877237319946,0.8944975137710571,0.11957994103431702,0.08282370120286942,-0.32748571038246155,0.25387006998062134,0.22244901955127716,-0.017653658986091614,0.14439959824085236,0.2054911106824875,0.13852879405021667,0.0,0.2637392282485962,0.0,0.0,0.0,0.0,0.0,0.0,0.0,0.0,0.0,0.0,0.0,0.0,0.0
2026-07-13_13-51-50,2026-07-13T13:52:43.082,52.178224,policy,1900,policy,-0.07199999690055847,0.0,0.07199999690055847,0.0,-0.10799999535083771,0.0,0.10799999535083771,0.0,0.04,xsens:live,-0.046015407890081406,-0.08936694264411926,-0.9949352741241455,5.132640064613003,-2.6480227400428396,0.0,2.199986696243286,13.476109504699707,24.0,12,can0:12,25.421326000014233,39.337051104235876,0.4896229997939372,6.294537000030687,12,11.263465881347656,26.122623443603516,,"BL_hip_joint,BR_hip_joint,FL_hip_joint,FR_hip_joint,BL_thigh_joint,BR_thigh_joint,FL_thigh_joint,FR_thigh_joint,BL_calf_joint,BR_calf_joint,FL_calf_joint,FR_calf_joint",965e94c4cebfc45b9ef609d4a677a5ee35961a895700aad478603f43844b3779,"step=001900 mode=policy vx=-0.072 vy= 0.000 vxy= 0.072 yaw= 0.000 speed=0.04 imu=xsens:live tilt_rp=[+5.1,-2.6]deg imu_corr=0.000 act_max= 2.200 tau_cmd= 13.476 tau_cmd_max= 24.000 cmds=12 bus=can0:12 hz=39.3 tx=0.5ms fb_age=6.3ms fb=12 policy_cmd=[-0.108, 0.000, 0.000] tau_fb= 11.263 tau_fb_max= 26.123",0.0,0.0,0.0,-0.28196871280670166,-0.3100588917732239,-0.11247994750738144,-0.046015407890081406,-0.08936694264411926,-0.9949352741241455,-0.10799999535083771,0.0,0.0,-0.1771801859140396,0.37468624114990234,-0.13767898082733154,-0.23355570435523987,0.07133228331804276,0.050239402800798416,-0.0279960036277771,0.0410352386534214,0.15148521959781647,-0.1119840145111084,0.06596318632364273,-0.12348922342061996,0.5008087158203125,0.3236487805843353,-1.5157017707824707,-0.31449323892593384,-0.5154576301574707,0.16342662274837494,-1.6795861721038818,0.19638660550117493,-1.3293862342834473,0.018768884241580963,-0.03570665791630745,0.5877864956855774,1.770558476448059,-3.433696985244751,-2.6290035247802734,-0.28914719820022583,-0.516261100769043,-0.602126955986023,-0.02177310734987259,-0.5578584671020508,-0.8874536752700806,1.037236213684082,-2.78529953956604,0.3081410825252533,2.8978819847106934,-2.800675630569458,-1.2875608205795288,0.04643502086400986,-0.3157467842102051,-0.9633042812347412,1.1526933908462524,-0.570785641670227,-2.017383575439453,0.3633548319339752,-3.5063788890838623,0.6852371096611023,1.916633129119873,-2.199986696243286,-1.606905460357666,-0.13908514380455017,-0.3327479362487793,-0.7438711524009705,0.6218472123146057,-0.5652743577957153,-1.4961161613464355,0.6487032175064087,-2.1025123596191406,0.5447452068328857,-0.1771801859140396,0.37468624114990234,-0.13767898082733154,-0.23355570435523987,0.07133228331804276,0.050239402800798416,-0.0279960036277771,0.0410352386534214,0.15148521959781647,-0.1119840145111084,0.06596318632364273,-0.12348922342061996,0.5008087158203125,0.3236487805843353,-1.5157017707824707,-0.31449323892593384,-0.5154576301574707,0.16342662274837494,-1.6795861721038818,0.19638660550117493,-1.3293862342834473,0.018768884241580963,-0.03570665791630745,0.5877864956855774,0.13675235211849213,0.08342628180980682,-0.4017263650894165,-0.05119779706001282,-0.08318698406219482,-0.16408812999725342,-0.011002473533153534,-0.14131858944892883,0.0,0.0,0.0,0.0,0.0,1.2212453270876722e-15,0.0,0.0,0.0,0.0,0.0,0.0,0.0,0.0,0.0,0.0
2026-07-13_13-51-50,2026-07-13T13:52:43.639,52.734865,policy,1920,policy,-0.07199999690055847,0.0,0.07199999690055847,0.0,-0.10799999535083771,0.0,0.10799999535083771,0.0,0.04,xsens:live,-0.050088416785001755,-0.05700548365712166,-0.9971166849136353,3.2720565173839398,-2.875736274820412,0.0,2.1999998092651367,12.75469970703125,24.0,12,can0:12,31.240609000178665,32.00961927452442,0.5004069998904015,6.325770999865199,12,11.200901985168457,24.1816463470459,,"BL_hip_joint,BR_hip_joint,FL_hip_joint,FR_hip_joint,BL_thigh_joint,BR_thigh_joint,FL_thigh_joint,FR_thigh_joint,BL_calf_joint,BR_calf_joint,FL_calf_joint,FR_calf_joint",965e94c4cebfc45b9ef609d4a677a5ee35961a895700aad478603f43844b3779,"step=001920 mode=policy vx=-0.072 vy= 0.000 vxy= 0.072 yaw= 0.000 speed=0.04 imu=xsens:live tilt_rp=[+3.3,-2.9]deg imu_corr=0.000 act_max= 2.200 tau_cmd= 12.755 tau_cmd_max= 24.000 cmds=12 bus=can0:12 hz=32.0 tx=0.5ms fb_age=6.3ms fb=12 policy_cmd=[-0.108, 0.000, 0.000] tau_fb= 11.201 tau_fb_max= 24.182",0.0,0.0,0.0,-0.18286702036857605,-0.019800661131739616,0.14279556274414062,-0.050088416785001755,-0.05700548365712166,-0.9971166849136353,-0.10799999535083771,0.0,0.0,-0.23662376403808594,0.32137879729270935,-0.08974061161279678,-0.16107289493083954,-0.03259808570146561,0.1296253353357315,-0.17679667472839355,0.11696960777044296,0.06289513409137726,-0.1334604024887085,0.11236751824617386,-0.14956769347190857,0.1194799616932869,-0.10849329829216003,-1.0657063722610474,-0.7008575797080994,-0.08377330750226974,0.02288888208568096,-0.2531510293483734,0.18402661383152008,1.5436261892318726,0.11673329770565033,0.12131107598543167,0.6793420314788818,4.556682586669922,-2.9360384941101074,0.4068107008934021,-1.5277036428451538,0.953129768371582,0.4020369350910187,0.4273078441619873,0.16890357434749603,0.22196796536445618,1.2638930082321167,-0.5095396041870117,2.6814372539520264,4.422775745391846,-3.1511807441711426,1.856002688407898,0.3390182554721832,0.6554757356643677,-0.4329494535923004,0.7781904935836792,0.22722689807415009,-0.6859404444694519,0.36442118883132935,-0.47286248207092285,3.127021551132202,2.1999998092651367,-2.1999998092651367,1.2210348844528198,-0.26075825095176697,0.6838099360466003,-0.16906940937042236,0.667732834815979,0.20305044949054718,-0.36589986085891724,0.6713473796844482,-0.4450199604034424,2.1999998092651367,-0.23662376403808594,0.32137879729270935,-0.08974061161279678,-0.16107289493083954,-0.03259808570146561,0.1296253353357315,-0.17679667472839355,0.11696960777044296,0.06289513409137726,-0.1334604024887085,0.11236751824617386,-0.14956769347190857,0.1194799616932869,-0.10849329829216003,-1.0657063722610474,-0.7008575797080994,-0.08377330750226974,0.02288888208568096,-0.2531510293483734,0.18402661383152008,1.5436261892318726,0.11673329770565033,0.12131107598543167,0.6793420314788818,0.06682224571704865,0.018234912306070328,0.0009872913360595703,-0.17625735700130463,0.17095248401165009,-6.113946437835693e-05,0.11640197038650513,0.050762612372636795,0.0,0.0,0.0,0.0,0.0,0.0,0.0,0.0,0.0,0.0,-1.1102230246251565e-15,0.0,0.0,0.0,0.0,0.0
2026-07-13_13-51-50,2026-07-13T13:52:44.195,53.291199,policy,1940,policy,-0.07199999690055847,0.0,0.07199999690055847,0.0,-0.10799999535083771,0.0,0.10799999535083771,0.0,0.04,xsens:live,-0.054495230317115784,-0.08643490076065063,-0.9947659969329834,4.965939789892203,-3.135640813463529,0.0,2.1999990940093994,13.285980224609375,24.0,12,can0:12,25.36708399975396,39.421164845344435,0.49048699975173804,6.300297000052524,12,12.386548042297363,24.079103469848633,,"BL_hip_joint,BR_hip_joint,FL_hip_joint,FR_hip_joint,BL_thigh_joint,BR_thigh_joint,FL_thigh_joint,FR_thigh_joint,BL_calf_joint,BR_calf_joint,FL_calf_joint,FR_calf_joint",965e94c4cebfc45b9ef609d4a677a5ee35961a895700aad478603f43844b3779,"step=001940 mode=policy vx=-0.072 vy= 0.000 vxy= 0.072 yaw= 0.000 speed=0.04 imu=xsens:live tilt_rp=[+5.0,-3.1]deg imu_corr=0.000 act_max= 2.200 tau_cmd= 13.286 tau_cmd_max= 24.000 cmds=12 bus=can0:12 hz=39.4 tx=0.5ms fb_age=6.3ms fb=12 policy_cmd=[-0.108, 0.000, 0.000] tau_fb= 12.387 tau_fb_max= 24.079",0.0,0.0,0.0,0.16962960362434387,-0.034512583166360855,-0.09479077160358429,-0.054495230317115784,-0.08643490076065063,-0.9947659969329834,-0.10799999535083771,0.0,0.0,-0.2024916410446167,0.3451562225818634,-0.05906006321310997,-0.20862776041030884,-0.07516735047101974,0.18446682393550873,-0.011121700517833233,0.16874302923679352,0.11275102943181992,-0.1035468652844429,0.07938592880964279,-0.13307689130306244,0.1432843953371048,0.04577776417136192,-0.6756798028945923,-1.2213507890701294,0.28336435556411743,0.18082216382026672,-0.050355542451143265,-0.3099154531955719,1.991790533065796,0.6779686808586121,-0.14786218106746674,0.04440443217754364,-0.0005229581147432327,-4.624424457550049,-2.391047954559326,-0.908277153968811,1.1556620597839355,0.716856837272644,-1.314359188079834,-0.6857761740684509,0.5810999870300293,1.8599543571472168,-1.128360390663147,0.7655781507492065,0.09277933090925217,-4.351379871368408,-2.742677688598633,-0.3298693299293518,0.6365606784820557,0.8545199632644653,-1.4555121660232544,-0.580918550491333,0.45158636569976807,1.743560552597046,-1.5063434839248657,0.40450435876846313,0.2123478353023529,-2.1999990940093994,-2.1745495796203613,-0.588921070098877,0.8552299737930298,0.7706593871116638,-1.2631440162658691,-0.6512671709060669,0.4874227046966553,1.8152108192443848,-1.352726936340332,0.6895568370819092,-0.2024916410446167,0.3451562225818634,-0.05906006321310997,-0.20862776041030884,-0.07516735047101974,0.18446682393550873,-0.011121700517833233,0.16874302923679352,0.11275102943181992,-0.1035468652844429,0.07938592880964279,-0.13307689130306244,0.1432843953371048,0.04577776417136192,-0.6756798028945923,-1.2213507890701294,0.28336435556411743,0.18082216382026672,-0.050355542451143265,-0.3099154531955719,1.991790533065796,0.6779686808586121,-0.14786218106746674,0.04440443217754364,0.053086958825588226,0.04625479504466057,-0.3778015673160553,-0.18750430643558502,0.21380749344825745,0.19266484677791595,-0.1774831861257553,-0.13993994891643524,0.12185567617416382,-1.3877787807814457e-17,0.0,0.0,0.0,0.0,0.0,0.0,0.0,0.0,0.0,0.0,0.0,0.0,0.0,0.0
2026-07-13_13-51-50,2026-07-13T13:52:44.741,53.836995,policy,1960,policy,-0.07199999690055847,0.0,0.07199999690055847,0.0,-0.10799999535083771,0.0,0.10799999535083771,0.0,0.04,xsens:live,-0.06883254647254944,-0.04371906444430351,-0.9966698884963989,2.511677281581881,-3.950718438965593,0.0,2.199995756149292,10.811758995056152,24.0,12,can0:12,30.230640999889147,33.079020719529794,0.48101399988809135,6.255271000100038,12,9.940794944763184,24.25855255126953,,"BL_hip_joint,BR_hip_joint,FL_hip_joint,FR_hip_joint,BL_thigh_joint,BR_thigh_joint,FL_thigh_joint,FR_thigh_joint,BL_calf_joint,BR_calf_joint,FL_calf_joint,FR_calf_joint",965e94c4cebfc45b9ef609d4a677a5ee35961a895700aad478603f43844b3779,"step=001960 mode=policy vx=-0.072 vy= 0.000 vxy= 0.072 yaw= 0.000 speed=0.04 imu=xsens:live tilt_rp=[+2.5,-4.0]deg imu_corr=0.000 act_max= 2.200 tau_cmd= 10.812 tau_cmd_max= 24.000 cmds=12 bus=can0:12 hz=33.1 tx=0.5ms fb_age=6.3ms fb=12 policy_cmd=[-0.108, 0.000, 0.000] tau_fb= 9.941 tau_fb_max= 24.259",0.0,0.0,0.0,-0.37816765904426575,0.024031849578022957,-0.03624557703733444,-0.06883254647254944,-0.04371906444430351,-0.9966698884963989,-0.10799999535083771,0.0,0.0,-0.24774545431137085,0.3052715063095093,-0.04448680207133293,-0.14573262631893158,-0.11351804435253143,0.1706605702638626,-0.07631787657737732,0.02147638611495495,0.04525381326675415,-0.12348922342061996,0.12540675699710846,-0.04218575730919838,-0.027466658502817154,-0.2224799394607544,-0.07370220124721527,-0.08148442208766937,-0.024262215942144394,0.18860438466072083,-0.061342205852270126,0.06866664439439774,-0.043946653604507446,0.16891995072364807,-0.16388440132141113,-0.0631733164191246,5.159872055053711,-2.1757586002349854,-0.7390219569206238,-0.5686094164848328,-0.14075805246829987,-0.2193678617477417,0.05614014342427254,-0.10994827002286911,-0.4569946229457855,0.7253759503364563,-0.4298716187477112,2.941145420074463,4.6320061683654785,-2.442418336868286,-0.2145272046327591,0.37286126613616943,-0.14031454920768738,-0.535555362701416,0.10588829219341278,-0.2317376434803009,-0.6994126439094543,0.319182813167572,-0.6642900705337524,3.163411855697632,2.199995756149292,-2.182352066040039,-0.310322642326355,0.09825682640075684,-0.12062372267246246,-0.4357239305973053,0.10671746730804443,-0.16652560234069824,-0.6247628927230835,0.42626121640205383,-0.5597890019416809,2.1995761394500732,-0.24774545431137085,0.3052715063095093,-0.04448680207133293,-0.14573262631893158,-0.11351804435253143,0.1706605702638626,-0.07631787657737732,0.02147638611495495,0.04525381326675415,-0.12348922342061996,0.12540675699710846,-0.04218575730919838,-0.027466658502817154,-0.2224799394607544,-0.07370220124721527,-0.08148442208766937,-0.024262215942144394,0.18860438466072083,-0.061342205852270126,0.06866664439439774,-0.043946653604507446,0.16891995072364807,-0.16388440132141113,-0.0631733164191246,0.051659513264894485,-0.0010070105781778693,-0.07758066058158875,-0.02293071150779724,-0.030155930668115616,-0.10893098264932632,0.02667936682701111,-0.04163140058517456,0.0,0.0,0.0,0.0,0.0,1.2490009027033011e-15,0.0,0.0,0.0,0.0,0.0,0.0,0.0,0.0,0.0,0.0
2026-07-13_13-51-50,2026-07-13T13:52:45.299,54.395289,policy,1980,policy,-0.07199999690055847,0.0,0.07199999690055847,0.0,-0.10799999535083771,0.0,0.10799999535083771,0.0,0.04,xsens:live,-0.07379608601331711,-0.015793070197105408,-0.997148334980011,0.9073881837287215,-4.232580073076128,0.0,2.1999998092651367,12.4251708984375,24.0,12,can0:12,26.003882000168232,38.45579671502626,0.9417719998054963,6.753823000053671,12,11.596423149108887,25.79302406311035,,"BL_hip_joint,BR_hip_joint,FL_hip_joint,FR_hip_joint,BL_thigh_joint,BR_thigh_joint,FL_thigh_joint,FR_thigh_joint,BL_calf_joint,BR_calf_joint,FL_calf_joint,FR_calf_joint",965e94c4cebfc45b9ef609d4a677a5ee35961a895700aad478603f43844b3779,"step=001980 mode=policy vx=-0.072 vy= 0.000 vxy= 0.072 yaw= 0.000 speed=0.04 imu=xsens:live tilt_rp=[+0.9,-4.2]deg imu_corr=0.000 act_max= 2.200 tau_cmd= 12.425 tau_cmd_max= 24.000 cmds=12 bus=can0:12 hz=38.5 tx=0.9ms fb_age=6.8ms fb=12 policy_cmd=[-0.108, 0.000, 0.000] tau_fb= 11.596 tau_fb_max= 25.793",0.0,0.0,0.0,-0.3604336977005005,-0.10347069054841995,-0.010438263416290283,-0.07379608601331711,-0.015793070197105408,-0.997148334980011,-0.10799999535083771,0.0,0.0,-0.28226107358932495,0.28341159224510193,-0.030680552124977112,-0.07209929823875427,-0.14074702560901642,0.20747722685337067,-0.09932828694581985,0.054074473679065704,0.05637551471590996,-0.13921301066875458,0.16299043595790863,-0.08552204072475433,-0.11581774055957794,-0.2952665686607361,0.7003998160362244,0.7155064344406128,0.05813775956630707,-0.004577776417136192,0.004119998775422573,0.23392437398433685,0.0315866582095623,-0.001831110566854477,0.05813775956630707,0.8194220066070557,5.251745223999023,-1.00848388671875,-1.0375691652297974,0.2540082037448883,-0.09641577303409576,-0.22438167035579681,0.3746175765991211,1.0165371894836426,-0.11802837252616882,0.31143802404403687,0.8415195941925049,4.171605110168457,5.140204429626465,-1.2432821989059448,-0.7080935835838318,0.11933121830224991,0.02353375032544136,-0.43823933601379395,0.4470967948436737,0.3331109285354614,-0.311367392539978,0.39794790744781494,0.47949934005737305,4.018067836761475,2.1999998092651367,-1.2036032676696777,-0.6925491094589233,0.24676144123077393,-0.011334492824971676,-0.4119103252887726,0.42207300662994385,0.5201000571250916,-0.3006371855735779,0.31630924344062805,0.5421311259269714,2.1999998092651367,-0.28226107358932495,0.28341159224510193,-0.030680552124977112,-0.07209929823875427,-0.14074702560901642,0.20747722685337067,-0.09932828694581985,0.054074473679065704,0.05637551471590996,-0.13921301066875458,0.16299043595790863,-0.08552204072475433,-0.11581774055957794,-0.2952665686607361,0.7003998160362244,0.7155064344406128,0.05813775956630707,-0.004577776417136192,0.004119998775422573,0.23392437398433685,0.0315866582095623,-0.001831110566854477,0.05813775956630707,0.8194220066070557,0.014714238233864307,-0.024868536740541458,-0.16247963905334473,0.06169036030769348,-0.0028336234390735626,-0.09280896186828613,0.10551825165748596,0.1300250142812729,0.0,0.0,0.13553278148174286,0.0,0.0,0.0,0.0,0.0,0.0,0.0,0.0,0.0,0.0,0.0,0.0,0.0
2026-07-13_13-51-50,2026-07-13T13:52:45.859,54.954867,policy,2000,policy,-0.07199999690055847,0.0,0.07199999690055847,0.0,-0.10799999535083771,0.0,0.10799999535083771,0.0,0.04,xsens:live,-0.08101753145456314,-0.09140186011791229,-0.9925129413604736,5.261605136935975,-4.666632821765106,0.0,2.1999993324279785,14.153278350830078,24.0,12,can0:12,26.015243000074406,38.43900285679207,0.971341999957076,6.9057010000506125,12,12.88277816772461,25.448774337768555,,"BL_hip_joint,BR_hip_joint,FL_hip_joint,FR_hip_joint,BL_thigh_joint,BR_thigh_joint,FL_thigh_joint,FR_thigh_joint,BL_calf_joint,BR_calf_joint,FL_calf_joint,FR_calf_joint",965e94c4cebfc45b9ef609d4a677a5ee35961a895700aad478603f43844b3779,"step=002000 mode=policy vx=-0.072 vy= 0.000 vxy= 0.072 yaw= 0.000 speed=0.04 imu=xsens:live tilt_rp=[+5.3,-4.7]deg imu_corr=0.000 act_max= 2.200 tau_cmd= 14.153 tau_cmd_max= 24.000 cmds=12 bus=can0:12 hz=38.4 tx=1.0ms fb_age=6.9ms fb=12 policy_cmd=[-0.108, 0.000, 0.000] tau_fb= 12.883 tau_fb_max= 25.449",0.0,0.0,0.0,0.15976504981517792,-0.0027745962142944336,0.07077381014823914,-0.08101753145456314,-0.09140186011791229,-0.9925129413604736,-0.10799999535083771,0.0,0.0,-0.19328747689723969,0.34745725989341736,-0.1698935627937317,-0.2596341669559479,-0.00038350690738298,0.26193520426750183,-0.029913539066910744,0.018408332020044327,0.25886714458465576,-0.0690312385559082,0.06941474974155426,-0.09434270113706589,0.33646658062934875,0.491653174161911,-0.43122655153274536,-0.040742211043834686,1.5784173011779785,0.09704886376857758,-0.2847377061843872,-1.6713461875915527,-0.4829554259777069,0.8587908744812012,0.0119022186845541,0.0952177494764328,1.5909255743026733,-2.495882034301758,-3.901848793029785,0.8710969686508179,1.2493886947631836,0.2965329587459564,-0.2021373212337494,-0.470519483089447,0.1780783236026764,1.3152679204940796,-2.662855863571167,-0.020902693271636963,2.4135754108428955,-2.363889217376709,-2.9847371578216553,0.8084461092948914,0.16034772992134094,-0.11680112779140472,-0.056540027260780334,-0.33278346061706543,-0.2642584443092346,0.9724605679512024,-2.712660312652588,0.07648472487926483,1.8850016593933105,-2.1999993324279785,-2.197610378265381,0.7433348894119263,0.6376699209213257,0.08413182199001312,-0.16103819012641907,-0.38373130559921265,-0.0636444091796875,1.1377613544464111,-2.1827144622802734,0.05660921335220337,-0.19328747689723969,0.34745725989341736,-0.1698935627937317,-0.2596341669559479,-0.00038350690738298,0.26193520426750183,-0.029913539066910744,0.018408332020044327,0.25886714458465576,-0.0690312385559082,0.06941474974155426,-0.09434270113706589,0.33646658062934875,0.491653174161911,-0.43122655153274536,-0.040742211043834686,1.5784173011779785,0.09704886376857758,-0.2847377061843872,-1.6713461875915527,-0.4829554259777069,0.8587908744812012,0.0119022186845541,0.0952177494764328,0.11612565815448761,0.0608174093067646,-0.4819125831127167,0.03940572217106819,0.21286548674106598,0.03432326018810272,-0.04025954753160477,-0.09593282639980316,0.0,0.0,0.0,0.0,0.0,0.0,0.0,0.0,0.0,0.0,0.0,0.0,0.0,0.0,0.0,0.0
2026-07-13_13-51-50,2026-07-13T13:52:46.418,55.513868,policy,2020,policy,-0.07199999690055847,0.0,0.07199999690055847,0.0,-0.10799999535083771,0.0,0.10799999535083771,0.0,0.04,xsens:live,-0.06310075521469116,-0.04128425195813179,-0.9971529245376587,2.3708131229213336,-3.620901564512581,0.0,2.1999998092651367,13.701645851135254,24.0,12,can0:12,31.477067999730934,31.769159694560752,0.47829499999352265,6.2648390003232635,12,13.070162773132324,24.390392303466797,,"BL_hip_joint,BR_hip_joint,FL_hip_joint,FR_hip_joint,BL_thigh_joint,BR_thigh_joint,FL_thigh_joint,FR_thigh_joint,BL_calf_joint,BR_calf_joint,FL_calf_joint,FR_calf_joint",965e94c4cebfc45b9ef609d4a677a5ee35961a895700aad478603f43844b3779,"step=002020 mode=policy vx=-0.072 vy= 0.000 vxy= 0.072 yaw= 0.000 speed=0.04 imu=xsens:live tilt_rp=[+2.4,-3.6]deg imu_corr=0.000 act_max= 2.200 tau_cmd= 13.702 tau_cmd_max= 24.000 cmds=12 bus=can0:12 hz=31.8 tx=0.5ms fb_age=6.3ms fb=12 policy_cmd=[-0.108, 0.000, 0.000] tau_fb= 13.070 tau_fb_max= 24.390",0.0,0.0,0.0,0.2914137840270996,-0.18058419227600098,0.15978442132472992,-0.06310075521469116,-0.04128425195813179,-0.9971529245376587,-0.10799999535083771,0.0,0.0,-0.2761249542236328,0.2976013422012329,0.01380624808371067,-0.030680552124977112,0.17564615607261658,0.25541558861732483,0.026845483109354973,0.23930831253528595,0.032981593161821365,-0.11735311150550842,0.09971179068088531,-0.1250232458114624,0.17853328585624695,0.07644886523485184,-0.3808709979057312,-0.7036042213439941,-0.3817865550518036,0.16891995072364807,-0.45503097772598267,0.826288640499115,-0.2133243829011917,0.020142216235399246,0.1579332798719406,1.192968487739563,4.3950581550598145,-1.597994327545166,-1.8959057331085205,0.41570237278938293,0.7011635303497314,-0.6249018907546997,1.0755712985992432,1.5633856058120728,-0.039597079157829285,0.7109828591346741,0.39890217781066895,3.364799976348877,4.7074174880981445,-1.5371218919754028,-1.0020400285720825,0.7014086246490479,1.3726805448532104,-0.5910032987594604,1.1561187505722046,0.3716292977333069,-0.26370519399642944,0.9059165716171265,0.11262081563472748,3.7115135192871094,2.1999998092651367,-1.6192374229431152,-1.3501701354980469,0.6410295367240906,1.0362967252731323,-0.6049000024795532,1.0827103853225708,0.8461272716522217,-0.20093970000743866,0.811050295829773,0.15690642595291138,2.1999998092651367,-0.2761249542236328,0.2976013422012329,0.01380624808371067,-0.030680552124977112,0.17564615607261658,0.25541558861732483,0.026845483109354973,0.23930831253528595,0.032981593161821365,-0.11735311150550842,0.09971179068088531,-0.1250232458114624,0.17853328585624695,0.07644886523485184,-0.3808709979057312,-0.7036042213439941,-0.3817865550518036,0.16891995072364807,-0.45503097772598267,0.826288640499115,-0.2133243829011917,0.020142216235399246,0.1579332798719406,1.192968487739563,0.02894500270485878,-0.00045660659088753164,-0.2968280017375946,0.16025738418102264,0.12844832241535187,-0.04009941220283508,0.2706775963306427,0.3134446144104004,0.0,0.0,0.039226606488227844,0.0,0.0,0.0,0.0,0.0,0.0,0.0,0.0,0.0,0.0,0.0,0.0,0.0
2026-07-13_13-51-50,2026-07-13T13:52:46.974,56.070062,policy,2040,policy,-0.07199999690055847,0.0,0.07199999690055847,0.0,-0.10799999535083771,0.0,0.10799999535083771,0.0,0.04,xsens:live,-0.042934685945510864,0.021684937179088593,-0.9988425970077515,-1.2436996954199804,-2.4613116381919844,0.0,2.1821584701538086,14.243218421936035,24.0,12,can0:12,25.3208099998119,39.493207366092506,0.4837980000047537,6.297225000253093,12,14.350109100341797,25.415815353393555,,"BL_hip_joint,BR_hip_joint,FL_hip_joint,FR_hip_joint,BL_thigh_joint,BR_thigh_joint,FL_thigh_joint,FR_thigh_joint,BL_calf_joint,BR_calf_joint,FL_calf_joint,FR_calf_joint",965e94c4cebfc45b9ef609d4a677a5ee35961a895700aad478603f43844b3779,"step=002040 mode=policy vx=-0.072 vy= 0.000 vxy= 0.072 yaw= 0.000 speed=0.04 imu=xsens:live tilt_rp=[-1.2,-2.5]deg imu_corr=0.000 act_max= 2.182 tau_cmd= 14.243 tau_cmd_max= 24.000 cmds=12 bus=can0:12 hz=39.5 tx=0.5ms fb_age=6.3ms fb=12 policy_cmd=[-0.108, 0.000, 0.000] tau_fb= 14.350 tau_fb_max= 25.416",0.0,0.0,0.0,-0.10962188988924026,-0.05019158124923706,-0.11180044710636139,-0.042934685945510864,0.021684937179088593,-0.9988425970077515,-0.10799999535083771,0.0,0.0,-0.07363332808017731,0.11275102943181992,0.1139015480875969,-0.03835069015622139,0.4974084496498108,0.27190640568733215,-0.17296160757541656,-0.018791837617754936,0.060594089329242706,-0.18676786124706268,0.04218575730919838,-0.1856173425912857,0.17899106442928314,0.20004883408546448,-1.2849818468093872,0.6125065088272095,-0.334635466337204,0.42344433069229126,-1.7331461906433105,0.6106753945350647,-1.8681905269622803,0.04669332131743431,0.2595599293708801,0.6376842260360718,0.9997574090957642,0.586835503578186,-0.5171100497245789,2.125506639480591,-0.5610072612762451,-0.8120061159133911,0.42443516850471497,1.8831483125686646,0.011594533920288086,-0.3003717064857483,0.15398360788822174,2.5247738361358643,0.872700035572052,0.39698585867881775,0.14253169298171997,2.7255237102508545,-0.2898540198802948,-1.05237877368927,0.4255068600177765,1.7704648971557617,-0.02825048379600048,-0.5641822814941406,0.3959771990776062,2.614910840988159,0.9179664850234985,0.38740646839141846,-0.13573674857616425,2.1821584701538086,-0.3266703486442566,-0.9373902082443237,0.3558562397956848,1.6920239925384521,-0.034866124391555786,-0.46520859003067017,0.23116418719291687,2.1487908363342285,-0.07363332808017731,0.11275102943181992,0.1139015480875969,-0.03835069015622139,0.4974084496498108,0.27190640568733215,-0.17296160757541656,-0.018791837617754936,0.060594089329242706,-0.18676786124706268,0.04218575730919838,-0.1856173425912857,0.17899106442928314,0.20004883408546448,-1.2849818468093872,0.6125065088272095,-0.334635466337204,0.42344433069229126,-1.7331461906433105,0.6106753945350647,-1.8681905269622803,0.04669332131743431,0.2595599293708801,0.6376842260360718,0.22949162125587463,0.09685161709785461,-0.08313025534152985,0.2786535322666168,0.1880456656217575,-0.0166091937571764,0.028878331184387207,0.2493966668844223,0.0,-0.11630214750766754,0.05779104679822922,0.0,0.0,0.0,0.0,0.0,1.887379141862766e-15,0.0,0.0,0.0,0.0,0.0,0.0,0.0
2026-07-13_13-51-50,2026-07-13T13:52:47.518,56.613967,policy,2060,policy,-0.07199999690055847,0.0,0.07199999690055847,0.0,-0.10799999535083771,0.0,0.10799999535083771,0.0,0.04,xsens:live,-0.0368877537548542,-0.05300544574856758,-0.9979127645492554,3.040483233957017,-2.1169693701610774,0.0,2.1999998092651367,13.6422119140625,24.0,12,can0:12,30.541888999778166,32.74191717503994,0.4811429998881067,6.271207999816397,12,11.297036170959473,24.85915756225586,,"BL_hip_joint,BR_hip_joint,FL_hip_joint,FR_hip_joint,BL_thigh_joint,BR_thigh_joint,FL_thigh_joint,FR_thigh_joint,BL_calf_joint,BR_calf_joint,FL_calf_joint,FR_calf_joint",965e94c4cebfc45b9ef609d4a677a5ee35961a895700aad478603f43844b3779,"step=002060 mode=policy vx=-0.072 vy= 0.000 vxy= 0.072 yaw= 0.000 speed=0.04 imu=xsens:live tilt_rp=[+3.0,-2.1]deg imu_corr=0.000 act_max= 2.200 tau_cmd= 13.642 tau_cmd_max= 24.000 cmds=12 bus=can0:12 hz=32.7 tx=0.5ms fb_age=6.3ms fb=12 policy_cmd=[-0.108, 0.000, 0.000] tau_fb= 11.297 tau_fb_max= 24.859",0.0,0.0,0.0,0.6304927468299866,-0.028437376022338867,0.24122373759746552,-0.0368877537548542,-0.05300544574856758,-0.9979127645492554,-0.10799999535083771,0.0,0.0,-0.11428505927324295,0.11735311150550842,-0.15186873078346252,0.08974061161279678,0.16529147326946259,0.23815777897834778,-0.01227222103625536,0.27765899896621704,0.01035468652844429,-0.16107289493083954,0.17027705907821655,-0.0839880108833313,0.3117465674877167,-0.3071688115596771,0.6843775510787964,1.425061821937561,-0.491653174161911,0.4028443396091461,-0.3488265573978424,-0.46510207653045654,0.1583910584449768,-0.1661732792854309,0.39231544733047485,0.12176885455846786,0.9964280724525452,0.2898862659931183,-1.2276973724365234,0.6348295211791992,2.706385612487793,-0.6571478843688965,0.49084123969078064,-0.9463702440261841,1.0393599271774292,2.950587749481201,0.13338212668895721,6.340420722961426,0.4811992347240448,1.1209867000579834,-1.1855674982070923,-1.0275483131408691,3.5610427856445312,-1.1446558237075806,0.8707055449485779,-2.4307899475097656,1.897451639175415,4.251678466796875,-0.7352684736251831,4.960194110870361,0.5988670587539673,0.74332594871521,-0.9308383464813232,-0.27572083473205566,2.0534982681274414,-1.044896125793457,0.7871763110160828,-1.6097747087478638,1.3527497053146362,2.0165390968322754,-0.39529138803482056,2.1999998092651367,-0.11428505927324295,0.11735311150550842,-0.15186873078346252,0.08974061161279678,0.16529147326946259,0.23815777897834778,-0.01227222103625536,0.27765899896621704,0.01035468652844429,-0.16107289493083954,0.17027705907821655,-0.0839880108833313,0.3117465674877167,-0.3071688115596771,0.6843775510787964,1.425061821937561,-0.491653174161911,0.4028443396091461,-0.3488265573978424,-0.46510207653045654,0.1583910584449768,-0.1661732792854309,0.39231544733047485,0.12176885455846786,0.14971676468849182,0.05537858605384827,-0.2084053009748459,0.2001325637102127,0.35206347703933716,-0.05092430114746094,0.1967940777540207,-0.03529161587357521,0.1599999964237213,0.0,0.0,0.0,0.0,0.0,0.0,0.0,0.0,0.0,0.0,0.0,0.0,0.0,0.0,0.0
2026-07-13_13-51-50,2026-07-13T13:52:48.064,57.159811,pose,2080,stand,0.0,0.0,0.0,0.0,0.0,0.0,0.0,0.0,0.04,xsens:live,-0.03007122129201889,-0.007669619284570217,-0.9995183944702148,0.43963992415654873,-1.7232644367064427,0.0,0.0,14.603047370910645,24.0,12,can0:12,23.95079400002942,41.752269256658955,0.4680219999499968,6.432015999962459,12,14.629047393798828,24.584489822387695,,"BL_hip_joint,BR_hip_joint,FL_hip_joint,FR_hip_joint,BL_thigh_joint,BR_thigh_joint,FL_thigh_joint,FR_thigh_joint,BL_calf_joint,BR_calf_joint,FL_calf_joint,FR_calf_joint",965e94c4cebfc45b9ef609d4a677a5ee35961a895700aad478603f43844b3779,"step=002080 mode=stand  vx= 0.000 vy= 0.000 vxy= 0.000 yaw= 0.000 speed=0.04 imu=xsens:live tilt_rp=[+0.4,-1.7]deg imu_corr=0.000 act_max= 0.000 tau_cmd= 14.603 tau_cmd_max= 24.000 cmds=12 bus=can0:12 hz=41.8 tx=0.5ms fb_age=6.4ms fb=12 tau_fb= 14.629 tau_fb_max= 24.584",,,,,,,,,,,,,,,,,,,,,,,,,,,,,,,,,,,,,,,,,,,,,,,,,0.0,0.0,0.0,0.0,0.0,0.0,0.0,0.0,0.0,0.0,0.0,0.0,0.0,0.0,0.0,0.0,0.0,0.0,0.0,0.0,0.0,0.0,0.0,0.0,-0.21476386487483978,-0.0559920072555542,0.05254044383764267,-0.16912654042243958,0.1595388650894165,0.35205933451652527,-0.14036352932453156,-0.13499443233013153,0.24275986850261688,-0.2128463238477707,0.09932828694581985,-0.13691195845603943,-0.036164432764053345,-0.021973326802253723,-0.29023101925849915,0.13000884652137756,-0.2925199270248413,0.11764885485172272,-0.09979552775621414,0.13641773164272308,-0.20004883408546448,-0.11764885485172272,0.023346660658717155,0.28336435556411743,0.0844019204378128,-0.292752206325531,-0.23860374093055725,0.08711153268814087,0.17085061967372894,0.055134374648332596,-0.014383475296199322,-0.2830233573913574,0.16296517848968506,0.0,0.0,0.0,0.0,0.0,0.0,0.0,0.0,0.0,0.0,0.0,0.0,0.0,0.0,0.0
2026-07-13_13-51-50,2026-07-13T13:52:48.600,57.695662,pose,2100,stand,0.0,0.0,0.0,0.0,0.0,0.0,0.0,0.0,0.04,xsens:live,-0.04050210490822792,-0.020883474498987198,-0.9989612102508545,1.1976047495658804,-2.321741166075423,0.0,0.0,13.464279174804688,24.0,12,can0:12,30.542144999799348,32.74164273683363,0.4450769997674797,6.321001999822329,12,13.573107719421387,24.134037017822266,,"BL_hip_joint,BR_hip_joint,FL_hip_joint,FR_hip_joint,BL_thigh_joint,BR_thigh_joint,FL_thigh_joint,FR_thigh_joint,BL_calf_joint,BR_calf_joint,FL_calf_joint,FR_calf_joint",965e94c4cebfc45b9ef609d4a677a5ee35961a895700aad478603f43844b3779,"step=002100 mode=stand  vx= 0.000 vy= 0.000 vxy= 0.000 yaw= 0.000 speed=0.04 imu=xsens:live tilt_rp=[+1.2,-2.3]deg imu_corr=0.000 act_max= 0.000 tau_cmd= 13.464 tau_cmd_max= 24.000 cmds=12 bus=can0:12 hz=32.7 tx=0.4ms fb_age=6.3ms fb=12 tau_fb= 13.573 tau_fb_max= 24.134",,,,,,,,,,,,,,,,,,,,,,,,,,,,,,,,,,,,,,,,,,,,,,,,,0.0,0.0,0.0,0.0,0.0,0.0,0.0,0.0,0.0,0.0,0.0,0.0,0.0,0.0,0.0,0.0,0.0,0.0,0.0,0.0,0.0,0.0,0.0,0.0,-0.23355570435523987,-0.057909540832042694,0.0011505207512527704,-0.18178227543830872,0.0970272421836853,0.3957791328430176,-0.18446682393550873,-0.0970272421836853,0.21629789471626282,-0.20862776041030884,0.10086231678724289,-0.1296253353357315,-0.07003998011350632,0.014191106893122196,0.024262215942144394,-0.043946653604507446,0.04303110018372536,-0.056764427572488785,0.07599108666181564,-0.0398266538977623,-0.2146977186203003,0.006408886983990669,-0.02059999480843544,0.02059999480843544,0.06467850506305695,-0.21551555395126343,-0.17565304040908813,0.06412894278764725,0.12577520310878754,0.09405779093503952,-0.010588690638542175,-0.2083534598350525,0.1199701651930809,0.0,1.3877787807814457e-17,0.0,0.0,0.0,0.0,0.0,0.0,0.0,0.0,0.0,0.0,0.0,0.0,0.0
2026-07-13_13-51-50,2026-07-13T13:52:49.140,58.235750,pose,2120,stand,0.0,0.0,0.0,0.0,0.0,0.0,0.0,0.0,0.04,xsens:live,-0.039234086871147156,-0.025324678048491478,-0.9989091157913208,1.4522706769599805,-2.2492463741726234,0.0,0.0,11.10845947265625,24.0,12,can0:12,24.940409000009822,40.09557341259344,0.4580060003718245,6.407213999864325,12,11.20639705657959,24.148685455322266,,"BL_hip_joint,BR_hip_joint,FL_hip_joint,FR_hip_joint,BL_thigh_joint,BR_thigh_joint,FL_thigh_joint,FR_thigh_joint,BL_calf_joint,BR_calf_joint,FL_calf_joint,FR_calf_joint",965e94c4cebfc45b9ef609d4a677a5ee35961a895700aad478603f43844b3779,"step=002120 mode=stand  vx= 0.000 vy= 0.000 vxy= 0.000 yaw= 0.000 speed=0.04 imu=xsens:live tilt_rp=[+1.5,-2.2]deg imu_corr=0.000 act_max= 0.000 tau_cmd= 11.108 tau_cmd_max= 24.000 cmds=12 bus=can0:12 hz=40.1 tx=0.5ms fb_age=6.4ms fb=12 tau_fb= 11.206 tau_fb_max= 24.149",,,,,,,,,,,,,,,,,,,,,,,,,,,,,,,,,,,,,,,,,,,,,,,,,0.0,0.0,0.0,0.0,0.0,0.0,0.0,0.0,0.0,0.0,0.0,0.0,0.0,0.0,0.0,0.0,0.0,0.0,0.0,0.0,0.0,0.0,0.0,0.0,-0.2285701185464859,-0.03528263419866562,0.011121700517833233,-0.18715137243270874,0.07478384673595428,0.4003812074661255,-0.19175344705581665,-0.08974061161279678,0.1426645666360855,-0.1978895664215088,0.10124582052230835,-0.12770779430866241,-0.00045777764171361923,0.009613330475986004,0.028839992359280586,0.008239997550845146,-0.04623554274439812,0.03707998991012573,-0.02288888208568096,0.02700888179242611,-0.12039551883935928,0.0398266538977623,0.07461775839328766,0.02700888179242611,0.04367953538894653,-0.09926480054855347,-0.08090443909168243,0.029537294059991837,0.0579310804605484,0.1012405976653099,-0.004877069033682346,-0.09596598148345947,0.05525732785463333,0.0,0.0,0.0,0.0,0.0,0.0,0.0,0.0,0.0,0.0,0.0,0.0,0.0,0.0,0.0
2026-07-13_13-51-50,2026-07-13T13:52:49.674,58.770008,pose,2140,stand,0.0,0.0,0.0,0.0,0.0,0.0,0.0,0.0,0.04,xsens:live,-0.03664476424455643,-0.027689725160598755,-0.9989446997642517,1.5877738270703015,-2.1008663464486013,0.0,0.0,10.15816593170166,24.0,12,can0:12,24.704524999833666,40.478414379824464,0.4525330000433314,6.282919999648584,12,10.178532600402832,24.086427688598633,,"BL_hip_joint,BR_hip_joint,FL_hip_joint,FR_hip_joint,BL_thigh_joint,BR_thigh_joint,FL_thigh_joint,FR_thigh_joint,BL_calf_joint,BR_calf_joint,FL_calf_joint,FR_calf_joint",965e94c4cebfc45b9ef609d4a677a5ee35961a895700aad478603f43844b3779,"step=002140 mode=stand  vx= 0.000 vy= 0.000 vxy= 0.000 yaw= 0.000 speed=0.04 imu=xsens:live tilt_rp=[+1.6,-2.1]deg imu_corr=0.000 act_max= 0.000 tau_cmd= 10.158 tau_cmd_max= 24.000 cmds=12 bus=can0:12 hz=40.5 tx=0.5ms fb_age=6.3ms fb=12 tau_fb= 10.179 tau_fb_max= 24.086",,,,,,,,,,,,,,,,,,,,,,,,,,,,,,,,,,,,,,,,,,,,,,,,,0.0,0.0,0.0,0.0,0.0,0.0,0.0,0.0,0.0,0.0,0.0,0.0,0.0,0.0,0.0,0.0,0.0,0.0,0.0,0.0,0.0,0.0,0.0,0.0,-0.22511854767799377,-0.013422741554677486,0.021859893575310707,-0.1913699507713318,0.04410329461097717,0.41303694248199463,-0.20824424922466278,-0.07363332808017731,0.07593436539173126,-0.17948122322559357,0.10124582052230835,-0.1204211637377739,0.05630664899945259,0.11352885514497757,-0.0631733164191246,0.047151096165180206,-0.0013733329251408577,0.0714133158326149,-0.04623554274439812,0.0315866582095623,-0.03662221133708954,0.15610218048095703,-0.08423108607530594,-0.014648884534835815,0.005214601755142212,-0.011850535869598389,-0.00965861976146698,0.003526255488395691,0.0069160014390945435,0.11484049260616302,-0.0005822395905852318,-0.011456727981567383,0.006596788763999939,0.0,0.0,-1.3877787807814457e-17,0.0,0.0,0.0,0.0,0.0,0.0,0.0,0.0,0.0,0.0,0.0,0.0
2026-07-13_13-51-50,2026-07-13T13:52:50.205,59.300824,pose,2160,stand,0.0,0.0,0.0,0.0,0.0,0.0,0.0,0.0,0.04,xsens:live,-0.03594047948718071,-0.02732313983142376,-0.9989804029464722,1.5667078086413315,-2.060450844882549,0.0,0.0,10.080163955688477,24.0,12,can0:12,29.82274999976653,33.53144830734351,0.462934000097448,6.40036599997984,12,10.10620403289795,24.1669979095459,,"BL_hip_joint,BR_hip_joint,FL_hip_joint,FR_hip_joint,BL_thigh_joint,BR_thigh_joint,FL_thigh_joint,FR_thigh_joint,BL_calf_joint,BR_calf_joint,FL_calf_joint,FR_calf_joint",965e94c4cebfc45b9ef609d4a677a5ee35961a895700aad478603f43844b3779,"step=002160 mode=stand  vx= 0.000 vy= 0.000 vxy= 0.000 yaw= 0.000 speed=0.04 imu=xsens:live tilt_rp=[+1.6,-2.1]deg imu_corr=0.000 act_max= 0.000 tau_cmd= 10.080 tau_cmd_max= 24.000 cmds=12 bus=can0:12 hz=33.5 tx=0.5ms fb_age=6.4ms fb=12 tau_fb= 10.106 tau_fb_max= 24.167",,,,,,,,,,,,,,,,,,,,,,,,,,,,,,,,,,,,,,,,,,,,,,,,,0.0,0.0,0.0,0.0,0.0,0.0,0.0,0.0,0.0,0.0,0.0,0.0,0.0,0.0,0.0,0.0,0.0,0.0,0.0,0.0,0.0,0.0,0.0,0.0,-0.22281751036643982,-0.007286631036549807,0.02454444207251072,-0.19290396571159363,0.03566614165902138,0.42300811409950256,-0.21514737606048584,-0.06481266766786575,0.07171578705310822,-0.16030588746070862,0.10124582052230835,-0.11773661524057388,-0.013733329251408577,0.019226660951972008,0.016937773674726486,-0.05264442786574364,-0.0791955292224884,0.027466658502817154,-0.059968870133161545,0.07644886523485184,-0.0315866582095623,0.013733329251408577,-0.009613330475986004,-0.0315866582095623,2.7755575615628914e-17,0.0,0.0,0.0,0.0,0.12360314279794693,-2.7755575615628914e-17,0.0,0.0,0.0,0.0,0.0,0.0,0.0,0.0,0.0,0.0,0.0,0.0,0.0,0.0,0.0,0.0,0.0
2026-07-13_13-51-50,2026-07-13T13:52:50.729,59.824721,pose,2180,stand,0.0,0.0,0.0,0.0,0.0,0.0,0.0,0.0,0.04,xsens:live,-0.03677923232316971,-0.02708314172923565,-0.9989563822746277,1.5529904187824906,-2.1085438993402486,0.0,0.0,10.071521759033203,24.0,12,can0:12,30.221617999814043,33.08889682895711,0.4710309999609308,6.420463000267773,12,10.061646461486816,24.031496047973633,,"BL_hip_joint,BR_hip_joint,FL_hip_joint,FR_hip_joint,BL_thigh_joint,BR_thigh_joint,FL_thigh_joint,FR_thigh_joint,BL_calf_joint,BR_calf_joint,FL_calf_joint,FR_calf_joint",965e94c4cebfc45b9ef609d4a677a5ee35961a895700aad478603f43844b3779,"step=002180 mode=stand  vx= 0.000 vy= 0.000 vxy= 0.000 yaw= 0.000 speed=0.04 imu=xsens:live tilt_rp=[+1.6,-2.1]deg imu_corr=0.000 act_max= 0.000 tau_cmd= 10.072 tau_cmd_max= 24.000 cmds=12 bus=can0:12 hz=33.1 tx=0.5ms fb_age=6.4ms fb=12 tau_fb= 10.062 tau_fb_max= 24.031",,,,,,,,,,,,,,,,,,,,,,,,,,,,,,,,,,,,,,,,,,,,,,,,,0.0,0.0,0.0,0.0,0.0,0.0,0.0,0.0,0.0,0.0,0.0,0.0,0.0,0.0,0.0,0.0,0.0,0.0,0.0,0.0,0.0,0.0,0.0,0.0,-0.22703608870506287,-0.006903124041855335,0.02147638611495495,-0.19635553658008575,0.01764131709933281,0.4345133304595947,-0.23202167451381683,-0.05637551471590996,0.07209929823875427,-0.16030588746070862,0.10124582052230835,-0.11773661524057388,-0.12909328937530518,0.03570665791630745,0.04028443247079849,-0.040742211043834686,-0.08194220066070557,-0.06729331612586975,0.0009155552834272385,0.016937773674726486,0.013733329251408577,0.015564439818263054,0.06775109469890594,0.061342205852270126,0.0,0.0,0.0,0.0,0.0,0.1325024515390396,2.7755575615628914e-17,0.0,0.0,0.0,0.0,0.0,0.0,0.0,0.0,0.0,0.0,0.0,0.0,0.0,0.0,0.0,0.0,0.0
2026-07-13_13-51-50,2026-07-13T13:52:51.271,60.366761,pose,2200,stand,0.0,0.0,0.0,0.0,0.0,0.0,0.0,0.0,0.04,xsens:live,-0.03852887079119682,-0.02563224919140339,-0.9989287257194519,1.469872137676772,-2.2088142175165544,0.0,0.0,10.186087608337402,24.0,12,can0:12,24.718317999941064,40.45582713202348,0.48968700002660626,6.356427999890002,12,10.213629722595215,23.950925827026367,,"BL_hip_joint,BR_hip_joint,FL_hip_joint,FR_hip_joint,BL_thigh_joint,BR_thigh_joint,FL_thigh_joint,FR_thigh_joint,BL_calf_joint,BR_calf_joint,FL_calf_joint,FR_calf_joint",965e94c4cebfc45b9ef609d4a677a5ee35961a895700aad478603f43844b3779,"step=002200 mode=stand  vx= 0.000 vy= 0.000 vxy= 0.000 yaw= 0.000 speed=0.04 imu=xsens:live tilt_rp=[+1.5,-2.2]deg imu_corr=0.000 act_max= 0.000 tau_cmd= 10.186 tau_cmd_max= 24.000 cmds=12 bus=can0:12 hz=40.5 tx=0.5ms fb_age=6.4ms fb=12 tau_fb= 10.214 tau_fb_max= 23.951",,,,,,,,,,,,,,,,,,,,,,,,,,,,,,,,,,,,,,,,,,,,,,,,,0.0,0.0,0.0,0.0,0.0,0.0,0.0,0.0,0.0,0.0,0.0,0.0,0.0,0.0,0.0,0.0,0.0,0.0,0.0,0.0,0.0,0.0,0.0,0.0,-0.2389248013496399,-0.011505207046866417,0.014573262073099613,-0.20210812985897064,-0.006519617512822151,0.4517711400985718,-0.2565661072731018,-0.04525381326675415,0.07209929823875427,-0.16068939864635468,0.10124582052230835,-0.11773661524057388,0.04348887503147125,-0.05813775956630707,-0.12268441170454025,-0.030671102926135063,-0.08606220036745071,0.07003998011350632,-0.01235999632626772,-0.024262215942144394,-0.0476088747382164,-0.027466658502817154,0.029755547642707825,0.00595110934227705,0.0,0.0,0.0,0.0,-8.673617379884035e-19,0.15353691577911377,0.0,0.0,0.0,0.0,0.0,0.0,0.0,0.0,0.0,0.0,0.0,0.0,0.0,0.0,0.0,0.0,0.0,0.0
2026-07-13_13-51-50,2026-07-13T13:52:51.811,60.907173,pose,2220,stand,0.0,0.0,0.0,0.0,0.0,0.0,0.0,0.0,0.04,xsens:live,-0.03916899114847183,-0.026383141055703163,-0.9988843202590942,1.512979259803541,-2.2455740164512346,0.0,0.0,10.37925910949707,24.0,12,can0:12,31.114460000026156,32.139397566249244,0.4492050002227188,6.297289000031014,12,10.38605785369873,24.115726470947266,,"BL_hip_joint,BR_hip_joint,FL_hip_joint,FR_hip_joint,BL_thigh_joint,BR_thigh_joint,FL_thigh_joint,FR_thigh_joint,BL_calf_joint,BR_calf_joint,FL_calf_joint,FR_calf_joint",965e94c4cebfc45b9ef609d4a677a5ee35961a895700aad478603f43844b3779,"step=002220 mode=stand  vx= 0.000 vy= 0.000 vxy= 0.000 yaw= 0.000 speed=0.04 imu=xsens:live tilt_rp=[+1.5,-2.2]deg imu_corr=0.000 act_max= 0.000 tau_cmd= 10.379 tau_cmd_max= 24.000 cmds=12 bus=can0:12 hz=32.1 tx=0.4ms fb_age=6.3ms fb=12 tau_fb= 10.386 tau_fb_max= 24.116",,,,,,,,,,,,,,,,,,,,,,,,,,,,,,,,,,,,,,,,,,,,,,,,,0.0,0.0,0.0,0.0,0.0,0.0,0.0,0.0,0.0,0.0,0.0,0.0,0.0,0.0,0.0,0.0,0.0,0.0,0.0,0.0,0.0,0.0,0.0,0.0,-0.2435268759727478,-0.012655727565288544,0.00613611051812768,-0.20939476788043976,-0.02109287865459919,0.4609752893447876,-0.27113938331604004,-0.03873419761657715,0.07248280197381973,-0.16030588746070862,0.10124582052230835,-0.11773661524057388,-0.001831110566854477,-0.009155552834272385,-0.025177771225571632,0.00595110934227705,-0.04257332161068916,-0.05951109528541565,-0.031128879636526108,-0.022431105375289917,0.008239997550845146,0.03891110047698021,0.03707998991012573,-0.030671102926135063,0.0,1.734723475976807e-18,0.0,0.0,0.0,0.15917843580245972,0.0,0.0,0.0,0.0,0.0,0.0,0.0,0.0,0.0,0.0,0.0,1.6375789613221059e-15,0.0,0.0,0.0,0.0,0.0,0.0
2026-07-13_13-51-50,2026-07-13T13:52:52.347,61.443201,pose,2240,stand,0.0,0.0,0.0,0.0,0.0,0.0,0.0,0.0,0.04,xsens:live,-0.03900854289531708,-0.02611950971186161,-0.9988974332809448,1.497848208145361,-2.236355484360886,0.0,0.0,10.404585838317871,24.0,12,can0:12,24.849012999766273,40.24304707834496,0.44261299990466796,6.284040000082314,12,10.33265209197998,23.624988555908203,,"BL_hip_joint,BR_hip_joint,FL_hip_joint,FR_hip_joint,BL_thigh_joint,BR_thigh_joint,FL_thigh_joint,FR_thigh_joint,BL_calf_joint,BR_calf_joint,FL_calf_joint,FR_calf_joint",965e94c4cebfc45b9ef609d4a677a5ee35961a895700aad478603f43844b3779,"step=002240 mode=stand  vx= 0.000 vy= 0.000 vxy= 0.000 yaw= 0.000 speed=0.04 imu=xsens:live tilt_rp=[+1.5,-2.2]deg imu_corr=0.000 act_max= 0.000 tau_cmd= 10.405 tau_cmd_max= 24.000 cmds=12 bus=can0:12 hz=40.2 tx=0.4ms fb_age=6.3ms fb=12 tau_fb= 10.333 tau_fb_max= 23.625",,,,,,,,,,,,,,,,,,,,,,,,,,,,,,,,,,,,,,,,,,,,,,,,,0.0,0.0,0.0,0.0,0.0,0.0,0.0,0.0,0.0,0.0,0.0,0.0,0.0,0.0,0.0,0.0,0.0,0.0,0.0,0.0,0.0,0.0,0.0,0.0,-0.2435268759727478,-0.013039235025644302,0.00613611051812768,-0.20939476788043976,-0.021859893575310707,0.4617423117160797,-0.2715228796005249,-0.03835069015622139,0.07248280197381973,-0.16030588746070862,0.10086231678724289,-0.11773661524057388,0.010986663401126862,0.01144444104284048,0.012817773967981339,-0.059968870133161545,0.0013733329251408577,-0.06042664870619774,-0.08285775035619736,0.016937773674726486,0.0393688790500164,0.008239997550845146,0.08560442179441452,0.008239997550845146,0.0,-1.734723475976807e-18,0.0,0.0,0.0,0.15992027521133423,0.0,0.0,0.0,0.0,1.3877787807814457e-17,0.0,0.0,0.0,0.0,0.0,0.0,0.0,0.0,0.0,0.0,0.0,0.0,0.0
2026-07-13_13-51-50,2026-07-13T13:52:52.891,61.986439,pose,2260,stand,0.0,0.0,0.0,0.0,0.0,0.0,0.0,0.0,0.04,xsens:live,-0.03888241574168205,-0.026006005704402924,-0.9989053606987,1.4913303283353658,-2.229114261975707,0.0,0.0,10.37468433380127,24.0,12,can0:12,24.966361000224424,40.053894918486954,0.47791099996175035,6.348971000079473,12,10.35065746307373,23.906980514526367,,"BL_hip_joint,BR_hip_joint,FL_hip_joint,FR_hip_joint,BL_thigh_joint,BR_thigh_joint,FL_thigh_joint,FR_thigh_joint,BL_calf_joint,BR_calf_joint,FL_calf_joint,FR_calf_joint",965e94c4cebfc45b9ef609d4a677a5ee35961a895700aad478603f43844b3779,"step=002260 mode=stand  vx= 0.000 vy= 0.000 vxy= 0.000 yaw= 0.000 speed=0.04 imu=xsens:live tilt_rp=[+1.5,-2.2]deg imu_corr=0.000 act_max= 0.000 tau_cmd= 10.375 tau_cmd_max= 24.000 cmds=12 bus=can0:12 hz=40.1 tx=0.5ms fb_age=6.3ms fb=12 tau_fb= 10.351 tau_fb_max= 23.907",,,,,,,,,,,,,,,,,,,,,,,,,,,,,,,,,,,,,,,,,,,,,,,,,0.0,0.0,0.0,0.0,0.0,0.0,0.0,0.0,0.0,0.0,0.0,0.0,0.0,0.0,0.0,0.0,0.0,0.0,0.0,0.0,0.0,0.0,0.0,0.0,-0.24391038715839386,-0.013039235025644302,0.00613611051812768,-0.2090112566947937,-0.02147638611495495,0.4617423117160797,-0.2715228796005249,-0.03835069015622139,0.07248280197381973,-0.16030588746070862,0.10086231678724289,-0.11773661524057388,-0.030671102926135063,-0.059053316712379456,-0.0032044434919953346,0.06088442727923393,-0.04989776387810707,0.07370220124721527,0.0476088747382164,-0.043946653604507446,0.028382213786244392,-0.01831110566854477,-0.027466658502817154,0.016937773674726486,-2.7755575615628914e-17,-1.734723475976807e-18,0.0,2.7755575615628914e-17,0.0,0.16360881924629211,0.0,0.0,0.0,0.0,1.3877787807814457e-17,0.0,0.0,0.0,0.0,0.0,0.0,0.0,0.0,0.0,0.0,0.0,0.0,0.0
2026-07-13_13-51-50,2026-07-13T13:52:53.441,62.536810,policy,2280,policy,0.07199999690055847,0.0,0.07199999690055847,0.0,0.10799999535083771,0.0,0.10799999535083771,0.0,0.04,xsens:live,-0.03898075968027115,-0.026170773431658745,-0.9988971948623657,1.500786989955324,-2.234764824069321,0.0,0.12568825483322144,10.750815391540527,24.0,12,can0:12,25.38478100041175,39.39368237936659,0.47253399998226087,6.404333999853407,12,10.727867126464844,24.1596736907959,,"BL_hip_joint,BR_hip_joint,FL_hip_joint,FR_hip_joint,BL_thigh_joint,BR_thigh_joint,FL_thigh_joint,FR_thigh_joint,BL_calf_joint,BR_calf_joint,FL_calf_joint,FR_calf_joint",965e94c4cebfc45b9ef609d4a677a5ee35961a895700aad478603f43844b3779,"step=002280 mode=policy vx= 0.072 vy= 0.000 vxy= 0.072 yaw= 0.000 speed=0.04 imu=xsens:live tilt_rp=[+1.5,-2.2]deg imu_corr=0.000 act_max= 0.126 tau_cmd= 10.751 tau_cmd_max= 24.000 cmds=12 bus=can0:12 hz=39.4 tx=0.5ms fb_age=6.4ms fb=12 policy_cmd=[ 0.108, 0.000, 0.000] tau_fb= 10.728 tau_fb_max= 24.160",0.0,0.0,0.0,0.0022388994693756104,0.006557255983352661,-0.0008553267107345164,-0.03898075968027115,-0.026170773431658745,-0.9988971948623657,0.10799999535083771,0.0,0.0,-0.24275986850261688,-0.01227222103625536,0.0057526035234332085,-0.20824424922466278,-0.02109287865459919,0.46135881543159485,-0.2707558572292328,-0.039501212537288666,0.07209929823875427,-0.16030588746070862,0.1016293317079544,-0.11773661524057388,0.0050355540588498116,-0.0068666646257042885,-0.0032044434919953346,-0.059968870133161545,-0.013733329251408577,0.028839992359280586,0.06408887356519699,-0.001831110566854477,-0.01739555038511753,-0.0398266538977623,0.007324442267417908,0.004119998775422573,2.834717273712158,0.8713877201080322,-0.4328427314758301,3.0233964920043945,1.0108966827392578,-1.4108498096466064,0.8740843534469604,-2.341566801071167,-1.209120273590088,0.45623451471328735,1.206267237663269,5.97566032409668,2.840360164642334,0.8774001002311707,-0.4534134566783905,3.0543904304504395,1.001667857170105,-1.436362385749817,0.8697983622550964,-2.3236794471740723,-1.1964912414550781,0.4402797818183899,1.1871588230133057,5.98682975769043,0.12568825483322144,0.050117671489715576,-0.025876497849822044,0.12568825483322144,0.05723869055509567,-0.08202099800109863,0.049697693437337875,-0.12568825483322144,-0.06837239861488342,0.025179419666528702,0.06785229593515396,0.12568825483322144,-0.24275986850261688,-0.01227222103625536,0.0057526035234332085,-0.20824424922466278,-0.02109287865459919,0.46135881543159485,-0.2707558572292328,-0.039501212537288666,0.07209929823875427,-0.16030588746070862,0.1016293317079544,-0.11773661524057388,0.0050355540588498116,-0.0068666646257042885,-0.0032044434919953346,-0.059968870133161545,-0.013733329251408577,0.028839992359280586,0.06408887356519699,-0.001831110566854477,-0.01739555038511753,-0.0398266538977623,0.007324442267417908,0.004119998775422573,0.03142206370830536,0.012529417872428894,-0.006469124462455511,0.03142206370830536,0.014309672638773918,0.16199159622192383,0.012424423359334469,-0.03142206370830536,0.0,0.0,0.01696307398378849,0.0,0.0,0.0,0.0,0.0,0.0,0.0,0.0,0.0,0.0,0.0,0.0,0.0
2026-07-13_13-51-50,2026-07-13T13:52:53.995,63.091131,policy,2300,policy,0.07199999690055847,0.0,0.07199999690055847,0.0,0.10799999535083771,0.0,0.10799999535083771,0.0,0.04,xsens:live,-0.038459405303001404,-0.02245219796895981,-0.9990079402923584,1.2874769131600967,-2.204661121750059,0.0,0.5183733105659485,12.101058959960938,24.0,12,can0:12,31.559055999878183,31.68662586117468,0.492600000143284,6.326442000045063,12,11.869258880615234,24.1633358001709,,"BL_hip_joint,BR_hip_joint,FL_hip_joint,FR_hip_joint,BL_thigh_joint,BR_thigh_joint,FL_thigh_joint,FR_thigh_joint,BL_calf_joint,BR_calf_joint,FL_calf_joint,FR_calf_joint",965e94c4cebfc45b9ef609d4a677a5ee35961a895700aad478603f43844b3779,"step=002300 mode=policy vx= 0.072 vy= 0.000 vxy= 0.072 yaw= 0.000 speed=0.04 imu=xsens:live tilt_rp=[+1.3,-2.2]deg imu_corr=0.000 act_max= 0.518 tau_cmd= 12.101 tau_cmd_max= 24.000 cmds=12 bus=can0:12 hz=31.7 tx=0.5ms fb_age=6.3ms fb=12 policy_cmd=[ 0.108, 0.000, 0.000] tau_fb= 11.869 tau_fb_max= 24.163",0.0,0.0,0.0,-0.03000795841217041,0.010491163469851017,-0.02003014087677002,-0.038459405303001404,-0.02245219796895981,-0.9990079402923584,0.10799999535083771,0.0,0.0,-0.23547323048114777,-0.0034515620209276676,0.018408332020044327,-0.18178227543830872,-0.00843715202063322,0.4536886513233185,-0.2454444169998169,-0.050239402800798416,0.07286631315946579,-0.16068939864635468,0.1361449509859085,-0.12157168984413147,0.08835108578205109,-0.032959990203380585,0.12268441170454025,0.0718710869550705,0.013275551609694958,-0.055848874151706696,0.365306556224823,-0.09842219203710556,-0.009613330475986004,-0.018768884241580963,0.2536088228225708,-0.016479995101690292,2.844017505645752,0.7999575138092041,-0.3803343176841736,3.036604166030884,0.6773232221603394,-1.125969409942627,0.7222870588302612,-1.8047724962234497,-0.9901748895645142,0.3019592761993408,1.0549087524414062,5.7153472900390625,2.7812678813934326,0.7764318585395813,-0.30706050992012024,3.1440072059631348,0.7161486148834229,-1.2278598546981812,0.7322044372558594,-1.876399040222168,-1.0991145372390747,0.20304939150810242,1.0039482116699219,5.708680629730225,0.5183733105659485,0.1834852397441864,-0.07412415742874146,0.5183733105659485,0.1678205281496048,-0.28663983941078186,0.17233039438724518,-0.44029176235198975,-0.2561677098274231,0.05045647919178009,0.23792527616024017,0.5183733105659485,-0.23547323048114777,-0.0034515620209276676,0.018408332020044327,-0.18178227543830872,-0.00843715202063322,0.4536886513233185,-0.2454444169998169,-0.050239402800798416,0.07286631315946579,-0.16068939864635468,0.1361449509859085,-0.12157168984413147,0.08835108578205109,-0.032959990203380585,0.12268441170454025,0.0718710869550705,0.013275551609694958,-0.055848874151706696,0.365306556224823,-0.09842219203710556,-0.009613330475986004,-0.018768884241580963,0.2536088228225708,-0.016479995101690292,0.06711672246456146,0.0458713099360466,-0.018531039357185364,0.12035448849201202,0.0419551320374012,0.15199251472949982,0.043082598596811295,-0.11007294058799744,0.0,0.0,0.05948131904006004,0.0,0.0,0.0,0.0,0.0,0.0,0.0,0.0,0.0,0.0,0.0,0.0,0.0
2026-07-13_13-51-50,2026-07-13T13:52:54.544,63.639974,policy,2320,policy,0.07199999690055847,0.0,0.07199999690055847,0.0,0.10799999535083771,0.0,0.10799999535083771,0.0,0.04,xsens:live,-0.044817954301834106,-0.04160434752702713,-0.9981284737586975,2.386841470348219,-2.5709675692692233,0.0,1.120632290840149,12.898577690124512,24.0,12,can0:12,25.29645699996763,39.531227634023196,0.4830630000469682,6.403310000223428,12,12.634356498718262,24.108402252197266,,"BL_hip_joint,BR_hip_joint,FL_hip_joint,FR_hip_joint,BL_thigh_joint,BR_thigh_joint,FL_thigh_joint,FR_thigh_joint,BL_calf_joint,BR_calf_joint,FL_calf_joint,FR_calf_joint",965e94c4cebfc45b9ef609d4a677a5ee35961a895700aad478603f43844b3779,"step=002320 mode=policy vx= 0.072 vy= 0.000 vxy= 0.072 yaw= 0.000 speed=0.04 imu=xsens:live tilt_rp=[+2.4,-2.6]deg imu_corr=0.000 act_max= 1.121 tau_cmd= 12.899 tau_cmd_max= 24.000 cmds=12 bus=can0:12 hz=39.5 tx=0.5ms fb_age=6.4ms fb=12 policy_cmd=[ 0.108, 0.000, 0.000] tau_fb= 12.634 tau_fb_max= 24.108",0.0,0.0,0.0,-0.0038340690080076456,0.020291656255722046,0.009144097566604614,-0.044817954301834106,-0.04160434752702713,-0.9981284737586975,0.10799999535083771,0.0,0.0,-0.20364215970039368,0.02109287865459919,0.007286631036549807,-0.1752626597881317,0.018024824559688568,0.4479360580444336,-0.12579026818275452,-0.05675902217626572,0.07286631315946579,-0.1614564061164856,0.19750605523586273,-0.13269339501857758,0.110782191157341,0.04852443188428879,-0.02151555009186268,-0.02700888179242611,0.09247108548879623,-0.041657764464616776,-0.010071108117699623,-0.059968870133161545,-0.006408886983990669,0.01235999632626772,0.02609332650899887,0.035248879343271255,2.757098436355591,0.8349775671958923,-0.6541001200675964,3.226088762283325,0.6454410552978516,-1.1870096921920776,0.5978230237960815,-1.7246763706207275,-0.8672606945037842,0.2583227753639221,0.8889142274856567,5.759526252746582,2.688279867172241,0.7866913080215454,-0.6447317600250244,3.27966046333313,0.6096154451370239,-1.1559715270996094,0.5847882032394409,-1.6788746118545532,-0.8467815518379211,0.2389572709798813,0.8607128858566284,5.719180583953857,1.1206315755844116,0.40404170751571655,-0.32268500328063965,1.120632290840149,0.3171243965625763,-0.5909935832023621,0.29964208602905273,-0.8600749969482422,-0.43711575865745544,0.12292598932981491,0.4426625967025757,1.120632290840149,-0.20364215970039368,0.02109287865459919,0.007286631036549807,-0.1752626597881317,0.018024824559688568,0.4479360580444336,-0.12579026818275452,-0.05675902217626572,0.07286631315946579,-0.1614564061164856,0.19750605523586273,-0.13269339501857758,0.110782191157341,0.04852443188428879,-0.02151555009186268,-0.02700888179242611,0.09247108548879623,-0.041657764464616776,-0.010071108117699623,-0.059968870133161545,-0.006408886983990669,0.01235999632626772,0.02609332650899887,0.035248879343271255,0.09956464916467667,0.10101042687892914,-0.08067125082015991,0.12415491044521332,0.07928109914064407,0.1466301679611206,0.07491052150726318,-0.21501874923706055,0.0,0.0,0.11066564917564392,0.0,0.0,0.0,0.0,0.0,0.0,0.0,0.0,0.0,0.0,0.0,0.0,0.0
2026-07-13_13-51-50,2026-07-13T13:52:55.102,64.198339,policy,2340,policy,0.07199999690055847,0.0,0.07199999690055847,0.0,0.10799999535083771,0.0,0.10799999535083771,0.0,0.04,xsens:live,-0.03795092552900314,-0.08737082779407501,-0.9954527616500854,5.015993066882826,-2.1833032975259337,0.0,1.7931640148162842,13.335399627685547,24.0,12,can0:12,30.22104199999376,33.08952748883399,0.4776549999405688,6.305834000158939,12,12.77291202545166,24.123050689697266,,"BL_hip_joint,BR_hip_joint,FL_hip_joint,FR_hip_joint,BL_thigh_joint,BR_thigh_joint,FL_thigh_joint,FR_thigh_joint,BL_calf_joint,BR_calf_joint,FL_calf_joint,FR_calf_joint",965e94c4cebfc45b9ef609d4a677a5ee35961a895700aad478603f43844b3779,"step=002340 mode=policy vx= 0.072 vy= 0.000 vxy= 0.072 yaw= 0.000 speed=0.04 imu=xsens:live tilt_rp=[+5.0,-2.2]deg imu_corr=0.000 act_max= 1.793 tau_cmd= 13.335 tau_cmd_max= 24.000 cmds=12 bus=can0:12 hz=33.1 tx=0.5ms fb_age=6.3ms fb=12 policy_cmd=[ 0.108, 0.000, 0.000] tau_fb= 12.773 tau_fb_max= 24.123",0.0,0.0,0.0,0.3953688442707062,-0.06974490731954575,-0.10704846680164337,-0.03795092552900314,-0.08737082779407501,-0.9954527616500854,0.10799999535083771,0.0,0.0,-0.08628905564546585,0.12195519357919693,-0.08552204072475433,-0.2481289654970169,0.08091995865106583,0.3992306888103485,-0.05484148859977722,-0.09434270113706589,0.07056526839733124,-0.1875348687171936,0.21131230890750885,-0.13767898082733154,0.4985198378562927,0.09292886406183243,-0.27283546328544617,-0.05493331700563431,0.12268441170454025,-0.04119998961687088,0.34379100799560547,-0.10391552746295929,-0.059968870133161545,-0.04898220673203468,0.18677328526973724,-0.0553910955786705,1.4731321334838867,0.040378637611866,-1.1284806728363037,3.1541404724121094,0.42232996225357056,-0.8062499761581421,0.47579628229141235,-1.621017575263977,-0.555817723274231,0.9049685597419739,1.0795743465423584,5.964703559875488,1.114107370376587,-0.43757423758506775,-1.4490907192230225,2.6495730876922607,0.48054587841033936,-0.29608285427093506,0.20272570848464966,-1.4560465812683105,-0.17866170406341553,1.6940581798553467,1.2890523672103882,5.8777174949646,1.0203027725219727,-0.2054699808359146,-1.1034984588623047,1.7931640148162842,0.3769276440143585,-0.38970908522605896,0.2306780368089676,-1.2304649353027344,-0.25065672397613525,1.1494446992874146,0.9808552265167236,1.7931640148162842,-0.08628905564546585,0.12195519357919693,-0.08552204072475433,-0.2481289654970169,0.08091995865106583,0.3992306888103485,-0.05484148859977722,-0.09434270113706589,0.07056526839733124,-0.1875348687171936,0.21131230890750885,-0.13767898082733154,0.4985198378562927,0.09292886406183243,-0.27283546328544617,-0.05493331700563431,0.12268441170454025,-0.04119998961687088,0.34379100799560547,-0.10391552746295929,-0.059968870133161545,-0.04898220673203468,0.18677328526973724,-0.0553910955786705,0.22758054733276367,-0.04436130076646805,-0.27587461471557617,0.050520673394203186,0.09423191100358963,0.09793737530708313,0.0576695092022419,-0.3076162338256836,0.0,0.0,0.2452138066291809,0.0,0.0,0.0,0.0,0.0,0.0,0.0,0.0,0.0,0.0,0.0,0.0,0.0
2026-07-13_13-51-50,2026-07-13T13:52:55.656,64.751736,policy,2360,policy,0.07199999690055847,0.0,0.07199999690055847,0.0,0.10799999535083771,0.0,0.10799999535083771,0.0,0.04,xsens:live,-0.05790078267455101,-0.06390273571014404,-0.9962750673294067,3.6700188599787547,-3.326132601131501,0.0,2.192810535430908,14.166548728942871,24.0,12,can0:12,25.346796000121685,39.45271820529897,0.5024550000598538,6.305609999799344,12,12.554398536682129,28.986480712890625,,"BL_hip_joint,BR_hip_joint,FL_hip_joint,FR_hip_joint,BL_thigh_joint,BR_thigh_joint,FL_thigh_joint,FR_thigh_joint,BL_calf_joint,BR_calf_joint,FL_calf_joint,FR_calf_joint",965e94c4cebfc45b9ef609d4a677a5ee35961a895700aad478603f43844b3779,"step=002360 mode=policy vx= 0.072 vy= 0.000 vxy= 0.072 yaw= 0.000 speed=0.04 imu=xsens:live tilt_rp=[+3.7,-3.3]deg imu_corr=0.000 act_max= 2.193 tau_cmd= 14.167 tau_cmd_max= 24.000 cmds=12 bus=can0:12 hz=39.5 tx=0.5ms fb_age=6.3ms fb=12 policy_cmd=[ 0.108, 0.000, 0.000] tau_fb= 12.554 tau_fb_max= 28.986",0.0,0.0,0.0,-0.43939948081970215,0.13602004945278168,-0.11639297753572464,-0.05790078267455101,-0.06390273571014404,-0.9962750673294067,0.10799999535083771,0.0,0.0,-0.17679667472839355,-0.05215694010257721,-0.35244283080101013,-0.13000884652137756,0.11927064508199692,0.4141874611377716,-0.03911770507693291,-0.15915536880493164,0.046404335647821426,-0.19827306270599365,0.39424508810043335,-0.14880067110061646,-0.9727774858474731,-1.2392040491104126,-1.8594927787780762,-0.0553910955786705,-0.252235472202301,0.317239910364151,0.574053168296814,-2.146061658859253,0.008239997550845146,0.12543107569217682,1.572466254234314,0.5456709265708923,0.9562532901763916,-1.3075536489486694,0.31429946422576904,-0.564405620098114,0.6119675636291504,-0.4527691602706909,0.5695037841796875,-0.4343150854110718,-0.45977655053138733,1.833067536354065,0.6110790371894836,4.862304210662842,0.6563989520072937,-1.0605536699295044,0.9959481358528137,0.3439069092273712,0.899156928062439,-0.43343594670295715,0.6447564363479614,0.7444992065429688,-0.669427216053009,1.3059353828430176,-0.17967763543128967,3.7510769367218018,0.7565678358078003,-1.2242670059204102,0.6627894043922424,0.02634195238351822,0.7774502635002136,-0.48035913705825806,0.5923075675964355,0.1730295568704605,-0.5870797038078308,1.5289757251739502,0.17112162709236145,2.192810535430908,-0.17679667472839355,-0.05215694010257721,-0.35244283080101013,-0.13000884652137756,0.11927064508199692,0.4141874611377716,-0.03911770507693291,-0.15915536880493164,0.046404335647821426,-0.19827306270599365,0.39424508810043335,-0.14880067110061646,-0.9727774858474731,-1.2392040491104126,-1.8594927787780762,-0.0553910955786705,-0.252235472202301,0.317239910364151,0.574053168296814,-2.146061658859253,0.008239997550845146,0.12543107569217682,1.572466254234314,0.5456709265708923,0.09661224484443665,-0.30606675148010254,-0.1186625063419342,-0.06083308160305023,0.1943625658750534,0.12275124341249466,0.1480768918991089,-0.24818257987499237,0.0,0.0,0.14583438634872437,0.0,0.0,0.0,0.0,0.0,0.0,0.0,0.0,0.0,0.0,0.0,0.0,0.0
2026-07-13_13-51-50,2026-07-13T13:52:56.202,65.297894,policy,2380,policy,0.07199999690055847,0.0,0.07199999690055847,0.0,0.10799999535083771,0.0,0.10799999535083771,0.0,0.04,xsens:live,-0.10733813792467117,-0.06138861924409866,-0.9923255443572998,3.53999963236286,-6.173582303792238,0.0,2.1885037422180176,14.848461151123047,24.0,12,can0:12,31.246690999978455,32.00338877485266,0.47410299976036185,6.301194000116084,12,11.308024406433105,23.482162475585938,,"BL_hip_joint,BR_hip_joint,FL_hip_joint,FR_hip_joint,BL_thigh_joint,BR_thigh_joint,FL_thigh_joint,FR_thigh_joint,BL_calf_joint,BR_calf_joint,FL_calf_joint,FR_calf_joint",965e94c4cebfc45b9ef609d4a677a5ee35961a895700aad478603f43844b3779,"step=002380 mode=policy vx= 0.072 vy= 0.000 vxy= 0.072 yaw= 0.000 speed=0.04 imu=xsens:live tilt_rp=[+3.5,-6.2]deg imu_corr=0.000 act_max= 2.189 tau_cmd= 14.848 tau_cmd_max= 24.000 cmds=12 bus=can0:12 hz=32.0 tx=0.5ms fb_age=6.3ms fb=12 policy_cmd=[ 0.108, 0.000, 0.000] tau_fb= 11.308 tau_fb_max= 23.482",0.0,0.0,0.0,0.49407410621643066,0.11397676914930344,-0.010092556476593018,-0.10733813792467117,-0.06138861924409866,-0.9923255443572998,0.10799999535083771,0.0,0.0,-0.17564615607261658,-0.32598087191581726,-0.1119840145111084,0.046404335647821426,0.14496560394763947,0.4536886513233185,0.20786073803901672,-0.2565661072731018,0.022243401035666466,-0.10929946601390839,0.00153402762953192,-0.11083349585533142,1.0112308263778687,1.235084056854248,2.546159267425537,-0.40101322531700134,2.3296303749084473,-0.012817773967981339,0.14740440249443054,-0.3085421323776245,0.02471999265253544,-0.028839992359280586,-0.33555102348327637,-1.006653070449829,0.6357147693634033,-0.7819638252258301,1.4774478673934937,-2.0592892169952393,3.5147359371185303,-2.192298412322998,2.5363340377807617,-0.6288684606552124,-0.07130476832389832,2.7783522605895996,-1.9668024778366089,0.7822462320327759,1.09766685962677,-0.9961756467819214,0.7435284852981567,-1.5809112787246704,1.9991644620895386,-1.5058693885803223,1.593923568725586,-0.28369075059890747,0.6863225102424622,2.4133803844451904,-1.8773189783096313,0.5194106101989746,0.9103615880012512,-0.9050111770629883,1.01295804977417,-1.7546683549880981,2.0587704181671143,-1.6712020635604858,1.7728853225708008,-0.43151161074638367,0.3684976100921631,2.1885037422180176,-1.9045257568359375,0.6369210481643677,-0.17564615607261658,-0.32598087191581726,-0.1119840145111084,0.046404335647821426,0.14496560394763947,0.4536886513233185,0.20786073803901672,-0.2565661072731018,0.022243401035666466,-0.10929946601390839,0.00153402762953192,-0.11083349585533142,1.0112308263778687,1.235084056854248,2.546159267425537,-0.40101322531700134,2.3296303749084473,-0.012817773967981339,0.14740440249443054,-0.3085421323776245,0.02471999265253544,-0.028839992359280586,-0.33555102348327637,-1.006653070449829,0.15232299268245697,-0.22625279426574707,0.2311253547668457,-0.2647838294506073,0.4962961673736572,0.15317587554454803,0.4432213306427002,-0.10787790268659592,0.07999999821186066,0.0,0.0,0.0,0.0,0.0,0.0,0.0,0.0,1.4675760606763788e-15,0.0,0.0,0.0,0.0,0.0,0.0
2026-07-13_13-51-50,2026-07-13T13:52:56.755,65.850994,policy,2400,policy,0.07199999690055847,0.0,0.07199999690055847,0.0,0.10799999535083771,0.0,0.10799999535083771,0.0,0.04,xsens:live,-0.0952753946185112,0.09791345149278641,-0.9906238317489624,-5.644791549406765,-5.4936485522459115,0.0,2.1999995708465576,9.472663879394531,24.0,12,can0:12,25.370348999786074,39.41609159607667,0.4861030001848121,6.3130980001915304,12,9.298378944396973,24.298837661743164,,"BL_hip_joint,BR_hip_joint,FL_hip_joint,FR_hip_joint,BL_thigh_joint,BR_thigh_joint,FL_thigh_joint,FR_thigh_joint,BL_calf_joint,BR_calf_joint,FL_calf_joint,FR_calf_joint",965e94c4cebfc45b9ef609d4a677a5ee35961a895700aad478603f43844b3779,"step=002400 mode=policy vx= 0.072 vy= 0.000 vxy= 0.072 yaw= 0.000 speed=0.04 imu=xsens:live tilt_rp=[-5.6,-5.5]deg imu_corr=0.000 act_max= 2.200 tau_cmd= 9.473 tau_cmd_max= 24.000 cmds=12 bus=can0:12 hz=39.4 tx=0.5ms fb_age=6.3ms fb=12 policy_cmd=[ 0.108, 0.000, 0.000] tau_fb= 9.298 tau_fb_max= 24.299",0.0,0.0,0.0,-0.6983892321586609,0.12020843476057053,-0.17128440737724304,-0.0952753946185112,0.09791345149278641,-0.9906238317489624,0.10799999535083771,0.0,0.0,-0.38657495379447937,0.23010413348674774,0.08091995865106583,0.24429389834403992,0.3022034466266632,-0.10814894735813141,0.007670138031244278,-0.12655727565288544,0.006519617512822151,-0.1353779286146164,0.19520501792430878,-0.04448680207133293,-0.8519241809844971,-0.9851374626159668,0.20416882634162903,-0.4119998812675476,-0.1350444108247757,-0.28015992045402527,-0.29847103357315063,0.5259864926338196,-0.13138218224048615,1.5564439296722412,-0.29709768295288086,0.5058442950248718,4.454346179962158,-1.1327683925628662,-0.2866554856300354,0.45064952969551086,1.43795645236969,-0.8208298683166504,0.6310902833938599,-0.7922139167785645,-0.07598745822906494,0.1912481188774109,-1.9579817056655884,2.7216508388519287,3.628051519393921,-1.960259199142456,0.010202378034591675,1.3365349769592285,1.0369338989257812,-1.2725591659545898,0.8882055878639221,-1.65011465549469,-0.4078557789325714,0.0024840980768203735,-3.109905958175659,2.7778403759002686,2.198690176010132,-1.6251235008239746,-0.09153150767087936,0.943986177444458,1.142292857170105,-1.0799331665039062,0.8013510704040527,-1.1969430446624756,-0.30155351758003235,0.12182435393333435,-1.9836839437484741,2.1999995708465576,-0.38657495379447937,0.23010413348674774,0.08091995865106583,0.24429389834403992,0.3022034466266632,-0.10814894735813141,0.007670138031244278,-0.12655727565288544,0.006519617512822151,-0.1353779286146164,0.19520501792430878,-0.04448680207133293,-0.8519241809844971,-0.9851374626159668,0.20416882634162903,-0.4119998812675476,-0.1350444108247757,-0.28015992045402527,-0.29847103357315063,0.5259864926338196,-0.13138218224048615,1.5564439296722412,-0.29709768295288086,0.5058442950248718,-0.10984256863594055,-0.09714744240045547,-0.01801028847694397,0.22724686563014984,0.28557321429252625,-0.2605498433113098,0.20033776760101318,-0.07259814441204071,8.673617379884035e-19,0.0,0.0,0.0,0.0,0.0,0.0,0.0,0.0,0.0,0.0,0.0,0.0,0.0,0.0,0.0
2026-07-13_13-51-50,2026-07-13T13:52:57.303,66.399396,policy,2420,policy,0.07199999690055847,0.0,0.07199999690055847,0.0,0.10799999535083771,0.0,0.10799999535083771,0.0,0.04,xsens:live,-0.0851939469575882,0.030915815383195877,-0.9958847165107727,-1.7780944158936294,-4.889520178746515,0.0,2.1435346603393555,11.365619659423828,24.0,12,can0:12,25.35278000004837,39.44340620626583,0.46552599997085053,6.291144999977405,12,10.398571968078613,25.478073120117188,,"BL_hip_joint,BR_hip_joint,FL_hip_joint,FR_hip_joint,BL_thigh_joint,BR_thigh_joint,FL_thigh_joint,FR_thigh_joint,BL_calf_joint,BR_calf_joint,FL_calf_joint,FR_calf_joint",965e94c4cebfc45b9ef609d4a677a5ee35961a895700aad478603f43844b3779,"step=002420 mode=policy vx= 0.072 vy= 0.000 vxy= 0.072 yaw= 0.000 speed=0.04 imu=xsens:live tilt_rp=[-1.8,-4.9]deg imu_corr=0.000 act_max= 2.144 tau_cmd= 11.366 tau_cmd_max= 24.000 cmds=12 bus=can0:12 hz=39.4 tx=0.5ms fb_age=6.3ms fb=12 policy_cmd=[ 0.108, 0.000, 0.000] tau_fb= 10.399 tau_fb_max= 25.478",0.0,0.0,0.0,0.2662860155105591,0.0726245567202568,0.3790997266769409,-0.0851939469575882,0.030915815383195877,-0.9958847165107727,0.10799999535083771,0.0,0.0,-0.3002859055995941,0.34745725989341736,0.15071821212768555,0.1288583129644394,0.2987518608570099,-0.2573331296443939,0.3750697374343872,-0.21514737606048584,0.06979825347661972,-0.043719787150621414,-0.02492794767022133,-0.2753579616546631,-0.048066653311252594,-0.1263466328382492,0.029755547642707825,-0.04303110018372536,-0.9018219709396362,-0.21057771146297455,-2.4138615131378174,-0.12909328937530518,-1.688283920288086,0.2838221490383148,0.00045777764171361923,0.25727102160453796,2.9749066829681396,-0.037458568811416626,0.580100953578949,1.310723066329956,0.5505722761154175,-0.4334317743778229,0.9010962247848511,0.7947171330451965,-1.5201842784881592,-0.24692966043949127,-0.9485270977020264,1.2365400791168213,4.192086219787598,0.295391321182251,-0.19102761149406433,1.0539867877960205,0.5895090103149414,-0.2637389898300171,1.201458215713501,1.801991581916809,-1.2205418348312378,-0.36287152767181396,-0.3558354377746582,2.4520955085754395,2.1435346603393555,0.05591709911823273,0.08839946240186691,0.9682766199111938,0.5498991012573242,-0.29791104793548584,0.9806531071662903,1.3182100057601929,-1.1756902933120728,-0.24488763511180878,-0.6352221965789795,1.7668559551239014,-0.3002859055995941,0.34745725989341736,0.15071821212768555,0.1288583129644394,0.2987518608570099,-0.2573331296443939,0.3750697374343872,-0.21514737606048584,0.06979825347661972,-0.043719787150621414,-0.02492794767022133,-0.2753579616546631,-0.048066653311252594,-0.1263466328382492,0.029755547642707825,-0.04303110018372536,-0.9018219709396362,-0.21057771146297455,-2.4138615131378174,-0.12909328937530518,-1.688283920288086,0.2838221490383148,0.00045777764171361923,0.25727102160453796,-0.0014474308118224144,0.04382241517305374,0.07183386385440826,0.11342383921146393,0.13747477531433105,-0.07447776198387146,0.22264663875102997,0.039740875363349915,0.0,-0.061221908777952194,0.0,0.0,0.0,0.0,0.0,0.0,0.0,0.0,0.0,0.0,0.0,0.0,0.0,0.0
2026-07-13_13-51-50,2026-07-13T13:52:57.857,66.953322,policy,2440,policy,0.07199999690055847,0.0,0.07199999690055847,0.0,0.10799999535083771,0.0,0.10799999535083771,0.0,0.04,xsens:live,-0.07219378650188446,0.023994581773877144,-0.9971020221710205,-1.3785178972385994,-4.141194956640958,0.0,1.5273032188415527,12.52266788482666,24.0,12,can0:12,25.245158999950945,39.611554833223394,0.515928999902826,6.289896999987832,12,12.501907348632812,24.049806594848633,,"BL_hip_joint,BR_hip_joint,FL_hip_joint,FR_hip_joint,BL_thigh_joint,BR_thigh_joint,FL_thigh_joint,FR_thigh_joint,BL_calf_joint,BR_calf_joint,FL_calf_joint,FR_calf_joint",965e94c4cebfc45b9ef609d4a677a5ee35961a895700aad478603f43844b3779,"step=002440 mode=policy vx= 0.072 vy= 0.000 vxy= 0.072 yaw= 0.000 speed=0.04 imu=xsens:live tilt_rp=[-1.4,-4.1]deg imu_corr=0.000 act_max= 1.527 tau_cmd= 12.523 tau_cmd_max= 24.000 cmds=12 bus=can0:12 hz=39.6 tx=0.5ms fb_age=6.3ms fb=12 policy_cmd=[ 0.108, 0.000, 0.000] tau_fb= 12.502 tau_fb_max= 24.050",0.0,0.0,0.0,-0.361709326505661,0.08027330040931702,-0.11516066640615463,-0.07219378650188446,0.023994581773877144,-0.9971020221710205,0.10799999535083771,0.0,0.0,-0.2818775773048401,0.2903147339820862,-0.07900242507457733,0.12732429802417755,0.2481289654970169,-0.18408331274986267,0.42492565512657166,-0.2976013422012329,0.028763016685843468,-0.10277985036373138,0.06519617140293121,-0.21054528653621674,0.043946653604507446,-0.14786218106746674,1.0922574996948242,-0.599688708782196,0.125888854265213,0.01144444104284048,0.02700888179242611,-0.3149510324001312,-0.7626575231552124,0.7612842321395874,-0.125888854265213,-0.40101322531700134,1.338342547416687,-1.1401768922805786,-0.11957556009292603,-0.10906487703323364,0.3320818543434143,-0.12589414417743683,-0.07574968785047531,-0.45151543617248535,-0.20395010709762573,0.3724781274795532,-1.6473388671875,1.2448068857192993,1.2501963376998901,-1.396579623222351,0.6493225693702698,0.38587793707847595,0.354308158159256,-0.43043965101242065,0.2308613657951355,-0.4277864694595337,-0.49227815866470337,-0.07511572539806366,-1.358513593673706,1.543270468711853,1.2672374248504639,-1.3215575218200684,0.3473528027534485,0.2681888937950134,0.27955418825149536,-0.3495745062828064,0.007841885089874268,-0.3909902274608612,-0.40942874550819397,0.029044881463050842,-1.5273032188415527,1.2756258249282837,-0.2818775773048401,0.2903147339820862,-0.07900242507457733,0.12732429802417755,0.2481289654970169,-0.18408331274986267,0.42492565512657166,-0.2976013422012329,0.028763016685843468,-0.10277985036373138,0.06519617140293121,-0.21054528653621674,0.043946653604507446,-0.14786218106746674,1.0922574996948242,-0.599688708782196,0.125888854265213,0.01144444104284048,0.02700888179242611,-0.3149510324001312,-0.7626575231552124,0.7612842321395874,-0.125888854265213,-0.40101322531700134,0.01949126645922661,-0.013911791145801544,0.026637960225343704,0.06704722344875336,0.06988854706287384,-0.0873936265707016,0.12550808489322662,-0.0977475568652153,0.0,0.0,0.0,0.0,0.0,0.0,0.0,0.0,0.0,0.0,0.0,0.0,0.0,0.0,0.0,0.0
2026-07-13_13-51-50,2026-07-13T13:52:58.397,67.492491,pose,2460,stand,0.0,0.0,0.0,0.0,0.0,0.0,0.0,0.0,0.04,xsens:live,-0.05863304063677788,0.11215442419052124,-0.9919594526290894,-6.450668335807175,-3.382720496092769,0.0,0.0,9.948959350585938,24.0,12,can0:12,24.92290400005004,40.12373517941538,0.4507730000113952,6.314889999885054,12,10.003662109375,24.2109432220459,,"BL_hip_joint,BR_hip_joint,FL_hip_joint,FR_hip_joint,BL_thigh_joint,BR_thigh_joint,FL_thigh_joint,FR_thigh_joint,BL_calf_joint,BR_calf_joint,FL_calf_joint,FR_calf_joint",965e94c4cebfc45b9ef609d4a677a5ee35961a895700aad478603f43844b3779,"step=002460 mode=stand  vx= 0.000 vy= 0.000 vxy= 0.000 yaw= 0.000 speed=0.04 imu=xsens:live tilt_rp=[-6.5,-3.4]deg imu_corr=0.000 act_max= 0.000 tau_cmd= 9.949 tau_cmd_max= 24.000 cmds=12 bus=can0:12 hz=40.1 tx=0.5ms fb_age=6.3ms fb=12 tau_fb= 10.004 tau_fb_max= 24.211",,,,,,,,,,,,,,,,,,,,,,,,,,,,,,,,,,,,,,,,,,,,,,,,,0.0,0.0,0.0,0.0,0.0,0.0,0.0,0.0,0.0,0.0,0.0,0.0,0.0,0.0,0.0,0.0,0.0,0.0,0.0,0.0,0.0,0.0,0.0,0.0,-0.37085115909576416,0.11696960777044296,0.030297044664621353,0.1894524097442627,0.16720901429653168,-0.1771801859140396,0.4042162597179413,-0.24122583866119385,0.019558852538466454,-0.16452446579933167,0.09587672352790833,-0.050622910261154175,0.007782219909131527,0.025635547935962677,0.16846217215061188,0.059968870133161545,0.06546220183372498,0.158848837018013,-0.11719107627868652,0.03799554333090782,0.03799554333090782,0.025177771225571632,-0.10666219145059586,-0.1908932775259018,-0.07047685980796814,-0.14689531922340393,0.12747722864151,0.12998507916927338,0.13343003392219543,-0.2347845435142517,0.14249518513679504,-0.08560240268707275,0.0,-0.058740876615047455,0.010392555966973305,0.0,0.0,0.0,0.0,0.0,0.0,0.0,0.0,0.0,0.0,0.0,0.0,0.0
2026-07-13_13-51-50,2026-07-13T13:52:58.937,68.033278,pose,2480,stand,0.0,0.0,0.0,0.0,0.0,0.0,0.0,0.0,0.04,xsens:live,-0.061575621366500854,0.09582982957363129,-0.9934914112091064,-5.509570289898884,-3.5465994518177126,0.0,0.0,9.916363716125488,24.0,12,can0:12,24.885333999918657,40.184310968189884,0.4533649998847977,6.272839999837743,12,9.769585609436035,23.606678009033203,,"BL_hip_joint,BR_hip_joint,FL_hip_joint,FR_hip_joint,BL_thigh_joint,BR_thigh_joint,FL_thigh_joint,FR_thigh_joint,BL_calf_joint,BR_calf_joint,FL_calf_joint,FR_calf_joint",965e94c4cebfc45b9ef609d4a677a5ee35961a895700aad478603f43844b3779,"step=002480 mode=stand  vx= 0.000 vy= 0.000 vxy= 0.000 yaw= 0.000 speed=0.04 imu=xsens:live tilt_rp=[-5.5,-3.5]deg imu_corr=0.000 act_max= 0.000 tau_cmd= 9.916 tau_cmd_max= 24.000 cmds=12 bus=can0:12 hz=40.2 tx=0.5ms fb_age=6.3ms fb=12 tau_fb= 9.770 tau_fb_max= 23.607",,,,,,,,,,,,,,,,,,,,,,,,,,,,,,,,,,,,,,,,,,,,,,,,,0.0,0.0,0.0,0.0,0.0,0.0,0.0,0.0,0.0,0.0,0.0,0.0,0.0,0.0,0.0,0.0,0.0,0.0,0.0,0.0,0.0,0.0,0.0,0.0,-0.34553971886634827,0.14074702560901642,0.04180225357413292,0.2044091820716858,0.15455327928066254,-0.12732429802417755,0.36624908447265625,-0.21322983503341675,0.018024824559688568,-0.1595388650894165,0.04256926476955414,-0.09357568621635437,0.10574663430452347,0.14740440249443054,-0.24307993054389954,-0.14419995248317719,-0.13000884652137756,0.10849329829216003,-0.17944884300231934,0.08835108578205109,-0.037537768483161926,0.013733329251408577,0.008239997550845146,-0.038453321903944016,-0.04247137904167175,-0.09806232154369354,0.0850994735956192,0.08677362650632858,0.08907335996627808,-0.15673419833183289,0.09512495249509811,-0.05714525654911995,0.0,-0.03921341523528099,0.006937718018889427,0.0,0.0,0.0,0.0,0.0,0.0,0.0,0.0,0.0,0.0,0.0,0.0,0.0
2026-07-13_13-51-50,2026-07-13T13:52:59.476,68.571608,pose,2500,stand,0.0,0.0,0.0,0.0,0.0,0.0,0.0,0.0,0.04,xsens:live,-0.07686372101306915,0.034030791372060776,-0.9964606761932373,-1.955986068357507,-4.410874731727331,0.0,0.0,8.541565895080566,20.50621795654297,12,can0:12,31.098459000077128,32.15593415730085,0.44610099985220586,6.408430000192311,12,8.601335525512695,20.134891510009766,,"BL_hip_joint,BR_hip_joint,FL_hip_joint,FR_hip_joint,BL_thigh_joint,BR_thigh_joint,FL_thigh_joint,FR_thigh_joint,BL_calf_joint,BR_calf_joint,FL_calf_joint,FR_calf_joint",965e94c4cebfc45b9ef609d4a677a5ee35961a895700aad478603f43844b3779,"step=002500 mode=stand  vx= 0.000 vy= 0.000 vxy= 0.000 yaw= 0.000 speed=0.04 imu=xsens:live tilt_rp=[-2.0,-4.4]deg imu_corr=0.000 act_max= 0.000 tau_cmd= 8.542 tau_cmd_max= 20.506 cmds=12 bus=can0:12 hz=32.2 tx=0.4ms fb_age=6.4ms fb=12 tau_fb= 8.601 tau_fb_max= 20.135",,,,,,,,,,,,,,,,,,,,,,,,,,,,,,,,,,,,,,,,,,,,,,,,,0.0,0.0,0.0,0.0,0.0,0.0,0.0,0.0,0.0,0.0,0.0,0.0,0.0,0.0,0.0,0.0,0.0,0.0,0.0,0.0,0.0,0.0,0.0,0.0,-0.27574145793914795,0.2090112566947937,-0.018791837617754936,0.1491841822862625,0.006519617512822151,0.04793836176395416,0.20364215970039368,-0.04908888414502144,0.019942358136177063,-0.13499443233013153,0.04602082818746567,-0.09357568621635437,0.2375866025686264,0.22431103885173798,-0.06546220183372498,0.02929776906967163,-0.3328043520450592,0.5973998308181763,-0.3973509967327118,0.5694754123687744,-0.0196844395250082,0.03479110077023506,-0.026551103219389915,0.03707998991012573,-0.012743137776851654,-0.03769397735595703,0.0327112153172493,0.0333547368645668,0.03423873335123062,-0.06024673581123352,0.03656488656997681,-0.02196595072746277,0.0,-0.01507316529750824,0.0026667751371860504,0.0,0.0,0.0,0.0,0.0,0.0,0.0,0.0,0.0,0.0,0.0,0.0,0.0
2026-07-13_13-51-50,2026-07-13T13:53:00.012,69.108098,pose,2520,stand,0.0,0.0,0.0,0.0,0.0,0.0,0.0,0.0,0.04,xsens:live,-0.08748480677604675,-0.03020213171839714,-0.9957079887390137,1.7373811305671734,-5.021222374315236,0.0,0.0,9.434635162353516,19.926177978515625,12,can0:12,24.889303000236396,40.177902932456654,0.4785830001310387,6.32426599986502,12,9.475692749023438,20.054323196411133,,"BL_hip_joint,BR_hip_joint,FL_hip_joint,FR_hip_joint,BL_thigh_joint,BR_thigh_joint,FL_thigh_joint,FR_thigh_joint,BL_calf_joint,BR_calf_joint,FL_calf_joint,FR_calf_joint",965e94c4cebfc45b9ef609d4a677a5ee35961a895700aad478603f43844b3779,"step=002520 mode=stand  vx= 0.000 vy= 0.000 vxy= 0.000 yaw= 0.000 speed=0.04 imu=xsens:live tilt_rp=[+1.7,-5.0]deg imu_corr=0.000 act_max= 0.000 tau_cmd= 9.435 tau_cmd_max= 19.926 cmds=12 bus=can0:12 hz=40.2 tx=0.5ms fb_age=6.3ms fb=12 tau_fb= 9.476 tau_fb_max= 20.054",,,,,,,,,,,,,,,,,,,,,,,,,,,,,,,,,,,,,,,,,,,,,,,,,0.0,0.0,0.0,0.0,0.0,0.0,0.0,0.0,0.0,0.0,0.0,0.0,0.0,0.0,0.0,0.0,0.0,0.0,0.0,0.0,0.0,0.0,0.0,0.0,-0.2278030961751938,0.24889597296714783,-0.050622910261154175,0.12118817865848541,-0.1139015480875969,0.20134112238883972,0.07056526839733124,0.06826423108577728,0.02070937305688858,-0.11505206674337387,0.03796718269586563,-0.12770779430866241,-0.09247108548879623,-0.035248879343271255,-0.13870662450790405,-0.021973326802253723,-0.20233771204948425,0.0238044373691082,-0.11032441258430481,0.00595110934227705,0.0,-0.001831110566854477,0.05722220614552498,0.027924437075853348,-0.00043397024273872375,-0.0012836754322052002,0.001113981008529663,0.001135900616645813,0.0011660009622573853,-0.002051711082458496,0.0012452304363250732,-0.0007480531930923462,0.0,-0.0005133189260959625,9.081792086362839e-05,0.0,0.0,0.0,0.0,0.0,0.0,0.0,0.0,0.0,0.0,0.0,0.0,0.0
2026-07-13_13-51-50,2026-07-13T13:53:00.554,69.649729,pose,2540,stand,0.0,0.0,0.0,0.0,0.0,0.0,0.0,0.0,0.04,xsens:live,-0.09391529858112335,-0.02979389578104019,-0.9951343536376953,1.7148987904110748,-5.391291967099499,0.0,0.0,10.176578521728516,19.71565818786621,12,can0:12,24.746959999902174,40.409003772744335,0.4835750000893313,6.295113000305719,12,10.192876815795898,19.669790267944336,,"BL_hip_joint,BR_hip_joint,FL_hip_joint,FR_hip_joint,BL_thigh_joint,BR_thigh_joint,FL_thigh_joint,FR_thigh_joint,BL_calf_joint,BR_calf_joint,FL_calf_joint,FR_calf_joint",965e94c4cebfc45b9ef609d4a677a5ee35961a895700aad478603f43844b3779,"step=002540 mode=stand  vx= 0.000 vy= 0.000 vxy= 0.000 yaw= 0.000 speed=0.04 imu=xsens:live tilt_rp=[+1.7,-5.4]deg imu_corr=0.000 act_max= 0.000 tau_cmd= 10.177 tau_cmd_max= 19.716 cmds=12 bus=can0:12 hz=40.4 tx=0.5ms fb_age=6.3ms fb=12 tau_fb= 10.193 tau_fb_max= 19.670",,,,,,,,,,,,,,,,,,,,,,,,,,,,,,,,,,,,,,,,,,,,,,,,,0.0,0.0,0.0,0.0,0.0,0.0,0.0,0.0,0.0,0.0,0.0,0.0,0.0,0.0,0.0,0.0,0.0,0.0,0.0,0.0,0.0,0.0,0.0,0.0,-0.2454444169998169,0.2389248013496399,-0.05637551471590996,0.11735311150550842,-0.15455327928066254,0.24314337968826294,0.03528263419866562,0.10853245109319687,0.0410352386534214,-0.12157168984413147,0.047554854303598404,-0.11581908166408539,-0.04119998961687088,0.03433332219719887,0.015564439818263054,0.010986663401126862,-0.024262215942144394,0.037537768483161926,-0.06820886582136154,-0.05310220643877983,-0.061342205852270126,-0.04440443217754364,0.0050355540588498116,-0.06271553784608841,2.7755575615628914e-17,2.7755575615628914e-17,0.0,-1.3877787807814457e-17,0.0,0.0,0.0,-1.3877787807814457e-17,0.0,0.0,0.0,-1.3877787807814457e-17,0.0,0.0,0.0,0.0,0.0,0.0,0.0,0.0,0.0,0.0,0.0,0.0
2026-07-13_13-51-50,2026-07-13T13:53:01.090,70.186411,pose,2560,stand,0.0,0.0,0.0,0.0,0.0,0.0,0.0,0.0,0.04,xsens:live,-0.09304644912481308,-0.02664266526699066,-0.9953052997589111,1.5333464290317622,-5.3407925894838355,0.0,0.0,9.991189002990723,19.678415298461914,12,can0:12,30.68032700002732,32.59417671783973,0.5208560000937723,6.367884000155755,12,9.973143577575684,19.73937225341797,,"BL_hip_joint,BR_hip_joint,FL_hip_joint,FR_hip_joint,BL_thigh_joint,BR_thigh_joint,FL_thigh_joint,FR_thigh_joint,BL_calf_joint,BR_calf_joint,FL_calf_joint,FR_calf_joint",965e94c4cebfc45b9ef609d4a677a5ee35961a895700aad478603f43844b3779,"step=002560 mode=stand  vx= 0.000 vy= 0.000 vxy= 0.000 yaw= 0.000 speed=0.04 imu=xsens:live tilt_rp=[+1.5,-5.3]deg imu_corr=0.000 act_max= 0.000 tau_cmd= 9.991 tau_cmd_max= 19.678 cmds=12 bus=can0:12 hz=32.6 tx=0.5ms fb_age=6.4ms fb=12 tau_fb= 9.973 tau_fb_max= 19.739",,,,,,,,,,,,,,,,,,,,,,,,,,,,,,,,,,,,,,,,,,,,,,,,,0.0,0.0,0.0,0.0,0.0,0.0,0.0,0.0,0.0,0.0,0.0,0.0,0.0,0.0,0.0,0.0,0.0,0.0,0.0,0.0,0.0,0.0,0.0,0.0,-0.2454444169998169,0.23739077150821686,-0.05637551471590996,0.1165860965847969,-0.14496560394763947,0.22972063720226288,0.046787843108177185,0.09664373844861984,0.0410352386534214,-0.12080467492341995,0.053690966218709946,-0.11121699959039688,-0.024262215942144394,0.028382213786244392,-0.008697775192558765,-0.032959990203380585,0.04119998961687088,-0.07736442238092422,0.08331552892923355,-0.04531998559832573,-0.0476088747382164,-0.009155552834272385,0.032959990203380585,-0.014648884534835815,2.7755575615628914e-17,2.7755575615628914e-17,0.0,1.3877787807814457e-17,0.0,0.0,0.0,0.0,0.0,0.0,0.0,0.0,0.0,0.0,0.0,0.0,0.0,0.0,0.0,0.0,0.0,0.0,0.0,0.0
2026-07-13_13-51-50,2026-07-13T13:53:01.635,70.730679,pose,2580,stand,0.0,0.0,0.0,0.0,0.0,0.0,0.0,0.0,0.04,xsens:live,-0.0912959948182106,-0.02563362941145897,-0.9954938292503357,1.4750209999386434,-5.2398957066641385,0.0,0.0,9.80677318572998,19.34189796447754,12,can0:12,24.871380999684334,40.20685461787152,0.4718629998023971,6.314633999863872,12,9.829707145690918,19.530624389648438,,"BL_hip_joint,BR_hip_joint,FL_hip_joint,FR_hip_joint,BL_thigh_joint,BR_thigh_joint,FL_thigh_joint,FR_thigh_joint,BL_calf_joint,BR_calf_joint,FL_calf_joint,FR_calf_joint",965e94c4cebfc45b9ef609d4a677a5ee35961a895700aad478603f43844b3779,"step=002580 mode=stand  vx= 0.000 vy= 0.000 vxy= 0.000 yaw= 0.000 speed=0.04 imu=xsens:live tilt_rp=[+1.5,-5.2]deg imu_corr=0.000 act_max= 0.000 tau_cmd= 9.807 tau_cmd_max= 19.342 cmds=12 bus=can0:12 hz=40.2 tx=0.5ms fb_age=6.3ms fb=12 tau_fb= 9.830 tau_fb_max= 19.531",,,,,,,,,,,,,,,,,,,,,,,,,,,,,,,,,,,,,,,,,,,,,,,,,0.0,0.0,0.0,0.0,0.0,0.0,0.0,0.0,0.0,0.0,0.0,0.0,0.0,0.0,0.0,0.0,0.0,0.0,0.0,0.0,0.0,0.0,0.0,0.0,-0.2435268759727478,0.23777428269386292,-0.0559920072555542,0.11620259284973145,-0.1334604024887085,0.21859893202781677,0.05675902217626572,0.08513852953910828,0.0410352386534214,-0.12080467492341995,0.05330745875835419,-0.1119840145111084,0.059053316712379456,0.016479995101690292,0.1029999703168869,-0.05172887444496155,-0.05218665301799774,-0.10711997002363205,0.03707998991012573,0.03021332435309887,0.028382213786244392,-0.03799554333090782,-0.0636310949921608,-0.08102664351463318,0.0,2.7755575615628914e-17,0.0,0.0,0.0,-2.7755575615628914e-17,0.0,0.0,0.0,0.0,0.0,0.0,0.0,0.0,0.0,0.0,0.0,0.0,0.0,0.0,0.0,0.0,0.0,0.0
2026-07-13_13-51-50,2026-07-13T13:53:02.174,71.270162,pose,2600,stand,0.0,0.0,0.0,0.0,0.0,0.0,0.0,0.0,0.04,xsens:live,-0.09114933758974075,-0.026160284876823425,-0.9954936504364014,1.5053124955191273,-5.231526053421687,0.0,0.0,9.845222473144531,19.617698669433594,12,can0:12,31.42145099991467,31.825392150181596,0.4853989998991892,6.319338000139396,12,9.840693473815918,19.596546173095703,,"BL_hip_joint,BR_hip_joint,FL_hip_joint,FR_hip_joint,BL_thigh_joint,BR_thigh_joint,FL_thigh_joint,FR_thigh_joint,BL_calf_joint,BR_calf_joint,FL_calf_joint,FR_calf_joint",965e94c4cebfc45b9ef609d4a677a5ee35961a895700aad478603f43844b3779,"step=002600 mode=stand  vx= 0.000 vy= 0.000 vxy= 0.000 yaw= 0.000 speed=0.04 imu=xsens:live tilt_rp=[+1.5,-5.2]deg imu_corr=0.000 act_max= 0.000 tau_cmd= 9.845 tau_cmd_max= 19.618 cmds=12 bus=can0:12 hz=31.8 tx=0.5ms fb_age=6.3ms fb=12 tau_fb= 9.841 tau_fb_max= 19.597",,,,,,,,,,,,,,,,,,,,,,,,,,,,,,,,,,,,,,,,,,,,,,,,,0.0,0.0,0.0,0.0,0.0,0.0,0.0,0.0,0.0,0.0,0.0,0.0,0.0,0.0,0.0,0.0,0.0,0.0,0.0,0.0,0.0,0.0,0.0,0.0,-0.2435268759727478,0.23739077150821686,-0.05637551471590996,0.1165860965847969,-0.1334604024887085,0.21859893202781677,0.057142529636621475,0.08513852953910828,0.04141874611377716,-0.12080467492341995,0.05330745875835419,-0.1119840145111084,-0.06637775897979736,-0.03799554333090782,0.02929776906967163,0.01235999632626772,-0.0032044434919953346,-0.014648884534835815,0.01739555038511753,-0.06271553784608841,0.02609332650899887,-0.09659108519554138,0.015564439818263054,0.02609332650899887,0.0,2.7755575615628914e-17,0.0,1.3877787807814457e-17,0.0,-2.7755575615628914e-17,6.938893903907228e-18,0.0,0.0,0.0,0.0,0.0,0.0,0.0,0.0,0.0,0.0,0.0,0.0,0.0,0.0,0.0,0.0,0.0
2026-07-13_13-51-50,2026-07-13T13:53:02.896,71.992192,pose,2620,sit,0.0,0.0,0.0,0.0,0.0,0.0,0.0,0.0,0.04,xsens:live,-0.09288562089204788,-0.027476441115140915,-0.9952976703643799,1.5813202604073124,-5.331655053608462,0.0,0.0,5.951887607574463,12.308978080749512,12,can0:12,31.85023900005035,31.396938654005677,0.5262969998511835,6.5105799999400915,12,5.711843967437744,11.638538360595703,,"BL_hip_joint,BR_hip_joint,FL_hip_joint,FR_hip_joint,BL_thigh_joint,BR_thigh_joint,FL_thigh_joint,FR_thigh_joint,BL_calf_joint,BR_calf_joint,FL_calf_joint,FR_calf_joint",965e94c4cebfc45b9ef609d4a677a5ee35961a895700aad478603f43844b3779,"step=002620 mode=sit    vx= 0.000 vy= 0.000 vxy= 0.000 yaw= 0.000 speed=0.04 imu=xsens:live tilt_rp=[+1.6,-5.3]deg imu_corr=0.000 act_max= 0.000 tau_cmd= 5.952 tau_cmd_max= 12.309 cmds=12 bus=can0:12 hz=31.4 tx=0.5ms fb_age=6.5ms fb=12 tau_fb= 5.712 tau_fb_max= 11.639",,,,,,,,,,,,,,,,,,,,,,,,,,,,,,,,,,,,,,,,,,,,,,,,,0.0,0.0,0.0,0.0,0.0,0.0,0.0,0.0,0.0,0.0,0.0,0.0,0.0,0.0,0.0,0.0,0.0,0.0,0.0,0.0,0.0,0.0,0.0,0.0,-0.2584836483001709,0.2511970102787018,-0.05944357067346573,0.1250232458114624,-0.14573262631893158,0.23355570435523987,0.05867655575275421,0.09204165637493134,0.0494723916053772,-0.13422740995883942,0.06711370497941971,-0.1296253353357315,0.001831110566854477,0.006408886983990669,-0.02151555009186268,-0.047151096165180206,-0.03387554734945297,-0.038453321903944016,0.001831110566854477,-0.03387554734945297,-0.0013733329251408577,-0.04211554303765297,0.048066653311252594,-0.026551103219389915,-0.24198336899280548,0.23626723885536194,-0.056018199771642685,0.1158471554517746,-0.12944543361663818,0.21442542970180511,0.059949424117803574,0.08181092143058777,0.051169704645872116,-0.13043354451656342,0.06336414068937302,-0.12166880071163177,0.0,0.0,0.0,0.0,0.0,0.0,0.0,0.0,0.0,0.0,0.0,0.0
2026-07-13_13-51-50,2026-07-13T13:53:03.410,72.506255,pose,2640,sit,0.0,0.0,0.0,0.0,0.0,0.0,0.0,0.0,0.04,xsens:live,-0.08998873829841614,-0.028626833111047745,-0.9955313205718994,1.6471052516062892,-5.165081573572397,0.0,0.0,6.049276828765869,16.010271072387695,12,can0:12,30.016103999969346,33.315449600022085,0.49759200010157656,6.3632440001129,12,6.16840124130249,12.814111709594727,,"BL_hip_joint,BR_hip_joint,FL_hip_joint,FR_hip_joint,BL_thigh_joint,BR_thigh_joint,FL_thigh_joint,FR_thigh_joint,BL_calf_joint,BR_calf_joint,FL_calf_joint,FR_calf_joint",965e94c4cebfc45b9ef609d4a677a5ee35961a895700aad478603f43844b3779,"step=002640 mode=sit    vx= 0.000 vy= 0.000 vxy= 0.000 yaw= 0.000 speed=0.04 imu=xsens:live tilt_rp=[+1.6,-5.2]deg imu_corr=0.000 act_max= 0.000 tau_cmd= 6.049 tau_cmd_max= 16.010 cmds=12 bus=can0:12 hz=33.3 tx=0.5ms fb_age=6.4ms fb=12 tau_fb= 6.168 tau_fb_max= 12.814",,,,,,,,,,,,,,,,,,,,,,,,,,,,,,,,,,,,,,,,,,,,,,,,,0.0,0.0,0.0,0.0,0.0,0.0,0.0,0.0,0.0,0.0,0.0,0.0,0.0,0.0,0.0,0.0,0.0,0.0,0.0,0.0,0.0,0.0,0.0,0.0,-0.253881573677063,0.2481289654970169,-0.05829304829239845,0.12348922342061996,-0.13000884652137756,0.21783192455768585,0.07286631315946579,0.07440033555030823,0.09012412279844284,-0.17219460010528564,0.1054643988609314,-0.16874302923679352,-0.048066653311252594,-0.04303110018372536,0.0791955292224884,0.03021332435309887,0.028382213786244392,-0.0027466658502817154,0.013275551609694958,-0.08194220066070557,0.0718710869550705,-0.10940885543823242,0.14740440249443054,-0.0714133158326149,-0.23484119772911072,0.22929377853870392,-0.05436481535434723,0.11242791265249252,-0.11086729168891907,0.19333907961845398,0.07293756306171417,0.06463870406150818,0.09806420654058456,-0.17498856782913208,0.10989873111248016,-0.16648250818252563,0.0,0.0,0.0,0.0,0.0,0.0,0.0,0.0,0.0,0.0,0.0,0.0
2026-07-13_13-51-50,2026-07-13T13:53:03.924,73.019720,pose,2660,sit,0.0,0.0,0.0,0.0,0.0,0.0,0.0,0.0,0.04,xsens:live,-0.08678197860717773,-0.031161651015281677,-0.9957398772239685,1.7924847642765231,-4.980928340473606,0.0,0.0,8.60383129119873,20.441455841064453,12,can0:12,29.83945699998003,33.51267417502501,0.4965040002389287,6.44619300010163,12,8.896450996398926,17.596973419189453,,"BL_hip_joint,BR_hip_joint,FL_hip_joint,FR_hip_joint,BL_thigh_joint,BR_thigh_joint,FL_thigh_joint,FR_thigh_joint,BL_calf_joint,BR_calf_joint,FL_calf_joint,FR_calf_joint",965e94c4cebfc45b9ef609d4a677a5ee35961a895700aad478603f43844b3779,"step=002660 mode=sit    vx= 0.000 vy= 0.000 vxy= 0.000 yaw= 0.000 speed=0.04 imu=xsens:live tilt_rp=[+1.8,-5.0]deg imu_corr=0.000 act_max= 0.000 tau_cmd= 8.604 tau_cmd_max= 20.441 cmds=12 bus=can0:12 hz=33.5 tx=0.5ms fb_age=6.4ms fb=12 tau_fb= 8.896 tau_fb_max= 17.597",,,,,,,,,,,,,,,,,,,,,,,,,,,,,,,,,,,,,,,,,,,,,,,,,0.0,0.0,0.0,0.0,0.0,0.0,0.0,0.0,0.0,0.0,0.0,0.0,0.0,0.0,0.0,0.0,0.0,0.0,0.0,0.0,0.0,0.0,0.0,0.0,-0.24851247668266296,0.24429389834403992,-0.057909540832042694,0.12003766000270844,-0.11160051077604294,0.19328747689723969,0.09664373844861984,0.04832186922430992,0.16759251058101654,-0.24774545431137085,0.1790977269411087,-0.2416093498468399,0.03891110047698021,0.007782219909131527,0.021973326802253723,-0.0119022186845541,0.06546220183372498,-0.07003998011350632,0.10254219174385071,-0.043946653604507446,0.24445326626300812,-0.1593066155910492,0.1029999703168869,-0.14603106677532196,-0.22267141938209534,0.21741147339344025,-0.05154755711555481,0.10660175234079361,-0.07921133935451508,0.15740934014320374,0.09506850689649582,0.03537837788462639,0.17796935141086578,-0.25090739130973816,0.1891905963420868,-0.24284213781356812,0.0,0.0,0.0,0.0,0.0,0.0,0.0,0.0,0.0,0.0,0.0,0.0
2026-07-13_13-51-50,2026-07-13T13:53:04.447,73.543175,pose,2680,sit,0.0,0.0,0.0,0.0,0.0,0.0,0.0,0.0,0.04,xsens:live,-0.07505447417497635,-0.02493114210665226,-0.9968677759170532,1.4326388595436617,-4.3056929131591755,0.0,0.0,7.590745449066162,20.73812484741211,12,can0:12,23.519670000041515,42.51760335065224,0.47154200001386926,6.418031000066549,12,7.41721773147583,16.007568359375,,"BL_hip_joint,BR_hip_joint,FL_hip_joint,FR_hip_joint,BL_thigh_joint,BR_thigh_joint,FL_thigh_joint,FR_thigh_joint,BL_calf_joint,BR_calf_joint,FL_calf_joint,FR_calf_joint",965e94c4cebfc45b9ef609d4a677a5ee35961a895700aad478603f43844b3779,"step=002680 mode=sit    vx= 0.000 vy= 0.000 vxy= 0.000 yaw= 0.000 speed=0.04 imu=xsens:live tilt_rp=[+1.4,-4.3]deg imu_corr=0.000 act_max= 0.000 tau_cmd= 7.591 tau_cmd_max= 20.738 cmds=12 bus=can0:12 hz=42.5 tx=0.5ms fb_age=6.4ms fb=12 tau_fb= 7.417 tau_fb_max= 16.008",,,,,,,,,,,,,,,,,,,,,,,,,,,,,,,,,,,,,,,,,,,,,,,,,0.0,0.0,0.0,0.0,0.0,0.0,0.0,0.0,0.0,0.0,0.0,0.0,0.0,0.0,0.0,0.0,0.0,0.0,0.0,0.0,0.0,0.0,0.0,0.0,-0.2343227118253708,0.21821542084217072,-0.05637551471590996,0.11351804435253143,-0.06404565274715424,0.1361449509859085,0.14419859647750854,-0.00076701381476596,0.2696053385734558,-0.3405541181564331,0.281110554933548,-0.33902010321617126,0.0068666646257042885,-0.11169774830341339,0.028382213786244392,-0.06775109469890594,0.056764427572488785,-0.15381328761577606,0.12176885455846786,-0.1579332798719406,0.24903103709220886,-0.1826532781124115,0.21698659658432007,-0.08560442179441452,-0.20634157955646515,0.201467365026474,-0.047767262905836105,0.09878399968147278,-0.036734260618686676,0.10919752717018127,0.1247645914554596,-0.003884159028530121,0.2851889133453369,-0.35277798771858215,0.2955872416496277,-0.3453041911125183,0.0,0.0,0.0,0.0,0.0,0.0,0.0,0.0,0.0,0.0,0.0,0.0
2026-07-13_13-51-50,2026-07-13T13:53:04.969,74.065412,pose,2700,sit,0.0,0.0,0.0,0.0,0.0,0.0,0.0,0.0,0.04,xsens:live,-0.05544519051909447,-0.025905221700668335,-0.9981256723403931,1.4867133259119791,-3.1794732696565444,0.0,0.0,8.514801025390625,19.2678165435791,12,can0:12,24.218486999870947,41.29077097199873,0.47573500023645465,6.398317999810388,12,6.013672351837158,21.14566421508789,,"BL_hip_joint,BR_hip_joint,FL_hip_joint,FR_hip_joint,BL_thigh_joint,BR_thigh_joint,FL_thigh_joint,FR_thigh_joint,BL_calf_joint,BR_calf_joint,FL_calf_joint,FR_calf_joint",965e94c4cebfc45b9ef609d4a677a5ee35961a895700aad478603f43844b3779,"step=002700 mode=sit    vx= 0.000 vy= 0.000 vxy= 0.000 yaw= 0.000 speed=0.04 imu=xsens:live tilt_rp=[+1.5,-3.2]deg imu_corr=0.000 act_max= 0.000 tau_cmd= 8.515 tau_cmd_max= 19.268 cmds=12 bus=can0:12 hz=41.3 tx=0.5ms fb_age=6.4ms fb=12 tau_fb= 6.014 tau_fb_max= 21.146",,,,,,,,,,,,,,,,,,,,,,,,,,,,,,,,,,,,,,,,,,,,,,,,,0.0,0.0,0.0,0.0,0.0,0.0,0.0,0.0,0.0,0.0,0.0,0.0,0.0,0.0,0.0,0.0,0.0,0.0,0.0,0.0,0.0,0.0,0.0,0.0,-0.20095761120319366,0.18791837990283966,-0.05675902217626572,0.10623141378164291,-0.007670138031244278,0.07286631315946579,0.19443799555301666,-0.04602082818746567,0.39424508810043335,-0.45790722966194153,0.40536680817604065,-0.4628928303718567,0.021057771518826485,0.032959990203380585,-0.051271095871925354,-0.005493331700563431,0.15243995189666748,-0.050355542451143265,0.0631733164191246,-0.11261329799890518,0.16388440132141113,-0.1991332769393921,0.10483107715845108,-0.18860438466072083,-0.18671923875808716,0.18230855464935303,-0.0432247668504715,0.08938999474048615,0.01430724561214447,0.051265016198158264,0.1604481339454651,-0.05106300115585327,0.4140265882015228,-0.4751881957054138,0.42343610525131226,-0.46842512488365173,0.0,0.0,0.0,0.0,0.0,0.0,0.0,0.0,0.0,0.0,0.0,0.0
2026-07-13_13-51-50,2026-07-13T13:53:05.496,74.591974,pose,2720,sit,0.0,0.0,0.0,0.0,0.0,0.0,0.0,0.0,0.04,xsens:live,-0.03093697875738144,-0.025150001049041748,-0.9992048740386963,1.4418311648142188,-1.773402313883179,0.0,0.0,6.517523288726807,10.33191967010498,12,can0:12,24.2320560000735,41.26764976100117,0.5049840001447592,6.510578999950667,12,3.929563522338867,14.476759910583496,,"BL_hip_joint,BR_hip_joint,FL_hip_joint,FR_hip_joint,BL_thigh_joint,BR_thigh_joint,FL_thigh_joint,FR_thigh_joint,BL_calf_joint,BR_calf_joint,FL_calf_joint,FR_calf_joint",965e94c4cebfc45b9ef609d4a677a5ee35961a895700aad478603f43844b3779,"step=002720 mode=sit    vx= 0.000 vy= 0.000 vxy= 0.000 yaw= 0.000 speed=0.04 imu=xsens:live tilt_rp=[+1.4,-1.8]deg imu_corr=0.000 act_max= 0.000 tau_cmd= 6.518 tau_cmd_max= 10.332 cmds=12 bus=can0:12 hz=41.3 tx=0.5ms fb_age=6.5ms fb=12 tau_fb= 3.930 tau_fb_max= 14.477",,,,,,,,,,,,,,,,,,,,,,,,,,,,,,,,,,,,,,,,,,,,,,,,,0.0,0.0,0.0,0.0,0.0,0.0,0.0,0.0,0.0,0.0,0.0,0.0,0.0,0.0,0.0,0.0,0.0,0.0,0.0,0.0,0.0,0.0,0.0,0.0,-0.16874302923679352,0.15992237627506256,-0.046787843108177185,0.08705606311559677,0.05330745875835419,0.005369096528738737,0.22089996933937073,-0.10891596227884293,0.5357591509819031,-0.5913676619529724,0.5484148859977722,-0.601338803768158,0.19409772753715515,0.009613330475986004,-0.002288888208568096,0.07415997982025146,0.06591998040676117,-0.11810663342475891,-0.04211554303765297,-0.09384441375732422,0.19272439181804657,-0.16525772213935852,0.16434217989444733,-0.20920437574386597,-0.16467192769050598,0.16078205406665802,-0.03812090680003166,0.07883507013320923,0.07165651023387909,-0.013826832175254822,0.20054148137569427,-0.10407225787639618,0.558786153793335,-0.6127259731292725,0.5670846104621887,-0.6067614555358887,0.0,0.0,0.0,0.0,0.0,0.0,0.0,0.0,0.0,0.0,0.0,0.0
2026-07-13_13-51-50,2026-07-13T13:53:06.023,75.119010,pose,2740,sit,0.0,0.0,0.0,0.0,0.0,0.0,0.0,0.0,0.04,xsens:live,0.0021018232218921185,-0.02246239222586155,-0.9997454881668091,1.2871113568445482,0.12045607997175607,0.0,0.0,6.130331516265869,15.84339714050293,12,can0:12,24.171509000098013,41.371020733374365,0.5005040002288297,6.445200000143814,12,5.608081340789795,16.84988021850586,,"BL_hip_joint,BR_hip_joint,FL_hip_joint,FR_hip_joint,BL_thigh_joint,BR_thigh_joint,FL_thigh_joint,FR_thigh_joint,BL_calf_joint,BR_calf_joint,FL_calf_joint,FR_calf_joint",965e94c4cebfc45b9ef609d4a677a5ee35961a895700aad478603f43844b3779,"step=002740 mode=sit    vx= 0.000 vy= 0.000 vxy= 0.000 yaw= 0.000 speed=0.04 imu=xsens:live tilt_rp=[+1.3,+0.1]deg imu_corr=0.000 act_max= 0.000 tau_cmd= 6.130 tau_cmd_max= 15.843 cmds=12 bus=can0:12 hz=41.4 tx=0.5ms fb_age=6.4ms fb=12 tau_fb= 5.608 tau_fb_max= 16.850",,,,,,,,,,,,,,,,,,,,,,,,,,,,,,,,,,,,,,,,,,,,,,,,,0.0,0.0,0.0,0.0,0.0,0.0,0.0,0.0,0.0,0.0,0.0,0.0,0.0,0.0,0.0,0.0,0.0,0.0,0.0,0.0,0.0,0.0,0.0,0.0,-0.13959650695323944,0.13652846217155457,-0.03528263419866562,0.06749721616506577,0.11543557792901993,-0.06404565274715424,0.2623187303543091,-0.18638435006141663,0.6883949041366577,-0.7371002435684204,0.7029681205749512,-0.7478384375572205,0.05813775956630707,-0.08926664292812347,0.09155552834272385,-0.050355542451143265,0.18723104894161224,-0.16388440132141113,0.06683553755283356,-0.08514664322137833,0.1817377209663391,-0.2536088228225708,0.2787865698337555,-0.3016754686832428,-0.1410672515630722,0.13773494958877563,-0.03265651315450668,0.06753455847501755,0.1330568492412567,-0.08351670205593109,0.24346697330474854,-0.16082601249217987,0.7137713432312012,-0.759979248046875,0.7208803296089172,-0.7548696994781494,0.0,0.0,0.0,0.0,0.0,0.0,0.0,0.0,0.0,0.0,0.0,0.0
2026-07-13_13-51-50,2026-07-13T13:53:06.542,75.637825,pose,2760,sit,0.0,0.0,0.0,0.0,0.0,0.0,0.0,0.0,0.04,xsens:live,0.03121376410126686,-0.014649239368736744,-0.9994053840637207,0.8397788302443283,1.7888994849688715,0.0,0.0,5.186359405517578,10.018845558166504,12,can0:12,29.49153600002319,33.908033816862364,0.491031000365183,6.409070999779942,12,2.316965341567993,5.317544937133789,,"BL_hip_joint,BR_hip_joint,FL_hip_joint,FR_hip_joint,BL_thigh_joint,BR_thigh_joint,FL_thigh_joint,FR_thigh_joint,BL_calf_joint,BR_calf_joint,FL_calf_joint,FR_calf_joint",965e94c4cebfc45b9ef609d4a677a5ee35961a895700aad478603f43844b3779,"step=002760 mode=sit    vx= 0.000 vy= 0.000 vxy= 0.000 yaw= 0.000 speed=0.04 imu=xsens:live tilt_rp=[+0.8,+1.8]deg imu_corr=0.000 act_max= 0.000 tau_cmd= 5.186 tau_cmd_max= 10.019 cmds=12 bus=can0:12 hz=33.9 tx=0.5ms fb_age=6.4ms fb=12 tau_fb= 2.317 tau_fb_max= 5.318",,,,,,,,,,,,,,,,,,,,,,,,,,,,,,,,,,,,,,,,,,,,,,,,,0.0,0.0,0.0,0.0,0.0,0.0,0.0,0.0,0.0,0.0,0.0,0.0,0.0,0.0,0.0,0.0,0.0,0.0,0.0,0.0,0.0,0.0,0.0,0.0,-0.11428505927324295,0.11351804435253143,-0.032981593161821365,0.06366214901208878,0.18024824559688568,-0.13691195845603943,0.27957653999328613,-0.20824424922466278,0.8494678139686584,-0.8901194930076599,0.8567544221878052,-0.8859009146690369,-0.00045777764171361923,-0.01831110566854477,0.02700888179242611,-0.06637775897979736,0.09979552775621414,-0.14099551737308502,-0.009155552834272385,-0.05813775956630707,0.21790215373039246,-0.22339549660682678,0.2293466031551361,-0.17990660667419434,-0.11677272617816925,0.11401432752609253,-0.027032429352402687,0.05590379610657692,0.19625160098075867,-0.15524320304393768,0.28764694929122925,-0.21923835575580597,0.8732858896255493,-0.9115358591079712,0.8791705369949341,-0.9073063135147095,0.0,0.0,0.0,0.0,0.0,0.0,0.0,0.0,0.0,0.0,0.0,0.0
2026-07-13_13-51-50,2026-07-13T13:53:07.064,76.160286,pose,2780,sit,0.0,0.0,0.0,0.0,0.0,0.0,0.0,0.0,0.04,xsens:live,-0.013443231582641602,-0.017048044130206108,-0.9997643232345581,0.9769165568655184,-0.7703755760775952,0.0,0.0,5.647538661956787,9.4970703125,12,can0:12,29.64056700011497,33.737546248562694,0.4888869998467271,6.4236309999614605,12,2.8006837368011475,5.068513870239258,,"BL_hip_joint,BR_hip_joint,FL_hip_joint,FR_hip_joint,BL_thigh_joint,BR_thigh_joint,FL_thigh_joint,FR_thigh_joint,BL_calf_joint,BR_calf_joint,FL_calf_joint,FR_calf_joint",965e94c4cebfc45b9ef609d4a677a5ee35961a895700aad478603f43844b3779,"step=002780 mode=sit    vx= 0.000 vy= 0.000 vxy= 0.000 yaw= 0.000 speed=0.04 imu=xsens:live tilt_rp=[+1.0,-0.8]deg imu_corr=0.000 act_max= 0.000 tau_cmd= 5.648 tau_cmd_max= 9.497 cmds=12 bus=can0:12 hz=33.7 tx=0.5ms fb_age=6.4ms fb=12 tau_fb= 2.801 tau_fb_max= 5.069",,,,,,,,,,,,,,,,,,,,,,,,,,,,,,,,,,,,,,,,,,,,,,,,,0.0,0.0,0.0,0.0,0.0,0.0,0.0,0.0,0.0,0.0,0.0,0.0,0.0,0.0,0.0,0.0,0.0,0.0,0.0,0.0,0.0,0.0,0.0,0.0,-0.09089113771915436,0.08897360414266586,-0.02837951108813286,0.05330745875835419,0.24199286103248596,-0.2070937305688858,0.31869423389434814,-0.259250670671463,1.009390115737915,-1.0419882535934448,1.0143758058547974,-1.0381531715393066,0.1112399697303772,-0.03387554734945297,0.00045777764171361923,0.04577776417136192,0.14648884534835815,-0.12863551080226898,0.1432843953371048,-0.11352885514497757,0.19959105551242828,-0.17624439299106598,0.24307993054389954,-0.25131991505622864,-0.09265592694282532,0.09046721458435059,-0.021449483931064606,0.044358111917972565,0.2589840590953827,-0.2264450341463089,0.3315037190914154,-0.2772234082221985,1.0316336154937744,-1.0619839429855347,1.036302924156189,-1.0586278438568115,0.0,0.0,0.0,0.0,0.0,0.0,0.0,0.0,0.0,0.0,0.0,0.0
2026-07-13_13-51-50,2026-07-13T13:53:07.593,76.689112,pose,2800,sit,0.0,0.0,0.0,0.0,0.0,0.0,0.0,0.0,0.04,xsens:live,-0.014911569654941559,-0.014712308533489704,-0.9997805953025818,0.8430773225549206,-0.85449414337511,0.0,0.0,4.107919216156006,6.590860843658447,12,can0:12,24.307516000135365,41.13953889794544,0.4782629998771881,6.400686000233691,12,3.079012155532837,5.55558967590332,,"BL_hip_joint,BR_hip_joint,FL_hip_joint,FR_hip_joint,BL_thigh_joint,BR_thigh_joint,FL_thigh_joint,FR_thigh_joint,BL_calf_joint,BR_calf_joint,FL_calf_joint,FR_calf_joint",965e94c4cebfc45b9ef609d4a677a5ee35961a895700aad478603f43844b3779,"step=002800 mode=sit    vx= 0.000 vy= 0.000 vxy= 0.000 yaw= 0.000 speed=0.04 imu=xsens:live tilt_rp=[+0.8,-0.9]deg imu_corr=0.000 act_max= 0.000 tau_cmd= 4.108 tau_cmd_max= 6.591 cmds=12 bus=can0:12 hz=41.1 tx=0.5ms fb_age=6.4ms fb=12 tau_fb= 3.079 tau_fb_max= 5.556",,,,,,,,,,,,,,,,,,,,,,,,,,,,,,,,,,,,,,,,,,,,,,,,,0.0,0.0,0.0,0.0,0.0,0.0,0.0,0.0,0.0,0.0,0.0,0.0,0.0,0.0,0.0,0.0,0.0,0.0,0.0,0.0,0.0,0.0,0.0,0.0,-0.0690312385559082,0.06711370497941971,-0.023777427151799202,0.04218575730919838,0.3022034466266632,-0.27650848031044006,0.3601129651069641,-0.31677669286727905,1.1624094247817993,-1.1877208948135376,1.1670114994049072,-1.1846528053283691,0.022431105375289917,-0.009613330475986004,0.09063997119665146,-0.020142216235399246,0.14419995248317719,-0.1432843953371048,0.06729331612586975,-0.03799554333090782,0.2554399371147156,-0.30671101808547974,0.22751548886299133,-0.24262215197086334,-0.06958441436290741,0.06794069707393646,-0.016108520328998566,0.033312857151031494,0.31899750232696533,-0.2945607900619507,0.3734596371650696,-0.33269524574279785,1.1831181049346924,-1.2059110403060913,1.1866246461868286,-1.2033907175064087,0.0,0.0,0.0,0.0,0.0,0.0,0.0,0.0,0.0,0.0,0.0,0.0
2026-07-13_13-51-50,2026-07-13T13:53:08.126,77.222156,pose,2820,sit,0.0,0.0,0.0,0.0,0.0,0.0,0.0,0.0,0.04,xsens:live,-0.015047243796288967,-0.017484454438090324,-0.9997339248657227,1.0019499207561742,-0.8623079070134466,0.0,0.0,4.326992511749268,6.312598705291748,12,can0:12,24.289977999615076,41.16924272289778,0.48594299960313947,6.386413999734941,12,2.9627370834350586,4.826807498931885,,"BL_hip_joint,BR_hip_joint,FL_hip_joint,FR_hip_joint,BL_thigh_joint,BR_thigh_joint,FL_thigh_joint,FR_thigh_joint,BL_calf_joint,BR_calf_joint,FL_calf_joint,FR_calf_joint",965e94c4cebfc45b9ef609d4a677a5ee35961a895700aad478603f43844b3779,"step=002820 mode=sit    vx= 0.000 vy= 0.000 vxy= 0.000 yaw= 0.000 speed=0.04 imu=xsens:live tilt_rp=[+1.0,-0.9]deg imu_corr=0.000 act_max= 0.000 tau_cmd= 4.327 tau_cmd_max= 6.313 cmds=12 bus=can0:12 hz=41.2 tx=0.5ms fb_age=6.4ms fb=12 tau_fb= 2.963 tau_fb_max= 4.827",,,,,,,,,,,,,,,,,,,,,,,,,,,,,,,,,,,,,,,,,,,,,,,,,0.0,0.0,0.0,0.0,0.0,0.0,0.0,0.0,0.0,0.0,0.0,0.0,0.0,0.0,0.0,0.0,0.0,0.0,0.0,0.0,0.0,0.0,0.0,0.0,-0.04525381326675415,0.04602082818746567,-0.018408332020044327,0.03144756704568863,0.3581954538822174,-0.34017062187194824,0.39884716272354126,-0.3673996031284332,1.3046904802322388,-1.3223317861557007,1.306991457939148,-1.3204143047332764,0.01235999632626772,-0.02929776906967163,0.04119998961687088,-0.023346660658717155,0.08972442150115967,-0.09018219262361526,0.06729331612586975,-0.0709555372595787,0.21286660432815552,-0.2371288239955902,0.18906216323375702,-0.2307199388742447,-0.048425719141960144,0.04728180170059204,-0.011210363358259201,0.023183338344097137,0.3740353584289551,-0.35702913999557495,0.41193705797195435,-0.3835679888725281,1.3220431804656982,-1.3379055261611938,1.3244835138320923,-1.3361514806747437,0.0,0.0,0.0,0.0,0.0,0.0,0.0,0.0,0.0,0.0,0.0,0.0
2026-07-13_13-51-50,2026-07-13T13:53:08.655,77.750731,pose,2840,sit,0.0,0.0,0.0,0.0,0.0,0.0,0.0,0.0,0.04,xsens:live,-0.0002018019004026428,-0.015818443149328232,-0.9998749494552612,0.9063677702341161,-0.011563843098674611,0.0,0.0,3.8792903423309326,5.910102844238281,12,can0:12,30.912691000139603,32.3491733539304,0.5267129999992903,6.506706999971357,12,2.483596086502075,5.244300842285156,,"BL_hip_joint,BR_hip_joint,FL_hip_joint,FR_hip_joint,BL_thigh_joint,BR_thigh_joint,FL_thigh_joint,FR_thigh_joint,BL_calf_joint,BR_calf_joint,FL_calf_joint,FR_calf_joint",965e94c4cebfc45b9ef609d4a677a5ee35961a895700aad478603f43844b3779,"step=002840 mode=sit    vx= 0.000 vy= 0.000 vxy= 0.000 yaw= 0.000 speed=0.04 imu=xsens:live tilt_rp=[+0.9,-0.0]deg imu_corr=0.000 act_max= 0.000 tau_cmd= 3.879 tau_cmd_max= 5.910 cmds=12 bus=can0:12 hz=32.3 tx=0.5ms fb_age=6.5ms fb=12 tau_fb= 2.484 tau_fb_max= 5.244",,,,,,,,,,,,,,,,,,,,,,,,,,,,,,,,,,,,,,,,,,,,,,,,,0.0,0.0,0.0,0.0,0.0,0.0,0.0,0.0,0.0,0.0,0.0,0.0,0.0,0.0,0.0,0.0,0.0,0.0,0.0,0.0,0.0,0.0,0.0,0.0,-0.0279960036277771,0.026461975648999214,-0.01380624808371067,0.021859893575310707,0.4088183641433716,-0.39692965149879456,0.4337463080883026,-0.41495445370674133,1.430097222328186,-1.4419859647750854,1.4327818155288696,-1.4404518604278564,0.02609332650899887,-0.02700888179242611,0.0631733164191246,-0.043946653604507446,0.08148442208766937,-0.035248879343271255,0.05264442786574364,-0.04577776417136192,0.17075106501579285,-0.11032441258430481,0.12817774713039398,-0.09979552775621414,-0.03004741668701172,0.029337644577026367,-0.0069558583199977875,0.014384910464286804,0.4218408465385437,-0.4112887978553772,0.4453582763671875,-0.4277557134628296,1.442712664604187,-1.4525549411773682,1.444226861000061,-1.451466679573059,0.0,0.0,0.0,0.0,0.0,0.0,0.0,0.0,0.0,0.0,0.0,0.0
2026-07-13_13-51-50,2026-07-13T13:53:09.177,78.273370,pose,2860,sit,0.0,0.0,0.0,0.0,0.0,0.0,0.0,0.0,0.04,xsens:live,-0.02331799827516079,-0.017161762341856956,-0.9995808601379395,0.9836122229010066,-1.3363407327005117,0.0,0.0,5.119609832763672,6.878623962402344,12,can0:12,30.122541999844543,33.19772946138347,0.47714199990878114,6.432847999803926,12,3.1150243282318115,5.522629261016846,,"BL_hip_joint,BR_hip_joint,FL_hip_joint,FR_hip_joint,BL_thigh_joint,BR_thigh_joint,FL_thigh_joint,FR_thigh_joint,BL_calf_joint,BR_calf_joint,FL_calf_joint,FR_calf_joint",965e94c4cebfc45b9ef609d4a677a5ee35961a895700aad478603f43844b3779,"step=002860 mode=sit    vx= 0.000 vy= 0.000 vxy= 0.000 yaw= 0.000 speed=0.04 imu=xsens:live tilt_rp=[+1.0,-1.3]deg imu_corr=0.000 act_max= 0.000 tau_cmd= 5.120 tau_cmd_max= 6.879 cmds=12 bus=can0:12 hz=33.2 tx=0.5ms fb_age=6.4ms fb=12 tau_fb= 3.115 tau_fb_max= 5.523",,,,,,,,,,,,,,,,,,,,,,,,,,,,,,,,,,,,,,,,,,,,,,,,,0.0,0.0,0.0,0.0,0.0,0.0,0.0,0.0,0.0,0.0,0.0,0.0,0.0,0.0,0.0,0.0,0.0,0.0,0.0,0.0,0.0,0.0,0.0,0.0,-0.011121700517833233,0.01227222103625536,-0.009587672539055347,0.015723783522844315,0.4487030804157257,-0.4414164423942566,0.4621258080005646,-0.4517711400985718,1.5064151287078857,-1.5064151287078857,1.505648136138916,-1.5067986249923706,0.07599108666181564,-0.06271553784608841,0.037537768483161926,-0.014648884534835815,-0.003662221133708954,-0.06408887356519699,-0.030671102926135063,-0.05401776358485222,0.0009155552834272385,-0.010986663401126862,0.029755547642707825,-0.04943998530507088,-0.015317067503929138,0.014955252408981323,-0.0035458430647850037,0.007332898676395416,0.4601573348045349,-0.454778254032135,0.4721456468105316,-0.4631724953651428,1.5,-1.5,1.5,-1.5,0.0,0.0,0.0,0.0,0.0,0.0,0.0,0.0,0.0,0.0,0.0,0.0
2026-07-13_13-51-50,2026-07-13T13:53:09.706,78.801482,pose,2880,sit,0.0,0.0,0.0,0.0,0.0,0.0,0.0,0.0,0.04,xsens:live,0.009147443808615208,-0.012846935540437698,-0.9998756647109985,0.7361262116784362,0.5241604738826161,0.0,0.0,3.5234129428863525,7.552792549133301,12,can0:12,24.388351000197872,41.003182215635924,0.5132720002620772,6.460561000039888,12,2.9471724033355713,5.324869632720947,,"BL_hip_joint,BR_hip_joint,FL_hip_joint,FR_hip_joint,BL_thigh_joint,BR_thigh_joint,FL_thigh_joint,FR_thigh_joint,BL_calf_joint,BR_calf_joint,FL_calf_joint,FR_calf_joint",965e94c4cebfc45b9ef609d4a677a5ee35961a895700aad478603f43844b3779,"step=002880 mode=sit    vx= 0.000 vy= 0.000 vxy= 0.000 yaw= 0.000 speed=0.04 imu=xsens:live tilt_rp=[+0.7,+0.5]deg imu_corr=0.000 act_max= 0.000 tau_cmd= 3.523 tau_cmd_max= 7.553 cmds=12 bus=can0:12 hz=41.0 tx=0.5ms fb_age=6.5ms fb=12 tau_fb= 2.947 tau_fb_max= 5.325",,,,,,,,,,,,,,,,,,,,,,,,,,,,,,,,,,,,,,,,,,,,,,,,,0.0,0.0,0.0,0.0,0.0,0.0,0.0,0.0,0.0,0.0,0.0,0.0,0.0,0.0,0.0,0.0,0.0,0.0,0.0,0.0,0.0,0.0,0.0,0.0,-0.002301041502505541,0.00153402762953192,-0.007670138031244278,0.010738193057477474,0.47900012135505676,-0.47554856538772583,0.4839857220649719,-0.48015064001083374,1.5064151287078857,-1.5067986249923706,1.505648136138916,-1.5067986249923706,-0.007782219909131527,-0.004577776417136192,-0.07461775839328766,-0.0009155552834272385,0.07644886523485184,-0.014648884534835815,0.07827997952699661,-0.008697775192558765,-0.0393688790500164,0.01831110566854477,-0.009155552834272385,0.06042664870619774,-0.005102232098579407,0.004981696605682373,-0.001181144267320633,0.0024426430463790894,0.48672813177108765,-0.48493629693984985,0.49072152376174927,-0.487732470035553,1.5,-1.5,1.5,-1.5,0.0,0.0,0.0,0.0,0.0,0.0,0.0,0.0,0.0,0.0,0.0,0.0
2026-07-13_13-51-50,2026-07-13T13:53:10.437,79.532715,pose,2900,stand,0.0,0.0,0.0,0.0,0.0,0.0,0.0,0.0,0.04,xsens:live,-0.004273755010217428,-0.014093182981014252,-0.9998915791511536,0.8075139908860501,-0.2448931851410872,0.0,0.0,2.4766972064971924,4.677963733673096,12,can0:12,34.027877999960765,29.387668546394607,0.5314810000527359,6.490673999905994,12,2.5052645206451416,4.6510210037231445,,"BL_hip_joint,BR_hip_joint,FL_hip_joint,FR_hip_joint,BL_thigh_joint,BR_thigh_joint,FL_thigh_joint,FR_thigh_joint,BL_calf_joint,BR_calf_joint,FL_calf_joint,FR_calf_joint",965e94c4cebfc45b9ef609d4a677a5ee35961a895700aad478603f43844b3779,"step=002900 mode=stand  vx= 0.000 vy= 0.000 vxy= 0.000 yaw= 0.000 speed=0.04 imu=xsens:live tilt_rp=[+0.8,-0.2]deg imu_corr=0.000 act_max= 0.000 tau_cmd= 2.477 tau_cmd_max= 4.678 cmds=12 bus=can0:12 hz=29.4 tx=0.5ms fb_age=6.5ms fb=12 tau_fb= 2.505 tau_fb_max= 4.651",,,,,,,,,,,,,,,,,,,,,,,,,,,,,,,,,,,,,,,,,,,,,,,,,0.0,0.0,0.0,0.0,0.0,0.0,0.0,0.0,0.0,0.0,0.0,0.0,0.0,0.0,0.0,0.0,0.0,0.0,0.0,0.0,0.0,0.0,0.0,0.0,0.0559920072555542,-0.05445798113942146,-0.06481266766786575,0.06519617140293121,0.4517711400985718,-0.4460185170173645,0.4525381326675415,-0.44908657670021057,1.5033470392227173,-1.4983614683151245,1.496827483177185,-1.496827483177185,-0.004119998775422573,-0.032044436782598495,-0.0068666646257042885,-0.11993774026632309,0.0947599709033966,0.006408886983990669,-0.03570665791630745,-0.014648884534835815,0.010986663401126862,0.040742211043834686,-0.004119998775422573,0.05630664899945259,0.0015284009277820587,-0.0019105011597275734,-0.0064957039430737495,0.008788305334746838,0.48488518595695496,-0.4825925827026367,0.4875599145889282,-0.4841209948062897,1.5,-1.5,1.5,-1.5,0.0,0.0,0.0,0.0,0.0,0.0,0.0,0.0,0.0,0.0,0.0,0.0
2026-07-13_13-51-50,2026-07-13T13:53:10.992,80.087655,pose,2920,stand,0.0,0.0,0.0,0.0,0.0,0.0,0.0,0.0,0.04,xsens:live,-0.001353224623017013,-0.01319185085594654,-0.9999121427536011,0.755859937809803,-0.07754082481991748,0.0,0.0,2.3389241695404053,4.615462303161621,12,can0:12,30.525857000156975,32.75911303636316,0.4728549997707887,6.342667999888363,12,2.2696616649627686,4.6583452224731445,,"BL_hip_joint,BR_hip_joint,FL_hip_joint,FR_hip_joint,BL_thigh_joint,BR_thigh_joint,FL_thigh_joint,FR_thigh_joint,BL_calf_joint,BR_calf_joint,FL_calf_joint,FR_calf_joint",965e94c4cebfc45b9ef609d4a677a5ee35961a895700aad478603f43844b3779,"step=002920 mode=stand  vx= 0.000 vy= 0.000 vxy= 0.000 yaw= 0.000 speed=0.04 imu=xsens:live tilt_rp=[+0.8,-0.1]deg imu_corr=0.000 act_max= 0.000 tau_cmd= 2.339 tau_cmd_max= 4.615 cmds=12 bus=can0:12 hz=32.8 tx=0.5ms fb_age=6.3ms fb=12 tau_fb= 2.270 tau_fb_max= 4.658",,,,,,,,,,,,,,,,,,,,,,,,,,,,,,,,,,,,,,,,,,,,,,,,,0.0,0.0,0.0,0.0,0.0,0.0,0.0,0.0,0.0,0.0,0.0,0.0,0.0,0.0,0.0,0.0,0.0,0.0,0.0,0.0,0.0,0.0,0.0,0.0,0.05675902217626572,-0.054074473679065704,-0.0644291564822197,0.05867655575275421,0.4460185170173645,-0.43911540508270264,0.4487030804157257,-0.44563502073287964,1.4718995094299316,-1.4638458490371704,1.460777759552002,-1.4680644273757935,0.005493331700563431,0.013733329251408577,0.014191106893122196,-0.017853328958153725,-0.010986663401126862,0.10162663459777832,-0.02151555009186268,0.0714133158326149,-0.07415997982025146,0.09384441375732422,0.0636310949921608,-0.0027466658502817154,0.0014858344802632928,-0.0018572930712252855,-0.006314796861261129,0.008543548174202442,0.47138097882270813,-0.4691522419452667,0.47398120164871216,-0.47063806653022766,1.4590895175933838,-1.459460973739624,1.4583466053009033,-1.4598324298858643,0.0,0.0,0.0,0.0,0.0,0.0,0.0,0.0,0.0,0.0,0.0,0.0
2026-07-13_13-51-50,2026-07-13T13:53:11.532,80.627709,pose,2940,stand,0.0,0.0,0.0,0.0,0.0,0.0,0.0,0.0,0.04,xsens:live,-0.0027524493634700775,-0.013910476118326187,-0.9998995065689087,0.7970402579400987,-0.15771918326062742,0.0,0.0,2.5305378437042236,4.832976341247559,12,can0:12,24.87064599972655,40.2080428474192,0.45621400022355374,6.311433999599103,12,2.4057741165161133,4.771873950958252,,"BL_hip_joint,BR_hip_joint,FL_hip_joint,FR_hip_joint,BL_thigh_joint,BR_thigh_joint,FL_thigh_joint,FR_thigh_joint,BL_calf_joint,BR_calf_joint,FL_calf_joint,FR_calf_joint",965e94c4cebfc45b9ef609d4a677a5ee35961a895700aad478603f43844b3779,"step=002940 mode=stand  vx= 0.000 vy= 0.000 vxy= 0.000 yaw= 0.000 speed=0.04 imu=xsens:live tilt_rp=[+0.8,-0.2]deg imu_corr=0.000 act_max= 0.000 tau_cmd= 2.531 tau_cmd_max= 4.833 cmds=12 bus=can0:12 hz=40.2 tx=0.5ms fb_age=6.3ms fb=12 tau_fb= 2.406 tau_fb_max= 4.772",,,,,,,,,,,,,,,,,,,,,,,,,,,,,,,,,,,,,,,,,,,,,,,,,0.0,0.0,0.0,0.0,0.0,0.0,0.0,0.0,0.0,0.0,0.0,0.0,0.0,0.0,0.0,0.0,0.0,0.0,0.0,0.0,0.0,0.0,0.0,0.0,0.05675902217626572,-0.054074473679065704,-0.06481266766786575,0.05867655575275421,0.4153379797935486,-0.42952772974967957,0.41955655813217163,-0.4141874611377716,1.4017176628112793,-1.3902125358581543,1.3890620470046997,-1.3944311141967773,-0.01144444104284048,-0.03799554333090782,-0.05859553813934326,-0.016479995101690292,-0.014648884534835815,0.053559985011816025,-0.07827997952699661,0.23300881683826447,0.013733329251408577,0.1185644119977951,-0.12955106794834137,-0.06546220183372498,0.0014069550670683384,-0.001758693833835423,-0.005979558918625116,0.00808999128639698,0.44635647535324097,-0.4442460536956787,0.4488186836242676,-0.4456529915332794,1.3816298246383667,-1.381981611251831,1.3809263706207275,-1.3823332786560059,0.0,0.0,0.0,0.0,0.0,0.0,0.0,0.0,0.0,0.0,0.0,0.0
2026-07-13_13-51-50,2026-07-13T13:53:12.074,81.169462,pose,2960,stand,0.0,0.0,0.0,0.0,0.0,0.0,0.0,0.0,0.04,xsens:live,0.00035321194445714355,-0.01443055272102356,-0.9998958110809326,0.8268385177220149,0.020239661597688915,0.0,0.0,2.4743480682373047,4.579076290130615,12,can0:12,24.628555000163033,40.60327534414343,0.47288599989769864,6.273960000271472,12,2.3532822132110596,4.665669918060303,,"BL_hip_joint,BR_hip_joint,FL_hip_joint,FR_hip_joint,BL_thigh_joint,BR_thigh_joint,FL_thigh_joint,FR_thigh_joint,BL_calf_joint,BR_calf_joint,FL_calf_joint,FR_calf_joint",965e94c4cebfc45b9ef609d4a677a5ee35961a895700aad478603f43844b3779,"step=002960 mode=stand  vx= 0.000 vy= 0.000 vxy= 0.000 yaw= 0.000 speed=0.04 imu=xsens:live tilt_rp=[+0.8,+0.0]deg imu_corr=0.000 act_max= 0.000 tau_cmd= 2.474 tau_cmd_max= 4.579 cmds=12 bus=can0:12 hz=40.6 tx=0.5ms fb_age=6.3ms fb=12 tau_fb= 2.353 tau_fb_max= 4.666",,,,,,,,,,,,,,,,,,,,,,,,,,,,,,,,,,,,,,,,,,,,,,,,,0.0,0.0,0.0,0.0,0.0,0.0,0.0,0.0,0.0,0.0,0.0,0.0,0.0,0.0,0.0,0.0,0.0,0.0,0.0,0.0,0.0,0.0,0.0,0.0,0.05675902217626572,-0.054074473679065704,-0.06404565274715424,0.05829304829239845,0.3888759911060333,-0.39424508810043335,0.3835068941116333,-0.3927110731601715,1.2970203161239624,-1.2885831594467163,1.2870491743087769,-1.290884256362915,-0.007324442267417908,-0.0476088747382164,0.04577776417136192,0.02609332650899887,-0.18539994955062866,0.09842219203710556,-0.08835108578205109,0.33738210797309875,-0.05310220643877983,0.14831995964050293,-0.2760399281978607,0.15518662333488464,0.0012982879998162389,-0.0016228599706664681,-0.005517723970115185,0.00746515579521656,0.41188186407089233,-0.4099344313144684,0.4141538739204407,-0.41123270988464355,1.274918794631958,-1.2752434015274048,1.274269700050354,-1.275567889213562,0.0,0.0,0.0,0.0,0.0,0.0,0.0,0.0,0.0,0.0,0.0,0.0
2026-07-13_13-51-50,2026-07-13T13:53:12.608,81.704040,pose,2980,stand,0.0,0.0,0.0,0.0,0.0,0.0,0.0,0.0,0.04,xsens:live,-0.0022929843980818987,-0.015028230845928192,-0.9998844265937805,0.8610888914200865,-0.1313932837636215,0.0,0.0,2.359916925430298,4.732151508331299,12,can0:12,31.408746999659343,31.83826467228527,0.456981999832351,6.302984999820183,12,2.302011013031006,4.749900817871094,,"BL_hip_joint,BR_hip_joint,FL_hip_joint,FR_hip_joint,BL_thigh_joint,BR_thigh_joint,FL_thigh_joint,FR_thigh_joint,BL_calf_joint,BR_calf_joint,FL_calf_joint,FR_calf_joint",965e94c4cebfc45b9ef609d4a677a5ee35961a895700aad478603f43844b3779,"step=002980 mode=stand  vx= 0.000 vy= 0.000 vxy= 0.000 yaw= 0.000 speed=0.04 imu=xsens:live tilt_rp=[+0.9,-0.1]deg imu_corr=0.000 act_max= 0.000 tau_cmd= 2.360 tau_cmd_max= 4.732 cmds=12 bus=can0:12 hz=31.8 tx=0.5ms fb_age=6.3ms fb=12 tau_fb= 2.302 tau_fb_max= 4.750",,,,,,,,,,,,,,,,,,,,,,,,,,,,,,,,,,,,,,,,,,,,,,,,,0.0,0.0,0.0,0.0,0.0,0.0,0.0,0.0,0.0,0.0,0.0,0.0,0.0,0.0,0.0,0.0,0.0,0.0,0.0,0.0,0.0,0.0,0.0,0.0,0.057526033371686935,-0.054074473679065704,-0.06366214901208878,0.057909540832042694,0.34285515546798706,-0.3509088158607483,0.3489912748336792,-0.3432386815547943,1.1681619882583618,-1.1608754396438599,1.163559913635254,-1.1647104024887085,0.007324442267417908,-0.014191106893122196,-0.01739555038511753,-0.05493331700563431,0.017853328958153725,0.14648884534835815,0.03891110047698021,-0.13321329653263092,-0.05264442786574364,0.39277321100234985,-0.4541154205799103,0.28061768412590027,0.0011663585901260376,-0.001457948237657547,-0.00495702400803566,0.006706561893224716,0.37002724409103394,-0.36827772855758667,0.3720684051513672,-0.3694440722465515,1.1453641653060913,-1.1456557512283325,1.1447809934616089,-1.1459473371505737,0.0,0.0,0.0,0.0,0.0,0.0,0.0,0.0,0.0,0.0,0.0,0.0
2026-07-13_13-51-50,2026-07-13T13:53:13.142,82.237740,pose,3000,stand,0.0,0.0,0.0,0.0,0.0,0.0,0.0,0.0,0.04,xsens:live,0.00010714005475165322,-0.015497343614697456,-0.9998798966407776,0.8879679396731346,0.006139410294376056,0.0,0.0,2.3782641887664795,4.8561506271362305,12,can0:12,24.406080000062502,40.973396792825355,0.45707700019193,6.271079999805806,12,2.0346691608428955,4.749900817871094,,"BL_hip_joint,BR_hip_joint,FL_hip_joint,FR_hip_joint,BL_thigh_joint,BR_thigh_joint,FL_thigh_joint,FR_thigh_joint,BL_calf_joint,BR_calf_joint,FL_calf_joint,FR_calf_joint",965e94c4cebfc45b9ef609d4a677a5ee35961a895700aad478603f43844b3779,"step=003000 mode=stand  vx= 0.000 vy= 0.000 vxy= 0.000 yaw= 0.000 speed=0.04 imu=xsens:live tilt_rp=[+0.9,+0.0]deg imu_corr=0.000 act_max= 0.000 tau_cmd= 2.378 tau_cmd_max= 4.856 cmds=12 bus=can0:12 hz=41.0 tx=0.5ms fb_age=6.3ms fb=12 tau_fb= 2.035 tau_fb_max= 4.750",,,,,,,,,,,,,,,,,,,,,,,,,,,,,,,,,,,,,,,,,,,,,,,,,0.0,0.0,0.0,0.0,0.0,0.0,0.0,0.0,0.0,0.0,0.0,0.0,0.0,0.0,0.0,0.0,0.0,0.0,0.0,0.0,0.0,0.0,0.0,0.0,0.057526033371686935,-0.054074473679065704,-0.06366214901208878,0.057142529636621475,0.3098735809326172,-0.29798486828804016,0.3106406033039093,-0.30450448393821716,1.027031421661377,-1.0193613767623901,1.0174437761306763,-1.0205118656158447,-0.03479110077023506,-0.05172887444496155,-0.05081331729888916,0.0119022186845541,-0.007324442267417908,-0.06454664468765259,-0.0947599709033966,0.032044436782598495,-0.2229377180337906,0.1670888364315033,-0.19272439181804657,0.2137821614742279,0.0010176922660320997,-0.0012721152743324637,-0.004325192421674728,0.005851730238646269,0.3228628635406494,-0.3213363289833069,0.3246438503265381,-0.3223540186882019,0.9993737936019897,-0.9996281862258911,0.9988649487495422,-0.9998826384544373,0.0,0.0,0.0,0.0,0.0,0.0,0.0,0.0,0.0,0.0,0.0,0.0
2026-07-13_13-51-50,2026-07-13T13:53:13.682,82.777465,pose,3020,stand,0.0,0.0,0.0,0.0,0.0,0.0,0.0,0.0,0.04,xsens:live,0.001640518195927143,-0.01578656956553459,-0.9998741149902344,0.9045425308842939,0.09400651850873838,0.0,0.0,2.848109245300293,5.387104511260986,12,can0:12,24.925945000177308,40.118840027645355,0.4749340000671509,6.317226000192022,12,2.7292702198028564,4.771873950958252,,"BL_hip_joint,BR_hip_joint,FL_hip_joint,FR_hip_joint,BL_thigh_joint,BR_thigh_joint,FL_thigh_joint,FR_thigh_joint,BL_calf_joint,BR_calf_joint,FL_calf_joint,FR_calf_joint",965e94c4cebfc45b9ef609d4a677a5ee35961a895700aad478603f43844b3779,"step=003020 mode=stand  vx= 0.000 vy= 0.000 vxy= 0.000 yaw= 0.000 speed=0.04 imu=xsens:live tilt_rp=[+0.9,+0.1]deg imu_corr=0.000 act_max= 0.000 tau_cmd= 2.848 tau_cmd_max= 5.387 cmds=12 bus=can0:12 hz=40.1 tx=0.5ms fb_age=6.3ms fb=12 tau_fb= 2.729 tau_fb_max= 4.772",,,,,,,,,,,,,,,,,,,,,,,,,,,,,,,,,,,,,,,,,,,,,,,,,0.0,0.0,0.0,0.0,0.0,0.0,0.0,0.0,0.0,0.0,0.0,0.0,0.0,0.0,0.0,0.0,0.0,0.0,0.0,0.0,0.0,0.0,0.0,0.0,0.05292395129799843,-0.05330745875835419,-0.06327863782644272,0.057142529636621475,0.26922184228897095,-0.25810015201568604,0.2481289654970169,-0.2557991147041321,0.9142804741859436,-0.8924205303192139,0.8640410304069519,-0.865958571434021,-0.026551103219389915,-0.006408886983990669,0.032959990203380585,0.04669332131743431,-0.1510666161775589,0.04531998559832573,-0.09430219233036041,0.3076265752315521,-0.12909328937530518,0.10757774859666824,-0.39460432529449463,0.32868435978889465,0.0008588142809458077,-0.0010735178366303444,-0.0036499607376754284,0.004938181955367327,0.2724588215351105,-0.27117061614990234,0.27396175265312195,-0.27202939987182617,0.8433555960655212,-0.8435702919960022,0.8429262042045593,-0.8437849879264832,0.0,0.0,0.0,0.0,0.0,0.0,0.0,0.0,0.0,0.0,0.0,0.0
2026-07-13_13-51-50,2026-07-13T13:53:14.224,83.319629,pose,3040,stand,0.0,0.0,0.0,0.0,0.0,0.0,0.0,0.0,0.04,xsens:live,0.014793957583606243,-0.01895688846707344,-0.9997109174728394,1.0863335871817479,0.8478145547059266,0.0,0.0,5.169833660125732,12.701086044311523,12,can0:12,24.87586300003386,40.19961036120189,0.4515410000749398,6.355147999784094,12,5.02304220199585,11.957152366638184,,"BL_hip_joint,BR_hip_joint,FL_hip_joint,FR_hip_joint,BL_thigh_joint,BR_thigh_joint,FL_thigh_joint,FR_thigh_joint,BL_calf_joint,BR_calf_joint,FL_calf_joint,FR_calf_joint",965e94c4cebfc45b9ef609d4a677a5ee35961a895700aad478603f43844b3779,"step=003040 mode=stand  vx= 0.000 vy= 0.000 vxy= 0.000 yaw= 0.000 speed=0.04 imu=xsens:live tilt_rp=[+1.1,+0.8]deg imu_corr=0.000 act_max= 0.000 tau_cmd= 5.170 tau_cmd_max= 12.701 cmds=12 bus=can0:12 hz=40.2 tx=0.5ms fb_age=6.4ms fb=12 tau_fb= 5.023 tau_fb_max= 11.957",,,,,,,,,,,,,,,,,,,,,,,,,,,,,,,,,,,,,,,,,,,,,,,,,0.0,0.0,0.0,0.0,0.0,0.0,0.0,0.0,0.0,0.0,0.0,0.0,0.0,0.0,0.0,0.0,0.0,0.0,0.0,0.0,0.0,0.0,0.0,0.0,0.03911770507693291,-0.05292395129799843,-0.04487030580639839,0.0559920072555542,0.19252046942710876,-0.17756369709968567,0.2063267081975937,-0.2128463238477707,0.8467832207679749,-0.8237728476524353,0.7961603403091431,-0.7754509449005127,-0.09338664263486862,0.0636310949921608,0.07690664380788803,-0.007782219909131527,-0.022431105375289917,0.014648884534835815,-0.0,0.08468886464834213,-0.15335550904273987,0.05859553813934326,-0.0009155552834272385,0.02059999480843544,0.0006962500046938658,-0.0008703125640749931,-0.0029590625781565905,0.004003437701612711,0.22088530659675598,-0.21984094381332397,0.2221037745475769,-0.2205371856689453,0.6837175488471985,-0.6838915944099426,0.6833693981170654,-0.6840656399726868,0.0,0.0,0.0,0.0,0.0,0.0,0.0,0.0,0.0,0.0,0.0,0.0
2026-07-13_13-51-50,2026-07-13T13:53:14.761,83.856885,pose,3060,stand,0.0,0.0,0.0,0.0,0.0,0.0,0.0,0.0,0.04,xsens:live,0.020909976214170456,-0.03255331143736839,-0.9992512464523315,1.86590503914146,1.1987761517087399,0.0,0.0,7.811679840087891,18.795604705810547,12,can0:12,24.909560000196507,40.14522938149494,0.4626139998435974,6.314473999736947,12,7.585681438446045,17.926572799682617,,"BL_hip_joint,BR_hip_joint,FL_hip_joint,FR_hip_joint,BL_thigh_joint,BR_thigh_joint,FL_thigh_joint,FR_thigh_joint,BL_calf_joint,BR_calf_joint,FL_calf_joint,FR_calf_joint",965e94c4cebfc45b9ef609d4a677a5ee35961a895700aad478603f43844b3779,"step=003060 mode=stand  vx= 0.000 vy= 0.000 vxy= 0.000 yaw= 0.000 speed=0.04 imu=xsens:live tilt_rp=[+1.9,+1.2]deg imu_corr=0.000 act_max= 0.000 tau_cmd= 7.812 tau_cmd_max= 18.796 cmds=12 bus=can0:12 hz=40.1 tx=0.5ms fb_age=6.3ms fb=12 tau_fb= 7.586 tau_fb_max= 17.927",,,,,,,,,,,,,,,,,,,,,,,,,,,,,,,,,,,,,,,,,,,,,,,,,0.0,0.0,0.0,0.0,0.0,0.0,0.0,0.0,0.0,0.0,0.0,0.0,0.0,0.0,0.0,0.0,0.0,0.0,0.0,0.0,0.0,0.0,0.0,0.0,0.02070937305688858,-0.05906006321310997,-0.039884716272354126,0.04256926476955414,0.1250232458114624,-0.12003766000270844,0.15532030165195465,-0.18254928290843964,0.7493724822998047,-0.7635622620582581,0.7244445085525513,-0.7604941725730896,0.021057771518826485,0.09704886376857758,-0.04440443217754364,-0.027466658502817154,-0.28336435556411743,0.24262215197086334,-0.20737327635288239,0.15289773046970367,-0.299844354391098,0.0787377581000328,-0.0791955292224884,-0.062257759273052216,0.0005365248071029782,-0.0006706560961902142,-0.0022802306339144707,0.0030850176699459553,0.1702125072479248,-0.16940772533416748,0.17115142941474915,-0.16994425654411316,0.5268673896789551,-0.5270015597343445,0.5265991687774658,-0.5271356701850891,0.0,0.0,0.0,0.0,0.0,0.0,0.0,0.0,0.0,0.0,0.0,0.0
2026-07-13_13-51-50,2026-07-13T13:53:15.298,84.393510,pose,3080,stand,0.0,0.0,0.0,0.0,0.0,0.0,0.0,0.0,0.04,xsens:live,0.014875301159918308,-0.04792318120598793,-0.9987402558326721,2.7471523063649634,0.8533039062538618,0.0,0.0,9.302140235900879,21.697877883911133,12,can0:12,30.09786900020117,33.224943599605545,0.4573649998746987,6.299178000062966,12,9.088411331176758,20.70253562927246,,"BL_hip_joint,BR_hip_joint,FL_hip_joint,FR_hip_joint,BL_thigh_joint,BR_thigh_joint,FL_thigh_joint,FR_thigh_joint,BL_calf_joint,BR_calf_joint,FL_calf_joint,FR_calf_joint",965e94c4cebfc45b9ef609d4a677a5ee35961a895700aad478603f43844b3779,"step=003080 mode=stand  vx= 0.000 vy= 0.000 vxy= 0.000 yaw= 0.000 speed=0.04 imu=xsens:live tilt_rp=[+2.7,+0.9]deg imu_corr=0.000 act_max= 0.000 tau_cmd= 9.302 tau_cmd_max= 21.698 cmds=12 bus=can0:12 hz=33.2 tx=0.5ms fb_age=6.3ms fb=12 tau_fb= 9.088 tau_fb_max= 20.703",,,,,,,,,,,,,,,,,,,,,,,,,,,,,,,,,,,,,,,,,,,,,,,,,0.0,0.0,0.0,0.0,0.0,0.0,0.0,0.0,0.0,0.0,0.0,0.0,0.0,0.0,0.0,0.0,0.0,0.0,0.0,0.0,0.0,0.0,0.0,0.0,0.016490796580910683,-0.06366214901208878,-0.036433156579732895,0.04448680207133293,0.021859893575310707,-0.026078470051288605,0.04141874611377716,-0.08322099596261978,0.594819188117981,-0.6569473147392273,0.5526334643363953,-0.6396895051002502,-0.016022218391299248,-0.1190221905708313,0.08468886464834213,-0.012817773967981339,-0.20279549062252045,0.16846217215061188,-0.15335550904273987,0.11215551942586899,-0.15243995189666748,0.22797326743602753,-0.18906216323375702,0.2467421442270279,0.0003861640579998493,-0.00048270507249981165,-0.001641197595745325,0.0022204434499144554,0.12251055240631104,-0.12193131446838379,0.12318634986877441,-0.12231746315956116,0.3792130947113037,-0.37930965423583984,0.379020094871521,-0.379406213760376,0.0,0.0,0.0,0.0,0.0,0.0,0.0,0.0,0.0,0.0,0.0,0.0
2026-07-13_13-51-50,2026-07-13T13:53:15.830,84.925638,pose,3100,stand,0.0,0.0,0.0,0.0,0.0,0.0,0.0,0.0,0.04,xsens:live,0.012096238322556019,-0.037038832902908325,-0.9992406368255615,2.1228096616187933,0.6935562137184407,0.0,0.0,8.736220359802246,18.744287490844727,12,can0:12,24.92808899978627,40.11538951134898,0.44952500002182205,6.287751999934699,12,8.515274047851562,18.318429946899414,,"BL_hip_joint,BR_hip_joint,FL_hip_joint,FR_hip_joint,BL_thigh_joint,BR_thigh_joint,FL_thigh_joint,FR_thigh_joint,BL_calf_joint,BR_calf_joint,FL_calf_joint,FR_calf_joint",965e94c4cebfc45b9ef609d4a677a5ee35961a895700aad478603f43844b3779,"step=003100 mode=stand  vx= 0.000 vy= 0.000 vxy= 0.000 yaw= 0.000 speed=0.04 imu=xsens:live tilt_rp=[+2.1,+0.7]deg imu_corr=0.000 act_max= 0.000 tau_cmd= 8.736 tau_cmd_max= 18.744 cmds=12 bus=can0:12 hz=40.1 tx=0.4ms fb_age=6.3ms fb=12 tau_fb= 8.515 tau_fb_max= 18.318",,,,,,,,,,,,,,,,,,,,,,,,,,,,,,,,,,,,,,,,,,,,,,,,,0.0,0.0,0.0,0.0,0.0,0.0,0.0,0.0,0.0,0.0,0.0,0.0,0.0,0.0,0.0,0.0,0.0,0.0,0.0,0.0,0.0,0.0,0.0,0.0,0.016490796580910683,-0.06212811917066574,-0.03758367523550987,0.04180225357413292,-0.025694962590932846,0.026845483109354973,-0.009587672539055347,-0.02492794767022133,0.43604734539985657,-0.49127233028411865,0.40805134177207947,-0.47746607661247253,-0.0238044373691082,-0.11215551942586899,-0.11719107627868652,-0.037537768483161926,-0.01831110566854477,0.0315866582095623,-0.08560442179441452,0.07690664380788803,-0.29114657640457153,0.3497421145439148,-0.36988434195518494,0.25864437222480774,0.0002516931854188442,-0.00031461636535823345,-0.0010696956887841225,0.0014472356997430325,0.07984966039657593,-0.07947209477424622,0.08029010891914368,-0.07972380518913269,0.24716269969940186,-0.24722564220428467,0.24703681468963623,-0.24728846549987793,0.0,0.0,0.0,0.0,0.0,0.0,0.0,0.0,0.0,0.0,0.0,0.0
2026-07-13_13-51-50,2026-07-13T13:53:16.353,85.448837,pose,3120,stand,0.0,0.0,0.0,0.0,0.0,0.0,0.0,0.0,0.04,xsens:live,0.010544133372604847,-0.030976515263319016,-0.9994645118713379,1.7752062352533613,0.6044355974929,0.0,0.0,7.576269626617432,16.160093307495117,12,can0:12,24.027279000165436,41.61936106011483,0.4524370001490752,6.283335999796691,12,7.410810470581055,15.333720207214355,,"BL_hip_joint,BR_hip_joint,FL_hip_joint,FR_hip_joint,BL_thigh_joint,BR_thigh_joint,FL_thigh_joint,FR_thigh_joint,BL_calf_joint,BR_calf_joint,FL_calf_joint,FR_calf_joint",965e94c4cebfc45b9ef609d4a677a5ee35961a895700aad478603f43844b3779,"step=003120 mode=stand  vx= 0.000 vy= 0.000 vxy= 0.000 yaw= 0.000 speed=0.04 imu=xsens:live tilt_rp=[+1.8,+0.6]deg imu_corr=0.000 act_max= 0.000 tau_cmd= 7.576 tau_cmd_max= 16.160 cmds=12 bus=can0:12 hz=41.6 tx=0.5ms fb_age=6.3ms fb=12 tau_fb= 7.411 tau_fb_max= 15.334",,,,,,,,,,,,,,,,,,,,,,,,,,,,,,,,,,,,,,,,,,,,,,,,,0.0,0.0,0.0,0.0,0.0,0.0,0.0,0.0,0.0,0.0,0.0,0.0,0.0,0.0,0.0,0.0,0.0,0.0,0.0,0.0,0.0,0.0,0.0,0.0,0.01764131709933281,-0.05982707813382149,-0.036433156579732895,0.04141874611377716,-0.047171350568532944,0.05138992518186569,-0.03144756704568863,0.003835069015622139,0.27650848031044006,-0.3478407561779022,0.2837951183319092,-0.34017062187194824,-0.029755547642707825,0.0013733329251408577,0.06775109469890594,-0.03250221163034439,0.04531998559832573,0.018768884241580963,-0.0476088747382164,0.06729331612586975,-0.16800439357757568,0.3117465674877167,-0.29755547642707825,0.1744132786989212,0.00013963726814836264,-0.00017454649787396193,-0.0005934583023190498,0.0008029136806726456,0.0442999005317688,-0.044090449810028076,0.0445442795753479,-0.044230103492736816,0.13712382316589355,-0.13715863227844238,0.1370539665222168,-0.13719356060028076,0.0,0.0,0.0,0.0,0.0,0.0,0.0,0.0,0.0,0.0,0.0,0.0
2026-07-13_13-51-50,2026-07-13T13:53:16.891,85.986559,pose,3140,stand,0.0,0.0,0.0,0.0,0.0,0.0,0.0,0.0,0.04,xsens:live,0.007743112742900848,-0.025967366993427277,-0.9996328353881836,1.4880323618219828,0.443801756150207,0.0,0.0,7.599257946014404,14.618064880371094,12,can0:12,24.66199599984975,40.548218400736594,0.5202170000302431,6.393805999778124,12,7.532884120941162,14.44013786315918,,"BL_hip_joint,BR_hip_joint,FL_hip_joint,FR_hip_joint,BL_thigh_joint,BR_thigh_joint,FL_thigh_joint,FR_thigh_joint,BL_calf_joint,BR_calf_joint,FL_calf_joint,FR_calf_joint",965e94c4cebfc45b9ef609d4a677a5ee35961a895700aad478603f43844b3779,"step=003140 mode=stand  vx= 0.000 vy= 0.000 vxy= 0.000 yaw= 0.000 speed=0.04 imu=xsens:live tilt_rp=[+1.5,+0.4]deg imu_corr=0.000 act_max= 0.000 tau_cmd= 7.599 tau_cmd_max= 14.618 cmds=12 bus=can0:12 hz=40.5 tx=0.5ms fb_age=6.4ms fb=12 tau_fb= 7.533 tau_fb_max= 14.440",,,,,,,,,,,,,,,,,,,,,,,,,,,,,,,,,,,,,,,,,,,,,,,,,0.0,0.0,0.0,0.0,0.0,0.0,0.0,0.0,0.0,0.0,0.0,0.0,0.0,0.0,0.0,0.0,0.0,0.0,0.0,0.0,0.0,0.0,0.0,0.0,0.02032586559653282,-0.0559920072555542,-0.036816664040088654,0.040268223732709885,-0.08168696612119675,0.09395918995141983,-0.07363332808017731,0.050239402800798416,0.17334511876106262,-0.24199286103248596,0.18676786124706268,-0.2389248013496399,-0.028839992359280586,0.025177771225571632,0.008239997550845146,0.0709555372595787,-0.0553910955786705,0.17670217156410217,-0.10803552716970444,0.05859553813934326,-0.06683553755283356,0.13275551795959473,-0.16205328702926636,0.1345866322517395,5.6521850638091564e-05,-7.065234240144491e-05,-0.0002402178943157196,0.0003250008448958397,0.01793155074119568,-0.017846763134002686,0.01803046464920044,-0.017903298139572144,0.055504441261291504,-0.05551862716674805,0.05547618865966797,-0.05553269386291504,0.0,0.0,0.0,0.0,0.0,0.0,0.0,0.0,0.0,0.0,0.0,0.0
2026-07-13_13-51-50,2026-07-13T13:53:17.427,86.522721,pose,3160,stand,0.0,0.0,0.0,0.0,0.0,0.0,0.0,0.0,0.04,xsens:live,0.005263449624180794,-0.02489471063017845,-0.9996762275695801,1.4265289798496885,0.30166833435676654,0.0,0.0,8.238811492919922,14.381697654724121,12,can0:12,29.900931999691238,33.44377359241933,0.5052080000496062,6.374412999775814,12,8.227789878845215,14.271676063537598,,"BL_hip_joint,BR_hip_joint,FL_hip_joint,FR_hip_joint,BL_thigh_joint,BR_thigh_joint,FL_thigh_joint,FR_thigh_joint,BL_calf_joint,BR_calf_joint,FL_calf_joint,FR_calf_joint",965e94c4cebfc45b9ef609d4a677a5ee35961a895700aad478603f43844b3779,"step=003160 mode=stand  vx= 0.000 vy= 0.000 vxy= 0.000 yaw= 0.000 speed=0.04 imu=xsens:live tilt_rp=[+1.4,+0.3]deg imu_corr=0.000 act_max= 0.000 tau_cmd= 8.239 tau_cmd_max= 14.382 cmds=12 bus=can0:12 hz=33.4 tx=0.5ms fb_age=6.4ms fb=12 tau_fb= 8.228 tau_fb_max= 14.272",,,,,,,,,,,,,,,,,,,,,,,,,,,,,,,,,,,,,,,,,,,,,,,,,0.0,0.0,0.0,0.0,0.0,0.0,0.0,0.0,0.0,0.0,0.0,0.0,0.0,0.0,0.0,0.0,0.0,0.0,0.0,0.0,0.0,0.0,0.0,0.0,0.019558852538466454,-0.05637551471590996,-0.03873419761657715,0.039884716272354126,-0.12540675699710846,0.13959650695323944,-0.12348922342061996,0.09971179068088531,0.11351804435253143,-0.19098643958568573,0.1288583129644394,-0.1829327940940857,0.04943998530507088,-0.027924437075853348,-0.0068666646257042885,0.021057771518826485,-0.06591998040676117,0.0952177494764328,-0.09796441346406937,0.006408886983990669,-0.17944884300231934,0.0874355286359787,-0.07736442238092422,-0.014648884534835815,8.872128091752529e-06,-1.1090189218521118e-05,-3.770645707845688e-05,5.101505666971207e-05,0.002814680337905884,-0.0028013885021209717,0.002830207347869873,-0.002810239791870117,0.008712410926818848,-0.008714675903320312,0.008708000183105469,-0.008716821670532227,0.0,0.0,0.0,0.0,0.0,0.0,0.0,0.0,0.0,0.0,0.0,0.0
2026-07-13_13-51-50,2026-07-13T13:53:17.970,87.066353,pose,3180,stand,0.0,0.0,0.0,0.0,0.0,0.0,0.0,0.0,0.04,xsens:live,0.004106458276510239,-0.02483566850423813,-0.999683141708374,1.4231372729682208,0.23535597913478828,0.0,0.0,8.415108680725098,13.463976860046387,12,can0:12,24.917848999848502,40.131874946592696,0.5070639999757987,6.307112999820674,12,8.44294548034668,13.535569190979004,,"BL_hip_joint,BR_hip_joint,FL_hip_joint,FR_hip_joint,BL_thigh_joint,BR_thigh_joint,FL_thigh_joint,FR_thigh_joint,BL_calf_joint,BR_calf_joint,FL_calf_joint,FR_calf_joint",965e94c4cebfc45b9ef609d4a677a5ee35961a895700aad478603f43844b3779,"step=003180 mode=stand  vx= 0.000 vy= 0.000 vxy= 0.000 yaw= 0.000 speed=0.04 imu=xsens:live tilt_rp=[+1.4,+0.2]deg imu_corr=0.000 act_max= 0.000 tau_cmd= 8.415 tau_cmd_max= 13.464 cmds=12 bus=can0:12 hz=40.1 tx=0.5ms fb_age=6.3ms fb=12 tau_fb= 8.443 tau_fb_max= 13.536",,,,,,,,,,,,,,,,,,,,,,,,,,,,,,,,,,,,,,,,,,,,,,,,,0.0,0.0,0.0,0.0,0.0,0.0,0.0,0.0,0.0,0.0,0.0,0.0,0.0,0.0,0.0,0.0,0.0,0.0,0.0,0.0,0.0,0.0,0.0,0.0,0.018791837617754936,-0.057142529636621475,-0.03835069015622139,0.039884716272354126,-0.1426645666360855,0.16068939864635468,-0.14496560394763947,0.12118817865848541,0.10814894735813141,-0.16951005160808563,0.10316335409879684,-0.16183991730213165,-0.05310220643877983,-0.01739555038511753,0.0119022186845541,0.03433332219719887,0.08560442179441452,0.0874355286359787,0.0013733329251408577,-0.009613330475986004,0.01235999632626772,0.040742211043834686,-0.03799554333090782,0.03479110077023506,0.0,0.0,0.0,0.0,0.0,0.0,0.0,1.3877787807814457e-17,0.0,0.0,0.0,0.0,0.0,0.0,0.0,0.0,0.0,0.0,0.0,0.0,0.0,0.0,0.0,0.0
2026-07-13_13-51-50,2026-07-13T13:53:18.510,87.606197,pose,3200,stand,0.0,0.0,0.0,0.0,0.0,0.0,0.0,0.0,0.04,xsens:live,0.00405225669965148,-0.025012429803609848,-0.9996789693832397,1.4332678454241365,0.2322504942652964,0.0,0.0,8.430923461914062,13.450963973999023,12,can0:12,30.88440300007278,32.37880298342317,0.5004720001124952,6.223429999863583,12,8.42585563659668,13.520920753479004,,"BL_hip_joint,BR_hip_joint,FL_hip_joint,FR_hip_joint,BL_thigh_joint,BR_thigh_joint,FL_thigh_joint,FR_thigh_joint,BL_calf_joint,BR_calf_joint,FL_calf_joint,FR_calf_joint",965e94c4cebfc45b9ef609d4a677a5ee35961a895700aad478603f43844b3779,"step=003200 mode=stand  vx= 0.000 vy= 0.000 vxy= 0.000 yaw= 0.000 speed=0.04 imu=xsens:live tilt_rp=[+1.4,+0.2]deg imu_corr=0.000 act_max= 0.000 tau_cmd= 8.431 tau_cmd_max= 13.451 cmds=12 bus=can0:12 hz=32.4 tx=0.5ms fb_age=6.2ms fb=12 tau_fb= 8.426 tau_fb_max= 13.521",,,,,,,,,,,,,,,,,,,,,,,,,,,,,,,,,,,,,,,,,,,,,,,,,0.0,0.0,0.0,0.0,0.0,0.0,0.0,0.0,0.0,0.0,0.0,0.0,0.0,0.0,0.0,0.0,0.0,0.0,0.0,0.0,0.0,0.0,0.0,0.0,0.018791837617754936,-0.057142529636621475,-0.03835069015622139,0.039884716272354126,-0.1426645666360855,0.16107289493083954,-0.14534911513328552,0.12118817865848541,0.10776543617248535,-0.16874302923679352,0.10316335409879684,-0.16183991730213165,-0.08011108636856079,-0.04943998530507088,-0.02929776906967163,-0.004577776417136192,0.021973326802253723,0.01739555038511753,-0.10620441287755966,-0.022431105375289917,-0.004577776417136192,0.018768884241580963,0.0027466658502817154,0.07599108666181564,0.0,0.0,0.0,0.0,0.0,0.0,0.0,1.3877787807814457e-17,0.0,0.0,0.0,0.0,0.0,0.0,0.0,0.0,0.0,0.0,0.0,0.0,0.0,0.0,0.0,0.0
2026-07-13_13-51-50,2026-07-13T13:53:19.047,88.143265,pose,3220,stand,0.07199999690055847,0.0,0.07199999690055847,0.0,0.10799999535083771,0.0,0.10799999535083771,0.0,0.04,xsens:live,0.003956086467951536,-0.025204773992300034,-0.9996745586395264,1.444291314316387,0.22673966521529773,0.0,0.0,8.438175201416016,13.487200736999512,12,can0:12,24.868502000117587,40.21150932192344,0.4813669997929537,6.288968999797362,12,8.43928337097168,13.531907081604004,,"BL_hip_joint,BR_hip_joint,FL_hip_joint,FR_hip_joint,BL_thigh_joint,BR_thigh_joint,FL_thigh_joint,FR_thigh_joint,BL_calf_joint,BR_calf_joint,FL_calf_joint,FR_calf_joint",965e94c4cebfc45b9ef609d4a677a5ee35961a895700aad478603f43844b3779,"step=003220 mode=stand  vx= 0.072 vy= 0.000 vxy= 0.072 yaw= 0.000 speed=0.04 imu=xsens:live tilt_rp=[+1.4,+0.2]deg imu_corr=0.000 act_max= 0.000 tau_cmd= 8.438 tau_cmd_max= 13.487 cmds=12 bus=can0:12 hz=40.2 tx=0.5ms fb_age=6.3ms fb=12 policy_cmd=[ 0.108, 0.000, 0.000] tau_fb= 8.439 tau_fb_max= 13.532",,,,,,,,,,,,,,,,,,,,,,,,,,,,,,,,,,,,,,,,,,,,,,,,,0.0,0.0,0.0,0.0,0.0,0.0,0.0,0.0,0.0,0.0,0.0,0.0,0.0,0.0,0.0,0.0,0.0,0.0,0.0,0.0,0.0,0.0,0.0,0.0,0.019175345078110695,-0.057142529636621475,-0.03835069015622139,0.039884716272354126,-0.1426645666360855,0.16107289493083954,-0.14534911513328552,0.12118817865848541,0.10776543617248535,-0.16874302923679352,0.10316335409879684,-0.16183991730213165,0.06683553755283356,0.035248879343271255,0.06820886582136154,0.03021332435309887,-0.032959990203380585,-0.03479110077023506,0.04028443247079849,-0.021973326802253723,0.04669332131743431,0.002288888208568096,0.031128879636526108,0.0027466658502817154,0.0,0.0,0.0,0.0,0.0,0.0,0.0,1.3877787807814457e-17,0.0,0.0,0.0,0.0,0.0,0.0,0.0,0.0,0.0,0.0,0.0,0.0,0.0,0.0,0.0,0.0
2026-07-13_13-51-50,2026-07-13T13:53:19.589,88.684914,pose,3240,stand,0.07199999690055847,0.0,0.07199999690055847,0.0,0.10799999535083771,0.0,0.10799999535083771,0.0,0.04,xsens:live,0.003951939754188061,-0.025422649458050728,-0.9996690154075623,1.456778795432538,0.22650325834513163,0.0,0.0,8.457513809204102,13.483174324035645,12,can0:12,24.682380999820452,40.5147299203944,0.4677659999288153,6.391405999693234,12,8.444777488708496,13.473311424255371,,"BL_hip_joint,BR_hip_joint,FL_hip_joint,FR_hip_joint,BL_thigh_joint,BR_thigh_joint,FL_thigh_joint,FR_thigh_joint,BL_calf_joint,BR_calf_joint,FL_calf_joint,FR_calf_joint",965e94c4cebfc45b9ef609d4a677a5ee35961a895700aad478603f43844b3779,"step=003240 mode=stand  vx= 0.072 vy= 0.000 vxy= 0.072 yaw= 0.000 speed=0.04 imu=xsens:live tilt_rp=[+1.5,+0.2]deg imu_corr=0.000 act_max= 0.000 tau_cmd= 8.458 tau_cmd_max= 13.483 cmds=12 bus=can0:12 hz=40.5 tx=0.5ms fb_age=6.4ms fb=12 policy_cmd=[ 0.108, 0.000, 0.000] tau_fb= 8.445 tau_fb_max= 13.473",,,,,,,,,,,,,,,,,,,,,,,,,,,,,,,,,,,,,,,,,,,,,,,,,0.0,0.0,0.0,0.0,0.0,0.0,0.0,0.0,0.0,0.0,0.0,0.0,0.0,0.0,0.0,0.0,0.0,0.0,0.0,0.0,0.0,0.0,0.0,0.0,0.018791837617754936,-0.057142529636621475,-0.03835069015622139,0.039884716272354126,-0.1426645666360855,0.16107289493083954,-0.14534911513328552,0.12118817865848541,0.10776543617248535,-0.16874302923679352,0.10316335409879684,-0.16183991730213165,0.021057771518826485,-0.06820886582136154,0.010071108117699623,-0.0393688790500164,-0.04303110018372536,0.04531998559832573,-0.007782219909131527,0.017853328958153725,-0.05951109528541565,0.004119998775422573,0.0796533077955246,0.048066653311252594,0.0,0.0,0.0,0.0,0.0,0.0,0.0,1.3877787807814457e-17,0.0,0.0,0.0,0.0,0.0,0.0,0.0,0.0,0.0,0.0,0.0,0.0,0.0,0.0,0.0,0.0
2026-07-13_13-51-50,2026-07-13T13:53:20.126,89.221569,pose,3260,stand,0.07199999690055847,0.0,0.07199999690055847,0.0,0.10799999535083771,0.0,0.10799999535083771,0.0,0.04,xsens:live,0.003909477032721043,-0.02564568817615509,-0.9996634721755981,1.4695620141683219,0.22407079819000672,0.0,0.0,8.420018196105957,13.473108291625977,12,can0:12,30.666440999993938,32.60893561141307,0.5104560000290803,6.342251000205579,12,8.437453269958496,13.396405220031738,,"BL_hip_joint,BR_hip_joint,FL_hip_joint,FR_hip_joint,BL_thigh_joint,BR_thigh_joint,FL_thigh_joint,FR_thigh_joint,BL_calf_joint,BR_calf_joint,FL_calf_joint,FR_calf_joint",965e94c4cebfc45b9ef609d4a677a5ee35961a895700aad478603f43844b3779,"step=003260 mode=stand  vx= 0.072 vy= 0.000 vxy= 0.072 yaw= 0.000 speed=0.04 imu=xsens:live tilt_rp=[+1.5,+0.2]deg imu_corr=0.000 act_max= 0.000 tau_cmd= 8.420 tau_cmd_max= 13.473 cmds=12 bus=can0:12 hz=32.6 tx=0.5ms fb_age=6.3ms fb=12 policy_cmd=[ 0.108, 0.000, 0.000] tau_fb= 8.437 tau_fb_max= 13.396",,,,,,,,,,,,,,,,,,,,,,,,,,,,,,,,,,,,,,,,,,,,,,,,,0.0,0.0,0.0,0.0,0.0,0.0,0.0,0.0,0.0,0.0,0.0,0.0,0.0,0.0,0.0,0.0,0.0,0.0,0.0,0.0,0.0,0.0,0.0,0.0,0.018791837617754936,-0.057142529636621475,-0.03835069015622139,0.039884716272354126,-0.1426645666360855,0.16107289493083954,-0.14534911513328552,0.12118817865848541,0.10776543617248535,-0.16874302923679352,0.10316335409879684,-0.16183991730213165,0.03341776877641678,0.036164432764053345,-0.03433332219719887,-0.11169774830341339,-0.032959990203380585,0.005493331700563431,-0.055848874151706696,0.035248879343271255,-0.021973326802253723,0.008697775192558765,-0.032959990203380585,0.06866664439439774,0.0,0.0,0.0,0.0,0.0,0.0,0.0,1.3877787807814457e-17,0.0,0.0,0.0,0.0,0.0,0.0,0.0,0.0,0.0,0.0,0.0,0.0,0.0,0.0,0.0,0.0
2026-07-13_13-51-50,2026-07-13T13:53:20.669,89.765163,pose,3280,stand,0.07199999690055847,0.0,0.07199999690055847,0.0,0.10799999535083771,0.0,0.10799999535083771,0.0,0.04,xsens:live,0.003674526000395417,-0.025597885251045227,-0.9996656179428101,1.4668208378039935,0.21060430565138077,0.0,0.0,8.449589729309082,13.607989311218262,12,can0:12,24.911000999964017,40.14290714377333,0.48434299969812855,6.2977369998407084,12,8.43134880065918,13.487960815429688,,"BL_hip_joint,BR_hip_joint,FL_hip_joint,FR_hip_joint,BL_thigh_joint,BR_thigh_joint,FL_thigh_joint,FR_thigh_joint,BL_calf_joint,BR_calf_joint,FL_calf_joint,FR_calf_joint",965e94c4cebfc45b9ef609d4a677a5ee35961a895700aad478603f43844b3779,"step=003280 mode=stand  vx= 0.072 vy= 0.000 vxy= 0.072 yaw= 0.000 speed=0.04 imu=xsens:live tilt_rp=[+1.5,+0.2]deg imu_corr=0.000 act_max= 0.000 tau_cmd= 8.450 tau_cmd_max= 13.608 cmds=12 bus=can0:12 hz=40.1 tx=0.5ms fb_age=6.3ms fb=12 policy_cmd=[ 0.108, 0.000, 0.000] tau_fb= 8.431 tau_fb_max= 13.488",,,,,,,,,,,,,,,,,,,,,,,,,,,,,,,,,,,,,,,,,,,,,,,,,0.0,0.0,0.0,0.0,0.0,0.0,0.0,0.0,0.0,0.0,0.0,0.0,0.0,0.0,0.0,0.0,0.0,0.0,0.0,0.0,0.0,0.0,0.0,0.0,0.018791837617754936,-0.057142529636621475,-0.03835069015622139,0.039884716272354126,-0.1426645666360855,0.16107289493083954,-0.14496560394763947,0.12157168984413147,0.10776543617248535,-0.16874302923679352,0.10277985036373138,-0.16183991730213165,-0.037537768483161926,-0.026551103219389915,0.015564439818263054,0.028839992359280586,0.03021332435309887,0.0013733329251408577,-0.031128879636526108,0.013733329251408577,0.04440443217754364,-0.05264442786574364,-0.03433332219719887,-0.01144444104284048,0.0,0.0,0.0,0.0,0.0,0.0,0.0,0.0,0.0,0.0,0.0,0.0,0.0,0.0,0.0,0.0,0.0,0.0,0.0,0.0,0.0,0.0,0.0,0.0
2026-07-13_13-51-50,2026-07-13T13:53:21.206,90.301464,pose,3300,stand,0.07199999690055847,0.0,0.07199999690055847,0.0,0.10799999535083771,0.0,0.10799999535083771,0.0,0.04,xsens:live,0.0035754558630287647,-0.02566833421587944,-0.9996641278266907,1.4708581547598922,0.20492648634858612,0.0,0.0,8.44153118133545,13.423786163330078,12,can0:12,29.97421600002781,33.36200686613696,0.48139899990928825,6.299209000189876,12,8.43775749206543,13.487960815429688,,"BL_hip_joint,BR_hip_joint,FL_hip_joint,FR_hip_joint,BL_thigh_joint,BR_thigh_joint,FL_thigh_joint,FR_thigh_joint,BL_calf_joint,BR_calf_joint,FL_calf_joint,FR_calf_joint",965e94c4cebfc45b9ef609d4a677a5ee35961a895700aad478603f43844b3779,"step=003300 mode=stand  vx= 0.072 vy= 0.000 vxy= 0.072 yaw= 0.000 speed=0.04 imu=xsens:live tilt_rp=[+1.5,+0.2]deg imu_corr=0.000 act_max= 0.000 tau_cmd= 8.442 tau_cmd_max= 13.424 cmds=12 bus=can0:12 hz=33.4 tx=0.5ms fb_age=6.3ms fb=12 policy_cmd=[ 0.108, 0.000, 0.000] tau_fb= 8.438 tau_fb_max= 13.488",,,,,,,,,,,,,,,,,,,,,,,,,,,,,,,,,,,,,,,,,,,,,,,,,0.0,0.0,0.0,0.0,0.0,0.0,0.0,0.0,0.0,0.0,0.0,0.0,0.0,0.0,0.0,0.0,0.0,0.0,0.0,0.0,0.0,0.0,0.0,0.0,0.018791837617754936,-0.057142529636621475,-0.03835069015622139,0.039884716272354126,-0.14304807782173157,0.16107289493083954,-0.14534911513328552,0.12118817865848541,0.10776543617248535,-0.16874302923679352,0.10316335409879684,-0.16183991730213165,-0.041657764464616776,-0.0238044373691082,0.009613330475986004,-0.021057771518826485,-0.04211554303765297,0.03387554734945297,-0.023346660658717155,-0.02700888179242611,0.026551103219389915,0.031128879636526108,0.04898220673203468,0.0476088747382164,0.0,0.0,0.0,0.0,0.0,0.0,0.0,1.3877787807814457e-17,0.0,0.0,0.0,0.0,0.0,0.0,0.0,0.0,0.0,0.0,0.0,0.0,0.0,0.0,0.0,0.0
2026-07-13_13-51-50,2026-07-13T13:53:21.744,90.839956,pose,3320,stand,0.07199999690055847,0.0,0.07199999690055847,0.0,0.10799999535083771,0.0,0.10799999535083771,0.0,0.04,xsens:live,0.0036087948828935623,-0.025661256164312363,-0.9996641874313354,1.4704526556015887,0.20683727626851037,0.0,0.0,8.445350646972656,13.385536193847656,12,can0:12,24.90405600019585,40.15410180543024,0.4596700000547571,6.2968089996502385,12,8.43348503112793,13.455000877380371,,"BL_hip_joint,BR_hip_joint,FL_hip_joint,FR_hip_joint,BL_thigh_joint,BR_thigh_joint,FL_thigh_joint,FR_thigh_joint,BL_calf_joint,BR_calf_joint,FL_calf_joint,FR_calf_joint",965e94c4cebfc45b9ef609d4a677a5ee35961a895700aad478603f43844b3779,"step=003320 mode=stand  vx= 0.072 vy= 0.000 vxy= 0.072 yaw= 0.000 speed=0.04 imu=xsens:live tilt_rp=[+1.5,+0.2]deg imu_corr=0.000 act_max= 0.000 tau_cmd= 8.445 tau_cmd_max= 13.386 cmds=12 bus=can0:12 hz=40.2 tx=0.5ms fb_age=6.3ms fb=12 policy_cmd=[ 0.108, 0.000, 0.000] tau_fb= 8.433 tau_fb_max= 13.455",,,,,,,,,,,,,,,,,,,,,,,,,,,,,,,,,,,,,,,,,,,,,,,,,0.0,0.0,0.0,0.0,0.0,0.0,0.0,0.0,0.0,0.0,0.0,0.0,0.0,0.0,0.0,0.0,0.0,0.0,0.0,0.0,0.0,0.0,0.0,0.0,0.018791837617754936,-0.057142529636621475,-0.03835069015622139,0.039884716272354126,-0.1426645666360855,0.16107289493083954,-0.14534911513328552,0.12118817865848541,0.10776543617248535,-0.16874302923679352,0.10316335409879684,-0.16183991730213165,-0.022431105375289917,0.055848874151706696,-0.036164432764053345,0.016479995101690292,-0.030671102926135063,0.0631733164191246,-0.03250221163034439,-0.004119998775422573,0.002288888208568096,0.04852443188428879,-0.004119998775422573,-0.009155552834272385,0.0,0.0,0.0,0.0,0.0,0.0,0.0,1.3877787807814457e-17,0.0,0.0,0.0,0.0,0.0,0.0,0.0,0.0,0.0,0.0,0.0,0.0,0.0,0.0,0.0,0.0
2026-07-13_13-51-50,2026-07-13T13:53:22.280,91.376180,pose,3340,stand,0.0,0.0,0.0,0.0,0.0,0.0,0.0,0.0,0.04,xsens:live,0.004956160206347704,-0.02704227901995182,-0.9996220469474792,1.549616332393432,0.2840721015308516,0.0,0.0,8.393009185791016,13.561686515808105,12,can0:12,24.67210899976635,40.53159784635639,0.46213399991756887,6.27859999985958,12,8.425244331359863,13.440351486206055,,"BL_hip_joint,BR_hip_joint,FL_hip_joint,FR_hip_joint,BL_thigh_joint,BR_thigh_joint,FL_thigh_joint,FR_thigh_joint,BL_calf_joint,BR_calf_joint,FL_calf_joint,FR_calf_joint",965e94c4cebfc45b9ef609d4a677a5ee35961a895700aad478603f43844b3779,"step=003340 mode=stand  vx= 0.000 vy= 0.000 vxy= 0.000 yaw= 0.000 speed=0.04 imu=xsens:live tilt_rp=[+1.5,+0.3]deg imu_corr=0.000 act_max= 0.000 tau_cmd= 8.393 tau_cmd_max= 13.562 cmds=12 bus=can0:12 hz=40.5 tx=0.5ms fb_age=6.3ms fb=12 tau_fb= 8.425 tau_fb_max= 13.440",,,,,,,,,,,,,,,,,,,,,,,,,,,,,,,,,,,,,,,,,,,,,,,,,0.0,0.0,0.0,0.0,0.0,0.0,0.0,0.0,0.0,0.0,0.0,0.0,0.0,0.0,0.0,0.0,0.0,0.0,0.0,0.0,0.0,0.0,0.0,0.0,0.018791837617754936,-0.057142529636621475,-0.03835069015622139,0.039884716272354126,-0.1426645666360855,0.16107289493083954,-0.14496560394763947,0.12157168984413147,0.10776543617248535,-0.16874302923679352,0.10316335409879684,-0.16183991730213165,-0.02471999265253544,0.09109774976968765,0.02059999480843544,0.005493331700563431,0.062257759273052216,0.040742211043834686,0.03891110047698021,0.006408886983990669,-0.050355542451143265,-0.0315866582095623,0.00595110934227705,0.03250221163034439,0.0,0.0,0.0,0.0,0.0,0.0,0.0,0.0,0.0,0.0,0.0,0.0,0.0,0.0,0.0,0.0,0.0,0.0,0.0,0.0,0.0,0.0,0.0,0.0
2026-07-13_13-51-50,2026-07-13T13:53:22.818,91.913964,pose,3360,stand,0.07199999690055847,0.0,0.07199999690055847,0.0,0.10799999535083771,0.0,0.10799999535083771,0.0,0.04,xsens:live,0.004949385765939951,-0.027233758941292763,-0.9996168613433838,1.5605914804281422,0.28368528907372603,0.0,0.0,8.433356285095215,13.470088958740234,12,can0:12,30.996504000086134,32.261702803555565,0.47672700020484626,6.308969999736291,12,8.438672065734863,13.436689376831055,,"BL_hip_joint,BR_hip_joint,FL_hip_joint,FR_hip_joint,BL_thigh_joint,BR_thigh_joint,FL_thigh_joint,FR_thigh_joint,BL_calf_joint,BR_calf_joint,FL_calf_joint,FR_calf_joint",965e94c4cebfc45b9ef609d4a677a5ee35961a895700aad478603f43844b3779,"step=003360 mode=stand  vx= 0.072 vy= 0.000 vxy= 0.072 yaw= 0.000 speed=0.04 imu=xsens:live tilt_rp=[+1.6,+0.3]deg imu_corr=0.000 act_max= 0.000 tau_cmd= 8.433 tau_cmd_max= 13.470 cmds=12 bus=can0:12 hz=32.3 tx=0.5ms fb_age=6.3ms fb=12 policy_cmd=[ 0.108, 0.000, 0.000] tau_fb= 8.439 tau_fb_max= 13.437",,,,,,,,,,,,,,,,,,,,,,,,,,,,,,,,,,,,,,,,,,,,,,,,,0.0,0.0,0.0,0.0,0.0,0.0,0.0,0.0,0.0,0.0,0.0,0.0,0.0,0.0,0.0,0.0,0.0,0.0,0.0,0.0,0.0,0.0,0.0,0.0,0.018791837617754936,-0.057142529636621475,-0.03873419761657715,0.039884716272354126,-0.1426645666360855,0.16107289493083954,-0.14496560394763947,0.12118817865848541,0.10776543617248535,-0.16874302923679352,0.10316335409879684,-0.16183991730213165,-0.0196844395250082,0.010071108117699623,-0.00595110934227705,-0.0032044434919953346,-0.005493331700563431,0.04898220673203468,0.044862210750579834,0.00595110934227705,0.007324442267417908,0.010071108117699623,0.009613330475986004,0.005493331700563431,0.0,0.0,0.0,0.0,0.0,0.0,0.0,1.3877787807814457e-17,0.0,0.0,0.0,0.0,0.0,0.0,0.0,0.0,0.0,0.0,0.0,0.0,0.0,0.0,0.0,0.0
2026-07-13_13-51-50,2026-07-13T13:53:23.362,92.457699,pose,3380,stand,0.0,0.0,0.0,0.0,0.0,0.0,0.0,0.0,0.04,xsens:live,0.00490966672077775,-0.027205467224121094,-0.999617874622345,1.5589694851367186,0.28140845327735714,0.0,0.0,8.465397834777832,13.544574737548828,12,can0:12,24.932153999998263,40.10884899876961,0.46939899993958534,6.288552999649255,12,8.43836784362793,13.455000877380371,,"BL_hip_joint,BR_hip_joint,FL_hip_joint,FR_hip_joint,BL_thigh_joint,BR_thigh_joint,FL_thigh_joint,FR_thigh_joint,BL_calf_joint,BR_calf_joint,FL_calf_joint,FR_calf_joint",965e94c4cebfc45b9ef609d4a677a5ee35961a895700aad478603f43844b3779,"step=003380 mode=stand  vx= 0.000 vy= 0.000 vxy= 0.000 yaw= 0.000 speed=0.04 imu=xsens:live tilt_rp=[+1.6,+0.3]deg imu_corr=0.000 act_max= 0.000 tau_cmd= 8.465 tau_cmd_max= 13.545 cmds=12 bus=can0:12 hz=40.1 tx=0.5ms fb_age=6.3ms fb=12 tau_fb= 8.438 tau_fb_max= 13.455",,,,,,,,,,,,,,,,,,,,,,,,,,,,,,,,,,,,,,,,,,,,,,,,,0.0,0.0,0.0,0.0,0.0,0.0,0.0,0.0,0.0,0.0,0.0,0.0,0.0,0.0,0.0,0.0,0.0,0.0,0.0,0.0,0.0,0.0,0.0,0.0,0.018791837617754936,-0.057142529636621475,-0.03835069015622139,0.039884716272354126,-0.1426645666360855,0.16107289493083954,-0.14534911513328552,0.12118817865848541,0.10776543617248535,-0.16874302923679352,0.10316335409879684,-0.16183991730213165,-0.021973326802253723,-0.010986663401126862,0.027924437075853348,0.01739555038511753,-0.051271095871925354,0.08194220066070557,-0.028839992359280586,0.027466658502817154,-0.01831110566854477,-0.0238044373691082,0.01235999632626772,0.021057771518826485,0.0,0.0,0.0,0.0,0.0,0.0,0.0,1.3877787807814457e-17,0.0,0.0,0.0,0.0,0.0,0.0,0.0,0.0,0.0,0.0,0.0,0.0,0.0,0.0,0.0,0.0
2026-07-13_13-51-50,2026-07-13T13:53:23.896,92.991730,pose,3400,stand,0.0,0.0,0.0,0.0,0.0,0.0,0.0,0.0,0.04,xsens:live,0.0047375853173434734,-0.027335014194250107,-0.9996151328086853,1.5663935893518908,0.27154612059792477,0.0,0.0,8.447911262512207,13.580811500549316,12,can0:12,29.72812400003022,33.63818046503653,0.45400499993775156,6.288360999860743,12,8.455763816833496,13.509933471679688,,"BL_hip_joint,BR_hip_joint,FL_hip_joint,FR_hip_joint,BL_thigh_joint,BR_thigh_joint,FL_thigh_joint,FR_thigh_joint,BL_calf_joint,BR_calf_joint,FL_calf_joint,FR_calf_joint",965e94c4cebfc45b9ef609d4a677a5ee35961a895700aad478603f43844b3779,"step=003400 mode=stand  vx= 0.000 vy= 0.000 vxy= 0.000 yaw= 0.000 speed=0.04 imu=xsens:live tilt_rp=[+1.6,+0.3]deg imu_corr=0.000 act_max= 0.000 tau_cmd= 8.448 tau_cmd_max= 13.581 cmds=12 bus=can0:12 hz=33.6 tx=0.5ms fb_age=6.3ms fb=12 tau_fb= 8.456 tau_fb_max= 13.510",,,,,,,,,,,,,,,,,,,,,,,,,,,,,,,,,,,,,,,,,,,,,,,,,0.0,0.0,0.0,0.0,0.0,0.0,0.0,0.0,0.0,0.0,0.0,0.0,0.0,0.0,0.0,0.0,0.0,0.0,0.0,0.0,0.0,0.0,0.0,0.0,0.018791837617754936,-0.057142529636621475,-0.03835069015622139,0.039884716272354126,-0.1426645666360855,0.16107289493083954,-0.14496560394763947,0.12118817865848541,0.10776543617248535,-0.16874302923679352,0.10316335409879684,-0.16183991730213165,-0.04577776417136192,-0.004119998775422573,-0.07370220124721527,0.01831110566854477,-0.031128879636526108,-0.051271095871925354,0.0393688790500164,0.027466658502817154,0.05722220614552498,-0.04028443247079849,-0.032044436782598495,0.00045777764171361923,0.0,0.0,0.0,0.0,0.0,0.0,0.0,1.3877787807814457e-17,0.0,0.0,0.0,0.0,0.0,0.0,0.0,0.0,0.0,0.0,0.0,0.0,0.0,0.0,0.0,0.0
2026-07-13_13-51-50,2026-07-13T13:53:24.436,93.531674,pose,3420,stand,-0.07199999690055847,0.0,0.07199999690055847,0.0,-0.10799999535083771,0.0,0.10799999535083771,0.0,0.04,xsens:live,0.004643094725906849,-0.027369709685444832,-0.9996145963668823,1.5683816133291772,0.266130386123162,0.0,0.0,8.456132888793945,13.434858322143555,12,can0:12,24.93986599984055,40.096446388540876,0.4876709999734885,6.337292000353045,12,8.439282417297363,13.502609252929688,,"BL_hip_joint,BR_hip_joint,FL_hip_joint,FR_hip_joint,BL_thigh_joint,BR_thigh_joint,FL_thigh_joint,FR_thigh_joint,BL_calf_joint,BR_calf_joint,FL_calf_joint,FR_calf_joint",965e94c4cebfc45b9ef609d4a677a5ee35961a895700aad478603f43844b3779,"step=003420 mode=stand  vx=-0.072 vy= 0.000 vxy= 0.072 yaw= 0.000 speed=0.04 imu=xsens:live tilt_rp=[+1.6,+0.3]deg imu_corr=0.000 act_max= 0.000 tau_cmd= 8.456 tau_cmd_max= 13.435 cmds=12 bus=can0:12 hz=40.1 tx=0.5ms fb_age=6.3ms fb=12 policy_cmd=[-0.108, 0.000, 0.000] tau_fb= 8.439 tau_fb_max= 13.503",,,,,,,,,,,,,,,,,,,,,,,,,,,,,,,,,,,,,,,,,,,,,,,,,0.0,0.0,0.0,0.0,0.0,0.0,0.0,0.0,0.0,0.0,0.0,0.0,0.0,0.0,0.0,0.0,0.0,0.0,0.0,0.0,0.0,0.0,0.0,0.0,0.018791837617754936,-0.057142529636621475,-0.03835069015622139,0.039884716272354126,-0.1426645666360855,0.16107289493083954,-0.14496560394763947,0.12118817865848541,0.10776543617248535,-0.16874302923679352,0.10316335409879684,-0.16183991730213165,0.056764427572488785,-0.029755547642707825,0.06820886582136154,0.03570665791630745,-0.008239997550845146,0.04211554303765297,0.0238044373691082,-0.001831110566854477,0.0315866582095623,0.02609332650899887,0.0068666646257042885,-0.03707998991012573,0.0,0.0,0.0,0.0,0.0,0.0,0.0,1.3877787807814457e-17,0.0,0.0,0.0,0.0,0.0,0.0,0.0,0.0,0.0,0.0,0.0,0.0,0.0,0.0,0.0,0.0
2026-07-13_13-51-50,2026-07-13T13:53:24.977,94.072621,pose,3440,stand,0.0,0.0,0.0,0.0,0.0,0.0,0.0,0.0,0.04,xsens:live,0.004670950584113598,-0.02767919935286045,-0.9996060132980347,1.5861210744161447,0.2677292887210886,0.0,0.0,8.428658485412598,13.372450828552246,12,can0:12,24.951834000148665,40.07721436404402,0.518743999691651,6.351500000164378,12,8.41914176940918,13.422040939331055,,"BL_hip_joint,BR_hip_joint,FL_hip_joint,FR_hip_joint,BL_thigh_joint,BR_thigh_joint,FL_thigh_joint,FR_thigh_joint,BL_calf_joint,BR_calf_joint,FL_calf_joint,FR_calf_joint",965e94c4cebfc45b9ef609d4a677a5ee35961a895700aad478603f43844b3779,"step=003440 mode=stand  vx= 0.000 vy= 0.000 vxy= 0.000 yaw= 0.000 speed=0.04 imu=xsens:live tilt_rp=[+1.6,+0.3]deg imu_corr=0.000 act_max= 0.000 tau_cmd= 8.429 tau_cmd_max= 13.372 cmds=12 bus=can0:12 hz=40.1 tx=0.5ms fb_age=6.4ms fb=12 tau_fb= 8.419 tau_fb_max= 13.422",,,,,,,,,,,,,,,,,,,,,,,,,,,,,,,,,,,,,,,,,,,,,,,,,0.0,0.0,0.0,0.0,0.0,0.0,0.0,0.0,0.0,0.0,0.0,0.0,0.0,0.0,0.0,0.0,0.0,0.0,0.0,0.0,0.0,0.0,0.0,0.0,0.018791837617754936,-0.057142529636621475,-0.03835069015622139,0.039884716272354126,-0.1426645666360855,0.16107289493083954,-0.14534911513328552,0.12118817865848541,0.10776543617248535,-0.16874302923679352,0.10316335409879684,-0.16183991730213165,0.06912442296743393,0.017853328958153725,0.022431105375289917,0.04669332131743431,0.0476088747382164,-0.014191106893122196,0.02059999480843544,-0.0013733329251408577,0.014191106893122196,0.054475538432598114,-0.013733329251408577,-0.026551103219389915,0.0,0.0,0.0,0.0,0.0,0.0,0.0,1.3877787807814457e-17,0.0,0.0,0.0,0.0,0.0,0.0,0.0,0.0,0.0,0.0,0.0,0.0,0.0,0.0,0.0,0.0
2026-07-13_13-51-50,2026-07-13T13:53:25.500,94.595490,pose,3460,stand,0.07199999690055847,0.0,0.07199999690055847,0.0,0.10799999535083771,0.0,0.10799999535083771,0.0,0.04,xsens:live,0.004615746438503265,-0.02782994881272316,-0.9996020197868347,1.5947614982589118,0.2645662027340334,0.0,0.0,8.407605171203613,13.551621437072754,12,can0:12,23.94145100015521,41.76856281574233,0.4802790003850532,6.243429999813088,12,8.411206245422363,13.524582862854004,,"BL_hip_joint,BR_hip_joint,FL_hip_joint,FR_hip_joint,BL_thigh_joint,BR_thigh_joint,FL_thigh_joint,FR_thigh_joint,BL_calf_joint,BR_calf_joint,FL_calf_joint,FR_calf_joint",965e94c4cebfc45b9ef609d4a677a5ee35961a895700aad478603f43844b3779,"step=003460 mode=stand  vx= 0.072 vy= 0.000 vxy= 0.072 yaw= 0.000 speed=0.04 imu=xsens:live tilt_rp=[+1.6,+0.3]deg imu_corr=0.000 act_max= 0.000 tau_cmd= 8.408 tau_cmd_max= 13.552 cmds=12 bus=can0:12 hz=41.8 tx=0.5ms fb_age=6.2ms fb=12 policy_cmd=[ 0.108, 0.000, 0.000] tau_fb= 8.411 tau_fb_max= 13.525",,,,,,,,,,,,,,,,,,,,,,,,,,,,,,,,,,,,,,,,,,,,,,,,,0.0,0.0,0.0,0.0,0.0,0.0,0.0,0.0,0.0,0.0,0.0,0.0,0.0,0.0,0.0,0.0,0.0,0.0,0.0,0.0,0.0,0.0,0.0,0.0,0.018791837617754936,-0.057142529636621475,-0.03835069015622139,0.039884716272354126,-0.1426645666360855,0.16107289493083954,-0.14496560394763947,0.12118817865848541,0.10776543617248535,-0.16874302923679352,0.10316335409879684,-0.16222341358661652,-0.037537768483161926,-0.024262215942144394,0.010528885759413242,-0.0068666646257042885,0.027924437075853348,0.062257759273052216,0.0009155552834272385,-0.0709555372595787,-0.0787377581000328,-0.02700888179242611,-0.021057771518826485,0.009613330475986004,0.0,0.0,0.0,0.0,0.0,0.0,0.0,1.3877787807814457e-17,0.0,0.0,0.0,0.0,0.0,0.0,0.0,0.0,0.0,0.0,0.0,0.0,0.0,0.0,0.0,0.0
2026-07-13_13-51-50,2026-07-13T13:53:26.027,95.122433,pose,3480,stand,0.0,0.0,0.0,0.0,0.0,0.0,0.0,0.0,0.04,xsens:live,0.0045394981279969215,-0.027991145849227905,-0.9995979070663452,1.6040004835113089,0.2601969191788177,0.0,0.0,8.444046974182129,13.427812576293945,12,can0:12,30.384730999685416,32.91126717594944,0.45909300024504773,6.328393999865511,12,8.43256950378418,13.56120491027832,,"BL_hip_joint,BR_hip_joint,FL_hip_joint,FR_hip_joint,BL_thigh_joint,BR_thigh_joint,FL_thigh_joint,FR_thigh_joint,BL_calf_joint,BR_calf_joint,FL_calf_joint,FR_calf_joint",965e94c4cebfc45b9ef609d4a677a5ee35961a895700aad478603f43844b3779,"step=003480 mode=stand  vx= 0.000 vy= 0.000 vxy= 0.000 yaw= 0.000 speed=0.04 imu=xsens:live tilt_rp=[+1.6,+0.3]deg imu_corr=0.000 act_max= 0.000 tau_cmd= 8.444 tau_cmd_max= 13.428 cmds=12 bus=can0:12 hz=32.9 tx=0.5ms fb_age=6.3ms fb=12 tau_fb= 8.433 tau_fb_max= 13.561",,,,,,,,,,,,,,,,,,,,,,,,,,,,,,,,,,,,,,,,,,,,,,,,,0.0,0.0,0.0,0.0,0.0,0.0,0.0,0.0,0.0,0.0,0.0,0.0,0.0,0.0,0.0,0.0,0.0,0.0,0.0,0.0,0.0,0.0,0.0,0.0,0.018791837617754936,-0.057142529636621475,-0.03835069015622139,0.039884716272354126,-0.1426645666360855,0.16107289493083954,-0.14534911513328552,0.12157168984413147,0.10776543617248535,-0.16874302923679352,0.10316335409879684,-0.16183991730213165,-0.05767998471856117,0.021973326802253723,0.014191106893122196,0.0068666646257042885,0.05813775956630707,0.050355542451143265,-0.06683553755283356,0.028839992359280586,0.016937773674726486,0.02929776906967163,0.05630664899945259,0.010528885759413242,0.0,0.0,0.0,0.0,0.0,0.0,0.0,0.0,0.0,0.0,0.0,0.0,0.0,0.0,0.0,0.0,0.0,0.0,0.0,0.0,0.0,0.0,0.0,0.0
2026-07-13_13-51-50,2026-07-13T13:53:26.561,95.657199,pose,3500,stand,-0.07199999690055847,0.0,0.07199999690055847,0.0,-0.10799999535083771,0.0,0.10799999535083771,0.0,0.04,xsens:live,0.004657113458961248,-0.028135372325778008,-0.9995933175086975,1.6122682639544614,0.26693957493146225,0.0,0.0,8.443169593811035,13.573765754699707,12,can0:12,24.143476000062947,41.41905664277144,0.48642299998391536,6.303305000074033,12,8.448744773864746,13.458662986755371,,"BL_hip_joint,BR_hip_joint,FL_hip_joint,FR_hip_joint,BL_thigh_joint,BR_thigh_joint,FL_thigh_joint,FR_thigh_joint,BL_calf_joint,BR_calf_joint,FL_calf_joint,FR_calf_joint",965e94c4cebfc45b9ef609d4a677a5ee35961a895700aad478603f43844b3779,"step=003500 mode=stand  vx=-0.072 vy= 0.000 vxy= 0.072 yaw= 0.000 speed=0.04 imu=xsens:live tilt_rp=[+1.6,+0.3]deg imu_corr=0.000 act_max= 0.000 tau_cmd= 8.443 tau_cmd_max= 13.574 cmds=12 bus=can0:12 hz=41.4 tx=0.5ms fb_age=6.3ms fb=12 policy_cmd=[-0.108, 0.000, 0.000] tau_fb= 8.449 tau_fb_max= 13.459",,,,,,,,,,,,,,,,,,,,,,,,,,,,,,,,,,,,,,,,,,,,,,,,,0.0,0.0,0.0,0.0,0.0,0.0,0.0,0.0,0.0,0.0,0.0,0.0,0.0,0.0,0.0,0.0,0.0,0.0,0.0,0.0,0.0,0.0,0.0,0.0,0.018791837617754936,-0.057142529636621475,-0.03873419761657715,0.039884716272354126,-0.1426645666360855,0.16107289493083954,-0.14496560394763947,0.12118817865848541,0.10776543617248535,-0.16874302923679352,0.10316335409879684,-0.16183991730213165,-0.15289773046970367,-0.029755547642707825,-0.016022218391299248,0.003662221133708954,0.013733329251408577,0.01235999632626772,0.002288888208568096,-0.013733329251408577,0.09613330662250519,-0.03707998991012573,0.055848874151706696,0.02471999265253544,0.0,0.0,0.0,0.0,0.0,0.0,0.0,1.3877787807814457e-17,0.0,0.0,0.0,0.0,0.0,0.0,0.0,0.0,0.0,0.0,0.0,0.0,0.0,0.0,0.0,0.0
2026-07-13_13-51-50,2026-07-13T13:53:27.107,96.202459,pose,3520,stand,0.0,0.0,0.0,0.0,0.0,0.0,0.0,0.0,0.04,xsens:live,0.004604801535606384,-0.028021570295095444,-0.9995967149734497,1.605744923164802,0.26394027035527573,0.0,0.0,8.477896690368652,13.457003593444824,12,can0:12,24.864791000254627,40.2175107761718,0.4734619997179834,6.3550199997735035,12,8.42219352722168,13.462325096130371,,"BL_hip_joint,BR_hip_joint,FL_hip_joint,FR_hip_joint,BL_thigh_joint,BR_thigh_joint,FL_thigh_joint,FR_thigh_joint,BL_calf_joint,BR_calf_joint,FL_calf_joint,FR_calf_joint",965e94c4cebfc45b9ef609d4a677a5ee35961a895700aad478603f43844b3779,"step=003520 mode=stand  vx= 0.000 vy= 0.000 vxy= 0.000 yaw= 0.000 speed=0.04 imu=xsens:live tilt_rp=[+1.6,+0.3]deg imu_corr=0.000 act_max= 0.000 tau_cmd= 8.478 tau_cmd_max= 13.457 cmds=12 bus=can0:12 hz=40.2 tx=0.5ms fb_age=6.4ms fb=12 tau_fb= 8.422 tau_fb_max= 13.462",,,,,,,,,,,,,,,,,,,,,,,,,,,,,,,,,,,,,,,,,,,,,,,,,0.0,0.0,0.0,0.0,0.0,0.0,0.0,0.0,0.0,0.0,0.0,0.0,0.0,0.0,0.0,0.0,0.0,0.0,0.0,0.0,0.0,0.0,0.0,0.0,0.018791837617754936,-0.057142529636621475,-0.03835069015622139,0.039884716272354126,-0.1426645666360855,0.16107289493083954,-0.14534911513328552,0.12118817865848541,0.10776543617248535,-0.16874302923679352,0.10316335409879684,-0.16183991730213165,0.029755547642707825,-0.01739555038511753,-0.04852443188428879,-0.0398266538977623,-0.0196844395250082,0.027466658502817154,-0.07003998011350632,0.06408887356519699,0.014191106893122196,0.016022218391299248,0.021057771518826485,0.023346660658717155,0.0,0.0,0.0,0.0,0.0,0.0,0.0,1.3877787807814457e-17,0.0,0.0,0.0,0.0,0.0,0.0,0.0,0.0,0.0,0.0,0.0,0.0,0.0,0.0,0.0,0.0
2026-07-13_13-51-50,2026-07-13T13:53:27.743,96.838907,policy,3539,encoder_fault,0.0,0.0,0.0,0.0,0.0,0.0,0.0,0.0,0.04,xsens:live,0.004961144644767046,-0.028535228222608566,-0.9995805025100708,1.6351901900552408,0.28436960801316347,0.0,0.0,0.0,0.0,12,can0:12,,,,,,18.908964157104492,77.01284790039062,EXCESSIVE MOTOR TORQUE: FR_calf_joint=+77.013; limit=60.000,,,"step=003539 mode=encoder_fault vx= 0.000 vy= 0.000 vxy= 0.000 yaw= 0.000 speed=0.04 imu=xsens:live tilt_rp=[+1.6,+0.3]deg imu_corr=0.000 act_max= 0.000 tau_cmd= 0.000 tau_cmd_max= 0.000 cmds=12 bus=can0:12 tau_fb= 18.909 tau_fb_max= 77.013",,,,,,,,,,,,,,,,,,,,,,,,,,,,,,,,,,,,,,,,,,,,,,,,,,,,,,,,,,,,,,,,,,,,,,,,,,,,,,,,,,,,,,,,,,,,,,,,,,,,,,,,,,,,,,,,,,,,,,,,
