run_id,wall_time,elapsed_s,phase,step,mode,vx,vy,vxy,yaw,policy_vx,policy_vy,policy_vxy,policy_yaw,speed,imu,gravity_x,gravity_y,gravity_z,imu_roll_deg,imu_pitch_deg,imu_correction_abs_max,act_max,tau_cmd,tau_cmd_max,cmds,bus_counts,tau_fb,tau_fb_max,fault_reason,policy_joint_order,policy_sha256,compact_line,obs_000,obs_001,obs_002,obs_003,obs_004,obs_005,obs_006,obs_007,obs_008,obs_009,obs_010,obs_011,obs_012,obs_013,obs_014,obs_015,obs_016,obs_017,obs_018,obs_019,obs_020,obs_021,obs_022,obs_023,obs_024,obs_025,obs_026,obs_027,obs_028,obs_029,obs_030,obs_031,obs_032,obs_033,obs_034,obs_035,obs_036,obs_037,obs_038,obs_039,obs_040,obs_041,obs_042,obs_043,obs_044,obs_045,obs_046,obs_047,action_00,action_01,action_02,action_03,action_04,action_05,action_06,action_07,action_08,action_09,action_10,action_11,sent_action_00,sent_action_01,sent_action_02,sent_action_03,sent_action_04,sent_action_05,sent_action_06,sent_action_07,sent_action_08,sent_action_09,sent_action_10,sent_action_11,q_00,q_01,q_02,q_03,q_04,q_05,q_06,q_07,q_08,q_09,q_10,q_11,qd_00,qd_01,qd_02,qd_03,qd_04,qd_05,qd_06,qd_07,qd_08,qd_09,qd_10,qd_11,q_target_00,q_target_01,q_target_02,q_target_03,q_target_04,q_target_05,q_target_06,q_target_07,q_target_08,q_target_09,q_target_10,q_target_11
20260708_155717_683245,2026-07-08T15:57:17.980,0.297236,policy,0,idle,0.0,0.0,0.0,0.0,0.0,0.0,0.0,0.0,0.1,none,0.0,0.0,-1.0,-0.0,0.0,0.0,0.0,0.0,0.0,0,none,0.0277718435972929,0.10620441287755966,,"BL_hip_joint,BR_hip_joint,FL_hip_joint,FR_hip_joint,BL_thigh_joint,BR_thigh_joint,FL_thigh_joint,FR_thigh_joint,BL_calf_joint,BR_calf_joint,FL_calf_joint,FR_calf_joint",330e02f2406e129bb6ed6ec4a6c6bcd5f80d7e7799a2ab087e81eda65d2fae69,"step=000000 mode=idle   vx= 0.000 vy= 0.000 vxy= 0.000 yaw= 0.000 speed=0.10 imu=none tilt_rp=[-0.0,+0.0]deg imu_corr=0.000 act_max= 0.000 tau_cmd= 0.000 tau_cmd_max= 0.000 cmds=00 bus=none tau_fb= 0.028 tau_fb_max= 0.106",,,,,,,,,,,,,,,,,,,,,,,,,,,,,,,,,,,,,,,,,,,,,,,,,0.0,0.0,0.0,0.0,0.0,0.0,0.0,0.0,0.0,0.0,0.0,0.0,0.0,0.0,0.0,0.0,0.0,0.0,0.0,0.0,0.0,0.0,0.0,0.0,0.5357591509819031,-0.557619035243988,-0.5434292554855347,0.5204188823699951,-0.45867425203323364,0.41111940145492554,-0.42952772974967957,0.44179993867874146,1.2103477716445923,-1.0711348056793213,0.8061314821243286,-0.9307712316513062,0.027466658502817154,-0.05172887444496155,0.016479995101690292,-0.029755547642707825,-0.054475538432598114,0.009613330475986004,0.010528885759413242,0.022431105375289917,-0.14145329594612122,0.1350444108247757,-0.22431103885173798,0.050355542451143265,0.5357591509819031,-0.557619035243988,-0.5434292554855347,0.5204188823699951,-0.45867425203323364,0.41111940145492554,-0.42952772974967957,0.44179993867874146,1.2103477716445923,-1.0711348056793213,0.8061314821243286,-0.9307712316513062
20260708_155717_683245,2026-07-08T15:57:18.005,0.322352,policy,1,idle,0.0,0.0,0.0,0.0,0.0,0.0,0.0,0.0,0.1,none,0.0,0.0,-1.0,-0.0,0.0,0.0,0.0,0.0,0.0,0,none,0.0277718435972929,0.10620441287755966,,"BL_hip_joint,BR_hip_joint,FL_hip_joint,FR_hip_joint,BL_thigh_joint,BR_thigh_joint,FL_thigh_joint,FR_thigh_joint,BL_calf_joint,BR_calf_joint,FL_calf_joint,FR_calf_joint",330e02f2406e129bb6ed6ec4a6c6bcd5f80d7e7799a2ab087e81eda65d2fae69,"step=000001 mode=idle   vx= 0.000 vy= 0.000 vxy= 0.000 yaw= 0.000 speed=0.10 imu=none tilt_rp=[-0.0,+0.0]deg imu_corr=0.000 act_max= 0.000 tau_cmd= 0.000 tau_cmd_max= 0.000 cmds=00 bus=none tau_fb= 0.028 tau_fb_max= 0.106",,,,,,,,,,,,,,,,,,,,,,,,,,,,,,,,,,,,,,,,,,,,,,,,,0.0,0.0,0.0,0.0,0.0,0.0,0.0,0.0,0.0,0.0,0.0,0.0,0.0,0.0,0.0,0.0,0.0,0.0,0.0,0.0,0.0,0.0,0.0,0.0,0.5357591509819031,-0.557619035243988,-0.5434292554855347,0.5204188823699951,-0.45867425203323364,0.41111940145492554,-0.42952772974967957,0.44179993867874146,1.2103477716445923,-1.0711348056793213,0.8061314821243286,-0.9307712316513062,0.027466658502817154,-0.05172887444496155,0.016479995101690292,-0.029755547642707825,-0.054475538432598114,0.009613330475986004,0.010528885759413242,0.022431105375289917,-0.14145329594612122,0.1350444108247757,-0.22431103885173798,0.050355542451143265,0.5357591509819031,-0.557619035243988,-0.5434292554855347,0.5204188823699951,-0.45867425203323364,0.41111940145492554,-0.42952772974967957,0.44179993867874146,1.2103477716445923,-1.0711348056793213,0.8061314821243286,-0.9307712316513062
20260708_155717_683245,2026-07-08T15:57:18.030,0.347378,policy,2,idle,0.0,0.0,0.0,0.0,0.0,0.0,0.0,0.0,0.1,none,0.0,0.0,-1.0,-0.0,0.0,0.0,0.0,0.0,0.0,0,none,0.0277718435972929,0.10620441287755966,,"BL_hip_joint,BR_hip_joint,FL_hip_joint,FR_hip_joint,BL_thigh_joint,BR_thigh_joint,FL_thigh_joint,FR_thigh_joint,BL_calf_joint,BR_calf_joint,FL_calf_joint,FR_calf_joint",330e02f2406e129bb6ed6ec4a6c6bcd5f80d7e7799a2ab087e81eda65d2fae69,"step=000002 mode=idle   vx= 0.000 vy= 0.000 vxy= 0.000 yaw= 0.000 speed=0.10 imu=none tilt_rp=[-0.0,+0.0]deg imu_corr=0.000 act_max= 0.000 tau_cmd= 0.000 tau_cmd_max= 0.000 cmds=00 bus=none tau_fb= 0.028 tau_fb_max= 0.106",,,,,,,,,,,,,,,,,,,,,,,,,,,,,,,,,,,,,,,,,,,,,,,,,0.0,0.0,0.0,0.0,0.0,0.0,0.0,0.0,0.0,0.0,0.0,0.0,0.0,0.0,0.0,0.0,0.0,0.0,0.0,0.0,0.0,0.0,0.0,0.0,0.5357591509819031,-0.557619035243988,-0.5434292554855347,0.5204188823699951,-0.45867425203323364,0.41111940145492554,-0.42952772974967957,0.44179993867874146,1.2103477716445923,-1.0711348056793213,0.8061314821243286,-0.9307712316513062,0.027466658502817154,-0.05172887444496155,0.016479995101690292,-0.029755547642707825,-0.054475538432598114,0.009613330475986004,0.010528885759413242,0.022431105375289917,-0.14145329594612122,0.1350444108247757,-0.22431103885173798,0.050355542451143265,0.5357591509819031,-0.557619035243988,-0.5434292554855347,0.5204188823699951,-0.45867425203323364,0.41111940145492554,-0.42952772974967957,0.44179993867874146,1.2103477716445923,-1.0711348056793213,0.8061314821243286,-0.9307712316513062
20260708_155717_683245,2026-07-08T15:57:18.055,0.372237,policy,3,idle,0.0,0.0,0.0,0.0,0.0,0.0,0.0,0.0,0.1,none,0.0,0.0,-1.0,-0.0,0.0,0.0,0.0,0.0,0.0,0,none,0.0277718435972929,0.10620441287755966,,"BL_hip_joint,BR_hip_joint,FL_hip_joint,FR_hip_joint,BL_thigh_joint,BR_thigh_joint,FL_thigh_joint,FR_thigh_joint,BL_calf_joint,BR_calf_joint,FL_calf_joint,FR_calf_joint",330e02f2406e129bb6ed6ec4a6c6bcd5f80d7e7799a2ab087e81eda65d2fae69,"step=000003 mode=idle   vx= 0.000 vy= 0.000 vxy= 0.000 yaw= 0.000 speed=0.10 imu=none tilt_rp=[-0.0,+0.0]deg imu_corr=0.000 act_max= 0.000 tau_cmd= 0.000 tau_cmd_max= 0.000 cmds=00 bus=none tau_fb= 0.028 tau_fb_max= 0.106",,,,,,,,,,,,,,,,,,,,,,,,,,,,,,,,,,,,,,,,,,,,,,,,,0.0,0.0,0.0,0.0,0.0,0.0,0.0,0.0,0.0,0.0,0.0,0.0,0.0,0.0,0.0,0.0,0.0,0.0,0.0,0.0,0.0,0.0,0.0,0.0,0.5357591509819031,-0.557619035243988,-0.5434292554855347,0.5204188823699951,-0.45867425203323364,0.41111940145492554,-0.42952772974967957,0.44179993867874146,1.2103477716445923,-1.0711348056793213,0.8061314821243286,-0.9307712316513062,0.027466658502817154,-0.05172887444496155,0.016479995101690292,-0.029755547642707825,-0.054475538432598114,0.009613330475986004,0.010528885759413242,0.022431105375289917,-0.14145329594612122,0.1350444108247757,-0.22431103885173798,0.050355542451143265,0.5357591509819031,-0.557619035243988,-0.5434292554855347,0.5204188823699951,-0.45867425203323364,0.41111940145492554,-0.42952772974967957,0.44179993867874146,1.2103477716445923,-1.0711348056793213,0.8061314821243286,-0.9307712316513062
20260708_155717_683245,2026-07-08T15:57:18.080,0.397203,policy,4,idle,0.0,0.0,0.0,0.0,0.0,0.0,0.0,0.0,0.1,none,0.0,0.0,-1.0,-0.0,0.0,0.0,0.0,0.0,0.0,0,none,0.0277718435972929,0.10620441287755966,,"BL_hip_joint,BR_hip_joint,FL_hip_joint,FR_hip_joint,BL_thigh_joint,BR_thigh_joint,FL_thigh_joint,FR_thigh_joint,BL_calf_joint,BR_calf_joint,FL_calf_joint,FR_calf_joint",330e02f2406e129bb6ed6ec4a6c6bcd5f80d7e7799a2ab087e81eda65d2fae69,"step=000004 mode=idle   vx= 0.000 vy= 0.000 vxy= 0.000 yaw= 0.000 speed=0.10 imu=none tilt_rp=[-0.0,+0.0]deg imu_corr=0.000 act_max= 0.000 tau_cmd= 0.000 tau_cmd_max= 0.000 cmds=00 bus=none tau_fb= 0.028 tau_fb_max= 0.106",,,,,,,,,,,,,,,,,,,,,,,,,,,,,,,,,,,,,,,,,,,,,,,,,0.0,0.0,0.0,0.0,0.0,0.0,0.0,0.0,0.0,0.0,0.0,0.0,0.0,0.0,0.0,0.0,0.0,0.0,0.0,0.0,0.0,0.0,0.0,0.0,0.5357591509819031,-0.557619035243988,-0.5434292554855347,0.5204188823699951,-0.45867425203323364,0.41111940145492554,-0.42952772974967957,0.44179993867874146,1.2103477716445923,-1.0711348056793213,0.8061314821243286,-0.9307712316513062,0.027466658502817154,-0.05172887444496155,0.016479995101690292,-0.029755547642707825,-0.054475538432598114,0.009613330475986004,0.010528885759413242,0.022431105375289917,-0.14145329594612122,0.1350444108247757,-0.22431103885173798,0.050355542451143265,0.5357591509819031,-0.557619035243988,-0.5434292554855347,0.5204188823699951,-0.45867425203323364,0.41111940145492554,-0.42952772974967957,0.44179993867874146,1.2103477716445923,-1.0711348056793213,0.8061314821243286,-0.9307712316513062
20260708_155717_683245,2026-07-08T15:57:18.105,0.422009,policy,5,idle,0.0,0.0,0.0,0.0,0.0,0.0,0.0,0.0,0.1,none,0.0,0.0,-1.0,-0.0,0.0,0.0,0.0,0.0,0.0,0,none,0.0277718435972929,0.10620441287755966,,"BL_hip_joint,BR_hip_joint,FL_hip_joint,FR_hip_joint,BL_thigh_joint,BR_thigh_joint,FL_thigh_joint,FR_thigh_joint,BL_calf_joint,BR_calf_joint,FL_calf_joint,FR_calf_joint",330e02f2406e129bb6ed6ec4a6c6bcd5f80d7e7799a2ab087e81eda65d2fae69,"step=000005 mode=idle   vx= 0.000 vy= 0.000 vxy= 0.000 yaw= 0.000 speed=0.10 imu=none tilt_rp=[-0.0,+0.0]deg imu_corr=0.000 act_max= 0.000 tau_cmd= 0.000 tau_cmd_max= 0.000 cmds=00 bus=none tau_fb= 0.028 tau_fb_max= 0.106",,,,,,,,,,,,,,,,,,,,,,,,,,,,,,,,,,,,,,,,,,,,,,,,,0.0,0.0,0.0,0.0,0.0,0.0,0.0,0.0,0.0,0.0,0.0,0.0,0.0,0.0,0.0,0.0,0.0,0.0,0.0,0.0,0.0,0.0,0.0,0.0,0.5357591509819031,-0.557619035243988,-0.5434292554855347,0.5204188823699951,-0.45867425203323364,0.41111940145492554,-0.42952772974967957,0.44179993867874146,1.2103477716445923,-1.0711348056793213,0.8061314821243286,-0.9307712316513062,0.027466658502817154,-0.05172887444496155,0.016479995101690292,-0.029755547642707825,-0.054475538432598114,0.009613330475986004,0.010528885759413242,0.022431105375289917,-0.14145329594612122,0.1350444108247757,-0.22431103885173798,0.050355542451143265,0.5357591509819031,-0.557619035243988,-0.5434292554855347,0.5204188823699951,-0.45867425203323364,0.41111940145492554,-0.42952772974967957,0.44179993867874146,1.2103477716445923,-1.0711348056793213,0.8061314821243286,-0.9307712316513062
20260708_155717_683245,2026-07-08T15:57:18.129,0.446696,policy,6,idle,0.0,0.0,0.0,0.0,0.0,0.0,0.0,0.0,0.1,none,0.0,0.0,-1.0,-0.0,0.0,0.0,0.0,0.0,0.0,0,none,0.0277718435972929,0.10620441287755966,,"BL_hip_joint,BR_hip_joint,FL_hip_joint,FR_hip_joint,BL_thigh_joint,BR_thigh_joint,FL_thigh_joint,FR_thigh_joint,BL_calf_joint,BR_calf_joint,FL_calf_joint,FR_calf_joint",330e02f2406e129bb6ed6ec4a6c6bcd5f80d7e7799a2ab087e81eda65d2fae69,"step=000006 mode=idle   vx= 0.000 vy= 0.000 vxy= 0.000 yaw= 0.000 speed=0.10 imu=none tilt_rp=[-0.0,+0.0]deg imu_corr=0.000 act_max= 0.000 tau_cmd= 0.000 tau_cmd_max= 0.000 cmds=00 bus=none tau_fb= 0.028 tau_fb_max= 0.106",,,,,,,,,,,,,,,,,,,,,,,,,,,,,,,,,,,,,,,,,,,,,,,,,0.0,0.0,0.0,0.0,0.0,0.0,0.0,0.0,0.0,0.0,0.0,0.0,0.0,0.0,0.0,0.0,0.0,0.0,0.0,0.0,0.0,0.0,0.0,0.0,0.5357591509819031,-0.557619035243988,-0.5434292554855347,0.5204188823699951,-0.45867425203323364,0.41111940145492554,-0.42952772974967957,0.44179993867874146,1.2103477716445923,-1.0711348056793213,0.8061314821243286,-0.9307712316513062,0.027466658502817154,-0.05172887444496155,0.016479995101690292,-0.029755547642707825,-0.054475538432598114,0.009613330475986004,0.010528885759413242,0.022431105375289917,-0.14145329594612122,0.1350444108247757,-0.22431103885173798,0.050355542451143265,0.5357591509819031,-0.557619035243988,-0.5434292554855347,0.5204188823699951,-0.45867425203323364,0.41111940145492554,-0.42952772974967957,0.44179993867874146,1.2103477716445923,-1.0711348056793213,0.8061314821243286,-0.9307712316513062
20260708_155717_683245,2026-07-08T15:57:18.153,0.469840,policy,7,idle,0.0,0.0,0.0,0.0,0.0,0.0,0.0,0.0,0.1,none,0.0,0.0,-1.0,-0.0,0.0,0.0,0.0,0.0,0.0,0,none,0.0277718435972929,0.10620441287755966,,"BL_hip_joint,BR_hip_joint,FL_hip_joint,FR_hip_joint,BL_thigh_joint,BR_thigh_joint,FL_thigh_joint,FR_thigh_joint,BL_calf_joint,BR_calf_joint,FL_calf_joint,FR_calf_joint",330e02f2406e129bb6ed6ec4a6c6bcd5f80d7e7799a2ab087e81eda65d2fae69,"step=000007 mode=idle   vx= 0.000 vy= 0.000 vxy= 0.000 yaw= 0.000 speed=0.10 imu=none tilt_rp=[-0.0,+0.0]deg imu_corr=0.000 act_max= 0.000 tau_cmd= 0.000 tau_cmd_max= 0.000 cmds=00 bus=none tau_fb= 0.028 tau_fb_max= 0.106",,,,,,,,,,,,,,,,,,,,,,,,,,,,,,,,,,,,,,,,,,,,,,,,,0.0,0.0,0.0,0.0,0.0,0.0,0.0,0.0,0.0,0.0,0.0,0.0,0.0,0.0,0.0,0.0,0.0,0.0,0.0,0.0,0.0,0.0,0.0,0.0,0.5357591509819031,-0.557619035243988,-0.5434292554855347,0.5204188823699951,-0.45867425203323364,0.41111940145492554,-0.42952772974967957,0.44179993867874146,1.2103477716445923,-1.0711348056793213,0.8061314821243286,-0.9307712316513062,0.027466658502817154,-0.05172887444496155,0.016479995101690292,-0.029755547642707825,-0.054475538432598114,0.009613330475986004,0.010528885759413242,0.022431105375289917,-0.14145329594612122,0.1350444108247757,-0.22431103885173798,0.050355542451143265,0.5357591509819031,-0.557619035243988,-0.5434292554855347,0.5204188823699951,-0.45867425203323364,0.41111940145492554,-0.42952772974967957,0.44179993867874146,1.2103477716445923,-1.0711348056793213,0.8061314821243286,-0.9307712316513062
20260708_155717_683245,2026-07-08T15:57:18.176,0.493051,policy,8,idle,0.0,0.0,0.0,0.0,0.0,0.0,0.0,0.0,0.1,none,0.0,0.0,-1.0,-0.0,0.0,0.0,0.0,0.0,0.0,0,none,0.0277718435972929,0.10620441287755966,,"BL_hip_joint,BR_hip_joint,FL_hip_joint,FR_hip_joint,BL_thigh_joint,BR_thigh_joint,FL_thigh_joint,FR_thigh_joint,BL_calf_joint,BR_calf_joint,FL_calf_joint,FR_calf_joint",330e02f2406e129bb6ed6ec4a6c6bcd5f80d7e7799a2ab087e81eda65d2fae69,"step=000008 mode=idle   vx= 0.000 vy= 0.000 vxy= 0.000 yaw= 0.000 speed=0.10 imu=none tilt_rp=[-0.0,+0.0]deg imu_corr=0.000 act_max= 0.000 tau_cmd= 0.000 tau_cmd_max= 0.000 cmds=00 bus=none tau_fb= 0.028 tau_fb_max= 0.106",,,,,,,,,,,,,,,,,,,,,,,,,,,,,,,,,,,,,,,,,,,,,,,,,0.0,0.0,0.0,0.0,0.0,0.0,0.0,0.0,0.0,0.0,0.0,0.0,0.0,0.0,0.0,0.0,0.0,0.0,0.0,0.0,0.0,0.0,0.0,0.0,0.5357591509819031,-0.557619035243988,-0.5434292554855347,0.5204188823699951,-0.45867425203323364,0.41111940145492554,-0.42952772974967957,0.44179993867874146,1.2103477716445923,-1.0711348056793213,0.8061314821243286,-0.9307712316513062,0.027466658502817154,-0.05172887444496155,0.016479995101690292,-0.029755547642707825,-0.054475538432598114,0.009613330475986004,0.010528885759413242,0.022431105375289917,-0.14145329594612122,0.1350444108247757,-0.22431103885173798,0.050355542451143265,0.5357591509819031,-0.557619035243988,-0.5434292554855347,0.5204188823699951,-0.45867425203323364,0.41111940145492554,-0.42952772974967957,0.44179993867874146,1.2103477716445923,-1.0711348056793213,0.8061314821243286,-0.9307712316513062
20260708_155717_683245,2026-07-08T15:57:18.199,0.516168,policy,9,idle,0.0,0.0,0.0,0.0,0.0,0.0,0.0,0.0,0.1,none,0.0,0.0,-1.0,-0.0,0.0,0.0,0.0,0.0,0.0,0,none,0.0277718435972929,0.10620441287755966,,"BL_hip_joint,BR_hip_joint,FL_hip_joint,FR_hip_joint,BL_thigh_joint,BR_thigh_joint,FL_thigh_joint,FR_thigh_joint,BL_calf_joint,BR_calf_joint,FL_calf_joint,FR_calf_joint",330e02f2406e129bb6ed6ec4a6c6bcd5f80d7e7799a2ab087e81eda65d2fae69,"step=000009 mode=idle   vx= 0.000 vy= 0.000 vxy= 0.000 yaw= 0.000 speed=0.10 imu=none tilt_rp=[-0.0,+0.0]deg imu_corr=0.000 act_max= 0.000 tau_cmd= 0.000 tau_cmd_max= 0.000 cmds=00 bus=none tau_fb= 0.028 tau_fb_max= 0.106",,,,,,,,,,,,,,,,,,,,,,,,,,,,,,,,,,,,,,,,,,,,,,,,,0.0,0.0,0.0,0.0,0.0,0.0,0.0,0.0,0.0,0.0,0.0,0.0,0.0,0.0,0.0,0.0,0.0,0.0,0.0,0.0,0.0,0.0,0.0,0.0,0.5357591509819031,-0.557619035243988,-0.5434292554855347,0.5204188823699951,-0.45867425203323364,0.41111940145492554,-0.42952772974967957,0.44179993867874146,1.2103477716445923,-1.0711348056793213,0.8061314821243286,-0.9307712316513062,0.027466658502817154,-0.05172887444496155,0.016479995101690292,-0.029755547642707825,-0.054475538432598114,0.009613330475986004,0.010528885759413242,0.022431105375289917,-0.14145329594612122,0.1350444108247757,-0.22431103885173798,0.050355542451143265,0.5357591509819031,-0.557619035243988,-0.5434292554855347,0.5204188823699951,-0.45867425203323364,0.41111940145492554,-0.42952772974967957,0.44179993867874146,1.2103477716445923,-1.0711348056793213,0.8061314821243286,-0.9307712316513062
20260708_155717_683245,2026-07-08T15:57:18.222,0.539301,policy,10,idle,0.0,0.0,0.0,0.0,0.0,0.0,0.0,0.0,0.1,none,0.0,0.0,-1.0,-0.0,0.0,0.0,0.0,0.0,0.0,0,none,0.0277718435972929,0.10620441287755966,,"BL_hip_joint,BR_hip_joint,FL_hip_joint,FR_hip_joint,BL_thigh_joint,BR_thigh_joint,FL_thigh_joint,FR_thigh_joint,BL_calf_joint,BR_calf_joint,FL_calf_joint,FR_calf_joint",330e02f2406e129bb6ed6ec4a6c6bcd5f80d7e7799a2ab087e81eda65d2fae69,"step=000010 mode=idle   vx= 0.000 vy= 0.000 vxy= 0.000 yaw= 0.000 speed=0.10 imu=none tilt_rp=[-0.0,+0.0]deg imu_corr=0.000 act_max= 0.000 tau_cmd= 0.000 tau_cmd_max= 0.000 cmds=00 bus=none tau_fb= 0.028 tau_fb_max= 0.106",,,,,,,,,,,,,,,,,,,,,,,,,,,,,,,,,,,,,,,,,,,,,,,,,0.0,0.0,0.0,0.0,0.0,0.0,0.0,0.0,0.0,0.0,0.0,0.0,0.0,0.0,0.0,0.0,0.0,0.0,0.0,0.0,0.0,0.0,0.0,0.0,0.5357591509819031,-0.557619035243988,-0.5434292554855347,0.5204188823699951,-0.45867425203323364,0.41111940145492554,-0.42952772974967957,0.44179993867874146,1.2103477716445923,-1.0711348056793213,0.8061314821243286,-0.9307712316513062,0.027466658502817154,-0.05172887444496155,0.016479995101690292,-0.029755547642707825,-0.054475538432598114,0.009613330475986004,0.010528885759413242,0.022431105375289917,-0.14145329594612122,0.1350444108247757,-0.22431103885173798,0.050355542451143265,0.5357591509819031,-0.557619035243988,-0.5434292554855347,0.5204188823699951,-0.45867425203323364,0.41111940145492554,-0.42952772974967957,0.44179993867874146,1.2103477716445923,-1.0711348056793213,0.8061314821243286,-0.9307712316513062
20260708_155717_683245,2026-07-08T15:57:18.245,0.562414,policy,11,idle,0.0,0.0,0.0,0.0,0.0,0.0,0.0,0.0,0.1,none,0.0,0.0,-1.0,-0.0,0.0,0.0,0.0,0.0,0.0,0,none,0.0277718435972929,0.10620441287755966,,"BL_hip_joint,BR_hip_joint,FL_hip_joint,FR_hip_joint,BL_thigh_joint,BR_thigh_joint,FL_thigh_joint,FR_thigh_joint,BL_calf_joint,BR_calf_joint,FL_calf_joint,FR_calf_joint",330e02f2406e129bb6ed6ec4a6c6bcd5f80d7e7799a2ab087e81eda65d2fae69,"step=000011 mode=idle   vx= 0.000 vy= 0.000 vxy= 0.000 yaw= 0.000 speed=0.10 imu=none tilt_rp=[-0.0,+0.0]deg imu_corr=0.000 act_max= 0.000 tau_cmd= 0.000 tau_cmd_max= 0.000 cmds=00 bus=none tau_fb= 0.028 tau_fb_max= 0.106",,,,,,,,,,,,,,,,,,,,,,,,,,,,,,,,,,,,,,,,,,,,,,,,,0.0,0.0,0.0,0.0,0.0,0.0,0.0,0.0,0.0,0.0,0.0,0.0,0.0,0.0,0.0,0.0,0.0,0.0,0.0,0.0,0.0,0.0,0.0,0.0,0.5357591509819031,-0.557619035243988,-0.5434292554855347,0.5204188823699951,-0.45867425203323364,0.41111940145492554,-0.42952772974967957,0.44179993867874146,1.2103477716445923,-1.0711348056793213,0.8061314821243286,-0.9307712316513062,0.027466658502817154,-0.05172887444496155,0.016479995101690292,-0.029755547642707825,-0.054475538432598114,0.009613330475986004,0.010528885759413242,0.022431105375289917,-0.14145329594612122,0.1350444108247757,-0.22431103885173798,0.050355542451143265,0.5357591509819031,-0.557619035243988,-0.5434292554855347,0.5204188823699951,-0.45867425203323364,0.41111940145492554,-0.42952772974967957,0.44179993867874146,1.2103477716445923,-1.0711348056793213,0.8061314821243286,-0.9307712316513062
20260708_155717_683245,2026-07-08T15:57:18.268,0.585563,policy,12,idle,0.0,0.0,0.0,0.0,0.0,0.0,0.0,0.0,0.1,none,0.0,0.0,-1.0,-0.0,0.0,0.0,0.0,0.0,0.0,0,none,0.0277718435972929,0.10620441287755966,,"BL_hip_joint,BR_hip_joint,FL_hip_joint,FR_hip_joint,BL_thigh_joint,BR_thigh_joint,FL_thigh_joint,FR_thigh_joint,BL_calf_joint,BR_calf_joint,FL_calf_joint,FR_calf_joint",330e02f2406e129bb6ed6ec4a6c6bcd5f80d7e7799a2ab087e81eda65d2fae69,"step=000012 mode=idle   vx= 0.000 vy= 0.000 vxy= 0.000 yaw= 0.000 speed=0.10 imu=none tilt_rp=[-0.0,+0.0]deg imu_corr=0.000 act_max= 0.000 tau_cmd= 0.000 tau_cmd_max= 0.000 cmds=00 bus=none tau_fb= 0.028 tau_fb_max= 0.106",,,,,,,,,,,,,,,,,,,,,,,,,,,,,,,,,,,,,,,,,,,,,,,,,0.0,0.0,0.0,0.0,0.0,0.0,0.0,0.0,0.0,0.0,0.0,0.0,0.0,0.0,0.0,0.0,0.0,0.0,0.0,0.0,0.0,0.0,0.0,0.0,0.5357591509819031,-0.557619035243988,-0.5434292554855347,0.5204188823699951,-0.45867425203323364,0.41111940145492554,-0.42952772974967957,0.44179993867874146,1.2103477716445923,-1.0711348056793213,0.8061314821243286,-0.9307712316513062,0.027466658502817154,-0.05172887444496155,0.016479995101690292,-0.029755547642707825,-0.054475538432598114,0.009613330475986004,0.010528885759413242,0.022431105375289917,-0.14145329594612122,0.1350444108247757,-0.22431103885173798,0.050355542451143265,0.5357591509819031,-0.557619035243988,-0.5434292554855347,0.5204188823699951,-0.45867425203323364,0.41111940145492554,-0.42952772974967957,0.44179993867874146,1.2103477716445923,-1.0711348056793213,0.8061314821243286,-0.9307712316513062
20260708_155717_683245,2026-07-08T15:57:18.291,0.608666,policy,13,idle,0.0,0.0,0.0,0.0,0.0,0.0,0.0,0.0,0.1,none,0.0,0.0,-1.0,-0.0,0.0,0.0,0.0,0.0,0.0,0,none,0.0277718435972929,0.10620441287755966,,"BL_hip_joint,BR_hip_joint,FL_hip_joint,FR_hip_joint,BL_thigh_joint,BR_thigh_joint,FL_thigh_joint,FR_thigh_joint,BL_calf_joint,BR_calf_joint,FL_calf_joint,FR_calf_joint",330e02f2406e129bb6ed6ec4a6c6bcd5f80d7e7799a2ab087e81eda65d2fae69,"step=000013 mode=idle   vx= 0.000 vy= 0.000 vxy= 0.000 yaw= 0.000 speed=0.10 imu=none tilt_rp=[-0.0,+0.0]deg imu_corr=0.000 act_max= 0.000 tau_cmd= 0.000 tau_cmd_max= 0.000 cmds=00 bus=none tau_fb= 0.028 tau_fb_max= 0.106",,,,,,,,,,,,,,,,,,,,,,,,,,,,,,,,,,,,,,,,,,,,,,,,,0.0,0.0,0.0,0.0,0.0,0.0,0.0,0.0,0.0,0.0,0.0,0.0,0.0,0.0,0.0,0.0,0.0,0.0,0.0,0.0,0.0,0.0,0.0,0.0,0.5357591509819031,-0.557619035243988,-0.5434292554855347,0.5204188823699951,-0.45867425203323364,0.41111940145492554,-0.42952772974967957,0.44179993867874146,1.2103477716445923,-1.0711348056793213,0.8061314821243286,-0.9307712316513062,0.027466658502817154,-0.05172887444496155,0.016479995101690292,-0.029755547642707825,-0.054475538432598114,0.009613330475986004,0.010528885759413242,0.022431105375289917,-0.14145329594612122,0.1350444108247757,-0.22431103885173798,0.050355542451143265,0.5357591509819031,-0.557619035243988,-0.5434292554855347,0.5204188823699951,-0.45867425203323364,0.41111940145492554,-0.42952772974967957,0.44179993867874146,1.2103477716445923,-1.0711348056793213,0.8061314821243286,-0.9307712316513062
20260708_155717_683245,2026-07-08T15:57:18.313,0.630434,policy,14,idle,0.0,0.0,0.0,0.0,0.0,0.0,0.0,0.0,0.1,none,0.0,0.0,-1.0,-0.0,0.0,0.0,0.0,0.0,0.0,0,none,0.0277718435972929,0.10620441287755966,,"BL_hip_joint,BR_hip_joint,FL_hip_joint,FR_hip_joint,BL_thigh_joint,BR_thigh_joint,FL_thigh_joint,FR_thigh_joint,BL_calf_joint,BR_calf_joint,FL_calf_joint,FR_calf_joint",330e02f2406e129bb6ed6ec4a6c6bcd5f80d7e7799a2ab087e81eda65d2fae69,"step=000014 mode=idle   vx= 0.000 vy= 0.000 vxy= 0.000 yaw= 0.000 speed=0.10 imu=none tilt_rp=[-0.0,+0.0]deg imu_corr=0.000 act_max= 0.000 tau_cmd= 0.000 tau_cmd_max= 0.000 cmds=00 bus=none tau_fb= 0.028 tau_fb_max= 0.106",,,,,,,,,,,,,,,,,,,,,,,,,,,,,,,,,,,,,,,,,,,,,,,,,0.0,0.0,0.0,0.0,0.0,0.0,0.0,0.0,0.0,0.0,0.0,0.0,0.0,0.0,0.0,0.0,0.0,0.0,0.0,0.0,0.0,0.0,0.0,0.0,0.5357591509819031,-0.557619035243988,-0.5434292554855347,0.5204188823699951,-0.45867425203323364,0.41111940145492554,-0.42952772974967957,0.44179993867874146,1.2103477716445923,-1.0711348056793213,0.8061314821243286,-0.9307712316513062,0.027466658502817154,-0.05172887444496155,0.016479995101690292,-0.029755547642707825,-0.054475538432598114,0.009613330475986004,0.010528885759413242,0.022431105375289917,-0.14145329594612122,0.1350444108247757,-0.22431103885173798,0.050355542451143265,0.5357591509819031,-0.557619035243988,-0.5434292554855347,0.5204188823699951,-0.45867425203323364,0.41111940145492554,-0.42952772974967957,0.44179993867874146,1.2103477716445923,-1.0711348056793213,0.8061314821243286,-0.9307712316513062
20260708_155717_683245,2026-07-08T15:57:18.335,0.652196,policy,15,idle,0.0,0.0,0.0,0.0,0.0,0.0,0.0,0.0,0.1,none,0.0,0.0,-1.0,-0.0,0.0,0.0,0.0,0.0,0.0,0,none,0.0277718435972929,0.10620441287755966,,"BL_hip_joint,BR_hip_joint,FL_hip_joint,FR_hip_joint,BL_thigh_joint,BR_thigh_joint,FL_thigh_joint,FR_thigh_joint,BL_calf_joint,BR_calf_joint,FL_calf_joint,FR_calf_joint",330e02f2406e129bb6ed6ec4a6c6bcd5f80d7e7799a2ab087e81eda65d2fae69,"step=000015 mode=idle   vx= 0.000 vy= 0.000 vxy= 0.000 yaw= 0.000 speed=0.10 imu=none tilt_rp=[-0.0,+0.0]deg imu_corr=0.000 act_max= 0.000 tau_cmd= 0.000 tau_cmd_max= 0.000 cmds=00 bus=none tau_fb= 0.028 tau_fb_max= 0.106",,,,,,,,,,,,,,,,,,,,,,,,,,,,,,,,,,,,,,,,,,,,,,,,,0.0,0.0,0.0,0.0,0.0,0.0,0.0,0.0,0.0,0.0,0.0,0.0,0.0,0.0,0.0,0.0,0.0,0.0,0.0,0.0,0.0,0.0,0.0,0.0,0.5357591509819031,-0.557619035243988,-0.5434292554855347,0.5204188823699951,-0.45867425203323364,0.41111940145492554,-0.42952772974967957,0.44179993867874146,1.2103477716445923,-1.0711348056793213,0.8061314821243286,-0.9307712316513062,0.027466658502817154,-0.05172887444496155,0.016479995101690292,-0.029755547642707825,-0.054475538432598114,0.009613330475986004,0.010528885759413242,0.022431105375289917,-0.14145329594612122,0.1350444108247757,-0.22431103885173798,0.050355542451143265,0.5357591509819031,-0.557619035243988,-0.5434292554855347,0.5204188823699951,-0.45867425203323364,0.41111940145492554,-0.42952772974967957,0.44179993867874146,1.2103477716445923,-1.0711348056793213,0.8061314821243286,-0.9307712316513062
20260708_155717_683245,2026-07-08T15:57:18.357,0.674019,policy,16,idle,0.0,0.0,0.0,0.0,0.0,0.0,0.0,0.0,0.1,none,0.0,0.0,-1.0,-0.0,0.0,0.0,0.0,0.0,0.0,0,none,0.0277718435972929,0.10620441287755966,,"BL_hip_joint,BR_hip_joint,FL_hip_joint,FR_hip_joint,BL_thigh_joint,BR_thigh_joint,FL_thigh_joint,FR_thigh_joint,BL_calf_joint,BR_calf_joint,FL_calf_joint,FR_calf_joint",330e02f2406e129bb6ed6ec4a6c6bcd5f80d7e7799a2ab087e81eda65d2fae69,"step=000016 mode=idle   vx= 0.000 vy= 0.000 vxy= 0.000 yaw= 0.000 speed=0.10 imu=none tilt_rp=[-0.0,+0.0]deg imu_corr=0.000 act_max= 0.000 tau_cmd= 0.000 tau_cmd_max= 0.000 cmds=00 bus=none tau_fb= 0.028 tau_fb_max= 0.106",,,,,,,,,,,,,,,,,,,,,,,,,,,,,,,,,,,,,,,,,,,,,,,,,0.0,0.0,0.0,0.0,0.0,0.0,0.0,0.0,0.0,0.0,0.0,0.0,0.0,0.0,0.0,0.0,0.0,0.0,0.0,0.0,0.0,0.0,0.0,0.0,0.5357591509819031,-0.557619035243988,-0.5434292554855347,0.5204188823699951,-0.45867425203323364,0.41111940145492554,-0.42952772974967957,0.44179993867874146,1.2103477716445923,-1.0711348056793213,0.8061314821243286,-0.9307712316513062,0.027466658502817154,-0.05172887444496155,0.016479995101690292,-0.029755547642707825,-0.054475538432598114,0.009613330475986004,0.010528885759413242,0.022431105375289917,-0.14145329594612122,0.1350444108247757,-0.22431103885173798,0.050355542451143265,0.5357591509819031,-0.557619035243988,-0.5434292554855347,0.5204188823699951,-0.45867425203323364,0.41111940145492554,-0.42952772974967957,0.44179993867874146,1.2103477716445923,-1.0711348056793213,0.8061314821243286,-0.9307712316513062
20260708_155717_683245,2026-07-08T15:57:18.379,0.695799,policy,17,idle,0.0,0.0,0.0,0.0,0.0,0.0,0.0,0.0,0.1,none,0.0,0.0,-1.0,-0.0,0.0,0.0,0.0,0.0,0.0,0,none,0.0277718435972929,0.10620441287755966,,"BL_hip_joint,BR_hip_joint,FL_hip_joint,FR_hip_joint,BL_thigh_joint,BR_thigh_joint,FL_thigh_joint,FR_thigh_joint,BL_calf_joint,BR_calf_joint,FL_calf_joint,FR_calf_joint",330e02f2406e129bb6ed6ec4a6c6bcd5f80d7e7799a2ab087e81eda65d2fae69,"step=000017 mode=idle   vx= 0.000 vy= 0.000 vxy= 0.000 yaw= 0.000 speed=0.10 imu=none tilt_rp=[-0.0,+0.0]deg imu_corr=0.000 act_max= 0.000 tau_cmd= 0.000 tau_cmd_max= 0.000 cmds=00 bus=none tau_fb= 0.028 tau_fb_max= 0.106",,,,,,,,,,,,,,,,,,,,,,,,,,,,,,,,,,,,,,,,,,,,,,,,,0.0,0.0,0.0,0.0,0.0,0.0,0.0,0.0,0.0,0.0,0.0,0.0,0.0,0.0,0.0,0.0,0.0,0.0,0.0,0.0,0.0,0.0,0.0,0.0,0.5357591509819031,-0.557619035243988,-0.5434292554855347,0.5204188823699951,-0.45867425203323364,0.41111940145492554,-0.42952772974967957,0.44179993867874146,1.2103477716445923,-1.0711348056793213,0.8061314821243286,-0.9307712316513062,0.027466658502817154,-0.05172887444496155,0.016479995101690292,-0.029755547642707825,-0.054475538432598114,0.009613330475986004,0.010528885759413242,0.022431105375289917,-0.14145329594612122,0.1350444108247757,-0.22431103885173798,0.050355542451143265,0.5357591509819031,-0.557619035243988,-0.5434292554855347,0.5204188823699951,-0.45867425203323364,0.41111940145492554,-0.42952772974967957,0.44179993867874146,1.2103477716445923,-1.0711348056793213,0.8061314821243286,-0.9307712316513062
20260708_155717_683245,2026-07-08T15:57:18.400,0.717595,policy,18,idle,0.0,0.0,0.0,0.0,0.0,0.0,0.0,0.0,0.1,none,0.0,0.0,-1.0,-0.0,0.0,0.0,0.0,0.0,0.0,0,none,0.0277718435972929,0.10620441287755966,,"BL_hip_joint,BR_hip_joint,FL_hip_joint,FR_hip_joint,BL_thigh_joint,BR_thigh_joint,FL_thigh_joint,FR_thigh_joint,BL_calf_joint,BR_calf_joint,FL_calf_joint,FR_calf_joint",330e02f2406e129bb6ed6ec4a6c6bcd5f80d7e7799a2ab087e81eda65d2fae69,"step=000018 mode=idle   vx= 0.000 vy= 0.000 vxy= 0.000 yaw= 0.000 speed=0.10 imu=none tilt_rp=[-0.0,+0.0]deg imu_corr=0.000 act_max= 0.000 tau_cmd= 0.000 tau_cmd_max= 0.000 cmds=00 bus=none tau_fb= 0.028 tau_fb_max= 0.106",,,,,,,,,,,,,,,,,,,,,,,,,,,,,,,,,,,,,,,,,,,,,,,,,0.0,0.0,0.0,0.0,0.0,0.0,0.0,0.0,0.0,0.0,0.0,0.0,0.0,0.0,0.0,0.0,0.0,0.0,0.0,0.0,0.0,0.0,0.0,0.0,0.5357591509819031,-0.557619035243988,-0.5434292554855347,0.5204188823699951,-0.45867425203323364,0.41111940145492554,-0.42952772974967957,0.44179993867874146,1.2103477716445923,-1.0711348056793213,0.8061314821243286,-0.9307712316513062,0.027466658502817154,-0.05172887444496155,0.016479995101690292,-0.029755547642707825,-0.054475538432598114,0.009613330475986004,0.010528885759413242,0.022431105375289917,-0.14145329594612122,0.1350444108247757,-0.22431103885173798,0.050355542451143265,0.5357591509819031,-0.557619035243988,-0.5434292554855347,0.5204188823699951,-0.45867425203323364,0.41111940145492554,-0.42952772974967957,0.44179993867874146,1.2103477716445923,-1.0711348056793213,0.8061314821243286,-0.9307712316513062
20260708_155717_683245,2026-07-08T15:57:18.422,0.739352,policy,19,idle,0.0,0.0,0.0,0.0,0.0,0.0,0.0,0.0,0.1,none,0.0,0.0,-1.0,-0.0,0.0,0.0,0.0,0.0,0.0,0,none,0.0277718435972929,0.10620441287755966,,"BL_hip_joint,BR_hip_joint,FL_hip_joint,FR_hip_joint,BL_thigh_joint,BR_thigh_joint,FL_thigh_joint,FR_thigh_joint,BL_calf_joint,BR_calf_joint,FL_calf_joint,FR_calf_joint",330e02f2406e129bb6ed6ec4a6c6bcd5f80d7e7799a2ab087e81eda65d2fae69,"step=000019 mode=idle   vx= 0.000 vy= 0.000 vxy= 0.000 yaw= 0.000 speed=0.10 imu=none tilt_rp=[-0.0,+0.0]deg imu_corr=0.000 act_max= 0.000 tau_cmd= 0.000 tau_cmd_max= 0.000 cmds=00 bus=none tau_fb= 0.028 tau_fb_max= 0.106",,,,,,,,,,,,,,,,,,,,,,,,,,,,,,,,,,,,,,,,,,,,,,,,,0.0,0.0,0.0,0.0,0.0,0.0,0.0,0.0,0.0,0.0,0.0,0.0,0.0,0.0,0.0,0.0,0.0,0.0,0.0,0.0,0.0,0.0,0.0,0.0,0.5357591509819031,-0.557619035243988,-0.5434292554855347,0.5204188823699951,-0.45867425203323364,0.41111940145492554,-0.42952772974967957,0.44179993867874146,1.2103477716445923,-1.0711348056793213,0.8061314821243286,-0.9307712316513062,0.027466658502817154,-0.05172887444496155,0.016479995101690292,-0.029755547642707825,-0.054475538432598114,0.009613330475986004,0.010528885759413242,0.022431105375289917,-0.14145329594612122,0.1350444108247757,-0.22431103885173798,0.050355542451143265,0.5357591509819031,-0.557619035243988,-0.5434292554855347,0.5204188823699951,-0.45867425203323364,0.41111940145492554,-0.42952772974967957,0.44179993867874146,1.2103477716445923,-1.0711348056793213,0.8061314821243286,-0.9307712316513062
20260708_155717_683245,2026-07-08T15:57:18.444,0.761124,policy,20,idle,0.0,0.0,0.0,0.0,0.0,0.0,0.0,0.0,0.1,none,0.0,0.0,-1.0,-0.0,0.0,0.0,0.0,0.0,0.0,0,none,0.0277718435972929,0.10620441287755966,,"BL_hip_joint,BR_hip_joint,FL_hip_joint,FR_hip_joint,BL_thigh_joint,BR_thigh_joint,FL_thigh_joint,FR_thigh_joint,BL_calf_joint,BR_calf_joint,FL_calf_joint,FR_calf_joint",330e02f2406e129bb6ed6ec4a6c6bcd5f80d7e7799a2ab087e81eda65d2fae69,"step=000020 mode=idle   vx= 0.000 vy= 0.000 vxy= 0.000 yaw= 0.000 speed=0.10 imu=none tilt_rp=[-0.0,+0.0]deg imu_corr=0.000 act_max= 0.000 tau_cmd= 0.000 tau_cmd_max= 0.000 cmds=00 bus=none tau_fb= 0.028 tau_fb_max= 0.106",,,,,,,,,,,,,,,,,,,,,,,,,,,,,,,,,,,,,,,,,,,,,,,,,0.0,0.0,0.0,0.0,0.0,0.0,0.0,0.0,0.0,0.0,0.0,0.0,0.0,0.0,0.0,0.0,0.0,0.0,0.0,0.0,0.0,0.0,0.0,0.0,0.5357591509819031,-0.557619035243988,-0.5434292554855347,0.5204188823699951,-0.45867425203323364,0.41111940145492554,-0.42952772974967957,0.44179993867874146,1.2103477716445923,-1.0711348056793213,0.8061314821243286,-0.9307712316513062,0.027466658502817154,-0.05172887444496155,0.016479995101690292,-0.029755547642707825,-0.054475538432598114,0.009613330475986004,0.010528885759413242,0.022431105375289917,-0.14145329594612122,0.1350444108247757,-0.22431103885173798,0.050355542451143265,0.5357591509819031,-0.557619035243988,-0.5434292554855347,0.5204188823699951,-0.45867425203323364,0.41111940145492554,-0.42952772974967957,0.44179993867874146,1.2103477716445923,-1.0711348056793213,0.8061314821243286,-0.9307712316513062
20260708_155717_683245,2026-07-08T15:57:18.466,0.782957,policy,21,idle,0.0,0.0,0.0,0.0,0.0,0.0,0.0,0.0,0.1,none,0.0,0.0,-1.0,-0.0,0.0,0.0,0.0,0.0,0.0,0,none,0.0277718435972929,0.10620441287755966,,"BL_hip_joint,BR_hip_joint,FL_hip_joint,FR_hip_joint,BL_thigh_joint,BR_thigh_joint,FL_thigh_joint,FR_thigh_joint,BL_calf_joint,BR_calf_joint,FL_calf_joint,FR_calf_joint",330e02f2406e129bb6ed6ec4a6c6bcd5f80d7e7799a2ab087e81eda65d2fae69,"step=000021 mode=idle   vx= 0.000 vy= 0.000 vxy= 0.000 yaw= 0.000 speed=0.10 imu=none tilt_rp=[-0.0,+0.0]deg imu_corr=0.000 act_max= 0.000 tau_cmd= 0.000 tau_cmd_max= 0.000 cmds=00 bus=none tau_fb= 0.028 tau_fb_max= 0.106",,,,,,,,,,,,,,,,,,,,,,,,,,,,,,,,,,,,,,,,,,,,,,,,,0.0,0.0,0.0,0.0,0.0,0.0,0.0,0.0,0.0,0.0,0.0,0.0,0.0,0.0,0.0,0.0,0.0,0.0,0.0,0.0,0.0,0.0,0.0,0.0,0.5357591509819031,-0.557619035243988,-0.5434292554855347,0.5204188823699951,-0.45867425203323364,0.41111940145492554,-0.42952772974967957,0.44179993867874146,1.2103477716445923,-1.0711348056793213,0.8061314821243286,-0.9307712316513062,0.027466658502817154,-0.05172887444496155,0.016479995101690292,-0.029755547642707825,-0.054475538432598114,0.009613330475986004,0.010528885759413242,0.022431105375289917,-0.14145329594612122,0.1350444108247757,-0.22431103885173798,0.050355542451143265,0.5357591509819031,-0.557619035243988,-0.5434292554855347,0.5204188823699951,-0.45867425203323364,0.41111940145492554,-0.42952772974967957,0.44179993867874146,1.2103477716445923,-1.0711348056793213,0.8061314821243286,-0.9307712316513062
20260708_155717_683245,2026-07-08T15:57:18.488,0.804756,policy,22,idle,0.0,0.0,0.0,0.0,0.0,0.0,0.0,0.0,0.1,none,0.0,0.0,-1.0,-0.0,0.0,0.0,0.0,0.0,0.0,0,none,0.0277718435972929,0.10620441287755966,,"BL_hip_joint,BR_hip_joint,FL_hip_joint,FR_hip_joint,BL_thigh_joint,BR_thigh_joint,FL_thigh_joint,FR_thigh_joint,BL_calf_joint,BR_calf_joint,FL_calf_joint,FR_calf_joint",330e02f2406e129bb6ed6ec4a6c6bcd5f80d7e7799a2ab087e81eda65d2fae69,"step=000022 mode=idle   vx= 0.000 vy= 0.000 vxy= 0.000 yaw= 0.000 speed=0.10 imu=none tilt_rp=[-0.0,+0.0]deg imu_corr=0.000 act_max= 0.000 tau_cmd= 0.000 tau_cmd_max= 0.000 cmds=00 bus=none tau_fb= 0.028 tau_fb_max= 0.106",,,,,,,,,,,,,,,,,,,,,,,,,,,,,,,,,,,,,,,,,,,,,,,,,0.0,0.0,0.0,0.0,0.0,0.0,0.0,0.0,0.0,0.0,0.0,0.0,0.0,0.0,0.0,0.0,0.0,0.0,0.0,0.0,0.0,0.0,0.0,0.0,0.5357591509819031,-0.557619035243988,-0.5434292554855347,0.5204188823699951,-0.45867425203323364,0.41111940145492554,-0.42952772974967957,0.44179993867874146,1.2103477716445923,-1.0711348056793213,0.8061314821243286,-0.9307712316513062,0.027466658502817154,-0.05172887444496155,0.016479995101690292,-0.029755547642707825,-0.054475538432598114,0.009613330475986004,0.010528885759413242,0.022431105375289917,-0.14145329594612122,0.1350444108247757,-0.22431103885173798,0.050355542451143265,0.5357591509819031,-0.557619035243988,-0.5434292554855347,0.5204188823699951,-0.45867425203323364,0.41111940145492554,-0.42952772974967957,0.44179993867874146,1.2103477716445923,-1.0711348056793213,0.8061314821243286,-0.9307712316513062
20260708_155717_683245,2026-07-08T15:57:18.509,0.826536,policy,23,idle,0.0,0.0,0.0,0.0,0.0,0.0,0.0,0.0,0.1,none,0.0,0.0,-1.0,-0.0,0.0,0.0,0.0,0.0,0.0,0,none,0.0277718435972929,0.10620441287755966,,"BL_hip_joint,BR_hip_joint,FL_hip_joint,FR_hip_joint,BL_thigh_joint,BR_thigh_joint,FL_thigh_joint,FR_thigh_joint,BL_calf_joint,BR_calf_joint,FL_calf_joint,FR_calf_joint",330e02f2406e129bb6ed6ec4a6c6bcd5f80d7e7799a2ab087e81eda65d2fae69,"step=000023 mode=idle   vx= 0.000 vy= 0.000 vxy= 0.000 yaw= 0.000 speed=0.10 imu=none tilt_rp=[-0.0,+0.0]deg imu_corr=0.000 act_max= 0.000 tau_cmd= 0.000 tau_cmd_max= 0.000 cmds=00 bus=none tau_fb= 0.028 tau_fb_max= 0.106",,,,,,,,,,,,,,,,,,,,,,,,,,,,,,,,,,,,,,,,,,,,,,,,,0.0,0.0,0.0,0.0,0.0,0.0,0.0,0.0,0.0,0.0,0.0,0.0,0.0,0.0,0.0,0.0,0.0,0.0,0.0,0.0,0.0,0.0,0.0,0.0,0.5357591509819031,-0.557619035243988,-0.5434292554855347,0.5204188823699951,-0.45867425203323364,0.41111940145492554,-0.42952772974967957,0.44179993867874146,1.2103477716445923,-1.0711348056793213,0.8061314821243286,-0.9307712316513062,0.027466658502817154,-0.05172887444496155,0.016479995101690292,-0.029755547642707825,-0.054475538432598114,0.009613330475986004,0.010528885759413242,0.022431105375289917,-0.14145329594612122,0.1350444108247757,-0.22431103885173798,0.050355542451143265,0.5357591509819031,-0.557619035243988,-0.5434292554855347,0.5204188823699951,-0.45867425203323364,0.41111940145492554,-0.42952772974967957,0.44179993867874146,1.2103477716445923,-1.0711348056793213,0.8061314821243286,-0.9307712316513062
20260708_155717_683245,2026-07-08T15:57:18.531,0.848327,policy,24,idle,0.0,0.0,0.0,0.0,0.0,0.0,0.0,0.0,0.1,none,0.0,0.0,-1.0,-0.0,0.0,0.0,0.0,0.0,0.0,0,none,0.0277718435972929,0.10620441287755966,,"BL_hip_joint,BR_hip_joint,FL_hip_joint,FR_hip_joint,BL_thigh_joint,BR_thigh_joint,FL_thigh_joint,FR_thigh_joint,BL_calf_joint,BR_calf_joint,FL_calf_joint,FR_calf_joint",330e02f2406e129bb6ed6ec4a6c6bcd5f80d7e7799a2ab087e81eda65d2fae69,"step=000024 mode=idle   vx= 0.000 vy= 0.000 vxy= 0.000 yaw= 0.000 speed=0.10 imu=none tilt_rp=[-0.0,+0.0]deg imu_corr=0.000 act_max= 0.000 tau_cmd= 0.000 tau_cmd_max= 0.000 cmds=00 bus=none tau_fb= 0.028 tau_fb_max= 0.106",,,,,,,,,,,,,,,,,,,,,,,,,,,,,,,,,,,,,,,,,,,,,,,,,0.0,0.0,0.0,0.0,0.0,0.0,0.0,0.0,0.0,0.0,0.0,0.0,0.0,0.0,0.0,0.0,0.0,0.0,0.0,0.0,0.0,0.0,0.0,0.0,0.5357591509819031,-0.557619035243988,-0.5434292554855347,0.5204188823699951,-0.45867425203323364,0.41111940145492554,-0.42952772974967957,0.44179993867874146,1.2103477716445923,-1.0711348056793213,0.8061314821243286,-0.9307712316513062,0.027466658502817154,-0.05172887444496155,0.016479995101690292,-0.029755547642707825,-0.054475538432598114,0.009613330475986004,0.010528885759413242,0.022431105375289917,-0.14145329594612122,0.1350444108247757,-0.22431103885173798,0.050355542451143265,0.5357591509819031,-0.557619035243988,-0.5434292554855347,0.5204188823699951,-0.45867425203323364,0.41111940145492554,-0.42952772974967957,0.44179993867874146,1.2103477716445923,-1.0711348056793213,0.8061314821243286,-0.9307712316513062
20260708_155717_683245,2026-07-08T15:57:18.553,0.870100,policy,25,idle,0.0,0.0,0.0,0.0,0.0,0.0,0.0,0.0,0.1,none,0.0,0.0,-1.0,-0.0,0.0,0.0,0.0,0.0,0.0,0,none,0.0277718435972929,0.10620441287755966,,"BL_hip_joint,BR_hip_joint,FL_hip_joint,FR_hip_joint,BL_thigh_joint,BR_thigh_joint,FL_thigh_joint,FR_thigh_joint,BL_calf_joint,BR_calf_joint,FL_calf_joint,FR_calf_joint",330e02f2406e129bb6ed6ec4a6c6bcd5f80d7e7799a2ab087e81eda65d2fae69,"step=000025 mode=idle   vx= 0.000 vy= 0.000 vxy= 0.000 yaw= 0.000 speed=0.10 imu=none tilt_rp=[-0.0,+0.0]deg imu_corr=0.000 act_max= 0.000 tau_cmd= 0.000 tau_cmd_max= 0.000 cmds=00 bus=none tau_fb= 0.028 tau_fb_max= 0.106",,,,,,,,,,,,,,,,,,,,,,,,,,,,,,,,,,,,,,,,,,,,,,,,,0.0,0.0,0.0,0.0,0.0,0.0,0.0,0.0,0.0,0.0,0.0,0.0,0.0,0.0,0.0,0.0,0.0,0.0,0.0,0.0,0.0,0.0,0.0,0.0,0.5357591509819031,-0.557619035243988,-0.5434292554855347,0.5204188823699951,-0.45867425203323364,0.41111940145492554,-0.42952772974967957,0.44179993867874146,1.2103477716445923,-1.0711348056793213,0.8061314821243286,-0.9307712316513062,0.027466658502817154,-0.05172887444496155,0.016479995101690292,-0.029755547642707825,-0.054475538432598114,0.009613330475986004,0.010528885759413242,0.022431105375289917,-0.14145329594612122,0.1350444108247757,-0.22431103885173798,0.050355542451143265,0.5357591509819031,-0.557619035243988,-0.5434292554855347,0.5204188823699951,-0.45867425203323364,0.41111940145492554,-0.42952772974967957,0.44179993867874146,1.2103477716445923,-1.0711348056793213,0.8061314821243286,-0.9307712316513062
20260708_155717_683245,2026-07-08T15:57:18.575,0.891859,policy,26,idle,0.0,0.0,0.0,0.0,0.0,0.0,0.0,0.0,0.1,none,0.0,0.0,-1.0,-0.0,0.0,0.0,0.0,0.0,0.0,0,none,0.0277718435972929,0.10620441287755966,,"BL_hip_joint,BR_hip_joint,FL_hip_joint,FR_hip_joint,BL_thigh_joint,BR_thigh_joint,FL_thigh_joint,FR_thigh_joint,BL_calf_joint,BR_calf_joint,FL_calf_joint,FR_calf_joint",330e02f2406e129bb6ed6ec4a6c6bcd5f80d7e7799a2ab087e81eda65d2fae69,"step=000026 mode=idle   vx= 0.000 vy= 0.000 vxy= 0.000 yaw= 0.000 speed=0.10 imu=none tilt_rp=[-0.0,+0.0]deg imu_corr=0.000 act_max= 0.000 tau_cmd= 0.000 tau_cmd_max= 0.000 cmds=00 bus=none tau_fb= 0.028 tau_fb_max= 0.106",,,,,,,,,,,,,,,,,,,,,,,,,,,,,,,,,,,,,,,,,,,,,,,,,0.0,0.0,0.0,0.0,0.0,0.0,0.0,0.0,0.0,0.0,0.0,0.0,0.0,0.0,0.0,0.0,0.0,0.0,0.0,0.0,0.0,0.0,0.0,0.0,0.5357591509819031,-0.557619035243988,-0.5434292554855347,0.5204188823699951,-0.45867425203323364,0.41111940145492554,-0.42952772974967957,0.44179993867874146,1.2103477716445923,-1.0711348056793213,0.8061314821243286,-0.9307712316513062,0.027466658502817154,-0.05172887444496155,0.016479995101690292,-0.029755547642707825,-0.054475538432598114,0.009613330475986004,0.010528885759413242,0.022431105375289917,-0.14145329594612122,0.1350444108247757,-0.22431103885173798,0.050355542451143265,0.5357591509819031,-0.557619035243988,-0.5434292554855347,0.5204188823699951,-0.45867425203323364,0.41111940145492554,-0.42952772974967957,0.44179993867874146,1.2103477716445923,-1.0711348056793213,0.8061314821243286,-0.9307712316513062
20260708_155717_683245,2026-07-08T15:57:18.596,0.913599,policy,27,idle,0.0,0.0,0.0,0.0,0.0,0.0,0.0,0.0,0.1,none,0.0,0.0,-1.0,-0.0,0.0,0.0,0.0,0.0,0.0,0,none,0.0277718435972929,0.10620441287755966,,"BL_hip_joint,BR_hip_joint,FL_hip_joint,FR_hip_joint,BL_thigh_joint,BR_thigh_joint,FL_thigh_joint,FR_thigh_joint,BL_calf_joint,BR_calf_joint,FL_calf_joint,FR_calf_joint",330e02f2406e129bb6ed6ec4a6c6bcd5f80d7e7799a2ab087e81eda65d2fae69,"step=000027 mode=idle   vx= 0.000 vy= 0.000 vxy= 0.000 yaw= 0.000 speed=0.10 imu=none tilt_rp=[-0.0,+0.0]deg imu_corr=0.000 act_max= 0.000 tau_cmd= 0.000 tau_cmd_max= 0.000 cmds=00 bus=none tau_fb= 0.028 tau_fb_max= 0.106",,,,,,,,,,,,,,,,,,,,,,,,,,,,,,,,,,,,,,,,,,,,,,,,,0.0,0.0,0.0,0.0,0.0,0.0,0.0,0.0,0.0,0.0,0.0,0.0,0.0,0.0,0.0,0.0,0.0,0.0,0.0,0.0,0.0,0.0,0.0,0.0,0.5357591509819031,-0.557619035243988,-0.5434292554855347,0.5204188823699951,-0.45867425203323364,0.41111940145492554,-0.42952772974967957,0.44179993867874146,1.2103477716445923,-1.0711348056793213,0.8061314821243286,-0.9307712316513062,0.027466658502817154,-0.05172887444496155,0.016479995101690292,-0.029755547642707825,-0.054475538432598114,0.009613330475986004,0.010528885759413242,0.022431105375289917,-0.14145329594612122,0.1350444108247757,-0.22431103885173798,0.050355542451143265,0.5357591509819031,-0.557619035243988,-0.5434292554855347,0.5204188823699951,-0.45867425203323364,0.41111940145492554,-0.42952772974967957,0.44179993867874146,1.2103477716445923,-1.0711348056793213,0.8061314821243286,-0.9307712316513062
20260708_155717_683245,2026-07-08T15:57:18.618,0.935439,policy,28,idle,0.0,0.0,0.0,0.0,0.0,0.0,0.0,0.0,0.1,none,0.0,0.0,-1.0,-0.0,0.0,0.0,0.0,0.0,0.0,0,none,0.0277718435972929,0.10620441287755966,,"BL_hip_joint,BR_hip_joint,FL_hip_joint,FR_hip_joint,BL_thigh_joint,BR_thigh_joint,FL_thigh_joint,FR_thigh_joint,BL_calf_joint,BR_calf_joint,FL_calf_joint,FR_calf_joint",330e02f2406e129bb6ed6ec4a6c6bcd5f80d7e7799a2ab087e81eda65d2fae69,"step=000028 mode=idle   vx= 0.000 vy= 0.000 vxy= 0.000 yaw= 0.000 speed=0.10 imu=none tilt_rp=[-0.0,+0.0]deg imu_corr=0.000 act_max= 0.000 tau_cmd= 0.000 tau_cmd_max= 0.000 cmds=00 bus=none tau_fb= 0.028 tau_fb_max= 0.106",,,,,,,,,,,,,,,,,,,,,,,,,,,,,,,,,,,,,,,,,,,,,,,,,0.0,0.0,0.0,0.0,0.0,0.0,0.0,0.0,0.0,0.0,0.0,0.0,0.0,0.0,0.0,0.0,0.0,0.0,0.0,0.0,0.0,0.0,0.0,0.0,0.5357591509819031,-0.557619035243988,-0.5434292554855347,0.5204188823699951,-0.45867425203323364,0.41111940145492554,-0.42952772974967957,0.44179993867874146,1.2103477716445923,-1.0711348056793213,0.8061314821243286,-0.9307712316513062,0.027466658502817154,-0.05172887444496155,0.016479995101690292,-0.029755547642707825,-0.054475538432598114,0.009613330475986004,0.010528885759413242,0.022431105375289917,-0.14145329594612122,0.1350444108247757,-0.22431103885173798,0.050355542451143265,0.5357591509819031,-0.557619035243988,-0.5434292554855347,0.5204188823699951,-0.45867425203323364,0.41111940145492554,-0.42952772974967957,0.44179993867874146,1.2103477716445923,-1.0711348056793213,0.8061314821243286,-0.9307712316513062
20260708_155717_683245,2026-07-08T15:57:18.640,0.957365,policy,29,idle,0.0,0.0,0.0,0.0,0.0,0.0,0.0,0.0,0.1,none,0.0,0.0,-1.0,-0.0,0.0,0.0,0.0,0.0,0.0,0,none,0.0277718435972929,0.10620441287755966,,"BL_hip_joint,BR_hip_joint,FL_hip_joint,FR_hip_joint,BL_thigh_joint,BR_thigh_joint,FL_thigh_joint,FR_thigh_joint,BL_calf_joint,BR_calf_joint,FL_calf_joint,FR_calf_joint",330e02f2406e129bb6ed6ec4a6c6bcd5f80d7e7799a2ab087e81eda65d2fae69,"step=000029 mode=idle   vx= 0.000 vy= 0.000 vxy= 0.000 yaw= 0.000 speed=0.10 imu=none tilt_rp=[-0.0,+0.0]deg imu_corr=0.000 act_max= 0.000 tau_cmd= 0.000 tau_cmd_max= 0.000 cmds=00 bus=none tau_fb= 0.028 tau_fb_max= 0.106",,,,,,,,,,,,,,,,,,,,,,,,,,,,,,,,,,,,,,,,,,,,,,,,,0.0,0.0,0.0,0.0,0.0,0.0,0.0,0.0,0.0,0.0,0.0,0.0,0.0,0.0,0.0,0.0,0.0,0.0,0.0,0.0,0.0,0.0,0.0,0.0,0.5357591509819031,-0.557619035243988,-0.5434292554855347,0.5204188823699951,-0.45867425203323364,0.41111940145492554,-0.42952772974967957,0.44179993867874146,1.2103477716445923,-1.0711348056793213,0.8061314821243286,-0.9307712316513062,0.027466658502817154,-0.05172887444496155,0.016479995101690292,-0.029755547642707825,-0.054475538432598114,0.009613330475986004,0.010528885759413242,0.022431105375289917,-0.14145329594612122,0.1350444108247757,-0.22431103885173798,0.050355542451143265,0.5357591509819031,-0.557619035243988,-0.5434292554855347,0.5204188823699951,-0.45867425203323364,0.41111940145492554,-0.42952772974967957,0.44179993867874146,1.2103477716445923,-1.0711348056793213,0.8061314821243286,-0.9307712316513062
20260708_155717_683245,2026-07-08T15:57:18.662,0.979123,policy,30,idle,0.0,0.0,0.0,0.0,0.0,0.0,0.0,0.0,0.1,none,0.0,0.0,-1.0,-0.0,0.0,0.0,0.0,0.0,0.0,0,none,0.0277718435972929,0.10620441287755966,,"BL_hip_joint,BR_hip_joint,FL_hip_joint,FR_hip_joint,BL_thigh_joint,BR_thigh_joint,FL_thigh_joint,FR_thigh_joint,BL_calf_joint,BR_calf_joint,FL_calf_joint,FR_calf_joint",330e02f2406e129bb6ed6ec4a6c6bcd5f80d7e7799a2ab087e81eda65d2fae69,"step=000030 mode=idle   vx= 0.000 vy= 0.000 vxy= 0.000 yaw= 0.000 speed=0.10 imu=none tilt_rp=[-0.0,+0.0]deg imu_corr=0.000 act_max= 0.000 tau_cmd= 0.000 tau_cmd_max= 0.000 cmds=00 bus=none tau_fb= 0.028 tau_fb_max= 0.106",,,,,,,,,,,,,,,,,,,,,,,,,,,,,,,,,,,,,,,,,,,,,,,,,0.0,0.0,0.0,0.0,0.0,0.0,0.0,0.0,0.0,0.0,0.0,0.0,0.0,0.0,0.0,0.0,0.0,0.0,0.0,0.0,0.0,0.0,0.0,0.0,0.5357591509819031,-0.557619035243988,-0.5434292554855347,0.5204188823699951,-0.45867425203323364,0.41111940145492554,-0.42952772974967957,0.44179993867874146,1.2103477716445923,-1.0711348056793213,0.8061314821243286,-0.9307712316513062,0.027466658502817154,-0.05172887444496155,0.016479995101690292,-0.029755547642707825,-0.054475538432598114,0.009613330475986004,0.010528885759413242,0.022431105375289917,-0.14145329594612122,0.1350444108247757,-0.22431103885173798,0.050355542451143265,0.5357591509819031,-0.557619035243988,-0.5434292554855347,0.5204188823699951,-0.45867425203323364,0.41111940145492554,-0.42952772974967957,0.44179993867874146,1.2103477716445923,-1.0711348056793213,0.8061314821243286,-0.9307712316513062
20260708_155717_683245,2026-07-08T15:57:18.684,1.000911,policy,31,idle,0.0,0.0,0.0,0.0,0.0,0.0,0.0,0.0,0.1,none,0.0,0.0,-1.0,-0.0,0.0,0.0,0.0,0.0,0.0,0,none,0.0277718435972929,0.10620441287755966,,"BL_hip_joint,BR_hip_joint,FL_hip_joint,FR_hip_joint,BL_thigh_joint,BR_thigh_joint,FL_thigh_joint,FR_thigh_joint,BL_calf_joint,BR_calf_joint,FL_calf_joint,FR_calf_joint",330e02f2406e129bb6ed6ec4a6c6bcd5f80d7e7799a2ab087e81eda65d2fae69,"step=000031 mode=idle   vx= 0.000 vy= 0.000 vxy= 0.000 yaw= 0.000 speed=0.10 imu=none tilt_rp=[-0.0,+0.0]deg imu_corr=0.000 act_max= 0.000 tau_cmd= 0.000 tau_cmd_max= 0.000 cmds=00 bus=none tau_fb= 0.028 tau_fb_max= 0.106",,,,,,,,,,,,,,,,,,,,,,,,,,,,,,,,,,,,,,,,,,,,,,,,,0.0,0.0,0.0,0.0,0.0,0.0,0.0,0.0,0.0,0.0,0.0,0.0,0.0,0.0,0.0,0.0,0.0,0.0,0.0,0.0,0.0,0.0,0.0,0.0,0.5357591509819031,-0.557619035243988,-0.5434292554855347,0.5204188823699951,-0.45867425203323364,0.41111940145492554,-0.42952772974967957,0.44179993867874146,1.2103477716445923,-1.0711348056793213,0.8061314821243286,-0.9307712316513062,0.027466658502817154,-0.05172887444496155,0.016479995101690292,-0.029755547642707825,-0.054475538432598114,0.009613330475986004,0.010528885759413242,0.022431105375289917,-0.14145329594612122,0.1350444108247757,-0.22431103885173798,0.050355542451143265,0.5357591509819031,-0.557619035243988,-0.5434292554855347,0.5204188823699951,-0.45867425203323364,0.41111940145492554,-0.42952772974967957,0.44179993867874146,1.2103477716445923,-1.0711348056793213,0.8061314821243286,-0.9307712316513062
20260708_155717_683245,2026-07-08T15:57:18.706,1.022723,policy,32,idle,0.0,0.0,0.0,0.0,0.0,0.0,0.0,0.0,0.1,none,0.0,0.0,-1.0,-0.0,0.0,0.0,0.0,0.0,0.0,0,none,0.0277718435972929,0.10620441287755966,,"BL_hip_joint,BR_hip_joint,FL_hip_joint,FR_hip_joint,BL_thigh_joint,BR_thigh_joint,FL_thigh_joint,FR_thigh_joint,BL_calf_joint,BR_calf_joint,FL_calf_joint,FR_calf_joint",330e02f2406e129bb6ed6ec4a6c6bcd5f80d7e7799a2ab087e81eda65d2fae69,"step=000032 mode=idle   vx= 0.000 vy= 0.000 vxy= 0.000 yaw= 0.000 speed=0.10 imu=none tilt_rp=[-0.0,+0.0]deg imu_corr=0.000 act_max= 0.000 tau_cmd= 0.000 tau_cmd_max= 0.000 cmds=00 bus=none tau_fb= 0.028 tau_fb_max= 0.106",,,,,,,,,,,,,,,,,,,,,,,,,,,,,,,,,,,,,,,,,,,,,,,,,0.0,0.0,0.0,0.0,0.0,0.0,0.0,0.0,0.0,0.0,0.0,0.0,0.0,0.0,0.0,0.0,0.0,0.0,0.0,0.0,0.0,0.0,0.0,0.0,0.5357591509819031,-0.557619035243988,-0.5434292554855347,0.5204188823699951,-0.45867425203323364,0.41111940145492554,-0.42952772974967957,0.44179993867874146,1.2103477716445923,-1.0711348056793213,0.8061314821243286,-0.9307712316513062,0.027466658502817154,-0.05172887444496155,0.016479995101690292,-0.029755547642707825,-0.054475538432598114,0.009613330475986004,0.010528885759413242,0.022431105375289917,-0.14145329594612122,0.1350444108247757,-0.22431103885173798,0.050355542451143265,0.5357591509819031,-0.557619035243988,-0.5434292554855347,0.5204188823699951,-0.45867425203323364,0.41111940145492554,-0.42952772974967957,0.44179993867874146,1.2103477716445923,-1.0711348056793213,0.8061314821243286,-0.9307712316513062
20260708_155717_683245,2026-07-08T15:57:18.727,1.044504,policy,33,idle,0.0,0.0,0.0,0.0,0.0,0.0,0.0,0.0,0.1,none,0.0,0.0,-1.0,-0.0,0.0,0.0,0.0,0.0,0.0,0,none,0.0277718435972929,0.10620441287755966,,"BL_hip_joint,BR_hip_joint,FL_hip_joint,FR_hip_joint,BL_thigh_joint,BR_thigh_joint,FL_thigh_joint,FR_thigh_joint,BL_calf_joint,BR_calf_joint,FL_calf_joint,FR_calf_joint",330e02f2406e129bb6ed6ec4a6c6bcd5f80d7e7799a2ab087e81eda65d2fae69,"step=000033 mode=idle   vx= 0.000 vy= 0.000 vxy= 0.000 yaw= 0.000 speed=0.10 imu=none tilt_rp=[-0.0,+0.0]deg imu_corr=0.000 act_max= 0.000 tau_cmd= 0.000 tau_cmd_max= 0.000 cmds=00 bus=none tau_fb= 0.028 tau_fb_max= 0.106",,,,,,,,,,,,,,,,,,,,,,,,,,,,,,,,,,,,,,,,,,,,,,,,,0.0,0.0,0.0,0.0,0.0,0.0,0.0,0.0,0.0,0.0,0.0,0.0,0.0,0.0,0.0,0.0,0.0,0.0,0.0,0.0,0.0,0.0,0.0,0.0,0.5357591509819031,-0.557619035243988,-0.5434292554855347,0.5204188823699951,-0.45867425203323364,0.41111940145492554,-0.42952772974967957,0.44179993867874146,1.2103477716445923,-1.0711348056793213,0.8061314821243286,-0.9307712316513062,0.027466658502817154,-0.05172887444496155,0.016479995101690292,-0.029755547642707825,-0.054475538432598114,0.009613330475986004,0.010528885759413242,0.022431105375289917,-0.14145329594612122,0.1350444108247757,-0.22431103885173798,0.050355542451143265,0.5357591509819031,-0.557619035243988,-0.5434292554855347,0.5204188823699951,-0.45867425203323364,0.41111940145492554,-0.42952772974967957,0.44179993867874146,1.2103477716445923,-1.0711348056793213,0.8061314821243286,-0.9307712316513062
20260708_155717_683245,2026-07-08T15:57:18.749,1.066251,policy,34,idle,0.0,0.0,0.0,0.0,0.0,0.0,0.0,0.0,0.1,none,0.0,0.0,-1.0,-0.0,0.0,0.0,0.0,0.0,0.0,0,none,0.0277718435972929,0.10620441287755966,,"BL_hip_joint,BR_hip_joint,FL_hip_joint,FR_hip_joint,BL_thigh_joint,BR_thigh_joint,FL_thigh_joint,FR_thigh_joint,BL_calf_joint,BR_calf_joint,FL_calf_joint,FR_calf_joint",330e02f2406e129bb6ed6ec4a6c6bcd5f80d7e7799a2ab087e81eda65d2fae69,"step=000034 mode=idle   vx= 0.000 vy= 0.000 vxy= 0.000 yaw= 0.000 speed=0.10 imu=none tilt_rp=[-0.0,+0.0]deg imu_corr=0.000 act_max= 0.000 tau_cmd= 0.000 tau_cmd_max= 0.000 cmds=00 bus=none tau_fb= 0.028 tau_fb_max= 0.106",,,,,,,,,,,,,,,,,,,,,,,,,,,,,,,,,,,,,,,,,,,,,,,,,0.0,0.0,0.0,0.0,0.0,0.0,0.0,0.0,0.0,0.0,0.0,0.0,0.0,0.0,0.0,0.0,0.0,0.0,0.0,0.0,0.0,0.0,0.0,0.0,0.5357591509819031,-0.557619035243988,-0.5434292554855347,0.5204188823699951,-0.45867425203323364,0.41111940145492554,-0.42952772974967957,0.44179993867874146,1.2103477716445923,-1.0711348056793213,0.8061314821243286,-0.9307712316513062,0.027466658502817154,-0.05172887444496155,0.016479995101690292,-0.029755547642707825,-0.054475538432598114,0.009613330475986004,0.010528885759413242,0.022431105375289917,-0.14145329594612122,0.1350444108247757,-0.22431103885173798,0.050355542451143265,0.5357591509819031,-0.557619035243988,-0.5434292554855347,0.5204188823699951,-0.45867425203323364,0.41111940145492554,-0.42952772974967957,0.44179993867874146,1.2103477716445923,-1.0711348056793213,0.8061314821243286,-0.9307712316513062
20260708_155717_683245,2026-07-08T15:57:18.771,1.088000,policy,35,idle,0.0,0.0,0.0,0.0,0.0,0.0,0.0,0.0,0.1,none,0.0,0.0,-1.0,-0.0,0.0,0.0,0.0,0.0,0.0,0,none,0.0277718435972929,0.10620441287755966,,"BL_hip_joint,BR_hip_joint,FL_hip_joint,FR_hip_joint,BL_thigh_joint,BR_thigh_joint,FL_thigh_joint,FR_thigh_joint,BL_calf_joint,BR_calf_joint,FL_calf_joint,FR_calf_joint",330e02f2406e129bb6ed6ec4a6c6bcd5f80d7e7799a2ab087e81eda65d2fae69,"step=000035 mode=idle   vx= 0.000 vy= 0.000 vxy= 0.000 yaw= 0.000 speed=0.10 imu=none tilt_rp=[-0.0,+0.0]deg imu_corr=0.000 act_max= 0.000 tau_cmd= 0.000 tau_cmd_max= 0.000 cmds=00 bus=none tau_fb= 0.028 tau_fb_max= 0.106",,,,,,,,,,,,,,,,,,,,,,,,,,,,,,,,,,,,,,,,,,,,,,,,,0.0,0.0,0.0,0.0,0.0,0.0,0.0,0.0,0.0,0.0,0.0,0.0,0.0,0.0,0.0,0.0,0.0,0.0,0.0,0.0,0.0,0.0,0.0,0.0,0.5357591509819031,-0.557619035243988,-0.5434292554855347,0.5204188823699951,-0.45867425203323364,0.41111940145492554,-0.42952772974967957,0.44179993867874146,1.2103477716445923,-1.0711348056793213,0.8061314821243286,-0.9307712316513062,0.027466658502817154,-0.05172887444496155,0.016479995101690292,-0.029755547642707825,-0.054475538432598114,0.009613330475986004,0.010528885759413242,0.022431105375289917,-0.14145329594612122,0.1350444108247757,-0.22431103885173798,0.050355542451143265,0.5357591509819031,-0.557619035243988,-0.5434292554855347,0.5204188823699951,-0.45867425203323364,0.41111940145492554,-0.42952772974967957,0.44179993867874146,1.2103477716445923,-1.0711348056793213,0.8061314821243286,-0.9307712316513062
20260708_155717_683245,2026-07-08T15:57:18.793,1.109757,policy,36,idle,0.0,0.0,0.0,0.0,0.0,0.0,0.0,0.0,0.1,none,0.0,0.0,-1.0,-0.0,0.0,0.0,0.0,0.0,0.0,0,none,0.0277718435972929,0.10620441287755966,,"BL_hip_joint,BR_hip_joint,FL_hip_joint,FR_hip_joint,BL_thigh_joint,BR_thigh_joint,FL_thigh_joint,FR_thigh_joint,BL_calf_joint,BR_calf_joint,FL_calf_joint,FR_calf_joint",330e02f2406e129bb6ed6ec4a6c6bcd5f80d7e7799a2ab087e81eda65d2fae69,"step=000036 mode=idle   vx= 0.000 vy= 0.000 vxy= 0.000 yaw= 0.000 speed=0.10 imu=none tilt_rp=[-0.0,+0.0]deg imu_corr=0.000 act_max= 0.000 tau_cmd= 0.000 tau_cmd_max= 0.000 cmds=00 bus=none tau_fb= 0.028 tau_fb_max= 0.106",,,,,,,,,,,,,,,,,,,,,,,,,,,,,,,,,,,,,,,,,,,,,,,,,0.0,0.0,0.0,0.0,0.0,0.0,0.0,0.0,0.0,0.0,0.0,0.0,0.0,0.0,0.0,0.0,0.0,0.0,0.0,0.0,0.0,0.0,0.0,0.0,0.5357591509819031,-0.557619035243988,-0.5434292554855347,0.5204188823699951,-0.45867425203323364,0.41111940145492554,-0.42952772974967957,0.44179993867874146,1.2103477716445923,-1.0711348056793213,0.8061314821243286,-0.9307712316513062,0.027466658502817154,-0.05172887444496155,0.016479995101690292,-0.029755547642707825,-0.054475538432598114,0.009613330475986004,0.010528885759413242,0.022431105375289917,-0.14145329594612122,0.1350444108247757,-0.22431103885173798,0.050355542451143265,0.5357591509819031,-0.557619035243988,-0.5434292554855347,0.5204188823699951,-0.45867425203323364,0.41111940145492554,-0.42952772974967957,0.44179993867874146,1.2103477716445923,-1.0711348056793213,0.8061314821243286,-0.9307712316513062
20260708_155717_683245,2026-07-08T15:57:18.814,1.131524,policy,37,idle,0.0,0.0,0.0,0.0,0.0,0.0,0.0,0.0,0.1,none,0.0,0.0,-1.0,-0.0,0.0,0.0,0.0,0.0,0.0,0,none,0.0277718435972929,0.10620441287755966,,"BL_hip_joint,BR_hip_joint,FL_hip_joint,FR_hip_joint,BL_thigh_joint,BR_thigh_joint,FL_thigh_joint,FR_thigh_joint,BL_calf_joint,BR_calf_joint,FL_calf_joint,FR_calf_joint",330e02f2406e129bb6ed6ec4a6c6bcd5f80d7e7799a2ab087e81eda65d2fae69,"step=000037 mode=idle   vx= 0.000 vy= 0.000 vxy= 0.000 yaw= 0.000 speed=0.10 imu=none tilt_rp=[-0.0,+0.0]deg imu_corr=0.000 act_max= 0.000 tau_cmd= 0.000 tau_cmd_max= 0.000 cmds=00 bus=none tau_fb= 0.028 tau_fb_max= 0.106",,,,,,,,,,,,,,,,,,,,,,,,,,,,,,,,,,,,,,,,,,,,,,,,,0.0,0.0,0.0,0.0,0.0,0.0,0.0,0.0,0.0,0.0,0.0,0.0,0.0,0.0,0.0,0.0,0.0,0.0,0.0,0.0,0.0,0.0,0.0,0.0,0.5357591509819031,-0.557619035243988,-0.5434292554855347,0.5204188823699951,-0.45867425203323364,0.41111940145492554,-0.42952772974967957,0.44179993867874146,1.2103477716445923,-1.0711348056793213,0.8061314821243286,-0.9307712316513062,0.027466658502817154,-0.05172887444496155,0.016479995101690292,-0.029755547642707825,-0.054475538432598114,0.009613330475986004,0.010528885759413242,0.022431105375289917,-0.14145329594612122,0.1350444108247757,-0.22431103885173798,0.050355542451143265,0.5357591509819031,-0.557619035243988,-0.5434292554855347,0.5204188823699951,-0.45867425203323364,0.41111940145492554,-0.42952772974967957,0.44179993867874146,1.2103477716445923,-1.0711348056793213,0.8061314821243286,-0.9307712316513062
20260708_155717_683245,2026-07-08T15:57:18.836,1.153292,policy,38,idle,0.0,0.0,0.0,0.0,0.0,0.0,0.0,0.0,0.1,none,0.0,0.0,-1.0,-0.0,0.0,0.0,0.0,0.0,0.0,0,none,0.0277718435972929,0.10620441287755966,,"BL_hip_joint,BR_hip_joint,FL_hip_joint,FR_hip_joint,BL_thigh_joint,BR_thigh_joint,FL_thigh_joint,FR_thigh_joint,BL_calf_joint,BR_calf_joint,FL_calf_joint,FR_calf_joint",330e02f2406e129bb6ed6ec4a6c6bcd5f80d7e7799a2ab087e81eda65d2fae69,"step=000038 mode=idle   vx= 0.000 vy= 0.000 vxy= 0.000 yaw= 0.000 speed=0.10 imu=none tilt_rp=[-0.0,+0.0]deg imu_corr=0.000 act_max= 0.000 tau_cmd= 0.000 tau_cmd_max= 0.000 cmds=00 bus=none tau_fb= 0.028 tau_fb_max= 0.106",,,,,,,,,,,,,,,,,,,,,,,,,,,,,,,,,,,,,,,,,,,,,,,,,0.0,0.0,0.0,0.0,0.0,0.0,0.0,0.0,0.0,0.0,0.0,0.0,0.0,0.0,0.0,0.0,0.0,0.0,0.0,0.0,0.0,0.0,0.0,0.0,0.5357591509819031,-0.557619035243988,-0.5434292554855347,0.5204188823699951,-0.45867425203323364,0.41111940145492554,-0.42952772974967957,0.44179993867874146,1.2103477716445923,-1.0711348056793213,0.8061314821243286,-0.9307712316513062,0.027466658502817154,-0.05172887444496155,0.016479995101690292,-0.029755547642707825,-0.054475538432598114,0.009613330475986004,0.010528885759413242,0.022431105375289917,-0.14145329594612122,0.1350444108247757,-0.22431103885173798,0.050355542451143265,0.5357591509819031,-0.557619035243988,-0.5434292554855347,0.5204188823699951,-0.45867425203323364,0.41111940145492554,-0.42952772974967957,0.44179993867874146,1.2103477716445923,-1.0711348056793213,0.8061314821243286,-0.9307712316513062
20260708_155717_683245,2026-07-08T15:57:18.858,1.175047,policy,39,idle,0.0,0.0,0.0,0.0,0.0,0.0,0.0,0.0,0.1,none,0.0,0.0,-1.0,-0.0,0.0,0.0,0.0,0.0,0.0,0,none,0.0277718435972929,0.10620441287755966,,"BL_hip_joint,BR_hip_joint,FL_hip_joint,FR_hip_joint,BL_thigh_joint,BR_thigh_joint,FL_thigh_joint,FR_thigh_joint,BL_calf_joint,BR_calf_joint,FL_calf_joint,FR_calf_joint",330e02f2406e129bb6ed6ec4a6c6bcd5f80d7e7799a2ab087e81eda65d2fae69,"step=000039 mode=idle   vx= 0.000 vy= 0.000 vxy= 0.000 yaw= 0.000 speed=0.10 imu=none tilt_rp=[-0.0,+0.0]deg imu_corr=0.000 act_max= 0.000 tau_cmd= 0.000 tau_cmd_max= 0.000 cmds=00 bus=none tau_fb= 0.028 tau_fb_max= 0.106",,,,,,,,,,,,,,,,,,,,,,,,,,,,,,,,,,,,,,,,,,,,,,,,,0.0,0.0,0.0,0.0,0.0,0.0,0.0,0.0,0.0,0.0,0.0,0.0,0.0,0.0,0.0,0.0,0.0,0.0,0.0,0.0,0.0,0.0,0.0,0.0,0.5357591509819031,-0.557619035243988,-0.5434292554855347,0.5204188823699951,-0.45867425203323364,0.41111940145492554,-0.42952772974967957,0.44179993867874146,1.2103477716445923,-1.0711348056793213,0.8061314821243286,-0.9307712316513062,0.027466658502817154,-0.05172887444496155,0.016479995101690292,-0.029755547642707825,-0.054475538432598114,0.009613330475986004,0.010528885759413242,0.022431105375289917,-0.14145329594612122,0.1350444108247757,-0.22431103885173798,0.050355542451143265,0.5357591509819031,-0.557619035243988,-0.5434292554855347,0.5204188823699951,-0.45867425203323364,0.41111940145492554,-0.42952772974967957,0.44179993867874146,1.2103477716445923,-1.0711348056793213,0.8061314821243286,-0.9307712316513062
20260708_155717_683245,2026-07-08T15:57:18.880,1.196867,policy,40,idle,0.0,0.0,0.0,0.0,0.0,0.0,0.0,0.0,0.1,none,0.0,0.0,-1.0,-0.0,0.0,0.0,0.0,0.0,0.0,0,none,0.0277718435972929,0.10620441287755966,,"BL_hip_joint,BR_hip_joint,FL_hip_joint,FR_hip_joint,BL_thigh_joint,BR_thigh_joint,FL_thigh_joint,FR_thigh_joint,BL_calf_joint,BR_calf_joint,FL_calf_joint,FR_calf_joint",330e02f2406e129bb6ed6ec4a6c6bcd5f80d7e7799a2ab087e81eda65d2fae69,"step=000040 mode=idle   vx= 0.000 vy= 0.000 vxy= 0.000 yaw= 0.000 speed=0.10 imu=none tilt_rp=[-0.0,+0.0]deg imu_corr=0.000 act_max= 0.000 tau_cmd= 0.000 tau_cmd_max= 0.000 cmds=00 bus=none tau_fb= 0.028 tau_fb_max= 0.106",,,,,,,,,,,,,,,,,,,,,,,,,,,,,,,,,,,,,,,,,,,,,,,,,0.0,0.0,0.0,0.0,0.0,0.0,0.0,0.0,0.0,0.0,0.0,0.0,0.0,0.0,0.0,0.0,0.0,0.0,0.0,0.0,0.0,0.0,0.0,0.0,0.5357591509819031,-0.557619035243988,-0.5434292554855347,0.5204188823699951,-0.45867425203323364,0.41111940145492554,-0.42952772974967957,0.44179993867874146,1.2103477716445923,-1.0711348056793213,0.8061314821243286,-0.9307712316513062,0.027466658502817154,-0.05172887444496155,0.016479995101690292,-0.029755547642707825,-0.054475538432598114,0.009613330475986004,0.010528885759413242,0.022431105375289917,-0.14145329594612122,0.1350444108247757,-0.22431103885173798,0.050355542451143265,0.5357591509819031,-0.557619035243988,-0.5434292554855347,0.5204188823699951,-0.45867425203323364,0.41111940145492554,-0.42952772974967957,0.44179993867874146,1.2103477716445923,-1.0711348056793213,0.8061314821243286,-0.9307712316513062
20260708_155717_683245,2026-07-08T15:57:18.901,1.218652,policy,41,idle,0.0,0.0,0.0,0.0,0.0,0.0,0.0,0.0,0.1,none,0.0,0.0,-1.0,-0.0,0.0,0.0,0.0,0.0,0.0,0,none,0.0277718435972929,0.10620441287755966,,"BL_hip_joint,BR_hip_joint,FL_hip_joint,FR_hip_joint,BL_thigh_joint,BR_thigh_joint,FL_thigh_joint,FR_thigh_joint,BL_calf_joint,BR_calf_joint,FL_calf_joint,FR_calf_joint",330e02f2406e129bb6ed6ec4a6c6bcd5f80d7e7799a2ab087e81eda65d2fae69,"step=000041 mode=idle   vx= 0.000 vy= 0.000 vxy= 0.000 yaw= 0.000 speed=0.10 imu=none tilt_rp=[-0.0,+0.0]deg imu_corr=0.000 act_max= 0.000 tau_cmd= 0.000 tau_cmd_max= 0.000 cmds=00 bus=none tau_fb= 0.028 tau_fb_max= 0.106",,,,,,,,,,,,,,,,,,,,,,,,,,,,,,,,,,,,,,,,,,,,,,,,,0.0,0.0,0.0,0.0,0.0,0.0,0.0,0.0,0.0,0.0,0.0,0.0,0.0,0.0,0.0,0.0,0.0,0.0,0.0,0.0,0.0,0.0,0.0,0.0,0.5357591509819031,-0.557619035243988,-0.5434292554855347,0.5204188823699951,-0.45867425203323364,0.41111940145492554,-0.42952772974967957,0.44179993867874146,1.2103477716445923,-1.0711348056793213,0.8061314821243286,-0.9307712316513062,0.027466658502817154,-0.05172887444496155,0.016479995101690292,-0.029755547642707825,-0.054475538432598114,0.009613330475986004,0.010528885759413242,0.022431105375289917,-0.14145329594612122,0.1350444108247757,-0.22431103885173798,0.050355542451143265,0.5357591509819031,-0.557619035243988,-0.5434292554855347,0.5204188823699951,-0.45867425203323364,0.41111940145492554,-0.42952772974967957,0.44179993867874146,1.2103477716445923,-1.0711348056793213,0.8061314821243286,-0.9307712316513062
20260708_155717_683245,2026-07-08T15:57:18.923,1.240399,policy,42,idle,0.0,0.0,0.0,0.0,0.0,0.0,0.0,0.0,0.1,none,0.0,0.0,-1.0,-0.0,0.0,0.0,0.0,0.0,0.0,0,none,0.0277718435972929,0.10620441287755966,,"BL_hip_joint,BR_hip_joint,FL_hip_joint,FR_hip_joint,BL_thigh_joint,BR_thigh_joint,FL_thigh_joint,FR_thigh_joint,BL_calf_joint,BR_calf_joint,FL_calf_joint,FR_calf_joint",330e02f2406e129bb6ed6ec4a6c6bcd5f80d7e7799a2ab087e81eda65d2fae69,"step=000042 mode=idle   vx= 0.000 vy= 0.000 vxy= 0.000 yaw= 0.000 speed=0.10 imu=none tilt_rp=[-0.0,+0.0]deg imu_corr=0.000 act_max= 0.000 tau_cmd= 0.000 tau_cmd_max= 0.000 cmds=00 bus=none tau_fb= 0.028 tau_fb_max= 0.106",,,,,,,,,,,,,,,,,,,,,,,,,,,,,,,,,,,,,,,,,,,,,,,,,0.0,0.0,0.0,0.0,0.0,0.0,0.0,0.0,0.0,0.0,0.0,0.0,0.0,0.0,0.0,0.0,0.0,0.0,0.0,0.0,0.0,0.0,0.0,0.0,0.5357591509819031,-0.557619035243988,-0.5434292554855347,0.5204188823699951,-0.45867425203323364,0.41111940145492554,-0.42952772974967957,0.44179993867874146,1.2103477716445923,-1.0711348056793213,0.8061314821243286,-0.9307712316513062,0.027466658502817154,-0.05172887444496155,0.016479995101690292,-0.029755547642707825,-0.054475538432598114,0.009613330475986004,0.010528885759413242,0.022431105375289917,-0.14145329594612122,0.1350444108247757,-0.22431103885173798,0.050355542451143265,0.5357591509819031,-0.557619035243988,-0.5434292554855347,0.5204188823699951,-0.45867425203323364,0.41111940145492554,-0.42952772974967957,0.44179993867874146,1.2103477716445923,-1.0711348056793213,0.8061314821243286,-0.9307712316513062
20260708_155717_683245,2026-07-08T15:57:18.945,1.262211,policy,43,idle,0.0,0.0,0.0,0.0,0.0,0.0,0.0,0.0,0.1,none,0.0,0.0,-1.0,-0.0,0.0,0.0,0.0,0.0,0.0,0,none,0.0277718435972929,0.10620441287755966,,"BL_hip_joint,BR_hip_joint,FL_hip_joint,FR_hip_joint,BL_thigh_joint,BR_thigh_joint,FL_thigh_joint,FR_thigh_joint,BL_calf_joint,BR_calf_joint,FL_calf_joint,FR_calf_joint",330e02f2406e129bb6ed6ec4a6c6bcd5f80d7e7799a2ab087e81eda65d2fae69,"step=000043 mode=idle   vx= 0.000 vy= 0.000 vxy= 0.000 yaw= 0.000 speed=0.10 imu=none tilt_rp=[-0.0,+0.0]deg imu_corr=0.000 act_max= 0.000 tau_cmd= 0.000 tau_cmd_max= 0.000 cmds=00 bus=none tau_fb= 0.028 tau_fb_max= 0.106",,,,,,,,,,,,,,,,,,,,,,,,,,,,,,,,,,,,,,,,,,,,,,,,,0.0,0.0,0.0,0.0,0.0,0.0,0.0,0.0,0.0,0.0,0.0,0.0,0.0,0.0,0.0,0.0,0.0,0.0,0.0,0.0,0.0,0.0,0.0,0.0,0.5357591509819031,-0.557619035243988,-0.5434292554855347,0.5204188823699951,-0.45867425203323364,0.41111940145492554,-0.42952772974967957,0.44179993867874146,1.2103477716445923,-1.0711348056793213,0.8061314821243286,-0.9307712316513062,0.027466658502817154,-0.05172887444496155,0.016479995101690292,-0.029755547642707825,-0.054475538432598114,0.009613330475986004,0.010528885759413242,0.022431105375289917,-0.14145329594612122,0.1350444108247757,-0.22431103885173798,0.050355542451143265,0.5357591509819031,-0.557619035243988,-0.5434292554855347,0.5204188823699951,-0.45867425203323364,0.41111940145492554,-0.42952772974967957,0.44179993867874146,1.2103477716445923,-1.0711348056793213,0.8061314821243286,-0.9307712316513062
20260708_155717_683245,2026-07-08T15:57:18.967,1.283945,policy,44,idle,0.0,0.0,0.0,0.0,0.0,0.0,0.0,0.0,0.1,none,0.0,0.0,-1.0,-0.0,0.0,0.0,0.0,0.0,0.0,0,none,0.0277718435972929,0.10620441287755966,,"BL_hip_joint,BR_hip_joint,FL_hip_joint,FR_hip_joint,BL_thigh_joint,BR_thigh_joint,FL_thigh_joint,FR_thigh_joint,BL_calf_joint,BR_calf_joint,FL_calf_joint,FR_calf_joint",330e02f2406e129bb6ed6ec4a6c6bcd5f80d7e7799a2ab087e81eda65d2fae69,"step=000044 mode=idle   vx= 0.000 vy= 0.000 vxy= 0.000 yaw= 0.000 speed=0.10 imu=none tilt_rp=[-0.0,+0.0]deg imu_corr=0.000 act_max= 0.000 tau_cmd= 0.000 tau_cmd_max= 0.000 cmds=00 bus=none tau_fb= 0.028 tau_fb_max= 0.106",,,,,,,,,,,,,,,,,,,,,,,,,,,,,,,,,,,,,,,,,,,,,,,,,0.0,0.0,0.0,0.0,0.0,0.0,0.0,0.0,0.0,0.0,0.0,0.0,0.0,0.0,0.0,0.0,0.0,0.0,0.0,0.0,0.0,0.0,0.0,0.0,0.5357591509819031,-0.557619035243988,-0.5434292554855347,0.5204188823699951,-0.45867425203323364,0.41111940145492554,-0.42952772974967957,0.44179993867874146,1.2103477716445923,-1.0711348056793213,0.8061314821243286,-0.9307712316513062,0.027466658502817154,-0.05172887444496155,0.016479995101690292,-0.029755547642707825,-0.054475538432598114,0.009613330475986004,0.010528885759413242,0.022431105375289917,-0.14145329594612122,0.1350444108247757,-0.22431103885173798,0.050355542451143265,0.5357591509819031,-0.557619035243988,-0.5434292554855347,0.5204188823699951,-0.45867425203323364,0.41111940145492554,-0.42952772974967957,0.44179993867874146,1.2103477716445923,-1.0711348056793213,0.8061314821243286,-0.9307712316513062
20260708_155717_683245,2026-07-08T15:57:18.989,1.305775,policy,45,idle,0.0,0.0,0.0,0.0,0.0,0.0,0.0,0.0,0.1,none,0.0,0.0,-1.0,-0.0,0.0,0.0,0.0,0.0,0.0,0,none,0.0277718435972929,0.10620441287755966,,"BL_hip_joint,BR_hip_joint,FL_hip_joint,FR_hip_joint,BL_thigh_joint,BR_thigh_joint,FL_thigh_joint,FR_thigh_joint,BL_calf_joint,BR_calf_joint,FL_calf_joint,FR_calf_joint",330e02f2406e129bb6ed6ec4a6c6bcd5f80d7e7799a2ab087e81eda65d2fae69,"step=000045 mode=idle   vx= 0.000 vy= 0.000 vxy= 0.000 yaw= 0.000 speed=0.10 imu=none tilt_rp=[-0.0,+0.0]deg imu_corr=0.000 act_max= 0.000 tau_cmd= 0.000 tau_cmd_max= 0.000 cmds=00 bus=none tau_fb= 0.028 tau_fb_max= 0.106",,,,,,,,,,,,,,,,,,,,,,,,,,,,,,,,,,,,,,,,,,,,,,,,,0.0,0.0,0.0,0.0,0.0,0.0,0.0,0.0,0.0,0.0,0.0,0.0,0.0,0.0,0.0,0.0,0.0,0.0,0.0,0.0,0.0,0.0,0.0,0.0,0.5357591509819031,-0.557619035243988,-0.5434292554855347,0.5204188823699951,-0.45867425203323364,0.41111940145492554,-0.42952772974967957,0.44179993867874146,1.2103477716445923,-1.0711348056793213,0.8061314821243286,-0.9307712316513062,0.027466658502817154,-0.05172887444496155,0.016479995101690292,-0.029755547642707825,-0.054475538432598114,0.009613330475986004,0.010528885759413242,0.022431105375289917,-0.14145329594612122,0.1350444108247757,-0.22431103885173798,0.050355542451143265,0.5357591509819031,-0.557619035243988,-0.5434292554855347,0.5204188823699951,-0.45867425203323364,0.41111940145492554,-0.42952772974967957,0.44179993867874146,1.2103477716445923,-1.0711348056793213,0.8061314821243286,-0.9307712316513062
20260708_155717_683245,2026-07-08T15:57:19.010,1.327499,policy,46,idle,0.0,0.0,0.0,0.0,0.0,0.0,0.0,0.0,0.1,none,0.0,0.0,-1.0,-0.0,0.0,0.0,0.0,0.0,0.0,0,none,0.0277718435972929,0.10620441287755966,,"BL_hip_joint,BR_hip_joint,FL_hip_joint,FR_hip_joint,BL_thigh_joint,BR_thigh_joint,FL_thigh_joint,FR_thigh_joint,BL_calf_joint,BR_calf_joint,FL_calf_joint,FR_calf_joint",330e02f2406e129bb6ed6ec4a6c6bcd5f80d7e7799a2ab087e81eda65d2fae69,"step=000046 mode=idle   vx= 0.000 vy= 0.000 vxy= 0.000 yaw= 0.000 speed=0.10 imu=none tilt_rp=[-0.0,+0.0]deg imu_corr=0.000 act_max= 0.000 tau_cmd= 0.000 tau_cmd_max= 0.000 cmds=00 bus=none tau_fb= 0.028 tau_fb_max= 0.106",,,,,,,,,,,,,,,,,,,,,,,,,,,,,,,,,,,,,,,,,,,,,,,,,0.0,0.0,0.0,0.0,0.0,0.0,0.0,0.0,0.0,0.0,0.0,0.0,0.0,0.0,0.0,0.0,0.0,0.0,0.0,0.0,0.0,0.0,0.0,0.0,0.5357591509819031,-0.557619035243988,-0.5434292554855347,0.5204188823699951,-0.45867425203323364,0.41111940145492554,-0.42952772974967957,0.44179993867874146,1.2103477716445923,-1.0711348056793213,0.8061314821243286,-0.9307712316513062,0.027466658502817154,-0.05172887444496155,0.016479995101690292,-0.029755547642707825,-0.054475538432598114,0.009613330475986004,0.010528885759413242,0.022431105375289917,-0.14145329594612122,0.1350444108247757,-0.22431103885173798,0.050355542451143265,0.5357591509819031,-0.557619035243988,-0.5434292554855347,0.5204188823699951,-0.45867425203323364,0.41111940145492554,-0.42952772974967957,0.44179993867874146,1.2103477716445923,-1.0711348056793213,0.8061314821243286,-0.9307712316513062
20260708_155717_683245,2026-07-08T15:57:19.032,1.349258,policy,47,idle,0.0,0.0,0.0,0.0,0.0,0.0,0.0,0.0,0.1,none,0.0,0.0,-1.0,-0.0,0.0,0.0,0.0,0.0,0.0,0,none,0.0277718435972929,0.10620441287755966,,"BL_hip_joint,BR_hip_joint,FL_hip_joint,FR_hip_joint,BL_thigh_joint,BR_thigh_joint,FL_thigh_joint,FR_thigh_joint,BL_calf_joint,BR_calf_joint,FL_calf_joint,FR_calf_joint",330e02f2406e129bb6ed6ec4a6c6bcd5f80d7e7799a2ab087e81eda65d2fae69,"step=000047 mode=idle   vx= 0.000 vy= 0.000 vxy= 0.000 yaw= 0.000 speed=0.10 imu=none tilt_rp=[-0.0,+0.0]deg imu_corr=0.000 act_max= 0.000 tau_cmd= 0.000 tau_cmd_max= 0.000 cmds=00 bus=none tau_fb= 0.028 tau_fb_max= 0.106",,,,,,,,,,,,,,,,,,,,,,,,,,,,,,,,,,,,,,,,,,,,,,,,,0.0,0.0,0.0,0.0,0.0,0.0,0.0,0.0,0.0,0.0,0.0,0.0,0.0,0.0,0.0,0.0,0.0,0.0,0.0,0.0,0.0,0.0,0.0,0.0,0.5357591509819031,-0.557619035243988,-0.5434292554855347,0.5204188823699951,-0.45867425203323364,0.41111940145492554,-0.42952772974967957,0.44179993867874146,1.2103477716445923,-1.0711348056793213,0.8061314821243286,-0.9307712316513062,0.027466658502817154,-0.05172887444496155,0.016479995101690292,-0.029755547642707825,-0.054475538432598114,0.009613330475986004,0.010528885759413242,0.022431105375289917,-0.14145329594612122,0.1350444108247757,-0.22431103885173798,0.050355542451143265,0.5357591509819031,-0.557619035243988,-0.5434292554855347,0.5204188823699951,-0.45867425203323364,0.41111940145492554,-0.42952772974967957,0.44179993867874146,1.2103477716445923,-1.0711348056793213,0.8061314821243286,-0.9307712316513062
20260708_155717_683245,2026-07-08T15:57:19.054,1.371074,policy,48,idle,0.0,0.0,0.0,0.0,0.0,0.0,0.0,0.0,0.1,none,0.0,0.0,-1.0,-0.0,0.0,0.0,0.0,0.0,0.0,0,none,0.0277718435972929,0.10620441287755966,,"BL_hip_joint,BR_hip_joint,FL_hip_joint,FR_hip_joint,BL_thigh_joint,BR_thigh_joint,FL_thigh_joint,FR_thigh_joint,BL_calf_joint,BR_calf_joint,FL_calf_joint,FR_calf_joint",330e02f2406e129bb6ed6ec4a6c6bcd5f80d7e7799a2ab087e81eda65d2fae69,"step=000048 mode=idle   vx= 0.000 vy= 0.000 vxy= 0.000 yaw= 0.000 speed=0.10 imu=none tilt_rp=[-0.0,+0.0]deg imu_corr=0.000 act_max= 0.000 tau_cmd= 0.000 tau_cmd_max= 0.000 cmds=00 bus=none tau_fb= 0.028 tau_fb_max= 0.106",,,,,,,,,,,,,,,,,,,,,,,,,,,,,,,,,,,,,,,,,,,,,,,,,0.0,0.0,0.0,0.0,0.0,0.0,0.0,0.0,0.0,0.0,0.0,0.0,0.0,0.0,0.0,0.0,0.0,0.0,0.0,0.0,0.0,0.0,0.0,0.0,0.5357591509819031,-0.557619035243988,-0.5434292554855347,0.5204188823699951,-0.45867425203323364,0.41111940145492554,-0.42952772974967957,0.44179993867874146,1.2103477716445923,-1.0711348056793213,0.8061314821243286,-0.9307712316513062,0.027466658502817154,-0.05172887444496155,0.016479995101690292,-0.029755547642707825,-0.054475538432598114,0.009613330475986004,0.010528885759413242,0.022431105375289917,-0.14145329594612122,0.1350444108247757,-0.22431103885173798,0.050355542451143265,0.5357591509819031,-0.557619035243988,-0.5434292554855347,0.5204188823699951,-0.45867425203323364,0.41111940145492554,-0.42952772974967957,0.44179993867874146,1.2103477716445923,-1.0711348056793213,0.8061314821243286,-0.9307712316513062
20260708_155717_683245,2026-07-08T15:57:19.076,1.392911,policy,49,idle,0.0,0.0,0.0,0.0,0.0,0.0,0.0,0.0,0.1,none,0.0,0.0,-1.0,-0.0,0.0,0.0,0.0,0.0,0.0,0,none,0.0277718435972929,0.10620441287755966,,"BL_hip_joint,BR_hip_joint,FL_hip_joint,FR_hip_joint,BL_thigh_joint,BR_thigh_joint,FL_thigh_joint,FR_thigh_joint,BL_calf_joint,BR_calf_joint,FL_calf_joint,FR_calf_joint",330e02f2406e129bb6ed6ec4a6c6bcd5f80d7e7799a2ab087e81eda65d2fae69,"step=000049 mode=idle   vx= 0.000 vy= 0.000 vxy= 0.000 yaw= 0.000 speed=0.10 imu=none tilt_rp=[-0.0,+0.0]deg imu_corr=0.000 act_max= 0.000 tau_cmd= 0.000 tau_cmd_max= 0.000 cmds=00 bus=none tau_fb= 0.028 tau_fb_max= 0.106",,,,,,,,,,,,,,,,,,,,,,,,,,,,,,,,,,,,,,,,,,,,,,,,,0.0,0.0,0.0,0.0,0.0,0.0,0.0,0.0,0.0,0.0,0.0,0.0,0.0,0.0,0.0,0.0,0.0,0.0,0.0,0.0,0.0,0.0,0.0,0.0,0.5357591509819031,-0.557619035243988,-0.5434292554855347,0.5204188823699951,-0.45867425203323364,0.41111940145492554,-0.42952772974967957,0.44179993867874146,1.2103477716445923,-1.0711348056793213,0.8061314821243286,-0.9307712316513062,0.027466658502817154,-0.05172887444496155,0.016479995101690292,-0.029755547642707825,-0.054475538432598114,0.009613330475986004,0.010528885759413242,0.022431105375289917,-0.14145329594612122,0.1350444108247757,-0.22431103885173798,0.050355542451143265,0.5357591509819031,-0.557619035243988,-0.5434292554855347,0.5204188823699951,-0.45867425203323364,0.41111940145492554,-0.42952772974967957,0.44179993867874146,1.2103477716445923,-1.0711348056793213,0.8061314821243286,-0.9307712316513062
20260708_155717_683245,2026-07-08T15:57:19.097,1.414645,policy,50,idle,0.0,0.0,0.0,0.0,0.0,0.0,0.0,0.0,0.1,none,0.0,0.0,-1.0,-0.0,0.0,0.0,0.0,0.0,0.0,0,none,0.0277718435972929,0.10620441287755966,,"BL_hip_joint,BR_hip_joint,FL_hip_joint,FR_hip_joint,BL_thigh_joint,BR_thigh_joint,FL_thigh_joint,FR_thigh_joint,BL_calf_joint,BR_calf_joint,FL_calf_joint,FR_calf_joint",330e02f2406e129bb6ed6ec4a6c6bcd5f80d7e7799a2ab087e81eda65d2fae69,"step=000050 mode=idle   vx= 0.000 vy= 0.000 vxy= 0.000 yaw= 0.000 speed=0.10 imu=none tilt_rp=[-0.0,+0.0]deg imu_corr=0.000 act_max= 0.000 tau_cmd= 0.000 tau_cmd_max= 0.000 cmds=00 bus=none tau_fb= 0.028 tau_fb_max= 0.106",,,,,,,,,,,,,,,,,,,,,,,,,,,,,,,,,,,,,,,,,,,,,,,,,0.0,0.0,0.0,0.0,0.0,0.0,0.0,0.0,0.0,0.0,0.0,0.0,0.0,0.0,0.0,0.0,0.0,0.0,0.0,0.0,0.0,0.0,0.0,0.0,0.5357591509819031,-0.557619035243988,-0.5434292554855347,0.5204188823699951,-0.45867425203323364,0.41111940145492554,-0.42952772974967957,0.44179993867874146,1.2103477716445923,-1.0711348056793213,0.8061314821243286,-0.9307712316513062,0.027466658502817154,-0.05172887444496155,0.016479995101690292,-0.029755547642707825,-0.054475538432598114,0.009613330475986004,0.010528885759413242,0.022431105375289917,-0.14145329594612122,0.1350444108247757,-0.22431103885173798,0.050355542451143265,0.5357591509819031,-0.557619035243988,-0.5434292554855347,0.5204188823699951,-0.45867425203323364,0.41111940145492554,-0.42952772974967957,0.44179993867874146,1.2103477716445923,-1.0711348056793213,0.8061314821243286,-0.9307712316513062
20260708_155717_683245,2026-07-08T15:57:19.119,1.436405,policy,51,idle,0.0,0.0,0.0,0.0,0.0,0.0,0.0,0.0,0.1,none,0.0,0.0,-1.0,-0.0,0.0,0.0,0.0,0.0,0.0,0,none,0.0277718435972929,0.10620441287755966,,"BL_hip_joint,BR_hip_joint,FL_hip_joint,FR_hip_joint,BL_thigh_joint,BR_thigh_joint,FL_thigh_joint,FR_thigh_joint,BL_calf_joint,BR_calf_joint,FL_calf_joint,FR_calf_joint",330e02f2406e129bb6ed6ec4a6c6bcd5f80d7e7799a2ab087e81eda65d2fae69,"step=000051 mode=idle   vx= 0.000 vy= 0.000 vxy= 0.000 yaw= 0.000 speed=0.10 imu=none tilt_rp=[-0.0,+0.0]deg imu_corr=0.000 act_max= 0.000 tau_cmd= 0.000 tau_cmd_max= 0.000 cmds=00 bus=none tau_fb= 0.028 tau_fb_max= 0.106",,,,,,,,,,,,,,,,,,,,,,,,,,,,,,,,,,,,,,,,,,,,,,,,,0.0,0.0,0.0,0.0,0.0,0.0,0.0,0.0,0.0,0.0,0.0,0.0,0.0,0.0,0.0,0.0,0.0,0.0,0.0,0.0,0.0,0.0,0.0,0.0,0.5357591509819031,-0.557619035243988,-0.5434292554855347,0.5204188823699951,-0.45867425203323364,0.41111940145492554,-0.42952772974967957,0.44179993867874146,1.2103477716445923,-1.0711348056793213,0.8061314821243286,-0.9307712316513062,0.027466658502817154,-0.05172887444496155,0.016479995101690292,-0.029755547642707825,-0.054475538432598114,0.009613330475986004,0.010528885759413242,0.022431105375289917,-0.14145329594612122,0.1350444108247757,-0.22431103885173798,0.050355542451143265,0.5357591509819031,-0.557619035243988,-0.5434292554855347,0.5204188823699951,-0.45867425203323364,0.41111940145492554,-0.42952772974967957,0.44179993867874146,1.2103477716445923,-1.0711348056793213,0.8061314821243286,-0.9307712316513062
20260708_155717_683245,2026-07-08T15:57:19.141,1.458160,policy,52,idle,0.0,0.0,0.0,0.0,0.0,0.0,0.0,0.0,0.1,none,0.0,0.0,-1.0,-0.0,0.0,0.0,0.0,0.0,0.0,0,none,0.0277718435972929,0.10620441287755966,,"BL_hip_joint,BR_hip_joint,FL_hip_joint,FR_hip_joint,BL_thigh_joint,BR_thigh_joint,FL_thigh_joint,FR_thigh_joint,BL_calf_joint,BR_calf_joint,FL_calf_joint,FR_calf_joint",330e02f2406e129bb6ed6ec4a6c6bcd5f80d7e7799a2ab087e81eda65d2fae69,"step=000052 mode=idle   vx= 0.000 vy= 0.000 vxy= 0.000 yaw= 0.000 speed=0.10 imu=none tilt_rp=[-0.0,+0.0]deg imu_corr=0.000 act_max= 0.000 tau_cmd= 0.000 tau_cmd_max= 0.000 cmds=00 bus=none tau_fb= 0.028 tau_fb_max= 0.106",,,,,,,,,,,,,,,,,,,,,,,,,,,,,,,,,,,,,,,,,,,,,,,,,0.0,0.0,0.0,0.0,0.0,0.0,0.0,0.0,0.0,0.0,0.0,0.0,0.0,0.0,0.0,0.0,0.0,0.0,0.0,0.0,0.0,0.0,0.0,0.0,0.5357591509819031,-0.557619035243988,-0.5434292554855347,0.5204188823699951,-0.45867425203323364,0.41111940145492554,-0.42952772974967957,0.44179993867874146,1.2103477716445923,-1.0711348056793213,0.8061314821243286,-0.9307712316513062,0.027466658502817154,-0.05172887444496155,0.016479995101690292,-0.029755547642707825,-0.054475538432598114,0.009613330475986004,0.010528885759413242,0.022431105375289917,-0.14145329594612122,0.1350444108247757,-0.22431103885173798,0.050355542451143265,0.5357591509819031,-0.557619035243988,-0.5434292554855347,0.5204188823699951,-0.45867425203323364,0.41111940145492554,-0.42952772974967957,0.44179993867874146,1.2103477716445923,-1.0711348056793213,0.8061314821243286,-0.9307712316513062
20260708_155717_683245,2026-07-08T15:57:19.163,1.479932,policy,53,idle,0.0,0.0,0.0,0.0,0.0,0.0,0.0,0.0,0.1,none,0.0,0.0,-1.0,-0.0,0.0,0.0,0.0,0.0,0.0,0,none,0.0277718435972929,0.10620441287755966,,"BL_hip_joint,BR_hip_joint,FL_hip_joint,FR_hip_joint,BL_thigh_joint,BR_thigh_joint,FL_thigh_joint,FR_thigh_joint,BL_calf_joint,BR_calf_joint,FL_calf_joint,FR_calf_joint",330e02f2406e129bb6ed6ec4a6c6bcd5f80d7e7799a2ab087e81eda65d2fae69,"step=000053 mode=idle   vx= 0.000 vy= 0.000 vxy= 0.000 yaw= 0.000 speed=0.10 imu=none tilt_rp=[-0.0,+0.0]deg imu_corr=0.000 act_max= 0.000 tau_cmd= 0.000 tau_cmd_max= 0.000 cmds=00 bus=none tau_fb= 0.028 tau_fb_max= 0.106",,,,,,,,,,,,,,,,,,,,,,,,,,,,,,,,,,,,,,,,,,,,,,,,,0.0,0.0,0.0,0.0,0.0,0.0,0.0,0.0,0.0,0.0,0.0,0.0,0.0,0.0,0.0,0.0,0.0,0.0,0.0,0.0,0.0,0.0,0.0,0.0,0.5357591509819031,-0.557619035243988,-0.5434292554855347,0.5204188823699951,-0.45867425203323364,0.41111940145492554,-0.42952772974967957,0.44179993867874146,1.2103477716445923,-1.0711348056793213,0.8061314821243286,-0.9307712316513062,0.027466658502817154,-0.05172887444496155,0.016479995101690292,-0.029755547642707825,-0.054475538432598114,0.009613330475986004,0.010528885759413242,0.022431105375289917,-0.14145329594612122,0.1350444108247757,-0.22431103885173798,0.050355542451143265,0.5357591509819031,-0.557619035243988,-0.5434292554855347,0.5204188823699951,-0.45867425203323364,0.41111940145492554,-0.42952772974967957,0.44179993867874146,1.2103477716445923,-1.0711348056793213,0.8061314821243286,-0.9307712316513062
20260708_155717_683245,2026-07-08T15:57:19.184,1.501688,policy,54,idle,0.0,0.0,0.0,0.0,0.0,0.0,0.0,0.0,0.1,none,0.0,0.0,-1.0,-0.0,0.0,0.0,0.0,0.0,0.0,0,none,0.0277718435972929,0.10620441287755966,,"BL_hip_joint,BR_hip_joint,FL_hip_joint,FR_hip_joint,BL_thigh_joint,BR_thigh_joint,FL_thigh_joint,FR_thigh_joint,BL_calf_joint,BR_calf_joint,FL_calf_joint,FR_calf_joint",330e02f2406e129bb6ed6ec4a6c6bcd5f80d7e7799a2ab087e81eda65d2fae69,"step=000054 mode=idle   vx= 0.000 vy= 0.000 vxy= 0.000 yaw= 0.000 speed=0.10 imu=none tilt_rp=[-0.0,+0.0]deg imu_corr=0.000 act_max= 0.000 tau_cmd= 0.000 tau_cmd_max= 0.000 cmds=00 bus=none tau_fb= 0.028 tau_fb_max= 0.106",,,,,,,,,,,,,,,,,,,,,,,,,,,,,,,,,,,,,,,,,,,,,,,,,0.0,0.0,0.0,0.0,0.0,0.0,0.0,0.0,0.0,0.0,0.0,0.0,0.0,0.0,0.0,0.0,0.0,0.0,0.0,0.0,0.0,0.0,0.0,0.0,0.5357591509819031,-0.557619035243988,-0.5434292554855347,0.5204188823699951,-0.45867425203323364,0.41111940145492554,-0.42952772974967957,0.44179993867874146,1.2103477716445923,-1.0711348056793213,0.8061314821243286,-0.9307712316513062,0.027466658502817154,-0.05172887444496155,0.016479995101690292,-0.029755547642707825,-0.054475538432598114,0.009613330475986004,0.010528885759413242,0.022431105375289917,-0.14145329594612122,0.1350444108247757,-0.22431103885173798,0.050355542451143265,0.5357591509819031,-0.557619035243988,-0.5434292554855347,0.5204188823699951,-0.45867425203323364,0.41111940145492554,-0.42952772974967957,0.44179993867874146,1.2103477716445923,-1.0711348056793213,0.8061314821243286,-0.9307712316513062
20260708_155717_683245,2026-07-08T15:57:19.206,1.523461,policy,55,idle,0.0,0.0,0.0,0.0,0.0,0.0,0.0,0.0,0.1,none,0.0,0.0,-1.0,-0.0,0.0,0.0,0.0,0.0,0.0,0,none,0.0277718435972929,0.10620441287755966,,"BL_hip_joint,BR_hip_joint,FL_hip_joint,FR_hip_joint,BL_thigh_joint,BR_thigh_joint,FL_thigh_joint,FR_thigh_joint,BL_calf_joint,BR_calf_joint,FL_calf_joint,FR_calf_joint",330e02f2406e129bb6ed6ec4a6c6bcd5f80d7e7799a2ab087e81eda65d2fae69,"step=000055 mode=idle   vx= 0.000 vy= 0.000 vxy= 0.000 yaw= 0.000 speed=0.10 imu=none tilt_rp=[-0.0,+0.0]deg imu_corr=0.000 act_max= 0.000 tau_cmd= 0.000 tau_cmd_max= 0.000 cmds=00 bus=none tau_fb= 0.028 tau_fb_max= 0.106",,,,,,,,,,,,,,,,,,,,,,,,,,,,,,,,,,,,,,,,,,,,,,,,,0.0,0.0,0.0,0.0,0.0,0.0,0.0,0.0,0.0,0.0,0.0,0.0,0.0,0.0,0.0,0.0,0.0,0.0,0.0,0.0,0.0,0.0,0.0,0.0,0.5357591509819031,-0.557619035243988,-0.5434292554855347,0.5204188823699951,-0.45867425203323364,0.41111940145492554,-0.42952772974967957,0.44179993867874146,1.2103477716445923,-1.0711348056793213,0.8061314821243286,-0.9307712316513062,0.027466658502817154,-0.05172887444496155,0.016479995101690292,-0.029755547642707825,-0.054475538432598114,0.009613330475986004,0.010528885759413242,0.022431105375289917,-0.14145329594612122,0.1350444108247757,-0.22431103885173798,0.050355542451143265,0.5357591509819031,-0.557619035243988,-0.5434292554855347,0.5204188823699951,-0.45867425203323364,0.41111940145492554,-0.42952772974967957,0.44179993867874146,1.2103477716445923,-1.0711348056793213,0.8061314821243286,-0.9307712316513062
20260708_155717_683245,2026-07-08T15:57:19.228,1.545262,policy,56,idle,0.0,0.0,0.0,0.0,0.0,0.0,0.0,0.0,0.1,none,0.0,0.0,-1.0,-0.0,0.0,0.0,0.0,0.0,0.0,0,none,0.0277718435972929,0.10620441287755966,,"BL_hip_joint,BR_hip_joint,FL_hip_joint,FR_hip_joint,BL_thigh_joint,BR_thigh_joint,FL_thigh_joint,FR_thigh_joint,BL_calf_joint,BR_calf_joint,FL_calf_joint,FR_calf_joint",330e02f2406e129bb6ed6ec4a6c6bcd5f80d7e7799a2ab087e81eda65d2fae69,"step=000056 mode=idle   vx= 0.000 vy= 0.000 vxy= 0.000 yaw= 0.000 speed=0.10 imu=none tilt_rp=[-0.0,+0.0]deg imu_corr=0.000 act_max= 0.000 tau_cmd= 0.000 tau_cmd_max= 0.000 cmds=00 bus=none tau_fb= 0.028 tau_fb_max= 0.106",,,,,,,,,,,,,,,,,,,,,,,,,,,,,,,,,,,,,,,,,,,,,,,,,0.0,0.0,0.0,0.0,0.0,0.0,0.0,0.0,0.0,0.0,0.0,0.0,0.0,0.0,0.0,0.0,0.0,0.0,0.0,0.0,0.0,0.0,0.0,0.0,0.5357591509819031,-0.557619035243988,-0.5434292554855347,0.5204188823699951,-0.45867425203323364,0.41111940145492554,-0.42952772974967957,0.44179993867874146,1.2103477716445923,-1.0711348056793213,0.8061314821243286,-0.9307712316513062,0.027466658502817154,-0.05172887444496155,0.016479995101690292,-0.029755547642707825,-0.054475538432598114,0.009613330475986004,0.010528885759413242,0.022431105375289917,-0.14145329594612122,0.1350444108247757,-0.22431103885173798,0.050355542451143265,0.5357591509819031,-0.557619035243988,-0.5434292554855347,0.5204188823699951,-0.45867425203323364,0.41111940145492554,-0.42952772974967957,0.44179993867874146,1.2103477716445923,-1.0711348056793213,0.8061314821243286,-0.9307712316513062
20260708_155717_683245,2026-07-08T15:57:19.250,1.567053,policy,57,idle,0.0,0.0,0.0,0.0,0.0,0.0,0.0,0.0,0.1,none,0.0,0.0,-1.0,-0.0,0.0,0.0,0.0,0.0,0.0,0,none,0.0277718435972929,0.10620441287755966,,"BL_hip_joint,BR_hip_joint,FL_hip_joint,FR_hip_joint,BL_thigh_joint,BR_thigh_joint,FL_thigh_joint,FR_thigh_joint,BL_calf_joint,BR_calf_joint,FL_calf_joint,FR_calf_joint",330e02f2406e129bb6ed6ec4a6c6bcd5f80d7e7799a2ab087e81eda65d2fae69,"step=000057 mode=idle   vx= 0.000 vy= 0.000 vxy= 0.000 yaw= 0.000 speed=0.10 imu=none tilt_rp=[-0.0,+0.0]deg imu_corr=0.000 act_max= 0.000 tau_cmd= 0.000 tau_cmd_max= 0.000 cmds=00 bus=none tau_fb= 0.028 tau_fb_max= 0.106",,,,,,,,,,,,,,,,,,,,,,,,,,,,,,,,,,,,,,,,,,,,,,,,,0.0,0.0,0.0,0.0,0.0,0.0,0.0,0.0,0.0,0.0,0.0,0.0,0.0,0.0,0.0,0.0,0.0,0.0,0.0,0.0,0.0,0.0,0.0,0.0,0.5357591509819031,-0.557619035243988,-0.5434292554855347,0.5204188823699951,-0.45867425203323364,0.41111940145492554,-0.42952772974967957,0.44179993867874146,1.2103477716445923,-1.0711348056793213,0.8061314821243286,-0.9307712316513062,0.027466658502817154,-0.05172887444496155,0.016479995101690292,-0.029755547642707825,-0.054475538432598114,0.009613330475986004,0.010528885759413242,0.022431105375289917,-0.14145329594612122,0.1350444108247757,-0.22431103885173798,0.050355542451143265,0.5357591509819031,-0.557619035243988,-0.5434292554855347,0.5204188823699951,-0.45867425203323364,0.41111940145492554,-0.42952772974967957,0.44179993867874146,1.2103477716445923,-1.0711348056793213,0.8061314821243286,-0.9307712316513062
20260708_155717_683245,2026-07-08T15:57:19.272,1.588823,policy,58,idle,0.0,0.0,0.0,0.0,0.0,0.0,0.0,0.0,0.1,none,0.0,0.0,-1.0,-0.0,0.0,0.0,0.0,0.0,0.0,0,none,0.0277718435972929,0.10620441287755966,,"BL_hip_joint,BR_hip_joint,FL_hip_joint,FR_hip_joint,BL_thigh_joint,BR_thigh_joint,FL_thigh_joint,FR_thigh_joint,BL_calf_joint,BR_calf_joint,FL_calf_joint,FR_calf_joint",330e02f2406e129bb6ed6ec4a6c6bcd5f80d7e7799a2ab087e81eda65d2fae69,"step=000058 mode=idle   vx= 0.000 vy= 0.000 vxy= 0.000 yaw= 0.000 speed=0.10 imu=none tilt_rp=[-0.0,+0.0]deg imu_corr=0.000 act_max= 0.000 tau_cmd= 0.000 tau_cmd_max= 0.000 cmds=00 bus=none tau_fb= 0.028 tau_fb_max= 0.106",,,,,,,,,,,,,,,,,,,,,,,,,,,,,,,,,,,,,,,,,,,,,,,,,0.0,0.0,0.0,0.0,0.0,0.0,0.0,0.0,0.0,0.0,0.0,0.0,0.0,0.0,0.0,0.0,0.0,0.0,0.0,0.0,0.0,0.0,0.0,0.0,0.5357591509819031,-0.557619035243988,-0.5434292554855347,0.5204188823699951,-0.45867425203323364,0.41111940145492554,-0.42952772974967957,0.44179993867874146,1.2103477716445923,-1.0711348056793213,0.8061314821243286,-0.9307712316513062,0.027466658502817154,-0.05172887444496155,0.016479995101690292,-0.029755547642707825,-0.054475538432598114,0.009613330475986004,0.010528885759413242,0.022431105375289917,-0.14145329594612122,0.1350444108247757,-0.22431103885173798,0.050355542451143265,0.5357591509819031,-0.557619035243988,-0.5434292554855347,0.5204188823699951,-0.45867425203323364,0.41111940145492554,-0.42952772974967957,0.44179993867874146,1.2103477716445923,-1.0711348056793213,0.8061314821243286,-0.9307712316513062
20260708_155717_683245,2026-07-08T15:57:19.293,1.610627,policy,59,idle,0.0,0.0,0.0,0.0,0.0,0.0,0.0,0.0,0.1,none,0.0,0.0,-1.0,-0.0,0.0,0.0,0.0,0.0,0.0,0,none,0.0277718435972929,0.10620441287755966,,"BL_hip_joint,BR_hip_joint,FL_hip_joint,FR_hip_joint,BL_thigh_joint,BR_thigh_joint,FL_thigh_joint,FR_thigh_joint,BL_calf_joint,BR_calf_joint,FL_calf_joint,FR_calf_joint",330e02f2406e129bb6ed6ec4a6c6bcd5f80d7e7799a2ab087e81eda65d2fae69,"step=000059 mode=idle   vx= 0.000 vy= 0.000 vxy= 0.000 yaw= 0.000 speed=0.10 imu=none tilt_rp=[-0.0,+0.0]deg imu_corr=0.000 act_max= 0.000 tau_cmd= 0.000 tau_cmd_max= 0.000 cmds=00 bus=none tau_fb= 0.028 tau_fb_max= 0.106",,,,,,,,,,,,,,,,,,,,,,,,,,,,,,,,,,,,,,,,,,,,,,,,,0.0,0.0,0.0,0.0,0.0,0.0,0.0,0.0,0.0,0.0,0.0,0.0,0.0,0.0,0.0,0.0,0.0,0.0,0.0,0.0,0.0,0.0,0.0,0.0,0.5357591509819031,-0.557619035243988,-0.5434292554855347,0.5204188823699951,-0.45867425203323364,0.41111940145492554,-0.42952772974967957,0.44179993867874146,1.2103477716445923,-1.0711348056793213,0.8061314821243286,-0.9307712316513062,0.027466658502817154,-0.05172887444496155,0.016479995101690292,-0.029755547642707825,-0.054475538432598114,0.009613330475986004,0.010528885759413242,0.022431105375289917,-0.14145329594612122,0.1350444108247757,-0.22431103885173798,0.050355542451143265,0.5357591509819031,-0.557619035243988,-0.5434292554855347,0.5204188823699951,-0.45867425203323364,0.41111940145492554,-0.42952772974967957,0.44179993867874146,1.2103477716445923,-1.0711348056793213,0.8061314821243286,-0.9307712316513062
20260708_155717_683245,2026-07-08T15:57:19.315,1.632387,policy,60,idle,0.0,0.0,0.0,0.0,0.0,0.0,0.0,0.0,0.1,none,0.0,0.0,-1.0,-0.0,0.0,0.0,0.0,0.0,0.0,0,none,0.0277718435972929,0.10620441287755966,,"BL_hip_joint,BR_hip_joint,FL_hip_joint,FR_hip_joint,BL_thigh_joint,BR_thigh_joint,FL_thigh_joint,FR_thigh_joint,BL_calf_joint,BR_calf_joint,FL_calf_joint,FR_calf_joint",330e02f2406e129bb6ed6ec4a6c6bcd5f80d7e7799a2ab087e81eda65d2fae69,"step=000060 mode=idle   vx= 0.000 vy= 0.000 vxy= 0.000 yaw= 0.000 speed=0.10 imu=none tilt_rp=[-0.0,+0.0]deg imu_corr=0.000 act_max= 0.000 tau_cmd= 0.000 tau_cmd_max= 0.000 cmds=00 bus=none tau_fb= 0.028 tau_fb_max= 0.106",,,,,,,,,,,,,,,,,,,,,,,,,,,,,,,,,,,,,,,,,,,,,,,,,0.0,0.0,0.0,0.0,0.0,0.0,0.0,0.0,0.0,0.0,0.0,0.0,0.0,0.0,0.0,0.0,0.0,0.0,0.0,0.0,0.0,0.0,0.0,0.0,0.5357591509819031,-0.557619035243988,-0.5434292554855347,0.5204188823699951,-0.45867425203323364,0.41111940145492554,-0.42952772974967957,0.44179993867874146,1.2103477716445923,-1.0711348056793213,0.8061314821243286,-0.9307712316513062,0.027466658502817154,-0.05172887444496155,0.016479995101690292,-0.029755547642707825,-0.054475538432598114,0.009613330475986004,0.010528885759413242,0.022431105375289917,-0.14145329594612122,0.1350444108247757,-0.22431103885173798,0.050355542451143265,0.5357591509819031,-0.557619035243988,-0.5434292554855347,0.5204188823699951,-0.45867425203323364,0.41111940145492554,-0.42952772974967957,0.44179993867874146,1.2103477716445923,-1.0711348056793213,0.8061314821243286,-0.9307712316513062
20260708_155717_683245,2026-07-08T15:57:19.337,1.654208,policy,61,idle,0.0,0.0,0.0,0.0,0.0,0.0,0.0,0.0,0.1,none,0.0,0.0,-1.0,-0.0,0.0,0.0,0.0,0.0,0.0,0,none,0.0277718435972929,0.10620441287755966,,"BL_hip_joint,BR_hip_joint,FL_hip_joint,FR_hip_joint,BL_thigh_joint,BR_thigh_joint,FL_thigh_joint,FR_thigh_joint,BL_calf_joint,BR_calf_joint,FL_calf_joint,FR_calf_joint",330e02f2406e129bb6ed6ec4a6c6bcd5f80d7e7799a2ab087e81eda65d2fae69,"step=000061 mode=idle   vx= 0.000 vy= 0.000 vxy= 0.000 yaw= 0.000 speed=0.10 imu=none tilt_rp=[-0.0,+0.0]deg imu_corr=0.000 act_max= 0.000 tau_cmd= 0.000 tau_cmd_max= 0.000 cmds=00 bus=none tau_fb= 0.028 tau_fb_max= 0.106",,,,,,,,,,,,,,,,,,,,,,,,,,,,,,,,,,,,,,,,,,,,,,,,,0.0,0.0,0.0,0.0,0.0,0.0,0.0,0.0,0.0,0.0,0.0,0.0,0.0,0.0,0.0,0.0,0.0,0.0,0.0,0.0,0.0,0.0,0.0,0.0,0.5357591509819031,-0.557619035243988,-0.5434292554855347,0.5204188823699951,-0.45867425203323364,0.41111940145492554,-0.42952772974967957,0.44179993867874146,1.2103477716445923,-1.0711348056793213,0.8061314821243286,-0.9307712316513062,0.027466658502817154,-0.05172887444496155,0.016479995101690292,-0.029755547642707825,-0.054475538432598114,0.009613330475986004,0.010528885759413242,0.022431105375289917,-0.14145329594612122,0.1350444108247757,-0.22431103885173798,0.050355542451143265,0.5357591509819031,-0.557619035243988,-0.5434292554855347,0.5204188823699951,-0.45867425203323364,0.41111940145492554,-0.42952772974967957,0.44179993867874146,1.2103477716445923,-1.0711348056793213,0.8061314821243286,-0.9307712316513062
20260708_155717_683245,2026-07-08T15:57:19.359,1.675981,policy,62,idle,0.0,0.0,0.0,0.0,0.0,0.0,0.0,0.0,0.1,none,0.0,0.0,-1.0,-0.0,0.0,0.0,0.0,0.0,0.0,0,none,0.0277718435972929,0.10620441287755966,,"BL_hip_joint,BR_hip_joint,FL_hip_joint,FR_hip_joint,BL_thigh_joint,BR_thigh_joint,FL_thigh_joint,FR_thigh_joint,BL_calf_joint,BR_calf_joint,FL_calf_joint,FR_calf_joint",330e02f2406e129bb6ed6ec4a6c6bcd5f80d7e7799a2ab087e81eda65d2fae69,"step=000062 mode=idle   vx= 0.000 vy= 0.000 vxy= 0.000 yaw= 0.000 speed=0.10 imu=none tilt_rp=[-0.0,+0.0]deg imu_corr=0.000 act_max= 0.000 tau_cmd= 0.000 tau_cmd_max= 0.000 cmds=00 bus=none tau_fb= 0.028 tau_fb_max= 0.106",,,,,,,,,,,,,,,,,,,,,,,,,,,,,,,,,,,,,,,,,,,,,,,,,0.0,0.0,0.0,0.0,0.0,0.0,0.0,0.0,0.0,0.0,0.0,0.0,0.0,0.0,0.0,0.0,0.0,0.0,0.0,0.0,0.0,0.0,0.0,0.0,0.5357591509819031,-0.557619035243988,-0.5434292554855347,0.5204188823699951,-0.45867425203323364,0.41111940145492554,-0.42952772974967957,0.44179993867874146,1.2103477716445923,-1.0711348056793213,0.8061314821243286,-0.9307712316513062,0.027466658502817154,-0.05172887444496155,0.016479995101690292,-0.029755547642707825,-0.054475538432598114,0.009613330475986004,0.010528885759413242,0.022431105375289917,-0.14145329594612122,0.1350444108247757,-0.22431103885173798,0.050355542451143265,0.5357591509819031,-0.557619035243988,-0.5434292554855347,0.5204188823699951,-0.45867425203323364,0.41111940145492554,-0.42952772974967957,0.44179993867874146,1.2103477716445923,-1.0711348056793213,0.8061314821243286,-0.9307712316513062
20260708_155717_683245,2026-07-08T15:57:19.381,1.697734,policy,63,idle,0.0,0.0,0.0,0.0,0.0,0.0,0.0,0.0,0.1,none,0.0,0.0,-1.0,-0.0,0.0,0.0,0.0,0.0,0.0,0,none,0.0277718435972929,0.10620441287755966,,"BL_hip_joint,BR_hip_joint,FL_hip_joint,FR_hip_joint,BL_thigh_joint,BR_thigh_joint,FL_thigh_joint,FR_thigh_joint,BL_calf_joint,BR_calf_joint,FL_calf_joint,FR_calf_joint",330e02f2406e129bb6ed6ec4a6c6bcd5f80d7e7799a2ab087e81eda65d2fae69,"step=000063 mode=idle   vx= 0.000 vy= 0.000 vxy= 0.000 yaw= 0.000 speed=0.10 imu=none tilt_rp=[-0.0,+0.0]deg imu_corr=0.000 act_max= 0.000 tau_cmd= 0.000 tau_cmd_max= 0.000 cmds=00 bus=none tau_fb= 0.028 tau_fb_max= 0.106",,,,,,,,,,,,,,,,,,,,,,,,,,,,,,,,,,,,,,,,,,,,,,,,,0.0,0.0,0.0,0.0,0.0,0.0,0.0,0.0,0.0,0.0,0.0,0.0,0.0,0.0,0.0,0.0,0.0,0.0,0.0,0.0,0.0,0.0,0.0,0.0,0.5357591509819031,-0.557619035243988,-0.5434292554855347,0.5204188823699951,-0.45867425203323364,0.41111940145492554,-0.42952772974967957,0.44179993867874146,1.2103477716445923,-1.0711348056793213,0.8061314821243286,-0.9307712316513062,0.027466658502817154,-0.05172887444496155,0.016479995101690292,-0.029755547642707825,-0.054475538432598114,0.009613330475986004,0.010528885759413242,0.022431105375289917,-0.14145329594612122,0.1350444108247757,-0.22431103885173798,0.050355542451143265,0.5357591509819031,-0.557619035243988,-0.5434292554855347,0.5204188823699951,-0.45867425203323364,0.41111940145492554,-0.42952772974967957,0.44179993867874146,1.2103477716445923,-1.0711348056793213,0.8061314821243286,-0.9307712316513062
20260708_155717_683245,2026-07-08T15:57:19.402,1.719578,policy,64,idle,0.0,0.0,0.0,0.0,0.0,0.0,0.0,0.0,0.1,none,0.0,0.0,-1.0,-0.0,0.0,0.0,0.0,0.0,0.0,0,none,0.0277718435972929,0.10620441287755966,,"BL_hip_joint,BR_hip_joint,FL_hip_joint,FR_hip_joint,BL_thigh_joint,BR_thigh_joint,FL_thigh_joint,FR_thigh_joint,BL_calf_joint,BR_calf_joint,FL_calf_joint,FR_calf_joint",330e02f2406e129bb6ed6ec4a6c6bcd5f80d7e7799a2ab087e81eda65d2fae69,"step=000064 mode=idle   vx= 0.000 vy= 0.000 vxy= 0.000 yaw= 0.000 speed=0.10 imu=none tilt_rp=[-0.0,+0.0]deg imu_corr=0.000 act_max= 0.000 tau_cmd= 0.000 tau_cmd_max= 0.000 cmds=00 bus=none tau_fb= 0.028 tau_fb_max= 0.106",,,,,,,,,,,,,,,,,,,,,,,,,,,,,,,,,,,,,,,,,,,,,,,,,0.0,0.0,0.0,0.0,0.0,0.0,0.0,0.0,0.0,0.0,0.0,0.0,0.0,0.0,0.0,0.0,0.0,0.0,0.0,0.0,0.0,0.0,0.0,0.0,0.5357591509819031,-0.557619035243988,-0.5434292554855347,0.5204188823699951,-0.45867425203323364,0.41111940145492554,-0.42952772974967957,0.44179993867874146,1.2103477716445923,-1.0711348056793213,0.8061314821243286,-0.9307712316513062,0.027466658502817154,-0.05172887444496155,0.016479995101690292,-0.029755547642707825,-0.054475538432598114,0.009613330475986004,0.010528885759413242,0.022431105375289917,-0.14145329594612122,0.1350444108247757,-0.22431103885173798,0.050355542451143265,0.5357591509819031,-0.557619035243988,-0.5434292554855347,0.5204188823699951,-0.45867425203323364,0.41111940145492554,-0.42952772974967957,0.44179993867874146,1.2103477716445923,-1.0711348056793213,0.8061314821243286,-0.9307712316513062
20260708_155717_683245,2026-07-08T15:57:19.424,1.741405,policy,65,idle,0.0,0.0,0.0,0.0,0.0,0.0,0.0,0.0,0.1,none,0.0,0.0,-1.0,-0.0,0.0,0.0,0.0,0.0,0.0,0,none,0.0277718435972929,0.10620441287755966,,"BL_hip_joint,BR_hip_joint,FL_hip_joint,FR_hip_joint,BL_thigh_joint,BR_thigh_joint,FL_thigh_joint,FR_thigh_joint,BL_calf_joint,BR_calf_joint,FL_calf_joint,FR_calf_joint",330e02f2406e129bb6ed6ec4a6c6bcd5f80d7e7799a2ab087e81eda65d2fae69,"step=000065 mode=idle   vx= 0.000 vy= 0.000 vxy= 0.000 yaw= 0.000 speed=0.10 imu=none tilt_rp=[-0.0,+0.0]deg imu_corr=0.000 act_max= 0.000 tau_cmd= 0.000 tau_cmd_max= 0.000 cmds=00 bus=none tau_fb= 0.028 tau_fb_max= 0.106",,,,,,,,,,,,,,,,,,,,,,,,,,,,,,,,,,,,,,,,,,,,,,,,,0.0,0.0,0.0,0.0,0.0,0.0,0.0,0.0,0.0,0.0,0.0,0.0,0.0,0.0,0.0,0.0,0.0,0.0,0.0,0.0,0.0,0.0,0.0,0.0,0.5357591509819031,-0.557619035243988,-0.5434292554855347,0.5204188823699951,-0.45867425203323364,0.41111940145492554,-0.42952772974967957,0.44179993867874146,1.2103477716445923,-1.0711348056793213,0.8061314821243286,-0.9307712316513062,0.027466658502817154,-0.05172887444496155,0.016479995101690292,-0.029755547642707825,-0.054475538432598114,0.009613330475986004,0.010528885759413242,0.022431105375289917,-0.14145329594612122,0.1350444108247757,-0.22431103885173798,0.050355542451143265,0.5357591509819031,-0.557619035243988,-0.5434292554855347,0.5204188823699951,-0.45867425203323364,0.41111940145492554,-0.42952772974967957,0.44179993867874146,1.2103477716445923,-1.0711348056793213,0.8061314821243286,-0.9307712316513062
20260708_155717_683245,2026-07-08T15:57:19.446,1.763178,policy,66,idle,0.0,0.0,0.0,0.0,0.0,0.0,0.0,0.0,0.1,none,0.0,0.0,-1.0,-0.0,0.0,0.0,0.0,0.0,0.0,0,none,0.0277718435972929,0.10620441287755966,,"BL_hip_joint,BR_hip_joint,FL_hip_joint,FR_hip_joint,BL_thigh_joint,BR_thigh_joint,FL_thigh_joint,FR_thigh_joint,BL_calf_joint,BR_calf_joint,FL_calf_joint,FR_calf_joint",330e02f2406e129bb6ed6ec4a6c6bcd5f80d7e7799a2ab087e81eda65d2fae69,"step=000066 mode=idle   vx= 0.000 vy= 0.000 vxy= 0.000 yaw= 0.000 speed=0.10 imu=none tilt_rp=[-0.0,+0.0]deg imu_corr=0.000 act_max= 0.000 tau_cmd= 0.000 tau_cmd_max= 0.000 cmds=00 bus=none tau_fb= 0.028 tau_fb_max= 0.106",,,,,,,,,,,,,,,,,,,,,,,,,,,,,,,,,,,,,,,,,,,,,,,,,0.0,0.0,0.0,0.0,0.0,0.0,0.0,0.0,0.0,0.0,0.0,0.0,0.0,0.0,0.0,0.0,0.0,0.0,0.0,0.0,0.0,0.0,0.0,0.0,0.5357591509819031,-0.557619035243988,-0.5434292554855347,0.5204188823699951,-0.45867425203323364,0.41111940145492554,-0.42952772974967957,0.44179993867874146,1.2103477716445923,-1.0711348056793213,0.8061314821243286,-0.9307712316513062,0.027466658502817154,-0.05172887444496155,0.016479995101690292,-0.029755547642707825,-0.054475538432598114,0.009613330475986004,0.010528885759413242,0.022431105375289917,-0.14145329594612122,0.1350444108247757,-0.22431103885173798,0.050355542451143265,0.5357591509819031,-0.557619035243988,-0.5434292554855347,0.5204188823699951,-0.45867425203323364,0.41111940145492554,-0.42952772974967957,0.44179993867874146,1.2103477716445923,-1.0711348056793213,0.8061314821243286,-0.9307712316513062
20260708_155717_683245,2026-07-08T15:57:19.468,1.785023,policy,67,idle,0.0,0.0,0.0,0.0,0.0,0.0,0.0,0.0,0.1,none,0.0,0.0,-1.0,-0.0,0.0,0.0,0.0,0.0,0.0,0,none,0.0277718435972929,0.10620441287755966,,"BL_hip_joint,BR_hip_joint,FL_hip_joint,FR_hip_joint,BL_thigh_joint,BR_thigh_joint,FL_thigh_joint,FR_thigh_joint,BL_calf_joint,BR_calf_joint,FL_calf_joint,FR_calf_joint",330e02f2406e129bb6ed6ec4a6c6bcd5f80d7e7799a2ab087e81eda65d2fae69,"step=000067 mode=idle   vx= 0.000 vy= 0.000 vxy= 0.000 yaw= 0.000 speed=0.10 imu=none tilt_rp=[-0.0,+0.0]deg imu_corr=0.000 act_max= 0.000 tau_cmd= 0.000 tau_cmd_max= 0.000 cmds=00 bus=none tau_fb= 0.028 tau_fb_max= 0.106",,,,,,,,,,,,,,,,,,,,,,,,,,,,,,,,,,,,,,,,,,,,,,,,,0.0,0.0,0.0,0.0,0.0,0.0,0.0,0.0,0.0,0.0,0.0,0.0,0.0,0.0,0.0,0.0,0.0,0.0,0.0,0.0,0.0,0.0,0.0,0.0,0.5357591509819031,-0.557619035243988,-0.5434292554855347,0.5204188823699951,-0.45867425203323364,0.41111940145492554,-0.42952772974967957,0.44179993867874146,1.2103477716445923,-1.0711348056793213,0.8061314821243286,-0.9307712316513062,0.027466658502817154,-0.05172887444496155,0.016479995101690292,-0.029755547642707825,-0.054475538432598114,0.009613330475986004,0.010528885759413242,0.022431105375289917,-0.14145329594612122,0.1350444108247757,-0.22431103885173798,0.050355542451143265,0.5357591509819031,-0.557619035243988,-0.5434292554855347,0.5204188823699951,-0.45867425203323364,0.41111940145492554,-0.42952772974967957,0.44179993867874146,1.2103477716445923,-1.0711348056793213,0.8061314821243286,-0.9307712316513062
20260708_155717_683245,2026-07-08T15:57:19.490,1.806761,policy,68,idle,0.0,0.0,0.0,0.0,0.0,0.0,0.0,0.0,0.1,none,0.0,0.0,-1.0,-0.0,0.0,0.0,0.0,0.0,0.0,0,none,0.0277718435972929,0.10620441287755966,,"BL_hip_joint,BR_hip_joint,FL_hip_joint,FR_hip_joint,BL_thigh_joint,BR_thigh_joint,FL_thigh_joint,FR_thigh_joint,BL_calf_joint,BR_calf_joint,FL_calf_joint,FR_calf_joint",330e02f2406e129bb6ed6ec4a6c6bcd5f80d7e7799a2ab087e81eda65d2fae69,"step=000068 mode=idle   vx= 0.000 vy= 0.000 vxy= 0.000 yaw= 0.000 speed=0.10 imu=none tilt_rp=[-0.0,+0.0]deg imu_corr=0.000 act_max= 0.000 tau_cmd= 0.000 tau_cmd_max= 0.000 cmds=00 bus=none tau_fb= 0.028 tau_fb_max= 0.106",,,,,,,,,,,,,,,,,,,,,,,,,,,,,,,,,,,,,,,,,,,,,,,,,0.0,0.0,0.0,0.0,0.0,0.0,0.0,0.0,0.0,0.0,0.0,0.0,0.0,0.0,0.0,0.0,0.0,0.0,0.0,0.0,0.0,0.0,0.0,0.0,0.5357591509819031,-0.557619035243988,-0.5434292554855347,0.5204188823699951,-0.45867425203323364,0.41111940145492554,-0.42952772974967957,0.44179993867874146,1.2103477716445923,-1.0711348056793213,0.8061314821243286,-0.9307712316513062,0.027466658502817154,-0.05172887444496155,0.016479995101690292,-0.029755547642707825,-0.054475538432598114,0.009613330475986004,0.010528885759413242,0.022431105375289917,-0.14145329594612122,0.1350444108247757,-0.22431103885173798,0.050355542451143265,0.5357591509819031,-0.557619035243988,-0.5434292554855347,0.5204188823699951,-0.45867425203323364,0.41111940145492554,-0.42952772974967957,0.44179993867874146,1.2103477716445923,-1.0711348056793213,0.8061314821243286,-0.9307712316513062
20260708_155717_683245,2026-07-08T15:57:19.511,1.828603,policy,69,idle,0.0,0.0,0.0,0.0,0.0,0.0,0.0,0.0,0.1,none,0.0,0.0,-1.0,-0.0,0.0,0.0,0.0,0.0,0.0,0,none,0.0277718435972929,0.10620441287755966,,"BL_hip_joint,BR_hip_joint,FL_hip_joint,FR_hip_joint,BL_thigh_joint,BR_thigh_joint,FL_thigh_joint,FR_thigh_joint,BL_calf_joint,BR_calf_joint,FL_calf_joint,FR_calf_joint",330e02f2406e129bb6ed6ec4a6c6bcd5f80d7e7799a2ab087e81eda65d2fae69,"step=000069 mode=idle   vx= 0.000 vy= 0.000 vxy= 0.000 yaw= 0.000 speed=0.10 imu=none tilt_rp=[-0.0,+0.0]deg imu_corr=0.000 act_max= 0.000 tau_cmd= 0.000 tau_cmd_max= 0.000 cmds=00 bus=none tau_fb= 0.028 tau_fb_max= 0.106",,,,,,,,,,,,,,,,,,,,,,,,,,,,,,,,,,,,,,,,,,,,,,,,,0.0,0.0,0.0,0.0,0.0,0.0,0.0,0.0,0.0,0.0,0.0,0.0,0.0,0.0,0.0,0.0,0.0,0.0,0.0,0.0,0.0,0.0,0.0,0.0,0.5357591509819031,-0.557619035243988,-0.5434292554855347,0.5204188823699951,-0.45867425203323364,0.41111940145492554,-0.42952772974967957,0.44179993867874146,1.2103477716445923,-1.0711348056793213,0.8061314821243286,-0.9307712316513062,0.027466658502817154,-0.05172887444496155,0.016479995101690292,-0.029755547642707825,-0.054475538432598114,0.009613330475986004,0.010528885759413242,0.022431105375289917,-0.14145329594612122,0.1350444108247757,-0.22431103885173798,0.050355542451143265,0.5357591509819031,-0.557619035243988,-0.5434292554855347,0.5204188823699951,-0.45867425203323364,0.41111940145492554,-0.42952772974967957,0.44179993867874146,1.2103477716445923,-1.0711348056793213,0.8061314821243286,-0.9307712316513062
20260708_155717_683245,2026-07-08T15:57:19.533,1.850376,policy,70,idle,0.0,0.0,0.0,0.0,0.0,0.0,0.0,0.0,0.1,none,0.0,0.0,-1.0,-0.0,0.0,0.0,0.0,0.0,0.0,0,none,0.0277718435972929,0.10620441287755966,,"BL_hip_joint,BR_hip_joint,FL_hip_joint,FR_hip_joint,BL_thigh_joint,BR_thigh_joint,FL_thigh_joint,FR_thigh_joint,BL_calf_joint,BR_calf_joint,FL_calf_joint,FR_calf_joint",330e02f2406e129bb6ed6ec4a6c6bcd5f80d7e7799a2ab087e81eda65d2fae69,"step=000070 mode=idle   vx= 0.000 vy= 0.000 vxy= 0.000 yaw= 0.000 speed=0.10 imu=none tilt_rp=[-0.0,+0.0]deg imu_corr=0.000 act_max= 0.000 tau_cmd= 0.000 tau_cmd_max= 0.000 cmds=00 bus=none tau_fb= 0.028 tau_fb_max= 0.106",,,,,,,,,,,,,,,,,,,,,,,,,,,,,,,,,,,,,,,,,,,,,,,,,0.0,0.0,0.0,0.0,0.0,0.0,0.0,0.0,0.0,0.0,0.0,0.0,0.0,0.0,0.0,0.0,0.0,0.0,0.0,0.0,0.0,0.0,0.0,0.0,0.5357591509819031,-0.557619035243988,-0.5434292554855347,0.5204188823699951,-0.45867425203323364,0.41111940145492554,-0.42952772974967957,0.44179993867874146,1.2103477716445923,-1.0711348056793213,0.8061314821243286,-0.9307712316513062,0.027466658502817154,-0.05172887444496155,0.016479995101690292,-0.029755547642707825,-0.054475538432598114,0.009613330475986004,0.010528885759413242,0.022431105375289917,-0.14145329594612122,0.1350444108247757,-0.22431103885173798,0.050355542451143265,0.5357591509819031,-0.557619035243988,-0.5434292554855347,0.5204188823699951,-0.45867425203323364,0.41111940145492554,-0.42952772974967957,0.44179993867874146,1.2103477716445923,-1.0711348056793213,0.8061314821243286,-0.9307712316513062
20260708_155717_683245,2026-07-08T15:57:19.555,1.872141,policy,71,idle,0.0,0.0,0.0,0.0,0.0,0.0,0.0,0.0,0.1,none,0.0,0.0,-1.0,-0.0,0.0,0.0,0.0,0.0,0.0,0,none,0.0277718435972929,0.10620441287755966,,"BL_hip_joint,BR_hip_joint,FL_hip_joint,FR_hip_joint,BL_thigh_joint,BR_thigh_joint,FL_thigh_joint,FR_thigh_joint,BL_calf_joint,BR_calf_joint,FL_calf_joint,FR_calf_joint",330e02f2406e129bb6ed6ec4a6c6bcd5f80d7e7799a2ab087e81eda65d2fae69,"step=000071 mode=idle   vx= 0.000 vy= 0.000 vxy= 0.000 yaw= 0.000 speed=0.10 imu=none tilt_rp=[-0.0,+0.0]deg imu_corr=0.000 act_max= 0.000 tau_cmd= 0.000 tau_cmd_max= 0.000 cmds=00 bus=none tau_fb= 0.028 tau_fb_max= 0.106",,,,,,,,,,,,,,,,,,,,,,,,,,,,,,,,,,,,,,,,,,,,,,,,,0.0,0.0,0.0,0.0,0.0,0.0,0.0,0.0,0.0,0.0,0.0,0.0,0.0,0.0,0.0,0.0,0.0,0.0,0.0,0.0,0.0,0.0,0.0,0.0,0.5357591509819031,-0.557619035243988,-0.5434292554855347,0.5204188823699951,-0.45867425203323364,0.41111940145492554,-0.42952772974967957,0.44179993867874146,1.2103477716445923,-1.0711348056793213,0.8061314821243286,-0.9307712316513062,0.027466658502817154,-0.05172887444496155,0.016479995101690292,-0.029755547642707825,-0.054475538432598114,0.009613330475986004,0.010528885759413242,0.022431105375289917,-0.14145329594612122,0.1350444108247757,-0.22431103885173798,0.050355542451143265,0.5357591509819031,-0.557619035243988,-0.5434292554855347,0.5204188823699951,-0.45867425203323364,0.41111940145492554,-0.42952772974967957,0.44179993867874146,1.2103477716445923,-1.0711348056793213,0.8061314821243286,-0.9307712316513062
20260708_155717_683245,2026-07-08T15:57:19.578,1.894945,policy,72,idle,0.0,0.0,0.0,0.0,0.0,0.0,0.0,0.0,0.1,none,0.0,0.0,-1.0,-0.0,0.0,0.0,0.0,0.0,0.0,0,none,0.0277718435972929,0.10620441287755966,,"BL_hip_joint,BR_hip_joint,FL_hip_joint,FR_hip_joint,BL_thigh_joint,BR_thigh_joint,FL_thigh_joint,FR_thigh_joint,BL_calf_joint,BR_calf_joint,FL_calf_joint,FR_calf_joint",330e02f2406e129bb6ed6ec4a6c6bcd5f80d7e7799a2ab087e81eda65d2fae69,"step=000072 mode=idle   vx= 0.000 vy= 0.000 vxy= 0.000 yaw= 0.000 speed=0.10 imu=none tilt_rp=[-0.0,+0.0]deg imu_corr=0.000 act_max= 0.000 tau_cmd= 0.000 tau_cmd_max= 0.000 cmds=00 bus=none tau_fb= 0.028 tau_fb_max= 0.106",,,,,,,,,,,,,,,,,,,,,,,,,,,,,,,,,,,,,,,,,,,,,,,,,0.0,0.0,0.0,0.0,0.0,0.0,0.0,0.0,0.0,0.0,0.0,0.0,0.0,0.0,0.0,0.0,0.0,0.0,0.0,0.0,0.0,0.0,0.0,0.0,0.5357591509819031,-0.557619035243988,-0.5434292554855347,0.5204188823699951,-0.45867425203323364,0.41111940145492554,-0.42952772974967957,0.44179993867874146,1.2103477716445923,-1.0711348056793213,0.8061314821243286,-0.9307712316513062,0.027466658502817154,-0.05172887444496155,0.016479995101690292,-0.029755547642707825,-0.054475538432598114,0.009613330475986004,0.010528885759413242,0.022431105375289917,-0.14145329594612122,0.1350444108247757,-0.22431103885173798,0.050355542451143265,0.5357591509819031,-0.557619035243988,-0.5434292554855347,0.5204188823699951,-0.45867425203323364,0.41111940145492554,-0.42952772974967957,0.44179993867874146,1.2103477716445923,-1.0711348056793213,0.8061314821243286,-0.9307712316513062
20260708_155717_683245,2026-07-08T15:57:19.600,1.916734,policy,73,idle,0.0,0.0,0.0,0.0,0.0,0.0,0.0,0.0,0.1,none,0.0,0.0,-1.0,-0.0,0.0,0.0,0.0,0.0,0.0,0,none,0.0277718435972929,0.10620441287755966,,"BL_hip_joint,BR_hip_joint,FL_hip_joint,FR_hip_joint,BL_thigh_joint,BR_thigh_joint,FL_thigh_joint,FR_thigh_joint,BL_calf_joint,BR_calf_joint,FL_calf_joint,FR_calf_joint",330e02f2406e129bb6ed6ec4a6c6bcd5f80d7e7799a2ab087e81eda65d2fae69,"step=000073 mode=idle   vx= 0.000 vy= 0.000 vxy= 0.000 yaw= 0.000 speed=0.10 imu=none tilt_rp=[-0.0,+0.0]deg imu_corr=0.000 act_max= 0.000 tau_cmd= 0.000 tau_cmd_max= 0.000 cmds=00 bus=none tau_fb= 0.028 tau_fb_max= 0.106",,,,,,,,,,,,,,,,,,,,,,,,,,,,,,,,,,,,,,,,,,,,,,,,,0.0,0.0,0.0,0.0,0.0,0.0,0.0,0.0,0.0,0.0,0.0,0.0,0.0,0.0,0.0,0.0,0.0,0.0,0.0,0.0,0.0,0.0,0.0,0.0,0.5357591509819031,-0.557619035243988,-0.5434292554855347,0.5204188823699951,-0.45867425203323364,0.41111940145492554,-0.42952772974967957,0.44179993867874146,1.2103477716445923,-1.0711348056793213,0.8061314821243286,-0.9307712316513062,0.027466658502817154,-0.05172887444496155,0.016479995101690292,-0.029755547642707825,-0.054475538432598114,0.009613330475986004,0.010528885759413242,0.022431105375289917,-0.14145329594612122,0.1350444108247757,-0.22431103885173798,0.050355542451143265,0.5357591509819031,-0.557619035243988,-0.5434292554855347,0.5204188823699951,-0.45867425203323364,0.41111940145492554,-0.42952772974967957,0.44179993867874146,1.2103477716445923,-1.0711348056793213,0.8061314821243286,-0.9307712316513062
20260708_155717_683245,2026-07-08T15:57:19.621,1.938468,policy,74,idle,0.0,0.0,0.0,0.0,0.0,0.0,0.0,0.0,0.1,none,0.0,0.0,-1.0,-0.0,0.0,0.0,0.0,0.0,0.0,0,none,0.0277718435972929,0.10620441287755966,,"BL_hip_joint,BR_hip_joint,FL_hip_joint,FR_hip_joint,BL_thigh_joint,BR_thigh_joint,FL_thigh_joint,FR_thigh_joint,BL_calf_joint,BR_calf_joint,FL_calf_joint,FR_calf_joint",330e02f2406e129bb6ed6ec4a6c6bcd5f80d7e7799a2ab087e81eda65d2fae69,"step=000074 mode=idle   vx= 0.000 vy= 0.000 vxy= 0.000 yaw= 0.000 speed=0.10 imu=none tilt_rp=[-0.0,+0.0]deg imu_corr=0.000 act_max= 0.000 tau_cmd= 0.000 tau_cmd_max= 0.000 cmds=00 bus=none tau_fb= 0.028 tau_fb_max= 0.106",,,,,,,,,,,,,,,,,,,,,,,,,,,,,,,,,,,,,,,,,,,,,,,,,0.0,0.0,0.0,0.0,0.0,0.0,0.0,0.0,0.0,0.0,0.0,0.0,0.0,0.0,0.0,0.0,0.0,0.0,0.0,0.0,0.0,0.0,0.0,0.0,0.5357591509819031,-0.557619035243988,-0.5434292554855347,0.5204188823699951,-0.45867425203323364,0.41111940145492554,-0.42952772974967957,0.44179993867874146,1.2103477716445923,-1.0711348056793213,0.8061314821243286,-0.9307712316513062,0.027466658502817154,-0.05172887444496155,0.016479995101690292,-0.029755547642707825,-0.054475538432598114,0.009613330475986004,0.010528885759413242,0.022431105375289917,-0.14145329594612122,0.1350444108247757,-0.22431103885173798,0.050355542451143265,0.5357591509819031,-0.557619035243988,-0.5434292554855347,0.5204188823699951,-0.45867425203323364,0.41111940145492554,-0.42952772974967957,0.44179993867874146,1.2103477716445923,-1.0711348056793213,0.8061314821243286,-0.9307712316513062
20260708_155717_683245,2026-07-08T15:57:19.712,2.029415,policy,75,sit,0.0,0.0,0.0,0.0,0.0,0.0,0.0,0.0,0.1,none,0.0,0.0,-1.0,-0.0,0.0,0.0,0.0,0.5121844410896301,1.214576244354248,12,can0:12,0.030518509447574615,0.08789330720901489,,"BL_hip_joint,BR_hip_joint,FL_hip_joint,FR_hip_joint,BL_thigh_joint,BR_thigh_joint,FL_thigh_joint,FR_thigh_joint,BL_calf_joint,BR_calf_joint,FL_calf_joint,FR_calf_joint",330e02f2406e129bb6ed6ec4a6c6bcd5f80d7e7799a2ab087e81eda65d2fae69,"step=000075 mode=sit    vx= 0.000 vy= 0.000 vxy= 0.000 yaw= 0.000 speed=0.10 imu=none tilt_rp=[-0.0,+0.0]deg imu_corr=0.000 act_max= 0.000 tau_cmd= 0.512 tau_cmd_max= 1.215 cmds=12 bus=can0:12 tau_fb= 0.031 tau_fb_max= 0.088",,,,,,,,,,,,,,,,,,,,,,,,,,,,,,,,,,,,,,,,,,,,,,,,,0.0,0.0,0.0,0.0,0.0,0.0,0.0,0.0,0.0,0.0,0.0,0.0,0.0,0.0,0.0,0.0,0.0,0.0,0.0,0.0,0.0,0.0,0.0,0.0,0.5319240689277649,-0.5626046061515808,-0.5434292554855347,0.5204188823699951,-0.45752373337745667,0.4107359051704407,-0.43259578943252563,0.44371747970581055,1.208430290222168,-1.0534934997558594,0.794242799282074,-0.9307712316513062,0.6253242492675781,0.1593066155910492,-0.10620441287755966,0.1506088376045227,-0.1583910584449768,-0.22705771028995514,0.6381420493125916,-0.37034210562705994,0.00045777764171361923,0.2632221579551697,-0.6747642159461975,0.040742211043834686,0.5319240689277649,-0.5626046061515808,-0.5434292554855347,0.5204188823699951,-0.45752373337745667,0.4107359051704407,-0.43259578943252563,0.44371747970581055,1.208430290222168,-1.0534934997558594,0.794242799282074,-0.9307712316513062
20260708_155717_683245,2026-07-08T15:57:19.746,2.063151,policy,76,sit,0.0,0.0,0.0,0.0,0.0,0.0,0.0,0.0,0.1,none,0.0,0.0,-1.0,-0.0,0.0,0.0,0.0,0.06766565889120102,0.18813636898994446,12,can0:12,0.05005035921931267,0.1574755162000656,,"BL_hip_joint,BR_hip_joint,FL_hip_joint,FR_hip_joint,BL_thigh_joint,BR_thigh_joint,FL_thigh_joint,FR_thigh_joint,BL_calf_joint,BR_calf_joint,FL_calf_joint,FR_calf_joint",330e02f2406e129bb6ed6ec4a6c6bcd5f80d7e7799a2ab087e81eda65d2fae69,"step=000076 mode=sit    vx= 0.000 vy= 0.000 vxy= 0.000 yaw= 0.000 speed=0.10 imu=none tilt_rp=[-0.0,+0.0]deg imu_corr=0.000 act_max= 0.000 tau_cmd= 0.068 tau_cmd_max= 0.188 cmds=12 bus=can0:12 tau_fb= 0.050 tau_fb_max= 0.157",,,,,,,,,,,,,,,,,,,,,,,,,,,,,,,,,,,,,,,,,,,,,,,,,0.0,0.0,0.0,0.0,0.0,0.0,0.0,0.0,0.0,0.0,0.0,0.0,0.0,0.0,0.0,0.0,0.0,0.0,0.0,0.0,0.0,0.0,0.0,0.0,0.5311570763587952,-0.5626046061515808,-0.5434292554855347,0.5204188823699951,-0.4571402370929718,0.4103523790836334,-0.4329792857170105,0.4441010057926178,1.208430290222168,-1.0538769960403442,0.7953932881355286,-0.9307712316513062,-0.07461775839328766,-0.0009155552834272385,0.05310220643877983,-0.03479110077023506,0.040742211043834686,-0.03799554333090782,-0.02700888179242611,0.04028443247079849,-0.004119998775422573,0.004119998775422573,0.007324442267417908,-0.006408886983990669,0.5318747162818909,-0.5625524520874023,-0.5433788895606995,0.520370602607727,-0.4574349522590637,0.41065144538879395,-0.43250930309295654,0.4436299800872803,1.208470344543457,-1.0535478591918945,0.7943212389945984,-0.9308369755744934
20260708_155717_683245,2026-07-08T15:57:19.779,2.095937,policy,77,sit,0.0,0.0,0.0,0.0,0.0,0.0,0.0,0.0,0.1,none,0.0,0.0,-1.0,-0.0,0.0,0.0,0.0,0.060419220477342606,0.13371828198432922,12,can0:12,0.057679980993270874,0.12085329741239548,,"BL_hip_joint,BR_hip_joint,FL_hip_joint,FR_hip_joint,BL_thigh_joint,BR_thigh_joint,FL_thigh_joint,FR_thigh_joint,BL_calf_joint,BR_calf_joint,FL_calf_joint,FR_calf_joint",330e02f2406e129bb6ed6ec4a6c6bcd5f80d7e7799a2ab087e81eda65d2fae69,"step=000077 mode=sit    vx= 0.000 vy= 0.000 vxy= 0.000 yaw= 0.000 speed=0.10 imu=none tilt_rp=[-0.0,+0.0]deg imu_corr=0.000 act_max= 0.000 tau_cmd= 0.060 tau_cmd_max= 0.134 cmds=12 bus=can0:12 tau_fb= 0.058 tau_fb_max= 0.121",,,,,,,,,,,,,,,,,,,,,,,,,,,,,,,,,,,,,,,,,,,,,,,,,0.0,0.0,0.0,0.0,0.0,0.0,0.0,0.0,0.0,0.0,0.0,0.0,0.0,0.0,0.0,0.0,0.0,0.0,0.0,0.0,0.0,0.0,0.0,0.0,0.5307735800743103,-0.5629881024360657,-0.5434292554855347,0.5204188823699951,-0.4571402370929718,0.4107359051704407,-0.4341298043727875,0.44448450207710266,1.208430290222168,-1.0538769960403442,0.7950097918510437,-0.9307712316513062,0.0238044373691082,-0.03662221133708954,-0.06591998040676117,0.010528885759413242,-0.007782219909131527,0.06454664468765259,0.009155552834272385,-0.02700888179242611,0.0553910955786705,-0.02059999480843544,-0.03021332435309887,0.006408886983990669,0.5317274928092957,-0.5623967051506042,-0.5432284474372864,0.5202265977859497,-0.45716992020606995,0.4103993773460388,-0.4322511851787567,0.4433687627315521,1.208589792251587,-1.0537102222442627,0.7945553064346313,-0.9310333132743835
20260708_155717_683245,2026-07-08T15:57:19.810,2.126747,policy,78,sit,0.0,0.0,0.0,0.0,0.0,0.0,0.0,0.0,0.1,none,0.0,0.0,-1.0,-0.0,0.0,0.0,0.0,0.07023856788873672,0.20556248724460602,12,can0:12,0.06012146174907684,0.1501510739326477,,"BL_hip_joint,BR_hip_joint,FL_hip_joint,FR_hip_joint,BL_thigh_joint,BR_thigh_joint,FL_thigh_joint,FR_thigh_joint,BL_calf_joint,BR_calf_joint,FL_calf_joint,FR_calf_joint",330e02f2406e129bb6ed6ec4a6c6bcd5f80d7e7799a2ab087e81eda65d2fae69,"step=000078 mode=sit    vx= 0.000 vy= 0.000 vxy= 0.000 yaw= 0.000 speed=0.10 imu=none tilt_rp=[-0.0,+0.0]deg imu_corr=0.000 act_max= 0.000 tau_cmd= 0.070 tau_cmd_max= 0.206 cmds=12 bus=can0:12 tau_fb= 0.060 tau_fb_max= 0.150",,,,,,,,,,,,,,,,,,,,,,,,,,,,,,,,,,,,,,,,,,,,,,,,,0.0,0.0,0.0,0.0,0.0,0.0,0.0,0.0,0.0,0.0,0.0,0.0,0.0,0.0,0.0,0.0,0.0,0.0,0.0,0.0,0.0,0.0,0.0,0.0,0.5307735800743103,-0.5629881024360657,-0.5434292554855347,0.5204188823699951,-0.4571402370929718,0.4107359051704407,-0.4341298043727875,0.44448450207710266,1.208430290222168,-1.0538769960403442,0.7950097918510437,-0.9307712316513062,0.008697775192558765,-0.020142216235399246,0.006408886983990669,-0.059053316712379456,-0.009155552834272385,0.036164432764053345,0.04028443247079849,0.02929776906967163,0.0013733329251408577,-0.021057771518826485,-0.02288888208568096,0.08972442150115967,0.5314834713935852,-0.5621386170387268,-0.5429791212081909,0.5199878215789795,-0.45673060417175293,0.40998151898384094,-0.4318233132362366,0.4429357945919037,1.2087877988815308,-1.0539792776107788,0.7949433326721191,-0.9313586950302124
20260708_155717_683245,2026-07-08T15:57:19.840,2.156885,policy,79,sit,0.0,0.0,0.0,0.0,0.0,0.0,0.0,0.0,0.1,none,0.0,0.0,-1.0,-0.0,0.0,0.0,0.0,0.09098368138074875,0.2266853302717209,12,can0:12,0.062868133187294,0.16113772988319397,,"BL_hip_joint,BR_hip_joint,FL_hip_joint,FR_hip_joint,BL_thigh_joint,BR_thigh_joint,FL_thigh_joint,FR_thigh_joint,BL_calf_joint,BR_calf_joint,FL_calf_joint,FR_calf_joint",330e02f2406e129bb6ed6ec4a6c6bcd5f80d7e7799a2ab087e81eda65d2fae69,"step=000079 mode=sit    vx= 0.000 vy= 0.000 vxy= 0.000 yaw= 0.000 speed=0.10 imu=none tilt_rp=[-0.0,+0.0]deg imu_corr=0.000 act_max= 0.000 tau_cmd= 0.091 tau_cmd_max= 0.227 cmds=12 bus=can0:12 tau_fb= 0.063 tau_fb_max= 0.161",,,,,,,,,,,,,,,,,,,,,,,,,,,,,,,,,,,,,,,,,,,,,,,,,0.0,0.0,0.0,0.0,0.0,0.0,0.0,0.0,0.0,0.0,0.0,0.0,0.0,0.0,0.0,0.0,0.0,0.0,0.0,0.0,0.0,0.0,0.0,0.0,0.5307735800743103,-0.5629881024360657,-0.5434292554855347,0.5204188823699951,-0.4571402370929718,0.4107359051704407,-0.4341298043727875,0.44448450207710266,1.208430290222168,-1.0538769960403442,0.7953932881355286,-0.9307712316513062,-0.06729331612586975,0.004119998775422573,0.025177771225571632,0.016937773674726486,0.002288888208568096,0.005493331700563431,-0.04531998559832573,-0.010071108117699623,0.02609332650899887,0.03250221163034439,0.030671102926135063,0.053559985011816025,0.5311437249183655,-0.561779260635376,-0.5426320433616638,0.5196554064750671,-0.45611900091171265,0.4093998372554779,-0.4312276244163513,0.44233301281929016,1.2090634107589722,-1.054353952407837,0.7954835295677185,-0.9318116903305054
20260708_155717_683245,2026-07-08T15:57:19.869,2.185845,policy,80,sit,0.0,0.0,0.0,0.0,0.0,0.0,0.0,0.0,0.1,none,0.0,0.0,-1.0,-0.0,0.0,0.0,0.0,0.12827259302139282,0.2313416600227356,12,can0:12,0.07293923944234848,0.1574755162000656,,"BL_hip_joint,BR_hip_joint,FL_hip_joint,FR_hip_joint,BL_thigh_joint,BR_thigh_joint,FL_thigh_joint,FR_thigh_joint,BL_calf_joint,BR_calf_joint,FL_calf_joint,FR_calf_joint",330e02f2406e129bb6ed6ec4a6c6bcd5f80d7e7799a2ab087e81eda65d2fae69,"step=000080 mode=sit    vx= 0.000 vy= 0.000 vxy= 0.000 yaw= 0.000 speed=0.10 imu=none tilt_rp=[-0.0,+0.0]deg imu_corr=0.000 act_max= 0.000 tau_cmd= 0.128 tau_cmd_max= 0.231 cmds=12 bus=can0:12 tau_fb= 0.073 tau_fb_max= 0.157",,,,,,,,,,,,,,,,,,,,,,,,,,,,,,,,,,,,,,,,,,,,,,,,,0.0,0.0,0.0,0.0,0.0,0.0,0.0,0.0,0.0,0.0,0.0,0.0,0.0,0.0,0.0,0.0,0.0,0.0,0.0,0.0,0.0,0.0,0.0,0.0,0.5307735800743103,-0.5633716583251953,-0.5434292554855347,0.5204188823699951,-0.4571402370929718,0.4107359051704407,-0.4341298043727875,0.44448450207710266,1.208430290222168,-1.0538769960403442,0.7950097918510437,-0.9307712316513062,0.0636310949921608,-0.04303110018372536,-0.016022218391299248,0.02288888208568096,-0.025177771225571632,0.021057771518826485,-0.006408886983990669,0.010986663401126862,0.025177771225571632,0.030671102926135063,-0.01235999632626772,-0.04898220673203468,0.5307093858718872,-0.5613198280334473,-0.542188286781311,0.5192304253578186,-0.45533713698387146,0.40865615010261536,-0.4304661154747009,0.4415624141693115,1.2094157934188843,-1.0548328161239624,0.796174168586731,-0.9323908090591431
20260708_155717_683245,2026-07-08T15:57:19.897,2.214619,policy,81,sit,0.0,0.0,0.0,0.0,0.0,0.0,0.0,0.0,0.1,none,0.0,0.0,-1.0,-0.0,0.0,0.0,0.0,0.15761327743530273,0.30993756651878357,12,can0:12,0.08270516246557236,0.17944884300231934,,"BL_hip_joint,BR_hip_joint,FL_hip_joint,FR_hip_joint,BL_thigh_joint,BR_thigh_joint,FL_thigh_joint,FR_thigh_joint,BL_calf_joint,BR_calf_joint,FL_calf_joint,FR_calf_joint",330e02f2406e129bb6ed6ec4a6c6bcd5f80d7e7799a2ab087e81eda65d2fae69,"step=000081 mode=sit    vx= 0.000 vy= 0.000 vxy= 0.000 yaw= 0.000 speed=0.10 imu=none tilt_rp=[-0.0,+0.0]deg imu_corr=0.000 act_max= 0.000 tau_cmd= 0.158 tau_cmd_max= 0.310 cmds=12 bus=can0:12 tau_fb= 0.083 tau_fb_max= 0.179",,,,,,,,,,,,,,,,,,,,,,,,,,,,,,,,,,,,,,,,,,,,,,,,,0.0,0.0,0.0,0.0,0.0,0.0,0.0,0.0,0.0,0.0,0.0,0.0,0.0,0.0,0.0,0.0,0.0,0.0,0.0,0.0,0.0,0.0,0.0,0.0,0.5307735800743103,-0.5629881024360657,-0.5434292554855347,0.5204188823699951,-0.4571402370929718,0.4103523790836334,-0.4341298043727875,0.44448450207710266,1.2088137865066528,-1.0538769960403442,0.7953932881355286,-0.9307712316513062,-0.01144444104284048,-0.0315866582095623,-0.006408886983990669,-0.01739555038511753,0.02288888208568096,0.0476088747382164,-0.029755547642707825,0.06500442326068878,0.09842219203710556,0.007782219909131527,0.013733329251408577,-0.001831110566854477,0.5301815271377563,-0.560761570930481,-0.5416489839553833,0.5187140107154846,-0.45438694953918457,0.4077523946762085,-0.4295406639575958,0.4406259059906006,1.2098441123962402,-1.0554149150848389,0.7970134615898132,-0.9330946207046509
20260708_155717_683245,2026-07-08T15:57:19.926,2.242780,policy,82,sit,0.0,0.0,0.0,0.0,0.0,0.0,0.0,0.0,0.1,none,0.0,0.0,-1.0,-0.0,0.0,0.0,0.0,0.1766427904367447,0.24869130551815033,12,can0:12,0.09277627617120743,0.1831110566854477,,"BL_hip_joint,BR_hip_joint,FL_hip_joint,FR_hip_joint,BL_thigh_joint,BR_thigh_joint,FL_thigh_joint,FR_thigh_joint,BL_calf_joint,BR_calf_joint,FL_calf_joint,FR_calf_joint",330e02f2406e129bb6ed6ec4a6c6bcd5f80d7e7799a2ab087e81eda65d2fae69,"step=000082 mode=sit    vx= 0.000 vy= 0.000 vxy= 0.000 yaw= 0.000 speed=0.10 imu=none tilt_rp=[-0.0,+0.0]deg imu_corr=0.000 act_max= 0.000 tau_cmd= 0.177 tau_cmd_max= 0.249 cmds=12 bus=can0:12 tau_fb= 0.093 tau_fb_max= 0.183",,,,,,,,,,,,,,,,,,,,,,,,,,,,,,,,,,,,,,,,,,,,,,,,,0.0,0.0,0.0,0.0,0.0,0.0,0.0,0.0,0.0,0.0,0.0,0.0,0.0,0.0,0.0,0.0,0.0,0.0,0.0,0.0,0.0,0.0,0.0,0.0,0.5307735800743103,-0.5629881024360657,-0.5430457592010498,0.5204188823699951,-0.4571402370929718,0.4107359051704407,-0.4337463080883026,0.44448450207710266,1.208430290222168,-1.054260492324829,0.7953932881355286,-0.9307712316513062,0.007782219909131527,0.015106662176549435,-0.053559985011816025,0.026551103219389915,0.021973326802253723,0.01831110566854477,0.021057771518826485,-0.019226660951972008,0.015564439818263054,-0.08148442208766937,0.008697775192558765,-0.007782219909131527,0.5295612812042236,-0.5601055026054382,-0.5410153269767761,0.5181071758270264,-0.45327043533325195,0.40669041872024536,-0.4284532070159912,0.4395254850387573,1.210347294807434,-1.0560986995697021,0.7979996204376221,-0.9339216351509094
20260708_155717_683245,2026-07-08T15:57:19.953,2.270125,policy,83,sit,0.0,0.0,0.0,0.0,0.0,0.0,0.0,0.0,0.1,none,0.0,0.0,-1.0,-0.0,0.0,0.0,0.0,0.21951740980148315,0.33055049180984497,12,can0:12,0.15655995905399323,0.28931546211242676,,"BL_hip_joint,BR_hip_joint,FL_hip_joint,FR_hip_joint,BL_thigh_joint,BR_thigh_joint,FL_thigh_joint,FR_thigh_joint,BL_calf_joint,BR_calf_joint,FL_calf_joint,FR_calf_joint",330e02f2406e129bb6ed6ec4a6c6bcd5f80d7e7799a2ab087e81eda65d2fae69,"step=000083 mode=sit    vx= 0.000 vy= 0.000 vxy= 0.000 yaw= 0.000 speed=0.10 imu=none tilt_rp=[-0.0,+0.0]deg imu_corr=0.000 act_max= 0.000 tau_cmd= 0.220 tau_cmd_max= 0.331 cmds=12 bus=can0:12 tau_fb= 0.157 tau_fb_max= 0.289",,,,,,,,,,,,,,,,,,,,,,,,,,,,,,,,,,,,,,,,,,,,,,,,,0.0,0.0,0.0,0.0,0.0,0.0,0.0,0.0,0.0,0.0,0.0,0.0,0.0,0.0,0.0,0.0,0.0,0.0,0.0,0.0,0.0,0.0,0.0,0.0,0.5307735800743103,-0.5629881024360657,-0.5434292554855347,0.5204188823699951,-0.45675671100616455,0.4103523790836334,-0.4341298043727875,0.44448450207710266,1.2088137865066528,-1.054260492324829,0.7953932881355286,-0.9307712316513062,-0.0027466658502817154,0.07415997982025146,-0.0050355540588498116,0.0315866582095623,0.020142216235399246,-0.02059999480843544,0.008697775192558765,-0.0476088747382164,0.020142216235399246,-0.013733329251408577,-0.002288888208568096,-0.01235999632626772,0.528849720954895,-0.5593529343605042,-0.5402883887290955,0.5174110531806946,-0.4519895613193512,0.40547215938568115,-0.4272056818008423,0.4382631182670593,1.2109246253967285,-1.0568833351135254,0.7991309762001038,-0.9348703622817993
20260708_155717_683245,2026-07-08T15:57:19.978,2.295518,policy,84,sit,0.0,0.0,0.0,0.0,0.0,0.0,0.0,0.0,0.1,none,0.0,0.0,-1.0,-0.0,0.0,0.0,0.0,0.2474609613418579,0.42440730333328247,12,can0:12,0.19257180392742157,0.3186132311820984,,"BL_hip_joint,BR_hip_joint,FL_hip_joint,FR_hip_joint,BL_thigh_joint,BR_thigh_joint,FL_thigh_joint,FR_thigh_joint,BL_calf_joint,BR_calf_joint,FL_calf_joint,FR_calf_joint",330e02f2406e129bb6ed6ec4a6c6bcd5f80d7e7799a2ab087e81eda65d2fae69,"step=000084 mode=sit    vx= 0.000 vy= 0.000 vxy= 0.000 yaw= 0.000 speed=0.10 imu=none tilt_rp=[-0.0,+0.0]deg imu_corr=0.000 act_max= 0.000 tau_cmd= 0.247 tau_cmd_max= 0.424 cmds=12 bus=can0:12 tau_fb= 0.193 tau_fb_max= 0.319",,,,,,,,,,,,,,,,,,,,,,,,,,,,,,,,,,,,,,,,,,,,,,,,,0.0,0.0,0.0,0.0,0.0,0.0,0.0,0.0,0.0,0.0,0.0,0.0,0.0,0.0,0.0,0.0,0.0,0.0,0.0,0.0,0.0,0.0,0.0,0.0,0.5307735800743103,-0.5629881024360657,-0.5430457592010498,0.5200353860855103,-0.4563732147216797,0.4095853567123413,-0.4337463080883026,0.44448450207710266,1.2088137865066528,-1.054643988609314,0.7957768440246582,-0.931154727935791,-0.02471999265253544,-0.04898220673203468,0.03662221133708954,-0.035248879343271255,0.05401776358485222,-0.08835108578205109,0.06729331612586975,-0.03021332435309887,0.004577776417136192,-0.021973326802253723,-0.04028443247079849,-0.05264442786574364,0.5280479788780212,-0.5585049390792847,-0.5394693613052368,0.5166266560554504,-0.45054635405540466,0.4040994644165039,-0.42580005526542664,0.4368407130241394,1.2115751504898071,-1.0577672719955444,0.800405740737915,-0.9359393119812012
20260708_155717_683245,2026-07-08T15:57:20.002,2.319402,policy,85,sit,0.0,0.0,0.0,0.0,0.0,0.0,0.0,0.0,0.1,none,0.0,0.0,-1.0,-0.0,0.0,0.0,0.0,0.3532707691192627,0.5205395817756653,12,can0:12,0.24445326626300812,0.39185765385627747,,"BL_hip_joint,BR_hip_joint,FL_hip_joint,FR_hip_joint,BL_thigh_joint,BR_thigh_joint,FL_thigh_joint,FR_thigh_joint,BL_calf_joint,BR_calf_joint,FL_calf_joint,FR_calf_joint",330e02f2406e129bb6ed6ec4a6c6bcd5f80d7e7799a2ab087e81eda65d2fae69,"step=000085 mode=sit    vx= 0.000 vy= 0.000 vxy= 0.000 yaw= 0.000 speed=0.10 imu=none tilt_rp=[-0.0,+0.0]deg imu_corr=0.000 act_max= 0.000 tau_cmd= 0.353 tau_cmd_max= 0.521 cmds=12 bus=can0:12 tau_fb= 0.244 tau_fb_max= 0.392",,,,,,,,,,,,,,,,,,,,,,,,,,,,,,,,,,,,,,,,,,,,,,,,,0.0,0.0,0.0,0.0,0.0,0.0,0.0,0.0,0.0,0.0,0.0,0.0,0.0,0.0,0.0,0.0,0.0,0.0,0.0,0.0,0.0,0.0,0.0,0.0,0.5307735800743103,-0.5629881024360657,-0.5430457592010498,0.5204188823699951,-0.4556061923503876,0.40920186042785645,-0.4337463080883026,0.44448450207710266,1.2088137865066528,-1.054643988609314,0.7961603403091431,-0.931154727935791,-0.030671102926135063,-0.044862210750579834,0.025177771225571632,0.008239997550845146,0.030671102926135063,-0.05722220614552498,0.019226660951972008,0.032959990203380585,0.03433332219719887,0.04898220673203468,0.021057771518826485,-0.010071108117699623,0.527157187461853,-0.5575627684593201,-0.5385592579841614,0.5157551169395447,-0.44894278049468994,0.40257424116134644,-0.4242382347583771,0.43526026606559753,1.212297797203064,-1.0587495565414429,0.8018221259117126,-0.9371270537376404
20260708_155717_683245,2026-07-08T15:57:20.026,2.343285,policy,86,sit,0.0,0.0,0.0,0.0,0.0,0.0,0.0,0.0,0.1,none,0.0,0.0,-1.0,-0.0,0.0,0.0,0.0,0.39860689640045166,0.5375651717185974,12,can0:12,0.3009124994277954,0.43214210867881775,,"BL_hip_joint,BR_hip_joint,FL_hip_joint,FR_hip_joint,BL_thigh_joint,BR_thigh_joint,FL_thigh_joint,FR_thigh_joint,BL_calf_joint,BR_calf_joint,FL_calf_joint,FR_calf_joint",330e02f2406e129bb6ed6ec4a6c6bcd5f80d7e7799a2ab087e81eda65d2fae69,"step=000086 mode=sit    vx= 0.000 vy= 0.000 vxy= 0.000 yaw= 0.000 speed=0.10 imu=none tilt_rp=[-0.0,+0.0]deg imu_corr=0.000 act_max= 0.000 tau_cmd= 0.399 tau_cmd_max= 0.538 cmds=12 bus=can0:12 tau_fb= 0.301 tau_fb_max= 0.432",,,,,,,,,,,,,,,,,,,,,,,,,,,,,,,,,,,,,,,,,,,,,,,,,0.0,0.0,0.0,0.0,0.0,0.0,0.0,0.0,0.0,0.0,0.0,0.0,0.0,0.0,0.0,0.0,0.0,0.0,0.0,0.0,0.0,0.0,0.0,0.0,0.5307735800743103,-0.5633716583251953,-0.5430457592010498,0.5204188823699951,-0.4544556736946106,0.4076678454875946,-0.43336281180381775,0.4441010057926178,1.2088137865066528,-1.0550274848937988,0.7965438365936279,-0.931154727935791,-0.02609332650899887,-0.0032044434919953346,0.03570665791630745,-0.001831110566854477,0.04577776417136192,-0.05401776358485222,0.02700888179242611,-0.043946653604507446,-0.0032044434919953346,0.0398266538977623,0.040742211043834686,-0.004577776417136192,0.5261783599853516,-0.5565274953842163,-0.5375592708587646,0.5147974491119385,-0.4471808075904846,0.40089839696884155,-0.4225221276283264,0.43352368474006653,1.2130919694900513,-1.059828758239746,0.8033784627914429,-0.9384321570396423
20260708_155717_683245,2026-07-08T15:57:20.049,2.366248,policy,87,sit,0.0,0.0,0.0,0.0,0.0,0.0,0.0,0.0,0.1,none,0.0,0.0,-1.0,-0.0,0.0,0.0,0.0,0.45818039774894714,0.6917086839675903,12,can0:12,0.3576768934726715,0.5236976146697998,,"BL_hip_joint,BR_hip_joint,FL_hip_joint,FR_hip_joint,BL_thigh_joint,BR_thigh_joint,FL_thigh_joint,FR_thigh_joint,BL_calf_joint,BR_calf_joint,FL_calf_joint,FR_calf_joint",330e02f2406e129bb6ed6ec4a6c6bcd5f80d7e7799a2ab087e81eda65d2fae69,"step=000087 mode=sit    vx= 0.000 vy= 0.000 vxy= 0.000 yaw= 0.000 speed=0.10 imu=none tilt_rp=[-0.0,+0.0]deg imu_corr=0.000 act_max= 0.000 tau_cmd= 0.458 tau_cmd_max= 0.692 cmds=12 bus=can0:12 tau_fb= 0.358 tau_fb_max= 0.524",,,,,,,,,,,,,,,,,,,,,,,,,,,,,,,,,,,,,,,,,,,,,,,,,0.0,0.0,0.0,0.0,0.0,0.0,0.0,0.0,0.0,0.0,0.0,0.0,0.0,0.0,0.0,0.0,0.0,0.0,0.0,0.0,0.0,0.0,0.0,0.0,0.5307735800743103,-0.5629881024360657,-0.5430457592010498,0.5200353860855103,-0.45292165875434875,0.4061338007450104,-0.4337463080883026,0.4441010057926178,1.2088137865066528,-1.0557944774627686,0.7969273328781128,-0.931154727935791,0.01144444104284048,0.009155552834272385,-0.02471999265253544,-0.007782219909131527,0.07736442238092422,-0.11673329770565033,-0.02059999480843544,-0.05813775956630707,-0.003662221133708954,-0.028382213786244392,-0.025635547935962677,-0.07370220124721527,0.5251126885414124,-0.5554003715515137,-0.5364705324172974,0.5137548446655273,-0.44526246190071106,0.3990737497806549,-0.42065373063087463,0.43163299560546875,1.213956594467163,-1.0610038042068481,0.8050729036331177,-0.9398530125617981
20260708_155717_683245,2026-07-08T15:57:20.072,2.389154,policy,88,sit,0.0,0.0,0.0,0.0,0.0,0.0,0.0,0.0,0.1,none,0.0,0.0,-1.0,-0.0,0.0,0.0,0.0,0.5389858484268188,0.7862094640731812,12,can0:12,0.4351939260959625,0.6299020648002625,,"BL_hip_joint,BR_hip_joint,FL_hip_joint,FR_hip_joint,BL_thigh_joint,BR_thigh_joint,FL_thigh_joint,FR_thigh_joint,BL_calf_joint,BR_calf_joint,FL_calf_joint,FR_calf_joint",330e02f2406e129bb6ed6ec4a6c6bcd5f80d7e7799a2ab087e81eda65d2fae69,"step=000088 mode=sit    vx= 0.000 vy= 0.000 vxy= 0.000 yaw= 0.000 speed=0.10 imu=none tilt_rp=[-0.0,+0.0]deg imu_corr=0.000 act_max= 0.000 tau_cmd= 0.539 tau_cmd_max= 0.786 cmds=12 bus=can0:12 tau_fb= 0.435 tau_fb_max= 0.630",,,,,,,,,,,,,,,,,,,,,,,,,,,,,,,,,,,,,,,,,,,,,,,,,0.0,0.0,0.0,0.0,0.0,0.0,0.0,0.0,0.0,0.0,0.0,0.0,0.0,0.0,0.0,0.0,0.0,0.0,0.0,0.0,0.0,0.0,0.0,0.0,0.5307735800743103,-0.5629881024360657,-0.5426622629165649,0.5200353860855103,-0.4513876140117645,0.4042162597179413,-0.43336281180381775,0.4441010057926178,1.2088137865066528,-1.0561779737472534,0.7973108291625977,-0.9315382838249207,0.08194220066070557,0.007324442267417908,-0.04257332161068916,-0.020142216235399246,0.08880886435508728,-0.143742173910141,0.054475538432598114,-0.023346660658717155,0.02700888179242611,-0.005493331700563431,-0.03707998991012573,-0.019226660951972008,0.5239612460136414,-0.5541824698448181,-0.5352941751480103,0.5126282572746277,-0.44318971037864685,0.3971022665500641,-0.41863492131233215,0.4295901358127594,1.2148908376693726,-1.0622735023498535,0.8069037199020386,-0.9413883090019226
20260708_155717_683245,2026-07-08T15:57:20.095,2.412158,policy,89,sit,0.0,0.0,0.0,0.0,0.0,0.0,0.0,0.0,0.1,none,0.0,0.0,-1.0,-0.0,0.0,0.0,0.0,0.6102644205093384,0.8475356101989746,12,can0:12,0.4837183654308319,0.6994842290878296,,"BL_hip_joint,BR_hip_joint,FL_hip_joint,FR_hip_joint,BL_thigh_joint,BR_thigh_joint,FL_thigh_joint,FR_thigh_joint,BL_calf_joint,BR_calf_joint,FL_calf_joint,FR_calf_joint",330e02f2406e129bb6ed6ec4a6c6bcd5f80d7e7799a2ab087e81eda65d2fae69,"step=000089 mode=sit    vx= 0.000 vy= 0.000 vxy= 0.000 yaw= 0.000 speed=0.10 imu=none tilt_rp=[-0.0,+0.0]deg imu_corr=0.000 act_max= 0.000 tau_cmd= 0.610 tau_cmd_max= 0.848 cmds=12 bus=can0:12 tau_fb= 0.484 tau_fb_max= 0.699",,,,,,,,,,,,,,,,,,,,,,,,,,,,,,,,,,,,,,,,,,,,,,,,,0.0,0.0,0.0,0.0,0.0,0.0,0.0,0.0,0.0,0.0,0.0,0.0,0.0,0.0,0.0,0.0,0.0,0.0,0.0,0.0,0.0,0.0,0.0,0.0,0.5307735800743103,-0.5629881024360657,-0.5430457592010498,0.5200353860855103,-0.44908657670021057,0.40076470375061035,-0.43336281180381775,0.4441010057926178,1.2088137865066528,-1.0569449663162231,0.7980778813362122,-0.9315382838249207,-0.035248879343271255,0.007324442267417908,-0.03433332219719887,0.0315866582095623,0.09842219203710556,-0.1496932953596115,0.02059999480843544,-0.05218665301799774,-0.02288888208568096,0.040742211043834686,0.0027466658502817154,-0.008239997550845146,0.5227251052856445,-0.5528750419616699,-0.5340312719345093,0.511418879032135,-0.4409645199775696,0.3949858248233795,-0.41646766662597656,0.4273970127105713,1.2158937454223633,-1.0636364221572876,0.8088691830635071,-0.9430364966392517
20260708_155717_683245,2026-07-08T15:57:20.118,2.434998,policy,90,sit,0.0,0.0,0.0,0.0,0.0,0.0,0.0,0.0,0.1,none,0.0,0.0,-1.0,-0.0,0.0,0.0,0.0,0.6731413006782532,1.053741693496704,12,can0:12,0.5365154147148132,0.7763909101486206,,"BL_hip_joint,BR_hip_joint,FL_hip_joint,FR_hip_joint,BL_thigh_joint,BR_thigh_joint,FL_thigh_joint,FR_thigh_joint,BL_calf_joint,BR_calf_joint,FL_calf_joint,FR_calf_joint",330e02f2406e129bb6ed6ec4a6c6bcd5f80d7e7799a2ab087e81eda65d2fae69,"step=000090 mode=sit    vx= 0.000 vy= 0.000 vxy= 0.000 yaw= 0.000 speed=0.10 imu=none tilt_rp=[-0.0,+0.0]deg imu_corr=0.000 act_max= 0.000 tau_cmd= 0.673 tau_cmd_max= 1.054 cmds=12 bus=can0:12 tau_fb= 0.537 tau_fb_max= 0.776",,,,,,,,,,,,,,,,,,,,,,,,,,,,,,,,,,,,,,,,,,,,,,,,,0.0,0.0,0.0,0.0,0.0,0.0,0.0,0.0,0.0,0.0,0.0,0.0,0.0,0.0,0.0,0.0,0.0,0.0,0.0,0.0,0.0,0.0,0.0,0.0,0.5307735800743103,-0.5629881024360657,-0.5426622629165649,0.5196518301963806,-0.4460185170173645,0.3976966440677643,-0.4329792857170105,0.44371747970581055,1.2088137865066528,-1.0573285818099976,0.7988448739051819,-0.9319217801094055,-0.0027466658502817154,0.003662221133708954,0.020142216235399246,-0.0032044434919953346,0.13687551021575928,-0.16205328702926636,-0.04211554303765297,0.021973326802253723,0.004577776417136192,-0.0631733164191246,0.04989776387810707,0.04898220673203468,0.5214053392410278,-0.5514792203903198,-0.5326830148696899,0.5101276636123657,-0.4385888874530792,0.39272627234458923,-0.4141538739204407,0.4250556230545044,1.2169644832611084,-1.065091609954834,0.8109675049781799,-0.944796085357666
20260708_155717_683245,2026-07-08T15:57:20.141,2.457903,policy,91,sit,0.0,0.0,0.0,0.0,0.0,0.0,0.0,0.0,0.1,none,0.0,0.0,-1.0,-0.0,0.0,0.0,0.0,0.7615249156951904,1.1322356462478638,12,can0:12,0.6002991199493408,0.9082308411598206,,"BL_hip_joint,BR_hip_joint,FL_hip_joint,FR_hip_joint,BL_thigh_joint,BR_thigh_joint,FL_thigh_joint,FR_thigh_joint,BL_calf_joint,BR_calf_joint,FL_calf_joint,FR_calf_joint",330e02f2406e129bb6ed6ec4a6c6bcd5f80d7e7799a2ab087e81eda65d2fae69,"step=000091 mode=sit    vx= 0.000 vy= 0.000 vxy= 0.000 yaw= 0.000 speed=0.10 imu=none tilt_rp=[-0.0,+0.0]deg imu_corr=0.000 act_max= 0.000 tau_cmd= 0.762 tau_cmd_max= 1.132 cmds=12 bus=can0:12 tau_fb= 0.600 tau_fb_max= 0.908",,,,,,,,,,,,,,,,,,,,,,,,,,,,,,,,,,,,,,,,,,,,,,,,,0.0,0.0,0.0,0.0,0.0,0.0,0.0,0.0,0.0,0.0,0.0,0.0,0.0,0.0,0.0,0.0,0.0,0.0,0.0,0.0,0.0,0.0,0.0,0.0,0.5307735800743103,-0.5633716583251953,-0.5426622629165649,0.5196518301963806,-0.44295045733451843,0.39501211047172546,-0.43259578943252563,0.4433339834213257,1.2088137865066528,-1.0580955743789673,0.7996118664741516,-0.9323052763938904,-0.0119022186845541,0.026551103219389915,-0.030671102926135063,0.06500442326068878,0.11169774830341339,-0.08560442179441452,0.03570665791630745,-0.05081331729888916,-0.004577776417136192,-0.04989776387810707,0.003662221133708954,0.030671102926135063,0.5200031995773315,-0.5499961376190186,-0.531250536441803,0.5087558627128601,-0.43606477975845337,0.39032551646232605,-0.4116955101490021,0.4225679337978363,1.2181020975112915,-1.066637635231018,0.8131969571113586,-0.9466656446456909
20260708_155717_683245,2026-07-08T15:57:20.164,2.480759,policy,92,sit,0.0,0.0,0.0,0.0,0.0,0.0,0.0,0.0,0.1,none,0.0,0.0,-1.0,-0.0,0.0,0.0,0.0,0.8590106964111328,1.2032443284988403,12,can0:12,0.7016205191612244,1.0217597484588623,,"BL_hip_joint,BR_hip_joint,FL_hip_joint,FR_hip_joint,BL_thigh_joint,BR_thigh_joint,FL_thigh_joint,FR_thigh_joint,BL_calf_joint,BR_calf_joint,FL_calf_joint,FR_calf_joint",330e02f2406e129bb6ed6ec4a6c6bcd5f80d7e7799a2ab087e81eda65d2fae69,"step=000092 mode=sit    vx= 0.000 vy= 0.000 vxy= 0.000 yaw= 0.000 speed=0.10 imu=none tilt_rp=[-0.0,+0.0]deg imu_corr=0.000 act_max= 0.000 tau_cmd= 0.859 tau_cmd_max= 1.203 cmds=12 bus=can0:12 tau_fb= 0.702 tau_fb_max= 1.022",,,,,,,,,,,,,,,,,,,,,,,,,,,,,,,,,,,,,,,,,,,,,,,,,0.0,0.0,0.0,0.0,0.0,0.0,0.0,0.0,0.0,0.0,0.0,0.0,0.0,0.0,0.0,0.0,0.0,0.0,0.0,0.0,0.0,0.0,0.0,0.0,0.5307735800743103,-0.5633716583251953,-0.5422787666320801,0.5196518301963806,-0.4402659237384796,0.3927110731601715,-0.4318287670612335,0.4433339834213257,1.2091972827911377,-1.0596295595169067,0.8003789186477661,-0.9330722689628601,-0.0119022186845541,-0.04577776417136192,0.021057771518826485,0.03891110047698021,0.11490219086408615,0.03250221163034439,-0.0238044373691082,-0.04119998961687088,-0.041657764464616776,-0.07782220095396042,0.003662221133708954,-0.027466658502817154,0.5185196399688721,-0.5484270453453064,-0.5297349095344543,0.5073043704032898,-0.4333942234516144,0.3877854645252228,-0.4090944826602936,0.4199358820915222,1.2193057537078857,-1.0682734251022339,0.8155558109283447,-0.9486437439918518
20260708_155717_683245,2026-07-08T15:57:20.187,2.503867,policy,93,sit,0.0,0.0,0.0,0.0,0.0,0.0,0.0,0.0,0.1,none,0.0,0.0,-1.0,-0.0,0.0,0.0,0.0,0.9368931651115417,1.3157604932785034,12,can0:12,0.7858515381813049,1.1096529960632324,,"BL_hip_joint,BR_hip_joint,FL_hip_joint,FR_hip_joint,BL_thigh_joint,BR_thigh_joint,FL_thigh_joint,FR_thigh_joint,BL_calf_joint,BR_calf_joint,FL_calf_joint,FR_calf_joint",330e02f2406e129bb6ed6ec4a6c6bcd5f80d7e7799a2ab087e81eda65d2fae69,"step=000093 mode=sit    vx= 0.000 vy= 0.000 vxy= 0.000 yaw= 0.000 speed=0.10 imu=none tilt_rp=[-0.0,+0.0]deg imu_corr=0.000 act_max= 0.000 tau_cmd= 0.937 tau_cmd_max= 1.316 cmds=12 bus=can0:12 tau_fb= 0.786 tau_fb_max= 1.110",,,,,,,,,,,,,,,,,,,,,,,,,,,,,,,,,,,,,,,,,,,,,,,,,0.0,0.0,0.0,0.0,0.0,0.0,0.0,0.0,0.0,0.0,0.0,0.0,0.0,0.0,0.0,0.0,0.0,0.0,0.0,0.0,0.0,0.0,0.0,0.0,0.5307735800743103,-0.5633716583251953,-0.5422787666320801,0.5196518301963806,-0.4387319087982178,0.39156055450439453,-0.4302947521209717,0.44295045733451843,1.2091972827911377,-1.0603965520858765,0.800762414932251,-0.9334558248519897,0.03433332219719887,-0.0393688790500164,0.03570665791630745,0.009155552834272385,0.12268441170454025,-0.12222663313150406,-0.0027466658502817154,-0.014648884534835815,-0.02288888208568096,-0.02471999265253544,0.03799554333090782,-0.04028443247079849,0.5169558525085449,-0.5467730164527893,-0.5281372666358948,0.5057743787765503,-0.43057918548583984,0.38510796427726746,-0.4063527286052704,0.4171614348888397,1.2205746173858643,-1.0699976682662964,0.8180422782897949,-0.9507287740707397
20260708_155717_683245,2026-07-08T15:57:20.210,2.526843,policy,94,sit,0.0,0.0,0.0,0.0,0.0,0.0,0.0,0.0,0.1,none,0.0,0.0,-1.0,-0.0,0.0,0.0,0.0,1.0980054140090942,1.4769961833953857,12,can0:12,0.8886989951133728,1.263466238975525,,"BL_hip_joint,BR_hip_joint,FL_hip_joint,FR_hip_joint,BL_thigh_joint,BR_thigh_joint,FL_thigh_joint,FR_thigh_joint,BL_calf_joint,BR_calf_joint,FL_calf_joint,FR_calf_joint",330e02f2406e129bb6ed6ec4a6c6bcd5f80d7e7799a2ab087e81eda65d2fae69,"step=000094 mode=sit    vx= 0.000 vy= 0.000 vxy= 0.000 yaw= 0.000 speed=0.10 imu=none tilt_rp=[-0.0,+0.0]deg imu_corr=0.000 act_max= 0.000 tau_cmd= 1.098 tau_cmd_max= 1.477 cmds=12 bus=can0:12 tau_fb= 0.889 tau_fb_max= 1.263",,,,,,,,,,,,,,,,,,,,,,,,,,,,,,,,,,,,,,,,,,,,,,,,,0.0,0.0,0.0,0.0,0.0,0.0,0.0,0.0,0.0,0.0,0.0,0.0,0.0,0.0,0.0,0.0,0.0,0.0,0.0,0.0,0.0,0.0,0.0,0.0,0.5307735800743103,-0.5633716583251953,-0.5422787666320801,0.5196518301963806,-0.4383483827114105,0.39041003584861755,-0.4291442334651947,0.44256696105003357,1.2091972827911377,-1.0607800483703613,0.8011459112167358,-0.9346063137054443,0.006408886983990669,0.01831110566854477,-0.019226660951972008,0.05172887444496155,-0.04440443217754364,0.016022218391299248,0.041657764464616776,0.03387554734945297,-0.010986663401126862,-0.019226660951972008,0.014648884534835815,-0.06958220154047012,0.5153128504753113,-0.5450353026390076,-0.526458740234375,0.5041669607162476,-0.42762166261672974,0.3822949528694153,-0.4034721851348877,0.4142465591430664,1.221907615661621,-1.0718092918395996,0.820654571056366,-0.9529194235801697
20260708_155717_683245,2026-07-08T15:57:20.233,2.550419,policy,95,sit,0.0,0.0,0.0,0.0,0.0,0.0,0.0,0.0,0.1,none,0.0,0.0,-1.0,-0.0,0.0,0.0,0.0,1.16029953956604,1.5325767993927002,12,can0:12,0.9591967463493347,1.3806573152542114,,"BL_hip_joint,BR_hip_joint,FL_hip_joint,FR_hip_joint,BL_thigh_joint,BR_thigh_joint,FL_thigh_joint,FR_thigh_joint,BL_calf_joint,BR_calf_joint,FL_calf_joint,FR_calf_joint",330e02f2406e129bb6ed6ec4a6c6bcd5f80d7e7799a2ab087e81eda65d2fae69,"step=000095 mode=sit    vx= 0.000 vy= 0.000 vxy= 0.000 yaw= 0.000 speed=0.10 imu=none tilt_rp=[-0.0,+0.0]deg imu_corr=0.000 act_max= 0.000 tau_cmd= 1.160 tau_cmd_max= 1.533 cmds=12 bus=can0:12 tau_fb= 0.959 tau_fb_max= 1.381",,,,,,,,,,,,,,,,,,,,,,,,,,,,,,,,,,,,,,,,,,,,,,,,,0.0,0.0,0.0,0.0,0.0,0.0,0.0,0.0,0.0,0.0,0.0,0.0,0.0,0.0,0.0,0.0,0.0,0.0,0.0,0.0,0.0,0.0,0.0,0.0,0.5303900241851807,-0.5633716583251953,-0.5422787666320801,0.5196518301963806,-0.43796488642692566,0.39041003584861755,-0.4279937148094177,0.44103294610977173,1.2095807790756226,-1.0611635446548462,0.8019129037857056,-0.9361403584480286,-0.06408887356519699,0.009613330475986004,-0.03799554333090782,0.014648884534835815,-0.02471999265253544,-0.014648884534835815,0.07003998011350632,-0.12817774713039398,-0.05951109528541565,-0.05218665301799774,0.04348887503147125,-0.06546220183372498,0.5135918259620667,-0.5432149767875671,-0.5247005224227905,0.5024831295013428,-0.42452362179756165,0.3793482780456543,-0.4004547894001007,0.4111931622028351,1.2233039140701294,-1.073706865310669,0.8233910202980042,-0.9552140831947327
20260708_155717_683245,2026-07-08T15:57:20.256,2.573424,policy,96,sit,0.0,0.0,0.0,0.0,0.0,0.0,0.0,0.0,0.1,none,0.0,0.0,-1.0,-0.0,0.0,0.0,0.0,1.2374005317687988,1.7191216945648193,12,can0:12,1.034577488899231,1.505172848701477,,"BL_hip_joint,BR_hip_joint,FL_hip_joint,FR_hip_joint,BL_thigh_joint,BR_thigh_joint,FL_thigh_joint,FR_thigh_joint,BL_calf_joint,BR_calf_joint,FL_calf_joint,FR_calf_joint",330e02f2406e129bb6ed6ec4a6c6bcd5f80d7e7799a2ab087e81eda65d2fae69,"step=000096 mode=sit    vx= 0.000 vy= 0.000 vxy= 0.000 yaw= 0.000 speed=0.10 imu=none tilt_rp=[-0.0,+0.0]deg imu_corr=0.000 act_max= 0.000 tau_cmd= 1.237 tau_cmd_max= 1.719 cmds=12 bus=can0:12 tau_fb= 1.035 tau_fb_max= 1.505",,,,,,,,,,,,,,,,,,,,,,,,,,,,,,,,,,,,,,,,,,,,,,,,,0.0,0.0,0.0,0.0,0.0,0.0,0.0,0.0,0.0,0.0,0.0,0.0,0.0,0.0,0.0,0.0,0.0,0.0,0.0,0.0,0.0,0.0,0.0,0.0,0.5307735800743103,-0.5633716583251953,-0.5422787666320801,0.5192683339118958,-0.43796488642692566,0.39041003584861755,-0.42607617378234863,0.43911540508270264,1.2095807790756226,-1.0615471601486206,0.8026799559593201,-0.9384413957595825,-0.048066653311252594,-0.001831110566854477,0.051271095871925354,-0.028382213786244392,0.021057771518826485,0.030671102926135063,0.14053773880004883,-0.10574663430452347,0.05859553813934326,-0.04028443247079849,0.02700888179242611,-0.07599108666181564,0.511793851852417,-0.5413132905960083,-0.5228636264801025,0.5007240772247314,-0.42128702998161316,0.3762698471546173,-0.3973024785518646,0.4080032706260681,1.2247626781463623,-1.0756893157958984,0.8262497782707214,-0.9576113820075989
20260708_155717_683245,2026-07-08T15:57:20.280,2.597082,policy,97,sit,0.0,0.0,0.0,0.0,0.0,0.0,0.0,0.0,0.1,none,0.0,0.0,-1.0,-0.0,0.0,0.0,0.0,1.3585124015808105,1.8042985200881958,12,can0:12,1.0937833786010742,1.6296883821487427,,"BL_hip_joint,BR_hip_joint,FL_hip_joint,FR_hip_joint,BL_thigh_joint,BR_thigh_joint,FL_thigh_joint,FR_thigh_joint,BL_calf_joint,BR_calf_joint,FL_calf_joint,FR_calf_joint",330e02f2406e129bb6ed6ec4a6c6bcd5f80d7e7799a2ab087e81eda65d2fae69,"step=000097 mode=sit    vx= 0.000 vy= 0.000 vxy= 0.000 yaw= 0.000 speed=0.10 imu=none tilt_rp=[-0.0,+0.0]deg imu_corr=0.000 act_max= 0.000 tau_cmd= 1.359 tau_cmd_max= 1.804 cmds=12 bus=can0:12 tau_fb= 1.094 tau_fb_max= 1.630",,,,,,,,,,,,,,,,,,,,,,,,,,,,,,,,,,,,,,,,,,,,,,,,,0.0,0.0,0.0,0.0,0.0,0.0,0.0,0.0,0.0,0.0,0.0,0.0,0.0,0.0,0.0,0.0,0.0,0.0,0.0,0.0,0.0,0.0,0.0,0.0,0.5303900241851807,-0.5629881024360657,-0.5422787666320801,0.5192683339118958,-0.4375813603401184,0.3900265097618103,-0.4233916103839874,0.4368143677711487,1.2099642753601074,-1.0623141527175903,0.8034469485282898,-0.9411259293556213,-0.003662221133708954,0.0315866582095623,-0.038453321903944016,0.05630664899945259,0.048066653311252594,0.02288888208568096,0.15427106618881226,-0.10162663459777832,0.053559985011816025,0.009155552834272385,0.0718710869550705,-0.09659108519554138,0.5099200010299683,-0.5393313765525818,-0.5209492444992065,0.49889075756073,-0.41791391372680664,0.37306156754493713,-0.39401715993881226,0.4046787917613983,1.2262829542160034,-1.0777554512023926,0.8292291760444641,-0.9601098299026489
20260708_155717_683245,2026-07-08T15:57:20.304,2.620710,policy,98,sit,0.0,0.0,0.0,0.0,0.0,0.0,0.0,0.0,0.1,none,0.0,0.0,-1.0,-0.0,0.0,0.0,0.0,1.4545413255691528,2.0483570098876953,12,can0:12,1.1478012800216675,1.7542039155960083,,"BL_hip_joint,BR_hip_joint,FL_hip_joint,FR_hip_joint,BL_thigh_joint,BR_thigh_joint,FL_thigh_joint,FR_thigh_joint,BL_calf_joint,BR_calf_joint,FL_calf_joint,FR_calf_joint",330e02f2406e129bb6ed6ec4a6c6bcd5f80d7e7799a2ab087e81eda65d2fae69,"step=000098 mode=sit    vx= 0.000 vy= 0.000 vxy= 0.000 yaw= 0.000 speed=0.10 imu=none tilt_rp=[-0.0,+0.0]deg imu_corr=0.000 act_max= 0.000 tau_cmd= 1.455 tau_cmd_max= 2.048 cmds=12 bus=can0:12 tau_fb= 1.148 tau_fb_max= 1.754",,,,,,,,,,,,,,,,,,,,,,,,,,,,,,,,,,,,,,,,,,,,,,,,,0.0,0.0,0.0,0.0,0.0,0.0,0.0,0.0,0.0,0.0,0.0,0.0,0.0,0.0,0.0,0.0,0.0,0.0,0.0,0.0,0.0,0.0,0.0,0.0,0.5303900241851807,-0.5629881024360657,-0.5422787666320801,0.5192683339118958,-0.4368143677711487,0.3892595171928406,-0.42032355070114136,0.4337463080883026,1.2103477716445923,-1.06308114528656,0.8042139410972595,-0.9430434703826904,0.010986663401126862,-0.035248879343271255,-0.03250221163034439,0.03250221163034439,0.03662221133708954,-0.0718710869550705,0.1908932775259018,-0.17120884358882904,-0.07324442267417908,-0.08926664292812347,0.03341776877641678,-0.11581774055957794,0.5079714059829712,-0.5372704267501831,-0.5189585089683533,0.4969843029975891,-0.4144062399864197,0.3697252869606018,-0.3906008005142212,0.40122169256210327,1.2278639078140259,-1.0799039602279663,0.8323274254798889,-0.9627079367637634
20260708_155717_683245,2026-07-08T15:57:20.327,2.644351,policy,99,sit,0.0,0.0,0.0,0.0,0.0,0.0,0.0,0.0,0.1,none,0.0,0.0,-1.0,-0.0,0.0,0.0,0.0,1.4904199838638306,2.2295074462890625,12,can0:12,1.192663311958313,1.9592883586883545,,"BL_hip_joint,BR_hip_joint,FL_hip_joint,FR_hip_joint,BL_thigh_joint,BR_thigh_joint,FL_thigh_joint,FR_thigh_joint,BL_calf_joint,BR_calf_joint,FL_calf_joint,FR_calf_joint",330e02f2406e129bb6ed6ec4a6c6bcd5f80d7e7799a2ab087e81eda65d2fae69,"step=000099 mode=sit    vx= 0.000 vy= 0.000 vxy= 0.000 yaw= 0.000 speed=0.10 imu=none tilt_rp=[-0.0,+0.0]deg imu_corr=0.000 act_max= 0.000 tau_cmd= 1.490 tau_cmd_max= 2.230 cmds=12 bus=can0:12 tau_fb= 1.193 tau_fb_max= 1.959",,,,,,,,,,,,,,,,,,,,,,,,,,,,,,,,,,,,,,,,,,,,,,,,,0.0,0.0,0.0,0.0,0.0,0.0,0.0,0.0,0.0,0.0,0.0,0.0,0.0,0.0,0.0,0.0,0.0,0.0,0.0,0.0,0.0,0.0,0.0,0.0,0.5300065279006958,-0.5629881024360657,-0.5418952703475952,0.5192683339118958,-0.4348968267440796,0.3881089687347412,-0.41572147607803345,0.4291442334651947,1.2107312679290771,-1.0642316341400146,0.804980993270874,-0.9445775151252747,-0.005493331700563431,0.013733329251408577,0.02609332650899887,0.035248879343271255,0.13962218165397644,-0.10620441287755966,0.1895199418067932,-0.2069154977798462,0.04028443247079849,-0.0796533077955246,0.03479110077023506,-0.09063997119665146,0.5059491991996765,-0.5351315140724182,-0.5168925523757935,0.4950058162212372,-0.41076600551605225,0.36626291275024414,-0.38705533742904663,0.39763393998146057,1.2295047044754028,-1.0821337699890137,0.8355427384376526,-0.965404212474823
20260708_155717_683245,2026-07-08T15:57:20.351,2.668060,policy,100,sit,0.0,0.0,0.0,0.0,0.0,0.0,0.0,0.0,0.1,none,0.0,0.0,-1.0,-0.0,0.0,0.0,0.0,1.5321797132492065,2.352722644805908,12,can0:12,1.3092440366744995,2.1314127445220947,,"BL_hip_joint,BR_hip_joint,FL_hip_joint,FR_hip_joint,BL_thigh_joint,BR_thigh_joint,FL_thigh_joint,FR_thigh_joint,BL_calf_joint,BR_calf_joint,FL_calf_joint,FR_calf_joint",330e02f2406e129bb6ed6ec4a6c6bcd5f80d7e7799a2ab087e81eda65d2fae69,"step=000100 mode=sit    vx= 0.000 vy= 0.000 vxy= 0.000 yaw= 0.000 speed=0.10 imu=none tilt_rp=[-0.0,+0.0]deg imu_corr=0.000 act_max= 0.000 tau_cmd= 1.532 tau_cmd_max= 2.353 cmds=12 bus=can0:12 tau_fb= 1.309 tau_fb_max= 2.131",,,,,,,,,,,,,,,,,,,,,,,,,,,,,,,,,,,,,,,,,,,,,,,,,0.0,0.0,0.0,0.0,0.0,0.0,0.0,0.0,0.0,0.0,0.0,0.0,0.0,0.0,0.0,0.0,0.0,0.0,0.0,0.0,0.0,0.0,0.0,0.0,0.5300065279006958,-0.5629881024360657,-0.5418952703475952,0.5192683339118958,-0.43259578943252563,0.3861914575099945,-0.4095853567123413,0.42147406935691833,1.2114982604980469,-1.0649986267089844,0.8065150380134583,-0.9461115002632141,-0.01144444104284048,-0.002288888208568096,-0.0238044373691082,-0.055848874151706696,0.15610218048095703,-0.13092440366744995,0.2059999406337738,-0.3195287883281708,0.04852443188428879,-0.10208441317081451,0.04119998961687088,-0.06729331612586975,0.5038543939590454,-0.5329159498214722,-0.5147524476051331,0.49295637011528015,-0.40699517726898193,0.36267635226249695,-0.3833826780319214,0.3939174711704254,1.2312042713165283,-1.08444344997406,0.8388734459877014,-0.968197226524353
20260708_155717_683245,2026-07-08T15:57:20.375,2.692028,policy,101,sit,0.0,0.0,0.0,0.0,0.0,0.0,0.0,0.0,0.1,none,0.0,0.0,-1.0,-0.0,0.0,0.0,0.0,1.5644336938858032,2.467625141143799,12,can0:12,1.3171789646148682,2.2009949684143066,,"BL_hip_joint,BR_hip_joint,FL_hip_joint,FR_hip_joint,BL_thigh_joint,BR_thigh_joint,FL_thigh_joint,FR_thigh_joint,BL_calf_joint,BR_calf_joint,FL_calf_joint,FR_calf_joint",330e02f2406e129bb6ed6ec4a6c6bcd5f80d7e7799a2ab087e81eda65d2fae69,"step=000101 mode=sit    vx= 0.000 vy= 0.000 vxy= 0.000 yaw= 0.000 speed=0.10 imu=none tilt_rp=[-0.0,+0.0]deg imu_corr=0.000 act_max= 0.000 tau_cmd= 1.564 tau_cmd_max= 2.468 cmds=12 bus=can0:12 tau_fb= 1.317 tau_fb_max= 2.201",,,,,,,,,,,,,,,,,,,,,,,,,,,,,,,,,,,,,,,,,,,,,,,,,0.0,0.0,0.0,0.0,0.0,0.0,0.0,0.0,0.0,0.0,0.0,0.0,0.0,0.0,0.0,0.0,0.0,0.0,0.0,0.0,0.0,0.0,0.0,0.0,0.5296230316162109,-0.5629881024360657,-0.5418952703475952,0.5192683339118958,-0.42684316635131836,0.3846574127674103,-0.4030657410621643,0.4126534163951874,1.2122653722763062,-1.0661492347717285,0.8084325194358826,-0.9484125375747681,-0.0398266538977623,-0.022431105375289917,0.009155552834272385,-0.0050355540588498116,0.23209325969219208,-0.05264442786574364,0.2938932478427887,-0.36942654848098755,0.11307107657194138,0.0,0.05264442786574364,-0.0787377581000328,0.5016881823539734,-0.5306248068809509,-0.5125393867492676,0.4908370077610016,-0.4030957520008087,0.35896745324134827,-0.37958475947380066,0.3900742828845978,1.2329617738723755,-1.0868319272994995,0.8423177003860474,-0.9710855484008789
20260708_155717_683245,2026-07-08T15:57:20.399,2.715988,policy,102,sit,0.0,0.0,0.0,0.0,0.0,0.0,0.0,0.0,0.1,none,0.0,0.0,-1.0,-0.0,0.0,0.0,0.0,1.6383863687515259,2.538825511932373,12,can0:12,1.3074129819869995,2.310861587524414,,"BL_hip_joint,BR_hip_joint,FL_hip_joint,FR_hip_joint,BL_thigh_joint,BR_thigh_joint,FL_thigh_joint,FR_thigh_joint,BL_calf_joint,BR_calf_joint,FL_calf_joint,FR_calf_joint",330e02f2406e129bb6ed6ec4a6c6bcd5f80d7e7799a2ab087e81eda65d2fae69,"step=000102 mode=sit    vx= 0.000 vy= 0.000 vxy= 0.000 yaw= 0.000 speed=0.10 imu=none tilt_rp=[-0.0,+0.0]deg imu_corr=0.000 act_max= 0.000 tau_cmd= 1.638 tau_cmd_max= 2.539 cmds=12 bus=can0:12 tau_fb= 1.307 tau_fb_max= 2.311",,,,,,,,,,,,,,,,,,,,,,,,,,,,,,,,,,,,,,,,,,,,,,,,,0.0,0.0,0.0,0.0,0.0,0.0,0.0,0.0,0.0,0.0,0.0,0.0,0.0,0.0,0.0,0.0,0.0,0.0,0.0,0.0,0.0,0.0,0.0,0.0,0.5296230316162109,-0.5626046061515808,-0.5418952703475952,0.5192683339118958,-0.42147406935691833,0.38312339782714844,-0.39692965149879456,0.4057503044605255,1.2137993574142456,-1.0669162273406982,0.8107336163520813,-0.9514806270599365,0.014191106893122196,0.02059999480843544,0.012817773967981339,0.015564439818263054,0.28061768412590027,-0.022431105375289917,0.3552354574203491,-0.18402661383152008,0.047151096165180206,-0.009155552834272385,0.09704886376857758,-0.10849329829216003,0.4994516670703888,-0.5282592177391052,-0.5102545022964478,0.48864883184432983,-0.39906972646713257,0.3551381528377533,-0.37566354870796204,0.3861062824726105,1.2347763776779175,-1.0892980098724365,0.8458738327026367,-0.9740675687789917
20260708_155717_683245,2026-07-08T15:57:20.423,2.739975,policy,103,sit,0.0,0.0,0.0,0.0,0.0,0.0,0.0,0.0,0.1,none,0.0,0.0,-1.0,-0.0,0.0,0.0,0.0,1.7146669626235962,2.577749252319336,12,can0:12,1.3303018808364868,2.4207282066345215,,"BL_hip_joint,BR_hip_joint,FL_hip_joint,FR_hip_joint,BL_thigh_joint,BR_thigh_joint,FL_thigh_joint,FR_thigh_joint,BL_calf_joint,BR_calf_joint,FL_calf_joint,FR_calf_joint",330e02f2406e129bb6ed6ec4a6c6bcd5f80d7e7799a2ab087e81eda65d2fae69,"step=000103 mode=sit    vx= 0.000 vy= 0.000 vxy= 0.000 yaw= 0.000 speed=0.10 imu=none tilt_rp=[-0.0,+0.0]deg imu_corr=0.000 act_max= 0.000 tau_cmd= 1.715 tau_cmd_max= 2.578 cmds=12 bus=can0:12 tau_fb= 1.330 tau_fb_max= 2.421",,,,,,,,,,,,,,,,,,,,,,,,,,,,,,,,,,,,,,,,,,,,,,,,,0.0,0.0,0.0,0.0,0.0,0.0,0.0,0.0,0.0,0.0,0.0,0.0,0.0,0.0,0.0,0.0,0.0,0.0,0.0,0.0,0.0,0.0,0.0,0.0,0.5288560390472412,-0.562221109867096,-0.5418952703475952,0.5192683339118958,-0.41495445370674133,0.38197287917137146,-0.39041003584861755,0.3999977111816406,1.215333342552185,-1.0680667161941528,0.8134181499481201,-0.9541651606559753,-0.010986663401126862,0.08880886435508728,-0.015564439818263054,-0.03387554734945297,0.2055421620607376,-0.025635547935962677,0.22339549660682678,-0.1277199685573578,0.02471999265253544,-0.0476088747382164,0.14740440249443054,-0.047151096165180206,0.4971458911895752,-0.5258204936981201,-0.5078988075256348,0.48639291524887085,-0.3949190378189087,0.3511902987957001,-0.37162092328071594,0.3820154666900635,1.236647129058838,-1.091840386390686,0.8495399951934814,-0.9771419167518616
20260708_155717_683245,2026-07-08T15:57:20.447,2.763828,policy,104,sit,0.0,0.0,0.0,0.0,0.0,0.0,0.0,0.0,0.1,none,0.0,0.0,-1.0,-0.0,0.0,0.0,0.0,1.741869330406189,2.7859270572662354,12,can0:12,1.30253005027771,2.52327036857605,,"BL_hip_joint,BR_hip_joint,FL_hip_joint,FR_hip_joint,BL_thigh_joint,BR_thigh_joint,FL_thigh_joint,FR_thigh_joint,BL_calf_joint,BR_calf_joint,FL_calf_joint,FR_calf_joint",330e02f2406e129bb6ed6ec4a6c6bcd5f80d7e7799a2ab087e81eda65d2fae69,"step=000104 mode=sit    vx= 0.000 vy= 0.000 vxy= 0.000 yaw= 0.000 speed=0.10 imu=none tilt_rp=[-0.0,+0.0]deg imu_corr=0.000 act_max= 0.000 tau_cmd= 1.742 tau_cmd_max= 2.786 cmds=12 bus=can0:12 tau_fb= 1.303 tau_fb_max= 2.523",,,,,,,,,,,,,,,,,,,,,,,,,,,,,,,,,,,,,,,,,,,,,,,,,0.0,0.0,0.0,0.0,0.0,0.0,0.0,0.0,0.0,0.0,0.0,0.0,0.0,0.0,0.0,0.0,0.0,0.0,0.0,0.0,0.0,0.0,0.0,0.0,0.5277054905891418,-0.5610706210136414,-0.5415117144584656,0.5192683339118958,-0.4103523790836334,0.3808223605155945,-0.3835068941116333,0.3973131477832794,1.21571683883667,-1.0692172050476074,0.8195542693138123,-0.9560827016830444,-0.07644886523485184,0.025635547935962677,0.040742211043834686,-0.02609332650899887,0.1821954995393753,-0.0393688790500164,0.2471999228000641,-0.09063997119665146,0.04440443217754364,-0.03799554333090782,0.29847103357315063,-0.08331552892923355,0.49477195739746094,-0.5233096480369568,-0.5054735541343689,0.484070360660553,-0.39064574241638184,0.3471257984638214,-0.36745887994766235,0.377803772687912,1.2385731935501099,-1.0944578647613525,0.8533145189285278,-0.9803071022033691
20260708_155717_683245,2026-07-08T15:57:20.471,2.787870,policy,105,sit,0.0,0.0,0.0,0.0,0.0,0.0,0.0,0.0,0.1,none,0.0,0.0,-1.0,-0.0,0.0,0.0,0.0,1.6905702352523804,2.8066768646240234,12,can0:12,1.339152216911316,2.5012969970703125,,"BL_hip_joint,BR_hip_joint,FL_hip_joint,FR_hip_joint,BL_thigh_joint,BR_thigh_joint,FL_thigh_joint,FR_thigh_joint,BL_calf_joint,BR_calf_joint,FL_calf_joint,FR_calf_joint",330e02f2406e129bb6ed6ec4a6c6bcd5f80d7e7799a2ab087e81eda65d2fae69,"step=000105 mode=sit    vx= 0.000 vy= 0.000 vxy= 0.000 yaw= 0.000 speed=0.10 imu=none tilt_rp=[-0.0,+0.0]deg imu_corr=0.000 act_max= 0.000 tau_cmd= 1.691 tau_cmd_max= 2.807 cmds=12 bus=can0:12 tau_fb= 1.339 tau_fb_max= 2.501",,,,,,,,,,,,,,,,,,,,,,,,,,,,,,,,,,,,,,,,,,,,,,,,,0.0,0.0,0.0,0.0,0.0,0.0,0.0,0.0,0.0,0.0,0.0,0.0,0.0,0.0,0.0,0.0,0.0,0.0,0.0,0.0,0.0,0.0,0.0,0.0,0.5261714458465576,-0.559920072555542,-0.5407447218894958,0.5188848376274109,-0.40459978580474854,0.3789048194885254,-0.37660378217697144,0.39501211047172546,1.2161003351211548,-1.0726687908172607,0.8291419148445129,-0.9591507315635681,-0.03662221133708954,0.07461775839328766,0.044862210750579834,0.009155552834272385,0.23575548827648163,-0.07690664380788803,0.28794214129447937,-0.15427106618881226,-0.07232886552810669,-0.1515243947505951,0.4531998634338379,-0.1666310578584671,0.49233102798461914,-0.5207278728485107,-0.5029798150062561,0.4816822111606598,-0.3862517476081848,0.34294652938842773,-0.3631792962551117,0.3734731674194336,1.240553617477417,-1.0971492528915405,0.8571955561637878,-0.9835616946220398
20260708_155717_683245,2026-07-08T15:57:20.495,2.812002,policy,106,sit,0.0,0.0,0.0,0.0,0.0,0.0,0.0,0.0,0.1,none,0.0,0.0,-1.0,-0.0,0.0,0.0,0.0,1.6425868272781372,2.8354270458221436,12,can0:12,1.2881864309310913,2.6367993354797363,,"BL_hip_joint,BR_hip_joint,FL_hip_joint,FR_hip_joint,BL_thigh_joint,BR_thigh_joint,FL_thigh_joint,FR_thigh_joint,BL_calf_joint,BR_calf_joint,FL_calf_joint,FR_calf_joint",330e02f2406e129bb6ed6ec4a6c6bcd5f80d7e7799a2ab087e81eda65d2fae69,"step=000106 mode=sit    vx= 0.000 vy= 0.000 vxy= 0.000 yaw= 0.000 speed=0.10 imu=none tilt_rp=[-0.0,+0.0]deg imu_corr=0.000 act_max= 0.000 tau_cmd= 1.643 tau_cmd_max= 2.835 cmds=12 bus=can0:12 tau_fb= 1.288 tau_fb_max= 2.637",,,,,,,,,,,,,,,,,,,,,,,,,,,,,,,,,,,,,,,,,,,,,,,,,0.0,0.0,0.0,0.0,0.0,0.0,0.0,0.0,0.0,0.0,0.0,0.0,0.0,0.0,0.0,0.0,0.0,0.0,0.0,0.0,0.0,0.0,0.0,0.0,0.5242539048194885,-0.5580025315284729,-0.5395942330360413,0.5181178450584412,-0.3996141850948334,0.3758367598056793,-0.3716181814670563,0.3927110731601715,1.2164838314056396,-1.0776543617248535,0.8406471014022827,-0.9637528657913208,-0.054475538432598114,0.08835108578205109,0.11764885485172272,-0.05310220643877983,0.1982177197933197,-0.09750663489103317,0.1510666161775589,-0.14419995248317719,0.043946653604507446,-0.221564382314682,0.3712576627731323,-0.2380443811416626,0.48982417583465576,-0.5180764198303223,-0.5004187822341919,0.47922956943511963,-0.38173913955688477,0.33865439891815186,-0.35878413915634155,0.3690255880355835,1.2425874471664429,-1.0999133586883545,0.8611814975738525,-0.9869041442871094
20260708_155717_683245,2026-07-08T15:57:20.519,2.836091,policy,107,sit,0.0,0.0,0.0,0.0,0.0,0.0,0.0,0.0,0.1,none,0.0,0.0,-1.0,-0.0,0.0,0.0,0.0,1.6915844678878784,3.0122885704040527,12,can0:12,1.3574632406234741,2.6294748783111572,,"BL_hip_joint,BR_hip_joint,FL_hip_joint,FR_hip_joint,BL_thigh_joint,BR_thigh_joint,FL_thigh_joint,FR_thigh_joint,BL_calf_joint,BR_calf_joint,FL_calf_joint,FR_calf_joint",330e02f2406e129bb6ed6ec4a6c6bcd5f80d7e7799a2ab087e81eda65d2fae69,"step=000107 mode=sit    vx= 0.000 vy= 0.000 vxy= 0.000 yaw= 0.000 speed=0.10 imu=none tilt_rp=[-0.0,+0.0]deg imu_corr=0.000 act_max= 0.000 tau_cmd= 1.692 tau_cmd_max= 3.012 cmds=12 bus=can0:12 tau_fb= 1.357 tau_fb_max= 2.629",,,,,,,,,,,,,,,,,,,,,,,,,,,,,,,,,,,,,,,,,,,,,,,,,0.0,0.0,0.0,0.0,0.0,0.0,0.0,0.0,0.0,0.0,0.0,0.0,0.0,0.0,0.0,0.0,0.0,0.0,0.0,0.0,0.0,0.0,0.0,0.0,0.5227199196815491,-0.555701494216919,-0.538060188293457,0.5177342891693115,-0.39501211047172546,0.3720017075538635,-0.36816662549972534,0.38849249482154846,1.217250943183899,-1.0826399326324463,0.8448656797409058,-0.9698889255523682,-0.10391552746295929,0.10116885602474213,0.10666219145059586,-0.03570665791630745,0.14557328820228577,-0.20416882634162903,0.12222663313150406,-0.2595599293708801,0.037537768483161926,-0.1753288358449936,-0.01831110566854477,-0.2769554853439331,0.48725247383117676,-0.5153564214706421,-0.49779143929481506,0.47671350836753845,-0.3771097958087921,0.3342512547969818,-0.35427534580230713,0.3644630014896393,1.2446739673614502,-1.102748990058899,0.8652704358100891,-0.990333080291748
20260708_155717_683245,2026-07-08T15:57:20.543,2.860079,policy,108,sit,0.0,0.0,0.0,0.0,0.0,0.0,0.0,0.0,0.1,none,0.0,0.0,-1.0,-0.0,0.0,0.0,0.0,1.7576274871826172,2.9999771118164062,12,can0:12,1.4542068243026733,2.7137057781219482,,"BL_hip_joint,BR_hip_joint,FL_hip_joint,FR_hip_joint,BL_thigh_joint,BR_thigh_joint,FL_thigh_joint,FR_thigh_joint,BL_calf_joint,BR_calf_joint,FL_calf_joint,FR_calf_joint",330e02f2406e129bb6ed6ec4a6c6bcd5f80d7e7799a2ab087e81eda65d2fae69,"step=000108 mode=sit    vx= 0.000 vy= 0.000 vxy= 0.000 yaw= 0.000 speed=0.10 imu=none tilt_rp=[-0.0,+0.0]deg imu_corr=0.000 act_max= 0.000 tau_cmd= 1.758 tau_cmd_max= 3.000 cmds=12 bus=can0:12 tau_fb= 1.454 tau_fb_max= 2.714",,,,,,,,,,,,,,,,,,,,,,,,,,,,,,,,,,,,,,,,,,,,,,,,,0.0,0.0,0.0,0.0,0.0,0.0,0.0,0.0,0.0,0.0,0.0,0.0,0.0,0.0,0.0,0.0,0.0,0.0,0.0,0.0,0.0,0.0,0.0,0.0,0.5223364233970642,-0.5526334643363953,-0.5353756546974182,0.5162003040313721,-0.3900265097618103,0.3650985658168793,-0.3673996031284332,0.3827399015426636,1.2187849283218384,-1.0868585109710693,0.844098687171936,-0.9752580523490906,0.01235999632626772,0.0947599709033966,0.06500442326068878,-0.08606220036745071,0.2055421620607376,-0.39185765385627747,0.026551103219389915,-0.22019104659557343,0.0013733329251408577,-0.11169774830341339,-0.018768884241580963,-0.16800439357757568,0.48461708426475525,-0.512569010257721,-0.4950990378856659,0.4741351008415222,-0.3723657727241516,0.3297390341758728,-0.34965479373931885,0.3597874045372009,1.2468122243881226,-1.1056548357009888,0.8694607019424438,-0.9938468933105469
20260708_155717_683245,2026-07-08T15:57:20.568,2.884734,policy,109,sit,0.0,0.0,0.0,0.0,0.0,0.0,0.0,0.0,0.1,none,0.0,0.0,-1.0,-0.0,0.0,0.0,0.0,1.7619456052780151,3.147247791290283,12,can0:12,1.469161033630371,2.8089237213134766,,"BL_hip_joint,BR_hip_joint,FL_hip_joint,FR_hip_joint,BL_thigh_joint,BR_thigh_joint,FL_thigh_joint,FR_thigh_joint,BL_calf_joint,BR_calf_joint,FL_calf_joint,FR_calf_joint",330e02f2406e129bb6ed6ec4a6c6bcd5f80d7e7799a2ab087e81eda65d2fae69,"step=000109 mode=sit    vx= 0.000 vy= 0.000 vxy= 0.000 yaw= 0.000 speed=0.10 imu=none tilt_rp=[-0.0,+0.0]deg imu_corr=0.000 act_max= 0.000 tau_cmd= 1.762 tau_cmd_max= 3.147 cmds=12 bus=can0:12 tau_fb= 1.469 tau_fb_max= 2.809",,,,,,,,,,,,,,,,,,,,,,,,,,,,,,,,,,,,,,,,,,,,,,,,,0.0,0.0,0.0,0.0,0.0,0.0,0.0,0.0,0.0,0.0,0.0,0.0,0.0,0.0,0.0,0.0,0.0,0.0,0.0,0.0,0.0,0.0,0.0,0.0,0.5227199196815491,-0.5484148859977722,-0.5323075652122498,0.514282763004303,-0.3846574127674103,0.35589441657066345,-0.3677831292152405,0.37660378217697144,1.221469521522522,-1.0914605855941772,0.8444821834564209,-0.9767920970916748,-0.038453321903944016,0.14740440249443054,0.11993774026632309,-0.03433332219719887,0.2069154977798462,-0.4998931884765625,-0.06088442727923393,-0.20142216980457306,0.1510666161775589,-0.17853328585624695,0.0119022186845541,0.00595110934227705,0.4819190502166748,-0.5097153782844543,-0.49234268069267273,0.47149544954299927,-0.36750903725624084,0.32511961460113525,-0.3449245095252991,0.35500067472457886,1.2490012645721436,-1.1086297035217285,0.8737505674362183,-0.9974442720413208
20260708_155717_683245,2026-07-08T15:57:20.591,2.908659,policy,110,sit,0.0,0.0,0.0,0.0,0.0,0.0,0.0,0.0,0.1,none,0.0,0.0,-1.0,-0.0,0.0,0.0,0.0,1.8067060708999634,3.239088773727417,12,can0:12,1.494186282157898,2.940763473510742,,"BL_hip_joint,BR_hip_joint,FL_hip_joint,FR_hip_joint,BL_thigh_joint,BR_thigh_joint,FL_thigh_joint,FR_thigh_joint,BL_calf_joint,BR_calf_joint,FL_calf_joint,FR_calf_joint",330e02f2406e129bb6ed6ec4a6c6bcd5f80d7e7799a2ab087e81eda65d2fae69,"step=000110 mode=sit    vx= 0.000 vy= 0.000 vxy= 0.000 yaw= 0.000 speed=0.10 imu=none tilt_rp=[-0.0,+0.0]deg imu_corr=0.000 act_max= 0.000 tau_cmd= 1.807 tau_cmd_max= 3.239 cmds=12 bus=can0:12 tau_fb= 1.494 tau_fb_max= 2.941",,,,,,,,,,,,,,,,,,,,,,,,,,,,,,,,,,,,,,,,,,,,,,,,,0.0,0.0,0.0,0.0,0.0,0.0,0.0,0.0,0.0,0.0,0.0,0.0,0.0,0.0,0.0,0.0,0.0,0.0,0.0,0.0,0.0,0.0,0.0,0.0,0.5223364233970642,-0.5441963076591492,-0.5284724831581116,0.5127487182617188,-0.38005533814430237,0.34669023752212524,-0.3673996031284332,0.37276870012283325,1.2249209880828857,-1.0975967645645142,0.8444821834564209,-0.9764085412025452,0.00045777764171361923,0.2142399400472641,0.028839992359280586,-0.11764885485172272,0.08972442150115967,-0.4280220866203308,0.019226660951972008,-0.1982177197933197,0.10757774859666824,-0.28015992045402527,0.014191106893122196,0.010071108117699623,0.47915953397750854,-0.5067967176437378,-0.48952344059944153,0.4687955975532532,-0.3625415563583374,0.3203948736190796,-0.3400863707065582,0.35010483860969543,1.2512401342391968,-1.1116724014282227,0.8781381845474243,-1.0011236667633057
20260708_155717_683245,2026-07-08T15:57:20.616,2.933179,policy,111,sit,0.0,0.0,0.0,0.0,0.0,0.0,0.0,0.0,0.1,none,0.0,0.0,-1.0,-0.0,0.0,0.0,0.0,1.9562739133834839,3.4144065380096436,12,can0:12,1.509140133857727,2.9663991928100586,,"BL_hip_joint,BR_hip_joint,FL_hip_joint,FR_hip_joint,BL_thigh_joint,BR_thigh_joint,FL_thigh_joint,FR_thigh_joint,BL_calf_joint,BR_calf_joint,FL_calf_joint,FR_calf_joint",330e02f2406e129bb6ed6ec4a6c6bcd5f80d7e7799a2ab087e81eda65d2fae69,"step=000111 mode=sit    vx= 0.000 vy= 0.000 vxy= 0.000 yaw= 0.000 speed=0.10 imu=none tilt_rp=[-0.0,+0.0]deg imu_corr=0.000 act_max= 0.000 tau_cmd= 1.956 tau_cmd_max= 3.414 cmds=12 bus=can0:12 tau_fb= 1.509 tau_fb_max= 2.966",,,,,,,,,,,,,,,,,,,,,,,,,,,,,,,,,,,,,,,,,,,,,,,,,0.0,0.0,0.0,0.0,0.0,0.0,0.0,0.0,0.0,0.0,0.0,0.0,0.0,0.0,0.0,0.0,0.0,0.0,0.0,0.0,0.0,0.0,0.0,0.0,0.5219528675079346,-0.540361225605011,-0.5254044532775879,0.5112146735191345,-0.37660378217697144,0.3378695845603943,-0.3677831292152405,0.3712346851825714,1.2272220849990845,-1.1010483503341675,0.8452492356300354,-0.9767920970916748,-0.003662221133708954,0.17670217156410217,0.1341288536787033,-0.07049775868654251,0.12131107598543167,-0.33555102348327637,-0.02471999265253544,-0.05951109528541565,0.11581774055957794,-0.0553910955786705,0.006408886983990669,-0.002288888208568096,0.47633957862854004,-0.5038141012191772,-0.4866425096988678,0.4660366475582123,-0.357541561126709,0.3155667185783386,-0.3351423144340515,0.345104843378067,1.2535279989242554,-1.1147817373275757,0.8826218843460083,-1.0048835277557373
20260708_155717_683245,2026-07-08T15:57:20.640,2.957133,policy,112,sit,0.0,0.0,0.0,0.0,0.0,0.0,0.0,0.0,0.1,none,0.0,0.0,-1.0,-0.0,0.0,0.0,0.0,2.0002472400665283,3.5152199268341064,12,can0:12,1.5582752227783203,3.1055636405944824,,"BL_hip_joint,BR_hip_joint,FL_hip_joint,FR_hip_joint,BL_thigh_joint,BR_thigh_joint,FL_thigh_joint,FR_thigh_joint,BL_calf_joint,BR_calf_joint,FL_calf_joint,FR_calf_joint",330e02f2406e129bb6ed6ec4a6c6bcd5f80d7e7799a2ab087e81eda65d2fae69,"step=000112 mode=sit    vx= 0.000 vy= 0.000 vxy= 0.000 yaw= 0.000 speed=0.10 imu=none tilt_rp=[-0.0,+0.0]deg imu_corr=0.000 act_max= 0.000 tau_cmd= 2.000 tau_cmd_max= 3.515 cmds=12 bus=can0:12 tau_fb= 1.558 tau_fb_max= 3.106",,,,,,,,,,,,,,,,,,,,,,,,,,,,,,,,,,,,,,,,,,,,,,,,,0.0,0.0,0.0,0.0,0.0,0.0,0.0,0.0,0.0,0.0,0.0,0.0,0.0,0.0,0.0,0.0,0.0,0.0,0.0,0.0,0.0,0.0,0.0,0.0,0.52080237865448,-0.5361426472663879,-0.5223364233970642,0.5092971920967102,-0.3743027448654175,0.32981592416763306,-0.3673996031284332,0.3712346851825714,1.2318241596221924,-1.1006648540496826,0.8483172655105591,-0.9779425859451294,-0.0196844395250082,0.15564440190792084,0.10025330632925034,-0.05767998471856117,0.09887997061014175,-0.3195287883281708,0.10528885573148727,-0.006408886983990669,0.29663991928100586,0.05264442786574364,0.14511550962924957,-0.050355542451143265,0.4734603464603424,-0.500768780708313,-0.4837009906768799,0.46321970224380493,-0.35254156589508057,0.3106369972229004,-0.3301423192024231,0.3401048481464386,1.2558640241622925,-1.1179563999176025,0.887199878692627,-1.0087225437164307
20260708_155717_683245,2026-07-08T15:57:20.665,2.981711,policy,113,sit,0.0,0.0,0.0,0.0,0.0,0.0,0.0,0.0,0.1,none,0.0,0.0,-1.0,-0.0,0.0,0.0,0.0,1.9675875902175903,3.517651081085205,12,can0:12,1.6046632528305054,3.21909236907959,,"BL_hip_joint,BR_hip_joint,FL_hip_joint,FR_hip_joint,BL_thigh_joint,BR_thigh_joint,FL_thigh_joint,FR_thigh_joint,BL_calf_joint,BR_calf_joint,FL_calf_joint,FR_calf_joint",330e02f2406e129bb6ed6ec4a6c6bcd5f80d7e7799a2ab087e81eda65d2fae69,"step=000113 mode=sit    vx= 0.000 vy= 0.000 vxy= 0.000 yaw= 0.000 speed=0.10 imu=none tilt_rp=[-0.0,+0.0]deg imu_corr=0.000 act_max= 0.000 tau_cmd= 1.968 tau_cmd_max= 3.518 cmds=12 bus=can0:12 tau_fb= 1.605 tau_fb_max= 3.219",,,,,,,,,,,,,,,,,,,,,,,,,,,,,,,,,,,,,,,,,,,,,,,,,0.0,0.0,0.0,0.0,0.0,0.0,0.0,0.0,0.0,0.0,0.0,0.0,0.0,0.0,0.0,0.0,0.0,0.0,0.0,0.0,0.0,0.0,0.0,0.0,0.5192683339118958,-0.5334581136703491,-0.5204188823699951,0.5073796510696411,-0.37276870012283325,0.3221457898616791,-0.36548206210136414,0.3712346851825714,1.2398778200149536,-1.1010483503341675,0.8548368811607361,-0.9813941717147827,-0.15655995905399323,0.08331552892923355,0.021057771518826485,-0.005493331700563431,0.06500442326068878,-0.24399548768997192,0.2311777025461197,-0.02471999265253544,0.3717154562473297,-0.015106662176549435,0.35248878598213196,-0.1826532781124115,0.4705228805541992,-0.49766188859939575,-0.4807000160217285,0.4603457748889923,-0.34754157066345215,0.305637001991272,-0.3251423239707947,0.3351048529148102,1.2582473754882812,-1.1211951971054077,0.8918704390525818,-1.012639045715332
20260708_155717_683245,2026-07-08T15:57:20.689,3.006324,policy,114,sit,0.0,0.0,0.0,0.0,0.0,0.0,0.0,0.0,0.1,none,0.0,0.0,-1.0,-0.0,0.0,0.0,0.0,1.9870643615722656,3.580949068069458,12,can0:12,1.609851360321045,3.2667012214660645,,"BL_hip_joint,BR_hip_joint,FL_hip_joint,FR_hip_joint,BL_thigh_joint,BR_thigh_joint,FL_thigh_joint,FR_thigh_joint,BL_calf_joint,BR_calf_joint,FL_calf_joint,FR_calf_joint",330e02f2406e129bb6ed6ec4a6c6bcd5f80d7e7799a2ab087e81eda65d2fae69,"step=000114 mode=sit    vx= 0.000 vy= 0.000 vxy= 0.000 yaw= 0.000 speed=0.10 imu=none tilt_rp=[-0.0,+0.0]deg imu_corr=0.000 act_max= 0.000 tau_cmd= 1.987 tau_cmd_max= 3.581 cmds=12 bus=can0:12 tau_fb= 1.610 tau_fb_max= 3.267",,,,,,,,,,,,,,,,,,,,,,,,,,,,,,,,,,,,,,,,,,,,,,,,,0.0,0.0,0.0,0.0,0.0,0.0,0.0,0.0,0.0,0.0,0.0,0.0,0.0,0.0,0.0,0.0,0.0,0.0,0.0,0.0,0.0,0.0,0.0,0.0,0.5173507928848267,-0.5311570763587952,-0.5192683339118958,0.505462110042572,-0.37085115909576416,0.3171602189540863,-0.3620305061340332,0.3716181814670563,1.2440963983535767,-1.1010483503341675,0.8678761124610901,-0.9882972836494446,-0.08651997148990631,0.06912442296743393,0.013733329251408577,-0.0714133158326149,0.04211554303765297,-0.1899777203798294,0.143742173910141,0.026551103219389915,0.10071108490228653,-0.09247108548879623,0.5598620772361755,-0.3584398925304413,0.4675283432006836,-0.49449464678764343,-0.47764068841934204,0.45741599798202515,-0.34254157543182373,0.30063700675964355,-0.32014232873916626,0.33010485768318176,1.2606769800186157,-1.1244970560073853,0.8966317772865295,-1.016631841659546
20260708_155717_683245,2026-07-08T15:57:20.713,3.030275,policy,115,sit,0.0,0.0,0.0,0.0,0.0,0.0,0.0,0.0,0.1,none,0.0,0.0,-1.0,-0.0,0.0,0.0,0.0,2.0227670669555664,3.54899525642395,12,can0:12,1.6736350059509277,3.2776880264282227,,"BL_hip_joint,BR_hip_joint,FL_hip_joint,FR_hip_joint,BL_thigh_joint,BR_thigh_joint,FL_thigh_joint,FR_thigh_joint,BL_calf_joint,BR_calf_joint,FL_calf_joint,FR_calf_joint",330e02f2406e129bb6ed6ec4a6c6bcd5f80d7e7799a2ab087e81eda65d2fae69,"step=000115 mode=sit    vx= 0.000 vy= 0.000 vxy= 0.000 yaw= 0.000 speed=0.10 imu=none tilt_rp=[-0.0,+0.0]deg imu_corr=0.000 act_max= 0.000 tau_cmd= 2.023 tau_cmd_max= 3.549 cmds=12 bus=can0:12 tau_fb= 1.674 tau_fb_max= 3.278",,,,,,,,,,,,,,,,,,,,,,,,,,,,,,,,,,,,,,,,,,,,,,,,,0.0,0.0,0.0,0.0,0.0,0.0,0.0,0.0,0.0,0.0,0.0,0.0,0.0,0.0,0.0,0.0,0.0,0.0,0.0,0.0,0.0,0.0,0.0,0.0,0.5150497555732727,-0.5296230316162109,-0.5177342891693115,0.5039280652999878,-0.3685501217842102,0.313708633184433,-0.3574284315109253,0.37085115909576416,1.2437129020690918,-1.1014318466186523,0.8793812990188599,-0.9963509440422058,-0.1355021893978119,0.10071108490228653,0.044862210750579834,-0.09704886376857758,0.12497329711914062,-0.08606220036745071,0.287484347820282,-0.040742211043834686,0.10849329829216003,-0.08926664292812347,0.34607988595962524,-0.2769554853439331,0.4644777774810791,-0.491268128156662,-0.4745241403579712,0.454431414604187,-0.3375415802001953,0.29563701152801514,-0.31514233350753784,0.32510486245155334,1.263152003288269,-1.12786066532135,0.901482105255127,-1.020699143409729
20260708_155717_683245,2026-07-08T15:57:20.738,3.055027,policy,116,sit,0.0,0.0,0.0,0.0,0.0,0.0,0.0,0.0,0.1,none,0.0,0.0,-1.0,-0.0,0.0,0.0,0.0,2.199904441833496,3.700711727142334,12,can0:12,1.73528254032135,3.2593767642974854,,"BL_hip_joint,BR_hip_joint,FL_hip_joint,FR_hip_joint,BL_thigh_joint,BR_thigh_joint,FL_thigh_joint,FR_thigh_joint,BL_calf_joint,BR_calf_joint,FL_calf_joint,FR_calf_joint",330e02f2406e129bb6ed6ec4a6c6bcd5f80d7e7799a2ab087e81eda65d2fae69,"step=000116 mode=sit    vx= 0.000 vy= 0.000 vxy= 0.000 yaw= 0.000 speed=0.10 imu=none tilt_rp=[-0.0,+0.0]deg imu_corr=0.000 act_max= 0.000 tau_cmd= 2.200 tau_cmd_max= 3.701 cmds=12 bus=can0:12 tau_fb= 1.735 tau_fb_max= 3.259",,,,,,,,,,,,,,,,,,,,,,,,,,,,,,,,,,,,,,,,,,,,,,,,,0.0,0.0,0.0,0.0,0.0,0.0,0.0,0.0,0.0,0.0,0.0,0.0,0.0,0.0,0.0,0.0,0.0,0.0,0.0,0.0,0.0,0.0,0.0,0.0,0.5131322145462036,-0.5284724831581116,-0.5165838003158569,0.501243531703949,-0.3666326105594635,0.3133251368999481,-0.35129231214523315,0.37008416652679443,1.2437129020690918,-1.102198839187622,0.883216381072998,-1.0028705596923828,-0.10071108490228653,0.03891110047698021,0.09384441375732422,-0.06408887356519699,0.1501510739326477,-0.0027466658502817154,0.299386590719223,-0.09659108519554138,0.02929776906967163,-0.08926664292812347,0.05767998471856117,-0.23438215255737305,0.46137234568595886,-0.4879835844039917,-0.4713515639305115,0.45139315724372864,-0.3325415849685669,0.2906370162963867,-0.3101423382759094,0.3201048672199249,1.2656714916229248,-1.1312847137451172,0.9064197540283203,-1.0248397588729858
20260708_155717_683245,2026-07-08T15:57:20.762,3.078991,policy,117,sit,0.0,0.0,0.0,0.0,0.0,0.0,0.0,0.0,0.1,none,0.0,0.0,-1.0,-0.0,0.0,0.0,0.0,2.229386568069458,3.9463553428649902,12,can0:12,1.6699728965759277,3.156834602355957,,"BL_hip_joint,BR_hip_joint,FL_hip_joint,FR_hip_joint,BL_thigh_joint,BR_thigh_joint,FL_thigh_joint,FR_thigh_joint,BL_calf_joint,BR_calf_joint,FL_calf_joint,FR_calf_joint",330e02f2406e129bb6ed6ec4a6c6bcd5f80d7e7799a2ab087e81eda65d2fae69,"step=000117 mode=sit    vx= 0.000 vy= 0.000 vxy= 0.000 yaw= 0.000 speed=0.10 imu=none tilt_rp=[-0.0,+0.0]deg imu_corr=0.000 act_max= 0.000 tau_cmd= 2.229 tau_cmd_max= 3.946 cmds=12 bus=can0:12 tau_fb= 1.670 tau_fb_max= 3.157",,,,,,,,,,,,,,,,,,,,,,,,,,,,,,,,,,,,,,,,,,,,,,,,,0.0,0.0,0.0,0.0,0.0,0.0,0.0,0.0,0.0,0.0,0.0,0.0,0.0,0.0,0.0,0.0,0.0,0.0,0.0,0.0,0.0,0.0,0.0,0.0,0.5108311772346497,-0.527321994304657,-0.514282763004303,0.49779194593429565,-0.3627975285053253,0.313708633184433,-0.34285515546798706,0.3677831292152405,1.2440963983535767,-1.1048834323883057,0.885517418384552,-1.009390115737915,-0.0,0.010986663401126862,0.1268044114112854,-0.16800439357757568,0.20783105492591858,0.001831110566854477,0.3799554407596588,-0.11032441258430481,0.0398266538977623,-0.17166662216186523,0.08880886435508728,-0.21057771146297455,0.45821312069892883,-0.4846421182155609,-0.4681239724159241,0.4483022689819336,-0.3275415897369385,0.2856370210647583,-0.305142343044281,0.3151048719882965,1.2682347297668457,-1.1347681283950806,0.9114197492599487,-1.0290520191192627
20260708_155717_683245,2026-07-08T15:57:20.785,3.102705,policy,118,sit,0.0,0.0,0.0,0.0,0.0,0.0,0.0,0.0,0.1,none,0.0,0.0,-1.0,-0.0,0.0,0.0,0.0,2.2159135341644287,3.7073190212249756,12,can0:12,1.5616321563720703,3.0579545497894287,,"BL_hip_joint,BR_hip_joint,FL_hip_joint,FR_hip_joint,BL_thigh_joint,BR_thigh_joint,FL_thigh_joint,FR_thigh_joint,BL_calf_joint,BR_calf_joint,FL_calf_joint,FR_calf_joint",330e02f2406e129bb6ed6ec4a6c6bcd5f80d7e7799a2ab087e81eda65d2fae69,"step=000118 mode=sit    vx= 0.000 vy= 0.000 vxy= 0.000 yaw= 0.000 speed=0.10 imu=none tilt_rp=[-0.0,+0.0]deg imu_corr=0.000 act_max= 0.000 tau_cmd= 2.216 tau_cmd_max= 3.707 cmds=12 bus=can0:12 tau_fb= 1.562 tau_fb_max= 3.058",,,,,,,,,,,,,,,,,,,,,,,,,,,,,,,,,,,,,,,,,,,,,,,,,0.0,0.0,0.0,0.0,0.0,0.0,0.0,0.0,0.0,0.0,0.0,0.0,0.0,0.0,0.0,0.0,0.0,0.0,0.0,0.0,0.0,0.0,0.0,0.0,0.5085301399230957,-0.5257879495620728,-0.5115982294082642,0.49318987131118774,-0.35704493522644043,0.3133251368999481,-0.33250048756599426,0.36433154344558716,1.2440963983535767,-1.1091020107269287,0.8901194930076599,-1.0124582052230835,-0.17075106501579285,0.1034577488899231,0.08972442150115967,-0.2449110448360443,0.21881771087646484,0.03891110047698021,0.43900877237319946,-0.1501510739326477,0.06683553755283356,-0.14603106677532196,0.22705771028995514,-0.013733329251408577,0.45500120520591736,-0.4812449514865875,-0.4648425877094269,0.44515979290008545,-0.32254159450531006,0.2806370258331299,-0.3001423478126526,0.3101048767566681,1.2708406448364258,-1.1383097171783447,0.9164197444915771,-1.0333346128463745
20260708_155717_683245,2026-07-08T15:57:20.809,3.126484,policy,119,sit,0.0,0.0,0.0,0.0,0.0,0.0,0.0,0.0,0.1,none,0.0,0.0,-1.0,-0.0,0.0,0.0,0.0,2.115950107574463,3.7665505409240723,12,can0:12,1.6150394678115845,2.841883659362793,,"BL_hip_joint,BR_hip_joint,FL_hip_joint,FR_hip_joint,BL_thigh_joint,BR_thigh_joint,FL_thigh_joint,FR_thigh_joint,BL_calf_joint,BR_calf_joint,FL_calf_joint,FR_calf_joint",330e02f2406e129bb6ed6ec4a6c6bcd5f80d7e7799a2ab087e81eda65d2fae69,"step=000119 mode=sit    vx= 0.000 vy= 0.000 vxy= 0.000 yaw= 0.000 speed=0.10 imu=none tilt_rp=[-0.0,+0.0]deg imu_corr=0.000 act_max= 0.000 tau_cmd= 2.116 tau_cmd_max= 3.767 cmds=12 bus=can0:12 tau_fb= 1.615 tau_fb_max= 2.842",,,,,,,,,,,,,,,,,,,,,,,,,,,,,,,,,,,,,,,,,,,,,,,,,0.0,0.0,0.0,0.0,0.0,0.0,0.0,0.0,0.0,0.0,0.0,0.0,0.0,0.0,0.0,0.0,0.0,0.0,0.0,0.0,0.0,0.0,0.0,0.0,0.5050786137580872,-0.5238704085350037,-0.5073796510696411,0.48667025566101074,-0.34937480092048645,0.3133251368999481,-0.3229128122329712,0.3581954538822174,1.2444798946380615,-1.1148545742034912,0.8974061608314514,-1.0124582052230835,-0.13000884652137756,0.06820886582136154,0.20187993347644806,-0.29114657640457153,0.28931546211242676,-0.02929776906967163,0.3817865550518036,-0.28885769844055176,-0.004119998775422573,-0.3561510145664215,0.37675100564956665,0.03433332219719887,0.4517377018928528,-0.47779321670532227,-0.46150851249694824,0.4419668912887573,-0.31754159927368164,0.27563703060150146,-0.29514235258102417,0.3051048815250397,1.2734885215759277,-1.141908049583435,0.9214197397232056,-1.0376858711242676
20260708_155717_683245,2026-07-08T15:57:20.833,3.150261,policy,120,sit,0.0,0.0,0.0,0.0,0.0,0.0,0.0,0.0,0.1,none,0.0,0.0,-1.0,-0.0,0.0,0.0,0.0,1.9881006479263306,3.4754796028137207,12,can0:12,1.6110721826553345,2.764976978302002,,"BL_hip_joint,BR_hip_joint,FL_hip_joint,FR_hip_joint,BL_thigh_joint,BR_thigh_joint,FL_thigh_joint,FR_thigh_joint,BL_calf_joint,BR_calf_joint,FL_calf_joint,FR_calf_joint",330e02f2406e129bb6ed6ec4a6c6bcd5f80d7e7799a2ab087e81eda65d2fae69,"step=000120 mode=sit    vx= 0.000 vy= 0.000 vxy= 0.000 yaw= 0.000 speed=0.10 imu=none tilt_rp=[-0.0,+0.0]deg imu_corr=0.000 act_max= 0.000 tau_cmd= 1.988 tau_cmd_max= 3.475 cmds=12 bus=can0:12 tau_fb= 1.611 tau_fb_max= 2.765",,,,,,,,,,,,,,,,,,,,,,,,,,,,,,,,,,,,,,,,,,,,,,,,,0.0,0.0,0.0,0.0,0.0,0.0,0.0,0.0,0.0,0.0,0.0,0.0,0.0,0.0,0.0,0.0,0.0,0.0,0.0,0.0,0.0,0.0,0.0,0.0,0.5004764795303345,-0.52080237865448,-0.5027775764465332,0.4805341362953186,-0.3413211405277252,0.31294164061546326,-0.31294164061546326,0.34860777854919434,1.246013879776001,-1.1229082345962524,0.905076265335083,-1.0128417015075684,-0.2380443811416626,0.09155552834272385,0.20004883408546448,-0.21881771087646484,0.33143100142478943,-0.044862210750579834,0.41703543066978455,-0.47105318307876587,0.10391552746295929,-0.35294654965400696,0.20783105492591858,-0.04257332161068916,0.44842371344566345,-0.47428807616233826,-0.4581228196620941,0.4387245774269104,-0.3125416040420532,0.27063703536987305,-0.29014235734939575,0.30010488629341125,1.276177167892456,-1.1455620527267456,0.926419734954834,-1.0421044826507568
20260708_155717_683245,2026-07-08T15:57:20.857,3.174030,policy,121,sit,0.0,0.0,0.0,0.0,0.0,0.0,0.0,0.0,0.1,none,0.0,0.0,-1.0,-0.0,0.0,0.0,0.0,1.924582600593567,3.122410535812378,12,can0:12,1.4340647459030151,2.548905849456787,,"BL_hip_joint,BR_hip_joint,FL_hip_joint,FR_hip_joint,BL_thigh_joint,BR_thigh_joint,FL_thigh_joint,FR_thigh_joint,BL_calf_joint,BR_calf_joint,FL_calf_joint,FR_calf_joint",330e02f2406e129bb6ed6ec4a6c6bcd5f80d7e7799a2ab087e81eda65d2fae69,"step=000121 mode=sit    vx= 0.000 vy= 0.000 vxy= 0.000 yaw= 0.000 speed=0.10 imu=none tilt_rp=[-0.0,+0.0]deg imu_corr=0.000 act_max= 0.000 tau_cmd= 1.925 tau_cmd_max= 3.122 cmds=12 bus=can0:12 tau_fb= 1.434 tau_fb_max= 2.549",,,,,,,,,,,,,,,,,,,,,,,,,,,,,,,,,,,,,,,,,,,,,,,,,0.0,0.0,0.0,0.0,0.0,0.0,0.0,0.0,0.0,0.0,0.0,0.0,0.0,0.0,0.0,0.0,0.0,0.0,0.0,0.0,0.0,0.0,0.0,0.0,0.4928063750267029,-0.5173507928848267,-0.49779194593429565,0.47554856538772583,-0.3340345025062561,0.31102409958839417,-0.3052715063095093,0.3367190659046173,1.2483149766921997,-1.1301947832107544,0.9066103100776672,-1.0147593021392822,-0.30487990379333496,0.20783105492591858,0.2787865698337555,-0.24307993054389954,0.29892879724502563,-0.10025330632925034,0.2375866025686264,-0.4843287467956543,0.10574663430452347,-0.31998658180236816,-0.008239997550845146,-0.13687551021575928,0.4450603425502777,-0.470730721950531,-0.45468670129776,0.435433954000473,-0.3075416088104248,0.26563704013824463,-0.28514236211776733,0.29510489106178284,1.2789061069488525,-1.1492706537246704,0.9314197301864624,-1.0465890169143677
20260708_155717_683245,2026-07-08T15:57:20.881,3.197758,policy,122,sit,0.0,0.0,0.0,0.0,0.0,0.0,0.0,0.0,0.1,none,0.0,0.0,-1.0,-0.0,0.0,0.0,0.0,1.8785581588745117,3.0165750980377197,12,can0:12,1.4889980554580688,2.618488073348999,,"BL_hip_joint,BR_hip_joint,FL_hip_joint,FR_hip_joint,BL_thigh_joint,BR_thigh_joint,FL_thigh_joint,FR_thigh_joint,BL_calf_joint,BR_calf_joint,FL_calf_joint,FR_calf_joint",330e02f2406e129bb6ed6ec4a6c6bcd5f80d7e7799a2ab087e81eda65d2fae69,"step=000122 mode=sit    vx= 0.000 vy= 0.000 vxy= 0.000 yaw= 0.000 speed=0.10 imu=none tilt_rp=[-0.0,+0.0]deg imu_corr=0.000 act_max= 0.000 tau_cmd= 1.879 tau_cmd_max= 3.017 cmds=12 bus=can0:12 tau_fb= 1.489 tau_fb_max= 2.618",,,,,,,,,,,,,,,,,,,,,,,,,,,,,,,,,,,,,,,,,,,,,,,,,0.0,0.0,0.0,0.0,0.0,0.0,0.0,0.0,0.0,0.0,0.0,0.0,0.0,0.0,0.0,0.0,0.0,0.0,0.0,0.0,0.0,0.0,0.0,0.0,0.48551973700523376,-0.5127487182617188,-0.49242284893989563,0.47248050570487976,-0.326747864484787,0.30757254362106323,-0.300669401884079,0.3248303532600403,1.2498489618301392,-1.137481451034546,0.9062268137931824,-1.0185943841934204,-0.2531510293483734,0.22522659599781036,0.2380443811416626,-0.10483107715845108,0.34791100025177,-0.1670888364315033,0.24994659423828125,-0.49714651703834534,0.056764427572488785,-0.2948088049888611,-0.015106662176549435,-0.2847377061843872,0.4416486918926239,-0.46712228655815125,-0.45120128989219666,0.43209612369537354,-0.3025416135787964,0.2606370449066162,-0.2801423668861389,0.2901048958301544,1.2816740274429321,-1.1530323028564453,0.9364197254180908,-1.0511378049850464
20260708_155717_683245,2026-07-08T15:57:20.904,3.221589,policy,123,sit,0.0,0.0,0.0,0.0,0.0,0.0,0.0,0.0,0.1,none,0.0,0.0,-1.0,-0.0,0.0,0.0,0.0,1.922075867652893,3.0652482509613037,12,can0:12,1.568651556968689,2.911465883255005,,"BL_hip_joint,BR_hip_joint,FL_hip_joint,FR_hip_joint,BL_thigh_joint,BR_thigh_joint,FL_thigh_joint,FR_thigh_joint,BL_calf_joint,BR_calf_joint,FL_calf_joint,FR_calf_joint",330e02f2406e129bb6ed6ec4a6c6bcd5f80d7e7799a2ab087e81eda65d2fae69,"step=000123 mode=sit    vx= 0.000 vy= 0.000 vxy= 0.000 yaw= 0.000 speed=0.10 imu=none tilt_rp=[-0.0,+0.0]deg imu_corr=0.000 act_max= 0.000 tau_cmd= 1.922 tau_cmd_max= 3.065 cmds=12 bus=can0:12 tau_fb= 1.569 tau_fb_max= 2.911",,,,,,,,,,,,,,,,,,,,,,,,,,,,,,,,,,,,,,,,,,,,,,,,,0.0,0.0,0.0,0.0,0.0,0.0,0.0,0.0,0.0,0.0,0.0,0.0,0.0,0.0,0.0,0.0,0.0,0.0,0.0,0.0,0.0,0.0,0.0,0.0,0.4793836176395416,-0.5073796510696411,-0.48858779668807983,0.47171348333358765,-0.31869423389434814,0.30181992053985596,-0.2968343496322632,0.3133251368999481,1.2513830661773682,-1.1409330368041992,0.9066103100776672,-1.0254974365234375,-0.23941770195960999,0.2380443811416626,0.1423688530921936,-0.08880886435508728,0.3968932032585144,-0.2787865698337555,0.10757774859666824,-0.4202398657798767,0.04348887503147125,0.01831110566854477,-0.06042664870619774,-0.36210212111473083,0.43818986415863037,-0.4634639620780945,-0.44766765832901,0.4287120997905731,-0.29754161834716797,0.2556370496749878,-0.2751423716545105,0.285104900598526,1.284480333328247,-1.156846046447754,0.9414197206497192,-1.055749535560608
20260708_155717_683245,2026-07-08T15:57:20.928,3.245358,policy,124,sit,0.0,0.0,0.0,0.0,0.0,0.0,0.0,0.0,0.1,none,0.0,0.0,-1.0,-0.0,0.0,0.0,0.0,1.9862779378890991,3.5491063594818115,12,can0:12,1.584520936012268,3.079927921295166,,"BL_hip_joint,BR_hip_joint,FL_hip_joint,FR_hip_joint,BL_thigh_joint,BR_thigh_joint,FL_thigh_joint,FR_thigh_joint,BL_calf_joint,BR_calf_joint,FL_calf_joint,FR_calf_joint",330e02f2406e129bb6ed6ec4a6c6bcd5f80d7e7799a2ab087e81eda65d2fae69,"step=000124 mode=sit    vx= 0.000 vy= 0.000 vxy= 0.000 yaw= 0.000 speed=0.10 imu=none tilt_rp=[-0.0,+0.0]deg imu_corr=0.000 act_max= 0.000 tau_cmd= 1.986 tau_cmd_max= 3.549 cmds=12 bus=can0:12 tau_fb= 1.585 tau_fb_max= 3.080",,,,,,,,,,,,,,,,,,,,,,,,,,,,,,,,,,,,,,,,,,,,,,,,,0.0,0.0,0.0,0.0,0.0,0.0,0.0,0.0,0.0,0.0,0.0,0.0,0.0,0.0,0.0,0.0,0.0,0.0,0.0,0.0,0.0,0.0,0.0,0.0,0.4759320616722107,-0.5020105242729187,-0.4851362407207489,0.4713299870491028,-0.312558114528656,0.29261577129364014,-0.294149786233902,0.30450448393821716,1.254451036453247,-1.1405495405197144,0.9069938063621521,-1.0339345932006836,-0.10711997002363205,0.24903103709220886,0.10254219174385071,0.05310220643877983,0.12222663313150406,-0.4422132074832916,0.08011108636856079,-0.364848792552948,0.1359599530696869,-0.006408886983990669,0.05722220614552498,-0.27466657757759094,0.43468499183654785,-0.45975691080093384,-0.4440869390964508,0.4252830147743225,-0.29254162311553955,0.2506370544433594,-0.2701423764228821,0.2801049053668976,1.2873239517211914,-1.1607105731964111,0.9464197158813477,-1.0604227781295776
20260708_155717_683245,2026-07-08T15:57:20.952,3.269154,policy,125,sit,0.0,0.0,0.0,0.0,0.0,0.0,0.0,0.0,0.1,none,0.0,0.0,-1.0,-0.0,0.0,0.0,0.0,2.0544776916503906,3.595423936843872,12,can0:12,1.5201269388198853,3.244727849960327,,"BL_hip_joint,BR_hip_joint,FL_hip_joint,FR_hip_joint,BL_thigh_joint,BR_thigh_joint,FL_thigh_joint,FR_thigh_joint,BL_calf_joint,BR_calf_joint,FL_calf_joint,FR_calf_joint",330e02f2406e129bb6ed6ec4a6c6bcd5f80d7e7799a2ab087e81eda65d2fae69,"step=000125 mode=sit    vx= 0.000 vy= 0.000 vxy= 0.000 yaw= 0.000 speed=0.10 imu=none tilt_rp=[-0.0,+0.0]deg imu_corr=0.000 act_max= 0.000 tau_cmd= 2.054 tau_cmd_max= 3.595 cmds=12 bus=can0:12 tau_fb= 1.520 tau_fb_max= 3.245",,,,,,,,,,,,,,,,,,,,,,,,,,,,,,,,,,,,,,,,,,,,,,,,,0.0,0.0,0.0,0.0,0.0,0.0,0.0,0.0,0.0,0.0,0.0,0.0,0.0,0.0,0.0,0.0,0.0,0.0,0.0,0.0,0.0,0.0,0.0,0.0,0.47439804673194885,-0.4970249533653259,-0.48283517360687256,0.47094646096229553,-0.3087230622768402,0.28226107358932495,-0.2910817265510559,0.2976013422012329,1.2582861185073853,-1.1405495405197144,0.909294843673706,-1.0404542684555054,0.041657764464616776,0.1744132786989212,0.0718710869550705,-0.04989776387810707,0.1515243947505951,-0.49485763907432556,0.1501510739326477,-0.13046662509441376,0.09613330662250519,-0.008697775192558765,0.15518662333488464,-0.2554399371147156,0.4311351180076599,-0.4560023248195648,-0.44046032428741455,0.42180994153022766,-0.28754162788391113,0.24563705921173096,-0.26514238119125366,0.27510491013526917,1.2902040481567383,-1.1646246910095215,0.9514197111129761,-1.0651558637619019
20260708_155717_683245,2026-07-08T15:57:20.976,3.292909,policy,126,sit,0.0,0.0,0.0,0.0,0.0,0.0,0.0,0.0,0.1,none,0.0,0.0,-1.0,-0.0,0.0,0.0,0.0,2.12249493598938,3.8766579627990723,12,can0:12,1.4618366956710815,3.094576835632324,,"BL_hip_joint,BR_hip_joint,FL_hip_joint,FR_hip_joint,BL_thigh_joint,BR_thigh_joint,FL_thigh_joint,FR_thigh_joint,BL_calf_joint,BR_calf_joint,FL_calf_joint,FR_calf_joint",330e02f2406e129bb6ed6ec4a6c6bcd5f80d7e7799a2ab087e81eda65d2fae69,"step=000126 mode=sit    vx= 0.000 vy= 0.000 vxy= 0.000 yaw= 0.000 speed=0.10 imu=none tilt_rp=[-0.0,+0.0]deg imu_corr=0.000 act_max= 0.000 tau_cmd= 2.122 tau_cmd_max= 3.877 cmds=12 bus=can0:12 tau_fb= 1.462 tau_fb_max= 3.095",,,,,,,,,,,,,,,,,,,,,,,,,,,,,,,,,,,,,,,,,,,,,,,,,0.0,0.0,0.0,0.0,0.0,0.0,0.0,0.0,0.0,0.0,0.0,0.0,0.0,0.0,0.0,0.0,0.0,0.0,0.0,0.0,0.0,0.0,0.0,0.0,0.47363102436065674,-0.49318987131118774,-0.4813011586666107,0.46979594230651855,-0.3052715063095093,0.273440420627594,-0.28993120789527893,0.29261577129364014,1.2628881931304932,-1.1405495405197144,0.913896918296814,-1.0462068319320679,-0.06088442727923393,0.24994659423828125,0.006408886983990669,0.007782219909131527,0.0947599709033966,-0.32822656631469727,0.09979552775621414,-0.13275551795959473,0.22797326743602753,-0.03891110047698021,0.25772881507873535,-0.17349772155284882,0.4275414049625397,-0.45220130681991577,-0.4367888569831848,0.41829395294189453,-0.2825416326522827,0.24063706398010254,-0.26014238595962524,0.27010491490364075,1.2931197881698608,-1.1685872077941895,0.9564197063446045,-1.0699474811553955
20260708_155717_683245,2026-07-08T15:57:20.999,3.316664,policy,127,sit,0.0,0.0,0.0,0.0,0.0,0.0,0.0,0.0,0.1,none,0.0,0.0,-1.0,-0.0,0.0,0.0,0.0,2.005394697189331,3.7418453693389893,12,can0:12,1.6379283666610718,3.090914726257324,,"BL_hip_joint,BR_hip_joint,FL_hip_joint,FR_hip_joint,BL_thigh_joint,BR_thigh_joint,FL_thigh_joint,FR_thigh_joint,BL_calf_joint,BR_calf_joint,FL_calf_joint,FR_calf_joint",330e02f2406e129bb6ed6ec4a6c6bcd5f80d7e7799a2ab087e81eda65d2fae69,"step=000127 mode=sit    vx= 0.000 vy= 0.000 vxy= 0.000 yaw= 0.000 speed=0.10 imu=none tilt_rp=[-0.0,+0.0]deg imu_corr=0.000 act_max= 0.000 tau_cmd= 2.005 tau_cmd_max= 3.742 cmds=12 bus=can0:12 tau_fb= 1.638 tau_fb_max= 3.091",,,,,,,,,,,,,,,,,,,,,,,,,,,,,,,,,,,,,,,,,,,,,,,,,0.0,0.0,0.0,0.0,0.0,0.0,0.0,0.0,0.0,0.0,0.0,0.0,0.0,0.0,0.0,0.0,0.0,0.0,0.0,0.0,0.0,0.0,0.0,0.0,0.47248050570487976,-0.4901218116283417,-0.48015064001083374,0.4674949049949646,-0.3022034466266632,0.2623187303543091,-0.287630170583725,0.2891642153263092,1.2697913646697998,-1.141700029373169,0.9234846234321594,-1.050425410270691,-0.0709555372595787,0.04119998961687088,0.10162663459777832,-0.1194799616932869,0.20142216980457306,-0.5548264980316162,0.19409772753715515,-0.13779106736183167,0.36851099133491516,-0.09018219262361526,0.5456709265708923,-0.10437330603599548,0.4239049255847931,-0.4483550786972046,-0.4330737292766571,0.4147361218929291,-0.2775416374206543,0.23563706874847412,-0.2551423907279968,0.26510491967201233,1.2960702180862427,-1.17259681224823,0.9614197015762329,-1.0747960805892944
20260708_155717_683245,2026-07-08T15:57:21.023,3.340412,policy,128,sit,0.0,0.0,0.0,0.0,0.0,0.0,0.0,0.0,0.1,none,0.0,0.0,-1.0,-0.0,0.0,0.0,0.0,2.0222010612487793,3.691071033477783,12,can0:12,1.5793328285217285,3.1348612308502197,,"BL_hip_joint,BR_hip_joint,FL_hip_joint,FR_hip_joint,BL_thigh_joint,BR_thigh_joint,FL_thigh_joint,FR_thigh_joint,BL_calf_joint,BR_calf_joint,FL_calf_joint,FR_calf_joint",330e02f2406e129bb6ed6ec4a6c6bcd5f80d7e7799a2ab087e81eda65d2fae69,"step=000128 mode=sit    vx= 0.000 vy= 0.000 vxy= 0.000 yaw= 0.000 speed=0.10 imu=none tilt_rp=[-0.0,+0.0]deg imu_corr=0.000 act_max= 0.000 tau_cmd= 2.022 tau_cmd_max= 3.691 cmds=12 bus=can0:12 tau_fb= 1.579 tau_fb_max= 3.135",,,,,,,,,,,,,,,,,,,,,,,,,,,,,,,,,,,,,,,,,,,,,,,,,0.0,0.0,0.0,0.0,0.0,0.0,0.0,0.0,0.0,0.0,0.0,0.0,0.0,0.0,0.0,0.0,0.0,0.0,0.0,0.0,0.0,0.0,0.0,0.0,0.47094646096229553,-0.48743727803230286,-0.47900012135505676,0.46404334902763367,-0.29990240931510925,0.253881573677063,-0.28341159224510193,0.285329133272171,1.277845025062561,-1.1443846225738525,0.9372908473014832,-1.0531100034713745,-0.08880886435508728,0.12131107598543167,0.020142216235399246,-0.15381328761577606,0.11627551913261414,-0.35294654965400696,0.18631550669670105,-0.17166662216186523,0.21652881801128387,-0.17029328644275665,0.5964842438697815,-0.08285775035619736,0.4202267825603485,-0.4444648027420044,-0.42931604385375977,0.41113755106925964,-0.2725416421890259,0.2306370735168457,-0.2501423954963684,0.2601049244403839,1.2990543842315674,-1.176652431488037,0.9664196968078613,-1.079700231552124
20260708_155717_683245,2026-07-08T15:57:21.047,3.364185,policy,129,sit,0.0,0.0,0.0,0.0,0.0,0.0,0.0,0.0,0.1,none,0.0,0.0,-1.0,-0.0,0.0,0.0,0.0,2.052819013595581,3.665546178817749,12,can0:12,1.5076141357421875,2.8931546211242676,,"BL_hip_joint,BR_hip_joint,FL_hip_joint,FR_hip_joint,BL_thigh_joint,BR_thigh_joint,FL_thigh_joint,FR_thigh_joint,BL_calf_joint,BR_calf_joint,FL_calf_joint,FR_calf_joint",330e02f2406e129bb6ed6ec4a6c6bcd5f80d7e7799a2ab087e81eda65d2fae69,"step=000129 mode=sit    vx= 0.000 vy= 0.000 vxy= 0.000 yaw= 0.000 speed=0.10 imu=none tilt_rp=[-0.0,+0.0]deg imu_corr=0.000 act_max= 0.000 tau_cmd= 2.053 tau_cmd_max= 3.666 cmds=12 bus=can0:12 tau_fb= 1.508 tau_fb_max= 2.893",,,,,,,,,,,,,,,,,,,,,,,,,,,,,,,,,,,,,,,,,,,,,,,,,0.0,0.0,0.0,0.0,0.0,0.0,0.0,0.0,0.0,0.0,0.0,0.0,0.0,0.0,0.0,0.0,0.0,0.0,0.0,0.0,0.0,0.0,0.0,0.0,0.4674949049949646,-0.48551973700523376,-0.47708258032798767,0.4590577483177185,-0.29721784591674805,0.247361958026886,-0.2780424952507019,0.2807270586490631,1.280529499053955,-1.1497536897659302,0.9480290412902832,-1.0557944774627686,-0.12131107598543167,0.04852443188428879,0.11215551942586899,-0.24124881625175476,0.0631733164191246,-0.3021332323551178,0.25086215138435364,-0.19730216264724731,-0.047151096165180206,-0.28244879841804504,0.32181769609451294,-0.13641773164272308,0.41650810837745667,-0.4405316114425659,-0.42551690340042114,0.4074992835521698,-0.26754164695739746,0.22563707828521729,-0.24514240026474,0.2551049292087555,1.3020715713500977,-1.1807526350021362,0.9714196920394897,-1.0846585035324097
20260708_155717_683245,2026-07-08T15:57:21.071,3.388176,policy,130,sit,0.0,0.0,0.0,0.0,0.0,0.0,0.0,0.0,0.1,none,0.0,0.0,-1.0,-0.0,0.0,0.0,0.0,2.0189826488494873,3.5084896087646484,12,can0:12,1.507309079170227,2.904141426086426,,"BL_hip_joint,BR_hip_joint,FL_hip_joint,FR_hip_joint,BL_thigh_joint,BR_thigh_joint,FL_thigh_joint,FR_thigh_joint,BL_calf_joint,BR_calf_joint,FL_calf_joint,FR_calf_joint",330e02f2406e129bb6ed6ec4a6c6bcd5f80d7e7799a2ab087e81eda65d2fae69,"step=000130 mode=sit    vx= 0.000 vy= 0.000 vxy= 0.000 yaw= 0.000 speed=0.10 imu=none tilt_rp=[-0.0,+0.0]deg imu_corr=0.000 act_max= 0.000 tau_cmd= 2.019 tau_cmd_max= 3.508 cmds=12 bus=can0:12 tau_fb= 1.507 tau_fb_max= 2.904",,,,,,,,,,,,,,,,,,,,,,,,,,,,,,,,,,,,,,,,,,,,,,,,,0.0,0.0,0.0,0.0,0.0,0.0,0.0,0.0,0.0,0.0,0.0,0.0,0.0,0.0,0.0,0.0,0.0,0.0,0.0,0.0,0.0,0.0,0.0,0.0,0.4625093340873718,-0.48283517360687256,-0.4732475280761719,0.4525381326675415,-0.29530030488967896,0.24237635731697083,-0.27190640568733215,0.2768919765949249,1.2801460027694702,-1.1585743427276611,0.9533981680870056,-1.0596295595169067,-0.2385021448135376,0.16159550845623016,0.19959105551242828,-0.25635549426078796,0.12085329741239548,-0.11169774830341339,0.3163243532180786,-0.11627551913261414,-0.07782220095396042,-0.39185765385627747,0.10528885573148727,-0.26779991388320923,0.4127499461174011,-0.43655669689178467,-0.42167747020721436,0.4038224220275879,-0.26254165172576904,0.22063708305358887,-0.24014240503311157,0.2501049339771271,1.3051207065582275,-1.184896469116211,0.9764196872711182,-1.089658498764038
20260708_155717_683245,2026-07-08T15:57:21.095,3.412011,policy,131,sit,0.0,0.0,0.0,0.0,0.0,0.0,0.0,0.0,0.1,none,0.0,0.0,-1.0,-0.0,0.0,0.0,0.0,1.9801980257034302,3.361408233642578,12,can0:12,1.6296882629394531,2.933439016342163,,"BL_hip_joint,BR_hip_joint,FL_hip_joint,FR_hip_joint,BL_thigh_joint,BR_thigh_joint,FL_thigh_joint,FR_thigh_joint,BL_calf_joint,BR_calf_joint,FL_calf_joint,FR_calf_joint",330e02f2406e129bb6ed6ec4a6c6bcd5f80d7e7799a2ab087e81eda65d2fae69,"step=000131 mode=sit    vx= 0.000 vy= 0.000 vxy= 0.000 yaw= 0.000 speed=0.10 imu=none tilt_rp=[-0.0,+0.0]deg imu_corr=0.000 act_max= 0.000 tau_cmd= 1.980 tau_cmd_max= 3.361 cmds=12 bus=can0:12 tau_fb= 1.630 tau_fb_max= 2.933",,,,,,,,,,,,,,,,,,,,,,,,,,,,,,,,,,,,,,,,,,,,,,,,,0.0,0.0,0.0,0.0,0.0,0.0,0.0,0.0,0.0,0.0,0.0,0.0,0.0,0.0,0.0,0.0,0.0,0.0,0.0,0.0,0.0,0.0,0.0,0.0,0.4563732147216797,-0.48015064001083374,-0.4686454236507416,0.4460185170173645,-0.2922322452068329,0.23930831253528595,-0.26653730869293213,0.2753579616546631,1.280529499053955,-1.167394995689392,0.9591507315635681,-1.0661492347717285,-0.2842799127101898,0.11627551913261414,0.25818657875061035,-0.2307199388742447,0.1826532781124115,-0.15335550904273987,0.19959105551242828,-0.015106662176549435,0.015106662176549435,-0.30625325441360474,0.23667104542255402,-0.29755547642707825,0.408953458070755,-0.43254125118255615,-0.41779887676239014,0.4001080393791199,-0.2575416564941406,0.21563708782196045,-0.23514240980148315,0.24510493874549866,1.3082009553909302,-1.1890825033187866,0.9814196825027466,-1.0946584939956665
20260708_155717_683245,2026-07-08T15:57:21.119,3.436005,policy,132,sit,0.0,0.0,0.0,0.0,0.0,0.0,0.0,0.0,0.1,none,0.0,0.0,-1.0,-0.0,0.0,0.0,0.0,2.0455029010772705,3.381035566329956,12,can0:12,1.6876734495162964,2.8858301639556885,,"BL_hip_joint,BR_hip_joint,FL_hip_joint,FR_hip_joint,BL_thigh_joint,BR_thigh_joint,FL_thigh_joint,FR_thigh_joint,BL_calf_joint,BR_calf_joint,FL_calf_joint,FR_calf_joint",330e02f2406e129bb6ed6ec4a6c6bcd5f80d7e7799a2ab087e81eda65d2fae69,"step=000132 mode=sit    vx= 0.000 vy= 0.000 vxy= 0.000 yaw= 0.000 speed=0.10 imu=none tilt_rp=[-0.0,+0.0]deg imu_corr=0.000 act_max= 0.000 tau_cmd= 2.046 tau_cmd_max= 3.381 cmds=12 bus=can0:12 tau_fb= 1.688 tau_fb_max= 2.886",,,,,,,,,,,,,,,,,,,,,,,,,,,,,,,,,,,,,,,,,,,,,,,,,0.0,0.0,0.0,0.0,0.0,0.0,0.0,0.0,0.0,0.0,0.0,0.0,0.0,0.0,0.0,0.0,0.0,0.0,0.0,0.0,0.0,0.0,0.0,0.0,0.45100411772727966,-0.47708258032798767,-0.4628928303718567,0.4414164423942566,-0.28686314821243286,0.23662376403808594,-0.2623187303543091,0.27497443556785583,1.28091299533844,-1.1742981672286987,0.9645198583602905,-1.0734357833862305,-0.16846217215061188,0.14648884534835815,0.24399548768997192,-0.11993774026632309,0.21973326802253723,-0.035248879343271255,0.16251106560230255,-0.030671102926135063,-0.05081331729888916,-0.2609332501888275,0.20416882634162903,-0.2797021269798279,0.40511971712112427,-0.4284863770008087,-0.41388219594955444,0.3963572382926941,-0.2525416612625122,0.21063709259033203,-0.23014241456985474,0.24010494351387024,1.3113113641738892,-1.1933096647262573,0.986419677734375,-1.099658489227295
20260708_155717_683245,2026-07-08T15:57:21.143,3.459940,policy,133,sit,0.0,0.0,0.0,0.0,0.0,0.0,0.0,0.0,0.1,none,0.0,0.0,-1.0,-0.0,0.0,0.0,0.0,2.1467740535736084,3.387157678604126,12,can0:12,1.766411304473877,3.230078935623169,,"BL_hip_joint,BR_hip_joint,FL_hip_joint,FR_hip_joint,BL_thigh_joint,BR_thigh_joint,FL_thigh_joint,FR_thigh_joint,BL_calf_joint,BR_calf_joint,FL_calf_joint,FR_calf_joint",330e02f2406e129bb6ed6ec4a6c6bcd5f80d7e7799a2ab087e81eda65d2fae69,"step=000133 mode=sit    vx= 0.000 vy= 0.000 vxy= 0.000 yaw= 0.000 speed=0.10 imu=none tilt_rp=[-0.0,+0.0]deg imu_corr=0.000 act_max= 0.000 tau_cmd= 2.147 tau_cmd_max= 3.387 cmds=12 bus=can0:12 tau_fb= 1.766 tau_fb_max= 3.230",,,,,,,,,,,,,,,,,,,,,,,,,,,,,,,,,,,,,,,,,,,,,,,,,0.0,0.0,0.0,0.0,0.0,0.0,0.0,0.0,0.0,0.0,0.0,0.0,0.0,0.0,0.0,0.0,0.0,0.0,0.0,0.0,0.0,0.0,0.0,0.0,0.4471690356731415,-0.4732475280761719,-0.45752373337745667,0.4383483827114105,-0.279960036277771,0.2343227118253708,-0.25886714458465576,0.2761249542236328,1.28091299533844,-1.178133249282837,0.9706559777259827,-1.0791884660720825,-0.05264442786574364,0.19684438407421112,0.24353770911693573,-0.025635547935962677,0.24994659423828125,-0.09842219203710556,0.12405773997306824,0.07782220095396042,0.006408886983990669,-0.08102664351463318,0.2229377180337906,-0.21149326860904694,0.40124982595443726,-0.42439329624176025,-0.4099286198616028,0.39257103204727173,-0.2475416660308838,0.2056370973587036,-0.22514241933822632,0.23510494828224182,1.3144510984420776,-1.197576642036438,0.9914196729660034,-1.1046584844589233
20260708_155717_683245,2026-07-08T15:57:21.166,3.483086,policy,134,sit,0.0,0.0,0.0,0.0,0.0,0.0,0.0,0.0,0.1,none,0.0,0.0,-1.0,-0.0,0.0,0.0,0.0,2.3149306774139404,3.854797840118408,12,can0:12,1.8582720756530762,3.372905731201172,,"BL_hip_joint,BR_hip_joint,FL_hip_joint,FR_hip_joint,BL_thigh_joint,BR_thigh_joint,FL_thigh_joint,FR_thigh_joint,BL_calf_joint,BR_calf_joint,FL_calf_joint,FR_calf_joint",330e02f2406e129bb6ed6ec4a6c6bcd5f80d7e7799a2ab087e81eda65d2fae69,"step=000134 mode=sit    vx= 0.000 vy= 0.000 vxy= 0.000 yaw= 0.000 speed=0.10 imu=none tilt_rp=[-0.0,+0.0]deg imu_corr=0.000 act_max= 0.000 tau_cmd= 2.315 tau_cmd_max= 3.855 cmds=12 bus=can0:12 tau_fb= 1.858 tau_fb_max= 3.373",,,,,,,,,,,,,,,,,,,,,,,,,,,,,,,,,,,,,,,,,,,,,,,,,0.0,0.0,0.0,0.0,0.0,0.0,0.0,0.0,0.0,0.0,0.0,0.0,0.0,0.0,0.0,0.0,0.0,0.0,0.0,0.0,0.0,0.0,0.0,0.0,0.44640204310417175,-0.46902894973754883,-0.4525381326675415,0.4375813603401184,-0.273440420627594,0.23010413348674774,-0.25541558861732483,0.2761249542236328,1.282063603401184,-1.1785167455673218,0.9725735187530518,-1.0841740369796753,0.09750663489103317,0.13229773938655853,0.2224799394607544,0.05630664899945259,0.25131991505622864,-0.1675466150045395,0.17761772871017456,-0.009155552834272385,0.11398663371801376,-0.001831110566854477,-0.06591998040676117,-0.20828883349895477,0.3973448872566223,-0.4202631115913391,-0.4059392213821411,0.3887505829334259,-0.24254167079925537,0.2006371021270752,-0.2201424241065979,0.2301049530506134,1.3176193237304688,-1.201882243156433,0.9964196681976318,-1.1096584796905518
20260708_155717_683245,2026-07-08T15:57:21.189,3.506118,policy,135,sit,0.0,0.0,0.0,0.0,0.0,0.0,0.0,0.0,0.1,none,0.0,0.0,-1.0,-0.0,0.0,0.0,0.0,2.414487361907959,4.076581001281738,12,can0:12,1.9641714096069336,3.5926389694213867,,"BL_hip_joint,BR_hip_joint,FL_hip_joint,FR_hip_joint,BL_thigh_joint,BR_thigh_joint,FL_thigh_joint,FR_thigh_joint,BL_calf_joint,BR_calf_joint,FL_calf_joint,FR_calf_joint",330e02f2406e129bb6ed6ec4a6c6bcd5f80d7e7799a2ab087e81eda65d2fae69,"step=000135 mode=sit    vx= 0.000 vy= 0.000 vxy= 0.000 yaw= 0.000 speed=0.10 imu=none tilt_rp=[-0.0,+0.0]deg imu_corr=0.000 act_max= 0.000 tau_cmd= 2.414 tau_cmd_max= 4.077 cmds=12 bus=can0:12 tau_fb= 1.964 tau_fb_max= 3.593",,,,,,,,,,,,,,,,,,,,,,,,,,,,,,,,,,,,,,,,,,,,,,,,,0.0,0.0,0.0,0.0,0.0,0.0,0.0,0.0,0.0,0.0,0.0,0.0,0.0,0.0,0.0,0.0,0.0,0.0,0.0,0.0,0.0,0.0,0.0,0.0,0.4467855393886566,-0.46519386768341064,-0.4487030804157257,0.4375813603401184,-0.26730430126190186,0.22473503649234772,-0.2508135139942169,0.27497443556785583,1.2832140922546387,-1.1792837381362915,0.9725735187530518,-1.0887761116027832,-0.026551103219389915,0.16479995846748352,0.14603106677532196,0.06958220154047012,0.2778710424900055,-0.2531510293483734,0.24903103709220886,-0.038453321903944016,0.014191106893122196,-0.08148442208766937,-0.051271095871925354,-0.16800439357757568,0.3934060335159302,-0.41609710454940796,-0.40191519260406494,0.3848969340324402,-0.23754167556762695,0.19563710689544678,-0.21514242887496948,0.22510495781898499,1.320815086364746,-1.2062252759933472,1.0014196634292603,-1.1146584749221802
20260708_155717_683245,2026-07-08T15:57:21.212,3.529124,policy,136,sit,0.0,0.0,0.0,0.0,0.0,0.0,0.0,0.0,0.1,none,0.0,0.0,-1.0,-0.0,0.0,0.0,0.0,2.5103702545166016,4.365535259246826,12,can0:12,2.0316171646118164,3.8892788887023926,,"BL_hip_joint,BR_hip_joint,FL_hip_joint,FR_hip_joint,BL_thigh_joint,BR_thigh_joint,FL_thigh_joint,FR_thigh_joint,BL_calf_joint,BR_calf_joint,FL_calf_joint,FR_calf_joint",330e02f2406e129bb6ed6ec4a6c6bcd5f80d7e7799a2ab087e81eda65d2fae69,"step=000136 mode=sit    vx= 0.000 vy= 0.000 vxy= 0.000 yaw= 0.000 speed=0.10 imu=none tilt_rp=[-0.0,+0.0]deg imu_corr=0.000 act_max= 0.000 tau_cmd= 2.510 tau_cmd_max= 4.366 cmds=12 bus=can0:12 tau_fb= 2.032 tau_fb_max= 3.889",,,,,,,,,,,,,,,,,,,,,,,,,,,,,,,,,,,,,,,,,,,,,,,,,0.0,0.0,0.0,0.0,0.0,0.0,0.0,0.0,0.0,0.0,0.0,0.0,0.0,0.0,0.0,0.0,0.0,0.0,0.0,0.0,0.0,0.0,0.0,0.0,0.4471690356731415,-0.4617423117160797,-0.4452515244483948,0.43719786405563354,-0.2611682116985321,0.21974945068359375,-0.2454444169998169,0.273440420627594,1.2858986854553223,-1.180434226989746,0.9725735187530518,-1.0926111936569214,0.0196844395250082,0.14786218106746674,0.09887997061014175,-0.05493331700563431,0.2710043787956238,-0.20279549062252045,0.27283546328544617,-0.05401776358485222,0.17349772155284882,-0.110782191157341,-0.04348887503147125,-0.18860438466072083,0.3894343376159668,-0.411896288394928,-0.39785754680633545,0.38101112842559814,-0.23254168033599854,0.19063711166381836,-0.21014243364334106,0.22010496258735657,1.3240374326705933,-1.2106045484542847,1.0064196586608887,-1.1196584701538086
20260708_155717_683245,2026-07-08T15:57:21.235,3.552063,policy,137,sit,0.0,0.0,0.0,0.0,0.0,0.0,0.0,0.0,0.1,none,0.0,0.0,-1.0,-0.0,0.0,0.0,0.0,2.581995964050293,4.553803443908691,12,can0:12,1.9107637405395508,4.083376407623291,,"BL_hip_joint,BR_hip_joint,FL_hip_joint,FR_hip_joint,BL_thigh_joint,BR_thigh_joint,FL_thigh_joint,FR_thigh_joint,BL_calf_joint,BR_calf_joint,FL_calf_joint,FR_calf_joint",330e02f2406e129bb6ed6ec4a6c6bcd5f80d7e7799a2ab087e81eda65d2fae69,"step=000137 mode=sit    vx= 0.000 vy= 0.000 vxy= 0.000 yaw= 0.000 speed=0.10 imu=none tilt_rp=[-0.0,+0.0]deg imu_corr=0.000 act_max= 0.000 tau_cmd= 2.582 tau_cmd_max= 4.554 cmds=12 bus=can0:12 tau_fb= 1.911 tau_fb_max= 4.083",,,,,,,,,,,,,,,,,,,,,,,,,,,,,,,,,,,,,,,,,,,,,,,,,0.0,0.0,0.0,0.0,0.0,0.0,0.0,0.0,0.0,0.0,0.0,0.0,0.0,0.0,0.0,0.0,0.0,0.0,0.0,0.0,0.0,0.0,0.0,0.0,0.4467855393886566,-0.45790722966194153,-0.44179993867874146,0.4356638491153717,-0.25541558861732483,0.21783192455768585,-0.2389248013496399,0.27190640568733215,1.2905007600784302,-1.1842693090438843,0.9733405113220215,-1.0964462757110596,-0.026551103219389915,0.1185644119977951,0.16479995846748352,-0.10025330632925034,0.2220221608877182,0.010071108117699623,0.2595599293708801,-0.10620441287755966,0.252235472202301,-0.20874661207199097,0.0315866582095623,-0.158848837018013,0.3854309320449829,-0.40766197443008423,-0.3937675356864929,0.3770942687988281,-0.22754168510437012,0.18563711643218994,-0.20514243841171265,0.21510496735572815,1.327285647392273,-1.2150187492370605,1.011419653892517,-1.124658465385437
20260708_155717_683245,2026-07-08T15:57:21.258,3.575189,policy,138,sit,0.0,0.0,0.0,0.0,0.0,0.0,0.0,0.0,0.1,none,0.0,0.0,-1.0,-0.0,0.0,0.0,0.0,2.544870376586914,4.746918678283691,12,can0:12,1.955015778541565,3.8270211219787598,,"BL_hip_joint,BR_hip_joint,FL_hip_joint,FR_hip_joint,BL_thigh_joint,BR_thigh_joint,FL_thigh_joint,FR_thigh_joint,BL_calf_joint,BR_calf_joint,FL_calf_joint,FR_calf_joint",330e02f2406e129bb6ed6ec4a6c6bcd5f80d7e7799a2ab087e81eda65d2fae69,"step=000138 mode=sit    vx= 0.000 vy= 0.000 vxy= 0.000 yaw= 0.000 speed=0.10 imu=none tilt_rp=[-0.0,+0.0]deg imu_corr=0.000 act_max= 0.000 tau_cmd= 2.545 tau_cmd_max= 4.747 cmds=12 bus=can0:12 tau_fb= 1.955 tau_fb_max= 3.827",,,,,,,,,,,,,,,,,,,,,,,,,,,,,,,,,,,,,,,,,,,,,,,,,0.0,0.0,0.0,0.0,0.0,0.0,0.0,0.0,0.0,0.0,0.0,0.0,0.0,0.0,0.0,0.0,0.0,0.0,0.0,0.0,0.0,0.0,0.0,0.0,0.4460185170173645,-0.45407217741012573,-0.43911540508270264,0.43336281180381775,-0.24966299533843994,0.2155308723449707,-0.23278868198394775,0.2696053385734558,1.2977873086929321,-1.190788984298706,0.9756415486335754,-1.1018153429031372,-0.0553910955786705,0.2151554971933365,0.04303110018372536,-0.13870662450790405,0.26779991388320923,-0.054475538432598114,0.2211066037416458,-0.08880886435508728,0.2920621335506439,-0.3323465585708618,0.11993774026632309,-0.28153324127197266,0.3813968896865845,-0.40339523553848267,-0.3896462321281433,0.37314748764038086,-0.2225416898727417,0.18063712120056152,-0.20014244318008423,0.21010497212409973,1.3305585384368896,-1.2194668054580688,1.0164196491241455,-1.1296584606170654
20260708_155717_683245,2026-07-08T15:57:21.281,3.598262,policy,139,sit,0.0,0.0,0.0,0.0,0.0,0.0,0.0,0.0,0.1,none,0.0,0.0,-1.0,-0.0,0.0,0.0,0.0,2.462639570236206,4.729219913482666,12,can0:12,1.9049652814865112,3.7903988361358643,,"BL_hip_joint,BR_hip_joint,FL_hip_joint,FR_hip_joint,BL_thigh_joint,BR_thigh_joint,FL_thigh_joint,FR_thigh_joint,BL_calf_joint,BR_calf_joint,FL_calf_joint,FR_calf_joint",330e02f2406e129bb6ed6ec4a6c6bcd5f80d7e7799a2ab087e81eda65d2fae69,"step=000139 mode=sit    vx= 0.000 vy= 0.000 vxy= 0.000 yaw= 0.000 speed=0.10 imu=none tilt_rp=[-0.0,+0.0]deg imu_corr=0.000 act_max= 0.000 tau_cmd= 2.463 tau_cmd_max= 4.729 cmds=12 bus=can0:12 tau_fb= 1.905 tau_fb_max= 3.790",,,,,,,,,,,,,,,,,,,,,,,,,,,,,,,,,,,,,,,,,,,,,,,,,0.0,0.0,0.0,0.0,0.0,0.0,0.0,0.0,0.0,0.0,0.0,0.0,0.0,0.0,0.0,0.0,0.0,0.0,0.0,0.0,0.0,0.0,0.0,0.0,0.4433339834213257,-0.4498535990715027,-0.43643084168434143,0.42876070737838745,-0.24429389834403992,0.21476386487483978,-0.2278030961751938,0.266920804977417,1.3077585697174072,-1.2003766298294067,0.9790931344032288,-1.1087183952331543,-0.12268441170454025,0.14557328820228577,0.07599108666181564,-0.22751548886299133,0.1991332769393921,-0.03707998991012573,0.15655995905399323,-0.13687551021575928,0.4779198467731476,-0.34653767943382263,0.21240882575511932,-0.28244879841804504,0.37733328342437744,-0.3990972638130188,-0.38549476861953735,0.36917179822921753,-0.21754169464111328,0.1756371259689331,-0.1951424479484558,0.2051049768924713,1.3338555097579956,-1.223947286605835,1.021419644355774,-1.1346584558486938
20260708_155717_683245,2026-07-08T15:57:21.304,3.621277,policy,140,sit,0.0,0.0,0.0,0.0,0.0,0.0,0.0,0.0,0.1,none,0.0,0.0,-1.0,-0.0,0.0,0.0,0.0,2.4394428730010986,4.451103687286377,12,can0:12,1.8262276649475098,3.2850122451782227,,"BL_hip_joint,BR_hip_joint,FL_hip_joint,FR_hip_joint,BL_thigh_joint,BR_thigh_joint,FL_thigh_joint,FR_thigh_joint,BL_calf_joint,BR_calf_joint,FL_calf_joint,FR_calf_joint",330e02f2406e129bb6ed6ec4a6c6bcd5f80d7e7799a2ab087e81eda65d2fae69,"step=000140 mode=sit    vx= 0.000 vy= 0.000 vxy= 0.000 yaw= 0.000 speed=0.10 imu=none tilt_rp=[-0.0,+0.0]deg imu_corr=0.000 act_max= 0.000 tau_cmd= 2.439 tau_cmd_max= 4.451 cmds=12 bus=can0:12 tau_fb= 1.826 tau_fb_max= 3.285",,,,,,,,,,,,,,,,,,,,,,,,,,,,,,,,,,,,,,,,,,,,,,,,,0.0,0.0,0.0,0.0,0.0,0.0,0.0,0.0,0.0,0.0,0.0,0.0,0.0,0.0,0.0,0.0,0.0,0.0,0.0,0.0,0.0,0.0,0.0,0.0,0.43911540508270264,-0.44563502073287964,-0.43336281180381775,0.4218575954437256,-0.2408423274755478,0.21438035368919373,-0.2239680290222168,0.26270222663879395,1.315428614616394,-1.206896185874939,0.9852292537689209,-1.1137040853500366,-0.2719199061393738,0.1661732792854309,0.08514664322137833,-0.35294654965400696,0.14786218106746674,-0.0476088747382164,0.19959105551242828,-0.18585772812366486,0.2293466031551361,-0.22019104659557343,0.35386210680007935,-0.15335550904273987,0.37324127554893494,-0.39476925134658813,-0.3813142478466034,0.3651683032512665,-0.21254169940948486,0.1706371307373047,-0.1901424527168274,0.2001049816608429,1.3371754884719849,-1.2284592390060425,1.0264196395874023,-1.1396584510803223
20260708_155717_683245,2026-07-08T15:57:21.327,3.644255,policy,141,sit,0.0,0.0,0.0,0.0,0.0,0.0,0.0,0.0,0.1,none,0.0,0.0,-1.0,-0.0,0.0,0.0,0.0,2.3790552616119385,3.9357893466949463,12,can0:12,1.878109097480774,3.3436079025268555,,"BL_hip_joint,BR_hip_joint,FL_hip_joint,FR_hip_joint,BL_thigh_joint,BR_thigh_joint,FL_thigh_joint,FR_thigh_joint,BL_calf_joint,BR_calf_joint,FL_calf_joint,FR_calf_joint",330e02f2406e129bb6ed6ec4a6c6bcd5f80d7e7799a2ab087e81eda65d2fae69,"step=000141 mode=sit    vx= 0.000 vy= 0.000 vxy= 0.000 yaw= 0.000 speed=0.10 imu=none tilt_rp=[-0.0,+0.0]deg imu_corr=0.000 act_max= 0.000 tau_cmd= 2.379 tau_cmd_max= 3.936 cmds=12 bus=can0:12 tau_fb= 1.878 tau_fb_max= 3.344",,,,,,,,,,,,,,,,,,,,,,,,,,,,,,,,,,,,,,,,,,,,,,,,,0.0,0.0,0.0,0.0,0.0,0.0,0.0,0.0,0.0,0.0,0.0,0.0,0.0,0.0,0.0,0.0,0.0,0.0,0.0,0.0,0.0,0.0,0.0,0.0,0.4322122633457184,-0.44103294610977173,-0.42991122603416443,0.4141874611377716,-0.23930831253528595,0.21399685740470886,-0.21974945068359375,0.25503209233283997,1.3161957263946533,-1.2118817567825317,0.9967344403266907,-1.1171555519104004,-0.4422132074832916,0.18036438524723053,0.13183996081352234,-0.269631028175354,-0.00045777764171361923,-0.07370220124721527,0.18860438466072083,-0.3978087604045868,-0.08514664322137833,-0.24903103709220886,0.6015198230743408,-0.1753288358449936,0.3691219687461853,-0.3904123306274414,-0.37710583209991455,0.36113807559013367,-0.20754170417785645,0.16563713550567627,-0.18514245748519897,0.19510498642921448,1.3405176401138306,-1.2330012321472168,1.0314196348190308,-1.1446584463119507
20260708_155717_683245,2026-07-08T15:57:21.350,3.667463,policy,142,sit,0.0,0.0,0.0,0.0,0.0,0.0,0.0,0.0,0.1,none,0.0,0.0,-1.0,-0.0,0.0,0.0,0.0,2.266427516937256,3.6187148094177246,12,can0:12,1.729178786277771,3.3289589881896973,,"BL_hip_joint,BR_hip_joint,FL_hip_joint,FR_hip_joint,BL_thigh_joint,BR_thigh_joint,FL_thigh_joint,FR_thigh_joint,BL_calf_joint,BR_calf_joint,FL_calf_joint,FR_calf_joint",330e02f2406e129bb6ed6ec4a6c6bcd5f80d7e7799a2ab087e81eda65d2fae69,"step=000142 mode=sit    vx= 0.000 vy= 0.000 vxy= 0.000 yaw= 0.000 speed=0.10 imu=none tilt_rp=[-0.0,+0.0]deg imu_corr=0.000 act_max= 0.000 tau_cmd= 2.266 tau_cmd_max= 3.619 cmds=12 bus=can0:12 tau_fb= 1.729 tau_fb_max= 3.329",,,,,,,,,,,,,,,,,,,,,,,,,,,,,,,,,,,,,,,,,,,,,,,,,0.0,0.0,0.0,0.0,0.0,0.0,0.0,0.0,0.0,0.0,0.0,0.0,0.0,0.0,0.0,0.0,0.0,0.0,0.0,0.0,0.0,0.0,0.0,0.0,0.42300811409950256,-0.43719786405563354,-0.4264596700668335,0.40728431940078735,-0.23815777897834778,0.21246282756328583,-0.21438035368919373,0.24391038715839386,1.3161957263946533,-1.21571683883667,1.0105407238006592,-1.1225247383117676,-0.43946653604507446,0.16891995072364807,0.2224799394607544,-0.252235472202301,0.03021332435309887,-0.10711997002363205,0.19318217039108276,-0.5891598463058472,0.00595110934227705,-0.16022217273712158,0.5154576301574707,-0.22843104600906372,0.3649764060974121,-0.3860276937484741,-0.37287062406539917,0.35708221793174744,-0.20254170894622803,0.16063714027404785,-0.18014246225357056,0.19010499119758606,1.3438811302185059,-1.237572193145752,1.0364196300506592,-1.149658441543579
20260708_155717_683245,2026-07-08T15:57:21.374,3.691197,policy,143,sit,0.0,0.0,0.0,0.0,0.0,0.0,0.0,0.0,0.1,none,0.0,0.0,-1.0,-0.0,0.0,0.0,0.0,2.3212368488311768,3.7305755615234375,12,can0:12,1.7261266708374023,3.3545944690704346,,"BL_hip_joint,BR_hip_joint,FL_hip_joint,FR_hip_joint,BL_thigh_joint,BR_thigh_joint,FL_thigh_joint,FR_thigh_joint,BL_calf_joint,BR_calf_joint,FL_calf_joint,FR_calf_joint",330e02f2406e129bb6ed6ec4a6c6bcd5f80d7e7799a2ab087e81eda65d2fae69,"step=000143 mode=sit    vx= 0.000 vy= 0.000 vxy= 0.000 yaw= 0.000 speed=0.10 imu=none tilt_rp=[-0.0,+0.0]deg imu_corr=0.000 act_max= 0.000 tau_cmd= 2.321 tau_cmd_max= 3.731 cmds=12 bus=can0:12 tau_fb= 1.726 tau_fb_max= 3.355",,,,,,,,,,,,,,,,,,,,,,,,,,,,,,,,,,,,,,,,,,,,,,,,,0.0,0.0,0.0,0.0,0.0,0.0,0.0,0.0,0.0,0.0,0.0,0.0,0.0,0.0,0.0,0.0,0.0,0.0,0.0,0.0,0.0,0.0,0.0,0.0,0.4134204387664795,-0.43336281180381775,-0.4226246178150177,0.4022987484931946,-0.23739077150821686,0.20977827906608582,-0.20862776041030884,0.23202167451381683,1.3161957263946533,-1.2187849283218384,1.0185943841934204,-1.1278938055038452,-0.39323100447654724,0.11444441229104996,0.17807550728321075,-0.17944884300231934,0.0315866582095623,-0.13046662509441376,0.2462843656539917,-0.48112431168556213,0.027466658502817154,-0.1597643941640854,0.20325326919555664,-0.21240882575511932,0.36080577969551086,-0.381616473197937,-0.36860978603363037,0.35300177335739136,-0.1975417137145996,0.15563714504241943,-0.17514246702194214,0.18510499596595764,1.3472648859024048,-1.242170810699463,1.0414196252822876,-1.1546584367752075
20260708_155717_683245,2026-07-08T15:57:21.397,3.714651,policy,144,sit,0.0,0.0,0.0,0.0,0.0,0.0,0.0,0.0,0.1,none,0.0,0.0,-1.0,-0.0,0.0,0.0,0.0,2.3172073364257812,3.9322919845581055,12,can0:12,1.7642751932144165,3.372905731201172,,"BL_hip_joint,BR_hip_joint,FL_hip_joint,FR_hip_joint,BL_thigh_joint,BR_thigh_joint,FL_thigh_joint,FR_thigh_joint,BL_calf_joint,BR_calf_joint,FL_calf_joint,FR_calf_joint",330e02f2406e129bb6ed6ec4a6c6bcd5f80d7e7799a2ab087e81eda65d2fae69,"step=000144 mode=sit    vx= 0.000 vy= 0.000 vxy= 0.000 yaw= 0.000 speed=0.10 imu=none tilt_rp=[-0.0,+0.0]deg imu_corr=0.000 act_max= 0.000 tau_cmd= 2.317 tau_cmd_max= 3.932 cmds=12 bus=can0:12 tau_fb= 1.764 tau_fb_max= 3.373",,,,,,,,,,,,,,,,,,,,,,,,,,,,,,,,,,,,,,,,,,,,,,,,,0.0,0.0,0.0,0.0,0.0,0.0,0.0,0.0,0.0,0.0,0.0,0.0,0.0,0.0,0.0,0.0,0.0,0.0,0.0,0.0,0.0,0.0,0.0,0.0,0.4057503044605255,-0.42952772974967957,-0.41955655813217163,0.39884716272354126,-0.23624025285243988,0.2044091820716858,-0.2032586634159088,0.22089996933937073,1.3165792226791382,-1.2222365140914917,1.0235799551010132,-1.1332628726959229,-0.24262215197086334,0.1675466150045395,0.11673329770565033,-0.14053773880004883,0.06454664468765259,-0.3012176752090454,0.19409772753715515,-0.4760887622833252,0.05218665301799774,-0.20187993347644806,0.191351056098938,-0.2700888216495514,0.35661110281944275,-0.3771798610687256,-0.3643243908882141,0.3488978147506714,-0.1925417184829712,0.15063714981079102,-0.17014247179031372,0.18010500073432922,1.35066819190979,-1.246795892715454,1.046419620513916,-1.159658432006836
20260708_155717_683245,2026-07-08T15:57:21.421,3.738146,policy,145,sit,0.0,0.0,0.0,0.0,0.0,0.0,0.0,0.0,0.1,none,0.0,0.0,-1.0,-0.0,0.0,0.0,0.0,2.2588016986846924,4.062503814697266,12,can0:12,1.8344677686691284,3.233741283416748,,"BL_hip_joint,BR_hip_joint,FL_hip_joint,FR_hip_joint,BL_thigh_joint,BR_thigh_joint,FL_thigh_joint,FR_thigh_joint,BL_calf_joint,BR_calf_joint,FL_calf_joint,FR_calf_joint",330e02f2406e129bb6ed6ec4a6c6bcd5f80d7e7799a2ab087e81eda65d2fae69,"step=000145 mode=sit    vx= 0.000 vy= 0.000 vxy= 0.000 yaw= 0.000 speed=0.10 imu=none tilt_rp=[-0.0,+0.0]deg imu_corr=0.000 act_max= 0.000 tau_cmd= 2.259 tau_cmd_max= 4.063 cmds=12 bus=can0:12 tau_fb= 1.834 tau_fb_max= 3.234",,,,,,,,,,,,,,,,,,,,,,,,,,,,,,,,,,,,,,,,,,,,,,,,,0.0,0.0,0.0,0.0,0.0,0.0,0.0,0.0,0.0,0.0,0.0,0.0,0.0,0.0,0.0,0.0,0.0,0.0,0.0,0.0,0.0,0.0,0.0,0.0,0.3992306888103485,-0.42607617378234863,-0.4161049723625183,0.3953956067562103,-0.2343227118253708,0.19558851420879364,-0.1986565738916397,0.21016177535057068,1.3181132078170776,-1.2279890775680542,1.0297160148620605,-1.1386319398880005,-0.23941770195960999,0.15564440190792084,0.08011108636856079,-0.16846217215061188,0.11581774055957794,-0.44907987117767334,0.14465773105621338,-0.40833765268325806,0.09613330662250519,-0.29755547642707825,0.23941770195960999,-0.22476881742477417,0.3523935377597809,-0.37271904945373535,-0.3600156009197235,0.34477150440216064,-0.18754172325134277,0.1456371545791626,-0.1651424765586853,0.1751050055027008,1.3540900945663452,-1.25144624710083,1.0514196157455444,-1.1646584272384644
20260708_155717_683245,2026-07-08T15:57:21.444,3.761526,policy,146,sit,0.0,0.0,0.0,0.0,0.0,0.0,0.0,0.0,0.1,none,0.0,0.0,-1.0,-0.0,0.0,0.0,0.0,2.234869956970215,3.9859931468963623,12,can0:12,1.7166662216186523,3.167821168899536,,"BL_hip_joint,BR_hip_joint,FL_hip_joint,FR_hip_joint,BL_thigh_joint,BR_thigh_joint,FL_thigh_joint,FR_thigh_joint,BL_calf_joint,BR_calf_joint,FL_calf_joint,FR_calf_joint",330e02f2406e129bb6ed6ec4a6c6bcd5f80d7e7799a2ab087e81eda65d2fae69,"step=000146 mode=sit    vx= 0.000 vy= 0.000 vxy= 0.000 yaw= 0.000 speed=0.10 imu=none tilt_rp=[-0.0,+0.0]deg imu_corr=0.000 act_max= 0.000 tau_cmd= 2.235 tau_cmd_max= 3.986 cmds=12 bus=can0:12 tau_fb= 1.717 tau_fb_max= 3.168",,,,,,,,,,,,,,,,,,,,,,,,,,,,,,,,,,,,,,,,,,,,,,,,,0.0,0.0,0.0,0.0,0.0,0.0,0.0,0.0,0.0,0.0,0.0,0.0,0.0,0.0,0.0,0.0,0.0,0.0,0.0,0.0,0.0,0.0,0.0,0.0,0.39309456944465637,-0.4226246178150177,-0.4122699201107025,0.39156055450439453,-0.2312546670436859,0.1848503202199936,-0.19558851420879364,0.20172463357448578,1.3204143047332764,-1.2352757453918457,1.0362356901168823,-1.1436176300048828,-0.25772881507873535,0.10849329829216003,0.1432843953371048,-0.19501326978206635,0.13916440308094025,-0.503097653388977,0.16388440132141113,-0.28885769844055176,0.08926664292812347,-0.29801324009895325,0.16342662274837494,-0.15472884476184845,0.3481541872024536,-0.36823514103889465,-0.3556845188140869,0.34062379598617554,-0.18254172801971436,0.14063715934753418,-0.16014248132705688,0.1701050102710724,1.357529640197754,-1.2561205625534058,1.0564196109771729,-1.1696584224700928
20260708_155717_683245,2026-07-08T15:57:21.468,3.784999,policy,147,sit,0.0,0.0,0.0,0.0,0.0,0.0,0.0,0.0,0.1,none,0.0,0.0,-1.0,-0.0,0.0,0.0,0.0,2.3104560375213623,3.8503217697143555,12,can0:12,1.7142244577407837,3.138523578643799,,"BL_hip_joint,BR_hip_joint,FL_hip_joint,FR_hip_joint,BL_thigh_joint,BR_thigh_joint,FL_thigh_joint,FR_thigh_joint,BL_calf_joint,BR_calf_joint,FL_calf_joint,FR_calf_joint",330e02f2406e129bb6ed6ec4a6c6bcd5f80d7e7799a2ab087e81eda65d2fae69,"step=000147 mode=sit    vx= 0.000 vy= 0.000 vxy= 0.000 yaw= 0.000 speed=0.10 imu=none tilt_rp=[-0.0,+0.0]deg imu_corr=0.000 act_max= 0.000 tau_cmd= 2.310 tau_cmd_max= 3.850 cmds=12 bus=can0:12 tau_fb= 1.714 tau_fb_max= 3.139",,,,,,,,,,,,,,,,,,,,,,,,,,,,,,,,,,,,,,,,,,,,,,,,,0.0,0.0,0.0,0.0,0.0,0.0,0.0,0.0,0.0,0.0,0.0,0.0,0.0,0.0,0.0,0.0,0.0,0.0,0.0,0.0,0.0,0.0,0.0,0.0,0.3881089687347412,-0.41840603947639465,-0.40728431940078735,0.3861914575099945,-0.2258855700492859,0.1752626597881317,-0.19367098808288574,0.19558851420879364,1.3238657712936401,-1.2394943237304688,1.0377696752548218,-1.1466856002807617,-0.2298043817281723,0.17120884358882904,0.19226661324501038,-0.17166662216186523,0.27283546328544617,-0.3506576716899872,0.025635547935962677,-0.25864437222480774,0.25772881507873535,-0.10437330603599548,-0.02288888208568096,-0.055848874151706696,0.3438940942287445,-0.3637293577194214,-0.35133230686187744,0.3364558815956116,-0.17754173278808594,0.13563716411590576,-0.15514248609542847,0.16510501503944397,1.3609859943389893,-1.2608177661895752,1.0614196062088013,-1.1746584177017212
20260708_155717_683245,2026-07-08T15:57:21.491,3.808559,policy,148,sit,0.0,0.0,0.0,0.0,0.0,0.0,0.0,0.0,0.1,none,0.0,0.0,-1.0,-0.0,0.0,0.0,0.0,2.3169939517974854,3.7473533153533936,12,can0:12,1.9086276292800903,3.2923367023468018,,"BL_hip_joint,BR_hip_joint,FL_hip_joint,FR_hip_joint,BL_thigh_joint,BR_thigh_joint,FL_thigh_joint,FR_thigh_joint,BL_calf_joint,BR_calf_joint,FL_calf_joint,FR_calf_joint",330e02f2406e129bb6ed6ec4a6c6bcd5f80d7e7799a2ab087e81eda65d2fae69,"step=000148 mode=sit    vx= 0.000 vy= 0.000 vxy= 0.000 yaw= 0.000 speed=0.10 imu=none tilt_rp=[-0.0,+0.0]deg imu_corr=0.000 act_max= 0.000 tau_cmd= 2.317 tau_cmd_max= 3.747 cmds=12 bus=can0:12 tau_fb= 1.909 tau_fb_max= 3.292",,,,,,,,,,,,,,,,,,,,,,,,,,,,,,,,,,,,,,,,,,,,,,,,,0.0,0.0,0.0,0.0,0.0,0.0,0.0,0.0,0.0,0.0,0.0,0.0,0.0,0.0,0.0,0.0,0.0,0.0,0.0,0.0,0.0,0.0,0.0,0.0,0.38580793142318726,-0.41380393505096436,-0.40153172612190247,0.3815893530845642,-0.21821542084217072,0.1660584807395935,-0.19175344705581665,0.1913699507713318,1.3307689428329468,-1.2402613162994385,1.0377696752548218,-1.1486032009124756,-0.03387554734945297,0.19318217039108276,0.28244879841804504,-0.18814660608768463,0.42435988783836365,-0.3259376883506775,0.08239997923374176,-0.18768882751464844,0.4037598669528961,-0.04577776417136192,0.06088442727923393,-0.07507553696632385,0.3396144211292267,-0.35920286178588867,-0.34696006774902344,0.33226877450942993,-0.17254173755645752,0.13063716888427734,-0.15014249086380005,0.16010501980781555,1.3644582033157349,-1.2655366659164429,1.0664196014404297,-1.1796584129333496
20260708_155717_683245,2026-07-08T15:57:21.515,3.832068,policy,149,sit,0.0,0.0,0.0,0.0,0.0,0.0,0.0,0.0,0.1,none,0.0,0.0,-1.0,-0.0,0.0,0.0,0.0,2.359747886657715,3.794243097305298,12,can0:12,1.9544053077697754,3.4315011501312256,,"BL_hip_joint,BR_hip_joint,FL_hip_joint,FR_hip_joint,BL_thigh_joint,BR_thigh_joint,FL_thigh_joint,FR_thigh_joint,BL_calf_joint,BR_calf_joint,FL_calf_joint,FR_calf_joint",330e02f2406e129bb6ed6ec4a6c6bcd5f80d7e7799a2ab087e81eda65d2fae69,"step=000149 mode=sit    vx= 0.000 vy= 0.000 vxy= 0.000 yaw= 0.000 speed=0.10 imu=none tilt_rp=[-0.0,+0.0]deg imu_corr=0.000 act_max= 0.000 tau_cmd= 2.360 tau_cmd_max= 3.794 cmds=12 bus=can0:12 tau_fb= 1.954 tau_fb_max= 3.432",,,,,,,,,,,,,,,,,,,,,,,,,,,,,,,,,,,,,,,,,,,,,,,,,0.0,0.0,0.0,0.0,0.0,0.0,0.0,0.0,0.0,0.0,0.0,0.0,0.0,0.0,0.0,0.0,0.0,0.0,0.0,0.0,0.0,0.0,0.0,0.0,0.3854244351387024,-0.40920186042785645,-0.39616262912750244,0.3781377971172333,-0.2090112566947937,0.1576213389635086,-0.18906889855861664,0.1875348687171936,1.3411235809326172,-1.2402613162994385,1.0377696752548218,-1.152054786682129,-0.002288888208568096,0.16479995846748352,0.2623066008090973,-0.0869777500629425,0.4065065383911133,-0.347453236579895,0.18127994239330292,-0.1899777203798294,0.43122655153274536,-0.05081331729888916,-0.05630664899945259,-0.17120884358882904,0.3353162407875061,-0.35465675592422485,-0.34256893396377563,0.3280635476112366,-0.1675417423248291,0.12563717365264893,-0.14514249563217163,0.15510502457618713,1.3679454326629639,-1.2702758312225342,1.071419596672058,-1.184658408164978
20260708_155717_683245,2026-07-08T15:57:21.538,3.855344,policy,150,sit,0.0,0.0,0.0,0.0,0.0,0.0,0.0,0.0,0.1,none,0.0,0.0,-1.0,-0.0,0.0,0.0,0.0,2.4116032123565674,4.149272441864014,12,can0:12,1.9907222986221313,3.7244789600372314,,"BL_hip_joint,BR_hip_joint,FL_hip_joint,FR_hip_joint,BL_thigh_joint,BR_thigh_joint,FL_thigh_joint,FR_thigh_joint,BL_calf_joint,BR_calf_joint,FL_calf_joint,FR_calf_joint",330e02f2406e129bb6ed6ec4a6c6bcd5f80d7e7799a2ab087e81eda65d2fae69,"step=000150 mode=sit    vx= 0.000 vy= 0.000 vxy= 0.000 yaw= 0.000 speed=0.10 imu=none tilt_rp=[-0.0,+0.0]deg imu_corr=0.000 act_max= 0.000 tau_cmd= 2.412 tau_cmd_max= 4.149 cmds=12 bus=can0:12 tau_fb= 1.991 tau_fb_max= 3.724",,,,,,,,,,,,,,,,,,,,,,,,,,,,,,,,,,,,,,,,,,,,,,,,,0.0,0.0,0.0,0.0,0.0,0.0,0.0,0.0,0.0,0.0,0.0,0.0,0.0,0.0,0.0,0.0,0.0,0.0,0.0,0.0,0.0,0.0,0.0,0.0,0.38580793142318726,-0.4042162597179413,-0.3911770284175873,0.37737080454826355,-0.1998070925474167,0.14995120465755463,-0.18523383140563965,0.18216577172279358,1.3487937450408936,-1.2410283088684082,1.0385366678237915,-1.1578073501586914,0.02151555009186268,0.2687154710292816,0.2595599293708801,-0.0050355540588498116,0.37812432646751404,-0.28336435556411743,0.14557328820228577,-0.2714621424674988,0.20645771920681,-0.04211554303765297,0.06042664870619774,-0.2604754865169525,0.3310006856918335,-0.3500922918319702,-0.33816003799438477,0.3238413631916046,-0.16254174709320068,0.12063717097043991,-0.1401425004005432,0.15010502934455872,1.3714468479156494,-1.2750341892242432,1.0764195919036865,-1.1896584033966064
20260708_155717_683245,2026-07-08T15:57:21.562,3.879014,policy,151,sit,0.0,0.0,0.0,0.0,0.0,0.0,0.0,0.0,0.1,none,0.0,0.0,-1.0,-0.0,0.0,0.0,0.0,2.503324270248413,4.345005989074707,12,can0:12,2.0596940517425537,3.9991455078125,,"BL_hip_joint,BR_hip_joint,FL_hip_joint,FR_hip_joint,BL_thigh_joint,BR_thigh_joint,FL_thigh_joint,FR_thigh_joint,BL_calf_joint,BR_calf_joint,FL_calf_joint,FR_calf_joint",330e02f2406e129bb6ed6ec4a6c6bcd5f80d7e7799a2ab087e81eda65d2fae69,"step=000151 mode=sit    vx= 0.000 vy= 0.000 vxy= 0.000 yaw= 0.000 speed=0.10 imu=none tilt_rp=[-0.0,+0.0]deg imu_corr=0.000 act_max= 0.000 tau_cmd= 2.503 tau_cmd_max= 4.345 cmds=12 bus=can0:12 tau_fb= 2.060 tau_fb_max= 3.999",,,,,,,,,,,,,,,,,,,,,,,,,,,,,,,,,,,,,,,,,,,,,,,,,0.0,0.0,0.0,0.0,0.0,0.0,0.0,0.0,0.0,0.0,0.0,0.0,0.0,0.0,0.0,0.0,0.0,0.0,0.0,0.0,0.0,0.0,0.0,0.0,0.3861914575099945,-0.3996141850948334,-0.38695845007896423,0.3769872784614563,-0.1921369582414627,0.14611612260341644,-0.17948122322559357,0.17756369709968567,1.3507113456726074,-1.2440963983535767,1.0408377647399902,-1.1658610105514526,-0.08102664351463318,0.2211066037416458,0.13275551795959473,0.02288888208568096,0.3575243353843689,-0.16251106560230255,0.2797021269798279,-0.1496932953596115,-0.019226660951972008,-0.17624439299106598,0.10895107686519623,-0.3570665717124939,0.3266688585281372,-0.3455106019973755,-0.3337344825267792,0.31960320472717285,-0.15754175186157227,0.1156371682882309,-0.1351425051689148,0.1451050341129303,1.374961495399475,-1.2798106670379639,1.081419587135315,-1.1946583986282349
20260708_155717_683245,2026-07-08T15:57:21.585,3.902331,policy,152,sit,0.0,0.0,0.0,0.0,0.0,0.0,0.0,0.0,0.1,none,0.0,0.0,-1.0,-0.0,0.0,0.0,0.0,2.5483558177948,4.65409517288208,12,can0:12,2.0337533950805664,4.207891941070557,,"BL_hip_joint,BR_hip_joint,FL_hip_joint,FR_hip_joint,BL_thigh_joint,BR_thigh_joint,FL_thigh_joint,FR_thigh_joint,BL_calf_joint,BR_calf_joint,FL_calf_joint,FR_calf_joint",330e02f2406e129bb6ed6ec4a6c6bcd5f80d7e7799a2ab087e81eda65d2fae69,"step=000152 mode=sit    vx= 0.000 vy= 0.000 vxy= 0.000 yaw= 0.000 speed=0.10 imu=none tilt_rp=[-0.0,+0.0]deg imu_corr=0.000 act_max= 0.000 tau_cmd= 2.548 tau_cmd_max= 4.654 cmds=12 bus=can0:12 tau_fb= 2.034 tau_fb_max= 4.208",,,,,,,,,,,,,,,,,,,,,,,,,,,,,,,,,,,,,,,,,,,,,,,,,0.0,0.0,0.0,0.0,0.0,0.0,0.0,0.0,0.0,0.0,0.0,0.0,0.0,0.0,0.0,0.0,0.0,0.0,0.0,0.0,0.0,0.0,0.0,0.0,0.3854244351387024,-0.39501211047172546,-0.3835068941116333,0.3769872784614563,-0.1848503202199936,0.14304807782173157,-0.1718110889196396,0.1752626597881317,1.3507113456726074,-1.2506159543991089,1.0450563430786133,-1.173531174659729,-0.09887997061014175,0.24124881625175476,0.10574663430452347,0.01739555038511753,0.3190710246562958,-0.0714133158326149,0.33097323775291443,-0.0119022186845541,0.0032044434919953346,-0.3634754419326782,0.22705771028995514,-0.28336435556411743,0.3223218321800232,-0.3409128189086914,-0.329293429851532,0.31535017490386963,-0.15254175662994385,0.11063716560602188,-0.13014250993728638,0.14010503888130188,1.378488302230835,-1.2846037149429321,1.0864195823669434,-1.1996583938598633
20260708_155717_683245,2026-07-08T15:57:21.609,3.925946,policy,153,sit,0.0,0.0,0.0,0.0,0.0,0.0,0.0,0.0,0.1,none,0.0,0.0,-1.0,-0.0,0.0,0.0,0.0,2.6323118209838867,4.856561660766602,12,can0:12,2.0416882038116455,4.277474403381348,,"BL_hip_joint,BR_hip_joint,FL_hip_joint,FR_hip_joint,BL_thigh_joint,BR_thigh_joint,FL_thigh_joint,FR_thigh_joint,BL_calf_joint,BR_calf_joint,FL_calf_joint,FR_calf_joint",330e02f2406e129bb6ed6ec4a6c6bcd5f80d7e7799a2ab087e81eda65d2fae69,"step=000153 mode=sit    vx= 0.000 vy= 0.000 vxy= 0.000 yaw= 0.000 speed=0.10 imu=none tilt_rp=[-0.0,+0.0]deg imu_corr=0.000 act_max= 0.000 tau_cmd= 2.632 tau_cmd_max= 4.857 cmds=12 bus=can0:12 tau_fb= 2.042 tau_fb_max= 4.277",,,,,,,,,,,,,,,,,,,,,,,,,,,,,,,,,,,,,,,,,,,,,,,,,0.0,0.0,0.0,0.0,0.0,0.0,0.0,0.0,0.0,0.0,0.0,0.0,0.0,0.0,0.0,0.0,0.0,0.0,0.0,0.0,0.0,0.0,0.0,0.0,0.38389042019844055,-0.3911770284175873,-0.3808223605155945,0.3762202560901642,-0.1783307045698166,0.14113053679466248,-0.16529147326946259,0.17564615607261658,1.3507113456726074,-1.2609707117080688,1.0515758991241455,-1.1796672344207764,-0.04898220673203468,0.10895107686519623,0.10574663430452347,-0.043946653604507446,0.2842799127101898,0.007324442267417908,0.2687154710292816,0.12497329711914062,0.07644886523485184,-0.43214210867881775,0.3891109824180603,-0.17944884300231934,0.3179606795310974,-0.33630016446113586,-0.32483798265457153,0.3110834062099457,-0.14754176139831543,0.10563716292381287,-0.12514251470565796,0.13510504364967346,1.3820266723632812,-1.2894123792648315,1.0914195775985718,-1.2046583890914917
20260708_155717_683245,2026-07-08T15:57:21.632,3.949375,policy,154,sit,0.0,0.0,0.0,0.0,0.0,0.0,0.0,0.0,0.1,none,0.0,0.0,-1.0,-0.0,0.0,0.0,0.0,2.5616161823272705,4.987243175506592,12,can0:12,2.1005890369415283,4.303109645843506,,"BL_hip_joint,BR_hip_joint,FL_hip_joint,FR_hip_joint,BL_thigh_joint,BR_thigh_joint,FL_thigh_joint,FR_thigh_joint,BL_calf_joint,BR_calf_joint,FL_calf_joint,FR_calf_joint",330e02f2406e129bb6ed6ec4a6c6bcd5f80d7e7799a2ab087e81eda65d2fae69,"step=000154 mode=sit    vx= 0.000 vy= 0.000 vxy= 0.000 yaw= 0.000 speed=0.10 imu=none tilt_rp=[-0.0,+0.0]deg imu_corr=0.000 act_max= 0.000 tau_cmd= 2.562 tau_cmd_max= 4.987 cmds=12 bus=can0:12 tau_fb= 2.101 tau_fb_max= 4.303",,,,,,,,,,,,,,,,,,,,,,,,,,,,,,,,,,,,,,,,,,,,,,,,,0.0,0.0,0.0,0.0,0.0,0.0,0.0,0.0,0.0,0.0,0.0,0.0,0.0,0.0,0.0,0.0,0.0,0.0,0.0,0.0,0.0,0.0,0.0,0.0,0.38197287917137146,-0.38657495379447937,-0.3781377971172333,0.3743027448654175,-0.17372862994670868,0.1399800181388855,-0.15877185761928558,0.1764131784439087,1.3510948419570923,-1.2717088460922241,1.0626976490020752,-1.1846528053283691,-0.0787377581000328,0.22843104600906372,0.13733328878879547,-0.06775109469890594,0.20920437574386597,-0.0952177494764328,0.3035065829753876,0.022431105375289917,0.014648884534835815,-0.47196874022483826,0.6431775689125061,-0.19226661324501038,0.31358659267425537,-0.331673800945282,-0.32036930322647095,0.30680394172668457,-0.142541766166687,0.10063716024160385,-0.12014251202344894,0.13010504841804504,1.385575532913208,-1.2942352294921875,1.0964195728302002,-1.2096583843231201
20260708_155717_683245,2026-07-08T15:57:21.656,3.972810,policy,155,sit,0.0,0.0,0.0,0.0,0.0,0.0,0.0,0.0,0.1,none,0.0,0.0,-1.0,-0.0,0.0,0.0,0.0,2.6906232833862305,5.064584255218506,12,can0:12,2.102114677429199,4.17859411239624,,"BL_hip_joint,BR_hip_joint,FL_hip_joint,FR_hip_joint,BL_thigh_joint,BR_thigh_joint,FL_thigh_joint,FR_thigh_joint,BL_calf_joint,BR_calf_joint,FL_calf_joint,FR_calf_joint",330e02f2406e129bb6ed6ec4a6c6bcd5f80d7e7799a2ab087e81eda65d2fae69,"step=000155 mode=sit    vx= 0.000 vy= 0.000 vxy= 0.000 yaw= 0.000 speed=0.10 imu=none tilt_rp=[-0.0,+0.0]deg imu_corr=0.000 act_max= 0.000 tau_cmd= 2.691 tau_cmd_max= 5.065 cmds=12 bus=can0:12 tau_fb= 2.102 tau_fb_max= 4.179",,,,,,,,,,,,,,,,,,,,,,,,,,,,,,,,,,,,,,,,,,,,,,,,,0.0,0.0,0.0,0.0,0.0,0.0,0.0,0.0,0.0,0.0,0.0,0.0,0.0,0.0,0.0,0.0,0.0,0.0,0.0,0.0,0.0,0.0,0.0,0.0,0.37928831577301025,-0.3823563754558563,-0.3750697374343872,0.3716181814670563,-0.17027705907821655,0.13844598829746246,-0.15340276062488556,0.1764131784439087,1.3522453308105469,-1.2793790102005005,1.0757368803024292,-1.1884878873825073,-0.10666219145059586,0.13916440308094025,0.09613330662250519,-0.07782220095396042,0.13870662450790405,-0.03250221163034439,0.2467421442270279,-0.03433332219719887,0.0393688790500164,-0.2142399400472641,0.47837764024734497,-0.13367107510566711,0.309200644493103,-0.3270348310470581,-0.3158884346485138,0.3025128245353699,-0.1375417709350586,0.09563715755939484,-0.11514250934123993,0.12510505318641663,1.3891340494155884,-1.2990713119506836,1.1014195680618286,-1.2146583795547485
20260708_155717_683245,2026-07-08T15:57:21.679,3.996053,policy,156,sit,0.0,0.0,0.0,0.0,0.0,0.0,0.0,0.0,0.1,none,0.0,0.0,-1.0,-0.0,0.0,0.0,0.0,2.7036020755767822,5.055546283721924,12,can0:12,2.0450456142425537,3.841670036315918,,"BL_hip_joint,BR_hip_joint,FL_hip_joint,FR_hip_joint,BL_thigh_joint,BR_thigh_joint,FL_thigh_joint,FR_thigh_joint,BL_calf_joint,BR_calf_joint,FL_calf_joint,FR_calf_joint",330e02f2406e129bb6ed6ec4a6c6bcd5f80d7e7799a2ab087e81eda65d2fae69,"step=000156 mode=sit    vx= 0.000 vy= 0.000 vxy= 0.000 yaw= 0.000 speed=0.10 imu=none tilt_rp=[-0.0,+0.0]deg imu_corr=0.000 act_max= 0.000 tau_cmd= 2.704 tau_cmd_max= 5.056 cmds=12 bus=can0:12 tau_fb= 2.045 tau_fb_max= 3.842",,,,,,,,,,,,,,,,,,,,,,,,,,,,,,,,,,,,,,,,,,,,,,,,,0.0,0.0,0.0,0.0,0.0,0.0,0.0,0.0,0.0,0.0,0.0,0.0,0.0,0.0,0.0,0.0,0.0,0.0,0.0,0.0,0.0,0.0,0.0,0.0,0.3758367598056793,-0.3781377971172333,-0.3712346851825714,0.36701610684394836,-0.16759251058101654,0.13461092114448547,-0.14765015244483948,0.17564615607261658,1.3549299240112305,-1.2828305959701538,1.0822564363479614,-1.191172480583191,-0.1510666161775589,0.15518662333488464,0.22843104600906372,-0.2710043787956238,0.17303994297981262,-0.24033325910568237,0.20920437574386597,-0.07782220095396042,0.17303994297981262,-0.09109774976968765,0.14786218106746674,-0.1268044114112854,0.30480387806892395,-0.32238447666168213,-0.31139659881591797,0.29821115732192993,-0.13254177570343018,0.09063715487718582,-0.11014250665903091,0.12010505050420761,1.392701268196106,-1.3039191961288452,1.106419563293457,-1.219658374786377
20260708_155717_683245,2026-07-08T15:57:21.703,4.019707,policy,157,sit,0.0,0.0,0.0,0.0,0.0,0.0,0.0,0.0,0.1,none,0.0,0.0,-1.0,-0.0,0.0,0.0,0.0,2.7097227573394775,5.017953872680664,12,can0:12,2.0288703441619873,3.7427899837493896,,"BL_hip_joint,BR_hip_joint,FL_hip_joint,FR_hip_joint,BL_thigh_joint,BR_thigh_joint,FL_thigh_joint,FR_thigh_joint,BL_calf_joint,BR_calf_joint,FL_calf_joint,FR_calf_joint",330e02f2406e129bb6ed6ec4a6c6bcd5f80d7e7799a2ab087e81eda65d2fae69,"step=000157 mode=sit    vx= 0.000 vy= 0.000 vxy= 0.000 yaw= 0.000 speed=0.10 imu=none tilt_rp=[-0.0,+0.0]deg imu_corr=0.000 act_max= 0.000 tau_cmd= 2.710 tau_cmd_max= 5.018 cmds=12 bus=can0:12 tau_fb= 2.029 tau_fb_max= 3.743",,,,,,,,,,,,,,,,,,,,,,,,,,,,,,,,,,,,,,,,,,,,,,,,,0.0,0.0,0.0,0.0,0.0,0.0,0.0,0.0,0.0,0.0,0.0,0.0,0.0,0.0,0.0,0.0,0.0,0.0,0.0,0.0,0.0,0.0,0.0,0.0,0.3704676628112793,-0.37391921877861023,-0.36624908447265625,0.3608799874782562,-0.1660584807395935,0.1288583129644394,-0.1426645666360855,0.1744956374168396,1.3595319986343384,-1.2858986854553223,1.0857080221176147,-1.195391058921814,-0.13183996081352234,0.20966215431690216,0.11627551913261414,-0.3643909990787506,0.10666219145059586,-0.1899777203798294,0.2293466031551361,-0.023346660658717155,0.2307199388742447,-0.16205328702926636,0.21790215373039246,-0.21561327576637268,0.30039745569229126,-0.3177239000797272,-0.30689486861228943,0.2939000427722931,-0.12754178047180176,0.0856371521949768,-0.1051425039768219,0.1151050478219986,1.3962764739990234,-1.3087778091430664,1.1114195585250854,-1.2246583700180054
20260708_155717_683245,2026-07-08T15:57:21.726,4.043012,policy,158,sit,0.0,0.0,0.0,0.0,0.0,0.0,0.0,0.0,0.1,none,0.0,0.0,-1.0,-0.0,0.0,0.0,0.0,2.5225977897644043,4.290128707885742,12,can0:12,2.073427438735962,3.545030117034912,,"BL_hip_joint,BR_hip_joint,FL_hip_joint,FR_hip_joint,BL_thigh_joint,BR_thigh_joint,FL_thigh_joint,FR_thigh_joint,BL_calf_joint,BR_calf_joint,FL_calf_joint,FR_calf_joint",330e02f2406e129bb6ed6ec4a6c6bcd5f80d7e7799a2ab087e81eda65d2fae69,"step=000158 mode=sit    vx= 0.000 vy= 0.000 vxy= 0.000 yaw= 0.000 speed=0.10 imu=none tilt_rp=[-0.0,+0.0]deg imu_corr=0.000 act_max= 0.000 tau_cmd= 2.523 tau_cmd_max= 4.290 cmds=12 bus=can0:12 tau_fb= 2.073 tau_fb_max= 3.545",,,,,,,,,,,,,,,,,,,,,,,,,,,,,,,,,,,,,,,,,,,,,,,,,0.0,0.0,0.0,0.0,0.0,0.0,0.0,0.0,0.0,0.0,0.0,0.0,0.0,0.0,0.0,0.0,0.0,0.0,0.0,0.0,0.0,0.0,0.0,0.0,0.3627975285053253,-0.3704676628112793,-0.36164700984954834,0.35205933451652527,-0.1641409546136856,0.12118817865848541,-0.13691195845603943,0.17334511876106262,1.3668185472488403,-1.2916512489318848,1.0910770893096924,-1.2019106149673462,-0.40055543184280396,0.14511550962924957,0.14923551678657532,-0.413373202085495,0.08606220036745071,-0.2682577073574066,0.23346659541130066,-0.08056886494159698,0.4202398657798767,-0.23255103826522827,0.2710043787956238,-0.29618212580680847,0.2959824800491333,-0.31305426359176636,-0.3023843765258789,0.2895805537700653,-0.12254177778959274,0.08063714951276779,-0.10014250129461288,0.11010504513978958,1.3998584747314453,-1.313645839691162,1.1164195537567139,-1.2296583652496338
20260708_155717_683245,2026-07-08T15:57:21.749,4.066511,policy,159,sit,0.0,0.0,0.0,0.0,0.0,0.0,0.0,0.0,0.1,none,0.0,0.0,-1.0,-0.0,0.0,0.0,0.0,2.442561149597168,4.0107421875,12,can0:12,2.0581681728363037,3.5596790313720703,,"BL_hip_joint,BR_hip_joint,FL_hip_joint,FR_hip_joint,BL_thigh_joint,BR_thigh_joint,FL_thigh_joint,FR_thigh_joint,BL_calf_joint,BR_calf_joint,FL_calf_joint,FR_calf_joint",330e02f2406e129bb6ed6ec4a6c6bcd5f80d7e7799a2ab087e81eda65d2fae69,"step=000159 mode=sit    vx= 0.000 vy= 0.000 vxy= 0.000 yaw= 0.000 speed=0.10 imu=none tilt_rp=[-0.0,+0.0]deg imu_corr=0.000 act_max= 0.000 tau_cmd= 2.443 tau_cmd_max= 4.011 cmds=12 bus=can0:12 tau_fb= 2.058 tau_fb_max= 3.560",,,,,,,,,,,,,,,,,,,,,,,,,,,,,,,,,,,,,,,,,,,,,,,,,0.0,0.0,0.0,0.0,0.0,0.0,0.0,0.0,0.0,0.0,0.0,0.0,0.0,0.0,0.0,0.0,0.0,0.0,0.0,0.0,0.0,0.0,0.0,0.0,0.3535933494567871,-0.36701610684394836,-0.35704493522644043,0.3440057039260864,-0.16183991730213165,0.11505206674337387,-0.13307689130306244,0.1718110889196396,1.3775568008422852,-1.2970203161239624,1.0987472534179688,-1.2088137865066528,-0.4046754240989685,0.21973326802253723,0.2375866025686264,-0.317239910364151,0.11993774026632309,-0.20187993347644806,0.1185644119977951,-0.05310220643877983,0.4033021032810211,-0.18723104894161224,0.35248878598213196,-0.2705465853214264,0.29156002402305603,-0.3083767294883728,-0.2978662848472595,0.28525376319885254,-0.11754177510738373,0.07563714683055878,-0.09514249861240387,0.10510504245758057,1.4034465551376343,-1.3185220956802368,1.1214195489883423,-1.2346583604812622
20260708_155717_683245,2026-07-08T15:57:21.773,4.089990,policy,160,sit,0.0,0.0,0.0,0.0,0.0,0.0,0.0,0.0,0.1,none,0.0,0.0,-1.0,-0.0,0.0,0.0,0.0,2.5530121326446533,4.24163293838501,12,can0:12,2.1140172481536865,3.6695456504821777,,"BL_hip_joint,BR_hip_joint,FL_hip_joint,FR_hip_joint,BL_thigh_joint,BR_thigh_joint,FL_thigh_joint,FR_thigh_joint,BL_calf_joint,BR_calf_joint,FL_calf_joint,FR_calf_joint",330e02f2406e129bb6ed6ec4a6c6bcd5f80d7e7799a2ab087e81eda65d2fae69,"step=000160 mode=sit    vx= 0.000 vy= 0.000 vxy= 0.000 yaw= 0.000 speed=0.10 imu=none tilt_rp=[-0.0,+0.0]deg imu_corr=0.000 act_max= 0.000 tau_cmd= 2.553 tau_cmd_max= 4.242 cmds=12 bus=can0:12 tau_fb= 2.114 tau_fb_max= 3.670",,,,,,,,,,,,,,,,,,,,,,,,,,,,,,,,,,,,,,,,,,,,,,,,,0.0,0.0,0.0,0.0,0.0,0.0,0.0,0.0,0.0,0.0,0.0,0.0,0.0,0.0,0.0,0.0,0.0,0.0,0.0,0.0,0.0,0.0,0.0,0.0,0.34477269649505615,-0.3631810247898102,-0.35244283080101013,0.33633553981781006,-0.15838834643363953,0.11083349585533142,-0.13039234280586243,0.17027705907821655,1.3836928606033325,-1.3000884056091309,1.1044998168945312,-1.2137993574142456,-0.33600878715515137,0.12222663313150406,0.14465773105621338,-0.3337199091911316,0.06820886582136154,-0.1423688530921936,0.10849329829216003,-0.16205328702926636,0.21240882575511932,-0.04257332161068916,0.1496932953596115,-0.20187993347644806,0.2871311902999878,-0.303692489862442,-0.29334166646003723,0.28092074394226074,-0.11254177242517471,0.07063714414834976,-0.09014249593019485,0.10010503977537155,1.407039761543274,-1.3234052658081055,1.1264195442199707,-1.2396583557128906
20260708_155717_683245,2026-07-08T15:57:21.796,4.113264,policy,161,sit,0.0,0.0,0.0,0.0,0.0,0.0,0.0,0.0,0.1,none,0.0,0.0,-1.0,-0.0,0.0,0.0,0.0,2.717470169067383,4.187085151672363,12,can0:12,2.0999786853790283,3.6329233646392822,,"BL_hip_joint,BR_hip_joint,FL_hip_joint,FR_hip_joint,BL_thigh_joint,BR_thigh_joint,FL_thigh_joint,FR_thigh_joint,BL_calf_joint,BR_calf_joint,FL_calf_joint,FR_calf_joint",330e02f2406e129bb6ed6ec4a6c6bcd5f80d7e7799a2ab087e81eda65d2fae69,"step=000161 mode=sit    vx= 0.000 vy= 0.000 vxy= 0.000 yaw= 0.000 speed=0.10 imu=none tilt_rp=[-0.0,+0.0]deg imu_corr=0.000 act_max= 0.000 tau_cmd= 2.717 tau_cmd_max= 4.187 cmds=12 bus=can0:12 tau_fb= 2.100 tau_fb_max= 3.633",,,,,,,,,,,,,,,,,,,,,,,,,,,,,,,,,,,,,,,,,,,,,,,,,0.0,0.0,0.0,0.0,0.0,0.0,0.0,0.0,0.0,0.0,0.0,0.0,0.0,0.0,0.0,0.0,0.0,0.0,0.0,0.0,0.0,0.0,0.0,0.0,0.33748605847358704,-0.3593459725379944,-0.3478407561779022,0.3301994502544403,-0.15340276062488556,0.10814894735813141,-0.13000884652137756,0.16720901429653168,1.3848434686660767,-1.3004719018936157,1.1056504249572754,-1.2180179357528687,-0.2851954698562622,0.18814660608768463,0.20920437574386597,-0.25772881507873535,0.28336435556411743,-0.05401776358485222,-0.016479995101690292,-0.09842219203710556,-0.030671102926135063,-0.02471999265253544,-0.009613330475986004,-0.1519821733236313,0.2826971411705017,-0.29900264739990234,-0.28881171345710754,0.2765825688838959,-0.1075417697429657,0.06563714146614075,-0.08514249324798584,0.09510503709316254,1.410637378692627,-1.3282943964004517,1.1314195394515991,-1.244658350944519
20260708_155717_683245,2026-07-08T15:57:21.820,4.136841,policy,162,sit,0.0,0.0,0.0,0.0,0.0,0.0,0.0,0.0,0.1,none,0.0,0.0,-1.0,-0.0,0.0,0.0,0.0,2.738812208175659,4.431975364685059,12,can0:12,2.168645143508911,3.764763355255127,,"BL_hip_joint,BR_hip_joint,FL_hip_joint,FR_hip_joint,BL_thigh_joint,BR_thigh_joint,FL_thigh_joint,FR_thigh_joint,BL_calf_joint,BR_calf_joint,FL_calf_joint,FR_calf_joint",330e02f2406e129bb6ed6ec4a6c6bcd5f80d7e7799a2ab087e81eda65d2fae69,"step=000162 mode=sit    vx= 0.000 vy= 0.000 vxy= 0.000 yaw= 0.000 speed=0.10 imu=none tilt_rp=[-0.0,+0.0]deg imu_corr=0.000 act_max= 0.000 tau_cmd= 2.739 tau_cmd_max= 4.432 cmds=12 bus=can0:12 tau_fb= 2.169 tau_fb_max= 3.765",,,,,,,,,,,,,,,,,,,,,,,,,,,,,,,,,,,,,,,,,,,,,,,,,0.0,0.0,0.0,0.0,0.0,0.0,0.0,0.0,0.0,0.0,0.0,0.0,0.0,0.0,0.0,0.0,0.0,0.0,0.0,0.0,0.0,0.0,0.0,0.0,0.3313499689102173,-0.3555108904838562,-0.34285515546798706,0.32521384954452515,-0.14688314497470856,0.10431388020515442,-0.1296253353357315,0.1614564061164856,1.3844598531723022,-1.3016223907470703,1.1056504249572754,-1.2233870029449463,-0.23300881683826447,0.08789330720901489,0.22659993171691895,-0.17670217156410217,0.269173264503479,-0.20920437574386597,0.025177771225571632,-0.32181769609451294,-0.027466658502817154,-0.05081331729888916,0.048066653311252594,-0.26459547877311707,0.27825891971588135,-0.29430845379829407,-0.28427746891975403,0.2722403407096863,-0.10254176706075668,0.06063714250922203,-0.08014249056577682,0.09010503441095352,1.4142382144927979,-1.3331880569458008,1.1364195346832275,-1.2496583461761475
20260708_155717_683245,2026-07-08T15:57:21.843,4.160076,policy,163,sit,0.0,0.0,0.0,0.0,0.0,0.0,0.0,0.0,0.1,none,0.0,0.0,-1.0,-0.0,0.0,0.0,0.0,2.7067244052886963,4.179923057556152,12,can0:12,2.141788959503174,3.4754478931427,,"BL_hip_joint,BR_hip_joint,FL_hip_joint,FR_hip_joint,BL_thigh_joint,BR_thigh_joint,FL_thigh_joint,FR_thigh_joint,BL_calf_joint,BR_calf_joint,FL_calf_joint,FR_calf_joint",330e02f2406e129bb6ed6ec4a6c6bcd5f80d7e7799a2ab087e81eda65d2fae69,"step=000163 mode=sit    vx= 0.000 vy= 0.000 vxy= 0.000 yaw= 0.000 speed=0.10 imu=none tilt_rp=[-0.0,+0.0]deg imu_corr=0.000 act_max= 0.000 tau_cmd= 2.707 tau_cmd_max= 4.180 cmds=12 bus=can0:12 tau_fb= 2.142 tau_fb_max= 3.475",,,,,,,,,,,,,,,,,,,,,,,,,,,,,,,,,,,,,,,,,,,,,,,,,0.0,0.0,0.0,0.0,0.0,0.0,0.0,0.0,0.0,0.0,0.0,0.0,0.0,0.0,0.0,0.0,0.0,0.0,0.0,0.0,0.0,0.0,0.0,0.0,0.32521384954452515,-0.3505253195762634,-0.3386366069316864,0.32022824883461,-0.14074702560901642,0.09932828694581985,-0.1288583129644394,0.15186873078346252,1.3848434686660767,-1.3046904802322388,1.1060339212417603,-1.228372573852539,-0.2540665864944458,0.24445326626300812,0.13183996081352234,-0.19592882692813873,0.2311777025461197,-0.24079103767871857,0.09979552775621414,-0.4976043105125427,-0.0050355540588498116,-0.1908932775259018,0.027466658502817154,-0.25681325793266296,0.27381762862205505,-0.28961098194122314,-0.2797401249408722,0.2678951025009155,-0.09754176437854767,0.055637143552303314,-0.07514248788356781,0.0851050317287445,1.4178416728973389,-1.3380850553512573,1.141419529914856,-1.2546583414077759
20260708_155717_683245,2026-07-08T15:57:21.866,4.183514,policy,164,sit,0.0,0.0,0.0,0.0,0.0,0.0,0.0,0.0,0.1,none,0.0,0.0,-1.0,-0.0,0.0,0.0,0.0,2.6807034015655518,4.308080673217773,12,can0:12,2.067629098892212,3.530381202697754,,"BL_hip_joint,BR_hip_joint,FL_hip_joint,FR_hip_joint,BL_thigh_joint,BR_thigh_joint,FL_thigh_joint,FR_thigh_joint,BL_calf_joint,BR_calf_joint,FL_calf_joint,FR_calf_joint",330e02f2406e129bb6ed6ec4a6c6bcd5f80d7e7799a2ab087e81eda65d2fae69,"step=000164 mode=sit    vx= 0.000 vy= 0.000 vxy= 0.000 yaw= 0.000 speed=0.10 imu=none tilt_rp=[-0.0,+0.0]deg imu_corr=0.000 act_max= 0.000 tau_cmd= 2.681 tau_cmd_max= 4.308 cmds=12 bus=can0:12 tau_fb= 2.068 tau_fb_max= 3.530",,,,,,,,,,,,,,,,,,,,,,,,,,,,,,,,,,,,,,,,,,,,,,,,,0.0,0.0,0.0,0.0,0.0,0.0,0.0,0.0,0.0,0.0,0.0,0.0,0.0,0.0,0.0,0.0,0.0,0.0,0.0,0.0,0.0,0.0,0.0,0.0,0.3198447525501251,-0.34592321515083313,-0.3340345025062561,0.3160097002983093,-0.13499443233013153,0.0924251601099968,-0.12732429802417755,0.1399800181388855,1.3852269649505615,-1.311210036277771,1.1071844100952148,-1.232974648475647,-0.17075106501579285,0.14877773821353912,0.17761772871017456,-0.1350444108247757,0.17349772155284882,-0.33783990144729614,0.1355021893978119,-0.557573139667511,0.10208441317081451,-0.3273110091686249,0.0952177494764328,-0.2211066037416458,0.26937440037727356,-0.28491148352622986,-0.2752007842063904,0.26354798674583435,-0.09254176169633865,0.0506371445953846,-0.0701424852013588,0.08010502904653549,1.4214465618133545,-1.3429841995239258,1.1464195251464844,-1.2596583366394043
20260708_155717_683245,2026-07-08T15:57:21.890,4.206815,policy,165,sit,0.0,0.0,0.0,0.0,0.0,0.0,0.0,0.0,0.1,none,0.0,0.0,-1.0,-0.0,0.0,0.0,0.0,2.612067222595215,4.062562942504883,12,can0:12,2.0422987937927246,3.8160343170166016,,"BL_hip_joint,BR_hip_joint,FL_hip_joint,FR_hip_joint,BL_thigh_joint,BR_thigh_joint,FL_thigh_joint,FR_thigh_joint,BL_calf_joint,BR_calf_joint,FL_calf_joint,FR_calf_joint",330e02f2406e129bb6ed6ec4a6c6bcd5f80d7e7799a2ab087e81eda65d2fae69,"step=000165 mode=sit    vx= 0.000 vy= 0.000 vxy= 0.000 yaw= 0.000 speed=0.10 imu=none tilt_rp=[-0.0,+0.0]deg imu_corr=0.000 act_max= 0.000 tau_cmd= 2.612 tau_cmd_max= 4.063 cmds=12 bus=can0:12 tau_fb= 2.042 tau_fb_max= 3.816",,,,,,,,,,,,,,,,,,,,,,,,,,,,,,,,,,,,,,,,,,,,,,,,,0.0,0.0,0.0,0.0,0.0,0.0,0.0,0.0,0.0,0.0,0.0,0.0,0.0,0.0,0.0,0.0,0.0,0.0,0.0,0.0,0.0,0.0,0.0,0.0,0.31792721152305603,-0.34093764424324036,-0.32981592416763306,0.3133251368999481,-0.12924182415008545,0.0859055444598198,-0.12348922342061996,0.12809130549430847,1.3879114389419556,-1.3181132078170776,1.1106359958648682,-1.238727331161499,-0.05172887444496155,0.27329325675964355,0.28794214129447937,-0.08651997148990631,0.2623066008090973,-0.27420881390571594,0.2595599293708801,-0.5621509552001953,0.17990660667419434,-0.27237769961357117,0.24079103767871857,-0.2311777025461197,0.2649303078651428,-0.28021109104156494,-0.2706606090068817,0.2592000365257263,-0.08754175901412964,0.04563714563846588,-0.06514248251914978,0.07510502636432648,1.4250521659851074,-1.3478842973709106,1.1514195203781128,-1.2646583318710327
20260708_155717_683245,2026-07-08T15:57:21.913,4.230404,policy,166,sit,0.0,0.0,0.0,0.0,0.0,0.0,0.0,0.0,0.1,none,0.0,0.0,-1.0,-0.0,0.0,0.0,0.0,2.6320607662200928,4.3690314292907715,12,can0:12,2.1314125061035156,3.9478743076324463,,"BL_hip_joint,BR_hip_joint,FL_hip_joint,FR_hip_joint,BL_thigh_joint,BR_thigh_joint,FL_thigh_joint,FR_thigh_joint,BL_calf_joint,BR_calf_joint,FL_calf_joint,FR_calf_joint",330e02f2406e129bb6ed6ec4a6c6bcd5f80d7e7799a2ab087e81eda65d2fae69,"step=000166 mode=sit    vx= 0.000 vy= 0.000 vxy= 0.000 yaw= 0.000 speed=0.10 imu=none tilt_rp=[-0.0,+0.0]deg imu_corr=0.000 act_max= 0.000 tau_cmd= 2.632 tau_cmd_max= 4.369 cmds=12 bus=can0:12 tau_fb= 2.131 tau_fb_max= 3.948",,,,,,,,,,,,,,,,,,,,,,,,,,,,,,,,,,,,,,,,,,,,,,,,,0.0,0.0,0.0,0.0,0.0,0.0,0.0,0.0,0.0,0.0,0.0,0.0,0.0,0.0,0.0,0.0,0.0,0.0,0.0,0.0,0.0,0.0,0.0,0.0,0.31792721152305603,-0.33556854724884033,-0.32559734582901,0.3117911219596863,-0.12310571223497391,0.08168696612119675,-0.11696960777044296,0.11696960777044296,1.3928970098495483,-1.3265503644943237,1.1163885593414307,-1.2444798946380615,0.03387554734945297,0.2055421620607376,0.2389599233865738,0.018768884241580963,0.2613910436630249,-0.05310220643877983,0.3492843508720398,-0.48158207535743713,0.2151554971933365,-0.3978087604045868,0.33097323775291443,-0.16571550071239471,0.2604864835739136,-0.2755109369754791,-0.26612064242362976,0.2548523247241974,-0.08254175633192062,0.040637146681547165,-0.060142483562231064,0.07010502368211746,1.4286576509475708,-1.3527841567993164,1.1564195156097412,-1.2696583271026611
20260708_155717_683245,2026-07-08T15:57:21.937,4.253781,policy,167,sit,0.0,0.0,0.0,0.0,0.0,0.0,0.0,0.0,0.1,none,0.0,0.0,-1.0,-0.0,0.0,0.0,0.0,2.5731918811798096,4.573594093322754,12,can0:12,2.1997742652893066,4.251838684082031,,"BL_hip_joint,BR_hip_joint,FL_hip_joint,FR_hip_joint,BL_thigh_joint,BR_thigh_joint,FL_thigh_joint,FR_thigh_joint,BL_calf_joint,BR_calf_joint,FL_calf_joint,FR_calf_joint",330e02f2406e129bb6ed6ec4a6c6bcd5f80d7e7799a2ab087e81eda65d2fae69,"step=000167 mode=sit    vx= 0.000 vy= 0.000 vxy= 0.000 yaw= 0.000 speed=0.10 imu=none tilt_rp=[-0.0,+0.0]deg imu_corr=0.000 act_max= 0.000 tau_cmd= 2.573 tau_cmd_max= 4.574 cmds=12 bus=can0:12 tau_fb= 2.200 tau_fb_max= 4.252",,,,,,,,,,,,,,,,,,,,,,,,,,,,,,,,,,,,,,,,,,,,,,,,,0.0,0.0,0.0,0.0,0.0,0.0,0.0,0.0,0.0,0.0,0.0,0.0,0.0,0.0,0.0,0.0,0.0,0.0,0.0,0.0,0.0,0.0,0.0,0.0,0.3183107376098633,-0.3301994502544403,-0.32252931594848633,0.31140759587287903,-0.11620259284973145,0.07861891388893127,-0.10814894735813141,0.10623141378164291,1.4005671739578247,-1.3353710174560547,1.1263598203659058,-1.2471644878387451,-0.053559985011816025,0.22797326743602753,0.028839992359280586,0.0032044434919953346,0.31403547525405884,-0.02288888208568096,0.3662221133708954,-0.4124576449394226,0.42344433069229126,-0.32822656631469727,0.5612353682518005,0.0050355540588498116,0.25604403018951416,-0.2708122432231903,-0.2615821063518524,0.2505059540271759,-0.07754175364971161,0.03563714772462845,-0.05514248460531235,0.06510502099990845,1.4322619438171387,-1.357682466506958,1.1614195108413696,-1.2746583223342896
20260708_155717_683245,2026-07-08T15:57:21.960,4.277320,policy,168,sit,0.0,0.0,0.0,0.0,0.0,0.0,0.0,0.0,0.1,none,0.0,0.0,-1.0,-0.0,0.0,0.0,0.0,2.586007595062256,4.909891128540039,12,can0:12,2.1897032260894775,4.537491798400879,,"BL_hip_joint,BR_hip_joint,FL_hip_joint,FR_hip_joint,BL_thigh_joint,BR_thigh_joint,FL_thigh_joint,FR_thigh_joint,BL_calf_joint,BR_calf_joint,FL_calf_joint,FR_calf_joint",330e02f2406e129bb6ed6ec4a6c6bcd5f80d7e7799a2ab087e81eda65d2fae69,"step=000168 mode=sit    vx= 0.000 vy= 0.000 vxy= 0.000 yaw= 0.000 speed=0.10 imu=none tilt_rp=[-0.0,+0.0]deg imu_corr=0.000 act_max= 0.000 tau_cmd= 2.586 tau_cmd_max= 4.910 cmds=12 bus=can0:12 tau_fb= 2.190 tau_fb_max= 4.537",,,,,,,,,,,,,,,,,,,,,,,,,,,,,,,,,,,,,,,,,,,,,,,,,0.0,0.0,0.0,0.0,0.0,0.0,0.0,0.0,0.0,0.0,0.0,0.0,0.0,0.0,0.0,0.0,0.0,0.0,0.0,0.0,0.0,0.0,0.0,0.0,0.3183107376098633,-0.3248303532600403,-0.3198447525501251,0.3106406033039093,-0.11044998466968536,0.0774683952331543,-0.09856127202510834,0.0989447832107544,1.4105384349822998,-1.3403565883636475,1.1397825479507446,-1.2483149766921997,-0.05172887444496155,0.2687154710292816,0.1355021893978119,-0.016937773674726486,0.2224799394607544,-0.003662221133708954,0.413373202085495,-0.19547104835510254,0.40971100330352783,-0.16159550845623016,0.5269020795822144,-0.05767998471856117,0.25160402059555054,-0.2661161422729492,-0.25704604387283325,0.24616196751594543,-0.0725417509675026,0.030637148767709732,-0.05014248564839363,0.06010502204298973,1.4358643293380737,-1.3625781536102295,1.166419506072998,-1.279658317565918
20260708_155717_683245,2026-07-08T15:57:21.983,4.300605,policy,169,sit,0.0,0.0,0.0,0.0,0.0,0.0,0.0,0.0,0.1,none,0.0,0.0,-1.0,-0.0,0.0,0.0,0.0,2.7660038471221924,5.107718467712402,12,can0:12,2.2037415504455566,4.5704522132873535,,"BL_hip_joint,BR_hip_joint,FL_hip_joint,FR_hip_joint,BL_thigh_joint,BR_thigh_joint,FL_thigh_joint,FR_thigh_joint,BL_calf_joint,BR_calf_joint,FL_calf_joint,FR_calf_joint",330e02f2406e129bb6ed6ec4a6c6bcd5f80d7e7799a2ab087e81eda65d2fae69,"step=000169 mode=sit    vx= 0.000 vy= 0.000 vxy= 0.000 yaw= 0.000 speed=0.10 imu=none tilt_rp=[-0.0,+0.0]deg imu_corr=0.000 act_max= 0.000 tau_cmd= 2.766 tau_cmd_max= 5.108 cmds=12 bus=can0:12 tau_fb= 2.204 tau_fb_max= 4.570",,,,,,,,,,,,,,,,,,,,,,,,,,,,,,,,,,,,,,,,,,,,,,,,,0.0,0.0,0.0,0.0,0.0,0.0,0.0,0.0,0.0,0.0,0.0,0.0,0.0,0.0,0.0,0.0,0.0,0.0,0.0,0.0,0.0,0.0,0.0,0.0,0.3171602189540863,-0.3198447525501251,-0.3163931965827942,0.3098735809326172,-0.10661491751670837,0.07631787657737732,-0.0905076265335083,0.09395918995141983,1.4159075021743774,-1.3422741889953613,1.1478362083435059,-1.2509994506835938,-0.0787377581000328,0.287026584148407,0.1350444108247757,-0.05218665301799774,0.10757774859666824,-0.06958220154047012,0.32959991693496704,-0.19180883467197418,0.05218665301799774,-0.04348887503147125,0.09155552834272385,-0.21790215373039246,0.24716758728027344,-0.261423796415329,-0.2525136470794678,0.2418214976787567,-0.06754174828529358,0.025637149810791016,-0.045142486691474915,0.055105023086071014,1.43946373462677,-1.3674697875976562,1.1714195013046265,-1.2846583127975464
20260708_155717_683245,2026-07-08T15:57:22.007,4.324177,policy,170,sit,0.0,0.0,0.0,0.0,0.0,0.0,0.0,0.0,0.1,none,0.0,0.0,-1.0,-0.0,0.0,0.0,0.0,2.847442388534546,5.356359958648682,12,can0:12,2.247687816619873,4.801171779632568,,"BL_hip_joint,BR_hip_joint,FL_hip_joint,FR_hip_joint,BL_thigh_joint,BR_thigh_joint,FL_thigh_joint,FR_thigh_joint,BL_calf_joint,BR_calf_joint,FL_calf_joint,FR_calf_joint",330e02f2406e129bb6ed6ec4a6c6bcd5f80d7e7799a2ab087e81eda65d2fae69,"step=000170 mode=sit    vx= 0.000 vy= 0.000 vxy= 0.000 yaw= 0.000 speed=0.10 imu=none tilt_rp=[-0.0,+0.0]deg imu_corr=0.000 act_max= 0.000 tau_cmd= 2.847 tau_cmd_max= 5.356 cmds=12 bus=can0:12 tau_fb= 2.248 tau_fb_max= 4.801",,,,,,,,,,,,,,,,,,,,,,,,,,,,,,,,,,,,,,,,,,,,,,,,,0.0,0.0,0.0,0.0,0.0,0.0,0.0,0.0,0.0,0.0,0.0,0.0,0.0,0.0,0.0,0.0,0.0,0.0,0.0,0.0,0.0,0.0,0.0,0.0,0.3156261742115021,-0.3152426779270172,-0.31217461824417114,0.3087230622768402,-0.10469738394021988,0.07440033555030823,-0.08360450714826584,0.09012412279844284,1.4159075021743774,-1.3449586629867554,1.1512876749038696,-1.2567521333694458,-0.061342205852270126,0.18723104894161224,0.21652881801128387,-0.08972442150115967,0.0398266538977623,-0.1670888364315033,0.31357768177986145,-0.1748710572719574,0.01739555038511753,-0.08651997148990631,0.13229773938655853,-0.32273322343826294,0.2427358329296112,-0.2567364573478699,-0.2479860484600067,0.2374856173992157,-0.06254174560308456,0.0206371508538723,-0.0401424877345562,0.0501050241291523,1.4430594444274902,-1.3723562955856323,1.1764194965362549,-1.2896583080291748
20260708_155717_683245,2026-07-08T15:57:22.030,4.347617,policy,171,sit,0.0,0.0,0.0,0.0,0.0,0.0,0.0,0.0,0.1,none,0.0,0.0,-1.0,-0.0,0.0,0.0,0.0,2.849215269088745,5.420147895812988,12,can0:12,2.2858364582061768,4.559465408325195,,"BL_hip_joint,BR_hip_joint,FL_hip_joint,FR_hip_joint,BL_thigh_joint,BR_thigh_joint,FL_thigh_joint,FR_thigh_joint,BL_calf_joint,BR_calf_joint,FL_calf_joint,FR_calf_joint",330e02f2406e129bb6ed6ec4a6c6bcd5f80d7e7799a2ab087e81eda65d2fae69,"step=000171 mode=sit    vx= 0.000 vy= 0.000 vxy= 0.000 yaw= 0.000 speed=0.10 imu=none tilt_rp=[-0.0,+0.0]deg imu_corr=0.000 act_max= 0.000 tau_cmd= 2.849 tau_cmd_max= 5.420 cmds=12 bus=can0:12 tau_fb= 2.286 tau_fb_max= 4.559",,,,,,,,,,,,,,,,,,,,,,,,,,,,,,,,,,,,,,,,,,,,,,,,,0.0,0.0,0.0,0.0,0.0,0.0,0.0,0.0,0.0,0.0,0.0,0.0,0.0,0.0,0.0,0.0,0.0,0.0,0.0,0.0,0.0,0.0,0.0,0.0,0.3133251368999481,-0.31140759587287903,-0.3079560399055481,0.3068055212497711,-0.10393036901950836,0.06941474974155426,-0.07631787657737732,0.08513852953910828,1.4159075021743774,-1.3499442338943481,1.1551227569580078,-1.264805793762207,-0.11444441229104996,0.191351056098938,0.2069154977798462,-0.09933774918317795,-0.0196844395250082,-0.22843104600906372,0.3030487895011902,-0.2453688234090805,-0.05264442786574364,-0.3089998960494995,0.2142399400472641,-0.3158665597438812,0.2383098304271698,-0.25205516815185547,-0.24346432089805603,0.23315533995628357,-0.05754174664616585,0.015637151896953583,-0.03514248877763748,0.04510502517223358,1.4466503858566284,-1.3772363662719727,1.1814194917678833,-1.2946583032608032
20260708_155717_683245,2026-07-08T15:57:22.054,4.371024,policy,172,sit,0.0,0.0,0.0,0.0,0.0,0.0,0.0,0.0,0.1,none,0.0,0.0,-1.0,-0.0,0.0,0.0,0.0,2.846453905105591,5.4820051193237305,12,can0:12,2.4051637649536133,4.412976264953613,,"BL_hip_joint,BR_hip_joint,FL_hip_joint,FR_hip_joint,BL_thigh_joint,BR_thigh_joint,FL_thigh_joint,FR_thigh_joint,BL_calf_joint,BR_calf_joint,FL_calf_joint,FR_calf_joint",330e02f2406e129bb6ed6ec4a6c6bcd5f80d7e7799a2ab087e81eda65d2fae69,"step=000172 mode=sit    vx= 0.000 vy= 0.000 vxy= 0.000 yaw= 0.000 speed=0.10 imu=none tilt_rp=[-0.0,+0.0]deg imu_corr=0.000 act_max= 0.000 tau_cmd= 2.846 tau_cmd_max= 5.482 cmds=12 bus=can0:12 tau_fb= 2.405 tau_fb_max= 4.413",,,,,,,,,,,,,,,,,,,,,,,,,,,,,,,,,,,,,,,,,,,,,,,,,0.0,0.0,0.0,0.0,0.0,0.0,0.0,0.0,0.0,0.0,0.0,0.0,0.0,0.0,0.0,0.0,0.0,0.0,0.0,0.0,0.0,0.0,0.0,0.0,0.3098735809326172,-0.30757254362106323,-0.30297043919563293,0.30450448393821716,-0.1035468652844429,0.06212811917066574,-0.06979825347661972,0.08015294373035431,1.4159075021743774,-1.35646390914917,1.1612589359283447,-1.2728594541549683,-0.12039551883935928,0.11673329770565033,0.2700888216495514,-0.1597643941640854,0.054475538432598114,-0.33555102348327637,0.20828883349895477,-0.173955500125885,-0.06454664468765259,-0.23941770195960999,0.30442214012145996,-0.3245643377304077,0.23389068245887756,-0.24738115072250366,-0.23894959688186646,0.22883179783821106,-0.05254174768924713,0.010637152008712292,-0.030142489820718765,0.040105026215314865,1.4502358436584473,-1.3821090459823608,1.1864194869995117,-1.2996582984924316
20260708_155717_683245,2026-07-08T15:57:22.077,4.394292,policy,173,sit,0.0,0.0,0.0,0.0,0.0,0.0,0.0,0.0,0.1,none,0.0,0.0,-1.0,-0.0,0.0,0.0,0.0,2.8236372470855713,5.27000093460083,12,can0:12,2.3679311275482178,4.0064697265625,,"BL_hip_joint,BR_hip_joint,FL_hip_joint,FR_hip_joint,BL_thigh_joint,BR_thigh_joint,FL_thigh_joint,FR_thigh_joint,BL_calf_joint,BR_calf_joint,FL_calf_joint,FR_calf_joint",330e02f2406e129bb6ed6ec4a6c6bcd5f80d7e7799a2ab087e81eda65d2fae69,"step=000173 mode=sit    vx= 0.000 vy= 0.000 vxy= 0.000 yaw= 0.000 speed=0.10 imu=none tilt_rp=[-0.0,+0.0]deg imu_corr=0.000 act_max= 0.000 tau_cmd= 2.824 tau_cmd_max= 5.270 cmds=12 bus=can0:12 tau_fb= 2.368 tau_fb_max= 4.006",,,,,,,,,,,,,,,,,,,,,,,,,,,,,,,,,,,,,,,,,,,,,,,,,0.0,0.0,0.0,0.0,0.0,0.0,0.0,0.0,0.0,0.0,0.0,0.0,0.0,0.0,0.0,0.0,0.0,0.0,0.0,0.0,0.0,0.0,0.0,0.0,0.304887980222702,-0.30450448393821716,-0.298368364572525,0.29990240931510925,-0.10277985036373138,0.05330745875835419,-0.06481266766786575,0.07631787657737732,1.4166744947433472,-1.3625999689102173,1.1689289808273315,-1.2793790102005005,-0.2142399400472641,0.1359599530696869,0.17624439299106598,-0.25131991505622864,0.06637775897979736,-0.3973509967327118,0.20050661265850067,-0.13367107510566711,0.006408886983990669,-0.2526932656764984,0.28244879841804504,-0.2385021448135376,0.22947955131530762,-0.24271556735038757,-0.2344430685043335,0.22451606392860413,-0.047541748732328415,0.005637152120471001,-0.02514249086380005,0.03510502725839615,1.4538147449493408,-1.3869727849960327,1.1914194822311401,-1.30465829372406
20260708_155717_683245,2026-07-08T15:57:22.101,4.417758,policy,174,sit,0.0,0.0,0.0,0.0,0.0,0.0,0.0,0.0,0.1,none,0.0,0.0,-1.0,-0.0,0.0,0.0,0.0,2.9074065685272217,4.779531955718994,12,can0:12,2.374340057373047,4.16760778427124,,"BL_hip_joint,BR_hip_joint,FL_hip_joint,FR_hip_joint,BL_thigh_joint,BR_thigh_joint,FL_thigh_joint,FR_thigh_joint,BL_calf_joint,BR_calf_joint,FL_calf_joint,FR_calf_joint",330e02f2406e129bb6ed6ec4a6c6bcd5f80d7e7799a2ab087e81eda65d2fae69,"step=000174 mode=sit    vx= 0.000 vy= 0.000 vxy= 0.000 yaw= 0.000 speed=0.10 imu=none tilt_rp=[-0.0,+0.0]deg imu_corr=0.000 act_max= 0.000 tau_cmd= 2.907 tau_cmd_max= 4.780 cmds=12 bus=can0:12 tau_fb= 2.374 tau_fb_max= 4.168",,,,,,,,,,,,,,,,,,,,,,,,,,,,,,,,,,,,,,,,,,,,,,,,,0.0,0.0,0.0,0.0,0.0,0.0,0.0,0.0,0.0,0.0,0.0,0.0,0.0,0.0,0.0,0.0,0.0,0.0,0.0,0.0,0.0,0.0,0.0,0.0,0.2976013422012329,-0.30181992053985596,-0.292999267578125,0.29261577129364014,-0.10086231678724289,0.046404335647821426,-0.0625116229057312,0.07631787657737732,1.4178249835968018,-1.369119644165039,1.1727640628814697,-1.2835975885391235,-0.37675100564956665,0.12405773997306824,0.2220221608877182,-0.36164432764053345,0.09430219233036041,-0.3089998960494995,0.08926664292812347,0.03891110047698021,0.06500442326068878,-0.24124881625175476,-0.027924437075853348,-0.14145329594612122,0.22507748007774353,-0.2380596101284027,-0.22994577884674072,0.22020921111106873,-0.0425417497754097,0.0006371522322297096,-0.020142491906881332,0.030105028301477432,1.4573862552642822,-1.3918266296386719,1.1964194774627686,-1.3096582889556885
20260708_155717_683245,2026-07-08T15:57:22.124,4.441190,policy,175,sit,0.0,0.0,0.0,0.0,0.0,0.0,0.0,0.0,0.1,none,0.0,0.0,-1.0,-0.0,0.0,0.0,0.0,2.9608068466186523,4.619482040405273,12,can0:12,2.2898037433624268,3.9515366554260254,,"BL_hip_joint,BR_hip_joint,FL_hip_joint,FR_hip_joint,BL_thigh_joint,BR_thigh_joint,FL_thigh_joint,FR_thigh_joint,BL_calf_joint,BR_calf_joint,FL_calf_joint,FR_calf_joint",330e02f2406e129bb6ed6ec4a6c6bcd5f80d7e7799a2ab087e81eda65d2fae69,"step=000175 mode=sit    vx= 0.000 vy= 0.000 vxy= 0.000 yaw= 0.000 speed=0.10 imu=none tilt_rp=[-0.0,+0.0]deg imu_corr=0.000 act_max= 0.000 tau_cmd= 2.961 tau_cmd_max= 4.619 cmds=12 bus=can0:12 tau_fb= 2.290 tau_fb_max= 3.952",,,,,,,,,,,,,,,,,,,,,,,,,,,,,,,,,,,,,,,,,,,,,,,,,0.0,0.0,0.0,0.0,0.0,0.0,0.0,0.0,0.0,0.0,0.0,0.0,0.0,0.0,0.0,0.0,0.0,0.0,0.0,0.0,0.0,0.0,0.0,0.0,0.2883971929550171,-0.29798486828804016,-0.287630170583725,0.28341159224510193,-0.09741075336933136,0.0410352386534214,-0.06174461171030998,0.07708488404750824,1.4208930730819702,-1.373338222503662,1.1719970703125,-1.2862821817398071,-0.48707541823387146,0.12405773997306824,0.22888882458209991,-0.3817865550518036,0.17990660667419434,-0.17944884300231934,0.0032044434919953346,0.028382213786244392,0.13733328878879547,-0.08789330720901489,-0.03433332219719887,-0.14099551737308502,0.22068560123443604,-0.23341438174247742,-0.22545889019966125,0.21591231226921082,-0.03754175081849098,-0.004362847656011581,-0.015142492018640041,0.025105029344558716,1.4609496593475342,-1.3966691493988037,1.201419472694397,-1.314658284187317
20260708_155717_683245,2026-07-08T15:57:22.147,4.464642,policy,176,sit,0.0,0.0,0.0,0.0,0.0,0.0,0.0,0.0,0.1,none,0.0,0.0,-1.0,-0.0,0.0,0.0,0.0,2.969614028930664,4.7460103034973145,12,can0:12,2.2818689346313477,3.9991455078125,,"BL_hip_joint,BR_hip_joint,FL_hip_joint,FR_hip_joint,BL_thigh_joint,BR_thigh_joint,FL_thigh_joint,FR_thigh_joint,BL_calf_joint,BR_calf_joint,FL_calf_joint,FR_calf_joint",330e02f2406e129bb6ed6ec4a6c6bcd5f80d7e7799a2ab087e81eda65d2fae69,"step=000176 mode=sit    vx= 0.000 vy= 0.000 vxy= 0.000 yaw= 0.000 speed=0.10 imu=none tilt_rp=[-0.0,+0.0]deg imu_corr=0.000 act_max= 0.000 tau_cmd= 2.970 tau_cmd_max= 4.746 cmds=12 bus=can0:12 tau_fb= 2.282 tau_fb_max= 3.999",,,,,,,,,,,,,,,,,,,,,,,,,,,,,,,,,,,,,,,,,,,,,,,,,0.0,0.0,0.0,0.0,0.0,0.0,0.0,0.0,0.0,0.0,0.0,0.0,0.0,0.0,0.0,0.0,0.0,0.0,0.0,0.0,0.0,0.0,0.0,0.0,0.279960036277771,-0.29453331232070923,-0.28302809596061707,0.2742074429988861,-0.09127464145421982,0.036049649119377136,-0.060594089329242706,0.07708488404750824,1.4274126291275024,-1.3744887113571167,1.1727640628814697,-1.289733648300171,-0.33738210797309875,0.1029999703168869,0.22797326743602753,-0.37812432646751404,0.3012176752090454,-0.1908932775259018,0.0952177494764328,0.08835108578205109,0.3501999080181122,0.0119022186845541,-0.003662221133708954,-0.10437330603599548,0.21630501747131348,-0.22878116369247437,-0.2209835648536682,0.21162647008895874,-0.032541751861572266,-0.009362847544252872,-0.01014249213039875,0.02010503038764,1.4645037651062012,-1.4014992713928223,1.2064194679260254,-1.3196582794189453
20260708_155717_683245,2026-07-08T15:57:22.171,4.487871,policy,177,sit,0.0,0.0,0.0,0.0,0.0,0.0,0.0,0.0,0.1,none,0.0,0.0,-1.0,-0.0,0.0,0.0,0.0,2.8278825283050537,4.592454433441162,12,can0:12,2.3642687797546387,3.8892788887023926,,"BL_hip_joint,BR_hip_joint,FL_hip_joint,FR_hip_joint,BL_thigh_joint,BR_thigh_joint,FL_thigh_joint,FR_thigh_joint,BL_calf_joint,BR_calf_joint,FL_calf_joint,FR_calf_joint",330e02f2406e129bb6ed6ec4a6c6bcd5f80d7e7799a2ab087e81eda65d2fae69,"step=000177 mode=sit    vx= 0.000 vy= 0.000 vxy= 0.000 yaw= 0.000 speed=0.10 imu=none tilt_rp=[-0.0,+0.0]deg imu_corr=0.000 act_max= 0.000 tau_cmd= 2.828 tau_cmd_max= 4.592 cmds=12 bus=can0:12 tau_fb= 2.364 tau_fb_max= 3.889",,,,,,,,,,,,,,,,,,,,,,,,,,,,,,,,,,,,,,,,,,,,,,,,,0.0,0.0,0.0,0.0,0.0,0.0,0.0,0.0,0.0,0.0,0.0,0.0,0.0,0.0,0.0,0.0,0.0,0.0,0.0,0.0,0.0,0.0,0.0,0.0,0.27305692434310913,-0.28993120789527893,-0.2791930139064789,0.26653730869293213,-0.0820704773068428,0.029913539066910744,-0.05867655575275421,0.07593436539173126,1.4381508827209473,-1.3748722076416016,1.1731475591659546,-1.2958698272705078,-0.10666219145059586,0.18906216323375702,0.27512437105178833,-0.3254798948764801,0.4376354217529297,-0.30533769726753235,0.1670888364315033,-0.05310220643877983,0.521866500377655,-0.05813775956630707,0.028382213786244392,-0.3154087960720062,0.2119368016719818,-0.22416099905967712,-0.21652087569236755,0.20735275745391846,-0.02754175290465355,-0.014362847432494164,-0.005142492242157459,0.015105030499398708,1.468047857284546,-1.4063156843185425,1.2114194631576538,-1.3246582746505737
20260708_155717_683245,2026-07-08T15:57:22.194,4.511341,policy,178,sit,0.0,0.0,0.0,0.0,0.0,0.0,0.0,0.0,0.1,none,0.0,0.0,-1.0,-0.0,0.0,0.0,0.0,2.8490121364593506,4.695742130279541,12,can0:12,2.3389384746551514,3.856318950653076,,"BL_hip_joint,BR_hip_joint,FL_hip_joint,FR_hip_joint,BL_thigh_joint,BR_thigh_joint,FL_thigh_joint,FR_thigh_joint,BL_calf_joint,BR_calf_joint,FL_calf_joint,FR_calf_joint",330e02f2406e129bb6ed6ec4a6c6bcd5f80d7e7799a2ab087e81eda65d2fae69,"step=000178 mode=sit    vx= 0.000 vy= 0.000 vxy= 0.000 yaw= 0.000 speed=0.10 imu=none tilt_rp=[-0.0,+0.0]deg imu_corr=0.000 act_max= 0.000 tau_cmd= 2.849 tau_cmd_max= 4.696 cmds=12 bus=can0:12 tau_fb= 2.339 tau_fb_max= 3.856",,,,,,,,,,,,,,,,,,,,,,,,,,,,,,,,,,,,,,,,,,,,,,,,,0.0,0.0,0.0,0.0,0.0,0.0,0.0,0.0,0.0,0.0,0.0,0.0,0.0,0.0,0.0,0.0,0.0,0.0,0.0,0.0,0.0,0.0,0.0,0.0,0.2676878273487091,-0.285329133272171,-0.2753579616546631,0.26078468561172485,-0.07286631315946579,0.023393921554088593,-0.05522499233484268,0.0755508616566658,1.4481220245361328,-1.3767898082733154,1.1746816635131836,-1.3031564950942993,-0.21240882575511932,0.13183996081352234,0.23621326684951782,-0.21240882575511932,0.38544878363609314,-0.28794214129447937,0.1501510739326477,-0.04257332161068916,0.3016754686832428,-0.11032441258430481,0.07553330808877945,-0.33051544427871704,0.20758208632469177,-0.2195550799369812,-0.21207195520401,0.20309221744537354,-0.022541753947734833,-0.01936284825205803,-0.0001424923539161682,0.010105030611157417,1.471580982208252,-1.4111173152923584,1.2164194583892822,-1.3296582698822021
20260708_155717_683245,2026-07-08T15:57:22.218,4.534747,policy,179,sit,0.0,0.0,0.0,0.0,0.0,0.0,0.0,0.0,0.1,none,0.0,0.0,-1.0,-0.0,0.0,0.0,0.0,2.8297250270843506,4.538463592529297,12,can0:12,2.222357749938965,3.9478743076324463,,"BL_hip_joint,BR_hip_joint,FL_hip_joint,FR_hip_joint,BL_thigh_joint,BR_thigh_joint,FL_thigh_joint,FR_thigh_joint,BL_calf_joint,BR_calf_joint,FL_calf_joint,FR_calf_joint",330e02f2406e129bb6ed6ec4a6c6bcd5f80d7e7799a2ab087e81eda65d2fae69,"step=000179 mode=sit    vx= 0.000 vy= 0.000 vxy= 0.000 yaw= 0.000 speed=0.10 imu=none tilt_rp=[-0.0,+0.0]deg imu_corr=0.000 act_max= 0.000 tau_cmd= 2.830 tau_cmd_max= 4.538 cmds=12 bus=can0:12 tau_fb= 2.222 tau_fb_max= 3.948",,,,,,,,,,,,,,,,,,,,,,,,,,,,,,,,,,,,,,,,,,,,,,,,,0.0,0.0,0.0,0.0,0.0,0.0,0.0,0.0,0.0,0.0,0.0,0.0,0.0,0.0,0.0,0.0,0.0,0.0,0.0,0.0,0.0,0.0,0.0,0.0,0.2611682116985321,-0.279960036277771,-0.27113938331604004,0.2546485960483551,-0.06481266766786575,0.018408332020044327,-0.04985589534044266,0.07516735047101974,1.4508066177368164,-1.3813918828964233,1.1785167455673218,-1.3092925548553467,-0.3117465674877167,0.18677328526973724,0.20874661207199097,-0.3007599115371704,0.3080843389034271,-0.23483993113040924,0.2783288061618805,-0.014648884534835815,-0.0032044434919953346,-0.2838221490383148,0.19363994896411896,-0.17166662216186523,0.2032419741153717,-0.2149646282196045,-0.2076379656791687,0.1988459825515747,-0.017541754990816116,-0.024362847208976746,0.004857507534325123,0.005105030722916126,1.475102186203003,-1.4159027338027954,1.2214194536209106,-1.3346582651138306
20260708_155717_683245,2026-07-08T15:57:22.241,4.558277,policy,180,sit,0.0,0.0,0.0,0.0,0.0,0.0,0.0,0.0,0.1,none,0.0,0.0,-1.0,-0.0,0.0,0.0,0.0,2.783191442489624,4.418295383453369,12,can0:12,2.3541977405548096,4.013794422149658,,"BL_hip_joint,BR_hip_joint,FL_hip_joint,FR_hip_joint,BL_thigh_joint,BR_thigh_joint,FL_thigh_joint,FR_thigh_joint,BL_calf_joint,BR_calf_joint,FL_calf_joint,FR_calf_joint",330e02f2406e129bb6ed6ec4a6c6bcd5f80d7e7799a2ab087e81eda65d2fae69,"step=000180 mode=sit    vx= 0.000 vy= 0.000 vxy= 0.000 yaw= 0.000 speed=0.10 imu=none tilt_rp=[-0.0,+0.0]deg imu_corr=0.000 act_max= 0.000 tau_cmd= 2.783 tau_cmd_max= 4.418 cmds=12 bus=can0:12 tau_fb= 2.354 tau_fb_max= 4.014",,,,,,,,,,,,,,,,,,,,,,,,,,,,,,,,,,,,,,,,,,,,,,,,,0.0,0.0,0.0,0.0,0.0,0.0,0.0,0.0,0.0,0.0,0.0,0.0,0.0,0.0,0.0,0.0,0.0,0.0,0.0,0.0,0.0,0.0,0.0,0.0,0.2557991147041321,-0.2742074429988861,-0.266920804977417,0.24966299533843994,-0.057526033371686935,0.015340276062488556,-0.04256926476955414,0.07478384673595428,1.4508066177368164,-1.3902125358581543,1.1858032941818237,-1.3131276369094849,-0.1510666161775589,0.24124881625175476,0.19959105551242828,-0.22797326743602753,0.33555102348327637,-0.13779106736183167,0.3730887770652771,-0.0636310949921608,-0.0238044373691082,-0.44816431403160095,0.3817865550518036,-0.13367107510566711,0.19891753792762756,-0.21039077639579773,-0.20322000980377197,0.19461506605148315,-0.012541755102574825,-0.029362846165895462,0.009857507422566414,0.0001050308346748352,1.4786107540130615,-1.4206708669662476,1.226419448852539,-1.339658260345459
20260708_155717_683245,2026-07-08T15:57:22.264,4.581613,policy,181,sit,0.0,0.0,0.0,0.0,0.0,0.0,0.0,0.0,0.1,none,0.0,0.0,-1.0,-0.0,0.0,0.0,0.0,2.757000684738159,4.51765775680542,12,can0:12,2.461317539215088,4.16760778427124,,"BL_hip_joint,BR_hip_joint,FL_hip_joint,FR_hip_joint,BL_thigh_joint,BR_thigh_joint,FL_thigh_joint,FR_thigh_joint,BL_calf_joint,BR_calf_joint,FL_calf_joint,FR_calf_joint",330e02f2406e129bb6ed6ec4a6c6bcd5f80d7e7799a2ab087e81eda65d2fae69,"step=000181 mode=sit    vx= 0.000 vy= 0.000 vxy= 0.000 yaw= 0.000 speed=0.10 imu=none tilt_rp=[-0.0,+0.0]deg imu_corr=0.000 act_max= 0.000 tau_cmd= 2.757 tau_cmd_max= 4.518 cmds=12 bus=can0:12 tau_fb= 2.461 tau_fb_max= 4.168",,,,,,,,,,,,,,,,,,,,,,,,,,,,,,,,,,,,,,,,,,,,,,,,,0.0,0.0,0.0,0.0,0.0,0.0,0.0,0.0,0.0,0.0,0.0,0.0,0.0,0.0,0.0,0.0,0.0,0.0,0.0,0.0,0.0,0.0,0.0,0.0,0.25158053636550903,-0.26845481991767883,-0.26270222663879395,0.24659493565559387,-0.050239402800798416,0.01418975554406643,-0.03489912673830986,0.07363332808017731,1.4508066177368164,-1.399800181388855,1.198075532913208,-1.3177297115325928,-0.11719107627868652,0.21973326802253723,0.1519821733236313,-0.09384441375732422,0.31266212463378906,-0.016479995101690292,0.33692434430122375,-0.11627551913261414,0.013275551609694958,-0.34607988595962524,0.5923642516136169,-0.2705465853214264,0.19460991024971008,-0.20583471655845642,-0.19881922006607056,0.190400630235672,-0.007541755214333534,-0.03436284512281418,0.014857507310807705,-0.004894969053566456,1.4821057319641113,-1.4254205226898193,1.2314194440841675,-1.3446582555770874
20260708_155717_683245,2026-07-08T15:57:22.288,4.605058,policy,182,sit,0.0,0.0,0.0,0.0,0.0,0.0,0.0,0.0,0.1,none,0.0,0.0,-1.0,-0.0,0.0,0.0,0.0,2.847444772720337,4.491591453552246,12,can0:12,2.450330972671509,4.211554527282715,,"BL_hip_joint,BR_hip_joint,FL_hip_joint,FR_hip_joint,BL_thigh_joint,BR_thigh_joint,FL_thigh_joint,FR_thigh_joint,BL_calf_joint,BR_calf_joint,FL_calf_joint,FR_calf_joint",330e02f2406e129bb6ed6ec4a6c6bcd5f80d7e7799a2ab087e81eda65d2fae69,"step=000182 mode=sit    vx= 0.000 vy= 0.000 vxy= 0.000 yaw= 0.000 speed=0.10 imu=none tilt_rp=[-0.0,+0.0]deg imu_corr=0.000 act_max= 0.000 tau_cmd= 2.847 tau_cmd_max= 4.492 cmds=12 bus=can0:12 tau_fb= 2.450 tau_fb_max= 4.212",,,,,,,,,,,,,,,,,,,,,,,,,,,,,,,,,,,,,,,,,,,,,,,,,0.0,0.0,0.0,0.0,0.0,0.0,0.0,0.0,0.0,0.0,0.0,0.0,0.0,0.0,0.0,0.0,0.0,0.0,0.0,0.0,0.0,0.0,0.0,0.0,0.2500464916229248,-0.26270222663879395,-0.259250670671463,0.24582792818546295,-0.043719787150621414,0.014573262073099613,-0.028763016685843468,0.07133228331804276,1.4511901140213013,-1.408237338066101,1.2103477716445923,-1.3223317861557007,-0.04119998961687088,0.17715995013713837,0.24994659423828125,0.010986663401126862,0.26734215021133423,0.01739555038511753,0.20279549062252045,-0.11215551942586899,0.06958220154047012,-0.2797021269798279,0.42527541518211365,-0.27237769961357117,0.19032022356987,-0.2012975811958313,-0.19443672895431519,0.1862037181854248,-0.002541755326092243,-0.039362844079732895,0.019857507199048996,-0.009894968941807747,1.485586166381836,-1.4301503896713257,1.236419439315796,-1.3496582508087158
20260708_155717_683245,2026-07-08T15:57:22.311,4.628472,policy,183,sit,0.0,0.0,0.0,0.0,0.0,0.0,0.0,0.0,0.1,none,0.0,0.0,-1.0,-0.0,0.0,0.0,0.0,3.0447378158569336,4.974386692047119,12,can0:12,2.446363687515259,4.471571922302246,,"BL_hip_joint,BR_hip_joint,FL_hip_joint,FR_hip_joint,BL_thigh_joint,BR_thigh_joint,FL_thigh_joint,FR_thigh_joint,BL_calf_joint,BR_calf_joint,FL_calf_joint,FR_calf_joint",330e02f2406e129bb6ed6ec4a6c6bcd5f80d7e7799a2ab087e81eda65d2fae69,"step=000183 mode=sit    vx= 0.000 vy= 0.000 vxy= 0.000 yaw= 0.000 speed=0.10 imu=none tilt_rp=[-0.0,+0.0]deg imu_corr=0.000 act_max= 0.000 tau_cmd= 3.045 tau_cmd_max= 4.974 cmds=12 bus=can0:12 tau_fb= 2.446 tau_fb_max= 4.472",,,,,,,,,,,,,,,,,,,,,,,,,,,,,,,,,,,,,,,,,,,,,,,,,0.0,0.0,0.0,0.0,0.0,0.0,0.0,0.0,0.0,0.0,0.0,0.0,0.0,0.0,0.0,0.0,0.0,0.0,0.0,0.0,0.0,0.0,0.0,0.0,0.25043001770973206,-0.2573331296443939,-0.25541558861732483,0.24621142446994781,-0.03873419761657715,0.01418975554406643,-0.023777427151799202,0.06788071990013123,1.451957106590271,-1.412839412689209,1.2164838314056396,-1.3265503644943237,0.08102664351463318,0.221564382314682,0.16571550071239471,0.0398266538977623,0.24170659482479095,-0.010528885759413242,0.17853328585624695,-0.16525772213935852,0.0631733164191246,-0.10071108490228653,0.17670217156410217,-0.19547104835510254,0.18604949116706848,-0.19678053259849548,-0.1900736391544342,0.18202537298202515,0.002458244562149048,-0.04436284303665161,0.024857506155967712,-0.014894968830049038,1.489051103591919,-1.4348593950271606,1.2414194345474243,-1.3546582460403442
20260708_155717_683245,2026-07-08T15:57:22.335,4.651888,policy,184,sit,0.0,0.0,0.0,0.0,0.0,0.0,0.0,0.0,0.1,none,0.0,0.0,-1.0,-0.0,0.0,0.0,0.0,3.0945193767547607,5.302093029022217,12,can0:12,2.483290910720825,4.768211841583252,,"BL_hip_joint,BR_hip_joint,FL_hip_joint,FR_hip_joint,BL_thigh_joint,BR_thigh_joint,FL_thigh_joint,FR_thigh_joint,BL_calf_joint,BR_calf_joint,FL_calf_joint,FR_calf_joint",330e02f2406e129bb6ed6ec4a6c6bcd5f80d7e7799a2ab087e81eda65d2fae69,"step=000184 mode=sit    vx= 0.000 vy= 0.000 vxy= 0.000 yaw= 0.000 speed=0.10 imu=none tilt_rp=[-0.0,+0.0]deg imu_corr=0.000 act_max= 0.000 tau_cmd= 3.095 tau_cmd_max= 5.302 cmds=12 bus=can0:12 tau_fb= 2.483 tau_fb_max= 4.768",,,,,,,,,,,,,,,,,,,,,,,,,,,,,,,,,,,,,,,,,,,,,,,,,0.0,0.0,0.0,0.0,0.0,0.0,0.0,0.0,0.0,0.0,0.0,0.0,0.0,0.0,0.0,0.0,0.0,0.0,0.0,0.0,0.0,0.0,0.0,0.0,0.2511970102787018,-0.252731055021286,-0.2511970102787018,0.24621142446994781,-0.03528263419866562,0.01380624808371067,-0.018791837617754936,0.060977596789598465,1.4538747072219849,-1.4151405096054077,1.219935417175293,-1.3311524391174316,0.05401776358485222,0.17258216440677643,0.23575548827648163,-0.03021332435309887,0.10483107715845108,-0.003662221133708954,0.32135990262031555,-0.39323100447654724,0.09979552775621414,-0.06271553784608841,0.20462660491466522,-0.2380443811416626,0.18179887533187866,-0.19228476285934448,-0.18573108315467834,0.17786669731140137,0.007458244450390339,-0.04936284199357033,0.02985750511288643,-0.01989496871829033,1.492499828338623,-1.4395461082458496,1.2464194297790527,-1.3596582412719727
20260708_155717_683245,2026-07-08T15:57:22.358,4.675288,policy,185,sit,0.0,0.0,0.0,0.0,0.0,0.0,0.0,0.0,0.1,none,0.0,0.0,-1.0,-0.0,0.0,0.0,0.0,3.100383758544922,5.518844127655029,12,can0:12,2.4903104305267334,4.94766092300415,,"BL_hip_joint,BR_hip_joint,FL_hip_joint,FR_hip_joint,BL_thigh_joint,BR_thigh_joint,FL_thigh_joint,FR_thigh_joint,BL_calf_joint,BR_calf_joint,FL_calf_joint,FR_calf_joint",330e02f2406e129bb6ed6ec4a6c6bcd5f80d7e7799a2ab087e81eda65d2fae69,"step=000185 mode=sit    vx= 0.000 vy= 0.000 vxy= 0.000 yaw= 0.000 speed=0.10 imu=none tilt_rp=[-0.0,+0.0]deg imu_corr=0.000 act_max= 0.000 tau_cmd= 3.100 tau_cmd_max= 5.519 cmds=12 bus=can0:12 tau_fb= 2.490 tau_fb_max= 4.948",,,,,,,,,,,,,,,,,,,,,,,,,,,,,,,,,,,,,,,,,,,,,,,,,0.0,0.0,0.0,0.0,0.0,0.0,0.0,0.0,0.0,0.0,0.0,0.0,0.0,0.0,0.0,0.0,0.0,0.0,0.0,0.0,0.0,0.0,0.0,0.0,0.2508135139942169,-0.24889597296714783,-0.24851247668266296,0.24582792818546295,-0.03259808570146561,0.011888713575899601,-0.013039235025644302,0.050622910261154175,1.4577096700668335,-1.417441487312317,1.2264550924301147,-1.3376721143722534,0.014191106893122196,0.13733328878879547,0.1423688530921936,0.009155552834272385,0.05630664899945259,-0.03433332219719887,0.26642659306526184,-0.5090487599372864,0.21286660432815552,-0.2055421620607376,0.3167821168899536,-0.2627643644809723,0.17756950855255127,-0.18781143426895142,-0.18141022324562073,0.1737287938594818,0.01245824433863163,-0.054362840950489044,0.034857504069805145,-0.024894967675209045,1.4959312677383423,-1.4442094564437866,1.2514194250106812,-1.364658236503601
20260708_155717_683245,2026-07-08T15:57:22.381,4.697995,policy,186,sit,0.0,0.0,0.0,0.0,0.0,0.0,0.0,0.0,0.1,none,0.0,0.0,-1.0,-0.0,0.0,0.0,0.0,3.0341567993164062,5.655396461486816,12,can0:12,2.461928129196167,5.0502028465271,,"BL_hip_joint,BR_hip_joint,FL_hip_joint,FR_hip_joint,BL_thigh_joint,BR_thigh_joint,FL_thigh_joint,FR_thigh_joint,BL_calf_joint,BR_calf_joint,FL_calf_joint,FR_calf_joint",330e02f2406e129bb6ed6ec4a6c6bcd5f80d7e7799a2ab087e81eda65d2fae69,"step=000186 mode=sit    vx= 0.000 vy= 0.000 vxy= 0.000 yaw= 0.000 speed=0.10 imu=none tilt_rp=[-0.0,+0.0]deg imu_corr=0.000 act_max= 0.000 tau_cmd= 3.034 tau_cmd_max= 5.655 cmds=12 bus=can0:12 tau_fb= 2.462 tau_fb_max= 5.050",,,,,,,,,,,,,,,,,,,,,,,,,,,,,,,,,,,,,,,,,,,,,,,,,0.0,0.0,0.0,0.0,0.0,0.0,0.0,0.0,0.0,0.0,0.0,0.0,0.0,0.0,0.0,0.0,0.0,0.0,0.0,0.0,0.0,0.0,0.0,0.0,0.24966299533843994,-0.24621142446994781,-0.2454444169998169,0.24467740952968597,-0.029913539066910744,0.008053644560277462,-0.006519617512822151,0.03796718269586563,1.4646128416061401,-1.42166006565094,1.234508752822876,-1.3441916704177856,-0.04257332161068916,0.06912442296743393,0.095675528049469,0.014191106893122196,0.1510666161775589,-0.17899106442928314,0.32822656631469727,-0.5548264980316162,0.36210212111473083,-0.24765770137310028,0.2618488073348999,-0.1831110566854477,0.17336243391036987,-0.1833617091178894,-0.1771121621131897,0.16961270570755005,0.017458245158195496,-0.05936283990740776,0.03985750302672386,-0.029894966632127762,1.4993445873260498,-1.4488482475280762,1.2564194202423096,-1.3696582317352295
20260708_155717_683245,2026-07-08T15:57:22.404,4.720723,policy,187,sit,0.0,0.0,0.0,0.0,0.0,0.0,0.0,0.0,0.1,none,0.0,0.0,-1.0,-0.0,0.0,0.0,0.0,3.0228769779205322,5.880887508392334,12,can0:12,2.607806921005249,5.182043075561523,,"BL_hip_joint,BR_hip_joint,FL_hip_joint,FR_hip_joint,BL_thigh_joint,BR_thigh_joint,FL_thigh_joint,FR_thigh_joint,BL_calf_joint,BR_calf_joint,FL_calf_joint,FR_calf_joint",330e02f2406e129bb6ed6ec4a6c6bcd5f80d7e7799a2ab087e81eda65d2fae69,"step=000187 mode=sit    vx= 0.000 vy= 0.000 vxy= 0.000 yaw= 0.000 speed=0.10 imu=none tilt_rp=[-0.0,+0.0]deg imu_corr=0.000 act_max= 0.000 tau_cmd= 3.023 tau_cmd_max= 5.881 cmds=12 bus=can0:12 tau_fb= 2.608 tau_fb_max= 5.182",,,,,,,,,,,,,,,,,,,,,,,,,,,,,,,,,,,,,,,,,,,,,,,,,0.0,0.0,0.0,0.0,0.0,0.0,0.0,0.0,0.0,0.0,0.0,0.0,0.0,0.0,0.0,0.0,0.0,0.0,0.0,0.0,0.0,0.0,0.0,0.0,0.2481289654970169,-0.2435268759727478,-0.24199286103248596,0.24314337968826294,-0.026461975648999214,0.0011505207512527704,-0.002301041502505541,0.026078470051288605,1.4757345914840698,-1.430097222328186,1.238727331161499,-1.3468762636184692,-0.022431105375289917,0.10437330603599548,0.15518662333488464,-0.10666219145059586,0.09659108519554138,-0.3080843389034271,0.1029999703168869,-0.43992429971694946,0.4692220687866211,-0.3163243532180786,0.08835108578205109,-0.11810663342475891,0.1691787838935852,-0.17893674969673157,-0.1728380024433136,0.16551953554153442,0.022458244115114212,-0.06436283886432648,0.04485750198364258,-0.03489496558904648,1.5027389526367188,-1.4534611701965332,1.261419415473938,-1.374658226966858
20260708_155717_683245,2026-07-08T15:57:22.426,4.743607,policy,188,sit,0.0,0.0,0.0,0.0,0.0,0.0,0.0,0.0,0.1,none,0.0,0.0,-1.0,-0.0,0.0,0.0,0.0,3.047065496444702,5.724427700042725,12,can0:12,2.618488073348999,4.907376289367676,,"BL_hip_joint,BR_hip_joint,FL_hip_joint,FR_hip_joint,BL_thigh_joint,BR_thigh_joint,FL_thigh_joint,FR_thigh_joint,BL_calf_joint,BR_calf_joint,FL_calf_joint,FR_calf_joint",330e02f2406e129bb6ed6ec4a6c6bcd5f80d7e7799a2ab087e81eda65d2fae69,"step=000188 mode=sit    vx= 0.000 vy= 0.000 vxy= 0.000 yaw= 0.000 speed=0.10 imu=none tilt_rp=[-0.0,+0.0]deg imu_corr=0.000 act_max= 0.000 tau_cmd= 3.047 tau_cmd_max= 5.724 cmds=12 bus=can0:12 tau_fb= 2.618 tau_fb_max= 4.907",,,,,,,,,,,,,,,,,,,,,,,,,,,,,,,,,,,,,,,,,,,,,,,,,0.0,0.0,0.0,0.0,0.0,0.0,0.0,0.0,0.0,0.0,0.0,0.0,0.0,0.0,0.0,0.0,0.0,0.0,0.0,0.0,0.0,0.0,0.0,0.0,0.24582792818546295,-0.2416093498468399,-0.23739077150821686,0.24007532000541687,-0.022626906633377075,-0.007670138031244278,0.00038350690738298,0.014573262073099613,1.4834046363830566,-1.4366168975830078,1.2379602193832397,-1.3495607376098633,-0.18677328526973724,0.0714133158326149,0.18036438524723053,-0.2142399400472641,0.1661732792854309,-0.4142887592315674,0.03799554333090782,-0.4673909842967987,0.16159550845623016,-0.24033325910568237,-0.03433332219719887,-0.15564440190792084,0.1650196611881256,-0.1745377480983734,-0.16858893632888794,0.16145038604736328,0.02745824307203293,-0.06936284154653549,0.049857500940561295,-0.039894964545965195,1.5061134099960327,-1.4580471515655518,1.2664194107055664,-1.3796582221984863
20260708_155717_683245,2026-07-08T15:57:22.450,4.767217,policy,189,sit,0.0,0.0,0.0,0.0,0.0,0.0,0.0,0.0,0.1,none,0.0,0.0,-1.0,-0.0,0.0,0.0,0.0,3.083742141723633,5.820892333984375,12,can0:12,2.545854091644287,4.599749565124512,,"BL_hip_joint,BR_hip_joint,FL_hip_joint,FR_hip_joint,BL_thigh_joint,BR_thigh_joint,FL_thigh_joint,FR_thigh_joint,BL_calf_joint,BR_calf_joint,FL_calf_joint,FR_calf_joint",330e02f2406e129bb6ed6ec4a6c6bcd5f80d7e7799a2ab087e81eda65d2fae69,"step=000189 mode=sit    vx= 0.000 vy= 0.000 vxy= 0.000 yaw= 0.000 speed=0.10 imu=none tilt_rp=[-0.0,+0.0]deg imu_corr=0.000 act_max= 0.000 tau_cmd= 3.084 tau_cmd_max= 5.821 cmds=12 bus=can0:12 tau_fb= 2.546 tau_fb_max= 4.600",,,,,,,,,,,,,,,,,,,,,,,,,,,,,,,,,,,,,,,,,,,,,,,,,0.0,0.0,0.0,0.0,0.0,0.0,0.0,0.0,0.0,0.0,0.0,0.0,0.0,0.0,0.0,0.0,0.0,0.0,0.0,0.0,0.0,0.0,0.0,0.0,0.24237635731697083,-0.23854129016399384,-0.23202167451381683,0.23585674166679382,-0.018408332020044327,-0.01725780963897705,0.00153402762953192,0.004602083005011082,1.4849387407302856,-1.4400683641433716,1.2383438348770142,-1.3537793159484863,-0.16159550845623016,0.14603106677532196,0.18814660608768463,-0.2298043817281723,0.2700888216495514,-0.34791100025177,0.06820886582136154,-0.3863643407821655,0.05081331729888916,-0.09979552775621414,0.027924437075853348,-0.2783288061618805,0.16088616847991943,-0.17016583681106567,-0.16436603665351868,0.1574063003063202,0.032458242028951645,-0.0743628442287445,0.05485749989748001,-0.04489496350288391,1.5094671249389648,-1.4626047611236572,1.2714194059371948,-1.3846582174301147
20260708_155717_683245,2026-07-08T15:57:22.473,4.790098,policy,190,sit,0.0,0.0,0.0,0.0,0.0,0.0,0.0,0.0,0.1,none,0.0,0.0,-1.0,-0.0,0.0,0.0,0.0,3.135352849960327,5.431304454803467,12,can0:12,2.546464204788208,4.4276251792907715,,"BL_hip_joint,BR_hip_joint,FL_hip_joint,FR_hip_joint,BL_thigh_joint,BR_thigh_joint,FL_thigh_joint,FR_thigh_joint,BL_calf_joint,BR_calf_joint,FL_calf_joint,FR_calf_joint",330e02f2406e129bb6ed6ec4a6c6bcd5f80d7e7799a2ab087e81eda65d2fae69,"step=000190 mode=sit    vx= 0.000 vy= 0.000 vxy= 0.000 yaw= 0.000 speed=0.10 imu=none tilt_rp=[-0.0,+0.0]deg imu_corr=0.000 act_max= 0.000 tau_cmd= 3.135 tau_cmd_max= 5.431 cmds=12 bus=can0:12 tau_fb= 2.546 tau_fb_max= 4.428",,,,,,,,,,,,,,,,,,,,,,,,,,,,,,,,,,,,,,,,,,,,,,,,,0.0,0.0,0.0,0.0,0.0,0.0,0.0,0.0,0.0,0.0,0.0,0.0,0.0,0.0,0.0,0.0,0.0,0.0,0.0,0.0,0.0,0.0,0.0,0.0,0.23662376403808594,-0.23547323048114777,-0.22626906633377075,0.22933712601661682,-0.01418975554406643,-0.025311455130577087,0.00153402762953192,-0.002301041502505541,1.4849387407302856,-1.4423694610595703,1.238727331161499,-1.3595319986343384,-0.3094576895236969,0.10391552746295929,0.29068881273269653,-0.36851099133491516,0.191351056098938,-0.3268532454967499,0.019226660951972008,-0.2380443811416626,-0.0027466658502817154,-0.06820886582136154,-0.02471999265253544,-0.2531510293483734,0.15677937865257263,-0.16582214832305908,-0.16017040610313416,0.15338832139968872,0.03745824098587036,-0.07936284691095352,0.05985749885439873,-0.04989496245980263,1.5127990245819092,-1.4671330451965332,1.2764194011688232,-1.3896582126617432
20260708_155717_683245,2026-07-08T15:57:22.496,4.813638,policy,191,sit,0.0,0.0,0.0,0.0,0.0,0.0,0.0,0.0,0.1,none,0.0,0.0,-1.0,-0.0,0.0,0.0,0.0,3.1250553131103516,4.963533401489258,12,can0:12,2.554399251937866,4.43861198425293,,"BL_hip_joint,BR_hip_joint,FL_hip_joint,FR_hip_joint,BL_thigh_joint,BR_thigh_joint,FL_thigh_joint,FR_thigh_joint,BL_calf_joint,BR_calf_joint,FL_calf_joint,FR_calf_joint",330e02f2406e129bb6ed6ec4a6c6bcd5f80d7e7799a2ab087e81eda65d2fae69,"step=000191 mode=sit    vx= 0.000 vy= 0.000 vxy= 0.000 yaw= 0.000 speed=0.10 imu=none tilt_rp=[-0.0,+0.0]deg imu_corr=0.000 act_max= 0.000 tau_cmd= 3.125 tau_cmd_max= 4.964 cmds=12 bus=can0:12 tau_fb= 2.554 tau_fb_max= 4.439",,,,,,,,,,,,,,,,,,,,,,,,,,,,,,,,,,,,,,,,,,,,,,,,,0.0,0.0,0.0,0.0,0.0,0.0,0.0,0.0,0.0,0.0,0.0,0.0,0.0,0.0,0.0,0.0,0.0,0.0,0.0,0.0,0.0,0.0,0.0,0.0,0.22818660736083984,-0.23163816332817078,-0.2220505028963089,0.22089996933937073,-0.01035468652844429,-0.032981593161821365,0.0019175345078110695,-0.006519617512822151,1.4849387407302856,-1.4446704387664795,1.2406448125839233,-1.3656680583953857,-0.3877376616001129,0.1831110566854477,0.17624439299106598,-0.43397319316864014,0.11261329799890518,-0.33875545859336853,0.03341776877641678,-0.14877773821353912,0.016479995101690292,-0.06866664439439774,0.13962218165397644,-0.24079103767871857,0.15270045399665833,-0.1615079641342163,-0.15600326657295227,0.14939764142036438,0.04245823994278908,-0.08436284959316254,0.06485749781131744,-0.054894961416721344,1.516108512878418,-1.4716304540634155,1.2814193964004517,-1.3946582078933716
20260708_155717_683245,2026-07-08T15:57:22.520,4.837149,policy,192,sit,0.0,0.0,0.0,0.0,0.0,0.0,0.0,0.0,0.1,none,0.0,0.0,-1.0,-0.0,0.0,0.0,0.0,3.0211007595062256,5.000885963439941,12,can0:12,2.374034881591797,4.306772232055664,,"BL_hip_joint,BR_hip_joint,FL_hip_joint,FR_hip_joint,BL_thigh_joint,BR_thigh_joint,FL_thigh_joint,FR_thigh_joint,BL_calf_joint,BR_calf_joint,FL_calf_joint,FR_calf_joint",330e02f2406e129bb6ed6ec4a6c6bcd5f80d7e7799a2ab087e81eda65d2fae69,"step=000192 mode=sit    vx= 0.000 vy= 0.000 vxy= 0.000 yaw= 0.000 speed=0.10 imu=none tilt_rp=[-0.0,+0.0]deg imu_corr=0.000 act_max= 0.000 tau_cmd= 3.021 tau_cmd_max= 5.001 cmds=12 bus=can0:12 tau_fb= 2.374 tau_fb_max= 4.307",,,,,,,,,,,,,,,,,,,,,,,,,,,,,,,,,,,,,,,,,,,,,,,,,0.0,0.0,0.0,0.0,0.0,0.0,0.0,0.0,0.0,0.0,0.0,0.0,0.0,0.0,0.0,0.0,0.0,0.0,0.0,0.0,0.0,0.0,0.0,0.0,0.21821542084217072,-0.2278030961751938,-0.21783192455768585,0.2116958051919937,-0.006903124041855335,-0.0410352386534214,0.00306805525906384,-0.011505207046866417,1.4857057332992554,-1.4488890171051025,1.2444798946380615,-1.3725712299346924,-0.40055543184280396,0.16251106560230255,0.08514664322137833,-0.3117465674877167,0.15655995905399323,-0.3570665717124939,0.10254219174385071,-0.24124881625175476,0.08423108607530594,-0.23621326684951782,0.22522659599781036,-0.3103732466697693,0.14865043759346008,-0.1572243571281433,-0.1518656313419342,0.14543521404266357,0.047458238899707794,-0.08936285227537155,0.06985750049352646,-0.05989496037364006,1.5193943977355957,-1.4760960340499878,1.28641939163208,-1.399658203125
20260708_155717_683245,2026-07-08T15:57:22.543,4.860700,policy,193,sit,0.0,0.0,0.0,0.0,0.0,0.0,0.0,0.0,0.1,none,0.0,0.0,-1.0,-0.0,0.0,0.0,0.0,2.9629640579223633,4.898886203765869,12,can0:12,2.3514511585235596,4.273812294006348,,"BL_hip_joint,BR_hip_joint,FL_hip_joint,FR_hip_joint,BL_thigh_joint,BR_thigh_joint,FL_thigh_joint,FR_thigh_joint,BL_calf_joint,BR_calf_joint,FL_calf_joint,FR_calf_joint",330e02f2406e129bb6ed6ec4a6c6bcd5f80d7e7799a2ab087e81eda65d2fae69,"step=000193 mode=sit    vx= 0.000 vy= 0.000 vxy= 0.000 yaw= 0.000 speed=0.10 imu=none tilt_rp=[-0.0,+0.0]deg imu_corr=0.000 act_max= 0.000 tau_cmd= 2.963 tau_cmd_max= 4.899 cmds=12 bus=can0:12 tau_fb= 2.351 tau_fb_max= 4.274",,,,,,,,,,,,,,,,,,,,,,,,,,,,,,,,,,,,,,,,,,,,,,,,,0.0,0.0,0.0,0.0,0.0,0.0,0.0,0.0,0.0,0.0,0.0,0.0,0.0,0.0,0.0,0.0,0.0,0.0,0.0,0.0,0.0,0.0,0.0,0.0,0.20977827906608582,-0.22281751036643982,-0.21399685740470886,0.2044091820716858,-0.003835069015622139,-0.04832186922430992,0.0057526035234332085,-0.01764131709933281,1.488006830215454,-1.4534912109375,1.2513830661773682,-1.3798577785491943,-0.28885769844055176,0.18860438466072083,0.17166662216186523,-0.27329325675964355,0.15655995905399323,-0.2375866025686264,0.14099551737308502,-0.18677328526973724,0.1345866322517395,-0.20050661265850067,0.37034210562705994,-0.24948881566524506,0.14463046193122864,-0.1529725193977356,-0.14775875210762024,0.14150220155715942,0.05245823785662651,-0.09436285495758057,0.07485750317573547,-0.06489495933055878,1.522655963897705,-1.4805285930633545,1.2914193868637085,-1.4046581983566284
20260708_155717_683245,2026-07-08T15:57:22.567,4.884208,policy,194,sit,0.0,0.0,0.0,0.0,0.0,0.0,0.0,0.0,0.1,none,0.0,0.0,-1.0,-0.0,0.0,0.0,0.0,2.884350538253784,4.716214179992676,12,can0:12,2.325815439224243,4.141972064971924,,"BL_hip_joint,BR_hip_joint,FL_hip_joint,FR_hip_joint,BL_thigh_joint,BR_thigh_joint,FL_thigh_joint,FR_thigh_joint,BL_calf_joint,BR_calf_joint,FL_calf_joint,FR_calf_joint",330e02f2406e129bb6ed6ec4a6c6bcd5f80d7e7799a2ab087e81eda65d2fae69,"step=000194 mode=sit    vx= 0.000 vy= 0.000 vxy= 0.000 yaw= 0.000 speed=0.10 imu=none tilt_rp=[-0.0,+0.0]deg imu_corr=0.000 act_max= 0.000 tau_cmd= 2.884 tau_cmd_max= 4.716 cmds=12 bus=can0:12 tau_fb= 2.326 tau_fb_max= 4.142",,,,,,,,,,,,,,,,,,,,,,,,,,,,,,,,,,,,,,,,,,,,,,,,,0.0,0.0,0.0,0.0,0.0,0.0,0.0,0.0,0.0,0.0,0.0,0.0,0.0,0.0,0.0,0.0,0.0,0.0,0.0,0.0,0.0,0.0,0.0,0.0,0.2032586634159088,-0.2174484133720398,-0.2109287977218628,0.1978895664215088,-0.00038350690738298,-0.05215694010257721,0.01035468652844429,-0.022626906633377075,1.4918417930603027,-1.4588602781295776,1.2628881931304932,-1.3836928606033325,-0.2371288239955902,0.24216437339782715,0.19547104835510254,-0.2293466031551361,0.12955106794834137,-0.08606220036745071,0.287484347820282,-0.13824884593486786,0.18906216323375702,-0.2449110448360443,0.6019775867462158,-0.12039551883935928,0.14064159989356995,-0.14875361323356628,-0.14368361234664917,0.1375996172428131,0.05745823681354523,-0.09936285763978958,0.07985750585794449,-0.06989496201276779,1.5258922576904297,-1.484926700592041,1.296419382095337,-1.4096581935882568
20260708_155717_683245,2026-07-08T15:57:22.591,4.907954,policy,195,sit,0.0,0.0,0.0,0.0,0.0,0.0,0.0,0.0,0.1,none,0.0,0.0,-1.0,-0.0,0.0,0.0,0.0,2.8270742893218994,4.851197242736816,12,can0:12,2.394787549972534,4.3397321701049805,,"BL_hip_joint,BR_hip_joint,FL_hip_joint,FR_hip_joint,BL_thigh_joint,BR_thigh_joint,FL_thigh_joint,FR_thigh_joint,BL_calf_joint,BR_calf_joint,FL_calf_joint,FR_calf_joint",330e02f2406e129bb6ed6ec4a6c6bcd5f80d7e7799a2ab087e81eda65d2fae69,"step=000195 mode=sit    vx= 0.000 vy= 0.000 vxy= 0.000 yaw= 0.000 speed=0.10 imu=none tilt_rp=[-0.0,+0.0]deg imu_corr=0.000 act_max= 0.000 tau_cmd= 2.827 tau_cmd_max= 4.851 cmds=12 bus=can0:12 tau_fb= 2.395 tau_fb_max= 4.340",,,,,,,,,,,,,,,,,,,,,,,,,,,,,,,,,,,,,,,,,,,,,,,,,0.0,0.0,0.0,0.0,0.0,0.0,0.0,0.0,0.0,0.0,0.0,0.0,0.0,0.0,0.0,0.0,0.0,0.0,0.0,0.0,0.0,0.0,0.0,0.0,0.19750605523586273,-0.21131230890750885,-0.20747722685337067,0.19290396571159363,0.00421857601031661,-0.05292395129799843,0.018024824559688568,-0.02416093461215496,1.4975944757461548,-1.4661468267440796,1.276310920715332,-1.3856104612350464,-0.21973326802253723,0.2847377061843872,0.13138218224048615,-0.20737327635288239,0.25772881507873535,0.0027466658502817154,0.31998658180236816,0.0119022186845541,0.29755547642707825,-0.32776880264282227,0.4976043105125427,-0.07690664380788803,0.13668504357337952,-0.1445688009262085,-0.1396414339542389,0.13372862339019775,0.062458235770463943,-0.1043628603219986,0.0848575085401535,-0.0748949646949768,1.5291023254394531,-1.4892892837524414,1.3014193773269653,-1.4146581888198853
20260708_155717_683245,2026-07-08T15:57:22.615,4.931753,policy,196,sit,0.0,0.0,0.0,0.0,0.0,0.0,0.0,0.0,0.1,none,0.0,0.0,-1.0,-0.0,0.0,0.0,0.0,2.7972803115844727,4.730685234069824,12,can0:12,2.445753335952759,4.314096450805664,,"BL_hip_joint,BR_hip_joint,FL_hip_joint,FR_hip_joint,BL_thigh_joint,BR_thigh_joint,FL_thigh_joint,FR_thigh_joint,BL_calf_joint,BR_calf_joint,FL_calf_joint,FR_calf_joint",330e02f2406e129bb6ed6ec4a6c6bcd5f80d7e7799a2ab087e81eda65d2fae69,"step=000196 mode=sit    vx= 0.000 vy= 0.000 vxy= 0.000 yaw= 0.000 speed=0.10 imu=none tilt_rp=[-0.0,+0.0]deg imu_corr=0.000 act_max= 0.000 tau_cmd= 2.797 tau_cmd_max= 4.731 cmds=12 bus=can0:12 tau_fb= 2.446 tau_fb_max= 4.314",,,,,,,,,,,,,,,,,,,,,,,,,,,,,,,,,,,,,,,,,,,,,,,,,0.0,0.0,0.0,0.0,0.0,0.0,0.0,0.0,0.0,0.0,0.0,0.0,0.0,0.0,0.0,0.0,0.0,0.0,0.0,0.0,0.0,0.0,0.0,0.0,0.19175344705581665,-0.2044091820716858,-0.20364215970039368,0.18791837990283966,0.009971179068088531,-0.05254044383764267,0.026845483109354973,-0.023393921554088593,1.5075656175613403,-1.4715160131454468,1.2828305959701538,-1.3890620470046997,-0.1982177197933197,0.25772881507873535,0.2055421620607376,-0.18082216382026672,0.252235472202301,-0.0,0.4380932152271271,0.07690664380788803,0.47242653369903564,-0.13000884652137756,0.20233771204948425,-0.17029328644275665,0.13276180624961853,-0.14041930437088013,-0.13563334941864014,0.12989026308059692,0.06745823472738266,-0.10936286300420761,0.08985751122236252,-0.07989496737718582,1.532285451889038,-1.4936150312423706,1.3064193725585938,-1.4196581840515137
20260708_155717_683245,2026-07-08T15:57:22.638,4.955648,policy,197,sit,0.0,0.0,0.0,0.0,0.0,0.0,0.0,0.0,0.1,none,0.0,0.0,-1.0,-0.0,0.0,0.0,0.0,2.816136360168457,4.666114807128906,12,can0:12,2.4900052547454834,4.328745365142822,,"BL_hip_joint,BR_hip_joint,FL_hip_joint,FR_hip_joint,BL_thigh_joint,BR_thigh_joint,FL_thigh_joint,FR_thigh_joint,BL_calf_joint,BR_calf_joint,FL_calf_joint,FR_calf_joint",330e02f2406e129bb6ed6ec4a6c6bcd5f80d7e7799a2ab087e81eda65d2fae69,"step=000197 mode=sit    vx= 0.000 vy= 0.000 vxy= 0.000 yaw= 0.000 speed=0.10 imu=none tilt_rp=[-0.0,+0.0]deg imu_corr=0.000 act_max= 0.000 tau_cmd= 2.816 tau_cmd_max= 4.666 cmds=12 bus=can0:12 tau_fb= 2.490 tau_fb_max= 4.329",,,,,,,,,,,,,,,,,,,,,,,,,,,,,,,,,,,,,,,,,,,,,,,,,0.0,0.0,0.0,0.0,0.0,0.0,0.0,0.0,0.0,0.0,0.0,0.0,0.0,0.0,0.0,0.0,0.0,0.0,0.0,0.0,0.0,0.0,0.0,0.0,0.1875348687171936,-0.1986565738916397,-0.19942358136177063,0.1848503202199936,0.01687430404126644,-0.05254044383764267,0.036049649119377136,-0.022626906633377075,1.514468789100647,-1.473433494567871,1.2874326705932617,-1.395198106765747,-0.17624439299106598,0.2705465853214264,0.2311777025461197,-0.14603106677532196,0.3158665597438812,-0.05401776358485222,0.3415021300315857,0.04303110018372536,0.20233771204948425,-0.158848837018013,0.1597643941640854,-0.2714621424674988,0.12887302041053772,-0.13630619645118713,-0.13166046142578125,0.1260855793952942,0.07245823740959167,-0.11436286568641663,0.09485751390457153,-0.08489497005939484,1.5354405641555786,-1.4979028701782227,1.3114193677902222,-1.424658179283142
20260708_155717_683245,2026-07-08T15:57:22.662,4.979545,policy,198,sit,0.0,0.0,0.0,0.0,0.0,0.0,0.0,0.0,0.1,none,0.0,0.0,-1.0,-0.0,0.0,0.0,0.0,2.9758567810058594,4.738077640533447,12,can0:12,2.6349680423736572,4.394665241241455,,"BL_hip_joint,BR_hip_joint,FL_hip_joint,FR_hip_joint,BL_thigh_joint,BR_thigh_joint,FL_thigh_joint,FR_thigh_joint,BL_calf_joint,BR_calf_joint,FL_calf_joint,FR_calf_joint",330e02f2406e129bb6ed6ec4a6c6bcd5f80d7e7799a2ab087e81eda65d2fae69,"step=000198 mode=sit    vx= 0.000 vy= 0.000 vxy= 0.000 yaw= 0.000 speed=0.10 imu=none tilt_rp=[-0.0,+0.0]deg imu_corr=0.000 act_max= 0.000 tau_cmd= 2.976 tau_cmd_max= 4.738 cmds=12 bus=can0:12 tau_fb= 2.635 tau_fb_max= 4.395",,,,,,,,,,,,,,,,,,,,,,,,,,,,,,,,,,,,,,,,,,,,,,,,,0.0,0.0,0.0,0.0,0.0,0.0,0.0,0.0,0.0,0.0,0.0,0.0,0.0,0.0,0.0,0.0,0.0,0.0,0.0,0.0,0.0,0.0,0.0,0.0,0.18523383140563965,-0.19367098808288574,-0.19520501792430878,0.1829327940940857,0.023393921554088593,-0.05292395129799843,0.04410329461097717,-0.022626906633377075,1.514468789100647,-1.473433494567871,1.2928017377853394,-1.4028682708740234,-0.07736442238092422,0.20783105492591858,0.17944884300231934,-0.0238044373691082,0.251777708530426,-0.009155552834272385,0.36805322766304016,0.014648884534835815,-0.03891110047698021,-0.03021332435309887,0.24948881566524506,-0.28931546211242676,0.12501975893974304,-0.1322306990623474,-0.12772387266159058,0.1223156750202179,0.07745824009180069,-0.11936286836862564,0.09985751658678055,-0.08989497274160385,1.5385668277740479,-1.5021514892578125,1.3164193630218506,-1.4296581745147705
20260708_155717_683245,2026-07-08T15:57:22.686,5.003325,policy,199,sit,0.0,0.0,0.0,0.0,0.0,0.0,0.0,0.0,0.1,none,0.0,0.0,-1.0,-0.0,0.0,0.0,0.0,3.108682632446289,5.006496429443359,12,can0:12,2.7433087825775146,4.669332027435303,,"BL_hip_joint,BR_hip_joint,FL_hip_joint,FR_hip_joint,BL_thigh_joint,BR_thigh_joint,FL_thigh_joint,FR_thigh_joint,BL_calf_joint,BR_calf_joint,FL_calf_joint,FR_calf_joint",330e02f2406e129bb6ed6ec4a6c6bcd5f80d7e7799a2ab087e81eda65d2fae69,"step=000199 mode=sit    vx= 0.000 vy= 0.000 vxy= 0.000 yaw= 0.000 speed=0.10 imu=none tilt_rp=[-0.0,+0.0]deg imu_corr=0.000 act_max= 0.000 tau_cmd= 3.109 tau_cmd_max= 5.006 cmds=12 bus=can0:12 tau_fb= 2.743 tau_fb_max= 4.669",,,,,,,,,,,,,,,,,,,,,,,,,,,,,,,,,,,,,,,,,,,,,,,,,0.0,0.0,0.0,0.0,0.0,0.0,0.0,0.0,0.0,0.0,0.0,0.0,0.0,0.0,0.0,0.0,0.0,0.0,0.0,0.0,0.0,0.0,0.0,0.0,0.18600085377693176,-0.19021941721439362,-0.19098643958568573,0.18216577172279358,0.029530031606554985,-0.053690966218709946,0.05215694010257721,-0.023393921554088593,1.514468789100647,-1.473816990852356,1.299704909324646,-1.4093878269195557,0.08148442208766937,0.12176885455846786,0.18082216382026672,-0.015564439818263054,0.16479995846748352,-0.04028443247079849,0.40192878246307373,-0.061342205852270126,-0.001831110566854477,-0.02151555009186268,0.252235472202301,-0.16067995131015778,0.12120318412780762,-0.12819400429725647,-0.12382474541664124,0.11858165264129639,0.0824582427740097,-0.12436287105083466,0.10485751926898956,-0.09489497542381287,1.541663408279419,-1.5063598155975342,1.321419358253479,-1.434658169746399
20260708_155717_683245,2026-07-08T15:57:22.710,5.027159,policy,200,sit,0.0,0.0,0.0,0.0,0.0,0.0,0.0,0.0,0.1,none,0.0,0.0,-1.0,-0.0,0.0,0.0,0.0,3.255953550338745,5.184360980987549,12,can0:12,2.7298805713653564,4.804834365844727,,"BL_hip_joint,BR_hip_joint,FL_hip_joint,FR_hip_joint,BL_thigh_joint,BR_thigh_joint,FL_thigh_joint,FR_thigh_joint,BL_calf_joint,BR_calf_joint,FL_calf_joint,FR_calf_joint",330e02f2406e129bb6ed6ec4a6c6bcd5f80d7e7799a2ab087e81eda65d2fae69,"step=000200 mode=sit    vx= 0.000 vy= 0.000 vxy= 0.000 yaw= 0.000 speed=0.10 imu=none tilt_rp=[-0.0,+0.0]deg imu_corr=0.000 act_max= 0.000 tau_cmd= 3.256 tau_cmd_max= 5.184 cmds=12 bus=can0:12 tau_fb= 2.730 tau_fb_max= 4.805",,,,,,,,,,,,,,,,,,,,,,,,,,,,,,,,,,,,,,,,,,,,,,,,,0.0,0.0,0.0,0.0,0.0,0.0,0.0,0.0,0.0,0.0,0.0,0.0,0.0,0.0,0.0,0.0,0.0,0.0,0.0,0.0,0.0,0.0,0.0,0.0,0.18638435006141663,-0.18715137243270874,-0.18830189108848572,0.18216577172279358,0.0345156192779541,-0.0559920072555542,0.06021058186888695,-0.02416093461215496,1.514468789100647,-1.4765015840530396,1.3050739765167236,-1.4139899015426636,0.0068666646257042885,0.05813775956630707,0.10620441287755966,0.002288888208568096,0.15472884476184845,-0.17029328644275665,0.251777708530426,-0.008697775192558765,-0.03021332435309887,-0.18402661383152008,0.07507553696632385,-0.10025330632925034,0.11742433905601501,-0.12419718503952026,-0.11996415257453918,0.11488452553749084,0.08745824545621872,-0.12936286628246307,0.10985752195119858,-0.09989497810602188,1.544729232788086,-1.510526418685913,1.3264193534851074,-1.4396581649780273
20260708_155717_683245,2026-07-08T15:57:22.734,5.050941,policy,201,sit,0.0,0.0,0.0,0.0,0.0,0.0,0.0,0.0,0.1,none,0.0,0.0,-1.0,-0.0,0.0,0.0,0.0,3.3120994567871094,5.5118255615234375,12,can0:12,2.8260138034820557,5.090487480163574,,"BL_hip_joint,BR_hip_joint,FL_hip_joint,FR_hip_joint,BL_thigh_joint,BR_thigh_joint,FL_thigh_joint,FR_thigh_joint,BL_calf_joint,BR_calf_joint,FL_calf_joint,FR_calf_joint",330e02f2406e129bb6ed6ec4a6c6bcd5f80d7e7799a2ab087e81eda65d2fae69,"step=000201 mode=sit    vx= 0.000 vy= 0.000 vxy= 0.000 yaw= 0.000 speed=0.10 imu=none tilt_rp=[-0.0,+0.0]deg imu_corr=0.000 act_max= 0.000 tau_cmd= 3.312 tau_cmd_max= 5.512 cmds=12 bus=can0:12 tau_fb= 2.826 tau_fb_max= 5.090",,,,,,,,,,,,,,,,,,,,,,,,,,,,,,,,,,,,,,,,,,,,,,,,,0.0,0.0,0.0,0.0,0.0,0.0,0.0,0.0,0.0,0.0,0.0,0.0,0.0,0.0,0.0,0.0,0.0,0.0,0.0,0.0,0.0,0.0,0.0,0.0,0.18638435006141663,-0.18523383140563965,-0.1856173425912857,0.18178227543830872,0.03911770507693291,-0.061361104249954224,0.06557968258857727,-0.025311455130577087,1.5148522853851318,-1.4834046363830566,1.304306983947754,-1.4178249835968018,0.032959990203380585,0.0636310949921608,0.06958220154047012,-0.04303110018372536,0.21561327576637268,-0.3318887948989868,0.1895199418067932,-0.06912442296743393,0.025635547935962677,-0.3813287615776062,-0.01739555038511753,-0.16205328702926636,0.11368438601493835,-0.12024152278900146,-0.11614328622817993,0.11122545599937439,0.09245824813842773,-0.1343628615140915,0.11485752463340759,-0.1048949807882309,1.5477635860443115,-1.5146501064300537,1.3314193487167358,-1.4446581602096558
20260708_155717_683245,2026-07-08T15:57:22.758,5.074721,policy,202,sit,0.0,0.0,0.0,0.0,0.0,0.0,0.0,0.0,0.1,none,0.0,0.0,-1.0,-0.0,0.0,0.0,0.0,3.4105207920074463,5.722657680511475,12,can0:12,2.937406539916992,5.22232723236084,,"BL_hip_joint,BR_hip_joint,FL_hip_joint,FR_hip_joint,BL_thigh_joint,BR_thigh_joint,FL_thigh_joint,FR_thigh_joint,BL_calf_joint,BR_calf_joint,FL_calf_joint,FR_calf_joint",330e02f2406e129bb6ed6ec4a6c6bcd5f80d7e7799a2ab087e81eda65d2fae69,"step=000202 mode=sit    vx= 0.000 vy= 0.000 vxy= 0.000 yaw= 0.000 speed=0.10 imu=none tilt_rp=[-0.0,+0.0]deg imu_corr=0.000 act_max= 0.000 tau_cmd= 3.411 tau_cmd_max= 5.723 cmds=12 bus=can0:12 tau_fb= 2.937 tau_fb_max= 5.222",,,,,,,,,,,,,,,,,,,,,,,,,,,,,,,,,,,,,,,,,,,,,,,,,0.0,0.0,0.0,0.0,0.0,0.0,0.0,0.0,0.0,0.0,0.0,0.0,0.0,0.0,0.0,0.0,0.0,0.0,0.0,0.0,0.0,0.0,0.0,0.0,0.18600085377693176,-0.1836998015642166,-0.18331630527973175,0.1810152530670166,0.04448680207133293,-0.07018176466226578,0.06864773482084274,-0.026461975648999214,1.5152357816696167,-1.4929924011230469,1.3046904802322388,-1.4208930730819702,0.0119022186845541,0.0393688790500164,0.18082216382026672,-0.09063997119665146,0.2719199061393738,-0.42344433069229126,0.08560442179441452,-0.025177771225571632,0.0027466658502817154,-0.3904843330383301,-0.08926664292812347,-0.050355542451143265,0.1099843978881836,-0.11632812023162842,-0.11236327886581421,0.10760548710823059,0.09745825082063675,-0.1393628567457199,0.11985752731561661,-0.10989498347043991,1.5507655143737793,-1.5187296867370605,1.3364193439483643,-1.4496581554412842
20260708_155717_683245,2026-07-08T15:57:22.781,5.098528,policy,203,sit,0.0,0.0,0.0,0.0,0.0,0.0,0.0,0.0,0.1,none,0.0,0.0,-1.0,-0.0,0.0,0.0,0.0,3.4599530696868896,5.8819499015808105,12,can0:12,2.908108711242676,5.412762641906738,,"BL_hip_joint,BR_hip_joint,FL_hip_joint,FR_hip_joint,BL_thigh_joint,BR_thigh_joint,FL_thigh_joint,FR_thigh_joint,BL_calf_joint,BR_calf_joint,FL_calf_joint,FR_calf_joint",330e02f2406e129bb6ed6ec4a6c6bcd5f80d7e7799a2ab087e81eda65d2fae69,"step=000203 mode=sit    vx= 0.000 vy= 0.000 vxy= 0.000 yaw= 0.000 speed=0.10 imu=none tilt_rp=[-0.0,+0.0]deg imu_corr=0.000 act_max= 0.000 tau_cmd= 3.460 tau_cmd_max= 5.882 cmds=12 bus=can0:12 tau_fb= 2.908 tau_fb_max= 5.413",,,,,,,,,,,,,,,,,,,,,,,,,,,,,,,,,,,,,,,,,,,,,,,,,0.0,0.0,0.0,0.0,0.0,0.0,0.0,0.0,0.0,0.0,0.0,0.0,0.0,0.0,0.0,0.0,0.0,0.0,0.0,0.0,0.0,0.0,0.0,0.0,0.1848503202199936,-0.18139876425266266,-0.17986473441123962,0.17948122322559357,0.050239402800798416,-0.08053644746541977,0.06979825347661972,-0.029146524146199226,1.5160027742385864,-1.5021965503692627,1.3046904802322388,-1.4247281551361084,-0.004119998775422573,0.06591998040676117,0.10803552716970444,-0.03341776877641678,0.14557328820228577,-0.460982084274292,0.05813775956630707,-0.11719107627868652,0.05264442786574364,-0.3250221312046051,-0.010986663401126862,-0.17166662216186523,0.10632544755935669,-0.11245813965797424,-0.10862520337104797,0.1040256917476654,0.10245825350284576,-0.14436285197734833,0.12485752999782562,-0.11489498615264893,1.5537341833114624,-1.5227642059326172,1.3414193391799927,-1.4546581506729126
20260708_155717_683245,2026-07-08T15:57:22.805,5.122405,policy,204,sit,0.0,0.0,0.0,0.0,0.0,0.0,0.0,0.0,0.1,none,0.0,0.0,-1.0,-0.0,0.0,0.0,0.0,3.411309003829956,5.952457904815674,12,can0:12,2.918484687805176,5.306558609008789,,"BL_hip_joint,BR_hip_joint,FL_hip_joint,FR_hip_joint,BL_thigh_joint,BR_thigh_joint,FL_thigh_joint,FR_thigh_joint,BL_calf_joint,BR_calf_joint,FL_calf_joint,FR_calf_joint",330e02f2406e129bb6ed6ec4a6c6bcd5f80d7e7799a2ab087e81eda65d2fae69,"step=000204 mode=sit    vx= 0.000 vy= 0.000 vxy= 0.000 yaw= 0.000 speed=0.10 imu=none tilt_rp=[-0.0,+0.0]deg imu_corr=0.000 act_max= 0.000 tau_cmd= 3.411 tau_cmd_max= 5.952 cmds=12 bus=can0:12 tau_fb= 2.918 tau_fb_max= 5.307",,,,,,,,,,,,,,,,,,,,,,,,,,,,,,,,,,,,,,,,,,,,,,,,,0.0,0.0,0.0,0.0,0.0,0.0,0.0,0.0,0.0,0.0,0.0,0.0,0.0,0.0,0.0,0.0,0.0,0.0,0.0,0.0,0.0,0.0,0.0,0.0,0.18331630527973175,-0.17871421575546265,-0.1752626597881317,0.1764131784439087,0.05484148859977722,-0.08935710787773132,0.07018176466226578,-0.032981593161821365,1.5175367593765259,-1.50833261013031,1.3058409690856934,-1.430480718612671,-0.05172887444496155,0.1675466150045395,0.23163548111915588,-0.13229773938655853,0.191351056098938,-0.3790398836135864,0.07644886523485184,-0.2453688234090805,0.10071108490228653,-0.21652881801128387,0.041657764464616776,-0.3012176752090454,0.10270869731903076,-0.10863277316093445,-0.10493022203445435,0.10048717260360718,0.10745825618505478,-0.14936284720897675,0.12985752522945404,-0.11989498883485794,1.5566686391830444,-1.52675199508667,1.346419334411621,-1.459658145904541
20260708_155717_683245,2026-07-08T15:57:22.829,5.146074,policy,205,sit,0.0,0.0,0.0,0.0,0.0,0.0,0.0,0.0,0.1,none,0.0,0.0,-1.0,-0.0,0.0,0.0,0.0,3.4029014110565186,6.016504287719727,12,can0:12,2.837916374206543,5.522629261016846,,"BL_hip_joint,BR_hip_joint,FL_hip_joint,FR_hip_joint,BL_thigh_joint,BR_thigh_joint,FL_thigh_joint,FR_thigh_joint,BL_calf_joint,BR_calf_joint,FL_calf_joint,FR_calf_joint",330e02f2406e129bb6ed6ec4a6c6bcd5f80d7e7799a2ab087e81eda65d2fae69,"step=000205 mode=sit    vx= 0.000 vy= 0.000 vxy= 0.000 yaw= 0.000 speed=0.10 imu=none tilt_rp=[-0.0,+0.0]deg imu_corr=0.000 act_max= 0.000 tau_cmd= 3.403 tau_cmd_max= 6.017 cmds=12 bus=can0:12 tau_fb= 2.838 tau_fb_max= 5.523",,,,,,,,,,,,,,,,,,,,,,,,,,,,,,,,,,,,,,,,,,,,,,,,,0.0,0.0,0.0,0.0,0.0,0.0,0.0,0.0,0.0,0.0,0.0,0.0,0.0,0.0,0.0,0.0,0.0,0.0,0.0,0.0,0.0,0.0,0.0,0.0,0.18139876425266266,-0.17487914860248566,-0.1706605702638626,0.17411212623119354,0.05867655575275421,-0.0970272421836853,0.07171578705310822,-0.040268223732709885,1.521371841430664,-1.5090996026992798,1.308525562286377,-1.4385343790054321,-0.08514664322137833,0.191351056098938,0.18036438524723053,-0.1277199685573578,0.13367107510566711,-0.3561510145664215,0.05630664899945259,-0.4284798800945282,0.2293466031551361,-0.0718710869550705,0.1423688530921936,-0.3190710246562958,0.09913519024848938,-0.10485315322875977,-0.10127943754196167,0.09699097275733948,0.1124582588672638,-0.15436284244060516,0.13485752046108246,-0.12489499151706696,1.559567928314209,-1.530692219734192,1.3514193296432495,-1.4646581411361694
20260708_155717_683245,2026-07-08T15:57:22.853,5.169854,policy,206,sit,0.0,0.0,0.0,0.0,0.0,0.0,0.0,0.0,0.1,none,0.0,0.0,-1.0,-0.0,0.0,0.0,0.0,3.3716275691986084,6.064191818237305,12,can0:12,2.758568048477173,5.22232723236084,,"BL_hip_joint,BR_hip_joint,FL_hip_joint,FR_hip_joint,BL_thigh_joint,BR_thigh_joint,FL_thigh_joint,FR_thigh_joint,BL_calf_joint,BR_calf_joint,FL_calf_joint,FR_calf_joint",330e02f2406e129bb6ed6ec4a6c6bcd5f80d7e7799a2ab087e81eda65d2fae69,"step=000206 mode=sit    vx= 0.000 vy= 0.000 vxy= 0.000 yaw= 0.000 speed=0.10 imu=none tilt_rp=[-0.0,+0.0]deg imu_corr=0.000 act_max= 0.000 tau_cmd= 3.372 tau_cmd_max= 6.064 cmds=12 bus=can0:12 tau_fb= 2.759 tau_fb_max= 5.222",,,,,,,,,,,,,,,,,,,,,,,,,,,,,,,,,,,,,,,,,,,,,,,,,0.0,0.0,0.0,0.0,0.0,0.0,0.0,0.0,0.0,0.0,0.0,0.0,0.0,0.0,0.0,0.0,0.0,0.0,0.0,0.0,0.0,0.0,0.0,0.0,0.17871421575546265,-0.17104408144950867,-0.16682550311088562,0.17142757773399353,0.061361104249954224,-0.1054643988609314,0.07401683181524277,-0.050622910261154175,1.5282750129699707,-1.5094832181930542,1.312744140625,-1.4442869424819946,-0.09384441375732422,0.20187993347644806,0.1821954995393753,-0.1277199685573578,0.10666219145059586,-0.33646658062934875,0.1593066155910492,-0.4838709533214569,0.3163243532180786,-0.009155552834272385,0.2536088228225708,-0.18677328526973724,0.09560605883598328,-0.1011204719543457,-0.09767398238182068,0.09353816509246826,0.11745826154947281,-0.15936283767223358,0.13985751569271088,-0.12989498674869537,1.5624312162399292,-1.5345834493637085,1.356419324874878,-1.4696581363677979
20260708_155717_683245,2026-07-08T15:57:22.876,5.193627,policy,207,sit,0.0,0.0,0.0,0.0,0.0,0.0,0.0,0.0,0.1,none,0.0,0.0,-1.0,-0.0,0.0,0.0,0.0,3.2525460720062256,5.871308326721191,12,can0:12,2.70180344581604,4.848780632019043,,"BL_hip_joint,BR_hip_joint,FL_hip_joint,FR_hip_joint,BL_thigh_joint,BR_thigh_joint,FL_thigh_joint,FR_thigh_joint,BL_calf_joint,BR_calf_joint,FL_calf_joint,FR_calf_joint",330e02f2406e129bb6ed6ec4a6c6bcd5f80d7e7799a2ab087e81eda65d2fae69,"step=000207 mode=sit    vx= 0.000 vy= 0.000 vxy= 0.000 yaw= 0.000 speed=0.10 imu=none tilt_rp=[-0.0,+0.0]deg imu_corr=0.000 act_max= 0.000 tau_cmd= 3.253 tau_cmd_max= 5.871 cmds=12 bus=can0:12 tau_fb= 2.702 tau_fb_max= 4.849",,,,,,,,,,,,,,,,,,,,,,,,,,,,,,,,,,,,,,,,,,,,,,,,,0.0,0.0,0.0,0.0,0.0,0.0,0.0,0.0,0.0,0.0,0.0,0.0,0.0,0.0,0.0,0.0,0.0,0.0,0.0,0.0,0.0,0.0,0.0,0.0,0.1752626597881317,-0.16682550311088562,-0.16260692477226257,0.1679760217666626,0.06366214901208878,-0.11313453316688538,0.07823541015386581,-0.0625116229057312,1.5378626585006714,-1.5094832181930542,1.321564793586731,-1.447355031967163,-0.20233771204948425,0.24445326626300812,0.10025330632925034,-0.24124881625175476,0.06042664870619774,-0.2865687906742096,0.21652881801128387,-0.4298532009124756,0.49714651703834534,0.0238044373691082,0.44038209319114685,-0.13687551021575928,0.09212243556976318,-0.09743592143058777,-0.0941149890422821,0.09012988209724426,0.12245826423168182,-0.164362832903862,0.1448575109243393,-0.1348949819803238,1.5652576684951782,-1.5384246110916138,1.3614193201065063,-1.4746581315994263
20260708_155717_683245,2026-07-08T15:57:22.900,5.217388,policy,208,sit,0.0,0.0,0.0,0.0,0.0,0.0,0.0,0.0,0.1,none,0.0,0.0,-1.0,-0.0,0.0,0.0,0.0,3.130460500717163,5.4406280517578125,12,can0:12,2.6425979137420654,4.702291965484619,,"BL_hip_joint,BR_hip_joint,FL_hip_joint,FR_hip_joint,BL_thigh_joint,BR_thigh_joint,FL_thigh_joint,FR_thigh_joint,BL_calf_joint,BR_calf_joint,FL_calf_joint,FR_calf_joint",330e02f2406e129bb6ed6ec4a6c6bcd5f80d7e7799a2ab087e81eda65d2fae69,"step=000208 mode=sit    vx= 0.000 vy= 0.000 vxy= 0.000 yaw= 0.000 speed=0.10 imu=none tilt_rp=[-0.0,+0.0]deg imu_corr=0.000 act_max= 0.000 tau_cmd= 3.130 tau_cmd_max= 5.441 cmds=12 bus=can0:12 tau_fb= 2.643 tau_fb_max= 4.702",,,,,,,,,,,,,,,,,,,,,,,,,,,,,,,,,,,,,,,,,,,,,,,,,0.0,0.0,0.0,0.0,0.0,0.0,0.0,0.0,0.0,0.0,0.0,0.0,0.0,0.0,0.0,0.0,0.0,0.0,0.0,0.0,0.0,0.0,0.0,0.0,0.16912654042243958,-0.16299043595790863,-0.15915536880493164,0.16299043595790863,0.06557968258857727,-0.11773661524057388,0.08475502580404282,-0.07248280197381973,1.547450304031372,-1.5106337070465088,1.3357545137405396,-1.4508066177368164,-0.32914212346076965,0.1350444108247757,0.16205328702926636,-0.2220221608877182,0.05172887444496155,-0.13779106736183167,0.26596879959106445,-0.43900877237319946,0.2764976918697357,-0.10986663401126862,0.6093020439147949,-0.14648884534835815,0.08868542313575745,-0.0938006341457367,-0.09060361981391907,0.08676719665527344,0.12745825946331024,-0.16936282813549042,0.1498575061559677,-0.1398949772119522,1.56804621219635,-1.542214274406433,1.3664193153381348,-1.4796581268310547
20260708_155717_683245,2026-07-08T15:57:22.924,5.241119,policy,209,sit,0.0,0.0,0.0,0.0,0.0,0.0,0.0,0.0,0.1,none,0.0,0.0,-1.0,-0.0,0.0,0.0,0.0,3.0631837844848633,4.994400978088379,12,can0:12,2.551042079925537,4.526505470275879,,"BL_hip_joint,BR_hip_joint,FL_hip_joint,FR_hip_joint,BL_thigh_joint,BR_thigh_joint,FL_thigh_joint,FR_thigh_joint,BL_calf_joint,BR_calf_joint,FL_calf_joint,FR_calf_joint",330e02f2406e129bb6ed6ec4a6c6bcd5f80d7e7799a2ab087e81eda65d2fae69,"step=000209 mode=sit    vx= 0.000 vy= 0.000 vxy= 0.000 yaw= 0.000 speed=0.10 imu=none tilt_rp=[-0.0,+0.0]deg imu_corr=0.000 act_max= 0.000 tau_cmd= 3.063 tau_cmd_max= 4.994 cmds=12 bus=can0:12 tau_fb= 2.551 tau_fb_max= 4.527",,,,,,,,,,,,,,,,,,,,,,,,,,,,,,,,,,,,,,,,,,,,,,,,,0.0,0.0,0.0,0.0,0.0,0.0,0.0,0.0,0.0,0.0,0.0,0.0,0.0,0.0,0.0,0.0,0.0,0.0,0.0,0.0,0.0,0.0,0.0,0.0,0.16107289493083954,-0.15877185761928558,-0.15570379793643951,0.15570379793643951,0.06749721616506577,-0.12003766000270844,0.0924251601099968,-0.08283749222755432,1.5497514009475708,-1.514468789100647,1.3468762636184692,-1.4554086923599243,-0.382702112197876,0.17578661441802979,0.1268044114112854,-0.31357768177986145,0.1419110745191574,-0.09933774918317795,0.32273322343826294,-0.3790398836135864,-0.02288888208568096,-0.2604754865169525,0.32090213894844055,-0.16113772988319397,0.08529603481292725,-0.0902157723903656,-0.08714094758033752,0.08345112204551697,0.13245825469493866,-0.17436282336711884,0.15485750138759613,-0.14489497244358063,1.5707961320877075,-1.54595148563385,1.3714193105697632,-1.484658122062683
20260708_155717_683245,2026-07-08T15:57:22.948,5.264791,policy,210,sit,0.0,0.0,0.0,0.0,0.0,0.0,0.0,0.0,0.1,none,0.0,0.0,-1.0,-0.0,0.0,0.0,0.0,2.9828217029571533,4.954657077789307,12,can0:12,2.4936673641204834,4.6510210037231445,,"BL_hip_joint,BR_hip_joint,FL_hip_joint,FR_hip_joint,BL_thigh_joint,BR_thigh_joint,FL_thigh_joint,FR_thigh_joint,BL_calf_joint,BR_calf_joint,FL_calf_joint,FR_calf_joint",330e02f2406e129bb6ed6ec4a6c6bcd5f80d7e7799a2ab087e81eda65d2fae69,"step=000210 mode=sit    vx= 0.000 vy= 0.000 vxy= 0.000 yaw= 0.000 speed=0.10 imu=none tilt_rp=[-0.0,+0.0]deg imu_corr=0.000 act_max= 0.000 tau_cmd= 2.983 tau_cmd_max= 4.955 cmds=12 bus=can0:12 tau_fb= 2.494 tau_fb_max= 4.651",,,,,,,,,,,,,,,,,,,,,,,,,,,,,,,,,,,,,,,,,,,,,,,,,0.0,0.0,0.0,0.0,0.0,0.0,0.0,0.0,0.0,0.0,0.0,0.0,0.0,0.0,0.0,0.0,0.0,0.0,0.0,0.0,0.0,0.0,0.0,0.0,0.15186873078346252,-0.15455327928066254,-0.15263575315475464,0.14765015244483948,0.07018176466226578,-0.12118817865848541,0.0989447832107544,-0.0924251601099968,1.549367904663086,-1.521371841430664,1.3526288270950317,-1.460777759552002,-0.3186132311820984,0.20371104776859283,0.1185644119977951,-0.3273110091686249,0.13275551795959473,-0.08148442208766937,0.1977599412202835,-0.3822443187236786,0.050355542451143265,-0.3401287794113159,0.27512437105178833,-0.2609332501888275,0.08195546269416809,-0.08668252825737,-0.08372810482978821,0.08018282055854797,0.13745824992656708,-0.17936281859874725,0.15985749661922455,-0.14989496767520905,1.573506474494934,-1.5496348142623901,1.3764193058013916,-1.4896581172943115
20260708_155717_683245,2026-07-08T15:57:22.971,5.288417,policy,211,sit,0.0,0.0,0.0,0.0,0.0,0.0,0.0,0.0,0.1,none,0.0,0.0,-1.0,-0.0,0.0,0.0,0.0,2.95805287361145,5.021857738494873,12,can0:12,2.5879697799682617,4.746238708496094,,"BL_hip_joint,BR_hip_joint,FL_hip_joint,FR_hip_joint,BL_thigh_joint,BR_thigh_joint,FL_thigh_joint,FR_thigh_joint,BL_calf_joint,BR_calf_joint,FL_calf_joint,FR_calf_joint",330e02f2406e129bb6ed6ec4a6c6bcd5f80d7e7799a2ab087e81eda65d2fae69,"step=000211 mode=sit    vx= 0.000 vy= 0.000 vxy= 0.000 yaw= 0.000 speed=0.10 imu=none tilt_rp=[-0.0,+0.0]deg imu_corr=0.000 act_max= 0.000 tau_cmd= 2.958 tau_cmd_max= 5.022 cmds=12 bus=can0:12 tau_fb= 2.588 tau_fb_max= 4.746",,,,,,,,,,,,,,,,,,,,,,,,,,,,,,,,,,,,,,,,,,,,,,,,,0.0,0.0,0.0,0.0,0.0,0.0,0.0,0.0,0.0,0.0,0.0,0.0,0.0,0.0,0.0,0.0,0.0,0.0,0.0,0.0,0.0,0.0,0.0,0.0,0.1445821076631546,-0.1503347009420395,-0.1503347009420395,0.14074702560901642,0.0755508616566658,-0.12233870476484299,0.10469738394021988,-0.0989447832107544,1.549367904663086,-1.5313431024551392,1.3583813905715942,-1.4661468267440796,-0.2600176930427551,0.10528885573148727,0.12543107569217682,-0.2293466031551361,0.2714621424674988,-0.07782220095396042,0.19684438407421112,-0.26779991388320923,0.006408886983990669,-0.37812432646751404,0.2137821614742279,-0.24903103709220886,0.07866477966308594,-0.08320203423500061,-0.08036625385284424,0.07696330547332764,0.1424582451581955,-0.18436281383037567,0.16485749185085297,-0.15489496290683746,1.576176404953003,-1.5532631874084473,1.38141930103302,-1.49465811252594
20260708_155717_683245,2026-07-08T15:57:22.995,5.312113,policy,212,sit,0.0,0.0,0.0,0.0,0.0,0.0,0.0,0.0,0.1,none,0.0,0.0,-1.0,-0.0,0.0,0.0,0.0,2.940030097961426,5.053918838500977,12,can0:12,2.598040819168091,4.60341215133667,,"BL_hip_joint,BR_hip_joint,FL_hip_joint,FR_hip_joint,BL_thigh_joint,BR_thigh_joint,FL_thigh_joint,FR_thigh_joint,BL_calf_joint,BR_calf_joint,FL_calf_joint,FR_calf_joint",330e02f2406e129bb6ed6ec4a6c6bcd5f80d7e7799a2ab087e81eda65d2fae69,"step=000212 mode=sit    vx= 0.000 vy= 0.000 vxy= 0.000 yaw= 0.000 speed=0.10 imu=none tilt_rp=[-0.0,+0.0]deg imu_corr=0.000 act_max= 0.000 tau_cmd= 2.940 tau_cmd_max= 5.054 cmds=12 bus=can0:12 tau_fb= 2.598 tau_fb_max= 4.603",,,,,,,,,,,,,,,,,,,,,,,,,,,,,,,,,,,,,,,,,,,,,,,,,0.0,0.0,0.0,0.0,0.0,0.0,0.0,0.0,0.0,0.0,0.0,0.0,0.0,0.0,0.0,0.0,0.0,0.0,0.0,0.0,0.0,0.0,0.0,0.0,0.14074702560901642,-0.14573262631893158,-0.14765015244483948,0.1361449509859085,0.08322099596261978,-0.12387272715568542,0.10929946601390839,-0.10239633917808533,1.5497514009475708,-1.5382461547851562,1.3656680583953857,-1.4730499982833862,-0.13321329653263092,0.11627551913261414,0.13367107510566711,-0.20462660491466522,0.3415021300315857,-0.11307107657194138,0.20920437574386597,-0.10162663459777832,0.00045777764171361923,-0.22431103885173798,0.3154087960720062,-0.3570665717124939,0.07542508840560913,-0.07977548241615295,-0.07705646753311157,0.0737936794757843,0.1474582403898239,-0.1893628090620041,0.16985748708248138,-0.15989495813846588,1.578804850578308,-1.5568352937698364,1.3864192962646484,-1.4996581077575684
20260708_155717_683245,2026-07-08T15:57:23.019,5.335795,policy,213,sit,0.0,0.0,0.0,0.0,0.0,0.0,0.0,0.0,0.1,none,0.0,0.0,-1.0,-0.0,0.0,0.0,0.0,3.0657260417938232,5.048124313354492,12,can0:12,2.6026182174682617,4.460585117340088,,"BL_hip_joint,BR_hip_joint,FL_hip_joint,FR_hip_joint,BL_thigh_joint,BR_thigh_joint,FL_thigh_joint,FR_thigh_joint,BL_calf_joint,BR_calf_joint,FL_calf_joint,FR_calf_joint",330e02f2406e129bb6ed6ec4a6c6bcd5f80d7e7799a2ab087e81eda65d2fae69,"step=000213 mode=sit    vx= 0.000 vy= 0.000 vxy= 0.000 yaw= 0.000 speed=0.10 imu=none tilt_rp=[-0.0,+0.0]deg imu_corr=0.000 act_max= 0.000 tau_cmd= 3.066 tau_cmd_max= 5.048 cmds=12 bus=can0:12 tau_fb= 2.603 tau_fb_max= 4.461",,,,,,,,,,,,,,,,,,,,,,,,,,,,,,,,,,,,,,,,,,,,,,,,,0.0,0.0,0.0,0.0,0.0,0.0,0.0,0.0,0.0,0.0,0.0,0.0,0.0,0.0,0.0,0.0,0.0,0.0,0.0,0.0,0.0,0.0,0.0,0.0,0.1380624771118164,-0.1418975591659546,-0.14534911513328552,0.13307689130306244,0.09089113771915436,-0.1269407868385315,0.11466856300830841,-0.10508088767528534,1.5497514009475708,-1.5424647331237793,1.3702701330184937,-1.4788025617599487,-0.17029328644275665,0.14145329594612122,0.17670217156410217,-0.06271553784608841,0.29847103357315063,-0.15427106618881226,0.16388440132141113,-0.0947599709033966,-0.03479110077023506,-0.09613330662250519,0.08056886494159698,-0.14877773821353912,0.07223749160766602,-0.07640403509140015,-0.07379993796348572,0.07067501544952393,0.15245823562145233,-0.1943628042936325,0.1748574823141098,-0.1648949533700943,1.5813910961151123,-1.560349941253662,1.3914192914962769,-1.5046581029891968
20260708_155717_683245,2026-07-08T15:57:23.043,5.359743,policy,214,sit,0.0,0.0,0.0,0.0,0.0,0.0,0.0,0.0,0.1,none,0.0,0.0,-1.0,-0.0,0.0,0.0,0.0,3.0883800983428955,4.951296329498291,12,can0:12,2.6343576908111572,4.489882946014404,,"BL_hip_joint,BR_hip_joint,FL_hip_joint,FR_hip_joint,BL_thigh_joint,BR_thigh_joint,FL_thigh_joint,FR_thigh_joint,BL_calf_joint,BR_calf_joint,FL_calf_joint,FR_calf_joint",330e02f2406e129bb6ed6ec4a6c6bcd5f80d7e7799a2ab087e81eda65d2fae69,"step=000214 mode=sit    vx= 0.000 vy= 0.000 vxy= 0.000 yaw= 0.000 speed=0.10 imu=none tilt_rp=[-0.0,+0.0]deg imu_corr=0.000 act_max= 0.000 tau_cmd= 3.088 tau_cmd_max= 4.951 cmds=12 bus=can0:12 tau_fb= 2.634 tau_fb_max= 4.490",,,,,,,,,,,,,,,,,,,,,,,,,,,,,,,,,,,,,,,,,,,,,,,,,0.0,0.0,0.0,0.0,0.0,0.0,0.0,0.0,0.0,0.0,0.0,0.0,0.0,0.0,0.0,0.0,0.0,0.0,0.0,0.0,0.0,0.0,0.0,0.0,0.13461092114448547,-0.13882949948310852,-0.14113053679466248,0.13115936517715454,0.09779425710439682,-0.13230988383293152,0.1204211637377739,-0.10814894735813141,1.5501348972320557,-1.5439988374710083,1.3702701330184937,-1.482254147529602,-0.20508438348770142,0.1982177197933197,0.18814660608768463,-0.05172887444496155,0.3007599115371704,-0.2687154710292816,0.2609332501888275,-0.16251106560230255,0.03021332435309887,-0.06408887356519699,-0.040742211043834686,-0.1277199685573578,0.06910306215286255,-0.07308882474899292,-0.07059773802757263,0.06760841608047485,0.15745823085308075,-0.19936279952526093,0.17985747754573822,-0.16989494860172272,1.5839340686798096,-1.5638060569763184,1.3964192867279053,-1.5096580982208252
20260708_155717_683245,2026-07-08T15:57:23.066,5.383523,policy,215,sit,0.0,0.0,0.0,0.0,0.0,0.0,0.0,0.0,0.1,none,0.0,0.0,-1.0,-0.0,0.0,0.0,0.0,3.1275417804718018,4.917431831359863,12,can0:12,2.686544179916382,4.43494987487793,,"BL_hip_joint,BR_hip_joint,FL_hip_joint,FR_hip_joint,BL_thigh_joint,BR_thigh_joint,FL_thigh_joint,FR_thigh_joint,BL_calf_joint,BR_calf_joint,FL_calf_joint,FR_calf_joint",330e02f2406e129bb6ed6ec4a6c6bcd5f80d7e7799a2ab087e81eda65d2fae69,"step=000215 mode=sit    vx= 0.000 vy= 0.000 vxy= 0.000 yaw= 0.000 speed=0.10 imu=none tilt_rp=[-0.0,+0.0]deg imu_corr=0.000 act_max= 0.000 tau_cmd= 3.128 tau_cmd_max= 4.917 cmds=12 bus=can0:12 tau_fb= 2.687 tau_fb_max= 4.435",,,,,,,,,,,,,,,,,,,,,,,,,,,,,,,,,,,,,,,,,,,,,,,,,0.0,0.0,0.0,0.0,0.0,0.0,0.0,0.0,0.0,0.0,0.0,0.0,0.0,0.0,0.0,0.0,0.0,0.0,0.0,0.0,0.0,0.0,0.0,0.0,0.13039234280586243,-0.13652846217155457,-0.13691195845603943,0.13000884652137756,0.1035468652844429,-0.1399800181388855,0.12655727565288544,-0.1139015480875969,1.5512853860855103,-1.545149326324463,1.3702701330184937,-1.4857057332992554,-0.19959105551242828,0.047151096165180206,0.25131991505622864,-0.036164432764053345,0.23621326684951782,-0.4358043074607849,0.24948881566524506,-0.22476881742477417,0.0027466658502817154,-0.03433332219719887,0.023346660658717155,-0.11581774055957794,0.06602299213409424,-0.06983107328414917,-0.06745103001594543,0.06459495425224304,0.16245822608470917,-0.20436279475688934,0.18485747277736664,-0.17489494383335114,1.5864330530166626,-1.567202091217041,1.4014192819595337,-1.5146580934524536
20260708_155717_683245,2026-07-08T15:57:23.090,5.407339,policy,216,sit,0.0,0.0,0.0,0.0,0.0,0.0,0.0,0.0,0.1,none,0.0,0.0,-1.0,-0.0,0.0,0.0,0.0,3.154893636703491,4.998719692230225,12,can0:12,2.767723798751831,4.566789627075195,,"BL_hip_joint,BR_hip_joint,FL_hip_joint,FR_hip_joint,BL_thigh_joint,BR_thigh_joint,FL_thigh_joint,FR_thigh_joint,BL_calf_joint,BR_calf_joint,FL_calf_joint,FR_calf_joint",330e02f2406e129bb6ed6ec4a6c6bcd5f80d7e7799a2ab087e81eda65d2fae69,"step=000216 mode=sit    vx= 0.000 vy= 0.000 vxy= 0.000 yaw= 0.000 speed=0.10 imu=none tilt_rp=[-0.0,+0.0]deg imu_corr=0.000 act_max= 0.000 tau_cmd= 3.155 tau_cmd_max= 4.999 cmds=12 bus=can0:12 tau_fb= 2.768 tau_fb_max= 4.567",,,,,,,,,,,,,,,,,,,,,,,,,,,,,,,,,,,,,,,,,,,,,,,,,0.0,0.0,0.0,0.0,0.0,0.0,0.0,0.0,0.0,0.0,0.0,0.0,0.0,0.0,0.0,0.0,0.0,0.0,0.0,0.0,0.0,0.0,0.0,0.0,0.12540675699710846,-0.13461092114448547,-0.13269339501857758,0.12847481667995453,0.10968297719955444,-0.14803366363048553,0.13115936517715454,-0.12003766000270844,1.5532029867172241,-1.5462998151779175,1.3706536293029785,-1.4906913042068481,-0.18127994239330292,0.0553910955786705,0.1341288536787033,-0.0398266538977623,0.32044434547424316,-0.3025910258293152,0.1510666161775589,-0.18723104894161224,0.09018219262361526,-0.06546220183372498,0.07690664380788803,-0.22339549660682678,0.06299832463264465,-0.06663194298744202,-0.06436091661453247,0.06163570284843445,0.16745822131633759,-0.20936278998851776,0.18985746800899506,-0.17989493906497955,1.588887095451355,-1.5705372095108032,1.406419277191162,-1.519658088684082
20260708_155717_683245,2026-07-08T15:57:23.114,5.430959,policy,217,sit,0.0,0.0,0.0,0.0,0.0,0.0,0.0,0.0,0.1,none,0.0,0.0,-1.0,-0.0,0.0,0.0,0.0,3.1929445266723633,5.007208347320557,12,can0:12,2.7396466732025146,4.716940879821777,,"BL_hip_joint,BR_hip_joint,FL_hip_joint,FR_hip_joint,BL_thigh_joint,BR_thigh_joint,FL_thigh_joint,FR_thigh_joint,BL_calf_joint,BR_calf_joint,FL_calf_joint,FR_calf_joint",330e02f2406e129bb6ed6ec4a6c6bcd5f80d7e7799a2ab087e81eda65d2fae69,"step=000217 mode=sit    vx= 0.000 vy= 0.000 vxy= 0.000 yaw= 0.000 speed=0.10 imu=none tilt_rp=[-0.0,+0.0]deg imu_corr=0.000 act_max= 0.000 tau_cmd= 3.193 tau_cmd_max= 5.007 cmds=12 bus=can0:12 tau_fb= 2.740 tau_fb_max= 4.717",,,,,,,,,,,,,,,,,,,,,,,,,,,,,,,,,,,,,,,,,,,,,,,,,0.0,0.0,0.0,0.0,0.0,0.0,0.0,0.0,0.0,0.0,0.0,0.0,0.0,0.0,0.0,0.0,0.0,0.0,0.0,0.0,0.0,0.0,0.0,0.0,0.12195519357919693,-0.13230988383293152,-0.1288583129644394,0.12579026818275452,0.11543557792901993,-0.15340276062488556,0.13384391367435455,-0.12425623834133148,1.556270956993103,-1.5482174158096313,1.3714206218719482,-1.4964438676834106,-0.061342205852270126,0.08560442179441452,0.08331552892923355,-0.1268044114112854,0.22843104600906372,-0.16937772929668427,0.14786218106746674,-0.11719107627868652,0.18906216323375702,-0.14694662392139435,0.18539994955062866,-0.252235472202301,0.06003013253211975,-0.06349259614944458,-0.06132856011390686,0.05873173475265503,0.172458216547966,-0.21436278522014618,0.19485746324062347,-0.18489493429660797,1.5912952423095703,-1.5738099813461304,1.4114192724227905,-1.5246580839157104
20260708_155717_683245,2026-07-08T15:57:23.138,5.454884,policy,218,sit,0.0,0.0,0.0,0.0,0.0,0.0,0.0,0.0,0.1,none,0.0,0.0,-1.0,-0.0,0.0,0.0,0.0,3.2460758686065674,5.0252156257629395,12,can0:12,2.7503280639648438,4.702291965484619,,"BL_hip_joint,BR_hip_joint,FL_hip_joint,FR_hip_joint,BL_thigh_joint,BR_thigh_joint,FL_thigh_joint,FR_thigh_joint,BL_calf_joint,BR_calf_joint,FL_calf_joint,FR_calf_joint",330e02f2406e129bb6ed6ec4a6c6bcd5f80d7e7799a2ab087e81eda65d2fae69,"step=000218 mode=sit    vx= 0.000 vy= 0.000 vxy= 0.000 yaw= 0.000 speed=0.10 imu=none tilt_rp=[-0.0,+0.0]deg imu_corr=0.000 act_max= 0.000 tau_cmd= 3.246 tau_cmd_max= 5.025 cmds=12 bus=can0:12 tau_fb= 2.750 tau_fb_max= 4.702",,,,,,,,,,,,,,,,,,,,,,,,,,,,,,,,,,,,,,,,,,,,,,,,,0.0,0.0,0.0,0.0,0.0,0.0,0.0,0.0,0.0,0.0,0.0,0.0,0.0,0.0,0.0,0.0,0.0,0.0,0.0,0.0,0.0,0.0,0.0,0.0,0.12080467492341995,-0.1296253353357315,-0.12617376446723938,0.12118817865848541,0.12118817865848541,-0.15723782777786255,0.1361449509859085,-0.1250232458114624,1.562023639678955,-1.5512853860855103,1.3741052150726318,-1.5021965503692627,0.010528885759413242,0.09201330691576004,0.08514664322137833,-0.2133243829011917,0.19501326978206635,-0.16434217989444733,0.04989776387810707,0.007782219909131527,0.33738210797309875,-0.1519821733236313,0.0947599709033966,-0.23621326684951782,0.05711957812309265,-0.060414135456085205,-0.05835503339767456,0.05588412284851074,0.17745821177959442,-0.2193627804517746,0.1998574584722519,-0.1898949295282364,1.5936567783355713,-1.577019214630127,1.416419267654419,-1.5296580791473389
20260708_155717_683245,2026-07-08T15:57:23.162,5.478714,policy,219,sit,0.0,0.0,0.0,0.0,0.0,0.0,0.0,0.0,0.1,none,0.0,0.0,-1.0,-0.0,0.0,0.0,0.0,3.188810348510742,5.084473133087158,12,can0:12,2.7848141193389893,4.969634056091309,,"BL_hip_joint,BR_hip_joint,FL_hip_joint,FR_hip_joint,BL_thigh_joint,BR_thigh_joint,FL_thigh_joint,FR_thigh_joint,BL_calf_joint,BR_calf_joint,FL_calf_joint,FR_calf_joint",330e02f2406e129bb6ed6ec4a6c6bcd5f80d7e7799a2ab087e81eda65d2fae69,"step=000219 mode=sit    vx= 0.000 vy= 0.000 vxy= 0.000 yaw= 0.000 speed=0.10 imu=none tilt_rp=[-0.0,+0.0]deg imu_corr=0.000 act_max= 0.000 tau_cmd= 3.189 tau_cmd_max= 5.084 cmds=12 bus=can0:12 tau_fb= 2.785 tau_fb_max= 4.970",,,,,,,,,,,,,,,,,,,,,,,,,,,,,,,,,,,,,,,,,,,,,,,,,0.0,0.0,0.0,0.0,0.0,0.0,0.0,0.0,0.0,0.0,0.0,0.0,0.0,0.0,0.0,0.0,0.0,0.0,0.0,0.0,0.0,0.0,0.0,0.0,0.12157168984413147,-0.12655727565288544,-0.12425623834133148,0.11696960777044296,0.12617376446723938,-0.16107289493083954,0.1380624771118164,-0.12425623834133148,1.5716112852096558,-1.556654453277588,1.3787072896957397,-1.5079491138458252,0.010071108117699623,0.10437330603599548,0.04257332161068916,-0.2146977186203003,0.1432843953371048,-0.14648884534835815,0.061342205852270126,0.040742211043834686,0.4445020854473114,-0.3085421323776245,0.3112888038158417,-0.2558977007865906,0.05426773428916931,-0.05739778280258179,-0.05544149875640869,0.053093940019607544,0.18245820701122284,-0.22436277568340302,0.2048574537038803,-0.1948949247598648,1.595970630645752,-1.5801637172698975,1.4214192628860474,-1.5346580743789673
20260708_155717_683245,2026-07-08T15:57:23.185,5.502371,policy,220,sit,0.0,0.0,0.0,0.0,0.0,0.0,0.0,0.0,0.1,none,0.0,0.0,-1.0,-0.0,0.0,0.0,0.0,3.1515369415283203,5.126498222351074,12,can0:12,2.8864409923553467,5.020905017852783,,"BL_hip_joint,BR_hip_joint,FL_hip_joint,FR_hip_joint,BL_thigh_joint,BR_thigh_joint,FL_thigh_joint,FR_thigh_joint,BL_calf_joint,BR_calf_joint,FL_calf_joint,FR_calf_joint",330e02f2406e129bb6ed6ec4a6c6bcd5f80d7e7799a2ab087e81eda65d2fae69,"step=000220 mode=sit    vx= 0.000 vy= 0.000 vxy= 0.000 yaw= 0.000 speed=0.10 imu=none tilt_rp=[-0.0,+0.0]deg imu_corr=0.000 act_max= 0.000 tau_cmd= 3.152 tau_cmd_max= 5.126 cmds=12 bus=can0:12 tau_fb= 2.886 tau_fb_max= 5.021",,,,,,,,,,,,,,,,,,,,,,,,,,,,,,,,,,,,,,,,,,,,,,,,,0.0,0.0,0.0,0.0,0.0,0.0,0.0,0.0,0.0,0.0,0.0,0.0,0.0,0.0,0.0,0.0,0.0,0.0,0.0,0.0,0.0,0.0,0.0,0.0,0.12157168984413147,-0.12387272715568542,-0.12272220849990845,0.1139015480875969,0.1288583129644394,-0.16720901429653168,0.14074702560901642,-0.12425623834133148,1.5788979530334473,-1.565091609954834,1.3871444463729858,-1.5133181810379028,-0.09613330662250519,0.1034577488899231,0.07415997982025146,-0.00595110934227705,0.06683553755283356,-0.3117465674877167,0.158848837018013,0.03891110047698021,0.17258216440677643,-0.40238654613494873,0.45731985569000244,-0.23346659541130066,0.05147567391395569,-0.054444730281829834,-0.0525890588760376,0.05036228895187378,0.18745820224285126,-0.22936277091503143,0.20985744893550873,-0.19989491999149323,1.598235845565796,-1.5832421779632568,1.4264192581176758,-1.5396580696105957
20260708_155717_683245,2026-07-08T15:57:23.209,5.526032,policy,221,sit,0.0,0.0,0.0,0.0,0.0,0.0,0.0,0.0,0.1,none,0.0,0.0,-1.0,-0.0,0.0,0.0,0.0,3.2558109760284424,5.41658878326416,12,can0:12,2.9566333293914795,5.193029403686523,,"BL_hip_joint,BR_hip_joint,FL_hip_joint,FR_hip_joint,BL_thigh_joint,BR_thigh_joint,FL_thigh_joint,FR_thigh_joint,BL_calf_joint,BR_calf_joint,FL_calf_joint,FR_calf_joint",330e02f2406e129bb6ed6ec4a6c6bcd5f80d7e7799a2ab087e81eda65d2fae69,"step=000221 mode=sit    vx= 0.000 vy= 0.000 vxy= 0.000 yaw= 0.000 speed=0.10 imu=none tilt_rp=[-0.0,+0.0]deg imu_corr=0.000 act_max= 0.000 tau_cmd= 3.256 tau_cmd_max= 5.417 cmds=12 bus=can0:12 tau_fb= 2.957 tau_fb_max= 5.193",,,,,,,,,,,,,,,,,,,,,,,,,,,,,,,,,,,,,,,,,,,,,,,,,0.0,0.0,0.0,0.0,0.0,0.0,0.0,0.0,0.0,0.0,0.0,0.0,0.0,0.0,0.0,0.0,0.0,0.0,0.0,0.0,0.0,0.0,0.0,0.0,0.12118817865848541,-0.12080467492341995,-0.12233870476484299,0.11313453316688538,0.13000884652137756,-0.17372862994670868,0.1445821076631546,-0.1250232458114624,1.5804319381713867,-1.5704607963562012,1.4001836776733398,-1.5175367593765259,-0.014648884534835815,0.125888854265213,0.013275551609694958,0.012817773967981339,0.025177771225571632,-0.2609332501888275,0.17075106501579285,-0.007324442267417908,-0.04943998530507088,-0.11535996943712234,0.617542028427124,-0.17258216440677643,0.04874458909034729,-0.05155611038208008,-0.04979890584945679,0.04769027233123779,0.19245819747447968,-0.23436276614665985,0.21485744416713715,-0.20489491522312164,1.6004517078399658,-1.5862535238265991,1.4314192533493042,-1.5446580648422241
20260708_155717_683245,2026-07-08T15:57:23.233,5.549756,policy,222,sit,0.0,0.0,0.0,0.0,0.0,0.0,0.0,0.0,0.1,none,0.0,0.0,-1.0,-0.0,0.0,0.0,0.0,3.34171199798584,5.726563453674316,12,can0:12,2.949918746948242,5.3395185470581055,,"BL_hip_joint,BR_hip_joint,FL_hip_joint,FR_hip_joint,BL_thigh_joint,BR_thigh_joint,FL_thigh_joint,FR_thigh_joint,BL_calf_joint,BR_calf_joint,FL_calf_joint,FR_calf_joint",330e02f2406e129bb6ed6ec4a6c6bcd5f80d7e7799a2ab087e81eda65d2fae69,"step=000222 mode=sit    vx= 0.000 vy= 0.000 vxy= 0.000 yaw= 0.000 speed=0.10 imu=none tilt_rp=[-0.0,+0.0]deg imu_corr=0.000 act_max= 0.000 tau_cmd= 3.342 tau_cmd_max= 5.727 cmds=12 bus=can0:12 tau_fb= 2.950 tau_fb_max= 5.340",,,,,,,,,,,,,,,,,,,,,,,,,,,,,,,,,,,,,,,,,,,,,,,,,0.0,0.0,0.0,0.0,0.0,0.0,0.0,0.0,0.0,0.0,0.0,0.0,0.0,0.0,0.0,0.0,0.0,0.0,0.0,0.0,0.0,0.0,0.0,0.0,0.12118817865848541,-0.11812012642621994,-0.12080467492341995,0.11313453316688538,0.13077585399150848,-0.17948122322559357,0.1503347009420395,-0.12579026818275452,1.5800484418869019,-1.570844292640686,1.4116889238357544,-1.5209883451461792,0.05172887444496155,0.1583910584449768,0.10620441287755966,-0.009155552834272385,0.062257759273052216,-0.21835993230342865,0.28977325558662415,-0.04531998559832573,0.002288888208568096,-0.04852443188428879,0.35157322883605957,-0.12359996140003204,0.0460754930973053,-0.04873305559158325,-0.04707208275794983,0.04507890343666077,0.1974581927061081,-0.23936276137828827,0.21985743939876556,-0.20989491045475006,1.6026172637939453,-1.5891964435577393,1.4364192485809326,-1.5496580600738525
20260708_155717_683245,2026-07-08T15:57:23.256,5.573483,policy,223,sit,0.0,0.0,0.0,0.0,0.0,0.0,0.0,0.0,0.1,none,0.0,0.0,-1.0,-0.0,0.0,0.0,0.0,3.420597791671753,5.660054683685303,12,can0:12,3.0268259048461914,5.551927089691162,,"BL_hip_joint,BR_hip_joint,FL_hip_joint,FR_hip_joint,BL_thigh_joint,BR_thigh_joint,FL_thigh_joint,FR_thigh_joint,BL_calf_joint,BR_calf_joint,FL_calf_joint,FR_calf_joint",330e02f2406e129bb6ed6ec4a6c6bcd5f80d7e7799a2ab087e81eda65d2fae69,"step=000223 mode=sit    vx= 0.000 vy= 0.000 vxy= 0.000 yaw= 0.000 speed=0.10 imu=none tilt_rp=[-0.0,+0.0]deg imu_corr=0.000 act_max= 0.000 tau_cmd= 3.421 tau_cmd_max= 5.660 cmds=12 bus=can0:12 tau_fb= 3.027 tau_fb_max= 5.552",,,,,,,,,,,,,,,,,,,,,,,,,,,,,,,,,,,,,,,,,,,,,,,,,0.0,0.0,0.0,0.0,0.0,0.0,0.0,0.0,0.0,0.0,0.0,0.0,0.0,0.0,0.0,0.0,0.0,0.0,0.0,0.0,0.0,0.0,0.0,0.0,0.12080467492341995,-0.1139015480875969,-0.11888714134693146,0.11351804435253143,0.13269339501857758,-0.1829327940940857,0.15723782777786255,-0.12655727565288544,1.5800484418869019,-1.5704607963562012,1.4178249835968018,-1.5248234272003174,-0.07782220095396042,0.13367107510566711,0.12268441170454025,-0.08285775035619736,0.13779106736183167,-0.10620441287755966,0.2471999228000641,-0.048066653311252594,0.010528885759413242,-0.004577776417136192,0.21973326802253723,-0.24994659423828125,0.04346954822540283,-0.04597681760787964,-0.04440978169441223,0.04252934455871582,0.2024581879377365,-0.2443627566099167,0.22485743463039398,-0.21489490568637848,1.604731559753418,-1.5920698642730713,1.441419243812561,-1.554658055305481
20260708_155717_683245,2026-07-08T15:57:23.279,5.596341,policy,224,sit,0.0,0.0,0.0,0.0,0.0,0.0,0.0,0.0,0.1,none,0.0,0.0,-1.0,-0.0,0.0,0.0,0.0,3.4413812160491943,5.9223713874816895,12,can0:12,3.055818557739258,5.628833770751953,,"BL_hip_joint,BR_hip_joint,FL_hip_joint,FR_hip_joint,BL_thigh_joint,BR_thigh_joint,FL_thigh_joint,FR_thigh_joint,BL_calf_joint,BR_calf_joint,FL_calf_joint,FR_calf_joint",330e02f2406e129bb6ed6ec4a6c6bcd5f80d7e7799a2ab087e81eda65d2fae69,"step=000224 mode=sit    vx= 0.000 vy= 0.000 vxy= 0.000 yaw= 0.000 speed=0.10 imu=none tilt_rp=[-0.0,+0.0]deg imu_corr=0.000 act_max= 0.000 tau_cmd= 3.441 tau_cmd_max= 5.922 cmds=12 bus=can0:12 tau_fb= 3.056 tau_fb_max= 5.629",,,,,,,,,,,,,,,,,,,,,,,,,,,,,,,,,,,,,,,,,,,,,,,,,0.0,0.0,0.0,0.0,0.0,0.0,0.0,0.0,0.0,0.0,0.0,0.0,0.0,0.0,0.0,0.0,0.0,0.0,0.0,0.0,0.0,0.0,0.0,0.0,0.12080467492341995,-0.11083349585533142,-0.11543557792901993,0.11351804435253143,0.13576143980026245,-0.18446682393550873,0.16375744342803955,-0.12847481667995453,1.5804319381713867,-1.570844292640686,1.4228105545043945,-1.5313431024551392,-0.03799554333090782,0.17578661441802979,0.2142399400472641,-0.08468886464834213,0.1574755162000656,-0.10116885602474213,0.2531510293483734,-0.11261329799890518,0.06408887356519699,0.028382213786244392,0.23300881683826447,-0.3561510145664215,0.04092782735824585,-0.043288469314575195,-0.04181307554244995,0.04004257917404175,0.20745818316936493,-0.2493627518415451,0.2298574298620224,-0.2198949009180069,1.606793761253357,-1.5948724746704102,1.4464192390441895,-1.5596580505371094
20260708_155717_683245,2026-07-08T15:57:23.302,5.619127,policy,225,sit,0.0,0.0,0.0,0.0,0.0,0.0,0.0,0.0,0.1,none,0.0,0.0,-1.0,-0.0,0.0,0.0,0.0,3.508223295211792,6.095070838928223,12,can0:12,3.144627332687378,5.746025085449219,,"BL_hip_joint,BR_hip_joint,FL_hip_joint,FR_hip_joint,BL_thigh_joint,BR_thigh_joint,FL_thigh_joint,FR_thigh_joint,BL_calf_joint,BR_calf_joint,FL_calf_joint,FR_calf_joint",330e02f2406e129bb6ed6ec4a6c6bcd5f80d7e7799a2ab087e81eda65d2fae69,"step=000225 mode=sit    vx= 0.000 vy= 0.000 vxy= 0.000 yaw= 0.000 speed=0.10 imu=none tilt_rp=[-0.0,+0.0]deg imu_corr=0.000 act_max= 0.000 tau_cmd= 3.508 tau_cmd_max= 6.095 cmds=12 bus=can0:12 tau_fb= 3.145 tau_fb_max= 5.746",,,,,,,,,,,,,,,,,,,,,,,,,,,,,,,,,,,,,,,,,,,,,,,,,0.0,0.0,0.0,0.0,0.0,0.0,0.0,0.0,0.0,0.0,0.0,0.0,0.0,0.0,0.0,0.0,0.0,0.0,0.0,0.0,0.0,0.0,0.0,0.0,0.12003766000270844,-0.10814894735813141,-0.1119840145111084,0.11313453316688538,0.14113053679466248,-0.1848503202199936,0.16912654042243958,-0.13192637264728546,1.5804319381713867,-1.570844292640686,1.4289467334747314,-1.5382461547851562,-0.013275551609694958,0.061342205852270126,0.11169774830341339,-0.06729331612586975,0.29618212580680847,-0.06820886582136154,0.17761772871017456,-0.16846217215061188,0.056764427572488785,-0.008239997550845146,0.287026584148407,-0.33692434430122375,0.038451433181762695,-0.040669262409210205,-0.03928309679031372,0.03761973977088928,0.21245817840099335,-0.2543627619743347,0.23485742509365082,-0.22489489614963531,1.6088029146194458,-1.5976028442382812,1.4514192342758179,-1.5646580457687378
20260708_155717_683245,2026-07-08T15:57:23.325,5.641944,policy,226,sit,0.0,0.0,0.0,0.0,0.0,0.0,0.0,0.0,0.1,none,0.0,0.0,-1.0,-0.0,0.0,0.0,0.0,3.544746160507202,6.058588027954102,12,can0:12,3.1296730041503906,5.760673999786377,,"BL_hip_joint,BR_hip_joint,FL_hip_joint,FR_hip_joint,BL_thigh_joint,BR_thigh_joint,FL_thigh_joint,FR_thigh_joint,BL_calf_joint,BR_calf_joint,FL_calf_joint,FR_calf_joint",330e02f2406e129bb6ed6ec4a6c6bcd5f80d7e7799a2ab087e81eda65d2fae69,"step=000226 mode=sit    vx= 0.000 vy= 0.000 vxy= 0.000 yaw= 0.000 speed=0.10 imu=none tilt_rp=[-0.0,+0.0]deg imu_corr=0.000 act_max= 0.000 tau_cmd= 3.545 tau_cmd_max= 6.059 cmds=12 bus=can0:12 tau_fb= 3.130 tau_fb_max= 5.761",,,,,,,,,,,,,,,,,,,,,,,,,,,,,,,,,,,,,,,,,,,,,,,,,0.0,0.0,0.0,0.0,0.0,0.0,0.0,0.0,0.0,0.0,0.0,0.0,0.0,0.0,0.0,0.0,0.0,0.0,0.0,0.0,0.0,0.0,0.0,0.0,0.1185036301612854,-0.10584790259599686,-0.10776543617248535,0.11275102943181992,0.14803366363048553,-0.18523383140563965,0.17296160757541656,-0.13767898082733154,1.5808154344558716,-1.5719947814941406,1.4350827932357788,-1.543231725692749,-0.07003998011350632,0.11810663342475891,0.1432843953371048,-0.03479110077023506,0.32868435978889465,-0.04577776417136192,0.18448439240455627,-0.2760399281978607,-0.02471999265253544,-0.04943998530507088,0.20508438348770142,-0.20279549062252045,0.0360414981842041,-0.0381203293800354,-0.036821067333221436,0.03526192903518677,0.21745817363262177,-0.25936275720596313,0.23985742032527924,-0.22989489138126373,1.6107581853866577,-1.6002601385116577,1.4564192295074463,-1.5696580410003662
20260708_155717_683245,2026-07-08T15:57:23.348,5.664853,policy,227,sit,0.0,0.0,0.0,0.0,0.0,0.0,0.0,0.0,0.1,none,0.0,0.0,-1.0,-0.0,0.0,0.0,0.0,3.5685195922851562,6.086337566375732,12,can0:12,3.077181100845337,5.537278175354004,,"BL_hip_joint,BR_hip_joint,FL_hip_joint,FR_hip_joint,BL_thigh_joint,BR_thigh_joint,FL_thigh_joint,FR_thigh_joint,BL_calf_joint,BR_calf_joint,FL_calf_joint,FR_calf_joint",330e02f2406e129bb6ed6ec4a6c6bcd5f80d7e7799a2ab087e81eda65d2fae69,"step=000227 mode=sit    vx= 0.000 vy= 0.000 vxy= 0.000 yaw= 0.000 speed=0.10 imu=none tilt_rp=[-0.0,+0.0]deg imu_corr=0.000 act_max= 0.000 tau_cmd= 3.569 tau_cmd_max= 6.086 cmds=12 bus=can0:12 tau_fb= 3.077 tau_fb_max= 5.537",,,,,,,,,,,,,,,,,,,,,,,,,,,,,,,,,,,,,,,,,,,,,,,,,0.0,0.0,0.0,0.0,0.0,0.0,0.0,0.0,0.0,0.0,0.0,0.0,0.0,0.0,0.0,0.0,0.0,0.0,0.0,0.0,0.0,0.0,0.0,0.0,0.1165860965847969,-0.10393036901950836,-0.1035468652844429,0.11236751824617386,0.15532030165195465,-0.18638435006141663,0.17756369709968567,-0.14726665616035461,1.5811989307403564,-1.57352876663208,1.4377673864364624,-1.547450304031372,-0.07232886552810669,-0.007324442267417908,0.2220221608877182,-0.012817773967981339,0.3410443365573883,-0.02151555009186268,0.17212440073490143,-0.5351420640945435,0.06088442727923393,-0.10391552746295929,-0.01144444104284048,-0.1597643941640854,0.03369903564453125,-0.03564274311065674,-0.0344279408454895,0.032970160245895386,0.22245816886425018,-0.26436275243759155,0.24485741555690765,-0.23489488661289215,1.6126587390899658,-1.6028430461883545,1.4614192247390747,-1.5746580362319946
20260708_155717_683245,2026-07-08T15:57:23.371,5.687881,policy,228,sit,0.0,0.0,0.0,0.0,0.0,0.0,0.0,0.0,0.1,none,0.0,0.0,-1.0,-0.0,0.0,0.0,0.0,3.50642991065979,6.034850120544434,12,can0:12,2.9471724033355713,5.621509552001953,,"BL_hip_joint,BR_hip_joint,FL_hip_joint,FR_hip_joint,BL_thigh_joint,BR_thigh_joint,FL_thigh_joint,FR_thigh_joint,BL_calf_joint,BR_calf_joint,FL_calf_joint,FR_calf_joint",330e02f2406e129bb6ed6ec4a6c6bcd5f80d7e7799a2ab087e81eda65d2fae69,"step=000228 mode=sit    vx= 0.000 vy= 0.000 vxy= 0.000 yaw= 0.000 speed=0.10 imu=none tilt_rp=[-0.0,+0.0]deg imu_corr=0.000 act_max= 0.000 tau_cmd= 3.506 tau_cmd_max= 6.035 cmds=12 bus=can0:12 tau_fb= 2.947 tau_fb_max= 5.622",,,,,,,,,,,,,,,,,,,,,,,,,,,,,,,,,,,,,,,,,,,,,,,,,0.0,0.0,0.0,0.0,0.0,0.0,0.0,0.0,0.0,0.0,0.0,0.0,0.0,0.0,0.0,0.0,0.0,0.0,0.0,0.0,0.0,0.0,0.0,0.0,0.11428505927324295,-0.10277985036373138,-0.09932828694581985,0.11121699959039688,0.16222341358661652,-0.18868540227413177,0.1829327940940857,-0.15877185761928558,1.5827330350875854,-1.5777473449707031,1.4373838901519775,-1.55205237865448,-0.09979552775621414,0.02929776906967163,0.19363994896411896,-0.10437330603599548,0.31311991810798645,-0.09109774976968765,0.24857325851917267,-0.5145420432090759,0.12314218282699585,-0.2385021448135376,-0.015106662176549435,-0.18631550669670105,0.031425297260284424,-0.03323781490325928,-0.0321049690246582,0.03074556589126587,0.2274581640958786,-0.26936274766921997,0.24985741078853607,-0.23989488184452057,1.6145035028457642,-1.6053500175476074,1.4664192199707031,-1.579658031463623
20260708_155717_683245,2026-07-08T15:57:23.394,5.710734,policy,229,sit,0.0,0.0,0.0,0.0,0.0,0.0,0.0,0.0,0.1,none,0.0,0.0,-1.0,-0.0,0.0,0.0,0.0,3.479363203048706,6.069594860076904,12,can0:12,3.0243842601776123,5.647144794464111,,"BL_hip_joint,BR_hip_joint,FL_hip_joint,FR_hip_joint,BL_thigh_joint,BR_thigh_joint,FL_thigh_joint,FR_thigh_joint,BL_calf_joint,BR_calf_joint,FL_calf_joint,FR_calf_joint",330e02f2406e129bb6ed6ec4a6c6bcd5f80d7e7799a2ab087e81eda65d2fae69,"step=000229 mode=sit    vx= 0.000 vy= 0.000 vxy= 0.000 yaw= 0.000 speed=0.10 imu=none tilt_rp=[-0.0,+0.0]deg imu_corr=0.000 act_max= 0.000 tau_cmd= 3.479 tau_cmd_max= 6.070 cmds=12 bus=can0:12 tau_fb= 3.024 tau_fb_max= 5.647",,,,,,,,,,,,,,,,,,,,,,,,,,,,,,,,,,,,,,,,,,,,,,,,,0.0,0.0,0.0,0.0,0.0,0.0,0.0,0.0,0.0,0.0,0.0,0.0,0.0,0.0,0.0,0.0,0.0,0.0,0.0,0.0,0.0,0.0,0.0,0.0,0.11083349585533142,-0.10201283544301987,-0.09587672352790833,0.1100664809346199,0.16759251058101654,-0.19252046942710876,0.18906889855861664,-0.16912654042243958,1.584267020225525,-1.5846505165100098,1.4377673864364624,-1.5558874607086182,-0.13046662509441376,0.02609332650899887,0.14053773880004883,-0.02288888208568096,0.29068881273269653,-0.19592882692813873,0.3080843389034271,-0.4829554259777069,0.16296884417533875,-0.3241065740585327,0.03341776877641678,-0.10162663459777832,0.029221296310424805,-0.03090667724609375,-0.02985328435897827,0.028589218854904175,0.23245815932750702,-0.2743627429008484,0.2548574209213257,-0.244894877076149,1.6162917613983154,-1.6077802181243896,1.4714192152023315,-1.5846580266952515
20260708_155717_683245,2026-07-08T15:57:23.416,5.733527,policy,230,sit,0.0,0.0,0.0,0.0,0.0,0.0,0.0,0.0,0.1,none,0.0,0.0,-1.0,-0.0,0.0,0.0,0.0,3.415670156478882,5.908442497253418,12,can0:12,2.9682302474975586,5.123447418212891,,"BL_hip_joint,BR_hip_joint,FL_hip_joint,FR_hip_joint,BL_thigh_joint,BR_thigh_joint,FL_thigh_joint,FR_thigh_joint,BL_calf_joint,BR_calf_joint,FL_calf_joint,FR_calf_joint",330e02f2406e129bb6ed6ec4a6c6bcd5f80d7e7799a2ab087e81eda65d2fae69,"step=000230 mode=sit    vx= 0.000 vy= 0.000 vxy= 0.000 yaw= 0.000 speed=0.10 imu=none tilt_rp=[-0.0,+0.0]deg imu_corr=0.000 act_max= 0.000 tau_cmd= 3.416 tau_cmd_max= 5.908 cmds=12 bus=can0:12 tau_fb= 2.968 tau_fb_max= 5.123",,,,,,,,,,,,,,,,,,,,,,,,,,,,,,,,,,,,,,,,,,,,,,,,,0.0,0.0,0.0,0.0,0.0,0.0,0.0,0.0,0.0,0.0,0.0,0.0,0.0,0.0,0.0,0.0,0.0,0.0,0.0,0.0,0.0,0.0,0.0,0.0,0.10699842870235443,-0.10086231678724289,-0.09319217503070831,0.10814894735813141,0.17334511876106262,-0.2005741149187088,0.19520501792430878,-0.17948122322559357,1.5861845016479492,-1.5915536880493164,1.4381508827209473,-1.5601060390472412,-0.21835993230342865,0.04898220673203468,0.09659108519554138,-0.1194799616932869,0.2700888216495514,-0.39368876814842224,0.23209325969219208,-0.490737646818161,0.07461775839328766,-0.2531510293483734,-0.04577776417136192,-0.19501326978206635,0.02708810567855835,-0.02865046262741089,-0.027673959732055664,0.02650219202041626,0.23745815455913544,-0.2793627381324768,0.2598574161529541,-0.2498948723077774,1.6180224418640137,-1.6101323366165161,1.47641921043396,-1.5896580219268799
20260708_155717_683245,2026-07-08T15:57:23.439,5.756245,policy,231,sit,0.0,0.0,0.0,0.0,0.0,0.0,0.0,0.0,0.1,none,0.0,0.0,-1.0,-0.0,0.0,0.0,0.0,3.354067802429199,5.967116832733154,12,can0:12,2.9322187900543213,4.852443218231201,,"BL_hip_joint,BR_hip_joint,FL_hip_joint,FR_hip_joint,BL_thigh_joint,BR_thigh_joint,FL_thigh_joint,FR_thigh_joint,BL_calf_joint,BR_calf_joint,FL_calf_joint,FR_calf_joint",330e02f2406e129bb6ed6ec4a6c6bcd5f80d7e7799a2ab087e81eda65d2fae69,"step=000231 mode=sit    vx= 0.000 vy= 0.000 vxy= 0.000 yaw= 0.000 speed=0.10 imu=none tilt_rp=[-0.0,+0.0]deg imu_corr=0.000 act_max= 0.000 tau_cmd= 3.354 tau_cmd_max= 5.967 cmds=12 bus=can0:12 tau_fb= 2.932 tau_fb_max= 4.852",,,,,,,,,,,,,,,,,,,,,,,,,,,,,,,,,,,,,,,,,,,,,,,,,0.0,0.0,0.0,0.0,0.0,0.0,0.0,0.0,0.0,0.0,0.0,0.0,0.0,0.0,0.0,0.0,0.0,0.0,0.0,0.0,0.0,0.0,0.0,0.0,0.1016293317079544,-0.09932828694581985,-0.0924251601099968,0.1054643988609314,0.17986473441123962,-0.21016177535057068,0.20019060373306274,-0.18906889855861664,1.5888690948486328,-1.5980732440948486,1.4396848678588867,-1.5654752254486084,-0.25727102160453796,0.11993774026632309,-0.0398266538977623,-0.059053316712379456,0.2636799216270447,-0.40925320982933044,0.19638660550117493,-0.40971100330352783,0.07370220124721527,-0.20874661207199097,0.06454664468765259,-0.26551103591918945,0.02502685785293579,-0.0264703631401062,-0.02556818723678589,0.02448555827140808,0.24245814979076385,-0.2843627333641052,0.2648574113845825,-0.254894882440567,1.619694709777832,-1.6124050617218018,1.4814192056655884,-1.5946580171585083
20260708_155717_683245,2026-07-08T15:57:23.462,5.779172,policy,232,sit,0.0,0.0,0.0,0.0,0.0,0.0,0.0,0.0,0.1,none,0.0,0.0,-1.0,-0.0,0.0,0.0,0.0,3.2459828853607178,5.501775741577148,12,can0:12,2.850733757019043,5.006256103515625,,"BL_hip_joint,BR_hip_joint,FL_hip_joint,FR_hip_joint,BL_thigh_joint,BR_thigh_joint,FL_thigh_joint,FR_thigh_joint,BL_calf_joint,BR_calf_joint,FL_calf_joint,FR_calf_joint",330e02f2406e129bb6ed6ec4a6c6bcd5f80d7e7799a2ab087e81eda65d2fae69,"step=000232 mode=sit    vx= 0.000 vy= 0.000 vxy= 0.000 yaw= 0.000 speed=0.10 imu=none tilt_rp=[-0.0,+0.0]deg imu_corr=0.000 act_max= 0.000 tau_cmd= 3.246 tau_cmd_max= 5.502 cmds=12 bus=can0:12 tau_fb= 2.851 tau_fb_max= 5.006",,,,,,,,,,,,,,,,,,,,,,,,,,,,,,,,,,,,,,,,,,,,,,,,,0.0,0.0,0.0,0.0,0.0,0.0,0.0,0.0,0.0,0.0,0.0,0.0,0.0,0.0,0.0,0.0,0.0,0.0,0.0,0.0,0.0,0.0,0.0,0.0,0.09434270113706589,-0.0970272421836853,-0.09127464145421982,0.10047880560159683,0.1848503202199936,-0.21821542084217072,0.2032586634159088,-0.19635553658008575,1.5923206806182861,-1.6019083261489868,1.4427529573440552,-1.5723782777786255,-0.3552354574203491,0.10391552746295929,0.05859553813934326,-0.1908932775259018,0.20325326919555664,-0.31357768177986145,0.15472884476184845,-0.2380443811416626,0.19409772753715515,-0.08468886464834213,0.21652881801128387,-0.33783990144729614,0.02303868532180786,-0.02436751127243042,-0.023536980152130127,0.022540360689163208,0.24745814502239227,-0.28936272859573364,0.26985740661621094,-0.25989487767219543,1.6213078498840332,-1.6145973205566406,1.4864192008972168,-1.5996580123901367
20260708_155717_683245,2026-07-08T15:57:23.485,5.802621,policy,233,sit,0.0,0.0,0.0,0.0,0.0,0.0,0.0,0.0,0.1,none,0.0,0.0,-1.0,-0.0,0.0,0.0,0.0,3.276747703552246,5.263235092163086,12,can0:12,2.756431818008423,5.193029403686523,,"BL_hip_joint,BR_hip_joint,FL_hip_joint,FR_hip_joint,BL_thigh_joint,BR_thigh_joint,FL_thigh_joint,FR_thigh_joint,BL_calf_joint,BR_calf_joint,FL_calf_joint,FR_calf_joint",330e02f2406e129bb6ed6ec4a6c6bcd5f80d7e7799a2ab087e81eda65d2fae69,"step=000233 mode=sit    vx= 0.000 vy= 0.000 vxy= 0.000 yaw= 0.000 speed=0.10 imu=none tilt_rp=[-0.0,+0.0]deg imu_corr=0.000 act_max= 0.000 tau_cmd= 3.277 tau_cmd_max= 5.263 cmds=12 bus=can0:12 tau_fb= 2.756 tau_fb_max= 5.193",,,,,,,,,,,,,,,,,,,,,,,,,,,,,,,,,,,,,,,,,,,,,,,,,0.0,0.0,0.0,0.0,0.0,0.0,0.0,0.0,0.0,0.0,0.0,0.0,0.0,0.0,0.0,0.0,0.0,0.0,0.0,0.0,0.0,0.0,0.0,0.0,0.08743957430124283,-0.09319217503070831,-0.09127464145421982,0.09357568621635437,0.18906889855861664,-0.22511854767799377,0.20594321191310883,-0.19942358136177063,1.5965392589569092,-1.6026753187179565,1.447738528251648,-1.5769803524017334,-0.2211066037416458,0.17715995013713837,-0.020142216235399246,-0.36027100682258606,0.16296884417533875,-0.2449110448360443,0.12405773997306824,-0.016022218391299248,0.24994659423828125,0.0068666646257042885,0.2600176930427551,-0.09430219233036041,0.021124660968780518,-0.022343099117279053,-0.021581590175628662,0.02066776156425476,0.2524581551551819,-0.29436272382736206,0.27485740184783936,-0.26489487290382385,1.6228607892990112,-1.616707682609558,1.4914191961288452,-1.6046580076217651
20260708_155717_683245,2026-07-08T15:57:23.509,5.826316,policy,234,sit,0.0,0.0,0.0,0.0,0.0,0.0,0.0,0.0,0.1,none,0.0,0.0,-1.0,-0.0,0.0,0.0,0.0,3.1278135776519775,5.503826141357422,12,can0:12,2.8015992641448975,5.244300842285156,,"BL_hip_joint,BR_hip_joint,FL_hip_joint,FR_hip_joint,BL_thigh_joint,BR_thigh_joint,FL_thigh_joint,FR_thigh_joint,BL_calf_joint,BR_calf_joint,FL_calf_joint,FR_calf_joint",330e02f2406e129bb6ed6ec4a6c6bcd5f80d7e7799a2ab087e81eda65d2fae69,"step=000234 mode=sit    vx= 0.000 vy= 0.000 vxy= 0.000 yaw= 0.000 speed=0.10 imu=none tilt_rp=[-0.0,+0.0]deg imu_corr=0.000 act_max= 0.000 tau_cmd= 3.128 tau_cmd_max= 5.504 cmds=12 bus=can0:12 tau_fb= 2.802 tau_fb_max= 5.244",,,,,,,,,,,,,,,,,,,,,,,,,,,,,,,,,,,,,,,,,,,,,,,,,0.0,0.0,0.0,0.0,0.0,0.0,0.0,0.0,0.0,0.0,0.0,0.0,0.0,0.0,0.0,0.0,0.0,0.0,0.0,0.0,0.0,0.0,0.0,0.0,0.08245398104190826,-0.08935710787773132,-0.09127464145421982,0.08513852953910828,0.19290396571159363,-0.23163816332817078,0.20977827906608582,-0.20019060373306274,1.6049764156341553,-1.6026753187179565,1.4577096700668335,-1.5800484418869019,-0.15655995905399323,0.21744437515735626,-0.07553330808877945,-0.38407543301582336,0.14557328820228577,-0.3007599115371704,0.12405773997306824,-0.08102664351463318,0.28794214129447937,-0.003662221133708954,0.5754265189170837,-0.07599108666181564,0.019285917282104492,-0.020398318767547607,-0.01970309019088745,0.01886880397796631,0.2574581503868103,-0.2993627190589905,0.2798573970794678,-0.26989486813545227,1.6243525743484497,-1.6187350749969482,1.4964191913604736,-1.6096580028533936
20260708_155717_683245,2026-07-08T15:57:23.533,5.850099,policy,235,sit,0.0,0.0,0.0,0.0,0.0,0.0,0.0,0.0,0.1,none,0.0,0.0,-1.0,-0.0,0.0,0.0,0.0,3.0899181365966797,5.418858528137207,12,can0:12,2.753074884414673,5.149083137512207,,"BL_hip_joint,BR_hip_joint,FL_hip_joint,FR_hip_joint,BL_thigh_joint,BR_thigh_joint,FL_thigh_joint,FR_thigh_joint,BL_calf_joint,BR_calf_joint,FL_calf_joint,FR_calf_joint",330e02f2406e129bb6ed6ec4a6c6bcd5f80d7e7799a2ab087e81eda65d2fae69,"step=000235 mode=sit    vx= 0.000 vy= 0.000 vxy= 0.000 yaw= 0.000 speed=0.10 imu=none tilt_rp=[-0.0,+0.0]deg imu_corr=0.000 act_max= 0.000 tau_cmd= 3.090 tau_cmd_max= 5.419 cmds=12 bus=can0:12 tau_fb= 2.753 tau_fb_max= 5.149",,,,,,,,,,,,,,,,,,,,,,,,,,,,,,,,,,,,,,,,,,,,,,,,,0.0,0.0,0.0,0.0,0.0,0.0,0.0,0.0,0.0,0.0,0.0,0.0,0.0,0.0,0.0,0.0,0.0,0.0,0.0,0.0,0.0,0.0,0.0,0.0,0.08168696612119675,-0.08475502580404282,-0.09127464145421982,0.07823541015386581,0.19635553658008575,-0.2389248013496399,0.21514737606048584,-0.20172463357448578,1.6114959716796875,-1.6026753187179565,1.4718995094299316,-1.5835000276565552,0.059053316712379456,0.13870662450790405,0.04669332131743431,-0.20187993347644806,0.14099551737308502,-0.29755547642707825,0.23575548827648163,-0.06042664870619774,0.0952177494764328,-0.030671102926135063,0.5507065057754517,-0.19272439181804657,0.017523527145385742,-0.01853424310684204,-0.01790255308151245,0.017144501209259033,0.2624581456184387,-0.3043627142906189,0.2848573923110962,-0.2748948633670807,1.6257824897766113,-1.6206783056259155,1.501419186592102,-1.614657998085022
20260708_155717_683245,2026-07-08T15:57:23.557,5.873845,policy,236,sit,0.0,0.0,0.0,0.0,0.0,0.0,0.0,0.0,0.1,none,0.0,0.0,-1.0,-0.0,0.0,0.0,0.0,3.1316888332366943,5.470660209655762,12,can0:12,2.8153324127197266,5.324869632720947,,"BL_hip_joint,BR_hip_joint,FL_hip_joint,FR_hip_joint,BL_thigh_joint,BR_thigh_joint,FL_thigh_joint,FR_thigh_joint,BL_calf_joint,BR_calf_joint,FL_calf_joint,FR_calf_joint",330e02f2406e129bb6ed6ec4a6c6bcd5f80d7e7799a2ab087e81eda65d2fae69,"step=000236 mode=sit    vx= 0.000 vy= 0.000 vxy= 0.000 yaw= 0.000 speed=0.10 imu=none tilt_rp=[-0.0,+0.0]deg imu_corr=0.000 act_max= 0.000 tau_cmd= 3.132 tau_cmd_max= 5.471 cmds=12 bus=can0:12 tau_fb= 2.815 tau_fb_max= 5.325",,,,,,,,,,,,,,,,,,,,,,,,,,,,,,,,,,,,,,,,,,,,,,,,,0.0,0.0,0.0,0.0,0.0,0.0,0.0,0.0,0.0,0.0,0.0,0.0,0.0,0.0,0.0,0.0,0.0,0.0,0.0,0.0,0.0,0.0,0.0,0.0,0.08245398104190826,-0.08053644746541977,-0.0905076265335083,0.07516735047101974,0.20019060373306274,-0.24659493565559387,0.22089996933937073,-0.20479267835617065,1.6111124753952026,-1.6026753187179565,1.4818706512451172,-1.5900195837020874,0.12909328937530518,0.14831995964050293,0.05767998471856117,-0.02929776906967163,0.16296884417533875,-0.28336435556411743,0.2211066037416458,-0.19318217039108276,-0.04852443188428879,0.07278664410114288,0.3076265752315521,-0.32044434547424316,0.015838563442230225,-0.016752123832702637,-0.01618117094039917,0.015496015548706055,0.26745814085006714,-0.3093627095222473,0.2898573875427246,-0.2798948585987091,1.6271495819091797,-1.6225361824035645,1.5064191818237305,-1.6188819408416748
20260708_155717_683245,2026-07-08T15:57:23.580,5.897561,policy,237,sit,0.0,0.0,0.0,0.0,0.0,0.0,0.0,0.0,0.1,none,0.0,0.0,-1.0,-0.0,0.0,0.0,0.0,3.1533498764038086,5.649181365966797,12,can0:12,2.852564811706543,5.189367294311523,,"BL_hip_joint,BR_hip_joint,FL_hip_joint,FR_hip_joint,BL_thigh_joint,BR_thigh_joint,FL_thigh_joint,FR_thigh_joint,BL_calf_joint,BR_calf_joint,FL_calf_joint,FR_calf_joint",330e02f2406e129bb6ed6ec4a6c6bcd5f80d7e7799a2ab087e81eda65d2fae69,"step=000237 mode=sit    vx= 0.000 vy= 0.000 vxy= 0.000 yaw= 0.000 speed=0.10 imu=none tilt_rp=[-0.0,+0.0]deg imu_corr=0.000 act_max= 0.000 tau_cmd= 3.153 tau_cmd_max= 5.649 cmds=12 bus=can0:12 tau_fb= 2.853 tau_fb_max= 5.189",,,,,,,,,,,,,,,,,,,,,,,,,,,,,,,,,,,,,,,,,,,,,,,,,0.0,0.0,0.0,0.0,0.0,0.0,0.0,0.0,0.0,0.0,0.0,0.0,0.0,0.0,0.0,0.0,0.0,0.0,0.0,0.0,0.0,0.0,0.0,0.0,0.0839880108833313,-0.07708488404750824,-0.08935710787773132,0.07631787657737732,0.2044091820716858,-0.2511970102787018,0.22703608870506287,-0.2109287977218628,1.6107289791107178,-1.6026753187179565,1.4872397184371948,-1.5980732440948486,0.07736442238092422,0.1428266316652298,-0.021057771518826485,0.06088442727923393,0.191351056098938,-0.14053773880004883,0.25772881507873535,-0.3428754508495331,-0.02151555009186268,0.04852443188428879,0.20783105492591858,-0.3190710246562958,0.014232277870178223,-0.015053153038024902,-0.01454007625579834,0.01392441987991333,0.27245813608169556,-0.31436270475387573,0.294857382774353,-0.2848948538303375,1.6284527778625488,-1.62430739402771,1.5114191770553589,-1.6210236549377441
20260708_155717_683245,2026-07-08T15:57:23.604,5.921305,policy,238,sit,0.0,0.0,0.0,0.0,0.0,0.0,0.0,0.0,0.1,none,0.0,0.0,-1.0,-0.0,0.0,0.0,0.0,3.1354188919067383,5.4324727058410645,12,can0:12,2.9538867473602295,5.240638256072998,,"BL_hip_joint,BR_hip_joint,FL_hip_joint,FR_hip_joint,BL_thigh_joint,BR_thigh_joint,FL_thigh_joint,FR_thigh_joint,BL_calf_joint,BR_calf_joint,FL_calf_joint,FR_calf_joint",330e02f2406e129bb6ed6ec4a6c6bcd5f80d7e7799a2ab087e81eda65d2fae69,"step=000238 mode=sit    vx= 0.000 vy= 0.000 vxy= 0.000 yaw= 0.000 speed=0.10 imu=none tilt_rp=[-0.0,+0.0]deg imu_corr=0.000 act_max= 0.000 tau_cmd= 3.135 tau_cmd_max= 5.432 cmds=12 bus=can0:12 tau_fb= 2.954 tau_fb_max= 5.241",,,,,,,,,,,,,,,,,,,,,,,,,,,,,,,,,,,,,,,,,,,,,,,,,0.0,0.0,0.0,0.0,0.0,0.0,0.0,0.0,0.0,0.0,0.0,0.0,0.0,0.0,0.0,0.0,0.0,0.0,0.0,0.0,0.0,0.0,0.0,0.0,0.08513852953910828,-0.07516735047101974,-0.08667255938053131,0.07785189896821976,0.2090112566947937,-0.25349804759025574,0.23163816332817078,-0.21898244321346283,1.6107289791107178,-1.6030588150024414,1.4941428899765015,-1.6049764156341553,-0.0,0.07003998011350632,0.18036438524723053,0.06683553755283356,0.1574755162000656,-0.04577776417136192,0.13962218165397644,-0.34791100025177,-0.010528885759413242,-0.06088442727923393,0.3035065829753876,-0.2783288061618805,0.012705564498901367,-0.013438403606414795,-0.012980341911315918,0.012430727481842041,0.277458131313324,-0.31936269998550415,0.29985737800598145,-0.28989484906196594,1.629691481590271,-1.625990629196167,1.5164191722869873,-1.6230592727661133
20260708_155717_683245,2026-07-08T15:57:23.628,5.945080,policy,239,sit,0.0,0.0,0.0,0.0,0.0,0.0,0.0,0.0,0.1,none,0.0,0.0,-1.0,-0.0,0.0,0.0,0.0,3.172009229660034,5.571402072906494,12,can0:12,2.999664306640625,5.3395185470581055,,"BL_hip_joint,BR_hip_joint,FL_hip_joint,FR_hip_joint,BL_thigh_joint,BR_thigh_joint,FL_thigh_joint,FR_thigh_joint,BL_calf_joint,BR_calf_joint,FL_calf_joint,FR_calf_joint",330e02f2406e129bb6ed6ec4a6c6bcd5f80d7e7799a2ab087e81eda65d2fae69,"step=000239 mode=sit    vx= 0.000 vy= 0.000 vxy= 0.000 yaw= 0.000 speed=0.10 imu=none tilt_rp=[-0.0,+0.0]deg imu_corr=0.000 act_max= 0.000 tau_cmd= 3.172 tau_cmd_max= 5.571 cmds=12 bus=can0:12 tau_fb= 3.000 tau_fb_max= 5.340",,,,,,,,,,,,,,,,,,,,,,,,,,,,,,,,,,,,,,,,,,,,,,,,,0.0,0.0,0.0,0.0,0.0,0.0,0.0,0.0,0.0,0.0,0.0,0.0,0.0,0.0,0.0,0.0,0.0,0.0,0.0,0.0,0.0,0.0,0.0,0.0,0.08513852953910828,-0.07440033555030823,-0.0839880108833313,0.07823541015386581,0.21438035368919373,-0.2546485960483551,0.23470622301101685,-0.22511854767799377,1.6107289791107178,-1.6038258075714111,1.501429557800293,-1.609961986541748,0.016937773674726486,0.06637775897979736,0.14648884534835815,0.01831110566854477,0.2311777025461197,-0.07827997952699661,0.10437330603599548,-0.23300881683826447,0.035248879343271255,-0.0476088747382164,0.287026584148407,-0.16434217989444733,0.011259675025939941,-0.011909127235412598,-0.011503219604492188,0.011016130447387695,0.2824581265449524,-0.32436269521713257,0.30485737323760986,-0.29489484429359436,1.6308646202087402,-1.6275849342346191,1.5214191675186157,-1.6249871253967285
20260708_155717_683245,2026-07-08T15:57:23.652,5.968869,policy,240,sit,0.0,0.0,0.0,0.0,0.0,0.0,0.0,0.0,0.1,none,0.0,0.0,-1.0,-0.0,0.0,0.0,0.0,3.3331220149993896,5.387108325958252,12,can0:12,3.082064390182495,5.401776313781738,,"BL_hip_joint,BR_hip_joint,FL_hip_joint,FR_hip_joint,BL_thigh_joint,BR_thigh_joint,FL_thigh_joint,FR_thigh_joint,BL_calf_joint,BR_calf_joint,FL_calf_joint,FR_calf_joint",330e02f2406e129bb6ed6ec4a6c6bcd5f80d7e7799a2ab087e81eda65d2fae69,"step=000240 mode=sit    vx= 0.000 vy= 0.000 vxy= 0.000 yaw= 0.000 speed=0.10 imu=none tilt_rp=[-0.0,+0.0]deg imu_corr=0.000 act_max= 0.000 tau_cmd= 3.333 tau_cmd_max= 5.387 cmds=12 bus=can0:12 tau_fb= 3.082 tau_fb_max= 5.402",,,,,,,,,,,,,,,,,,,,,,,,,,,,,,,,,,,,,,,,,,,,,,,,,0.0,0.0,0.0,0.0,0.0,0.0,0.0,0.0,0.0,0.0,0.0,0.0,0.0,0.0,0.0,0.0,0.0,0.0,0.0,0.0,0.0,0.0,0.0,0.0,0.08437151461839676,-0.07440033555030823,-0.07976943254470825,0.0774683952331543,0.21974945068359375,-0.2565661072731018,0.2370072603225708,-0.22818660736083984,1.6111124753952026,-1.6053599119186401,1.5037305355072021,-1.6107289791107178,-0.11032441258430481,-0.08148442208766937,0.16388440132141113,0.016022218391299248,0.24216437339782715,-0.09659108519554138,0.0787377581000328,-0.02609332650899887,-0.01235999632626772,-0.07461775839328766,-0.013733329251408577,0.004119998775422573,0.009895622730255127,-0.010466396808624268,-0.010109663009643555,0.0096815824508667,0.2874581217765808,-0.329362690448761,0.3098573684692383,-0.2998948395252228,1.6319713592529297,-1.6290888786315918,1.5264191627502441,-1.6268059015274048
20260708_155717_683245,2026-07-08T15:57:23.675,5.992603,policy,241,sit,0.0,0.0,0.0,0.0,0.0,0.0,0.0,0.0,0.1,none,0.0,0.0,-1.0,-0.0,0.0,0.0,0.0,3.394465684890747,5.674506664276123,12,can0:12,3.1171605587005615,5.515305042266846,,"BL_hip_joint,BR_hip_joint,FL_hip_joint,FR_hip_joint,BL_thigh_joint,BR_thigh_joint,FL_thigh_joint,FR_thigh_joint,BL_calf_joint,BR_calf_joint,FL_calf_joint,FR_calf_joint",330e02f2406e129bb6ed6ec4a6c6bcd5f80d7e7799a2ab087e81eda65d2fae69,"step=000241 mode=sit    vx= 0.000 vy= 0.000 vxy= 0.000 yaw= 0.000 speed=0.10 imu=none tilt_rp=[-0.0,+0.0]deg imu_corr=0.000 act_max= 0.000 tau_cmd= 3.394 tau_cmd_max= 5.675 cmds=12 bus=can0:12 tau_fb= 3.117 tau_fb_max= 5.515",,,,,,,,,,,,,,,,,,,,,,,,,,,,,,,,,,,,,,,,,,,,,,,,,0.0,0.0,0.0,0.0,0.0,0.0,0.0,0.0,0.0,0.0,0.0,0.0,0.0,0.0,0.0,0.0,0.0,0.0,0.0,0.0,0.0,0.0,0.0,0.0,0.08360450714826584,-0.07440033555030823,-0.07593436539173126,0.07708488404750824,0.22511854767799377,-0.2600176930427551,0.2389248013496399,-0.22933712601661682,1.6111124753952026,-1.6065104007720947,1.5029635429382324,-1.6107289791107178,0.027924437075853348,-0.0009155552834272385,0.21057771146297455,0.014191106893122196,0.1821954995393753,-0.17029328644275665,0.1510666161775589,-0.09247108548879623,-0.003662221133708954,-0.0032044434919953346,0.01739555038511753,-0.07507553696632385,0.008614599704742432,-0.009111464023590088,-0.008800923824310303,0.008428215980529785,0.29245811700820923,-0.3343626856803894,0.3148573637008667,-0.3048948347568512,1.6330106258392334,-1.6305015087127686,1.5314191579818726,-1.6285139322280884
20260708_155717_683245,2026-07-08T15:57:23.699,6.016344,policy,242,sit,0.0,0.0,0.0,0.0,0.0,0.0,0.0,0.0,0.1,none,0.0,0.0,-1.0,-0.0,0.0,0.0,0.0,3.4750101566314697,5.651392459869385,12,can0:12,3.237708806991577,5.680105209350586,,"BL_hip_joint,BR_hip_joint,FL_hip_joint,FR_hip_joint,BL_thigh_joint,BR_thigh_joint,FL_thigh_joint,FR_thigh_joint,BL_calf_joint,BR_calf_joint,FL_calf_joint,FR_calf_joint",330e02f2406e129bb6ed6ec4a6c6bcd5f80d7e7799a2ab087e81eda65d2fae69,"step=000242 mode=sit    vx= 0.000 vy= 0.000 vxy= 0.000 yaw= 0.000 speed=0.10 imu=none tilt_rp=[-0.0,+0.0]deg imu_corr=0.000 act_max= 0.000 tau_cmd= 3.475 tau_cmd_max= 5.651 cmds=12 bus=can0:12 tau_fb= 3.238 tau_fb_max= 5.680",,,,,,,,,,,,,,,,,,,,,,,,,,,,,,,,,,,,,,,,,,,,,,,,,0.0,0.0,0.0,0.0,0.0,0.0,0.0,0.0,0.0,0.0,0.0,0.0,0.0,0.0,0.0,0.0,0.0,0.0,0.0,0.0,0.0,0.0,0.0,0.0,0.08360450714826584,-0.07440033555030823,-0.07286631315946579,0.07708488404750824,0.22895361483097076,-0.26538679003715515,0.24237635731697083,-0.22895361483097076,1.6111124753952026,-1.6076608896255493,1.5033470392227173,-1.6107289791107178,-0.03479110077023506,-0.024262215942144394,0.13046662509441376,-0.0398266538977623,0.13092440366744995,-0.2787865698337555,0.1428266316652298,-0.016937773674726486,0.010986663401126862,-0.0947599709033966,0.038453321903944016,-0.0196844395250082,0.007417619228363037,-0.007845461368560791,-0.007578074932098389,0.0072571635246276855,0.29745811223983765,-0.3393626809120178,0.3198573589324951,-0.3098948299884796,1.6339818239212036,-1.6318211555480957,1.536419153213501,-1.6301099061965942
20260708_155717_683245,2026-07-08T15:57:23.723,6.040082,policy,243,sit,0.0,0.0,0.0,0.0,0.0,0.0,0.0,0.0,0.1,none,0.0,0.0,-1.0,-0.0,0.0,0.0,0.0,3.5377044677734375,5.678745746612549,12,can0:12,3.240149736404419,5.625171661376953,,"BL_hip_joint,BR_hip_joint,FL_hip_joint,FR_hip_joint,BL_thigh_joint,BR_thigh_joint,FL_thigh_joint,FR_thigh_joint,BL_calf_joint,BR_calf_joint,FL_calf_joint,FR_calf_joint",330e02f2406e129bb6ed6ec4a6c6bcd5f80d7e7799a2ab087e81eda65d2fae69,"step=000243 mode=sit    vx= 0.000 vy= 0.000 vxy= 0.000 yaw= 0.000 speed=0.10 imu=none tilt_rp=[-0.0,+0.0]deg imu_corr=0.000 act_max= 0.000 tau_cmd= 3.538 tau_cmd_max= 5.679 cmds=12 bus=can0:12 tau_fb= 3.240 tau_fb_max= 5.625",,,,,,,,,,,,,,,,,,,,,,,,,,,,,,,,,,,,,,,,,,,,,,,,,0.0,0.0,0.0,0.0,0.0,0.0,0.0,0.0,0.0,0.0,0.0,0.0,0.0,0.0,0.0,0.0,0.0,0.0,0.0,0.0,0.0,0.0,0.0,0.0,0.08360450714826584,-0.07401683181524277,-0.0709487795829773,0.07708488404750824,0.23202167451381683,-0.272289901971817,0.24774545431137085,-0.22933712601661682,1.6111124753952026,-1.6095784902572632,1.5037305355072021,-1.6111124753952026,-0.06591998040676117,0.023346660658717155,0.0714133158326149,-0.03021332435309887,0.1583910584449768,-0.2623066008090973,0.31998658180236816,0.013733329251408577,-0.059968870133161545,-0.04531998559832573,0.056764427572488785,0.00595110934227705,0.006305813789367676,-0.006669521331787109,-0.006442248821258545,0.006169438362121582,0.30245810747146606,-0.34436267614364624,0.32485735416412354,-0.31489482522010803,1.6348838806152344,-1.633047103881836,1.5414191484451294,-1.6315922737121582
20260708_155717_683245,2026-07-08T15:57:23.747,6.064144,policy,244,sit,0.0,0.0,0.0,0.0,0.0,0.0,0.0,0.0,0.1,none,0.0,0.0,-1.0,-0.0,0.0,0.0,0.0,3.5665056705474854,5.819925785064697,12,can0:12,3.2529680728912354,5.757011413574219,,"BL_hip_joint,BR_hip_joint,FL_hip_joint,FR_hip_joint,BL_thigh_joint,BR_thigh_joint,FL_thigh_joint,FR_thigh_joint,BL_calf_joint,BR_calf_joint,FL_calf_joint,FR_calf_joint",330e02f2406e129bb6ed6ec4a6c6bcd5f80d7e7799a2ab087e81eda65d2fae69,"step=000244 mode=sit    vx= 0.000 vy= 0.000 vxy= 0.000 yaw= 0.000 speed=0.10 imu=none tilt_rp=[-0.0,+0.0]deg imu_corr=0.000 act_max= 0.000 tau_cmd= 3.567 tau_cmd_max= 5.820 cmds=12 bus=can0:12 tau_fb= 3.253 tau_fb_max= 5.757",,,,,,,,,,,,,,,,,,,,,,,,,,,,,,,,,,,,,,,,,,,,,,,,,0.0,0.0,0.0,0.0,0.0,0.0,0.0,0.0,0.0,0.0,0.0,0.0,0.0,0.0,0.0,0.0,0.0,0.0,0.0,0.0,0.0,0.0,0.0,0.0,0.08360450714826584,-0.07363332808017731,-0.06979825347661972,0.07708488404750824,0.23585674166679382,-0.2791930139064789,0.25503209233283997,-0.23010413348674774,1.6111124753952026,-1.6114959716796875,1.5052646398544312,-1.6111124753952026,-0.03021332435309887,-0.0009155552834272385,0.04440443217754364,-0.03341776877641678,0.20874661207199097,-0.30671101808547974,0.32227545976638794,0.012817773967981339,-0.01739555038511753,-0.07507553696632385,0.09979552775621414,-0.018768884241580963,0.0052803754806518555,-0.0055849552154541016,-0.005394577980041504,0.005166172981262207,0.3074581027030945,-0.34936267137527466,0.32985734939575195,-0.31989482045173645,1.6357158422470093,-1.634177803993225,1.5464191436767578,-1.6329596042633057
20260708_155717_683245,2026-07-08T15:57:23.771,6.087945,policy,245,sit,0.0,0.0,0.0,0.0,0.0,0.0,0.0,0.0,0.1,none,0.0,0.0,-1.0,-0.0,0.0,0.0,0.0,3.514845848083496,5.915828704833984,12,can0:12,3.155613660812378,5.881526947021484,,"BL_hip_joint,BR_hip_joint,FL_hip_joint,FR_hip_joint,BL_thigh_joint,BR_thigh_joint,FL_thigh_joint,FR_thigh_joint,BL_calf_joint,BR_calf_joint,FL_calf_joint,FR_calf_joint",330e02f2406e129bb6ed6ec4a6c6bcd5f80d7e7799a2ab087e81eda65d2fae69,"step=000245 mode=sit    vx= 0.000 vy= 0.000 vxy= 0.000 yaw= 0.000 speed=0.10 imu=none tilt_rp=[-0.0,+0.0]deg imu_corr=0.000 act_max= 0.000 tau_cmd= 3.515 tau_cmd_max= 5.916 cmds=12 bus=can0:12 tau_fb= 3.156 tau_fb_max= 5.882",,,,,,,,,,,,,,,,,,,,,,,,,,,,,,,,,,,,,,,,,,,,,,,,,0.0,0.0,0.0,0.0,0.0,0.0,0.0,0.0,0.0,0.0,0.0,0.0,0.0,0.0,0.0,0.0,0.0,0.0,0.0,0.0,0.0,0.0,0.0,0.0,0.08360450714826584,-0.07209929823875427,-0.06941474974155426,0.07708488404750824,0.2408423274755478,-0.28417861461639404,0.26270222663879395,-0.2324051856994629,1.6114959716796875,-1.6153310537338257,1.5079491138458252,-1.6118794679641724,-0.016022218391299248,0.08377330750226974,-0.015564439818263054,-0.0709555372595787,0.22888882458209991,-0.18631550669670105,0.34516432881355286,-0.11352885514497757,0.05722220614552498,-0.23438215255737305,0.13138218224048615,-0.09659108519554138,0.004342257976531982,-0.004592716693878174,-0.004436194896697998,0.004248380661010742,0.3124580979347229,-0.3543626666069031,0.33485734462738037,-0.32489481568336487,1.636476993560791,-1.6352121829986572,1.5514191389083862,-1.6342103481292725
20260708_155717_683245,2026-07-08T15:57:23.795,6.111931,policy,246,sit,0.0,0.0,0.0,0.0,0.0,0.0,0.0,0.0,0.1,none,0.0,0.0,-1.0,-0.0,0.0,0.0,0.0,3.5109071731567383,5.977900981903076,12,can0:12,3.096102714538574,5.848567008972168,,"BL_hip_joint,BR_hip_joint,FL_hip_joint,FR_hip_joint,BL_thigh_joint,BR_thigh_joint,FL_thigh_joint,FR_thigh_joint,BL_calf_joint,BR_calf_joint,FL_calf_joint,FR_calf_joint",330e02f2406e129bb6ed6ec4a6c6bcd5f80d7e7799a2ab087e81eda65d2fae69,"step=000246 mode=sit    vx= 0.000 vy= 0.000 vxy= 0.000 yaw= 0.000 speed=0.10 imu=none tilt_rp=[-0.0,+0.0]deg imu_corr=0.000 act_max= 0.000 tau_cmd= 3.511 tau_cmd_max= 5.978 cmds=12 bus=can0:12 tau_fb= 3.096 tau_fb_max= 5.849",,,,,,,,,,,,,,,,,,,,,,,,,,,,,,,,,,,,,,,,,,,,,,,,,0.0,0.0,0.0,0.0,0.0,0.0,0.0,0.0,0.0,0.0,0.0,0.0,0.0,0.0,0.0,0.0,0.0,0.0,0.0,0.0,0.0,0.0,0.0,0.0,0.08360450714826584,-0.07018176466226578,-0.06941474974155426,0.07708488404750824,0.24659493565559387,-0.286479651927948,0.26922184228897095,-0.23624025285243988,1.6114959716796875,-1.6207001209259033,1.512551188468933,-1.612646460533142,-0.016937773674726486,0.11215551942586899,0.017853328958153725,-0.02288888208568096,0.2934354543685913,-0.12268441170454025,0.19226661324501038,-0.2146977186203003,0.04028443247079849,-0.2595599293708801,0.2146977186203003,-0.051271095871925354,0.0034926533699035645,-0.0036941170692443848,-0.0035682320594787598,0.0034171342849731445,0.3174580931663513,-0.3593626618385315,0.3398573398590088,-0.3298948109149933,1.6371662616729736,-1.6361489295959473,1.5564191341400146,-1.635343074798584
20260708_155717_683245,2026-07-08T15:57:23.818,6.135517,policy,247,sit,0.0,0.0,0.0,0.0,0.0,0.0,0.0,0.0,0.1,none,0.0,0.0,-1.0,-0.0,0.0,0.0,0.0,3.4301936626434326,6.026734828948975,12,can0:12,3.163243532180786,5.837580680847168,,"BL_hip_joint,BR_hip_joint,FL_hip_joint,FR_hip_joint,BL_thigh_joint,BR_thigh_joint,FL_thigh_joint,FR_thigh_joint,BL_calf_joint,BR_calf_joint,FL_calf_joint,FR_calf_joint",330e02f2406e129bb6ed6ec4a6c6bcd5f80d7e7799a2ab087e81eda65d2fae69,"step=000247 mode=sit    vx= 0.000 vy= 0.000 vxy= 0.000 yaw= 0.000 speed=0.10 imu=none tilt_rp=[-0.0,+0.0]deg imu_corr=0.000 act_max= 0.000 tau_cmd= 3.430 tau_cmd_max= 6.027 cmds=12 bus=can0:12 tau_fb= 3.163 tau_fb_max= 5.838",,,,,,,,,,,,,,,,,,,,,,,,,,,,,,,,,,,,,,,,,,,,,,,,,0.0,0.0,0.0,0.0,0.0,0.0,0.0,0.0,0.0,0.0,0.0,0.0,0.0,0.0,0.0,0.0,0.0,0.0,0.0,0.0,0.0,0.0,0.0,0.0,0.08322099596261978,-0.06826423108577728,-0.06941474974155426,0.07708488404750824,0.252731055021286,-0.2880136966705322,0.27497443556785583,-0.24391038715839386,1.6114959716796875,-1.6264528036117554,1.521371841430664,-1.614180564880371,-0.005493331700563431,0.11627551913261414,0.016937773674726486,0.0398266538977623,0.23392437398433685,-0.07599108666181564,0.16022217273712158,-0.3506576716899872,0.06775109469890594,-0.17944884300231934,0.49714651703834534,-0.07507553696632385,0.002732694149017334,-0.002890288829803467,-0.0027918219566345215,0.0026735663414001465,0.32245808839797974,-0.3643626570701599,0.3448573350906372,-0.3348948061466217,1.6377828121185303,-1.6369868516921997,1.561419129371643,-1.6363563537597656
20260708_155717_683245,2026-07-08T15:57:23.842,6.159215,policy,248,sit,0.0,0.0,0.0,0.0,0.0,0.0,0.0,0.0,0.1,none,0.0,0.0,-1.0,-0.0,0.0,0.0,0.0,3.3123531341552734,6.038358211517334,12,can0:12,3.0378124713897705,5.771660327911377,,"BL_hip_joint,BR_hip_joint,FL_hip_joint,FR_hip_joint,BL_thigh_joint,BR_thigh_joint,FL_thigh_joint,FR_thigh_joint,BL_calf_joint,BR_calf_joint,FL_calf_joint,FR_calf_joint",330e02f2406e129bb6ed6ec4a6c6bcd5f80d7e7799a2ab087e81eda65d2fae69,"step=000248 mode=sit    vx= 0.000 vy= 0.000 vxy= 0.000 yaw= 0.000 speed=0.10 imu=none tilt_rp=[-0.0,+0.0]deg imu_corr=0.000 act_max= 0.000 tau_cmd= 3.312 tau_cmd_max= 6.038 cmds=12 bus=can0:12 tau_fb= 3.038 tau_fb_max= 5.772",,,,,,,,,,,,,,,,,,,,,,,,,,,,,,,,,,,,,,,,,,,,,,,,,0.0,0.0,0.0,0.0,0.0,0.0,0.0,0.0,0.0,0.0,0.0,0.0,0.0,0.0,0.0,0.0,0.0,0.0,0.0,0.0,0.0,0.0,0.0,0.0,0.08245398104190826,-0.06634669750928879,-0.06941474974155426,0.07670138031244278,0.2584836483001709,-0.2903147339820862,0.2807270586490631,-0.2546485960483551,1.6114959716796875,-1.6295207738876343,1.5355616807937622,-1.6164815425872803,0.0050355540588498116,0.0787377581000328,-0.03250221163034439,-0.11261329799890518,0.22476881742477417,-0.095675528049469,0.20187993347644806,-0.4353465437889099,0.009155552834272385,-0.07461775839328766,0.5882442593574524,-0.08423108607530594,0.0020633935928344727,-0.0021824240684509277,-0.0021080374717712402,0.002018749713897705,0.32745808362960815,-0.36936265230178833,0.3498573303222656,-0.3398948013782501,1.6383259296417236,-1.6377248764038086,1.5664191246032715,-1.6372487545013428
20260708_155717_683245,2026-07-08T15:57:23.866,6.183016,policy,249,sit,0.0,0.0,0.0,0.0,0.0,0.0,0.0,0.0,0.1,none,0.0,0.0,-1.0,-0.0,0.0,0.0,0.0,3.322124719619751,6.084216117858887,12,can0:12,3.017364740371704,5.844904899597168,,"BL_hip_joint,BR_hip_joint,FL_hip_joint,FR_hip_joint,BL_thigh_joint,BR_thigh_joint,FL_thigh_joint,FR_thigh_joint,BL_calf_joint,BR_calf_joint,FL_calf_joint,FR_calf_joint",330e02f2406e129bb6ed6ec4a6c6bcd5f80d7e7799a2ab087e81eda65d2fae69,"step=000249 mode=sit    vx= 0.000 vy= 0.000 vxy= 0.000 yaw= 0.000 speed=0.10 imu=none tilt_rp=[-0.0,+0.0]deg imu_corr=0.000 act_max= 0.000 tau_cmd= 3.322 tau_cmd_max= 6.084 cmds=12 bus=can0:12 tau_fb= 3.017 tau_fb_max= 5.845",,,,,,,,,,,,,,,,,,,,,,,,,,,,,,,,,,,,,,,,,,,,,,,,,0.0,0.0,0.0,0.0,0.0,0.0,0.0,0.0,0.0,0.0,0.0,0.0,0.0,0.0,0.0,0.0,0.0,0.0,0.0,0.0,0.0,0.0,0.0,0.0,0.0820704773068428,-0.06557968258857727,-0.06864773482084274,0.07593436539173126,0.26270222663879395,-0.2937662899494171,0.286479651927948,-0.2642362415790558,1.6114959716796875,-1.6295207738876343,1.5466833114624023,-1.618782639503479,0.022431105375289917,-0.020142216235399246,0.03387554734945297,-0.06958220154047012,0.12955106794834137,-0.1899777203798294,0.21561327576637268,-0.37583544850349426,0.032959990203380585,-0.01144444104284048,0.2783288061618805,-0.13733328878879547,0.0014859437942504883,-0.0015716552734375,-0.0015180706977844238,0.0014537572860717773,0.3324580788612366,-0.37436264753341675,0.35485732555389404,-0.34489479660987854,1.6387944221496582,-1.6383615732192993,1.5714191198349,-1.6380188465118408
20260708_155717_683245,2026-07-08T15:57:23.889,6.206681,policy,250,sit,0.0,0.0,0.0,0.0,0.0,0.0,0.0,0.0,0.1,none,0.0,0.0,-1.0,-0.0,0.0,0.0,0.0,3.265397787094116,5.895838737487793,12,can0:12,3.0198068618774414,5.775322914123535,,"BL_hip_joint,BR_hip_joint,FL_hip_joint,FR_hip_joint,BL_thigh_joint,BR_thigh_joint,FL_thigh_joint,FR_thigh_joint,BL_calf_joint,BR_calf_joint,FL_calf_joint,FR_calf_joint",330e02f2406e129bb6ed6ec4a6c6bcd5f80d7e7799a2ab087e81eda65d2fae69,"step=000250 mode=sit    vx= 0.000 vy= 0.000 vxy= 0.000 yaw= 0.000 speed=0.10 imu=none tilt_rp=[-0.0,+0.0]deg imu_corr=0.000 act_max= 0.000 tau_cmd= 3.265 tau_cmd_max= 5.896 cmds=12 bus=can0:12 tau_fb= 3.020 tau_fb_max= 5.775",,,,,,,,,,,,,,,,,,,,,,,,,,,,,,,,,,,,,,,,,,,,,,,,,0.0,0.0,0.0,0.0,0.0,0.0,0.0,0.0,0.0,0.0,0.0,0.0,0.0,0.0,0.0,0.0,0.0,0.0,0.0,0.0,0.0,0.0,0.0,0.0,0.08091995865106583,-0.06519617140293121,-0.06788071990013123,0.0755508616566658,0.2661537826061249,-0.300669401884079,0.2922322452068329,-0.27305692434310913,1.6118794679641724,-1.6291372776031494,1.5524358749389648,-1.6210836172103882,-0.054475538432598114,0.05493331700563431,0.017853328958153725,-0.0050355540588498116,0.11261329799890518,-0.43900877237319946,0.1744132786989212,-0.32181769609451294,0.027924437075853348,-0.02471999265253544,0.2774132490158081,-0.0714133158326149,0.0010013580322265625,-0.001059114933013916,-0.0010229945182800293,0.0009796619415283203,0.337458074092865,-0.37936264276504517,0.35985732078552246,-0.34989479184150696,1.6391875743865967,-1.638895869255066,1.5764191150665283,-1.6386648416519165
20260708_155717_683245,2026-07-08T15:57:23.913,6.230390,policy,251,sit,0.0,0.0,0.0,0.0,0.0,0.0,0.0,0.0,0.1,none,0.0,0.0,-1.0,-0.0,0.0,0.0,0.0,3.2024199962615967,5.893975257873535,12,can0:12,3.064668655395508,5.56291389465332,,"BL_hip_joint,BR_hip_joint,FL_hip_joint,FR_hip_joint,BL_thigh_joint,BR_thigh_joint,FL_thigh_joint,FR_thigh_joint,BL_calf_joint,BR_calf_joint,FL_calf_joint,FR_calf_joint",330e02f2406e129bb6ed6ec4a6c6bcd5f80d7e7799a2ab087e81eda65d2fae69,"step=000251 mode=sit    vx= 0.000 vy= 0.000 vxy= 0.000 yaw= 0.000 speed=0.10 imu=none tilt_rp=[-0.0,+0.0]deg imu_corr=0.000 act_max= 0.000 tau_cmd= 3.202 tau_cmd_max= 5.894 cmds=12 bus=can0:12 tau_fb= 3.065 tau_fb_max= 5.563",,,,,,,,,,,,,,,,,,,,,,,,,,,,,,,,,,,,,,,,,,,,,,,,,0.0,0.0,0.0,0.0,0.0,0.0,0.0,0.0,0.0,0.0,0.0,0.0,0.0,0.0,0.0,0.0,0.0,0.0,0.0,0.0,0.0,0.0,0.0,0.0,0.08015294373035431,-0.06519617140293121,-0.06673020124435425,0.07516735047101974,0.2696053385734558,-0.3091065585613251,0.29606732726097107,-0.28226107358932495,1.6114959716796875,-1.6295207738876343,1.5593390464782715,-1.6245352029800415,-0.0398266538977623,-0.022431105375289917,0.01144444104284048,-0.013733329251408577,0.14603106677532196,-0.38544878363609314,0.09750663489103317,-0.3978087604045868,0.016022218391299248,-0.059968870133161545,0.335093230009079,-0.18402661383152008,0.0006107687950134277,-0.0006459951400756836,-0.0006240010261535645,0.000597536563873291,0.3424580693244934,-0.3843626379966736,0.3648573160171509,-0.3548947870731354,1.6395044326782227,-1.639326572418213,1.5814191102981567,-1.6391856670379639
20260708_155717_683245,2026-07-08T15:57:23.937,6.254123,policy,252,sit,0.0,0.0,0.0,0.0,0.0,0.0,0.0,0.0,0.1,none,0.0,0.0,-1.0,-0.0,0.0,0.0,0.0,3.161891222000122,5.6734395027160645,12,can0:12,3.094881772994995,5.467696189880371,,"BL_hip_joint,BR_hip_joint,FL_hip_joint,FR_hip_joint,BL_thigh_joint,BR_thigh_joint,FL_thigh_joint,FR_thigh_joint,BL_calf_joint,BR_calf_joint,FL_calf_joint,FR_calf_joint",330e02f2406e129bb6ed6ec4a6c6bcd5f80d7e7799a2ab087e81eda65d2fae69,"step=000252 mode=sit    vx= 0.000 vy= 0.000 vxy= 0.000 yaw= 0.000 speed=0.10 imu=none tilt_rp=[-0.0,+0.0]deg imu_corr=0.000 act_max= 0.000 tau_cmd= 3.162 tau_cmd_max= 5.673 cmds=12 bus=can0:12 tau_fb= 3.095 tau_fb_max= 5.468",,,,,,,,,,,,,,,,,,,,,,,,,,,,,,,,,,,,,,,,,,,,,,,,,0.0,0.0,0.0,0.0,0.0,0.0,0.0,0.0,0.0,0.0,0.0,0.0,0.0,0.0,0.0,0.0,0.0,0.0,0.0,0.0,0.0,0.0,0.0,0.0,0.07823541015386581,-0.06481266766786575,-0.06519617140293121,0.07440033555030823,0.27459093928337097,-0.3163931965827942,0.29798486828804016,-0.29069823026657104,1.6118794679641724,-1.6295207738876343,1.5662422180175781,-1.62760329246521,-0.0947599709033966,0.020142216235399246,0.06042664870619774,-0.06179998070001602,0.22751548886299133,-0.22751548886299133,0.11261329799890518,-0.2865687906742096,0.005493331700563431,-0.021973326802253723,0.26779991388320923,-0.1501510739326477,0.0003153085708618164,-0.00033348798751831055,-0.00032210350036621094,0.0003085136413574219,0.3474580645561218,-0.389362633228302,0.3698573112487793,-0.3598947823047638,1.6397441625595093,-1.6396522521972656,1.5864191055297852,-1.6395795345306396
20260708_155717_683245,2026-07-08T15:57:23.961,6.277785,policy,253,sit,0.0,0.0,0.0,0.0,0.0,0.0,0.0,0.0,0.1,none,0.0,0.0,-1.0,-0.0,0.0,0.0,0.0,3.272332191467285,5.557671546936035,12,can0:12,3.093356132507324,5.21866512298584,,"BL_hip_joint,BR_hip_joint,FL_hip_joint,FR_hip_joint,BL_thigh_joint,BR_thigh_joint,FL_thigh_joint,FR_thigh_joint,BL_calf_joint,BR_calf_joint,FL_calf_joint,FR_calf_joint",330e02f2406e129bb6ed6ec4a6c6bcd5f80d7e7799a2ab087e81eda65d2fae69,"step=000253 mode=sit    vx= 0.000 vy= 0.000 vxy= 0.000 yaw= 0.000 speed=0.10 imu=none tilt_rp=[-0.0,+0.0]deg imu_corr=0.000 act_max= 0.000 tau_cmd= 3.272 tau_cmd_max= 5.558 cmds=12 bus=can0:12 tau_fb= 3.093 tau_fb_max= 5.219",,,,,,,,,,,,,,,,,,,,,,,,,,,,,,,,,,,,,,,,,,,,,,,,,0.0,0.0,0.0,0.0,0.0,0.0,0.0,0.0,0.0,0.0,0.0,0.0,0.0,0.0,0.0,0.0,0.0,0.0,0.0,0.0,0.0,0.0,0.0,0.0,0.07670138031244278,-0.0644291564822197,-0.06327863782644272,0.07363332808017731,0.28034353256225586,-0.3217622935771942,0.29798486828804016,-0.29530030488967896,1.6122629642486572,-1.6295207738876343,1.5696938037872314,-1.6287537813186646,-0.1034577488899231,0.012817773967981339,0.05722220614552498,-0.0393688790500164,0.20966215431690216,-0.1831110566854477,-0.02700888179242611,-0.13779106736183167,-0.014191106893122196,-0.019226660951972008,0.04943998530507088,-0.017853328958153725,0.00011610984802246094,-0.0001227855682373047,-0.00011861324310302734,0.00011360645294189453,0.35245805978775024,-0.3943626284599304,0.3748573064804077,-0.3648947775363922,1.6399058103561401,-1.6398719549179077,1.5914191007614136,-1.6398451328277588
20260708_155717_683245,2026-07-08T15:57:23.984,6.301542,policy,254,sit,0.0,0.0,0.0,0.0,0.0,0.0,0.0,0.0,0.1,none,0.0,0.0,-1.0,-0.0,0.0,0.0,0.0,3.311415433883667,5.276630401611328,12,can0:12,3.1250953674316406,5.273598670959473,,"BL_hip_joint,BR_hip_joint,FL_hip_joint,FR_hip_joint,BL_thigh_joint,BR_thigh_joint,FL_thigh_joint,FR_thigh_joint,BL_calf_joint,BR_calf_joint,FL_calf_joint,FR_calf_joint",330e02f2406e129bb6ed6ec4a6c6bcd5f80d7e7799a2ab087e81eda65d2fae69,"step=000254 mode=sit    vx= 0.000 vy= 0.000 vxy= 0.000 yaw= 0.000 speed=0.10 imu=none tilt_rp=[-0.0,+0.0]deg imu_corr=0.000 act_max= 0.000 tau_cmd= 3.311 tau_cmd_max= 5.277 cmds=12 bus=can0:12 tau_fb= 3.125 tau_fb_max= 5.274",,,,,,,,,,,,,,,,,,,,,,,,,,,,,,,,,,,,,,,,,,,,,,,,,0.0,0.0,0.0,0.0,0.0,0.0,0.0,0.0,0.0,0.0,0.0,0.0,0.0,0.0,0.0,0.0,0.0,0.0,0.0,0.0,0.0,0.0,0.0,0.0,0.07401683181524277,-0.06404565274715424,-0.06212811917066574,0.07248280197381973,0.2857126295566559,-0.3263643682003021,0.298368364572525,-0.2956838309764862,1.6122629642486572,-1.6295207738876343,1.569310188293457,-1.6291372776031494,-0.1519821733236313,0.04348887503147125,0.051271095871925354,-0.10757774859666824,0.1744132786989212,-0.21790215373039246,0.008239997550845146,0.0398266538977623,0.0315866582095623,-0.06179998070001602,-0.047151096165180206,-0.0398266538977623,1.4185905456542969e-05,-1.4960765838623047e-05,-1.4483928680419922e-05,1.3887882232666016e-05,0.35745805501937866,-0.39936262369155884,0.37985730171203613,-0.36989477276802063,1.6399884223937988,-1.639984369277954,1.596419095993042,-1.6399810314178467
20260708_155717_683245,2026-07-08T15:57:24.008,6.325272,policy,255,sit,0.0,0.0,0.0,0.0,0.0,0.0,0.0,0.0,0.1,none,0.0,0.0,-1.0,-0.0,0.0,0.0,0.0,3.3795032501220703,5.327673435211182,12,can0:12,3.1373026371002197,5.171056270599365,,"BL_hip_joint,BR_hip_joint,FL_hip_joint,FR_hip_joint,BL_thigh_joint,BR_thigh_joint,FL_thigh_joint,FR_thigh_joint,BL_calf_joint,BR_calf_joint,FL_calf_joint,FR_calf_joint",330e02f2406e129bb6ed6ec4a6c6bcd5f80d7e7799a2ab087e81eda65d2fae69,"step=000255 mode=sit    vx= 0.000 vy= 0.000 vxy= 0.000 yaw= 0.000 speed=0.10 imu=none tilt_rp=[-0.0,+0.0]deg imu_corr=0.000 act_max= 0.000 tau_cmd= 3.380 tau_cmd_max= 5.328 cmds=12 bus=can0:12 tau_fb= 3.137 tau_fb_max= 5.171",,,,,,,,,,,,,,,,,,,,,,,,,,,,,,,,,,,,,,,,,,,,,,,,,0.0,0.0,0.0,0.0,0.0,0.0,0.0,0.0,0.0,0.0,0.0,0.0,0.0,0.0,0.0,0.0,0.0,0.0,0.0,0.0,0.0,0.0,0.0,0.0,0.06979825347661972,-0.06404565274715424,-0.06212811917066574,0.07133228331804276,0.28993120789527893,-0.33173346519470215,0.29913538694381714,-0.29530030488967896,1.6122629642486572,-1.6295207738876343,1.5696938037872314,-1.6295207738876343,-0.16937772929668427,0.07324442267417908,0.004577776417136192,-0.01235999632626772,0.08423108607530594,-0.23529770970344543,0.05859553813934326,0.04623554274439812,-0.0050355540588498116,0.044862210750579834,0.04623554274439812,0.0050355540588498116,0.0,0.0,0.0,0.0,0.3624580502510071,-0.40436261892318726,0.38485729694366455,-0.37489476799964905,1.6399999856948853,-1.6399999856948853,1.6014190912246704,-1.6399999856948853
20260708_155717_683245,2026-07-08T15:57:24.032,6.348964,policy,256,sit,0.0,0.0,0.0,0.0,0.0,0.0,0.0,0.0,0.1,none,0.0,0.0,-1.0,-0.0,0.0,0.0,0.0,3.354724168777466,5.249547004699707,12,can0:12,3.146458387374878,5.083162784576416,,"BL_hip_joint,BR_hip_joint,FL_hip_joint,FR_hip_joint,BL_thigh_joint,BR_thigh_joint,FL_thigh_joint,FR_thigh_joint,BL_calf_joint,BR_calf_joint,FL_calf_joint,FR_calf_joint",330e02f2406e129bb6ed6ec4a6c6bcd5f80d7e7799a2ab087e81eda65d2fae69,"step=000256 mode=sit    vx= 0.000 vy= 0.000 vxy= 0.000 yaw= 0.000 speed=0.10 imu=none tilt_rp=[-0.0,+0.0]deg imu_corr=0.000 act_max= 0.000 tau_cmd= 3.355 tau_cmd_max= 5.250 cmds=12 bus=can0:12 tau_fb= 3.146 tau_fb_max= 5.083",,,,,,,,,,,,,,,,,,,,,,,,,,,,,,,,,,,,,,,,,,,,,,,,,0.0,0.0,0.0,0.0,0.0,0.0,0.0,0.0,0.0,0.0,0.0,0.0,0.0,0.0,0.0,0.0,0.0,0.0,0.0,0.0,0.0,0.0,0.0,0.0,0.06366214901208878,-0.06404565274715424,-0.0625116229057312,0.07056526839733124,0.29338279366493225,-0.3386366069316864,0.300669401884079,-0.2949168086051941,1.6122629642486572,-1.6295207738876343,1.5700773000717163,-1.6291372776031494,-0.22888882458209991,-0.031128879636526108,-0.053559985011816025,-0.0238044373691082,0.17303994297981262,-0.3337199091911316,0.10711997002363205,0.0050355540588498116,-0.032959990203380585,-0.04669332131743431,0.08239997923374176,-0.0476088747382164,0.0,0.0,0.0,0.0,0.3674580454826355,-0.4093626141548157,0.38985729217529297,-0.37989476323127747,1.6399999856948853,-1.6399999856948853,1.6064190864562988,-1.6399999856948853
20260708_155717_683245,2026-07-08T15:57:24.055,6.372652,policy,257,sit,0.0,0.0,0.0,0.0,0.0,0.0,0.0,0.0,0.1,none,0.0,0.0,-1.0,-0.0,0.0,0.0,0.0,3.3426010608673096,5.121311187744141,12,can0:12,3.1150243282318115,4.826807498931885,,"BL_hip_joint,BR_hip_joint,FL_hip_joint,FR_hip_joint,BL_thigh_joint,BR_thigh_joint,FL_thigh_joint,FR_thigh_joint,BL_calf_joint,BR_calf_joint,FL_calf_joint,FR_calf_joint",330e02f2406e129bb6ed6ec4a6c6bcd5f80d7e7799a2ab087e81eda65d2fae69,"step=000257 mode=sit    vx= 0.000 vy= 0.000 vxy= 0.000 yaw= 0.000 speed=0.10 imu=none tilt_rp=[-0.0,+0.0]deg imu_corr=0.000 act_max= 0.000 tau_cmd= 3.343 tau_cmd_max= 5.121 cmds=12 bus=can0:12 tau_fb= 3.115 tau_fb_max= 4.827",,,,,,,,,,,,,,,,,,,,,,,,,,,,,,,,,,,,,,,,,,,,,,,,,0.0,0.0,0.0,0.0,0.0,0.0,0.0,0.0,0.0,0.0,0.0,0.0,0.0,0.0,0.0,0.0,0.0,0.0,0.0,0.0,0.0,0.0,0.0,0.0,0.057909540832042694,-0.06366214901208878,-0.0625116229057312,0.0690312385559082,0.29606732726097107,-0.34477269649505615,0.30373746156692505,-0.29530030488967896,1.612646460533142,-1.6295207738876343,1.5716112852096558,-1.6295207738876343,-0.18494217097759247,0.010528885759413242,-0.021057771518826485,-0.031128879636526108,0.10071108490228653,-0.24765770137310028,0.1991332769393921,0.010986663401126862,-0.032044436782598495,-0.04440443217754364,0.16479995846748352,-0.08972442150115967,0.0,0.0,0.0,0.0,0.3724580407142639,-0.4143626093864441,0.3948572874069214,-0.3848947584629059,1.6399999856948853,-1.6399999856948853,1.6114190816879272,-1.6399999856948853
20260708_155717_683245,2026-07-08T15:57:24.079,6.396405,policy,258,sit,0.0,0.0,0.0,0.0,0.0,0.0,0.0,0.0,0.1,none,0.0,0.0,-1.0,-0.0,0.0,0.0,0.0,3.377582550048828,4.988208293914795,12,can0:12,3.086947202682495,4.77919864654541,,"BL_hip_joint,BR_hip_joint,FL_hip_joint,FR_hip_joint,BL_thigh_joint,BR_thigh_joint,FL_thigh_joint,FR_thigh_joint,BL_calf_joint,BR_calf_joint,FL_calf_joint,FR_calf_joint",330e02f2406e129bb6ed6ec4a6c6bcd5f80d7e7799a2ab087e81eda65d2fae69,"step=000258 mode=sit    vx= 0.000 vy= 0.000 vxy= 0.000 yaw= 0.000 speed=0.10 imu=none tilt_rp=[-0.0,+0.0]deg imu_corr=0.000 act_max= 0.000 tau_cmd= 3.378 tau_cmd_max= 4.988 cmds=12 bus=can0:12 tau_fb= 3.087 tau_fb_max= 4.779",,,,,,,,,,,,,,,,,,,,,,,,,,,,,,,,,,,,,,,,,,,,,,,,,0.0,0.0,0.0,0.0,0.0,0.0,0.0,0.0,0.0,0.0,0.0,0.0,0.0,0.0,0.0,0.0,0.0,0.0,0.0,0.0,0.0,0.0,0.0,0.0,0.05445798113942146,-0.06327863782644272,-0.0625116229057312,0.06711370497941971,0.29990240931510925,-0.3478407561779022,0.30949005484580994,-0.29606732726097107,1.6130300760269165,-1.6295207738876343,1.5746793746948242,-1.6295207738876343,-0.05722220614552498,-0.01235999632626772,-0.06637775897979736,-0.025177771225571632,0.125888854265213,-0.09887997061014175,0.32181769609451294,-0.0,-0.0068666646257042885,0.010071108117699623,0.2055421620607376,-0.04440443217754364,0.0,0.0,0.0,0.0,0.37745803594589233,-0.4193626046180725,0.3998572826385498,-0.3898947536945343,1.6399999856948853,-1.6399999856948853,1.6164190769195557,-1.6399999856948853
20260708_155717_683245,2026-07-08T15:57:24.103,6.420152,policy,259,sit,0.0,0.0,0.0,0.0,0.0,0.0,0.0,0.0,0.1,none,0.0,0.0,-1.0,-0.0,0.0,0.0,0.0,3.3554086685180664,4.8414435386657715,12,can0:12,3.0445263385772705,4.830469608306885,,"BL_hip_joint,BR_hip_joint,FL_hip_joint,FR_hip_joint,BL_thigh_joint,BR_thigh_joint,FL_thigh_joint,FR_thigh_joint,BL_calf_joint,BR_calf_joint,FL_calf_joint,FR_calf_joint",330e02f2406e129bb6ed6ec4a6c6bcd5f80d7e7799a2ab087e81eda65d2fae69,"step=000259 mode=sit    vx= 0.000 vy= 0.000 vxy= 0.000 yaw= 0.000 speed=0.10 imu=none tilt_rp=[-0.0,+0.0]deg imu_corr=0.000 act_max= 0.000 tau_cmd= 3.355 tau_cmd_max= 4.841 cmds=12 bus=can0:12 tau_fb= 3.045 tau_fb_max= 4.830",,,,,,,,,,,,,,,,,,,,,,,,,,,,,,,,,,,,,,,,,,,,,,,,,0.0,0.0,0.0,0.0,0.0,0.0,0.0,0.0,0.0,0.0,0.0,0.0,0.0,0.0,0.0,0.0,0.0,0.0,0.0,0.0,0.0,0.0,0.0,0.0,0.05484148859977722,-0.06289513409137726,-0.0625116229057312,0.06481266766786575,0.304887980222702,-0.3489912748336792,0.31792721152305603,-0.29645082354545593,1.6137970685958862,-1.6295207738876343,1.579664945602417,-1.6295207738876343,0.044862210750579834,0.01235999632626772,-0.04852443188428879,-0.11810663342475891,0.25040435791015625,-0.0119022186845541,0.41520431637763977,-0.044862210750579834,-0.021057771518826485,0.0032044434919953346,0.22431103885173798,0.015564439818263054,0.0,0.0,0.0,0.0,0.38245803117752075,-0.4243625998497009,0.4048572778701782,-0.3948947489261627,1.6399999856948853,-1.6399999856948853,1.621419072151184,-1.6399999856948853
20260708_155717_683245,2026-07-08T15:57:24.127,6.444034,policy,260,sit,0.0,0.0,0.0,0.0,0.0,0.0,0.0,0.0,0.1,none,0.0,0.0,-1.0,-0.0,0.0,0.0,0.0,3.2968556880950928,4.826200008392334,12,can0:12,3.019500970840454,4.793847560882568,,"BL_hip_joint,BR_hip_joint,FL_hip_joint,FR_hip_joint,BL_thigh_joint,BR_thigh_joint,FL_thigh_joint,FR_thigh_joint,BL_calf_joint,BR_calf_joint,FL_calf_joint,FR_calf_joint",330e02f2406e129bb6ed6ec4a6c6bcd5f80d7e7799a2ab087e81eda65d2fae69,"step=000260 mode=sit    vx= 0.000 vy= 0.000 vxy= 0.000 yaw= 0.000 speed=0.10 imu=none tilt_rp=[-0.0,+0.0]deg imu_corr=0.000 act_max= 0.000 tau_cmd= 3.297 tau_cmd_max= 4.826 cmds=12 bus=can0:12 tau_fb= 3.020 tau_fb_max= 4.794",,,,,,,,,,,,,,,,,,,,,,,,,,,,,,,,,,,,,,,,,,,,,,,,,0.0,0.0,0.0,0.0,0.0,0.0,0.0,0.0,0.0,0.0,0.0,0.0,0.0,0.0,0.0,0.0,0.0,0.0,0.0,0.0,0.0,0.0,0.0,0.0,0.05675902217626572,-0.06289513409137726,-0.0625116229057312,0.06212811917066574,0.31140759587287903,-0.34937480092048645,0.3275148868560791,-0.29913538694381714,1.6137970685958862,-1.6295207738876343,1.5877186059951782,-1.6295207738876343,0.1185644119977951,0.009613330475986004,0.04257332161068916,-0.08011108636856079,0.2558977007865906,-0.036164432764053345,0.46510207653045654,-0.11764885485172272,-0.05401776358485222,0.021973326802253723,0.43214210867881775,0.04669332131743431,0.0,0.0,0.0,0.0,0.38745802640914917,-0.42936259508132935,0.40985727310180664,-0.39989474415779114,1.6399999856948853,-1.6399999856948853,1.6264190673828125,-1.6399999856948853
20260708_155717_683245,2026-07-08T15:57:24.151,6.468006,policy,261,sit,0.0,0.0,0.0,0.0,0.0,0.0,0.0,0.0,0.1,none,0.0,0.0,-1.0,-0.0,0.0,0.0,0.0,3.147197723388672,4.8564677238464355,12,can0:12,2.9700613021850586,4.771873950958252,,"BL_hip_joint,BR_hip_joint,FL_hip_joint,FR_hip_joint,BL_thigh_joint,BR_thigh_joint,FL_thigh_joint,FR_thigh_joint,BL_calf_joint,BR_calf_joint,FL_calf_joint,FR_calf_joint",330e02f2406e129bb6ed6ec4a6c6bcd5f80d7e7799a2ab087e81eda65d2fae69,"step=000261 mode=sit    vx= 0.000 vy= 0.000 vxy= 0.000 yaw= 0.000 speed=0.10 imu=none tilt_rp=[-0.0,+0.0]deg imu_corr=0.000 act_max= 0.000 tau_cmd= 3.147 tau_cmd_max= 4.856 cmds=12 bus=can0:12 tau_fb= 2.970 tau_fb_max= 4.772",,,,,,,,,,,,,,,,,,,,,,,,,,,,,,,,,,,,,,,,,,,,,,,,,0.0,0.0,0.0,0.0,0.0,0.0,0.0,0.0,0.0,0.0,0.0,0.0,0.0,0.0,0.0,0.0,0.0,0.0,0.0,0.0,0.0,0.0,0.0,0.0,0.05829304829239845,-0.06289513409137726,-0.0625116229057312,0.05944357067346573,0.31869423389434814,-0.34937480092048645,0.3371025621891022,-0.30450448393821716,1.614180564880371,-1.6295207738876343,1.601141333580017,-1.6291372776031494,0.021973326802253723,-0.0476088747382164,-0.09338664263486862,-0.09338664263486862,0.3497421145439148,-0.038453321903944016,0.4193243086338043,-0.33143100142478943,0.05310220643877983,0.025177771225571632,0.6436353921890259,0.006408886983990669,0.0,0.0,0.0,0.0,0.3924580216407776,-0.43436259031295776,0.41485726833343506,-0.40489473938941956,1.6399999856948853,-1.6399999856948853,1.631419062614441,-1.6399999856948853
20260708_155717_683245,2026-07-08T15:57:24.175,6.491858,policy,262,sit,0.0,0.0,0.0,0.0,0.0,0.0,0.0,0.0,0.1,none,0.0,0.0,-1.0,-0.0,0.0,0.0,0.0,3.141970634460449,4.782978057861328,12,can0:12,2.9441206455230713,4.77919864654541,,"BL_hip_joint,BR_hip_joint,FL_hip_joint,FR_hip_joint,BL_thigh_joint,BR_thigh_joint,FL_thigh_joint,FR_thigh_joint,BL_calf_joint,BR_calf_joint,FL_calf_joint,FR_calf_joint",330e02f2406e129bb6ed6ec4a6c6bcd5f80d7e7799a2ab087e81eda65d2fae69,"step=000262 mode=sit    vx= 0.000 vy= 0.000 vxy= 0.000 yaw= 0.000 speed=0.10 imu=none tilt_rp=[-0.0,+0.0]deg imu_corr=0.000 act_max= 0.000 tau_cmd= 3.142 tau_cmd_max= 4.783 cmds=12 bus=can0:12 tau_fb= 2.944 tau_fb_max= 4.779",,,,,,,,,,,,,,,,,,,,,,,,,,,,,,,,,,,,,,,,,,,,,,,,,0.0,0.0,0.0,0.0,0.0,0.0,0.0,0.0,0.0,0.0,0.0,0.0,0.0,0.0,0.0,0.0,0.0,0.0,0.0,0.0,0.0,0.0,0.0,0.0,0.05867655575275421,-0.06327863782644272,-0.06212811917066574,0.05637551471590996,0.32444682717323303,-0.34937480092048645,0.3451562225818634,-0.31485915184020996,1.6137970685958862,-1.6295207738876343,1.6118794679641724,-1.6295207738876343,0.005493331700563431,-0.02059999480843544,0.017853328958153725,-0.10620441287755966,0.16067995131015778,-0.00045777764171361923,0.32135990262031555,-0.4499954283237457,-0.03021332435309887,0.00595110934227705,0.287484347820282,-0.021057771518826485,0.0,0.0,0.0,0.0,0.397458016872406,-0.4393625855445862,0.4198572635650635,-0.409894734621048,1.6399999856948853,-1.6399999856948853,1.6364190578460693,-1.6399999856948853
20260708_155717_683245,2026-07-08T15:57:24.198,6.515525,policy,263,sit,0.0,0.0,0.0,0.0,0.0,0.0,0.0,0.0,0.1,none,0.0,0.0,-1.0,-0.0,0.0,0.0,0.0,3.0981147289276123,4.753063201904297,12,can0:12,2.8980376720428467,4.7352519035339355,,"BL_hip_joint,BR_hip_joint,FL_hip_joint,FR_hip_joint,BL_thigh_joint,BR_thigh_joint,FL_thigh_joint,FR_thigh_joint,BL_calf_joint,BR_calf_joint,FL_calf_joint,FR_calf_joint",330e02f2406e129bb6ed6ec4a6c6bcd5f80d7e7799a2ab087e81eda65d2fae69,"step=000263 mode=sit    vx= 0.000 vy= 0.000 vxy= 0.000 yaw= 0.000 speed=0.10 imu=none tilt_rp=[-0.0,+0.0]deg imu_corr=0.000 act_max= 0.000 tau_cmd= 3.098 tau_cmd_max= 4.753 cmds=12 bus=can0:12 tau_fb= 2.898 tau_fb_max= 4.735",,,,,,,,,,,,,,,,,,,,,,,,,,,,,,,,,,,,,,,,,,,,,,,,,0.0,0.0,0.0,0.0,0.0,0.0,0.0,0.0,0.0,0.0,0.0,0.0,0.0,0.0,0.0,0.0,0.0,0.0,0.0,0.0,0.0,0.0,0.0,0.0,0.05829304829239845,-0.06289513409137726,-0.06212811917066574,0.05522499233484268,0.32904893159866333,-0.3501417934894562,0.35320985317230225,-0.326747864484787,1.6137970685958862,-1.6295207738876343,1.6168650388717651,-1.6295207738876343,-0.032959990203380585,-0.014648884534835815,0.09613330662250519,-0.04211554303765297,0.1895199418067932,0.023346660658717155,0.33005768060684204,-0.46510207653045654,0.044862210750579834,-0.02471999265253544,0.1977599412202835,0.07599108666181564,0.0,0.0,0.0,0.0,0.4024580121040344,-0.4443625807762146,0.4248572587966919,-0.4148947298526764,1.6399999856948853,-1.6399999856948853,1.6399999856948853,-1.6399999856948853
20260708_155717_683245,2026-07-08T15:57:24.222,6.539225,policy,264,sit,0.0,0.0,0.0,0.0,0.0,0.0,0.0,0.0,0.1,none,0.0,0.0,-1.0,-0.0,0.0,0.0,0.0,3.060129165649414,4.741030693054199,12,can0:12,2.848597764968872,4.676656246185303,,"BL_hip_joint,BR_hip_joint,FL_hip_joint,FR_hip_joint,BL_thigh_joint,BR_thigh_joint,FL_thigh_joint,FR_thigh_joint,BL_calf_joint,BR_calf_joint,FL_calf_joint,FR_calf_joint",330e02f2406e129bb6ed6ec4a6c6bcd5f80d7e7799a2ab087e81eda65d2fae69,"step=000264 mode=sit    vx= 0.000 vy= 0.000 vxy= 0.000 yaw= 0.000 speed=0.10 imu=none tilt_rp=[-0.0,+0.0]deg imu_corr=0.000 act_max= 0.000 tau_cmd= 3.060 tau_cmd_max= 4.741 cmds=12 bus=can0:12 tau_fb= 2.849 tau_fb_max= 4.677",,,,,,,,,,,,,,,,,,,,,,,,,,,,,,,,,,,,,,,,,,,,,,,,,0.0,0.0,0.0,0.0,0.0,0.0,0.0,0.0,0.0,0.0,0.0,0.0,0.0,0.0,0.0,0.0,0.0,0.0,0.0,0.0,0.0,0.0,0.0,0.0,0.05829304829239845,-0.06289513409137726,-0.06212811917066574,0.05484148859977722,0.33250048756599426,-0.35205933451652527,0.3601129651069641,-0.3371025621891022,1.6137970685958862,-1.6295207738876343,1.6214672327041626,-1.6295207738876343,-0.012817773967981339,-0.013275551609694958,-0.013275551609694958,0.015564439818263054,0.22614215314388275,-0.12543107569217682,0.2760399281978607,-0.38361766934394836,0.07278664410114288,0.002288888208568096,0.19272439181804657,-0.03662221133708954,0.0,0.0,0.0,0.0,0.40745800733566284,-0.449362576007843,0.4298572540283203,-0.4198947250843048,1.6399999856948853,-1.6399999856948853,1.6399999856948853,-1.6399999856948853
20260708_155717_683245,2026-07-08T15:57:24.246,6.563105,policy,265,sit,0.0,0.0,0.0,0.0,0.0,0.0,0.0,0.0,0.1,none,0.0,0.0,-1.0,-0.0,0.0,0.0,0.0,2.9892168045043945,4.770694732666016,12,can0:12,2.8748435974121094,4.720602989196777,,"BL_hip_joint,BR_hip_joint,FL_hip_joint,FR_hip_joint,BL_thigh_joint,BR_thigh_joint,FL_thigh_joint,FR_thigh_joint,BL_calf_joint,BR_calf_joint,FL_calf_joint,FR_calf_joint",330e02f2406e129bb6ed6ec4a6c6bcd5f80d7e7799a2ab087e81eda65d2fae69,"step=000265 mode=sit    vx= 0.000 vy= 0.000 vxy= 0.000 yaw= 0.000 speed=0.10 imu=none tilt_rp=[-0.0,+0.0]deg imu_corr=0.000 act_max= 0.000 tau_cmd= 2.989 tau_cmd_max= 4.771 cmds=12 bus=can0:12 tau_fb= 2.875 tau_fb_max= 4.721",,,,,,,,,,,,,,,,,,,,,,,,,,,,,,,,,,,,,,,,,,,,,,,,,0.0,0.0,0.0,0.0,0.0,0.0,0.0,0.0,0.0,0.0,0.0,0.0,0.0,0.0,0.0,0.0,0.0,0.0,0.0,0.0,0.0,0.0,0.0,0.0,0.05829304829239845,-0.06289513409137726,-0.06212811917066574,0.05522499233484268,0.3371025621891022,-0.3566614091396332,0.36548206210136414,-0.3478407561779022,1.614180564880371,-1.6295207738876343,1.6279867887496948,-1.6295207738876343,0.0068666646257042885,-0.029755547642707825,-0.0196844395250082,0.030671102926135063,0.21011993288993835,-0.2792443633079529,0.10254219174385071,-0.49485763907432556,0.007324442267417908,-0.019226660951972008,0.3012176752090454,-0.007782219909131527,0.0,0.0,0.0,0.0,0.41245800256729126,-0.45436257123947144,0.43485724925994873,-0.4248947203159332,1.6399999856948853,-1.6399999856948853,1.6399999856948853,-1.6399999856948853
20260708_155717_683245,2026-07-08T15:57:24.270,6.586964,policy,266,sit,0.0,0.0,0.0,0.0,0.0,0.0,0.0,0.0,0.1,none,0.0,0.0,-1.0,-0.0,0.0,0.0,0.0,2.9474804401397705,4.77473783493042,12,can0:12,2.8730125427246094,4.672994136810303,,"BL_hip_joint,BR_hip_joint,FL_hip_joint,FR_hip_joint,BL_thigh_joint,BR_thigh_joint,FL_thigh_joint,FR_thigh_joint,BL_calf_joint,BR_calf_joint,FL_calf_joint,FR_calf_joint",330e02f2406e129bb6ed6ec4a6c6bcd5f80d7e7799a2ab087e81eda65d2fae69,"step=000266 mode=sit    vx= 0.000 vy= 0.000 vxy= 0.000 yaw= 0.000 speed=0.10 imu=none tilt_rp=[-0.0,+0.0]deg imu_corr=0.000 act_max= 0.000 tau_cmd= 2.947 tau_cmd_max= 4.775 cmds=12 bus=can0:12 tau_fb= 2.873 tau_fb_max= 4.673",,,,,,,,,,,,,,,,,,,,,,,,,,,,,,,,,,,,,,,,,,,,,,,,,0.0,0.0,0.0,0.0,0.0,0.0,0.0,0.0,0.0,0.0,0.0,0.0,0.0,0.0,0.0,0.0,0.0,0.0,0.0,0.0,0.0,0.0,0.0,0.0,0.05829304829239845,-0.06327863782644272,-0.06212811917066574,0.05522499233484268,0.3424716591835022,-0.36433154344558716,0.3685501217842102,-0.35704493522644043,1.6137970685958862,-1.6295207738876343,1.6345064640045166,-1.6299042701721191,-0.014191106893122196,-0.016022218391299248,0.022431105375289917,0.041657764464616776,0.26779991388320923,-0.41657766699790955,0.04348887503147125,-0.335093230009079,-0.016479995101690292,-0.04577776417136192,0.18082216382026672,0.041657764464616776,0.0,0.0,0.0,0.0,0.4174579977989197,-0.45936256647109985,0.43985724449157715,-0.42989471554756165,1.6399999856948853,-1.6399999856948853,1.6399999856948853,-1.6399999856948853
20260708_155717_683245,2026-07-08T15:57:24.293,6.610705,policy,267,sit,0.0,0.0,0.0,0.0,0.0,0.0,0.0,0.0,0.1,none,0.0,0.0,-1.0,-0.0,0.0,0.0,0.0,2.968428373336792,4.6505446434021,12,can0:12,2.855616807937622,4.78286075592041,,"BL_hip_joint,BR_hip_joint,FL_hip_joint,FR_hip_joint,BL_thigh_joint,BR_thigh_joint,FL_thigh_joint,FR_thigh_joint,BL_calf_joint,BR_calf_joint,FL_calf_joint,FR_calf_joint",330e02f2406e129bb6ed6ec4a6c6bcd5f80d7e7799a2ab087e81eda65d2fae69,"step=000267 mode=sit    vx= 0.000 vy= 0.000 vxy= 0.000 yaw= 0.000 speed=0.10 imu=none tilt_rp=[-0.0,+0.0]deg imu_corr=0.000 act_max= 0.000 tau_cmd= 2.968 tau_cmd_max= 4.651 cmds=12 bus=can0:12 tau_fb= 2.856 tau_fb_max= 4.783",,,,,,,,,,,,,,,,,,,,,,,,,,,,,,,,,,,,,,,,,,,,,,,,,0.0,0.0,0.0,0.0,0.0,0.0,0.0,0.0,0.0,0.0,0.0,0.0,0.0,0.0,0.0,0.0,0.0,0.0,0.0,0.0,0.0,0.0,0.0,0.0,0.05829304829239845,-0.06289513409137726,-0.06212811917066574,0.05484148859977722,0.3478407561779022,-0.37545326352119446,0.37008416652679443,-0.3627975285053253,1.614180564880371,-1.6295207738876343,1.6345064640045166,-1.6299042701721191,0.01739555038511753,0.06042664870619774,0.0050355540588498116,-0.04440443217754364,0.17166662216186523,-0.4623554050922394,0.07644886523485184,-0.221564382314682,0.008697775192558765,0.0791955292224884,-0.051271095871925354,-0.015106662176549435,0.0,0.0,0.0,0.0,0.4224579930305481,-0.46436256170272827,0.44485723972320557,-0.43489471077919006,1.6399999856948853,-1.6399999856948853,1.6399999856948853,-1.6399999856948853
20260708_155717_683245,2026-07-08T15:57:24.317,6.634345,policy,268,sit,0.0,0.0,0.0,0.0,0.0,0.0,0.0,0.0,0.1,none,0.0,0.0,-1.0,-0.0,0.0,0.0,0.0,3.027989625930786,4.792943000793457,12,can0:12,2.8830833435058594,4.720602989196777,,"BL_hip_joint,BR_hip_joint,FL_hip_joint,FR_hip_joint,BL_thigh_joint,BR_thigh_joint,FL_thigh_joint,FR_thigh_joint,BL_calf_joint,BR_calf_joint,FL_calf_joint,FR_calf_joint",330e02f2406e129bb6ed6ec4a6c6bcd5f80d7e7799a2ab087e81eda65d2fae69,"step=000268 mode=sit    vx= 0.000 vy= 0.000 vxy= 0.000 yaw= 0.000 speed=0.10 imu=none tilt_rp=[-0.0,+0.0]deg imu_corr=0.000 act_max= 0.000 tau_cmd= 3.028 tau_cmd_max= 4.793 cmds=12 bus=can0:12 tau_fb= 2.883 tau_fb_max= 4.721",,,,,,,,,,,,,,,,,,,,,,,,,,,,,,,,,,,,,,,,,,,,,,,,,0.0,0.0,0.0,0.0,0.0,0.0,0.0,0.0,0.0,0.0,0.0,0.0,0.0,0.0,0.0,0.0,0.0,0.0,0.0,0.0,0.0,0.0,0.0,0.0,0.05829304829239845,-0.06289513409137726,-0.06212811917066574,0.05484148859977722,0.3528263568878174,-0.3854244351387024,0.3716181814670563,-0.3658655881881714,1.614180564880371,-1.6295207738876343,1.6329723596572876,-1.6299042701721191,0.06408887356519699,-0.04211554303765297,-0.05767998471856117,0.004577776417136192,0.24811547994613647,-0.39368876814842224,0.0050355540588498116,-0.04028443247079849,0.053559985011816025,-0.014191106893122196,-0.031128879636526108,-0.041657764464616776,0.0,0.0,0.0,0.0,0.4274579882621765,-0.4693625569343567,0.449857234954834,-0.4398947060108185,1.6399999856948853,-1.6399999856948853,1.6399999856948853,-1.6399999856948853
20260708_155717_683245,2026-07-08T15:57:24.341,6.658000,policy,269,sit,0.0,0.0,0.0,0.0,0.0,0.0,0.0,0.0,0.1,none,0.0,0.0,-1.0,-0.0,0.0,0.0,0.0,3.0156993865966797,4.722078800201416,12,can0:12,2.8778955936431885,4.771873950958252,,"BL_hip_joint,BR_hip_joint,FL_hip_joint,FR_hip_joint,BL_thigh_joint,BR_thigh_joint,FL_thigh_joint,FR_thigh_joint,BL_calf_joint,BR_calf_joint,FL_calf_joint,FR_calf_joint",330e02f2406e129bb6ed6ec4a6c6bcd5f80d7e7799a2ab087e81eda65d2fae69,"step=000269 mode=sit    vx= 0.000 vy= 0.000 vxy= 0.000 yaw= 0.000 speed=0.10 imu=none tilt_rp=[-0.0,+0.0]deg imu_corr=0.000 act_max= 0.000 tau_cmd= 3.016 tau_cmd_max= 4.722 cmds=12 bus=can0:12 tau_fb= 2.878 tau_fb_max= 4.772",,,,,,,,,,,,,,,,,,,,,,,,,,,,,,,,,,,,,,,,,,,,,,,,,0.0,0.0,0.0,0.0,0.0,0.0,0.0,0.0,0.0,0.0,0.0,0.0,0.0,0.0,0.0,0.0,0.0,0.0,0.0,0.0,0.0,0.0,0.0,0.0,0.05829304829239845,-0.06289513409137726,-0.06212811917066574,0.05522499233484268,0.3566614091396332,-0.3946286141872406,0.3731522262096405,-0.3673996031284332,1.614180564880371,-1.6295207738876343,1.6325888633728027,-1.6299042701721191,-0.043946653604507446,-0.0027466658502817154,0.07782220095396042,-0.0709555372595787,0.14419995248317719,-0.36942654848098755,0.025635547935962677,0.0196844395250082,0.026551103219389915,-0.03387554734945297,0.01235999632626772,-0.03662221133708954,0.0,0.0,0.0,0.0,0.43245798349380493,-0.4743625521659851,0.4548572301864624,-0.4448947012424469,1.6399999856948853,-1.6399999856948853,1.6399999856948853,-1.6399999856948853
20260708_155717_683245,2026-07-08T15:57:24.365,6.681740,policy,270,sit,0.0,0.0,0.0,0.0,0.0,0.0,0.0,0.0,0.1,none,0.0,0.0,-1.0,-0.0,0.0,0.0,0.0,3.0372698307037354,4.730319023132324,12,can0:12,2.8794212341308594,4.7389140129089355,,"BL_hip_joint,BR_hip_joint,FL_hip_joint,FR_hip_joint,BL_thigh_joint,BR_thigh_joint,FL_thigh_joint,FR_thigh_joint,BL_calf_joint,BR_calf_joint,FL_calf_joint,FR_calf_joint",330e02f2406e129bb6ed6ec4a6c6bcd5f80d7e7799a2ab087e81eda65d2fae69,"step=000270 mode=sit    vx= 0.000 vy= 0.000 vxy= 0.000 yaw= 0.000 speed=0.10 imu=none tilt_rp=[-0.0,+0.0]deg imu_corr=0.000 act_max= 0.000 tau_cmd= 3.037 tau_cmd_max= 4.730 cmds=12 bus=can0:12 tau_fb= 2.879 tau_fb_max= 4.739",,,,,,,,,,,,,,,,,,,,,,,,,,,,,,,,,,,,,,,,,,,,,,,,,0.0,0.0,0.0,0.0,0.0,0.0,0.0,0.0,0.0,0.0,0.0,0.0,0.0,0.0,0.0,0.0,0.0,0.0,0.0,0.0,0.0,0.0,0.0,0.0,0.05829304829239845,-0.06289513409137726,-0.06212811917066574,0.05522499233484268,0.3601129651069641,-0.4042162597179413,0.3758367598056793,-0.3693171441555023,1.614180564880371,-1.6295207738876343,1.6325888633728027,-1.6299042701721191,-0.047151096165180206,-0.007324442267417908,-0.00595110934227705,0.04303110018372536,0.13641773164272308,-0.3675954341888428,0.1748710572719574,-0.05081331729888916,0.02609332650899887,-0.01235999632626772,0.0393688790500164,0.05767998471856117,0.0,0.0,0.0,0.0,0.43745797872543335,-0.4793625473976135,0.4598572254180908,-0.4498946964740753,1.6399999856948853,-1.6399999856948853,1.6399999856948853,-1.6399999856948853
20260708_155717_683245,2026-07-08T15:57:24.388,6.705354,policy,271,sit,0.0,0.0,0.0,0.0,0.0,0.0,0.0,0.0,0.1,none,0.0,0.0,-1.0,-0.0,0.0,0.0,0.0,3.0385820865631104,4.710542678833008,12,can0:12,2.8858301639556885,4.691305160522461,,"BL_hip_joint,BR_hip_joint,FL_hip_joint,FR_hip_joint,BL_thigh_joint,BR_thigh_joint,FL_thigh_joint,FR_thigh_joint,BL_calf_joint,BR_calf_joint,FL_calf_joint,FR_calf_joint",330e02f2406e129bb6ed6ec4a6c6bcd5f80d7e7799a2ab087e81eda65d2fae69,"step=000271 mode=sit    vx= 0.000 vy= 0.000 vxy= 0.000 yaw= 0.000 speed=0.10 imu=none tilt_rp=[-0.0,+0.0]deg imu_corr=0.000 act_max= 0.000 tau_cmd= 3.039 tau_cmd_max= 4.711 cmds=12 bus=can0:12 tau_fb= 2.886 tau_fb_max= 4.691",,,,,,,,,,,,,,,,,,,,,,,,,,,,,,,,,,,,,,,,,,,,,,,,,0.0,0.0,0.0,0.0,0.0,0.0,0.0,0.0,0.0,0.0,0.0,0.0,0.0,0.0,0.0,0.0,0.0,0.0,0.0,0.0,0.0,0.0,0.0,0.0,0.05829304829239845,-0.06289513409137726,-0.0625116229057312,0.05522499233484268,0.36241403222084045,-0.4126534163951874,0.3808223605155945,-0.3723852038383484,1.614180564880371,-1.6295207738876343,1.6325888633728027,-1.6295207738876343,0.021973326802253723,0.003662221133708954,0.04531998559832573,-0.0027466658502817154,0.11307107657194138,-0.28839990496635437,0.22659993171691895,-0.18677328526973724,0.02471999265253544,0.03799554333090782,0.0196844395250082,0.053559985011816025,0.0,0.0,0.0,0.0,0.44245797395706177,-0.48436254262924194,0.46485722064971924,-0.45489469170570374,1.6399999856948853,-1.6399999856948853,1.6399999856948853,-1.6399999856948853
20260708_155717_683245,2026-07-08T15:57:24.412,6.729118,policy,272,sit,0.0,0.0,0.0,0.0,0.0,0.0,0.0,0.0,0.1,none,0.0,0.0,-1.0,-0.0,0.0,0.0,0.0,3.013690948486328,4.657960891723633,12,can0:12,2.8913233280181885,4.77553653717041,,"BL_hip_joint,BR_hip_joint,FL_hip_joint,FR_hip_joint,BL_thigh_joint,BR_thigh_joint,FL_thigh_joint,FR_thigh_joint,BL_calf_joint,BR_calf_joint,FL_calf_joint,FR_calf_joint",330e02f2406e129bb6ed6ec4a6c6bcd5f80d7e7799a2ab087e81eda65d2fae69,"step=000272 mode=sit    vx= 0.000 vy= 0.000 vxy= 0.000 yaw= 0.000 speed=0.10 imu=none tilt_rp=[-0.0,+0.0]deg imu_corr=0.000 act_max= 0.000 tau_cmd= 3.014 tau_cmd_max= 4.658 cmds=12 bus=can0:12 tau_fb= 2.891 tau_fb_max= 4.776",,,,,,,,,,,,,,,,,,,,,,,,,,,,,,,,,,,,,,,,,,,,,,,,,0.0,0.0,0.0,0.0,0.0,0.0,0.0,0.0,0.0,0.0,0.0,0.0,0.0,0.0,0.0,0.0,0.0,0.0,0.0,0.0,0.0,0.0,0.0,0.0,0.05829304829239845,-0.0625116229057312,-0.06212811917066574,0.05522499233484268,0.3650985658168793,-0.41840603947639465,0.38772547245025635,-0.37737080454826355,1.614180564880371,-1.6295207738876343,1.6325888633728027,-1.6299042701721191,-0.0050355540588498116,0.1029999703168869,0.0009155552834272385,0.01235999632626772,0.11810663342475891,-0.1345866322517395,0.3506576716899872,-0.2687154710292816,-0.015106662176549435,0.036164432764053345,-0.030671102926135063,-0.0196844395250082,0.0,0.0,0.0,0.0,0.4474579691886902,-0.48936253786087036,0.46985721588134766,-0.45989468693733215,1.6399999856948853,-1.6399999856948853,1.6399999856948853,-1.6399999856948853
20260708_155717_683245,2026-07-08T15:57:24.436,6.752853,policy,273,sit,0.0,0.0,0.0,0.0,0.0,0.0,0.0,0.0,0.1,none,0.0,0.0,-1.0,-0.0,0.0,0.0,0.0,3.0506372451782227,4.819464683532715,12,can0:12,2.8992578983306885,4.764549732208252,,"BL_hip_joint,BR_hip_joint,FL_hip_joint,FR_hip_joint,BL_thigh_joint,BR_thigh_joint,FL_thigh_joint,FR_thigh_joint,BL_calf_joint,BR_calf_joint,FL_calf_joint,FR_calf_joint",330e02f2406e129bb6ed6ec4a6c6bcd5f80d7e7799a2ab087e81eda65d2fae69,"step=000273 mode=sit    vx= 0.000 vy= 0.000 vxy= 0.000 yaw= 0.000 speed=0.10 imu=none tilt_rp=[-0.0,+0.0]deg imu_corr=0.000 act_max= 0.000 tau_cmd= 3.051 tau_cmd_max= 4.819 cmds=12 bus=can0:12 tau_fb= 2.899 tau_fb_max= 4.765",,,,,,,,,,,,,,,,,,,,,,,,,,,,,,,,,,,,,,,,,,,,,,,,,0.0,0.0,0.0,0.0,0.0,0.0,0.0,0.0,0.0,0.0,0.0,0.0,0.0,0.0,0.0,0.0,0.0,0.0,0.0,0.0,0.0,0.0,0.0,0.0,0.05829304829239845,-0.0625116229057312,-0.06212811917066574,0.05522499233484268,0.3685501217842102,-0.42109057307243347,0.39501211047172546,-0.3846574127674103,1.614180564880371,-1.6295207738876343,1.6329723596572876,-1.6299042701721191,0.03433332219719887,0.02700888179242611,-0.08880886435508728,0.007782219909131527,0.16296884417533875,-0.030671102926135063,0.26734215021133423,-0.34791100025177,-0.0238044373691082,-0.007324442267417908,-0.004577776417136192,0.05951109528541565,0.0,0.0,0.0,0.0,0.4524579644203186,-0.4943625330924988,0.4748572111129761,-0.46489468216896057,1.6399999856948853,-1.6399999856948853,1.6399999856948853,-1.6399999856948853
20260708_155717_683245,2026-07-08T15:57:24.459,6.776545,policy,274,sit,0.0,0.0,0.0,0.0,0.0,0.0,0.0,0.0,0.1,none,0.0,0.0,-1.0,-0.0,0.0,0.0,0.0,3.0319995880126953,4.623353004455566,12,can0:12,2.8897979259490967,4.709616184234619,,"BL_hip_joint,BR_hip_joint,FL_hip_joint,FR_hip_joint,BL_thigh_joint,BR_thigh_joint,FL_thigh_joint,FR_thigh_joint,BL_calf_joint,BR_calf_joint,FL_calf_joint,FR_calf_joint",330e02f2406e129bb6ed6ec4a6c6bcd5f80d7e7799a2ab087e81eda65d2fae69,"step=000274 mode=sit    vx= 0.000 vy= 0.000 vxy= 0.000 yaw= 0.000 speed=0.10 imu=none tilt_rp=[-0.0,+0.0]deg imu_corr=0.000 act_max= 0.000 tau_cmd= 3.032 tau_cmd_max= 4.623 cmds=12 bus=can0:12 tau_fb= 2.890 tau_fb_max= 4.710",,,,,,,,,,,,,,,,,,,,,,,,,,,,,,,,,,,,,,,,,,,,,,,,,0.0,0.0,0.0,0.0,0.0,0.0,0.0,0.0,0.0,0.0,0.0,0.0,0.0,0.0,0.0,0.0,0.0,0.0,0.0,0.0,0.0,0.0,0.0,0.0,0.05829304829239845,-0.06289513409137726,-0.06212811917066574,0.05522499233484268,0.37391921877861023,-0.4226246178150177,0.4011482298374176,-0.3911770284175873,1.614180564880371,-1.6295207738876343,1.6325888633728027,-1.6299042701721191,0.029755547642707825,0.08880886435508728,0.020142216235399246,0.05813775956630707,0.2632221579551697,-0.07599108666181564,0.28015992045402527,-0.1583910584449768,-0.02929776906967163,-0.00595110934227705,0.0068666646257042885,-0.010528885759413242,0.0,0.0,0.0,0.0,0.457457959651947,-0.4993625283241272,0.4798572063446045,-0.469894677400589,1.6399999856948853,-1.6399999856948853,1.6399999856948853,-1.6399999856948853
20260708_155717_683245,2026-07-08T15:57:24.483,6.800349,policy,275,sit,0.0,0.0,0.0,0.0,0.0,0.0,0.0,0.0,0.1,none,0.0,0.0,-1.0,-0.0,0.0,0.0,0.0,3.037851333618164,4.728671073913574,12,can0:12,2.909939765930176,4.77553653717041,,"BL_hip_joint,BR_hip_joint,FL_hip_joint,FR_hip_joint,BL_thigh_joint,BR_thigh_joint,FL_thigh_joint,FR_thigh_joint,BL_calf_joint,BR_calf_joint,FL_calf_joint,FR_calf_joint",330e02f2406e129bb6ed6ec4a6c6bcd5f80d7e7799a2ab087e81eda65d2fae69,"step=000275 mode=sit    vx= 0.000 vy= 0.000 vxy= 0.000 yaw= 0.000 speed=0.10 imu=none tilt_rp=[-0.0,+0.0]deg imu_corr=0.000 act_max= 0.000 tau_cmd= 3.038 tau_cmd_max= 4.729 cmds=12 bus=can0:12 tau_fb= 2.910 tau_fb_max= 4.776",,,,,,,,,,,,,,,,,,,,,,,,,,,,,,,,,,,,,,,,,,,,,,,,,0.0,0.0,0.0,0.0,0.0,0.0,0.0,0.0,0.0,0.0,0.0,0.0,0.0,0.0,0.0,0.0,0.0,0.0,0.0,0.0,0.0,0.0,0.0,0.0,0.05829304829239845,-0.06289513409137726,-0.06212811917066574,0.05522499233484268,0.38043883442878723,-0.42415863275527954,0.4061338007450104,-0.3946286141872406,1.614180564880371,-1.6295207738876343,1.6325888633728027,-1.6299042701721191,-0.01144444104284048,-0.006408886983990669,0.027466658502817154,0.07553330808877945,0.2545243799686432,-0.08194220066070557,0.28061768412590027,-0.1277199685573578,0.041657764464616776,-0.05172887444496155,-0.04531998559832573,0.0196844395250082,0.0,0.0,0.0,0.0,0.46245795488357544,-0.5,0.4848572015762329,-0.4748946726322174,1.6399999856948853,-1.6399999856948853,1.6399999856948853,-1.6399999856948853
20260708_155717_683245,2026-07-08T15:57:24.507,6.824232,policy,276,sit,0.0,0.0,0.0,0.0,0.0,0.0,0.0,0.0,0.1,none,0.0,0.0,-1.0,-0.0,0.0,0.0,0.0,3.0554358959198,4.724550724029541,12,can0:12,2.902615785598755,4.724265098571777,,"BL_hip_joint,BR_hip_joint,FL_hip_joint,FR_hip_joint,BL_thigh_joint,BR_thigh_joint,FL_thigh_joint,FR_thigh_joint,BL_calf_joint,BR_calf_joint,FL_calf_joint,FR_calf_joint",330e02f2406e129bb6ed6ec4a6c6bcd5f80d7e7799a2ab087e81eda65d2fae69,"step=000276 mode=sit    vx= 0.000 vy= 0.000 vxy= 0.000 yaw= 0.000 speed=0.10 imu=none tilt_rp=[-0.0,+0.0]deg imu_corr=0.000 act_max= 0.000 tau_cmd= 3.055 tau_cmd_max= 4.725 cmds=12 bus=can0:12 tau_fb= 2.903 tau_fb_max= 4.724",,,,,,,,,,,,,,,,,,,,,,,,,,,,,,,,,,,,,,,,,,,,,,,,,0.0,0.0,0.0,0.0,0.0,0.0,0.0,0.0,0.0,0.0,0.0,0.0,0.0,0.0,0.0,0.0,0.0,0.0,0.0,0.0,0.0,0.0,0.0,0.0,0.05829304829239845,-0.06289513409137726,-0.06212811917066574,0.05522499233484268,0.3873419761657715,-0.4272266924381256,0.41111940145492554,-0.3953956067562103,1.614180564880371,-1.6295207738876343,1.6325888633728027,-1.6299042701721191,0.050355542451143265,-0.004119998775422573,0.06042664870619774,0.008239997550845146,0.24948881566524506,-0.2059999406337738,0.21790215373039246,-0.056764427572488785,-0.010071108117699623,0.07599108666181564,0.02059999480843544,0.06958220154047012,0.0,0.0,0.0,0.0,0.46745795011520386,-0.5,0.48985719680786133,-0.4798946678638458,1.6399999856948853,-1.6399999856948853,1.6399999856948853,-1.6399999856948853
20260708_155717_683245,2026-07-08T15:57:24.531,6.848031,policy,277,sit,0.0,0.0,0.0,0.0,0.0,0.0,0.0,0.0,0.1,none,0.0,0.0,-1.0,-0.0,0.0,0.0,0.0,3.009378433227539,4.691744804382324,12,can0:12,2.914822578430176,4.724265098571777,,"BL_hip_joint,BR_hip_joint,FL_hip_joint,FR_hip_joint,BL_thigh_joint,BR_thigh_joint,FL_thigh_joint,FR_thigh_joint,BL_calf_joint,BR_calf_joint,FL_calf_joint,FR_calf_joint",330e02f2406e129bb6ed6ec4a6c6bcd5f80d7e7799a2ab087e81eda65d2fae69,"step=000277 mode=sit    vx= 0.000 vy= 0.000 vxy= 0.000 yaw= 0.000 speed=0.10 imu=none tilt_rp=[-0.0,+0.0]deg imu_corr=0.000 act_max= 0.000 tau_cmd= 3.009 tau_cmd_max= 4.692 cmds=12 bus=can0:12 tau_fb= 2.915 tau_fb_max= 4.724",,,,,,,,,,,,,,,,,,,,,,,,,,,,,,,,,,,,,,,,,,,,,,,,,0.0,0.0,0.0,0.0,0.0,0.0,0.0,0.0,0.0,0.0,0.0,0.0,0.0,0.0,0.0,0.0,0.0,0.0,0.0,0.0,0.0,0.0,0.0,0.0,0.05829304829239845,-0.06289513409137726,-0.06212811917066574,0.05522499233484268,0.39347806572914124,-0.43259578943252563,0.4168719947338104,-0.39501211047172546,1.614180564880371,-1.6295207738876343,1.6325888633728027,-1.6299042701721191,-0.005493331700563431,0.07003998011350632,-0.017853328958153725,0.013733329251408577,0.24353770911693573,-0.24903103709220886,0.299844354391098,0.02609332650899887,0.001831110566854477,-0.00045777764171361923,0.008239997550845146,-0.02700888179242611,0.0,0.0,0.0,0.0,0.4724579453468323,-0.5,0.49485719203948975,-0.48489466309547424,1.6399999856948853,-1.6399999856948853,1.6399999856948853,-1.6399999856948853
20260708_155717_683245,2026-07-08T15:57:24.555,6.871882,policy,278,sit,0.0,0.0,0.0,0.0,0.0,0.0,0.0,0.0,0.1,none,0.0,0.0,-1.0,-0.0,0.0,0.0,0.0,3.0104458332061768,4.784702777862549,12,can0:12,2.935575485229492,4.713278770446777,,"BL_hip_joint,BR_hip_joint,FL_hip_joint,FR_hip_joint,BL_thigh_joint,BR_thigh_joint,FL_thigh_joint,FR_thigh_joint,BL_calf_joint,BR_calf_joint,FL_calf_joint,FR_calf_joint",330e02f2406e129bb6ed6ec4a6c6bcd5f80d7e7799a2ab087e81eda65d2fae69,"step=000278 mode=sit    vx= 0.000 vy= 0.000 vxy= 0.000 yaw= 0.000 speed=0.10 imu=none tilt_rp=[-0.0,+0.0]deg imu_corr=0.000 act_max= 0.000 tau_cmd= 3.010 tau_cmd_max= 4.785 cmds=12 bus=can0:12 tau_fb= 2.936 tau_fb_max= 4.713",,,,,,,,,,,,,,,,,,,,,,,,,,,,,,,,,,,,,,,,,,,,,,,,,0.0,0.0,0.0,0.0,0.0,0.0,0.0,0.0,0.0,0.0,0.0,0.0,0.0,0.0,0.0,0.0,0.0,0.0,0.0,0.0,0.0,0.0,0.0,0.0,0.05829304829239845,-0.06289513409137726,-0.06212811917066574,0.05522499233484268,0.39884716272354126,-0.4387319087982178,0.42300811409950256,-0.3953956067562103,1.614180564880371,-1.6295207738876343,1.6329723596572876,-1.6299042701721191,-0.04211554303765297,-0.037537768483161926,-0.06820886582136154,-0.038453321903944016,0.21286660432815552,-0.21011993288993835,0.25772881507873535,-0.04348887503147125,0.03433332219719887,0.047151096165180206,0.023346660658717155,-0.031128879636526108,0.0,0.0,0.0,0.0,0.4774579405784607,-0.5,0.49985718727111816,-0.48989465832710266,1.6399999856948853,-1.6399999856948853,1.6399999856948853,-1.6399999856948853
20260708_155717_683245,2026-07-08T15:57:24.579,6.895888,policy,279,sit,0.0,0.0,0.0,0.0,0.0,0.0,0.0,0.0,0.1,none,0.0,0.0,-1.0,-0.0,0.0,0.0,0.0,3.034883499145508,4.8789215087890625,12,can0:12,2.945646286010742,4.753562927246094,,"BL_hip_joint,BR_hip_joint,FL_hip_joint,FR_hip_joint,BL_thigh_joint,BR_thigh_joint,FL_thigh_joint,FR_thigh_joint,BL_calf_joint,BR_calf_joint,FL_calf_joint,FR_calf_joint",330e02f2406e129bb6ed6ec4a6c6bcd5f80d7e7799a2ab087e81eda65d2fae69,"step=000279 mode=sit    vx= 0.000 vy= 0.000 vxy= 0.000 yaw= 0.000 speed=0.10 imu=none tilt_rp=[-0.0,+0.0]deg imu_corr=0.000 act_max= 0.000 tau_cmd= 3.035 tau_cmd_max= 4.879 cmds=12 bus=can0:12 tau_fb= 2.946 tau_fb_max= 4.754",,,,,,,,,,,,,,,,,,,,,,,,,,,,,,,,,,,,,,,,,,,,,,,,,0.0,0.0,0.0,0.0,0.0,0.0,0.0,0.0,0.0,0.0,0.0,0.0,0.0,0.0,0.0,0.0,0.0,0.0,0.0,0.0,0.0,0.0,0.0,0.0,0.05829304829239845,-0.0625116229057312,-0.06212811917066574,0.05522499233484268,0.40344926714897156,-0.44295045733451843,0.4283772110939026,-0.39616262912750244,1.614180564880371,-1.6295207738876343,1.6325888633728027,-1.6299042701721191,0.032959990203380585,-0.013733329251408577,-0.020142216235399246,-0.01235999632626772,0.1277199685573578,-0.11810663342475891,0.22614215314388275,-0.032044436782598495,0.03799554333090782,-0.027924437075853348,-0.05767998471856117,0.013733329251408577,0.0,0.0,0.0,0.0,0.4824579358100891,-0.5,0.5,-0.4948946535587311,1.6399999856948853,-1.6399999856948853,1.6399999856948853,-1.6399999856948853
20260708_155717_683245,2026-07-08T15:57:24.602,6.919538,policy,280,sit,0.0,0.0,0.0,0.0,0.0,0.0,0.0,0.0,0.1,none,0.0,0.0,-1.0,-0.0,0.0,0.0,0.0,3.006058931350708,4.9003801345825195,12,can0:12,2.922147035598755,4.705954074859619,,"BL_hip_joint,BR_hip_joint,FL_hip_joint,FR_hip_joint,BL_thigh_joint,BR_thigh_joint,FL_thigh_joint,FR_thigh_joint,BL_calf_joint,BR_calf_joint,FL_calf_joint,FR_calf_joint",330e02f2406e129bb6ed6ec4a6c6bcd5f80d7e7799a2ab087e81eda65d2fae69,"step=000280 mode=sit    vx= 0.000 vy= 0.000 vxy= 0.000 yaw= 0.000 speed=0.10 imu=none tilt_rp=[-0.0,+0.0]deg imu_corr=0.000 act_max= 0.000 tau_cmd= 3.006 tau_cmd_max= 4.900 cmds=12 bus=can0:12 tau_fb= 2.922 tau_fb_max= 4.706",,,,,,,,,,,,,,,,,,,,,,,,,,,,,,,,,,,,,,,,,,,,,,,,,0.0,0.0,0.0,0.0,0.0,0.0,0.0,0.0,0.0,0.0,0.0,0.0,0.0,0.0,0.0,0.0,0.0,0.0,0.0,0.0,0.0,0.0,0.0,0.0,0.05829304829239845,-0.06212811917066574,-0.06212811917066574,0.05522499233484268,0.4088183641433716,-0.4441010057926178,0.4322122633457184,-0.39808017015457153,1.614180564880371,-1.6295207738876343,1.6325888633728027,-1.6299042701721191,-0.040742211043834686,0.002288888208568096,0.0791955292224884,-0.03433332219719887,0.20828883349895477,-0.014648884534835815,0.1345866322517395,-0.10574663430452347,0.0631733164191246,0.019226660951972008,-0.11215551942586899,-0.005493331700563431,0.0,0.0,0.0,0.0,0.48745793104171753,-0.5,0.5,-0.4998946487903595,1.6399999856948853,-1.6399999856948853,1.6399999856948853,-1.6399999856948853
20260708_155717_683245,2026-07-08T15:57:24.626,6.943211,policy,281,sit,0.0,0.0,0.0,0.0,0.0,0.0,0.0,0.0,0.1,none,0.0,0.0,-1.0,-0.0,0.0,0.0,0.0,2.9753973484039307,4.697512626647949,12,can0:12,2.9053618907928467,4.720602989196777,,"BL_hip_joint,BR_hip_joint,FL_hip_joint,FR_hip_joint,BL_thigh_joint,BR_thigh_joint,FL_thigh_joint,FR_thigh_joint,BL_calf_joint,BR_calf_joint,FL_calf_joint,FR_calf_joint",330e02f2406e129bb6ed6ec4a6c6bcd5f80d7e7799a2ab087e81eda65d2fae69,"step=000281 mode=sit    vx= 0.000 vy= 0.000 vxy= 0.000 yaw= 0.000 speed=0.10 imu=none tilt_rp=[-0.0,+0.0]deg imu_corr=0.000 act_max= 0.000 tau_cmd= 2.975 tau_cmd_max= 4.698 cmds=12 bus=can0:12 tau_fb= 2.905 tau_fb_max= 4.721",,,,,,,,,,,,,,,,,,,,,,,,,,,,,,,,,,,,,,,,,,,,,,,,,0.0,0.0,0.0,0.0,0.0,0.0,0.0,0.0,0.0,0.0,0.0,0.0,0.0,0.0,0.0,0.0,0.0,0.0,0.0,0.0,0.0,0.0,0.0,0.0,0.05829304829239845,-0.0625116229057312,-0.06212811917066574,0.05560849979519844,0.41457095742225647,-0.4433339834213257,0.43336281180381775,-0.4022987484931946,1.614564061164856,-1.6295207738876343,1.6329723596572876,-1.6299042701721191,0.00045777764171361923,0.04257332161068916,-0.021057771518826485,0.01235999632626772,0.2938932478427887,0.05630664899945259,0.04577776417136192,-0.1753288358449936,0.05951109528541565,0.021973326802253723,0.09842219203710556,-0.01235999632626772,0.0,0.0,0.0,0.0,0.49245792627334595,-0.5,0.5,-0.5,1.6399999856948853,-1.6399999856948853,1.6399999856948853,-1.6399999856948853
20260708_155717_683245,2026-07-08T15:57:24.650,6.966850,policy,282,sit,0.0,0.0,0.0,0.0,0.0,0.0,0.0,0.0,0.1,none,0.0,0.0,-1.0,-0.0,0.0,0.0,0.0,2.991377592086792,4.76343297958374,12,can0:12,2.8937652111053467,4.665669918060303,,"BL_hip_joint,BR_hip_joint,FL_hip_joint,FR_hip_joint,BL_thigh_joint,BR_thigh_joint,FL_thigh_joint,FR_thigh_joint,BL_calf_joint,BR_calf_joint,FL_calf_joint,FR_calf_joint",330e02f2406e129bb6ed6ec4a6c6bcd5f80d7e7799a2ab087e81eda65d2fae69,"step=000282 mode=sit    vx= 0.000 vy= 0.000 vxy= 0.000 yaw= 0.000 speed=0.10 imu=none tilt_rp=[-0.0,+0.0]deg imu_corr=0.000 act_max= 0.000 tau_cmd= 2.991 tau_cmd_max= 4.763 cmds=12 bus=can0:12 tau_fb= 2.894 tau_fb_max= 4.666",,,,,,,,,,,,,,,,,,,,,,,,,,,,,,,,,,,,,,,,,,,,,,,,,0.0,0.0,0.0,0.0,0.0,0.0,0.0,0.0,0.0,0.0,0.0,0.0,0.0,0.0,0.0,0.0,0.0,0.0,0.0,0.0,0.0,0.0,0.0,0.0,0.05829304829239845,-0.0625116229057312,-0.06212811917066574,0.05522499233484268,0.41955655813217163,-0.44179993867874146,0.4337463080883026,-0.4107359051704407,1.614564061164856,-1.6295207738876343,1.6325888633728027,-1.6299042701721191,0.0013733329251408577,-0.0119022186845541,-0.05767998471856117,-0.015564439818263054,0.11032441258430481,0.07415997982025146,-0.017853328958153725,-0.3483687937259674,0.028382213786244392,0.015106662176549435,-0.047151096165180206,-0.029755547642707825,0.0,0.0,0.0,0.0,0.49745792150497437,-0.5,0.5,-0.5,1.6399999856948853,-1.6399999856948853,1.6399999856948853,-1.6399999856948853
20260708_155717_683245,2026-07-08T15:57:24.674,6.990721,policy,283,sit,0.0,0.0,0.0,0.0,0.0,0.0,0.0,0.0,0.1,none,0.0,0.0,-1.0,-0.0,0.0,0.0,0.0,2.8922007083892822,4.6999077796936035,12,can0:12,2.8904078006744385,4.698629856109619,,"BL_hip_joint,BR_hip_joint,FL_hip_joint,FR_hip_joint,BL_thigh_joint,BR_thigh_joint,FL_thigh_joint,FR_thigh_joint,BL_calf_joint,BR_calf_joint,FL_calf_joint,FR_calf_joint",330e02f2406e129bb6ed6ec4a6c6bcd5f80d7e7799a2ab087e81eda65d2fae69,"step=000283 mode=sit    vx= 0.000 vy= 0.000 vxy= 0.000 yaw= 0.000 speed=0.10 imu=none tilt_rp=[-0.0,+0.0]deg imu_corr=0.000 act_max= 0.000 tau_cmd= 2.892 tau_cmd_max= 4.700 cmds=12 bus=can0:12 tau_fb= 2.890 tau_fb_max= 4.699",,,,,,,,,,,,,,,,,,,,,,,,,,,,,,,,,,,,,,,,,,,,,,,,,0.0,0.0,0.0,0.0,0.0,0.0,0.0,0.0,0.0,0.0,0.0,0.0,0.0,0.0,0.0,0.0,0.0,0.0,0.0,0.0,0.0,0.0,0.0,0.0,0.05829304829239845,-0.0625116229057312,-0.06212811917066574,0.05522499233484268,0.4237751364707947,-0.4414164423942566,0.4329792857170105,-0.42109057307243347,1.614180564880371,-1.6295207738876343,1.6325888633728027,-1.6299042701721191,-0.040742211043834686,-0.006408886983990669,0.06820886582136154,-0.02288888208568096,0.15518662333488464,0.03021332435309887,-0.13183996081352234,-0.4445020854473114,0.02609332650899887,-0.010986663401126862,0.004119998775422573,-0.07782220095396042,0.0,0.0,0.0,0.0,0.4999999701976776,-0.5,0.5,-0.5,1.6399999856948853,-1.6399999856948853,1.6399999856948853,-1.6399999856948853
20260708_155717_683245,2026-07-08T15:57:24.697,7.014349,policy,284,sit,0.0,0.0,0.0,0.0,0.0,0.0,0.0,0.0,0.1,none,0.0,0.0,-1.0,-0.0,0.0,0.0,0.0,2.913109540939331,4.862236022949219,12,can0:12,2.8690452575683594,4.698629856109619,,"BL_hip_joint,BR_hip_joint,FL_hip_joint,FR_hip_joint,BL_thigh_joint,BR_thigh_joint,FL_thigh_joint,FR_thigh_joint,BL_calf_joint,BR_calf_joint,FL_calf_joint,FR_calf_joint",330e02f2406e129bb6ed6ec4a6c6bcd5f80d7e7799a2ab087e81eda65d2fae69,"step=000284 mode=sit    vx= 0.000 vy= 0.000 vxy= 0.000 yaw= 0.000 speed=0.10 imu=none tilt_rp=[-0.0,+0.0]deg imu_corr=0.000 act_max= 0.000 tau_cmd= 2.913 tau_cmd_max= 4.862 cmds=12 bus=can0:12 tau_fb= 2.869 tau_fb_max= 4.699",,,,,,,,,,,,,,,,,,,,,,,,,,,,,,,,,,,,,,,,,,,,,,,,,0.0,0.0,0.0,0.0,0.0,0.0,0.0,0.0,0.0,0.0,0.0,0.0,0.0,0.0,0.0,0.0,0.0,0.0,0.0,0.0,0.0,0.0,0.0,0.0,0.05829304829239845,-0.0625116229057312,-0.06212811917066574,0.05522499233484268,0.42684316635131836,-0.44103294610977173,0.43336281180381775,-0.42991122603416443,1.614180564880371,-1.6295207738876343,1.6325888633728027,-1.6295207738876343,-0.040742211043834686,-0.09659108519554138,-0.056764427572488785,-0.01739555038511753,0.11169774830341339,0.022431105375289917,-0.015106662176549435,-0.28199103474617004,-0.035248879343271255,-0.06088442727923393,0.017853328958153725,0.07599108666181564,0.0,0.0,0.0,0.0,0.4999999701976776,-0.5,0.5,-0.5,1.6399999856948853,-1.6399999856948853,1.6399999856948853,-1.6399999856948853
20260708_155717_683245,2026-07-08T15:57:24.721,7.038000,policy,285,sit,0.0,0.0,0.0,0.0,0.0,0.0,0.0,0.0,0.1,none,0.0,0.0,-1.0,-0.0,0.0,0.0,0.0,2.9055957794189453,4.864707946777344,12,can0:12,2.833033323287964,4.771873950958252,,"BL_hip_joint,BR_hip_joint,FL_hip_joint,FR_hip_joint,BL_thigh_joint,BR_thigh_joint,FL_thigh_joint,FR_thigh_joint,BL_calf_joint,BR_calf_joint,FL_calf_joint,FR_calf_joint",330e02f2406e129bb6ed6ec4a6c6bcd5f80d7e7799a2ab087e81eda65d2fae69,"step=000285 mode=sit    vx= 0.000 vy= 0.000 vxy= 0.000 yaw= 0.000 speed=0.10 imu=none tilt_rp=[-0.0,+0.0]deg imu_corr=0.000 act_max= 0.000 tau_cmd= 2.906 tau_cmd_max= 4.865 cmds=12 bus=can0:12 tau_fb= 2.833 tau_fb_max= 4.772",,,,,,,,,,,,,,,,,,,,,,,,,,,,,,,,,,,,,,,,,,,,,,,,,0.0,0.0,0.0,0.0,0.0,0.0,0.0,0.0,0.0,0.0,0.0,0.0,0.0,0.0,0.0,0.0,0.0,0.0,0.0,0.0,0.0,0.0,0.0,0.0,0.05829304829239845,-0.0625116229057312,-0.0625116229057312,0.05522499233484268,0.4291442334651947,-0.4406494200229645,0.43336281180381775,-0.4356638491153717,1.614180564880371,-1.6295207738876343,1.6325888633728027,-1.6299042701721191,-0.010528885759413242,0.007782219909131527,-0.09796441346406937,0.06775109469890594,0.0791955292224884,0.004577776417136192,-0.025635547935962677,-0.20096439123153687,-0.0119022186845541,-0.022431105375289917,-0.008239997550845146,0.0393688790500164,0.0,0.0,0.0,0.0,0.4999999701976776,-0.5,0.5,-0.5,1.6399999856948853,-1.6399999856948853,1.6399999856948853,-1.6399999856948853
20260708_155717_683245,2026-07-08T15:57:24.745,7.061709,policy,286,sit,0.0,0.0,0.0,0.0,0.0,0.0,0.0,0.0,0.1,none,0.0,0.0,-1.0,-0.0,0.0,0.0,0.0,2.8837060928344727,4.741107940673828,12,can0:12,2.8183841705322266,4.687643051147461,,"BL_hip_joint,BR_hip_joint,FL_hip_joint,FR_hip_joint,BL_thigh_joint,BR_thigh_joint,FL_thigh_joint,FR_thigh_joint,BL_calf_joint,BR_calf_joint,FL_calf_joint,FR_calf_joint",330e02f2406e129bb6ed6ec4a6c6bcd5f80d7e7799a2ab087e81eda65d2fae69,"step=000286 mode=sit    vx= 0.000 vy= 0.000 vxy= 0.000 yaw= 0.000 speed=0.10 imu=none tilt_rp=[-0.0,+0.0]deg imu_corr=0.000 act_max= 0.000 tau_cmd= 2.884 tau_cmd_max= 4.741 cmds=12 bus=can0:12 tau_fb= 2.818 tau_fb_max= 4.688",,,,,,,,,,,,,,,,,,,,,,,,,,,,,,,,,,,,,,,,,,,,,,,,,0.0,0.0,0.0,0.0,0.0,0.0,0.0,0.0,0.0,0.0,0.0,0.0,0.0,0.0,0.0,0.0,0.0,0.0,0.0,0.0,0.0,0.0,0.0,0.0,0.05829304829239845,-0.0625116229057312,-0.06212811917066574,0.05522499233484268,0.43144527077674866,-0.44103294610977173,0.43336281180381775,-0.43988242745399475,1.614180564880371,-1.6295207738876343,1.6325888633728027,-1.6299042701721191,0.043946653604507446,-0.02929776906967163,-0.012817773967981339,0.027924437075853348,0.07599108666181564,0.014191106893122196,-0.010528885759413242,-0.2069154977798462,-0.04440443217754364,0.05630664899945259,-0.008697775192558765,0.031128879636526108,0.0,0.0,0.0,0.0,0.4999999701976776,-0.5,0.5,-0.5,1.6399999856948853,-1.6399999856948853,1.6399999856948853,-1.6399999856948853
20260708_155717_683245,2026-07-08T15:57:24.768,7.085543,policy,287,sit,0.0,0.0,0.0,0.0,0.0,0.0,0.0,0.0,0.1,none,0.0,0.0,-1.0,-0.0,0.0,0.0,0.0,2.7715694904327393,4.685976982116699,12,can0:12,2.8217413425445557,4.7389140129089355,,"BL_hip_joint,BR_hip_joint,FL_hip_joint,FR_hip_joint,BL_thigh_joint,BR_thigh_joint,FL_thigh_joint,FR_thigh_joint,BL_calf_joint,BR_calf_joint,FL_calf_joint,FR_calf_joint",330e02f2406e129bb6ed6ec4a6c6bcd5f80d7e7799a2ab087e81eda65d2fae69,"step=000287 mode=sit    vx= 0.000 vy= 0.000 vxy= 0.000 yaw= 0.000 speed=0.10 imu=none tilt_rp=[-0.0,+0.0]deg imu_corr=0.000 act_max= 0.000 tau_cmd= 2.772 tau_cmd_max= 4.686 cmds=12 bus=can0:12 tau_fb= 2.822 tau_fb_max= 4.739",,,,,,,,,,,,,,,,,,,,,,,,,,,,,,,,,,,,,,,,,,,,,,,,,0.0,0.0,0.0,0.0,0.0,0.0,0.0,0.0,0.0,0.0,0.0,0.0,0.0,0.0,0.0,0.0,0.0,0.0,0.0,0.0,0.0,0.0,0.0,0.0,0.05829304829239845,-0.06212811917066574,-0.06212811917066574,0.05522499233484268,0.4337463080883026,-0.44103294610977173,0.43336281180381775,-0.4448679983615875,1.614180564880371,-1.6295207738876343,1.6325888633728027,-1.6299042701721191,0.004119998775422573,0.044862210750579834,-0.014648884534835815,0.003662221133708954,0.12543107569217682,-0.028382213786244392,-0.012817773967981339,-0.2536088228225708,0.06683553755283356,-0.047151096165180206,-0.04303110018372536,-0.044862210750579834,0.0,0.0,0.0,0.0,0.4999999701976776,-0.5,0.5,-0.5,1.6399999856948853,-1.6399999856948853,1.6399999856948853,-1.6399999856948853
20260708_155717_683245,2026-07-08T15:57:24.792,7.109324,policy,288,sit,0.0,0.0,0.0,0.0,0.0,0.0,0.0,0.0,0.1,none,0.0,0.0,-1.0,-0.0,0.0,0.0,0.0,2.7842495441436768,4.680208683013916,12,can0:12,2.8122806549072266,4.716940879821777,,"BL_hip_joint,BR_hip_joint,FL_hip_joint,FR_hip_joint,BL_thigh_joint,BR_thigh_joint,FL_thigh_joint,FR_thigh_joint,BL_calf_joint,BR_calf_joint,FL_calf_joint,FR_calf_joint",330e02f2406e129bb6ed6ec4a6c6bcd5f80d7e7799a2ab087e81eda65d2fae69,"step=000288 mode=sit    vx= 0.000 vy= 0.000 vxy= 0.000 yaw= 0.000 speed=0.10 imu=none tilt_rp=[-0.0,+0.0]deg imu_corr=0.000 act_max= 0.000 tau_cmd= 2.784 tau_cmd_max= 4.680 cmds=12 bus=can0:12 tau_fb= 2.812 tau_fb_max= 4.717",,,,,,,,,,,,,,,,,,,,,,,,,,,,,,,,,,,,,,,,,,,,,,,,,0.0,0.0,0.0,0.0,0.0,0.0,0.0,0.0,0.0,0.0,0.0,0.0,0.0,0.0,0.0,0.0,0.0,0.0,0.0,0.0,0.0,0.0,0.0,0.0,0.05829304829239845,-0.06212811917066574,-0.0625116229057312,0.05522499233484268,0.4356638491153717,-0.44103294610977173,0.43336281180381775,-0.44908657670021057,1.614564061164856,-1.6295207738876343,1.6325888633728027,-1.6299042701721191,-0.04898220673203468,-0.01144444104284048,0.016937773674726486,-0.013733329251408577,0.0196844395250082,-0.07370220124721527,0.04440443217754364,-0.1419110745191574,0.025635547935962677,0.015106662176549435,-0.06546220183372498,0.015106662176549435,0.0,0.0,0.0,0.0,0.4999999701976776,-0.5,0.5,-0.5,1.6399999856948853,-1.6399999856948853,1.6399999856948853,-1.6399999856948853
20260708_155717_683245,2026-07-08T15:57:24.816,7.133042,policy,289,sit,0.0,0.0,0.0,0.0,0.0,0.0,0.0,0.0,0.1,none,0.0,0.0,-1.0,-0.0,0.0,0.0,0.0,2.8014614582061768,4.710696697235107,12,can0:12,2.778404951095581,4.7279276847839355,,"BL_hip_joint,BR_hip_joint,FL_hip_joint,FR_hip_joint,BL_thigh_joint,BR_thigh_joint,FL_thigh_joint,FR_thigh_joint,BL_calf_joint,BR_calf_joint,FL_calf_joint,FR_calf_joint",330e02f2406e129bb6ed6ec4a6c6bcd5f80d7e7799a2ab087e81eda65d2fae69,"step=000289 mode=sit    vx= 0.000 vy= 0.000 vxy= 0.000 yaw= 0.000 speed=0.10 imu=none tilt_rp=[-0.0,+0.0]deg imu_corr=0.000 act_max= 0.000 tau_cmd= 2.801 tau_cmd_max= 4.711 cmds=12 bus=can0:12 tau_fb= 2.778 tau_fb_max= 4.728",,,,,,,,,,,,,,,,,,,,,,,,,,,,,,,,,,,,,,,,,,,,,,,,,0.0,0.0,0.0,0.0,0.0,0.0,0.0,0.0,0.0,0.0,0.0,0.0,0.0,0.0,0.0,0.0,0.0,0.0,0.0,0.0,0.0,0.0,0.0,0.0,0.05829304829239845,-0.06212811917066574,-0.06212811917066574,0.05484148859977722,0.43796488642692566,-0.44103294610977173,0.43336281180381775,-0.45023709535598755,1.614180564880371,-1.6295207738876343,1.6325888633728027,-1.6299042701721191,-0.001831110566854477,-0.028382213786244392,0.06637775897979736,-0.003662221133708954,0.0398266538977623,-0.026551103219389915,-0.0050355540588498116,-0.008239997550845146,0.056764427572488785,0.03021332435309887,-0.027466658502817154,0.06088442727923393,0.0,0.0,0.0,0.0,0.4999999701976776,-0.5,0.5,-0.5,1.6399999856948853,-1.6399999856948853,1.6399999856948853,-1.6399999856948853
20260708_155717_683245,2026-07-08T15:57:24.840,7.156759,policy,290,sit,0.0,0.0,0.0,0.0,0.0,0.0,0.0,0.0,0.1,none,0.0,0.0,-1.0,-0.0,0.0,0.0,0.0,2.8058624267578125,4.6957879066467285,12,can0:12,2.7909176349639893,4.709616184234619,,"BL_hip_joint,BR_hip_joint,FL_hip_joint,FR_hip_joint,BL_thigh_joint,BR_thigh_joint,FL_thigh_joint,FR_thigh_joint,BL_calf_joint,BR_calf_joint,FL_calf_joint,FR_calf_joint",330e02f2406e129bb6ed6ec4a6c6bcd5f80d7e7799a2ab087e81eda65d2fae69,"step=000290 mode=sit    vx= 0.000 vy= 0.000 vxy= 0.000 yaw= 0.000 speed=0.10 imu=none tilt_rp=[-0.0,+0.0]deg imu_corr=0.000 act_max= 0.000 tau_cmd= 2.806 tau_cmd_max= 4.696 cmds=12 bus=can0:12 tau_fb= 2.791 tau_fb_max= 4.710",,,,,,,,,,,,,,,,,,,,,,,,,,,,,,,,,,,,,,,,,,,,,,,,,0.0,0.0,0.0,0.0,0.0,0.0,0.0,0.0,0.0,0.0,0.0,0.0,0.0,0.0,0.0,0.0,0.0,0.0,0.0,0.0,0.0,0.0,0.0,0.0,0.05829304829239845,-0.0625116229057312,-0.06212811917066574,0.05522499233484268,0.4402659237384796,-0.44103294610977173,0.43336281180381775,-0.44908657670021057,1.614180564880371,-1.6295207738876343,1.6329723596572876,-1.6299042701721191,0.054475538432598114,-0.004119998775422573,-0.0119022186845541,-0.01831110566854477,0.1272621899843216,0.01831110566854477,-0.026551103219389915,0.050355542451143265,-0.027924437075853348,-0.050355542451143265,-0.0027466658502817154,-0.006408886983990669,0.0,0.0,0.0,0.0,0.4999999701976776,-0.5,0.5,-0.5,1.6399999856948853,-1.6399999856948853,1.6399999856948853,-1.6399999856948853
20260708_155717_683245,2026-07-08T15:57:24.863,7.180361,policy,291,sit,0.0,0.0,0.0,0.0,0.0,0.0,0.0,0.0,0.1,none,0.0,0.0,-1.0,-0.0,0.0,0.0,0.0,2.8230226039886475,4.742008686065674,12,can0:12,2.8073978424072266,4.713278770446777,,"BL_hip_joint,BR_hip_joint,FL_hip_joint,FR_hip_joint,BL_thigh_joint,BR_thigh_joint,FL_thigh_joint,FR_thigh_joint,BL_calf_joint,BR_calf_joint,FL_calf_joint,FR_calf_joint",330e02f2406e129bb6ed6ec4a6c6bcd5f80d7e7799a2ab087e81eda65d2fae69,"step=000291 mode=sit    vx= 0.000 vy= 0.000 vxy= 0.000 yaw= 0.000 speed=0.10 imu=none tilt_rp=[-0.0,+0.0]deg imu_corr=0.000 act_max= 0.000 tau_cmd= 2.823 tau_cmd_max= 4.742 cmds=12 bus=can0:12 tau_fb= 2.807 tau_fb_max= 4.713",,,,,,,,,,,,,,,,,,,,,,,,,,,,,,,,,,,,,,,,,,,,,,,,,0.0,0.0,0.0,0.0,0.0,0.0,0.0,0.0,0.0,0.0,0.0,0.0,0.0,0.0,0.0,0.0,0.0,0.0,0.0,0.0,0.0,0.0,0.0,0.0,0.05829304829239845,-0.0625116229057312,-0.06212811917066574,0.05522499233484268,0.44179993867874146,-0.44103294610977173,0.43336281180381775,-0.44755256175994873,1.614180564880371,-1.6295207738876343,1.6325888633728027,-1.6299042701721191,-0.03433332219719887,0.0027466658502817154,-0.04577776417136192,0.01831110566854477,0.04989776387810707,-0.027466658502817154,-0.016937773674726486,0.10803552716970444,0.0068666646257042885,0.016022218391299248,-0.010528885759413242,-0.001831110566854477,0.0,0.0,0.0,0.0,0.4999999701976776,-0.5,0.5,-0.5,1.6399999856948853,-1.6399999856948853,1.6399999856948853,-1.6399999856948853
20260708_155717_683245,2026-07-08T15:57:24.887,7.204168,policy,292,sit,0.0,0.0,0.0,0.0,0.0,0.0,0.0,0.0,0.1,none,0.0,0.0,-1.0,-0.0,0.0,0.0,0.0,2.8163931369781494,4.666200637817383,12,can0:12,2.7936646938323975,4.672994136810303,,"BL_hip_joint,BR_hip_joint,FL_hip_joint,FR_hip_joint,BL_thigh_joint,BR_thigh_joint,FL_thigh_joint,FR_thigh_joint,BL_calf_joint,BR_calf_joint,FL_calf_joint,FR_calf_joint",330e02f2406e129bb6ed6ec4a6c6bcd5f80d7e7799a2ab087e81eda65d2fae69,"step=000292 mode=sit    vx= 0.000 vy= 0.000 vxy= 0.000 yaw= 0.000 speed=0.10 imu=none tilt_rp=[-0.0,+0.0]deg imu_corr=0.000 act_max= 0.000 tau_cmd= 2.816 tau_cmd_max= 4.666 cmds=12 bus=can0:12 tau_fb= 2.794 tau_fb_max= 4.673",,,,,,,,,,,,,,,,,,,,,,,,,,,,,,,,,,,,,,,,,,,,,,,,,0.0,0.0,0.0,0.0,0.0,0.0,0.0,0.0,0.0,0.0,0.0,0.0,0.0,0.0,0.0,0.0,0.0,0.0,0.0,0.0,0.0,0.0,0.0,0.0,0.05829304829239845,-0.06212811917066574,-0.06212811917066574,0.05522499233484268,0.4433339834213257,-0.44103294610977173,0.4329792857170105,-0.4471690356731415,1.614180564880371,-1.6295207738876343,1.6325888633728027,-1.6295207738876343,0.04348887503147125,-0.003662221133708954,0.07324442267417908,-0.010986663401126862,0.03341776877641678,-0.016022218391299248,-0.06866664439439774,-0.03021332435309887,-0.002288888208568096,0.03479110077023506,0.004119998775422573,0.08468886464834213,0.0,0.0,0.0,0.0,0.4999999701976776,-0.5,0.5,-0.5,1.6399999856948853,-1.6399999856948853,1.6399999856948853,-1.6399999856948853
20260708_155717_683245,2026-07-08T15:57:24.911,7.227916,policy,293,sit,0.0,0.0,0.0,0.0,0.0,0.0,0.0,0.0,0.1,none,0.0,0.0,-1.0,-0.0,0.0,0.0,0.0,2.766130208969116,4.636537075042725,12,can0:12,2.8092291355133057,4.716940879821777,,"BL_hip_joint,BR_hip_joint,FL_hip_joint,FR_hip_joint,BL_thigh_joint,BR_thigh_joint,FL_thigh_joint,FR_thigh_joint,BL_calf_joint,BR_calf_joint,FL_calf_joint,FR_calf_joint",330e02f2406e129bb6ed6ec4a6c6bcd5f80d7e7799a2ab087e81eda65d2fae69,"step=000293 mode=sit    vx= 0.000 vy= 0.000 vxy= 0.000 yaw= 0.000 speed=0.10 imu=none tilt_rp=[-0.0,+0.0]deg imu_corr=0.000 act_max= 0.000 tau_cmd= 2.766 tau_cmd_max= 4.637 cmds=12 bus=can0:12 tau_fb= 2.809 tau_fb_max= 4.717",,,,,,,,,,,,,,,,,,,,,,,,,,,,,,,,,,,,,,,,,,,,,,,,,0.0,0.0,0.0,0.0,0.0,0.0,0.0,0.0,0.0,0.0,0.0,0.0,0.0,0.0,0.0,0.0,0.0,0.0,0.0,0.0,0.0,0.0,0.0,0.0,0.05829304829239845,-0.0625116229057312,-0.06212811917066574,0.05522499233484268,0.4441010057926178,-0.44103294610977173,0.43336281180381775,-0.44755256175994873,1.614564061164856,-1.6295207738876343,1.6325888633728027,-1.6299042701721191,0.08926664292812347,0.03891110047698021,0.012817773967981339,0.0009155552834272385,0.0315866582095623,-0.0068666646257042885,0.07690664380788803,-0.016022218391299248,0.022431105375289917,-0.01739555038511753,-0.0068666646257042885,-0.08102664351463318,0.0,0.0,0.0,0.0,0.4999999701976776,-0.5,0.5,-0.5,1.6399999856948853,-1.6399999856948853,1.6399999856948853,-1.6399999856948853
20260708_155717_683245,2026-07-08T15:57:24.935,7.251879,policy,294,sit,0.0,0.0,0.0,0.0,0.0,0.0,0.0,0.0,0.1,none,0.0,0.0,-1.0,-0.0,0.0,0.0,0.0,2.782641649246216,4.615936756134033,12,can0:12,2.7964107990264893,4.705954074859619,,"BL_hip_joint,BR_hip_joint,FL_hip_joint,FR_hip_joint,BL_thigh_joint,BR_thigh_joint,FL_thigh_joint,FR_thigh_joint,BL_calf_joint,BR_calf_joint,FL_calf_joint,FR_calf_joint",330e02f2406e129bb6ed6ec4a6c6bcd5f80d7e7799a2ab087e81eda65d2fae69,"step=000294 mode=sit    vx= 0.000 vy= 0.000 vxy= 0.000 yaw= 0.000 speed=0.10 imu=none tilt_rp=[-0.0,+0.0]deg imu_corr=0.000 act_max= 0.000 tau_cmd= 2.783 tau_cmd_max= 4.616 cmds=12 bus=can0:12 tau_fb= 2.796 tau_fb_max= 4.706",,,,,,,,,,,,,,,,,,,,,,,,,,,,,,,,,,,,,,,,,,,,,,,,,0.0,0.0,0.0,0.0,0.0,0.0,0.0,0.0,0.0,0.0,0.0,0.0,0.0,0.0,0.0,0.0,0.0,0.0,0.0,0.0,0.0,0.0,0.0,0.0,0.05829304829239845,-0.06212811917066574,-0.06212811917066574,0.05522499233484268,0.4448679983615875,-0.44103294610977173,0.43336281180381775,-0.44755256175994873,1.614180564880371,-1.6295207738876343,1.6325888633728027,-1.6299042701721191,0.006408886983990669,0.08148442208766937,0.024262215942144394,0.023346660658717155,0.07049775868654251,0.0119022186845541,0.008239997550845146,0.05401776358485222,0.04989776387810707,0.025635547935962677,-0.018768884241580963,0.018768884241580963,0.0,0.0,0.0,0.0,0.4999999701976776,-0.5,0.5,-0.5,1.6399999856948853,-1.6399999856948853,1.6399999856948853,-1.6399999856948853
20260708_155717_683245,2026-07-08T15:57:24.959,7.275750,policy,295,sit,0.0,0.0,0.0,0.0,0.0,0.0,0.0,0.0,0.1,none,0.0,0.0,-1.0,-0.0,0.0,0.0,0.0,2.793365716934204,4.7023797035217285,12,can0:12,2.79183292388916,4.724265098571777,,"BL_hip_joint,BR_hip_joint,FL_hip_joint,FR_hip_joint,BL_thigh_joint,BR_thigh_joint,FL_thigh_joint,FR_thigh_joint,BL_calf_joint,BR_calf_joint,FL_calf_joint,FR_calf_joint",330e02f2406e129bb6ed6ec4a6c6bcd5f80d7e7799a2ab087e81eda65d2fae69,"step=000295 mode=sit    vx= 0.000 vy= 0.000 vxy= 0.000 yaw= 0.000 speed=0.10 imu=none tilt_rp=[-0.0,+0.0]deg imu_corr=0.000 act_max= 0.000 tau_cmd= 2.793 tau_cmd_max= 4.702 cmds=12 bus=can0:12 tau_fb= 2.792 tau_fb_max= 4.724",,,,,,,,,,,,,,,,,,,,,,,,,,,,,,,,,,,,,,,,,,,,,,,,,0.0,0.0,0.0,0.0,0.0,0.0,0.0,0.0,0.0,0.0,0.0,0.0,0.0,0.0,0.0,0.0,0.0,0.0,0.0,0.0,0.0,0.0,0.0,0.0,0.05829304829239845,-0.0625116229057312,-0.0625116229057312,0.05522499233484268,0.4448679983615875,-0.44103294610977173,0.43336281180381775,-0.4471690356731415,1.614564061164856,-1.6295207738876343,1.6325888633728027,-1.6299042701721191,0.062257759273052216,-0.007782219909131527,0.029755547642707825,0.01144444104284048,-0.03570665791630745,0.007324442267417908,-0.013733329251408577,0.020142216235399246,0.11215551942586899,0.0068666646257042885,0.04989776387810707,-0.004119998775422573,0.0,0.0,0.0,0.0,0.4999999701976776,-0.5,0.5,-0.5,1.6399999856948853,-1.6399999856948853,1.6399999856948853,-1.6399999856948853
20260708_155717_683245,2026-07-08T15:57:24.982,7.299700,policy,296,sit,0.0,0.0,0.0,0.0,0.0,0.0,0.0,0.0,0.1,none,0.0,0.0,-1.0,-0.0,0.0,0.0,0.0,2.819321870803833,4.67436408996582,12,can0:12,2.78725528717041,4.669332027435303,,"BL_hip_joint,BR_hip_joint,FL_hip_joint,FR_hip_joint,BL_thigh_joint,BR_thigh_joint,FL_thigh_joint,FR_thigh_joint,BL_calf_joint,BR_calf_joint,FL_calf_joint,FR_calf_joint",330e02f2406e129bb6ed6ec4a6c6bcd5f80d7e7799a2ab087e81eda65d2fae69,"step=000296 mode=sit    vx= 0.000 vy= 0.000 vxy= 0.000 yaw= 0.000 speed=0.10 imu=none tilt_rp=[-0.0,+0.0]deg imu_corr=0.000 act_max= 0.000 tau_cmd= 2.819 tau_cmd_max= 4.674 cmds=12 bus=can0:12 tau_fb= 2.787 tau_fb_max= 4.669",,,,,,,,,,,,,,,,,,,,,,,,,,,,,,,,,,,,,,,,,,,,,,,,,0.0,0.0,0.0,0.0,0.0,0.0,0.0,0.0,0.0,0.0,0.0,0.0,0.0,0.0,0.0,0.0,0.0,0.0,0.0,0.0,0.0,0.0,0.0,0.0,0.05829304829239845,-0.0625116229057312,-0.06212811917066574,0.05522499233484268,0.4448679983615875,-0.44103294610977173,0.4329792857170105,-0.44755256175994873,1.614180564880371,-1.6295207738876343,1.6325888633728027,-1.6299042701721191,0.0791955292224884,0.007782219909131527,0.03799554333090782,-0.015106662176549435,-0.014648884534835815,0.02151555009186268,-0.014191106893122196,0.008697775192558765,-0.03387554734945297,0.009155552834272385,-0.021057771518826485,0.0009155552834272385,0.0,0.0,0.0,0.0,0.4999999701976776,-0.5,0.5,-0.5,1.6399999856948853,-1.6399999856948853,1.6399999856948853,-1.6399999856948853
20260708_155717_683245,2026-07-08T15:57:25.006,7.323401,policy,297,sit,0.0,0.0,0.0,0.0,0.0,0.0,0.0,0.0,0.1,none,0.0,0.0,-1.0,-0.0,0.0,0.0,0.0,2.79144287109375,4.673539638519287,12,can0:12,2.8019039630889893,4.720602989196777,,"BL_hip_joint,BR_hip_joint,FL_hip_joint,FR_hip_joint,BL_thigh_joint,BR_thigh_joint,FL_thigh_joint,FR_thigh_joint,BL_calf_joint,BR_calf_joint,FL_calf_joint,FR_calf_joint",330e02f2406e129bb6ed6ec4a6c6bcd5f80d7e7799a2ab087e81eda65d2fae69,"step=000297 mode=sit    vx= 0.000 vy= 0.000 vxy= 0.000 yaw= 0.000 speed=0.10 imu=none tilt_rp=[-0.0,+0.0]deg imu_corr=0.000 act_max= 0.000 tau_cmd= 2.791 tau_cmd_max= 4.674 cmds=12 bus=can0:12 tau_fb= 2.802 tau_fb_max= 4.721",,,,,,,,,,,,,,,,,,,,,,,,,,,,,,,,,,,,,,,,,,,,,,,,,0.0,0.0,0.0,0.0,0.0,0.0,0.0,0.0,0.0,0.0,0.0,0.0,0.0,0.0,0.0,0.0,0.0,0.0,0.0,0.0,0.0,0.0,0.0,0.0,0.05829304829239845,-0.0625116229057312,-0.06212811917066574,0.05522499233484268,0.4448679983615875,-0.44103294610977173,0.4329792857170105,-0.44755256175994873,1.614180564880371,-1.6295207738876343,1.6325888633728027,-1.6299042701721191,0.004577776417136192,0.008239997550845146,0.06179998070001602,-0.044862210750579834,0.014191106893122196,-0.023346660658717155,-0.040742211043834686,-0.009155552834272385,0.0631733164191246,0.024262215942144394,-0.07049775868654251,0.04119998961687088,0.0,0.0,0.0,0.0,0.4999999701976776,-0.5,0.5,-0.5,1.6399999856948853,-1.6399999856948853,1.6399999856948853,-1.6399999856948853
20260708_155717_683245,2026-07-08T15:57:25.030,7.347042,policy,298,sit,0.0,0.0,0.0,0.0,0.0,0.0,0.0,0.0,0.1,none,0.0,0.0,-1.0,-0.0,0.0,0.0,0.0,2.7934281826019287,4.671067714691162,12,can0:12,2.8040406703948975,4.694967269897461,,"BL_hip_joint,BR_hip_joint,FL_hip_joint,FR_hip_joint,BL_thigh_joint,BR_thigh_joint,FL_thigh_joint,FR_thigh_joint,BL_calf_joint,BR_calf_joint,FL_calf_joint,FR_calf_joint",330e02f2406e129bb6ed6ec4a6c6bcd5f80d7e7799a2ab087e81eda65d2fae69,"step=000298 mode=sit    vx= 0.000 vy= 0.000 vxy= 0.000 yaw= 0.000 speed=0.10 imu=none tilt_rp=[-0.0,+0.0]deg imu_corr=0.000 act_max= 0.000 tau_cmd= 2.793 tau_cmd_max= 4.671 cmds=12 bus=can0:12 tau_fb= 2.804 tau_fb_max= 4.695",,,,,,,,,,,,,,,,,,,,,,,,,,,,,,,,,,,,,,,,,,,,,,,,,0.0,0.0,0.0,0.0,0.0,0.0,0.0,0.0,0.0,0.0,0.0,0.0,0.0,0.0,0.0,0.0,0.0,0.0,0.0,0.0,0.0,0.0,0.0,0.0,0.05829304829239845,-0.0625116229057312,-0.0625116229057312,0.05522499233484268,0.4448679983615875,-0.44103294610977173,0.4329792857170105,-0.44755256175994873,1.614180564880371,-1.6295207738876343,1.6325888633728027,-1.6299042701721191,-0.03387554734945297,0.009613330475986004,0.014648884534835815,-0.009613330475986004,-0.005493331700563431,-0.008697775192558765,0.03662221133708954,0.022431105375289917,-0.051271095871925354,-0.0393688790500164,-0.015564439818263054,0.01144444104284048,0.0,0.0,0.0,0.0,0.4999999701976776,-0.5,0.5,-0.5,1.6399999856948853,-1.6399999856948853,1.6399999856948853,-1.6399999856948853
20260708_155717_683245,2026-07-08T15:57:25.054,7.370786,policy,299,sit,0.0,0.0,0.0,0.0,0.0,0.0,0.0,0.0,0.1,none,0.0,0.0,-1.0,-0.0,0.0,0.0,0.0,2.78857159614563,4.629944801330566,12,can0:12,2.8049561977386475,4.698629856109619,,"BL_hip_joint,BR_hip_joint,FL_hip_joint,FR_hip_joint,BL_thigh_joint,BR_thigh_joint,FL_thigh_joint,FR_thigh_joint,BL_calf_joint,BR_calf_joint,FL_calf_joint,FR_calf_joint",330e02f2406e129bb6ed6ec4a6c6bcd5f80d7e7799a2ab087e81eda65d2fae69,"step=000299 mode=sit    vx= 0.000 vy= 0.000 vxy= 0.000 yaw= 0.000 speed=0.10 imu=none tilt_rp=[-0.0,+0.0]deg imu_corr=0.000 act_max= 0.000 tau_cmd= 2.789 tau_cmd_max= 4.630 cmds=12 bus=can0:12 tau_fb= 2.805 tau_fb_max= 4.699",,,,,,,,,,,,,,,,,,,,,,,,,,,,,,,,,,,,,,,,,,,,,,,,,0.0,0.0,0.0,0.0,0.0,0.0,0.0,0.0,0.0,0.0,0.0,0.0,0.0,0.0,0.0,0.0,0.0,0.0,0.0,0.0,0.0,0.0,0.0,0.0,0.05829304829239845,-0.06212811917066574,-0.06212811917066574,0.05522499233484268,0.4448679983615875,-0.44103294610977173,0.4329792857170105,-0.44755256175994873,1.614564061164856,-1.6295207738876343,1.6325888633728027,-1.6299042701721191,0.008697775192558765,0.016479995101690292,0.04531998559832573,-0.008697775192558765,0.04211554303765297,0.1194799616932869,0.0027466658502817154,0.04440443217754364,0.00595110934227705,-0.026551103219389915,0.008697775192558765,-0.04669332131743431,0.0,0.0,0.0,0.0,0.4999999701976776,-0.5,0.5,-0.5,1.6399999856948853,-1.6399999856948853,1.6399999856948853,-1.6399999856948853
20260708_155717_683245,2026-07-08T15:57:25.077,7.394688,policy,300,sit,0.0,0.0,0.0,0.0,0.0,0.0,0.0,0.0,0.1,none,0.0,0.0,-1.0,-0.0,0.0,0.0,0.0,2.7680089473724365,4.714739799499512,12,can0:12,2.7927486896514893,4.7352519035339355,,"BL_hip_joint,BR_hip_joint,FL_hip_joint,FR_hip_joint,BL_thigh_joint,BR_thigh_joint,FL_thigh_joint,FR_thigh_joint,BL_calf_joint,BR_calf_joint,FL_calf_joint,FR_calf_joint",330e02f2406e129bb6ed6ec4a6c6bcd5f80d7e7799a2ab087e81eda65d2fae69,"step=000300 mode=sit    vx= 0.000 vy= 0.000 vxy= 0.000 yaw= 0.000 speed=0.10 imu=none tilt_rp=[-0.0,+0.0]deg imu_corr=0.000 act_max= 0.000 tau_cmd= 2.768 tau_cmd_max= 4.715 cmds=12 bus=can0:12 tau_fb= 2.793 tau_fb_max= 4.735",,,,,,,,,,,,,,,,,,,,,,,,,,,,,,,,,,,,,,,,,,,,,,,,,0.0,0.0,0.0,0.0,0.0,0.0,0.0,0.0,0.0,0.0,0.0,0.0,0.0,0.0,0.0,0.0,0.0,0.0,0.0,0.0,0.0,0.0,0.0,0.0,0.05829304829239845,-0.0625116229057312,-0.06212811917066574,0.05522499233484268,0.4448679983615875,-0.44103294610977173,0.43336281180381775,-0.44755256175994873,1.614180564880371,-1.6295207738876343,1.6325888633728027,-1.6299042701721191,0.006408886983990669,-0.014648884534835815,0.06454664468765259,-0.08514664322137833,0.021973326802253723,-0.03433332219719887,0.0393688790500164,0.0315866582095623,-0.059053316712379456,0.0050355540588498116,0.001831110566854477,-0.05859553813934326,0.0,0.0,0.0,0.0,0.4999999701976776,-0.5,0.5,-0.5,1.6399999856948853,-1.6399999856948853,1.6399999856948853,-1.6399999856948853
20260708_155717_683245,2026-07-08T15:57:25.101,7.418367,policy,301,sit,0.0,0.0,0.0,0.0,0.0,0.0,0.0,0.0,0.1,none,0.0,0.0,-1.0,-0.0,0.0,0.0,0.0,2.8186352252960205,4.681856632232666,12,can0:12,2.8022098541259766,4.709616184234619,,"BL_hip_joint,BR_hip_joint,FL_hip_joint,FR_hip_joint,BL_thigh_joint,BR_thigh_joint,FL_thigh_joint,FR_thigh_joint,BL_calf_joint,BR_calf_joint,FL_calf_joint,FR_calf_joint",330e02f2406e129bb6ed6ec4a6c6bcd5f80d7e7799a2ab087e81eda65d2fae69,"step=000301 mode=sit    vx= 0.000 vy= 0.000 vxy= 0.000 yaw= 0.000 speed=0.10 imu=none tilt_rp=[-0.0,+0.0]deg imu_corr=0.000 act_max= 0.000 tau_cmd= 2.819 tau_cmd_max= 4.682 cmds=12 bus=can0:12 tau_fb= 2.802 tau_fb_max= 4.710",,,,,,,,,,,,,,,,,,,,,,,,,,,,,,,,,,,,,,,,,,,,,,,,,0.0,0.0,0.0,0.0,0.0,0.0,0.0,0.0,0.0,0.0,0.0,0.0,0.0,0.0,0.0,0.0,0.0,0.0,0.0,0.0,0.0,0.0,0.0,0.0,0.05829304829239845,-0.0625116229057312,-0.06212811917066574,0.05522499233484268,0.4448679983615875,-0.44103294610977173,0.4329792857170105,-0.44755256175994873,1.614180564880371,-1.6295207738876343,1.6325888633728027,-1.6299042701721191,0.0068666646257042885,0.053559985011816025,-0.01235999632626772,-0.022431105375289917,0.02609332650899887,0.02059999480843544,-0.008697775192558765,0.038453321903944016,0.004119998775422573,0.0714133158326149,-0.08194220066070557,0.003662221133708954,0.0,0.0,0.0,0.0,0.4999999701976776,-0.5,0.5,-0.5,1.6399999856948853,-1.6399999856948853,1.6399999856948853,-1.6399999856948853
20260708_155717_683245,2026-07-08T15:57:25.125,7.442075,policy,302,sit,0.0,0.0,0.0,0.0,0.0,0.0,0.0,0.0,0.1,none,0.0,0.0,-1.0,-0.0,0.0,0.0,0.0,2.7578649520874023,4.657059669494629,12,can0:12,2.78695011138916,4.680318832397461,,"BL_hip_joint,BR_hip_joint,FL_hip_joint,FR_hip_joint,BL_thigh_joint,BR_thigh_joint,FL_thigh_joint,FR_thigh_joint,BL_calf_joint,BR_calf_joint,FL_calf_joint,FR_calf_joint",330e02f2406e129bb6ed6ec4a6c6bcd5f80d7e7799a2ab087e81eda65d2fae69,"step=000302 mode=sit    vx= 0.000 vy= 0.000 vxy= 0.000 yaw= 0.000 speed=0.10 imu=none tilt_rp=[-0.0,+0.0]deg imu_corr=0.000 act_max= 0.000 tau_cmd= 2.758 tau_cmd_max= 4.657 cmds=12 bus=can0:12 tau_fb= 2.787 tau_fb_max= 4.680",,,,,,,,,,,,,,,,,,,,,,,,,,,,,,,,,,,,,,,,,,,,,,,,,0.0,0.0,0.0,0.0,0.0,0.0,0.0,0.0,0.0,0.0,0.0,0.0,0.0,0.0,0.0,0.0,0.0,0.0,0.0,0.0,0.0,0.0,0.0,0.0,0.05829304829239845,-0.0625116229057312,-0.06212811917066574,0.05522499233484268,0.4448679983615875,-0.44103294610977173,0.4329792857170105,-0.44755256175994873,1.614564061164856,-1.6295207738876343,1.6325888633728027,-1.6295207738876343,-0.040742211043834686,0.01739555038511753,0.02609332650899887,-0.02929776906967163,0.07324442267417908,-0.032044436782598495,0.012817773967981339,0.003662221133708954,0.0791955292224884,-0.0315866582095623,-0.00045777764171361923,0.0709555372595787,0.0,0.0,0.0,0.0,0.4999999701976776,-0.5,0.5,-0.5,1.6399999856948853,-1.6399999856948853,1.6399999856948853,-1.6399999856948853
20260708_155717_683245,2026-07-08T15:57:25.149,7.465827,policy,303,sit,0.0,0.0,0.0,0.0,0.0,0.0,0.0,0.0,0.1,none,0.0,0.0,-1.0,-0.0,0.0,0.0,0.0,2.7481021881103516,4.732120990753174,12,can0:12,2.78542423248291,4.705954074859619,,"BL_hip_joint,BR_hip_joint,FL_hip_joint,FR_hip_joint,BL_thigh_joint,BR_thigh_joint,FL_thigh_joint,FR_thigh_joint,BL_calf_joint,BR_calf_joint,FL_calf_joint,FR_calf_joint",330e02f2406e129bb6ed6ec4a6c6bcd5f80d7e7799a2ab087e81eda65d2fae69,"step=000303 mode=sit    vx= 0.000 vy= 0.000 vxy= 0.000 yaw= 0.000 speed=0.10 imu=none tilt_rp=[-0.0,+0.0]deg imu_corr=0.000 act_max= 0.000 tau_cmd= 2.748 tau_cmd_max= 4.732 cmds=12 bus=can0:12 tau_fb= 2.785 tau_fb_max= 4.706",,,,,,,,,,,,,,,,,,,,,,,,,,,,,,,,,,,,,,,,,,,,,,,,,0.0,0.0,0.0,0.0,0.0,0.0,0.0,0.0,0.0,0.0,0.0,0.0,0.0,0.0,0.0,0.0,0.0,0.0,0.0,0.0,0.0,0.0,0.0,0.0,0.05829304829239845,-0.0625116229057312,-0.06212811917066574,0.05522499233484268,0.4448679983615875,-0.44103294610977173,0.43336281180381775,-0.44755256175994873,1.614564061164856,-1.6295207738876343,1.6325888633728027,-1.6299042701721191,0.001831110566854477,0.010528885759413242,-0.04028443247079849,-0.10666219145059586,-0.019226660951972008,-0.01144444104284048,0.010528885759413242,-0.09063997119665146,0.03341776877641678,-0.027924437075853348,0.04303110018372536,-0.032959990203380585,0.0,0.0,0.0,0.0,0.4999999701976776,-0.5,0.5,-0.5,1.6399999856948853,-1.6399999856948853,1.6399999856948853,-1.6399999856948853
20260708_155717_683245,2026-07-08T15:57:25.172,7.489565,policy,304,sit,0.0,0.0,0.0,0.0,0.0,0.0,0.0,0.0,0.1,none,0.0,0.0,-1.0,-0.0,0.0,0.0,0.0,2.7888402938842773,4.750248908996582,12,can0:12,2.7967159748077393,4.694967269897461,,"BL_hip_joint,BR_hip_joint,FL_hip_joint,FR_hip_joint,BL_thigh_joint,BR_thigh_joint,FL_thigh_joint,FR_thigh_joint,BL_calf_joint,BR_calf_joint,FL_calf_joint,FR_calf_joint",330e02f2406e129bb6ed6ec4a6c6bcd5f80d7e7799a2ab087e81eda65d2fae69,"step=000304 mode=sit    vx= 0.000 vy= 0.000 vxy= 0.000 yaw= 0.000 speed=0.10 imu=none tilt_rp=[-0.0,+0.0]deg imu_corr=0.000 act_max= 0.000 tau_cmd= 2.789 tau_cmd_max= 4.750 cmds=12 bus=can0:12 tau_fb= 2.797 tau_fb_max= 4.695",,,,,,,,,,,,,,,,,,,,,,,,,,,,,,,,,,,,,,,,,,,,,,,,,0.0,0.0,0.0,0.0,0.0,0.0,0.0,0.0,0.0,0.0,0.0,0.0,0.0,0.0,0.0,0.0,0.0,0.0,0.0,0.0,0.0,0.0,0.0,0.0,0.05829304829239845,-0.0625116229057312,-0.06212811917066574,0.05522499233484268,0.4448679983615875,-0.44103294610977173,0.4329792857170105,-0.44755256175994873,1.614564061164856,-1.6295207738876343,1.6325888633728027,-1.6299042701721191,-0.055848874151706696,-0.03021332435309887,-0.050355542451143265,0.010528885759413242,0.003662221133708954,-0.004577776417136192,-0.016479995101690292,-0.0636310949921608,0.06042664870619774,-0.010071108117699623,-0.09292886406183243,-0.047151096165180206,0.0,0.0,0.0,0.0,0.4999999701976776,-0.5,0.5,-0.5,1.6399999856948853,-1.6399999856948853,1.6399999856948853,-1.6399999856948853
20260708_155717_683245,2026-07-08T15:57:25.196,7.513255,policy,305,sit,0.0,0.0,0.0,0.0,0.0,0.0,0.0,0.0,0.1,none,0.0,0.0,-1.0,-0.0,0.0,0.0,0.0,2.7954139709472656,4.653763771057129,12,can0:12,2.7927486896514893,4.724265098571777,,"BL_hip_joint,BR_hip_joint,FL_hip_joint,FR_hip_joint,BL_thigh_joint,BR_thigh_joint,FL_thigh_joint,FR_thigh_joint,BL_calf_joint,BR_calf_joint,FL_calf_joint,FR_calf_joint",330e02f2406e129bb6ed6ec4a6c6bcd5f80d7e7799a2ab087e81eda65d2fae69,"step=000305 mode=sit    vx= 0.000 vy= 0.000 vxy= 0.000 yaw= 0.000 speed=0.10 imu=none tilt_rp=[-0.0,+0.0]deg imu_corr=0.000 act_max= 0.000 tau_cmd= 2.795 tau_cmd_max= 4.654 cmds=12 bus=can0:12 tau_fb= 2.793 tau_fb_max= 4.724",,,,,,,,,,,,,,,,,,,,,,,,,,,,,,,,,,,,,,,,,,,,,,,,,0.0,0.0,0.0,0.0,0.0,0.0,0.0,0.0,0.0,0.0,0.0,0.0,0.0,0.0,0.0,0.0,0.0,0.0,0.0,0.0,0.0,0.0,0.0,0.0,0.05829304829239845,-0.0625116229057312,-0.06212811917066574,0.05522499233484268,0.4448679983615875,-0.44103294610977173,0.43336281180381775,-0.44755256175994873,1.614180564880371,-1.6295207738876343,1.6329723596572876,-1.6299042701721191,-0.019226660951972008,0.019226660951972008,0.013275551609694958,-0.032044436782598495,-0.05813775956630707,0.021973326802253723,0.013275551609694958,0.0631733164191246,0.041657764464616776,-0.007324442267417908,0.04531998559832573,0.05767998471856117,0.0,0.0,0.0,0.0,0.4999999701976776,-0.5,0.5,-0.5,1.6399999856948853,-1.6399999856948853,1.6399999856948853,-1.6399999856948853
20260708_155717_683245,2026-07-08T15:57:25.220,7.536958,policy,306,sit,0.0,0.0,0.0,0.0,0.0,0.0,0.0,0.0,0.1,none,0.0,0.0,-1.0,-0.0,0.0,0.0,0.0,2.7972612380981445,4.638931751251221,12,can0:12,2.7954952716827393,4.709616184234619,,"BL_hip_joint,BR_hip_joint,FL_hip_joint,FR_hip_joint,BL_thigh_joint,BR_thigh_joint,FL_thigh_joint,FR_thigh_joint,BL_calf_joint,BR_calf_joint,FL_calf_joint,FR_calf_joint",330e02f2406e129bb6ed6ec4a6c6bcd5f80d7e7799a2ab087e81eda65d2fae69,"step=000306 mode=sit    vx= 0.000 vy= 0.000 vxy= 0.000 yaw= 0.000 speed=0.10 imu=none tilt_rp=[-0.0,+0.0]deg imu_corr=0.000 act_max= 0.000 tau_cmd= 2.797 tau_cmd_max= 4.639 cmds=12 bus=can0:12 tau_fb= 2.795 tau_fb_max= 4.710",,,,,,,,,,,,,,,,,,,,,,,,,,,,,,,,,,,,,,,,,,,,,,,,,0.0,0.0,0.0,0.0,0.0,0.0,0.0,0.0,0.0,0.0,0.0,0.0,0.0,0.0,0.0,0.0,0.0,0.0,0.0,0.0,0.0,0.0,0.0,0.0,0.05829304829239845,-0.0625116229057312,-0.06212811917066574,0.05522499233484268,0.4448679983615875,-0.44103294610977173,0.43336281180381775,-0.44755256175994873,1.614180564880371,-1.6295207738876343,1.6325888633728027,-1.6299042701721191,-0.06500442326068878,0.027466658502817154,0.027924437075853348,-0.02609332650899887,0.02151555009186268,0.028382213786244392,-0.012817773967981339,0.026551103219389915,-0.06866664439439774,0.054475538432598114,0.05767998471856117,0.040742211043834686,0.0,0.0,0.0,0.0,0.4999999701976776,-0.5,0.5,-0.5,1.6399999856948853,-1.6399999856948853,1.6399999856948853,-1.6399999856948853
20260708_155717_683245,2026-07-08T15:57:25.243,7.560669,policy,307,sit,0.0,0.0,0.0,0.0,0.0,0.0,0.0,0.0,0.1,none,0.0,0.0,-1.0,-0.0,0.0,0.0,0.0,2.783271551132202,4.6924920082092285,12,can0:12,2.774132490158081,4.687643051147461,,"BL_hip_joint,BR_hip_joint,FL_hip_joint,FR_hip_joint,BL_thigh_joint,BR_thigh_joint,FL_thigh_joint,FR_thigh_joint,BL_calf_joint,BR_calf_joint,FL_calf_joint,FR_calf_joint",330e02f2406e129bb6ed6ec4a6c6bcd5f80d7e7799a2ab087e81eda65d2fae69,"step=000307 mode=sit    vx= 0.000 vy= 0.000 vxy= 0.000 yaw= 0.000 speed=0.10 imu=none tilt_rp=[-0.0,+0.0]deg imu_corr=0.000 act_max= 0.000 tau_cmd= 2.783 tau_cmd_max= 4.692 cmds=12 bus=can0:12 tau_fb= 2.774 tau_fb_max= 4.688",,,,,,,,,,,,,,,,,,,,,,,,,,,,,,,,,,,,,,,,,,,,,,,,,0.0,0.0,0.0,0.0,0.0,0.0,0.0,0.0,0.0,0.0,0.0,0.0,0.0,0.0,0.0,0.0,0.0,0.0,0.0,0.0,0.0,0.0,0.0,0.0,0.05829304829239845,-0.0625116229057312,-0.0625116229057312,0.05522499233484268,0.4448679983615875,-0.44103294610977173,0.4329792857170105,-0.44755256175994873,1.614564061164856,-1.6295207738876343,1.6325888633728027,-1.6299042701721191,0.002288888208568096,-0.002288888208568096,0.04852443188428879,-0.0032044434919953346,0.006408886983990669,0.03387554734945297,-0.04303110018372536,-0.056764427572488785,-0.027466658502817154,-0.043946653604507446,0.06591998040676117,0.017853328958153725,0.0,0.0,0.0,0.0,0.4999999701976776,-0.5,0.5,-0.5,1.6399999856948853,-1.6399999856948853,1.6399999856948853,-1.6399999856948853
20260708_155717_683245,2026-07-08T15:57:25.267,7.584456,policy,308,sit,0.0,0.0,0.0,0.0,0.0,0.0,0.0,0.0,0.1,none,0.0,0.0,-1.0,-0.0,0.0,0.0,0.0,2.8072240352630615,4.654587745666504,12,can0:12,2.7982425689697266,4.742576599121094,,"BL_hip_joint,BR_hip_joint,FL_hip_joint,FR_hip_joint,BL_thigh_joint,BR_thigh_joint,FL_thigh_joint,FR_thigh_joint,BL_calf_joint,BR_calf_joint,FL_calf_joint,FR_calf_joint",330e02f2406e129bb6ed6ec4a6c6bcd5f80d7e7799a2ab087e81eda65d2fae69,"step=000308 mode=sit    vx= 0.000 vy= 0.000 vxy= 0.000 yaw= 0.000 speed=0.10 imu=none tilt_rp=[-0.0,+0.0]deg imu_corr=0.000 act_max= 0.000 tau_cmd= 2.807 tau_cmd_max= 4.655 cmds=12 bus=can0:12 tau_fb= 2.798 tau_fb_max= 4.743",,,,,,,,,,,,,,,,,,,,,,,,,,,,,,,,,,,,,,,,,,,,,,,,,0.0,0.0,0.0,0.0,0.0,0.0,0.0,0.0,0.0,0.0,0.0,0.0,0.0,0.0,0.0,0.0,0.0,0.0,0.0,0.0,0.0,0.0,0.0,0.0,0.05829304829239845,-0.0625116229057312,-0.06212811917066574,0.05522499233484268,0.4448679983615875,-0.44103294610977173,0.43336281180381775,-0.44755256175994873,1.614564061164856,-1.6295207738876343,1.6325888633728027,-1.6299042701721191,-0.0393688790500164,0.018768884241580963,0.03387554734945297,0.03021332435309887,0.010986663401126862,0.02288888208568096,-0.024262215942144394,-0.009613330475986004,-0.059968870133161545,0.0009155552834272385,-0.0709555372595787,-0.008239997550845146,0.0,0.0,0.0,0.0,0.4999999701976776,-0.5,0.5,-0.5,1.6399999856948853,-1.6399999856948853,1.6399999856948853,-1.6399999856948853
20260708_155717_683245,2026-07-08T15:57:25.291,7.608165,policy,309,sit,0.0,0.0,0.0,0.0,0.0,0.0,0.0,0.0,0.1,none,0.0,0.0,-1.0,-0.0,0.0,0.0,0.0,2.773789644241333,4.682680606842041,12,can0:12,2.78939151763916,4.709616184234619,,"BL_hip_joint,BR_hip_joint,FL_hip_joint,FR_hip_joint,BL_thigh_joint,BR_thigh_joint,FL_thigh_joint,FR_thigh_joint,BL_calf_joint,BR_calf_joint,FL_calf_joint,FR_calf_joint",330e02f2406e129bb6ed6ec4a6c6bcd5f80d7e7799a2ab087e81eda65d2fae69,"step=000309 mode=sit    vx= 0.000 vy= 0.000 vxy= 0.000 yaw= 0.000 speed=0.10 imu=none tilt_rp=[-0.0,+0.0]deg imu_corr=0.000 act_max= 0.000 tau_cmd= 2.774 tau_cmd_max= 4.683 cmds=12 bus=can0:12 tau_fb= 2.789 tau_fb_max= 4.710",,,,,,,,,,,,,,,,,,,,,,,,,,,,,,,,,,,,,,,,,,,,,,,,,0.0,0.0,0.0,0.0,0.0,0.0,0.0,0.0,0.0,0.0,0.0,0.0,0.0,0.0,0.0,0.0,0.0,0.0,0.0,0.0,0.0,0.0,0.0,0.0,0.05829304829239845,-0.06212811917066574,-0.06212811917066574,0.05522499233484268,0.4448679983615875,-0.44103294610977173,0.43336281180381775,-0.44755256175994873,1.614564061164856,-1.6295207738876343,1.6325888633728027,-1.6299042701721191,0.008239997550845146,-0.012817773967981339,0.006408886983990669,-0.021057771518826485,0.05081331729888916,-0.0,0.003662221133708954,-0.007324442267417908,0.0709555372595787,-0.021057771518826485,-0.016022218391299248,0.025635547935962677,0.0,0.0,0.0,0.0,0.4999999701976776,-0.5,0.5,-0.5,1.6399999856948853,-1.6399999856948853,1.6399999856948853,-1.6399999856948853
20260708_155717_683245,2026-07-08T15:57:25.315,7.631904,policy,310,sit,0.0,0.0,0.0,0.0,0.0,0.0,0.0,0.0,0.1,none,0.0,0.0,-1.0,-0.0,0.0,0.0,0.0,2.830127477645874,4.793019771575928,12,can0:12,2.8025147914886475,4.672994136810303,,"BL_hip_joint,BR_hip_joint,FL_hip_joint,FR_hip_joint,BL_thigh_joint,BR_thigh_joint,FL_thigh_joint,FR_thigh_joint,BL_calf_joint,BR_calf_joint,FL_calf_joint,FR_calf_joint",330e02f2406e129bb6ed6ec4a6c6bcd5f80d7e7799a2ab087e81eda65d2fae69,"step=000310 mode=sit    vx= 0.000 vy= 0.000 vxy= 0.000 yaw= 0.000 speed=0.10 imu=none tilt_rp=[-0.0,+0.0]deg imu_corr=0.000 act_max= 0.000 tau_cmd= 2.830 tau_cmd_max= 4.793 cmds=12 bus=can0:12 tau_fb= 2.803 tau_fb_max= 4.673",,,,,,,,,,,,,,,,,,,,,,,,,,,,,,,,,,,,,,,,,,,,,,,,,0.0,0.0,0.0,0.0,0.0,0.0,0.0,0.0,0.0,0.0,0.0,0.0,0.0,0.0,0.0,0.0,0.0,0.0,0.0,0.0,0.0,0.0,0.0,0.0,0.05829304829239845,-0.0625116229057312,-0.0625116229057312,0.05522499233484268,0.44448450207710266,-0.44103294610977173,0.4329792857170105,-0.44755256175994873,1.614564061164856,-1.6295207738876343,1.6329723596572876,-1.6299042701721191,0.020142216235399246,-0.004119998775422573,-0.05813775956630707,0.053559985011816025,-0.0315866582095623,0.003662221133708954,0.015564439818263054,0.01235999632626772,-0.005493331700563431,0.09063997119665146,0.00045777764171361923,-0.043946653604507446,0.0,0.0,0.0,0.0,0.4999999701976776,-0.5,0.5,-0.5,1.6399999856948853,-1.6399999856948853,1.6399999856948853,-1.6399999856948853
20260708_155717_683245,2026-07-08T15:57:25.339,7.655802,policy,311,sit,0.0,0.0,0.0,0.0,0.0,0.0,0.0,0.0,0.1,none,0.0,0.0,-1.0,-0.0,0.0,0.0,0.0,2.7971489429473877,4.570616722106934,12,can0:12,2.8196051120758057,4.749900817871094,,"BL_hip_joint,BR_hip_joint,FL_hip_joint,FR_hip_joint,BL_thigh_joint,BR_thigh_joint,FL_thigh_joint,FR_thigh_joint,BL_calf_joint,BR_calf_joint,FL_calf_joint,FR_calf_joint",330e02f2406e129bb6ed6ec4a6c6bcd5f80d7e7799a2ab087e81eda65d2fae69,"step=000311 mode=sit    vx= 0.000 vy= 0.000 vxy= 0.000 yaw= 0.000 speed=0.10 imu=none tilt_rp=[-0.0,+0.0]deg imu_corr=0.000 act_max= 0.000 tau_cmd= 2.797 tau_cmd_max= 4.571 cmds=12 bus=can0:12 tau_fb= 2.820 tau_fb_max= 4.750",,,,,,,,,,,,,,,,,,,,,,,,,,,,,,,,,,,,,,,,,,,,,,,,,0.0,0.0,0.0,0.0,0.0,0.0,0.0,0.0,0.0,0.0,0.0,0.0,0.0,0.0,0.0,0.0,0.0,0.0,0.0,0.0,0.0,0.0,0.0,0.0,0.05829304829239845,-0.0625116229057312,-0.06212811917066574,0.05522499233484268,0.4448679983615875,-0.44103294610977173,0.4329792857170105,-0.44755256175994873,1.614564061164856,-1.6295207738876343,1.6325888633728027,-1.6299042701721191,0.01235999632626772,0.07553330808877945,0.04943998530507088,0.01739555038511753,-0.004119998775422573,0.050355542451143265,-0.055848874151706696,0.026551103219389915,0.1029999703168869,0.0238044373691082,-0.05172887444496155,-0.003662221133708954,0.0,0.0,0.0,0.0,0.4999999701976776,-0.5,0.5,-0.5,1.6399999856948853,-1.6399999856948853,1.6399999856948853,-1.6399999856948853
20260708_155717_683245,2026-07-08T15:57:25.362,7.679517,policy,312,sit,0.0,0.0,0.0,0.0,0.0,0.0,0.0,0.0,0.1,none,0.0,0.0,-1.0,-0.0,0.0,0.0,0.0,2.7665045261383057,4.757587909698486,12,can0:12,2.8028199672698975,4.709616184234619,,"BL_hip_joint,BR_hip_joint,FL_hip_joint,FR_hip_joint,BL_thigh_joint,BR_thigh_joint,FL_thigh_joint,FR_thigh_joint,BL_calf_joint,BR_calf_joint,FL_calf_joint,FR_calf_joint",330e02f2406e129bb6ed6ec4a6c6bcd5f80d7e7799a2ab087e81eda65d2fae69,"step=000312 mode=sit    vx= 0.000 vy= 0.000 vxy= 0.000 yaw= 0.000 speed=0.10 imu=none tilt_rp=[-0.0,+0.0]deg imu_corr=0.000 act_max= 0.000 tau_cmd= 2.767 tau_cmd_max= 4.758 cmds=12 bus=can0:12 tau_fb= 2.803 tau_fb_max= 4.710",,,,,,,,,,,,,,,,,,,,,,,,,,,,,,,,,,,,,,,,,,,,,,,,,0.0,0.0,0.0,0.0,0.0,0.0,0.0,0.0,0.0,0.0,0.0,0.0,0.0,0.0,0.0,0.0,0.0,0.0,0.0,0.0,0.0,0.0,0.0,0.0,0.05829304829239845,-0.0625116229057312,-0.06212811917066574,0.05522499233484268,0.4448679983615875,-0.44103294610977173,0.43336281180381775,-0.44755256175994873,1.614564061164856,-1.6295207738876343,1.6325888633728027,-1.6299042701721191,-0.010986663401126862,-0.038453321903944016,0.016479995101690292,0.008239997550845146,-0.04119998961687088,-0.06271553784608841,0.035248879343271255,-0.053559985011816025,0.008239997550845146,-0.023346660658717155,0.03250221163034439,-0.027924437075853348,0.0,0.0,0.0,0.0,0.4999999701976776,-0.5,0.5,-0.5,1.6399999856948853,-1.6399999856948853,1.6399999856948853,-1.6399999856948853
20260708_155717_683245,2026-07-08T15:57:25.386,7.703308,policy,313,sit,0.0,0.0,0.0,0.0,0.0,0.0,0.0,0.0,0.1,none,0.0,0.0,-1.0,-0.0,0.0,0.0,0.0,2.822942018508911,4.7781877517700195,12,can0:12,2.8031246662139893,4.680318832397461,,"BL_hip_joint,BR_hip_joint,FL_hip_joint,FR_hip_joint,BL_thigh_joint,BR_thigh_joint,FL_thigh_joint,FR_thigh_joint,BL_calf_joint,BR_calf_joint,FL_calf_joint,FR_calf_joint",330e02f2406e129bb6ed6ec4a6c6bcd5f80d7e7799a2ab087e81eda65d2fae69,"step=000313 mode=sit    vx= 0.000 vy= 0.000 vxy= 0.000 yaw= 0.000 speed=0.10 imu=none tilt_rp=[-0.0,+0.0]deg imu_corr=0.000 act_max= 0.000 tau_cmd= 2.823 tau_cmd_max= 4.778 cmds=12 bus=can0:12 tau_fb= 2.803 tau_fb_max= 4.680",,,,,,,,,,,,,,,,,,,,,,,,,,,,,,,,,,,,,,,,,,,,,,,,,0.0,0.0,0.0,0.0,0.0,0.0,0.0,0.0,0.0,0.0,0.0,0.0,0.0,0.0,0.0,0.0,0.0,0.0,0.0,0.0,0.0,0.0,0.0,0.0,0.05829304829239845,-0.0625116229057312,-0.0625116229057312,0.05522499233484268,0.4448679983615875,-0.44103294610977173,0.43336281180381775,-0.44755256175994873,1.614564061164856,-1.6295207738876343,1.6325888633728027,-1.6299042701721191,0.025635547935962677,-0.03021332435309887,-0.04989776387810707,0.025635547935962677,0.008697775192558765,-0.016937773674726486,0.01144444104284048,0.016479995101690292,-0.01144444104284048,0.013733329251408577,0.007324442267417908,0.04852443188428879,0.0,0.0,0.0,0.0,0.4999999701976776,-0.5,0.5,-0.5,1.6399999856948853,-1.6399999856948853,1.6399999856948853,-1.6399999856948853
20260708_155717_683245,2026-07-08T15:57:25.410,7.727211,policy,314,sit,0.0,0.0,0.0,0.0,0.0,0.0,0.0,0.0,0.1,none,0.0,0.0,-1.0,-0.0,0.0,0.0,0.0,2.802417755126953,4.745227813720703,12,can0:12,2.7903072834014893,4.705954074859619,,"BL_hip_joint,BR_hip_joint,FL_hip_joint,FR_hip_joint,BL_thigh_joint,BR_thigh_joint,FL_thigh_joint,FR_thigh_joint,BL_calf_joint,BR_calf_joint,FL_calf_joint,FR_calf_joint",330e02f2406e129bb6ed6ec4a6c6bcd5f80d7e7799a2ab087e81eda65d2fae69,"step=000314 mode=sit    vx= 0.000 vy= 0.000 vxy= 0.000 yaw= 0.000 speed=0.10 imu=none tilt_rp=[-0.0,+0.0]deg imu_corr=0.000 act_max= 0.000 tau_cmd= 2.802 tau_cmd_max= 4.745 cmds=12 bus=can0:12 tau_fb= 2.790 tau_fb_max= 4.706",,,,,,,,,,,,,,,,,,,,,,,,,,,,,,,,,,,,,,,,,,,,,,,,,0.0,0.0,0.0,0.0,0.0,0.0,0.0,0.0,0.0,0.0,0.0,0.0,0.0,0.0,0.0,0.0,0.0,0.0,0.0,0.0,0.0,0.0,0.0,0.0,0.05829304829239845,-0.0625116229057312,-0.06212811917066574,0.05522499233484268,0.4448679983615875,-0.44103294610977173,0.43336281180381775,-0.44755256175994873,1.614564061164856,-1.6295207738876343,1.6325888633728027,-1.6299042701721191,0.03021332435309887,-0.0315866582095623,0.002288888208568096,-0.01235999632626772,-0.0119022186845541,0.027924437075853348,-0.01739555038511753,-0.008697775192558765,0.10025330632925034,0.029755547642707825,-0.014191106893122196,0.016937773674726486,0.0,0.0,0.0,0.0,0.4999999701976776,-0.5,0.5,-0.5,1.6399999856948853,-1.6399999856948853,1.6399999856948853,-1.6399999856948853
20260708_155717_683245,2026-07-08T15:57:25.434,7.751134,policy,315,sit,0.0,0.0,0.0,0.0,0.0,0.0,0.0,0.0,0.1,none,0.0,0.0,-1.0,-0.0,0.0,0.0,0.0,2.7693889141082764,4.606873035430908,12,can0:12,2.78542423248291,4.716940879821777,,"BL_hip_joint,BR_hip_joint,FL_hip_joint,FR_hip_joint,BL_thigh_joint,BR_thigh_joint,FL_thigh_joint,FR_thigh_joint,BL_calf_joint,BR_calf_joint,FL_calf_joint,FR_calf_joint",330e02f2406e129bb6ed6ec4a6c6bcd5f80d7e7799a2ab087e81eda65d2fae69,"step=000315 mode=sit    vx= 0.000 vy= 0.000 vxy= 0.000 yaw= 0.000 speed=0.10 imu=none tilt_rp=[-0.0,+0.0]deg imu_corr=0.000 act_max= 0.000 tau_cmd= 2.769 tau_cmd_max= 4.607 cmds=12 bus=can0:12 tau_fb= 2.785 tau_fb_max= 4.717",,,,,,,,,,,,,,,,,,,,,,,,,,,,,,,,,,,,,,,,,,,,,,,,,0.0,0.0,0.0,0.0,0.0,0.0,0.0,0.0,0.0,0.0,0.0,0.0,0.0,0.0,0.0,0.0,0.0,0.0,0.0,0.0,0.0,0.0,0.0,0.0,0.05829304829239845,-0.06212811917066574,-0.06212811917066574,0.05522499233484268,0.4448679983615875,-0.44103294610977173,0.43336281180381775,-0.44755256175994873,1.614180564880371,-1.6295207738876343,1.6325888633728027,-1.6299042701721191,-0.0796533077955246,0.02929776906967163,0.047151096165180206,0.010528885759413242,0.003662221133708954,0.03021332435309887,-0.013733329251408577,-0.022431105375289917,-0.07599108666181564,-0.03341776877641678,-0.015106662176549435,-0.09384441375732422,0.0,0.0,0.0,0.0,0.4999999701976776,-0.5,0.5,-0.5,1.6399999856948853,-1.6399999856948853,1.6399999856948853,-1.6399999856948853
20260708_155717_683245,2026-07-08T15:57:25.458,7.774776,policy,316,sit,0.0,0.0,0.0,0.0,0.0,0.0,0.0,0.0,0.1,none,0.0,0.0,-1.0,-0.0,0.0,0.0,0.0,2.814171552658081,4.72298002243042,12,can0:12,2.79213809967041,4.6620073318481445,,"BL_hip_joint,BR_hip_joint,FL_hip_joint,FR_hip_joint,BL_thigh_joint,BR_thigh_joint,FL_thigh_joint,FR_thigh_joint,BL_calf_joint,BR_calf_joint,FL_calf_joint,FR_calf_joint",330e02f2406e129bb6ed6ec4a6c6bcd5f80d7e7799a2ab087e81eda65d2fae69,"step=000316 mode=sit    vx= 0.000 vy= 0.000 vxy= 0.000 yaw= 0.000 speed=0.10 imu=none tilt_rp=[-0.0,+0.0]deg imu_corr=0.000 act_max= 0.000 tau_cmd= 2.814 tau_cmd_max= 4.723 cmds=12 bus=can0:12 tau_fb= 2.792 tau_fb_max= 4.662",,,,,,,,,,,,,,,,,,,,,,,,,,,,,,,,,,,,,,,,,,,,,,,,,0.0,0.0,0.0,0.0,0.0,0.0,0.0,0.0,0.0,0.0,0.0,0.0,0.0,0.0,0.0,0.0,0.0,0.0,0.0,0.0,0.0,0.0,0.0,0.0,0.05829304829239845,-0.0625116229057312,-0.06212811917066574,0.05560849979519844,0.4448679983615875,-0.44103294610977173,0.4329792857170105,-0.44755256175994873,1.614564061164856,-1.6295207738876343,1.6325888633728027,-1.6299042701721191,0.00045777764171361923,-0.019226660951972008,0.009613330475986004,0.09063997119665146,-0.0027466658502817154,-0.023346660658717155,-0.007782219909131527,-0.016022218391299248,-0.009155552834272385,-0.012817773967981339,-0.0009155552834272385,0.03891110047698021,0.0,0.0,0.0,0.0,0.4999999701976776,-0.5,0.5,-0.5,1.6399999856948853,-1.6399999856948853,1.6399999856948853,-1.6399999856948853
20260708_155717_683245,2026-07-08T15:57:25.481,7.798356,policy,317,sit,0.0,0.0,0.0,0.0,0.0,0.0,0.0,0.0,0.1,none,0.0,0.0,-1.0,-0.0,0.0,0.0,0.0,2.826188087463379,4.816168785095215,12,can0:12,2.78237247467041,4.687643051147461,,"BL_hip_joint,BR_hip_joint,FL_hip_joint,FR_hip_joint,BL_thigh_joint,BR_thigh_joint,FL_thigh_joint,FR_thigh_joint,BL_calf_joint,BR_calf_joint,FL_calf_joint,FR_calf_joint",330e02f2406e129bb6ed6ec4a6c6bcd5f80d7e7799a2ab087e81eda65d2fae69,"step=000317 mode=sit    vx= 0.000 vy= 0.000 vxy= 0.000 yaw= 0.000 speed=0.10 imu=none tilt_rp=[-0.0,+0.0]deg imu_corr=0.000 act_max= 0.000 tau_cmd= 2.826 tau_cmd_max= 4.816 cmds=12 bus=can0:12 tau_fb= 2.782 tau_fb_max= 4.688",,,,,,,,,,,,,,,,,,,,,,,,,,,,,,,,,,,,,,,,,,,,,,,,,0.0,0.0,0.0,0.0,0.0,0.0,0.0,0.0,0.0,0.0,0.0,0.0,0.0,0.0,0.0,0.0,0.0,0.0,0.0,0.0,0.0,0.0,0.0,0.0,0.05829304829239845,-0.0625116229057312,-0.06212811917066574,0.05522499233484268,0.4448679983615875,-0.44103294610977173,0.4329792857170105,-0.44755256175994873,1.614564061164856,-1.6295207738876343,1.6325888633728027,-1.6295207738876343,0.009155552834272385,0.02700888179242611,-0.0869777500629425,0.048066653311252594,-0.06408887356519699,-0.041657764464616776,-0.051271095871925354,0.041657764464616776,0.03021332435309887,-0.05813775956630707,0.004577776417136192,0.04852443188428879,0.0,0.0,0.0,0.0,0.4999999701976776,-0.5,0.5,-0.5,1.6399999856948853,-1.6399999856948853,1.6399999856948853,-1.6399999856948853
20260708_155717_683245,2026-07-08T15:57:25.505,7.822137,policy,318,sit,0.0,0.0,0.0,0.0,0.0,0.0,0.0,0.0,0.1,none,0.0,0.0,-1.0,-0.0,0.0,0.0,0.0,2.8033287525177,4.625824928283691,12,can0:12,2.78908634185791,4.691305160522461,,"BL_hip_joint,BR_hip_joint,FL_hip_joint,FR_hip_joint,BL_thigh_joint,BR_thigh_joint,FL_thigh_joint,FR_thigh_joint,BL_calf_joint,BR_calf_joint,FL_calf_joint,FR_calf_joint",330e02f2406e129bb6ed6ec4a6c6bcd5f80d7e7799a2ab087e81eda65d2fae69,"step=000318 mode=sit    vx= 0.000 vy= 0.000 vxy= 0.000 yaw= 0.000 speed=0.10 imu=none tilt_rp=[-0.0,+0.0]deg imu_corr=0.000 act_max= 0.000 tau_cmd= 2.803 tau_cmd_max= 4.626 cmds=12 bus=can0:12 tau_fb= 2.789 tau_fb_max= 4.691",,,,,,,,,,,,,,,,,,,,,,,,,,,,,,,,,,,,,,,,,,,,,,,,,0.0,0.0,0.0,0.0,0.0,0.0,0.0,0.0,0.0,0.0,0.0,0.0,0.0,0.0,0.0,0.0,0.0,0.0,0.0,0.0,0.0,0.0,0.0,0.0,0.05829304829239845,-0.0625116229057312,-0.06212811917066574,0.05522499233484268,0.4448679983615875,-0.44103294610977173,0.4329792857170105,-0.44755256175994873,1.614564061164856,-1.6295207738876343,1.6325888633728027,-1.6299042701721191,-0.03021332435309887,0.04303110018372536,0.018768884241580963,0.055848874151706696,0.008239997550845146,0.009155552834272385,-0.038453321903944016,0.02059999480843544,0.027466658502817154,0.05767998471856117,-0.031128879636526108,-0.03341776877641678,0.0,0.0,0.0,0.0,0.4999999701976776,-0.5,0.5,-0.5,1.6399999856948853,-1.6399999856948853,1.6399999856948853,-1.6399999856948853
20260708_155717_683245,2026-07-08T15:57:25.529,7.845804,policy,319,sit,0.0,0.0,0.0,0.0,0.0,0.0,0.0,0.0,0.1,none,0.0,0.0,-1.0,-0.0,0.0,0.0,0.0,2.8084287643432617,4.790547847747803,12,can0:12,2.7939693927764893,4.694967269897461,,"BL_hip_joint,BR_hip_joint,FL_hip_joint,FR_hip_joint,BL_thigh_joint,BR_thigh_joint,FL_thigh_joint,FR_thigh_joint,BL_calf_joint,BR_calf_joint,FL_calf_joint,FR_calf_joint",330e02f2406e129bb6ed6ec4a6c6bcd5f80d7e7799a2ab087e81eda65d2fae69,"step=000319 mode=sit    vx= 0.000 vy= 0.000 vxy= 0.000 yaw= 0.000 speed=0.10 imu=none tilt_rp=[-0.0,+0.0]deg imu_corr=0.000 act_max= 0.000 tau_cmd= 2.808 tau_cmd_max= 4.791 cmds=12 bus=can0:12 tau_fb= 2.794 tau_fb_max= 4.695",,,,,,,,,,,,,,,,,,,,,,,,,,,,,,,,,,,,,,,,,,,,,,,,,0.0,0.0,0.0,0.0,0.0,0.0,0.0,0.0,0.0,0.0,0.0,0.0,0.0,0.0,0.0,0.0,0.0,0.0,0.0,0.0,0.0,0.0,0.0,0.0,0.05829304829239845,-0.0625116229057312,-0.06212811917066574,0.05522499233484268,0.44448450207710266,-0.44103294610977173,0.4329792857170105,-0.44755256175994873,1.614564061164856,-1.6295207738876343,1.6325888633728027,-1.6299042701721191,0.017853328958153725,-0.056764427572488785,-0.059053316712379456,0.0196844395250082,-0.010528885759413242,0.016479995101690292,-0.007782219909131527,-0.002288888208568096,0.0718710869550705,-0.003662221133708954,0.014191106893122196,-0.021057771518826485,0.0,0.0,0.0,0.0,0.4999999701976776,-0.5,0.5,-0.5,1.6399999856948853,-1.6399999856948853,1.6399999856948853,-1.6399999856948853
20260708_155717_683245,2026-07-08T15:57:25.552,7.869451,policy,320,sit,0.0,0.0,0.0,0.0,0.0,0.0,0.0,0.0,0.1,none,0.0,0.0,-1.0,-0.0,0.0,0.0,0.0,2.811156988143921,4.746953010559082,12,can0:12,2.8003787994384766,4.7352519035339355,,"BL_hip_joint,BR_hip_joint,FL_hip_joint,FR_hip_joint,BL_thigh_joint,BR_thigh_joint,FL_thigh_joint,FR_thigh_joint,BL_calf_joint,BR_calf_joint,FL_calf_joint,FR_calf_joint",330e02f2406e129bb6ed6ec4a6c6bcd5f80d7e7799a2ab087e81eda65d2fae69,"step=000320 mode=sit    vx= 0.000 vy= 0.000 vxy= 0.000 yaw= 0.000 speed=0.10 imu=none tilt_rp=[-0.0,+0.0]deg imu_corr=0.000 act_max= 0.000 tau_cmd= 2.811 tau_cmd_max= 4.747 cmds=12 bus=can0:12 tau_fb= 2.800 tau_fb_max= 4.735",,,,,,,,,,,,,,,,,,,,,,,,,,,,,,,,,,,,,,,,,,,,,,,,,0.0,0.0,0.0,0.0,0.0,0.0,0.0,0.0,0.0,0.0,0.0,0.0,0.0,0.0,0.0,0.0,0.0,0.0,0.0,0.0,0.0,0.0,0.0,0.0,0.05829304829239845,-0.0625116229057312,-0.06212811917066574,0.05522499233484268,0.44448450207710266,-0.44103294610977173,0.43336281180381775,-0.44755256175994873,1.614564061164856,-1.6295207738876343,1.6325888633728027,-1.6299042701721191,-0.06042664870619774,0.02471999265253544,-0.04852443188428879,-0.043946653604507446,-0.0027466658502817154,0.010986663401126862,0.013733329251408577,-0.007782219909131527,-0.15655995905399323,0.021057771518826485,-0.022431105375289917,-0.007782219909131527,0.0,0.0,0.0,0.0,0.4999999701976776,-0.5,0.5,-0.5,1.6399999856948853,-1.6399999856948853,1.6399999856948853,-1.6399999856948853
20260708_155717_683245,2026-07-08T15:57:25.576,7.893164,policy,321,sit,0.0,0.0,0.0,0.0,0.0,0.0,0.0,0.0,0.1,none,0.0,0.0,-1.0,-0.0,0.0,0.0,0.0,2.808753252029419,4.685075759887695,12,can0:12,2.79213809967041,4.669332027435303,,"BL_hip_joint,BR_hip_joint,FL_hip_joint,FR_hip_joint,BL_thigh_joint,BR_thigh_joint,FL_thigh_joint,FR_thigh_joint,BL_calf_joint,BR_calf_joint,FL_calf_joint,FR_calf_joint",330e02f2406e129bb6ed6ec4a6c6bcd5f80d7e7799a2ab087e81eda65d2fae69,"step=000321 mode=sit    vx= 0.000 vy= 0.000 vxy= 0.000 yaw= 0.000 speed=0.10 imu=none tilt_rp=[-0.0,+0.0]deg imu_corr=0.000 act_max= 0.000 tau_cmd= 2.809 tau_cmd_max= 4.685 cmds=12 bus=can0:12 tau_fb= 2.792 tau_fb_max= 4.669",,,,,,,,,,,,,,,,,,,,,,,,,,,,,,,,,,,,,,,,,,,,,,,,,0.0,0.0,0.0,0.0,0.0,0.0,0.0,0.0,0.0,0.0,0.0,0.0,0.0,0.0,0.0,0.0,0.0,0.0,0.0,0.0,0.0,0.0,0.0,0.0,0.05829304829239845,-0.0625116229057312,-0.06212811917066574,0.05522499233484268,0.4448679983615875,-0.44103294610977173,0.4329792857170105,-0.44755256175994873,1.614564061164856,-1.6295207738876343,1.6325888633728027,-1.6299042701721191,-0.07736442238092422,0.001831110566854477,0.0631733164191246,0.017853328958153725,-0.02059999480843544,-0.021973326802253723,-0.06866664439439774,-0.035248879343271255,-0.027466658502817154,0.10711997002363205,-0.017853328958153725,0.027924437075853348,0.0,0.0,0.0,0.0,0.4999999701976776,-0.5,0.5,-0.5,1.6399999856948853,-1.6399999856948853,1.6399999856948853,-1.6399999856948853
20260708_155717_683245,2026-07-08T15:57:25.600,7.916796,policy,322,sit,0.0,0.0,0.0,0.0,0.0,0.0,0.0,0.0,0.1,none,0.0,0.0,-1.0,-0.0,0.0,0.0,0.0,2.7814738750457764,4.7048516273498535,12,can0:12,2.8171634674072266,4.713278770446777,,"BL_hip_joint,BR_hip_joint,FL_hip_joint,FR_hip_joint,BL_thigh_joint,BR_thigh_joint,FL_thigh_joint,FR_thigh_joint,BL_calf_joint,BR_calf_joint,FL_calf_joint,FR_calf_joint",330e02f2406e129bb6ed6ec4a6c6bcd5f80d7e7799a2ab087e81eda65d2fae69,"step=000322 mode=sit    vx= 0.000 vy= 0.000 vxy= 0.000 yaw= 0.000 speed=0.10 imu=none tilt_rp=[-0.0,+0.0]deg imu_corr=0.000 act_max= 0.000 tau_cmd= 2.781 tau_cmd_max= 4.705 cmds=12 bus=can0:12 tau_fb= 2.817 tau_fb_max= 4.713",,,,,,,,,,,,,,,,,,,,,,,,,,,,,,,,,,,,,,,,,,,,,,,,,0.0,0.0,0.0,0.0,0.0,0.0,0.0,0.0,0.0,0.0,0.0,0.0,0.0,0.0,0.0,0.0,0.0,0.0,0.0,0.0,0.0,0.0,0.0,0.0,0.05829304829239845,-0.0625116229057312,-0.06212811917066574,0.05522499233484268,0.4448679983615875,-0.44103294610977173,0.43336281180381775,-0.44755256175994873,1.614564061164856,-1.6295207738876343,1.6325888633728027,-1.6299042701721191,-0.038453321903944016,-0.009155552834272385,0.03707998991012573,0.04348887503147125,0.0315866582095623,-0.020142216235399246,0.014191106893122196,0.02288888208568096,-0.048066653311252594,-0.021973326802253723,0.002288888208568096,-0.04119998961687088,0.0,0.0,0.0,0.0,0.4999999701976776,-0.5,0.5,-0.5,1.6399999856948853,-1.6399999856948853,1.6399999856948853,-1.6399999856948853
20260708_155717_683245,2026-07-08T15:57:25.623,7.940501,policy,323,sit,0.0,0.0,0.0,0.0,0.0,0.0,0.0,0.0,0.1,none,0.0,0.0,-1.0,-0.0,0.0,0.0,0.0,2.773096799850464,4.712267875671387,12,can0:12,2.7945797443389893,4.702291965484619,,"BL_hip_joint,BR_hip_joint,FL_hip_joint,FR_hip_joint,BL_thigh_joint,BR_thigh_joint,FL_thigh_joint,FR_thigh_joint,BL_calf_joint,BR_calf_joint,FL_calf_joint,FR_calf_joint",330e02f2406e129bb6ed6ec4a6c6bcd5f80d7e7799a2ab087e81eda65d2fae69,"step=000323 mode=sit    vx= 0.000 vy= 0.000 vxy= 0.000 yaw= 0.000 speed=0.10 imu=none tilt_rp=[-0.0,+0.0]deg imu_corr=0.000 act_max= 0.000 tau_cmd= 2.773 tau_cmd_max= 4.712 cmds=12 bus=can0:12 tau_fb= 2.795 tau_fb_max= 4.702",,,,,,,,,,,,,,,,,,,,,,,,,,,,,,,,,,,,,,,,,,,,,,,,,0.0,0.0,0.0,0.0,0.0,0.0,0.0,0.0,0.0,0.0,0.0,0.0,0.0,0.0,0.0,0.0,0.0,0.0,0.0,0.0,0.0,0.0,0.0,0.0,0.05829304829239845,-0.0625116229057312,-0.06212811917066574,0.05522499233484268,0.4448679983615875,-0.44103294610977173,0.43336281180381775,-0.44755256175994873,1.614564061164856,-1.6295207738876343,1.6325888633728027,-1.6299042701721191,0.013275551609694958,-0.013275551609694958,0.061342205852270126,-0.021973326802253723,-0.043946653604507446,-0.02288888208568096,0.04119998961687088,-0.04989776387810707,0.020142216235399246,0.06775109469890594,0.0718710869550705,0.0119022186845541,0.0,0.0,0.0,0.0,0.4999999701976776,-0.5,0.5,-0.5,1.6399999856948853,-1.6399999856948853,1.6399999856948853,-1.6399999856948853
20260708_155717_683245,2026-07-08T15:57:25.647,7.964180,policy,324,sit,0.0,0.0,0.0,0.0,0.0,0.0,0.0,0.0,0.1,none,0.0,0.0,-1.0,-0.0,0.0,0.0,0.0,2.8035848140716553,4.877892017364502,12,can0:12,2.79946231842041,4.709616184234619,,"BL_hip_joint,BR_hip_joint,FL_hip_joint,FR_hip_joint,BL_thigh_joint,BR_thigh_joint,FL_thigh_joint,FR_thigh_joint,BL_calf_joint,BR_calf_joint,FL_calf_joint,FR_calf_joint",330e02f2406e129bb6ed6ec4a6c6bcd5f80d7e7799a2ab087e81eda65d2fae69,"step=000324 mode=sit    vx= 0.000 vy= 0.000 vxy= 0.000 yaw= 0.000 speed=0.10 imu=none tilt_rp=[-0.0,+0.0]deg imu_corr=0.000 act_max= 0.000 tau_cmd= 2.804 tau_cmd_max= 4.878 cmds=12 bus=can0:12 tau_fb= 2.799 tau_fb_max= 4.710",,,,,,,,,,,,,,,,,,,,,,,,,,,,,,,,,,,,,,,,,,,,,,,,,0.0,0.0,0.0,0.0,0.0,0.0,0.0,0.0,0.0,0.0,0.0,0.0,0.0,0.0,0.0,0.0,0.0,0.0,0.0,0.0,0.0,0.0,0.0,0.0,0.05829304829239845,-0.0625116229057312,-0.06212811917066574,0.05522499233484268,0.4448679983615875,-0.44103294610977173,0.43336281180381775,-0.44755256175994873,1.614564061164856,-1.6295207738876343,1.6325888633728027,-1.6299042701721191,0.002288888208568096,-0.10528885573148727,0.044862210750579834,0.02700888179242611,0.013275551609694958,-0.004119998775422573,0.038453321903944016,-0.010071108117699623,-0.04028443247079849,0.04989776387810707,0.007782219909131527,-0.04211554303765297,0.0,0.0,0.0,0.0,0.4999999701976776,-0.5,0.5,-0.5,1.6399999856948853,-1.6399999856948853,1.6399999856948853,-1.6399999856948853
20260708_155717_683245,2026-07-08T15:57:25.671,7.988053,policy,325,sit,0.0,0.0,0.0,0.0,0.0,0.0,0.0,0.0,0.1,none,0.0,0.0,-1.0,-0.0,0.0,0.0,0.0,2.8329179286956787,4.815268039703369,12,can0:12,2.7942745685577393,4.742576599121094,,"BL_hip_joint,BR_hip_joint,FL_hip_joint,FR_hip_joint,BL_thigh_joint,BR_thigh_joint,FL_thigh_joint,FR_thigh_joint,BL_calf_joint,BR_calf_joint,FL_calf_joint,FR_calf_joint",330e02f2406e129bb6ed6ec4a6c6bcd5f80d7e7799a2ab087e81eda65d2fae69,"step=000325 mode=sit    vx= 0.000 vy= 0.000 vxy= 0.000 yaw= 0.000 speed=0.10 imu=none tilt_rp=[-0.0,+0.0]deg imu_corr=0.000 act_max= 0.000 tau_cmd= 2.833 tau_cmd_max= 4.815 cmds=12 bus=can0:12 tau_fb= 2.794 tau_fb_max= 4.743",,,,,,,,,,,,,,,,,,,,,,,,,,,,,,,,,,,,,,,,,,,,,,,,,0.0,0.0,0.0,0.0,0.0,0.0,0.0,0.0,0.0,0.0,0.0,0.0,0.0,0.0,0.0,0.0,0.0,0.0,0.0,0.0,0.0,0.0,0.0,0.0,0.05829304829239845,-0.0625116229057312,-0.06212811917066574,0.05522499233484268,0.4448679983615875,-0.44103294610977173,0.4329792857170105,-0.44755256175994873,1.614564061164856,-1.6295207738876343,1.6325888633728027,-1.6295207738876343,-0.015564439818263054,-0.07049775868654251,-0.07324442267417908,0.06500442326068878,-0.016937773674726486,0.01235999632626772,0.00595110934227705,-0.021057771518826485,-0.012817773967981339,-0.023346660658717155,-0.030671102926135063,0.01739555038511753,0.0,0.0,0.0,0.0,0.4999999701976776,-0.5,0.5,-0.5,1.6399999856948853,-1.6399999856948853,1.6399999856948853,-1.6399999856948853
20260708_155717_683245,2026-07-08T15:57:25.695,8.011952,policy,326,sit,0.0,0.0,0.0,0.0,0.0,0.0,0.0,0.0,0.1,none,0.0,0.0,-1.0,-0.0,0.0,0.0,0.0,2.7675533294677734,4.6924920082092285,12,can0:12,2.8006832599639893,4.7279276847839355,,"BL_hip_joint,BR_hip_joint,FL_hip_joint,FR_hip_joint,BL_thigh_joint,BR_thigh_joint,FL_thigh_joint,FR_thigh_joint,BL_calf_joint,BR_calf_joint,FL_calf_joint,FR_calf_joint",330e02f2406e129bb6ed6ec4a6c6bcd5f80d7e7799a2ab087e81eda65d2fae69,"step=000326 mode=sit    vx= 0.000 vy= 0.000 vxy= 0.000 yaw= 0.000 speed=0.10 imu=none tilt_rp=[-0.0,+0.0]deg imu_corr=0.000 act_max= 0.000 tau_cmd= 2.768 tau_cmd_max= 4.692 cmds=12 bus=can0:12 tau_fb= 2.801 tau_fb_max= 4.728",,,,,,,,,,,,,,,,,,,,,,,,,,,,,,,,,,,,,,,,,,,,,,,,,0.0,0.0,0.0,0.0,0.0,0.0,0.0,0.0,0.0,0.0,0.0,0.0,0.0,0.0,0.0,0.0,0.0,0.0,0.0,0.0,0.0,0.0,0.0,0.0,0.05829304829239845,-0.0625116229057312,-0.06212811917066574,0.05522499233484268,0.4448679983615875,-0.44103294610977173,0.4329792857170105,-0.44755256175994873,1.614564061164856,-1.6295207738876343,1.6325888633728027,-1.6299042701721191,-0.001831110566854477,-0.002288888208568096,0.05859553813934326,-0.028839992359280586,0.043946653604507446,0.022431105375289917,-0.00595110934227705,-0.031128879636526108,-0.044862210750579834,-0.053559985011816025,0.043946653604507446,-0.00045777764171361923,0.0,0.0,0.0,0.0,0.4999999701976776,-0.5,0.5,-0.5,1.6399999856948853,-1.6399999856948853,1.6399999856948853,-1.6399999856948853
20260708_155717_683245,2026-07-08T15:57:25.718,8.035644,policy,327,sit,0.0,0.0,0.0,0.0,0.0,0.0,0.0,0.0,0.1,none,0.0,0.0,-1.0,-0.0,0.0,0.0,0.0,2.8259201049804688,4.704104900360107,12,can0:12,2.7958004474639893,4.7389140129089355,,"BL_hip_joint,BR_hip_joint,FL_hip_joint,FR_hip_joint,BL_thigh_joint,BR_thigh_joint,FL_thigh_joint,FR_thigh_joint,BL_calf_joint,BR_calf_joint,FL_calf_joint,FR_calf_joint",330e02f2406e129bb6ed6ec4a6c6bcd5f80d7e7799a2ab087e81eda65d2fae69,"step=000327 mode=sit    vx= 0.000 vy= 0.000 vxy= 0.000 yaw= 0.000 speed=0.10 imu=none tilt_rp=[-0.0,+0.0]deg imu_corr=0.000 act_max= 0.000 tau_cmd= 2.826 tau_cmd_max= 4.704 cmds=12 bus=can0:12 tau_fb= 2.796 tau_fb_max= 4.739",,,,,,,,,,,,,,,,,,,,,,,,,,,,,,,,,,,,,,,,,,,,,,,,,0.0,0.0,0.0,0.0,0.0,0.0,0.0,0.0,0.0,0.0,0.0,0.0,0.0,0.0,0.0,0.0,0.0,0.0,0.0,0.0,0.0,0.0,0.0,0.0,0.05829304829239845,-0.0625116229057312,-0.06212811917066574,0.05522499233484268,0.4448679983615875,-0.44103294610977173,0.4329792857170105,-0.44755256175994873,1.614564061164856,-1.6295207738876343,1.6325888633728027,-1.6299042701721191,0.03433332219719887,0.009613330475986004,-0.02471999265253544,-0.030671102926135063,0.015106662176549435,0.021057771518826485,-0.02288888208568096,0.028382213786244392,-0.09659108519554138,0.027466658502817154,-0.04531998559832573,-0.04303110018372536,0.0,0.0,0.0,0.0,0.4999999701976776,-0.5,0.5,-0.5,1.6399999856948853,-1.6399999856948853,1.6399999856948853,-1.6399999856948853
20260708_155717_683245,2026-07-08T15:57:25.742,8.059495,policy,328,sit,0.0,0.0,0.0,0.0,0.0,0.0,0.0,0.0,0.1,none,0.0,0.0,-1.0,-0.0,0.0,0.0,0.0,2.780787467956543,4.624176979064941,12,can0:12,2.7915284633636475,4.7279276847839355,,"BL_hip_joint,BR_hip_joint,FL_hip_joint,FR_hip_joint,BL_thigh_joint,BR_thigh_joint,FL_thigh_joint,FR_thigh_joint,BL_calf_joint,BR_calf_joint,FL_calf_joint,FR_calf_joint",330e02f2406e129bb6ed6ec4a6c6bcd5f80d7e7799a2ab087e81eda65d2fae69,"step=000328 mode=sit    vx= 0.000 vy= 0.000 vxy= 0.000 yaw= 0.000 speed=0.10 imu=none tilt_rp=[-0.0,+0.0]deg imu_corr=0.000 act_max= 0.000 tau_cmd= 2.781 tau_cmd_max= 4.624 cmds=12 bus=can0:12 tau_fb= 2.792 tau_fb_max= 4.728",,,,,,,,,,,,,,,,,,,,,,,,,,,,,,,,,,,,,,,,,,,,,,,,,0.0,0.0,0.0,0.0,0.0,0.0,0.0,0.0,0.0,0.0,0.0,0.0,0.0,0.0,0.0,0.0,0.0,0.0,0.0,0.0,0.0,0.0,0.0,0.0,0.05829304829239845,-0.0625116229057312,-0.06212811917066574,0.05522499233484268,0.4448679983615875,-0.44103294610977173,0.43336281180381775,-0.44755256175994873,1.614564061164856,-1.6295207738876343,1.6325888633728027,-1.6299042701721191,-0.02288888208568096,0.06591998040676117,0.0196844395250082,0.02288888208568096,-0.0050355540588498116,-0.0196844395250082,0.012817773967981339,-0.0032044434919953346,-0.016022218391299248,-0.020142216235399246,-0.013733329251408577,0.018768884241580963,0.0,0.0,0.0,0.0,0.4999999701976776,-0.5,0.5,-0.5,1.6399999856948853,-1.6399999856948853,1.6399999856948853,-1.6399999856948853
20260708_155717_683245,2026-07-08T15:57:25.766,8.083350,policy,329,sit,0.0,0.0,0.0,0.0,0.0,0.0,0.0,0.0,0.1,none,0.0,0.0,-1.0,-0.0,0.0,0.0,0.0,2.8210947513580322,4.755939960479736,12,can0:12,2.8012936115264893,4.713278770446777,,"BL_hip_joint,BR_hip_joint,FL_hip_joint,FR_hip_joint,BL_thigh_joint,BR_thigh_joint,FL_thigh_joint,FR_thigh_joint,BL_calf_joint,BR_calf_joint,FL_calf_joint,FR_calf_joint",330e02f2406e129bb6ed6ec4a6c6bcd5f80d7e7799a2ab087e81eda65d2fae69,"step=000329 mode=sit    vx= 0.000 vy= 0.000 vxy= 0.000 yaw= 0.000 speed=0.10 imu=none tilt_rp=[-0.0,+0.0]deg imu_corr=0.000 act_max= 0.000 tau_cmd= 2.821 tau_cmd_max= 4.756 cmds=12 bus=can0:12 tau_fb= 2.801 tau_fb_max= 4.713",,,,,,,,,,,,,,,,,,,,,,,,,,,,,,,,,,,,,,,,,,,,,,,,,0.0,0.0,0.0,0.0,0.0,0.0,0.0,0.0,0.0,0.0,0.0,0.0,0.0,0.0,0.0,0.0,0.0,0.0,0.0,0.0,0.0,0.0,0.0,0.0,0.05829304829239845,-0.0625116229057312,-0.06212811917066574,0.05522499233484268,0.4448679983615875,-0.44103294610977173,0.43336281180381775,-0.44755256175994873,1.614564061164856,-1.6295207738876343,1.6325888633728027,-1.6299042701721191,0.030671102926135063,-0.037537768483161926,-0.00595110934227705,-0.007324442267417908,0.0027466658502817154,0.00595110934227705,0.017853328958153725,-0.028839992359280586,0.001831110566854477,0.035248879343271255,-0.095675528049469,0.028382213786244392,0.0,0.0,0.0,0.0,0.4999999701976776,-0.5,0.5,-0.5,1.6399999856948853,-1.6399999856948853,1.6399999856948853,-1.6399999856948853
20260708_155717_683245,2026-07-08T15:57:25.790,8.107106,policy,330,sit,0.0,0.0,0.0,0.0,0.0,0.0,0.0,0.0,0.1,none,0.0,0.0,-1.0,-0.0,0.0,0.0,0.0,2.779764175415039,4.678560733795166,12,can0:12,2.79091739654541,4.709616184234619,,"BL_hip_joint,BR_hip_joint,FL_hip_joint,FR_hip_joint,BL_thigh_joint,BR_thigh_joint,FL_thigh_joint,FR_thigh_joint,BL_calf_joint,BR_calf_joint,FL_calf_joint,FR_calf_joint",330e02f2406e129bb6ed6ec4a6c6bcd5f80d7e7799a2ab087e81eda65d2fae69,"step=000330 mode=sit    vx= 0.000 vy= 0.000 vxy= 0.000 yaw= 0.000 speed=0.10 imu=none tilt_rp=[-0.0,+0.0]deg imu_corr=0.000 act_max= 0.000 tau_cmd= 2.780 tau_cmd_max= 4.679 cmds=12 bus=can0:12 tau_fb= 2.791 tau_fb_max= 4.710",,,,,,,,,,,,,,,,,,,,,,,,,,,,,,,,,,,,,,,,,,,,,,,,,0.0,0.0,0.0,0.0,0.0,0.0,0.0,0.0,0.0,0.0,0.0,0.0,0.0,0.0,0.0,0.0,0.0,0.0,0.0,0.0,0.0,0.0,0.0,0.0,0.05829304829239845,-0.06212811917066574,-0.06212811917066574,0.05522499233484268,0.4448679983615875,-0.44103294610977173,0.43336281180381775,-0.44755256175994873,1.614564061164856,-1.6295207738876343,1.6325888633728027,-1.6299042701721191,-0.013733329251408577,0.0636310949921608,-0.010528885759413242,0.02059999480843544,0.06454664468765259,0.029755547642707825,-0.020142216235399246,-0.07324442267417908,0.04577776417136192,0.009613330475986004,-0.028382213786244392,0.0631733164191246,0.0,0.0,0.0,0.0,0.4999999701976776,-0.5,0.5,-0.5,1.6399999856948853,-1.6399999856948853,1.6399999856948853,-1.6399999856948853
20260708_155717_683245,2026-07-08T15:57:25.814,8.130776,policy,331,sit,0.0,0.0,0.0,0.0,0.0,0.0,0.0,0.0,0.1,none,0.0,0.0,-1.0,-0.0,0.0,0.0,0.0,2.7934844493865967,4.749347686767578,12,can0:12,2.7964112758636475,4.742576599121094,,"BL_hip_joint,BR_hip_joint,FL_hip_joint,FR_hip_joint,BL_thigh_joint,BR_thigh_joint,FL_thigh_joint,FR_thigh_joint,BL_calf_joint,BR_calf_joint,FL_calf_joint,FR_calf_joint",330e02f2406e129bb6ed6ec4a6c6bcd5f80d7e7799a2ab087e81eda65d2fae69,"step=000331 mode=sit    vx= 0.000 vy= 0.000 vxy= 0.000 yaw= 0.000 speed=0.10 imu=none tilt_rp=[-0.0,+0.0]deg imu_corr=0.000 act_max= 0.000 tau_cmd= 2.793 tau_cmd_max= 4.749 cmds=12 bus=can0:12 tau_fb= 2.796 tau_fb_max= 4.743",,,,,,,,,,,,,,,,,,,,,,,,,,,,,,,,,,,,,,,,,,,,,,,,,0.0,0.0,0.0,0.0,0.0,0.0,0.0,0.0,0.0,0.0,0.0,0.0,0.0,0.0,0.0,0.0,0.0,0.0,0.0,0.0,0.0,0.0,0.0,0.0,0.05829304829239845,-0.0625116229057312,-0.0625116229057312,0.05522499233484268,0.4448679983615875,-0.44103294610977173,0.43336281180381775,-0.44755256175994873,1.614564061164856,-1.6295207738876343,1.6325888633728027,-1.6299042701721191,-0.004119998775422573,-0.03387554734945297,-0.004119998775422573,-0.03387554734945297,0.024262215942144394,-0.018768884241580963,0.012817773967981339,-0.008697775192558765,-0.0013733329251408577,0.03799554333090782,-0.002288888208568096,0.003662221133708954,0.0,0.0,0.0,0.0,0.4999999701976776,-0.5,0.5,-0.5,1.6399999856948853,-1.6399999856948853,1.6399999856948853,-1.6399999856948853
20260708_155717_683245,2026-07-08T15:57:25.837,8.154697,policy,332,sit,0.0,0.0,0.0,0.0,0.0,0.0,0.0,0.0,0.1,none,0.0,0.0,-1.0,-0.0,0.0,0.0,0.0,2.800419569015503,4.690096855163574,12,can0:12,2.7936642169952393,4.702291965484619,,"BL_hip_joint,BR_hip_joint,FL_hip_joint,FR_hip_joint,BL_thigh_joint,BR_thigh_joint,FL_thigh_joint,FR_thigh_joint,BL_calf_joint,BR_calf_joint,FL_calf_joint,FR_calf_joint",330e02f2406e129bb6ed6ec4a6c6bcd5f80d7e7799a2ab087e81eda65d2fae69,"step=000332 mode=sit    vx= 0.000 vy= 0.000 vxy= 0.000 yaw= 0.000 speed=0.10 imu=none tilt_rp=[-0.0,+0.0]deg imu_corr=0.000 act_max= 0.000 tau_cmd= 2.800 tau_cmd_max= 4.690 cmds=12 bus=can0:12 tau_fb= 2.794 tau_fb_max= 4.702",,,,,,,,,,,,,,,,,,,,,,,,,,,,,,,,,,,,,,,,,,,,,,,,,0.0,0.0,0.0,0.0,0.0,0.0,0.0,0.0,0.0,0.0,0.0,0.0,0.0,0.0,0.0,0.0,0.0,0.0,0.0,0.0,0.0,0.0,0.0,0.0,0.05829304829239845,-0.0625116229057312,-0.06212811917066574,0.05522499233484268,0.4448679983615875,-0.44103294610977173,0.43336281180381775,-0.44755256175994873,1.614180564880371,-1.6295207738876343,1.6325888633728027,-1.6299042701721191,-0.001831110566854477,0.003662221133708954,-0.016937773674726486,-0.05722220614552498,0.029755547642707825,0.008697775192558765,0.010528885759413242,-0.024262215942144394,0.002288888208568096,0.07049775868654251,-0.008239997550845146,0.05218665301799774,0.0,0.0,0.0,0.0,0.4999999701976776,-0.5,0.5,-0.5,1.6399999856948853,-1.6399999856948853,1.6399999856948853,-1.6399999856948853
20260708_155717_683245,2026-07-08T15:57:25.861,8.178368,policy,333,sit,0.0,0.0,0.0,0.0,0.0,0.0,0.0,0.0,0.1,none,0.0,0.0,-1.0,-0.0,0.0,0.0,0.0,2.7825729846954346,4.664475917816162,12,can0:12,2.8043453693389893,4.7315897941589355,,"BL_hip_joint,BR_hip_joint,FL_hip_joint,FR_hip_joint,BL_thigh_joint,BR_thigh_joint,FL_thigh_joint,FR_thigh_joint,BL_calf_joint,BR_calf_joint,FL_calf_joint,FR_calf_joint",330e02f2406e129bb6ed6ec4a6c6bcd5f80d7e7799a2ab087e81eda65d2fae69,"step=000333 mode=sit    vx= 0.000 vy= 0.000 vxy= 0.000 yaw= 0.000 speed=0.10 imu=none tilt_rp=[-0.0,+0.0]deg imu_corr=0.000 act_max= 0.000 tau_cmd= 2.783 tau_cmd_max= 4.664 cmds=12 bus=can0:12 tau_fb= 2.804 tau_fb_max= 4.732",,,,,,,,,,,,,,,,,,,,,,,,,,,,,,,,,,,,,,,,,,,,,,,,,0.0,0.0,0.0,0.0,0.0,0.0,0.0,0.0,0.0,0.0,0.0,0.0,0.0,0.0,0.0,0.0,0.0,0.0,0.0,0.0,0.0,0.0,0.0,0.0,0.05829304829239845,-0.0625116229057312,-0.06212811917066574,0.05522499233484268,0.4448679983615875,-0.44103294610977173,0.43336281180381775,-0.44755256175994873,1.614180564880371,-1.6295207738876343,1.6329723596572876,-1.6299042701721191,0.04531998559832573,0.013275551609694958,0.03799554333090782,-0.03021332435309887,-0.0027466658502817154,-0.00045777764171361923,0.027466658502817154,-0.020142216235399246,-0.008697775192558765,0.09201330691576004,0.095675528049469,0.00045777764171361923,0.0,0.0,0.0,0.0,0.4999999701976776,-0.5,0.5,-0.5,1.6399999856948853,-1.6399999856948853,1.6399999856948853,-1.6399999856948853
20260708_155717_683245,2026-07-08T15:57:25.885,8.202010,policy,334,sit,0.0,0.0,0.0,0.0,0.0,0.0,0.0,0.0,0.1,none,0.0,0.0,-1.0,-0.0,0.0,0.0,0.0,2.7990028858184814,4.728747844696045,12,can0:12,2.79061222076416,4.709616184234619,,"BL_hip_joint,BR_hip_joint,FL_hip_joint,FR_hip_joint,BL_thigh_joint,BR_thigh_joint,FL_thigh_joint,FR_thigh_joint,BL_calf_joint,BR_calf_joint,FL_calf_joint,FR_calf_joint",330e02f2406e129bb6ed6ec4a6c6bcd5f80d7e7799a2ab087e81eda65d2fae69,"step=000334 mode=sit    vx= 0.000 vy= 0.000 vxy= 0.000 yaw= 0.000 speed=0.10 imu=none tilt_rp=[-0.0,+0.0]deg imu_corr=0.000 act_max= 0.000 tau_cmd= 2.799 tau_cmd_max= 4.729 cmds=12 bus=can0:12 tau_fb= 2.791 tau_fb_max= 4.710",,,,,,,,,,,,,,,,,,,,,,,,,,,,,,,,,,,,,,,,,,,,,,,,,0.0,0.0,0.0,0.0,0.0,0.0,0.0,0.0,0.0,0.0,0.0,0.0,0.0,0.0,0.0,0.0,0.0,0.0,0.0,0.0,0.0,0.0,0.0,0.0,0.05829304829239845,-0.0625116229057312,-0.06212811917066574,0.05522499233484268,0.4448679983615875,-0.44103294610977173,0.4329792857170105,-0.44755256175994873,1.614564061164856,-1.6295207738876343,1.6325888633728027,-1.6299042701721191,0.010986663401126862,-0.022431105375289917,0.03021332435309887,-0.0315866582095623,0.009613330475986004,0.0119022186845541,-0.08056886494159698,-0.005493331700563431,0.06454664468765259,0.003662221133708954,-0.014191106893122196,0.02059999480843544,0.0,0.0,0.0,0.0,0.4999999701976776,-0.5,0.5,-0.5,1.6399999856948853,-1.6399999856948853,1.6399999856948853,-1.6399999856948853
20260708_155717_683245,2026-07-08T15:57:25.909,8.225806,policy,335,sit,0.0,0.0,0.0,0.0,0.0,0.0,0.0,0.0,0.1,none,0.0,0.0,-1.0,-0.0,0.0,0.0,0.0,2.8381431102752686,4.7724199295043945,12,can0:12,2.7906124591827393,4.698629856109619,,"BL_hip_joint,BR_hip_joint,FL_hip_joint,FR_hip_joint,BL_thigh_joint,BR_thigh_joint,FL_thigh_joint,FR_thigh_joint,BL_calf_joint,BR_calf_joint,FL_calf_joint,FR_calf_joint",330e02f2406e129bb6ed6ec4a6c6bcd5f80d7e7799a2ab087e81eda65d2fae69,"step=000335 mode=sit    vx= 0.000 vy= 0.000 vxy= 0.000 yaw= 0.000 speed=0.10 imu=none tilt_rp=[-0.0,+0.0]deg imu_corr=0.000 act_max= 0.000 tau_cmd= 2.838 tau_cmd_max= 4.772 cmds=12 bus=can0:12 tau_fb= 2.791 tau_fb_max= 4.699",,,,,,,,,,,,,,,,,,,,,,,,,,,,,,,,,,,,,,,,,,,,,,,,,0.0,0.0,0.0,0.0,0.0,0.0,0.0,0.0,0.0,0.0,0.0,0.0,0.0,0.0,0.0,0.0,0.0,0.0,0.0,0.0,0.0,0.0,0.0,0.0,0.05829304829239845,-0.0625116229057312,-0.06212811917066574,0.05522499233484268,0.4448679983615875,-0.44103294610977173,0.4329792857170105,-0.44755256175994873,1.614180564880371,-1.6295207738876343,1.6329723596572876,-1.6299042701721191,0.016937773674726486,-0.04669332131743431,-0.009613330475986004,0.02929776906967163,-0.019226660951972008,0.027924437075853348,-0.028839992359280586,0.062257759273052216,-0.07370220124721527,-0.014648884534835815,0.0050355540588498116,-0.010986663401126862,0.0,0.0,0.0,0.0,0.4999999701976776,-0.5,0.5,-0.5,1.6399999856948853,-1.6399999856948853,1.6399999856948853,-1.6399999856948853
20260708_155717_683245,2026-07-08T15:57:25.932,8.249489,policy,336,sit,0.0,0.0,0.0,0.0,0.0,0.0,0.0,0.0,0.1,none,0.0,0.0,-1.0,-0.0,0.0,0.0,0.0,2.7926855087280273,4.716387748718262,12,can0:12,2.79030704498291,4.705954074859619,,"BL_hip_joint,BR_hip_joint,FL_hip_joint,FR_hip_joint,BL_thigh_joint,BR_thigh_joint,FL_thigh_joint,FR_thigh_joint,BL_calf_joint,BR_calf_joint,FL_calf_joint,FR_calf_joint",330e02f2406e129bb6ed6ec4a6c6bcd5f80d7e7799a2ab087e81eda65d2fae69,"step=000336 mode=sit    vx= 0.000 vy= 0.000 vxy= 0.000 yaw= 0.000 speed=0.10 imu=none tilt_rp=[-0.0,+0.0]deg imu_corr=0.000 act_max= 0.000 tau_cmd= 2.793 tau_cmd_max= 4.716 cmds=12 bus=can0:12 tau_fb= 2.790 tau_fb_max= 4.706",,,,,,,,,,,,,,,,,,,,,,,,,,,,,,,,,,,,,,,,,,,,,,,,,0.0,0.0,0.0,0.0,0.0,0.0,0.0,0.0,0.0,0.0,0.0,0.0,0.0,0.0,0.0,0.0,0.0,0.0,0.0,0.0,0.0,0.0,0.0,0.0,0.05829304829239845,-0.0625116229057312,-0.06212811917066574,0.05522499233484268,0.4448679983615875,-0.44103294610977173,0.4329792857170105,-0.44755256175994873,1.614564061164856,-1.6295207738876343,1.6325888633728027,-1.6299042701721191,0.008697775192558765,-0.015564439818263054,-0.015564439818263054,-0.004119998775422573,0.037537768483161926,0.013275551609694958,-0.05767998471856117,-0.06271553784608841,0.10162663459777832,0.016022218391299248,-0.02700888179242611,0.032959990203380585,0.0,0.0,0.0,0.0,0.4999999701976776,-0.5,0.5,-0.5,1.6399999856948853,-1.6399999856948853,1.6399999856948853,-1.6399999856948853
20260708_155717_683245,2026-07-08T15:57:25.956,8.273104,policy,337,sit,0.0,0.0,0.0,0.0,0.0,0.0,0.0,0.0,0.1,none,0.0,0.0,-1.0,-0.0,0.0,0.0,0.0,2.8105201721191406,4.6142120361328125,12,can0:12,2.7939693927764893,4.7315897941589355,,"BL_hip_joint,BR_hip_joint,FL_hip_joint,FR_hip_joint,BL_thigh_joint,BR_thigh_joint,FL_thigh_joint,FR_thigh_joint,BL_calf_joint,BR_calf_joint,FL_calf_joint,FR_calf_joint",330e02f2406e129bb6ed6ec4a6c6bcd5f80d7e7799a2ab087e81eda65d2fae69,"step=000337 mode=sit    vx= 0.000 vy= 0.000 vxy= 0.000 yaw= 0.000 speed=0.10 imu=none tilt_rp=[-0.0,+0.0]deg imu_corr=0.000 act_max= 0.000 tau_cmd= 2.811 tau_cmd_max= 4.614 cmds=12 bus=can0:12 tau_fb= 2.794 tau_fb_max= 4.732",,,,,,,,,,,,,,,,,,,,,,,,,,,,,,,,,,,,,,,,,,,,,,,,,0.0,0.0,0.0,0.0,0.0,0.0,0.0,0.0,0.0,0.0,0.0,0.0,0.0,0.0,0.0,0.0,0.0,0.0,0.0,0.0,0.0,0.0,0.0,0.0,0.05829304829239845,-0.0625116229057312,-0.06212811917066574,0.05522499233484268,0.4448679983615875,-0.44103294610977173,0.43336281180381775,-0.44755256175994873,1.614564061164856,-1.6295207738876343,1.6325888633728027,-1.6299042701721191,0.03799554333090782,0.04119998961687088,0.07644886523485184,0.03707998991012573,-0.03479110077023506,0.004577776417136192,-0.02288888208568096,0.004119998775422573,-0.08056886494159698,0.0,-0.00595110934227705,0.0,0.0,0.0,0.0,0.0,0.4999999701976776,-0.5,0.5,-0.5,1.6399999856948853,-1.6399999856948853,1.6399999856948853,-1.6399999856948853
20260708_155717_683245,2026-07-08T15:57:25.980,8.296775,policy,338,sit,0.0,0.0,0.0,0.0,0.0,0.0,0.0,0.0,0.1,none,0.0,0.0,-1.0,-0.0,0.0,0.0,0.0,2.818016767501831,4.7823076248168945,12,can0:12,2.7930538654327393,4.691305160522461,,"BL_hip_joint,BR_hip_joint,FL_hip_joint,FR_hip_joint,BL_thigh_joint,BR_thigh_joint,FL_thigh_joint,FR_thigh_joint,BL_calf_joint,BR_calf_joint,FL_calf_joint,FR_calf_joint",330e02f2406e129bb6ed6ec4a6c6bcd5f80d7e7799a2ab087e81eda65d2fae69,"step=000338 mode=sit    vx= 0.000 vy= 0.000 vxy= 0.000 yaw= 0.000 speed=0.10 imu=none tilt_rp=[-0.0,+0.0]deg imu_corr=0.000 act_max= 0.000 tau_cmd= 2.818 tau_cmd_max= 4.782 cmds=12 bus=can0:12 tau_fb= 2.793 tau_fb_max= 4.691",,,,,,,,,,,,,,,,,,,,,,,,,,,,,,,,,,,,,,,,,,,,,,,,,0.0,0.0,0.0,0.0,0.0,0.0,0.0,0.0,0.0,0.0,0.0,0.0,0.0,0.0,0.0,0.0,0.0,0.0,0.0,0.0,0.0,0.0,0.0,0.0,0.05829304829239845,-0.0625116229057312,-0.06212811917066574,0.05522499233484268,0.4448679983615875,-0.44103294610977173,0.4329792857170105,-0.44755256175994873,1.614180564880371,-1.6295207738876343,1.6325888633728027,-1.6299042701721191,0.006408886983990669,-0.05218665301799774,0.04303110018372536,0.0476088747382164,0.007782219909131527,-0.029755547642707825,-0.05218665301799774,-0.006408886983990669,-0.025177771225571632,-0.016479995101690292,-0.06820886582136154,-0.014648884534835815,0.0,0.0,0.0,0.0,0.4999999701976776,-0.5,0.5,-0.5,1.6399999856948853,-1.6399999856948853,1.6399999856948853,-1.6399999856948853
20260708_155717_683245,2026-07-08T15:57:26.003,8.320416,policy,339,sit,0.0,0.0,0.0,0.0,0.0,0.0,0.0,0.0,0.1,none,0.0,0.0,-1.0,-0.0,0.0,0.0,0.0,2.773390054702759,4.7707719802856445,12,can0:12,2.7869503498077393,4.6583452224731445,,"BL_hip_joint,BR_hip_joint,FL_hip_joint,FR_hip_joint,BL_thigh_joint,BR_thigh_joint,FL_thigh_joint,FR_thigh_joint,BL_calf_joint,BR_calf_joint,FL_calf_joint,FR_calf_joint",330e02f2406e129bb6ed6ec4a6c6bcd5f80d7e7799a2ab087e81eda65d2fae69,"step=000339 mode=sit    vx= 0.000 vy= 0.000 vxy= 0.000 yaw= 0.000 speed=0.10 imu=none tilt_rp=[-0.0,+0.0]deg imu_corr=0.000 act_max= 0.000 tau_cmd= 2.773 tau_cmd_max= 4.771 cmds=12 bus=can0:12 tau_fb= 2.787 tau_fb_max= 4.658",,,,,,,,,,,,,,,,,,,,,,,,,,,,,,,,,,,,,,,,,,,,,,,,,0.0,0.0,0.0,0.0,0.0,0.0,0.0,0.0,0.0,0.0,0.0,0.0,0.0,0.0,0.0,0.0,0.0,0.0,0.0,0.0,0.0,0.0,0.0,0.0,0.05829304829239845,-0.0625116229057312,-0.0625116229057312,0.05522499233484268,0.4448679983615875,-0.44103294610977173,0.4329792857170105,-0.44755256175994873,1.614564061164856,-1.6295207738876343,1.6329723596572876,-1.6299042701721191,-0.044862210750579834,-0.04577776417136192,-0.019226660951972008,0.016022218391299248,0.04303110018372536,-0.044862210750579834,-0.0013733329251408577,0.030671102926135063,0.0718710869550705,0.029755547642707825,0.04257332161068916,-0.04348887503147125,0.0,0.0,0.0,0.0,0.4999999701976776,-0.5,0.5,-0.5,1.6399999856948853,-1.6399999856948853,1.6399999856948853,-1.6399999856948853
20260708_155717_683245,2026-07-08T15:57:26.027,8.344061,policy,340,sit,0.0,0.0,0.0,0.0,0.0,0.0,0.0,0.0,0.1,none,0.0,0.0,-1.0,-0.0,0.0,0.0,0.0,2.776811361312866,4.678560733795166,12,can0:12,2.8128910064697266,4.742576599121094,,"BL_hip_joint,BR_hip_joint,FL_hip_joint,FR_hip_joint,BL_thigh_joint,BR_thigh_joint,FL_thigh_joint,FR_thigh_joint,BL_calf_joint,BR_calf_joint,FL_calf_joint,FR_calf_joint",330e02f2406e129bb6ed6ec4a6c6bcd5f80d7e7799a2ab087e81eda65d2fae69,"step=000340 mode=sit    vx= 0.000 vy= 0.000 vxy= 0.000 yaw= 0.000 speed=0.10 imu=none tilt_rp=[-0.0,+0.0]deg imu_corr=0.000 act_max= 0.000 tau_cmd= 2.777 tau_cmd_max= 4.679 cmds=12 bus=can0:12 tau_fb= 2.813 tau_fb_max= 4.743",,,,,,,,,,,,,,,,,,,,,,,,,,,,,,,,,,,,,,,,,,,,,,,,,0.0,0.0,0.0,0.0,0.0,0.0,0.0,0.0,0.0,0.0,0.0,0.0,0.0,0.0,0.0,0.0,0.0,0.0,0.0,0.0,0.0,0.0,0.0,0.0,0.05829304829239845,-0.0625116229057312,-0.06212811917066574,0.05522499233484268,0.4448679983615875,-0.44103294610977173,0.43336281180381775,-0.44755256175994873,1.614564061164856,-1.6295207738876343,1.6329723596572876,-1.6299042701721191,0.0050355540588498116,0.0393688790500164,-0.010528885759413242,-0.017853328958153725,0.041657764464616776,0.027924437075853348,0.029755547642707825,0.04211554303765297,0.03250221163034439,0.0393688790500164,0.026551103219389915,-0.03570665791630745,0.0,0.0,0.0,0.0,0.4999999701976776,-0.5,0.5,-0.5,1.6399999856948853,-1.6399999856948853,1.6399999856948853,-1.6399999856948853
20260708_155717_683245,2026-07-08T15:57:26.051,8.367916,policy,341,sit,0.0,0.0,0.0,0.0,0.0,0.0,0.0,0.0,0.1,none,0.0,0.0,-1.0,-0.0,0.0,0.0,0.0,2.8273372650146484,4.730395793914795,12,can0:12,2.7900021076202393,4.680318832397461,,"BL_hip_joint,BR_hip_joint,FL_hip_joint,FR_hip_joint,BL_thigh_joint,BR_thigh_joint,FL_thigh_joint,FR_thigh_joint,BL_calf_joint,BR_calf_joint,FL_calf_joint,FR_calf_joint",330e02f2406e129bb6ed6ec4a6c6bcd5f80d7e7799a2ab087e81eda65d2fae69,"step=000341 mode=sit    vx= 0.000 vy= 0.000 vxy= 0.000 yaw= 0.000 speed=0.10 imu=none tilt_rp=[-0.0,+0.0]deg imu_corr=0.000 act_max= 0.000 tau_cmd= 2.827 tau_cmd_max= 4.730 cmds=12 bus=can0:12 tau_fb= 2.790 tau_fb_max= 4.680",,,,,,,,,,,,,,,,,,,,,,,,,,,,,,,,,,,,,,,,,,,,,,,,,0.0,0.0,0.0,0.0,0.0,0.0,0.0,0.0,0.0,0.0,0.0,0.0,0.0,0.0,0.0,0.0,0.0,0.0,0.0,0.0,0.0,0.0,0.0,0.0,0.05829304829239845,-0.0625116229057312,-0.0625116229057312,0.05522499233484268,0.4448679983615875,-0.44103294610977173,0.43336281180381775,-0.44755256175994873,1.614564061164856,-1.6295207738876343,1.6325888633728027,-1.6299042701721191,0.04989776387810707,-0.0196844395250082,-0.023346660658717155,-0.05401776358485222,-0.031128879636526108,0.010986663401126862,0.028382213786244392,0.04577776417136192,0.028839992359280586,0.0196844395250082,-0.0398266538977623,0.07736442238092422,0.0,0.0,0.0,0.0,0.4999999701976776,-0.5,0.5,-0.5,1.6399999856948853,-1.6399999856948853,1.6399999856948853,-1.6399999856948853
20260708_155717_683245,2026-07-08T15:57:26.074,8.391655,policy,342,sit,0.0,0.0,0.0,0.0,0.0,0.0,0.0,0.0,0.1,none,0.0,0.0,-1.0,-0.0,0.0,0.0,0.0,2.7662487030029297,4.670243740081787,12,can0:12,2.780846357345581,4.687643051147461,,"BL_hip_joint,BR_hip_joint,FL_hip_joint,FR_hip_joint,BL_thigh_joint,BR_thigh_joint,FL_thigh_joint,FR_thigh_joint,BL_calf_joint,BR_calf_joint,FL_calf_joint,FR_calf_joint",330e02f2406e129bb6ed6ec4a6c6bcd5f80d7e7799a2ab087e81eda65d2fae69,"step=000342 mode=sit    vx= 0.000 vy= 0.000 vxy= 0.000 yaw= 0.000 speed=0.10 imu=none tilt_rp=[-0.0,+0.0]deg imu_corr=0.000 act_max= 0.000 tau_cmd= 2.766 tau_cmd_max= 4.670 cmds=12 bus=can0:12 tau_fb= 2.781 tau_fb_max= 4.688",,,,,,,,,,,,,,,,,,,,,,,,,,,,,,,,,,,,,,,,,,,,,,,,,0.0,0.0,0.0,0.0,0.0,0.0,0.0,0.0,0.0,0.0,0.0,0.0,0.0,0.0,0.0,0.0,0.0,0.0,0.0,0.0,0.0,0.0,0.0,0.0,0.05829304829239845,-0.0625116229057312,-0.06212811917066574,0.05522499233484268,0.4448679983615875,-0.44103294610977173,0.4329792857170105,-0.44755256175994873,1.614564061164856,-1.6295207738876343,1.6325888633728027,-1.6299042701721191,-0.01235999632626772,0.010071108117699623,0.04852443188428879,0.03387554734945297,0.05081331729888916,-0.02609332650899887,0.004577776417136192,-0.01739555038511753,0.010528885759413242,-0.09933774918317795,-0.035248879343271255,0.015106662176549435,0.0,0.0,0.0,0.0,0.4999999701976776,-0.5,0.5,-0.5,1.6399999856948853,-1.6399999856948853,1.6399999856948853,-1.6399999856948853
20260708_155717_683245,2026-07-08T15:57:26.098,8.415530,policy,343,sit,0.0,0.0,0.0,0.0,0.0,0.0,0.0,0.0,0.1,none,0.0,0.0,-1.0,-0.0,0.0,0.0,0.0,2.785837411880493,4.67930793762207,12,can0:12,2.8125855922698975,4.705954074859619,,"BL_hip_joint,BR_hip_joint,FL_hip_joint,FR_hip_joint,BL_thigh_joint,BR_thigh_joint,FL_thigh_joint,FR_thigh_joint,BL_calf_joint,BR_calf_joint,FL_calf_joint,FR_calf_joint",330e02f2406e129bb6ed6ec4a6c6bcd5f80d7e7799a2ab087e81eda65d2fae69,"step=000343 mode=sit    vx= 0.000 vy= 0.000 vxy= 0.000 yaw= 0.000 speed=0.10 imu=none tilt_rp=[-0.0,+0.0]deg imu_corr=0.000 act_max= 0.000 tau_cmd= 2.786 tau_cmd_max= 4.679 cmds=12 bus=can0:12 tau_fb= 2.813 tau_fb_max= 4.706",,,,,,,,,,,,,,,,,,,,,,,,,,,,,,,,,,,,,,,,,,,,,,,,,0.0,0.0,0.0,0.0,0.0,0.0,0.0,0.0,0.0,0.0,0.0,0.0,0.0,0.0,0.0,0.0,0.0,0.0,0.0,0.0,0.0,0.0,0.0,0.0,0.05829304829239845,-0.0625116229057312,-0.06212811917066574,0.05522499233484268,0.44448450207710266,-0.44103294610977173,0.4329792857170105,-0.44755256175994873,1.614564061164856,-1.6295207738876343,1.6325888633728027,-1.6299042701721191,-0.044862210750579834,0.0050355540588498116,0.0636310949921608,0.0119022186845541,-0.05859553813934326,0.00595110934227705,0.04577776417136192,0.03799554333090782,0.021973326802253723,-0.008697775192558765,-0.005493331700563431,-0.005493331700563431,0.0,0.0,0.0,0.0,0.4999999701976776,-0.5,0.5,-0.5,1.6399999856948853,-1.6399999856948853,1.6399999856948853,-1.6399999856948853
20260708_155717_683245,2026-07-08T15:57:26.122,8.439184,policy,344,sit,0.0,0.0,0.0,0.0,0.0,0.0,0.0,0.0,0.1,none,0.0,0.0,-1.0,-0.0,0.0,0.0,0.0,2.796649217605591,4.635712623596191,12,can0:12,2.8223514556884766,4.713278770446777,,"BL_hip_joint,BR_hip_joint,FL_hip_joint,FR_hip_joint,BL_thigh_joint,BR_thigh_joint,FL_thigh_joint,FR_thigh_joint,BL_calf_joint,BR_calf_joint,FL_calf_joint,FR_calf_joint",330e02f2406e129bb6ed6ec4a6c6bcd5f80d7e7799a2ab087e81eda65d2fae69,"step=000344 mode=sit    vx= 0.000 vy= 0.000 vxy= 0.000 yaw= 0.000 speed=0.10 imu=none tilt_rp=[-0.0,+0.0]deg imu_corr=0.000 act_max= 0.000 tau_cmd= 2.797 tau_cmd_max= 4.636 cmds=12 bus=can0:12 tau_fb= 2.822 tau_fb_max= 4.713",,,,,,,,,,,,,,,,,,,,,,,,,,,,,,,,,,,,,,,,,,,,,,,,,0.0,0.0,0.0,0.0,0.0,0.0,0.0,0.0,0.0,0.0,0.0,0.0,0.0,0.0,0.0,0.0,0.0,0.0,0.0,0.0,0.0,0.0,0.0,0.0,0.05829304829239845,-0.0625116229057312,-0.06212811917066574,0.05522499233484268,0.4448679983615875,-0.44103294610977173,0.43336281180381775,-0.44755256175994873,1.614564061164856,-1.6295207738876343,1.6325888633728027,-1.6299042701721191,-0.027466658502817154,0.03341776877641678,0.013275551609694958,-0.013733329251408577,0.02151555009186268,0.04989776387810707,0.010528885759413242,-0.0,-0.010986663401126862,0.038453321903944016,0.004577776417136192,0.04303110018372536,0.0,0.0,0.0,0.0,0.4999999701976776,-0.5,0.5,-0.5,1.6399999856948853,-1.6399999856948853,1.6399999856948853,-1.6399999856948853
20260708_155717_683245,2026-07-08T15:57:26.146,8.462743,policy,345,sit,0.0,0.0,0.0,0.0,0.0,0.0,0.0,0.0,0.1,none,0.0,0.0,-1.0,-0.0,0.0,0.0,0.0,2.766798257827759,4.738636016845703,12,can0:12,2.8015987873077393,4.760887622833252,,"BL_hip_joint,BR_hip_joint,FL_hip_joint,FR_hip_joint,BL_thigh_joint,BR_thigh_joint,FL_thigh_joint,FR_thigh_joint,BL_calf_joint,BR_calf_joint,FL_calf_joint,FR_calf_joint",330e02f2406e129bb6ed6ec4a6c6bcd5f80d7e7799a2ab087e81eda65d2fae69,"step=000345 mode=sit    vx= 0.000 vy= 0.000 vxy= 0.000 yaw= 0.000 speed=0.10 imu=none tilt_rp=[-0.0,+0.0]deg imu_corr=0.000 act_max= 0.000 tau_cmd= 2.767 tau_cmd_max= 4.739 cmds=12 bus=can0:12 tau_fb= 2.802 tau_fb_max= 4.761",,,,,,,,,,,,,,,,,,,,,,,,,,,,,,,,,,,,,,,,,,,,,,,,,0.0,0.0,0.0,0.0,0.0,0.0,0.0,0.0,0.0,0.0,0.0,0.0,0.0,0.0,0.0,0.0,0.0,0.0,0.0,0.0,0.0,0.0,0.0,0.0,0.05829304829239845,-0.0625116229057312,-0.06212811917066574,0.05522499233484268,0.4448679983615875,-0.44103294610977173,0.4329792857170105,-0.44755256175994873,1.614564061164856,-1.6295207738876343,1.6325888633728027,-1.6299042701721191,-0.09247108548879623,-0.027924437075853348,0.047151096165180206,-0.0119022186845541,0.05172887444496155,0.0119022186845541,-0.022431105375289917,-0.018768884241580963,0.010986663401126862,-0.062257759273052216,-0.04852443188428879,-0.007324442267417908,0.0,0.0,0.0,0.0,0.4999999701976776,-0.5,0.5,-0.5,1.6399999856948853,-1.6399999856948853,1.6399999856948853,-1.6399999856948853
20260708_155717_683245,2026-07-08T15:57:26.169,8.486358,policy,346,sit,0.0,0.0,0.0,0.0,0.0,0.0,0.0,0.0,0.1,none,0.0,0.0,-1.0,-0.0,0.0,0.0,0.0,2.7935657501220703,4.716387748718262,12,can0:12,2.779015302658081,4.7352519035339355,,"BL_hip_joint,BR_hip_joint,FL_hip_joint,FR_hip_joint,BL_thigh_joint,BR_thigh_joint,FL_thigh_joint,FR_thigh_joint,BL_calf_joint,BR_calf_joint,FL_calf_joint,FR_calf_joint",330e02f2406e129bb6ed6ec4a6c6bcd5f80d7e7799a2ab087e81eda65d2fae69,"step=000346 mode=sit    vx= 0.000 vy= 0.000 vxy= 0.000 yaw= 0.000 speed=0.10 imu=none tilt_rp=[-0.0,+0.0]deg imu_corr=0.000 act_max= 0.000 tau_cmd= 2.794 tau_cmd_max= 4.716 cmds=12 bus=can0:12 tau_fb= 2.779 tau_fb_max= 4.735",,,,,,,,,,,,,,,,,,,,,,,,,,,,,,,,,,,,,,,,,,,,,,,,,0.0,0.0,0.0,0.0,0.0,0.0,0.0,0.0,0.0,0.0,0.0,0.0,0.0,0.0,0.0,0.0,0.0,0.0,0.0,0.0,0.0,0.0,0.0,0.0,0.05829304829239845,-0.0625116229057312,-0.06212811917066574,0.05522499233484268,0.4448679983615875,-0.44103294610977173,0.43336281180381775,-0.44755256175994873,1.614564061164856,-1.6295207738876343,1.6329723596572876,-1.6299042701721191,0.0315866582095623,-0.015564439818263054,0.035248879343271255,0.003662221133708954,0.025635547935962677,0.035248879343271255,0.04028443247079849,0.06271553784608841,0.005493331700563431,-0.0032044434919953346,0.032959990203380585,0.007324442267417908,0.0,0.0,0.0,0.0,0.4999999701976776,-0.5,0.5,-0.5,1.6399999856948853,-1.6399999856948853,1.6399999856948853,-1.6399999856948853
20260708_155717_683245,2026-07-08T15:57:26.193,8.509968,policy,347,sit,0.0,0.0,0.0,0.0,0.0,0.0,0.0,0.0,0.1,none,0.0,0.0,-1.0,-0.0,0.0,0.0,0.0,2.8038532733917236,4.787251949310303,12,can0:12,2.7906124591827393,4.709616184234619,,"BL_hip_joint,BR_hip_joint,FL_hip_joint,FR_hip_joint,BL_thigh_joint,BR_thigh_joint,FL_thigh_joint,FR_thigh_joint,BL_calf_joint,BR_calf_joint,FL_calf_joint,FR_calf_joint",330e02f2406e129bb6ed6ec4a6c6bcd5f80d7e7799a2ab087e81eda65d2fae69,"step=000347 mode=sit    vx= 0.000 vy= 0.000 vxy= 0.000 yaw= 0.000 speed=0.10 imu=none tilt_rp=[-0.0,+0.0]deg imu_corr=0.000 act_max= 0.000 tau_cmd= 2.804 tau_cmd_max= 4.787 cmds=12 bus=can0:12 tau_fb= 2.791 tau_fb_max= 4.710",,,,,,,,,,,,,,,,,,,,,,,,,,,,,,,,,,,,,,,,,,,,,,,,,0.0,0.0,0.0,0.0,0.0,0.0,0.0,0.0,0.0,0.0,0.0,0.0,0.0,0.0,0.0,0.0,0.0,0.0,0.0,0.0,0.0,0.0,0.0,0.0,0.05829304829239845,-0.0625116229057312,-0.06212811917066574,0.05522499233484268,0.4448679983615875,-0.44103294610977173,0.43336281180381775,-0.44755256175994873,1.614564061164856,-1.6295207738876343,1.6325888633728027,-1.6295207738876343,0.0032044434919953346,-0.05493331700563431,0.014191106893122196,-0.012817773967981339,0.006408886983990669,-0.010986663401126862,0.051271095871925354,0.06958220154047012,-0.006408886983990669,-0.015564439818263054,0.04303110018372536,0.07003998011350632,0.0,0.0,0.0,0.0,0.4999999701976776,-0.5,0.5,-0.5,1.6399999856948853,-1.6399999856948853,1.6399999856948853,-1.6399999856948853
20260708_155717_683245,2026-07-08T15:57:26.216,8.533680,policy,348,sit,0.0,0.0,0.0,0.0,0.0,0.0,0.0,0.0,0.1,none,0.0,0.0,-1.0,-0.0,0.0,0.0,0.0,2.827836275100708,4.835944652557373,12,can0:12,2.7927486896514893,4.742576599121094,,"BL_hip_joint,BR_hip_joint,FL_hip_joint,FR_hip_joint,BL_thigh_joint,BR_thigh_joint,FL_thigh_joint,FR_thigh_joint,BL_calf_joint,BR_calf_joint,FL_calf_joint,FR_calf_joint",330e02f2406e129bb6ed6ec4a6c6bcd5f80d7e7799a2ab087e81eda65d2fae69,"step=000348 mode=sit    vx= 0.000 vy= 0.000 vxy= 0.000 yaw= 0.000 speed=0.10 imu=none tilt_rp=[-0.0,+0.0]deg imu_corr=0.000 act_max= 0.000 tau_cmd= 2.828 tau_cmd_max= 4.836 cmds=12 bus=can0:12 tau_fb= 2.793 tau_fb_max= 4.743",,,,,,,,,,,,,,,,,,,,,,,,,,,,,,,,,,,,,,,,,,,,,,,,,0.0,0.0,0.0,0.0,0.0,0.0,0.0,0.0,0.0,0.0,0.0,0.0,0.0,0.0,0.0,0.0,0.0,0.0,0.0,0.0,0.0,0.0,0.0,0.0,0.05829304829239845,-0.0625116229057312,-0.06212811917066574,0.05522499233484268,0.4448679983615875,-0.44103294610977173,0.4329792857170105,-0.44755256175994873,1.614564061164856,-1.6295207738876343,1.6325888633728027,-1.6295207738876343,0.0009155552834272385,0.032044436782598495,-0.09796441346406937,-0.03433332219719887,-0.0196844395250082,-0.0119022186845541,-0.059053316712379456,0.03891110047698021,-0.013733329251408577,0.010528885759413242,0.032959990203380585,0.06958220154047012,0.0,0.0,0.0,0.0,0.4999999701976776,-0.5,0.5,-0.5,1.6399999856948853,-1.6399999856948853,1.6399999856948853,-1.6399999856948853
20260708_155717_683245,2026-07-08T15:57:26.240,8.557351,policy,349,sit,0.0,0.0,0.0,0.0,0.0,0.0,0.0,0.0,0.1,none,0.0,0.0,-1.0,-0.0,0.0,0.0,0.0,2.7812740802764893,4.748523712158203,12,can0:12,2.7912228107452393,4.694967269897461,,"BL_hip_joint,BR_hip_joint,FL_hip_joint,FR_hip_joint,BL_thigh_joint,BR_thigh_joint,FL_thigh_joint,FR_thigh_joint,BL_calf_joint,BR_calf_joint,FL_calf_joint,FR_calf_joint",330e02f2406e129bb6ed6ec4a6c6bcd5f80d7e7799a2ab087e81eda65d2fae69,"step=000349 mode=sit    vx= 0.000 vy= 0.000 vxy= 0.000 yaw= 0.000 speed=0.10 imu=none tilt_rp=[-0.0,+0.0]deg imu_corr=0.000 act_max= 0.000 tau_cmd= 2.781 tau_cmd_max= 4.749 cmds=12 bus=can0:12 tau_fb= 2.791 tau_fb_max= 4.695",,,,,,,,,,,,,,,,,,,,,,,,,,,,,,,,,,,,,,,,,,,,,,,,,0.0,0.0,0.0,0.0,0.0,0.0,0.0,0.0,0.0,0.0,0.0,0.0,0.0,0.0,0.0,0.0,0.0,0.0,0.0,0.0,0.0,0.0,0.0,0.0,0.05829304829239845,-0.0625116229057312,-0.06212811917066574,0.05522499233484268,0.4448679983615875,-0.44103294610977173,0.43336281180381775,-0.44755256175994873,1.614564061164856,-1.6295207738876343,1.6329723596572876,-1.6299042701721191,-0.07049775868654251,-0.03341776877641678,-0.04531998559832573,-0.025635547935962677,-0.0027466658502817154,-0.001831110566854477,-0.056764427572488785,-0.04028443247079849,0.02288888208568096,0.0119022186845541,0.059053316712379456,0.0013733329251408577,0.0,0.0,0.0,0.0,0.4999999701976776,-0.5,0.5,-0.5,1.6399999856948853,-1.6399999856948853,1.6399999856948853,-1.6399999856948853
20260708_155717_683245,2026-07-08T15:57:26.264,8.581034,policy,350,sit,0.0,0.0,0.0,0.0,0.0,0.0,0.0,0.0,0.1,none,0.0,0.0,-1.0,-0.0,0.0,0.0,0.0,2.786374807357788,4.713915824890137,12,can0:12,2.78786563873291,4.742576599121094,,"BL_hip_joint,BR_hip_joint,FL_hip_joint,FR_hip_joint,BL_thigh_joint,BR_thigh_joint,FL_thigh_joint,FR_thigh_joint,BL_calf_joint,BR_calf_joint,FL_calf_joint,FR_calf_joint",330e02f2406e129bb6ed6ec4a6c6bcd5f80d7e7799a2ab087e81eda65d2fae69,"step=000350 mode=sit    vx= 0.000 vy= 0.000 vxy= 0.000 yaw= 0.000 speed=0.10 imu=none tilt_rp=[-0.0,+0.0]deg imu_corr=0.000 act_max= 0.000 tau_cmd= 2.786 tau_cmd_max= 4.714 cmds=12 bus=can0:12 tau_fb= 2.788 tau_fb_max= 4.743",,,,,,,,,,,,,,,,,,,,,,,,,,,,,,,,,,,,,,,,,,,,,,,,,0.0,0.0,0.0,0.0,0.0,0.0,0.0,0.0,0.0,0.0,0.0,0.0,0.0,0.0,0.0,0.0,0.0,0.0,0.0,0.0,0.0,0.0,0.0,0.0,0.05829304829239845,-0.0625116229057312,-0.06212811917066574,0.05522499233484268,0.4448679983615875,-0.44103294610977173,0.4329792857170105,-0.44755256175994873,1.614564061164856,-1.6295207738876343,1.6329723596572876,-1.6299042701721191,0.03341776877641678,-0.014191106893122196,-0.022431105375289917,0.0050355540588498116,0.04211554303765297,0.01144444104284048,-0.01831110566854477,-0.04303110018372536,0.08011108636856079,-0.04577776417136192,-0.03341776877641678,0.027466658502817154,0.0,0.0,0.0,0.0,0.4999999701976776,-0.5,0.5,-0.5,1.6399999856948853,-1.6399999856948853,1.6399999856948853,-1.6399999856948853
20260708_155717_683245,2026-07-08T15:57:26.287,8.604632,policy,351,sit,0.0,0.0,0.0,0.0,0.0,0.0,0.0,0.0,0.1,none,0.0,0.0,-1.0,-0.0,0.0,0.0,0.0,2.7788896560668945,4.697512626647949,12,can0:12,2.7939693927764893,4.709616184234619,,"BL_hip_joint,BR_hip_joint,FL_hip_joint,FR_hip_joint,BL_thigh_joint,BR_thigh_joint,FL_thigh_joint,FR_thigh_joint,BL_calf_joint,BR_calf_joint,FL_calf_joint,FR_calf_joint",330e02f2406e129bb6ed6ec4a6c6bcd5f80d7e7799a2ab087e81eda65d2fae69,"step=000351 mode=sit    vx= 0.000 vy= 0.000 vxy= 0.000 yaw= 0.000 speed=0.10 imu=none tilt_rp=[-0.0,+0.0]deg imu_corr=0.000 act_max= 0.000 tau_cmd= 2.779 tau_cmd_max= 4.698 cmds=12 bus=can0:12 tau_fb= 2.794 tau_fb_max= 4.710",,,,,,,,,,,,,,,,,,,,,,,,,,,,,,,,,,,,,,,,,,,,,,,,,0.0,0.0,0.0,0.0,0.0,0.0,0.0,0.0,0.0,0.0,0.0,0.0,0.0,0.0,0.0,0.0,0.0,0.0,0.0,0.0,0.0,0.0,0.0,0.0,0.05829304829239845,-0.0625116229057312,-0.06212811917066574,0.05522499233484268,0.4448679983615875,-0.44103294610977173,0.4329792857170105,-0.44755256175994873,1.614564061164856,-1.6295207738876343,1.6329723596572876,-1.6299042701721191,-0.095675528049469,0.003662221133708954,-0.021057771518826485,0.08102664351463318,0.024262215942144394,-0.009613330475986004,-0.016937773674726486,-0.023346660658717155,0.0196844395250082,0.040742211043834686,0.016022218391299248,-0.06271553784608841,0.0,0.0,0.0,0.0,0.4999999701976776,-0.5,0.5,-0.5,1.6399999856948853,-1.6399999856948853,1.6399999856948853,-1.6399999856948853
20260708_155717_683245,2026-07-08T15:57:26.311,8.628278,policy,352,sit,0.0,0.0,0.0,0.0,0.0,0.0,0.0,0.0,0.1,none,0.0,0.0,-1.0,-0.0,0.0,0.0,0.0,2.801481246948242,4.716387748718262,12,can0:12,2.7958004474639893,4.694967269897461,,"BL_hip_joint,BR_hip_joint,FL_hip_joint,FR_hip_joint,BL_thigh_joint,BR_thigh_joint,FL_thigh_joint,FR_thigh_joint,BL_calf_joint,BR_calf_joint,FL_calf_joint,FR_calf_joint",330e02f2406e129bb6ed6ec4a6c6bcd5f80d7e7799a2ab087e81eda65d2fae69,"step=000352 mode=sit    vx= 0.000 vy= 0.000 vxy= 0.000 yaw= 0.000 speed=0.10 imu=none tilt_rp=[-0.0,+0.0]deg imu_corr=0.000 act_max= 0.000 tau_cmd= 2.801 tau_cmd_max= 4.716 cmds=12 bus=can0:12 tau_fb= 2.796 tau_fb_max= 4.695",,,,,,,,,,,,,,,,,,,,,,,,,,,,,,,,,,,,,,,,,,,,,,,,,0.0,0.0,0.0,0.0,0.0,0.0,0.0,0.0,0.0,0.0,0.0,0.0,0.0,0.0,0.0,0.0,0.0,0.0,0.0,0.0,0.0,0.0,0.0,0.0,0.05829304829239845,-0.0625116229057312,-0.06212811917066574,0.05522499233484268,0.4448679983615875,-0.44103294610977173,0.4329792857170105,-0.44755256175994873,1.614564061164856,-1.6295207738876343,1.6329723596572876,-1.6299042701721191,0.06271553784608841,-0.015564439818263054,-0.009155552834272385,-0.0553910955786705,0.038453321903944016,-0.008239997550845146,0.02609332650899887,-0.04303110018372536,0.006408886983990669,0.025177771225571632,-0.02151555009186268,0.09887997061014175,0.0,0.0,0.0,0.0,0.4999999701976776,-0.5,0.5,-0.5,1.6399999856948853,-1.6399999856948853,1.6399999856948853,-1.6399999856948853
20260708_155717_683245,2026-07-08T15:57:26.335,8.652019,policy,353,sit,0.0,0.0,0.0,0.0,0.0,0.0,0.0,0.0,0.1,none,0.0,0.0,-1.0,-0.0,0.0,0.0,0.0,2.795731782913208,4.795491695404053,12,can0:12,2.7909176349639893,4.7279276847839355,,"BL_hip_joint,BR_hip_joint,FL_hip_joint,FR_hip_joint,BL_thigh_joint,BR_thigh_joint,FL_thigh_joint,FR_thigh_joint,BL_calf_joint,BR_calf_joint,FL_calf_joint,FR_calf_joint",330e02f2406e129bb6ed6ec4a6c6bcd5f80d7e7799a2ab087e81eda65d2fae69,"step=000353 mode=sit    vx= 0.000 vy= 0.000 vxy= 0.000 yaw= 0.000 speed=0.10 imu=none tilt_rp=[-0.0,+0.0]deg imu_corr=0.000 act_max= 0.000 tau_cmd= 2.796 tau_cmd_max= 4.795 cmds=12 bus=can0:12 tau_fb= 2.791 tau_fb_max= 4.728",,,,,,,,,,,,,,,,,,,,,,,,,,,,,,,,,,,,,,,,,,,,,,,,,0.0,0.0,0.0,0.0,0.0,0.0,0.0,0.0,0.0,0.0,0.0,0.0,0.0,0.0,0.0,0.0,0.0,0.0,0.0,0.0,0.0,0.0,0.0,0.0,0.05829304829239845,-0.0625116229057312,-0.06212811917066574,0.05522499233484268,0.4448679983615875,-0.4406494200229645,0.4329792857170105,-0.44755256175994873,1.614564061164856,-1.6295207738876343,1.6329723596572876,-1.6299042701721191,-0.0068666646257042885,-0.05951109528541565,-0.06088442727923393,-0.04531998559832573,-0.0027466658502817154,0.06683553755283356,0.014648884534835815,0.02471999265253544,0.029755547642707825,-0.0398266538977623,0.05401776358485222,-0.017853328958153725,0.0,0.0,0.0,0.0,0.4999999701976776,-0.5,0.5,-0.5,1.6399999856948853,-1.6399999856948853,1.6399999856948853,-1.6399999856948853
20260708_155717_683245,2026-07-08T15:57:26.358,8.675640,policy,354,sit,0.0,0.0,0.0,0.0,0.0,0.0,0.0,0.0,0.1,none,0.0,0.0,-1.0,-0.0,0.0,0.0,0.0,2.7720859050750732,4.760883808135986,12,can0:12,2.7951900959014893,4.724265098571777,,"BL_hip_joint,BR_hip_joint,FL_hip_joint,FR_hip_joint,BL_thigh_joint,BR_thigh_joint,FL_thigh_joint,FR_thigh_joint,BL_calf_joint,BR_calf_joint,FL_calf_joint,FR_calf_joint",330e02f2406e129bb6ed6ec4a6c6bcd5f80d7e7799a2ab087e81eda65d2fae69,"step=000354 mode=sit    vx= 0.000 vy= 0.000 vxy= 0.000 yaw= 0.000 speed=0.10 imu=none tilt_rp=[-0.0,+0.0]deg imu_corr=0.000 act_max= 0.000 tau_cmd= 2.772 tau_cmd_max= 4.761 cmds=12 bus=can0:12 tau_fb= 2.795 tau_fb_max= 4.724",,,,,,,,,,,,,,,,,,,,,,,,,,,,,,,,,,,,,,,,,,,,,,,,,0.0,0.0,0.0,0.0,0.0,0.0,0.0,0.0,0.0,0.0,0.0,0.0,0.0,0.0,0.0,0.0,0.0,0.0,0.0,0.0,0.0,0.0,0.0,0.0,0.05829304829239845,-0.0625116229057312,-0.06212811917066574,0.05522499233484268,0.4448679983615875,-0.44103294610977173,0.4329792857170105,-0.44755256175994873,1.614564061164856,-1.6295207738876343,1.6325888633728027,-1.6299042701721191,-0.016022218391299248,-0.04028443247079849,-0.0068666646257042885,-0.0238044373691082,0.07507553696632385,0.010071108117699623,-0.0393688790500164,-0.1029999703168869,-0.008697775192558765,0.002288888208568096,0.04303110018372536,-0.0032044434919953346,0.0,0.0,0.0,0.0,0.4999999701976776,-0.5,0.5,-0.5,1.6399999856948853,-1.6399999856948853,1.6399999856948853,-1.6399999856948853
20260708_155717_683245,2026-07-08T15:57:26.382,8.699300,policy,355,sit,0.0,0.0,0.0,0.0,0.0,0.0,0.0,0.0,0.1,none,0.0,0.0,-1.0,-0.0,0.0,0.0,0.0,2.780256509780884,4.629044055938721,12,can0:12,2.7893917560577393,4.683980941772461,,"BL_hip_joint,BR_hip_joint,FL_hip_joint,FR_hip_joint,BL_thigh_joint,BR_thigh_joint,FL_thigh_joint,FR_thigh_joint,BL_calf_joint,BR_calf_joint,FL_calf_joint,FR_calf_joint",330e02f2406e129bb6ed6ec4a6c6bcd5f80d7e7799a2ab087e81eda65d2fae69,"step=000355 mode=sit    vx= 0.000 vy= 0.000 vxy= 0.000 yaw= 0.000 speed=0.10 imu=none tilt_rp=[-0.0,+0.0]deg imu_corr=0.000 act_max= 0.000 tau_cmd= 2.780 tau_cmd_max= 4.629 cmds=12 bus=can0:12 tau_fb= 2.789 tau_fb_max= 4.684",,,,,,,,,,,,,,,,,,,,,,,,,,,,,,,,,,,,,,,,,,,,,,,,,0.0,0.0,0.0,0.0,0.0,0.0,0.0,0.0,0.0,0.0,0.0,0.0,0.0,0.0,0.0,0.0,0.0,0.0,0.0,0.0,0.0,0.0,0.0,0.0,0.05829304829239845,-0.0625116229057312,-0.06212811917066574,0.05522499233484268,0.4448679983615875,-0.44103294610977173,0.4329792857170105,-0.44755256175994873,1.614564061164856,-1.6295207738876343,1.6325888633728027,-1.6299042701721191,-0.03250221163034439,0.032959990203380585,0.02700888179242611,0.0315866582095623,-0.025635547935962677,-0.05813775956630707,-0.0393688790500164,-0.02609332650899887,-0.001831110566854477,-0.025177771225571632,0.007782219909131527,0.009155552834272385,0.0,0.0,0.0,0.0,0.4999999701976776,-0.5,0.5,-0.5,1.6399999856948853,-1.6399999856948853,1.6399999856948853,-1.6399999856948853
20260708_155717_683245,2026-07-08T15:57:26.406,8.722852,policy,356,sit,0.0,0.0,0.0,0.0,0.0,0.0,0.0,0.0,0.1,none,0.0,0.0,-1.0,-0.0,0.0,0.0,0.0,2.7805252075195312,4.7040276527404785,12,can0:12,2.7967159748077393,4.705954074859619,,"BL_hip_joint,BR_hip_joint,FL_hip_joint,FR_hip_joint,BL_thigh_joint,BR_thigh_joint,FL_thigh_joint,FR_thigh_joint,BL_calf_joint,BR_calf_joint,FL_calf_joint,FR_calf_joint",330e02f2406e129bb6ed6ec4a6c6bcd5f80d7e7799a2ab087e81eda65d2fae69,"step=000356 mode=sit    vx= 0.000 vy= 0.000 vxy= 0.000 yaw= 0.000 speed=0.10 imu=none tilt_rp=[-0.0,+0.0]deg imu_corr=0.000 act_max= 0.000 tau_cmd= 2.781 tau_cmd_max= 4.704 cmds=12 bus=can0:12 tau_fb= 2.797 tau_fb_max= 4.706",,,,,,,,,,,,,,,,,,,,,,,,,,,,,,,,,,,,,,,,,,,,,,,,,0.0,0.0,0.0,0.0,0.0,0.0,0.0,0.0,0.0,0.0,0.0,0.0,0.0,0.0,0.0,0.0,0.0,0.0,0.0,0.0,0.0,0.0,0.0,0.0,0.05829304829239845,-0.0625116229057312,-0.06212811917066574,0.05522499233484268,0.4448679983615875,-0.44103294610977173,0.4329792857170105,-0.44755256175994873,1.614180564880371,-1.6295207738876343,1.6325888633728027,-1.6299042701721191,-0.00045777764171361923,-0.008697775192558765,0.028382213786244392,0.009155552834272385,0.004577776417136192,-0.0315866582095623,0.061342205852270126,-0.04852443188428879,-0.024262215942144394,0.0,-0.030671102926135063,-0.014191106893122196,0.0,0.0,0.0,0.0,0.4999999701976776,-0.5,0.5,-0.5,1.6399999856948853,-1.6399999856948853,1.6399999856948853,-1.6399999856948853
20260708_155717_683245,2026-07-08T15:57:26.429,8.746528,policy,357,sit,0.0,0.0,0.0,0.0,0.0,0.0,0.0,0.0,0.1,none,0.0,0.0,-1.0,-0.0,0.0,0.0,0.0,2.7995522022247314,4.683505058288574,12,can0:12,2.8064823150634766,4.749900817871094,,"BL_hip_joint,BR_hip_joint,FL_hip_joint,FR_hip_joint,BL_thigh_joint,BR_thigh_joint,FL_thigh_joint,FR_thigh_joint,BL_calf_joint,BR_calf_joint,FL_calf_joint,FR_calf_joint",330e02f2406e129bb6ed6ec4a6c6bcd5f80d7e7799a2ab087e81eda65d2fae69,"step=000357 mode=sit    vx= 0.000 vy= 0.000 vxy= 0.000 yaw= 0.000 speed=0.10 imu=none tilt_rp=[-0.0,+0.0]deg imu_corr=0.000 act_max= 0.000 tau_cmd= 2.800 tau_cmd_max= 4.684 cmds=12 bus=can0:12 tau_fb= 2.806 tau_fb_max= 4.750",,,,,,,,,,,,,,,,,,,,,,,,,,,,,,,,,,,,,,,,,,,,,,,,,0.0,0.0,0.0,0.0,0.0,0.0,0.0,0.0,0.0,0.0,0.0,0.0,0.0,0.0,0.0,0.0,0.0,0.0,0.0,0.0,0.0,0.0,0.0,0.0,0.05829304829239845,-0.0625116229057312,-0.06212811917066574,0.05522499233484268,0.4448679983615875,-0.44103294610977173,0.4329792857170105,-0.44755256175994873,1.614564061164856,-1.6295207738876343,1.6325888633728027,-1.6299042701721191,0.015106662176549435,0.022431105375289917,-0.013275551609694958,-0.023346660658717155,0.0238044373691082,0.05401776358485222,0.04028443247079849,0.047151096165180206,0.029755547642707825,0.009155552834272385,-0.040742211043834686,-0.013275551609694958,0.0,0.0,0.0,0.0,0.4999999701976776,-0.5,0.5,-0.5,1.6399999856948853,-1.6399999856948853,1.6399999856948853,-1.6399999856948853
20260708_155717_683245,2026-07-08T15:57:26.453,8.770188,policy,358,sit,0.0,0.0,0.0,0.0,0.0,0.0,0.0,0.0,0.1,none,0.0,0.0,-1.0,-0.0,0.0,0.0,0.0,2.776081085205078,4.745304584503174,12,can0:12,2.8003780841827393,4.702291965484619,,"BL_hip_joint,BR_hip_joint,FL_hip_joint,FR_hip_joint,BL_thigh_joint,BR_thigh_joint,FL_thigh_joint,FR_thigh_joint,BL_calf_joint,BR_calf_joint,FL_calf_joint,FR_calf_joint",330e02f2406e129bb6ed6ec4a6c6bcd5f80d7e7799a2ab087e81eda65d2fae69,"step=000358 mode=sit    vx= 0.000 vy= 0.000 vxy= 0.000 yaw= 0.000 speed=0.10 imu=none tilt_rp=[-0.0,+0.0]deg imu_corr=0.000 act_max= 0.000 tau_cmd= 2.776 tau_cmd_max= 4.745 cmds=12 bus=can0:12 tau_fb= 2.800 tau_fb_max= 4.702",,,,,,,,,,,,,,,,,,,,,,,,,,,,,,,,,,,,,,,,,,,,,,,,,0.0,0.0,0.0,0.0,0.0,0.0,0.0,0.0,0.0,0.0,0.0,0.0,0.0,0.0,0.0,0.0,0.0,0.0,0.0,0.0,0.0,0.0,0.0,0.0,0.05829304829239845,-0.06212811917066574,-0.06212811917066574,0.05522499233484268,0.4448679983615875,-0.44103294610977173,0.4329792857170105,-0.44755256175994873,1.614564061164856,-1.6295207738876343,1.6329723596572876,-1.6299042701721191,-0.021973326802253723,0.03570665791630745,-0.0476088747382164,-0.006408886983990669,0.020142216235399246,-0.02700888179242611,-0.05401776358485222,-0.012817773967981339,-0.03341776877641678,0.027466658502817154,0.04119998961687088,-0.0952177494764328,0.0,0.0,0.0,0.0,0.4999999701976776,-0.5,0.5,-0.5,1.6399999856948853,-1.6399999856948853,1.6399999856948853,-1.6399999856948853
20260708_155717_683245,2026-07-08T15:57:26.477,8.793923,policy,359,sit,0.0,0.0,0.0,0.0,0.0,0.0,0.0,0.0,0.1,none,0.0,0.0,-1.0,-0.0,0.0,0.0,0.0,2.8261947631835938,4.663728713989258,12,can0:12,2.8003780841827393,4.742576599121094,,"BL_hip_joint,BR_hip_joint,FL_hip_joint,FR_hip_joint,BL_thigh_joint,BR_thigh_joint,FL_thigh_joint,FR_thigh_joint,BL_calf_joint,BR_calf_joint,FL_calf_joint,FR_calf_joint",330e02f2406e129bb6ed6ec4a6c6bcd5f80d7e7799a2ab087e81eda65d2fae69,"step=000359 mode=sit    vx= 0.000 vy= 0.000 vxy= 0.000 yaw= 0.000 speed=0.10 imu=none tilt_rp=[-0.0,+0.0]deg imu_corr=0.000 act_max= 0.000 tau_cmd= 2.826 tau_cmd_max= 4.664 cmds=12 bus=can0:12 tau_fb= 2.800 tau_fb_max= 4.743",,,,,,,,,,,,,,,,,,,,,,,,,,,,,,,,,,,,,,,,,,,,,,,,,0.0,0.0,0.0,0.0,0.0,0.0,0.0,0.0,0.0,0.0,0.0,0.0,0.0,0.0,0.0,0.0,0.0,0.0,0.0,0.0,0.0,0.0,0.0,0.0,0.05829304829239845,-0.0625116229057312,-0.06212811917066574,0.05522499233484268,0.4448679983615875,-0.44103294610977173,0.4329792857170105,-0.44755256175994873,1.614564061164856,-1.6295207738876343,1.6325888633728027,-1.6299042701721191,-0.021057771518826485,0.03021332435309887,-0.002288888208568096,0.01739555038511753,-0.05081331729888916,0.032044436782598495,0.035248879343271255,0.03891110047698021,-0.04303110018372536,0.04257332161068916,-0.054475538432598114,0.009155552834272385,0.0,0.0,0.0,0.0,0.4999999701976776,-0.5,0.5,-0.5,1.6399999856948853,-1.6399999856948853,1.6399999856948853,-1.6399999856948853
20260708_155717_683245,2026-07-08T15:57:26.500,8.817643,policy,360,sit,0.0,0.0,0.0,0.0,0.0,0.0,0.0,0.0,0.1,none,0.0,0.0,-1.0,-0.0,0.0,0.0,0.0,2.7673661708831787,4.7773637771606445,12,can0:12,2.78939151763916,4.724265098571777,,"BL_hip_joint,BR_hip_joint,FL_hip_joint,FR_hip_joint,BL_thigh_joint,BR_thigh_joint,FL_thigh_joint,FR_thigh_joint,BL_calf_joint,BR_calf_joint,FL_calf_joint,FR_calf_joint",330e02f2406e129bb6ed6ec4a6c6bcd5f80d7e7799a2ab087e81eda65d2fae69,"step=000360 mode=sit    vx= 0.000 vy= 0.000 vxy= 0.000 yaw= 0.000 speed=0.10 imu=none tilt_rp=[-0.0,+0.0]deg imu_corr=0.000 act_max= 0.000 tau_cmd= 2.767 tau_cmd_max= 4.777 cmds=12 bus=can0:12 tau_fb= 2.789 tau_fb_max= 4.724",,,,,,,,,,,,,,,,,,,,,,,,,,,,,,,,,,,,,,,,,,,,,,,,,0.0,0.0,0.0,0.0,0.0,0.0,0.0,0.0,0.0,0.0,0.0,0.0,0.0,0.0,0.0,0.0,0.0,0.0,0.0,0.0,0.0,0.0,0.0,0.0,0.05829304829239845,-0.0625116229057312,-0.06212811917066574,0.05522499233484268,0.4448679983615875,-0.4406494200229645,0.4329792857170105,-0.44755256175994873,1.614564061164856,-1.6295207738876343,1.6325888633728027,-1.6299042701721191,-0.005493331700563431,-0.04943998530507088,0.0393688790500164,-0.025177771225571632,0.050355542451143265,-0.007782219909131527,0.0398266538977623,-0.0476088747382164,0.02059999480843544,-0.012817773967981339,0.017853328958153725,0.018768884241580963,0.0,0.0,0.0,0.0,0.4999999701976776,-0.5,0.5,-0.5,1.6399999856948853,-1.6399999856948853,1.6399999856948853,-1.6399999856948853
20260708_155717_683245,2026-07-08T15:57:26.524,8.841281,policy,361,sit,0.0,0.0,0.0,0.0,0.0,0.0,0.0,0.0,0.1,none,0.0,0.0,-1.0,-0.0,0.0,0.0,0.0,2.7568228244781494,4.6265716552734375,12,can0:12,2.7954952716827393,4.742576599121094,,"BL_hip_joint,BR_hip_joint,FL_hip_joint,FR_hip_joint,BL_thigh_joint,BR_thigh_joint,FL_thigh_joint,FR_thigh_joint,BL_calf_joint,BR_calf_joint,FL_calf_joint,FR_calf_joint",330e02f2406e129bb6ed6ec4a6c6bcd5f80d7e7799a2ab087e81eda65d2fae69,"step=000361 mode=sit    vx= 0.000 vy= 0.000 vxy= 0.000 yaw= 0.000 speed=0.10 imu=none tilt_rp=[-0.0,+0.0]deg imu_corr=0.000 act_max= 0.000 tau_cmd= 2.757 tau_cmd_max= 4.627 cmds=12 bus=can0:12 tau_fb= 2.795 tau_fb_max= 4.743",,,,,,,,,,,,,,,,,,,,,,,,,,,,,,,,,,,,,,,,,,,,,,,,,0.0,0.0,0.0,0.0,0.0,0.0,0.0,0.0,0.0,0.0,0.0,0.0,0.0,0.0,0.0,0.0,0.0,0.0,0.0,0.0,0.0,0.0,0.0,0.0,0.05829304829239845,-0.0625116229057312,-0.06212811917066574,0.05522499233484268,0.4448679983615875,-0.44103294610977173,0.43336281180381775,-0.44755256175994873,1.614564061164856,-1.6295207738876343,1.6325888633728027,-1.6299042701721191,-0.013275551609694958,0.03433332219719887,0.062257759273052216,-0.025177771225571632,-0.02929776906967163,-0.05493331700563431,0.06958220154047012,-0.05218665301799774,-0.03479110077023506,-0.005493331700563431,-0.04531998559832573,-0.0398266538977623,0.0,0.0,0.0,0.0,0.4999999701976776,-0.5,0.5,-0.5,1.6399999856948853,-1.6399999856948853,1.6399999856948853,-1.6399999856948853
20260708_155717_683245,2026-07-08T15:57:26.548,8.864957,policy,362,sit,0.0,0.0,0.0,0.0,0.0,0.0,0.0,0.0,0.1,none,0.0,0.0,-1.0,-0.0,0.0,0.0,0.0,2.7890279293060303,4.7831315994262695,12,can0:12,2.7915279865264893,4.716940879821777,,"BL_hip_joint,BR_hip_joint,FL_hip_joint,FR_hip_joint,BL_thigh_joint,BR_thigh_joint,FL_thigh_joint,FR_thigh_joint,BL_calf_joint,BR_calf_joint,FL_calf_joint,FR_calf_joint",330e02f2406e129bb6ed6ec4a6c6bcd5f80d7e7799a2ab087e81eda65d2fae69,"step=000362 mode=sit    vx= 0.000 vy= 0.000 vxy= 0.000 yaw= 0.000 speed=0.10 imu=none tilt_rp=[-0.0,+0.0]deg imu_corr=0.000 act_max= 0.000 tau_cmd= 2.789 tau_cmd_max= 4.783 cmds=12 bus=can0:12 tau_fb= 2.792 tau_fb_max= 4.717",,,,,,,,,,,,,,,,,,,,,,,,,,,,,,,,,,,,,,,,,,,,,,,,,0.0,0.0,0.0,0.0,0.0,0.0,0.0,0.0,0.0,0.0,0.0,0.0,0.0,0.0,0.0,0.0,0.0,0.0,0.0,0.0,0.0,0.0,0.0,0.0,0.05829304829239845,-0.0625116229057312,-0.06212811917066574,0.05522499233484268,0.4448679983615875,-0.44103294610977173,0.43336281180381775,-0.44755256175994873,1.614564061164856,-1.6295207738876343,1.6325888633728027,-1.6299042701721191,-0.006408886983990669,-0.05264442786574364,0.08056886494159698,0.01831110566854477,-0.03479110077023506,0.019226660951972008,0.026551103219389915,-0.043946653604507446,-0.009155552834272385,-0.013733329251408577,-0.01739555038511753,-0.013275551609694958,0.0,0.0,0.0,0.0,0.4999999701976776,-0.5,0.5,-0.5,1.6399999856948853,-1.6399999856948853,1.6399999856948853,-1.6399999856948853
20260708_155717_683245,2026-07-08T15:57:26.572,8.888725,policy,363,sit,0.0,0.0,0.0,0.0,0.0,0.0,0.0,0.0,0.1,none,0.0,0.0,-1.0,-0.0,0.0,0.0,0.0,2.7716610431671143,4.608520984649658,12,can0:12,2.7958004474639893,4.669332027435303,,"BL_hip_joint,BR_hip_joint,FL_hip_joint,FR_hip_joint,BL_thigh_joint,BR_thigh_joint,FL_thigh_joint,FR_thigh_joint,BL_calf_joint,BR_calf_joint,FL_calf_joint,FR_calf_joint",330e02f2406e129bb6ed6ec4a6c6bcd5f80d7e7799a2ab087e81eda65d2fae69,"step=000363 mode=sit    vx= 0.000 vy= 0.000 vxy= 0.000 yaw= 0.000 speed=0.10 imu=none tilt_rp=[-0.0,+0.0]deg imu_corr=0.000 act_max= 0.000 tau_cmd= 2.772 tau_cmd_max= 4.609 cmds=12 bus=can0:12 tau_fb= 2.796 tau_fb_max= 4.669",,,,,,,,,,,,,,,,,,,,,,,,,,,,,,,,,,,,,,,,,,,,,,,,,0.0,0.0,0.0,0.0,0.0,0.0,0.0,0.0,0.0,0.0,0.0,0.0,0.0,0.0,0.0,0.0,0.0,0.0,0.0,0.0,0.0,0.0,0.0,0.0,0.05829304829239845,-0.06212811917066574,-0.06212811917066574,0.05522499233484268,0.4448679983615875,-0.44103294610977173,0.43336281180381775,-0.44755256175994873,1.614564061164856,-1.6295207738876343,1.6325888633728027,-1.6299042701721191,-0.014191106893122196,0.05493331700563431,0.028382213786244392,-0.03250221163034439,-0.02059999480843544,-0.0714133158326149,0.032959990203380585,0.06820886582136154,-0.02288888208568096,-0.04577776417136192,-0.05767998471856117,-0.021973326802253723,0.0,0.0,0.0,0.0,0.4999999701976776,-0.5,0.5,-0.5,1.6399999856948853,-1.6399999856948853,1.6399999856948853,-1.6399999856948853
20260708_155717_683245,2026-07-08T15:57:26.595,8.912451,policy,364,sit,0.0,0.0,0.0,0.0,0.0,0.0,0.0,0.0,0.1,none,0.0,0.0,-1.0,-0.0,0.0,0.0,0.0,2.804152727127075,4.803731918334961,12,can0:12,2.78511905670166,4.709616184234619,,"BL_hip_joint,BR_hip_joint,FL_hip_joint,FR_hip_joint,BL_thigh_joint,BR_thigh_joint,FL_thigh_joint,FR_thigh_joint,BL_calf_joint,BR_calf_joint,FL_calf_joint,FR_calf_joint",330e02f2406e129bb6ed6ec4a6c6bcd5f80d7e7799a2ab087e81eda65d2fae69,"step=000364 mode=sit    vx= 0.000 vy= 0.000 vxy= 0.000 yaw= 0.000 speed=0.10 imu=none tilt_rp=[-0.0,+0.0]deg imu_corr=0.000 act_max= 0.000 tau_cmd= 2.804 tau_cmd_max= 4.804 cmds=12 bus=can0:12 tau_fb= 2.785 tau_fb_max= 4.710",,,,,,,,,,,,,,,,,,,,,,,,,,,,,,,,,,,,,,,,,,,,,,,,,0.0,0.0,0.0,0.0,0.0,0.0,0.0,0.0,0.0,0.0,0.0,0.0,0.0,0.0,0.0,0.0,0.0,0.0,0.0,0.0,0.0,0.0,0.0,0.0,0.05829304829239845,-0.0625116229057312,-0.06212811917066574,0.05522499233484268,0.4448679983615875,-0.44103294610977173,0.4329792857170105,-0.44755256175994873,1.614564061164856,-1.6295207738876343,1.6325888633728027,-1.6299042701721191,-0.023346660658717155,-0.06408887356519699,0.022431105375289917,-0.04623554274439812,0.010986663401126862,0.0009155552834272385,0.002288888208568096,0.04257332161068916,0.03433332219719887,0.03341776877641678,-0.06775109469890594,-0.0119022186845541,0.0,0.0,0.0,0.0,0.4999999701976776,-0.5,0.5,-0.5,1.6399999856948853,-1.6399999856948853,1.6399999856948853,-1.6399999856948853
20260708_155717_683245,2026-07-08T15:57:26.619,8.936084,policy,365,sit,0.0,0.0,0.0,0.0,0.0,0.0,0.0,0.0,0.1,none,0.0,0.0,-1.0,-0.0,0.0,0.0,0.0,2.788484573364258,4.807027816772461,12,can0:12,2.8150269985198975,4.713278770446777,,"BL_hip_joint,BR_hip_joint,FL_hip_joint,FR_hip_joint,BL_thigh_joint,BR_thigh_joint,FL_thigh_joint,FR_thigh_joint,BL_calf_joint,BR_calf_joint,FL_calf_joint,FR_calf_joint",330e02f2406e129bb6ed6ec4a6c6bcd5f80d7e7799a2ab087e81eda65d2fae69,"step=000365 mode=sit    vx= 0.000 vy= 0.000 vxy= 0.000 yaw= 0.000 speed=0.10 imu=none tilt_rp=[-0.0,+0.0]deg imu_corr=0.000 act_max= 0.000 tau_cmd= 2.788 tau_cmd_max= 4.807 cmds=12 bus=can0:12 tau_fb= 2.815 tau_fb_max= 4.713",,,,,,,,,,,,,,,,,,,,,,,,,,,,,,,,,,,,,,,,,,,,,,,,,0.0,0.0,0.0,0.0,0.0,0.0,0.0,0.0,0.0,0.0,0.0,0.0,0.0,0.0,0.0,0.0,0.0,0.0,0.0,0.0,0.0,0.0,0.0,0.0,0.05829304829239845,-0.0625116229057312,-0.06212811917066574,0.05522499233484268,0.4448679983615875,-0.44103294610977173,0.43336281180381775,-0.44755256175994873,1.614564061164856,-1.6295207738876343,1.6329723596572876,-1.6299042701721191,0.03570665791630745,-0.06591998040676117,0.05859553813934326,-0.009155552834272385,-0.04119998961687088,-0.012817773967981339,0.09842219203710556,-0.021973326802253723,0.010528885759413242,0.030671102926135063,0.008239997550845146,0.025635547935962677,0.0,0.0,0.0,0.0,0.4999999701976776,-0.5,0.5,-0.5,1.6399999856948853,-1.6399999856948853,1.6399999856948853,-1.6399999856948853
20260708_155717_683245,2026-07-08T15:57:26.643,8.959891,policy,366,sit,0.0,0.0,0.0,0.0,0.0,0.0,0.0,0.0,0.1,none,0.0,0.0,-1.0,-0.0,0.0,0.0,0.0,2.8248212337493896,4.8523478507995605,12,can0:12,2.7921388149261475,4.709616184234619,,"BL_hip_joint,BR_hip_joint,FL_hip_joint,FR_hip_joint,BL_thigh_joint,BR_thigh_joint,FL_thigh_joint,FR_thigh_joint,BL_calf_joint,BR_calf_joint,FL_calf_joint,FR_calf_joint",330e02f2406e129bb6ed6ec4a6c6bcd5f80d7e7799a2ab087e81eda65d2fae69,"step=000366 mode=sit    vx= 0.000 vy= 0.000 vxy= 0.000 yaw= 0.000 speed=0.10 imu=none tilt_rp=[-0.0,+0.0]deg imu_corr=0.000 act_max= 0.000 tau_cmd= 2.825 tau_cmd_max= 4.852 cmds=12 bus=can0:12 tau_fb= 2.792 tau_fb_max= 4.710",,,,,,,,,,,,,,,,,,,,,,,,,,,,,,,,,,,,,,,,,,,,,,,,,0.0,0.0,0.0,0.0,0.0,0.0,0.0,0.0,0.0,0.0,0.0,0.0,0.0,0.0,0.0,0.0,0.0,0.0,0.0,0.0,0.0,0.0,0.0,0.0,0.05829304829239845,-0.0625116229057312,-0.06212811917066574,0.05522499233484268,0.4448679983615875,-0.4406494200229645,0.43336281180381775,-0.44755256175994873,1.614564061164856,-1.6295207738876343,1.6325888633728027,-1.6299042701721191,0.013733329251408577,-0.09109774976968765,-0.03021332435309887,-0.02151555009186268,-0.06088442727923393,0.04943998530507088,0.04623554274439812,0.0393688790500164,-0.018768884241580963,-0.0398266538977623,-0.010986663401126862,-0.0119022186845541,0.0,0.0,0.0,0.0,0.4999999701976776,-0.5,0.5,-0.5,1.6399999856948853,-1.6399999856948853,1.6399999856948853,-1.6399999856948853
20260708_155717_683245,2026-07-08T15:57:26.666,8.983531,policy,367,sit,0.0,0.0,0.0,0.0,0.0,0.0,0.0,0.0,0.1,none,0.0,0.0,-1.0,-0.0,0.0,0.0,0.0,2.785656690597534,4.690096855163574,12,can0:12,2.7973263263702393,4.691305160522461,,"BL_hip_joint,BR_hip_joint,FL_hip_joint,FR_hip_joint,BL_thigh_joint,BR_thigh_joint,FL_thigh_joint,FR_thigh_joint,BL_calf_joint,BR_calf_joint,FL_calf_joint,FR_calf_joint",330e02f2406e129bb6ed6ec4a6c6bcd5f80d7e7799a2ab087e81eda65d2fae69,"step=000367 mode=sit    vx= 0.000 vy= 0.000 vxy= 0.000 yaw= 0.000 speed=0.10 imu=none tilt_rp=[-0.0,+0.0]deg imu_corr=0.000 act_max= 0.000 tau_cmd= 2.786 tau_cmd_max= 4.690 cmds=12 bus=can0:12 tau_fb= 2.797 tau_fb_max= 4.691",,,,,,,,,,,,,,,,,,,,,,,,,,,,,,,,,,,,,,,,,,,,,,,,,0.0,0.0,0.0,0.0,0.0,0.0,0.0,0.0,0.0,0.0,0.0,0.0,0.0,0.0,0.0,0.0,0.0,0.0,0.0,0.0,0.0,0.0,0.0,0.0,0.05829304829239845,-0.0625116229057312,-0.06212811917066574,0.05522499233484268,0.4448679983615875,-0.44103294610977173,0.43336281180381775,-0.44755256175994873,1.614180564880371,-1.6295207738876343,1.6325888633728027,-1.6299042701721191,0.04898220673203468,0.014648884534835815,-0.016937773674726486,-0.015106662176549435,-0.0315866582095623,-0.07324442267417908,0.06454664468765259,0.013275551609694958,-0.003662221133708954,0.010071108117699623,0.043946653604507446,0.015564439818263054,0.0,0.0,0.0,0.0,0.4999999701976776,-0.5,0.5,-0.5,1.6399999856948853,-1.6399999856948853,1.6399999856948853,-1.6399999856948853
20260708_155717_683245,2026-07-08T15:57:26.690,9.007359,policy,368,sit,0.0,0.0,0.0,0.0,0.0,0.0,0.0,0.0,0.1,none,0.0,0.0,-1.0,-0.0,0.0,0.0,0.0,2.783540725708008,4.7790117263793945,12,can0:12,2.8095338344573975,4.720602989196777,,"BL_hip_joint,BR_hip_joint,FL_hip_joint,FR_hip_joint,BL_thigh_joint,BR_thigh_joint,FL_thigh_joint,FR_thigh_joint,BL_calf_joint,BR_calf_joint,FL_calf_joint,FR_calf_joint",330e02f2406e129bb6ed6ec4a6c6bcd5f80d7e7799a2ab087e81eda65d2fae69,"step=000368 mode=sit    vx= 0.000 vy= 0.000 vxy= 0.000 yaw= 0.000 speed=0.10 imu=none tilt_rp=[-0.0,+0.0]deg imu_corr=0.000 act_max= 0.000 tau_cmd= 2.784 tau_cmd_max= 4.779 cmds=12 bus=can0:12 tau_fb= 2.810 tau_fb_max= 4.721",,,,,,,,,,,,,,,,,,,,,,,,,,,,,,,,,,,,,,,,,,,,,,,,,0.0,0.0,0.0,0.0,0.0,0.0,0.0,0.0,0.0,0.0,0.0,0.0,0.0,0.0,0.0,0.0,0.0,0.0,0.0,0.0,0.0,0.0,0.0,0.0,0.05829304829239845,-0.0625116229057312,-0.06212811917066574,0.05522499233484268,0.4448679983615875,-0.44103294610977173,0.43336281180381775,-0.44755256175994873,1.614564061164856,-1.6295207738876343,1.6329723596572876,-1.6299042701721191,-0.004577776417136192,-0.050355542451143265,0.06820886582136154,0.031128879636526108,0.010071108117699623,-0.016937773674726486,0.04348887503147125,-0.017853328958153725,0.03891110047698021,0.028382213786244392,-0.016022218391299248,0.02059999480843544,0.0,0.0,0.0,0.0,0.4999999701976776,-0.5,0.5,-0.5,1.6399999856948853,-1.6399999856948853,1.6399999856948853,-1.6399999856948853
20260708_155717_683245,2026-07-08T15:57:26.714,9.031230,policy,369,sit,0.0,0.0,0.0,0.0,0.0,0.0,0.0,0.0,0.1,none,0.0,0.0,-1.0,-0.0,0.0,0.0,0.0,2.75875186920166,4.820211887359619,12,can0:12,2.8055660724639893,4.687643051147461,,"BL_hip_joint,BR_hip_joint,FL_hip_joint,FR_hip_joint,BL_thigh_joint,BR_thigh_joint,FL_thigh_joint,FR_thigh_joint,BL_calf_joint,BR_calf_joint,FL_calf_joint,FR_calf_joint",330e02f2406e129bb6ed6ec4a6c6bcd5f80d7e7799a2ab087e81eda65d2fae69,"step=000369 mode=sit    vx= 0.000 vy= 0.000 vxy= 0.000 yaw= 0.000 speed=0.10 imu=none tilt_rp=[-0.0,+0.0]deg imu_corr=0.000 act_max= 0.000 tau_cmd= 2.759 tau_cmd_max= 4.820 cmds=12 bus=can0:12 tau_fb= 2.806 tau_fb_max= 4.688",,,,,,,,,,,,,,,,,,,,,,,,,,,,,,,,,,,,,,,,,,,,,,,,,0.0,0.0,0.0,0.0,0.0,0.0,0.0,0.0,0.0,0.0,0.0,0.0,0.0,0.0,0.0,0.0,0.0,0.0,0.0,0.0,0.0,0.0,0.0,0.0,0.05829304829239845,-0.0625116229057312,-0.06212811917066574,0.05522499233484268,0.4448679983615875,-0.44103294610977173,0.43336281180381775,-0.44755256175994873,1.614564061164856,-1.6295207738876343,1.6329723596572876,-1.6299042701721191,-0.07644886523485184,-0.07324442267417908,0.06546220183372498,-0.01235999632626772,0.019226660951972008,-0.048066653311252594,0.03799554333090782,0.03707998991012573,0.007782219909131527,-0.0476088747382164,0.032044436782598495,0.017853328958153725,0.0,0.0,0.0,0.0,0.4999999701976776,-0.5,0.5,-0.5,1.6399999856948853,-1.6399999856948853,1.6399999856948853,-1.6399999856948853
20260708_155717_683245,2026-07-08T15:57:26.738,9.055000,policy,370,sit,0.0,0.0,0.0,0.0,0.0,0.0,0.0,0.0,0.1,none,0.0,0.0,-1.0,-0.0,0.0,0.0,0.0,2.7869303226470947,4.732944965362549,12,can0:12,2.78023624420166,4.694967269897461,,"BL_hip_joint,BR_hip_joint,FL_hip_joint,FR_hip_joint,BL_thigh_joint,BR_thigh_joint,FL_thigh_joint,FR_thigh_joint,BL_calf_joint,BR_calf_joint,FL_calf_joint,FR_calf_joint",330e02f2406e129bb6ed6ec4a6c6bcd5f80d7e7799a2ab087e81eda65d2fae69,"step=000370 mode=sit    vx= 0.000 vy= 0.000 vxy= 0.000 yaw= 0.000 speed=0.10 imu=none tilt_rp=[-0.0,+0.0]deg imu_corr=0.000 act_max= 0.000 tau_cmd= 2.787 tau_cmd_max= 4.733 cmds=12 bus=can0:12 tau_fb= 2.780 tau_fb_max= 4.695",,,,,,,,,,,,,,,,,,,,,,,,,,,,,,,,,,,,,,,,,,,,,,,,,0.0,0.0,0.0,0.0,0.0,0.0,0.0,0.0,0.0,0.0,0.0,0.0,0.0,0.0,0.0,0.0,0.0,0.0,0.0,0.0,0.0,0.0,0.0,0.0,0.05829304829239845,-0.06212811917066574,-0.06212811917066574,0.05522499233484268,0.4448679983615875,-0.44103294610977173,0.4329792857170105,-0.44755256175994873,1.614564061164856,-1.6295207738876343,1.6329723596572876,-1.6299042701721191,-0.07553330808877945,-0.006408886983990669,-0.040742211043834686,-0.009155552834272385,-0.07461775839328766,0.026551103219389915,-0.0009155552834272385,0.02059999480843544,0.04028443247079849,0.041657764464616776,0.12131107598543167,0.009155552834272385,0.0,0.0,0.0,0.0,0.4999999701976776,-0.5,0.5,-0.5,1.6399999856948853,-1.6399999856948853,1.6399999856948853,-1.6399999856948853
20260708_155717_683245,2026-07-08T15:57:26.761,9.078602,policy,371,sit,0.0,0.0,0.0,0.0,0.0,0.0,0.0,0.0,0.1,none,0.0,0.0,-1.0,-0.0,0.0,0.0,0.0,2.795837640762329,4.749424934387207,12,can0:12,2.8092281818389893,4.720602989196777,,"BL_hip_joint,BR_hip_joint,FL_hip_joint,FR_hip_joint,BL_thigh_joint,BR_thigh_joint,FL_thigh_joint,FR_thigh_joint,BL_calf_joint,BR_calf_joint,FL_calf_joint,FR_calf_joint",330e02f2406e129bb6ed6ec4a6c6bcd5f80d7e7799a2ab087e81eda65d2fae69,"step=000371 mode=sit    vx= 0.000 vy= 0.000 vxy= 0.000 yaw= 0.000 speed=0.10 imu=none tilt_rp=[-0.0,+0.0]deg imu_corr=0.000 act_max= 0.000 tau_cmd= 2.796 tau_cmd_max= 4.749 cmds=12 bus=can0:12 tau_fb= 2.809 tau_fb_max= 4.721",,,,,,,,,,,,,,,,,,,,,,,,,,,,,,,,,,,,,,,,,,,,,,,,,0.0,0.0,0.0,0.0,0.0,0.0,0.0,0.0,0.0,0.0,0.0,0.0,0.0,0.0,0.0,0.0,0.0,0.0,0.0,0.0,0.0,0.0,0.0,0.0,0.05829304829239845,-0.0625116229057312,-0.06212811917066574,0.05522499233484268,0.4448679983615875,-0.44103294610977173,0.4329792857170105,-0.44755256175994873,1.614180564880371,-1.6295207738876343,1.6325888633728027,-1.6299042701721191,-0.010071108117699623,-0.029755547642707825,-0.04989776387810707,0.05264442786574364,-0.027924437075853348,-0.0315866582095623,-0.016022218391299248,-0.016022218391299248,0.04852443188428879,-0.03021332435309887,0.04303110018372536,-0.010986663401126862,0.0,0.0,0.0,0.0,0.4999999701976776,-0.5,0.5,-0.5,1.6399999856948853,-1.6399999856948853,1.6399999856948853,-1.6399999856948853
20260708_155717_683245,2026-07-08T15:57:26.785,9.102296,policy,372,sit,0.0,0.0,0.0,0.0,0.0,0.0,0.0,0.0,0.1,none,0.0,0.0,-1.0,-0.0,0.0,0.0,0.0,2.801337242126465,4.6974358558654785,12,can0:12,2.8006832599639893,4.713278770446777,,"BL_hip_joint,BR_hip_joint,FL_hip_joint,FR_hip_joint,BL_thigh_joint,BR_thigh_joint,FL_thigh_joint,FR_thigh_joint,BL_calf_joint,BR_calf_joint,FL_calf_joint,FR_calf_joint",330e02f2406e129bb6ed6ec4a6c6bcd5f80d7e7799a2ab087e81eda65d2fae69,"step=000372 mode=sit    vx= 0.000 vy= 0.000 vxy= 0.000 yaw= 0.000 speed=0.10 imu=none tilt_rp=[-0.0,+0.0]deg imu_corr=0.000 act_max= 0.000 tau_cmd= 2.801 tau_cmd_max= 4.697 cmds=12 bus=can0:12 tau_fb= 2.801 tau_fb_max= 4.713",,,,,,,,,,,,,,,,,,,,,,,,,,,,,,,,,,,,,,,,,,,,,,,,,0.0,0.0,0.0,0.0,0.0,0.0,0.0,0.0,0.0,0.0,0.0,0.0,0.0,0.0,0.0,0.0,0.0,0.0,0.0,0.0,0.0,0.0,0.0,0.0,0.05829304829239845,-0.0625116229057312,-0.06212811917066574,0.05560849979519844,0.44448450207710266,-0.44103294610977173,0.43336281180381775,-0.44755256175994873,1.614564061164856,-1.6295207738876343,1.6329723596572876,-1.6299042701721191,-0.03341776877641678,-0.0050355540588498116,0.062257759273052216,0.05767998471856117,-0.04440443217754364,0.012817773967981339,0.001831110566854477,-0.0027466658502817154,0.016022218391299248,-0.015564439818263054,-0.01144444104284048,0.03891110047698021,0.0,0.0,0.0,0.0,0.4999999701976776,-0.5,0.5,-0.5,1.6399999856948853,-1.6399999856948853,1.6399999856948853,-1.6399999856948853
20260708_155717_683245,2026-07-08T15:57:26.809,9.126072,policy,373,sit,0.0,0.0,0.0,0.0,0.0,0.0,0.0,0.0,0.1,none,0.0,0.0,-1.0,-0.0,0.0,0.0,0.0,2.806899309158325,4.752720832824707,12,can0:12,2.8080081939697266,4.698629856109619,,"BL_hip_joint,BR_hip_joint,FL_hip_joint,FR_hip_joint,BL_thigh_joint,BR_thigh_joint,FL_thigh_joint,FR_thigh_joint,BL_calf_joint,BR_calf_joint,FL_calf_joint,FR_calf_joint",330e02f2406e129bb6ed6ec4a6c6bcd5f80d7e7799a2ab087e81eda65d2fae69,"step=000373 mode=sit    vx= 0.000 vy= 0.000 vxy= 0.000 yaw= 0.000 speed=0.10 imu=none tilt_rp=[-0.0,+0.0]deg imu_corr=0.000 act_max= 0.000 tau_cmd= 2.807 tau_cmd_max= 4.753 cmds=12 bus=can0:12 tau_fb= 2.808 tau_fb_max= 4.699",,,,,,,,,,,,,,,,,,,,,,,,,,,,,,,,,,,,,,,,,,,,,,,,,0.0,0.0,0.0,0.0,0.0,0.0,0.0,0.0,0.0,0.0,0.0,0.0,0.0,0.0,0.0,0.0,0.0,0.0,0.0,0.0,0.0,0.0,0.0,0.0,0.05829304829239845,-0.0625116229057312,-0.06212811917066574,0.05522499233484268,0.4448679983615875,-0.44103294610977173,0.4329792857170105,-0.44755256175994873,1.614564061164856,-1.6295207738876343,1.6325888633728027,-1.6299042701721191,0.05722220614552498,0.0068666646257042885,-0.05172887444496155,0.0476088747382164,-0.04028443247079849,-0.06866664439439774,-0.030671102926135063,0.05310220643877983,0.0476088747382164,-0.08011108636856079,0.02929776906967163,0.027466658502817154,0.0,0.0,0.0,0.0,0.4999999701976776,-0.5,0.5,-0.5,1.6399999856948853,-1.6399999856948853,1.6399999856948853,-1.6399999856948853
20260708_155717_683245,2026-07-08T15:57:26.833,9.149847,policy,374,sit,0.0,0.0,0.0,0.0,0.0,0.0,0.0,0.0,0.1,none,0.0,0.0,-1.0,-0.0,0.0,0.0,0.0,2.8028297424316406,4.68919563293457,12,can0:12,2.78237247467041,4.713278770446777,,"BL_hip_joint,BR_hip_joint,FL_hip_joint,FR_hip_joint,BL_thigh_joint,BR_thigh_joint,FL_thigh_joint,FR_thigh_joint,BL_calf_joint,BR_calf_joint,FL_calf_joint,FR_calf_joint",330e02f2406e129bb6ed6ec4a6c6bcd5f80d7e7799a2ab087e81eda65d2fae69,"step=000374 mode=sit    vx= 0.000 vy= 0.000 vxy= 0.000 yaw= 0.000 speed=0.10 imu=none tilt_rp=[-0.0,+0.0]deg imu_corr=0.000 act_max= 0.000 tau_cmd= 2.803 tau_cmd_max= 4.689 cmds=12 bus=can0:12 tau_fb= 2.782 tau_fb_max= 4.713",,,,,,,,,,,,,,,,,,,,,,,,,,,,,,,,,,,,,,,,,,,,,,,,,0.0,0.0,0.0,0.0,0.0,0.0,0.0,0.0,0.0,0.0,0.0,0.0,0.0,0.0,0.0,0.0,0.0,0.0,0.0,0.0,0.0,0.0,0.0,0.0,0.05829304829239845,-0.0625116229057312,-0.06212811917066574,0.05522499233484268,0.4448679983615875,-0.44103294610977173,0.43336281180381775,-0.44755256175994873,1.614564061164856,-1.6295207738876343,1.6325888633728027,-1.6299042701721191,-0.0119022186845541,-0.00045777764171361923,0.0393688790500164,0.0027466658502817154,0.06637775897979736,0.036164432764053345,-0.007324442267417908,0.0027466658502817154,-0.021973326802253723,0.06683553755283356,-0.032959990203380585,0.005493331700563431,0.0,0.0,0.0,0.0,0.4999999701976776,-0.5,0.5,-0.5,1.6399999856948853,-1.6399999856948853,1.6399999856948853,-1.6399999856948853
20260708_155717_683245,2026-07-08T15:57:26.856,9.173535,policy,375,sit,0.0,0.0,0.0,0.0,0.0,0.0,0.0,0.0,0.1,none,0.0,0.0,-1.0,-0.0,0.0,0.0,0.0,2.8149335384368896,4.712344646453857,12,can0:12,2.78542423248291,4.687643051147461,,"BL_hip_joint,BR_hip_joint,FL_hip_joint,FR_hip_joint,BL_thigh_joint,BR_thigh_joint,FL_thigh_joint,FR_thigh_joint,BL_calf_joint,BR_calf_joint,FL_calf_joint,FR_calf_joint",330e02f2406e129bb6ed6ec4a6c6bcd5f80d7e7799a2ab087e81eda65d2fae69,"step=000375 mode=sit    vx= 0.000 vy= 0.000 vxy= 0.000 yaw= 0.000 speed=0.10 imu=none tilt_rp=[-0.0,+0.0]deg imu_corr=0.000 act_max= 0.000 tau_cmd= 2.815 tau_cmd_max= 4.712 cmds=12 bus=can0:12 tau_fb= 2.785 tau_fb_max= 4.688",,,,,,,,,,,,,,,,,,,,,,,,,,,,,,,,,,,,,,,,,,,,,,,,,0.0,0.0,0.0,0.0,0.0,0.0,0.0,0.0,0.0,0.0,0.0,0.0,0.0,0.0,0.0,0.0,0.0,0.0,0.0,0.0,0.0,0.0,0.0,0.0,0.05829304829239845,-0.0625116229057312,-0.06212811917066574,0.05522499233484268,0.4448679983615875,-0.44103294610977173,0.4329792857170105,-0.44755256175994873,1.614564061164856,-1.6295207738876343,1.6325888633728027,-1.6299042701721191,0.009613330475986004,0.008697775192558765,-0.02929776906967163,0.04028443247079849,0.01831110566854477,-0.006408886983990669,0.018768884241580963,-0.018768884241580963,-0.09155552834272385,-0.0393688790500164,-0.02609332650899887,0.04257332161068916,0.0,0.0,0.0,0.0,0.4999999701976776,-0.5,0.5,-0.5,1.6399999856948853,-1.6399999856948853,1.6399999856948853,-1.6399999856948853
20260708_155717_683245,2026-07-08T15:57:26.880,9.197211,policy,376,sit,0.0,0.0,0.0,0.0,0.0,0.0,0.0,0.0,0.1,none,0.0,0.0,-1.0,-0.0,0.0,0.0,0.0,2.825901746749878,4.6933159828186035,12,can0:12,2.7933590412139893,4.694967269897461,,"BL_hip_joint,BR_hip_joint,FL_hip_joint,FR_hip_joint,BL_thigh_joint,BR_thigh_joint,FL_thigh_joint,FR_thigh_joint,BL_calf_joint,BR_calf_joint,FL_calf_joint,FR_calf_joint",330e02f2406e129bb6ed6ec4a6c6bcd5f80d7e7799a2ab087e81eda65d2fae69,"step=000376 mode=sit    vx= 0.000 vy= 0.000 vxy= 0.000 yaw= 0.000 speed=0.10 imu=none tilt_rp=[-0.0,+0.0]deg imu_corr=0.000 act_max= 0.000 tau_cmd= 2.826 tau_cmd_max= 4.693 cmds=12 bus=can0:12 tau_fb= 2.793 tau_fb_max= 4.695",,,,,,,,,,,,,,,,,,,,,,,,,,,,,,,,,,,,,,,,,,,,,,,,,0.0,0.0,0.0,0.0,0.0,0.0,0.0,0.0,0.0,0.0,0.0,0.0,0.0,0.0,0.0,0.0,0.0,0.0,0.0,0.0,0.0,0.0,0.0,0.0,0.05829304829239845,-0.0625116229057312,-0.06212811917066574,0.05522499233484268,0.4448679983615875,-0.44103294610977173,0.43336281180381775,-0.44755256175994873,1.614564061164856,-1.6295207738876343,1.6325888633728027,-1.6299042701721191,0.004119998775422573,-0.0027466658502817154,-0.014191106893122196,0.024262215942144394,0.010071108117699623,0.059968870133161545,0.0032044434919953346,-0.0636310949921608,-0.0709555372595787,0.05081331729888916,-0.04119998961687088,0.02151555009186268,0.0,0.0,0.0,0.0,0.4999999701976776,-0.5,0.5,-0.5,1.6399999856948853,-1.6399999856948853,1.6399999856948853,-1.6399999856948853
20260708_155717_683245,2026-07-08T15:57:26.904,9.220884,policy,377,sit,0.0,0.0,0.0,0.0,0.0,0.0,0.0,0.0,0.1,none,0.0,0.0,-1.0,-0.0,0.0,0.0,0.0,2.8373806476593018,4.728000640869141,12,can0:12,2.77840518951416,4.636372089385986,,"BL_hip_joint,BR_hip_joint,FL_hip_joint,FR_hip_joint,BL_thigh_joint,BR_thigh_joint,FL_thigh_joint,FR_thigh_joint,BL_calf_joint,BR_calf_joint,FL_calf_joint,FR_calf_joint",330e02f2406e129bb6ed6ec4a6c6bcd5f80d7e7799a2ab087e81eda65d2fae69,"step=000377 mode=sit    vx= 0.000 vy= 0.000 vxy= 0.000 yaw= 0.000 speed=0.10 imu=none tilt_rp=[-0.0,+0.0]deg imu_corr=0.000 act_max= 0.000 tau_cmd= 2.837 tau_cmd_max= 4.728 cmds=12 bus=can0:12 tau_fb= 2.778 tau_fb_max= 4.636",,,,,,,,,,,,,,,,,,,,,,,,,,,,,,,,,,,,,,,,,,,,,,,,,0.0,0.0,0.0,0.0,0.0,0.0,0.0,0.0,0.0,0.0,0.0,0.0,0.0,0.0,0.0,0.0,0.0,0.0,0.0,0.0,0.0,0.0,0.0,0.0,0.05829304829239845,-0.0625116229057312,-0.06212811917066574,0.05560849979519844,0.4448679983615875,-0.44103294610977173,0.4329792857170105,-0.44755256175994873,1.614564061164856,-1.6295207738876343,1.6325888633728027,-1.6299042701721191,0.02609332650899887,0.0238044373691082,-0.03799554333090782,0.03707998991012573,-0.04531998559832573,0.01144444104284048,-0.02059999480843544,-0.013275551609694958,-0.0398266538977623,0.038453321903944016,-0.003662221133708954,0.0393688790500164,0.0,0.0,0.0,0.0,0.4999999701976776,-0.5,0.5,-0.5,1.6399999856948853,-1.6399999856948853,1.6399999856948853,-1.6399999856948853
20260708_155717_683245,2026-07-08T15:57:26.927,9.244560,policy,378,sit,0.0,0.0,0.0,0.0,0.0,0.0,0.0,0.0,0.1,none,0.0,0.0,-1.0,-0.0,0.0,0.0,0.0,2.80146861076355,4.727099895477295,12,can0:12,2.79000186920166,4.698629856109619,,"BL_hip_joint,BR_hip_joint,FL_hip_joint,FR_hip_joint,BL_thigh_joint,BR_thigh_joint,FL_thigh_joint,FR_thigh_joint,BL_calf_joint,BR_calf_joint,FL_calf_joint,FR_calf_joint",330e02f2406e129bb6ed6ec4a6c6bcd5f80d7e7799a2ab087e81eda65d2fae69,"step=000378 mode=sit    vx= 0.000 vy= 0.000 vxy= 0.000 yaw= 0.000 speed=0.10 imu=none tilt_rp=[-0.0,+0.0]deg imu_corr=0.000 act_max= 0.000 tau_cmd= 2.801 tau_cmd_max= 4.727 cmds=12 bus=can0:12 tau_fb= 2.790 tau_fb_max= 4.699",,,,,,,,,,,,,,,,,,,,,,,,,,,,,,,,,,,,,,,,,,,,,,,,,0.0,0.0,0.0,0.0,0.0,0.0,0.0,0.0,0.0,0.0,0.0,0.0,0.0,0.0,0.0,0.0,0.0,0.0,0.0,0.0,0.0,0.0,0.0,0.0,0.05829304829239845,-0.0625116229057312,-0.0625116229057312,0.05522499233484268,0.4448679983615875,-0.4406494200229645,0.43336281180381775,-0.44755256175994873,1.614564061164856,-1.6295207738876343,1.6325888633728027,-1.6299042701721191,-0.0315866582095623,-0.02151555009186268,-0.009613330475986004,0.02471999265253544,0.01831110566854477,0.05264442786574364,-0.021973326802253723,-0.00595110934227705,-0.0027466658502817154,-0.04348887503147125,0.027466658502817154,0.016937773674726486,0.0,0.0,0.0,0.0,0.4999999701976776,-0.5,0.5,-0.5,1.6399999856948853,-1.6399999856948853,1.6399999856948853,-1.6399999856948853
20260708_155717_683245,2026-07-08T15:57:26.951,9.268239,policy,379,sit,0.0,0.0,0.0,0.0,0.0,0.0,0.0,0.0,0.1,none,0.0,0.0,-1.0,-0.0,0.0,0.0,0.0,2.789783239364624,4.866355895996094,12,can0:12,2.7903077602386475,4.702291965484619,,"BL_hip_joint,BR_hip_joint,FL_hip_joint,FR_hip_joint,BL_thigh_joint,BR_thigh_joint,FL_thigh_joint,FR_thigh_joint,BL_calf_joint,BR_calf_joint,FL_calf_joint,FR_calf_joint",330e02f2406e129bb6ed6ec4a6c6bcd5f80d7e7799a2ab087e81eda65d2fae69,"step=000379 mode=sit    vx= 0.000 vy= 0.000 vxy= 0.000 yaw= 0.000 speed=0.10 imu=none tilt_rp=[-0.0,+0.0]deg imu_corr=0.000 act_max= 0.000 tau_cmd= 2.790 tau_cmd_max= 4.866 cmds=12 bus=can0:12 tau_fb= 2.790 tau_fb_max= 4.702",,,,,,,,,,,,,,,,,,,,,,,,,,,,,,,,,,,,,,,,,,,,,,,,,0.0,0.0,0.0,0.0,0.0,0.0,0.0,0.0,0.0,0.0,0.0,0.0,0.0,0.0,0.0,0.0,0.0,0.0,0.0,0.0,0.0,0.0,0.0,0.0,0.05829304829239845,-0.0625116229057312,-0.0625116229057312,0.05522499233484268,0.4448679983615875,-0.44103294610977173,0.43336281180381775,-0.44755256175994873,1.614564061164856,-1.6295207738876343,1.6329723596572876,-1.6299042701721191,0.04303110018372536,0.010528885759413242,-0.09887997061014175,0.0196844395250082,-0.004577776417136192,-0.04852443188428879,0.08331552892923355,-0.035248879343271255,-0.050355542451143265,-0.031128879636526108,0.032959990203380585,-0.0027466658502817154,0.0,0.0,0.0,0.0,0.4999999701976776,-0.5,0.5,-0.5,1.6399999856948853,-1.6399999856948853,1.6399999856948853,-1.6399999856948853
20260708_155717_683245,2026-07-08T15:57:26.975,9.292011,policy,380,sit,0.0,0.0,0.0,0.0,0.0,0.0,0.0,0.0,0.1,none,0.0,0.0,-1.0,-0.0,0.0,0.0,0.0,2.8187854290008545,4.740360736846924,12,can0:12,2.8052613735198975,4.702291965484619,,"BL_hip_joint,BR_hip_joint,FL_hip_joint,FR_hip_joint,BL_thigh_joint,BR_thigh_joint,FL_thigh_joint,FR_thigh_joint,BL_calf_joint,BR_calf_joint,FL_calf_joint,FR_calf_joint",330e02f2406e129bb6ed6ec4a6c6bcd5f80d7e7799a2ab087e81eda65d2fae69,"step=000380 mode=sit    vx= 0.000 vy= 0.000 vxy= 0.000 yaw= 0.000 speed=0.10 imu=none tilt_rp=[-0.0,+0.0]deg imu_corr=0.000 act_max= 0.000 tau_cmd= 2.819 tau_cmd_max= 4.740 cmds=12 bus=can0:12 tau_fb= 2.805 tau_fb_max= 4.702",,,,,,,,,,,,,,,,,,,,,,,,,,,,,,,,,,,,,,,,,,,,,,,,,0.0,0.0,0.0,0.0,0.0,0.0,0.0,0.0,0.0,0.0,0.0,0.0,0.0,0.0,0.0,0.0,0.0,0.0,0.0,0.0,0.0,0.0,0.0,0.0,0.05829304829239845,-0.0625116229057312,-0.06212811917066574,0.05522499233484268,0.4448679983615875,-0.44103294610977173,0.4329792857170105,-0.44755256175994873,1.614564061164856,-1.6295207738876343,1.6329723596572876,-1.6299042701721191,-0.03570665791630745,-0.026551103219389915,-0.044862210750579834,0.008697775192558765,-0.036164432764053345,-0.028382213786244392,-0.01739555038511753,0.06500442326068878,-0.004119998775422573,0.0119022186845541,0.03891110047698021,0.059053316712379456,0.0,0.0,0.0,0.0,0.4999999701976776,-0.5,0.5,-0.5,1.6399999856948853,-1.6399999856948853,1.6399999856948853,-1.6399999856948853
20260708_155717_683245,2026-07-08T15:57:26.998,9.315674,policy,381,sit,0.0,0.0,0.0,0.0,0.0,0.0,0.0,0.0,0.1,none,0.0,0.0,-1.0,-0.0,0.0,0.0,0.0,2.799414873123169,4.765827655792236,12,can0:12,2.7961056232452393,4.705954074859619,,"BL_hip_joint,BR_hip_joint,FL_hip_joint,FR_hip_joint,BL_thigh_joint,BR_thigh_joint,FL_thigh_joint,FR_thigh_joint,BL_calf_joint,BR_calf_joint,FL_calf_joint,FR_calf_joint",330e02f2406e129bb6ed6ec4a6c6bcd5f80d7e7799a2ab087e81eda65d2fae69,"step=000381 mode=sit    vx= 0.000 vy= 0.000 vxy= 0.000 yaw= 0.000 speed=0.10 imu=none tilt_rp=[-0.0,+0.0]deg imu_corr=0.000 act_max= 0.000 tau_cmd= 2.799 tau_cmd_max= 4.766 cmds=12 bus=can0:12 tau_fb= 2.796 tau_fb_max= 4.706",,,,,,,,,,,,,,,,,,,,,,,,,,,,,,,,,,,,,,,,,,,,,,,,,0.0,0.0,0.0,0.0,0.0,0.0,0.0,0.0,0.0,0.0,0.0,0.0,0.0,0.0,0.0,0.0,0.0,0.0,0.0,0.0,0.0,0.0,0.0,0.0,0.05829304829239845,-0.0625116229057312,-0.06212811917066574,0.05522499233484268,0.4448679983615875,-0.44103294610977173,0.4329792857170105,-0.44755256175994873,1.614564061164856,-1.6295207738876343,1.6325888633728027,-1.6299042701721191,0.00045777764171361923,-0.04303110018372536,-0.032044436782598495,0.003662221133708954,0.032044436782598495,-0.0196844395250082,-0.05767998471856117,-0.040742211043834686,0.04440443217754364,0.008697775192558765,-0.012817773967981339,0.004119998775422573,0.0,0.0,0.0,0.0,0.4999999701976776,-0.5,0.5,-0.5,1.6399999856948853,-1.6399999856948853,1.6399999856948853,-1.6399999856948853
20260708_155717_683245,2026-07-08T15:57:27.022,9.339373,policy,382,sit,0.0,0.0,0.0,0.0,0.0,0.0,0.0,0.0,0.1,none,0.0,0.0,-1.0,-0.0,0.0,0.0,0.0,2.805164098739624,4.751896858215332,12,can0:12,2.78572940826416,4.691305160522461,,"BL_hip_joint,BR_hip_joint,FL_hip_joint,FR_hip_joint,BL_thigh_joint,BR_thigh_joint,FL_thigh_joint,FR_thigh_joint,BL_calf_joint,BR_calf_joint,FL_calf_joint,FR_calf_joint",330e02f2406e129bb6ed6ec4a6c6bcd5f80d7e7799a2ab087e81eda65d2fae69,"step=000382 mode=sit    vx= 0.000 vy= 0.000 vxy= 0.000 yaw= 0.000 speed=0.10 imu=none tilt_rp=[-0.0,+0.0]deg imu_corr=0.000 act_max= 0.000 tau_cmd= 2.805 tau_cmd_max= 4.752 cmds=12 bus=can0:12 tau_fb= 2.786 tau_fb_max= 4.691",,,,,,,,,,,,,,,,,,,,,,,,,,,,,,,,,,,,,,,,,,,,,,,,,0.0,0.0,0.0,0.0,0.0,0.0,0.0,0.0,0.0,0.0,0.0,0.0,0.0,0.0,0.0,0.0,0.0,0.0,0.0,0.0,0.0,0.0,0.0,0.0,0.05829304829239845,-0.0625116229057312,-0.06212811917066574,0.05522499233484268,0.4448679983615875,-0.44103294610977173,0.43336281180381775,-0.44755256175994873,1.614564061164856,-1.6295207738876343,1.6325888633728027,-1.6299042701721191,-0.001831110566854477,0.06912442296743393,-0.051271095871925354,-0.0,-0.027466658502817154,-0.041657764464616776,0.024262215942144394,0.04669332131743431,-0.04119998961687088,0.03387554734945297,0.025635547935962677,0.03662221133708954,0.0,0.0,0.0,0.0,0.4999999701976776,-0.5,0.5,-0.5,1.6399999856948853,-1.6399999856948853,1.6399999856948853,-1.6399999856948853
20260708_155717_683245,2026-07-08T15:57:27.046,9.363097,policy,383,sit,0.0,0.0,0.0,0.0,0.0,0.0,0.0,0.0,0.1,none,0.0,0.0,-1.0,-0.0,0.0,0.0,0.0,2.7724854946136475,4.662080764770508,12,can0:12,2.7994625568389893,4.716940879821777,,"BL_hip_joint,BR_hip_joint,FL_hip_joint,FR_hip_joint,BL_thigh_joint,BR_thigh_joint,FL_thigh_joint,FR_thigh_joint,BL_calf_joint,BR_calf_joint,FL_calf_joint,FR_calf_joint",330e02f2406e129bb6ed6ec4a6c6bcd5f80d7e7799a2ab087e81eda65d2fae69,"step=000383 mode=sit    vx= 0.000 vy= 0.000 vxy= 0.000 yaw= 0.000 speed=0.10 imu=none tilt_rp=[-0.0,+0.0]deg imu_corr=0.000 act_max= 0.000 tau_cmd= 2.772 tau_cmd_max= 4.662 cmds=12 bus=can0:12 tau_fb= 2.799 tau_fb_max= 4.717",,,,,,,,,,,,,,,,,,,,,,,,,,,,,,,,,,,,,,,,,,,,,,,,,0.0,0.0,0.0,0.0,0.0,0.0,0.0,0.0,0.0,0.0,0.0,0.0,0.0,0.0,0.0,0.0,0.0,0.0,0.0,0.0,0.0,0.0,0.0,0.0,0.05829304829239845,-0.06212811917066574,-0.06212811917066574,0.05522499233484268,0.4448679983615875,-0.44103294610977173,0.43336281180381775,-0.44755256175994873,1.614564061164856,-1.6295207738876343,1.6325888633728027,-1.6299042701721191,-0.01235999632626772,0.021973326802253723,-0.0013733329251408577,-0.0050355540588498116,-0.001831110566854477,0.02471999265253544,0.07415997982025146,-0.07782220095396042,-0.00045777764171361923,0.020142216235399246,0.0009155552834272385,0.016479995101690292,0.0,0.0,0.0,0.0,0.4999999701976776,-0.5,0.5,-0.5,1.6399999856948853,-1.6399999856948853,1.6399999856948853,-1.6399999856948853
20260708_155717_683245,2026-07-08T15:57:27.070,9.386764,policy,384,sit,0.0,0.0,0.0,0.0,0.0,0.0,0.0,0.0,0.1,none,0.0,0.0,-1.0,-0.0,0.0,0.0,0.0,2.7548999786376953,4.760883808135986,12,can0:12,2.7967159748077393,4.716940879821777,,"BL_hip_joint,BR_hip_joint,FL_hip_joint,FR_hip_joint,BL_thigh_joint,BR_thigh_joint,FL_thigh_joint,FR_thigh_joint,BL_calf_joint,BR_calf_joint,FL_calf_joint,FR_calf_joint",330e02f2406e129bb6ed6ec4a6c6bcd5f80d7e7799a2ab087e81eda65d2fae69,"step=000384 mode=sit    vx= 0.000 vy= 0.000 vxy= 0.000 yaw= 0.000 speed=0.10 imu=none tilt_rp=[-0.0,+0.0]deg imu_corr=0.000 act_max= 0.000 tau_cmd= 2.755 tau_cmd_max= 4.761 cmds=12 bus=can0:12 tau_fb= 2.797 tau_fb_max= 4.717",,,,,,,,,,,,,,,,,,,,,,,,,,,,,,,,,,,,,,,,,,,,,,,,,0.0,0.0,0.0,0.0,0.0,0.0,0.0,0.0,0.0,0.0,0.0,0.0,0.0,0.0,0.0,0.0,0.0,0.0,0.0,0.0,0.0,0.0,0.0,0.0,0.05829304829239845,-0.0625116229057312,-0.06212811917066574,0.05522499233484268,0.4448679983615875,-0.44103294610977173,0.43336281180381775,-0.44755256175994873,1.614564061164856,-1.6295207738876343,1.6325888633728027,-1.6299042701721191,-0.026551103219389915,-0.04028443247079849,0.013275551609694958,-0.013733329251408577,0.05767998471856117,0.01739555038511753,0.05401776358485222,-0.016479995101690292,0.030671102926135063,-0.08468886464834213,0.03021332435309887,0.009155552834272385,0.0,0.0,0.0,0.0,0.4999999701976776,-0.5,0.5,-0.5,1.6399999856948853,-1.6399999856948853,1.6399999856948853,-1.6399999856948853
20260708_155717_683245,2026-07-08T15:57:27.093,9.410319,policy,385,sit,0.0,0.0,0.0,0.0,0.0,0.0,0.0,0.0,0.1,none,0.0,0.0,-1.0,-0.0,0.0,0.0,0.0,2.7994091510772705,4.718936920166016,12,can0:12,2.78725528717041,4.716940879821777,,"BL_hip_joint,BR_hip_joint,FL_hip_joint,FR_hip_joint,BL_thigh_joint,BR_thigh_joint,FL_thigh_joint,FR_thigh_joint,BL_calf_joint,BR_calf_joint,FL_calf_joint,FR_calf_joint",330e02f2406e129bb6ed6ec4a6c6bcd5f80d7e7799a2ab087e81eda65d2fae69,"step=000385 mode=sit    vx= 0.000 vy= 0.000 vxy= 0.000 yaw= 0.000 speed=0.10 imu=none tilt_rp=[-0.0,+0.0]deg imu_corr=0.000 act_max= 0.000 tau_cmd= 2.799 tau_cmd_max= 4.719 cmds=12 bus=can0:12 tau_fb= 2.787 tau_fb_max= 4.717",,,,,,,,,,,,,,,,,,,,,,,,,,,,,,,,,,,,,,,,,,,,,,,,,0.0,0.0,0.0,0.0,0.0,0.0,0.0,0.0,0.0,0.0,0.0,0.0,0.0,0.0,0.0,0.0,0.0,0.0,0.0,0.0,0.0,0.0,0.0,0.0,0.05829304829239845,-0.06212811917066574,-0.06212811917066574,0.05522499233484268,0.4448679983615875,-0.44103294610977173,0.43336281180381775,-0.44755256175994873,1.614564061164856,-1.6295207738876343,1.6329723596572876,-1.6299042701721191,0.02288888208568096,-0.032959990203380585,0.008239997550845146,-0.038453321903944016,0.001831110566854477,0.020142216235399246,-0.04440443217754364,0.029755547642707825,-0.0013733329251408577,-0.012817773967981339,0.023346660658717155,0.0013733329251408577,0.0,0.0,0.0,0.0,0.4999999701976776,-0.5,0.5,-0.5,1.6399999856948853,-1.6399999856948853,1.6399999856948853,-1.6399999856948853
20260708_155717_683245,2026-07-08T15:57:27.117,9.433975,policy,386,sit,0.0,0.0,0.0,0.0,0.0,0.0,0.0,0.0,0.1,none,0.0,0.0,-1.0,-0.0,0.0,0.0,0.0,2.793172597885132,4.741931915283203,12,can0:12,2.8009889125823975,4.698629856109619,,"BL_hip_joint,BR_hip_joint,FL_hip_joint,FR_hip_joint,BL_thigh_joint,BR_thigh_joint,FL_thigh_joint,FR_thigh_joint,BL_calf_joint,BR_calf_joint,FL_calf_joint,FR_calf_joint",330e02f2406e129bb6ed6ec4a6c6bcd5f80d7e7799a2ab087e81eda65d2fae69,"step=000386 mode=sit    vx= 0.000 vy= 0.000 vxy= 0.000 yaw= 0.000 speed=0.10 imu=none tilt_rp=[-0.0,+0.0]deg imu_corr=0.000 act_max= 0.000 tau_cmd= 2.793 tau_cmd_max= 4.742 cmds=12 bus=can0:12 tau_fb= 2.801 tau_fb_max= 4.699",,,,,,,,,,,,,,,,,,,,,,,,,,,,,,,,,,,,,,,,,,,,,,,,,0.0,0.0,0.0,0.0,0.0,0.0,0.0,0.0,0.0,0.0,0.0,0.0,0.0,0.0,0.0,0.0,0.0,0.0,0.0,0.0,0.0,0.0,0.0,0.0,0.05829304829239845,-0.0625116229057312,-0.06212811917066574,0.05522499233484268,0.4448679983615875,-0.44103294610977173,0.4329792857170105,-0.44755256175994873,1.614564061164856,-1.6295207738876343,1.6329723596572876,-1.6299042701721191,0.016479995101690292,-0.029755547642707825,0.04119998961687088,-0.0238044373691082,0.01831110566854477,0.032959990203380585,-0.015106662176549435,-0.038453321903944016,0.024262215942144394,-0.021973326802253723,-0.04669332131743431,0.02700888179242611,0.0,0.0,0.0,0.0,0.4999999701976776,-0.5,0.5,-0.5,1.6399999856948853,-1.6399999856948853,1.6399999856948853,-1.6399999856948853
20260708_155717_683245,2026-07-08T15:57:27.140,9.457599,policy,387,sit,0.0,0.0,0.0,0.0,0.0,0.0,0.0,0.0,0.1,none,0.0,0.0,-1.0,-0.0,0.0,0.0,0.0,2.8076231479644775,4.8589396476745605,12,can0:12,2.78420352935791,4.705954074859619,,"BL_hip_joint,BR_hip_joint,FL_hip_joint,FR_hip_joint,BL_thigh_joint,BR_thigh_joint,FL_thigh_joint,FR_thigh_joint,BL_calf_joint,BR_calf_joint,FL_calf_joint,FR_calf_joint",330e02f2406e129bb6ed6ec4a6c6bcd5f80d7e7799a2ab087e81eda65d2fae69,"step=000387 mode=sit    vx= 0.000 vy= 0.000 vxy= 0.000 yaw= 0.000 speed=0.10 imu=none tilt_rp=[-0.0,+0.0]deg imu_corr=0.000 act_max= 0.000 tau_cmd= 2.808 tau_cmd_max= 4.859 cmds=12 bus=can0:12 tau_fb= 2.784 tau_fb_max= 4.706",,,,,,,,,,,,,,,,,,,,,,,,,,,,,,,,,,,,,,,,,,,,,,,,,0.0,0.0,0.0,0.0,0.0,0.0,0.0,0.0,0.0,0.0,0.0,0.0,0.0,0.0,0.0,0.0,0.0,0.0,0.0,0.0,0.0,0.0,0.0,0.0,0.05829304829239845,-0.0625116229057312,-0.0625116229057312,0.05522499233484268,0.4448679983615875,-0.44103294610977173,0.43336281180381775,-0.44755256175994873,1.614180564880371,-1.6295207738876343,1.6325888633728027,-1.6299042701721191,0.030671102926135063,0.04531998559832573,-0.0947599709033966,0.04119998961687088,0.04669332131743431,-0.04989776387810707,-0.03250221163034439,0.032959990203380585,-0.0050355540588498116,-0.0636310949921608,-0.02609332650899887,0.0013733329251408577,0.0,0.0,0.0,0.0,0.4999999701976776,-0.5,0.5,-0.5,1.6399999856948853,-1.6399999856948853,1.6399999856948853,-1.6399999856948853
20260708_155717_683245,2026-07-08T15:57:27.164,9.481251,policy,388,sit,0.0,0.0,0.0,0.0,0.0,0.0,0.0,0.0,0.1,none,0.0,0.0,-1.0,-0.0,0.0,0.0,0.0,2.8006505966186523,4.715563774108887,12,can0:12,2.8080079555511475,4.7389140129089355,,"BL_hip_joint,BR_hip_joint,FL_hip_joint,FR_hip_joint,BL_thigh_joint,BR_thigh_joint,FL_thigh_joint,FR_thigh_joint,BL_calf_joint,BR_calf_joint,FL_calf_joint,FR_calf_joint",330e02f2406e129bb6ed6ec4a6c6bcd5f80d7e7799a2ab087e81eda65d2fae69,"step=000388 mode=sit    vx= 0.000 vy= 0.000 vxy= 0.000 yaw= 0.000 speed=0.10 imu=none tilt_rp=[-0.0,+0.0]deg imu_corr=0.000 act_max= 0.000 tau_cmd= 2.801 tau_cmd_max= 4.716 cmds=12 bus=can0:12 tau_fb= 2.808 tau_fb_max= 4.739",,,,,,,,,,,,,,,,,,,,,,,,,,,,,,,,,,,,,,,,,,,,,,,,,0.0,0.0,0.0,0.0,0.0,0.0,0.0,0.0,0.0,0.0,0.0,0.0,0.0,0.0,0.0,0.0,0.0,0.0,0.0,0.0,0.0,0.0,0.0,0.0,0.05829304829239845,-0.0625116229057312,-0.06212811917066574,0.05522499233484268,0.4448679983615875,-0.44103294610977173,0.4329792857170105,-0.44755256175994873,1.614564061164856,-1.6295207738876343,1.6325888633728027,-1.6299042701721191,0.016022218391299248,-0.015106662176549435,0.08972442150115967,0.016022218391299248,-0.04943998530507088,-0.0196844395250082,-0.04943998530507088,0.03341776877641678,0.010986663401126862,0.0393688790500164,0.07324442267417908,0.008697775192558765,0.0,0.0,0.0,0.0,0.4999999701976776,-0.5,0.5,-0.5,1.6399999856948853,-1.6399999856948853,1.6399999856948853,-1.6399999856948853
20260708_155717_683245,2026-07-08T15:57:27.188,9.504909,policy,389,sit,0.0,0.0,0.0,0.0,0.0,0.0,0.0,0.0,0.1,none,0.0,0.0,-1.0,-0.0,0.0,0.0,0.0,2.8088719844818115,4.803808689117432,12,can0:12,2.79457950592041,4.7279276847839355,,"BL_hip_joint,BR_hip_joint,FL_hip_joint,FR_hip_joint,BL_thigh_joint,BR_thigh_joint,FL_thigh_joint,FR_thigh_joint,BL_calf_joint,BR_calf_joint,FL_calf_joint,FR_calf_joint",330e02f2406e129bb6ed6ec4a6c6bcd5f80d7e7799a2ab087e81eda65d2fae69,"step=000389 mode=sit    vx= 0.000 vy= 0.000 vxy= 0.000 yaw= 0.000 speed=0.10 imu=none tilt_rp=[-0.0,+0.0]deg imu_corr=0.000 act_max= 0.000 tau_cmd= 2.809 tau_cmd_max= 4.804 cmds=12 bus=can0:12 tau_fb= 2.795 tau_fb_max= 4.728",,,,,,,,,,,,,,,,,,,,,,,,,,,,,,,,,,,,,,,,,,,,,,,,,0.0,0.0,0.0,0.0,0.0,0.0,0.0,0.0,0.0,0.0,0.0,0.0,0.0,0.0,0.0,0.0,0.0,0.0,0.0,0.0,0.0,0.0,0.0,0.0,0.05829304829239845,-0.0625116229057312,-0.06212811917066574,0.05522499233484268,0.4448679983615875,-0.44103294610977173,0.43336281180381775,-0.44755256175994873,1.614564061164856,-1.6295207738876343,1.6325888633728027,-1.6299042701721191,-0.003662221133708954,0.007782219909131527,-0.08011108636856079,-0.025635547935962677,-0.00595110934227705,0.03341776877641678,0.0013733329251408577,0.05310220643877983,0.021057771518826485,-0.030671102926135063,-0.037537768483161926,-0.02059999480843544,0.0,0.0,0.0,0.0,0.4999999701976776,-0.5,0.5,-0.5,1.6399999856948853,-1.6399999856948853,1.6399999856948853,-1.6399999856948853
20260708_155717_683245,2026-07-08T15:57:27.211,9.528513,policy,390,sit,0.0,0.0,0.0,0.0,0.0,0.0,0.0,0.0,0.1,none,0.0,0.0,-1.0,-0.0,0.0,0.0,0.0,2.806330919265747,4.667771816253662,12,can0:12,2.78542423248291,4.694967269897461,,"BL_hip_joint,BR_hip_joint,FL_hip_joint,FR_hip_joint,BL_thigh_joint,BR_thigh_joint,FL_thigh_joint,FR_thigh_joint,BL_calf_joint,BR_calf_joint,FL_calf_joint,FR_calf_joint",330e02f2406e129bb6ed6ec4a6c6bcd5f80d7e7799a2ab087e81eda65d2fae69,"step=000390 mode=sit    vx= 0.000 vy= 0.000 vxy= 0.000 yaw= 0.000 speed=0.10 imu=none tilt_rp=[-0.0,+0.0]deg imu_corr=0.000 act_max= 0.000 tau_cmd= 2.806 tau_cmd_max= 4.668 cmds=12 bus=can0:12 tau_fb= 2.785 tau_fb_max= 4.695",,,,,,,,,,,,,,,,,,,,,,,,,,,,,,,,,,,,,,,,,,,,,,,,,0.0,0.0,0.0,0.0,0.0,0.0,0.0,0.0,0.0,0.0,0.0,0.0,0.0,0.0,0.0,0.0,0.0,0.0,0.0,0.0,0.0,0.0,0.0,0.0,0.05829304829239845,-0.0625116229057312,-0.06212811917066574,0.05522499233484268,0.4448679983615875,-0.44103294610977173,0.43336281180381775,-0.44755256175994873,1.614564061164856,-1.6295207738876343,1.6325888633728027,-1.6299042701721191,0.0009155552834272385,0.01144444104284048,0.050355542451143265,0.06088442727923393,0.019226660951972008,-0.055848874151706696,0.029755547642707825,0.037537768483161926,-0.09201330691576004,0.015564439818263054,0.01144444104284048,0.053559985011816025,0.0,0.0,0.0,0.0,0.4999999701976776,-0.5,0.5,-0.5,1.6399999856948853,-1.6399999856948853,1.6399999856948853,-1.6399999856948853
20260708_155717_683245,2026-07-08T15:57:27.235,9.552267,policy,391,sit,0.0,0.0,0.0,0.0,0.0,0.0,0.0,0.0,0.1,none,0.0,0.0,-1.0,-0.0,0.0,0.0,0.0,2.764375925064087,4.749347686767578,12,can0:12,2.78756046295166,4.672994136810303,,"BL_hip_joint,BR_hip_joint,FL_hip_joint,FR_hip_joint,BL_thigh_joint,BR_thigh_joint,FL_thigh_joint,FR_thigh_joint,BL_calf_joint,BR_calf_joint,FL_calf_joint,FR_calf_joint",330e02f2406e129bb6ed6ec4a6c6bcd5f80d7e7799a2ab087e81eda65d2fae69,"step=000391 mode=sit    vx= 0.000 vy= 0.000 vxy= 0.000 yaw= 0.000 speed=0.10 imu=none tilt_rp=[-0.0,+0.0]deg imu_corr=0.000 act_max= 0.000 tau_cmd= 2.764 tau_cmd_max= 4.749 cmds=12 bus=can0:12 tau_fb= 2.788 tau_fb_max= 4.673",,,,,,,,,,,,,,,,,,,,,,,,,,,,,,,,,,,,,,,,,,,,,,,,,0.0,0.0,0.0,0.0,0.0,0.0,0.0,0.0,0.0,0.0,0.0,0.0,0.0,0.0,0.0,0.0,0.0,0.0,0.0,0.0,0.0,0.0,0.0,0.0,0.05829304829239845,-0.0625116229057312,-0.06212811917066574,0.05522499233484268,0.4448679983615875,-0.44103294610977173,0.43336281180381775,-0.44755256175994873,1.614564061164856,-1.6295207738876343,1.6325888633728027,-1.6299042701721191,-0.08926664292812347,-0.03387554734945297,0.04211554303765297,0.06591998040676117,0.027466658502817154,-0.019226660951972008,-0.06958220154047012,-0.05767998471856117,0.05310220643877983,-0.06271553784608841,-0.004119998775422573,-0.019226660951972008,0.0,0.0,0.0,0.0,0.4999999701976776,-0.5,0.5,-0.5,1.6399999856948853,-1.6399999856948853,1.6399999856948853,-1.6399999856948853
20260708_155717_683245,2026-07-08T15:57:27.259,9.575917,policy,392,sit,0.0,0.0,0.0,0.0,0.0,0.0,0.0,0.0,0.1,none,0.0,0.0,-1.0,-0.0,0.0,0.0,0.0,2.766042470932007,4.716464996337891,12,can0:12,2.7967159748077393,4.713278770446777,,"BL_hip_joint,BR_hip_joint,FL_hip_joint,FR_hip_joint,BL_thigh_joint,BR_thigh_joint,FL_thigh_joint,FR_thigh_joint,BL_calf_joint,BR_calf_joint,FL_calf_joint,FR_calf_joint",330e02f2406e129bb6ed6ec4a6c6bcd5f80d7e7799a2ab087e81eda65d2fae69,"step=000392 mode=sit    vx= 0.000 vy= 0.000 vxy= 0.000 yaw= 0.000 speed=0.10 imu=none tilt_rp=[-0.0,+0.0]deg imu_corr=0.000 act_max= 0.000 tau_cmd= 2.766 tau_cmd_max= 4.716 cmds=12 bus=can0:12 tau_fb= 2.797 tau_fb_max= 4.713",,,,,,,,,,,,,,,,,,,,,,,,,,,,,,,,,,,,,,,,,,,,,,,,,0.0,0.0,0.0,0.0,0.0,0.0,0.0,0.0,0.0,0.0,0.0,0.0,0.0,0.0,0.0,0.0,0.0,0.0,0.0,0.0,0.0,0.0,0.0,0.0,0.05829304829239845,-0.0625116229057312,-0.06212811917066574,0.05522499233484268,0.4448679983615875,-0.4406494200229645,0.43336281180381775,-0.44755256175994873,1.614564061164856,-1.6295207738876343,1.6325888633728027,-1.6299042701721191,0.023346660658717155,-0.00045777764171361923,-0.0315866582095623,-0.01235999632626772,0.11490219086408615,0.04211554303765297,0.053559985011816025,-0.06775109469890594,0.013275551609694958,-0.036164432764053345,0.02471999265253544,0.028382213786244392,0.0,0.0,0.0,0.0,0.4999999701976776,-0.5,0.5,-0.5,1.6399999856948853,-1.6399999856948853,1.6399999856948853,-1.6399999856948853
20260708_155717_683245,2026-07-08T15:57:27.283,9.599733,policy,393,sit,0.0,0.0,0.0,0.0,0.0,0.0,0.0,0.0,0.1,none,0.0,0.0,-1.0,-0.0,0.0,0.0,0.0,2.7616546154022217,4.63900899887085,12,can0:12,2.8131961822509766,4.698629856109619,,"BL_hip_joint,BR_hip_joint,FL_hip_joint,FR_hip_joint,BL_thigh_joint,BR_thigh_joint,FL_thigh_joint,FR_thigh_joint,BL_calf_joint,BR_calf_joint,FL_calf_joint,FR_calf_joint",330e02f2406e129bb6ed6ec4a6c6bcd5f80d7e7799a2ab087e81eda65d2fae69,"step=000393 mode=sit    vx= 0.000 vy= 0.000 vxy= 0.000 yaw= 0.000 speed=0.10 imu=none tilt_rp=[-0.0,+0.0]deg imu_corr=0.000 act_max= 0.000 tau_cmd= 2.762 tau_cmd_max= 4.639 cmds=12 bus=can0:12 tau_fb= 2.813 tau_fb_max= 4.699",,,,,,,,,,,,,,,,,,,,,,,,,,,,,,,,,,,,,,,,,,,,,,,,,0.0,0.0,0.0,0.0,0.0,0.0,0.0,0.0,0.0,0.0,0.0,0.0,0.0,0.0,0.0,0.0,0.0,0.0,0.0,0.0,0.0,0.0,0.0,0.0,0.05829304829239845,-0.06212811917066574,-0.06212811917066574,0.05522499233484268,0.4448679983615875,-0.44103294610977173,0.4329792857170105,-0.44755256175994873,1.614564061164856,-1.6295207738876343,1.6325888633728027,-1.6299042701721191,-0.0068666646257042885,0.08468886464834213,0.01144444104284048,-0.006408886983990669,0.020142216235399246,0.0718710869550705,0.06958220154047012,-0.003662221133708954,-0.006408886983990669,-0.05493331700563431,0.007324442267417908,-0.023346660658717155,0.0,0.0,0.0,0.0,0.4999999701976776,-0.5,0.5,-0.5,1.6399999856948853,-1.6399999856948853,1.6399999856948853,-1.6399999856948853
20260708_155717_683245,2026-07-08T15:57:27.306,9.623388,policy,394,sit,0.0,0.0,0.0,0.0,0.0,0.0,0.0,0.0,0.1,none,0.0,0.0,-1.0,-0.0,0.0,0.0,0.0,2.8157641887664795,4.775792598724365,12,can0:12,2.78664493560791,4.680318832397461,,"BL_hip_joint,BR_hip_joint,FL_hip_joint,FR_hip_joint,BL_thigh_joint,BR_thigh_joint,FL_thigh_joint,FR_thigh_joint,BL_calf_joint,BR_calf_joint,FL_calf_joint,FR_calf_joint",330e02f2406e129bb6ed6ec4a6c6bcd5f80d7e7799a2ab087e81eda65d2fae69,"step=000394 mode=sit    vx= 0.000 vy= 0.000 vxy= 0.000 yaw= 0.000 speed=0.10 imu=none tilt_rp=[-0.0,+0.0]deg imu_corr=0.000 act_max= 0.000 tau_cmd= 2.816 tau_cmd_max= 4.776 cmds=12 bus=can0:12 tau_fb= 2.787 tau_fb_max= 4.680",,,,,,,,,,,,,,,,,,,,,,,,,,,,,,,,,,,,,,,,,,,,,,,,,0.0,0.0,0.0,0.0,0.0,0.0,0.0,0.0,0.0,0.0,0.0,0.0,0.0,0.0,0.0,0.0,0.0,0.0,0.0,0.0,0.0,0.0,0.0,0.0,0.05829304829239845,-0.0625116229057312,-0.06212811917066574,0.05522499233484268,0.4448679983615875,-0.44103294610977173,0.4329792857170105,-0.44755256175994873,1.614564061164856,-1.6295207738876343,1.6329723596572876,-1.6299042701721191,-0.018768884241580963,0.02059999480843544,-0.06454664468765259,0.0476088747382164,-0.0013733329251408577,0.03662221133708954,-0.017853328958153725,-0.0032044434919953346,-0.016937773674726486,-0.0009155552834272385,-0.017853328958153725,-0.008697775192558765,0.0,0.0,0.0,0.0,0.4999999701976776,-0.5,0.5,-0.5,1.6399999856948853,-1.6399999856948853,1.6399999856948853,-1.6399999856948853
20260708_155717_683245,2026-07-08T15:57:27.330,9.646957,policy,395,sit,0.0,0.0,0.0,0.0,0.0,0.0,0.0,0.0,0.1,none,0.0,0.0,-1.0,-0.0,0.0,0.0,0.0,2.763421058654785,4.667024612426758,12,can0:12,2.7890865802764893,4.720602989196777,,"BL_hip_joint,BR_hip_joint,FL_hip_joint,FR_hip_joint,BL_thigh_joint,BR_thigh_joint,FL_thigh_joint,FR_thigh_joint,BL_calf_joint,BR_calf_joint,FL_calf_joint,FR_calf_joint",330e02f2406e129bb6ed6ec4a6c6bcd5f80d7e7799a2ab087e81eda65d2fae69,"step=000395 mode=sit    vx= 0.000 vy= 0.000 vxy= 0.000 yaw= 0.000 speed=0.10 imu=none tilt_rp=[-0.0,+0.0]deg imu_corr=0.000 act_max= 0.000 tau_cmd= 2.763 tau_cmd_max= 4.667 cmds=12 bus=can0:12 tau_fb= 2.789 tau_fb_max= 4.721",,,,,,,,,,,,,,,,,,,,,,,,,,,,,,,,,,,,,,,,,,,,,,,,,0.0,0.0,0.0,0.0,0.0,0.0,0.0,0.0,0.0,0.0,0.0,0.0,0.0,0.0,0.0,0.0,0.0,0.0,0.0,0.0,0.0,0.0,0.0,0.0,0.05829304829239845,-0.0625116229057312,-0.06212811917066574,0.05522499233484268,0.4448679983615875,-0.44103294610977173,0.43336281180381775,-0.44755256175994873,1.614564061164856,-1.6295207738876343,1.6329723596572876,-1.6299042701721191,0.001831110566854477,0.030671102926135063,-0.004119998775422573,-0.06408887356519699,0.05951109528541565,-0.010528885759413242,-0.03387554734945297,-0.05172887444496155,-0.008239997550845146,0.07232886552810669,0.05630664899945259,-0.035248879343271255,0.0,0.0,0.0,0.0,0.4999999701976776,-0.5,0.5,-0.5,1.6399999856948853,-1.6399999856948853,1.6399999856948853,-1.6399999856948853
20260708_155717_683245,2026-07-08T15:57:27.353,9.670659,policy,396,sit,0.0,0.0,0.0,0.0,0.0,0.0,0.0,0.0,0.1,none,0.0,0.0,-1.0,-0.0,0.0,0.0,0.0,2.7973363399505615,4.754292011260986,12,can0:12,2.8006837368011475,4.694967269897461,,"BL_hip_joint,BR_hip_joint,FL_hip_joint,FR_hip_joint,BL_thigh_joint,BR_thigh_joint,FL_thigh_joint,FR_thigh_joint,BL_calf_joint,BR_calf_joint,FL_calf_joint,FR_calf_joint",330e02f2406e129bb6ed6ec4a6c6bcd5f80d7e7799a2ab087e81eda65d2fae69,"step=000396 mode=sit    vx= 0.000 vy= 0.000 vxy= 0.000 yaw= 0.000 speed=0.10 imu=none tilt_rp=[-0.0,+0.0]deg imu_corr=0.000 act_max= 0.000 tau_cmd= 2.797 tau_cmd_max= 4.754 cmds=12 bus=can0:12 tau_fb= 2.801 tau_fb_max= 4.695",,,,,,,,,,,,,,,,,,,,,,,,,,,,,,,,,,,,,,,,,,,,,,,,,0.0,0.0,0.0,0.0,0.0,0.0,0.0,0.0,0.0,0.0,0.0,0.0,0.0,0.0,0.0,0.0,0.0,0.0,0.0,0.0,0.0,0.0,0.0,0.0,0.05829304829239845,-0.0625116229057312,-0.06212811917066574,0.05522499233484268,0.4448679983615875,-0.44103294610977173,0.43336281180381775,-0.44755256175994873,1.614564061164856,-1.6295207738876343,1.6325888633728027,-1.6299042701721191,0.019226660951972008,-0.03662221133708954,-0.024262215942144394,0.031128879636526108,-0.028839992359280586,-0.026551103219389915,0.044862210750579834,0.016022218391299248,0.04303110018372536,-0.04211554303765297,-0.05630664899945259,-0.03341776877641678,0.0,0.0,0.0,0.0,0.4999999701976776,-0.5,0.5,-0.5,1.6399999856948853,-1.6399999856948853,1.6399999856948853,-1.6399999856948853
20260708_155717_683245,2026-07-08T15:57:27.377,9.694324,policy,397,sit,0.0,0.0,0.0,0.0,0.0,0.0,0.0,0.0,0.1,none,0.0,0.0,-1.0,-0.0,0.0,0.0,0.0,2.8312759399414062,4.821035861968994,12,can0:12,2.7930538654327393,4.749900817871094,,"BL_hip_joint,BR_hip_joint,FL_hip_joint,FR_hip_joint,BL_thigh_joint,BR_thigh_joint,FL_thigh_joint,FR_thigh_joint,BL_calf_joint,BR_calf_joint,FL_calf_joint,FR_calf_joint",330e02f2406e129bb6ed6ec4a6c6bcd5f80d7e7799a2ab087e81eda65d2fae69,"step=000397 mode=sit    vx= 0.000 vy= 0.000 vxy= 0.000 yaw= 0.000 speed=0.10 imu=none tilt_rp=[-0.0,+0.0]deg imu_corr=0.000 act_max= 0.000 tau_cmd= 2.831 tau_cmd_max= 4.821 cmds=12 bus=can0:12 tau_fb= 2.793 tau_fb_max= 4.750",,,,,,,,,,,,,,,,,,,,,,,,,,,,,,,,,,,,,,,,,,,,,,,,,0.0,0.0,0.0,0.0,0.0,0.0,0.0,0.0,0.0,0.0,0.0,0.0,0.0,0.0,0.0,0.0,0.0,0.0,0.0,0.0,0.0,0.0,0.0,0.0,0.05829304829239845,-0.0625116229057312,-0.06212811917066574,0.05522499233484268,0.4448679983615875,-0.44103294610977173,0.4329792857170105,-0.44755256175994873,1.614564061164856,-1.6295207738876343,1.6325888633728027,-1.6299042701721191,0.05172887444496155,-0.07370220124721527,0.022431105375289917,0.008697775192558765,-0.04623554274439812,0.007324442267417908,0.022431105375289917,0.014191106893122196,-0.0068666646257042885,-0.007324442267417908,-0.02929776906967163,0.05218665301799774,0.0,0.0,0.0,0.0,0.4999999701976776,-0.5,0.5,-0.5,1.6399999856948853,-1.6399999856948853,1.6399999856948853,-1.6399999856948853
20260708_155717_683245,2026-07-08T15:57:27.401,9.717935,policy,398,sit,0.0,0.0,0.0,0.0,0.0,0.0,0.0,0.0,0.1,none,0.0,0.0,-1.0,-0.0,0.0,0.0,0.0,2.8348588943481445,4.740283966064453,12,can0:12,2.8113651275634766,4.716940879821777,,"BL_hip_joint,BR_hip_joint,FL_hip_joint,FR_hip_joint,BL_thigh_joint,BR_thigh_joint,FL_thigh_joint,FR_thigh_joint,BL_calf_joint,BR_calf_joint,FL_calf_joint,FR_calf_joint",330e02f2406e129bb6ed6ec4a6c6bcd5f80d7e7799a2ab087e81eda65d2fae69,"step=000398 mode=sit    vx= 0.000 vy= 0.000 vxy= 0.000 yaw= 0.000 speed=0.10 imu=none tilt_rp=[-0.0,+0.0]deg imu_corr=0.000 act_max= 0.000 tau_cmd= 2.835 tau_cmd_max= 4.740 cmds=12 bus=can0:12 tau_fb= 2.811 tau_fb_max= 4.717",,,,,,,,,,,,,,,,,,,,,,,,,,,,,,,,,,,,,,,,,,,,,,,,,0.0,0.0,0.0,0.0,0.0,0.0,0.0,0.0,0.0,0.0,0.0,0.0,0.0,0.0,0.0,0.0,0.0,0.0,0.0,0.0,0.0,0.0,0.0,0.0,0.05829304829239845,-0.0625116229057312,-0.0625116229057312,0.05522499233484268,0.44448450207710266,-0.44103294610977173,0.4329792857170105,-0.44755256175994873,1.614564061164856,-1.6295207738876343,1.6325888633728027,-1.6299042701721191,-0.0032044434919953346,-0.028839992359280586,-0.027466658502817154,0.02471999265253544,-0.010528885759413242,0.010986663401126862,-0.0,0.03341776877641678,-0.025177771225571632,-0.041657764464616776,-0.01831110566854477,0.10071108490228653,0.0,0.0,0.0,0.0,0.4999999701976776,-0.5,0.5,-0.5,1.6399999856948853,-1.6399999856948853,1.6399999856948853,-1.6399999856948853
20260708_155717_683245,2026-07-08T15:57:27.424,9.741624,policy,399,sit,0.0,0.0,0.0,0.0,0.0,0.0,0.0,0.0,0.1,none,0.0,0.0,-1.0,-0.0,0.0,0.0,0.0,2.798996686935425,4.765003681182861,12,can0:12,2.782982587814331,4.683980941772461,,"BL_hip_joint,BR_hip_joint,FL_hip_joint,FR_hip_joint,BL_thigh_joint,BR_thigh_joint,FL_thigh_joint,FR_thigh_joint,BL_calf_joint,BR_calf_joint,FL_calf_joint,FR_calf_joint",330e02f2406e129bb6ed6ec4a6c6bcd5f80d7e7799a2ab087e81eda65d2fae69,"step=000399 mode=sit    vx= 0.000 vy= 0.000 vxy= 0.000 yaw= 0.000 speed=0.10 imu=none tilt_rp=[-0.0,+0.0]deg imu_corr=0.000 act_max= 0.000 tau_cmd= 2.799 tau_cmd_max= 4.765 cmds=12 bus=can0:12 tau_fb= 2.783 tau_fb_max= 4.684",,,,,,,,,,,,,,,,,,,,,,,,,,,,,,,,,,,,,,,,,,,,,,,,,0.0,0.0,0.0,0.0,0.0,0.0,0.0,0.0,0.0,0.0,0.0,0.0,0.0,0.0,0.0,0.0,0.0,0.0,0.0,0.0,0.0,0.0,0.0,0.0,0.05829304829239845,-0.0625116229057312,-0.0625116229057312,0.05522499233484268,0.4448679983615875,-0.44103294610977173,0.4329792857170105,-0.44755256175994873,1.614564061164856,-1.6295207738876343,1.6325888633728027,-1.6299042701721191,-0.04303110018372536,0.007324442267417908,-0.04257332161068916,0.010071108117699623,-0.006408886983990669,0.012817773967981339,-0.04348887503147125,-0.03021332435309887,-0.01831110566854477,-0.007782219909131527,-0.02288888208568096,-0.061342205852270126,0.0,0.0,0.0,0.0,0.4999999701976776,-0.5,0.5,-0.5,1.6399999856948853,-1.6399999856948853,1.6399999856948853,-1.6399999856948853
20260708_155717_683245,2026-07-08T15:57:27.448,9.765309,policy,400,sit,0.0,0.0,0.0,0.0,0.0,0.0,0.0,0.0,0.1,none,0.0,0.0,-1.0,-0.0,0.0,0.0,0.0,2.806356430053711,4.582152843475342,12,can0:12,2.7869503498077393,4.7315897941589355,,"BL_hip_joint,BR_hip_joint,FL_hip_joint,FR_hip_joint,BL_thigh_joint,BR_thigh_joint,FL_thigh_joint,FR_thigh_joint,BL_calf_joint,BR_calf_joint,FL_calf_joint,FR_calf_joint",330e02f2406e129bb6ed6ec4a6c6bcd5f80d7e7799a2ab087e81eda65d2fae69,"step=000400 mode=sit    vx= 0.000 vy= 0.000 vxy= 0.000 yaw= 0.000 speed=0.10 imu=none tilt_rp=[-0.0,+0.0]deg imu_corr=0.000 act_max= 0.000 tau_cmd= 2.806 tau_cmd_max= 4.582 cmds=12 bus=can0:12 tau_fb= 2.787 tau_fb_max= 4.732",,,,,,,,,,,,,,,,,,,,,,,,,,,,,,,,,,,,,,,,,,,,,,,,,0.0,0.0,0.0,0.0,0.0,0.0,0.0,0.0,0.0,0.0,0.0,0.0,0.0,0.0,0.0,0.0,0.0,0.0,0.0,0.0,0.0,0.0,0.0,0.0,0.05829304829239845,-0.06212811917066574,-0.06212811917066574,0.05522499233484268,0.44448450207710266,-0.44103294610977173,0.43336281180381775,-0.44755256175994873,1.614564061164856,-1.6295207738876343,1.6325888633728027,-1.6299042701721191,-0.032959990203380585,0.04303110018372536,0.059053316712379456,-0.054475538432598114,-0.043946653604507446,0.028839992359280586,-0.04669332131743431,-0.004119998775422573,-0.06088442727923393,0.062257759273052216,-0.00595110934227705,0.032959990203380585,0.0,0.0,0.0,0.0,0.4999999701976776,-0.5,0.5,-0.5,1.6399999856948853,-1.6399999856948853,1.6399999856948853,-1.6399999856948853
20260708_155717_683245,2026-07-08T15:57:27.472,9.788951,policy,401,sit,0.0,0.0,0.0,0.0,0.0,0.0,0.0,0.0,0.1,none,0.0,0.0,-1.0,-0.0,0.0,0.0,0.0,2.8057944774627686,4.72133207321167,12,can0:12,2.78359317779541,4.680318832397461,,"BL_hip_joint,BR_hip_joint,FL_hip_joint,FR_hip_joint,BL_thigh_joint,BR_thigh_joint,FL_thigh_joint,FR_thigh_joint,BL_calf_joint,BR_calf_joint,FL_calf_joint,FR_calf_joint",330e02f2406e129bb6ed6ec4a6c6bcd5f80d7e7799a2ab087e81eda65d2fae69,"step=000401 mode=sit    vx= 0.000 vy= 0.000 vxy= 0.000 yaw= 0.000 speed=0.10 imu=none tilt_rp=[-0.0,+0.0]deg imu_corr=0.000 act_max= 0.000 tau_cmd= 2.806 tau_cmd_max= 4.721 cmds=12 bus=can0:12 tau_fb= 2.784 tau_fb_max= 4.680",,,,,,,,,,,,,,,,,,,,,,,,,,,,,,,,,,,,,,,,,,,,,,,,,0.0,0.0,0.0,0.0,0.0,0.0,0.0,0.0,0.0,0.0,0.0,0.0,0.0,0.0,0.0,0.0,0.0,0.0,0.0,0.0,0.0,0.0,0.0,0.0,0.05829304829239845,-0.0625116229057312,-0.06212811917066574,0.05560849979519844,0.4448679983615875,-0.44103294610977173,0.4329792857170105,-0.44755256175994873,1.614564061164856,-1.6295207738876343,1.6325888633728027,-1.6299042701721191,-0.04257332161068916,-0.01831110566854477,0.05859553813934326,0.06958220154047012,0.02288888208568096,0.005493331700563431,-0.0119022186845541,-0.010986663401126862,-0.0553910955786705,0.02609332650899887,-0.02609332650899887,-0.025635547935962677,0.0,0.0,0.0,0.0,0.4999999701976776,-0.5,0.5,-0.5,1.6399999856948853,-1.6399999856948853,1.6399999856948853,-1.6399999856948853
20260708_155717_683245,2026-07-08T15:57:27.495,9.812630,policy,402,sit,0.0,0.0,0.0,0.0,0.0,0.0,0.0,0.0,0.1,none,0.0,0.0,-1.0,-0.0,0.0,0.0,0.0,2.8127174377441406,4.689272880554199,12,can0:12,2.78633975982666,4.687643051147461,,"BL_hip_joint,BR_hip_joint,FL_hip_joint,FR_hip_joint,BL_thigh_joint,BR_thigh_joint,FL_thigh_joint,FR_thigh_joint,BL_calf_joint,BR_calf_joint,FL_calf_joint,FR_calf_joint",330e02f2406e129bb6ed6ec4a6c6bcd5f80d7e7799a2ab087e81eda65d2fae69,"step=000402 mode=sit    vx= 0.000 vy= 0.000 vxy= 0.000 yaw= 0.000 speed=0.10 imu=none tilt_rp=[-0.0,+0.0]deg imu_corr=0.000 act_max= 0.000 tau_cmd= 2.813 tau_cmd_max= 4.689 cmds=12 bus=can0:12 tau_fb= 2.786 tau_fb_max= 4.688",,,,,,,,,,,,,,,,,,,,,,,,,,,,,,,,,,,,,,,,,,,,,,,,,0.0,0.0,0.0,0.0,0.0,0.0,0.0,0.0,0.0,0.0,0.0,0.0,0.0,0.0,0.0,0.0,0.0,0.0,0.0,0.0,0.0,0.0,0.0,0.0,0.05829304829239845,-0.0625116229057312,-0.06212811917066574,0.05522499233484268,0.4448679983615875,-0.44103294610977173,0.43336281180381775,-0.44755256175994873,1.614564061164856,-1.6295207738876343,1.6325888633728027,-1.6299042701721191,0.004577776417136192,0.00595110934227705,-0.016479995101690292,0.0196844395250082,0.008697775192558765,-0.06179998070001602,0.01235999632626772,0.025177771225571632,0.04348887503147125,0.08148442208766937,-0.08560442179441452,0.024262215942144394,0.0,0.0,0.0,0.0,0.4999999701976776,-0.5,0.5,-0.5,1.6399999856948853,-1.6399999856948853,1.6399999856948853,-1.6399999856948853
20260708_155717_683245,2026-07-08T15:57:27.519,9.836303,policy,403,sit,0.0,0.0,0.0,0.0,0.0,0.0,0.0,0.0,0.1,none,0.0,0.0,-1.0,-0.0,0.0,0.0,0.0,2.769819498062134,4.652115821838379,12,can0:12,2.7924435138702393,4.698629856109619,,"BL_hip_joint,BR_hip_joint,FL_hip_joint,FR_hip_joint,BL_thigh_joint,BR_thigh_joint,FL_thigh_joint,FR_thigh_joint,BL_calf_joint,BR_calf_joint,FL_calf_joint,FR_calf_joint",330e02f2406e129bb6ed6ec4a6c6bcd5f80d7e7799a2ab087e81eda65d2fae69,"step=000403 mode=sit    vx= 0.000 vy= 0.000 vxy= 0.000 yaw= 0.000 speed=0.10 imu=none tilt_rp=[-0.0,+0.0]deg imu_corr=0.000 act_max= 0.000 tau_cmd= 2.770 tau_cmd_max= 4.652 cmds=12 bus=can0:12 tau_fb= 2.792 tau_fb_max= 4.699",,,,,,,,,,,,,,,,,,,,,,,,,,,,,,,,,,,,,,,,,,,,,,,,,0.0,0.0,0.0,0.0,0.0,0.0,0.0,0.0,0.0,0.0,0.0,0.0,0.0,0.0,0.0,0.0,0.0,0.0,0.0,0.0,0.0,0.0,0.0,0.0,0.05829304829239845,-0.0625116229057312,-0.06212811917066574,0.05522499233484268,0.4448679983615875,-0.44103294610977173,0.4329792857170105,-0.44755256175994873,1.614564061164856,-1.6295207738876343,1.6325888633728027,-1.6299042701721191,-0.05630664899945259,0.020142216235399246,0.020142216235399246,0.0398266538977623,0.037537768483161926,-0.004119998775422573,0.028382213786244392,-0.001831110566854477,0.0315866582095623,-0.07507553696632385,-0.02288888208568096,0.040742211043834686,0.0,0.0,0.0,0.0,0.4999999701976776,-0.5,0.5,-0.5,1.6399999856948853,-1.6399999856948853,1.6399999856948853,-1.6399999856948853
20260708_155717_683245,2026-07-08T15:57:27.543,9.859981,policy,404,sit,0.0,0.0,0.0,0.0,0.0,0.0,0.0,0.0,0.1,none,0.0,0.0,-1.0,-0.0,0.0,0.0,0.0,2.815951347351074,4.716464996337891,12,can0:12,2.7964112758636475,4.691305160522461,,"BL_hip_joint,BR_hip_joint,FL_hip_joint,FR_hip_joint,BL_thigh_joint,BR_thigh_joint,FL_thigh_joint,FR_thigh_joint,BL_calf_joint,BR_calf_joint,FL_calf_joint,FR_calf_joint",330e02f2406e129bb6ed6ec4a6c6bcd5f80d7e7799a2ab087e81eda65d2fae69,"step=000404 mode=sit    vx= 0.000 vy= 0.000 vxy= 0.000 yaw= 0.000 speed=0.10 imu=none tilt_rp=[-0.0,+0.0]deg imu_corr=0.000 act_max= 0.000 tau_cmd= 2.816 tau_cmd_max= 4.716 cmds=12 bus=can0:12 tau_fb= 2.796 tau_fb_max= 4.691",,,,,,,,,,,,,,,,,,,,,,,,,,,,,,,,,,,,,,,,,,,,,,,,,0.0,0.0,0.0,0.0,0.0,0.0,0.0,0.0,0.0,0.0,0.0,0.0,0.0,0.0,0.0,0.0,0.0,0.0,0.0,0.0,0.0,0.0,0.0,0.0,0.05829304829239845,-0.06212811917066574,-0.06212811917066574,0.05522499233484268,0.4448679983615875,-0.44103294610977173,0.43336281180381775,-0.44755256175994873,1.614564061164856,-1.6295207738876343,1.6325888633728027,-1.6299042701721191,0.08011108636856079,0.035248879343271255,-0.0315866582095623,0.0119022186845541,0.029755547642707825,0.02059999480843544,-0.00045777764171361923,0.07782220095396042,0.04989776387810707,0.059968870133161545,0.01831110566854477,0.013275551609694958,0.0,0.0,0.0,0.0,0.4999999701976776,-0.5,0.5,-0.5,1.6399999856948853,-1.6399999856948853,1.6399999856948853,-1.6399999856948853
20260708_155717_683245,2026-07-08T15:57:27.566,9.883659,policy,405,sit,0.0,0.0,0.0,0.0,0.0,0.0,0.0,0.0,0.1,none,0.0,0.0,-1.0,-0.0,0.0,0.0,0.0,2.7719295024871826,4.72957181930542,12,can0:12,2.7918331623077393,4.7352519035339355,,"BL_hip_joint,BR_hip_joint,FL_hip_joint,FR_hip_joint,BL_thigh_joint,BR_thigh_joint,FL_thigh_joint,FR_thigh_joint,BL_calf_joint,BR_calf_joint,FL_calf_joint,FR_calf_joint",330e02f2406e129bb6ed6ec4a6c6bcd5f80d7e7799a2ab087e81eda65d2fae69,"step=000405 mode=sit    vx= 0.000 vy= 0.000 vxy= 0.000 yaw= 0.000 speed=0.10 imu=none tilt_rp=[-0.0,+0.0]deg imu_corr=0.000 act_max= 0.000 tau_cmd= 2.772 tau_cmd_max= 4.730 cmds=12 bus=can0:12 tau_fb= 2.792 tau_fb_max= 4.735",,,,,,,,,,,,,,,,,,,,,,,,,,,,,,,,,,,,,,,,,,,,,,,,,0.0,0.0,0.0,0.0,0.0,0.0,0.0,0.0,0.0,0.0,0.0,0.0,0.0,0.0,0.0,0.0,0.0,0.0,0.0,0.0,0.0,0.0,0.0,0.0,0.05829304829239845,-0.0625116229057312,-0.06212811917066574,0.05522499233484268,0.4448679983615875,-0.44103294610977173,0.43336281180381775,-0.44755256175994873,1.614564061164856,-1.6295207738876343,1.6325888633728027,-1.6299042701721191,0.04989776387810707,-0.02288888208568096,-0.016937773674726486,-0.025635547935962677,0.0196844395250082,-0.003662221133708954,0.059968870133161545,0.007782219909131527,0.01144444104284048,-0.061342205852270126,0.04440443217754364,-0.01831110566854477,0.0,0.0,0.0,0.0,0.4999999701976776,-0.5,0.5,-0.5,1.6399999856948853,-1.6399999856948853,1.6399999856948853,-1.6399999856948853
20260708_155717_683245,2026-07-08T15:57:27.590,9.907174,policy,406,sit,0.0,0.0,0.0,0.0,0.0,0.0,0.0,0.0,0.1,none,0.0,0.0,-1.0,-0.0,0.0,0.0,0.0,2.791318893432617,4.77167272567749,12,can0:12,2.78664493560791,4.672994136810303,,"BL_hip_joint,BR_hip_joint,FL_hip_joint,FR_hip_joint,BL_thigh_joint,BR_thigh_joint,FL_thigh_joint,FR_thigh_joint,BL_calf_joint,BR_calf_joint,FL_calf_joint,FR_calf_joint",330e02f2406e129bb6ed6ec4a6c6bcd5f80d7e7799a2ab087e81eda65d2fae69,"step=000406 mode=sit    vx= 0.000 vy= 0.000 vxy= 0.000 yaw= 0.000 speed=0.10 imu=none tilt_rp=[-0.0,+0.0]deg imu_corr=0.000 act_max= 0.000 tau_cmd= 2.791 tau_cmd_max= 4.772 cmds=12 bus=can0:12 tau_fb= 2.787 tau_fb_max= 4.673",,,,,,,,,,,,,,,,,,,,,,,,,,,,,,,,,,,,,,,,,,,,,,,,,0.0,0.0,0.0,0.0,0.0,0.0,0.0,0.0,0.0,0.0,0.0,0.0,0.0,0.0,0.0,0.0,0.0,0.0,0.0,0.0,0.0,0.0,0.0,0.0,0.05829304829239845,-0.06212811917066574,-0.06212811917066574,0.05522499233484268,0.4448679983615875,-0.44103294610977173,0.4329792857170105,-0.44755256175994873,1.614564061164856,-1.6295207738876343,1.6325888633728027,-1.6299042701721191,0.013275551609694958,0.0398266538977623,-0.062257759273052216,-0.0869777500629425,0.021973326802253723,0.0032044434919953346,-0.025635547935962677,0.036164432764053345,-0.008697775192558765,-0.04852443188428879,-0.08514664322137833,-0.04943998530507088,0.0,0.0,0.0,0.0,0.4999999701976776,-0.5,0.5,-0.5,1.6399999856948853,-1.6399999856948853,1.6399999856948853,-1.6399999856948853
20260708_155717_683245,2026-07-08T15:57:27.614,9.930786,policy,407,sit,0.0,0.0,0.0,0.0,0.0,0.0,0.0,0.0,0.1,none,0.0,0.0,-1.0,-0.0,0.0,0.0,0.0,2.838667631149292,4.816915988922119,12,can0:12,2.78817081451416,4.698629856109619,,"BL_hip_joint,BR_hip_joint,FL_hip_joint,FR_hip_joint,BL_thigh_joint,BR_thigh_joint,FL_thigh_joint,FR_thigh_joint,BL_calf_joint,BR_calf_joint,FL_calf_joint,FR_calf_joint",330e02f2406e129bb6ed6ec4a6c6bcd5f80d7e7799a2ab087e81eda65d2fae69,"step=000407 mode=sit    vx= 0.000 vy= 0.000 vxy= 0.000 yaw= 0.000 speed=0.10 imu=none tilt_rp=[-0.0,+0.0]deg imu_corr=0.000 act_max= 0.000 tau_cmd= 2.839 tau_cmd_max= 4.817 cmds=12 bus=can0:12 tau_fb= 2.788 tau_fb_max= 4.699",,,,,,,,,,,,,,,,,,,,,,,,,,,,,,,,,,,,,,,,,,,,,,,,,0.0,0.0,0.0,0.0,0.0,0.0,0.0,0.0,0.0,0.0,0.0,0.0,0.0,0.0,0.0,0.0,0.0,0.0,0.0,0.0,0.0,0.0,0.0,0.0,0.05829304829239845,-0.0625116229057312,-0.0625116229057312,0.05522499233484268,0.4448679983615875,-0.44103294610977173,0.43336281180381775,-0.44755256175994873,1.614564061164856,-1.6295207738876343,1.6325888633728027,-1.6299042701721191,0.04943998530507088,-0.0714133158326149,-0.02288888208568096,-0.008697775192558765,0.043946653604507446,-0.014191106893122196,0.016937773674726486,0.11215551942586899,-0.048066653311252594,-0.016937773674726486,-0.010986663401126862,0.06775109469890594,0.0,0.0,0.0,0.0,0.4999999701976776,-0.5,0.5,-0.5,1.6399999856948853,-1.6399999856948853,1.6399999856948853,-1.6399999856948853
20260708_155717_683245,2026-07-08T15:57:27.637,9.954676,policy,408,sit,0.0,0.0,0.0,0.0,0.0,0.0,0.0,0.0,0.1,none,0.0,0.0,-1.0,-0.0,0.0,0.0,0.0,2.7968053817749023,4.659532070159912,12,can0:12,2.780846357345581,4.709616184234619,,"BL_hip_joint,BR_hip_joint,FL_hip_joint,FR_hip_joint,BL_thigh_joint,BR_thigh_joint,FL_thigh_joint,FR_thigh_joint,BL_calf_joint,BR_calf_joint,FL_calf_joint,FR_calf_joint",330e02f2406e129bb6ed6ec4a6c6bcd5f80d7e7799a2ab087e81eda65d2fae69,"step=000408 mode=sit    vx= 0.000 vy= 0.000 vxy= 0.000 yaw= 0.000 speed=0.10 imu=none tilt_rp=[-0.0,+0.0]deg imu_corr=0.000 act_max= 0.000 tau_cmd= 2.797 tau_cmd_max= 4.660 cmds=12 bus=can0:12 tau_fb= 2.781 tau_fb_max= 4.710",,,,,,,,,,,,,,,,,,,,,,,,,,,,,,,,,,,,,,,,,,,,,,,,,0.0,0.0,0.0,0.0,0.0,0.0,0.0,0.0,0.0,0.0,0.0,0.0,0.0,0.0,0.0,0.0,0.0,0.0,0.0,0.0,0.0,0.0,0.0,0.0,0.05829304829239845,-0.0625116229057312,-0.06212811917066574,0.05522499233484268,0.4448679983615875,-0.44103294610977173,0.4329792857170105,-0.44755256175994873,1.614564061164856,-1.6295207738876343,1.6325888633728027,-1.6299042701721191,0.017853328958153725,0.016022218391299248,0.010986663401126862,0.0068666646257042885,-0.0631733164191246,0.006408886983990669,-0.054475538432598114,-0.017853328958153725,0.05081331729888916,-0.05951109528541565,0.018768884241580963,0.03341776877641678,0.0,0.0,0.0,0.0,0.4999999701976776,-0.5,0.5,-0.5,1.6399999856948853,-1.6399999856948853,1.6399999856948853,-1.6399999856948853
20260708_155717_683245,2026-07-08T15:57:27.661,9.978291,policy,409,sit,0.0,0.0,0.0,0.0,0.0,0.0,0.0,0.0,0.1,none,0.0,0.0,-1.0,-0.0,0.0,0.0,0.0,2.7913808822631836,4.695040702819824,12,can0:12,2.7982423305511475,4.691305160522461,,"BL_hip_joint,BR_hip_joint,FL_hip_joint,FR_hip_joint,BL_thigh_joint,BR_thigh_joint,FL_thigh_joint,FR_thigh_joint,BL_calf_joint,BR_calf_joint,FL_calf_joint,FR_calf_joint",330e02f2406e129bb6ed6ec4a6c6bcd5f80d7e7799a2ab087e81eda65d2fae69,"step=000409 mode=sit    vx= 0.000 vy= 0.000 vxy= 0.000 yaw= 0.000 speed=0.10 imu=none tilt_rp=[-0.0,+0.0]deg imu_corr=0.000 act_max= 0.000 tau_cmd= 2.791 tau_cmd_max= 4.695 cmds=12 bus=can0:12 tau_fb= 2.798 tau_fb_max= 4.691",,,,,,,,,,,,,,,,,,,,,,,,,,,,,,,,,,,,,,,,,,,,,,,,,0.0,0.0,0.0,0.0,0.0,0.0,0.0,0.0,0.0,0.0,0.0,0.0,0.0,0.0,0.0,0.0,0.0,0.0,0.0,0.0,0.0,0.0,0.0,0.0,0.05829304829239845,-0.0625116229057312,-0.06212811917066574,0.05522499233484268,0.4448679983615875,-0.44103294610977173,0.4329792857170105,-0.44755256175994873,1.614564061164856,-1.6295207738876343,1.6325888633728027,-1.6299042701721191,0.0238044373691082,0.0196844395250082,-0.0196844395250082,-0.02151555009186268,0.029755547642707825,0.03387554734945297,-0.02151555009186268,-0.005493331700563431,0.04898220673203468,-0.009613330475986004,0.048066653311252594,0.05630664899945259,0.0,0.0,0.0,0.0,0.4999999701976776,-0.5,0.5,-0.5,1.6399999856948853,-1.6399999856948853,1.6399999856948853,-1.6399999856948853
20260708_155717_683245,2026-07-08T15:57:27.685,10.001908,policy,410,sit,0.0,0.0,0.0,0.0,0.0,0.0,0.0,0.0,0.1,none,0.0,0.0,-1.0,-0.0,0.0,0.0,0.0,2.8508460521698,4.853248596191406,12,can0:12,2.78389835357666,4.724265098571777,,"BL_hip_joint,BR_hip_joint,FL_hip_joint,FR_hip_joint,BL_thigh_joint,BR_thigh_joint,FL_thigh_joint,FR_thigh_joint,BL_calf_joint,BR_calf_joint,FL_calf_joint,FR_calf_joint",330e02f2406e129bb6ed6ec4a6c6bcd5f80d7e7799a2ab087e81eda65d2fae69,"step=000410 mode=sit    vx= 0.000 vy= 0.000 vxy= 0.000 yaw= 0.000 speed=0.10 imu=none tilt_rp=[-0.0,+0.0]deg imu_corr=0.000 act_max= 0.000 tau_cmd= 2.851 tau_cmd_max= 4.853 cmds=12 bus=can0:12 tau_fb= 2.784 tau_fb_max= 4.724",,,,,,,,,,,,,,,,,,,,,,,,,,,,,,,,,,,,,,,,,,,,,,,,,0.0,0.0,0.0,0.0,0.0,0.0,0.0,0.0,0.0,0.0,0.0,0.0,0.0,0.0,0.0,0.0,0.0,0.0,0.0,0.0,0.0,0.0,0.0,0.0,0.05829304829239845,-0.0625116229057312,-0.06212811917066574,0.05522499233484268,0.44448450207710266,-0.44103294610977173,0.43336281180381775,-0.44755256175994873,1.614180564880371,-1.6295207738876343,1.6329723596572876,-1.6299042701721191,0.002288888208568096,-0.030671102926135063,-0.10757774859666824,0.025177771225571632,-0.004119998775422573,0.06454664468765259,-0.032959990203380585,0.0393688790500164,-0.041657764464616776,0.013733329251408577,0.014648884534835815,0.021057771518826485,0.0,0.0,0.0,0.0,0.4999999701976776,-0.5,0.5,-0.5,1.6399999856948853,-1.6399999856948853,1.6399999856948853,-1.6399999856948853
20260708_155717_683245,2026-07-08T15:57:27.708,10.025629,policy,411,sit,0.0,0.0,0.0,0.0,0.0,0.0,0.0,0.0,0.1,none,0.0,0.0,-1.0,-0.0,0.0,0.0,0.0,2.7776975631713867,4.647995948791504,12,can0:12,2.7845089435577393,4.6583452224731445,,"BL_hip_joint,BR_hip_joint,FL_hip_joint,FR_hip_joint,BL_thigh_joint,BR_thigh_joint,FL_thigh_joint,FR_thigh_joint,BL_calf_joint,BR_calf_joint,FL_calf_joint,FR_calf_joint",330e02f2406e129bb6ed6ec4a6c6bcd5f80d7e7799a2ab087e81eda65d2fae69,"step=000411 mode=sit    vx= 0.000 vy= 0.000 vxy= 0.000 yaw= 0.000 speed=0.10 imu=none tilt_rp=[-0.0,+0.0]deg imu_corr=0.000 act_max= 0.000 tau_cmd= 2.778 tau_cmd_max= 4.648 cmds=12 bus=can0:12 tau_fb= 2.785 tau_fb_max= 4.658",,,,,,,,,,,,,,,,,,,,,,,,,,,,,,,,,,,,,,,,,,,,,,,,,0.0,0.0,0.0,0.0,0.0,0.0,0.0,0.0,0.0,0.0,0.0,0.0,0.0,0.0,0.0,0.0,0.0,0.0,0.0,0.0,0.0,0.0,0.0,0.0,0.05829304829239845,-0.0625116229057312,-0.06212811917066574,0.05522499233484268,0.4448679983615875,-0.44103294610977173,0.43336281180381775,-0.44755256175994873,1.614564061164856,-1.6295207738876343,1.6325888633728027,-1.6299042701721191,-0.025177771225571632,0.022431105375289917,0.04257332161068916,0.025177771225571632,-0.05081331729888916,0.04348887503147125,0.03662221133708954,-0.019226660951972008,-0.00595110934227705,-0.03387554734945297,0.004577776417136192,-0.04943998530507088,0.0,0.0,0.0,0.0,0.4999999701976776,-0.5,0.5,-0.5,1.6399999856948853,-1.6399999856948853,1.6399999856948853,-1.6399999856948853
20260708_155717_683245,2026-07-08T15:57:27.732,10.049241,policy,412,sit,0.0,0.0,0.0,0.0,0.0,0.0,0.0,0.0,0.1,none,0.0,0.0,-1.0,-0.0,0.0,0.0,0.0,2.7847015857696533,4.737812042236328,12,can0:12,2.7890865802764893,4.720602989196777,,"BL_hip_joint,BR_hip_joint,FL_hip_joint,FR_hip_joint,BL_thigh_joint,BR_thigh_joint,FL_thigh_joint,FR_thigh_joint,BL_calf_joint,BR_calf_joint,FL_calf_joint,FR_calf_joint",330e02f2406e129bb6ed6ec4a6c6bcd5f80d7e7799a2ab087e81eda65d2fae69,"step=000412 mode=sit    vx= 0.000 vy= 0.000 vxy= 0.000 yaw= 0.000 speed=0.10 imu=none tilt_rp=[-0.0,+0.0]deg imu_corr=0.000 act_max= 0.000 tau_cmd= 2.785 tau_cmd_max= 4.738 cmds=12 bus=can0:12 tau_fb= 2.789 tau_fb_max= 4.721",,,,,,,,,,,,,,,,,,,,,,,,,,,,,,,,,,,,,,,,,,,,,,,,,0.0,0.0,0.0,0.0,0.0,0.0,0.0,0.0,0.0,0.0,0.0,0.0,0.0,0.0,0.0,0.0,0.0,0.0,0.0,0.0,0.0,0.0,0.0,0.0,0.05829304829239845,-0.0625116229057312,-0.06212811917066574,0.05522499233484268,0.4448679983615875,-0.44103294610977173,0.43336281180381775,-0.44755256175994873,1.614564061164856,-1.6295207738876343,1.6325888633728027,-1.6299042701721191,0.06042664870619774,-0.027466658502817154,0.025635547935962677,-0.028382213786244392,-0.006408886983990669,0.005493331700563431,0.022431105375289917,0.06637775897979736,0.08423108607530594,-0.0315866582095623,0.05767998471856117,0.021973326802253723,0.0,0.0,0.0,0.0,0.4999999701976776,-0.5,0.5,-0.5,1.6399999856948853,-1.6399999856948853,1.6399999856948853,-1.6399999856948853
20260708_155717_683245,2026-07-08T15:57:27.756,10.072891,policy,413,sit,0.0,0.0,0.0,0.0,0.0,0.0,0.0,0.0,0.1,none,0.0,0.0,-1.0,-0.0,0.0,0.0,0.0,2.803516149520874,4.6949639320373535,12,can0:12,2.7909181118011475,4.7315897941589355,,"BL_hip_joint,BR_hip_joint,FL_hip_joint,FR_hip_joint,BL_thigh_joint,BR_thigh_joint,FL_thigh_joint,FR_thigh_joint,BL_calf_joint,BR_calf_joint,FL_calf_joint,FR_calf_joint",330e02f2406e129bb6ed6ec4a6c6bcd5f80d7e7799a2ab087e81eda65d2fae69,"step=000413 mode=sit    vx= 0.000 vy= 0.000 vxy= 0.000 yaw= 0.000 speed=0.10 imu=none tilt_rp=[-0.0,+0.0]deg imu_corr=0.000 act_max= 0.000 tau_cmd= 2.804 tau_cmd_max= 4.695 cmds=12 bus=can0:12 tau_fb= 2.791 tau_fb_max= 4.732",,,,,,,,,,,,,,,,,,,,,,,,,,,,,,,,,,,,,,,,,,,,,,,,,0.0,0.0,0.0,0.0,0.0,0.0,0.0,0.0,0.0,0.0,0.0,0.0,0.0,0.0,0.0,0.0,0.0,0.0,0.0,0.0,0.0,0.0,0.0,0.0,0.05829304829239845,-0.0625116229057312,-0.06212811917066574,0.05522499233484268,0.4448679983615875,-0.44103294610977173,0.43336281180381775,-0.44755256175994873,1.614564061164856,-1.6295207738876343,1.6325888633728027,-1.6299042701721191,0.08102664351463318,-0.003662221133708954,-0.009613330475986004,0.014191106893122196,-0.021973326802253723,-0.04623554274439812,0.059968870133161545,0.026551103219389915,0.03799554333090782,0.0119022186845541,-0.01235999632626772,0.026551103219389915,0.0,0.0,0.0,0.0,0.4999999701976776,-0.5,0.5,-0.5,1.6399999856948853,-1.6399999856948853,1.6399999856948853,-1.6399999856948853
20260708_155717_683245,2026-07-08T15:57:27.779,10.096599,policy,414,sit,0.0,0.0,0.0,0.0,0.0,0.0,0.0,0.0,0.1,none,0.0,0.0,-1.0,-0.0,0.0,0.0,0.0,2.7810118198394775,4.7773637771606445,12,can0:12,2.832422971725464,4.760887622833252,,"BL_hip_joint,BR_hip_joint,FL_hip_joint,FR_hip_joint,BL_thigh_joint,BR_thigh_joint,FL_thigh_joint,FR_thigh_joint,BL_calf_joint,BR_calf_joint,FL_calf_joint,FR_calf_joint",330e02f2406e129bb6ed6ec4a6c6bcd5f80d7e7799a2ab087e81eda65d2fae69,"step=000414 mode=sit    vx= 0.000 vy= 0.000 vxy= 0.000 yaw= 0.000 speed=0.10 imu=none tilt_rp=[-0.0,+0.0]deg imu_corr=0.000 act_max= 0.000 tau_cmd= 2.781 tau_cmd_max= 4.777 cmds=12 bus=can0:12 tau_fb= 2.832 tau_fb_max= 4.761",,,,,,,,,,,,,,,,,,,,,,,,,,,,,,,,,,,,,,,,,,,,,,,,,0.0,0.0,0.0,0.0,0.0,0.0,0.0,0.0,0.0,0.0,0.0,0.0,0.0,0.0,0.0,0.0,0.0,0.0,0.0,0.0,0.0,0.0,0.0,0.0,0.05829304829239845,-0.0625116229057312,-0.06212811917066574,0.05522499233484268,0.4448679983615875,-0.44103294610977173,0.4329792857170105,-0.44755256175994873,1.614564061164856,-1.6295207738876343,1.6325888633728027,-1.6299042701721191,-0.017853328958153725,-0.04943998530507088,0.1272621899843216,-0.01831110566854477,-0.0027466658502817154,0.019226660951972008,-0.010071108117699623,-0.043946653604507446,0.0032044434919953346,0.06088442727923393,0.007782219909131527,-0.021057771518826485,0.0,0.0,0.0,0.0,0.4999999701976776,-0.5,0.5,-0.5,1.6399999856948853,-1.6399999856948853,1.6399999856948853,-1.6399999856948853
20260708_155717_683245,2026-07-08T15:57:27.803,10.120209,policy,415,sit,0.0,0.0,0.0,0.0,0.0,0.0,0.0,0.0,0.1,none,0.0,0.0,-1.0,-0.0,0.0,0.0,0.0,2.773989677429199,4.746051788330078,12,can0:12,2.7973263263702393,4.709616184234619,,"BL_hip_joint,BR_hip_joint,FL_hip_joint,FR_hip_joint,BL_thigh_joint,BR_thigh_joint,FL_thigh_joint,FR_thigh_joint,BL_calf_joint,BR_calf_joint,FL_calf_joint,FR_calf_joint",330e02f2406e129bb6ed6ec4a6c6bcd5f80d7e7799a2ab087e81eda65d2fae69,"step=000415 mode=sit    vx= 0.000 vy= 0.000 vxy= 0.000 yaw= 0.000 speed=0.10 imu=none tilt_rp=[-0.0,+0.0]deg imu_corr=0.000 act_max= 0.000 tau_cmd= 2.774 tau_cmd_max= 4.746 cmds=12 bus=can0:12 tau_fb= 2.797 tau_fb_max= 4.710",,,,,,,,,,,,,,,,,,,,,,,,,,,,,,,,,,,,,,,,,,,,,,,,,0.0,0.0,0.0,0.0,0.0,0.0,0.0,0.0,0.0,0.0,0.0,0.0,0.0,0.0,0.0,0.0,0.0,0.0,0.0,0.0,0.0,0.0,0.0,0.0,0.05829304829239845,-0.0625116229057312,-0.06212811917066574,0.05522499233484268,0.4448679983615875,-0.44103294610977173,0.43336281180381775,-0.44755256175994873,1.614564061164856,-1.6295207738876343,1.6325888633728027,-1.6299042701721191,-0.0032044434919953346,-0.032044436782598495,0.02929776906967163,0.005493331700563431,0.07232886552810669,-0.02471999265253544,0.008239997550845146,-0.010528885759413242,-0.07599108666181564,-0.010986663401126862,0.03891110047698021,-0.04852443188428879,0.0,0.0,0.0,0.0,0.4999999701976776,-0.5,0.5,-0.5,1.6399999856948853,-1.6399999856948853,1.6399999856948853,-1.6399999856948853
20260708_155717_683245,2026-07-08T15:57:27.827,10.143935,policy,416,sit,0.0,0.0,0.0,0.0,0.0,0.0,0.0,0.0,0.1,none,0.0,0.0,-1.0,-0.0,0.0,0.0,0.0,2.815770149230957,4.765904903411865,12,can0:12,2.8186895847320557,4.7279276847839355,,"BL_hip_joint,BR_hip_joint,FL_hip_joint,FR_hip_joint,BL_thigh_joint,BR_thigh_joint,FL_thigh_joint,FR_thigh_joint,BL_calf_joint,BR_calf_joint,FL_calf_joint,FR_calf_joint",330e02f2406e129bb6ed6ec4a6c6bcd5f80d7e7799a2ab087e81eda65d2fae69,"step=000416 mode=sit    vx= 0.000 vy= 0.000 vxy= 0.000 yaw= 0.000 speed=0.10 imu=none tilt_rp=[-0.0,+0.0]deg imu_corr=0.000 act_max= 0.000 tau_cmd= 2.816 tau_cmd_max= 4.766 cmds=12 bus=can0:12 tau_fb= 2.819 tau_fb_max= 4.728",,,,,,,,,,,,,,,,,,,,,,,,,,,,,,,,,,,,,,,,,,,,,,,,,0.0,0.0,0.0,0.0,0.0,0.0,0.0,0.0,0.0,0.0,0.0,0.0,0.0,0.0,0.0,0.0,0.0,0.0,0.0,0.0,0.0,0.0,0.0,0.0,0.05829304829239845,-0.06212811917066574,-0.06212811917066574,0.05522499233484268,0.4448679983615875,-0.4406494200229645,0.43336281180381775,-0.44755256175994873,1.614564061164856,-1.6295207738876343,1.6329723596572876,-1.6299042701721191,0.004577776417136192,-0.040742211043834686,-0.059053316712379456,0.06912442296743393,-0.01739555038511753,0.062257759273052216,0.055848874151706696,-0.009613330475986004,0.018768884241580963,-0.001831110566854477,0.0119022186845541,0.01144444104284048,0.0,0.0,0.0,0.0,0.4999999701976776,-0.5,0.5,-0.5,1.6399999856948853,-1.6399999856948853,1.6399999856948853,-1.6399999856948853
20260708_155717_683245,2026-07-08T15:57:27.851,10.167833,policy,417,sit,0.0,0.0,0.0,0.0,0.0,0.0,0.0,0.0,0.1,none,0.0,0.0,-1.0,-0.0,0.0,0.0,0.0,2.7580089569091797,4.598556041717529,12,can0:12,2.7942745685577393,4.683980941772461,,"BL_hip_joint,BR_hip_joint,FL_hip_joint,FR_hip_joint,BL_thigh_joint,BR_thigh_joint,FL_thigh_joint,FR_thigh_joint,BL_calf_joint,BR_calf_joint,FL_calf_joint,FR_calf_joint",330e02f2406e129bb6ed6ec4a6c6bcd5f80d7e7799a2ab087e81eda65d2fae69,"step=000417 mode=sit    vx= 0.000 vy= 0.000 vxy= 0.000 yaw= 0.000 speed=0.10 imu=none tilt_rp=[-0.0,+0.0]deg imu_corr=0.000 act_max= 0.000 tau_cmd= 2.758 tau_cmd_max= 4.599 cmds=12 bus=can0:12 tau_fb= 2.794 tau_fb_max= 4.684",,,,,,,,,,,,,,,,,,,,,,,,,,,,,,,,,,,,,,,,,,,,,,,,,0.0,0.0,0.0,0.0,0.0,0.0,0.0,0.0,0.0,0.0,0.0,0.0,0.0,0.0,0.0,0.0,0.0,0.0,0.0,0.0,0.0,0.0,0.0,0.0,0.05829304829239845,-0.0625116229057312,-0.06212811917066574,0.05522499233484268,0.4448679983615875,-0.4406494200229645,0.43336281180381775,-0.44755256175994873,1.614564061164856,-1.6295207738876343,1.6325888633728027,-1.6299042701721191,0.027466658502817154,0.04989776387810707,0.10025330632925034,-0.007782219909131527,-0.017853328958153725,-0.027924437075853348,0.06042664870619774,-0.01831110566854477,0.013733329251408577,0.001831110566854477,-0.022431105375289917,-0.041657764464616776,0.0,0.0,0.0,0.0,0.4999999701976776,-0.5,0.5,-0.5,1.6399999856948853,-1.6399999856948853,1.6399999856948853,-1.6399999856948853
20260708_155717_683245,2026-07-08T15:57:27.874,10.191404,policy,418,sit,0.0,0.0,0.0,0.0,0.0,0.0,0.0,0.0,0.1,none,0.0,0.0,-1.0,-0.0,0.0,0.0,0.0,2.7974236011505127,4.839987754821777,12,can0:12,2.7912228107452393,4.716940879821777,,"BL_hip_joint,BR_hip_joint,FL_hip_joint,FR_hip_joint,BL_thigh_joint,BR_thigh_joint,FL_thigh_joint,FR_thigh_joint,BL_calf_joint,BR_calf_joint,FL_calf_joint,FR_calf_joint",330e02f2406e129bb6ed6ec4a6c6bcd5f80d7e7799a2ab087e81eda65d2fae69,"step=000418 mode=sit    vx= 0.000 vy= 0.000 vxy= 0.000 yaw= 0.000 speed=0.10 imu=none tilt_rp=[-0.0,+0.0]deg imu_corr=0.000 act_max= 0.000 tau_cmd= 2.797 tau_cmd_max= 4.840 cmds=12 bus=can0:12 tau_fb= 2.791 tau_fb_max= 4.717",,,,,,,,,,,,,,,,,,,,,,,,,,,,,,,,,,,,,,,,,,,,,,,,,0.0,0.0,0.0,0.0,0.0,0.0,0.0,0.0,0.0,0.0,0.0,0.0,0.0,0.0,0.0,0.0,0.0,0.0,0.0,0.0,0.0,0.0,0.0,0.0,0.05829304829239845,-0.0625116229057312,-0.06212811917066574,0.05522499233484268,0.4448679983615875,-0.44103294610977173,0.4329792857170105,-0.44755256175994873,1.614564061164856,-1.6295207738876343,1.6325888633728027,-1.6299042701721191,-0.04531998559832573,-0.08423108607530594,-0.017853328958153725,-0.0013733329251408577,-0.0027466658502817154,-0.02288888208568096,-0.019226660951972008,0.008239997550845146,0.08606220036745071,-0.0476088747382164,-0.016479995101690292,0.06683553755283356,0.0,0.0,0.0,0.0,0.4999999701976776,-0.5,0.5,-0.5,1.6399999856948853,-1.6399999856948853,1.6399999856948853,-1.6399999856948853
20260708_155717_683245,2026-07-08T15:57:27.898,10.215054,policy,419,sit,0.0,0.0,0.0,0.0,0.0,0.0,0.0,0.0,0.1,none,0.0,0.0,-1.0,-0.0,0.0,0.0,0.0,2.776317834854126,4.6908440589904785,12,can0:12,2.8107547760009766,4.702291965484619,,"BL_hip_joint,BR_hip_joint,FL_hip_joint,FR_hip_joint,BL_thigh_joint,BR_thigh_joint,FL_thigh_joint,FR_thigh_joint,BL_calf_joint,BR_calf_joint,FL_calf_joint,FR_calf_joint",330e02f2406e129bb6ed6ec4a6c6bcd5f80d7e7799a2ab087e81eda65d2fae69,"step=000419 mode=sit    vx= 0.000 vy= 0.000 vxy= 0.000 yaw= 0.000 speed=0.10 imu=none tilt_rp=[-0.0,+0.0]deg imu_corr=0.000 act_max= 0.000 tau_cmd= 2.776 tau_cmd_max= 4.691 cmds=12 bus=can0:12 tau_fb= 2.811 tau_fb_max= 4.702",,,,,,,,,,,,,,,,,,,,,,,,,,,,,,,,,,,,,,,,,,,,,,,,,0.0,0.0,0.0,0.0,0.0,0.0,0.0,0.0,0.0,0.0,0.0,0.0,0.0,0.0,0.0,0.0,0.0,0.0,0.0,0.0,0.0,0.0,0.0,0.0,0.05829304829239845,-0.0625116229057312,-0.06212811917066574,0.05522499233484268,0.4448679983615875,-0.44103294610977173,0.43336281180381775,-0.44755256175994873,1.614180564880371,-1.6295207738876343,1.6325888633728027,-1.6299042701721191,-0.05081331729888916,-0.0013733329251408577,0.01235999632626772,-0.09979552775621414,0.036164432764053345,-0.008697775192558765,-0.002288888208568096,0.032959990203380585,-0.06591998040676117,-0.009155552834272385,-0.014648884534835815,-0.03387554734945297,0.0,0.0,0.0,0.0,0.4999999701976776,-0.5,0.5,-0.5,1.6399999856948853,-1.6399999856948853,1.6399999856948853,-1.6399999856948853
20260708_155717_683245,2026-07-08T15:57:27.922,10.238909,policy,420,sit,0.0,0.0,0.0,0.0,0.0,0.0,0.0,0.0,0.1,none,0.0,0.0,-1.0,-0.0,0.0,0.0,0.0,2.7647197246551514,4.609344959259033,12,can0:12,2.78725528717041,4.6620073318481445,,"BL_hip_joint,BR_hip_joint,FL_hip_joint,FR_hip_joint,BL_thigh_joint,BR_thigh_joint,FL_thigh_joint,FR_thigh_joint,BL_calf_joint,BR_calf_joint,FL_calf_joint,FR_calf_joint",330e02f2406e129bb6ed6ec4a6c6bcd5f80d7e7799a2ab087e81eda65d2fae69,"step=000420 mode=sit    vx= 0.000 vy= 0.000 vxy= 0.000 yaw= 0.000 speed=0.10 imu=none tilt_rp=[-0.0,+0.0]deg imu_corr=0.000 act_max= 0.000 tau_cmd= 2.765 tau_cmd_max= 4.609 cmds=12 bus=can0:12 tau_fb= 2.787 tau_fb_max= 4.662",,,,,,,,,,,,,,,,,,,,,,,,,,,,,,,,,,,,,,,,,,,,,,,,,0.0,0.0,0.0,0.0,0.0,0.0,0.0,0.0,0.0,0.0,0.0,0.0,0.0,0.0,0.0,0.0,0.0,0.0,0.0,0.0,0.0,0.0,0.0,0.0,0.05829304829239845,-0.06212811917066574,-0.06212811917066574,0.05522499233484268,0.4448679983615875,-0.44103294610977173,0.43336281180381775,-0.44755256175994873,1.614180564880371,-1.6295207738876343,1.6325888633728027,-1.6299042701721191,-0.06637775897979736,0.08056886494159698,0.027924437075853348,-0.0068666646257042885,-0.04989776387810707,-0.025177771225571632,-0.02059999480843544,-0.08239997923374176,-0.04577776417136192,0.016937773674726486,0.021057771518826485,-0.017853328958153725,0.0,0.0,0.0,0.0,0.4999999701976776,-0.5,0.5,-0.5,1.6399999856948853,-1.6399999856948853,1.6399999856948853,-1.6399999856948853
20260708_155717_683245,2026-07-08T15:57:27.945,10.262508,policy,421,sit,0.0,0.0,0.0,0.0,0.0,0.0,0.0,0.0,0.1,none,0.0,0.0,-1.0,-0.0,0.0,0.0,0.0,2.7453620433807373,4.6966118812561035,12,can0:12,2.8028199672698975,4.742576599121094,,"BL_hip_joint,BR_hip_joint,FL_hip_joint,FR_hip_joint,BL_thigh_joint,BR_thigh_joint,FL_thigh_joint,FR_thigh_joint,BL_calf_joint,BR_calf_joint,FL_calf_joint,FR_calf_joint",330e02f2406e129bb6ed6ec4a6c6bcd5f80d7e7799a2ab087e81eda65d2fae69,"step=000421 mode=sit    vx= 0.000 vy= 0.000 vxy= 0.000 yaw= 0.000 speed=0.10 imu=none tilt_rp=[-0.0,+0.0]deg imu_corr=0.000 act_max= 0.000 tau_cmd= 2.745 tau_cmd_max= 4.697 cmds=12 bus=can0:12 tau_fb= 2.803 tau_fb_max= 4.743",,,,,,,,,,,,,,,,,,,,,,,,,,,,,,,,,,,,,,,,,,,,,,,,,0.0,0.0,0.0,0.0,0.0,0.0,0.0,0.0,0.0,0.0,0.0,0.0,0.0,0.0,0.0,0.0,0.0,0.0,0.0,0.0,0.0,0.0,0.0,0.0,0.05829304829239845,-0.0625116229057312,-0.06212811917066574,0.05522499233484268,0.4448679983615875,-0.44103294610977173,0.43336281180381775,-0.44755256175994873,1.614564061164856,-1.6295207738876343,1.6329723596572876,-1.6299042701721191,-0.0631733164191246,-0.004577776417136192,-0.0050355540588498116,-0.06683553755283356,-0.015106662176549435,-0.04623554274439812,0.020142216235399246,-0.028382213786244392,0.0393688790500164,0.031128879636526108,0.04898220673203468,-0.05081331729888916,0.0,0.0,0.0,0.0,0.4999999701976776,-0.5,0.5,-0.5,1.6399999856948853,-1.6399999856948853,1.6399999856948853,-1.6399999856948853
20260708_155717_683245,2026-07-08T15:57:27.969,10.286193,policy,422,sit,0.0,0.0,0.0,0.0,0.0,0.0,0.0,0.0,0.1,none,0.0,0.0,-1.0,-0.0,0.0,0.0,0.0,2.8138344287872314,4.745304584503174,12,can0:12,2.7997682094573975,4.698629856109619,,"BL_hip_joint,BR_hip_joint,FL_hip_joint,FR_hip_joint,BL_thigh_joint,BR_thigh_joint,FL_thigh_joint,FR_thigh_joint,BL_calf_joint,BR_calf_joint,FL_calf_joint,FR_calf_joint",330e02f2406e129bb6ed6ec4a6c6bcd5f80d7e7799a2ab087e81eda65d2fae69,"step=000422 mode=sit    vx= 0.000 vy= 0.000 vxy= 0.000 yaw= 0.000 speed=0.10 imu=none tilt_rp=[-0.0,+0.0]deg imu_corr=0.000 act_max= 0.000 tau_cmd= 2.814 tau_cmd_max= 4.745 cmds=12 bus=can0:12 tau_fb= 2.800 tau_fb_max= 4.699",,,,,,,,,,,,,,,,,,,,,,,,,,,,,,,,,,,,,,,,,,,,,,,,,0.0,0.0,0.0,0.0,0.0,0.0,0.0,0.0,0.0,0.0,0.0,0.0,0.0,0.0,0.0,0.0,0.0,0.0,0.0,0.0,0.0,0.0,0.0,0.0,0.05829304829239845,-0.0625116229057312,-0.06212811917066574,0.05522499233484268,0.4448679983615875,-0.44103294610977173,0.4329792857170105,-0.44755256175994873,1.614564061164856,-1.6295207738876343,1.6325888633728027,-1.6299042701721191,-0.022431105375289917,-0.004577776417136192,-0.0476088747382164,0.004119998775422573,-0.007782219909131527,-0.0393688790500164,-0.018768884241580963,-0.008697775192558765,-0.08011108636856079,-0.007324442267417908,-0.055848874151706696,-0.019226660951972008,0.0,0.0,0.0,0.0,0.4999999701976776,-0.5,0.5,-0.5,1.6399999856948853,-1.6399999856948853,1.6399999856948853,-1.6399999856948853
20260708_155717_683245,2026-07-08T15:57:27.993,10.309850,policy,423,sit,0.0,0.0,0.0,0.0,0.0,0.0,0.0,0.0,0.1,none,0.0,0.0,-1.0,-0.0,0.0,0.0,0.0,2.800032615661621,4.804555892944336,12,can0:12,2.8058717250823975,4.742576599121094,,"BL_hip_joint,BR_hip_joint,FL_hip_joint,FR_hip_joint,BL_thigh_joint,BR_thigh_joint,FL_thigh_joint,FR_thigh_joint,BL_calf_joint,BR_calf_joint,FL_calf_joint,FR_calf_joint",330e02f2406e129bb6ed6ec4a6c6bcd5f80d7e7799a2ab087e81eda65d2fae69,"step=000423 mode=sit    vx= 0.000 vy= 0.000 vxy= 0.000 yaw= 0.000 speed=0.10 imu=none tilt_rp=[-0.0,+0.0]deg imu_corr=0.000 act_max= 0.000 tau_cmd= 2.800 tau_cmd_max= 4.805 cmds=12 bus=can0:12 tau_fb= 2.806 tau_fb_max= 4.743",,,,,,,,,,,,,,,,,,,,,,,,,,,,,,,,,,,,,,,,,,,,,,,,,0.0,0.0,0.0,0.0,0.0,0.0,0.0,0.0,0.0,0.0,0.0,0.0,0.0,0.0,0.0,0.0,0.0,0.0,0.0,0.0,0.0,0.0,0.0,0.0,0.05829304829239845,-0.0625116229057312,-0.06212811917066574,0.05522499233484268,0.4448679983615875,-0.44103294610977173,0.4329792857170105,-0.44755256175994873,1.614564061164856,-1.6295207738876343,1.6325888633728027,-1.6299042701721191,-0.0027466658502817154,-0.06454664468765259,-0.01739555038511753,0.0009155552834272385,-0.050355542451143265,0.004119998775422573,-0.02059999480843544,-0.027924437075853348,0.0050355540588498116,-0.04211554303765297,0.032044436782598495,-0.01831110566854477,0.0,0.0,0.0,0.0,0.4999999701976776,-0.5,0.5,-0.5,1.6399999856948853,-1.6399999856948853,1.6399999856948853,-1.6399999856948853
20260708_155717_683245,2026-07-08T15:57:28.016,10.333454,policy,424,sit,0.0,0.0,0.0,0.0,0.0,0.0,0.0,0.0,0.1,none,0.0,0.0,-1.0,-0.0,0.0,0.0,0.0,2.782728910446167,4.7715959548950195,12,can0:12,2.8028199672698975,4.709616184234619,,"BL_hip_joint,BR_hip_joint,FL_hip_joint,FR_hip_joint,BL_thigh_joint,BR_thigh_joint,FL_thigh_joint,FR_thigh_joint,BL_calf_joint,BR_calf_joint,FL_calf_joint,FR_calf_joint",330e02f2406e129bb6ed6ec4a6c6bcd5f80d7e7799a2ab087e81eda65d2fae69,"step=000424 mode=sit    vx= 0.000 vy= 0.000 vxy= 0.000 yaw= 0.000 speed=0.10 imu=none tilt_rp=[-0.0,+0.0]deg imu_corr=0.000 act_max= 0.000 tau_cmd= 2.783 tau_cmd_max= 4.772 cmds=12 bus=can0:12 tau_fb= 2.803 tau_fb_max= 4.710",,,,,,,,,,,,,,,,,,,,,,,,,,,,,,,,,,,,,,,,,,,,,,,,,0.0,0.0,0.0,0.0,0.0,0.0,0.0,0.0,0.0,0.0,0.0,0.0,0.0,0.0,0.0,0.0,0.0,0.0,0.0,0.0,0.0,0.0,0.0,0.0,0.05829304829239845,-0.0625116229057312,-0.06212811917066574,0.05522499233484268,0.4448679983615875,-0.44103294610977173,0.4329792857170105,-0.44755256175994873,1.614564061164856,-1.6295207738876343,1.6325888633728027,-1.6299042701721191,0.02609332650899887,-0.04623554274439812,-0.0238044373691082,-0.010071108117699623,-0.001831110566854477,-0.03707998991012573,0.009613330475986004,-0.0009155552834272385,0.02609332650899887,-0.051271095871925354,0.013733329251408577,-0.03479110077023506,0.0,0.0,0.0,0.0,0.4999999701976776,-0.5,0.5,-0.5,1.6399999856948853,-1.6399999856948853,1.6399999856948853,-1.6399999856948853
20260708_155717_683245,2026-07-08T15:57:28.040,10.357131,policy,425,sit,0.0,0.0,0.0,0.0,0.0,0.0,0.0,0.0,0.1,none,0.0,0.0,-1.0,-0.0,0.0,0.0,0.0,2.8019368648529053,4.802083969116211,12,can0:12,2.783287763595581,4.694967269897461,,"BL_hip_joint,BR_hip_joint,FL_hip_joint,FR_hip_joint,BL_thigh_joint,BR_thigh_joint,FL_thigh_joint,FR_thigh_joint,BL_calf_joint,BR_calf_joint,FL_calf_joint,FR_calf_joint",330e02f2406e129bb6ed6ec4a6c6bcd5f80d7e7799a2ab087e81eda65d2fae69,"step=000425 mode=sit    vx= 0.000 vy= 0.000 vxy= 0.000 yaw= 0.000 speed=0.10 imu=none tilt_rp=[-0.0,+0.0]deg imu_corr=0.000 act_max= 0.000 tau_cmd= 2.802 tau_cmd_max= 4.802 cmds=12 bus=can0:12 tau_fb= 2.783 tau_fb_max= 4.695",,,,,,,,,,,,,,,,,,,,,,,,,,,,,,,,,,,,,,,,,,,,,,,,,0.0,0.0,0.0,0.0,0.0,0.0,0.0,0.0,0.0,0.0,0.0,0.0,0.0,0.0,0.0,0.0,0.0,0.0,0.0,0.0,0.0,0.0,0.0,0.0,0.05829304829239845,-0.0625116229057312,-0.06212811917066574,0.05522499233484268,0.4448679983615875,-0.44103294610977173,0.43336281180381775,-0.44755256175994873,1.614564061164856,-1.6295207738876343,1.6325888633728027,-1.6299042701721191,-0.01235999632626772,-0.0631733164191246,0.004119998775422573,-0.009155552834272385,0.03891110047698021,0.010986663401126862,0.03341776877641678,0.05264442786574364,-0.07644886523485184,-0.004577776417136192,0.0027466658502817154,-0.044862210750579834,0.0,0.0,0.0,0.0,0.4999999701976776,-0.5,0.5,-0.5,1.6399999856948853,-1.6399999856948853,1.6399999856948853,-1.6399999856948853
20260708_155717_683245,2026-07-08T15:57:28.064,10.380787,policy,426,sit,0.0,0.0,0.0,0.0,0.0,0.0,0.0,0.0,0.1,none,0.0,0.0,-1.0,-0.0,0.0,0.0,0.0,2.790126085281372,4.789723873138428,12,can0:12,2.78267765045166,4.683980941772461,,"BL_hip_joint,BR_hip_joint,FL_hip_joint,FR_hip_joint,BL_thigh_joint,BR_thigh_joint,FL_thigh_joint,FR_thigh_joint,BL_calf_joint,BR_calf_joint,FL_calf_joint,FR_calf_joint",330e02f2406e129bb6ed6ec4a6c6bcd5f80d7e7799a2ab087e81eda65d2fae69,"step=000426 mode=sit    vx= 0.000 vy= 0.000 vxy= 0.000 yaw= 0.000 speed=0.10 imu=none tilt_rp=[-0.0,+0.0]deg imu_corr=0.000 act_max= 0.000 tau_cmd= 2.790 tau_cmd_max= 4.790 cmds=12 bus=can0:12 tau_fb= 2.783 tau_fb_max= 4.684",,,,,,,,,,,,,,,,,,,,,,,,,,,,,,,,,,,,,,,,,,,,,,,,,0.0,0.0,0.0,0.0,0.0,0.0,0.0,0.0,0.0,0.0,0.0,0.0,0.0,0.0,0.0,0.0,0.0,0.0,0.0,0.0,0.0,0.0,0.0,0.0,0.05829304829239845,-0.0625116229057312,-0.06212811917066574,0.05522499233484268,0.4448679983615875,-0.44103294610977173,0.43336281180381775,-0.44755256175994873,1.614564061164856,-1.6295207738876343,1.6325888633728027,-1.6299042701721191,-0.02059999480843544,-0.05630664899945259,-0.01235999632626772,0.04898220673203468,0.0050355540588498116,0.023346660658717155,0.0398266538977623,-0.054475538432598114,0.07736442238092422,0.04119998961687088,0.05493331700563431,0.04440443217754364,0.0,0.0,0.0,0.0,0.4999999701976776,-0.5,0.5,-0.5,1.6399999856948853,-1.6399999856948853,1.6399999856948853,-1.6399999856948853
20260708_155717_683245,2026-07-08T15:57:28.087,10.404425,policy,427,sit,0.0,0.0,0.0,0.0,0.0,0.0,0.0,0.0,0.1,none,0.0,0.0,-1.0,-0.0,0.0,0.0,0.0,2.8390352725982666,4.760960578918457,12,can0:12,2.7933590412139893,4.713278770446777,,"BL_hip_joint,BR_hip_joint,FL_hip_joint,FR_hip_joint,BL_thigh_joint,BR_thigh_joint,FL_thigh_joint,FR_thigh_joint,BL_calf_joint,BR_calf_joint,FL_calf_joint,FR_calf_joint",330e02f2406e129bb6ed6ec4a6c6bcd5f80d7e7799a2ab087e81eda65d2fae69,"step=000427 mode=sit    vx= 0.000 vy= 0.000 vxy= 0.000 yaw= 0.000 speed=0.10 imu=none tilt_rp=[-0.0,+0.0]deg imu_corr=0.000 act_max= 0.000 tau_cmd= 2.839 tau_cmd_max= 4.761 cmds=12 bus=can0:12 tau_fb= 2.793 tau_fb_max= 4.713",,,,,,,,,,,,,,,,,,,,,,,,,,,,,,,,,,,,,,,,,,,,,,,,,0.0,0.0,0.0,0.0,0.0,0.0,0.0,0.0,0.0,0.0,0.0,0.0,0.0,0.0,0.0,0.0,0.0,0.0,0.0,0.0,0.0,0.0,0.0,0.0,0.05829304829239845,-0.0625116229057312,-0.06212811917066574,0.05522499233484268,0.4448679983615875,-0.44103294610977173,0.4329792857170105,-0.44755256175994873,1.614564061164856,-1.6295207738876343,1.6325888633728027,-1.6299042701721191,-0.041657764464616776,-0.009613330475986004,-0.05630664899945259,0.053559985011816025,-0.0196844395250082,0.010071108117699623,0.0050355540588498116,0.05401776358485222,-0.021973326802253723,0.03662221133708954,-0.07324442267417908,0.0013733329251408577,0.0,0.0,0.0,0.0,0.4999999701976776,-0.5,0.5,-0.5,1.6399999856948853,-1.6399999856948853,1.6399999856948853,-1.6399999856948853
20260708_155717_683245,2026-07-08T15:57:28.111,10.428052,policy,428,sit,0.0,0.0,0.0,0.0,0.0,0.0,0.0,0.0,0.1,none,0.0,0.0,-1.0,-0.0,0.0,0.0,0.0,2.7933034896850586,4.704104900360107,12,can0:12,2.7954952716827393,4.742576599121094,,"BL_hip_joint,BR_hip_joint,FL_hip_joint,FR_hip_joint,BL_thigh_joint,BR_thigh_joint,FL_thigh_joint,FR_thigh_joint,BL_calf_joint,BR_calf_joint,FL_calf_joint,FR_calf_joint",330e02f2406e129bb6ed6ec4a6c6bcd5f80d7e7799a2ab087e81eda65d2fae69,"step=000428 mode=sit    vx= 0.000 vy= 0.000 vxy= 0.000 yaw= 0.000 speed=0.10 imu=none tilt_rp=[-0.0,+0.0]deg imu_corr=0.000 act_max= 0.000 tau_cmd= 2.793 tau_cmd_max= 4.704 cmds=12 bus=can0:12 tau_fb= 2.795 tau_fb_max= 4.743",,,,,,,,,,,,,,,,,,,,,,,,,,,,,,,,,,,,,,,,,,,,,,,,,0.0,0.0,0.0,0.0,0.0,0.0,0.0,0.0,0.0,0.0,0.0,0.0,0.0,0.0,0.0,0.0,0.0,0.0,0.0,0.0,0.0,0.0,0.0,0.0,0.05829304829239845,-0.0625116229057312,-0.06212811917066574,0.05522499233484268,0.44448450207710266,-0.44103294610977173,0.43336281180381775,-0.44755256175994873,1.614564061164856,-1.6295207738876343,1.6325888633728027,-1.6299042701721191,-0.04119998961687088,0.0196844395250082,-0.02471999265253544,-0.02151555009186268,-0.03799554333090782,0.03479110077023506,-0.014648884534835815,-0.027924437075853348,-0.0032044434919953346,0.03341776877641678,0.05081331729888916,-0.0027466658502817154,0.0,0.0,0.0,0.0,0.4999999701976776,-0.5,0.5,-0.5,1.6399999856948853,-1.6399999856948853,1.6399999856948853,-1.6399999856948853
20260708_155717_683245,2026-07-08T15:57:28.135,10.451956,policy,429,sit,0.0,0.0,0.0,0.0,0.0,0.0,0.0,0.0,0.1,none,0.0,0.0,-1.0,-0.0,0.0,0.0,0.0,2.8099205493927,4.676088809967041,12,can0:12,2.8159427642822266,4.716940879821777,,"BL_hip_joint,BR_hip_joint,FL_hip_joint,FR_hip_joint,BL_thigh_joint,BR_thigh_joint,FL_thigh_joint,FR_thigh_joint,BL_calf_joint,BR_calf_joint,FL_calf_joint,FR_calf_joint",330e02f2406e129bb6ed6ec4a6c6bcd5f80d7e7799a2ab087e81eda65d2fae69,"step=000429 mode=sit    vx= 0.000 vy= 0.000 vxy= 0.000 yaw= 0.000 speed=0.10 imu=none tilt_rp=[-0.0,+0.0]deg imu_corr=0.000 act_max= 0.000 tau_cmd= 2.810 tau_cmd_max= 4.676 cmds=12 bus=can0:12 tau_fb= 2.816 tau_fb_max= 4.717",,,,,,,,,,,,,,,,,,,,,,,,,,,,,,,,,,,,,,,,,,,,,,,,,0.0,0.0,0.0,0.0,0.0,0.0,0.0,0.0,0.0,0.0,0.0,0.0,0.0,0.0,0.0,0.0,0.0,0.0,0.0,0.0,0.0,0.0,0.0,0.0,0.05829304829239845,-0.0625116229057312,-0.06212811917066574,0.05522499233484268,0.4448679983615875,-0.4406494200229645,0.43336281180381775,-0.44755256175994873,1.614564061164856,-1.6295207738876343,1.6325888633728027,-1.6299042701721191,0.0238044373691082,0.04257332161068916,-0.009155552834272385,0.025177771225571632,-0.059053316712379456,-0.01235999632626772,0.0553910955786705,0.03433332219719887,0.040742211043834686,0.04943998530507088,-0.013733329251408577,0.032044436782598495,0.0,0.0,0.0,0.0,0.4999999701976776,-0.5,0.5,-0.5,1.6399999856948853,-1.6399999856948853,1.6399999856948853,-1.6399999856948853
20260708_155717_683245,2026-07-08T15:57:28.159,10.475842,policy,430,sit,0.0,0.0,0.0,0.0,0.0,0.0,0.0,0.0,0.1,none,0.0,0.0,-1.0,-0.0,0.0,0.0,0.0,2.7845890522003174,4.625824928283691,12,can0:12,2.79122257232666,4.691305160522461,,"BL_hip_joint,BR_hip_joint,FL_hip_joint,FR_hip_joint,BL_thigh_joint,BR_thigh_joint,FL_thigh_joint,FR_thigh_joint,BL_calf_joint,BR_calf_joint,FL_calf_joint,FR_calf_joint",330e02f2406e129bb6ed6ec4a6c6bcd5f80d7e7799a2ab087e81eda65d2fae69,"step=000430 mode=sit    vx= 0.000 vy= 0.000 vxy= 0.000 yaw= 0.000 speed=0.10 imu=none tilt_rp=[-0.0,+0.0]deg imu_corr=0.000 act_max= 0.000 tau_cmd= 2.785 tau_cmd_max= 4.626 cmds=12 bus=can0:12 tau_fb= 2.791 tau_fb_max= 4.691",,,,,,,,,,,,,,,,,,,,,,,,,,,,,,,,,,,,,,,,,,,,,,,,,0.0,0.0,0.0,0.0,0.0,0.0,0.0,0.0,0.0,0.0,0.0,0.0,0.0,0.0,0.0,0.0,0.0,0.0,0.0,0.0,0.0,0.0,0.0,0.0,0.05829304829239845,-0.06212811917066574,-0.06212811917066574,0.05522499233484268,0.4448679983615875,-0.44103294610977173,0.4329792857170105,-0.44755256175994873,1.614564061164856,-1.6295207738876343,1.6325888633728027,-1.6299042701721191,-0.02288888208568096,0.05859553813934326,0.018768884241580963,0.021057771518826485,-0.0013733329251408577,-0.013275551609694958,-0.062257759273052216,-0.02151555009186268,0.03799554333090782,-0.016022218391299248,0.04623554274439812,0.09338664263486862,0.0,0.0,0.0,0.0,0.4999999701976776,-0.5,0.5,-0.5,1.6399999856948853,-1.6399999856948853,1.6399999856948853,-1.6399999856948853
20260708_155717_683245,2026-07-08T15:57:28.182,10.499663,policy,431,sit,0.0,0.0,0.0,0.0,0.0,0.0,0.0,0.0,0.1,none,0.0,0.0,-1.0,-0.0,0.0,0.0,0.0,2.7911622524261475,4.753544807434082,12,can0:12,2.79610538482666,4.724265098571777,,"BL_hip_joint,BR_hip_joint,FL_hip_joint,FR_hip_joint,BL_thigh_joint,BR_thigh_joint,FL_thigh_joint,FR_thigh_joint,BL_calf_joint,BR_calf_joint,FL_calf_joint,FR_calf_joint",330e02f2406e129bb6ed6ec4a6c6bcd5f80d7e7799a2ab087e81eda65d2fae69,"step=000431 mode=sit    vx= 0.000 vy= 0.000 vxy= 0.000 yaw= 0.000 speed=0.10 imu=none tilt_rp=[-0.0,+0.0]deg imu_corr=0.000 act_max= 0.000 tau_cmd= 2.791 tau_cmd_max= 4.754 cmds=12 bus=can0:12 tau_fb= 2.796 tau_fb_max= 4.724",,,,,,,,,,,,,,,,,,,,,,,,,,,,,,,,,,,,,,,,,,,,,,,,,0.0,0.0,0.0,0.0,0.0,0.0,0.0,0.0,0.0,0.0,0.0,0.0,0.0,0.0,0.0,0.0,0.0,0.0,0.0,0.0,0.0,0.0,0.0,0.0,0.05829304829239845,-0.06212811917066574,-0.06212811917066574,0.05522499233484268,0.4448679983615875,-0.44103294610977173,0.43336281180381775,-0.44755256175994873,1.614564061164856,-1.6295207738876343,1.6325888633728027,-1.6299042701721191,0.07507553696632385,0.07644886523485184,-0.05218665301799774,-0.003662221133708954,-0.00045777764171361923,-0.016022218391299248,0.014191106893122196,-0.023346660658717155,0.006408886983990669,0.004119998775422573,0.0,0.005493331700563431,0.0,0.0,0.0,0.0,0.4999999701976776,-0.5,0.5,-0.5,1.6399999856948853,-1.6399999856948853,1.6399999856948853,-1.6399999856948853
20260708_155717_683245,2026-07-08T15:57:28.206,10.523232,policy,432,sit,0.0,0.0,0.0,0.0,0.0,0.0,0.0,0.0,0.1,none,0.0,0.0,-1.0,-0.0,0.0,0.0,0.0,2.788846731185913,4.670320987701416,12,can0:12,2.7982418537139893,4.7389140129089355,,"BL_hip_joint,BR_hip_joint,FL_hip_joint,FR_hip_joint,BL_thigh_joint,BR_thigh_joint,FL_thigh_joint,FR_thigh_joint,BL_calf_joint,BR_calf_joint,FL_calf_joint,FR_calf_joint",330e02f2406e129bb6ed6ec4a6c6bcd5f80d7e7799a2ab087e81eda65d2fae69,"step=000432 mode=sit    vx= 0.000 vy= 0.000 vxy= 0.000 yaw= 0.000 speed=0.10 imu=none tilt_rp=[-0.0,+0.0]deg imu_corr=0.000 act_max= 0.000 tau_cmd= 2.789 tau_cmd_max= 4.670 cmds=12 bus=can0:12 tau_fb= 2.798 tau_fb_max= 4.739",,,,,,,,,,,,,,,,,,,,,,,,,,,,,,,,,,,,,,,,,,,,,,,,,0.0,0.0,0.0,0.0,0.0,0.0,0.0,0.0,0.0,0.0,0.0,0.0,0.0,0.0,0.0,0.0,0.0,0.0,0.0,0.0,0.0,0.0,0.0,0.0,0.05829304829239845,-0.06212811917066574,-0.06212811917066574,0.05522499233484268,0.4448679983615875,-0.44103294610977173,0.4329792857170105,-0.44755256175994873,1.614564061164856,-1.6295207738876343,1.6325888633728027,-1.6299042701721191,0.02929776906967163,-0.00595110934227705,0.09155552834272385,0.03662221133708954,-0.03341776877641678,-0.007782219909131527,0.03479110077023506,0.021973326802253723,0.05264442786574364,0.01739555038511753,-0.02609332650899887,-0.012817773967981339,0.0,0.0,0.0,0.0,0.4999999701976776,-0.5,0.5,-0.5,1.6399999856948853,-1.6399999856948853,1.6399999856948853,-1.6399999856948853
20260708_155717_683245,2026-07-08T15:57:28.230,10.547066,policy,433,sit,0.0,0.0,0.0,0.0,0.0,0.0,0.0,0.0,0.1,none,0.0,0.0,-1.0,-0.0,0.0,0.0,0.0,2.781355857849121,4.710619926452637,12,can0:12,2.7958004474639893,4.7389140129089355,,"BL_hip_joint,BR_hip_joint,FL_hip_joint,FR_hip_joint,BL_thigh_joint,BR_thigh_joint,FL_thigh_joint,FR_thigh_joint,BL_calf_joint,BR_calf_joint,FL_calf_joint,FR_calf_joint",330e02f2406e129bb6ed6ec4a6c6bcd5f80d7e7799a2ab087e81eda65d2fae69,"step=000433 mode=sit    vx= 0.000 vy= 0.000 vxy= 0.000 yaw= 0.000 speed=0.10 imu=none tilt_rp=[-0.0,+0.0]deg imu_corr=0.000 act_max= 0.000 tau_cmd= 2.781 tau_cmd_max= 4.711 cmds=12 bus=can0:12 tau_fb= 2.796 tau_fb_max= 4.739",,,,,,,,,,,,,,,,,,,,,,,,,,,,,,,,,,,,,,,,,,,,,,,,,0.0,0.0,0.0,0.0,0.0,0.0,0.0,0.0,0.0,0.0,0.0,0.0,0.0,0.0,0.0,0.0,0.0,0.0,0.0,0.0,0.0,0.0,0.0,0.0,0.05829304829239845,-0.0625116229057312,-0.06212811917066574,0.05522499233484268,0.4448679983615875,-0.44103294610977173,0.4329792857170105,-0.44755256175994873,1.614564061164856,-1.6295207738876343,1.6325888633728027,-1.6299042701721191,0.04257332161068916,-0.01235999632626772,-0.004577776417136192,0.035248879343271255,0.014191106893122196,-0.0631733164191246,-0.028839992359280586,-0.015106662176549435,0.03387554734945297,0.02151555009186268,0.03707998991012573,-0.07644886523485184,0.0,0.0,0.0,0.0,0.4999999701976776,-0.5,0.5,-0.5,1.6399999856948853,-1.6399999856948853,1.6399999856948853,-1.6399999856948853
20260708_155717_683245,2026-07-08T15:57:28.254,10.570959,policy,434,sit,0.0,0.0,0.0,0.0,0.0,0.0,0.0,0.0,0.1,none,0.0,0.0,-1.0,-0.0,0.0,0.0,0.0,2.7710683345794678,4.605225086212158,12,can0:12,2.7942745685577393,4.702291965484619,,"BL_hip_joint,BR_hip_joint,FL_hip_joint,FR_hip_joint,BL_thigh_joint,BR_thigh_joint,FL_thigh_joint,FR_thigh_joint,BL_calf_joint,BR_calf_joint,FL_calf_joint,FR_calf_joint",330e02f2406e129bb6ed6ec4a6c6bcd5f80d7e7799a2ab087e81eda65d2fae69,"step=000434 mode=sit    vx= 0.000 vy= 0.000 vxy= 0.000 yaw= 0.000 speed=0.10 imu=none tilt_rp=[-0.0,+0.0]deg imu_corr=0.000 act_max= 0.000 tau_cmd= 2.771 tau_cmd_max= 4.605 cmds=12 bus=can0:12 tau_fb= 2.794 tau_fb_max= 4.702",,,,,,,,,,,,,,,,,,,,,,,,,,,,,,,,,,,,,,,,,,,,,,,,,0.0,0.0,0.0,0.0,0.0,0.0,0.0,0.0,0.0,0.0,0.0,0.0,0.0,0.0,0.0,0.0,0.0,0.0,0.0,0.0,0.0,0.0,0.0,0.0,0.05829304829239845,-0.06212811917066574,-0.06212811917066574,0.05522499233484268,0.4448679983615875,-0.44103294610977173,0.4329792857170105,-0.44755256175994873,1.614564061164856,-1.6295207738876343,1.6329723596572876,-1.6299042701721191,-0.03570665791630745,0.09750663489103317,0.03021332435309887,0.1029999703168869,0.01235999632626772,-0.04440443217754364,-0.025177771225571632,0.021057771518826485,0.022431105375289917,-0.005493331700563431,0.027466658502817154,-0.0050355540588498116,0.0,0.0,0.0,0.0,0.4999999701976776,-0.5,0.5,-0.5,1.6399999856948853,-1.6399999856948853,1.6399999856948853,-1.6399999856948853
20260708_155717_683245,2026-07-08T15:57:28.277,10.594557,policy,435,sit,0.0,0.0,0.0,0.0,0.0,0.0,0.0,0.0,0.1,none,0.0,0.0,-1.0,-0.0,0.0,0.0,0.0,2.8017492294311523,4.73451566696167,12,can0:12,2.7961056232452393,4.713278770446777,,"BL_hip_joint,BR_hip_joint,FL_hip_joint,FR_hip_joint,BL_thigh_joint,BR_thigh_joint,FL_thigh_joint,FR_thigh_joint,BL_calf_joint,BR_calf_joint,FL_calf_joint,FR_calf_joint",330e02f2406e129bb6ed6ec4a6c6bcd5f80d7e7799a2ab087e81eda65d2fae69,"step=000435 mode=sit    vx= 0.000 vy= 0.000 vxy= 0.000 yaw= 0.000 speed=0.10 imu=none tilt_rp=[-0.0,+0.0]deg imu_corr=0.000 act_max= 0.000 tau_cmd= 2.802 tau_cmd_max= 4.735 cmds=12 bus=can0:12 tau_fb= 2.796 tau_fb_max= 4.713",,,,,,,,,,,,,,,,,,,,,,,,,,,,,,,,,,,,,,,,,,,,,,,,,0.0,0.0,0.0,0.0,0.0,0.0,0.0,0.0,0.0,0.0,0.0,0.0,0.0,0.0,0.0,0.0,0.0,0.0,0.0,0.0,0.0,0.0,0.0,0.0,0.05829304829239845,-0.0625116229057312,-0.06212811917066574,0.05522499233484268,0.4448679983615875,-0.44103294610977173,0.4329792857170105,-0.44755256175994873,1.614564061164856,-1.6295207738876343,1.6325888633728027,-1.6299042701721191,0.038453321903944016,-0.025635547935962677,0.04440443217754364,-0.02700888179242611,-0.04303110018372536,0.05310220643877983,-0.025177771225571632,-0.03662221133708954,0.0718710869550705,-0.001831110566854477,0.0,0.037537768483161926,0.0,0.0,0.0,0.0,0.4999999701976776,-0.5,0.5,-0.5,1.6399999856948853,-1.6399999856948853,1.6399999856948853,-1.6399999856948853
20260708_155717_683245,2026-07-08T15:57:28.301,10.618226,policy,436,sit,0.0,0.0,0.0,0.0,0.0,0.0,0.0,0.0,0.1,none,0.0,0.0,-1.0,-0.0,0.0,0.0,0.0,2.812324285507202,4.7831315994262695,12,can0:12,2.8119752407073975,4.720602989196777,,"BL_hip_joint,BR_hip_joint,FL_hip_joint,FR_hip_joint,BL_thigh_joint,BR_thigh_joint,FL_thigh_joint,FR_thigh_joint,BL_calf_joint,BR_calf_joint,FL_calf_joint,FR_calf_joint",330e02f2406e129bb6ed6ec4a6c6bcd5f80d7e7799a2ab087e81eda65d2fae69,"step=000436 mode=sit    vx= 0.000 vy= 0.000 vxy= 0.000 yaw= 0.000 speed=0.10 imu=none tilt_rp=[-0.0,+0.0]deg imu_corr=0.000 act_max= 0.000 tau_cmd= 2.812 tau_cmd_max= 4.783 cmds=12 bus=can0:12 tau_fb= 2.812 tau_fb_max= 4.721",,,,,,,,,,,,,,,,,,,,,,,,,,,,,,,,,,,,,,,,,,,,,,,,,0.0,0.0,0.0,0.0,0.0,0.0,0.0,0.0,0.0,0.0,0.0,0.0,0.0,0.0,0.0,0.0,0.0,0.0,0.0,0.0,0.0,0.0,0.0,0.0,0.05829304829239845,-0.0625116229057312,-0.06212811917066574,0.05522499233484268,0.4448679983615875,-0.44103294610977173,0.4329792857170105,-0.44755256175994873,1.614564061164856,-1.6295207738876343,1.6325888633728027,-1.6299042701721191,0.03707998991012573,-0.05264442786574364,0.021057771518826485,-0.05722220614552498,0.0027466658502817154,0.04348887503147125,-0.02609332650899887,-0.05722220614552498,-0.0874355286359787,-0.01235999632626772,-0.03387554734945297,-0.01831110566854477,0.0,0.0,0.0,0.0,0.4999999701976776,-0.5,0.5,-0.5,1.6399999856948853,-1.6399999856948853,1.6399999856948853,-1.6399999856948853
20260708_155717_683245,2026-07-08T15:57:28.325,10.641925,policy,437,sit,0.0,0.0,0.0,0.0,0.0,0.0,0.0,0.0,0.1,none,0.0,0.0,-1.0,-0.0,0.0,0.0,0.0,2.7604873180389404,4.635712623596191,12,can0:12,2.7915279865264893,4.687643051147461,,"BL_hip_joint,BR_hip_joint,FL_hip_joint,FR_hip_joint,BL_thigh_joint,BR_thigh_joint,FL_thigh_joint,FR_thigh_joint,BL_calf_joint,BR_calf_joint,FL_calf_joint,FR_calf_joint",330e02f2406e129bb6ed6ec4a6c6bcd5f80d7e7799a2ab087e81eda65d2fae69,"step=000437 mode=sit    vx= 0.000 vy= 0.000 vxy= 0.000 yaw= 0.000 speed=0.10 imu=none tilt_rp=[-0.0,+0.0]deg imu_corr=0.000 act_max= 0.000 tau_cmd= 2.760 tau_cmd_max= 4.636 cmds=12 bus=can0:12 tau_fb= 2.792 tau_fb_max= 4.688",,,,,,,,,,,,,,,,,,,,,,,,,,,,,,,,,,,,,,,,,,,,,,,,,0.0,0.0,0.0,0.0,0.0,0.0,0.0,0.0,0.0,0.0,0.0,0.0,0.0,0.0,0.0,0.0,0.0,0.0,0.0,0.0,0.0,0.0,0.0,0.0,0.05829304829239845,-0.06212811917066574,-0.06212811917066574,0.05522499233484268,0.4448679983615875,-0.44103294610977173,0.4329792857170105,-0.44755256175994873,1.614564061164856,-1.6295207738876343,1.6325888633728027,-1.6299042701721191,-0.053559985011816025,0.059968870133161545,0.013275551609694958,-0.027924437075853348,0.0476088747382164,-0.036164432764053345,-0.0398266538977623,-0.05813775956630707,0.0476088747382164,-0.009155552834272385,-0.0714133158326149,0.024262215942144394,0.0,0.0,0.0,0.0,0.4999999701976776,-0.5,0.5,-0.5,1.6399999856948853,-1.6399999856948853,1.6399999856948853,-1.6399999856948853
20260708_155717_683245,2026-07-08T15:57:28.348,10.665652,policy,438,sit,0.0,0.0,0.0,0.0,0.0,0.0,0.0,0.0,0.1,none,0.0,0.0,-1.0,-0.0,0.0,0.0,0.0,2.783190965652466,4.7757158279418945,12,can0:12,2.8031251430511475,4.680318832397461,,"BL_hip_joint,BR_hip_joint,FL_hip_joint,FR_hip_joint,BL_thigh_joint,BR_thigh_joint,FL_thigh_joint,FR_thigh_joint,BL_calf_joint,BR_calf_joint,FL_calf_joint,FR_calf_joint",330e02f2406e129bb6ed6ec4a6c6bcd5f80d7e7799a2ab087e81eda65d2fae69,"step=000438 mode=sit    vx= 0.000 vy= 0.000 vxy= 0.000 yaw= 0.000 speed=0.10 imu=none tilt_rp=[-0.0,+0.0]deg imu_corr=0.000 act_max= 0.000 tau_cmd= 2.783 tau_cmd_max= 4.776 cmds=12 bus=can0:12 tau_fb= 2.803 tau_fb_max= 4.680",,,,,,,,,,,,,,,,,,,,,,,,,,,,,,,,,,,,,,,,,,,,,,,,,0.0,0.0,0.0,0.0,0.0,0.0,0.0,0.0,0.0,0.0,0.0,0.0,0.0,0.0,0.0,0.0,0.0,0.0,0.0,0.0,0.0,0.0,0.0,0.0,0.05829304829239845,-0.0625116229057312,-0.06212811917066574,0.05522499233484268,0.4448679983615875,-0.44103294610977173,0.43336281180381775,-0.44755256175994873,1.614564061164856,-1.6295207738876343,1.6325888633728027,-1.6299042701721191,-0.001831110566854477,-0.04852443188428879,0.02151555009186268,0.032959990203380585,-0.0050355540588498116,0.001831110566854477,0.016937773674726486,-0.010071108117699623,-0.004119998775422573,-0.016022218391299248,0.04577776417136192,-0.05218665301799774,0.0,0.0,0.0,0.0,0.4999999701976776,-0.5,0.5,-0.5,1.6399999856948853,-1.6399999856948853,1.6399999856948853,-1.6399999856948853
20260708_155717_683245,2026-07-08T15:57:28.372,10.689378,policy,439,sit,0.0,0.0,0.0,0.0,0.0,0.0,0.0,0.0,0.1,none,0.0,0.0,-1.0,-0.0,0.0,0.0,0.0,2.8069684505462646,4.806280612945557,12,can0:12,2.8128910064697266,4.753562927246094,,"BL_hip_joint,BR_hip_joint,FL_hip_joint,FR_hip_joint,BL_thigh_joint,BR_thigh_joint,FL_thigh_joint,FR_thigh_joint,BL_calf_joint,BR_calf_joint,FL_calf_joint,FR_calf_joint",330e02f2406e129bb6ed6ec4a6c6bcd5f80d7e7799a2ab087e81eda65d2fae69,"step=000439 mode=sit    vx= 0.000 vy= 0.000 vxy= 0.000 yaw= 0.000 speed=0.10 imu=none tilt_rp=[-0.0,+0.0]deg imu_corr=0.000 act_max= 0.000 tau_cmd= 2.807 tau_cmd_max= 4.806 cmds=12 bus=can0:12 tau_fb= 2.813 tau_fb_max= 4.754",,,,,,,,,,,,,,,,,,,,,,,,,,,,,,,,,,,,,,,,,,,,,,,,,0.0,0.0,0.0,0.0,0.0,0.0,0.0,0.0,0.0,0.0,0.0,0.0,0.0,0.0,0.0,0.0,0.0,0.0,0.0,0.0,0.0,0.0,0.0,0.0,0.05829304829239845,-0.0625116229057312,-0.06212811917066574,0.05522499233484268,0.4448679983615875,-0.4406494200229645,0.43336281180381775,-0.44755256175994873,1.614564061164856,-1.6295207738876343,1.6325888633728027,-1.6299042701721191,-0.04119998961687088,-0.026551103219389915,-0.08148442208766937,-0.05951109528541565,-0.0119022186845541,-0.009155552834272385,-0.028839992359280586,-0.06042664870619774,-0.03891110047698021,-0.06042664870619774,-0.017853328958153725,0.10116885602474213,0.0,0.0,0.0,0.0,0.4999999701976776,-0.5,0.5,-0.5,1.6399999856948853,-1.6399999856948853,1.6399999856948853,-1.6399999856948853
20260708_155717_683245,2026-07-08T15:57:28.383,10.699948,policy,440,joystick_estop,0.0,0.0,0.0,0.0,0.0,0.0,0.0,0.0,0.1,none,0.0,0.0,-1.0,-0.0,0.0,0.0,0.0,0.0,0.0,0,none,2.8128910064697266,4.753562927246094,terminal keyboard emergency stop key x,,,"step=000440 mode=joystick_estop vx= 0.000 vy= 0.000 vxy= 0.000 yaw= 0.000 speed=0.10 imu=none tilt_rp=[-0.0,+0.0]deg imu_corr=0.000 act_max= 0.000 tau_cmd= 0.000 tau_cmd_max= 0.000 cmds=00 bus=none tau_fb= 2.813 tau_fb_max= 4.754",,,,,,,,,,,,,,,,,,,,,,,,,,,,,,,,,,,,,,,,,,,,,,,,,,,,,,,,,,,,,,,,,,,,,,,,,,,,,,,,,,,,,,,,,,,,,,,,,,,,,,,,,,,,
