run_id,wall_time,elapsed_s,phase,step,mode,vx,vy,vxy,yaw,policy_vx,policy_vy,policy_vxy,policy_yaw,speed,imu,gravity_x,gravity_y,gravity_z,imu_roll_deg,imu_pitch_deg,imu_correction_abs_max,act_max,tau_cmd,tau_cmd_max,cmds,bus_counts,tau_fb,tau_fb_max,fault_reason,policy_joint_order,policy_sha256,compact_line,obs_000,obs_001,obs_002,obs_003,obs_004,obs_005,obs_006,obs_007,obs_008,obs_009,obs_010,obs_011,obs_012,obs_013,obs_014,obs_015,obs_016,obs_017,obs_018,obs_019,obs_020,obs_021,obs_022,obs_023,obs_024,obs_025,obs_026,obs_027,obs_028,obs_029,obs_030,obs_031,obs_032,obs_033,obs_034,obs_035,obs_036,obs_037,obs_038,obs_039,obs_040,obs_041,obs_042,obs_043,obs_044,obs_045,obs_046,obs_047,action_00,action_01,action_02,action_03,action_04,action_05,action_06,action_07,action_08,action_09,action_10,action_11,sent_action_00,sent_action_01,sent_action_02,sent_action_03,sent_action_04,sent_action_05,sent_action_06,sent_action_07,sent_action_08,sent_action_09,sent_action_10,sent_action_11,q_00,q_01,q_02,q_03,q_04,q_05,q_06,q_07,q_08,q_09,q_10,q_11,qd_00,qd_01,qd_02,qd_03,qd_04,qd_05,qd_06,qd_07,qd_08,qd_09,qd_10,qd_11,q_target_00,q_target_01,q_target_02,q_target_03,q_target_04,q_target_05,q_target_06,q_target_07,q_target_08,q_target_09,q_target_10,q_target_11,qd_target_00,qd_target_01,qd_target_02,qd_target_03,qd_target_04,qd_target_05,qd_target_06,qd_target_07,qd_target_08,qd_target_09,qd_target_10,qd_target_11
20260708_191726_109883,2026-07-08T19:17:26.389,0.279463,pose,0,sit,0.0,0.0,0.0,0.0,0.0,0.0,0.0,0.0,1.0,fake,0.0,0.0,-1.0,-0.0,0.0,0.0,0.0,1.3650530576705933,2.8015284538269043,12,can0:12,0.034485917538404465,0.1428266316652298,,"BL_hip_joint,BR_hip_joint,FL_hip_joint,FR_hip_joint,BL_thigh_joint,BR_thigh_joint,FL_thigh_joint,FR_thigh_joint,BL_calf_joint,BR_calf_joint,FL_calf_joint,FR_calf_joint",330e02f2406e129bb6ed6ec4a6c6bcd5f80d7e7799a2ab087e81eda65d2fae69,"step=000000 mode=sit    vx= 0.000 vy= 0.000 vxy= 0.000 yaw= 0.000 speed=1.00 imu=fake tilt_rp=[-0.0,+0.0]deg imu_corr=0.000 act_max= 0.000 tau_cmd= 1.365 tau_cmd_max= 2.802 cmds=12 bus=can0:12 tau_fb= 0.034 tau_fb_max= 0.143",,,,,,,,,,,,,,,,,,,,,,,,,,,,,,,,,,,,,,,,,,,,,,,,,0.0,0.0,0.0,0.0,0.0,0.0,0.0,0.0,0.0,0.0,0.0,0.0,0.0,0.0,0.0,0.0,0.0,0.0,0.0,0.0,0.0,0.0,0.0,0.0,0.5894501209259033,-0.5004764795303345,-0.5288560390472412,0.5265550017356873,-0.4628928303718567,0.4276101887226105,-0.45867425203323364,0.46902894973754883,1.1405495405197144,-1.0699841976165771,1.0531100034713745,-1.067299723625183,-0.022431105375289917,-0.03433332219719887,0.036164432764053345,0.0013733329251408577,0.07782220095396042,-0.07324442267417908,0.032044436782598495,0.017853328958153725,-0.07461775839328766,0.051271095871925354,0.01144444104284048,-0.022431105375289917,0.5894501209259033,-0.5004764795303345,-0.5288560390472412,0.5265550017356873,-0.4628928303718567,0.4276101887226105,-0.45867425203323364,0.46902894973754883,1.1405495405197144,-1.0699841976165771,1.0531100034713745,-1.067299723625183,0.0,0.0,0.0,0.0,0.0,0.0,0.0,0.0,0.0,0.0,0.0,0.0
20260708_191726_109883,2026-07-08T19:17:26.549,0.439553,pose,5,sit,0.0,0.0,0.0,0.0,0.0,0.0,0.0,0.0,1.0,fake,0.0,0.0,-1.0,-0.0,0.0,0.0,0.0,2.3879308700561523,4.970061779022217,12,can0:12,0.9488205313682556,1.6736350059509277,,"BL_hip_joint,BR_hip_joint,FL_hip_joint,FR_hip_joint,BL_thigh_joint,BR_thigh_joint,FL_thigh_joint,FR_thigh_joint,BL_calf_joint,BR_calf_joint,FL_calf_joint,FR_calf_joint",330e02f2406e129bb6ed6ec4a6c6bcd5f80d7e7799a2ab087e81eda65d2fae69,"step=000005 mode=sit    vx= 0.000 vy= 0.000 vxy= 0.000 yaw= 0.000 speed=1.00 imu=fake tilt_rp=[-0.0,+0.0]deg imu_corr=0.000 act_max= 0.000 tau_cmd= 2.388 tau_cmd_max= 4.970 cmds=12 bus=can0:12 tau_fb= 0.949 tau_fb_max= 1.674",,,,,,,,,,,,,,,,,,,,,,,,,,,,,,,,,,,,,,,,,,,,,,,,,0.0,0.0,0.0,0.0,0.0,0.0,0.0,0.0,0.0,0.0,0.0,0.0,0.0,0.0,0.0,0.0,0.0,0.0,0.0,0.0,0.0,0.0,0.0,0.0,0.590217113494873,-0.5020105242729187,-0.5303900241851807,0.5280889868736267,-0.4609752893447876,0.42684316635131836,-0.4602082669734955,0.47056296467781067,1.1447681188583374,-1.0738192796707153,1.0573285818099976,-1.071901798248291,-0.001831110566854477,-0.059053316712379456,-0.016479995101690292,0.032044436782598495,-0.0027466658502817154,0.032959990203380585,-0.017853328958153725,-0.03250221163034439,0.04440443217754364,0.008239997550845146,0.028382213786244392,-0.05722220614552498,0.5887072086334229,-0.4998457133769989,-0.528189480304718,0.5258913636207581,-0.46167925000190735,0.4264410734176636,-0.4574659764766693,0.4678076505661011,1.1411789655685425,-1.0707026720046997,1.053849697113037,-1.068021535873413,0.0,0.0,0.0,0.0,0.0,0.0,0.0,0.0,0.0,0.0,0.0,0.0
20260708_191726_109883,2026-07-08T19:17:26.687,0.577782,pose,10,sit,0.0,0.0,0.0,0.0,0.0,0.0,0.0,0.0,1.0,fake,0.0,0.0,-1.0,-0.0,0.0,0.0,0.0,2.956484079360962,5.1952996253967285,12,can0:12,0.6149479746818542,1.2927640676498413,,"BL_hip_joint,BR_hip_joint,FL_hip_joint,FR_hip_joint,BL_thigh_joint,BR_thigh_joint,FL_thigh_joint,FR_thigh_joint,BL_calf_joint,BR_calf_joint,FL_calf_joint,FR_calf_joint",330e02f2406e129bb6ed6ec4a6c6bcd5f80d7e7799a2ab087e81eda65d2fae69,"step=000010 mode=sit    vx= 0.000 vy= 0.000 vxy= 0.000 yaw= 0.000 speed=1.00 imu=fake tilt_rp=[-0.0,+0.0]deg imu_corr=0.000 act_max= 0.000 tau_cmd= 2.956 tau_cmd_max= 5.195 cmds=12 bus=can0:12 tau_fb= 0.615 tau_fb_max= 1.293",,,,,,,,,,,,,,,,,,,,,,,,,,,,,,,,,,,,,,,,,,,,,,,,,0.0,0.0,0.0,0.0,0.0,0.0,0.0,0.0,0.0,0.0,0.0,0.0,0.0,0.0,0.0,0.0,0.0,0.0,0.0,0.0,0.0,0.0,0.0,0.0,0.590217113494873,-0.5016270279884338,-0.5300065279006958,0.527321994304657,-0.4609752893447876,0.4264596700668335,-0.4590577483177185,0.46979594230651855,1.145918607711792,-1.076120376586914,1.0592460632324219,-1.0730522871017456,0.06729331612586975,0.010528885759413242,-0.03570665791630745,0.06546220183372498,0.048066653311252594,-0.07370220124721527,0.013275551609694958,0.0032044434919953346,0.07644886523485184,0.007324442267417908,0.004119998775422573,-0.02288888208568096,0.5865199565887451,-0.49798858165740967,-0.5262270569801331,0.523937463760376,-0.45810621976852417,0.42299899458885193,-0.45390862226486206,0.4642118513584137,1.1430323123931885,-1.0728178024291992,1.0560274124145508,-1.0701466798782349,0.0,0.0,0.0,0.0,0.0,0.0,0.0,0.0,0.0,0.0,0.0,0.0
20260708_191726_109883,2026-07-08T19:17:26.817,0.707959,pose,15,sit,0.0,0.0,0.0,0.0,0.0,0.0,0.0,0.0,1.0,fake,0.0,0.0,-1.0,-0.0,0.0,0.0,0.0,3.0937421321868896,5.127605438232422,12,can0:12,0.7580797672271729,1.4648884534835815,,"BL_hip_joint,BR_hip_joint,FL_hip_joint,FR_hip_joint,BL_thigh_joint,BR_thigh_joint,FL_thigh_joint,FR_thigh_joint,BL_calf_joint,BR_calf_joint,FL_calf_joint,FR_calf_joint",330e02f2406e129bb6ed6ec4a6c6bcd5f80d7e7799a2ab087e81eda65d2fae69,"step=000015 mode=sit    vx= 0.000 vy= 0.000 vxy= 0.000 yaw= 0.000 speed=1.00 imu=fake tilt_rp=[-0.0,+0.0]deg imu_corr=0.000 act_max= 0.000 tau_cmd= 3.094 tau_cmd_max= 5.128 cmds=12 bus=can0:12 tau_fb= 0.758 tau_fb_max= 1.465",,,,,,,,,,,,,,,,,,,,,,,,,,,,,,,,,,,,,,,,,,,,,,,,,0.0,0.0,0.0,0.0,0.0,0.0,0.0,0.0,0.0,0.0,0.0,0.0,0.0,0.0,0.0,0.0,0.0,0.0,0.0,0.0,0.0,0.0,0.0,0.0,0.5886830687522888,-0.5004764795303345,-0.5288560390472412,0.5261714458465576,-0.4582907557487488,0.4237751364707947,-0.4552226960659027,0.4663443863391876,1.1482197046279907,-1.0788049697875977,1.0615471601486206,-1.0753533840179443,-0.016022218391299248,-0.027466658502817154,0.07003998011350632,-0.03479110077023506,0.06454664468765259,-0.0,0.032044436782598495,-0.04852443188428879,0.08056886494159698,-0.08423108607530594,0.032959990203380585,-0.04577776417136192,0.5829504728317261,-0.49495792388916016,-0.5230245590209961,0.5207488536834717,-0.4522753655910492,0.41738176345825195,-0.44810330867767334,0.45834383368492126,1.1460567712783813,-1.076269507408142,1.0595813989639282,-1.0736147165298462,0.0,0.0,0.0,0.0,0.0,0.0,0.0,0.0,0.0,0.0,0.0,0.0
20260708_191726_109883,2026-07-08T19:17:26.942,0.832841,pose,20,sit,0.0,0.0,0.0,0.0,0.0,0.0,0.0,0.0,1.0,fake,0.0,0.0,-1.0,-0.0,0.0,0.0,0.0,3.708173990249634,6.572273254394531,12,can0:12,1.033967137336731,2.395092725753784,,"BL_hip_joint,BR_hip_joint,FL_hip_joint,FR_hip_joint,BL_thigh_joint,BR_thigh_joint,FL_thigh_joint,FR_thigh_joint,BL_calf_joint,BR_calf_joint,FL_calf_joint,FR_calf_joint",330e02f2406e129bb6ed6ec4a6c6bcd5f80d7e7799a2ab087e81eda65d2fae69,"step=000020 mode=sit    vx= 0.000 vy= 0.000 vxy= 0.000 yaw= 0.000 speed=1.00 imu=fake tilt_rp=[-0.0,+0.0]deg imu_corr=0.000 act_max= 0.000 tau_cmd= 3.708 tau_cmd_max= 6.572 cmds=12 bus=can0:12 tau_fb= 1.034 tau_fb_max= 2.395",,,,,,,,,,,,,,,,,,,,,,,,,,,,,,,,,,,,,,,,,,,,,,,,,0.0,0.0,0.0,0.0,0.0,0.0,0.0,0.0,0.0,0.0,0.0,0.0,0.0,0.0,0.0,0.0,0.0,0.0,0.0,0.0,0.0,0.0,0.0,0.0,0.5863820314407349,-0.49855896830558777,-0.527321994304657,0.5238704085350037,-0.45292165875434875,0.4187895357608795,-0.4487030804157257,0.4602082669734955,1.1512876749038696,-1.0822564363479614,1.0653821229934692,-1.0791884660720825,-0.04303110018372536,-0.021057771518826485,0.007324442267417908,-0.028382213786244392,0.054475538432598114,-0.010528885759413242,0.03250221163034439,-0.03479110077023506,0.0718710869550705,-0.06729331612586975,0.030671102926135063,0.003662221133708954,0.578061044216156,-0.4908064901828766,-0.5186377167701721,0.5163811445236206,-0.4442882537841797,0.4096873104572296,-0.440151184797287,0.4503057897090912,1.1501996517181396,-1.0809978246688843,1.064449667930603,-1.0783652067184448,0.0,0.0,0.0,0.0,0.0,0.0,0.0,0.0,0.0,0.0,0.0,0.0
20260708_191726_109883,2026-07-08T19:17:27.063,0.953720,pose,25,sit,0.0,0.0,0.0,0.0,0.0,0.0,0.0,0.0,1.0,fake,0.0,0.0,-1.0,-0.0,0.0,0.0,0.0,3.9084951877593994,6.949749946594238,12,can0:12,1.3574633598327637,2.9480879306793213,,"BL_hip_joint,BR_hip_joint,FL_hip_joint,FR_hip_joint,BL_thigh_joint,BR_thigh_joint,FL_thigh_joint,FR_thigh_joint,BL_calf_joint,BR_calf_joint,FL_calf_joint,FR_calf_joint",330e02f2406e129bb6ed6ec4a6c6bcd5f80d7e7799a2ab087e81eda65d2fae69,"step=000025 mode=sit    vx= 0.000 vy= 0.000 vxy= 0.000 yaw= 0.000 speed=1.00 imu=fake tilt_rp=[-0.0,+0.0]deg imu_corr=0.000 act_max= 0.000 tau_cmd= 3.908 tau_cmd_max= 6.950 cmds=12 bus=can0:12 tau_fb= 1.357 tau_fb_max= 2.948",,,,,,,,,,,,,,,,,,,,,,,,,,,,,,,,,,,,,,,,,,,,,,,,,0.0,0.0,0.0,0.0,0.0,0.0,0.0,0.0,0.0,0.0,0.0,0.0,0.0,0.0,0.0,0.0,0.0,0.0,0.0,0.0,0.0,0.0,0.0,0.0,0.5829305052757263,-0.4954909086227417,-0.5231034159660339,0.5200353860855103,-0.4452515244483948,0.4126534163951874,-0.44103294610977173,0.45100411772727966,1.1555062532424927,-1.0880091190338135,1.0699841976165771,-1.0845575332641602,-0.0709555372595787,0.013275551609694958,0.05172887444496155,-0.005493331700563431,0.07049775868654251,-0.027924437075853348,0.11307107657194138,-0.04348887503147125,0.031128879636526108,-0.06088442727923393,0.05310220643877983,-0.07370220124721527,0.5719137787818909,-0.48558712005615234,-0.5131223797798157,0.5108898282051086,-0.4342464506626129,0.4000134766101837,-0.43015336990356445,0.44020000100135803,1.1554083824157715,-1.0869423151016235,1.0705702304840088,-1.0843377113342285,0.0,0.0,0.0,0.0,0.0,0.0,0.0,0.0,0.0,0.0,0.0,0.0
20260708_191726_109883,2026-07-08T19:17:27.181,1.071742,pose,30,sit,0.0,0.0,0.0,0.0,0.0,0.0,0.0,0.0,1.0,fake,0.0,0.0,-1.0,-0.0,0.0,0.0,0.0,3.7086803913116455,8.607054710388184,12,can0:12,1.3818780183792114,3.2923367023468018,,"BL_hip_joint,BR_hip_joint,FL_hip_joint,FR_hip_joint,BL_thigh_joint,BR_thigh_joint,FL_thigh_joint,FR_thigh_joint,BL_calf_joint,BR_calf_joint,FL_calf_joint,FR_calf_joint",330e02f2406e129bb6ed6ec4a6c6bcd5f80d7e7799a2ab087e81eda65d2fae69,"step=000030 mode=sit    vx= 0.000 vy= 0.000 vxy= 0.000 yaw= 0.000 speed=1.00 imu=fake tilt_rp=[-0.0,+0.0]deg imu_corr=0.000 act_max= 0.000 tau_cmd= 3.709 tau_cmd_max= 8.607 cmds=12 bus=can0:12 tau_fb= 1.382 tau_fb_max= 3.292",,,,,,,,,,,,,,,,,,,,,,,,,,,,,,,,,,,,,,,,,,,,,,,,,0.0,0.0,0.0,0.0,0.0,0.0,0.0,0.0,0.0,0.0,0.0,0.0,0.0,0.0,0.0,0.0,0.0,0.0,0.0,0.0,0.0,0.0,0.0,0.0,0.5767943859100342,-0.4897383153438568,-0.5177342891693115,0.5154332518577576,-0.43643084168434143,0.4011482298374176,-0.4322122633457184,0.44256696105003357,1.1612589359283447,-1.0941451787948608,1.076120376586914,-1.0910770893096924,-0.08011108636856079,0.061342205852270126,0.04669332131743431,0.007782219909131527,0.11993774026632309,-0.1597643941640854,0.016937773674726486,-0.029755547642707825,0.010071108117699623,0.0,0.04440443217754364,-0.035248879343271255,0.5645709037780762,-0.4793526232242584,-0.5065343379974365,0.5043304562568665,-0.42225155234336853,0.38845810294151306,-0.41821104288101196,0.4281286895275116,1.1616300344467163,-1.0940431356430054,1.077881097793579,-1.0914719104766846,0.0,0.0,0.0,0.0,0.0,0.0,0.0,0.0,0.0,0.0,0.0,0.0
20260708_191726_109883,2026-07-08T19:17:27.299,1.189871,pose,35,sit,0.0,0.0,0.0,0.0,0.0,0.0,0.0,0.0,1.0,fake,0.0,0.0,-1.0,-0.0,0.0,0.0,0.0,3.5658867359161377,8.537518501281738,12,can0:12,1.1633654832839966,2.992034673690796,,"BL_hip_joint,BR_hip_joint,FL_hip_joint,FR_hip_joint,BL_thigh_joint,BR_thigh_joint,FL_thigh_joint,FR_thigh_joint,BL_calf_joint,BR_calf_joint,FL_calf_joint,FR_calf_joint",330e02f2406e129bb6ed6ec4a6c6bcd5f80d7e7799a2ab087e81eda65d2fae69,"step=000035 mode=sit    vx= 0.000 vy= 0.000 vxy= 0.000 yaw= 0.000 speed=1.00 imu=fake tilt_rp=[-0.0,+0.0]deg imu_corr=0.000 act_max= 0.000 tau_cmd= 3.566 tau_cmd_max= 8.538 cmds=12 bus=can0:12 tau_fb= 1.163 tau_fb_max= 2.992",,,,,,,,,,,,,,,,,,,,,,,,,,,,,,,,,,,,,,,,,,,,,,,,,0.0,0.0,0.0,0.0,0.0,0.0,0.0,0.0,0.0,0.0,0.0,0.0,0.0,0.0,0.0,0.0,0.0,0.0,0.0,0.0,0.0,0.0,0.0,0.0,0.5683572292327881,-0.48283517360687256,-0.5100641846656799,0.5089136362075806,-0.4226246178150177,0.3892595171928406,-0.4187895357608795,0.4310617446899414,1.1685454845428467,-1.1010483503341675,1.0841740369796753,-1.0987472534179688,-0.01831110566854477,0.0947599709033966,0.0791955292224884,-0.04531998559832573,0.1510666161775589,-0.10528885573148727,0.2224799394607544,-0.10528885573148727,0.008239997550845146,-0.05081331729888916,0.10620441287755966,-0.1034577488899231,0.5560946464538574,-0.47215577960014343,-0.4989294111728668,0.4967585802078247,-0.4084051549434662,0.37511909008026123,-0.40442532300949097,0.4141940474510193,1.1688121557235718,-1.102239966392517,1.0863206386566162,-1.0997073650360107,0.0,0.0,0.0,0.0,0.0,0.0,0.0,0.0,0.0,0.0,0.0,0.0
20260708_191726_109883,2026-07-08T19:17:27.418,1.308446,pose,40,sit,0.0,0.0,0.0,0.0,0.0,0.0,0.0,0.0,1.0,fake,0.0,0.0,-1.0,-0.0,0.0,0.0,0.0,4.458926677703857,9.265645027160645,12,can0:12,1.2527848482131958,2.3584704399108887,,"BL_hip_joint,BR_hip_joint,FL_hip_joint,FR_hip_joint,BL_thigh_joint,BR_thigh_joint,FL_thigh_joint,FR_thigh_joint,BL_calf_joint,BR_calf_joint,FL_calf_joint,FR_calf_joint",330e02f2406e129bb6ed6ec4a6c6bcd5f80d7e7799a2ab087e81eda65d2fae69,"step=000040 mode=sit    vx= 0.000 vy= 0.000 vxy= 0.000 yaw= 0.000 speed=1.00 imu=fake tilt_rp=[-0.0,+0.0]deg imu_corr=0.000 act_max= 0.000 tau_cmd= 4.459 tau_cmd_max= 9.266 cmds=12 bus=can0:12 tau_fb= 1.253 tau_fb_max= 2.358",,,,,,,,,,,,,,,,,,,,,,,,,,,,,,,,,,,,,,,,,,,,,,,,,0.0,0.0,0.0,0.0,0.0,0.0,0.0,0.0,0.0,0.0,0.0,0.0,0.0,0.0,0.0,0.0,0.0,0.0,0.0,0.0,0.0,0.0,0.0,0.0,0.5587695837020874,-0.4759320616722107,-0.5020105242729187,0.501243531703949,-0.4095853567123413,0.37737080454826355,-0.40536680817604065,0.4153379797935486,1.1758321523666382,-1.1094855070114136,1.093761682510376,-1.1071844100952148,-0.10986663401126862,0.010071108117699623,0.062257759273052216,-0.013733329251408577,0.06729331612586975,-0.13687551021575928,0.11261329799890518,-0.09155552834272385,0.08651997148990631,-0.03570665791630745,0.07232886552810669,-0.07736442238092422,0.5465471148490906,-0.46404939889907837,-0.49036335945129395,0.48822981119155884,-0.39280885457992554,0.36009424924850464,-0.3888973295688629,0.3984983563423157,1.176901936531067,-1.111472725868225,1.0958266258239746,-1.1089836359024048,0.0,0.0,0.0,0.0,0.0,0.0,0.0,0.0,0.0,0.0,0.0,0.0
20260708_191726_109883,2026-07-08T19:17:27.536,1.426207,pose,45,sit,0.0,0.0,0.0,0.0,0.0,0.0,0.0,0.0,1.0,fake,0.0,0.0,-1.0,-0.0,0.0,0.0,0.0,4.723424911499023,9.46884536743164,12,can0:12,1.3525804281234741,3.610949993133545,,"BL_hip_joint,BR_hip_joint,FL_hip_joint,FR_hip_joint,BL_thigh_joint,BR_thigh_joint,FL_thigh_joint,FR_thigh_joint,BL_calf_joint,BR_calf_joint,FL_calf_joint,FR_calf_joint",330e02f2406e129bb6ed6ec4a6c6bcd5f80d7e7799a2ab087e81eda65d2fae69,"step=000045 mode=sit    vx= 0.000 vy= 0.000 vxy= 0.000 yaw= 0.000 speed=1.00 imu=fake tilt_rp=[-0.0,+0.0]deg imu_corr=0.000 act_max= 0.000 tau_cmd= 4.723 tau_cmd_max= 9.469 cmds=12 bus=can0:12 tau_fb= 1.353 tau_fb_max= 3.611",,,,,,,,,,,,,,,,,,,,,,,,,,,,,,,,,,,,,,,,,,,,,,,,,0.0,0.0,0.0,0.0,0.0,0.0,0.0,0.0,0.0,0.0,0.0,0.0,0.0,0.0,0.0,0.0,0.0,0.0,0.0,0.0,0.0,0.0,0.0,0.0,0.5499488711357117,-0.46787843108177185,-0.49395689368247986,0.4908888339996338,-0.3938615918159485,0.36049649119377136,-0.39041003584861755,0.40153172612190247,1.1831188201904297,-1.1194566488265991,1.1029658317565918,-1.1163885593414307,-0.09018219262361526,0.07232886552810669,0.009155552834272385,-0.0787377581000328,0.10391552746295929,-0.06088442727923393,0.1583910584449768,-0.10757774859666824,0.027466658502817154,-0.09842219203710556,0.1029999703168869,-0.08651997148990631,0.5359905362129211,-0.45508626103401184,-0.48089197278022766,0.47879964113235474,-0.37556424736976624,0.34348154067993164,-0.3717282712459564,0.38114386796951294,1.1858466863632202,-1.1216812133789062,1.1063374280929565,-1.119240164756775,0.0,0.0,0.0,0.0,0.0,0.0,0.0,0.0,0.0,0.0,0.0,0.0
20260708_191726_109883,2026-07-08T19:17:27.655,1.545836,pose,50,sit,0.0,0.0,0.0,0.0,0.0,0.0,0.0,0.0,1.0,fake,0.0,0.0,-1.0,-0.0,0.0,0.0,0.0,5.199051380157471,10.793293952941895,12,can0:12,1.4453567266464233,3.2593767642974854,,"BL_hip_joint,BR_hip_joint,FL_hip_joint,FR_hip_joint,BL_thigh_joint,BR_thigh_joint,FL_thigh_joint,FR_thigh_joint,BL_calf_joint,BR_calf_joint,FL_calf_joint,FR_calf_joint",330e02f2406e129bb6ed6ec4a6c6bcd5f80d7e7799a2ab087e81eda65d2fae69,"step=000050 mode=sit    vx= 0.000 vy= 0.000 vxy= 0.000 yaw= 0.000 speed=1.00 imu=fake tilt_rp=[-0.0,+0.0]deg imu_corr=0.000 act_max= 0.000 tau_cmd= 5.199 tau_cmd_max= 10.793 cmds=12 bus=can0:12 tau_fb= 1.445 tau_fb_max= 3.259",,,,,,,,,,,,,,,,,,,,,,,,,,,,,,,,,,,,,,,,,,,,,,,,,0.0,0.0,0.0,0.0,0.0,0.0,0.0,0.0,0.0,0.0,0.0,0.0,0.0,0.0,0.0,0.0,0.0,0.0,0.0,0.0,0.0,0.0,0.0,0.0,0.5395942330360413,-0.4582907557487488,-0.4843692183494568,0.4816846549510956,-0.3762202560901642,0.3451562225818634,-0.3723852038383484,0.38197287917137146,1.1927064657211304,-1.1301947832107544,1.1133205890655518,-1.1275103092193604,-0.02929776906967163,0.016479995101690292,-0.01235999632626772,-0.13870662450790405,0.13275551795959473,-0.11673329770565033,0.0553910955786705,-0.08102664351463318,0.06820886582136154,-0.06454664468765259,0.1185644119977951,-0.0476088747382164,0.5244870781898499,-0.44531920552253723,-0.4705710709095001,0.46852362155914307,-0.35677286982536316,0.3253787159919739,-0.35301920771598816,0.3622327446937561,1.1955937147140503,-1.132805347442627,1.1177908182144165,-1.130416750907898,0.0,0.0,0.0,0.0,0.0,0.0,0.0,0.0,0.0,0.0,0.0,0.0
20260708_191726_109883,2026-07-08T19:17:27.775,1.665598,pose,55,sit,0.0,0.0,0.0,0.0,0.0,0.0,0.0,0.0,1.0,fake,0.0,0.0,-1.0,-0.0,0.0,0.0,0.0,4.075868129730225,7.86789083480835,12,can0:12,1.275063395500183,3.398541212081909,,"BL_hip_joint,BR_hip_joint,FL_hip_joint,FR_hip_joint,BL_thigh_joint,BR_thigh_joint,FL_thigh_joint,FR_thigh_joint,BL_calf_joint,BR_calf_joint,FL_calf_joint,FR_calf_joint",330e02f2406e129bb6ed6ec4a6c6bcd5f80d7e7799a2ab087e81eda65d2fae69,"step=000055 mode=sit    vx= 0.000 vy= 0.000 vxy= 0.000 yaw= 0.000 speed=1.00 imu=fake tilt_rp=[-0.0,+0.0]deg imu_corr=0.000 act_max= 0.000 tau_cmd= 4.076 tau_cmd_max= 7.868 cmds=12 bus=can0:12 tau_fb= 1.275 tau_fb_max= 3.399",,,,,,,,,,,,,,,,,,,,,,,,,,,,,,,,,,,,,,,,,,,,,,,,,0.0,0.0,0.0,0.0,0.0,0.0,0.0,0.0,0.0,0.0,0.0,0.0,0.0,0.0,0.0,0.0,0.0,0.0,0.0,0.0,0.0,0.0,0.0,0.0,0.5261714458465576,-0.4479360580444336,-0.4732475280761719,0.47248050570487976,-0.35704493522644043,0.32559734582901,-0.3535933494567871,0.3647150695323944,1.2034446001052856,-1.1409330368041992,1.1263598203659058,-1.1390154361724854,-0.07461775839328766,0.06546220183372498,0.11490219086408615,-0.10940885543823242,0.21698659658432007,-0.1579332798719406,0.22385326027870178,-0.1519821733236313,0.03799554333090782,-0.10803552716970444,0.1185644119977951,-0.12955106794834137,0.512099027633667,-0.43480101227760315,-0.4594564437866211,0.45745736360549927,-0.33653634786605835,0.3058837056159973,-0.33287137746810913,0.34186726808547974,1.2060903310775757,-1.1447850465774536,1.1301251649856567,-1.1424528360366821,0.0,0.0,0.0,0.0,0.0,0.0,0.0,0.0,0.0,0.0,0.0,0.0
20260708_191726_109883,2026-07-08T19:17:27.895,1.785367,pose,60,sit,0.0,0.0,0.0,0.0,0.0,0.0,0.0,0.0,1.0,fake,0.0,0.0,-1.0,-0.0,0.0,0.0,0.0,5.4254679679870605,10.143165588378906,12,can0:12,1.5445417165756226,3.603625535964966,,"BL_hip_joint,BR_hip_joint,FL_hip_joint,FR_hip_joint,BL_thigh_joint,BR_thigh_joint,FL_thigh_joint,FR_thigh_joint,BL_calf_joint,BR_calf_joint,FL_calf_joint,FR_calf_joint",330e02f2406e129bb6ed6ec4a6c6bcd5f80d7e7799a2ab087e81eda65d2fae69,"step=000060 mode=sit    vx= 0.000 vy= 0.000 vxy= 0.000 yaw= 0.000 speed=1.00 imu=fake tilt_rp=[-0.0,+0.0]deg imu_corr=0.000 act_max= 0.000 tau_cmd= 5.425 tau_cmd_max= 10.143 cmds=12 bus=can0:12 tau_fb= 1.545 tau_fb_max= 3.604",,,,,,,,,,,,,,,,,,,,,,,,,,,,,,,,,,,,,,,,,,,,,,,,,0.0,0.0,0.0,0.0,0.0,0.0,0.0,0.0,0.0,0.0,0.0,0.0,0.0,0.0,0.0,0.0,0.0,0.0,0.0,0.0,0.0,0.0,0.0,0.0,0.5150497555732727,-0.43796488642692566,-0.4621258080005646,0.4602082669734955,-0.33748605847358704,0.30757254362106323,-0.33365100622177124,0.3432386815547943,1.2134158611297607,-1.1539722681045532,1.1382484436035156,-1.1509041786193848,-0.05493331700563431,0.10437330603599548,0.10162663459777832,-0.07599108666181564,0.22339549660682678,-0.15472884476184845,0.0315866582095623,-0.10757774859666824,0.055848874151706696,-0.16251106560230255,0.10071108490228653,-0.14053773880004883,0.49888840317726135,-0.4235844612121582,-0.44760385155677795,0.44565635919570923,-0.3149562478065491,0.28509438037872314,-0.3113858103752136,0.32014966011047363,1.2172839641571045,-1.157560110092163,1.1432783603668213,-1.1552879810333252,0.0,0.0,0.0,0.0,0.0,0.0,0.0,0.0,0.0,0.0,0.0,0.0
20260708_191726_109883,2026-07-08T19:17:28.015,1.905403,pose,65,sit,0.0,0.0,0.0,0.0,0.0,0.0,0.0,0.0,1.0,fake,0.0,0.0,-1.0,-0.0,0.0,0.0,0.0,4.5736985206604,7.399191379547119,12,can0:12,1.4304026365280151,3.087252378463745,,"BL_hip_joint,BR_hip_joint,FL_hip_joint,FR_hip_joint,BL_thigh_joint,BR_thigh_joint,FL_thigh_joint,FR_thigh_joint,BL_calf_joint,BR_calf_joint,FL_calf_joint,FR_calf_joint",330e02f2406e129bb6ed6ec4a6c6bcd5f80d7e7799a2ab087e81eda65d2fae69,"step=000065 mode=sit    vx= 0.000 vy= 0.000 vxy= 0.000 yaw= 0.000 speed=1.00 imu=fake tilt_rp=[-0.0,+0.0]deg imu_corr=0.000 act_max= 0.000 tau_cmd= 4.574 tau_cmd_max= 7.399 cmds=12 bus=can0:12 tau_fb= 1.430 tau_fb_max= 3.087",,,,,,,,,,,,,,,,,,,,,,,,,,,,,,,,,,,,,,,,,,,,,,,,,0.0,0.0,0.0,0.0,0.0,0.0,0.0,0.0,0.0,0.0,0.0,0.0,0.0,0.0,0.0,0.0,0.0,0.0,0.0,0.0,0.0,0.0,0.0,0.0,0.501243531703949,-0.4264596700668335,-0.45023709535598755,0.4479360580444336,-0.31485915184020996,0.2857126295566559,-0.31140759587287903,0.32137879729270935,1.2245374917984009,-1.1662445068359375,1.1516711711883545,-1.1643269062042236,-0.1345866322517395,0.10437330603599548,0.14648884534835815,-0.13687551021575928,0.11719107627868652,-0.12955106794834137,0.18082216382026672,-0.2311777025461197,0.15655995905399323,-0.16571550071239471,0.11352885514497757,-0.12039551883935928,0.4849175214767456,-0.4117223918437958,-0.43506914377212524,0.4331761598587036,-0.29213422536849976,0.26310858130455017,-0.28866374492645264,0.2971821427345276,1.2291216850280762,-1.1710703372955322,1.1571885347366333,-1.1688618659973145,0.0,0.0,0.0,0.0,0.0,0.0,0.0,0.0,0.0,0.0,0.0,0.0
20260708_191726_109883,2026-07-08T19:17:28.134,2.024985,pose,70,sit,0.0,0.0,0.0,0.0,0.0,0.0,0.0,0.0,1.0,fake,0.0,0.0,-1.0,-0.0,0.0,0.0,0.0,5.076152324676514,8.337396621704102,12,can0:12,1.3257241249084473,3.7171545028686523,,"BL_hip_joint,BR_hip_joint,FL_hip_joint,FR_hip_joint,BL_thigh_joint,BR_thigh_joint,FL_thigh_joint,FR_thigh_joint,BL_calf_joint,BR_calf_joint,FL_calf_joint,FR_calf_joint",330e02f2406e129bb6ed6ec4a6c6bcd5f80d7e7799a2ab087e81eda65d2fae69,"step=000070 mode=sit    vx= 0.000 vy= 0.000 vxy= 0.000 yaw= 0.000 speed=1.00 imu=fake tilt_rp=[-0.0,+0.0]deg imu_corr=0.000 act_max= 0.000 tau_cmd= 5.076 tau_cmd_max= 8.337 cmds=12 bus=can0:12 tau_fb= 1.326 tau_fb_max= 3.717",,,,,,,,,,,,,,,,,,,,,,,,,,,,,,,,,,,,,,,,,,,,,,,,,0.0,0.0,0.0,0.0,0.0,0.0,0.0,0.0,0.0,0.0,0.0,0.0,0.0,0.0,0.0,0.0,0.0,0.0,0.0,0.0,0.0,0.0,0.0,0.0,0.48667025566101074,-0.4141874611377716,-0.43719786405563354,0.4368143677711487,-0.29261577129364014,0.26346924901008606,-0.28954771161079407,0.29913538694381714,1.2375767230987549,-1.180434226989746,1.1666280031204224,-1.178133249282837,-0.11215551942586899,0.09750663489103317,0.1419110745191574,-0.11719107627868652,0.20645771920681,-0.14511550962924957,0.16113772988319397,-0.1831110566854477,0.00595110934227705,-0.08285775035619736,0.1519821733236313,-0.07690664380788803,0.4702485203742981,-0.3992675840854645,-0.42190808057785034,0.42007237672805786,-0.2681717872619629,0.2400241643190384,-0.2648063004016876,0.27306699752807617,1.2415509223937988,-1.1852556467056274,1.171793818473816,-1.1831140518188477,0.0,0.0,0.0,0.0,0.0,0.0,0.0,0.0,0.0,0.0,0.0,0.0
20260708_191726_109883,2026-07-08T19:17:28.254,2.144914,pose,75,sit,0.0,0.0,0.0,0.0,0.0,0.0,0.0,0.0,1.0,fake,0.0,0.0,-1.0,-0.0,0.0,0.0,0.0,5.604482173919678,9.995713233947754,12,can0:12,1.5598011016845703,3.457136869430542,,"BL_hip_joint,BR_hip_joint,FL_hip_joint,FR_hip_joint,BL_thigh_joint,BR_thigh_joint,FL_thigh_joint,FR_thigh_joint,BL_calf_joint,BR_calf_joint,FL_calf_joint,FR_calf_joint",330e02f2406e129bb6ed6ec4a6c6bcd5f80d7e7799a2ab087e81eda65d2fae69,"step=000075 mode=sit    vx= 0.000 vy= 0.000 vxy= 0.000 yaw= 0.000 speed=1.00 imu=fake tilt_rp=[-0.0,+0.0]deg imu_corr=0.000 act_max= 0.000 tau_cmd= 5.604 tau_cmd_max= 9.996 cmds=12 bus=can0:12 tau_fb= 1.560 tau_fb_max= 3.457",,,,,,,,,,,,,,,,,,,,,,,,,,,,,,,,,,,,,,,,,,,,,,,,,0.0,0.0,0.0,0.0,0.0,0.0,0.0,0.0,0.0,0.0,0.0,0.0,0.0,0.0,0.0,0.0,0.0,0.0,0.0,0.0,0.0,0.0,0.0,0.0,0.4728640019893646,-0.40191522240638733,-0.42415863275527954,0.4218575954437256,-0.2688383460044861,0.24122583866119385,-0.26538679003715515,0.27459093928337097,1.2494654655456543,-1.195391058921814,1.180434226989746,-1.1923229694366455,-0.095675528049469,0.10849329829216003,0.11032441258430481,-0.08468886464834213,0.1753288358449936,-0.173955500125885,0.2146977186203003,-0.12497329711914062,0.07599108666181564,-0.19592882692813873,0.13000884652137756,-0.08331552892923355,0.45494362711906433,-0.3862728476524353,-0.4081764817237854,0.40640053153038025,-0.24317052960395813,0.21593903005123138,-0.23991458117961884,0.24790644645690918,1.254518985748291,-1.2000559568405151,1.1870323419570923,-1.1979840993881226,0.0,0.0,0.0,0.0,0.0,0.0,0.0,0.0,0.0,0.0,0.0,0.0
20260708_191726_109883,2026-07-08T19:17:28.375,2.265324,pose,80,sit,0.0,0.0,0.0,0.0,0.0,0.0,0.0,0.0,1.0,fake,0.0,0.0,-1.0,-0.0,0.0,0.0,0.0,5.417374134063721,9.657282829284668,12,can0:12,1.691335678100586,3.768425464630127,,"BL_hip_joint,BR_hip_joint,FL_hip_joint,FR_hip_joint,BL_thigh_joint,BR_thigh_joint,FL_thigh_joint,FR_thigh_joint,BL_calf_joint,BR_calf_joint,FL_calf_joint,FR_calf_joint",330e02f2406e129bb6ed6ec4a6c6bcd5f80d7e7799a2ab087e81eda65d2fae69,"step=000080 mode=sit    vx= 0.000 vy= 0.000 vxy= 0.000 yaw= 0.000 speed=1.00 imu=fake tilt_rp=[-0.0,+0.0]deg imu_corr=0.000 act_max= 0.000 tau_cmd= 5.417 tau_cmd_max= 9.657 cmds=12 bus=can0:12 tau_fb= 1.691 tau_fb_max= 3.768",,,,,,,,,,,,,,,,,,,,,,,,,,,,,,,,,,,,,,,,,,,,,,,,,0.0,0.0,0.0,0.0,0.0,0.0,0.0,0.0,0.0,0.0,0.0,0.0,0.0,0.0,0.0,0.0,0.0,0.0,0.0,0.0,0.0,0.0,0.0,0.0,0.4559897184371948,-0.38849249482154846,-0.4103523790836334,0.40920186042785645,-0.24314337968826294,0.21668140590190887,-0.24007532000541687,0.24851247668266296,1.2628881931304932,-1.2099642753601074,1.1969250440597534,-1.2076631784439087,-0.1190221905708313,0.07324442267417908,0.07827997952699661,-0.08560442179441452,0.17075106501579285,-0.16571550071239471,0.21286660432815552,-0.1904354989528656,0.08285775035619736,-0.07782220095396042,0.1185644119977951,-0.10620441287755966,0.43906497955322266,-0.37279099225997925,-0.3939301371574402,0.39221614599227905,-0.21723204851150513,0.19095100462436676,-0.2140897512435913,0.22180268168449402,1.2679733037948608,-1.2154110670089722,1.2028419971466064,-1.213411569595337,0.0,0.0,0.0,0.0,0.0,0.0,0.0,0.0,0.0,0.0,0.0,0.0
20260708_191726_109883,2026-07-08T19:17:28.494,2.384936,pose,85,sit,0.0,0.0,0.0,0.0,0.0,0.0,0.0,0.0,1.0,fake,0.0,0.0,-1.0,-0.0,0.0,0.0,0.0,5.0374979972839355,10.959375381469727,12,can0:12,1.5289772748947144,2.922452449798584,,"BL_hip_joint,BR_hip_joint,FL_hip_joint,FR_hip_joint,BL_thigh_joint,BR_thigh_joint,FL_thigh_joint,FR_thigh_joint,BL_calf_joint,BR_calf_joint,FL_calf_joint,FR_calf_joint",330e02f2406e129bb6ed6ec4a6c6bcd5f80d7e7799a2ab087e81eda65d2fae69,"step=000085 mode=sit    vx= 0.000 vy= 0.000 vxy= 0.000 yaw= 0.000 speed=1.00 imu=fake tilt_rp=[-0.0,+0.0]deg imu_corr=0.000 act_max= 0.000 tau_cmd= 5.037 tau_cmd_max= 10.959 cmds=12 bus=can0:12 tau_fb= 1.529 tau_fb_max= 2.922",,,,,,,,,,,,,,,,,,,,,,,,,,,,,,,,,,,,,,,,,,,,,,,,,0.0,0.0,0.0,0.0,0.0,0.0,0.0,0.0,0.0,0.0,0.0,0.0,0.0,0.0,0.0,0.0,0.0,0.0,0.0,0.0,0.0,0.0,0.0,0.0,0.4414164423942566,-0.3750697374343872,-0.3957791328430176,0.39424508810043335,-0.21706490218639374,0.1913699507713318,-0.21399685740470886,0.22320102155208588,1.276694416999817,-1.225688099861145,1.2118817567825317,-1.2233870029449463,-0.13275551795959473,0.032959990203380585,0.07644886523485184,-0.09842219203710556,0.2636799216270447,-0.23529770970344543,0.24353770911693573,-0.2229377180337906,0.04577776417136192,-0.1194799616932869,0.15427106618881226,-0.12268441170454025,0.4226747751235962,-0.3588747978210449,-0.37922483682632446,0.3775748312473297,-0.19045796990394592,0.1651579737663269,-0.18743294477462769,0.19485795497894287,1.2818609476089478,-1.231260895729065,1.219161033630371,-1.229335904121399,0.0,0.0,0.0,0.0,0.0,0.0,0.0,0.0,0.0,0.0,0.0,0.0
20260708_191726_109883,2026-07-08T19:17:28.615,2.505161,pose,90,sit,0.0,0.0,0.0,0.0,0.0,0.0,0.0,0.0,1.0,fake,0.0,0.0,-1.0,-0.0,0.0,0.0,0.0,5.4953837394714355,10.1256742477417,12,can0:12,1.580553650856018,3.925901174545288,,"BL_hip_joint,BR_hip_joint,FL_hip_joint,FR_hip_joint,BL_thigh_joint,BR_thigh_joint,FL_thigh_joint,FR_thigh_joint,BL_calf_joint,BR_calf_joint,FL_calf_joint,FR_calf_joint",330e02f2406e129bb6ed6ec4a6c6bcd5f80d7e7799a2ab087e81eda65d2fae69,"step=000090 mode=sit    vx= 0.000 vy= 0.000 vxy= 0.000 yaw= 0.000 speed=1.00 imu=fake tilt_rp=[-0.0,+0.0]deg imu_corr=0.000 act_max= 0.000 tau_cmd= 5.495 tau_cmd_max= 10.126 cmds=12 bus=can0:12 tau_fb= 1.581 tau_fb_max= 3.926",,,,,,,,,,,,,,,,,,,,,,,,,,,,,,,,,,,,,,,,,,,,,,,,,0.0,0.0,0.0,0.0,0.0,0.0,0.0,0.0,0.0,0.0,0.0,0.0,0.0,0.0,0.0,0.0,0.0,0.0,0.0,0.0,0.0,0.0,0.0,0.0,0.4237751364707947,-0.3612635135650635,-0.38120585680007935,0.3796718418598175,-0.19060292840003967,0.16567498445510864,-0.18791837990283966,0.19635553658008575,1.2905007600784302,-1.2410283088684082,1.2295231819152832,-1.2394943237304688,-0.09247108548879623,0.1272621899843216,0.1263466328382492,-0.08331552892923355,0.3012176752090454,-0.22797326743602753,0.15335550904273987,-0.27329325675964355,0.0796533077955246,-0.05401776358485222,0.09063997119665146,-0.06042664870619774,0.40583527088165283,-0.3445770740509033,-0.364116370677948,0.3625320792198181,-0.1629498302936554,0.138657808303833,-0.16004535555839539,0.1671745479106903,1.2961293458938599,-1.2475452423095703,1.2359273433685303,-1.245697021484375,0.0,0.0,0.0,0.0,0.0,0.0,0.0,0.0,0.0,0.0,0.0,0.0
20260708_191726_109883,2026-07-08T19:17:28.735,2.625109,pose,95,sit,0.0,0.0,0.0,0.0,0.0,0.0,0.0,0.0,1.0,fake,0.0,0.0,-1.0,-0.0,0.0,0.0,0.0,6.219165802001953,11.78766918182373,12,can0:12,1.5616320371627808,3.936887741088867,,"BL_hip_joint,BR_hip_joint,FL_hip_joint,FR_hip_joint,BL_thigh_joint,BR_thigh_joint,FL_thigh_joint,FR_thigh_joint,BL_calf_joint,BR_calf_joint,FL_calf_joint,FR_calf_joint",330e02f2406e129bb6ed6ec4a6c6bcd5f80d7e7799a2ab087e81eda65d2fae69,"step=000095 mode=sit    vx= 0.000 vy= 0.000 vxy= 0.000 yaw= 0.000 speed=1.00 imu=fake tilt_rp=[-0.0,+0.0]deg imu_corr=0.000 act_max= 0.000 tau_cmd= 6.219 tau_cmd_max= 11.788 cmds=12 bus=can0:12 tau_fb= 1.562 tau_fb_max= 3.937",,,,,,,,,,,,,,,,,,,,,,,,,,,,,,,,,,,,,,,,,,,,,,,,,0.0,0.0,0.0,0.0,0.0,0.0,0.0,0.0,0.0,0.0,0.0,0.0,0.0,0.0,0.0,0.0,0.0,0.0,0.0,0.0,0.0,0.0,0.0,0.0,0.40843483805656433,-0.34669023752212524,-0.3658655881881714,0.3647150695323944,-0.16375744342803955,0.1399800181388855,-0.16068939864635468,0.16912654042243958,1.3058409690856934,-1.2582861185073853,1.2456303834915161,-1.255985140800476,-0.08560442179441452,0.09750663489103317,0.08285775035619736,-0.10620441287755966,0.1753288358449936,-0.23667104542255402,0.21195104718208313,-0.17029328644275665,0.07232886552810669,-0.08651997148990631,0.09018219262361526,-0.1277199685573578,0.38860854506492615,-0.32995063066482544,-0.34866052865982056,0.3471435010433197,-0.13480925559997559,0.11154836416244507,-0.13202804327011108,0.13885462284088135,1.3107258081436157,-1.2642040252685547,1.2530792951583862,-1.2624341249465942,0.0,0.0,0.0,0.0,0.0,0.0,0.0,0.0,0.0,0.0,0.0,0.0
20260708_191726_109883,2026-07-08T19:17:28.855,2.745221,pose,100,sit,0.0,0.0,0.0,0.0,0.0,0.0,0.0,0.0,1.0,fake,0.0,0.0,-1.0,-0.0,0.0,0.0,0.0,6.253703594207764,10.757731437683105,12,can0:12,1.9656972885131836,4.101687908172607,,"BL_hip_joint,BR_hip_joint,FL_hip_joint,FR_hip_joint,BL_thigh_joint,BR_thigh_joint,FL_thigh_joint,FR_thigh_joint,BL_calf_joint,BR_calf_joint,FL_calf_joint,FR_calf_joint",330e02f2406e129bb6ed6ec4a6c6bcd5f80d7e7799a2ab087e81eda65d2fae69,"step=000100 mode=sit    vx= 0.000 vy= 0.000 vxy= 0.000 yaw= 0.000 speed=1.00 imu=fake tilt_rp=[-0.0,+0.0]deg imu_corr=0.000 act_max= 0.000 tau_cmd= 6.254 tau_cmd_max= 10.758 cmds=12 bus=can0:12 tau_fb= 1.966 tau_fb_max= 4.102",,,,,,,,,,,,,,,,,,,,,,,,,,,,,,,,,,,,,,,,,,,,,,,,,0.0,0.0,0.0,0.0,0.0,0.0,0.0,0.0,0.0,0.0,0.0,0.0,0.0,0.0,0.0,0.0,0.0,0.0,0.0,0.0,0.0,0.0,0.0,0.0,0.38964301347732544,-0.332116961479187,-0.3505253195762634,0.34860777854919434,-0.1353779286146164,0.11275102943181992,-0.13230988383293152,0.14036352932453156,1.3192636966705322,-1.2747769355773926,1.263655185699463,-1.2728594541549683,-0.11581774055957794,0.056764427572488785,0.08972442150115967,-0.10620441287755966,0.2311777025461197,-0.17899106442928314,0.28061768412590027,-0.1748710572719574,0.08148442208766937,-0.11261329799890518,0.048066653311252594,-0.08148442208766937,0.37105685472488403,-0.3150482773780823,-0.3329131007194519,0.33146458864212036,-0.10613778233528137,0.08392751216888428,-0.1034822165966034,0.11000046133995056,1.3255976438522339,-1.2811769247055054,1.270554780960083,-1.279487133026123,0.0,0.0,0.0,0.0,0.0,0.0,0.0,0.0,0.0,0.0,0.0,0.0
20260708_191726_109883,2026-07-08T19:17:28.974,2.864703,pose,105,sit,0.0,0.0,0.0,0.0,0.0,0.0,0.0,0.0,1.0,fake,0.0,0.0,-1.0,-0.0,0.0,0.0,0.0,5.224984645843506,9.806835174560547,12,can0:12,1.8356882333755493,3.38755464553833,,"BL_hip_joint,BR_hip_joint,FL_hip_joint,FR_hip_joint,BL_thigh_joint,BR_thigh_joint,FL_thigh_joint,FR_thigh_joint,BL_calf_joint,BR_calf_joint,FL_calf_joint,FR_calf_joint",330e02f2406e129bb6ed6ec4a6c6bcd5f80d7e7799a2ab087e81eda65d2fae69,"step=000105 mode=sit    vx= 0.000 vy= 0.000 vxy= 0.000 yaw= 0.000 speed=1.00 imu=fake tilt_rp=[-0.0,+0.0]deg imu_corr=0.000 act_max= 0.000 tau_cmd= 5.225 tau_cmd_max= 9.807 cmds=12 bus=can0:12 tau_fb= 1.836 tau_fb_max= 3.388",,,,,,,,,,,,,,,,,,,,,,,,,,,,,,,,,,,,,,,,,,,,,,,,,0.0,0.0,0.0,0.0,0.0,0.0,0.0,0.0,0.0,0.0,0.0,0.0,0.0,0.0,0.0,0.0,0.0,0.0,0.0,0.0,0.0,0.0,0.0,0.0,0.3731522262096405,-0.31677669286727905,-0.33441802859306335,0.3340345025062561,-0.10661491751670837,0.08475502580404282,-0.10393036901950836,0.11083349585533142,1.3353710174560547,-1.2924182415008545,1.2801460027694702,-1.2901172637939453,-0.1423688530921936,0.09430219233036041,0.22522659599781036,-0.18906216323375702,0.16342662274837494,-0.16891995072364807,0.27329325675964355,-0.23575548827648163,0.07003998011350632,-0.12314218282699585,0.16022217273712158,-0.110782191157341,0.3532423973083496,-0.29992276430130005,-0.3169299066066742,0.31555095314979553,-0.0770370364189148,0.05589306354522705,-0.07450896501541138,0.08071425557136536,1.3406920433044434,-1.2984040975570679,1.2882918119430542,-1.29679536819458,0.0,0.0,0.0,0.0,0.0,0.0,0.0,0.0,0.0,0.0,0.0,0.0
20260708_191726_109883,2026-07-08T19:17:29.093,2.983917,pose,110,sit,0.0,0.0,0.0,0.0,0.0,0.0,0.0,0.0,1.0,fake,0.0,0.0,-1.0,-0.0,0.0,0.0,0.0,5.818149566650391,10.839284896850586,12,can0:12,2.231208562850952,3.9625232219696045,,"BL_hip_joint,BR_hip_joint,FL_hip_joint,FR_hip_joint,BL_thigh_joint,BR_thigh_joint,FL_thigh_joint,FR_thigh_joint,BL_calf_joint,BR_calf_joint,FL_calf_joint,FR_calf_joint",330e02f2406e129bb6ed6ec4a6c6bcd5f80d7e7799a2ab087e81eda65d2fae69,"step=000110 mode=sit    vx= 0.000 vy= 0.000 vxy= 0.000 yaw= 0.000 speed=1.00 imu=fake tilt_rp=[-0.0,+0.0]deg imu_corr=0.000 act_max= 0.000 tau_cmd= 5.818 tau_cmd_max= 10.839 cmds=12 bus=can0:12 tau_fb= 2.231 tau_fb_max= 3.963",,,,,,,,,,,,,,,,,,,,,,,,,,,,,,,,,,,,,,,,,,,,,,,,,0.0,0.0,0.0,0.0,0.0,0.0,0.0,0.0,0.0,0.0,0.0,0.0,0.0,0.0,0.0,0.0,0.0,0.0,0.0,0.0,0.0,0.0,0.0,0.0,0.3543603718280792,-0.3022034466266632,-0.319077730178833,0.3171602189540863,-0.0774683952331543,0.05637551471590996,-0.07440033555030823,0.08168696612119675,1.3495607376098633,-1.3092925548553467,1.2989379167556763,-1.3077585697174072,-0.09750663489103317,0.09109774976968765,0.17303994297981262,-0.095675528049469,0.29663991928100586,-0.21561327576637268,0.2137821614742279,-0.25040435791015625,0.09659108519554138,-0.08972442150115967,0.07049775868654251,-0.08789330720901489,0.3352273106575012,-0.28462693095207214,-0.3007667064666748,0.2994580864906311,-0.04760861396789551,0.027542978525161743,-0.04520946741104126,0.0510982871055603,1.3559565544128418,-1.3158252239227295,1.3062286376953125,-1.3142985105514526,0.0,0.0,0.0,0.0,0.0,0.0,0.0,0.0,0.0,0.0,0.0,0.0
20260708_191726_109883,2026-07-08T19:17:29.215,3.105629,pose,115,sit,0.0,0.0,0.0,0.0,0.0,0.0,0.0,0.0,1.0,fake,0.0,0.0,-1.0,-0.0,0.0,0.0,0.0,5.7939887046813965,13.008975982666016,12,can0:12,1.8115787506103516,3.21909236907959,,"BL_hip_joint,BR_hip_joint,FL_hip_joint,FR_hip_joint,BL_thigh_joint,BR_thigh_joint,FL_thigh_joint,FR_thigh_joint,BL_calf_joint,BR_calf_joint,FL_calf_joint,FR_calf_joint",330e02f2406e129bb6ed6ec4a6c6bcd5f80d7e7799a2ab087e81eda65d2fae69,"step=000115 mode=sit    vx= 0.000 vy= 0.000 vxy= 0.000 yaw= 0.000 speed=1.00 imu=fake tilt_rp=[-0.0,+0.0]deg imu_corr=0.000 act_max= 0.000 tau_cmd= 5.794 tau_cmd_max= 13.009 cmds=12 bus=can0:12 tau_fb= 1.812 tau_fb_max= 3.219",,,,,,,,,,,,,,,,,,,,,,,,,,,,,,,,,,,,,,,,,,,,,,,,,0.0,0.0,0.0,0.0,0.0,0.0,0.0,0.0,0.0,0.0,0.0,0.0,0.0,0.0,0.0,0.0,0.0,0.0,0.0,0.0,0.0,0.0,0.0,0.0,0.3371025621891022,-0.286479651927948,-0.3022034466266632,0.30258694291114807,-0.047554854303598404,0.02761249616742134,-0.04525381326675415,0.05215694010257721,1.3660515546798706,-1.3273173570632935,1.3165792226791382,-1.3253998756408691,-0.1744132786989212,0.09796441346406937,0.17349772155284882,-0.041657764464616776,0.2059999406337738,-0.22705771028995514,0.23346659541130066,-0.23667104542255402,0.14648884534835815,-0.09842219203710556,0.12451551854610443,-0.11261329799890518,0.3170738220214844,-0.26921358704566956,-0.28447937965393066,0.2832416296005249,-0.017954081296920776,-0.0010249614715576172,-0.015684843063354492,0.021254807710647583,1.3713383674621582,-1.3333802223205566,1.3243032693862915,-1.3319361209869385,0.0,0.0,0.0,0.0,0.0,0.0,0.0,0.0,0.0,0.0,0.0,0.0
20260708_191726_109883,2026-07-08T19:17:29.339,3.229460,pose,120,sit,0.0,0.0,0.0,0.0,0.0,0.0,0.0,0.0,1.0,fake,0.0,0.0,-1.0,-0.0,0.0,0.0,0.0,5.997680187225342,13.651313781738281,12,can0:12,2.1124911308288574,4.130985260009766,,"BL_hip_joint,BR_hip_joint,FL_hip_joint,FR_hip_joint,BL_thigh_joint,BR_thigh_joint,FL_thigh_joint,FR_thigh_joint,BL_calf_joint,BR_calf_joint,FL_calf_joint,FR_calf_joint",330e02f2406e129bb6ed6ec4a6c6bcd5f80d7e7799a2ab087e81eda65d2fae69,"step=000120 mode=sit    vx= 0.000 vy= 0.000 vxy= 0.000 yaw= 0.000 speed=1.00 imu=fake tilt_rp=[-0.0,+0.0]deg imu_corr=0.000 act_max= 0.000 tau_cmd= 5.998 tau_cmd_max= 13.651 cmds=12 bus=can0:12 tau_fb= 2.112 tau_fb_max= 4.131",,,,,,,,,,,,,,,,,,,,,,,,,,,,,,,,,,,,,,,,,,,,,,,,,0.0,0.0,0.0,0.0,0.0,0.0,0.0,0.0,0.0,0.0,0.0,0.0,0.0,0.0,0.0,0.0,0.0,0.0,0.0,0.0,0.0,0.0,0.0,0.0,0.3183107376098633,-0.27113938331604004,-0.286479651927948,0.2845621109008789,-0.01764131709933281,-0.00076701381476596,-0.015340276062488556,0.022243401035666466,1.3810083866119385,-1.3445751667022705,1.3357545137405396,-1.343041181564331,-0.14923551678657532,0.04989776387810707,0.0032044434919953346,-0.11627551913261414,0.20416882634162903,-0.30625325441360474,0.2471999228000641,-0.29572436213493347,0.10620441287755966,-0.036164432764053345,0.14740440249443054,-0.05172887444496155,0.2988440990447998,-0.2537355422973633,-0.2681236267089844,0.26695704460144043,0.011824965476989746,-0.029712826013565063,0.0139637291431427,-0.008714020252227783,1.3867846727371216,-1.3510088920593262,1.3424538373947144,-1.349647879600525,0.0,0.0,0.0,0.0,0.0,0.0,0.0,0.0,0.0,0.0,0.0,0.0
20260708_191726_109883,2026-07-08T19:17:29.463,3.353704,pose,125,sit,0.0,0.0,0.0,0.0,0.0,0.0,0.0,0.0,1.0,fake,0.0,0.0,-1.0,-0.0,0.0,0.0,0.0,5.005555629730225,9.415621757507324,12,can0:12,1.6412855386734009,3.380230188369751,,"BL_hip_joint,BR_hip_joint,FL_hip_joint,FR_hip_joint,BL_thigh_joint,BR_thigh_joint,FL_thigh_joint,FR_thigh_joint,BL_calf_joint,BR_calf_joint,FL_calf_joint,FR_calf_joint",330e02f2406e129bb6ed6ec4a6c6bcd5f80d7e7799a2ab087e81eda65d2fae69,"step=000125 mode=sit    vx= 0.000 vy= 0.000 vxy= 0.000 yaw= 0.000 speed=1.00 imu=fake tilt_rp=[-0.0,+0.0]deg imu_corr=0.000 act_max= 0.000 tau_cmd= 5.006 tau_cmd_max= 9.416 cmds=12 bus=can0:12 tau_fb= 1.641 tau_fb_max= 3.380",,,,,,,,,,,,,,,,,,,,,,,,,,,,,,,,,,,,,,,,,,,,,,,,,0.0,0.0,0.0,0.0,0.0,0.0,0.0,0.0,0.0,0.0,0.0,0.0,0.0,0.0,0.0,0.0,0.0,0.0,0.0,0.0,0.0,0.0,0.0,0.0,0.29990240931510925,-0.25541558861732483,-0.2696053385734558,0.26922184228897095,0.011888713575899601,-0.029146524146199226,0.01380624808371067,-0.007670138031244278,1.3967320919036865,-1.3625999689102173,1.3533958196640015,-1.3610659837722778,-0.19409772753715515,0.1428266316652298,0.11032441258430481,-0.1277199685573578,0.23255103826522827,-0.2925199270248413,0.23667104542255402,-0.2687154710292816,0.07461775839328766,-0.1341288536787033,0.14603106677532196,-0.16937772929668427,0.280600368976593,-0.23824557662010193,-0.2517552971839905,0.2506599426269531,0.041626930236816406,-0.058422744274139404,0.04363512992858887,-0.03870588541030884,1.40224289894104,-1.3686511516571045,1.3606183528900146,-1.3673732280731201,0.0,0.0,0.0,0.0,0.0,0.0,0.0,0.0,0.0,0.0,0.0,0.0
20260708_191726_109883,2026-07-08T19:17:29.588,3.478349,pose,130,sit,0.0,0.0,0.0,0.0,0.0,0.0,0.0,0.0,1.0,fake,0.0,0.0,-1.0,-0.0,0.0,0.0,0.0,5.397670269012451,12.469377517700195,12,can0:12,2.2937710285186768,5.145420551300049,,"BL_hip_joint,BR_hip_joint,FL_hip_joint,FR_hip_joint,BL_thigh_joint,BR_thigh_joint,FL_thigh_joint,FR_thigh_joint,BL_calf_joint,BR_calf_joint,FL_calf_joint,FR_calf_joint",330e02f2406e129bb6ed6ec4a6c6bcd5f80d7e7799a2ab087e81eda65d2fae69,"step=000130 mode=sit    vx= 0.000 vy= 0.000 vxy= 0.000 yaw= 0.000 speed=1.00 imu=fake tilt_rp=[-0.0,+0.0]deg imu_corr=0.000 act_max= 0.000 tau_cmd= 5.398 tau_cmd_max= 12.469 cmds=12 bus=can0:12 tau_fb= 2.294 tau_fb_max= 5.145",,,,,,,,,,,,,,,,,,,,,,,,,,,,,,,,,,,,,,,,,,,,,,,,,0.0,0.0,0.0,0.0,0.0,0.0,0.0,0.0,0.0,0.0,0.0,0.0,0.0,0.0,0.0,0.0,0.0,0.0,0.0,0.0,0.0,0.0,0.0,0.0,0.28226107358932495,-0.24007532000541687,-0.25349804759025574,0.25158053636550903,0.04180225357413292,-0.057526033371686935,0.043336279690265656,-0.03758367523550987,1.4124559164047241,-1.3798577785491943,1.3714206218719482,-1.3787072896957397,-0.06729331612586975,0.1574755162000656,0.12039551883935928,-0.18631550669670105,0.3025910258293152,-0.18127994239330292,0.21881771087646484,-0.28839990496635437,0.11032441258430481,-0.06408887356519699,0.17853328585624695,-0.08194220066070557,0.26240473985671997,-0.22279644012451172,-0.23543015122413635,0.2344057857990265,0.07135027647018433,-0.087056964635849,0.07322824001312256,-0.06861865520477295,1.4176602363586426,-1.3862468004226685,1.3787349462509155,-1.3850517272949219,0.0,0.0,0.0,0.0,0.0,0.0,0.0,0.0,0.0,0.0,0.0,0.0
20260708_191726_109883,2026-07-08T19:17:29.712,3.602584,pose,135,sit,0.0,0.0,0.0,0.0,0.0,0.0,0.0,0.0,1.0,fake,0.0,0.0,-1.0,-0.0,0.0,0.0,0.0,6.098344326019287,10.171544075012207,12,can0:12,1.803644061088562,4.0028076171875,,"BL_hip_joint,BR_hip_joint,FL_hip_joint,FR_hip_joint,BL_thigh_joint,BR_thigh_joint,FL_thigh_joint,FR_thigh_joint,BL_calf_joint,BR_calf_joint,FL_calf_joint,FR_calf_joint",330e02f2406e129bb6ed6ec4a6c6bcd5f80d7e7799a2ab087e81eda65d2fae69,"step=000135 mode=sit    vx= 0.000 vy= 0.000 vxy= 0.000 yaw= 0.000 speed=1.00 imu=fake tilt_rp=[-0.0,+0.0]deg imu_corr=0.000 act_max= 0.000 tau_cmd= 6.098 tau_cmd_max= 10.172 cmds=12 bus=can0:12 tau_fb= 1.804 tau_fb_max= 4.003",,,,,,,,,,,,,,,,,,,,,,,,,,,,,,,,,,,,,,,,,,,,,,,,,0.0,0.0,0.0,0.0,0.0,0.0,0.0,0.0,0.0,0.0,0.0,0.0,0.0,0.0,0.0,0.0,0.0,0.0,0.0,0.0,0.0,0.0,0.0,0.0,0.2630857229232788,-0.22473503649234772,-0.2370072603225708,0.2370072603225708,0.0709487795829773,-0.0859055444598198,0.07248280197381973,-0.06711370497941971,1.4277962446212769,-1.3978826999664307,1.3902125358581543,-1.3967320919036865,-0.15610218048095703,0.10116885602474213,0.08835108578205109,-0.11032441258430481,0.17303994297981262,-0.24033325910568237,0.22568437457084656,-0.20187993347644806,0.06820886582136154,-0.09201330691576004,0.14145329594612122,-0.18448439240455627,0.24431949853897095,-0.2074410617351532,-0.21920400857925415,0.21825027465820312,0.10089331865310669,-0.1155175268650055,0.10264188051223755,-0.09834998846054077,1.4329842329025269,-1.4037357568740845,1.3967416286468506,-1.4026230573654175,0.0,0.0,0.0,0.0,0.0,0.0,0.0,0.0,0.0,0.0,0.0,0.0
20260708_191726_109883,2026-07-08T19:17:29.836,3.726193,pose,140,sit,0.0,0.0,0.0,0.0,0.0,0.0,0.0,0.0,1.0,fake,0.0,0.0,-1.0,-0.0,0.0,0.0,0.0,6.162416934967041,9.527798652648926,12,can0:12,2.2095401287078857,4.5851006507873535,,"BL_hip_joint,BR_hip_joint,FL_hip_joint,FR_hip_joint,BL_thigh_joint,BR_thigh_joint,FL_thigh_joint,FR_thigh_joint,BL_calf_joint,BR_calf_joint,FL_calf_joint,FR_calf_joint",330e02f2406e129bb6ed6ec4a6c6bcd5f80d7e7799a2ab087e81eda65d2fae69,"step=000140 mode=sit    vx= 0.000 vy= 0.000 vxy= 0.000 yaw= 0.000 speed=1.00 imu=fake tilt_rp=[-0.0,+0.0]deg imu_corr=0.000 act_max= 0.000 tau_cmd= 6.162 tau_cmd_max= 9.528 cmds=12 bus=can0:12 tau_fb= 2.210 tau_fb_max= 4.585",,,,,,,,,,,,,,,,,,,,,,,,,,,,,,,,,,,,,,,,,,,,,,,,,0.0,0.0,0.0,0.0,0.0,0.0,0.0,0.0,0.0,0.0,0.0,0.0,0.0,0.0,0.0,0.0,0.0,0.0,0.0,0.0,0.0,0.0,0.0,0.0,0.24621142446994781,-0.2090112566947937,-0.22089996933937073,0.21974945068359375,0.10009530186653137,-0.11428505927324295,0.10201283544301987,-0.09664373844861984,1.44313645362854,-1.4151405096054077,1.4074703454971313,-1.4139899015426636,-0.1817377209663391,0.09933774918317795,0.15472884476184845,-0.11673329770565033,0.23941770195960999,-0.19501326978206635,0.18448439240455627,-0.16800439357757568,0.1272621899843216,-0.01831110566854477,0.10116885602474213,-0.07553330808877945,0.2264067530632019,-0.1922321319580078,-0.20313265919685364,0.20224884152412415,0.130154550075531,-0.1437065303325653,0.13177490234375,-0.12779772281646729,1.4481619596481323,-1.421057939529419,1.414576530456543,-1.4200267791748047,0.0,0.0,0.0,0.0,0.0,0.0,0.0,0.0,0.0,0.0,0.0,0.0
20260708_191726_109883,2026-07-08T19:17:29.960,3.850110,pose,145,sit,0.0,0.0,0.0,0.0,0.0,0.0,0.0,0.0,1.0,fake,0.0,0.0,-1.0,-0.0,0.0,0.0,0.0,5.914058208465576,10.672457695007324,12,can0:12,2.1970274448394775,4.248176574707031,,"BL_hip_joint,BR_hip_joint,FL_hip_joint,FR_hip_joint,BL_thigh_joint,BR_thigh_joint,FL_thigh_joint,FR_thigh_joint,BL_calf_joint,BR_calf_joint,FL_calf_joint,FR_calf_joint",330e02f2406e129bb6ed6ec4a6c6bcd5f80d7e7799a2ab087e81eda65d2fae69,"step=000145 mode=sit    vx= 0.000 vy= 0.000 vxy= 0.000 yaw= 0.000 speed=1.00 imu=fake tilt_rp=[-0.0,+0.0]deg imu_corr=0.000 act_max= 0.000 tau_cmd= 5.914 tau_cmd_max= 10.672 cmds=12 bus=can0:12 tau_fb= 2.197 tau_fb_max= 4.248",,,,,,,,,,,,,,,,,,,,,,,,,,,,,,,,,,,,,,,,,,,,,,,,,0.0,0.0,0.0,0.0,0.0,0.0,0.0,0.0,0.0,0.0,0.0,0.0,0.0,0.0,0.0,0.0,0.0,0.0,0.0,0.0,0.0,0.0,0.0,0.0,0.22741958498954773,-0.19443799555301666,-0.20479267835617065,0.2051761895418167,0.12924182415008545,-0.14343157410621643,0.13115936517715454,-0.12617376446723938,1.4577096700668335,-1.4327818155288696,1.4262621402740479,-1.4320148229599,-0.09292886406183243,0.14603106677532196,0.12039551883935928,-0.12039551883935928,0.22522659599781036,-0.18494217097759247,0.18906216323375702,-0.14465773105621338,0.12039551883935928,-0.12955106794834137,0.13824884593486786,-0.12222663313150406,0.20872870087623596,-0.17722246050834656,-0.18727189302444458,0.1864570677280426,0.15903240442276,-0.17152628302574158,0.16052627563476562,-0.15685957670211792,1.463140845298767,-1.4381531476974487,1.4321777820587158,-1.4372025728225708,0.0,0.0,0.0,0.0,0.0,0.0,0.0,0.0,0.0,0.0,0.0,0.0
20260708_191726_109883,2026-07-08T19:17:30.083,3.974057,pose,150,sit,0.0,0.0,0.0,0.0,0.0,0.0,0.0,0.0,1.0,fake,0.0,0.0,-1.0,-0.0,0.0,0.0,0.0,5.154756546020508,10.523638725280762,12,can0:12,2.5858333110809326,4.222540855407715,,"BL_hip_joint,BR_hip_joint,FL_hip_joint,FR_hip_joint,BL_thigh_joint,BR_thigh_joint,FL_thigh_joint,FR_thigh_joint,BL_calf_joint,BR_calf_joint,FL_calf_joint,FR_calf_joint",330e02f2406e129bb6ed6ec4a6c6bcd5f80d7e7799a2ab087e81eda65d2fae69,"step=000150 mode=sit    vx= 0.000 vy= 0.000 vxy= 0.000 yaw= 0.000 speed=1.00 imu=fake tilt_rp=[-0.0,+0.0]deg imu_corr=0.000 act_max= 0.000 tau_cmd= 5.155 tau_cmd_max= 10.524 cmds=12 bus=can0:12 tau_fb= 2.586 tau_fb_max= 4.223",,,,,,,,,,,,,,,,,,,,,,,,,,,,,,,,,,,,,,,,,,,,,,,,,0.0,0.0,0.0,0.0,0.0,0.0,0.0,0.0,0.0,0.0,0.0,0.0,0.0,0.0,0.0,0.0,0.0,0.0,0.0,0.0,0.0,0.0,0.0,0.0,0.21131230890750885,-0.1790977269411087,-0.1894524097442627,0.18791837990283966,0.15838834643363953,-0.17104408144950867,0.16030588746070862,-0.15570379793643951,1.473816990852356,-1.4500396251678467,1.44313645362854,-1.4485055208206177,-0.12359996140003204,0.23483993113040924,0.0947599709033966,-0.12955106794834137,0.20966215431690216,-0.2380443811416626,0.2471999228000641,-0.1826532781124115,0.07232886552810669,-0.11673329770565033,0.08835108578205109,-0.09292886406183243,0.1913476288318634,-0.1624649465084076,-0.17167752981185913,0.17093056440353394,0.18742519617080688,-0.198878675699234,0.18879461288452148,-0.1854332685470581,1.4778680801391602,-1.4549611806869507,1.4494833946228027,-1.454089641571045,0.0,0.0,0.0,0.0,0.0,0.0,0.0,0.0,0.0,0.0,0.0,0.0
20260708_191726_109883,2026-07-08T19:17:30.207,4.097862,pose,155,sit,0.0,0.0,0.0,0.0,0.0,0.0,0.0,0.0,1.0,fake,0.0,0.0,-1.0,-0.0,0.0,0.0,0.0,5.937610149383545,11.772175788879395,12,can0:12,2.6364941596984863,4.2664875984191895,,"BL_hip_joint,BR_hip_joint,FL_hip_joint,FR_hip_joint,BL_thigh_joint,BR_thigh_joint,FL_thigh_joint,FR_thigh_joint,BL_calf_joint,BR_calf_joint,FL_calf_joint,FR_calf_joint",330e02f2406e129bb6ed6ec4a6c6bcd5f80d7e7799a2ab087e81eda65d2fae69,"step=000155 mode=sit    vx= 0.000 vy= 0.000 vxy= 0.000 yaw= 0.000 speed=1.00 imu=fake tilt_rp=[-0.0,+0.0]deg imu_corr=0.000 act_max= 0.000 tau_cmd= 5.938 tau_cmd_max= 11.772 cmds=12 bus=can0:12 tau_fb= 2.636 tau_fb_max= 4.266",,,,,,,,,,,,,,,,,,,,,,,,,,,,,,,,,,,,,,,,,,,,,,,,,0.0,0.0,0.0,0.0,0.0,0.0,0.0,0.0,0.0,0.0,0.0,0.0,0.0,0.0,0.0,0.0,0.0,0.0,0.0,0.0,0.0,0.0,0.0,0.0,0.19252046942710876,-0.16490796208381653,-0.17334511876106262,0.17372862994670868,0.18715137243270874,-0.1978895664215088,0.18830189108848572,-0.18446682393550873,1.4876232147216797,-1.4669139385223389,1.4611612558364868,-1.4657633304595947,-0.10071108490228653,0.07003998011350632,0.14053773880004883,-0.048066653311252594,0.20966215431690216,-0.2851954698562622,0.16571550071239471,-0.17212440073490143,0.13229773938655853,-0.1029999703168869,0.024262215942144394,-0.08789330720901489,0.17432555556297302,-0.14801225066184998,-0.15640529990196228,0.15572479367256165,0.21523147821426392,-0.22566601634025574,0.2164791226387024,-0.21341675519943237,1.4922912120819092,-1.4714219570159912,1.4664316177368164,-1.470628023147583,0.0,0.0,0.0,0.0,0.0,0.0,0.0,0.0,0.0,0.0,0.0,0.0
20260708_191726_109883,2026-07-08T19:17:30.331,4.222040,pose,160,sit,0.0,0.0,0.0,0.0,0.0,0.0,0.0,0.0,1.0,fake,0.0,0.0,-1.0,-0.0,0.0,0.0,0.0,5.441121578216553,8.795119285583496,12,can0:12,2.398754835128784,4.398327350616455,,"BL_hip_joint,BR_hip_joint,FL_hip_joint,FR_hip_joint,BL_thigh_joint,BR_thigh_joint,FL_thigh_joint,FR_thigh_joint,BL_calf_joint,BR_calf_joint,FL_calf_joint,FR_calf_joint",330e02f2406e129bb6ed6ec4a6c6bcd5f80d7e7799a2ab087e81eda65d2fae69,"step=000160 mode=sit    vx= 0.000 vy= 0.000 vxy= 0.000 yaw= 0.000 speed=1.00 imu=fake tilt_rp=[-0.0,+0.0]deg imu_corr=0.000 act_max= 0.000 tau_cmd= 5.441 tau_cmd_max= 8.795 cmds=12 bus=can0:12 tau_fb= 2.399 tau_fb_max= 4.398",,,,,,,,,,,,,,,,,,,,,,,,,,,,,,,,,,,,,,,,,,,,,,,,,0.0,0.0,0.0,0.0,0.0,0.0,0.0,0.0,0.0,0.0,0.0,0.0,0.0,0.0,0.0,0.0,0.0,0.0,0.0,0.0,0.0,0.0,0.0,0.0,0.1771801859140396,-0.14995120465755463,-0.15838834643363953,0.1576213389635086,0.21476386487483978,-0.2239680290222168,0.21591438353061676,-0.21207931637763977,1.5029635429382324,-1.4834046363830566,1.4772685766220093,-1.4818706512451172,-0.173955500125885,0.08972442150115967,0.11673329770565033,-0.13870662450790405,0.19455549120903015,-0.1821954995393753,0.18677328526973724,-0.269631028175354,0.1593066155910492,-0.13321329653263092,0.0952177494764328,-0.11810663342475891,0.15772482752799988,-0.13391730189323425,-0.14151108264923096,0.14089539647102356,0.2423495054244995,-0.2517903745174408,0.24347829818725586,-0.2407076358795166,1.506357192993164,-1.4874753952026367,1.4829602241516113,-1.4867570400238037,0.0,0.0,0.0,0.0,0.0,0.0,0.0,0.0,0.0,0.0,0.0,0.0
20260708_191726_109883,2026-07-08T19:17:30.456,4.346172,pose,165,sit,0.0,0.0,0.0,0.0,0.0,0.0,0.0,0.0,1.0,fake,0.0,0.0,-1.0,-0.0,0.0,0.0,0.0,5.551480770111084,9.943658828735352,12,can0:12,2.4106571674346924,5.035553932189941,,"BL_hip_joint,BR_hip_joint,FL_hip_joint,FR_hip_joint,BL_thigh_joint,BR_thigh_joint,FL_thigh_joint,FR_thigh_joint,BL_calf_joint,BR_calf_joint,FL_calf_joint,FR_calf_joint",330e02f2406e129bb6ed6ec4a6c6bcd5f80d7e7799a2ab087e81eda65d2fae69,"step=000165 mode=sit    vx= 0.000 vy= 0.000 vxy= 0.000 yaw= 0.000 speed=1.00 imu=fake tilt_rp=[-0.0,+0.0]deg imu_corr=0.000 act_max= 0.000 tau_cmd= 5.551 tau_cmd_max= 9.944 cmds=12 bus=can0:12 tau_fb= 2.411 tau_fb_max= 5.036",,,,,,,,,,,,,,,,,,,,,,,,,,,,,,,,,,,,,,,,,,,,,,,,,0.0,0.0,0.0,0.0,0.0,0.0,0.0,0.0,0.0,0.0,0.0,0.0,0.0,0.0,0.0,0.0,0.0,0.0,0.0,0.0,0.0,0.0,0.0,0.0,0.15915536880493164,-0.13652846217155457,-0.1438150852918625,0.1438150852918625,0.2416093498468399,-0.2500464916229248,0.24237635731697083,-0.23854129016399384,1.5160027742385864,-1.499511957168579,1.4945263862609863,-1.4983614683151245,-0.10116885602474213,0.09430219233036041,0.12268441170454025,-0.10391552746295929,0.17990660667419434,-0.10025330632925034,0.17715995013713837,-0.2636799216270447,0.10574663430452347,-0.08194220066070557,0.07553330808877945,-0.08514664322137833,0.14160755276679993,-0.12023282051086426,-0.12705063819885254,0.12649783492088318,0.26867783069610596,-0.27715393900871277,0.2696912884712219,-0.267203688621521,1.520013689994812,-1.503061294555664,1.4990074634552002,-1.5024163722991943,0.0,0.0,0.0,0.0,0.0,0.0,0.0,0.0,0.0,0.0,0.0,0.0
20260708_191726_109883,2026-07-08T19:17:30.580,4.470090,pose,170,sit,0.0,0.0,0.0,0.0,0.0,0.0,0.0,0.0,1.0,fake,0.0,0.0,-1.0,-0.0,0.0,0.0,0.0,5.620410919189453,10.859808921813965,12,can0:12,2.4903104305267334,5.705740451812744,,"BL_hip_joint,BR_hip_joint,FL_hip_joint,FR_hip_joint,BL_thigh_joint,BR_thigh_joint,FL_thigh_joint,FR_thigh_joint,BL_calf_joint,BR_calf_joint,FL_calf_joint,FR_calf_joint",330e02f2406e129bb6ed6ec4a6c6bcd5f80d7e7799a2ab087e81eda65d2fae69,"step=000170 mode=sit    vx= 0.000 vy= 0.000 vxy= 0.000 yaw= 0.000 speed=1.00 imu=fake tilt_rp=[-0.0,+0.0]deg imu_corr=0.000 act_max= 0.000 tau_cmd= 5.620 tau_cmd_max= 10.860 cmds=12 bus=can0:12 tau_fb= 2.490 tau_fb_max= 5.706",,,,,,,,,,,,,,,,,,,,,,,,,,,,,,,,,,,,,,,,,,,,,,,,,0.0,0.0,0.0,0.0,0.0,0.0,0.0,0.0,0.0,0.0,0.0,0.0,0.0,0.0,0.0,0.0,0.0,0.0,0.0,0.0,0.0,0.0,0.0,0.0,0.1445821076631546,-0.12272220849990845,-0.1296253353357315,0.12924182415008545,0.266920804977417,-0.2761249542236328,0.26807132363319397,-0.26461976766586304,1.530192494392395,-1.514468789100647,1.5094832181930542,-1.5137017965316772,-0.11993774026632309,0.1432843953371048,0.04303110018372536,-0.11581774055957794,0.12039551883935928,-0.16525772213935852,0.23392437398433685,-0.17258216440677643,0.0947599709033966,-0.07690664380788803,0.07324442267417908,-0.10025330632925034,0.1260359287261963,-0.10701164603233337,-0.1130797266960144,0.11258772015571594,0.29411470890045166,-0.30165883898735046,0.2950167655944824,-0.29280269145965576,1.5332077741622925,-1.51811945438385,1.5145114660263062,-1.517545461654663,0.0,0.0,0.0,0.0,0.0,0.0,0.0,0.0,0.0,0.0,0.0,0.0
20260708_191726_109883,2026-07-08T19:17:30.704,4.594260,pose,175,sit,0.0,0.0,0.0,0.0,0.0,0.0,0.0,0.0,1.0,fake,0.0,0.0,-1.0,-0.0,0.0,0.0,0.0,5.533675670623779,10.943816184997559,12,can0:12,2.903225898742676,4.870754241943359,,"BL_hip_joint,BR_hip_joint,FL_hip_joint,FR_hip_joint,BL_thigh_joint,BR_thigh_joint,FL_thigh_joint,FR_thigh_joint,BL_calf_joint,BR_calf_joint,FL_calf_joint,FR_calf_joint",330e02f2406e129bb6ed6ec4a6c6bcd5f80d7e7799a2ab087e81eda65d2fae69,"step=000175 mode=sit    vx= 0.000 vy= 0.000 vxy= 0.000 yaw= 0.000 speed=1.00 imu=fake tilt_rp=[-0.0,+0.0]deg imu_corr=0.000 act_max= 0.000 tau_cmd= 5.534 tau_cmd_max= 10.944 cmds=12 bus=can0:12 tau_fb= 2.903 tau_fb_max= 4.871",,,,,,,,,,,,,,,,,,,,,,,,,,,,,,,,,,,,,,,,,,,,,,,,,0.0,0.0,0.0,0.0,0.0,0.0,0.0,0.0,0.0,0.0,0.0,0.0,0.0,0.0,0.0,0.0,0.0,0.0,0.0,0.0,0.0,0.0,0.0,0.0,0.12770779430866241,-0.10968297719955444,-0.11543557792901993,0.11543557792901993,0.29261577129364014,-0.3002859055995941,0.2937662899494171,-0.29069823026657104,1.543231725692749,-1.5298089981079102,1.525973916053772,-1.5290420055389404,-0.04257332161068916,0.08239997923374176,0.13824884593486786,-0.08102664351463318,0.15243995189666748,-0.23300881683826447,0.14465773105621338,-0.14007996022701263,0.0869777500629425,-0.0398266538977623,0.07599108666181564,-0.10208441317081451,0.11107215285301208,-0.09430655837059021,-0.0996541976928711,0.09922060370445251,0.3185586929321289,-0.3252071440219879,0.3193536400794983,-0.3174024820327759,1.545886754989624,-1.5325899124145508,1.5294102430343628,-1.5320839881896973,0.0,0.0,0.0,0.0,0.0,0.0,0.0,0.0,0.0,0.0,0.0,0.0
20260708_191726_109883,2026-07-08T19:17:30.827,4.718044,pose,180,sit,0.0,0.0,0.0,0.0,0.0,0.0,0.0,0.0,1.0,fake,0.0,0.0,-1.0,-0.0,0.0,0.0,0.0,5.320129871368408,9.742341041564941,12,can0:12,2.9783012866973877,5.094149589538574,,"BL_hip_joint,BR_hip_joint,FL_hip_joint,FR_hip_joint,BL_thigh_joint,BR_thigh_joint,FL_thigh_joint,FR_thigh_joint,BL_calf_joint,BR_calf_joint,FL_calf_joint,FR_calf_joint",330e02f2406e129bb6ed6ec4a6c6bcd5f80d7e7799a2ab087e81eda65d2fae69,"step=000180 mode=sit    vx= 0.000 vy= 0.000 vxy= 0.000 yaw= 0.000 speed=1.00 imu=fake tilt_rp=[-0.0,+0.0]deg imu_corr=0.000 act_max= 0.000 tau_cmd= 5.320 tau_cmd_max= 9.742 cmds=12 bus=can0:12 tau_fb= 2.978 tau_fb_max= 5.094",,,,,,,,,,,,,,,,,,,,,,,,,,,,,,,,,,,,,,,,,,,,,,,,,0.0,0.0,0.0,0.0,0.0,0.0,0.0,0.0,0.0,0.0,0.0,0.0,0.0,0.0,0.0,0.0,0.0,0.0,0.0,0.0,0.0,0.0,0.0,0.0,0.11466856300830841,-0.09741075336933136,-0.10201283544301987,0.10316335409879684,0.31754371523857117,-0.3229128122329712,0.3183107376098633,-0.3156261742115021,1.5551204681396484,-1.5436152219772339,1.5397802591323853,-1.543231725692749,-0.10208441317081451,0.06454664468765259,0.12451551854610443,-0.1748710572719574,0.17166662216186523,-0.1826532781124115,0.15564440190792084,-0.16113772988319397,0.08148442208766937,-0.06454664468765259,-0.0050355540588498116,-0.12863551080226898,0.09677839279174805,-0.08217033743858337,-0.08682981133460999,0.08645200729370117,0.34190821647644043,-0.3477010428905487,0.34260082244873047,-0.340900719165802,1.5579981803894043,-1.5464123487472534,1.5436419248580933,-1.5459716320037842,0.0,0.0,0.0,0.0,0.0,0.0,0.0,0.0,0.0,0.0,0.0,0.0
20260708_191726_109883,2026-07-08T19:17:30.952,4.842267,pose,185,sit,0.0,0.0,0.0,0.0,0.0,0.0,0.0,0.0,1.0,fake,0.0,0.0,-1.0,-0.0,0.0,0.0,0.0,4.988135814666748,8.728537559509277,12,can0:12,2.532120943069458,5.401776313781738,,"BL_hip_joint,BR_hip_joint,FL_hip_joint,FR_hip_joint,BL_thigh_joint,BR_thigh_joint,FL_thigh_joint,FR_thigh_joint,BL_calf_joint,BR_calf_joint,FL_calf_joint,FR_calf_joint",330e02f2406e129bb6ed6ec4a6c6bcd5f80d7e7799a2ab087e81eda65d2fae69,"step=000185 mode=sit    vx= 0.000 vy= 0.000 vxy= 0.000 yaw= 0.000 speed=1.00 imu=fake tilt_rp=[-0.0,+0.0]deg imu_corr=0.000 act_max= 0.000 tau_cmd= 4.988 tau_cmd_max= 8.729 cmds=12 bus=can0:12 tau_fb= 2.532 tau_fb_max= 5.402",,,,,,,,,,,,,,,,,,,,,,,,,,,,,,,,,,,,,,,,,,,,,,,,,0.0,0.0,0.0,0.0,0.0,0.0,0.0,0.0,0.0,0.0,0.0,0.0,0.0,0.0,0.0,0.0,0.0,0.0,0.0,0.0,0.0,0.0,0.0,0.0,0.09932828694581985,-0.08475502580404282,-0.09012412279844284,0.08897360414266586,0.3405541181564331,-0.34553971886634827,0.3405541181564331,-0.33825308084487915,1.5681596994400024,-1.558188557624817,1.5547369718551636,-1.5574215650558472,-0.15381328761577606,0.06088442727923393,0.0796533077955246,-0.16479995846748352,0.1341288536787033,-0.1501510739326477,0.1661732792854309,-0.15335550904273987,0.025177771225571632,-0.06408887356519699,0.12451551854610443,-0.05813775956630707,0.08321690559387207,-0.07065585255622864,-0.07466241717338562,0.07433754205703735,0.36406153440475464,-0.36904260516166687,0.36465710401535034,-0.3631952404975891,1.5694890022277832,-1.559526801109314,1.5571445226669312,-1.559147834777832,0.0,0.0,0.0,0.0,0.0,0.0,0.0,0.0,0.0,0.0,0.0,0.0
20260708_191726_109883,2026-07-08T19:17:31.076,4.966484,pose,190,sit,0.0,0.0,0.0,0.0,0.0,0.0,0.0,0.0,1.0,fake,0.0,0.0,-1.0,-0.0,0.0,0.0,0.0,5.9461350440979,10.70219898223877,12,can0:12,3.088473320007324,6.009705066680908,,"BL_hip_joint,BR_hip_joint,FL_hip_joint,FR_hip_joint,BL_thigh_joint,BR_thigh_joint,FL_thigh_joint,FR_thigh_joint,BL_calf_joint,BR_calf_joint,FL_calf_joint,FR_calf_joint",330e02f2406e129bb6ed6ec4a6c6bcd5f80d7e7799a2ab087e81eda65d2fae69,"step=000190 mode=sit    vx= 0.000 vy= 0.000 vxy= 0.000 yaw= 0.000 speed=1.00 imu=fake tilt_rp=[-0.0,+0.0]deg imu_corr=0.000 act_max= 0.000 tau_cmd= 5.946 tau_cmd_max= 10.702 cmds=12 bus=can0:12 tau_fb= 3.088 tau_fb_max= 6.010",,,,,,,,,,,,,,,,,,,,,,,,,,,,,,,,,,,,,,,,,,,,,,,,,0.0,0.0,0.0,0.0,0.0,0.0,0.0,0.0,0.0,0.0,0.0,0.0,0.0,0.0,0.0,0.0,0.0,0.0,0.0,0.0,0.0,0.0,0.0,0.0,0.08628905564546585,-0.07401683181524277,-0.0774683952331543,0.07823541015386581,0.36164700984954834,-0.3673996031284332,0.3627975285053253,-0.3601129651069641,1.5788979530334473,-1.5700773000717163,1.5677762031555176,-1.5704607963562012,-0.0787377581000328,0.06866664439439774,0.06683553755283356,-0.02151555009186268,0.20462660491466522,-0.11261329799890518,0.11307107657194138,-0.10620441287755966,0.07324442267417908,-0.02929776906967163,0.158848837018013,-0.09430219233036041,0.07044976949691772,-0.05981585383415222,-0.0632077157497406,0.06293269991874695,0.38491714000701904,-0.389134019613266,0.3854213356971741,-0.38418376445770264,1.5803067684173584,-1.5718729496002197,1.5698561668395996,-1.571552038192749,0.0,0.0,0.0,0.0,0.0,0.0,0.0,0.0,0.0,0.0,0.0,0.0
20260708_191726_109883,2026-07-08T19:17:31.200,5.090411,pose,195,sit,0.0,0.0,0.0,0.0,0.0,0.0,0.0,0.0,1.0,fake,0.0,0.0,-1.0,-0.0,0.0,0.0,0.0,5.945463180541992,11.78014087677002,12,can0:12,2.852259874343872,5.6581315994262695,,"BL_hip_joint,BR_hip_joint,FL_hip_joint,FR_hip_joint,BL_thigh_joint,BR_thigh_joint,FL_thigh_joint,FR_thigh_joint,BL_calf_joint,BR_calf_joint,FL_calf_joint,FR_calf_joint",330e02f2406e129bb6ed6ec4a6c6bcd5f80d7e7799a2ab087e81eda65d2fae69,"step=000195 mode=sit    vx= 0.000 vy= 0.000 vxy= 0.000 yaw= 0.000 speed=1.00 imu=fake tilt_rp=[-0.0,+0.0]deg imu_corr=0.000 act_max= 0.000 tau_cmd= 5.945 tau_cmd_max= 11.780 cmds=12 bus=can0:12 tau_fb= 2.852 tau_fb_max= 5.658",,,,,,,,,,,,,,,,,,,,,,,,,,,,,,,,,,,,,,,,,,,,,,,,,0.0,0.0,0.0,0.0,0.0,0.0,0.0,0.0,0.0,0.0,0.0,0.0,0.0,0.0,0.0,0.0,0.0,0.0,0.0,0.0,0.0,0.0,0.0,0.0,0.07440033555030823,-0.06366214901208878,-0.06634669750928879,0.06711370497941971,0.3835068941116333,-0.38580793142318726,0.3842739164829254,-0.38197287917137146,1.5892525911331177,-1.5831165313720703,1.579664945602417,-1.5819659233093262,-0.0032044434919953346,0.013733329251408577,0.09063997119665146,-0.08285775035619736,0.17807550728321075,-0.12359996140003204,0.17899106442928314,-0.13275551795959473,0.08835108578205109,-0.11673329770565033,0.15472884476184845,-0.12039551883935928,0.05853927135467529,-0.04970315098762512,-0.05252155661582947,0.05229303240776062,0.40437352657318115,-0.40787747502326965,0.4047924876213074,-0.40376412868499756,1.5903987884521484,-1.583390712738037,1.5817149877548218,-1.5831241607666016,0.0,0.0,0.0,0.0,0.0,0.0,0.0,0.0,0.0,0.0,0.0,0.0
20260708_191726_109883,2026-07-08T19:17:31.324,5.214354,pose,200,sit,0.0,0.0,0.0,0.0,0.0,0.0,0.0,0.0,1.0,fake,0.0,0.0,-1.0,-0.0,0.0,0.0,0.0,5.1709465980529785,9.404109954833984,12,can0:12,2.4835963249206543,5.035553932189941,,"BL_hip_joint,BR_hip_joint,FL_hip_joint,FR_hip_joint,BL_thigh_joint,BR_thigh_joint,FL_thigh_joint,FR_thigh_joint,BL_calf_joint,BR_calf_joint,FL_calf_joint,FR_calf_joint",330e02f2406e129bb6ed6ec4a6c6bcd5f80d7e7799a2ab087e81eda65d2fae69,"step=000200 mode=sit    vx= 0.000 vy= 0.000 vxy= 0.000 yaw= 0.000 speed=1.00 imu=fake tilt_rp=[-0.0,+0.0]deg imu_corr=0.000 act_max= 0.000 tau_cmd= 5.171 tau_cmd_max= 9.404 cmds=12 bus=can0:12 tau_fb= 2.484 tau_fb_max= 5.036",,,,,,,,,,,,,,,,,,,,,,,,,,,,,,,,,,,,,,,,,,,,,,,,,0.0,0.0,0.0,0.0,0.0,0.0,0.0,0.0,0.0,0.0,0.0,0.0,0.0,0.0,0.0,0.0,0.0,0.0,0.0,0.0,0.0,0.0,0.0,0.0,0.061361104249954224,-0.05292395129799843,-0.05637551471590996,0.05522499233484268,0.40191522240638733,-0.4057503044605255,0.4022987484931946,-0.3999977111816406,1.6003743410110474,-1.5942381620407104,1.592704176902771,-1.5938546657562256,-0.026551103219389915,0.04989776387810707,0.08468886464834213,-0.07782220095396042,0.143742173910141,-0.1185644119977951,0.13824884593486786,-0.17120884358882904,0.06820886582136154,-0.11444441229104996,0.07324442267417908,0.020142216235399246,0.04754751920700073,-0.040370553731918335,-0.042659759521484375,0.04247415065765381,0.42232900857925415,-0.4251750409603119,0.42266929149627686,-0.4218340516090393,1.5997121334075928,-1.594020128250122,1.5926589965820312,-1.5938036441802979,0.0,0.0,0.0,0.0,0.0,0.0,0.0,0.0,0.0,0.0,0.0,0.0
20260708_191726_109883,2026-07-08T19:17:31.448,5.338159,pose,205,sit,0.0,0.0,0.0,0.0,0.0,0.0,0.0,0.0,1.0,fake,0.0,0.0,-1.0,-0.0,0.0,0.0,0.0,5.0821051597595215,9.058748245239258,12,can0:12,3.447676420211792,6.200140476226807,,"BL_hip_joint,BR_hip_joint,FL_hip_joint,FR_hip_joint,BL_thigh_joint,BR_thigh_joint,FL_thigh_joint,FR_thigh_joint,BL_calf_joint,BR_calf_joint,FL_calf_joint,FR_calf_joint",330e02f2406e129bb6ed6ec4a6c6bcd5f80d7e7799a2ab087e81eda65d2fae69,"step=000205 mode=sit    vx= 0.000 vy= 0.000 vxy= 0.000 yaw= 0.000 speed=1.00 imu=fake tilt_rp=[-0.0,+0.0]deg imu_corr=0.000 act_max= 0.000 tau_cmd= 5.082 tau_cmd_max= 9.059 cmds=12 bus=can0:12 tau_fb= 3.448 tau_fb_max= 6.200",,,,,,,,,,,,,,,,,,,,,,,,,,,,,,,,,,,,,,,,,,,,,,,,,0.0,0.0,0.0,0.0,0.0,0.0,0.0,0.0,0.0,0.0,0.0,0.0,0.0,0.0,0.0,0.0,0.0,0.0,0.0,0.0,0.0,0.0,0.0,0.0,0.05177343264222145,-0.04410329461097717,-0.046404335647821426,0.046787843108177185,0.4199400544166565,-0.4218575954437256,0.4207070767879486,-0.4191730320453644,1.6088114976882935,-1.6042094230651855,1.6022918224334717,-1.6042094230651855,-0.0947599709033966,0.0032044434919953346,0.11352885514497757,-0.07003998011350632,0.08285775035619736,-0.14419995248317719,0.15427106618881226,-0.13641773164272308,0.0636310949921608,-0.125888854265213,0.03891110047698021,-0.09750663489103317,0.037536799907684326,-0.03187084197998047,-0.0336780846118927,0.0335315465927124,0.43868201971054077,-0.4409288465976715,0.43895065784454346,-0.4382912516593933,1.6081944704055786,-1.603700876235962,1.6026263236999512,-1.603529930114746,0.0,0.0,0.0,0.0,0.0,0.0,0.0,0.0,0.0,0.0,0.0,0.0
20260708_191726_109883,2026-07-08T19:17:31.572,5.462540,pose,210,sit,0.0,0.0,0.0,0.0,0.0,0.0,0.0,0.0,1.0,fake,0.0,0.0,-1.0,-0.0,0.0,0.0,0.0,5.072278022766113,7.4543375968933105,12,can0:12,2.8870508670806885,6.126895904541016,,"BL_hip_joint,BR_hip_joint,FL_hip_joint,FR_hip_joint,BL_thigh_joint,BR_thigh_joint,FL_thigh_joint,FR_thigh_joint,BL_calf_joint,BR_calf_joint,FL_calf_joint,FR_calf_joint",330e02f2406e129bb6ed6ec4a6c6bcd5f80d7e7799a2ab087e81eda65d2fae69,"step=000210 mode=sit    vx= 0.000 vy= 0.000 vxy= 0.000 yaw= 0.000 speed=1.00 imu=fake tilt_rp=[-0.0,+0.0]deg imu_corr=0.000 act_max= 0.000 tau_cmd= 5.072 tau_cmd_max= 7.454 cmds=12 bus=can0:12 tau_fb= 2.887 tau_fb_max= 6.127",,,,,,,,,,,,,,,,,,,,,,,,,,,,,,,,,,,,,,,,,,,,,,,,,0.0,0.0,0.0,0.0,0.0,0.0,0.0,0.0,0.0,0.0,0.0,0.0,0.0,0.0,0.0,0.0,0.0,0.0,0.0,0.0,0.0,0.0,0.0,0.0,0.04256926476955414,-0.036049649119377136,-0.03758367523550987,0.03873419761657715,0.43604734539985657,-0.43911540508270264,0.4356638491153717,-0.4341298043727875,1.6164815425872803,-1.6137970685958862,1.6118794679641724,-1.6134135723114014,-0.11032441258430481,0.055848874151706696,0.09063997119665146,-0.06820886582136154,0.13138218224048615,-0.08972442150115967,0.12405773997306824,-0.08926664292812347,0.07827997952699661,-0.06179998070001602,0.13092440366744995,-0.07049775868654251,0.028569161891937256,-0.024256855249404907,-0.02563232183456421,0.025520801544189453,0.45333099365234375,-0.4550410211086273,0.45353543758392334,-0.45303356647491455,1.6157928705215454,-1.6123727560043335,1.6115548610687256,-1.6122426986694336,0.0,0.0,0.0,0.0,0.0,0.0,0.0,0.0,0.0,0.0,0.0,0.0
20260708_191726_109883,2026-07-08T19:17:31.697,5.587311,pose,215,sit,0.0,0.0,0.0,0.0,0.0,0.0,0.0,0.0,1.0,fake,0.0,0.0,-1.0,-0.0,0.0,0.0,0.0,4.774298667907715,8.798008918762207,12,can0:12,2.8577535152435303,4.804834365844727,,"BL_hip_joint,BR_hip_joint,FL_hip_joint,FR_hip_joint,BL_thigh_joint,BR_thigh_joint,FL_thigh_joint,FR_thigh_joint,BL_calf_joint,BR_calf_joint,FL_calf_joint,FR_calf_joint",330e02f2406e129bb6ed6ec4a6c6bcd5f80d7e7799a2ab087e81eda65d2fae69,"step=000215 mode=sit    vx= 0.000 vy= 0.000 vxy= 0.000 yaw= 0.000 speed=1.00 imu=fake tilt_rp=[-0.0,+0.0]deg imu_corr=0.000 act_max= 0.000 tau_cmd= 4.774 tau_cmd_max= 8.798 cmds=12 bus=can0:12 tau_fb= 2.858 tau_fb_max= 4.805",,,,,,,,,,,,,,,,,,,,,,,,,,,,,,,,,,,,,,,,,,,,,,,,,0.0,0.0,0.0,0.0,0.0,0.0,0.0,0.0,0.0,0.0,0.0,0.0,0.0,0.0,0.0,0.0,0.0,0.0,0.0,0.0,0.0,0.0,0.0,0.0,0.03221457824110985,-0.028763016685843468,-0.029913539066910744,0.029913539066910744,0.45100411772727966,-0.45100411772727966,0.4513876140117645,-0.45023709535598755,1.6241517066955566,-1.6226177215576172,1.6214672327041626,-1.6222342252731323,-0.061342205852270126,-0.01144444104284048,0.03341776877641678,-0.06683553755283356,0.1190221905708313,-0.1185644119977951,0.08972442150115967,-0.07553330808877945,0.03387554734945297,-0.05218665301799774,0.0196844395250082,-0.044862210750579834,0.02070695161819458,-0.01758137345314026,-0.018578290939331055,0.018497467041015625,0.46617430448532104,-0.46741369366645813,0.46632248163223267,-0.46595871448516846,1.6224546432495117,-1.6199758052825928,1.6193829774856567,-1.6198813915252686,0.0,0.0,0.0,0.0,0.0,0.0,0.0,0.0,0.0,0.0,0.0,0.0
20260708_191726_109883,2026-07-08T19:17:31.821,5.711079,pose,220,sit,0.0,0.0,0.0,0.0,0.0,0.0,0.0,0.0,1.0,fake,0.0,0.0,-1.0,-0.0,0.0,0.0,0.0,4.46940803527832,9.557568550109863,12,can0:12,2.840968132019043,5.5739006996154785,,"BL_hip_joint,BR_hip_joint,FL_hip_joint,FR_hip_joint,BL_thigh_joint,BR_thigh_joint,FL_thigh_joint,FR_thigh_joint,BL_calf_joint,BR_calf_joint,FL_calf_joint,FR_calf_joint",330e02f2406e129bb6ed6ec4a6c6bcd5f80d7e7799a2ab087e81eda65d2fae69,"step=000220 mode=sit    vx= 0.000 vy= 0.000 vxy= 0.000 yaw= 0.000 speed=1.00 imu=fake tilt_rp=[-0.0,+0.0]deg imu_corr=0.000 act_max= 0.000 tau_cmd= 4.469 tau_cmd_max= 9.558 cmds=12 bus=can0:12 tau_fb= 2.841 tau_fb_max= 5.574",,,,,,,,,,,,,,,,,,,,,,,,,,,,,,,,,,,,,,,,,,,,,,,,,0.0,0.0,0.0,0.0,0.0,0.0,0.0,0.0,0.0,0.0,0.0,0.0,0.0,0.0,0.0,0.0,0.0,0.0,0.0,0.0,0.0,0.0,0.0,0.0,0.025311455130577087,-0.021859893575310707,-0.023777427151799202,0.022243401035666466,0.4621258080005646,-0.4648103713989258,0.4628928303718567,-0.46135881543159485,1.6310548782348633,-1.6295207738876343,1.6291372776031494,-1.6295207738876343,-0.10071108490228653,0.048066653311252594,-0.032044436782598495,-0.036164432764053345,0.03799554333090782,-0.1419110745191574,0.07827997952699661,-0.15518662333488464,0.025177771225571632,-0.024262215942144394,0.09247108548879623,0.025635547935962677,0.01401221752166748,-0.011897176504135132,-0.01257181167602539,0.012517094612121582,0.4771103858947754,-0.4779491126537323,0.4772107005119324,-0.47696453332901,1.6281272172927856,-1.6264498233795166,1.6260485649108887,-1.6263859272003174,0.0,0.0,0.0,0.0,0.0,0.0,0.0,0.0,0.0,0.0,0.0,0.0
20260708_191726_109883,2026-07-08T19:17:31.944,5.835054,pose,225,sit,0.0,0.0,0.0,0.0,0.0,0.0,0.0,0.0,1.0,fake,0.0,0.0,-1.0,-0.0,0.0,0.0,0.0,5.027699947357178,9.265192985534668,12,can0:12,3.159276247024536,6.555376052856445,,"BL_hip_joint,BR_hip_joint,FL_hip_joint,FR_hip_joint,BL_thigh_joint,BR_thigh_joint,FL_thigh_joint,FR_thigh_joint,BL_calf_joint,BR_calf_joint,FL_calf_joint,FR_calf_joint",330e02f2406e129bb6ed6ec4a6c6bcd5f80d7e7799a2ab087e81eda65d2fae69,"step=000225 mode=sit    vx= 0.000 vy= 0.000 vxy= 0.000 yaw= 0.000 speed=1.00 imu=fake tilt_rp=[-0.0,+0.0]deg imu_corr=0.000 act_max= 0.000 tau_cmd= 5.028 tau_cmd_max= 9.265 cmds=12 bus=can0:12 tau_fb= 3.159 tau_fb_max= 6.555",,,,,,,,,,,,,,,,,,,,,,,,,,,,,,,,,,,,,,,,,,,,,,,,,0.0,0.0,0.0,0.0,0.0,0.0,0.0,0.0,0.0,0.0,0.0,0.0,0.0,0.0,0.0,0.0,0.0,0.0,0.0,0.0,0.0,0.0,0.0,0.0,0.019942358136177063,-0.016490796580910683,-0.018024824559688568,0.01764131709933281,0.47439804673194885,-0.4747815430164337,0.4740145206451416,-0.4732475280761719,1.6368074417114258,-1.6352734565734863,1.6345064640045166,-1.6352734565734863,-0.04257332161068916,-0.06500442326068878,0.04119998961687088,-0.01235999632626772,0.07690664380788803,-0.0631733164191246,0.036164432764053345,-0.07827997952699661,-0.03707998991012573,-0.06088442727923393,0.07232886552810669,-0.04669332131743431,0.00854724645614624,-0.00725710391998291,-0.007668614387512207,0.007635235786437988,0.4860376715660095,-0.4865492880344391,0.48609888553619385,-0.48594874143600464,1.6327577829360962,-1.6317346096038818,1.631489872932434,-1.6316956281661987,0.0,0.0,0.0,0.0,0.0,0.0,0.0,0.0,0.0,0.0,0.0,0.0
20260708_191726_109883,2026-07-08T19:17:32.068,5.958818,pose,230,sit,0.0,0.0,0.0,0.0,0.0,0.0,0.0,0.0,1.0,fake,0.0,0.0,-1.0,-0.0,0.0,0.0,0.0,4.604555606842041,8.650763511657715,12,can0:12,3.551133394241333,6.3466291427612305,,"BL_hip_joint,BR_hip_joint,FL_hip_joint,FR_hip_joint,BL_thigh_joint,BR_thigh_joint,FL_thigh_joint,FR_thigh_joint,BL_calf_joint,BR_calf_joint,FL_calf_joint,FR_calf_joint",330e02f2406e129bb6ed6ec4a6c6bcd5f80d7e7799a2ab087e81eda65d2fae69,"step=000230 mode=sit    vx= 0.000 vy= 0.000 vxy= 0.000 yaw= 0.000 speed=1.00 imu=fake tilt_rp=[-0.0,+0.0]deg imu_corr=0.000 act_max= 0.000 tau_cmd= 4.605 tau_cmd_max= 8.651 cmds=12 bus=can0:12 tau_fb= 3.551 tau_fb_max= 6.347",,,,,,,,,,,,,,,,,,,,,,,,,,,,,,,,,,,,,,,,,,,,,,,,,0.0,0.0,0.0,0.0,0.0,0.0,0.0,0.0,0.0,0.0,0.0,0.0,0.0,0.0,0.0,0.0,0.0,0.0,0.0,0.0,0.0,0.0,0.0,0.0,0.014956769533455372,-0.012655727565288544,-0.013039235025644302,0.01380624808371067,0.48283517360687256,-0.4813011586666107,0.4839857220649719,-0.48283517360687256,1.640642523765564,-1.640259027481079,1.6391085386276245,-1.640259027481079,-0.015106662176549435,-0.05401776358485222,-0.026551103219389915,-0.08468886464834213,0.06546220183372498,-0.027466658502817154,0.06546220183372498,-0.07782220095396042,0.050355542451143265,0.014191106893122196,0.02929776906967163,-0.006408886983990669,0.004374206066131592,-0.003713935613632202,-0.003924548625946045,0.003907442092895508,0.49285459518432617,-0.4931164085865021,0.49288588762283325,-0.4928090572357178,1.636293649673462,-1.6357700824737549,1.635644793510437,-1.6357500553131104,0.0,0.0,0.0,0.0,0.0,0.0,0.0,0.0,0.0,0.0,0.0,0.0
20260708_191726_109883,2026-07-08T19:17:32.192,6.082937,pose,235,sit,0.0,0.0,0.0,0.0,0.0,0.0,0.0,0.0,1.0,fake,0.0,0.0,-1.0,-0.0,0.0,0.0,0.0,3.9040701389312744,6.8733906745910645,12,can0:12,3.471480131149292,5.903500556945801,,"BL_hip_joint,BR_hip_joint,FL_hip_joint,FR_hip_joint,BL_thigh_joint,BR_thigh_joint,FL_thigh_joint,FR_thigh_joint,BL_calf_joint,BR_calf_joint,FL_calf_joint,FR_calf_joint",330e02f2406e129bb6ed6ec4a6c6bcd5f80d7e7799a2ab087e81eda65d2fae69,"step=000235 mode=sit    vx= 0.000 vy= 0.000 vxy= 0.000 yaw= 0.000 speed=1.00 imu=fake tilt_rp=[-0.0,+0.0]deg imu_corr=0.000 act_max= 0.000 tau_cmd= 3.904 tau_cmd_max= 6.873 cmds=12 bus=can0:12 tau_fb= 3.471 tau_fb_max= 5.904",,,,,,,,,,,,,,,,,,,,,,,,,,,,,,,,,,,,,,,,,,,,,,,,,0.0,0.0,0.0,0.0,0.0,0.0,0.0,0.0,0.0,0.0,0.0,0.0,0.0,0.0,0.0,0.0,0.0,0.0,0.0,0.0,0.0,0.0,0.0,0.0,0.011121700517833233,-0.009204166010022163,-0.009204166010022163,0.010738193057477474,0.4889712929725647,-0.48858779668807983,0.48935481905937195,-0.4878207743167877,1.6433271169662476,-1.6440941095352173,1.6425600051879883,-1.6440941095352173,-0.13275551795959473,0.08377330750226974,0.055848874151706696,-0.035248879343271255,-0.004577776417136192,-0.047151096165180206,-0.024262215942144394,-0.02288888208568096,-0.03799554333090782,-0.0009155552834272385,-0.01235999632626772,-0.07415997982025146,0.0015552639961242676,-0.001320481300354004,-0.0013953447341918945,0.0013892650604248047,0.4974594712257385,-0.4975524842739105,0.49747055768966675,-0.4974432587623596,1.638682246208191,-1.6384960412979126,1.6384515762329102,-1.638489007949829,0.0,0.0,0.0,0.0,0.0,0.0,0.0,0.0,0.0,0.0,0.0,0.0
20260708_191726_109883,2026-07-08T19:17:32.316,6.206669,pose,240,sit,0.0,0.0,0.0,0.0,0.0,0.0,0.0,0.0,1.0,fake,0.0,0.0,-1.0,-0.0,0.0,0.0,0.0,4.284858226776123,6.96730899810791,12,can0:12,3.29874587059021,5.482345104217529,,"BL_hip_joint,BR_hip_joint,FL_hip_joint,FR_hip_joint,BL_thigh_joint,BR_thigh_joint,FL_thigh_joint,FR_thigh_joint,BL_calf_joint,BR_calf_joint,FL_calf_joint,FR_calf_joint",330e02f2406e129bb6ed6ec4a6c6bcd5f80d7e7799a2ab087e81eda65d2fae69,"step=000240 mode=sit    vx= 0.000 vy= 0.000 vxy= 0.000 yaw= 0.000 speed=1.00 imu=fake tilt_rp=[-0.0,+0.0]deg imu_corr=0.000 act_max= 0.000 tau_cmd= 4.285 tau_cmd_max= 6.967 cmds=12 bus=can0:12 tau_fb= 3.299 tau_fb_max= 5.482",,,,,,,,,,,,,,,,,,,,,,,,,,,,,,,,,,,,,,,,,,,,,,,,,0.0,0.0,0.0,0.0,0.0,0.0,0.0,0.0,0.0,0.0,0.0,0.0,0.0,0.0,0.0,0.0,0.0,0.0,0.0,0.0,0.0,0.0,0.0,0.0,0.008053644560277462,-0.007286631036549807,-0.006903124041855335,0.008820658549666405,0.49242284893989563,-0.49395689368247986,0.49242284893989563,-0.4908888339996338,1.6452445983886719,-1.6463950872421265,1.6456280946731567,-1.6463950872421265,-0.07003998011350632,0.032959990203380585,0.026551103219389915,0.0050355540588498116,0.013733329251408577,-0.06546220183372498,-0.02288888208568096,-0.021973326802253723,-0.016937773674726486,-0.03479110077023506,0.008239997550845146,-0.05722220614552498,0.0001525282859802246,-0.00012952089309692383,-0.00013685226440429688,0.00013625621795654297,0.4997507929801941,-0.49975988268852234,0.49975186586380005,-0.49974918365478516,1.6398707628250122,-1.639852523803711,1.6398481130599976,-1.6398518085479736,0.0,0.0,0.0,0.0,0.0,0.0,0.0,0.0,0.0,0.0,0.0,0.0
20260708_191726_109883,2026-07-08T19:17:32.464,6.354701,pose,245,stand,0.0,0.0,0.0,0.0,0.0,0.0,0.0,0.0,1.0,fake,0.0,0.0,-1.0,-0.0,0.0,0.0,0.0,1.0362768173217773,3.2882299423217773,12,can0:12,2.8894922733306885,5.2699360847473145,,"BL_hip_joint,BR_hip_joint,FL_hip_joint,FR_hip_joint,BL_thigh_joint,BR_thigh_joint,FL_thigh_joint,FR_thigh_joint,BL_calf_joint,BR_calf_joint,FL_calf_joint,FR_calf_joint",330e02f2406e129bb6ed6ec4a6c6bcd5f80d7e7799a2ab087e81eda65d2fae69,"step=000245 mode=stand  vx= 0.000 vy= 0.000 vxy= 0.000 yaw= 0.000 speed=1.00 imu=fake tilt_rp=[-0.0,+0.0]deg imu_corr=0.000 act_max= 0.000 tau_cmd= 1.036 tau_cmd_max= 3.288 cmds=12 bus=can0:12 tau_fb= 2.889 tau_fb_max= 5.270",,,,,,,,,,,,,,,,,,,,,,,,,,,,,,,,,,,,,,,,,,,,,,,,,0.0,0.0,0.0,0.0,0.0,0.0,0.0,0.0,0.0,0.0,0.0,0.0,0.0,0.0,0.0,0.0,0.0,0.0,0.0,0.0,0.0,0.0,0.0,0.0,0.006903124041855335,-0.006519617512822151,-0.00613611051812768,0.007670138031244278,0.4943403899669647,-0.4970249533653259,0.4943403899669647,-0.4935733675956726,1.6460115909576416,-1.6475456953048706,1.6471620798110962,-1.6471620798110962,0.00045777764171361923,-0.0,0.003662221133708954,-0.003662221133708954,0.04119998961687088,-0.015564439818263054,0.038453321903944016,-0.08056886494159698,0.018768884241580963,0.004119998775422573,-0.05493331700563431,0.05813775956630707,0.006903002038598061,-0.006519502494484186,-0.006136002019047737,0.007670002523809671,0.49394816160202026,-0.4966326653957367,0.49394816160202026,-0.4927976727485657,1.6459825038909912,-1.6475166082382202,1.646749496459961,-1.6475166082382202,0.0,0.0,0.0,0.0,0.0,0.0,0.0,0.0,0.0,0.0,0.0,0.0
20260708_191726_109883,2026-07-08T19:17:32.597,6.487613,pose,250,stand,0.0,0.0,0.0,0.0,0.0,0.0,0.0,0.0,1.0,fake,0.0,0.0,-1.0,-0.0,0.0,0.0,0.0,4.222822666168213,7.079189300537109,12,can0:12,2.8312017917633057,4.867091655731201,,"BL_hip_joint,BR_hip_joint,FL_hip_joint,FR_hip_joint,BL_thigh_joint,BR_thigh_joint,FL_thigh_joint,FR_thigh_joint,BL_calf_joint,BR_calf_joint,FL_calf_joint,FR_calf_joint",330e02f2406e129bb6ed6ec4a6c6bcd5f80d7e7799a2ab087e81eda65d2fae69,"step=000250 mode=stand  vx= 0.000 vy= 0.000 vxy= 0.000 yaw= 0.000 speed=1.00 imu=fake tilt_rp=[-0.0,+0.0]deg imu_corr=0.000 act_max= 0.000 tau_cmd= 4.223 tau_cmd_max= 7.079 cmds=12 bus=can0:12 tau_fb= 2.831 tau_fb_max= 4.867",,,,,,,,,,,,,,,,,,,,,,,,,,,,,,,,,,,,,,,,,,,,,,,,,0.0,0.0,0.0,0.0,0.0,0.0,0.0,0.0,0.0,0.0,0.0,0.0,0.0,0.0,0.0,0.0,0.0,0.0,0.0,0.0,0.0,0.0,0.0,0.0,0.013039235025644302,-0.011888713575899601,-0.010738193057477474,0.01380624808371067,0.4905053377151489,-0.4954909086227417,0.4908888339996338,-0.4889712929725647,1.6513806581497192,-1.6552157402038574,1.6540652513504028,-1.6548322439193726,-0.0398266538977623,-0.016937773674726486,-0.031128879636526108,0.032959990203380585,-0.05264442786574364,0.06958220154047012,-0.0315866582095623,0.018768884241580963,0.0631733164191246,0.03570665791630745,-0.10483107715845108,-0.0032044434919953346,0.006898771971464157,-0.006515507586300373,-0.0061322422698140144,0.007665302604436874,0.49364548921585083,-0.49632832407951355,0.49364548921585083,-0.49249568581581116,1.644973874092102,-1.6465070247650146,1.6457403898239136,-1.6465070247650146,0.0,0.0,0.0,0.0,0.0,0.0,0.0,0.0,0.0,0.0,0.0,0.0
20260708_191726_109883,2026-07-08T19:17:32.726,6.616316,pose,255,stand,0.0,0.0,0.0,0.0,0.0,0.0,0.0,0.0,1.0,fake,0.0,0.0,-1.0,-0.0,0.0,0.0,0.0,4.5266804695129395,8.95145320892334,12,can0:12,2.774437665939331,5.3505048751831055,,"BL_hip_joint,BR_hip_joint,FL_hip_joint,FR_hip_joint,BL_thigh_joint,BR_thigh_joint,FL_thigh_joint,FR_thigh_joint,BL_calf_joint,BR_calf_joint,FL_calf_joint,FR_calf_joint",330e02f2406e129bb6ed6ec4a6c6bcd5f80d7e7799a2ab087e81eda65d2fae69,"step=000255 mode=stand  vx= 0.000 vy= 0.000 vxy= 0.000 yaw= 0.000 speed=1.00 imu=fake tilt_rp=[-0.0,+0.0]deg imu_corr=0.000 act_max= 0.000 tau_cmd= 4.527 tau_cmd_max= 8.951 cmds=12 bus=can0:12 tau_fb= 2.774 tau_fb_max= 5.351",,,,,,,,,,,,,,,,,,,,,,,,,,,,,,,,,,,,,,,,,,,,,,,,,0.0,0.0,0.0,0.0,0.0,0.0,0.0,0.0,0.0,0.0,0.0,0.0,0.0,0.0,0.0,0.0,0.0,0.0,0.0,0.0,0.0,0.0,0.0,0.0,0.01380624808371067,-0.011888713575899601,-0.011121700517833233,0.01418975554406643,0.4897383153438568,-0.49510741233825684,0.4901218116283417,-0.4878207743167877,1.6509971618652344,-1.6548322439193726,1.653681755065918,-1.6540652513504028,0.05767998471856117,-0.008239997550845146,0.028839992359280586,-0.01235999632626772,0.018768884241580963,0.013275551609694958,0.0196844395250082,0.04531998559832573,-0.02151555009186268,-0.02471999265253544,0.006408886983990669,0.010528885759413242,0.006888616364449263,-0.006505915895104408,-0.006123214960098267,0.007654018700122833,0.49291878938674927,-0.4955976903438568,0.49291878938674927,-0.4917706847190857,1.642552375793457,-1.6440832614898682,1.643317699432373,-1.6440832614898682,0.0,0.0,0.0,0.0,0.0,0.0,0.0,0.0,0.0,0.0,0.0,0.0
20260708_191726_109883,2026-07-08T19:17:32.851,6.741661,pose,260,stand,0.0,0.0,0.0,0.0,0.0,0.0,0.0,0.0,1.0,fake,0.0,0.0,-1.0,-0.0,0.0,0.0,0.0,4.379562854766846,8.257502555847168,12,can0:12,2.6529741287231445,5.006256103515625,,"BL_hip_joint,BR_hip_joint,FL_hip_joint,FR_hip_joint,BL_thigh_joint,BR_thigh_joint,FL_thigh_joint,FR_thigh_joint,BL_calf_joint,BR_calf_joint,FL_calf_joint,FR_calf_joint",330e02f2406e129bb6ed6ec4a6c6bcd5f80d7e7799a2ab087e81eda65d2fae69,"step=000260 mode=stand  vx= 0.000 vy= 0.000 vxy= 0.000 yaw= 0.000 speed=1.00 imu=fake tilt_rp=[-0.0,+0.0]deg imu_corr=0.000 act_max= 0.000 tau_cmd= 4.380 tau_cmd_max= 8.258 cmds=12 bus=can0:12 tau_fb= 2.653 tau_fb_max= 5.006",,,,,,,,,,,,,,,,,,,,,,,,,,,,,,,,,,,,,,,,,,,,,,,,,0.0,0.0,0.0,0.0,0.0,0.0,0.0,0.0,0.0,0.0,0.0,0.0,0.0,0.0,0.0,0.0,0.0,0.0,0.0,0.0,0.0,0.0,0.0,0.0,0.01380624808371067,-0.011888713575899601,-0.011505207046866417,0.01418975554406643,0.4889712929725647,-0.4943403899669647,0.48935481905937195,-0.4870537519454956,1.6486961841583252,-1.6521477699279785,1.6513806581497192,-1.6517642736434937,-0.054475538432598114,-0.014648884534835815,-0.024262215942144394,-0.0315866582095623,0.0050355540588498116,-0.031128879636526108,0.02059999480843544,0.03707998991012573,0.004577776417136192,0.017853328958153725,-0.02929776906967163,0.06042664870619774,0.006872683297842741,-0.006490868050605059,-0.006109051872044802,0.00763631472364068,0.4917786717414856,-0.4944513738155365,0.4917786717414856,-0.4906332492828369,1.6387531757354736,-1.6402804851531982,1.6395167112350464,-1.6402804851531982,0.0,0.0,0.0,0.0,0.0,0.0,0.0,0.0,0.0,0.0,0.0,0.0
20260708_191726_109883,2026-07-08T19:17:32.976,6.866635,pose,265,stand,0.0,0.0,0.0,0.0,0.0,0.0,0.0,0.0,1.0,fake,0.0,0.0,-1.0,-0.0,0.0,0.0,0.0,4.68997049331665,9.359704971313477,12,can0:12,2.4121830463409424,5.130771636962891,,"BL_hip_joint,BR_hip_joint,FL_hip_joint,FR_hip_joint,BL_thigh_joint,BR_thigh_joint,FL_thigh_joint,FR_thigh_joint,BL_calf_joint,BR_calf_joint,FL_calf_joint,FR_calf_joint",330e02f2406e129bb6ed6ec4a6c6bcd5f80d7e7799a2ab087e81eda65d2fae69,"step=000265 mode=stand  vx= 0.000 vy= 0.000 vxy= 0.000 yaw= 0.000 speed=1.00 imu=fake tilt_rp=[-0.0,+0.0]deg imu_corr=0.000 act_max= 0.000 tau_cmd= 4.690 tau_cmd_max= 9.360 cmds=12 bus=can0:12 tau_fb= 2.412 tau_fb_max= 5.131",,,,,,,,,,,,,,,,,,,,,,,,,,,,,,,,,,,,,,,,,,,,,,,,,0.0,0.0,0.0,0.0,0.0,0.0,0.0,0.0,0.0,0.0,0.0,0.0,0.0,0.0,0.0,0.0,0.0,0.0,0.0,0.0,0.0,0.0,0.0,0.0,0.01380624808371067,-0.011888713575899601,-0.011505207046866417,0.01418975554406643,0.4882042706012726,-0.49318987131118774,0.48858779668807983,-0.4862867593765259,1.644861102104187,-1.6475456953048706,1.6467785835266113,-1.6475456953048706,-0.010528885759413242,0.06637775897979736,-0.043946653604507446,-0.0393688790500164,-0.08560442179441452,0.06637775897979736,-0.014191106893122196,0.04852443188428879,0.025635547935962677,0.08606220036745071,-0.038453321903944016,0.08377330750226974,0.006851120386272669,-0.006470503285527229,-0.006089885253459215,0.007612356450408697,0.49023574590682983,-0.4929000735282898,0.49023574590682983,-0.4890938997268677,1.6336116790771484,-1.635134220123291,1.6343728303909302,-1.635134220123291,0.0,0.0,0.0,0.0,0.0,0.0,0.0,0.0,0.0,0.0,0.0,0.0
20260708_191726_109883,2026-07-08T19:17:33.100,6.990639,pose,270,stand,0.0,0.0,0.0,0.0,0.0,0.0,0.0,0.0,1.0,fake,0.0,0.0,-1.0,-0.0,0.0,0.0,0.0,5.57710599899292,11.226470947265625,12,can0:12,2.454908847808838,5.3468427658081055,,"BL_hip_joint,BR_hip_joint,FL_hip_joint,FR_hip_joint,BL_thigh_joint,BR_thigh_joint,FL_thigh_joint,FR_thigh_joint,BL_calf_joint,BR_calf_joint,FL_calf_joint,FR_calf_joint",330e02f2406e129bb6ed6ec4a6c6bcd5f80d7e7799a2ab087e81eda65d2fae69,"step=000270 mode=stand  vx= 0.000 vy= 0.000 vxy= 0.000 yaw= 0.000 speed=1.00 imu=fake tilt_rp=[-0.0,+0.0]deg imu_corr=0.000 act_max= 0.000 tau_cmd= 5.577 tau_cmd_max= 11.226 cmds=12 bus=can0:12 tau_fb= 2.455 tau_fb_max= 5.347",,,,,,,,,,,,,,,,,,,,,,,,,,,,,,,,,,,,,,,,,,,,,,,,,0.0,0.0,0.0,0.0,0.0,0.0,0.0,0.0,0.0,0.0,0.0,0.0,0.0,0.0,0.0,0.0,0.0,0.0,0.0,0.0,0.0,0.0,0.0,0.0,0.01380624808371067,-0.011888713575899601,-0.011505207046866417,0.01418975554406643,0.4870537519454956,-0.49127233028411865,0.48743727803230286,-0.4851362407207489,1.640259027481079,-1.6417930126190186,1.640259027481079,-1.6421765089035034,-0.001831110566854477,-0.016937773674726486,0.04257332161068916,0.06408887356519699,-0.0027466658502817154,0.07278664410114288,-0.014191106893122196,0.07003998011350632,-0.03479110077023506,0.0315866582095623,0.051271095871925354,-0.030671102926135063,0.006824076641350985,-0.0064449617639184,-0.006065846420824528,0.007582307793200016,0.488300621509552,-0.4909544289112091,0.488300621509552,-0.4871632754802704,1.6271631717681885,-1.6286797523498535,1.627921462059021,-1.6286797523498535,0.0,0.0,0.0,0.0,0.0,0.0,0.0,0.0,0.0,0.0,0.0,0.0
20260708_191726_109883,2026-07-08T19:17:33.224,7.114927,pose,275,stand,0.0,0.0,0.0,0.0,0.0,0.0,0.0,0.0,1.0,fake,0.0,0.0,-1.0,-0.0,0.0,0.0,0.0,4.6322102546691895,12.48366641998291,12,can0:12,2.4845118522644043,5.533616065979004,,"BL_hip_joint,BR_hip_joint,FL_hip_joint,FR_hip_joint,BL_thigh_joint,BR_thigh_joint,FL_thigh_joint,FR_thigh_joint,BL_calf_joint,BR_calf_joint,FL_calf_joint,FR_calf_joint",330e02f2406e129bb6ed6ec4a6c6bcd5f80d7e7799a2ab087e81eda65d2fae69,"step=000275 mode=stand  vx= 0.000 vy= 0.000 vxy= 0.000 yaw= 0.000 speed=1.00 imu=fake tilt_rp=[-0.0,+0.0]deg imu_corr=0.000 act_max= 0.000 tau_cmd= 4.632 tau_cmd_max= 12.484 cmds=12 bus=can0:12 tau_fb= 2.485 tau_fb_max= 5.534",,,,,,,,,,,,,,,,,,,,,,,,,,,,,,,,,,,,,,,,,,,,,,,,,0.0,0.0,0.0,0.0,0.0,0.0,0.0,0.0,0.0,0.0,0.0,0.0,0.0,0.0,0.0,0.0,0.0,0.0,0.0,0.0,0.0,0.0,0.0,0.0,0.01380624808371067,-0.011888713575899601,-0.011505207046866417,0.01418975554406643,0.4851362407207489,-0.4889712929725647,0.48590323328971863,-0.4836021959781647,1.6345064640045166,-1.6345064640045166,1.6337393522262573,-1.6348899602890015,0.01739555038511753,0.08056886494159698,0.06729331612586975,-0.05951109528541565,-0.014648884534835815,0.009155552834272385,-0.022431105375289917,0.07461775839328766,0.032959990203380585,0.08194220066070557,0.015564439818263054,0.059968870133161545,0.006791700143367052,-0.00641438364982605,-0.0060370671562850475,0.007546333596110344,0.48598387837409973,-0.48862507939338684,0.48598387837409973,-0.4848519265651703,1.6194431781768799,-1.6209524869918823,1.6201977729797363,-1.6209524869918823,0.0,0.0,0.0,0.0,0.0,0.0,0.0,0.0,0.0,0.0,0.0,0.0
20260708_191726_109883,2026-07-08T19:17:33.349,7.239158,pose,280,stand,0.0,0.0,0.0,0.0,0.0,0.0,0.0,0.0,1.0,fake,0.0,0.0,-1.0,-0.0,0.0,0.0,0.0,5.0149736404418945,9.709795951843262,12,can0:12,2.383495569229126,5.376140594482422,,"BL_hip_joint,BR_hip_joint,FL_hip_joint,FR_hip_joint,BL_thigh_joint,BR_thigh_joint,FL_thigh_joint,FR_thigh_joint,BL_calf_joint,BR_calf_joint,FL_calf_joint,FR_calf_joint",330e02f2406e129bb6ed6ec4a6c6bcd5f80d7e7799a2ab087e81eda65d2fae69,"step=000280 mode=stand  vx= 0.000 vy= 0.000 vxy= 0.000 yaw= 0.000 speed=1.00 imu=fake tilt_rp=[-0.0,+0.0]deg imu_corr=0.000 act_max= 0.000 tau_cmd= 5.015 tau_cmd_max= 9.710 cmds=12 bus=can0:12 tau_fb= 2.383 tau_fb_max= 5.376",,,,,,,,,,,,,,,,,,,,,,,,,,,,,,,,,,,,,,,,,,,,,,,,,0.0,0.0,0.0,0.0,0.0,0.0,0.0,0.0,0.0,0.0,0.0,0.0,0.0,0.0,0.0,0.0,0.0,0.0,0.0,0.0,0.0,0.0,0.0,0.0,0.01380624808371067,-0.011888713575899601,-0.011505207046866417,0.014573262073099613,0.48283517360687256,-0.4862867593765259,0.4839857220649719,-0.48206818103790283,1.6260693073272705,-1.6268362998962402,1.6260693073272705,-1.627219796180725,0.016022218391299248,0.05722220614552498,0.04577776417136192,0.08377330750226974,-0.08972442150115967,0.036164432764053345,-0.050355542451143265,-0.006408886983990669,-0.09796441346406937,0.04898220673203468,-0.0874355286359787,0.0476088747382164,0.006754138506948948,-0.006378909107297659,-0.006003678776323795,0.007504598703235388,0.48329615592956543,-0.48592275381088257,0.48329615592956543,-0.4821704626083374,1.6104868650436401,-1.611987829208374,1.6112372875213623,-1.611987829208374,0.0,0.0,0.0,0.0,0.0,0.0,0.0,0.0,0.0,0.0,0.0,0.0
20260708_191726_109883,2026-07-08T19:17:33.472,7.362912,pose,285,stand,0.0,0.0,0.0,0.0,0.0,0.0,0.0,0.0,1.0,fake,0.0,0.0,-1.0,-0.0,0.0,0.0,0.0,4.917578220367432,11.008512496948242,12,can0:12,2.380748987197876,5.617847442626953,,"BL_hip_joint,BR_hip_joint,FL_hip_joint,FR_hip_joint,BL_thigh_joint,BR_thigh_joint,FL_thigh_joint,FR_thigh_joint,BL_calf_joint,BR_calf_joint,FL_calf_joint,FR_calf_joint",330e02f2406e129bb6ed6ec4a6c6bcd5f80d7e7799a2ab087e81eda65d2fae69,"step=000285 mode=stand  vx= 0.000 vy= 0.000 vxy= 0.000 yaw= 0.000 speed=1.00 imu=fake tilt_rp=[-0.0,+0.0]deg imu_corr=0.000 act_max= 0.000 tau_cmd= 4.918 tau_cmd_max= 11.009 cmds=12 bus=can0:12 tau_fb= 2.381 tau_fb_max= 5.618",,,,,,,,,,,,,,,,,,,,,,,,,,,,,,,,,,,,,,,,,,,,,,,,,0.0,0.0,0.0,0.0,0.0,0.0,0.0,0.0,0.0,0.0,0.0,0.0,0.0,0.0,0.0,0.0,0.0,0.0,0.0,0.0,0.0,0.0,0.0,0.0,0.01380624808371067,-0.01227222103625536,-0.011505207046866417,0.01418975554406643,0.4805341362953186,-0.48206818103790283,0.4816846549510956,-0.4797671437263489,1.6157145500183105,-1.6180156469345093,1.6172486543655396,-1.6180156469345093,-0.032044436782598495,0.02059999480843544,-0.0068666646257042885,0.007782219909131527,-0.030671102926135063,0.05264442786574364,-0.01235999632626772,0.007324442267417908,-0.0315866582095623,0.0315866582095623,-0.13229773938655853,0.08606220036745071,0.006711540278047323,-0.006338677369058132,-0.005965813994407654,0.007457267493009567,0.48024800419807434,-0.4828580319881439,0.48024800419807434,-0.479129433631897,1.6003295183181763,-1.6018210649490356,1.6010751724243164,-1.6018210649490356,0.0,0.0,0.0,0.0,0.0,0.0,0.0,0.0,0.0,0.0,0.0,0.0
20260708_191726_109883,2026-07-08T19:17:33.597,7.487140,pose,290,stand,0.0,0.0,0.0,0.0,0.0,0.0,0.0,0.0,1.0,fake,0.0,0.0,-1.0,-0.0,0.0,0.0,0.0,5.469595432281494,12.700545310974121,12,can0:12,2.2602007389068604,5.797296047210693,,"BL_hip_joint,BR_hip_joint,FL_hip_joint,FR_hip_joint,BL_thigh_joint,BR_thigh_joint,FL_thigh_joint,FR_thigh_joint,BL_calf_joint,BR_calf_joint,FL_calf_joint,FR_calf_joint",330e02f2406e129bb6ed6ec4a6c6bcd5f80d7e7799a2ab087e81eda65d2fae69,"step=000290 mode=stand  vx= 0.000 vy= 0.000 vxy= 0.000 yaw= 0.000 speed=1.00 imu=fake tilt_rp=[-0.0,+0.0]deg imu_corr=0.000 act_max= 0.000 tau_cmd= 5.470 tau_cmd_max= 12.701 cmds=12 bus=can0:12 tau_fb= 2.260 tau_fb_max= 5.797",,,,,,,,,,,,,,,,,,,,,,,,,,,,,,,,,,,,,,,,,,,,,,,,,0.0,0.0,0.0,0.0,0.0,0.0,0.0,0.0,0.0,0.0,0.0,0.0,0.0,0.0,0.0,0.0,0.0,0.0,0.0,0.0,0.0,0.0,0.0,0.0,0.01380624808371067,-0.01227222103625536,-0.011505207046866417,0.01418975554406643,0.47823309898376465,-0.47823309898376465,0.47900012135505676,-0.4778496026992798,1.605743408203125,-1.6065104007720947,1.6053599119186401,-1.6068938970565796,-0.08606220036745071,0.021973326802253723,-0.009613330475986004,-0.025635547935962677,0.013275551609694958,0.10162663459777832,0.01739555038511753,0.10895107686519623,0.004119998775422573,0.09201330691576004,-0.02700888179242611,0.09613330662250519,0.006664054002612829,-0.0062938290648162365,-0.0059236036613583565,0.007404504343867302,0.47685009241104126,-0.47944164276123047,0.47685009241104126,-0.47573941946029663,1.5890066623687744,-1.5904875993728638,1.5897470712661743,-1.5904875993728638,0.0,0.0,0.0,0.0,0.0,0.0,0.0,0.0,0.0,0.0,0.0,0.0
20260708_191726_109883,2026-07-08T19:17:33.721,7.611161,pose,295,stand,0.0,0.0,0.0,0.0,0.0,0.0,0.0,0.0,1.0,fake,0.0,0.0,-1.0,-0.0,0.0,0.0,0.0,5.0718913078308105,10.89953899383545,12,can0:12,2.1918392181396484,5.38346529006958,,"BL_hip_joint,BR_hip_joint,FL_hip_joint,FR_hip_joint,BL_thigh_joint,BR_thigh_joint,FL_thigh_joint,FR_thigh_joint,BL_calf_joint,BR_calf_joint,FL_calf_joint,FR_calf_joint",330e02f2406e129bb6ed6ec4a6c6bcd5f80d7e7799a2ab087e81eda65d2fae69,"step=000295 mode=stand  vx= 0.000 vy= 0.000 vxy= 0.000 yaw= 0.000 speed=1.00 imu=fake tilt_rp=[-0.0,+0.0]deg imu_corr=0.000 act_max= 0.000 tau_cmd= 5.072 tau_cmd_max= 10.900 cmds=12 bus=can0:12 tau_fb= 2.192 tau_fb_max= 5.383",,,,,,,,,,,,,,,,,,,,,,,,,,,,,,,,,,,,,,,,,,,,,,,,,0.0,0.0,0.0,0.0,0.0,0.0,0.0,0.0,0.0,0.0,0.0,0.0,0.0,0.0,0.0,0.0,0.0,0.0,0.0,0.0,0.0,0.0,0.0,0.0,0.01380624808371067,-0.011888713575899601,-0.011505207046866417,0.01418975554406643,0.4751650393009186,-0.47554856538772583,0.47554856538772583,-0.47439804673194885,1.5946216583251953,-1.595388650894165,1.5942381620407104,-1.595388650894165,-0.01831110566854477,0.004119998775422573,0.028382213786244392,-0.07736442238092422,-0.02609332650899887,0.10483107715845108,-0.04669332131743431,0.10071108490228653,-0.11810663342475891,0.06729331612586975,-0.050355542451143265,0.11535996943712234,0.006611826829612255,-0.006244503427296877,-0.005877179559320211,0.007346474565565586,0.47311297059059143,-0.4756842255592346,0.47311297059059143,-0.472010999917984,1.576553463935852,-1.578022837638855,1.577288031578064,-1.578022837638855,0.0,0.0,0.0,0.0,0.0,0.0,0.0,0.0,0.0,0.0,0.0,0.0
20260708_191726_109883,2026-07-08T19:17:33.845,7.735339,pose,300,stand,0.0,0.0,0.0,0.0,0.0,0.0,0.0,0.0,1.0,fake,0.0,0.0,-1.0,-0.0,0.0,0.0,0.0,5.799827575683594,14.093401908874512,12,can0:12,2.2830898761749268,5.112460613250732,,"BL_hip_joint,BR_hip_joint,FL_hip_joint,FR_hip_joint,BL_thigh_joint,BR_thigh_joint,FL_thigh_joint,FR_thigh_joint,BL_calf_joint,BR_calf_joint,FL_calf_joint,FR_calf_joint",330e02f2406e129bb6ed6ec4a6c6bcd5f80d7e7799a2ab087e81eda65d2fae69,"step=000300 mode=stand  vx= 0.000 vy= 0.000 vxy= 0.000 yaw= 0.000 speed=1.00 imu=fake tilt_rp=[-0.0,+0.0]deg imu_corr=0.000 act_max= 0.000 tau_cmd= 5.800 tau_cmd_max= 14.093 cmds=12 bus=can0:12 tau_fb= 2.283 tau_fb_max= 5.112",,,,,,,,,,,,,,,,,,,,,,,,,,,,,,,,,,,,,,,,,,,,,,,,,0.0,0.0,0.0,0.0,0.0,0.0,0.0,0.0,0.0,0.0,0.0,0.0,0.0,0.0,0.0,0.0,0.0,0.0,0.0,0.0,0.0,0.0,0.0,0.0,0.01380624808371067,-0.011888713575899601,-0.011121700517833233,0.01418975554406643,0.4720970094203949,-0.4728640019893646,0.47094646096229553,-0.47056296467781067,1.5808154344558716,-1.5827330350875854,1.582349419593811,-1.5831165313720703,0.00045777764171361923,0.02151555009186268,0.03799554333090782,-0.054475538432598114,0.0032044434919953346,-0.006408886983990669,-0.09842219203710556,-0.05172887444496155,-0.11627551913261414,0.055848874151706696,0.003662221133708954,0.06637775897979736,0.006555008236318827,-0.00619084108620882,-0.005826673936098814,0.007283342536538839,0.4690472483634949,-0.4715964198112488,0.4690472483634949,-0.46795475482940674,1.5630053281784058,-1.5644620656967163,1.5637335777282715,-1.5644620656967163,0.0,0.0,0.0,0.0,0.0,0.0,0.0,0.0,0.0,0.0,0.0,0.0
20260708_191726_109883,2026-07-08T19:17:33.969,7.859220,pose,305,stand,0.0,0.0,0.0,0.0,0.0,0.0,0.0,0.0,1.0,fake,0.0,0.0,-1.0,-0.0,0.0,0.0,0.0,5.708869457244873,12.993561744689941,12,can0:12,2.8122808933258057,5.771660327911377,,"BL_hip_joint,BR_hip_joint,FL_hip_joint,FR_hip_joint,BL_thigh_joint,BR_thigh_joint,FL_thigh_joint,FR_thigh_joint,BL_calf_joint,BR_calf_joint,FL_calf_joint,FR_calf_joint",330e02f2406e129bb6ed6ec4a6c6bcd5f80d7e7799a2ab087e81eda65d2fae69,"step=000305 mode=stand  vx= 0.000 vy= 0.000 vxy= 0.000 yaw= 0.000 speed=1.00 imu=fake tilt_rp=[-0.0,+0.0]deg imu_corr=0.000 act_max= 0.000 tau_cmd= 5.709 tau_cmd_max= 12.994 cmds=12 bus=can0:12 tau_fb= 2.812 tau_fb_max= 5.772",,,,,,,,,,,,,,,,,,,,,,,,,,,,,,,,,,,,,,,,,,,,,,,,,0.0,0.0,0.0,0.0,0.0,0.0,0.0,0.0,0.0,0.0,0.0,0.0,0.0,0.0,0.0,0.0,0.0,0.0,0.0,0.0,0.0,0.0,0.0,0.0,0.01380624808371067,-0.011888713575899601,-0.011121700517833233,0.01418975554406643,0.46787843108177185,-0.4694124460220337,0.4655773639678955,-0.46519386768341064,1.5673927068710327,-1.5677762031555176,1.5670092105865479,-1.5685431957244873,0.008697775192558765,-0.02151555009186268,0.01235999632626772,-0.06683553755283356,-0.03250221163034439,0.09979552775621414,-0.07232886552810669,0.1359599530696869,-0.03479110077023506,0.09613330662250519,-0.12497329711914062,0.10711997002363205,0.006493745371699333,-0.006132982205599546,-0.005772218108177185,0.007215272635221481,0.464663565158844,-0.46718889474868774,0.464663565158844,-0.46358129382133484,1.5483975410461426,-1.5498406887054443,1.549118995666504,-1.5498406887054443,0.0,0.0,0.0,0.0,0.0,0.0,0.0,0.0,0.0,0.0,0.0,0.0
20260708_191726_109883,2026-07-08T19:17:34.093,7.983323,pose,310,stand,0.0,0.0,0.0,0.0,0.0,0.0,0.0,0.0,1.0,fake,0.0,0.0,-1.0,-0.0,0.0,0.0,0.0,5.504604816436768,12.253315925598145,12,can0:12,2.537614107131958,5.086825370788574,,"BL_hip_joint,BR_hip_joint,FL_hip_joint,FR_hip_joint,BL_thigh_joint,BR_thigh_joint,FL_thigh_joint,FR_thigh_joint,BL_calf_joint,BR_calf_joint,FL_calf_joint,FR_calf_joint",330e02f2406e129bb6ed6ec4a6c6bcd5f80d7e7799a2ab087e81eda65d2fae69,"step=000310 mode=stand  vx= 0.000 vy= 0.000 vxy= 0.000 yaw= 0.000 speed=1.00 imu=fake tilt_rp=[-0.0,+0.0]deg imu_corr=0.000 act_max= 0.000 tau_cmd= 5.505 tau_cmd_max= 12.253 cmds=12 bus=can0:12 tau_fb= 2.538 tau_fb_max= 5.087",,,,,,,,,,,,,,,,,,,,,,,,,,,,,,,,,,,,,,,,,,,,,,,,,0.0,0.0,0.0,0.0,0.0,0.0,0.0,0.0,0.0,0.0,0.0,0.0,0.0,0.0,0.0,0.0,0.0,0.0,0.0,0.0,0.0,0.0,0.0,0.0,0.01380624808371067,-0.011888713575899601,-0.011121700517833233,0.01418975554406643,0.4621258080005646,-0.4655773639678955,0.4609752893447876,-0.45944127440452576,1.55205237865448,-1.5539699792861938,1.5532029867172241,-1.553586483001709,-0.038453321903944016,-0.05310220643877983,0.01144444104284048,-0.004119998775422573,-0.04669332131743431,0.01235999632626772,-0.026551103219389915,0.059968870133161545,-0.1268044114112854,0.10895107686519623,-0.14053773880004883,0.0636310949921608,0.006428186781704426,-0.006071065552532673,-0.00571394432336092,0.007142430171370506,0.4599725008010864,-0.4624723494052887,0.4599725008010864,-0.45890113711357117,1.532765507698059,-1.534193992614746,1.5334796905517578,-1.534193992614746,0.0,0.0,0.0,0.0,0.0,0.0,0.0,0.0,0.0,0.0,0.0,0.0
20260708_191726_109883,2026-07-08T19:17:34.217,8.107576,pose,315,stand,0.0,0.0,0.0,0.0,0.0,0.0,0.0,0.0,1.0,fake,0.0,0.0,-1.0,-0.0,0.0,0.0,0.0,5.736330509185791,12.731694221496582,12,can0:12,2.614825963973999,5.240638256072998,,"BL_hip_joint,BR_hip_joint,FL_hip_joint,FR_hip_joint,BL_thigh_joint,BR_thigh_joint,FL_thigh_joint,FR_thigh_joint,BL_calf_joint,BR_calf_joint,FL_calf_joint,FR_calf_joint",330e02f2406e129bb6ed6ec4a6c6bcd5f80d7e7799a2ab087e81eda65d2fae69,"step=000315 mode=stand  vx= 0.000 vy= 0.000 vxy= 0.000 yaw= 0.000 speed=1.00 imu=fake tilt_rp=[-0.0,+0.0]deg imu_corr=0.000 act_max= 0.000 tau_cmd= 5.736 tau_cmd_max= 12.732 cmds=12 bus=can0:12 tau_fb= 2.615 tau_fb_max= 5.241",,,,,,,,,,,,,,,,,,,,,,,,,,,,,,,,,,,,,,,,,,,,,,,,,0.0,0.0,0.0,0.0,0.0,0.0,0.0,0.0,0.0,0.0,0.0,0.0,0.0,0.0,0.0,0.0,0.0,0.0,0.0,0.0,0.0,0.0,0.0,0.0,0.01380624808371067,-0.011888713575899601,-0.011121700517833233,0.01380624808371067,0.4559897184371948,-0.46135881543159485,0.4563732147216797,-0.45407217741012573,1.536328673362732,-1.5374791622161865,1.535945177078247,-1.5370956659317017,0.0315866582095623,-0.016937773674726486,0.048066653311252594,-0.019226660951972008,-0.023346660658717155,0.03707998991012573,-0.02929776906967163,0.03341776877641678,-0.06683553755283356,0.06683553755283356,-0.07827997952699661,0.09750663489103317,0.006358481012284756,-0.006005232222378254,-0.005651983432471752,0.0070649790577590466,0.4549846649169922,-0.45745739340782166,0.4549846649169922,-0.45392489433288574,1.5161445140838623,-1.5175575017929077,1.5168509483337402,-1.5175575017929077,0.0,0.0,0.0,0.0,0.0,0.0,0.0,0.0,0.0,0.0,0.0,0.0
20260708_191726_109883,2026-07-08T19:17:34.342,8.232377,pose,320,stand,0.0,0.0,0.0,0.0,0.0,0.0,0.0,0.0,1.0,fake,0.0,0.0,-1.0,-0.0,0.0,0.0,0.0,6.003284931182861,14.247802734375,12,can0:12,2.7970211505889893,6.031678199768066,,"BL_hip_joint,BR_hip_joint,FL_hip_joint,FR_hip_joint,BL_thigh_joint,BR_thigh_joint,FL_thigh_joint,FR_thigh_joint,BL_calf_joint,BR_calf_joint,FL_calf_joint,FR_calf_joint",330e02f2406e129bb6ed6ec4a6c6bcd5f80d7e7799a2ab087e81eda65d2fae69,"step=000320 mode=stand  vx= 0.000 vy= 0.000 vxy= 0.000 yaw= 0.000 speed=1.00 imu=fake tilt_rp=[-0.0,+0.0]deg imu_corr=0.000 act_max= 0.000 tau_cmd= 6.003 tau_cmd_max= 14.248 cmds=12 bus=can0:12 tau_fb= 2.797 tau_fb_max= 6.032",,,,,,,,,,,,,,,,,,,,,,,,,,,,,,,,,,,,,,,,,,,,,,,,,0.0,0.0,0.0,0.0,0.0,0.0,0.0,0.0,0.0,0.0,0.0,0.0,0.0,0.0,0.0,0.0,0.0,0.0,0.0,0.0,0.0,0.0,0.0,0.0,0.01380624808371067,-0.011888713575899601,-0.011121700517833233,0.01418975554406643,0.4513876140117645,-0.4552226960659027,0.4517711400985718,-0.44947007298469543,1.5190708637237549,-1.5206048488616943,1.5202213525772095,-1.5209883451461792,-0.01739555038511753,0.013733329251408577,-0.051271095871925354,0.028382213786244392,-0.009613330475986004,0.05722220614552498,-0.016022218391299248,0.04669332131743431,-0.10071108490228653,0.13916440308094025,-0.040742211043834686,0.12085329741239548,0.006284775678068399,-0.005935621913522482,-0.005586467683315277,0.006983084138482809,0.4497106373310089,-0.4521546959877014,0.4497106373310089,-0.4486631751060486,1.4985698461532593,-1.4999666213989258,1.4992681741714478,-1.4999666213989258,0.0,0.0,0.0,0.0,0.0,0.0,0.0,0.0,0.0,0.0,0.0,0.0
20260708_191726_109883,2026-07-08T19:17:34.466,8.356450,pose,325,stand,0.0,0.0,0.0,0.0,0.0,0.0,0.0,0.0,1.0,fake,0.0,0.0,-1.0,-0.0,0.0,0.0,0.0,6.435789585113525,13.676031112670898,12,can0:12,2.3532822132110596,5.3505048751831055,,"BL_hip_joint,BR_hip_joint,FL_hip_joint,FR_hip_joint,BL_thigh_joint,BR_thigh_joint,FL_thigh_joint,FR_thigh_joint,BL_calf_joint,BR_calf_joint,FL_calf_joint,FR_calf_joint",330e02f2406e129bb6ed6ec4a6c6bcd5f80d7e7799a2ab087e81eda65d2fae69,"step=000325 mode=stand  vx= 0.000 vy= 0.000 vxy= 0.000 yaw= 0.000 speed=1.00 imu=fake tilt_rp=[-0.0,+0.0]deg imu_corr=0.000 act_max= 0.000 tau_cmd= 6.436 tau_cmd_max= 13.676 cmds=12 bus=can0:12 tau_fb= 2.353 tau_fb_max= 5.351",,,,,,,,,,,,,,,,,,,,,,,,,,,,,,,,,,,,,,,,,,,,,,,,,0.0,0.0,0.0,0.0,0.0,0.0,0.0,0.0,0.0,0.0,0.0,0.0,0.0,0.0,0.0,0.0,0.0,0.0,0.0,0.0,0.0,0.0,0.0,0.0,0.013422741554677486,-0.011888713575899601,-0.011121700517833233,0.01380624808371067,0.4467855393886566,-0.4487030804157257,0.44755256175994873,-0.44563502073287964,1.5018130540847778,-1.5021965503692627,1.5006624460220337,-1.5021965503692627,0.03662221133708954,-0.016022218391299248,-0.01235999632626772,0.0068666646257042885,0.02700888179242611,0.041657764464616776,0.06546220183372498,0.05767998471856117,-0.12817774713039398,0.05218665301799774,-0.12359996140003204,0.10162663459777832,0.006207219325006008,-0.005862374324351549,-0.0055175283923745155,0.006896910723298788,0.444161057472229,-0.44657495617866516,0.444161057472229,-0.44312649965286255,1.4800770282745361,-1.4814563989639282,1.4807666540145874,-1.4814563989639282,0.0,0.0,0.0,0.0,0.0,0.0,0.0,0.0,0.0,0.0,0.0,0.0
20260708_191726_109883,2026-07-08T19:17:34.590,8.480530,pose,330,stand,0.0,0.0,0.0,0.0,0.0,0.0,0.0,0.0,1.0,fake,0.0,0.0,-1.0,-0.0,0.0,0.0,0.0,5.278451919555664,12.1079740524292,12,can0:12,2.5144197940826416,5.848567008972168,,"BL_hip_joint,BR_hip_joint,FL_hip_joint,FR_hip_joint,BL_thigh_joint,BR_thigh_joint,FL_thigh_joint,FR_thigh_joint,BL_calf_joint,BR_calf_joint,FL_calf_joint,FR_calf_joint",330e02f2406e129bb6ed6ec4a6c6bcd5f80d7e7799a2ab087e81eda65d2fae69,"step=000330 mode=stand  vx= 0.000 vy= 0.000 vxy= 0.000 yaw= 0.000 speed=1.00 imu=fake tilt_rp=[-0.0,+0.0]deg imu_corr=0.000 act_max= 0.000 tau_cmd= 5.278 tau_cmd_max= 12.108 cmds=12 bus=can0:12 tau_fb= 2.514 tau_fb_max= 5.849",,,,,,,,,,,,,,,,,,,,,,,,,,,,,,,,,,,,,,,,,,,,,,,,,0.0,0.0,0.0,0.0,0.0,0.0,0.0,0.0,0.0,0.0,0.0,0.0,0.0,0.0,0.0,0.0,0.0,0.0,0.0,0.0,0.0,0.0,0.0,0.0,0.013422741554677486,-0.011888713575899601,-0.010738193057477474,0.01380624808371067,0.44179993867874146,-0.44256696105003357,0.44256696105003357,-0.44179993867874146,1.482254147529602,-1.483788251876831,1.4830211400985718,-1.483788251876831,-0.015564439818263054,-0.059053316712379456,0.07278664410114288,-0.059053316712379456,-0.0714133158326149,0.06408887356519699,-0.04898220673203468,0.032044436782598495,-0.14877773821353912,0.17807550728321075,-0.1510666161775589,0.11627551913261414,0.006125960033386946,-0.005785629153251648,-0.005445297807455063,0.006806622259318829,0.4383465051651001,-0.4407287836074829,0.4383465051651001,-0.43732550740242004,1.4607011079788208,-1.4620625972747803,1.4613817930221558,-1.4620625972747803,0.0,0.0,0.0,0.0,0.0,0.0,0.0,0.0,0.0,0.0,0.0,0.0
20260708_191726_109883,2026-07-08T19:17:34.714,8.604636,pose,335,stand,0.0,0.0,0.0,0.0,0.0,0.0,0.0,0.0,1.0,fake,0.0,0.0,-1.0,-0.0,0.0,0.0,0.0,6.091085910797119,13.315876007080078,12,can0:12,2.446668863296509,5.306558609008789,,"BL_hip_joint,BR_hip_joint,FL_hip_joint,FR_hip_joint,BL_thigh_joint,BR_thigh_joint,FL_thigh_joint,FR_thigh_joint,BL_calf_joint,BR_calf_joint,FL_calf_joint,FR_calf_joint",330e02f2406e129bb6ed6ec4a6c6bcd5f80d7e7799a2ab087e81eda65d2fae69,"step=000335 mode=stand  vx= 0.000 vy= 0.000 vxy= 0.000 yaw= 0.000 speed=1.00 imu=fake tilt_rp=[-0.0,+0.0]deg imu_corr=0.000 act_max= 0.000 tau_cmd= 6.091 tau_cmd_max= 13.316 cmds=12 bus=can0:12 tau_fb= 2.447 tau_fb_max= 5.307",,,,,,,,,,,,,,,,,,,,,,,,,,,,,,,,,,,,,,,,,,,,,,,,,0.0,0.0,0.0,0.0,0.0,0.0,0.0,0.0,0.0,0.0,0.0,0.0,0.0,0.0,0.0,0.0,0.0,0.0,0.0,0.0,0.0,0.0,0.0,0.0,0.013422741554677486,-0.011505207046866417,-0.011121700517833233,0.01380624808371067,0.4368143677711487,-0.4375813603401184,0.4356638491153717,-0.4356638491153717,1.4634623527526855,-1.4638458490371704,1.462311863899231,-1.4642293453216553,-0.024262215942144394,0.021973326802253723,0.025177771225571632,0.02059999480843544,-0.08377330750226974,-0.021973326802253723,-0.10757774859666824,0.036164432764053345,-0.10895107686519623,0.110782191157341,-0.13962218165397644,0.11627551913261414,0.006041145883500576,-0.005705527029931545,-0.005369907710701227,0.006712384521961212,0.4322775602340698,-0.43462687730789185,0.4322775602340698,-0.4312707185745239,1.440477728843689,-1.4418202638626099,1.4411488771438599,-1.4418202638626099,0.0,0.0,0.0,0.0,0.0,0.0,0.0,0.0,0.0,0.0,0.0,0.0
20260708_191726_109883,2026-07-08T19:17:34.835,8.725948,pose,340,stand,0.0,0.0,0.0,0.0,0.0,0.0,0.0,0.0,1.0,fake,0.0,0.0,-1.0,-0.0,0.0,0.0,0.0,5.942990779876709,15.401416778564453,12,can0:12,2.7195043563842773,4.995269775390625,,"BL_hip_joint,BR_hip_joint,FL_hip_joint,FR_hip_joint,BL_thigh_joint,BR_thigh_joint,FL_thigh_joint,FR_thigh_joint,BL_calf_joint,BR_calf_joint,FL_calf_joint,FR_calf_joint",330e02f2406e129bb6ed6ec4a6c6bcd5f80d7e7799a2ab087e81eda65d2fae69,"step=000340 mode=stand  vx= 0.000 vy= 0.000 vxy= 0.000 yaw= 0.000 speed=1.00 imu=fake tilt_rp=[-0.0,+0.0]deg imu_corr=0.000 act_max= 0.000 tau_cmd= 5.943 tau_cmd_max= 15.401 cmds=12 bus=can0:12 tau_fb= 2.720 tau_fb_max= 4.995",,,,,,,,,,,,,,,,,,,,,,,,,,,,,,,,,,,,,,,,,,,,,,,,,0.0,0.0,0.0,0.0,0.0,0.0,0.0,0.0,0.0,0.0,0.0,0.0,0.0,0.0,0.0,0.0,0.0,0.0,0.0,0.0,0.0,0.0,0.0,0.0,0.013422741554677486,-0.011888713575899601,-0.010738193057477474,0.01380624808371067,0.42991122603416443,-0.43259578943252563,0.4283772110939026,-0.4272266924381256,1.4419859647750854,-1.443519949913025,1.4423694610595703,-1.443519949913025,-0.002288888208568096,-0.05767998471856117,0.03021332435309887,0.013733329251408577,-0.07553330808877945,0.09109774976968765,-0.044862210750579834,0.07644886523485184,-0.1419110745191574,0.17670217156410217,-0.23255103826522827,0.04623554274439812,0.00595292542129755,-0.005622207652777433,-0.005291489418596029,0.006614361889660358,0.425964891910553,-0.42827990651130676,0.425964891910553,-0.4249727427959442,1.4194419384002686,-1.4207649230957031,1.4201034307479858,-1.4207649230957031,0.0,0.0,0.0,0.0,0.0,0.0,0.0,0.0,0.0,0.0,0.0,0.0
20260708_191726_109883,2026-07-08T19:17:34.959,8.849340,pose,345,stand,0.0,0.0,0.0,0.0,0.0,0.0,0.0,0.0,1.0,fake,0.0,0.0,-1.0,-0.0,0.0,0.0,0.0,6.271122455596924,13.773676872253418,12,can0:12,2.764976739883423,5.896175861358643,,"BL_hip_joint,BR_hip_joint,FL_hip_joint,FR_hip_joint,BL_thigh_joint,BR_thigh_joint,FL_thigh_joint,FR_thigh_joint,BL_calf_joint,BR_calf_joint,FL_calf_joint,FR_calf_joint",330e02f2406e129bb6ed6ec4a6c6bcd5f80d7e7799a2ab087e81eda65d2fae69,"step=000345 mode=stand  vx= 0.000 vy= 0.000 vxy= 0.000 yaw= 0.000 speed=1.00 imu=fake tilt_rp=[-0.0,+0.0]deg imu_corr=0.000 act_max= 0.000 tau_cmd= 6.271 tau_cmd_max= 13.774 cmds=12 bus=can0:12 tau_fb= 2.765 tau_fb_max= 5.896",,,,,,,,,,,,,,,,,,,,,,,,,,,,,,,,,,,,,,,,,,,,,,,,,0.0,0.0,0.0,0.0,0.0,0.0,0.0,0.0,0.0,0.0,0.0,0.0,0.0,0.0,0.0,0.0,0.0,0.0,0.0,0.0,0.0,0.0,0.0,0.0,0.013422741554677486,-0.011505207046866417,-0.011121700517833233,0.01380624808371067,0.4218575954437256,-0.4264596700668335,0.42224109172821045,-0.4199400544166565,1.4208930730819702,-1.4220435619354248,1.42166006565094,-1.4220435619354248,-0.037537768483161926,0.06637775897979736,0.02059999480843544,0.056764427572488785,-0.05081331729888916,0.032044436782598495,-0.06866664439439774,0.20371104776859283,-0.18402661383152008,0.09887997061014175,-0.13641773164272308,0.17761772871017456,0.005861446261405945,-0.005535810720175505,-0.005210174713283777,0.0065127182751894,0.4194190502166748,-0.42169851064682007,0.4194190502166748,-0.41844215989112854,1.3976292610168457,-1.3989319801330566,1.3982806205749512,-1.3989319801330566,0.0,0.0,0.0,0.0,0.0,0.0,0.0,0.0,0.0,0.0,0.0,0.0
20260708_191726_109883,2026-07-08T19:17:35.079,8.969688,pose,350,stand,0.0,0.0,0.0,0.0,0.0,0.0,0.0,0.0,1.0,fake,0.0,0.0,-1.0,-0.0,0.0,0.0,0.0,6.68303108215332,15.618988037109375,12,can0:12,2.70943284034729,6.042665004730225,,"BL_hip_joint,BR_hip_joint,FL_hip_joint,FR_hip_joint,BL_thigh_joint,BR_thigh_joint,FL_thigh_joint,FR_thigh_joint,BL_calf_joint,BR_calf_joint,FL_calf_joint,FR_calf_joint",330e02f2406e129bb6ed6ec4a6c6bcd5f80d7e7799a2ab087e81eda65d2fae69,"step=000350 mode=stand  vx= 0.000 vy= 0.000 vxy= 0.000 yaw= 0.000 speed=1.00 imu=fake tilt_rp=[-0.0,+0.0]deg imu_corr=0.000 act_max= 0.000 tau_cmd= 6.683 tau_cmd_max= 15.619 cmds=12 bus=can0:12 tau_fb= 2.709 tau_fb_max= 6.043",,,,,,,,,,,,,,,,,,,,,,,,,,,,,,,,,,,,,,,,,,,,,,,,,0.0,0.0,0.0,0.0,0.0,0.0,0.0,0.0,0.0,0.0,0.0,0.0,0.0,0.0,0.0,0.0,0.0,0.0,0.0,0.0,0.0,0.0,0.0,0.0,0.013039235025644302,-0.011505207046866417,-0.011121700517833233,0.01380624808371067,0.41572147607803345,-0.4187895357608795,0.4168719947338104,-0.41457095742225647,1.3994166851043701,-1.3994166851043701,1.3986496925354004,-1.399800181388855,-0.03707998991012573,0.006408886983990669,-0.0636310949921608,-0.05264442786574364,-0.1190221905708313,0.12131107598543167,0.043946653604507446,0.05401776358485222,-0.07324442267417908,0.18036438524723053,-0.12955106794834137,0.1272621899843216,0.005766856949776411,-0.005446476396173239,-0.005126095376908779,0.00640761898830533,0.4126506745815277,-0.41489332914352417,0.4126506745815277,-0.41168951988220215,1.375075101852417,-1.376356601715088,1.375715732574463,-1.376356601715088,0.0,0.0,0.0,0.0,0.0,0.0,0.0,0.0,0.0,0.0,0.0,0.0
20260708_191726_109883,2026-07-08T19:17:35.202,9.092311,pose,355,stand,0.0,0.0,0.0,0.0,0.0,0.0,0.0,0.0,1.0,fake,0.0,0.0,-1.0,-0.0,0.0,0.0,0.0,5.87749719619751,15.07953929901123,12,can0:12,2.4216437339782715,6.537064552307129,,"BL_hip_joint,BR_hip_joint,FL_hip_joint,FR_hip_joint,BL_thigh_joint,BR_thigh_joint,FL_thigh_joint,FR_thigh_joint,BL_calf_joint,BR_calf_joint,FL_calf_joint,FR_calf_joint",330e02f2406e129bb6ed6ec4a6c6bcd5f80d7e7799a2ab087e81eda65d2fae69,"step=000355 mode=stand  vx= 0.000 vy= 0.000 vxy= 0.000 yaw= 0.000 speed=1.00 imu=fake tilt_rp=[-0.0,+0.0]deg imu_corr=0.000 act_max= 0.000 tau_cmd= 5.877 tau_cmd_max= 15.080 cmds=12 bus=can0:12 tau_fb= 2.422 tau_fb_max= 6.537",,,,,,,,,,,,,,,,,,,,,,,,,,,,,,,,,,,,,,,,,,,,,,,,,0.0,0.0,0.0,0.0,0.0,0.0,0.0,0.0,0.0,0.0,0.0,0.0,0.0,0.0,0.0,0.0,0.0,0.0,0.0,0.0,0.0,0.0,0.0,0.0,0.013039235025644302,-0.011505207046866417,-0.010738193057477474,0.013422741554677486,0.40996888279914856,-0.4107359051704407,0.4107359051704407,-0.40920186042785645,1.3752557039260864,-1.3771733045578003,1.3760228157043457,-1.3767898082733154,0.0009155552834272385,-0.015564439818263054,0.0553910955786705,-0.019226660951972008,-0.03570665791630745,0.05081331729888916,-0.06683553755283356,0.056764427572488785,-0.1034577488899231,0.2069154977798462,-0.07232886552810669,0.16846217215061188,0.0056693060323596,-0.005354344844818115,-0.005039383191615343,0.006299228873103857,0.4056703448295593,-0.40787506103515625,0.4056703448295593,-0.40472546219825745,1.3518145084381104,-1.353074312210083,1.3524444103240967,-1.353074312210083,0.0,0.0,0.0,0.0,0.0,0.0,0.0,0.0,0.0,0.0,0.0,0.0
20260708_191726_109883,2026-07-08T19:17:35.324,9.214752,pose,360,stand,0.0,0.0,0.0,0.0,0.0,0.0,0.0,0.0,1.0,fake,0.0,0.0,-1.0,-0.0,0.0,0.0,0.0,6.164671421051025,14.474095344543457,12,can0:12,2.459791898727417,5.328531742095947,,"BL_hip_joint,BR_hip_joint,FL_hip_joint,FR_hip_joint,BL_thigh_joint,BR_thigh_joint,FL_thigh_joint,FR_thigh_joint,BL_calf_joint,BR_calf_joint,FL_calf_joint,FR_calf_joint",330e02f2406e129bb6ed6ec4a6c6bcd5f80d7e7799a2ab087e81eda65d2fae69,"step=000360 mode=stand  vx= 0.000 vy= 0.000 vxy= 0.000 yaw= 0.000 speed=1.00 imu=fake tilt_rp=[-0.0,+0.0]deg imu_corr=0.000 act_max= 0.000 tau_cmd= 6.165 tau_cmd_max= 14.474 cmds=12 bus=can0:12 tau_fb= 2.460 tau_fb_max= 5.329",,,,,,,,,,,,,,,,,,,,,,,,,,,,,,,,,,,,,,,,,,,,,,,,,0.0,0.0,0.0,0.0,0.0,0.0,0.0,0.0,0.0,0.0,0.0,0.0,0.0,0.0,0.0,0.0,0.0,0.0,0.0,0.0,0.0,0.0,0.0,0.0,0.013039235025644302,-0.011505207046866417,-0.010738193057477474,0.013422741554677486,0.4038327634334564,-0.40459978580474854,0.40344926714897156,-0.40268224477767944,1.351861834526062,-1.3530123233795166,1.3526288270950317,-1.3533958196640015,0.028382213786244392,0.007782219909131527,-0.0718710869550705,-0.007324442267417908,-0.06591998040676117,-0.004577776417136192,-0.07553330808877945,0.06729331612586975,-0.21057771146297455,0.095675528049469,-0.15427106618881226,0.21057771146297455,0.005568940658122301,-0.005259555298835039,-0.00495016947388649,0.006187711842358112,0.3984886705875397,-0.4006543457508087,0.3984886705875397,-0.3975605070590973,1.327883005142212,-1.3291206359863281,1.3285017013549805,-1.3291206359863281,0.0,0.0,0.0,0.0,0.0,0.0,0.0,0.0,0.0,0.0,0.0,0.0
20260708_191726_109883,2026-07-08T19:17:35.448,9.338727,pose,365,stand,0.0,0.0,0.0,0.0,0.0,0.0,0.0,0.0,1.0,fake,0.0,0.0,-1.0,-0.0,0.0,0.0,0.0,6.118368625640869,13.378653526306152,12,can0:12,2.6013975143432617,5.116122722625732,,"BL_hip_joint,BR_hip_joint,FL_hip_joint,FR_hip_joint,BL_thigh_joint,BR_thigh_joint,FL_thigh_joint,FR_thigh_joint,BL_calf_joint,BR_calf_joint,FL_calf_joint,FR_calf_joint",330e02f2406e129bb6ed6ec4a6c6bcd5f80d7e7799a2ab087e81eda65d2fae69,"step=000365 mode=stand  vx= 0.000 vy= 0.000 vxy= 0.000 yaw= 0.000 speed=1.00 imu=fake tilt_rp=[-0.0,+0.0]deg imu_corr=0.000 act_max= 0.000 tau_cmd= 6.118 tau_cmd_max= 13.379 cmds=12 bus=can0:12 tau_fb= 2.601 tau_fb_max= 5.116",,,,,,,,,,,,,,,,,,,,,,,,,,,,,,,,,,,,,,,,,,,,,,,,,0.0,0.0,0.0,0.0,0.0,0.0,0.0,0.0,0.0,0.0,0.0,0.0,0.0,0.0,0.0,0.0,0.0,0.0,0.0,0.0,0.0,0.0,0.0,0.0,0.013039235025644302,-0.011505207046866417,-0.010738193057477474,0.013422741554677486,0.3957791328430176,-0.3984636664390564,0.39424508810043335,-0.3938615918159485,1.328467845916748,-1.3288514614105225,1.3277008533477783,-1.3292349576950073,-0.05310220643877983,0.008239997550845146,0.010071108117699623,-0.010986663401126862,-0.0869777500629425,0.01235999632626772,-0.07278664410114288,0.03570665791630745,-0.16067995131015778,0.1350444108247757,-0.14007996022701263,0.1753288358449936,0.005465909838676453,-0.005162248387932777,-0.004858586937189102,0.006073233671486378,0.3911162316799164,-0.39324185252189636,0.3911162316799164,-0.3902052640914917,1.3033158779144287,-1.3045306205749512,1.3039231300354004,-1.3045306205749512,0.0,0.0,0.0,0.0,0.0,0.0,0.0,0.0,0.0,0.0,0.0,0.0
20260708_191726_109883,2026-07-08T19:17:35.572,9.462956,pose,370,stand,0.0,0.0,0.0,0.0,0.0,0.0,0.0,0.0,1.0,fake,0.0,0.0,-1.0,-0.0,0.0,0.0,0.0,5.8484649658203125,12.32851505279541,12,can0:12,2.458571195602417,5.55925178527832,,"BL_hip_joint,BR_hip_joint,FL_hip_joint,FR_hip_joint,BL_thigh_joint,BR_thigh_joint,FL_thigh_joint,FR_thigh_joint,BL_calf_joint,BR_calf_joint,FL_calf_joint,FR_calf_joint",330e02f2406e129bb6ed6ec4a6c6bcd5f80d7e7799a2ab087e81eda65d2fae69,"step=000370 mode=stand  vx= 0.000 vy= 0.000 vxy= 0.000 yaw= 0.000 speed=1.00 imu=fake tilt_rp=[-0.0,+0.0]deg imu_corr=0.000 act_max= 0.000 tau_cmd= 5.848 tau_cmd_max= 12.329 cmds=12 bus=can0:12 tau_fb= 2.459 tau_fb_max= 5.559",,,,,,,,,,,,,,,,,,,,,,,,,,,,,,,,,,,,,,,,,,,,,,,,,0.0,0.0,0.0,0.0,0.0,0.0,0.0,0.0,0.0,0.0,0.0,0.0,0.0,0.0,0.0,0.0,0.0,0.0,0.0,0.0,0.0,0.0,0.0,0.0,0.012655727565288544,-0.011121700517833233,-0.010738193057477474,0.013422741554677486,0.38695845007896423,-0.39156055450439453,0.38695845007896423,-0.3854244351387024,1.3031564950942993,-1.3035399913787842,1.3027729988098145,-1.3035399913787842,-0.0631733164191246,0.01144444104284048,0.010986663401126862,0.010071108117699623,-0.13916440308094025,0.0718710869550705,-0.08606220036745071,0.01144444104284048,-0.17853328585624695,0.18860438466072083,-0.173955500125885,0.1899777203798294,0.0053603616543114185,-0.00506256427615881,-0.0047647664323449135,0.005955957807600498,0.38356366753578186,-0.385648250579834,0.38356366753578186,-0.3826702833175659,1.2781484127044678,-1.2793397903442383,1.278744101524353,-1.2793397903442383,0.0,0.0,0.0,0.0,0.0,0.0,0.0,0.0,0.0,0.0,0.0,0.0
20260708_191726_109883,2026-07-08T19:17:35.696,9.586756,pose,375,stand,0.0,0.0,0.0,0.0,0.0,0.0,0.0,0.0,1.0,fake,0.0,0.0,-1.0,-0.0,0.0,0.0,0.0,6.530920505523682,14.310101509094238,12,can0:12,2.5925471782684326,5.482345104217529,,"BL_hip_joint,BR_hip_joint,FL_hip_joint,FR_hip_joint,BL_thigh_joint,BR_thigh_joint,FL_thigh_joint,FR_thigh_joint,BL_calf_joint,BR_calf_joint,FL_calf_joint,FR_calf_joint",330e02f2406e129bb6ed6ec4a6c6bcd5f80d7e7799a2ab087e81eda65d2fae69,"step=000375 mode=stand  vx= 0.000 vy= 0.000 vxy= 0.000 yaw= 0.000 speed=1.00 imu=fake tilt_rp=[-0.0,+0.0]deg imu_corr=0.000 act_max= 0.000 tau_cmd= 6.531 tau_cmd_max= 14.310 cmds=12 bus=can0:12 tau_fb= 2.593 tau_fb_max= 5.482",,,,,,,,,,,,,,,,,,,,,,,,,,,,,,,,,,,,,,,,,,,,,,,,,0.0,0.0,0.0,0.0,0.0,0.0,0.0,0.0,0.0,0.0,0.0,0.0,0.0,0.0,0.0,0.0,0.0,0.0,0.0,0.0,0.0,0.0,0.0,0.0,0.012655727565288544,-0.011121700517833233,-0.01035468652844429,0.013039235025644302,0.3796718418598175,-0.38197287917137146,0.3808223605155945,-0.37928831577301025,1.2770780324935913,-1.278228521347046,1.277845025062561,-1.2786120176315308,0.008697775192558765,-0.050355542451143265,-0.05081331729888916,0.03387554734945297,-0.08789330720901489,0.013733329251408577,-0.021057771518826485,0.05767998471856117,-0.11627551913261414,0.23346659541130066,-0.2142399400472641,0.14831995964050293,0.005252444185316563,-0.004960642196238041,-0.004668839275836945,0.005836049094796181,0.37584158778190613,-0.377884179353714,0.37584158778190613,-0.37496617436408997,1.2524161338806152,-1.2535834312438965,1.2529997825622559,-1.2535834312438965,0.0,0.0,0.0,0.0,0.0,0.0,0.0,0.0,0.0,0.0,0.0,0.0
20260708_191726_109883,2026-07-08T19:17:35.820,9.711046,pose,380,stand,0.0,0.0,0.0,0.0,0.0,0.0,0.0,0.0,1.0,fake,0.0,0.0,-1.0,-0.0,0.0,0.0,0.0,6.308340549468994,14.133038520812988,12,can0:12,2.3303933143615723,5.83025598526001,,"BL_hip_joint,BR_hip_joint,FL_hip_joint,FR_hip_joint,BL_thigh_joint,BR_thigh_joint,FL_thigh_joint,FR_thigh_joint,BL_calf_joint,BR_calf_joint,FL_calf_joint,FR_calf_joint",330e02f2406e129bb6ed6ec4a6c6bcd5f80d7e7799a2ab087e81eda65d2fae69,"step=000380 mode=stand  vx= 0.000 vy= 0.000 vxy= 0.000 yaw= 0.000 speed=1.00 imu=fake tilt_rp=[-0.0,+0.0]deg imu_corr=0.000 act_max= 0.000 tau_cmd= 6.308 tau_cmd_max= 14.133 cmds=12 bus=can0:12 tau_fb= 2.330 tau_fb_max= 5.830",,,,,,,,,,,,,,,,,,,,,,,,,,,,,,,,,,,,,,,,,,,,,,,,,0.0,0.0,0.0,0.0,0.0,0.0,0.0,0.0,0.0,0.0,0.0,0.0,0.0,0.0,0.0,0.0,0.0,0.0,0.0,0.0,0.0,0.0,0.0,0.0,0.012655727565288544,-0.011121700517833233,-0.01035468652844429,0.013039235025644302,0.37353572249412537,-0.37391921877861023,0.37353572249412537,-0.37276870012283325,1.251766562461853,-1.2525335550308228,1.251766562461853,-1.2529170513153076,-0.019226660951972008,-0.007324442267417908,-0.030671102926135063,0.0631733164191246,-0.059053316712379456,-0.044862210750579834,-0.09338664263486862,0.09063997119665146,-0.14099551737308502,0.1744132786989212,-0.21652881801128387,0.2682577073574066,0.005142305977642536,-0.004856622312217951,-0.0045709386467933655,0.005713673308491707,0.3679605722427368,-0.36996030807495117,0.3679605722427368,-0.3671035170555115,1.2261542081832886,-1.227297067642212,1.2267255783081055,-1.227297067642212,0.0,0.0,0.0,0.0,0.0,0.0,0.0,0.0,0.0,0.0,0.0,0.0
20260708_191726_109883,2026-07-08T19:17:35.944,9.835073,pose,385,stand,0.0,0.0,0.0,0.0,0.0,0.0,0.0,0.0,1.0,fake,0.0,0.0,-1.0,-0.0,0.0,0.0,0.0,6.990882873535156,20.963298797607422,12,can0:12,2.70546555519104,5.475020408630371,,"BL_hip_joint,BR_hip_joint,FL_hip_joint,FR_hip_joint,BL_thigh_joint,BR_thigh_joint,FL_thigh_joint,FR_thigh_joint,BL_calf_joint,BR_calf_joint,FL_calf_joint,FR_calf_joint",330e02f2406e129bb6ed6ec4a6c6bcd5f80d7e7799a2ab087e81eda65d2fae69,"step=000385 mode=stand  vx= 0.000 vy= 0.000 vxy= 0.000 yaw= 0.000 speed=1.00 imu=fake tilt_rp=[-0.0,+0.0]deg imu_corr=0.000 act_max= 0.000 tau_cmd= 6.991 tau_cmd_max= 20.963 cmds=12 bus=can0:12 tau_fb= 2.705 tau_fb_max= 5.475",,,,,,,,,,,,,,,,,,,,,,,,,,,,,,,,,,,,,,,,,,,,,,,,,0.0,0.0,0.0,0.0,0.0,0.0,0.0,0.0,0.0,0.0,0.0,0.0,0.0,0.0,0.0,0.0,0.0,0.0,0.0,0.0,0.0,0.0,0.0,0.0,0.011505207046866417,-0.011121700517833233,-0.01035468652844429,0.013039235025644302,0.3673996031284332,-0.36701610684394836,0.36433154344558716,-0.36356455087661743,1.228756070137024,-1.225688099861145,1.2253046035766602,-1.225688099861145,0.017853328958153725,0.01235999632626772,-0.0032044434919953346,-0.05813775956630707,-0.04852443188428879,0.04898220673203468,-0.016022218391299248,0.014191106893122196,-0.02929776906967163,0.16251106560230255,-0.17899106442928314,0.15381328761577606,0.005030094180256128,-0.004750644788146019,-0.004471194930374622,0.005588993430137634,0.35993120074272156,-0.3618873357772827,0.35993120074272156,-0.3590928614139557,1.1993980407714844,-1.200515866279602,1.1999568939208984,-1.200515866279602,0.0,0.0,0.0,0.0,0.0,0.0,0.0,0.0,0.0,0.0,0.0,0.0
20260708_191726_109883,2026-07-08T19:17:36.068,9.958894,pose,390,stand,0.0,0.0,0.0,0.0,0.0,0.0,0.0,0.0,1.0,fake,0.0,0.0,-1.0,-0.0,0.0,0.0,0.0,6.877074718475342,26.489582061767578,12,can0:12,3.6707661151885986,14.385204315185547,,"BL_hip_joint,BR_hip_joint,FL_hip_joint,FR_hip_joint,BL_thigh_joint,BR_thigh_joint,FL_thigh_joint,FR_thigh_joint,BL_calf_joint,BR_calf_joint,FL_calf_joint,FR_calf_joint",330e02f2406e129bb6ed6ec4a6c6bcd5f80d7e7799a2ab087e81eda65d2fae69,"step=000390 mode=stand  vx= 0.000 vy= 0.000 vxy= 0.000 yaw= 0.000 speed=1.00 imu=fake tilt_rp=[-0.0,+0.0]deg imu_corr=0.000 act_max= 0.000 tau_cmd= 6.877 tau_cmd_max= 26.490 cmds=12 bus=can0:12 tau_fb= 3.671 tau_fb_max= 14.385",,,,,,,,,,,,,,,,,,,,,,,,,,,,,,,,,,,,,,,,,,,,,,,,,0.0,0.0,0.0,0.0,0.0,0.0,0.0,0.0,0.0,0.0,0.0,0.0,0.0,0.0,0.0,0.0,0.0,0.0,0.0,0.0,0.0,0.0,0.0,0.0,0.006903124041855335,-0.010738193057477474,-0.01035468652844429,0.013039235025644302,0.35397687554359436,-0.3593459725379944,0.3555108904838562,-0.35397687554359436,1.2099642753601074,-1.1984590291976929,1.1976920366287231,-1.1988425254821777,-0.037537768483161926,0.10986663401126862,-0.05401776358485222,-0.002288888208568096,-0.11169774830341339,0.13183996081352234,-0.03341776877641678,0.04623554274439812,-0.051271095871925354,0.22522659599781036,-0.16434217989444733,0.1432843953371048,0.004915958270430565,-0.004642849322408438,-0.004369740374386311,0.005462175700813532,0.35176411271095276,-0.35367587208747864,0.35176411271095276,-0.35094478726387024,1.1721829175949097,-1.173275351524353,1.1727290153503418,-1.173275351524353,0.0,0.0,0.0,0.0,0.0,0.0,0.0,0.0,0.0,0.0,0.0,0.0
20260708_191726_109883,2026-07-08T19:17:36.192,10.082765,pose,395,stand,0.0,0.0,0.0,0.0,0.0,0.0,0.0,0.0,1.0,fake,0.0,0.0,-1.0,-0.0,0.0,0.0,0.0,8.121322631835938,30.90735626220703,12,can0:12,4.467298984527588,19.8272647857666,,"BL_hip_joint,BR_hip_joint,FL_hip_joint,FR_hip_joint,BL_thigh_joint,BR_thigh_joint,FL_thigh_joint,FR_thigh_joint,BL_calf_joint,BR_calf_joint,FL_calf_joint,FR_calf_joint",330e02f2406e129bb6ed6ec4a6c6bcd5f80d7e7799a2ab087e81eda65d2fae69,"step=000395 mode=stand  vx= 0.000 vy= 0.000 vxy= 0.000 yaw= 0.000 speed=1.00 imu=fake tilt_rp=[-0.0,+0.0]deg imu_corr=0.000 act_max= 0.000 tau_cmd= 8.121 tau_cmd_max= 30.907 cmds=12 bus=can0:12 tau_fb= 4.467 tau_fb_max= 19.827",,,,,,,,,,,,,,,,,,,,,,,,,,,,,,,,,,,,,,,,,,,,,,,,,0.0,0.0,0.0,0.0,0.0,0.0,0.0,0.0,0.0,0.0,0.0,0.0,0.0,0.0,0.0,0.0,0.0,0.0,0.0,0.0,0.0,0.0,0.0,0.0,0.0034515620209276676,-0.010738193057477474,-0.009971179068088531,0.012655727565288544,0.33633553981781006,-0.3505253195762634,0.3489912748336792,-0.3470737338066101,1.1915559768676758,-1.1712300777435303,1.1700795888900757,-1.1712300777435303,-0.027466658502817154,0.04348887503147125,-0.06591998040676117,0.015106662176549435,-0.17029328644275665,0.028839992359280586,-0.08285775035619736,-0.01144444104284048,-0.12085329741239548,0.2600176930427551,-0.1817377209663391,0.1831110566854477,0.004800044931471348,-0.004533376544713974,-0.004266707226634026,0.005333383567631245,0.34346991777420044,-0.34533658623695374,0.34346991777420044,-0.34266990423202515,1.1445441246032715,-1.1456108093261719,1.1450774669647217,-1.1456108093261719,0.0,0.0,0.0,0.0,0.0,0.0,0.0,0.0,0.0,0.0,0.0,0.0
20260708_191726_109883,2026-07-08T19:17:36.316,10.206627,pose,400,stand,0.0,0.0,0.0,0.0,0.0,0.0,0.0,0.0,1.0,fake,0.0,0.0,-1.0,-0.0,0.0,0.0,0.0,9.397537231445312,40.60216522216797,12,can0:12,5.7527384757995605,25.899227142333984,,"BL_hip_joint,BR_hip_joint,FL_hip_joint,FR_hip_joint,BL_thigh_joint,BR_thigh_joint,FL_thigh_joint,FR_thigh_joint,BL_calf_joint,BR_calf_joint,FL_calf_joint,FR_calf_joint",330e02f2406e129bb6ed6ec4a6c6bcd5f80d7e7799a2ab087e81eda65d2fae69,"step=000400 mode=stand  vx= 0.000 vy= 0.000 vxy= 0.000 yaw= 0.000 speed=1.00 imu=fake tilt_rp=[-0.0,+0.0]deg imu_corr=0.000 act_max= 0.000 tau_cmd= 9.398 tau_cmd_max= 40.602 cmds=12 bus=can0:12 tau_fb= 5.753 tau_fb_max= 25.899",,,,,,,,,,,,,,,,,,,,,,,,,,,,,,,,,,,,,,,,,,,,,,,,,0.0,0.0,0.0,0.0,0.0,0.0,0.0,0.0,0.0,0.0,0.0,0.0,0.0,0.0,0.0,0.0,0.0,0.0,0.0,0.0,0.0,0.0,0.0,0.0,-0.0026845482643693686,-0.010738193057477474,-0.009971179068088531,0.012655727565288544,0.3221457898616791,-0.34093764424324036,0.3417046368122101,-0.3405541181564331,1.1727640628814697,-1.1432340145111084,1.1424670219421387,-1.1432340145111084,-0.14099551737308502,0.009613330475986004,-0.143742173910141,-0.0398266538977623,-0.11032441258430481,0.07049775868654251,-0.06454664468765259,0.07232886552810669,-0.043946653604507446,0.27512437105178833,-0.20050661265850067,0.2623066008090973,0.00468250410631299,-0.0044223652221262455,-0.0041622258722782135,0.005202782340347767,0.33505919575691223,-0.3368801474571228,0.33505919575691223,-0.33427879214286804,1.1165170669555664,-1.1175577640533447,1.1170374155044556,-1.1175577640533447,0.0,0.0,0.0,0.0,0.0,0.0,0.0,0.0,0.0,0.0,0.0,0.0
20260708_191726_109883,2026-07-08T19:17:36.436,10.326306,pose,405,stand,0.0,0.0,0.0,0.0,0.0,0.0,0.0,0.0,1.0,fake,0.0,0.0,-1.0,-0.0,0.0,0.0,0.0,9.318034172058105,41.45302200317383,12,can0:12,6.5776543617248535,29.964292526245117,,"BL_hip_joint,BR_hip_joint,FL_hip_joint,FR_hip_joint,BL_thigh_joint,BR_thigh_joint,FL_thigh_joint,FR_thigh_joint,BL_calf_joint,BR_calf_joint,FL_calf_joint,FR_calf_joint",330e02f2406e129bb6ed6ec4a6c6bcd5f80d7e7799a2ab087e81eda65d2fae69,"step=000405 mode=stand  vx= 0.000 vy= 0.000 vxy= 0.000 yaw= 0.000 speed=1.00 imu=fake tilt_rp=[-0.0,+0.0]deg imu_corr=0.000 act_max= 0.000 tau_cmd= 9.318 tau_cmd_max= 41.453 cmds=12 bus=can0:12 tau_fb= 6.578 tau_fb_max= 29.964",,,,,,,,,,,,,,,,,,,,,,,,,,,,,,,,,,,,,,,,,,,,,,,,,0.0,0.0,0.0,0.0,0.0,0.0,0.0,0.0,0.0,0.0,0.0,0.0,0.0,0.0,0.0,0.0,0.0,0.0,0.0,0.0,0.0,0.0,0.0,0.0,-0.005369096528738737,-0.01035468652844429,-0.009971179068088531,0.012655727565288544,0.30833953619003296,-0.33441802859306335,0.3313499689102173,-0.3313499689102173,1.1516711711883545,-1.115621566772461,1.1148545742034912,-1.115621566772461,0.016022218391299248,-0.020142216235399246,0.04898220673203468,-0.017853328958153725,-0.09842219203710556,0.017853328958153725,-0.04669332131743431,0.07003998011350632,-0.17212440073490143,0.14648884534835815,-0.2760399281978607,0.2687154710292816,0.004563482943922281,-0.004309955984354019,-0.004056429490447044,0.005070536397397518,0.32654255628585815,-0.32831722497940063,0.32654255628585815,-0.32578200101852417,1.088137149810791,-1.089151382446289,1.08864426612854,-1.089151382446289,0.0,0.0,0.0,0.0,0.0,0.0,0.0,0.0,0.0,0.0,0.0,0.0
20260708_191726_109883,2026-07-08T19:17:36.554,10.444472,pose,410,stand,0.0,0.0,0.0,0.0,0.0,0.0,0.0,0.0,1.0,fake,0.0,0.0,-1.0,-0.0,0.0,0.0,0.0,10.071141242980957,45.06967544555664,12,can0:12,6.642963886260986,31.593982696533203,,"BL_hip_joint,BR_hip_joint,FL_hip_joint,FR_hip_joint,BL_thigh_joint,BR_thigh_joint,FL_thigh_joint,FR_thigh_joint,BL_calf_joint,BR_calf_joint,FL_calf_joint,FR_calf_joint",330e02f2406e129bb6ed6ec4a6c6bcd5f80d7e7799a2ab087e81eda65d2fae69,"step=000410 mode=stand  vx= 0.000 vy= 0.000 vxy= 0.000 yaw= 0.000 speed=1.00 imu=fake tilt_rp=[-0.0,+0.0]deg imu_corr=0.000 act_max= 0.000 tau_cmd= 10.071 tau_cmd_max= 45.070 cmds=12 bus=can0:12 tau_fb= 6.643 tau_fb_max= 31.594",,,,,,,,,,,,,,,,,,,,,,,,,,,,,,,,,,,,,,,,,,,,,,,,,0.0,0.0,0.0,0.0,0.0,0.0,0.0,0.0,0.0,0.0,0.0,0.0,0.0,0.0,0.0,0.0,0.0,0.0,0.0,0.0,0.0,0.0,0.0,0.0,-0.006519617512822151,-0.009971179068088531,-0.009587672539055347,0.012655727565288544,0.29606732726097107,-0.326747864484787,0.32252931594848633,-0.3209952712059021,1.1275103092193604,-1.0872420072555542,1.0864750146865845,-1.0872420072555542,-0.07324442267417908,0.059968870133161545,0.015564439818263054,-0.00595110934227705,-0.11627551913261414,0.07599108666181564,-0.059968870133161545,0.0718710869550705,-0.1661732792854309,0.20737327635288239,-0.23529770970344543,0.20645771920681,0.004443129524588585,-0.004196288995444775,-0.003949448466300964,0.0049368105828762054,0.3179306089878082,-0.319658488035202,0.3179306089878082,-0.31719011068344116,1.0594395399093628,-1.060426950454712,1.0599331855773926,-1.060426950454712,0.0,0.0,0.0,0.0,0.0,0.0,0.0,0.0,0.0,0.0,0.0,0.0
20260708_191726_109883,2026-07-08T19:17:36.673,10.563381,pose,415,stand,0.0,0.0,0.0,0.0,0.0,0.0,0.0,0.0,1.0,fake,0.0,0.0,-1.0,-0.0,0.0,0.0,0.0,10.876167297363281,46.20145797729492,12,can0:12,7.129734039306641,33.18704605102539,,"BL_hip_joint,BR_hip_joint,FL_hip_joint,FR_hip_joint,BL_thigh_joint,BR_thigh_joint,FL_thigh_joint,FR_thigh_joint,BL_calf_joint,BR_calf_joint,FL_calf_joint,FR_calf_joint",330e02f2406e129bb6ed6ec4a6c6bcd5f80d7e7799a2ab087e81eda65d2fae69,"step=000415 mode=stand  vx= 0.000 vy= 0.000 vxy= 0.000 yaw= 0.000 speed=1.00 imu=fake tilt_rp=[-0.0,+0.0]deg imu_corr=0.000 act_max= 0.000 tau_cmd= 10.876 tau_cmd_max= 46.201 cmds=12 bus=can0:12 tau_fb= 7.130 tau_fb_max= 33.187",,,,,,,,,,,,,,,,,,,,,,,,,,,,,,,,,,,,,,,,,,,,,,,,,0.0,0.0,0.0,0.0,0.0,0.0,0.0,0.0,0.0,0.0,0.0,0.0,0.0,0.0,0.0,0.0,0.0,0.0,0.0,0.0,0.0,0.0,0.0,0.0,-0.006903124041855335,-0.009204166010022163,-0.009204166010022163,0.01227222103625536,0.28341159224510193,-0.3183107376098633,0.31485915184020996,-0.3133251368999481,1.1002812385559082,-1.0615471601486206,1.0569449663162231,-1.0580955743789673,-0.021057771518826485,-0.0068666646257042885,0.006408886983990669,-0.031128879636526108,-0.10620441287755966,0.10757774859666824,-0.027924437075853348,-0.00595110934227705,-0.17120884358882904,0.12131107598543167,-0.23987548053264618,0.21286660432815552,0.00432159285992384,-0.0040815044194459915,-0.0038414157461375,0.004801769740879536,0.30923396348953247,-0.3109145760536194,0.30923396348953247,-0.30851370096206665,1.0304597616195679,-1.0314202308654785,1.0309399366378784,-1.0314202308654785,0.0,0.0,0.0,0.0,0.0,0.0,0.0,0.0,0.0,0.0,0.0,0.0
20260708_191726_109883,2026-07-08T19:17:36.794,10.684253,pose,420,stand,0.0,0.0,0.0,0.0,0.0,0.0,0.0,0.0,1.0,fake,0.0,0.0,-1.0,-0.0,0.0,0.0,0.0,11.041975975036621,45.099159240722656,12,can0:12,6.828211307525635,32.90871810913086,,"BL_hip_joint,BR_hip_joint,FL_hip_joint,FR_hip_joint,BL_thigh_joint,BR_thigh_joint,FL_thigh_joint,FR_thigh_joint,BL_calf_joint,BR_calf_joint,FL_calf_joint,FR_calf_joint",330e02f2406e129bb6ed6ec4a6c6bcd5f80d7e7799a2ab087e81eda65d2fae69,"step=000420 mode=stand  vx= 0.000 vy= 0.000 vxy= 0.000 yaw= 0.000 speed=1.00 imu=fake tilt_rp=[-0.0,+0.0]deg imu_corr=0.000 act_max= 0.000 tau_cmd= 11.042 tau_cmd_max= 45.099 cmds=12 bus=can0:12 tau_fb= 6.828 tau_fb_max= 32.909",,,,,,,,,,,,,,,,,,,,,,,,,,,,,,,,,,,,,,,,,,,,,,,,,0.0,0.0,0.0,0.0,0.0,0.0,0.0,0.0,0.0,0.0,0.0,0.0,0.0,0.0,0.0,0.0,0.0,0.0,0.0,0.0,0.0,0.0,0.0,0.0,-0.006903124041855335,-0.008820658549666405,-0.009204166010022163,0.01227222103625536,0.27305692434310913,-0.3052715063095093,0.307189017534256,-0.30642202496528625,1.0715183019638062,-1.0350850820541382,1.0277985334396362,-1.028565526008606,-0.014191106893122196,-0.003662221133708954,-0.035248879343271255,0.08880886435508728,0.0476088747382164,0.10437330603599548,-0.0952177494764328,0.04348887503147125,-0.21149326860904694,0.2059999406337738,-0.20416882634162903,0.13229773938655853,0.004199019633233547,-0.0039657410234212875,-0.003732462180778384,0.004665577784180641,0.3004631996154785,-0.3020961284637451,0.3004631996154785,-0.29976338148117065,1.0012328624725342,-1.0021660327911377,1.001699447631836,-1.0021660327911377,0.0,0.0,0.0,0.0,0.0,0.0,0.0,0.0,0.0,0.0,0.0,0.0
20260708_191726_109883,2026-07-08T19:17:36.916,10.806699,pose,425,stand,0.0,0.0,0.0,0.0,0.0,0.0,0.0,0.0,1.0,fake,0.0,0.0,-1.0,-0.0,0.0,0.0,0.0,10.553546905517578,44.696346282958984,12,can0:12,6.516922473907471,30.297555923461914,,"BL_hip_joint,BR_hip_joint,FL_hip_joint,FR_hip_joint,BL_thigh_joint,BR_thigh_joint,FL_thigh_joint,FR_thigh_joint,BL_calf_joint,BR_calf_joint,FL_calf_joint,FR_calf_joint",330e02f2406e129bb6ed6ec4a6c6bcd5f80d7e7799a2ab087e81eda65d2fae69,"step=000425 mode=stand  vx= 0.000 vy= 0.000 vxy= 0.000 yaw= 0.000 speed=1.00 imu=fake tilt_rp=[-0.0,+0.0]deg imu_corr=0.000 act_max= 0.000 tau_cmd= 10.554 tau_cmd_max= 44.696 cmds=12 bus=can0:12 tau_fb= 6.517 tau_fb_max= 30.298",,,,,,,,,,,,,,,,,,,,,,,,,,,,,,,,,,,,,,,,,,,,,,,,,0.0,0.0,0.0,0.0,0.0,0.0,0.0,0.0,0.0,0.0,0.0,0.0,0.0,0.0,0.0,0.0,0.0,0.0,0.0,0.0,0.0,0.0,0.0,0.0,-0.00613611051812768,-0.007286631036549807,-0.009204166010022163,0.011888713575899601,0.26807132363319397,-0.2987518608570099,0.29645082354545593,-0.29606732726097107,1.0400707721710205,-1.0070891380310059,0.9978849291801453,-0.9990354776382446,0.012817773967981339,-0.02929776906967163,0.025177771225571632,-0.03341776877641678,-0.051271095871925354,-0.0032044434919953346,-0.08835108578205109,0.16525772213935852,-0.18082216382026672,0.1982177197933197,-0.221564382314682,0.18906216323375702,0.004075559787452221,-0.0038491401355713606,-0.003622720018029213,0.004528400022536516,0.29162895679473877,-0.2932139039039612,0.29162895679473877,-0.2909497022628784,0.971794605255127,-0.9727003574371338,0.9722474217414856,-0.9727003574371338,0.0,0.0,0.0,0.0,0.0,0.0,0.0,0.0,0.0,0.0,0.0,0.0
20260708_191726_109883,2026-07-08T19:17:37.037,10.927960,pose,430,stand,0.0,0.0,0.0,0.0,0.0,0.0,0.0,0.0,1.0,fake,0.0,0.0,-1.0,-0.0,0.0,0.0,0.0,10.1371431350708,39.27236557006836,12,can0:12,6.320688247680664,28.092897415161133,,"BL_hip_joint,BR_hip_joint,FL_hip_joint,FR_hip_joint,BL_thigh_joint,BR_thigh_joint,FL_thigh_joint,FR_thigh_joint,BL_calf_joint,BR_calf_joint,FL_calf_joint,FR_calf_joint",330e02f2406e129bb6ed6ec4a6c6bcd5f80d7e7799a2ab087e81eda65d2fae69,"step=000430 mode=stand  vx= 0.000 vy= 0.000 vxy= 0.000 yaw= 0.000 speed=1.00 imu=fake tilt_rp=[-0.0,+0.0]deg imu_corr=0.000 act_max= 0.000 tau_cmd= 10.137 tau_cmd_max= 39.272 cmds=12 bus=can0:12 tau_fb= 6.321 tau_fb_max= 28.093",,,,,,,,,,,,,,,,,,,,,,,,,,,,,,,,,,,,,,,,,,,,,,,,,0.0,0.0,0.0,0.0,0.0,0.0,0.0,0.0,0.0,0.0,0.0,0.0,0.0,0.0,0.0,0.0,0.0,0.0,0.0,0.0,0.0,0.0,0.0,0.0,-0.00613611051812768,-0.006519617512822151,-0.00843715202063322,0.011888713575899601,0.2623187303543091,-0.2937662899494171,0.28878068923950195,-0.286479651927948,1.0063221454620361,-0.9794766306877136,0.9691219329833984,-0.9695054292678833,-0.021973326802253723,0.0553910955786705,-0.004577776417136192,-0.0068666646257042885,0.002288888208568096,0.032959990203380585,-0.04898220673203468,0.021973326802253723,-0.2453688234090805,0.158848837018013,-0.18631550669670105,0.173955500125885,0.00395136047154665,-0.0037318405229598284,-0.003512320574373007,0.00439040083438158,0.2827417850494385,-0.28427842259407043,0.2827417850494385,-0.2820832431316376,0.9421799182891846,-0.9430580735206604,0.9426189661026001,-0.9430580735206604,0.0,0.0,0.0,0.0,0.0,0.0,0.0,0.0,0.0,0.0,0.0,0.0
20260708_191726_109883,2026-07-08T19:17:37.159,11.049630,pose,435,stand,0.0,0.0,0.0,0.0,0.0,0.0,0.0,0.0,1.0,fake,0.0,0.0,-1.0,-0.0,0.0,0.0,0.0,11.926407814025879,38.30747604370117,12,can0:12,7.42026948928833,26.957609176635742,,"BL_hip_joint,BR_hip_joint,FL_hip_joint,FR_hip_joint,BL_thigh_joint,BR_thigh_joint,FL_thigh_joint,FR_thigh_joint,BL_calf_joint,BR_calf_joint,FL_calf_joint,FR_calf_joint",330e02f2406e129bb6ed6ec4a6c6bcd5f80d7e7799a2ab087e81eda65d2fae69,"step=000435 mode=stand  vx= 0.000 vy= 0.000 vxy= 0.000 yaw= 0.000 speed=1.00 imu=fake tilt_rp=[-0.0,+0.0]deg imu_corr=0.000 act_max= 0.000 tau_cmd= 11.926 tau_cmd_max= 38.307 cmds=12 bus=can0:12 tau_fb= 7.420 tau_fb_max= 26.958",,,,,,,,,,,,,,,,,,,,,,,,,,,,,,,,,,,,,,,,,,,,,,,,,0.0,0.0,0.0,0.0,0.0,0.0,0.0,0.0,0.0,0.0,0.0,0.0,0.0,0.0,0.0,0.0,0.0,0.0,0.0,0.0,0.0,0.0,0.0,0.0,-0.006519617512822151,-0.00613611051812768,-0.004602083005011082,0.007670138031244278,0.25541558861732483,-0.28609615564346313,0.28494563698768616,-0.28302809596061707,0.9752580523490906,-0.9514806270599365,0.9484125375747681,-0.9464950561523438,-0.061342205852270126,-0.01235999632626772,0.0631733164191246,-0.029755547642707825,0.010071108117699623,0.0874355286359787,0.08972442150115967,-0.031128879636526108,-0.2449110448360443,0.1986754983663559,-0.09384441375732422,0.1666310578584671,0.0038265699986368418,-0.0036139830481261015,-0.003401395631954074,0.004251744598150253,0.27381235361099243,-0.27530044317245483,0.27381235361099243,-0.27317458391189575,0.9124243855476379,-0.9132747650146484,0.9128495454788208,-0.9132747650146484,0.0,0.0,0.0,0.0,0.0,0.0,0.0,0.0,0.0,0.0,0.0,0.0
20260708_191726_109883,2026-07-08T19:17:37.278,11.168675,pose,440,stand,0.0,0.0,0.0,0.0,0.0,0.0,0.0,0.0,1.0,fake,0.0,0.0,-1.0,-0.0,0.0,0.0,0.0,13.551945686340332,38.70878982543945,12,can0:12,8.11731243133545,24.1779842376709,,"BL_hip_joint,BR_hip_joint,FL_hip_joint,FR_hip_joint,BL_thigh_joint,BR_thigh_joint,FL_thigh_joint,FR_thigh_joint,BL_calf_joint,BR_calf_joint,FL_calf_joint,FR_calf_joint",330e02f2406e129bb6ed6ec4a6c6bcd5f80d7e7799a2ab087e81eda65d2fae69,"step=000440 mode=stand  vx= 0.000 vy= 0.000 vxy= 0.000 yaw= 0.000 speed=1.00 imu=fake tilt_rp=[-0.0,+0.0]deg imu_corr=0.000 act_max= 0.000 tau_cmd= 13.552 tau_cmd_max= 38.709 cmds=12 bus=can0:12 tau_fb= 8.117 tau_fb_max= 24.178",,,,,,,,,,,,,,,,,,,,,,,,,,,,,,,,,,,,,,,,,,,,,,,,,0.0,0.0,0.0,0.0,0.0,0.0,0.0,0.0,0.0,0.0,0.0,0.0,0.0,0.0,0.0,0.0,0.0,0.0,0.0,0.0,0.0,0.0,0.0,0.0,-0.00421857601031661,-0.003835069015622139,-0.003835069015622139,0.00306805525906384,0.2500464916229248,-0.27842602133750916,0.281110554933548,-0.28302809596061707,0.9434269666671753,-0.9227176308631897,0.9242516160011292,-0.9292372465133667,0.0050355540588498116,0.08880886435508728,-0.002288888208568096,-0.05813775956630707,-0.14557328820228577,0.04303110018372536,-0.05813775956630707,0.0398266538977623,-0.19272439181804657,0.20050661265850067,-0.110782191157341,0.08194220066070557,0.003701336681842804,-0.0034957071766257286,-0.003290077205747366,0.004112596623599529,0.2648512125015259,-0.2662906050682068,0.2648512125015259,-0.264234334230423,0.8825631737709045,-0.8833857178688049,0.8829744458198547,-0.8833857178688049,0.0,0.0,0.0,0.0,0.0,0.0,0.0,0.0,0.0,0.0,0.0,0.0
20260708_191726_109883,2026-07-08T19:17:37.397,11.287855,pose,445,stand,0.0,0.0,0.0,0.0,0.0,0.0,0.0,0.0,1.0,fake,0.0,0.0,-1.0,-0.0,0.0,0.0,0.0,12.899452209472656,36.666873931884766,12,can0:12,8.368785858154297,23.11960220336914,,"BL_hip_joint,BR_hip_joint,FL_hip_joint,FR_hip_joint,BL_thigh_joint,BR_thigh_joint,FL_thigh_joint,FR_thigh_joint,BL_calf_joint,BR_calf_joint,FL_calf_joint,FR_calf_joint",330e02f2406e129bb6ed6ec4a6c6bcd5f80d7e7799a2ab087e81eda65d2fae69,"step=000445 mode=stand  vx= 0.000 vy= 0.000 vxy= 0.000 yaw= 0.000 speed=1.00 imu=fake tilt_rp=[-0.0,+0.0]deg imu_corr=0.000 act_max= 0.000 tau_cmd= 12.899 tau_cmd_max= 36.667 cmds=12 bus=can0:12 tau_fb= 8.369 tau_fb_max= 23.120",,,,,,,,,,,,,,,,,,,,,,,,,,,,,,,,,,,,,,,,,,,,,,,,,0.0,0.0,0.0,0.0,0.0,0.0,0.0,0.0,0.0,0.0,0.0,0.0,0.0,0.0,0.0,0.0,0.0,0.0,0.0,0.0,0.0,0.0,0.0,0.0,-0.003835069015622139,-0.0034515620209276676,-0.0034515620209276676,0.0011505207512527704,0.24314337968826294,-0.27113938331604004,0.27382391691207886,-0.2791930139064789,0.9112123847007751,-0.8951051235198975,0.894338071346283,-0.9081443548202515,-0.009613330475986004,-0.008239997550845146,-0.036164432764053345,0.055848874151706696,-0.048066653311252594,0.09796441346406937,0.002288888208568096,0.008239997550845146,-0.20187993347644806,0.3039643466472626,-0.2151554971933365,0.1821954995393753,0.003575808834284544,-0.0033771530725061893,-0.0031784968450665474,0.003973120823502541,0.2558690011501312,-0.2572595775127411,0.2558690011501312,-0.2552730441093445,0.8526317477226257,-0.8534263968467712,0.8530290722846985,-0.8534263968467712,0.0,0.0,0.0,0.0,0.0,0.0,0.0,0.0,0.0,0.0,0.0,0.0
20260708_191726_109883,2026-07-08T19:17:37.517,11.407156,pose,450,stand,0.0,0.0,0.0,0.0,0.0,0.0,0.0,0.0,1.0,fake,0.0,0.0,-1.0,-0.0,0.0,0.0,0.0,13.95528793334961,34.94783401489258,12,can0:12,8.467970848083496,23.467512130737305,,"BL_hip_joint,BR_hip_joint,FL_hip_joint,FR_hip_joint,BL_thigh_joint,BR_thigh_joint,FL_thigh_joint,FR_thigh_joint,BL_calf_joint,BR_calf_joint,FL_calf_joint,FR_calf_joint",330e02f2406e129bb6ed6ec4a6c6bcd5f80d7e7799a2ab087e81eda65d2fae69,"step=000450 mode=stand  vx= 0.000 vy= 0.000 vxy= 0.000 yaw= 0.000 speed=1.00 imu=fake tilt_rp=[-0.0,+0.0]deg imu_corr=0.000 act_max= 0.000 tau_cmd= 13.955 tau_cmd_max= 34.948 cmds=12 bus=can0:12 tau_fb= 8.468 tau_fb_max= 23.468",,,,,,,,,,,,,,,,,,,,,,,,,,,,,,,,,,,,,,,,,,,,,,,,,0.0,0.0,0.0,0.0,0.0,0.0,0.0,0.0,0.0,0.0,0.0,0.0,0.0,0.0,0.0,0.0,0.0,0.0,0.0,0.0,0.0,0.0,0.0,0.0,-0.00421857601031661,-0.0034515620209276676,-0.0026845482643693686,0.0011505207512527704,0.23470622301101685,-0.2642362415790558,0.26461976766586304,-0.2715228796005249,0.878997802734375,-0.865958571434021,0.8632740378379822,-0.8793812990188599,-0.0032044434919953346,-0.06179998070001602,-0.0050355540588498116,0.004119998775422573,-0.12176885455846786,-0.0119022186845541,-0.015106662176549435,0.05493331700563431,-0.20279549062252045,0.14603106677532196,-0.1753288358449936,0.2224799394607544,0.003450134303420782,-0.0032584602013230324,-0.0030667860992252827,0.0038334825076162815,0.2468762844800949,-0.24821799993515015,0.2468762844800949,-0.24630126357078552,0.8226653337478638,-0.8234320878982544,0.8230487108230591,-0.8234320878982544,0.0,0.0,0.0,0.0,0.0,0.0,0.0,0.0,0.0,0.0,0.0,0.0
20260708_191726_109883,2026-07-08T19:17:37.636,11.526746,pose,455,stand,0.0,0.0,0.0,0.0,0.0,0.0,0.0,0.0,1.0,fake,0.0,0.0,-1.0,-0.0,0.0,0.0,0.0,13.056864738464355,35.045536041259766,12,can0:12,8.048035621643066,23.712881088256836,,"BL_hip_joint,BR_hip_joint,FL_hip_joint,FR_hip_joint,BL_thigh_joint,BR_thigh_joint,FL_thigh_joint,FR_thigh_joint,BL_calf_joint,BR_calf_joint,FL_calf_joint,FR_calf_joint",330e02f2406e129bb6ed6ec4a6c6bcd5f80d7e7799a2ab087e81eda65d2fae69,"step=000455 mode=stand  vx= 0.000 vy= 0.000 vxy= 0.000 yaw= 0.000 speed=1.00 imu=fake tilt_rp=[-0.0,+0.0]deg imu_corr=0.000 act_max= 0.000 tau_cmd= 13.057 tau_cmd_max= 35.046 cmds=12 bus=can0:12 tau_fb= 8.048 tau_fb_max= 23.713",,,,,,,,,,,,,,,,,,,,,,,,,,,,,,,,,,,,,,,,,,,,,,,,,0.0,0.0,0.0,0.0,0.0,0.0,0.0,0.0,0.0,0.0,0.0,0.0,0.0,0.0,0.0,0.0,0.0,0.0,0.0,0.0,0.0,0.0,0.0,0.0,-0.003835069015622139,-0.00306805525906384,-0.0026845482643693686,0.00038350690738298,0.22550205886363983,-0.25503209233283997,0.25541558861732483,-0.2611682116985321,0.848700761795044,-0.8352780342102051,0.8341274857521057,-0.8479337692260742,0.04623554274439812,-0.038453321903944016,0.0196844395250082,-0.02700888179242611,-0.08194220066070557,0.07553330808877945,0.03341776877641678,0.13916440308094025,-0.19318217039108276,0.20142216980457306,-0.21698659658432007,0.19363994896411896,0.0033244616352021694,-0.003139769658446312,-0.002955077216029167,0.003693846520036459,0.23788371682167053,-0.23917654156684875,0.23788371682167053,-0.2373296320438385,0.7926994562149048,-0.7934382557868958,0.7930688261985779,-0.7934382557868958,0.0,0.0,0.0,0.0,0.0,0.0,0.0,0.0,0.0,0.0,0.0,0.0
20260708_191726_109883,2026-07-08T19:17:37.756,11.646464,pose,460,stand,0.0,0.0,0.0,0.0,0.0,0.0,0.0,0.0,1.0,fake,0.0,0.0,-1.0,-0.0,0.0,0.0,0.0,12.604484558105469,36.44985580444336,12,can0:12,7.694021224975586,22.108829498291016,,"BL_hip_joint,BR_hip_joint,FL_hip_joint,FR_hip_joint,BL_thigh_joint,BR_thigh_joint,FL_thigh_joint,FR_thigh_joint,BL_calf_joint,BR_calf_joint,FL_calf_joint,FR_calf_joint",330e02f2406e129bb6ed6ec4a6c6bcd5f80d7e7799a2ab087e81eda65d2fae69,"step=000460 mode=stand  vx= 0.000 vy= 0.000 vxy= 0.000 yaw= 0.000 speed=1.00 imu=fake tilt_rp=[-0.0,+0.0]deg imu_corr=0.000 act_max= 0.000 tau_cmd= 12.604 tau_cmd_max= 36.450 cmds=12 bus=can0:12 tau_fb= 7.694 tau_fb_max= 22.109",,,,,,,,,,,,,,,,,,,,,,,,,,,,,,,,,,,,,,,,,,,,,,,,,0.0,0.0,0.0,0.0,0.0,0.0,0.0,0.0,0.0,0.0,0.0,0.0,0.0,0.0,0.0,0.0,0.0,0.0,0.0,0.0,0.0,0.0,0.0,0.0,-0.0034515620209276676,-0.0026845482643693686,-0.00306805525906384,-0.0,0.21629789471626282,-0.24429389834403992,0.2454444169998169,-0.2500464916229248,0.8191707134246826,-0.8045974969863892,0.804980993270874,-0.8164861798286438,-0.06729331612586975,-0.017853328958153725,0.07507553696632385,-0.00595110934227705,-0.02151555009186268,0.06042664870619774,-0.18036438524723053,0.06729331612586975,-0.16251106560230255,0.20371104776859283,-0.21286660432815552,0.21011993288993835,0.003198938677087426,-0.003021219978109002,-0.0028435010462999344,0.003554376307874918,0.22890183329582214,-0.2301458716392517,0.22890183329582214,-0.22836866974830627,0.7627691626548767,-0.7634800672531128,0.7631245851516724,-0.7634800672531128,0.0,0.0,0.0,0.0,0.0,0.0,0.0,0.0,0.0,0.0,0.0,0.0
20260708_191726_109883,2026-07-08T19:17:37.876,11.766162,pose,465,stand,0.0,0.0,0.0,0.0,0.0,0.0,0.0,0.0,1.0,fake,0.0,0.0,-1.0,-0.0,0.0,0.0,0.0,12.611705780029297,33.52836608886719,12,can0:12,7.690664291381836,21.702322006225586,,"BL_hip_joint,BR_hip_joint,FL_hip_joint,FR_hip_joint,BL_thigh_joint,BR_thigh_joint,FL_thigh_joint,FR_thigh_joint,BL_calf_joint,BR_calf_joint,FL_calf_joint,FR_calf_joint",330e02f2406e129bb6ed6ec4a6c6bcd5f80d7e7799a2ab087e81eda65d2fae69,"step=000465 mode=stand  vx= 0.000 vy= 0.000 vxy= 0.000 yaw= 0.000 speed=1.00 imu=fake tilt_rp=[-0.0,+0.0]deg imu_corr=0.000 act_max= 0.000 tau_cmd= 12.612 tau_cmd_max= 33.528 cmds=12 bus=can0:12 tau_fb= 7.691 tau_fb_max= 21.702",,,,,,,,,,,,,,,,,,,,,,,,,,,,,,,,,,,,,,,,,,,,,,,,,0.0,0.0,0.0,0.0,0.0,0.0,0.0,0.0,0.0,0.0,0.0,0.0,0.0,0.0,0.0,0.0,0.0,0.0,0.0,0.0,0.0,0.0,0.0,0.0,-0.003835069015622139,-0.0026845482643693686,-0.0026845482643693686,0.00038350690738298,0.20786073803901672,-0.23585674166679382,0.23547323048114777,-0.2416093498468399,0.7881066799163818,-0.7750674486160278,0.7739169001579285,-0.7869561314582825,-0.035248879343271255,-0.03341776877641678,0.027924437075853348,0.010071108117699623,-0.0196844395250082,-0.028382213786244392,-0.05722220614552498,0.040742211043834686,-0.23163548111915588,0.24765770137310028,-0.2453688234090805,0.18036438524723053,0.00307371374219656,-0.0029029520228505135,-0.0027321900706738234,0.00341523764654994,0.21994128823280334,-0.22113662958145142,0.21994128823280334,-0.21942901611328125,0.7329099774360657,-0.7335930466651917,0.7332515120506287,-0.7335930466651917,0.0,0.0,0.0,0.0,0.0,0.0,0.0,0.0,0.0,0.0,0.0,0.0
20260708_191726_109883,2026-07-08T19:17:37.995,11.885866,pose,470,stand,0.0,0.0,0.0,0.0,0.0,0.0,0.0,0.0,1.0,fake,0.0,0.0,-1.0,-0.0,0.0,0.0,0.0,12.140876770019531,30.958152770996094,12,can0:12,7.641834735870361,20.21912384033203,,"BL_hip_joint,BR_hip_joint,FL_hip_joint,FR_hip_joint,BL_thigh_joint,BR_thigh_joint,FL_thigh_joint,FR_thigh_joint,BL_calf_joint,BR_calf_joint,FL_calf_joint,FR_calf_joint",330e02f2406e129bb6ed6ec4a6c6bcd5f80d7e7799a2ab087e81eda65d2fae69,"step=000470 mode=stand  vx= 0.000 vy= 0.000 vxy= 0.000 yaw= 0.000 speed=1.00 imu=fake tilt_rp=[-0.0,+0.0]deg imu_corr=0.000 act_max= 0.000 tau_cmd= 12.141 tau_cmd_max= 30.958 cmds=12 bus=can0:12 tau_fb= 7.642 tau_fb_max= 20.219",,,,,,,,,,,,,,,,,,,,,,,,,,,,,,,,,,,,,,,,,,,,,,,,,0.0,0.0,0.0,0.0,0.0,0.0,0.0,0.0,0.0,0.0,0.0,0.0,0.0,0.0,0.0,0.0,0.0,0.0,0.0,0.0,0.0,0.0,0.0,0.0,-0.003835069015622139,-0.00306805525906384,-0.002301041502505541,0.00076701381476596,0.20019060373306274,-0.22818660736083984,0.22703608870506287,-0.23278868198394775,0.7558920979499817,-0.7451539039611816,0.7432363629341125,-0.7562755942344666,-0.021973326802253723,-0.0553910955786705,0.07232886552810669,-0.023346660658717155,-0.09750663489103317,0.0553910955786705,-0.05401776358485222,0.09842219203710556,-0.2838221490383148,0.2307199388742447,-0.2600176930427551,0.23300881683826447,0.002948935143649578,-0.002785105723887682,-0.0026212758384644985,0.003276594914495945,0.21101272106170654,-0.21215951442718506,0.21101272106170654,-0.21052122116088867,0.7031572461128235,-0.7038125991821289,0.7034848928451538,-0.7038125991821289,0.0,0.0,0.0,0.0,0.0,0.0,0.0,0.0,0.0,0.0,0.0,0.0
20260708_191726_109883,2026-07-08T19:17:38.115,12.005485,pose,475,stand,0.0,0.0,0.0,0.0,0.0,0.0,0.0,0.0,1.0,fake,0.0,0.0,-1.0,-0.0,0.0,0.0,0.0,11.470325469970703,30.878263473510742,12,can0:12,7.354350566864014,19.9993896484375,,"BL_hip_joint,BR_hip_joint,FL_hip_joint,FR_hip_joint,BL_thigh_joint,BR_thigh_joint,FL_thigh_joint,FR_thigh_joint,BL_calf_joint,BR_calf_joint,FL_calf_joint,FR_calf_joint",330e02f2406e129bb6ed6ec4a6c6bcd5f80d7e7799a2ab087e81eda65d2fae69,"step=000475 mode=stand  vx= 0.000 vy= 0.000 vxy= 0.000 yaw= 0.000 speed=1.00 imu=fake tilt_rp=[-0.0,+0.0]deg imu_corr=0.000 act_max= 0.000 tau_cmd= 11.470 tau_cmd_max= 30.878 cmds=12 bus=can0:12 tau_fb= 7.354 tau_fb_max= 19.999",,,,,,,,,,,,,,,,,,,,,,,,,,,,,,,,,,,,,,,,,,,,,,,,,0.0,0.0,0.0,0.0,0.0,0.0,0.0,0.0,0.0,0.0,0.0,0.0,0.0,0.0,0.0,0.0,0.0,0.0,0.0,0.0,0.0,0.0,0.0,0.0,-0.0034515620209276676,-0.002301041502505541,-0.0026845482643693686,0.00038350690738298,0.1913699507713318,-0.21898244321346283,0.21821542084217072,-0.22243399918079376,0.7255950570106506,-0.7140898704528809,0.7140898704528809,-0.7255950570106506,0.02929776906967163,-0.043946653604507446,-0.04531998559832573,0.03707998991012573,-0.028839992359280586,-0.010528885759413242,-0.1359599530696869,0.12497329711914062,-0.22659993171691895,0.2293466031551361,-0.173955500125885,0.2375866025686264,0.0028247511945664883,-0.0026678205467760563,-0.0025108898989856243,0.0031386124901473522,0.2021266520023346,-0.20322513580322266,0.2021266520023346,-0.20165583491325378,0.6735461950302124,-0.6741739511489868,0.6738600730895996,-0.6741739511489868,0.0,0.0,0.0,0.0,0.0,0.0,0.0,0.0,0.0,0.0,0.0,0.0
20260708_191726_109883,2026-07-08T19:17:38.235,12.125307,pose,480,stand,0.0,0.0,0.0,0.0,0.0,0.0,0.0,0.0,1.0,fake,0.0,0.0,-1.0,-0.0,0.0,0.0,0.0,11.76975154876709,31.622724533081055,12,can0:12,7.7321696281433105,20.296030044555664,,"BL_hip_joint,BR_hip_joint,FL_hip_joint,FR_hip_joint,BL_thigh_joint,BR_thigh_joint,FL_thigh_joint,FR_thigh_joint,BL_calf_joint,BR_calf_joint,FL_calf_joint,FR_calf_joint",330e02f2406e129bb6ed6ec4a6c6bcd5f80d7e7799a2ab087e81eda65d2fae69,"step=000480 mode=stand  vx= 0.000 vy= 0.000 vxy= 0.000 yaw= 0.000 speed=1.00 imu=fake tilt_rp=[-0.0,+0.0]deg imu_corr=0.000 act_max= 0.000 tau_cmd= 11.770 tau_cmd_max= 31.623 cmds=12 bus=can0:12 tau_fb= 7.732 tau_fb_max= 20.296",,,,,,,,,,,,,,,,,,,,,,,,,,,,,,,,,,,,,,,,,,,,,,,,,0.0,0.0,0.0,0.0,0.0,0.0,0.0,0.0,0.0,0.0,0.0,0.0,0.0,0.0,0.0,0.0,0.0,0.0,0.0,0.0,0.0,0.0,0.0,0.0,-0.0034515620209276676,-0.0026845482643693686,-0.002301041502505541,0.00038350690738298,0.18178227543830872,-0.20824424922466278,0.21131230890750885,-0.21438035368919373,0.6956815123558044,-0.6845598220825195,0.6845598220825195,-0.6945310235023499,0.05767998471856117,-0.04989776387810707,0.03250221163034439,0.010986663401126862,-0.03570665791630745,0.14145329594612122,-0.019226660951972008,0.10116885602474213,-0.19592882692813873,0.08285775035619736,-0.20279549062252045,0.25131991505622864,0.002701309509575367,-0.002551236655563116,-0.002401164034381509,0.0030014552175998688,0.19329369068145752,-0.19434422254562378,0.19329369068145752,-0.192843496799469,0.644112229347229,-0.6447125673294067,0.6444123983383179,-0.6447125673294067,0.0,0.0,0.0,0.0,0.0,0.0,0.0,0.0,0.0,0.0,0.0,0.0
20260708_191726_109883,2026-07-08T19:17:38.354,12.244885,pose,485,stand,0.0,0.0,0.0,0.0,0.0,0.0,0.0,0.0,1.0,fake,0.0,0.0,-1.0,-0.0,0.0,0.0,0.0,11.10964584350586,31.605592727661133,12,can0:12,7.636036396026611,19.171728134155273,,"BL_hip_joint,BR_hip_joint,FL_hip_joint,FR_hip_joint,BL_thigh_joint,BR_thigh_joint,FL_thigh_joint,FR_thigh_joint,BL_calf_joint,BR_calf_joint,FL_calf_joint,FR_calf_joint",330e02f2406e129bb6ed6ec4a6c6bcd5f80d7e7799a2ab087e81eda65d2fae69,"step=000485 mode=stand  vx= 0.000 vy= 0.000 vxy= 0.000 yaw= 0.000 speed=1.00 imu=fake tilt_rp=[-0.0,+0.0]deg imu_corr=0.000 act_max= 0.000 tau_cmd= 11.110 tau_cmd_max= 31.606 cmds=12 bus=can0:12 tau_fb= 7.636 tau_fb_max= 19.172",,,,,,,,,,,,,,,,,,,,,,,,,,,,,,,,,,,,,,,,,,,,,,,,,0.0,0.0,0.0,0.0,0.0,0.0,0.0,0.0,0.0,0.0,0.0,0.0,0.0,0.0,0.0,0.0,0.0,0.0,0.0,0.0,0.0,0.0,0.0,0.0,-0.00306805525906384,-0.0026845482643693686,-0.002301041502505541,0.00076701381476596,0.17219460010528564,-0.1986565738916397,0.20134112238883972,-0.2063267081975937,0.6661514639854431,-0.6557968258857727,0.6542627811431885,-0.6646174788475037,0.07461775839328766,0.03479110077023506,-0.03021332435309887,0.007782219909131527,-0.021057771518826485,0.0796533077955246,-0.11673329770565033,0.09430219233036041,-0.1899777203798294,0.17761772871017456,-0.2220221608877182,0.21881771087646484,0.0025787586346268654,-0.002435494214296341,-0.00229223002679646,0.0028652874752879143,0.1845245063304901,-0.18552735447883606,0.1845245063304901,-0.18409472703933716,0.6148906946182251,-0.6154637336730957,0.6151771545410156,-0.6154637336730957,0.0,0.0,0.0,0.0,0.0,0.0,0.0,0.0,0.0,0.0,0.0,0.0
20260708_191726_109883,2026-07-08T19:17:38.475,12.365502,pose,490,stand,0.0,0.0,0.0,0.0,0.0,0.0,0.0,0.0,1.0,fake,0.0,0.0,-1.0,-0.0,0.0,0.0,0.0,11.374238014221191,29.974458694458008,12,can0:12,7.119968414306641,17.915586471557617,,"BL_hip_joint,BR_hip_joint,FL_hip_joint,FR_hip_joint,BL_thigh_joint,BR_thigh_joint,FL_thigh_joint,FR_thigh_joint,BL_calf_joint,BR_calf_joint,FL_calf_joint,FR_calf_joint",330e02f2406e129bb6ed6ec4a6c6bcd5f80d7e7799a2ab087e81eda65d2fae69,"step=000490 mode=stand  vx= 0.000 vy= 0.000 vxy= 0.000 yaw= 0.000 speed=1.00 imu=fake tilt_rp=[-0.0,+0.0]deg imu_corr=0.000 act_max= 0.000 tau_cmd= 11.374 tau_cmd_max= 29.974 cmds=12 bus=can0:12 tau_fb= 7.120 tau_fb_max= 17.916",,,,,,,,,,,,,,,,,,,,,,,,,,,,,,,,,,,,,,,,,,,,,,,,,0.0,0.0,0.0,0.0,0.0,0.0,0.0,0.0,0.0,0.0,0.0,0.0,0.0,0.0,0.0,0.0,0.0,0.0,0.0,0.0,0.0,0.0,0.0,0.0,-0.00306805525906384,-0.0026845482643693686,-0.002301041502505541,0.00038350690738298,0.1641409546136856,-0.18983592092990875,0.19252046942710876,-0.19673903286457062,0.6343204379081726,-0.6258832812309265,0.6243492364883423,-0.6350874304771423,-0.06637775897979736,0.013275551609694958,0.023346660658717155,-0.016479995101690292,-0.012817773967981339,0.0787377581000328,-0.038453321903944016,0.13275551795959473,-0.19501326978206635,0.20737327635288239,-0.17120884358882904,0.18036438524723053,0.0024572466500103474,-0.0023207333870232105,-0.0021842196583747864,0.0027302741073071957,0.17582967877388,-0.17678526043891907,0.17582967877388,-0.1754201352596283,0.5859168767929077,-0.5864629745483398,0.586189866065979,-0.5864629745483398,0.0,0.0,0.0,0.0,0.0,0.0,0.0,0.0,0.0,0.0,0.0,0.0
20260708_191726_109883,2026-07-08T19:17:38.595,12.485500,pose,495,stand,0.0,0.0,0.0,0.0,0.0,0.0,0.0,0.0,1.0,fake,0.0,0.0,-1.0,-0.0,0.0,0.0,0.0,10.512742042541504,25.995697021484375,12,can0:12,7.41202974319458,18.303781509399414,,"BL_hip_joint,BR_hip_joint,FL_hip_joint,FR_hip_joint,BL_thigh_joint,BR_thigh_joint,FL_thigh_joint,FR_thigh_joint,BL_calf_joint,BR_calf_joint,FL_calf_joint,FR_calf_joint",330e02f2406e129bb6ed6ec4a6c6bcd5f80d7e7799a2ab087e81eda65d2fae69,"step=000495 mode=stand  vx= 0.000 vy= 0.000 vxy= 0.000 yaw= 0.000 speed=1.00 imu=fake tilt_rp=[-0.0,+0.0]deg imu_corr=0.000 act_max= 0.000 tau_cmd= 10.513 tau_cmd_max= 25.996 cmds=12 bus=can0:12 tau_fb= 7.412 tau_fb_max= 18.304",,,,,,,,,,,,,,,,,,,,,,,,,,,,,,,,,,,,,,,,,,,,,,,,,0.0,0.0,0.0,0.0,0.0,0.0,0.0,0.0,0.0,0.0,0.0,0.0,0.0,0.0,0.0,0.0,0.0,0.0,0.0,0.0,0.0,0.0,0.0,0.0,-0.00306805525906384,-0.0026845482643693686,-0.002301041502505541,0.00038350690738298,0.15608730912208557,-0.18063175678253174,0.18408331274986267,-0.18715137243270874,0.6044068932533264,-0.5959697365760803,0.5952026844024658,-0.6051738858222961,-0.01235999632626772,-0.030671102926135063,0.021057771518826485,-0.028839992359280586,0.022431105375289917,0.07507553696632385,-0.03799554333090782,0.014191106893122196,-0.26459547877311707,0.2797021269798279,-0.1904354989528656,0.26596879959106445,0.0023369225673377514,-0.00220709340646863,-0.0020772642455995083,0.002596580423414707,0.16721978783607483,-0.1681285798549652,0.16721978783607483,-0.16683030128479004,0.5572261810302734,-0.5577455759048462,0.557485818862915,-0.5577455759048462,0.0,0.0,0.0,0.0,0.0,0.0,0.0,0.0,0.0,0.0,0.0,0.0
20260708_191726_109883,2026-07-08T19:17:38.715,12.605558,pose,500,stand,0.0,0.0,0.0,0.0,0.0,0.0,0.0,0.0,1.0,fake,0.0,0.0,-1.0,-0.0,0.0,0.0,0.0,10.133706092834473,27.627962112426758,12,can0:12,6.95852518081665,17.487106323242188,,"BL_hip_joint,BR_hip_joint,FL_hip_joint,FR_hip_joint,BL_thigh_joint,BR_thigh_joint,FL_thigh_joint,FR_thigh_joint,BL_calf_joint,BR_calf_joint,FL_calf_joint,FR_calf_joint",330e02f2406e129bb6ed6ec4a6c6bcd5f80d7e7799a2ab087e81eda65d2fae69,"step=000500 mode=stand  vx= 0.000 vy= 0.000 vxy= 0.000 yaw= 0.000 speed=1.00 imu=fake tilt_rp=[-0.0,+0.0]deg imu_corr=0.000 act_max= 0.000 tau_cmd= 10.134 tau_cmd_max= 27.628 cmds=12 bus=can0:12 tau_fb= 6.959 tau_fb_max= 17.487",,,,,,,,,,,,,,,,,,,,,,,,,,,,,,,,,,,,,,,,,,,,,,,,,0.0,0.0,0.0,0.0,0.0,0.0,0.0,0.0,0.0,0.0,0.0,0.0,0.0,0.0,0.0,0.0,0.0,0.0,0.0,0.0,0.0,0.0,0.0,0.0,-0.0026845482643693686,-0.0026845482643693686,-0.0019175345078110695,0.00038350690738298,0.14803366363048553,-0.1718110889196396,0.1752626597881317,-0.17871421575546265,0.5748768448829651,-0.5672066807746887,0.566439688205719,-0.5760273933410645,0.05264442786574364,-0.09430219233036041,0.07324442267417908,0.03341776877641678,0.007782219909131527,0.0050355540588498116,-0.16067995131015778,0.1194799616932869,-0.191351056098938,0.25910213589668274,-0.2371288239955902,0.21103549003601074,0.002217932604253292,-0.0020947144366800785,-0.0019714958034455776,0.002464369870722294,0.15870541334152222,-0.1595679521560669,0.15870541334152222,-0.15833577513694763,0.5288537740707397,-0.5293467044830322,0.5291001796722412,-0.5293467044830322,0.0,0.0,0.0,0.0,0.0,0.0,0.0,0.0,0.0,0.0,0.0,0.0
20260708_191726_109883,2026-07-08T19:17:38.835,12.725409,pose,505,stand,0.0,0.0,0.0,0.0,0.0,0.0,0.0,0.0,1.0,fake,0.0,0.0,-1.0,-0.0,0.0,0.0,0.0,10.45394229888916,26.428848266601562,12,can0:12,6.689657211303711,16.051515579223633,,"BL_hip_joint,BR_hip_joint,FL_hip_joint,FR_hip_joint,BL_thigh_joint,BR_thigh_joint,FL_thigh_joint,FR_thigh_joint,BL_calf_joint,BR_calf_joint,FL_calf_joint,FR_calf_joint",330e02f2406e129bb6ed6ec4a6c6bcd5f80d7e7799a2ab087e81eda65d2fae69,"step=000505 mode=stand  vx= 0.000 vy= 0.000 vxy= 0.000 yaw= 0.000 speed=1.00 imu=fake tilt_rp=[-0.0,+0.0]deg imu_corr=0.000 act_max= 0.000 tau_cmd= 10.454 tau_cmd_max= 26.429 cmds=12 bus=can0:12 tau_fb= 6.690 tau_fb_max= 16.052",,,,,,,,,,,,,,,,,,,,,,,,,,,,,,,,,,,,,,,,,,,,,,,,,0.0,0.0,0.0,0.0,0.0,0.0,0.0,0.0,0.0,0.0,0.0,0.0,0.0,0.0,0.0,0.0,0.0,0.0,0.0,0.0,0.0,0.0,0.0,0.0,-0.00306805525906384,-0.002301041502505541,-0.0019175345078110695,0.00038350690738298,0.14074702560901642,-0.1641409546136856,0.16682550311088562,-0.17104408144950867,0.5457302927970886,-0.5392106771469116,0.5376766920089722,-0.5472643375396729,-0.004119998775422573,0.015106662176549435,0.016937773674726486,0.04119998961687088,-0.09063997119665146,0.03433332219719887,-0.003662221133708954,0.021973326802253723,-0.21240882575511932,0.269173264503479,-0.25910213589668274,0.22339549660682678,0.00210042716935277,-0.0019837371073663235,-0.0018670465797185898,0.0023338082246482372,0.15029725432395935,-0.1511140763759613,0.15029725432395935,-0.1499471664428711,0.5008351802825928,-0.5013020038604736,0.5010685920715332,-0.5013020038604736,0.0,0.0,0.0,0.0,0.0,0.0,0.0,0.0,0.0,0.0,0.0,0.0
20260708_191726_109883,2026-07-08T19:17:38.955,12.845560,pose,510,stand,0.0,0.0,0.0,0.0,0.0,0.0,0.0,0.0,1.0,fake,0.0,0.0,-1.0,-0.0,0.0,0.0,0.0,9.889016151428223,25.028722763061523,12,can0:12,6.357615947723389,16.00390625,,"BL_hip_joint,BR_hip_joint,FL_hip_joint,FR_hip_joint,BL_thigh_joint,BR_thigh_joint,FL_thigh_joint,FR_thigh_joint,BL_calf_joint,BR_calf_joint,FL_calf_joint,FR_calf_joint",330e02f2406e129bb6ed6ec4a6c6bcd5f80d7e7799a2ab087e81eda65d2fae69,"step=000510 mode=stand  vx= 0.000 vy= 0.000 vxy= 0.000 yaw= 0.000 speed=1.00 imu=fake tilt_rp=[-0.0,+0.0]deg imu_corr=0.000 act_max= 0.000 tau_cmd= 9.889 tau_cmd_max= 25.029 cmds=12 bus=can0:12 tau_fb= 6.358 tau_fb_max= 16.004",,,,,,,,,,,,,,,,,,,,,,,,,,,,,,,,,,,,,,,,,,,,,,,,,0.0,0.0,0.0,0.0,0.0,0.0,0.0,0.0,0.0,0.0,0.0,0.0,0.0,0.0,0.0,0.0,0.0,0.0,0.0,0.0,0.0,0.0,0.0,0.0,-0.0026845482643693686,-0.002301041502505541,-0.0019175345078110695,0.00038350690738298,0.13384391367435455,-0.15608730912208557,0.15800485014915466,-0.1614564061164856,0.5162003040313721,-0.5108311772346497,0.5092971920967102,-0.5188848376274109,0.05722220614552498,-0.013275551609694958,0.032959990203380585,-0.027924437075853348,-0.07690664380788803,0.008239997550845146,-0.0796533077955246,0.09613330662250519,-0.2540665864944458,0.2137821614742279,-0.19455549120903015,0.2471999228000641,0.001984553411602974,-0.0018743006512522697,-0.0017640474252402782,0.0022050593979656696,0.1420058310031891,-0.14277759194374084,0.1420058310031891,-0.14167505502700806,0.47320568561553955,-0.47364675998687744,0.4734262228012085,-0.47364675998687744,0.0,0.0,0.0,0.0,0.0,0.0,0.0,0.0,0.0,0.0,0.0,0.0
20260708_191726_109883,2026-07-08T19:17:39.075,12.965172,pose,515,stand,0.0,0.0,0.0,0.0,0.0,0.0,0.0,0.0,1.0,fake,0.0,0.0,-1.0,-0.0,0.0,0.0,0.0,10.457653999328613,26.288644790649414,12,can0:12,5.9910888671875,15.059053421020508,,"BL_hip_joint,BR_hip_joint,FL_hip_joint,FR_hip_joint,BL_thigh_joint,BR_thigh_joint,FL_thigh_joint,FR_thigh_joint,BL_calf_joint,BR_calf_joint,FL_calf_joint,FR_calf_joint",330e02f2406e129bb6ed6ec4a6c6bcd5f80d7e7799a2ab087e81eda65d2fae69,"step=000515 mode=stand  vx= 0.000 vy= 0.000 vxy= 0.000 yaw= 0.000 speed=1.00 imu=fake tilt_rp=[-0.0,+0.0]deg imu_corr=0.000 act_max= 0.000 tau_cmd= 10.458 tau_cmd_max= 26.289 cmds=12 bus=can0:12 tau_fb= 5.991 tau_fb_max= 15.059",,,,,,,,,,,,,,,,,,,,,,,,,,,,,,,,,,,,,,,,,,,,,,,,,0.0,0.0,0.0,0.0,0.0,0.0,0.0,0.0,0.0,0.0,0.0,0.0,0.0,0.0,0.0,0.0,0.0,0.0,0.0,0.0,0.0,0.0,0.0,0.0,-0.0026845482643693686,-0.002301041502505541,-0.0019175345078110695,0.00038350690738298,0.12540675699710846,-0.1464996337890625,0.14995120465755463,-0.15186873078346252,0.4878207743167877,-0.48283517360687256,0.48206818103790283,-0.4908888339996338,0.04440443217754364,0.035248879343271255,0.05081331729888916,-0.0787377581000328,-0.04898220673203468,-0.0032044434919953346,-0.0393688790500164,0.06958220154047012,-0.14099551737308502,0.15518662333488464,-0.22843104600906372,0.23163548111915588,0.0018704594112932682,-0.0017665447667241096,-0.0016626305878162384,0.002078288234770298,0.13384175300598145,-0.13456913828849792,0.13384175300598145,-0.13353002071380615,0.4460005760192871,-0.4464162588119507,0.44620847702026367,-0.4464162588119507,0.0,0.0,0.0,0.0,0.0,0.0,0.0,0.0,0.0,0.0,0.0,0.0
20260708_191726_109883,2026-07-08T19:17:39.195,13.085301,pose,520,stand,0.0,0.0,0.0,0.0,0.0,0.0,0.0,0.0,1.0,fake,0.0,0.0,-1.0,-0.0,0.0,0.0,0.0,9.738384246826172,28.074750900268555,12,can0:12,6.2617878913879395,15.410626411437988,,"BL_hip_joint,BR_hip_joint,FL_hip_joint,FR_hip_joint,BL_thigh_joint,BR_thigh_joint,FL_thigh_joint,FR_thigh_joint,BL_calf_joint,BR_calf_joint,FL_calf_joint,FR_calf_joint",330e02f2406e129bb6ed6ec4a6c6bcd5f80d7e7799a2ab087e81eda65d2fae69,"step=000520 mode=stand  vx= 0.000 vy= 0.000 vxy= 0.000 yaw= 0.000 speed=1.00 imu=fake tilt_rp=[-0.0,+0.0]deg imu_corr=0.000 act_max= 0.000 tau_cmd= 9.738 tau_cmd_max= 28.075 cmds=12 bus=can0:12 tau_fb= 6.262 tau_fb_max= 15.411",,,,,,,,,,,,,,,,,,,,,,,,,,,,,,,,,,,,,,,,,,,,,,,,,0.0,0.0,0.0,0.0,0.0,0.0,0.0,0.0,0.0,0.0,0.0,0.0,0.0,0.0,0.0,0.0,0.0,0.0,0.0,0.0,0.0,0.0,0.0,0.0,-0.0026845482643693686,-0.002301041502505541,-0.00153402762953192,0.00038350690738298,0.11696960777044296,-0.13729546964168549,0.14113053679466248,-0.14304807782173157,0.4602082669734955,-0.4556061923503876,0.4552226960659027,-0.46327632665634155,-0.028839992359280586,0.0013733329251408577,0.04577776417136192,-0.04440443217754364,-0.0119022186845541,0.06637775897979736,-0.10528885573148727,0.12085329741239548,-0.17578661441802979,0.19272439181804657,-0.21790215373039246,0.12909328937530518,0.0017582927830517292,-0.0016606100834906101,-0.0015629269182682037,0.0019536586478352547,0.12581562995910645,-0.12649938464164734,0.12581562995910645,-0.12552258372306824,0.4192551374435425,-0.41964590549468994,0.4194505214691162,-0.41964590549468994,0.0,0.0,0.0,0.0,0.0,0.0,0.0,0.0,0.0,0.0,0.0,0.0
20260708_191726_109883,2026-07-08T19:17:39.315,13.205401,pose,525,stand,0.0,0.0,0.0,0.0,0.0,0.0,0.0,0.0,1.0,fake,0.0,0.0,-1.0,-0.0,0.0,0.0,0.0,9.749159812927246,25.74566650390625,12,can0:12,6.043581008911133,15.406964302062988,,"BL_hip_joint,BR_hip_joint,FL_hip_joint,FR_hip_joint,BL_thigh_joint,BR_thigh_joint,FL_thigh_joint,FR_thigh_joint,BL_calf_joint,BR_calf_joint,FL_calf_joint,FR_calf_joint",330e02f2406e129bb6ed6ec4a6c6bcd5f80d7e7799a2ab087e81eda65d2fae69,"step=000525 mode=stand  vx= 0.000 vy= 0.000 vxy= 0.000 yaw= 0.000 speed=1.00 imu=fake tilt_rp=[-0.0,+0.0]deg imu_corr=0.000 act_max= 0.000 tau_cmd= 9.749 tau_cmd_max= 25.746 cmds=12 bus=can0:12 tau_fb= 6.044 tau_fb_max= 15.407",,,,,,,,,,,,,,,,,,,,,,,,,,,,,,,,,,,,,,,,,,,,,,,,,0.0,0.0,0.0,0.0,0.0,0.0,0.0,0.0,0.0,0.0,0.0,0.0,0.0,0.0,0.0,0.0,0.0,0.0,0.0,0.0,0.0,0.0,0.0,0.0,-0.0026845482643693686,-0.0019175345078110695,-0.0019175345078110695,0.00038350690738298,0.11044998466968536,-0.13039234280586243,0.13230988383293152,-0.13422740995883942,0.43259578943252563,-0.4291442334651947,0.4279937148094177,-0.43528032302856445,-0.062257759273052216,-0.002288888208568096,0.015564439818263054,0.02288888208568096,-0.062257759273052216,0.024262215942144394,-0.08880886435508728,0.1272621899843216,-0.2142399400472641,0.08880886435508728,-0.15289773046970367,0.1579332798719406,0.0016482030041515827,-0.0015566362999379635,-0.0014650695957243443,0.0018313368782401085,0.1179381012916565,-0.11857905983924866,0.1179381012916565,-0.11766338348388672,0.3930048942565918,-0.3933711051940918,0.3931879997253418,-0.3933711051940918,0.0,0.0,0.0,0.0,0.0,0.0,0.0,0.0,0.0,0.0,0.0,0.0
20260708_191726_109883,2026-07-08T19:17:39.435,13.325093,pose,530,stand,0.0,0.0,0.0,0.0,0.0,0.0,0.0,0.0,1.0,fake,0.0,0.0,-1.0,-0.0,0.0,0.0,0.0,8.241640090942383,23.08938980102539,12,can0:12,5.856502056121826,16.586198806762695,,"BL_hip_joint,BR_hip_joint,FL_hip_joint,FR_hip_joint,BL_thigh_joint,BR_thigh_joint,FL_thigh_joint,FR_thigh_joint,BL_calf_joint,BR_calf_joint,FL_calf_joint,FR_calf_joint",330e02f2406e129bb6ed6ec4a6c6bcd5f80d7e7799a2ab087e81eda65d2fae69,"step=000530 mode=stand  vx= 0.000 vy= 0.000 vxy= 0.000 yaw= 0.000 speed=1.00 imu=fake tilt_rp=[-0.0,+0.0]deg imu_corr=0.000 act_max= 0.000 tau_cmd= 8.242 tau_cmd_max= 23.089 cmds=12 bus=can0:12 tau_fb= 5.857 tau_fb_max= 16.586",,,,,,,,,,,,,,,,,,,,,,,,,,,,,,,,,,,,,,,,,,,,,,,,,0.0,0.0,0.0,0.0,0.0,0.0,0.0,0.0,0.0,0.0,0.0,0.0,0.0,0.0,0.0,0.0,0.0,0.0,0.0,0.0,0.0,0.0,0.0,0.0,-0.0026845482643693686,-0.0019175345078110695,-0.00153402762953192,0.00038350690738298,0.10431388020515442,-0.12233870476484299,0.12463974207639694,-0.12540675699710846,0.40536680817604065,-0.40153172612190247,0.4011482298374176,-0.40843483805656433,0.047151096165180206,0.020142216235399246,0.028382213786244392,-0.014648884534835815,0.021973326802253723,0.10116885602474213,-0.1029999703168869,0.09933774918317795,-0.1519821733236313,0.22339549660682678,-0.13367107510566711,0.2453688234090805,0.0015403381548821926,-0.0014547635801136494,-0.0013691894710063934,0.0017114868387579918,0.11021974682807922,-0.1108187735080719,0.11021974682807922,-0.10996302962303162,0.36728501319885254,-0.3676273822784424,0.36745619773864746,-0.3676273822784424,0.0,0.0,0.0,0.0,0.0,0.0,0.0,0.0,0.0,0.0,0.0,0.0
20260708_191726_109883,2026-07-08T19:17:39.554,13.444510,pose,535,stand,0.0,0.0,0.0,0.0,0.0,0.0,0.0,0.0,1.0,fake,0.0,0.0,-1.0,-0.0,0.0,0.0,0.0,8.683999061584473,24.465526580810547,12,can0:12,5.436872482299805,14.77706241607666,,"BL_hip_joint,BR_hip_joint,FL_hip_joint,FR_hip_joint,BL_thigh_joint,BR_thigh_joint,FL_thigh_joint,FR_thigh_joint,BL_calf_joint,BR_calf_joint,FL_calf_joint,FR_calf_joint",330e02f2406e129bb6ed6ec4a6c6bcd5f80d7e7799a2ab087e81eda65d2fae69,"step=000535 mode=stand  vx= 0.000 vy= 0.000 vxy= 0.000 yaw= 0.000 speed=1.00 imu=fake tilt_rp=[-0.0,+0.0]deg imu_corr=0.000 act_max= 0.000 tau_cmd= 8.684 tau_cmd_max= 24.466 cmds=12 bus=can0:12 tau_fb= 5.437 tau_fb_max= 14.777",,,,,,,,,,,,,,,,,,,,,,,,,,,,,,,,,,,,,,,,,,,,,,,,,0.0,0.0,0.0,0.0,0.0,0.0,0.0,0.0,0.0,0.0,0.0,0.0,0.0,0.0,0.0,0.0,0.0,0.0,0.0,0.0,0.0,0.0,0.0,0.0,-0.002301041502505541,-0.0019175345078110695,-0.00153402762953192,0.00038350690738298,0.09664373844861984,-0.11351804435253143,0.1165860965847969,-0.1165860965847969,0.3785213232040405,-0.3758367598056793,0.3750697374343872,-0.3827399015426636,-0.03891110047698021,-0.06912442296743393,0.01235999632626772,0.01235999632626772,-0.012817773967981339,0.02471999265253544,-0.11581774055957794,0.11627551913261414,-0.1753288358449936,0.16983550786972046,-0.1661732792854309,0.1597643941640854,0.0014348449185490608,-0.00135513162240386,-0.001275417860597372,0.001594272442162037,0.10267114639282227,-0.10322913527488708,0.10267114639282227,-0.1024320125579834,0.34213078022003174,-0.3424496650695801,0.3422902822494507,-0.3424496650695801,0.0,0.0,0.0,0.0,0.0,0.0,0.0,0.0,0.0,0.0,0.0,0.0
20260708_191726_109883,2026-07-08T19:17:39.674,13.564416,pose,540,stand,0.0,0.0,0.0,0.0,0.0,0.0,0.0,0.0,1.0,fake,0.0,0.0,-1.0,-0.0,0.0,0.0,0.0,8.052908897399902,22.3317813873291,12,can0:12,5.103305339813232,14.300973892211914,,"BL_hip_joint,BR_hip_joint,FL_hip_joint,FR_hip_joint,BL_thigh_joint,BR_thigh_joint,FL_thigh_joint,FR_thigh_joint,BL_calf_joint,BR_calf_joint,FL_calf_joint,FR_calf_joint",330e02f2406e129bb6ed6ec4a6c6bcd5f80d7e7799a2ab087e81eda65d2fae69,"step=000540 mode=stand  vx= 0.000 vy= 0.000 vxy= 0.000 yaw= 0.000 speed=1.00 imu=fake tilt_rp=[-0.0,+0.0]deg imu_corr=0.000 act_max= 0.000 tau_cmd= 8.053 tau_cmd_max= 22.332 cmds=12 bus=can0:12 tau_fb= 5.103 tau_fb_max= 14.301",,,,,,,,,,,,,,,,,,,,,,,,,,,,,,,,,,,,,,,,,,,,,,,,,0.0,0.0,0.0,0.0,0.0,0.0,0.0,0.0,0.0,0.0,0.0,0.0,0.0,0.0,0.0,0.0,0.0,0.0,0.0,0.0,0.0,0.0,0.0,0.0,-0.002301041502505541,-0.0019175345078110695,-0.00153402762953192,0.00038350690738298,0.08935710787773132,-0.10584790259599686,0.10814894735813141,-0.10814894735813141,0.35244283080101013,-0.35129231214523315,0.3509088158607483,-0.3574284315109253,-0.010528885759413242,0.010071108117699623,0.020142216235399246,-0.00595110934227705,-0.02929776906967163,0.06408887356519699,-0.10711997002363205,0.09704886376857758,-0.20508438348770142,0.1268044114112854,-0.19226661324501038,0.20371104776859283,0.0013318737037479877,-0.0012578805908560753,-0.0011838874779641628,0.0014798594638705254,0.09530293941497803,-0.09582090377807617,0.09530293941497803,-0.09508097171783447,0.3175778388977051,-0.31787383556365967,0.3177257776260376,-0.31787383556365967,0.0,0.0,0.0,0.0,0.0,0.0,0.0,0.0,0.0,0.0,0.0,0.0
20260708_191726_109883,2026-07-08T19:17:39.793,13.683845,pose,545,stand,0.0,0.0,0.0,0.0,0.0,0.0,0.0,0.0,1.0,fake,0.0,0.0,-1.0,-0.0,0.0,0.0,0.0,8.799973487854004,25.16761589050293,12,can0:12,5.0514235496521,13.682058334350586,,"BL_hip_joint,BR_hip_joint,FL_hip_joint,FR_hip_joint,BL_thigh_joint,BR_thigh_joint,FL_thigh_joint,FR_thigh_joint,BL_calf_joint,BR_calf_joint,FL_calf_joint,FR_calf_joint",330e02f2406e129bb6ed6ec4a6c6bcd5f80d7e7799a2ab087e81eda65d2fae69,"step=000545 mode=stand  vx= 0.000 vy= 0.000 vxy= 0.000 yaw= 0.000 speed=1.00 imu=fake tilt_rp=[-0.0,+0.0]deg imu_corr=0.000 act_max= 0.000 tau_cmd= 8.800 tau_cmd_max= 25.168 cmds=12 bus=can0:12 tau_fb= 5.051 tau_fb_max= 13.682",,,,,,,,,,,,,,,,,,,,,,,,,,,,,,,,,,,,,,,,,,,,,,,,,0.0,0.0,0.0,0.0,0.0,0.0,0.0,0.0,0.0,0.0,0.0,0.0,0.0,0.0,0.0,0.0,0.0,0.0,0.0,0.0,0.0,0.0,0.0,0.0,-0.0026845482643693686,-0.0019175345078110695,-0.00153402762953192,0.00038350690738298,0.08322099596261978,-0.09932828694581985,0.10047880560159683,-0.09971179068088531,0.32713139057159424,-0.32598087191581726,0.3263643682003021,-0.33173346519470215,-0.01235999632626772,-0.044862210750579834,-0.027466658502817154,0.015564439818263054,-0.02700888179242611,-0.01144444104284048,0.04119998961687088,0.09887997061014175,-0.17075106501579285,0.20142216980457306,-0.1661732792854309,0.08835108578205109,0.001231570728123188,-0.0011631501838564873,-0.0010947296395897865,0.0013684118166565895,0.08812573552131653,-0.08860465884208679,0.08812573552131653,-0.08792045712471008,0.2936612367630005,-0.2939349412918091,0.29379796981811523,-0.2939349412918091,0.0,0.0,0.0,0.0,0.0,0.0,0.0,0.0,0.0,0.0,0.0,0.0
20260708_191726_109883,2026-07-08T19:17:39.914,13.804332,pose,550,stand,0.0,0.0,0.0,0.0,0.0,0.0,0.0,0.0,1.0,fake,0.0,0.0,-1.0,-0.0,0.0,0.0,0.0,8.110703468322754,22.354503631591797,12,can0:12,4.870449066162109,14.051942825317383,,"BL_hip_joint,BR_hip_joint,FL_hip_joint,FR_hip_joint,BL_thigh_joint,BR_thigh_joint,FL_thigh_joint,FR_thigh_joint,BL_calf_joint,BR_calf_joint,FL_calf_joint,FR_calf_joint",330e02f2406e129bb6ed6ec4a6c6bcd5f80d7e7799a2ab087e81eda65d2fae69,"step=000550 mode=stand  vx= 0.000 vy= 0.000 vxy= 0.000 yaw= 0.000 speed=1.00 imu=fake tilt_rp=[-0.0,+0.0]deg imu_corr=0.000 act_max= 0.000 tau_cmd= 8.111 tau_cmd_max= 22.355 cmds=12 bus=can0:12 tau_fb= 4.870 tau_fb_max= 14.052",,,,,,,,,,,,,,,,,,,,,,,,,,,,,,,,,,,,,,,,,,,,,,,,,0.0,0.0,0.0,0.0,0.0,0.0,0.0,0.0,0.0,0.0,0.0,0.0,0.0,0.0,0.0,0.0,0.0,0.0,0.0,0.0,0.0,0.0,0.0,0.0,-0.002301041502505541,-0.00153402762953192,-0.00153402762953192,0.00038350690738298,0.0774683952331543,-0.09165815263986588,0.0924251601099968,-0.09089113771915436,0.30258694291114807,-0.30181992053985596,0.3014364242553711,-0.30757254362106323,0.035248879343271255,0.07049775868654251,-0.0553910955786705,0.020142216235399246,-0.032044436782598495,0.03021332435309887,-0.020142216235399246,0.05310220643877983,-0.16205328702926636,0.16937772929668427,-0.12817774713039398,0.14786218106746674,0.0011340850032866001,-0.0010710805654525757,-0.001008075661957264,0.0012600948102772236,0.08115008473396301,-0.08159112930297852,0.08115008473396301,-0.08096107840538025,0.270416259765625,-0.2706683874130249,0.2705422639846802,-0.2706683874130249,0.0,0.0,0.0,0.0,0.0,0.0,0.0,0.0,0.0,0.0,0.0,0.0
20260708_191726_109883,2026-07-08T19:17:40.028,13.918299,pose,555,stand,0.0,0.0,0.0,0.0,0.0,0.0,0.0,0.0,1.0,fake,0.0,0.0,-1.0,-0.0,0.0,0.0,0.0,7.587902069091797,21.776172637939453,12,can0:12,4.5713677406311035,13.033844947814941,,"BL_hip_joint,BR_hip_joint,FL_hip_joint,FR_hip_joint,BL_thigh_joint,BR_thigh_joint,FL_thigh_joint,FR_thigh_joint,BL_calf_joint,BR_calf_joint,FL_calf_joint,FR_calf_joint",330e02f2406e129bb6ed6ec4a6c6bcd5f80d7e7799a2ab087e81eda65d2fae69,"step=000555 mode=stand  vx= 0.000 vy= 0.000 vxy= 0.000 yaw= 0.000 speed=1.00 imu=fake tilt_rp=[-0.0,+0.0]deg imu_corr=0.000 act_max= 0.000 tau_cmd= 7.588 tau_cmd_max= 21.776 cmds=12 bus=can0:12 tau_fb= 4.571 tau_fb_max= 13.034",,,,,,,,,,,,,,,,,,,,,,,,,,,,,,,,,,,,,,,,,,,,,,,,,0.0,0.0,0.0,0.0,0.0,0.0,0.0,0.0,0.0,0.0,0.0,0.0,0.0,0.0,0.0,0.0,0.0,0.0,0.0,0.0,0.0,0.0,0.0,0.0,-0.002301041502505541,-0.00153402762953192,-0.00153402762953192,0.00038350690738298,0.07133228331804276,-0.0839880108833313,0.08552204072475433,-0.08322099596261978,0.2791930139064789,-0.2791930139064789,0.278809517621994,-0.28494563698768616,-0.03433332219719887,-0.0398266538977623,0.0119022186845541,-0.0796533077955246,-0.014191106893122196,0.17349772155284882,-0.07736442238092422,0.02471999265253544,-0.17761772871017456,0.20004883408546448,-0.17166662216186523,0.16251106560230255,0.0010395650751888752,-0.0009818114340305328,-0.0009240577928721905,0.00115507235750556,0.07438665628433228,-0.07479092478752136,0.07438665628433228,-0.07421338558197021,0.24787843227386475,-0.24810945987701416,0.24799394607543945,-0.24810945987701416,0.0,0.0,0.0,0.0,0.0,0.0,0.0,0.0,0.0,0.0,0.0,0.0
20260708_191726_109883,2026-07-08T19:17:40.142,14.032180,pose,560,stand,0.0,0.0,0.0,0.0,0.0,0.0,0.0,0.0,1.0,fake,0.0,0.0,-1.0,-0.0,0.0,0.0,0.0,8.047088623046875,21.810455322265625,12,can0:12,4.7337260246276855,14.465773582458496,,"BL_hip_joint,BR_hip_joint,FL_hip_joint,FR_hip_joint,BL_thigh_joint,BR_thigh_joint,FL_thigh_joint,FR_thigh_joint,BL_calf_joint,BR_calf_joint,FL_calf_joint,FR_calf_joint",330e02f2406e129bb6ed6ec4a6c6bcd5f80d7e7799a2ab087e81eda65d2fae69,"step=000560 mode=stand  vx= 0.000 vy= 0.000 vxy= 0.000 yaw= 0.000 speed=1.00 imu=fake tilt_rp=[-0.0,+0.0]deg imu_corr=0.000 act_max= 0.000 tau_cmd= 8.047 tau_cmd_max= 21.810 cmds=12 bus=can0:12 tau_fb= 4.734 tau_fb_max= 14.466",,,,,,,,,,,,,,,,,,,,,,,,,,,,,,,,,,,,,,,,,,,,,,,,,0.0,0.0,0.0,0.0,0.0,0.0,0.0,0.0,0.0,0.0,0.0,0.0,0.0,0.0,0.0,0.0,0.0,0.0,0.0,0.0,0.0,0.0,0.0,0.0,-0.002301041502505541,-0.00153402762953192,-0.0011505207512527704,0.00076701381476596,0.06519617140293121,-0.0774683952331543,0.07900242507457733,-0.07631787657737732,0.25618261098861694,-0.2565661072731018,0.2573331296443939,-0.2623187303543091,-0.0553910955786705,-0.050355542451143265,0.031128879636526108,0.032044436782598495,-0.08056886494159698,0.013733329251408577,-0.01144444104284048,0.07507553696632385,-0.15427106618881226,0.19272439181804657,-0.14099551737308502,0.14465773105621338,0.0009481580927968025,-0.0008954829536378384,-0.0008428073488175869,0.0010535093024373055,0.06784600019454956,-0.06821471452713013,0.06784600019454956,-0.06768795847892761,0.22608304023742676,-0.22629380226135254,0.22618842124938965,-0.22629380226135254,0.0,0.0,0.0,0.0,0.0,0.0,0.0,0.0,0.0,0.0,0.0,0.0
20260708_191726_109883,2026-07-08T19:17:40.258,14.148312,pose,565,stand,0.0,0.0,0.0,0.0,0.0,0.0,0.0,0.0,1.0,fake,0.0,0.0,-1.0,-0.0,0.0,0.0,0.0,6.277015209197998,18.715688705444336,12,can0:12,4.205755710601807,12.42957878112793,,"BL_hip_joint,BR_hip_joint,FL_hip_joint,FR_hip_joint,BL_thigh_joint,BR_thigh_joint,FL_thigh_joint,FR_thigh_joint,BL_calf_joint,BR_calf_joint,FL_calf_joint,FR_calf_joint",330e02f2406e129bb6ed6ec4a6c6bcd5f80d7e7799a2ab087e81eda65d2fae69,"step=000565 mode=stand  vx= 0.000 vy= 0.000 vxy= 0.000 yaw= 0.000 speed=1.00 imu=fake tilt_rp=[-0.0,+0.0]deg imu_corr=0.000 act_max= 0.000 tau_cmd= 6.277 tau_cmd_max= 18.716 cmds=12 bus=can0:12 tau_fb= 4.206 tau_fb_max= 12.430",,,,,,,,,,,,,,,,,,,,,,,,,,,,,,,,,,,,,,,,,,,,,,,,,0.0,0.0,0.0,0.0,0.0,0.0,0.0,0.0,0.0,0.0,0.0,0.0,0.0,0.0,0.0,0.0,0.0,0.0,0.0,0.0,0.0,0.0,0.0,0.0,-0.002301041502505541,-0.0011505207512527704,-0.0011505207512527704,0.00038350690738298,0.05906006321310997,-0.0709487795829773,0.07171578705310822,-0.07018176466226578,0.23355570435523987,-0.23393921554088593,0.2343227118253708,-0.23930831253528595,0.0709555372595787,-0.007782219909131527,-0.014191106893122196,-0.03891110047698021,0.031128879636526108,-0.015106662176549435,-0.08468886464834213,0.10483107715845108,-0.11627551913261414,0.1817377209663391,-0.23941770195960999,0.1895199418067932,0.0008600130677223206,-0.0008122348226606846,-0.0007644561119377613,0.0009555700235068798,0.06153872609138489,-0.061873167753219604,0.06153872609138489,-0.06139537692070007,0.20506536960601807,-0.20525646209716797,0.2051609754562378,-0.20525646209716797,0.0,0.0,0.0,0.0,0.0,0.0,0.0,0.0,0.0,0.0,0.0,0.0
20260708_191726_109883,2026-07-08T19:17:40.376,14.266203,pose,570,stand,0.0,0.0,0.0,0.0,0.0,0.0,0.0,0.0,1.0,fake,0.0,0.0,-1.0,-0.0,0.0,0.0,0.0,6.682244777679443,19.160242080688477,12,can0:12,4.138615131378174,12.370983123779297,,"BL_hip_joint,BR_hip_joint,FL_hip_joint,FR_hip_joint,BL_thigh_joint,BR_thigh_joint,FL_thigh_joint,FR_thigh_joint,BL_calf_joint,BR_calf_joint,FL_calf_joint,FR_calf_joint",330e02f2406e129bb6ed6ec4a6c6bcd5f80d7e7799a2ab087e81eda65d2fae69,"step=000570 mode=stand  vx= 0.000 vy= 0.000 vxy= 0.000 yaw= 0.000 speed=1.00 imu=fake tilt_rp=[-0.0,+0.0]deg imu_corr=0.000 act_max= 0.000 tau_cmd= 6.682 tau_cmd_max= 19.160 cmds=12 bus=can0:12 tau_fb= 4.139 tau_fb_max= 12.371",,,,,,,,,,,,,,,,,,,,,,,,,,,,,,,,,,,,,,,,,,,,,,,,,0.0,0.0,0.0,0.0,0.0,0.0,0.0,0.0,0.0,0.0,0.0,0.0,0.0,0.0,0.0,0.0,0.0,0.0,0.0,0.0,0.0,0.0,0.0,0.0,-0.0019175345078110695,-0.0011505207512527704,-0.0011505207512527704,0.00038350690738298,0.05292395129799843,-0.0644291564822197,0.06366214901208878,-0.061361104249954224,0.2116958051919937,-0.21322983503341675,0.2136133462190628,-0.21783192455768585,-0.010071108117699623,-0.02151555009186268,0.12359996140003204,-0.07782220095396042,0.001831110566854477,0.08880886435508728,-0.09842219203710556,0.02609332650899887,-0.14740440249443054,0.16067995131015778,-0.17624439299106598,0.1510666161775589,0.0007752780802547932,-0.0007322072051465511,-0.0006891363300383091,0.0008614202961325645,0.055475473403930664,-0.05577695369720459,0.055475473403930664,-0.05534625053405762,0.18486082553863525,-0.18503308296203613,0.18494689464569092,-0.18503308296203613,0.0,0.0,0.0,0.0,0.0,0.0,0.0,0.0,0.0,0.0,0.0,0.0
20260708_191726_109883,2026-07-08T19:17:40.494,14.384574,pose,575,stand,0.0,0.0,0.0,0.0,0.0,0.0,0.0,0.0,1.0,fake,0.0,0.0,-1.0,-0.0,0.0,0.0,0.0,6.917463779449463,18.224843978881836,12,can0:12,4.00067138671875,12.986236572265625,,"BL_hip_joint,BR_hip_joint,FL_hip_joint,FR_hip_joint,BL_thigh_joint,BR_thigh_joint,FL_thigh_joint,FR_thigh_joint,BL_calf_joint,BR_calf_joint,FL_calf_joint,FR_calf_joint",330e02f2406e129bb6ed6ec4a6c6bcd5f80d7e7799a2ab087e81eda65d2fae69,"step=000575 mode=stand  vx= 0.000 vy= 0.000 vxy= 0.000 yaw= 0.000 speed=1.00 imu=fake tilt_rp=[-0.0,+0.0]deg imu_corr=0.000 act_max= 0.000 tau_cmd= 6.917 tau_cmd_max= 18.225 cmds=12 bus=can0:12 tau_fb= 4.001 tau_fb_max= 12.986",,,,,,,,,,,,,,,,,,,,,,,,,,,,,,,,,,,,,,,,,,,,,,,,,0.0,0.0,0.0,0.0,0.0,0.0,0.0,0.0,0.0,0.0,0.0,0.0,0.0,0.0,0.0,0.0,0.0,0.0,0.0,0.0,0.0,0.0,0.0,0.0,-0.0019175345078110695,-0.0011505207512527704,-0.0011505207512527704,0.00038350690738298,0.046787843108177185,-0.057526033371686935,0.05637551471590996,-0.053690966218709946,0.1913699507713318,-0.19290396571159363,0.19328747689723969,-0.19712254405021667,-0.0398266538977623,0.10254219174385071,-0.059968870133161545,-0.06546220183372498,-0.05859553813934326,0.110782191157341,-0.03707998991012573,0.0636310949921608,-0.16891995072364807,0.13275551795959473,-0.0796533077955246,0.14923551678657532,0.0006941012106835842,-0.0006555402651429176,-0.0006169788539409637,0.0007712235674262047,0.049666792154312134,-0.04993674159049988,0.049666792154312134,-0.04955112934112549,0.1655045747756958,-0.1656588315963745,0.16558170318603516,-0.1656588315963745,0.0,0.0,0.0,0.0,0.0,0.0,0.0,0.0,0.0,0.0,0.0,0.0
20260708_191726_109883,2026-07-08T19:17:40.611,14.501701,pose,580,stand,0.0,0.0,0.0,0.0,0.0,0.0,0.0,0.0,1.0,fake,0.0,0.0,-1.0,-0.0,0.0,0.0,0.0,6.0381035804748535,19.78697395324707,12,can0:12,3.930478811264038,12.0047607421875,,"BL_hip_joint,BR_hip_joint,FL_hip_joint,FR_hip_joint,BL_thigh_joint,BR_thigh_joint,FL_thigh_joint,FR_thigh_joint,BL_calf_joint,BR_calf_joint,FL_calf_joint,FR_calf_joint",330e02f2406e129bb6ed6ec4a6c6bcd5f80d7e7799a2ab087e81eda65d2fae69,"step=000580 mode=stand  vx= 0.000 vy= 0.000 vxy= 0.000 yaw= 0.000 speed=1.00 imu=fake tilt_rp=[-0.0,+0.0]deg imu_corr=0.000 act_max= 0.000 tau_cmd= 6.038 tau_cmd_max= 19.787 cmds=12 bus=can0:12 tau_fb= 3.930 tau_fb_max= 12.005",,,,,,,,,,,,,,,,,,,,,,,,,,,,,,,,,,,,,,,,,,,,,,,,,0.0,0.0,0.0,0.0,0.0,0.0,0.0,0.0,0.0,0.0,0.0,0.0,0.0,0.0,0.0,0.0,0.0,0.0,0.0,0.0,0.0,0.0,0.0,0.0,-0.0019175345078110695,-0.0011505207512527704,-0.0011505207512527704,0.00038350690738298,0.04141874611377716,-0.0494723916053772,0.051006417721509933,-0.047171350568532944,0.1718110889196396,-0.17334511876106262,0.17334511876106262,-0.17794720828533173,0.03891110047698021,-0.010071108117699623,0.03250221163034439,-0.055848874151706696,-0.0315866582095623,0.10437330603599548,-0.04623554274439812,0.05630664899945259,-0.13229773938655853,0.18082216382026672,-0.11444441229104996,0.09155552834272385,0.0006166305392980576,-0.0005823732353746891,-0.000548116397112608,0.0006851451471447945,0.04412335157394409,-0.04436314105987549,0.04412335157394409,-0.04402059316635132,0.14703214168548584,-0.14716923236846924,0.14710068702697754,-0.14716923236846924,0.0,0.0,0.0,0.0,0.0,0.0,0.0,0.0,0.0,0.0,0.0,0.0
20260708_191726_109883,2026-07-08T19:17:40.729,14.619251,pose,585,stand,0.0,0.0,0.0,0.0,0.0,0.0,0.0,0.0,1.0,fake,0.0,0.0,-1.0,-0.0,0.0,0.0,0.0,6.275974750518799,17.856191635131836,12,can0:12,3.5670032501220703,12.612689971923828,,"BL_hip_joint,BR_hip_joint,FL_hip_joint,FR_hip_joint,BL_thigh_joint,BR_thigh_joint,FL_thigh_joint,FR_thigh_joint,BL_calf_joint,BR_calf_joint,FL_calf_joint,FR_calf_joint",330e02f2406e129bb6ed6ec4a6c6bcd5f80d7e7799a2ab087e81eda65d2fae69,"step=000585 mode=stand  vx= 0.000 vy= 0.000 vxy= 0.000 yaw= 0.000 speed=1.00 imu=fake tilt_rp=[-0.0,+0.0]deg imu_corr=0.000 act_max= 0.000 tau_cmd= 6.276 tau_cmd_max= 17.856 cmds=12 bus=can0:12 tau_fb= 3.567 tau_fb_max= 12.613",,,,,,,,,,,,,,,,,,,,,,,,,,,,,,,,,,,,,,,,,,,,,,,,,0.0,0.0,0.0,0.0,0.0,0.0,0.0,0.0,0.0,0.0,0.0,0.0,0.0,0.0,0.0,0.0,0.0,0.0,0.0,0.0,0.0,0.0,0.0,0.0,-0.002301041502505541,-0.00076701381476596,-0.00076701381476596,0.00076701381476596,0.037200167775154114,-0.04410329461097717,0.04602082818746567,-0.04180225357413292,0.15263575315475464,-0.1549367904663086,0.15570379793643951,-0.1595388650894165,-0.0476088747382164,0.06042664870619774,-0.019226660951972008,0.0013733329251408577,-0.05218665301799774,0.019226660951972008,-0.11215551942586899,0.1510666161775589,-0.15564440190792084,0.14007996022701263,-0.1029999703168869,0.1277199685573578,0.0005430146120488644,-0.0005128472112119198,-0.0004826798103749752,0.0006033494137227535,0.03885570168495178,-0.03906688094139099,0.03885570168495178,-0.03876522183418274,0.1294788122177124,-0.1295994520187378,0.1295391321182251,-0.1295994520187378,0.0,0.0,0.0,0.0,0.0,0.0,0.0,0.0,0.0,0.0,0.0,0.0
20260708_191726_109883,2026-07-08T19:17:40.846,14.737061,pose,590,stand,0.0,0.0,0.0,0.0,0.0,0.0,0.0,0.0,1.0,fake,0.0,0.0,-1.0,-0.0,0.0,0.0,0.0,5.605319976806641,18.44629669189453,12,can0:12,3.757438898086548,11.20639705657959,,"BL_hip_joint,BR_hip_joint,FL_hip_joint,FR_hip_joint,BL_thigh_joint,BR_thigh_joint,FL_thigh_joint,FR_thigh_joint,BL_calf_joint,BR_calf_joint,FL_calf_joint,FR_calf_joint",330e02f2406e129bb6ed6ec4a6c6bcd5f80d7e7799a2ab087e81eda65d2fae69,"step=000590 mode=stand  vx= 0.000 vy= 0.000 vxy= 0.000 yaw= 0.000 speed=1.00 imu=fake tilt_rp=[-0.0,+0.0]deg imu_corr=0.000 act_max= 0.000 tau_cmd= 5.605 tau_cmd_max= 18.446 cmds=12 bus=can0:12 tau_fb= 3.757 tau_fb_max= 11.206",,,,,,,,,,,,,,,,,,,,,,,,,,,,,,,,,,,,,,,,,,,,,,,,,0.0,0.0,0.0,0.0,0.0,0.0,0.0,0.0,0.0,0.0,0.0,0.0,0.0,0.0,0.0,0.0,0.0,0.0,0.0,0.0,0.0,0.0,0.0,0.0,-0.002301041502505541,-0.00076701381476596,-0.00076701381476596,0.00038350690738298,0.033365100622177124,-0.039884716272354126,0.04065173119306564,-0.036433156579732895,0.13499443233013153,-0.13652846217155457,0.13729546964168549,-0.14151404798030853,-0.01739555038511753,-0.01739555038511753,-0.0119022186845541,0.009613330475986004,-0.08468886464834213,0.005493331700563431,-0.13321329653263092,0.08102664351463318,-0.14007996022701263,0.2055421620607376,-0.13275551795959473,0.08194220066070557,0.0004734010435640812,-0.0004471014253795147,-0.0004208013415336609,0.0005260012112557888,0.03387448191642761,-0.034058600664138794,0.03387448191642761,-0.03379559516906738,0.11287987232208252,-0.11298513412475586,0.11293244361877441,-0.11298513412475586,0.0,0.0,0.0,0.0,0.0,0.0,0.0,0.0,0.0,0.0,0.0,0.0
20260708_191726_109883,2026-07-08T19:17:40.964,14.854197,pose,595,stand,0.0,0.0,0.0,0.0,0.0,0.0,0.0,0.0,1.0,fake,0.0,0.0,-1.0,-0.0,0.0,0.0,0.0,5.881436824798584,17.186237335205078,12,can0:12,3.621631622314453,10.675374984741211,,"BL_hip_joint,BR_hip_joint,FL_hip_joint,FR_hip_joint,BL_thigh_joint,BR_thigh_joint,FL_thigh_joint,FR_thigh_joint,BL_calf_joint,BR_calf_joint,FL_calf_joint,FR_calf_joint",330e02f2406e129bb6ed6ec4a6c6bcd5f80d7e7799a2ab087e81eda65d2fae69,"step=000595 mode=stand  vx= 0.000 vy= 0.000 vxy= 0.000 yaw= 0.000 speed=1.00 imu=fake tilt_rp=[-0.0,+0.0]deg imu_corr=0.000 act_max= 0.000 tau_cmd= 5.881 tau_cmd_max= 17.186 cmds=12 bus=can0:12 tau_fb= 3.622 tau_fb_max= 10.675",,,,,,,,,,,,,,,,,,,,,,,,,,,,,,,,,,,,,,,,,,,,,,,,,0.0,0.0,0.0,0.0,0.0,0.0,0.0,0.0,0.0,0.0,0.0,0.0,0.0,0.0,0.0,0.0,0.0,0.0,0.0,0.0,0.0,0.0,0.0,0.0,-0.002301041502505541,-0.00076701381476596,-0.00076701381476596,0.00038350690738298,0.028763016685843468,-0.03566614165902138,0.03528263419866562,-0.029913539066910744,0.11735311150550842,-0.12080467492341995,0.12195519357919693,-0.1250232458114624,-0.0636310949921608,0.0009155552834272385,0.0027466658502817154,-0.003662221133708954,-0.0,0.010528885759413242,0.0398266538977623,0.12451551854610443,-0.158848837018013,0.09704886376857758,-0.14007996022701263,0.09887997061014175,0.0004079388454556465,-0.00038527557626366615,-0.0003626123070716858,0.00045326584950089455,0.0291903018951416,-0.029348939657211304,0.0291903018951416,-0.02912232279777527,0.09727084636688232,-0.09736144542694092,0.09731614589691162,-0.09736144542694092,0.0,0.0,0.0,0.0,0.0,0.0,0.0,0.0,0.0,0.0,0.0,0.0
20260708_191726_109883,2026-07-08T19:17:41.081,14.971982,pose,600,stand,0.0,0.0,0.0,0.0,0.0,0.0,0.0,0.0,1.0,fake,0.0,0.0,-1.0,-0.0,0.0,0.0,0.0,5.618533611297607,16.36724090576172,12,can0:12,3.7995548248291016,10.0894193649292,,"BL_hip_joint,BR_hip_joint,FL_hip_joint,FR_hip_joint,BL_thigh_joint,BR_thigh_joint,FL_thigh_joint,FR_thigh_joint,BL_calf_joint,BR_calf_joint,FL_calf_joint,FR_calf_joint",330e02f2406e129bb6ed6ec4a6c6bcd5f80d7e7799a2ab087e81eda65d2fae69,"step=000600 mode=stand  vx= 0.000 vy= 0.000 vxy= 0.000 yaw= 0.000 speed=1.00 imu=fake tilt_rp=[-0.0,+0.0]deg imu_corr=0.000 act_max= 0.000 tau_cmd= 5.619 tau_cmd_max= 16.367 cmds=12 bus=can0:12 tau_fb= 3.800 tau_fb_max= 10.089",,,,,,,,,,,,,,,,,,,,,,,,,,,,,,,,,,,,,,,,,,,,,,,,,0.0,0.0,0.0,0.0,0.0,0.0,0.0,0.0,0.0,0.0,0.0,0.0,0.0,0.0,0.0,0.0,0.0,0.0,0.0,0.0,0.0,0.0,0.0,0.0,-0.0019175345078110695,-0.00076701381476596,-0.00076701381476596,0.00038350690738298,0.023393921554088593,-0.030297044664621353,0.028763016685843468,-0.022626906633377075,0.10239633917808533,-0.10469738394021988,0.10469738394021988,-0.10891596227884293,0.016479995101690292,-0.00595110934227705,-0.036164432764053345,0.0068666646257042885,-0.08102664351463318,0.008697775192558765,-0.06591998040676117,0.0869777500629425,-0.08377330750226974,0.10574663430452347,-0.10986663401126862,0.09018219262361526,0.0003467751666903496,-0.0003275102935731411,-0.0003082449547946453,0.00038530584424734116,0.024813711643218994,-0.024948567152023315,0.024813711643218994,-0.024755895137786865,0.0826866626739502,-0.082763671875,0.0827251672744751,-0.082763671875,0.0,0.0,0.0,0.0,0.0,0.0,0.0,0.0,0.0,0.0,0.0,0.0
20260708_191726_109883,2026-07-08T19:17:41.200,15.090309,pose,605,stand,0.0,0.0,0.0,0.0,0.0,0.0,0.0,0.0,1.0,fake,0.0,0.0,-1.0,-0.0,0.0,0.0,0.0,6.0499348640441895,16.988698959350586,12,can0:12,3.758659601211548,11.21372127532959,,"BL_hip_joint,BR_hip_joint,FL_hip_joint,FR_hip_joint,BL_thigh_joint,BR_thigh_joint,FL_thigh_joint,FR_thigh_joint,BL_calf_joint,BR_calf_joint,FL_calf_joint,FR_calf_joint",330e02f2406e129bb6ed6ec4a6c6bcd5f80d7e7799a2ab087e81eda65d2fae69,"step=000605 mode=stand  vx= 0.000 vy= 0.000 vxy= 0.000 yaw= 0.000 speed=1.00 imu=fake tilt_rp=[-0.0,+0.0]deg imu_corr=0.000 act_max= 0.000 tau_cmd= 6.050 tau_cmd_max= 16.989 cmds=12 bus=can0:12 tau_fb= 3.759 tau_fb_max= 11.214",,,,,,,,,,,,,,,,,,,,,,,,,,,,,,,,,,,,,,,,,,,,,,,,,0.0,0.0,0.0,0.0,0.0,0.0,0.0,0.0,0.0,0.0,0.0,0.0,0.0,0.0,0.0,0.0,0.0,0.0,0.0,0.0,0.0,0.0,0.0,0.0,-0.0019175345078110695,-0.00076701381476596,-0.00076701381476596,0.00038350690738298,0.018024824559688568,-0.02416093461215496,0.023777427151799202,-0.016107289120554924,0.08743957430124283,-0.09089113771915436,0.09127464145421982,-0.09510970860719681,-0.09201330691576004,0.056764427572488785,-0.010071108117699623,-0.0050355540588498116,-0.03341776877641678,-0.027924437075853348,-0.1034577488899231,0.0787377581000328,-0.06546220183372498,0.11261329799890518,-0.1272621899843216,0.06729331612586975,0.00029005901888012886,-0.00027394481003284454,-0.0002578301355242729,0.0003222879022359848,0.020755350589752197,-0.020868152379989624,0.020755350589752197,-0.020707011222839355,0.06916296482086182,-0.06922745704650879,0.06919527053833008,-0.06922745704650879,0.0,0.0,0.0,0.0,0.0,0.0,0.0,0.0,0.0,0.0,0.0,0.0
20260708_191726_109883,2026-07-08T19:17:41.318,15.208338,pose,610,stand,0.0,0.0,0.0,0.0,0.0,0.0,0.0,0.0,1.0,fake,0.0,0.0,-1.0,-0.0,0.0,0.0,0.0,5.390127658843994,14.496973991394043,12,can0:12,3.465376615524292,10.88412094116211,,"BL_hip_joint,BR_hip_joint,FL_hip_joint,FR_hip_joint,BL_thigh_joint,BR_thigh_joint,FL_thigh_joint,FR_thigh_joint,BL_calf_joint,BR_calf_joint,FL_calf_joint,FR_calf_joint",330e02f2406e129bb6ed6ec4a6c6bcd5f80d7e7799a2ab087e81eda65d2fae69,"step=000610 mode=stand  vx= 0.000 vy= 0.000 vxy= 0.000 yaw= 0.000 speed=1.00 imu=fake tilt_rp=[-0.0,+0.0]deg imu_corr=0.000 act_max= 0.000 tau_cmd= 5.390 tau_cmd_max= 14.497 cmds=12 bus=can0:12 tau_fb= 3.465 tau_fb_max= 10.884",,,,,,,,,,,,,,,,,,,,,,,,,,,,,,,,,,,,,,,,,,,,,,,,,0.0,0.0,0.0,0.0,0.0,0.0,0.0,0.0,0.0,0.0,0.0,0.0,0.0,0.0,0.0,0.0,0.0,0.0,0.0,0.0,0.0,0.0,0.0,0.0,-0.0019175345078110695,-0.0011505207512527704,-0.00076701381476596,0.00038350690738298,0.014573262073099613,-0.019558852538466454,0.019942358136177063,-0.01227222103625536,0.07363332808017731,-0.07708488404750824,0.07708488404750824,-0.08130346238613129,-0.06088442727923393,-0.05172887444496155,0.08194220066070557,-0.03433332219719887,0.05310220643877983,0.08285775035619736,-0.15335550904273987,0.07553330808877945,-0.12909328937530518,0.10986663401126862,-0.1661732792854309,0.10803552716970444,0.00023793848231434822,-0.00022471975535154343,-0.00021150102838873863,0.0002643759362399578,0.01702582836151123,-0.017118364572525024,0.01702582836151123,-0.016986161470413208,0.05673515796661377,-0.056787967681884766,0.05676150321960449,-0.056787967681884766,0.0,0.0,0.0,0.0,0.0,0.0,0.0,0.0,0.0,0.0,0.0,0.0
20260708_191726_109883,2026-07-08T19:17:41.436,15.326180,pose,615,stand,0.0,0.0,0.0,0.0,0.0,0.0,0.0,0.0,1.0,fake,0.0,0.0,-1.0,-0.0,0.0,0.0,0.0,4.9000773429870605,14.102937698364258,12,can0:12,3.5969114303588867,11.008636474609375,,"BL_hip_joint,BR_hip_joint,FL_hip_joint,FR_hip_joint,BL_thigh_joint,BR_thigh_joint,FL_thigh_joint,FR_thigh_joint,BL_calf_joint,BR_calf_joint,FL_calf_joint,FR_calf_joint",330e02f2406e129bb6ed6ec4a6c6bcd5f80d7e7799a2ab087e81eda65d2fae69,"step=000615 mode=stand  vx= 0.000 vy= 0.000 vxy= 0.000 yaw= 0.000 speed=1.00 imu=fake tilt_rp=[-0.0,+0.0]deg imu_corr=0.000 act_max= 0.000 tau_cmd= 4.900 tau_cmd_max= 14.103 cmds=12 bus=can0:12 tau_fb= 3.597 tau_fb_max= 11.009",,,,,,,,,,,,,,,,,,,,,,,,,,,,,,,,,,,,,,,,,,,,,,,,,0.0,0.0,0.0,0.0,0.0,0.0,0.0,0.0,0.0,0.0,0.0,0.0,0.0,0.0,0.0,0.0,0.0,0.0,0.0,0.0,0.0,0.0,0.0,0.0,-0.0019175345078110695,-0.00076701381476596,-0.00076701381476596,0.00038350690738298,0.012655727565288544,-0.015723783522844315,0.01764131709933281,-0.008820658549666405,0.06174461171030998,-0.06481266766786575,0.06519617140293121,-0.0690312385559082,0.0032044434919953346,0.04852443188428879,0.025635547935962677,-0.043946653604507446,0.014648884534835815,0.018768884241580963,-0.018768884241580963,0.04943998530507088,-0.07370220124721527,0.05722220614552498,-0.07461775839328766,0.09887997061014175,0.0001905611716210842,-0.00017997436225414276,-0.0001693875528872013,0.00021173479035496712,0.013635694980621338,-0.013709813356399536,0.013635694980621338,-0.013603955507278442,0.045438289642333984,-0.04548060894012451,0.04545938968658447,-0.04548060894012451,0.0,0.0,0.0,0.0,0.0,0.0,0.0,0.0,0.0,0.0,0.0,0.0
20260708_191726_109883,2026-07-08T19:17:41.554,15.444102,pose,620,stand,0.0,0.0,0.0,0.0,0.0,0.0,0.0,0.0,1.0,fake,0.0,0.0,-1.0,-0.0,0.0,0.0,0.0,4.8334059715271,14.32236385345459,12,can0:12,3.47636342048645,10.733969688415527,,"BL_hip_joint,BR_hip_joint,FL_hip_joint,FR_hip_joint,BL_thigh_joint,BR_thigh_joint,FL_thigh_joint,FR_thigh_joint,BL_calf_joint,BR_calf_joint,FL_calf_joint,FR_calf_joint",330e02f2406e129bb6ed6ec4a6c6bcd5f80d7e7799a2ab087e81eda65d2fae69,"step=000620 mode=stand  vx= 0.000 vy= 0.000 vxy= 0.000 yaw= 0.000 speed=1.00 imu=fake tilt_rp=[-0.0,+0.0]deg imu_corr=0.000 act_max= 0.000 tau_cmd= 4.833 tau_cmd_max= 14.322 cmds=12 bus=can0:12 tau_fb= 3.476 tau_fb_max= 10.734",,,,,,,,,,,,,,,,,,,,,,,,,,,,,,,,,,,,,,,,,,,,,,,,,0.0,0.0,0.0,0.0,0.0,0.0,0.0,0.0,0.0,0.0,0.0,0.0,0.0,0.0,0.0,0.0,0.0,0.0,0.0,0.0,0.0,0.0,0.0,0.0,-0.0019175345078110695,-0.00038350690738298,-0.00076701381476596,0.00038350690738298,0.01035468652844429,-0.01227222103625536,0.014573262073099613,-0.005369096528738737,0.0494723916053772,-0.05330745875835419,0.05484148859977722,-0.057909540832042694,-0.04898220673203468,0.0050355540588498116,-0.026551103219389915,-0.036164432764053345,0.0013733329251408577,-0.020142216235399246,-0.040742211043834686,0.03021332435309887,-0.061342205852270126,0.09018219262361526,-0.036164432764053345,0.07232886552810669,0.00014807609841227531,-0.0001398497261106968,-0.00013162335380911827,0.00016452884301543236,0.010595649480819702,-0.010653257369995117,0.010595649480819702,-0.01057097315788269,0.035307884216308594,-0.03534078598022461,0.0353243350982666,-0.03534078598022461,0.0,0.0,0.0,0.0,0.0,0.0,0.0,0.0,0.0,0.0,0.0,0.0
20260708_191726_109883,2026-07-08T19:17:41.672,15.562214,pose,625,stand,0.0,0.0,0.0,0.0,0.0,0.0,0.0,0.0,1.0,fake,0.0,0.0,-1.0,-0.0,0.0,0.0,0.0,4.423952102661133,12.1310453414917,12,can0:12,3.5880610942840576,10.382396697998047,,"BL_hip_joint,BR_hip_joint,FL_hip_joint,FR_hip_joint,BL_thigh_joint,BR_thigh_joint,FL_thigh_joint,FR_thigh_joint,BL_calf_joint,BR_calf_joint,FL_calf_joint,FR_calf_joint",330e02f2406e129bb6ed6ec4a6c6bcd5f80d7e7799a2ab087e81eda65d2fae69,"step=000625 mode=stand  vx= 0.000 vy= 0.000 vxy= 0.000 yaw= 0.000 speed=1.00 imu=fake tilt_rp=[-0.0,+0.0]deg imu_corr=0.000 act_max= 0.000 tau_cmd= 4.424 tau_cmd_max= 12.131 cmds=12 bus=can0:12 tau_fb= 3.588 tau_fb_max= 10.382",,,,,,,,,,,,,,,,,,,,,,,,,,,,,,,,,,,,,,,,,,,,,,,,,0.0,0.0,0.0,0.0,0.0,0.0,0.0,0.0,0.0,0.0,0.0,0.0,0.0,0.0,0.0,0.0,0.0,0.0,0.0,0.0,0.0,0.0,0.0,0.0,-0.0019175345078110695,-0.00038350690738298,-0.00038350690738298,0.00038350690738298,0.008053644560277462,-0.009971179068088531,0.011121700517833233,-0.00153402762953192,0.039884716272354126,-0.043336279690265656,0.043719787150621414,-0.047171350568532944,-0.025177771225571632,0.06866664439439774,0.09659108519554138,-0.04257332161068916,-0.03021332435309887,0.013275551609694958,-0.06042664870619774,-0.006408886983990669,-0.06775109469890594,0.03662221133708954,-0.1519821733236313,0.095675528049469,0.00011063041165471077,-0.00010448414832353592,-9.833835065364838e-05,0.00012292247265577316,0.00791621208190918,-0.007959246635437012,0.00791621208190918,-0.007897794246673584,0.02637922763824463,-0.02640378475189209,0.02639150619506836,-0.02640378475189209,0.0,0.0,0.0,0.0,0.0,0.0,0.0,0.0,0.0,0.0,0.0,0.0
20260708_191726_109883,2026-07-08T19:17:41.789,15.680010,pose,630,stand,0.0,0.0,0.0,0.0,0.0,0.0,0.0,0.0,1.0,fake,0.0,0.0,-1.0,-0.0,0.0,0.0,0.0,4.281682968139648,12.219890594482422,12,can0:12,3.4330272674560547,11.356547355651855,,"BL_hip_joint,BR_hip_joint,FL_hip_joint,FR_hip_joint,BL_thigh_joint,BR_thigh_joint,FL_thigh_joint,FR_thigh_joint,BL_calf_joint,BR_calf_joint,FL_calf_joint,FR_calf_joint",330e02f2406e129bb6ed6ec4a6c6bcd5f80d7e7799a2ab087e81eda65d2fae69,"step=000630 mode=stand  vx= 0.000 vy= 0.000 vxy= 0.000 yaw= 0.000 speed=1.00 imu=fake tilt_rp=[-0.0,+0.0]deg imu_corr=0.000 act_max= 0.000 tau_cmd= 4.282 tau_cmd_max= 12.220 cmds=12 bus=can0:12 tau_fb= 3.433 tau_fb_max= 11.357",,,,,,,,,,,,,,,,,,,,,,,,,,,,,,,,,,,,,,,,,,,,,,,,,0.0,0.0,0.0,0.0,0.0,0.0,0.0,0.0,0.0,0.0,0.0,0.0,0.0,0.0,0.0,0.0,0.0,0.0,0.0,0.0,0.0,0.0,0.0,0.0,-0.0019175345078110695,-0.00038350690738298,-0.00076701381476596,0.00038350690738298,0.005369096528738737,-0.006903124041855335,0.007670138031244278,0.0026845482643693686,0.03144756704568863,-0.03413211554288864,0.03489912673830986,-0.03873419761657715,0.0718710869550705,-0.028839992359280586,0.021057771518826485,0.007782219909131527,0.027924437075853348,0.0238044373691082,0.03250221163034439,0.04119998961687088,-0.09933774918317795,0.05813775956630707,-0.013733329251408577,0.07782220095396042,7.837312296032906e-05,-7.40191899240017e-05,-6.966525688767433e-05,8.708145469427109e-05,0.005608052015304565,-0.005638539791107178,0.005608052015304565,-0.005594998598098755,0.018687725067138672,-0.018705129623413086,0.01869642734527588,-0.018705129623413086,0.0,0.0,0.0,0.0,0.0,0.0,0.0,0.0,0.0,0.0,0.0,0.0
20260708_191726_109883,2026-07-08T19:17:41.907,15.797089,pose,635,stand,0.0,0.0,0.0,0.0,0.0,0.0,0.0,0.0,1.0,fake,0.0,0.0,-1.0,-0.0,0.0,0.0,0.0,4.6212005615234375,12.498085975646973,12,can0:12,3.5660877227783203,10.323801040649414,,"BL_hip_joint,BR_hip_joint,FL_hip_joint,FR_hip_joint,BL_thigh_joint,BR_thigh_joint,FL_thigh_joint,FR_thigh_joint,BL_calf_joint,BR_calf_joint,FL_calf_joint,FR_calf_joint",330e02f2406e129bb6ed6ec4a6c6bcd5f80d7e7799a2ab087e81eda65d2fae69,"step=000635 mode=stand  vx= 0.000 vy= 0.000 vxy= 0.000 yaw= 0.000 speed=1.00 imu=fake tilt_rp=[-0.0,+0.0]deg imu_corr=0.000 act_max= 0.000 tau_cmd= 4.621 tau_cmd_max= 12.498 cmds=12 bus=can0:12 tau_fb= 3.566 tau_fb_max= 10.324",,,,,,,,,,,,,,,,,,,,,,,,,,,,,,,,,,,,,,,,,,,,,,,,,0.0,0.0,0.0,0.0,0.0,0.0,0.0,0.0,0.0,0.0,0.0,0.0,0.0,0.0,0.0,0.0,0.0,0.0,0.0,0.0,0.0,0.0,0.0,0.0,-0.0019175345078110695,-0.00076701381476596,-0.00038350690738298,0.00038350690738298,0.002301041502505541,-0.004602083005011082,0.004602083005011082,0.0057526035234332085,0.023393921554088593,-0.02761249616742134,0.028763016685843468,-0.03144756704568863,0.007782219909131527,0.004119998775422573,0.03662221133708954,0.0315866582095623,-0.04119998961687088,0.028839992359280586,-0.0009155552834272385,0.1185644119977951,-0.09979552775621414,0.0398266538977623,0.003662221133708954,0.06775109469890594,5.1452312618494034e-05,-4.859408363699913e-05,-4.573538899421692e-05,5.716923624277115e-05,0.0036817193031311035,-0.003701716661453247,0.0036817193031311035,-0.0036731362342834473,0.012268543243408203,-0.012279987335205078,0.01227426528930664,-0.012279987335205078,0.0,0.0,0.0,0.0,0.0,0.0,0.0,0.0,0.0,0.0,0.0,0.0
20260708_191726_109883,2026-07-08T19:17:42.024,15.914332,pose,640,stand,0.0,0.0,0.0,0.0,0.0,0.0,0.0,0.0,1.0,fake,0.0,0.0,-1.0,-0.0,0.0,0.0,0.0,4.278674602508545,11.616045951843262,12,can0:12,3.4693443775177,9.54741096496582,,"BL_hip_joint,BR_hip_joint,FL_hip_joint,FR_hip_joint,BL_thigh_joint,BR_thigh_joint,FL_thigh_joint,FR_thigh_joint,BL_calf_joint,BR_calf_joint,FL_calf_joint,FR_calf_joint",330e02f2406e129bb6ed6ec4a6c6bcd5f80d7e7799a2ab087e81eda65d2fae69,"step=000640 mode=stand  vx= 0.000 vy= 0.000 vxy= 0.000 yaw= 0.000 speed=1.00 imu=fake tilt_rp=[-0.0,+0.0]deg imu_corr=0.000 act_max= 0.000 tau_cmd= 4.279 tau_cmd_max= 11.616 cmds=12 bus=can0:12 tau_fb= 3.469 tau_fb_max= 9.547",,,,,,,,,,,,,,,,,,,,,,,,,,,,,,,,,,,,,,,,,,,,,,,,,0.0,0.0,0.0,0.0,0.0,0.0,0.0,0.0,0.0,0.0,0.0,0.0,0.0,0.0,0.0,0.0,0.0,0.0,0.0,0.0,0.0,0.0,0.0,0.0,-0.0019175345078110695,-0.00038350690738298,-0.00038350690738298,0.00038350690738298,0.00038350690738298,-0.0026845482643693686,0.00153402762953192,0.00843715202063322,0.016490796580910683,-0.02147638611495495,0.022626906633377075,-0.02492794767022133,-0.025177771225571632,-0.0068666646257042885,0.004577776417136192,0.03662221133708954,0.010986663401126862,0.03662221133708954,-0.02059999480843544,0.01739555038511753,-0.007782219909131527,0.03662221133708954,0.00045777764171361923,0.07782220095396042,3.0016060918569565e-05,-2.834852784872055e-05,-2.6680994778871536e-05,3.335112705826759e-05,0.0021477937698364258,-0.0021594762802124023,0.0021477937698364258,-0.002142786979675293,0.007157087326049805,-0.0071637630462646484,0.0071604251861572266,-0.0071637630462646484,0.0,0.0,0.0,0.0,0.0,0.0,0.0,0.0,0.0,0.0,0.0,0.0
20260708_191726_109883,2026-07-08T19:17:42.142,16.032146,pose,645,stand,0.0,0.0,0.0,0.0,0.0,0.0,0.0,0.0,1.0,fake,0.0,0.0,-1.0,-0.0,0.0,0.0,0.0,4.3133039474487305,11.736804962158203,12,can0:12,3.6619157791137695,11.158787727355957,,"BL_hip_joint,BR_hip_joint,FL_hip_joint,FR_hip_joint,BL_thigh_joint,BR_thigh_joint,FL_thigh_joint,FR_thigh_joint,BL_calf_joint,BR_calf_joint,FL_calf_joint,FR_calf_joint",330e02f2406e129bb6ed6ec4a6c6bcd5f80d7e7799a2ab087e81eda65d2fae69,"step=000645 mode=stand  vx= 0.000 vy= 0.000 vxy= 0.000 yaw= 0.000 speed=1.00 imu=fake tilt_rp=[-0.0,+0.0]deg imu_corr=0.000 act_max= 0.000 tau_cmd= 4.313 tau_cmd_max= 11.737 cmds=12 bus=can0:12 tau_fb= 3.662 tau_fb_max= 11.159",,,,,,,,,,,,,,,,,,,,,,,,,,,,,,,,,,,,,,,,,,,,,,,,,0.0,0.0,0.0,0.0,0.0,0.0,0.0,0.0,0.0,0.0,0.0,0.0,0.0,0.0,0.0,0.0,0.0,0.0,0.0,0.0,0.0,0.0,0.0,0.0,-0.0019175345078110695,-0.00038350690738298,-0.00038350690738298,0.00038350690738298,-0.0011505207512527704,-0.00076701381476596,-0.00038350690738298,0.01035468652844429,0.01227222103625536,-0.016107289120554924,0.01687430404126644,-0.019942358136177063,0.029755547642707825,-0.03250221163034439,0.016022218391299248,0.08972442150115967,-0.007782219909131527,-0.006408886983990669,0.006408886983990669,0.04211554303765297,-0.003662221133708954,0.002288888208568096,-0.023346660658717155,0.018768884241580963,1.4211982488632202e-05,-1.3422686606645584e-05,-1.2632925063371658e-05,1.5791505575180054e-05,0.0010169744491577148,-0.0010224878787994385,0.0010169744491577148,-0.0010145902633666992,0.0033887624740600586,-0.0033919811248779297,0.0033904314041137695,-0.0033919811248779297,0.0,0.0,0.0,0.0,0.0,0.0,0.0,0.0,0.0,0.0,0.0,0.0
20260708_191726_109883,2026-07-08T19:17:42.259,16.149819,pose,650,stand,0.0,0.0,0.0,0.0,0.0,0.0,0.0,0.0,1.0,fake,0.0,0.0,-1.0,-0.0,0.0,0.0,0.0,3.875157356262207,11.5024995803833,12,can0:12,3.7412643432617188,10.367748260498047,,"BL_hip_joint,BR_hip_joint,FL_hip_joint,FR_hip_joint,BL_thigh_joint,BR_thigh_joint,FL_thigh_joint,FR_thigh_joint,BL_calf_joint,BR_calf_joint,FL_calf_joint,FR_calf_joint",330e02f2406e129bb6ed6ec4a6c6bcd5f80d7e7799a2ab087e81eda65d2fae69,"step=000650 mode=stand  vx= 0.000 vy= 0.000 vxy= 0.000 yaw= 0.000 speed=1.00 imu=fake tilt_rp=[-0.0,+0.0]deg imu_corr=0.000 act_max= 0.000 tau_cmd= 3.875 tau_cmd_max= 11.502 cmds=12 bus=can0:12 tau_fb= 3.741 tau_fb_max= 10.368",,,,,,,,,,,,,,,,,,,,,,,,,,,,,,,,,,,,,,,,,,,,,,,,,0.0,0.0,0.0,0.0,0.0,0.0,0.0,0.0,0.0,0.0,0.0,0.0,0.0,0.0,0.0,0.0,0.0,0.0,0.0,0.0,0.0,0.0,0.0,0.0,-0.0019175345078110695,-0.00038350690738298,-0.00038350690738298,0.00038350690738298,-0.002301041502505541,0.00076701381476596,-0.00153402762953192,0.011888713575899601,0.009204166010022163,-0.013039235025644302,0.012655727565288544,-0.016490796580910683,-0.054475538432598114,-0.04257332161068916,0.009155552834272385,-0.021973326802253723,0.04028443247079849,-0.03707998991012573,0.07278664410114288,-0.010071108117699623,-0.05493331700563431,0.05401776358485222,0.023346660658717155,0.0032044434919953346,4.18955460190773e-06,-3.9567239582538605e-06,-3.723893314599991e-06,4.654750227928162e-06,0.00029978156089782715,-0.0003014206886291504,0.00029978156089782715,-0.00029909610748291016,0.0009989738464355469,-0.0009999275207519531,0.00099945068359375,-0.0009999275207519531,0.0,0.0,0.0,0.0,0.0,0.0,0.0,0.0,0.0,0.0,0.0,0.0
20260708_191726_109883,2026-07-08T19:17:42.376,16.267010,pose,655,stand,0.0,0.0,0.0,0.0,0.0,0.0,0.0,0.0,1.0,fake,0.0,0.0,-1.0,-0.0,0.0,0.0,0.0,4.0763936042785645,11.613655090332031,12,can0:12,3.688467025756836,10.115055084228516,,"BL_hip_joint,BR_hip_joint,FL_hip_joint,FR_hip_joint,BL_thigh_joint,BR_thigh_joint,FL_thigh_joint,FR_thigh_joint,BL_calf_joint,BR_calf_joint,FL_calf_joint,FR_calf_joint",330e02f2406e129bb6ed6ec4a6c6bcd5f80d7e7799a2ab087e81eda65d2fae69,"step=000655 mode=stand  vx= 0.000 vy= 0.000 vxy= 0.000 yaw= 0.000 speed=1.00 imu=fake tilt_rp=[-0.0,+0.0]deg imu_corr=0.000 act_max= 0.000 tau_cmd= 4.076 tau_cmd_max= 11.614 cmds=12 bus=can0:12 tau_fb= 3.688 tau_fb_max= 10.115",,,,,,,,,,,,,,,,,,,,,,,,,,,,,,,,,,,,,,,,,,,,,,,,,0.0,0.0,0.0,0.0,0.0,0.0,0.0,0.0,0.0,0.0,0.0,0.0,0.0,0.0,0.0,0.0,0.0,0.0,0.0,0.0,0.0,0.0,0.0,0.0,-0.0019175345078110695,-0.00038350690738298,-0.00076701381476596,0.00038350690738298,-0.00306805525906384,0.00153402762953192,-0.0026845482643693686,0.012655727565288544,0.007286631036549807,-0.011121700517833233,0.010738193057477474,-0.01418975554406643,0.04028443247079849,-0.02059999480843544,0.02151555009186268,0.004119998775422573,-0.020142216235399246,0.032044436782598495,0.04898220673203468,0.04669332131743431,0.03250221163034439,0.0791955292224884,0.08011108636856079,-0.027466658502817154,9.592622518539429e-08,-9.033828973770142e-08,-8.521601557731628e-08,1.0663643479347229e-07,6.854534149169922e-06,-6.884336471557617e-06,6.854534149169922e-06,-6.854534149169922e-06,2.288818359375e-05,-2.288818359375e-05,2.288818359375e-05,-2.288818359375e-05,0.0,0.0,0.0,0.0,0.0,0.0,0.0,0.0,0.0,0.0,0.0,0.0
20260708_191726_109883,2026-07-08T19:17:42.494,16.384806,pose,660,stand,0.0,0.0,0.0,0.0,0.0,0.0,0.0,0.0,1.0,fake,0.0,0.0,-1.0,-0.0,0.0,0.0,0.0,3.5966198444366455,10.973176956176758,12,can0:12,3.778801918029785,9.66826343536377,,"BL_hip_joint,BR_hip_joint,FL_hip_joint,FR_hip_joint,BL_thigh_joint,BR_thigh_joint,FL_thigh_joint,FR_thigh_joint,BL_calf_joint,BR_calf_joint,FL_calf_joint,FR_calf_joint",330e02f2406e129bb6ed6ec4a6c6bcd5f80d7e7799a2ab087e81eda65d2fae69,"step=000660 mode=stand  vx= 0.000 vy= 0.000 vxy= 0.000 yaw= 0.000 speed=1.00 imu=fake tilt_rp=[-0.0,+0.0]deg imu_corr=0.000 act_max= 0.000 tau_cmd= 3.597 tau_cmd_max= 10.973 cmds=12 bus=can0:12 tau_fb= 3.779 tau_fb_max= 9.668",,,,,,,,,,,,,,,,,,,,,,,,,,,,,,,,,,,,,,,,,,,,,,,,,0.0,0.0,0.0,0.0,0.0,0.0,0.0,0.0,0.0,0.0,0.0,0.0,0.0,0.0,0.0,0.0,0.0,0.0,0.0,0.0,0.0,0.0,0.0,0.0,-0.0019175345078110695,-0.00038350690738298,-0.00076701381476596,0.00038350690738298,-0.0034515620209276676,0.0019175345078110695,-0.00306805525906384,0.013039235025644302,0.006519617512822151,-0.01035468652844429,0.009587672539055347,-0.013422741554677486,0.032044436782598495,0.04211554303765297,0.0027466658502817154,-0.0553910955786705,0.03341776877641678,-0.013275551609694958,0.005493331700563431,-0.07049775868654251,0.02700888179242611,-0.0196844395250082,0.017853328958153725,-0.025177771225571632,0.0,0.0,0.0,0.0,0.0,0.0,0.0,0.0,0.0,0.0,0.0,0.0,0.0,0.0,0.0,0.0,0.0,0.0,0.0,0.0,0.0,0.0,0.0,0.0
20260708_191726_109883,2026-07-08T19:17:42.612,16.502252,pose,665,stand,0.0,0.0,0.0,0.0,0.0,0.0,0.0,0.0,1.0,fake,0.0,0.0,-1.0,-0.0,0.0,0.0,0.0,4.673285484313965,11.048104286193848,12,can0:12,3.469344139099121,9.840388298034668,,"BL_hip_joint,BR_hip_joint,FL_hip_joint,FR_hip_joint,BL_thigh_joint,BR_thigh_joint,FL_thigh_joint,FR_thigh_joint,BL_calf_joint,BR_calf_joint,FL_calf_joint,FR_calf_joint",330e02f2406e129bb6ed6ec4a6c6bcd5f80d7e7799a2ab087e81eda65d2fae69,"step=000665 mode=stand  vx= 0.000 vy= 0.000 vxy= 0.000 yaw= 0.000 speed=1.00 imu=fake tilt_rp=[-0.0,+0.0]deg imu_corr=0.000 act_max= 0.000 tau_cmd= 4.673 tau_cmd_max= 11.048 cmds=12 bus=can0:12 tau_fb= 3.469 tau_fb_max= 9.840",,,,,,,,,,,,,,,,,,,,,,,,,,,,,,,,,,,,,,,,,,,,,,,,,0.0,0.0,0.0,0.0,0.0,0.0,0.0,0.0,0.0,0.0,0.0,0.0,0.0,0.0,0.0,0.0,0.0,0.0,0.0,0.0,0.0,0.0,0.0,0.0,-0.0019175345078110695,-0.00076701381476596,-0.00076701381476596,0.00038350690738298,-0.0034515620209276676,0.0019175345078110695,-0.00306805525906384,0.013039235025644302,0.006519617512822151,-0.009971179068088531,0.009204166010022163,-0.013039235025644302,0.009613330475986004,-0.02288888208568096,-0.06500442326068878,-0.013733329251408577,-0.021973326802253723,-0.016479995101690292,-0.032044436782598495,0.008697775192558765,0.12405773997306824,-0.07553330808877945,0.015564439818263054,-0.035248879343271255,0.0,0.0,0.0,0.0,0.0,0.0,0.0,0.0,0.0,0.0,0.0,0.0,0.0,0.0,0.0,0.0,0.0,0.0,0.0,0.0,0.0,0.0,0.0,0.0
20260708_191726_109883,2026-07-08T19:17:42.729,16.619663,pose,670,stand,0.0,0.0,0.0,0.0,0.0,0.0,0.0,0.0,1.0,fake,0.0,0.0,-1.0,-0.0,0.0,0.0,0.0,3.80812668800354,9.2518310546875,12,can0:12,3.5608997344970703,9.525437355041504,,"BL_hip_joint,BR_hip_joint,FL_hip_joint,FR_hip_joint,BL_thigh_joint,BR_thigh_joint,FL_thigh_joint,FR_thigh_joint,BL_calf_joint,BR_calf_joint,FL_calf_joint,FR_calf_joint",330e02f2406e129bb6ed6ec4a6c6bcd5f80d7e7799a2ab087e81eda65d2fae69,"step=000670 mode=stand  vx= 0.000 vy= 0.000 vxy= 0.000 yaw= 0.000 speed=1.00 imu=fake tilt_rp=[-0.0,+0.0]deg imu_corr=0.000 act_max= 0.000 tau_cmd= 3.808 tau_cmd_max= 9.252 cmds=12 bus=can0:12 tau_fb= 3.561 tau_fb_max= 9.525",,,,,,,,,,,,,,,,,,,,,,,,,,,,,,,,,,,,,,,,,,,,,,,,,0.0,0.0,0.0,0.0,0.0,0.0,0.0,0.0,0.0,0.0,0.0,0.0,0.0,0.0,0.0,0.0,0.0,0.0,0.0,0.0,0.0,0.0,0.0,0.0,-0.0019175345078110695,-0.00038350690738298,-0.00076701381476596,0.00038350690738298,-0.0034515620209276676,0.0019175345078110695,-0.00306805525906384,0.013039235025644302,0.006519617512822151,-0.009971179068088531,0.009204166010022163,-0.013039235025644302,0.04303110018372536,0.05722220614552498,-0.053559985011816025,0.053559985011816025,0.0119022186845541,0.01144444104284048,0.010528885759413242,0.001831110566854477,0.010071108117699623,0.008239997550845146,0.0027466658502817154,0.014648884534835815,0.0,0.0,0.0,0.0,0.0,0.0,0.0,0.0,0.0,0.0,0.0,0.0,0.0,0.0,0.0,0.0,0.0,0.0,0.0,0.0,0.0,0.0,0.0,0.0
20260708_191726_109883,2026-07-08T19:17:42.846,16.737036,pose,675,stand,0.0,0.0,0.0,0.0,0.0,0.0,0.0,0.0,1.0,fake,0.0,0.0,-1.0,-0.0,0.0,0.0,0.0,3.539691925048828,8.70053482055664,12,can0:12,3.5004730224609375,9.437543869018555,,"BL_hip_joint,BR_hip_joint,FL_hip_joint,FR_hip_joint,BL_thigh_joint,BR_thigh_joint,FL_thigh_joint,FR_thigh_joint,BL_calf_joint,BR_calf_joint,FL_calf_joint,FR_calf_joint",330e02f2406e129bb6ed6ec4a6c6bcd5f80d7e7799a2ab087e81eda65d2fae69,"step=000675 mode=stand  vx= 0.000 vy= 0.000 vxy= 0.000 yaw= 0.000 speed=1.00 imu=fake tilt_rp=[-0.0,+0.0]deg imu_corr=0.000 act_max= 0.000 tau_cmd= 3.540 tau_cmd_max= 8.701 cmds=12 bus=can0:12 tau_fb= 3.500 tau_fb_max= 9.438",,,,,,,,,,,,,,,,,,,,,,,,,,,,,,,,,,,,,,,,,,,,,,,,,0.0,0.0,0.0,0.0,0.0,0.0,0.0,0.0,0.0,0.0,0.0,0.0,0.0,0.0,0.0,0.0,0.0,0.0,0.0,0.0,0.0,0.0,0.0,0.0,-0.0019175345078110695,-0.00038350690738298,-0.00076701381476596,0.00038350690738298,-0.0034515620209276676,0.0019175345078110695,-0.00306805525906384,0.013039235025644302,0.00613611051812768,-0.009971179068088531,0.009204166010022163,-0.012655727565288544,0.008697775192558765,-0.059968870133161545,-0.0068666646257042885,0.05630664899945259,0.04531998559832573,-0.02059999480843544,0.041657764464616776,0.0315866582095623,0.021973326802253723,-0.007324442267417908,-0.02700888179242611,0.021973326802253723,0.0,0.0,0.0,0.0,0.0,0.0,0.0,0.0,0.0,0.0,0.0,0.0,0.0,0.0,0.0,0.0,0.0,0.0,0.0,0.0,0.0,0.0,0.0,0.0
20260708_191726_109883,2026-07-08T19:17:42.964,16.854391,pose,680,stand,0.0,0.0,0.0,0.0,0.0,0.0,0.0,0.0,1.0,fake,0.0,0.0,-1.0,-0.0,0.0,0.0,0.0,3.6715285778045654,10.932747840881348,12,can0:12,3.547471284866333,9.11160659790039,,"BL_hip_joint,BR_hip_joint,FL_hip_joint,FR_hip_joint,BL_thigh_joint,BR_thigh_joint,FL_thigh_joint,FR_thigh_joint,BL_calf_joint,BR_calf_joint,FL_calf_joint,FR_calf_joint",330e02f2406e129bb6ed6ec4a6c6bcd5f80d7e7799a2ab087e81eda65d2fae69,"step=000680 mode=stand  vx= 0.000 vy= 0.000 vxy= 0.000 yaw= 0.000 speed=1.00 imu=fake tilt_rp=[-0.0,+0.0]deg imu_corr=0.000 act_max= 0.000 tau_cmd= 3.672 tau_cmd_max= 10.933 cmds=12 bus=can0:12 tau_fb= 3.547 tau_fb_max= 9.112",,,,,,,,,,,,,,,,,,,,,,,,,,,,,,,,,,,,,,,,,,,,,,,,,0.0,0.0,0.0,0.0,0.0,0.0,0.0,0.0,0.0,0.0,0.0,0.0,0.0,0.0,0.0,0.0,0.0,0.0,0.0,0.0,0.0,0.0,0.0,0.0,-0.0019175345078110695,-0.00038350690738298,-0.00076701381476596,0.00038350690738298,-0.0034515620209276676,0.0019175345078110695,-0.00306805525906384,0.013039235025644302,0.00613611051812768,-0.009587672539055347,0.009204166010022163,-0.013039235025644302,0.016937773674726486,-0.030671102926135063,-0.02059999480843544,0.009155552834272385,-0.028382213786244392,0.04303110018372536,-0.0050355540588498116,-0.043946653604507446,-0.0398266538977623,0.0009155552834272385,-0.004577776417136192,-0.032044436782598495,0.0,0.0,0.0,0.0,0.0,0.0,0.0,0.0,0.0,0.0,0.0,0.0,0.0,0.0,0.0,0.0,0.0,0.0,0.0,0.0,0.0,0.0,0.0,0.0
20260708_191726_109883,2026-07-08T19:17:43.082,16.972536,pose,685,stand,0.0,0.0,0.0,0.0,0.0,0.0,0.0,0.0,1.0,fake,0.0,0.0,-1.0,-0.0,0.0,0.0,0.0,3.2761995792388916,10.240605354309082,12,can0:12,3.4846036434173584,8.954131126403809,,"BL_hip_joint,BR_hip_joint,FL_hip_joint,FR_hip_joint,BL_thigh_joint,BR_thigh_joint,FL_thigh_joint,FR_thigh_joint,BL_calf_joint,BR_calf_joint,FL_calf_joint,FR_calf_joint",330e02f2406e129bb6ed6ec4a6c6bcd5f80d7e7799a2ab087e81eda65d2fae69,"step=000685 mode=stand  vx= 0.000 vy= 0.000 vxy= 0.000 yaw= 0.000 speed=1.00 imu=fake tilt_rp=[-0.0,+0.0]deg imu_corr=0.000 act_max= 0.000 tau_cmd= 3.276 tau_cmd_max= 10.241 cmds=12 bus=can0:12 tau_fb= 3.485 tau_fb_max= 8.954",,,,,,,,,,,,,,,,,,,,,,,,,,,,,,,,,,,,,,,,,,,,,,,,,0.0,0.0,0.0,0.0,0.0,0.0,0.0,0.0,0.0,0.0,0.0,0.0,0.0,0.0,0.0,0.0,0.0,0.0,0.0,0.0,0.0,0.0,0.0,0.0,-0.0019175345078110695,-0.00038350690738298,-0.00038350690738298,0.00038350690738298,-0.0034515620209276676,0.0019175345078110695,-0.00306805525906384,0.013039235025644302,0.006519617512822151,-0.009587672539055347,0.009204166010022163,-0.013039235025644302,0.07507553696632385,-0.017853328958153725,-0.00045777764171361923,-0.009613330475986004,0.05767998471856117,-0.0050355540588498116,-0.07049775868654251,-0.05630664899945259,-0.02288888208568096,-0.012817773967981339,-0.04989776387810707,-0.012817773967981339,0.0,0.0,0.0,0.0,0.0,0.0,0.0,0.0,0.0,0.0,0.0,0.0,0.0,0.0,0.0,0.0,0.0,0.0,0.0,0.0,0.0,0.0,0.0,0.0
20260708_191726_109883,2026-07-08T19:17:43.201,17.091211,pose,690,stand,0.0,0.0,0.0,0.0,0.0,0.0,0.0,0.0,1.0,fake,0.0,0.0,-1.0,-0.0,0.0,0.0,0.0,3.149340867996216,8.361933708190918,12,can0:12,3.551133871078491,9.855036735534668,,"BL_hip_joint,BR_hip_joint,FL_hip_joint,FR_hip_joint,BL_thigh_joint,BR_thigh_joint,FL_thigh_joint,FR_thigh_joint,BL_calf_joint,BR_calf_joint,FL_calf_joint,FR_calf_joint",330e02f2406e129bb6ed6ec4a6c6bcd5f80d7e7799a2ab087e81eda65d2fae69,"step=000690 mode=stand  vx= 0.000 vy= 0.000 vxy= 0.000 yaw= 0.000 speed=1.00 imu=fake tilt_rp=[-0.0,+0.0]deg imu_corr=0.000 act_max= 0.000 tau_cmd= 3.149 tau_cmd_max= 8.362 cmds=12 bus=can0:12 tau_fb= 3.551 tau_fb_max= 9.855",,,,,,,,,,,,,,,,,,,,,,,,,,,,,,,,,,,,,,,,,,,,,,,,,0.0,0.0,0.0,0.0,0.0,0.0,0.0,0.0,0.0,0.0,0.0,0.0,0.0,0.0,0.0,0.0,0.0,0.0,0.0,0.0,0.0,0.0,0.0,0.0,-0.0019175345078110695,-0.00038350690738298,-0.00076701381476596,0.00038350690738298,-0.003835069015622139,0.0019175345078110695,-0.00306805525906384,0.013039235025644302,0.00613611051812768,-0.009587672539055347,0.009204166010022163,-0.013039235025644302,0.025177771225571632,0.04440443217754364,0.04119998961687088,0.025177771225571632,0.02059999480843544,0.0027466658502817154,0.061342205852270126,-0.07782220095396042,0.018768884241580963,-0.002288888208568096,-0.016479995101690292,0.0393688790500164,0.0,0.0,0.0,0.0,0.0,0.0,0.0,0.0,0.0,0.0,0.0,0.0,0.0,0.0,0.0,0.0,0.0,0.0,0.0,0.0,0.0,0.0,0.0,0.0
20260708_191726_109883,2026-07-08T19:17:43.318,17.208657,pose,695,stand,0.0,0.0,0.0,0.0,0.0,0.0,0.0,0.0,1.0,fake,0.0,0.0,-1.0,-0.0,0.0,0.0,0.0,3.892256736755371,8.008392333984375,12,can0:12,3.523056745529175,9.188512802124023,,"BL_hip_joint,BR_hip_joint,FL_hip_joint,FR_hip_joint,BL_thigh_joint,BR_thigh_joint,FL_thigh_joint,FR_thigh_joint,BL_calf_joint,BR_calf_joint,FL_calf_joint,FR_calf_joint",330e02f2406e129bb6ed6ec4a6c6bcd5f80d7e7799a2ab087e81eda65d2fae69,"step=000695 mode=stand  vx= 0.000 vy= 0.000 vxy= 0.000 yaw= 0.000 speed=1.00 imu=fake tilt_rp=[-0.0,+0.0]deg imu_corr=0.000 act_max= 0.000 tau_cmd= 3.892 tau_cmd_max= 8.008 cmds=12 bus=can0:12 tau_fb= 3.523 tau_fb_max= 9.189",,,,,,,,,,,,,,,,,,,,,,,,,,,,,,,,,,,,,,,,,,,,,,,,,0.0,0.0,0.0,0.0,0.0,0.0,0.0,0.0,0.0,0.0,0.0,0.0,0.0,0.0,0.0,0.0,0.0,0.0,0.0,0.0,0.0,0.0,0.0,0.0,-0.0019175345078110695,-0.00076701381476596,-0.00038350690738298,0.00076701381476596,-0.0034515620209276676,0.0019175345078110695,-0.0034515620209276676,0.013039235025644302,0.00613611051812768,-0.009587672539055347,0.009204166010022163,-0.012655727565288544,0.021057771518826485,-0.009613330475986004,0.05813775956630707,0.02288888208568096,-0.028382213786244392,0.055848874151706696,-0.044862210750579834,-0.016479995101690292,-0.01144444104284048,-0.016022218391299248,0.0013733329251408577,0.04119998961687088,0.0,0.0,0.0,0.0,0.0,0.0,0.0,0.0,0.0,0.0,0.0,0.0,0.0,0.0,0.0,0.0,0.0,0.0,0.0,0.0,0.0,0.0,0.0,0.0
20260708_191726_109883,2026-07-08T19:17:43.435,17.325410,pose,700,stand,0.0,0.0,0.0,0.0,0.0,0.0,0.0,0.0,1.0,fake,0.0,0.0,-1.0,-0.0,0.0,0.0,0.0,3.5715343952178955,9.647340774536133,12,can0:12,3.5663928985595703,9.184850692749023,,"BL_hip_joint,BR_hip_joint,FL_hip_joint,FR_hip_joint,BL_thigh_joint,BR_thigh_joint,FL_thigh_joint,FR_thigh_joint,BL_calf_joint,BR_calf_joint,FL_calf_joint,FR_calf_joint",330e02f2406e129bb6ed6ec4a6c6bcd5f80d7e7799a2ab087e81eda65d2fae69,"step=000700 mode=stand  vx= 0.000 vy= 0.000 vxy= 0.000 yaw= 0.000 speed=1.00 imu=fake tilt_rp=[-0.0,+0.0]deg imu_corr=0.000 act_max= 0.000 tau_cmd= 3.572 tau_cmd_max= 9.647 cmds=12 bus=can0:12 tau_fb= 3.566 tau_fb_max= 9.185",,,,,,,,,,,,,,,,,,,,,,,,,,,,,,,,,,,,,,,,,,,,,,,,,0.0,0.0,0.0,0.0,0.0,0.0,0.0,0.0,0.0,0.0,0.0,0.0,0.0,0.0,0.0,0.0,0.0,0.0,0.0,0.0,0.0,0.0,0.0,0.0,-0.0019175345078110695,-0.00038350690738298,-0.00076701381476596,0.00038350690738298,-0.0034515620209276676,0.0019175345078110695,-0.00306805525906384,0.013039235025644302,0.00613611051812768,-0.009587672539055347,0.009204166010022163,-0.013039235025644302,-0.020142216235399246,-0.0238044373691082,0.05630664899945259,0.020142216235399246,0.04531998559832573,-0.004577776417136192,-0.06271553784608841,-0.03387554734945297,-0.04211554303765297,0.013275551609694958,0.021057771518826485,0.003662221133708954,0.0,0.0,0.0,0.0,0.0,0.0,0.0,0.0,0.0,0.0,0.0,0.0,0.0,0.0,0.0,0.0,0.0,0.0,0.0,0.0,0.0,0.0,0.0,0.0
20260708_191726_109883,2026-07-08T19:17:43.553,17.443113,pose,705,stand,0.0,0.0,0.0,0.0,0.0,0.0,0.0,0.0,1.0,fake,0.0,0.0,-1.0,-0.0,0.0,0.0,0.0,3.7207679748535156,9.152953147888184,12,can0:12,3.520615339279175,9.884334564208984,,"BL_hip_joint,BR_hip_joint,FL_hip_joint,FR_hip_joint,BL_thigh_joint,BR_thigh_joint,FL_thigh_joint,FR_thigh_joint,BL_calf_joint,BR_calf_joint,FL_calf_joint,FR_calf_joint",330e02f2406e129bb6ed6ec4a6c6bcd5f80d7e7799a2ab087e81eda65d2fae69,"step=000705 mode=stand  vx= 0.000 vy= 0.000 vxy= 0.000 yaw= 0.000 speed=1.00 imu=fake tilt_rp=[-0.0,+0.0]deg imu_corr=0.000 act_max= 0.000 tau_cmd= 3.721 tau_cmd_max= 9.153 cmds=12 bus=can0:12 tau_fb= 3.521 tau_fb_max= 9.884",,,,,,,,,,,,,,,,,,,,,,,,,,,,,,,,,,,,,,,,,,,,,,,,,0.0,0.0,0.0,0.0,0.0,0.0,0.0,0.0,0.0,0.0,0.0,0.0,0.0,0.0,0.0,0.0,0.0,0.0,0.0,0.0,0.0,0.0,0.0,0.0,-0.0019175345078110695,-0.00038350690738298,-0.00076701381476596,0.00038350690738298,-0.0034515620209276676,0.0019175345078110695,-0.00306805525906384,0.013039235025644302,0.006519617512822151,-0.009587672539055347,0.009204166010022163,-0.013039235025644302,0.10254219174385071,0.010528885759413242,-0.03387554734945297,0.03799554333090782,0.01235999632626772,0.026551103219389915,0.06500442326068878,0.020142216235399246,0.01739555038511753,-0.003662221133708954,-0.03570665791630745,0.01739555038511753,0.0,0.0,0.0,0.0,0.0,0.0,0.0,0.0,0.0,0.0,0.0,0.0,0.0,0.0,0.0,0.0,0.0,0.0,0.0,0.0,0.0,0.0,0.0,0.0
20260708_191726_109883,2026-07-08T19:17:43.670,17.560856,pose,710,stand,0.0,0.0,0.0,0.0,0.0,0.0,0.0,0.0,1.0,fake,0.0,0.0,-1.0,-0.0,0.0,0.0,0.0,4.29177713394165,9.2188720703125,12,can0:12,3.537400245666504,9.265419006347656,,"BL_hip_joint,BR_hip_joint,FL_hip_joint,FR_hip_joint,BL_thigh_joint,BR_thigh_joint,FL_thigh_joint,FR_thigh_joint,BL_calf_joint,BR_calf_joint,FL_calf_joint,FR_calf_joint",330e02f2406e129bb6ed6ec4a6c6bcd5f80d7e7799a2ab087e81eda65d2fae69,"step=000710 mode=stand  vx= 0.000 vy= 0.000 vxy= 0.000 yaw= 0.000 speed=1.00 imu=fake tilt_rp=[-0.0,+0.0]deg imu_corr=0.000 act_max= 0.000 tau_cmd= 4.292 tau_cmd_max= 9.219 cmds=12 bus=can0:12 tau_fb= 3.537 tau_fb_max= 9.265",,,,,,,,,,,,,,,,,,,,,,,,,,,,,,,,,,,,,,,,,,,,,,,,,0.0,0.0,0.0,0.0,0.0,0.0,0.0,0.0,0.0,0.0,0.0,0.0,0.0,0.0,0.0,0.0,0.0,0.0,0.0,0.0,0.0,0.0,0.0,0.0,-0.0019175345078110695,-0.00076701381476596,-0.00076701381476596,0.00038350690738298,-0.003835069015622139,0.0019175345078110695,-0.00306805525906384,0.013039235025644302,0.00613611051812768,-0.009587672539055347,0.009204166010022163,-0.013039235025644302,0.0947599709033966,-0.03341776877641678,-0.043946653604507446,-0.04028443247079849,-0.02151555009186268,0.006408886983990669,0.0119022186845541,-0.00045777764171361923,0.041657764464616776,-0.041657764464616776,0.05630664899945259,0.015564439818263054,0.0,0.0,0.0,0.0,0.0,0.0,0.0,0.0,0.0,0.0,0.0,0.0,0.0,0.0,0.0,0.0,0.0,0.0,0.0,0.0,0.0,0.0,0.0,0.0
20260708_191726_109883,2026-07-08T19:17:43.787,17.677975,pose,715,stand,0.0,0.0,0.0,0.0,0.0,0.0,0.0,0.0,1.0,fake,0.0,0.0,-1.0,-0.0,0.0,0.0,0.0,3.8960254192352295,9.630861282348633,12,can0:12,3.630786895751953,10.140690803527832,,"BL_hip_joint,BR_hip_joint,FL_hip_joint,FR_hip_joint,BL_thigh_joint,BR_thigh_joint,FL_thigh_joint,FR_thigh_joint,BL_calf_joint,BR_calf_joint,FL_calf_joint,FR_calf_joint",330e02f2406e129bb6ed6ec4a6c6bcd5f80d7e7799a2ab087e81eda65d2fae69,"step=000715 mode=stand  vx= 0.000 vy= 0.000 vxy= 0.000 yaw= 0.000 speed=1.00 imu=fake tilt_rp=[-0.0,+0.0]deg imu_corr=0.000 act_max= 0.000 tau_cmd= 3.896 tau_cmd_max= 9.631 cmds=12 bus=can0:12 tau_fb= 3.631 tau_fb_max= 10.141",,,,,,,,,,,,,,,,,,,,,,,,,,,,,,,,,,,,,,,,,,,,,,,,,0.0,0.0,0.0,0.0,0.0,0.0,0.0,0.0,0.0,0.0,0.0,0.0,0.0,0.0,0.0,0.0,0.0,0.0,0.0,0.0,0.0,0.0,0.0,0.0,-0.0019175345078110695,-0.00076701381476596,-0.00038350690738298,0.00038350690738298,-0.003835069015622139,0.0019175345078110695,-0.00306805525906384,0.013039235025644302,0.00613611051812768,-0.009587672539055347,0.009204166010022163,-0.013039235025644302,-0.0398266538977623,-0.08056886494159698,0.053559985011816025,-0.027924437075853348,0.009613330475986004,-0.04119998961687088,0.025177771225571632,0.07324442267417908,-0.05951109528541565,0.012817773967981339,0.01235999632626772,0.004119998775422573,0.0,0.0,0.0,0.0,0.0,0.0,0.0,0.0,0.0,0.0,0.0,0.0,0.0,0.0,0.0,0.0,0.0,0.0,0.0,0.0,0.0,0.0,0.0,0.0
20260708_191726_109883,2026-07-08T19:17:43.905,17.795472,pose,720,stand,0.0,0.0,0.0,0.0,0.0,0.0,0.0,0.0,1.0,fake,0.0,0.0,-1.0,-0.0,0.0,0.0,0.0,4.230838775634766,9.713258743286133,12,can0:12,3.5584583282470703,9.331339836120605,,"BL_hip_joint,BR_hip_joint,FL_hip_joint,FR_hip_joint,BL_thigh_joint,BR_thigh_joint,FL_thigh_joint,FR_thigh_joint,BL_calf_joint,BR_calf_joint,FL_calf_joint,FR_calf_joint",330e02f2406e129bb6ed6ec4a6c6bcd5f80d7e7799a2ab087e81eda65d2fae69,"step=000720 mode=stand  vx= 0.000 vy= 0.000 vxy= 0.000 yaw= 0.000 speed=1.00 imu=fake tilt_rp=[-0.0,+0.0]deg imu_corr=0.000 act_max= 0.000 tau_cmd= 4.231 tau_cmd_max= 9.713 cmds=12 bus=can0:12 tau_fb= 3.558 tau_fb_max= 9.331",,,,,,,,,,,,,,,,,,,,,,,,,,,,,,,,,,,,,,,,,,,,,,,,,0.0,0.0,0.0,0.0,0.0,0.0,0.0,0.0,0.0,0.0,0.0,0.0,0.0,0.0,0.0,0.0,0.0,0.0,0.0,0.0,0.0,0.0,0.0,0.0,-0.0019175345078110695,-0.00076701381476596,-0.00076701381476596,0.00038350690738298,-0.003835069015622139,0.0019175345078110695,-0.00306805525906384,0.013039235025644302,0.00613611051812768,-0.009587672539055347,0.009204166010022163,-0.013039235025644302,-0.06683553755283356,0.07049775868654251,0.004577776417136192,0.008697775192558765,0.015106662176549435,0.09384441375732422,-0.0050355540588498116,0.032959990203380585,0.059968870133161545,0.029755547642707825,-0.018768884241580963,0.001831110566854477,0.0,0.0,0.0,0.0,0.0,0.0,0.0,0.0,0.0,0.0,0.0,0.0,0.0,0.0,0.0,0.0,0.0,0.0,0.0,0.0,0.0,0.0,0.0,0.0
20260708_191726_109883,2026-07-08T19:17:44.022,17.912987,pose,725,stand,0.0,0.0,0.0,0.0,0.0,0.0,0.0,0.0,1.0,fake,0.0,0.0,-1.0,-0.0,0.0,0.0,0.0,3.691795587539673,9.169432640075684,12,can0:12,3.631092071533203,10.294503211975098,,"BL_hip_joint,BR_hip_joint,FL_hip_joint,FR_hip_joint,BL_thigh_joint,BR_thigh_joint,FL_thigh_joint,FR_thigh_joint,BL_calf_joint,BR_calf_joint,FL_calf_joint,FR_calf_joint",330e02f2406e129bb6ed6ec4a6c6bcd5f80d7e7799a2ab087e81eda65d2fae69,"step=000725 mode=stand  vx= 0.000 vy= 0.000 vxy= 0.000 yaw= 0.000 speed=1.00 imu=fake tilt_rp=[-0.0,+0.0]deg imu_corr=0.000 act_max= 0.000 tau_cmd= 3.692 tau_cmd_max= 9.169 cmds=12 bus=can0:12 tau_fb= 3.631 tau_fb_max= 10.295",,,,,,,,,,,,,,,,,,,,,,,,,,,,,,,,,,,,,,,,,,,,,,,,,0.0,0.0,0.0,0.0,0.0,0.0,0.0,0.0,0.0,0.0,0.0,0.0,0.0,0.0,0.0,0.0,0.0,0.0,0.0,0.0,0.0,0.0,0.0,0.0,-0.0019175345078110695,-0.00038350690738298,-0.00038350690738298,0.00038350690738298,-0.0034515620209276676,0.0019175345078110695,-0.00306805525906384,0.013039235025644302,0.00613611051812768,-0.009587672539055347,0.009204166010022163,-0.013039235025644302,0.04989776387810707,-0.02700888179242611,0.04623554274439812,0.0068666646257042885,-0.02609332650899887,-0.06500442326068878,-0.035248879343271255,0.029755547642707825,0.032044436782598495,0.036164432764053345,-0.038453321903944016,0.016937773674726486,0.0,0.0,0.0,0.0,0.0,0.0,0.0,0.0,0.0,0.0,0.0,0.0,0.0,0.0,0.0,0.0,0.0,0.0,0.0,0.0,0.0,0.0,0.0,0.0
20260708_191726_109883,2026-07-08T19:17:44.140,18.030534,pose,730,stand,0.0,0.0,0.0,0.0,0.0,0.0,0.0,0.0,1.0,fake,0.0,0.0,-1.0,-0.0,0.0,0.0,0.0,3.7448384761810303,7.145343780517578,12,can0:12,3.617664337158203,9.067659378051758,,"BL_hip_joint,BR_hip_joint,FL_hip_joint,FR_hip_joint,BL_thigh_joint,BR_thigh_joint,FL_thigh_joint,FR_thigh_joint,BL_calf_joint,BR_calf_joint,FL_calf_joint,FR_calf_joint",330e02f2406e129bb6ed6ec4a6c6bcd5f80d7e7799a2ab087e81eda65d2fae69,"step=000730 mode=stand  vx= 0.000 vy= 0.000 vxy= 0.000 yaw= 0.000 speed=1.00 imu=fake tilt_rp=[-0.0,+0.0]deg imu_corr=0.000 act_max= 0.000 tau_cmd= 3.745 tau_cmd_max= 7.145 cmds=12 bus=can0:12 tau_fb= 3.618 tau_fb_max= 9.068",,,,,,,,,,,,,,,,,,,,,,,,,,,,,,,,,,,,,,,,,,,,,,,,,0.0,0.0,0.0,0.0,0.0,0.0,0.0,0.0,0.0,0.0,0.0,0.0,0.0,0.0,0.0,0.0,0.0,0.0,0.0,0.0,0.0,0.0,0.0,0.0,-0.0019175345078110695,-0.00038350690738298,-0.00076701381476596,0.00038350690738298,-0.0034515620209276676,0.0019175345078110695,-0.0034515620209276676,0.013039235025644302,0.006519617512822151,-0.009587672539055347,0.009204166010022163,-0.012655727565288544,0.07553330808877945,-0.028382213786244392,0.02700888179242611,-0.025635547935962677,0.032044436782598495,0.047151096165180206,-0.08056886494159698,0.01739555038511753,0.055848874151706696,0.0050355540588498116,-0.043946653604507446,0.06683553755283356,0.0,0.0,0.0,0.0,0.0,0.0,0.0,0.0,0.0,0.0,0.0,0.0,0.0,0.0,0.0,0.0,0.0,0.0,0.0,0.0,0.0,0.0,0.0,0.0
20260708_191726_109883,2026-07-08T19:17:44.257,18.147916,pose,735,stand,0.0,0.0,0.0,0.0,0.0,0.0,0.0,0.0,1.0,fake,0.0,0.0,-1.0,-0.0,0.0,0.0,0.0,3.9228687286376953,9.744905471801758,12,can0:12,3.4287545680999756,9.514450073242188,,"BL_hip_joint,BR_hip_joint,FL_hip_joint,FR_hip_joint,BL_thigh_joint,BR_thigh_joint,FL_thigh_joint,FR_thigh_joint,BL_calf_joint,BR_calf_joint,FL_calf_joint,FR_calf_joint",330e02f2406e129bb6ed6ec4a6c6bcd5f80d7e7799a2ab087e81eda65d2fae69,"step=000735 mode=stand  vx= 0.000 vy= 0.000 vxy= 0.000 yaw= 0.000 speed=1.00 imu=fake tilt_rp=[-0.0,+0.0]deg imu_corr=0.000 act_max= 0.000 tau_cmd= 3.923 tau_cmd_max= 9.745 cmds=12 bus=can0:12 tau_fb= 3.429 tau_fb_max= 9.514",,,,,,,,,,,,,,,,,,,,,,,,,,,,,,,,,,,,,,,,,,,,,,,,,0.0,0.0,0.0,0.0,0.0,0.0,0.0,0.0,0.0,0.0,0.0,0.0,0.0,0.0,0.0,0.0,0.0,0.0,0.0,0.0,0.0,0.0,0.0,0.0,-0.0019175345078110695,-0.00038350690738298,-0.00038350690738298,0.00038350690738298,-0.003835069015622139,0.0019175345078110695,-0.00306805525906384,0.013039235025644302,0.00613611051812768,-0.009587672539055347,0.009204166010022163,-0.013039235025644302,-0.0709555372595787,0.027924437075853348,0.0315866582095623,0.03250221163034439,-0.03570665791630745,-0.04943998530507088,0.027924437075853348,0.0009155552834272385,-0.02059999480843544,-0.0709555372595787,0.0119022186845541,0.04898220673203468,0.0,0.0,0.0,0.0,0.0,0.0,0.0,0.0,0.0,0.0,0.0,0.0,0.0,0.0,0.0,0.0,0.0,0.0,0.0,0.0,0.0,0.0,0.0,0.0
20260708_191726_109883,2026-07-08T19:17:44.375,18.265294,pose,740,stand,0.0,0.0,0.0,0.0,0.0,0.0,0.0,0.0,1.0,fake,0.0,0.0,-1.0,-0.0,0.0,0.0,0.0,3.632209062576294,10.685553550720215,12,can0:12,3.701284646987915,10.587481498718262,,"BL_hip_joint,BR_hip_joint,FL_hip_joint,FR_hip_joint,BL_thigh_joint,BR_thigh_joint,FL_thigh_joint,FR_thigh_joint,BL_calf_joint,BR_calf_joint,FL_calf_joint,FR_calf_joint",330e02f2406e129bb6ed6ec4a6c6bcd5f80d7e7799a2ab087e81eda65d2fae69,"step=000740 mode=stand  vx= 0.000 vy= 0.000 vxy= 0.000 yaw= 0.000 speed=1.00 imu=fake tilt_rp=[-0.0,+0.0]deg imu_corr=0.000 act_max= 0.000 tau_cmd= 3.632 tau_cmd_max= 10.686 cmds=12 bus=can0:12 tau_fb= 3.701 tau_fb_max= 10.587",,,,,,,,,,,,,,,,,,,,,,,,,,,,,,,,,,,,,,,,,,,,,,,,,0.0,0.0,0.0,0.0,0.0,0.0,0.0,0.0,0.0,0.0,0.0,0.0,0.0,0.0,0.0,0.0,0.0,0.0,0.0,0.0,0.0,0.0,0.0,0.0,-0.0019175345078110695,-0.00038350690738298,-0.00038350690738298,0.00038350690738298,-0.003835069015622139,0.0019175345078110695,-0.00306805525906384,0.013039235025644302,0.00613611051812768,-0.009587672539055347,0.009204166010022163,-0.013039235025644302,-0.005493331700563431,0.02151555009186268,-0.007782219909131527,-0.014648884534835815,0.007324442267417908,-0.008239997550845146,-0.027466658502817154,0.02288888208568096,0.04303110018372536,0.027924437075853348,-0.04028443247079849,-0.025177771225571632,0.0,0.0,0.0,0.0,0.0,0.0,0.0,0.0,0.0,0.0,0.0,0.0,0.0,0.0,0.0,0.0,0.0,0.0,0.0,0.0,0.0,0.0,0.0,0.0
20260708_191726_109883,2026-07-08T19:17:44.492,18.382375,pose,745,stand,0.0,0.0,0.0,0.0,0.0,0.0,0.0,0.0,1.0,fake,0.0,0.0,-1.0,-0.0,0.0,0.0,0.0,3.078788995742798,8.839841842651367,12,can0:12,3.3585617542266846,10.01251220703125,,"BL_hip_joint,BR_hip_joint,FL_hip_joint,FR_hip_joint,BL_thigh_joint,BR_thigh_joint,FL_thigh_joint,FR_thigh_joint,BL_calf_joint,BR_calf_joint,FL_calf_joint,FR_calf_joint",330e02f2406e129bb6ed6ec4a6c6bcd5f80d7e7799a2ab087e81eda65d2fae69,"step=000745 mode=stand  vx= 0.000 vy= 0.000 vxy= 0.000 yaw= 0.000 speed=1.00 imu=fake tilt_rp=[-0.0,+0.0]deg imu_corr=0.000 act_max= 0.000 tau_cmd= 3.079 tau_cmd_max= 8.840 cmds=12 bus=can0:12 tau_fb= 3.359 tau_fb_max= 10.013",,,,,,,,,,,,,,,,,,,,,,,,,,,,,,,,,,,,,,,,,,,,,,,,,0.0,0.0,0.0,0.0,0.0,0.0,0.0,0.0,0.0,0.0,0.0,0.0,0.0,0.0,0.0,0.0,0.0,0.0,0.0,0.0,0.0,0.0,0.0,0.0,-0.0019175345078110695,-0.00038350690738298,-0.00076701381476596,0.00038350690738298,-0.003835069015622139,0.0019175345078110695,-0.00306805525906384,0.013039235025644302,0.006519617512822151,-0.009587672539055347,0.008820658549666405,-0.013039235025644302,0.04852443188428879,-0.04303110018372536,0.04943998530507088,-0.04119998961687088,-0.061342205852270126,-0.010071108117699623,0.027924437075853348,-0.03479110077023506,0.030671102926135063,0.08011108636856079,-0.10757774859666824,0.02609332650899887,0.0,0.0,0.0,0.0,0.0,0.0,0.0,0.0,0.0,0.0,0.0,0.0,0.0,0.0,0.0,0.0,0.0,0.0,0.0,0.0,0.0,0.0,0.0,0.0
20260708_191726_109883,2026-07-08T19:17:44.609,18.499849,pose,750,stand,0.0,0.0,0.0,0.0,0.0,0.0,0.0,0.0,1.0,fake,0.0,0.0,-1.0,-0.0,0.0,0.0,0.0,3.6310923099517822,9.81213665008545,12,can0:12,3.603320360183716,10.00885009765625,,"BL_hip_joint,BR_hip_joint,FL_hip_joint,FR_hip_joint,BL_thigh_joint,BR_thigh_joint,FL_thigh_joint,FR_thigh_joint,BL_calf_joint,BR_calf_joint,FL_calf_joint,FR_calf_joint",330e02f2406e129bb6ed6ec4a6c6bcd5f80d7e7799a2ab087e81eda65d2fae69,"step=000750 mode=stand  vx= 0.000 vy= 0.000 vxy= 0.000 yaw= 0.000 speed=1.00 imu=fake tilt_rp=[-0.0,+0.0]deg imu_corr=0.000 act_max= 0.000 tau_cmd= 3.631 tau_cmd_max= 9.812 cmds=12 bus=can0:12 tau_fb= 3.603 tau_fb_max= 10.009",,,,,,,,,,,,,,,,,,,,,,,,,,,,,,,,,,,,,,,,,,,,,,,,,0.0,0.0,0.0,0.0,0.0,0.0,0.0,0.0,0.0,0.0,0.0,0.0,0.0,0.0,0.0,0.0,0.0,0.0,0.0,0.0,0.0,0.0,0.0,0.0,-0.0019175345078110695,-0.00076701381476596,-0.00076701381476596,0.00038350690738298,-0.003835069015622139,0.0019175345078110695,-0.00306805525906384,0.013039235025644302,0.006519617512822151,-0.009587672539055347,0.008820658549666405,-0.013039235025644302,0.04211554303765297,-0.0398266538977623,-0.06591998040676117,-0.004119998775422573,-0.023346660658717155,0.08377330750226974,0.03662221133708954,-0.06683553755283356,0.016937773674726486,0.002288888208568096,-0.047151096165180206,-0.0009155552834272385,0.0,0.0,0.0,0.0,0.0,0.0,0.0,0.0,0.0,0.0,0.0,0.0,0.0,0.0,0.0,0.0,0.0,0.0,0.0,0.0,0.0,0.0,0.0,0.0
20260708_191726_109883,2026-07-08T19:17:44.727,18.617400,pose,755,stand,0.0,0.0,0.0,0.0,0.0,0.0,0.0,0.0,1.0,fake,0.0,0.0,-1.0,-0.0,0.0,0.0,0.0,4.229763031005859,9.77917766571045,12,can0:12,3.4302806854248047,9.140904426574707,,"BL_hip_joint,BR_hip_joint,FL_hip_joint,FR_hip_joint,BL_thigh_joint,BR_thigh_joint,FL_thigh_joint,FR_thigh_joint,BL_calf_joint,BR_calf_joint,FL_calf_joint,FR_calf_joint",330e02f2406e129bb6ed6ec4a6c6bcd5f80d7e7799a2ab087e81eda65d2fae69,"step=000755 mode=stand  vx= 0.000 vy= 0.000 vxy= 0.000 yaw= 0.000 speed=1.00 imu=fake tilt_rp=[-0.0,+0.0]deg imu_corr=0.000 act_max= 0.000 tau_cmd= 4.230 tau_cmd_max= 9.779 cmds=12 bus=can0:12 tau_fb= 3.430 tau_fb_max= 9.141",,,,,,,,,,,,,,,,,,,,,,,,,,,,,,,,,,,,,,,,,,,,,,,,,0.0,0.0,0.0,0.0,0.0,0.0,0.0,0.0,0.0,0.0,0.0,0.0,0.0,0.0,0.0,0.0,0.0,0.0,0.0,0.0,0.0,0.0,0.0,0.0,-0.0019175345078110695,-0.00038350690738298,-0.00076701381476596,0.00038350690738298,-0.0034515620209276676,0.0019175345078110695,-0.00306805525906384,0.013039235025644302,0.00613611051812768,-0.009587672539055347,0.008820658549666405,-0.013039235025644302,0.019226660951972008,0.059053316712379456,0.03570665791630745,-0.10391552746295929,0.059968870133161545,0.0476088747382164,0.02471999265253544,0.03891110047698021,0.059053316712379456,-0.04028443247079849,0.016022218391299248,0.0,0.0,0.0,0.0,0.0,0.0,0.0,0.0,0.0,0.0,0.0,0.0,0.0,0.0,0.0,0.0,0.0,0.0,0.0,0.0,0.0,0.0,0.0,0.0,0.0
20260708_191726_109883,2026-07-08T19:17:44.844,18.734821,pose,760,stand,0.0,0.0,0.0,0.0,0.0,0.0,0.0,0.0,1.0,fake,0.0,0.0,-1.0,-0.0,0.0,0.0,0.0,3.9734551906585693,11.293986320495605,12,can0:12,3.319193124771118,9.027375221252441,,"BL_hip_joint,BR_hip_joint,FL_hip_joint,FR_hip_joint,BL_thigh_joint,BR_thigh_joint,FL_thigh_joint,FR_thigh_joint,BL_calf_joint,BR_calf_joint,FL_calf_joint,FR_calf_joint",330e02f2406e129bb6ed6ec4a6c6bcd5f80d7e7799a2ab087e81eda65d2fae69,"step=000760 mode=stand  vx= 0.000 vy= 0.000 vxy= 0.000 yaw= 0.000 speed=1.00 imu=fake tilt_rp=[-0.0,+0.0]deg imu_corr=0.000 act_max= 0.000 tau_cmd= 3.973 tau_cmd_max= 11.294 cmds=12 bus=can0:12 tau_fb= 3.319 tau_fb_max= 9.027",,,,,,,,,,,,,,,,,,,,,,,,,,,,,,,,,,,,,,,,,,,,,,,,,0.0,0.0,0.0,0.0,0.0,0.0,0.0,0.0,0.0,0.0,0.0,0.0,0.0,0.0,0.0,0.0,0.0,0.0,0.0,0.0,0.0,0.0,0.0,0.0,-0.0019175345078110695,-0.00076701381476596,-0.00038350690738298,0.00038350690738298,-0.003835069015622139,0.0019175345078110695,-0.00306805525906384,0.013422741554677486,0.00613611051812768,-0.009587672539055347,0.009204166010022163,-0.013039235025644302,-0.022431105375289917,-0.01144444104284048,0.029755547642707825,0.0027466658502817154,0.004577776417136192,-0.07507553696632385,0.055848874151706696,0.032044436782598495,-0.06546220183372498,-0.11398663371801376,0.0238044373691082,-0.010071108117699623,0.0,0.0,0.0,0.0,0.0,0.0,0.0,0.0,0.0,0.0,0.0,0.0,0.0,0.0,0.0,0.0,0.0,0.0,0.0,0.0,0.0,0.0,0.0,0.0
20260708_191726_109883,2026-07-08T19:17:44.962,18.852519,pose,765,stand,0.0,0.0,0.0,0.0,0.0,0.0,0.0,0.0,1.0,fake,0.0,0.0,-1.0,-0.0,0.0,0.0,0.0,3.7607147693634033,12.382949829101562,12,can0:12,3.6542863845825195,10.030823707580566,,"BL_hip_joint,BR_hip_joint,FL_hip_joint,FR_hip_joint,BL_thigh_joint,BR_thigh_joint,FL_thigh_joint,FR_thigh_joint,BL_calf_joint,BR_calf_joint,FL_calf_joint,FR_calf_joint",330e02f2406e129bb6ed6ec4a6c6bcd5f80d7e7799a2ab087e81eda65d2fae69,"step=000765 mode=stand  vx= 0.000 vy= 0.000 vxy= 0.000 yaw= 0.000 speed=1.00 imu=fake tilt_rp=[-0.0,+0.0]deg imu_corr=0.000 act_max= 0.000 tau_cmd= 3.761 tau_cmd_max= 12.383 cmds=12 bus=can0:12 tau_fb= 3.654 tau_fb_max= 10.031",,,,,,,,,,,,,,,,,,,,,,,,,,,,,,,,,,,,,,,,,,,,,,,,,0.0,0.0,0.0,0.0,0.0,0.0,0.0,0.0,0.0,0.0,0.0,0.0,0.0,0.0,0.0,0.0,0.0,0.0,0.0,0.0,0.0,0.0,0.0,0.0,-0.0019175345078110695,-0.00038350690738298,-0.00076701381476596,0.00038350690738298,-0.003835069015622139,0.0019175345078110695,-0.00306805525906384,0.013039235025644302,0.00613611051812768,-0.009587672539055347,0.009204166010022163,-0.013039235025644302,0.06546220183372498,-0.02609332650899887,-0.0238044373691082,0.020142216235399246,0.0393688790500164,0.06179998070001602,0.05401776358485222,-0.0,0.025177771225571632,0.010986663401126862,-0.04623554274439812,-0.07232886552810669,0.0,0.0,0.0,0.0,0.0,0.0,0.0,0.0,0.0,0.0,0.0,0.0,0.0,0.0,0.0,0.0,0.0,0.0,0.0,0.0,0.0,0.0,0.0,0.0
20260708_191726_109883,2026-07-08T19:17:45.079,18.969406,pose,770,stand,0.0,0.0,0.0,0.0,0.0,0.0,0.0,0.0,1.0,fake,0.0,0.0,-1.0,-0.0,0.0,0.0,0.0,3.830638885498047,9.722268104553223,12,can0:12,3.519089460372925,9.829401969909668,,"BL_hip_joint,BR_hip_joint,FL_hip_joint,FR_hip_joint,BL_thigh_joint,BR_thigh_joint,FL_thigh_joint,FR_thigh_joint,BL_calf_joint,BR_calf_joint,FL_calf_joint,FR_calf_joint",330e02f2406e129bb6ed6ec4a6c6bcd5f80d7e7799a2ab087e81eda65d2fae69,"step=000770 mode=stand  vx= 0.000 vy= 0.000 vxy= 0.000 yaw= 0.000 speed=1.00 imu=fake tilt_rp=[-0.0,+0.0]deg imu_corr=0.000 act_max= 0.000 tau_cmd= 3.831 tau_cmd_max= 9.722 cmds=12 bus=can0:12 tau_fb= 3.519 tau_fb_max= 9.829",,,,,,,,,,,,,,,,,,,,,,,,,,,,,,,,,,,,,,,,,,,,,,,,,0.0,0.0,0.0,0.0,0.0,0.0,0.0,0.0,0.0,0.0,0.0,0.0,0.0,0.0,0.0,0.0,0.0,0.0,0.0,0.0,0.0,0.0,0.0,0.0,-0.0019175345078110695,-0.00038350690738298,-0.00038350690738298,0.00038350690738298,-0.003835069015622139,0.0019175345078110695,-0.00306805525906384,0.013039235025644302,0.00613611051812768,-0.009587672539055347,0.008820658549666405,-0.012655727565288544,-0.06042664870619774,-0.001831110566854477,0.051271095871925354,0.008239997550845146,0.006408886983990669,-0.06408887356519699,0.07644886523485184,-0.009613330475986004,0.00595110934227705,-0.02929776906967163,0.0009155552834272385,-0.006408886983990669,0.0,0.0,0.0,0.0,0.0,0.0,0.0,0.0,0.0,0.0,0.0,0.0,0.0,0.0,0.0,0.0,0.0,0.0,0.0,0.0,0.0,0.0,0.0,0.0
20260708_191726_109883,2026-07-08T19:17:45.196,19.086808,pose,775,stand,0.0,0.0,0.0,0.0,0.0,0.0,0.0,0.0,1.0,fake,0.0,0.0,-1.0,-0.0,0.0,0.0,0.0,3.8113603591918945,10.734992980957031,12,can0:12,3.621021270751953,9.704886436462402,,"BL_hip_joint,BR_hip_joint,FL_hip_joint,FR_hip_joint,BL_thigh_joint,BR_thigh_joint,FL_thigh_joint,FR_thigh_joint,BL_calf_joint,BR_calf_joint,FL_calf_joint,FR_calf_joint",330e02f2406e129bb6ed6ec4a6c6bcd5f80d7e7799a2ab087e81eda65d2fae69,"step=000775 mode=stand  vx= 0.000 vy= 0.000 vxy= 0.000 yaw= 0.000 speed=1.00 imu=fake tilt_rp=[-0.0,+0.0]deg imu_corr=0.000 act_max= 0.000 tau_cmd= 3.811 tau_cmd_max= 10.735 cmds=12 bus=can0:12 tau_fb= 3.621 tau_fb_max= 9.705",,,,,,,,,,,,,,,,,,,,,,,,,,,,,,,,,,,,,,,,,,,,,,,,,0.0,0.0,0.0,0.0,0.0,0.0,0.0,0.0,0.0,0.0,0.0,0.0,0.0,0.0,0.0,0.0,0.0,0.0,0.0,0.0,0.0,0.0,0.0,0.0,-0.0019175345078110695,-0.00038350690738298,-0.00038350690738298,0.00038350690738298,-0.003835069015622139,0.0019175345078110695,-0.00306805525906384,0.013039235025644302,0.00613611051812768,-0.009587672539055347,0.008820658549666405,-0.013039235025644302,0.03433332219719887,-0.04943998530507088,-0.007324442267417908,-0.03479110077023506,-0.021973326802253723,-0.02609332650899887,-0.008697775192558765,0.061342205852270126,-0.044862210750579834,0.0068666646257042885,0.03799554333090782,-0.026551103219389915,0.0,0.0,0.0,0.0,0.0,0.0,0.0,0.0,0.0,0.0,0.0,0.0,0.0,0.0,0.0,0.0,0.0,0.0,0.0,0.0,0.0,0.0,0.0,0.0
20260708_191726_109883,2026-07-08T19:17:45.315,19.205466,pose,780,stand,0.0,0.0,0.0,0.0,0.0,0.0,0.0,0.0,1.0,fake,0.0,0.0,-1.0,-0.0,0.0,0.0,0.0,3.0123908519744873,8.403902053833008,12,can0:12,3.7101354598999023,9.975890159606934,,"BL_hip_joint,BR_hip_joint,FL_hip_joint,FR_hip_joint,BL_thigh_joint,BR_thigh_joint,FL_thigh_joint,FR_thigh_joint,BL_calf_joint,BR_calf_joint,FL_calf_joint,FR_calf_joint",330e02f2406e129bb6ed6ec4a6c6bcd5f80d7e7799a2ab087e81eda65d2fae69,"step=000780 mode=stand  vx= 0.000 vy= 0.000 vxy= 0.000 yaw= 0.000 speed=1.00 imu=fake tilt_rp=[-0.0,+0.0]deg imu_corr=0.000 act_max= 0.000 tau_cmd= 3.012 tau_cmd_max= 8.404 cmds=12 bus=can0:12 tau_fb= 3.710 tau_fb_max= 9.976",,,,,,,,,,,,,,,,,,,,,,,,,,,,,,,,,,,,,,,,,,,,,,,,,0.0,0.0,0.0,0.0,0.0,0.0,0.0,0.0,0.0,0.0,0.0,0.0,0.0,0.0,0.0,0.0,0.0,0.0,0.0,0.0,0.0,0.0,0.0,0.0,-0.0019175345078110695,-0.00038350690738298,-0.00076701381476596,0.00038350690738298,-0.0034515620209276676,0.0019175345078110695,-0.0034515620209276676,0.013039235025644302,0.00613611051812768,-0.009587672539055347,0.008820658549666405,-0.012655727565288544,0.054475538432598114,0.0119022186845541,-0.07736442238092422,-0.013733329251408577,0.032959990203380585,-0.0398266538977623,-0.03341776877641678,-0.03799554333090782,0.0119022186845541,0.00595110934227705,-0.11673329770565033,0.03021332435309887,0.0,0.0,0.0,0.0,0.0,0.0,0.0,0.0,0.0,0.0,0.0,0.0,0.0,0.0,0.0,0.0,0.0,0.0,0.0,0.0,0.0,0.0,0.0,0.0
20260708_191726_109883,2026-07-08T19:17:45.434,19.324269,pose,785,stand,0.0,0.0,0.0,0.0,0.0,0.0,0.0,0.0,1.0,fake,0.0,0.0,-1.0,-0.0,0.0,0.0,0.0,3.664410352706909,9.903543472290039,12,can0:12,3.608203172683716,9.855036735534668,,"BL_hip_joint,BR_hip_joint,FL_hip_joint,FR_hip_joint,BL_thigh_joint,BR_thigh_joint,FL_thigh_joint,FR_thigh_joint,BL_calf_joint,BR_calf_joint,FL_calf_joint,FR_calf_joint",330e02f2406e129bb6ed6ec4a6c6bcd5f80d7e7799a2ab087e81eda65d2fae69,"step=000785 mode=stand  vx= 0.000 vy= 0.000 vxy= 0.000 yaw= 0.000 speed=1.00 imu=fake tilt_rp=[-0.0,+0.0]deg imu_corr=0.000 act_max= 0.000 tau_cmd= 3.664 tau_cmd_max= 9.904 cmds=12 bus=can0:12 tau_fb= 3.608 tau_fb_max= 9.855",,,,,,,,,,,,,,,,,,,,,,,,,,,,,,,,,,,,,,,,,,,,,,,,,0.0,0.0,0.0,0.0,0.0,0.0,0.0,0.0,0.0,0.0,0.0,0.0,0.0,0.0,0.0,0.0,0.0,0.0,0.0,0.0,0.0,0.0,0.0,0.0,-0.0019175345078110695,-0.00038350690738298,-0.00076701381476596,0.00038350690738298,-0.003835069015622139,0.0019175345078110695,-0.0034515620209276676,0.013039235025644302,0.00613611051812768,-0.009587672539055347,0.009204166010022163,-0.012655727565288544,-0.04623554274439812,-0.025177771225571632,-0.013733329251408577,-0.0013733329251408577,-0.07370220124721527,0.008239997550845146,0.015564439818263054,-0.010071108117699623,-0.0714133158326149,0.0068666646257042885,-0.015564439818263054,-0.01144444104284048,0.0,0.0,0.0,0.0,0.0,0.0,0.0,0.0,0.0,0.0,0.0,0.0,0.0,0.0,0.0,0.0,0.0,0.0,0.0,0.0,0.0,0.0,0.0,0.0
20260708_191726_109883,2026-07-08T19:17:45.552,19.443004,pose,790,stand,0.0,0.0,0.0,0.0,0.0,0.0,0.0,0.0,1.0,fake,0.0,0.0,-1.0,-0.0,0.0,0.0,0.0,3.871215581893921,9.188811302185059,12,can0:12,3.5019989013671875,9.404583930969238,,"BL_hip_joint,BR_hip_joint,FL_hip_joint,FR_hip_joint,BL_thigh_joint,BR_thigh_joint,FL_thigh_joint,FR_thigh_joint,BL_calf_joint,BR_calf_joint,FL_calf_joint,FR_calf_joint",330e02f2406e129bb6ed6ec4a6c6bcd5f80d7e7799a2ab087e81eda65d2fae69,"step=000790 mode=stand  vx= 0.000 vy= 0.000 vxy= 0.000 yaw= 0.000 speed=1.00 imu=fake tilt_rp=[-0.0,+0.0]deg imu_corr=0.000 act_max= 0.000 tau_cmd= 3.871 tau_cmd_max= 9.189 cmds=12 bus=can0:12 tau_fb= 3.502 tau_fb_max= 9.405",,,,,,,,,,,,,,,,,,,,,,,,,,,,,,,,,,,,,,,,,,,,,,,,,0.0,0.0,0.0,0.0,0.0,0.0,0.0,0.0,0.0,0.0,0.0,0.0,0.0,0.0,0.0,0.0,0.0,0.0,0.0,0.0,0.0,0.0,0.0,0.0,-0.0019175345078110695,-0.00038350690738298,-0.00038350690738298,0.00038350690738298,-0.003835069015622139,0.0019175345078110695,-0.00306805525906384,0.013039235025644302,0.00613611051812768,-0.009587672539055347,0.009204166010022163,-0.012655727565288544,-0.021973326802253723,0.04531998559832573,0.020142216235399246,0.03433332219719887,-0.0009155552834272385,-0.038453321903944016,0.059968870133161545,0.07415997982025146,0.014191106893122196,-0.020142216235399246,0.004119998775422573,0.023346660658717155,0.0,0.0,0.0,0.0,0.0,0.0,0.0,0.0,0.0,0.0,0.0,0.0,0.0,0.0,0.0,0.0,0.0,0.0,0.0,0.0,0.0,0.0,0.0,0.0
20260708_191726_109883,2026-07-08T19:17:45.671,19.561587,pose,795,stand,0.0,0.0,0.0,0.0,0.0,0.0,0.0,0.0,1.0,fake,0.0,0.0,-1.0,-0.0,0.0,0.0,0.0,3.5499393939971924,10.414410591125488,12,can0:12,3.4159367084503174,8.87722396850586,,"BL_hip_joint,BR_hip_joint,FL_hip_joint,FR_hip_joint,BL_thigh_joint,BR_thigh_joint,FL_thigh_joint,FR_thigh_joint,BL_calf_joint,BR_calf_joint,FL_calf_joint,FR_calf_joint",330e02f2406e129bb6ed6ec4a6c6bcd5f80d7e7799a2ab087e81eda65d2fae69,"step=000795 mode=stand  vx= 0.000 vy= 0.000 vxy= 0.000 yaw= 0.000 speed=1.00 imu=fake tilt_rp=[-0.0,+0.0]deg imu_corr=0.000 act_max= 0.000 tau_cmd= 3.550 tau_cmd_max= 10.414 cmds=12 bus=can0:12 tau_fb= 3.416 tau_fb_max= 8.877",,,,,,,,,,,,,,,,,,,,,,,,,,,,,,,,,,,,,,,,,,,,,,,,,0.0,0.0,0.0,0.0,0.0,0.0,0.0,0.0,0.0,0.0,0.0,0.0,0.0,0.0,0.0,0.0,0.0,0.0,0.0,0.0,0.0,0.0,0.0,0.0,-0.0019175345078110695,-0.00038350690738298,-0.00076701381476596,0.00038350690738298,-0.003835069015622139,0.0019175345078110695,-0.00306805525906384,0.013039235025644302,0.00613611051812768,-0.009587672539055347,0.009204166010022163,-0.012655727565288544,0.02609332650899887,0.08285775035619736,0.020142216235399246,-0.002288888208568096,0.04943998530507088,0.02609332650899887,0.013275551609694958,-0.04943998530507088,0.007782219909131527,-0.013275551609694958,0.037537768483161926,-0.025635547935962677,0.0,0.0,0.0,0.0,0.0,0.0,0.0,0.0,0.0,0.0,0.0,0.0,0.0,0.0,0.0,0.0,0.0,0.0,0.0,0.0,0.0,0.0,0.0,0.0
20260708_191726_109883,2026-07-08T19:17:45.790,19.680771,pose,800,stand,0.0,0.0,0.0,0.0,0.0,0.0,0.0,0.0,1.0,fake,0.0,0.0,-1.0,-0.0,0.0,0.0,0.0,3.9388420581817627,10.603156089782715,12,can0:12,3.307901382446289,9.067659378051758,,"BL_hip_joint,BR_hip_joint,FL_hip_joint,FR_hip_joint,BL_thigh_joint,BR_thigh_joint,FL_thigh_joint,FR_thigh_joint,BL_calf_joint,BR_calf_joint,FL_calf_joint,FR_calf_joint",330e02f2406e129bb6ed6ec4a6c6bcd5f80d7e7799a2ab087e81eda65d2fae69,"step=000800 mode=stand  vx= 0.000 vy= 0.000 vxy= 0.000 yaw= 0.000 speed=1.00 imu=fake tilt_rp=[-0.0,+0.0]deg imu_corr=0.000 act_max= 0.000 tau_cmd= 3.939 tau_cmd_max= 10.603 cmds=12 bus=can0:12 tau_fb= 3.308 tau_fb_max= 9.068",,,,,,,,,,,,,,,,,,,,,,,,,,,,,,,,,,,,,,,,,,,,,,,,,0.0,0.0,0.0,0.0,0.0,0.0,0.0,0.0,0.0,0.0,0.0,0.0,0.0,0.0,0.0,0.0,0.0,0.0,0.0,0.0,0.0,0.0,0.0,0.0,-0.0019175345078110695,-0.00076701381476596,-0.00076701381476596,0.00038350690738298,-0.0034515620209276676,0.0019175345078110695,-0.00306805525906384,0.013039235025644302,0.00613611051812768,-0.009587672539055347,0.008820658549666405,-0.013039235025644302,-0.04440443217754364,-0.031128879636526108,-0.01235999632626772,0.009613330475986004,0.004119998775422573,-0.04623554274439812,-0.004577776417136192,0.04898220673203468,-0.053559985011816025,-0.02288888208568096,0.0196844395250082,-0.02288888208568096,0.0,0.0,0.0,0.0,0.0,0.0,0.0,0.0,0.0,0.0,0.0,0.0,0.0,0.0,0.0,0.0,0.0,0.0,0.0,0.0,0.0,0.0,0.0,0.0
20260708_191726_109883,2026-07-08T19:17:45.918,19.808576,policy,805,policy,0.20000000298023224,0.0,0.20000000298023224,0.0,0.20000000298023224,0.0,0.20000000298023224,0.0,1.0,fake,0.0,0.0,-1.0,-0.0,0.0,0.0,1.2100305557250977,3.03267502784729,5.56770658493042,12,can0:12,3.246558904647827,9.027375221252441,,"BL_hip_joint,BR_hip_joint,FL_hip_joint,FR_hip_joint,BL_thigh_joint,BR_thigh_joint,FL_thigh_joint,FR_thigh_joint,BL_calf_joint,BR_calf_joint,FL_calf_joint,FR_calf_joint",330e02f2406e129bb6ed6ec4a6c6bcd5f80d7e7799a2ab087e81eda65d2fae69,"step=000805 mode=policy vx= 0.200 vy= 0.000 vxy= 0.200 yaw= 0.000 speed=1.00 imu=fake tilt_rp=[-0.0,+0.0]deg imu_corr=0.000 act_max= 1.210 tau_cmd= 3.033 tau_cmd_max= 5.568 cmds=12 bus=can0:12 tau_fb= 3.247 tau_fb_max= 9.027",0.0,0.0,0.0,0.0,0.0,0.0,0.0,0.0,-1.0,0.20000000298023224,0.0,0.0,-0.0019175345078110695,-0.00038350690738298,-0.00038350690738298,0.00038350690738298,-0.003835069015622139,0.002301041502505541,-0.00306805525906384,0.013039235025644302,0.006519617512822151,-0.009587672539055347,0.008820658549666405,-0.012655727565288544,-0.051271095871925354,0.02288888208568096,0.025177771225571632,0.007324442267417908,0.02700888179242611,0.06454664468765259,-0.019226660951972008,-0.03250221163034439,0.09292886406183243,-0.02471999265253544,-0.0009155552834272385,0.03341776877641678,0.0,0.0,0.0,0.0,0.0,0.0,0.0,0.0,0.0,0.0,0.0,0.0,0.3415791988372803,-0.8793947100639343,-0.31661519408226013,0.8947336673736572,1.0355463027954102,-0.6708227396011353,1.074588656425476,-0.8604689240455627,-1.61337411403656,0.7226634621620178,-0.8550194501876831,1.0122257471084595,0.2561843991279602,-0.6595460176467896,-0.2374613881111145,0.6710502505302429,0.7766597270965576,-0.5031170845031738,0.8059414625167847,-0.6453517079353333,-1.2100305557250977,0.5419976115226746,-0.6412645578384399,0.759169340133667,-0.0019175345078110695,-0.00038350690738298,-0.00038350690738298,0.00038350690738298,-0.003835069015622139,0.002301041502505541,-0.00306805525906384,0.013039235025644302,0.006519617512822151,-0.009587672539055347,0.008820658549666405,-0.012655727565288544,-0.051271095871925354,0.02288888208568096,0.025177771225571632,0.007324442267417908,0.02700888179242611,0.06454664468765259,-0.019226660951972008,-0.03250221163034439,0.09292886406183243,-0.02471999265253544,-0.0009155552834272385,0.03341776877641678,0.06404609978199005,-0.10000000149011612,-0.059365347027778625,0.10000000149011612,0.10000000149011612,-0.10000000149011612,0.10000000149011612,-0.10000000149011612,0.0,0.0,0.0,0.0,0.0,0.0,0.0,0.0,0.0,0.0,0.0,0.0,0.0,0.0,0.0,0.0
20260708_191726_109883,2026-07-08T19:17:46.047,19.937235,policy,810,policy,0.20000000298023224,0.0,0.20000000298023224,0.0,0.20000000298023224,0.0,0.20000000298023224,0.0,1.0,fake,0.0,0.0,-1.0,-0.0,0.0,0.0,1.9900792837142944,10.010875701904297,19.502925872802734,12,can0:12,9.563891410827637,16.86452865600586,,"BL_hip_joint,BR_hip_joint,FL_hip_joint,FR_hip_joint,BL_thigh_joint,BR_thigh_joint,FL_thigh_joint,FR_thigh_joint,BL_calf_joint,BR_calf_joint,FL_calf_joint,FR_calf_joint",330e02f2406e129bb6ed6ec4a6c6bcd5f80d7e7799a2ab087e81eda65d2fae69,"step=000810 mode=policy vx= 0.200 vy= 0.000 vxy= 0.200 yaw= 0.000 speed=1.00 imu=fake tilt_rp=[-0.0,+0.0]deg imu_corr=0.000 act_max= 1.990 tau_cmd= 10.011 tau_cmd_max= 19.503 cmds=12 bus=can0:12 tau_fb= 9.564 tau_fb_max= 16.865",0.0,0.0,0.0,0.0,0.0,0.0,0.0,0.0,-1.0,0.20000000298023224,0.0,0.0,-0.00076701381476596,-0.01764131709933281,-0.018024824559688568,0.04141874611377716,0.015723783522844315,-0.02837951108813286,0.03489912673830986,-0.02147638611495495,0.08168696612119675,-0.11313453316688538,0.11236751824617386,-0.12425623834133148,-0.09292886406183243,0.0009155552834272385,0.1506088376045227,-0.06271553784608841,0.2778710424900055,-0.36118656396865845,0.41703543066978455,-0.36164432764053345,1.1009552478790283,-0.9302041530609131,0.9869685769081116,-1.1165196895599365,0.8575015068054199,-0.8770397901535034,-0.6541978120803833,1.2004350423812866,1.5076738595962524,-0.9202995300292969,1.3771429061889648,-0.9749865531921387,-2.088796854019165,0.5379281044006348,-0.5210843086242676,2.1176178455352783,0.709963321685791,-0.9159227609634399,-0.5781991481781006,1.3709604740142822,1.746774673461914,-0.9120018482208252,1.3047982454299927,-1.2020223140716553,-2.399945020675659,0.4159206449985504,-0.4332590401172638,2.3000636100769043,0.7386952042579651,-0.9059024453163147,-0.6104236245155334,1.3287475109100342,1.6795541048049927,-0.9225702285766602,1.3262134790420532,-1.147879719734192,-1.9900792837142944,0.44888150691986084,-0.46835610270500183,1.9824144840240479,-0.00076701381476596,-0.01764131709933281,-0.018024824559688568,0.04141874611377716,0.015723783522844315,-0.02837951108813286,0.03489912673830986,-0.02147638611495495,0.08168696612119675,-0.11313453316688538,0.11236751824617386,-0.12425623834133148,-0.09292886406183243,0.0009155552834272385,0.1506088376045227,-0.06271553784608841,0.2778710424900055,-0.36118656396865845,0.41703543066978455,-0.36164432764053345,1.1009552478790283,-0.9302041530609131,0.9869685769081116,-1.1165196895599365,0.18467380106449127,-0.22647561132907867,-0.15260590612888336,0.33218687772750854,0.41988852620124817,-0.23064255714416504,0.3315533697605133,-0.286969929933548,0.0,0.0,0.0,0.0,0.0,0.0,0.0,0.0,0.0,0.0,0.0,0.0,0.0,0.0,0.0,0.0
20260708_191726_109883,2026-07-08T19:17:46.175,20.065406,policy,815,policy,0.20000000298023224,0.0,0.20000000298023224,0.0,0.20000000298023224,0.0,0.20000000298023224,0.0,1.0,fake,0.0,0.0,-1.0,-0.0,0.0,0.0,1.9999903440475464,6.197324752807617,12.5432710647583,12,can0:12,5.947446823120117,13.249916076660156,,"BL_hip_joint,BR_hip_joint,FL_hip_joint,FR_hip_joint,BL_thigh_joint,BR_thigh_joint,FL_thigh_joint,FR_thigh_joint,BL_calf_joint,BR_calf_joint,FL_calf_joint,FR_calf_joint",330e02f2406e129bb6ed6ec4a6c6bcd5f80d7e7799a2ab087e81eda65d2fae69,"step=000815 mode=policy vx= 0.200 vy= 0.000 vxy= 0.200 yaw= 0.000 speed=1.00 imu=fake tilt_rp=[-0.0,+0.0]deg imu_corr=0.000 act_max= 2.000 tau_cmd= 6.197 tau_cmd_max= 12.543 cmds=12 bus=can0:12 tau_fb= 5.947 tau_fb_max= 13.250",0.0,0.0,0.0,0.0,0.0,0.0,0.0,0.0,-1.0,0.20000000298023224,0.0,0.0,-0.006903124041855335,-0.0345156192779541,0.02032586559653282,0.05445798113942146,0.06788071990013123,-0.07440033555030823,0.09357568621635437,-0.08360450714826584,0.14803366363048553,-0.1660584807395935,0.1848503202199936,-0.19942358136177063,0.03570665791630745,-0.19501326978206635,0.3863643407821655,0.08285775035619736,0.49485763907432556,-0.21011993288993835,0.6111331582069397,-0.4499954283237457,-0.0476088747382164,0.10071108490228653,0.4440443217754364,-0.3094576895236969,1.2028995752334595,-0.9531356692314148,0.2119426131248474,1.0079026222229004,0.9895171523094177,-0.056874342262744904,0.4386540949344635,-0.3318435549736023,-2.1899304389953613,0.06752429902553558,0.6019673347473145,3.080425500869751,1.2444382905960083,-1.187127947807312,0.3854840099811554,1.0108940601348877,0.7851080894470215,0.000980876386165619,0.2754920721054077,-0.17639148235321045,-2.0844907760620117,-0.08477942645549774,0.5832242965698242,3.0426218509674072,1.2345261573791504,-1.1174821853637695,0.3200576603412628,1.010235071182251,0.8590986132621765,-0.026939909905195236,0.3419937491416931,-0.23428186774253845,-1.9999903440475464,-0.03318222239613533,0.5809341669082642,1.9999828338623047,-0.006903124041855335,-0.0345156192779541,0.02032586559653282,0.05445798113942146,0.06788071990013123,-0.07440033555030823,0.09357568621635437,-0.08360450714826584,0.14803366363048553,-0.1660584807395935,0.1848503202199936,-0.19942358136177063,0.03570665791630745,-0.19501326978206635,0.3863643407821655,0.08285775035619736,0.49485763907432556,-0.21011993288993835,0.6111331582069397,-0.4499954283237457,-0.0476088747382164,0.10071108490228653,0.4440443217754364,-0.3094576895236969,0.3086315393447876,-0.2793705463409424,0.0800144150853157,0.25255876779556274,0.21477465331554413,-0.006734978407621384,0.08549843728542328,-0.05857046693563461,0.0,-0.008295555599033833,0.14523354172706604,0.0,0.0,0.0,0.0,0.0,0.0,0.0,0.0,0.0,0.0,0.0,0.0,0.0
20260708_191726_109883,2026-07-08T19:17:46.298,20.188122,policy,820,encoder_fault,0.0,0.0,0.0,0.0,0.0,0.0,0.0,0.0,1.0,fake,0.0,0.0,-1.0,-0.0,0.0,0.0,0.0,95.42993927001953,189.9886474609375,12,can0:12,29.7753849029541,70.78340911865234,"EXCESSIVE MOTOR TORQUE: BL_hip_joint=+70.783, BR_hip_joint=-62.313, FR_thigh_joint=+41.017; limit=40.000",,,"step=000820 mode=encoder_fault vx= 0.000 vy= 0.000 vxy= 0.000 yaw= 0.000 speed=1.00 imu=fake tilt_rp=[-0.0,+0.0]deg imu_corr=0.000 act_max= 0.000 tau_cmd= 95.430 tau_cmd_max= 189.989 cmds=12 bus=can0:12 tau_fb= 29.775 tau_fb_max= 70.783",,,,,,,,,,,,,,,,,,,,,,,,,,,,,,,,,,,,,,,,,,,,,,,,,,,,,,,,,,,,,,,,,,,,,,,,,,,,,,,,,,,,,,,,,,,,,,,,,,,,,,,,,,,,,,,,,,,,,,,,
