run_id,wall_time,elapsed_s,phase,step,mode,vx,vy,vxy,yaw,policy_vx,policy_vy,policy_vxy,policy_yaw,speed,imu,gravity_x,gravity_y,gravity_z,imu_roll_deg,imu_pitch_deg,imu_correction_abs_max,act_max,tau_cmd,tau_cmd_max,cmds,bus_counts,tau_fb,tau_fb_max,fault_reason,policy_joint_order,policy_sha256,compact_line,obs_000,obs_001,obs_002,obs_003,obs_004,obs_005,obs_006,obs_007,obs_008,obs_009,obs_010,obs_011,obs_012,obs_013,obs_014,obs_015,obs_016,obs_017,obs_018,obs_019,obs_020,obs_021,obs_022,obs_023,obs_024,obs_025,obs_026,obs_027,obs_028,obs_029,obs_030,obs_031,obs_032,obs_033,obs_034,obs_035,obs_036,obs_037,obs_038,obs_039,obs_040,obs_041,obs_042,obs_043,obs_044,obs_045,obs_046,obs_047,action_00,action_01,action_02,action_03,action_04,action_05,action_06,action_07,action_08,action_09,action_10,action_11,sent_action_00,sent_action_01,sent_action_02,sent_action_03,sent_action_04,sent_action_05,sent_action_06,sent_action_07,sent_action_08,sent_action_09,sent_action_10,sent_action_11,q_00,q_01,q_02,q_03,q_04,q_05,q_06,q_07,q_08,q_09,q_10,q_11,qd_00,qd_01,qd_02,qd_03,qd_04,qd_05,qd_06,qd_07,qd_08,qd_09,qd_10,qd_11,q_target_00,q_target_01,q_target_02,q_target_03,q_target_04,q_target_05,q_target_06,q_target_07,q_target_08,q_target_09,q_target_10,q_target_11,qd_target_00,qd_target_01,qd_target_02,qd_target_03,qd_target_04,qd_target_05,qd_target_06,qd_target_07,qd_target_08,qd_target_09,qd_target_10,qd_target_11
20260709_130555_953075,2026-07-09T13:05:56.762,0.809449,runtime,0,idle,0.0,0.0,0.0,0.0,0.0,0.0,0.0,0.0,0.06,xsens:live,-0.021506046876311302,-0.010987848974764347,-0.9997084140777588,0.6297156393721361,-1.2323750359857795,0.0,0.0,0.0,0.0,0,none,0.01678518019616604,0.043946653604507446,,"BL_hip_joint,BR_hip_joint,FL_hip_joint,FR_hip_joint,BL_thigh_joint,BR_thigh_joint,FL_thigh_joint,FR_thigh_joint,BL_calf_joint,BR_calf_joint,FL_calf_joint,FR_calf_joint",330e02f2406e129bb6ed6ec4a6c6bcd5f80d7e7799a2ab087e81eda65d2fae69,"step=000000 mode=idle   vx= 0.000 vy= 0.000 vxy= 0.000 yaw= 0.000 speed=0.06 imu=xsens:live tilt_rp=[+0.6,-1.2]deg imu_corr=0.000 act_max= 0.000 tau_cmd= 0.000 tau_cmd_max= 0.000 cmds=00 bus=none tau_fb= 0.017 tau_fb_max= 0.044",,,,,,,,,,,,,,,,,,,,,,,,,,,,,,,,,,,,,,,,,,,,,,,,,0.0,0.0,0.0,0.0,0.0,0.0,0.0,0.0,0.0,0.0,0.0,0.0,0.0,0.0,0.0,0.0,0.0,0.0,0.0,0.0,0.0,0.0,0.0,0.0,0.601338803768158,-0.5081466436386108,-0.5311570763587952,0.5346086025238037,-0.36241403222084045,0.32789841294288635,-0.43796488642692566,0.48283517360687256,1.434315800666809,-1.0998977422714233,1.2230035066604614,-0.9810106754302979,0.05081331729888916,-0.06591998040676117,-0.06866664439439774,-0.0553910955786705,-0.020142216235399246,-0.0553910955786705,0.00045777764171361923,0.01144444104284048,0.002288888208568096,0.3730887770652771,-0.061342205852270126,-0.01235999632626772,0.601338803768158,-0.5081466436386108,-0.5311570763587952,0.5346086025238037,-0.36241403222084045,0.32789841294288635,-0.43796488642692566,0.48283517360687256,1.434315800666809,-1.0998977422714233,1.2230035066604614,-0.9810106754302979,,,,,,,,,,,,
20260709_130555_953075,2026-07-09T13:05:57.233,1.280088,runtime,20,idle,0.0,0.0,0.0,0.0,0.0,0.0,0.0,0.0,0.06,xsens:live,-0.02187739871442318,-0.0099192438647151,-0.9997114539146423,0.5684761917079756,-1.2536443083811482,0.0,0.0,0.0,0.0,0,none,0.01678518019616604,0.043946653604507446,,"BL_hip_joint,BR_hip_joint,FL_hip_joint,FR_hip_joint,BL_thigh_joint,BR_thigh_joint,FL_thigh_joint,FR_thigh_joint,BL_calf_joint,BR_calf_joint,FL_calf_joint,FR_calf_joint",330e02f2406e129bb6ed6ec4a6c6bcd5f80d7e7799a2ab087e81eda65d2fae69,"step=000020 mode=idle   vx= 0.000 vy= 0.000 vxy= 0.000 yaw= 0.000 speed=0.06 imu=xsens:live tilt_rp=[+0.6,-1.3]deg imu_corr=0.000 act_max= 0.000 tau_cmd= 0.000 tau_cmd_max= 0.000 cmds=00 bus=none tau_fb= 0.017 tau_fb_max= 0.044",,,,,,,,,,,,,,,,,,,,,,,,,,,,,,,,,,,,,,,,,,,,,,,,,0.0,0.0,0.0,0.0,0.0,0.0,0.0,0.0,0.0,0.0,0.0,0.0,0.0,0.0,0.0,0.0,0.0,0.0,0.0,0.0,0.0,0.0,0.0,0.0,0.601338803768158,-0.5081466436386108,-0.5311570763587952,0.5346086025238037,-0.36241403222084045,0.32789841294288635,-0.43796488642692566,0.48283517360687256,1.434315800666809,-1.0998977422714233,1.2230035066604614,-0.9810106754302979,0.05081331729888916,-0.06591998040676117,-0.06866664439439774,-0.0553910955786705,-0.020142216235399246,-0.0553910955786705,0.00045777764171361923,0.01144444104284048,0.002288888208568096,0.3730887770652771,-0.061342205852270126,-0.01235999632626772,0.601338803768158,-0.5081466436386108,-0.5311570763587952,0.5346086025238037,-0.36241403222084045,0.32789841294288635,-0.43796488642692566,0.48283517360687256,1.434315800666809,-1.0998977422714233,1.2230035066604614,-0.9810106754302979,,,,,,,,,,,,
20260709_130555_953075,2026-07-09T13:05:57.875,1.922771,pose,40,sit,0.0,0.0,0.0,0.0,0.0,0.0,0.0,0.0,0.06,xsens:live,-0.021736757829785347,-0.010422260500490665,-0.99970942735672,0.5973034669850104,-1.2455902111862707,0.0,0.0,4.371276378631592,6.452357769012451,12,can0:12,0.5685598254203796,1.3074129819869995,,"BL_hip_joint,BR_hip_joint,FL_hip_joint,FR_hip_joint,BL_thigh_joint,BR_thigh_joint,FL_thigh_joint,FR_thigh_joint,BL_calf_joint,BR_calf_joint,FL_calf_joint,FR_calf_joint",330e02f2406e129bb6ed6ec4a6c6bcd5f80d7e7799a2ab087e81eda65d2fae69,"step=000040 mode=sit    vx= 0.000 vy= 0.000 vxy= 0.000 yaw= 0.000 speed=0.06 imu=xsens:live tilt_rp=[+0.6,-1.2]deg imu_corr=0.000 act_max= 0.000 tau_cmd= 4.371 tau_cmd_max= 6.452 cmds=12 bus=can0:12 tau_fb= 0.569 tau_fb_max= 1.307",,,,,,,,,,,,,,,,,,,,,,,,,,,,,,,,,,,,,,,,,,,,,,,,,0.0,0.0,0.0,0.0,0.0,0.0,0.0,0.0,0.0,0.0,0.0,0.0,0.0,0.0,0.0,0.0,0.0,0.0,0.0,0.0,0.0,0.0,0.0,0.0,0.6017223000526428,-0.5085301399230957,-0.5311570763587952,0.5353756546974182,-0.3562779128551483,0.3221457898616791,-0.43643084168434143,0.4813011586666107,1.4412189722061157,-0.9016247391700745,1.230290174484253,-0.989447832107544,0.03707998991012573,-0.07049775868654251,-0.03250221163034439,0.0050355540588498116,-0.01235999632626772,0.03570665791630745,0.009613330475986004,0.004119998775422573,0.007782219909131527,-0.026551103219389915,0.04440443217754364,-0.07827997952699661,0.5955463647842407,-0.5033106803894043,-0.5257053971290588,0.5291215181350708,-0.34976670145988464,0.3152257800102234,-0.42833781242370605,0.4727475643157959,1.4360473155975342,-0.9012322425842285,1.2269039154052734,-0.9881539344787598,0.0,0.0,0.0,0.0,0.0,0.0,0.0,0.0,0.0,0.0,0.0,0.0
20260709_130555_953075,2026-07-09T13:05:58.420,2.467208,pose,60,sit,0.0,0.0,0.0,0.0,0.0,0.0,0.0,0.0,0.06,xsens:live,-0.022643595933914185,-0.01010400801897049,-0.9996926188468933,0.5790753008435805,-1.2975595205566768,0.0,0.0,4.744480609893799,8.410772323608398,12,can0:12,1.1822870969772339,2.6404614448547363,,"BL_hip_joint,BR_hip_joint,FL_hip_joint,FR_hip_joint,BL_thigh_joint,BR_thigh_joint,FL_thigh_joint,FR_thigh_joint,BL_calf_joint,BR_calf_joint,FL_calf_joint,FR_calf_joint",330e02f2406e129bb6ed6ec4a6c6bcd5f80d7e7799a2ab087e81eda65d2fae69,"step=000060 mode=sit    vx= 0.000 vy= 0.000 vxy= 0.000 yaw= 0.000 speed=0.06 imu=xsens:live tilt_rp=[+0.6,-1.3]deg imu_corr=0.000 act_max= 0.000 tau_cmd= 4.744 tau_cmd_max= 8.411 cmds=12 bus=can0:12 tau_fb= 1.182 tau_fb_max= 2.640",,,,,,,,,,,,,,,,,,,,,,,,,,,,,,,,,,,,,,,,,,,,,,,,,0.0,0.0,0.0,0.0,0.0,0.0,0.0,0.0,0.0,0.0,0.0,0.0,0.0,0.0,0.0,0.0,0.0,0.0,0.0,0.0,0.0,0.0,0.0,0.0,0.5721923112869263,-0.4839857220649719,-0.5046950578689575,0.5089136362075806,-0.31217461824417114,0.28034353256225586,-0.3873419761657715,0.4310617446899414,1.451957106590271,-0.9426599740982056,1.2529170513153076,-1.0254974365234375,-0.17899106442928314,0.053559985011816025,0.08514664322137833,-0.0947599709033966,0.14465773105621338,-0.1419110745191574,0.16434217989444733,-0.10483107715845108,0.02059999480843544,-0.040742211043834686,0.02929776906967163,-0.059053316712379456,0.5563680529594421,-0.47020018100738525,-0.4911216199398041,0.49431300163269043,-0.2938643991947174,0.26159578561782837,-0.3672667145729065,0.40875494480133057,1.4494644403457642,-0.9498324394226074,1.2540795803070068,-1.0310359001159668,0.0,0.0,0.0,0.0,0.0,0.0,0.0,0.0,0.0,0.0,0.0,0.0
20260709_130555_953075,2026-07-09T13:05:58.928,2.975646,pose,80,sit,0.0,0.0,0.0,0.0,0.0,0.0,0.0,0.0,0.06,xsens:live,-0.023732850328087807,-0.009196588769555092,-0.9996760487556458,0.5270816069720469,-1.3599773466792158,0.0,0.0,6.413353443145752,13.27340030670166,12,can0:12,1.2903225421905518,3.21543025970459,,"BL_hip_joint,BR_hip_joint,FL_hip_joint,FR_hip_joint,BL_thigh_joint,BR_thigh_joint,FL_thigh_joint,FR_thigh_joint,BL_calf_joint,BR_calf_joint,FL_calf_joint,FR_calf_joint",330e02f2406e129bb6ed6ec4a6c6bcd5f80d7e7799a2ab087e81eda65d2fae69,"step=000080 mode=sit    vx= 0.000 vy= 0.000 vxy= 0.000 yaw= 0.000 speed=0.06 imu=xsens:live tilt_rp=[+0.5,-1.4]deg imu_corr=0.000 act_max= 0.000 tau_cmd= 6.413 tau_cmd_max= 13.273 cmds=12 bus=can0:12 tau_fb= 1.290 tau_fb_max= 3.215",,,,,,,,,,,,,,,,,,,,,,,,,,,,,,,,,,,,,,,,,,,,,,,,,0.0,0.0,0.0,0.0,0.0,0.0,0.0,0.0,0.0,0.0,0.0,0.0,0.0,0.0,0.0,0.0,0.0,0.0,0.0,0.0,0.0,0.0,0.0,0.0,0.5096806883811951,-0.43067824840545654,-0.4498535990715027,0.45215463638305664,-0.2239680290222168,0.19520501792430878,-0.2910817265510559,0.3301994502544403,1.473816990852356,-1.0216623544692993,1.2974038124084473,-1.0945286750793457,-0.06271553784608841,0.1268044114112854,0.17258216440677643,-0.08377330750226974,0.19592882692813873,-0.1345866322517395,0.21698659658432007,-0.16800439357757568,-0.020142216235399246,-0.1432843953371048,0.0631733164191246,-0.13779106736183167,0.488972008228302,-0.4132421314716339,-0.4316292405128479,0.43443405628204346,-0.19769906997680664,0.16933932900428772,-0.2622097134590149,0.29867225885391235,1.4725451469421387,-1.0334364175796509,1.3008283376693726,-1.104803204536438,0.0,0.0,0.0,0.0,0.0,0.0,0.0,0.0,0.0,0.0,0.0,0.0
20260709_130555_953075,2026-07-09T13:05:59.450,3.497809,pose,100,sit,0.0,0.0,0.0,0.0,0.0,0.0,0.0,0.0,0.06,xsens:live,-0.02444332093000412,-0.009844464249908924,-0.9996528029441833,0.5642239171439402,-1.4007064325158547,0.0,0.0,6.603573322296143,12.344815254211426,12,can0:12,1.3296915292739868,2.926114797592163,,"BL_hip_joint,BR_hip_joint,FL_hip_joint,FR_hip_joint,BL_thigh_joint,BR_thigh_joint,FL_thigh_joint,FR_thigh_joint,BL_calf_joint,BR_calf_joint,FL_calf_joint,FR_calf_joint",330e02f2406e129bb6ed6ec4a6c6bcd5f80d7e7799a2ab087e81eda65d2fae69,"step=000100 mode=sit    vx= 0.000 vy= 0.000 vxy= 0.000 yaw= 0.000 speed=0.06 imu=xsens:live tilt_rp=[+0.6,-1.4]deg imu_corr=0.000 act_max= 0.000 tau_cmd= 6.604 tau_cmd_max= 12.345 cmds=12 bus=can0:12 tau_fb= 1.330 tau_fb_max= 2.926",,,,,,,,,,,,,,,,,,,,,,,,,,,,,,,,,,,,,,,,,,,,,,,,,0.0,0.0,0.0,0.0,0.0,0.0,0.0,0.0,0.0,0.0,0.0,0.0,0.0,0.0,0.0,0.0,0.0,0.0,0.0,0.0,0.0,0.0,0.0,0.0,0.4245421290397644,-0.35972946882247925,-0.3758367598056793,0.3781377971172333,-0.10584790259599686,0.08168696612119675,-0.1614564061164856,0.1940544843673706,1.5033470392227173,-1.1259762048721313,1.3553134202957153,-1.1873373985290527,-0.11444441229104996,0.1419110745191574,0.20645771920681,-0.08972442150115967,0.26688435673713684,-0.14831995964050293,0.4197821021080017,-0.23163548111915588,0.043946653604507446,-0.18585772812366486,0.11673329770565033,-0.17578661441802979,0.4025886356830597,-0.34023743867874146,-0.3553762435913086,0.35768550634384155,-0.07444128394126892,0.051091670989990234,-0.12755528092384338,0.15757623314857483,1.50212824344635,-1.1405938863754272,1.3607475757598877,-1.1993528604507446,0.0,0.0,0.0,0.0,0.0,0.0,0.0,0.0,0.0,0.0,0.0,0.0
20260709_130555_953075,2026-07-09T13:05:59.978,4.025589,pose,120,sit,0.0,0.0,0.0,0.0,0.0,0.0,0.0,0.0,0.06,xsens:live,-0.02587766945362091,-0.009455131366848946,-0.9996204376220703,0.541928662661986,-1.4829130220208733,0.0,0.0,7.009562015533447,11.330930709838867,12,can0:12,2.139652967453003,4.156620979309082,,"BL_hip_joint,BR_hip_joint,FL_hip_joint,FR_hip_joint,BL_thigh_joint,BR_thigh_joint,FL_thigh_joint,FR_thigh_joint,BL_calf_joint,BR_calf_joint,FL_calf_joint,FR_calf_joint",330e02f2406e129bb6ed6ec4a6c6bcd5f80d7e7799a2ab087e81eda65d2fae69,"step=000120 mode=sit    vx= 0.000 vy= 0.000 vxy= 0.000 yaw= 0.000 speed=0.06 imu=xsens:live tilt_rp=[+0.5,-1.5]deg imu_corr=0.000 act_max= 0.000 tau_cmd= 7.010 tau_cmd_max= 11.331 cmds=12 bus=can0:12 tau_fb= 2.140 tau_fb_max= 4.157",,,,,,,,,,,,,,,,,,,,,,,,,,,,,,,,,,,,,,,,,,,,,,,,,0.0,0.0,0.0,0.0,0.0,0.0,0.0,0.0,0.0,0.0,0.0,0.0,0.0,0.0,0.0,0.0,0.0,0.0,0.0,0.0,0.0,0.0,0.0,0.0,0.32904893159866333,-0.2791930139064789,-0.2910817265510559,0.29338279366493225,0.030297044664621353,-0.04908888414502144,-0.012655727565288544,0.03796718269586563,1.536328673362732,-1.2452468872070312,1.4220435619354248,-1.2928017377853394,-0.1593066155910492,0.10620441287755966,0.19318217039108276,-0.14923551678657532,0.24399548768997192,-0.22659993171691895,0.28794214129447937,-0.28015992045402527,0.048066653311252594,-0.11215551942586899,0.08239997923374176,-0.21149326860904694,0.3064483106136322,-0.2589869201183319,-0.2705104947090149,0.27226829528808594,0.06273835897445679,-0.08051195740699768,0.022308290004730225,0.0005435049533843994,1.53505277633667,-1.2598546743392944,1.4274344444274902,-1.3045817613601685,0.0,0.0,0.0,0.0,0.0,0.0,0.0,0.0,0.0,0.0,0.0,0.0
20260709_130555_953075,2026-07-09T13:06:00.484,4.531784,pose,140,sit,0.0,0.0,0.0,0.0,0.0,0.0,0.0,0.0,0.06,xsens:live,-0.027498949319124222,-0.00860392302274704,-0.9995847940444946,0.4931610658972907,-1.5758307361990302,0.0,0.0,7.292207717895508,12.344040870666504,12,can0:12,2.4036378860473633,4.401989936828613,,"BL_hip_joint,BR_hip_joint,FL_hip_joint,FR_hip_joint,BL_thigh_joint,BR_thigh_joint,FL_thigh_joint,FR_thigh_joint,BL_calf_joint,BR_calf_joint,FL_calf_joint,FR_calf_joint",330e02f2406e129bb6ed6ec4a6c6bcd5f80d7e7799a2ab087e81eda65d2fae69,"step=000140 mode=sit    vx= 0.000 vy= 0.000 vxy= 0.000 yaw= 0.000 speed=0.06 imu=xsens:live tilt_rp=[+0.5,-1.6]deg imu_corr=0.000 act_max= 0.000 tau_cmd= 7.292 tau_cmd_max= 12.344 cmds=12 bus=can0:12 tau_fb= 2.404 tau_fb_max= 4.402",,,,,,,,,,,,,,,,,,,,,,,,,,,,,,,,,,,,,,,,,,,,,,,,,0.0,0.0,0.0,0.0,0.0,0.0,0.0,0.0,0.0,0.0,0.0,0.0,0.0,0.0,0.0,0.0,0.0,0.0,0.0,0.0,0.0,0.0,0.0,0.0,0.23278868198394775,-0.19750605523586273,-0.20594321191310883,0.20786073803901672,0.16759251058101654,-0.1810152530670166,0.13729546964168549,-0.11927064508199692,1.5696938037872314,-1.3660515546798706,1.4899243116378784,-1.3990331888198853,-0.13641773164272308,0.1029999703168869,0.18402661383152008,-0.19638660550117493,0.27375102043151855,-0.27558213472366333,0.2943510115146637,-0.23300881683826447,0.10986663401126862,-0.11352885514497757,0.06271553784608841,-0.16205328702926636,0.2097814977169037,-0.17729145288467407,-0.18517997860908508,0.18638330698013306,0.20066925883293152,-0.21283629536628723,0.1729925572872162,-0.15734916925430298,1.5681575536727905,-1.3797687292099,1.494486689567566,-1.4103869199752808,0.0,0.0,0.0,0.0,0.0,0.0,0.0,0.0,0.0,0.0,0.0,0.0
20260709_130555_953075,2026-07-09T13:06:01.000,5.047608,pose,160,sit,0.0,0.0,0.0,0.0,0.0,0.0,0.0,0.0,0.06,xsens:live,-0.02799547091126442,-0.009584342129528522,-0.99956214427948,0.5493660680325871,-1.604305564246191,0.0,0.0,6.38925313949585,11.296052932739258,12,can0:12,2.3599960803985596,4.6546831130981445,,"BL_hip_joint,BR_hip_joint,FL_hip_joint,FR_hip_joint,BL_thigh_joint,BR_thigh_joint,FL_thigh_joint,FR_thigh_joint,BL_calf_joint,BR_calf_joint,FL_calf_joint,FR_calf_joint",330e02f2406e129bb6ed6ec4a6c6bcd5f80d7e7799a2ab087e81eda65d2fae69,"step=000160 mode=sit    vx= 0.000 vy= 0.000 vxy= 0.000 yaw= 0.000 speed=0.06 imu=xsens:live tilt_rp=[+0.5,-1.6]deg imu_corr=0.000 act_max= 0.000 tau_cmd= 6.389 tau_cmd_max= 11.296 cmds=12 bus=can0:12 tau_fb= 2.360 tau_fb_max= 4.655",,,,,,,,,,,,,,,,,,,,,,,,,,,,,,,,,,,,,,,,,,,,,,,,,0.0,0.0,0.0,0.0,0.0,0.0,0.0,0.0,0.0,0.0,0.0,0.0,0.0,0.0,0.0,0.0,0.0,0.0,0.0,0.0,0.0,0.0,0.0,0.0,0.14304807782173157,-0.12080467492341995,-0.12617376446723938,0.1269407868385315,0.2976013422012329,-0.306038498878479,0.27957653999328613,-0.2676878273487091,1.601141333580017,-1.4784190654754639,1.5528194904327393,-1.4987449645996094,-0.14740440249443054,0.08148442208766937,0.14007996022701263,-0.07599108666181564,0.2293466031551361,-0.2604754865169525,0.20874661207199097,-0.15610218048095703,-0.029755547642707825,-0.1821954995393753,0.11719107627868652,-0.11673329770565033,0.12181860208511353,-0.10295185446739197,-0.10753268003463745,0.10823142528533936,0.3261807858943939,-0.3332460820674896,0.3101091682910919,-0.3010251522064209,1.5982816219329834,-1.4888856410980225,1.5555014610290527,-1.5066653490066528,0.0,0.0,0.0,0.0,0.0,0.0,0.0,0.0,0.0,0.0,0.0,0.0
20260709_130555_953075,2026-07-09T13:06:01.525,5.572783,pose,180,sit,0.0,0.0,0.0,0.0,0.0,0.0,0.0,0.0,0.06,xsens:live,-0.028835028409957886,-0.009123419411480427,-0.9995425939559937,0.5229581151072661,-1.6524231764755104,0.0,0.0,4.545149326324463,8.65898323059082,12,can0:12,2.830591917037964,5.141758441925049,,"BL_hip_joint,BR_hip_joint,FL_hip_joint,FR_hip_joint,BL_thigh_joint,BR_thigh_joint,FL_thigh_joint,FR_thigh_joint,BL_calf_joint,BR_calf_joint,FL_calf_joint,FR_calf_joint",330e02f2406e129bb6ed6ec4a6c6bcd5f80d7e7799a2ab087e81eda65d2fae69,"step=000180 mode=sit    vx= 0.000 vy= 0.000 vxy= 0.000 yaw= 0.000 speed=0.06 imu=xsens:live tilt_rp=[+0.5,-1.7]deg imu_corr=0.000 act_max= 0.000 tau_cmd= 4.545 tau_cmd_max= 8.659 cmds=12 bus=can0:12 tau_fb= 2.831 tau_fb_max= 5.142",,,,,,,,,,,,,,,,,,,,,,,,,,,,,,,,,,,,,,,,,,,,,,,,,0.0,0.0,0.0,0.0,0.0,0.0,0.0,0.0,0.0,0.0,0.0,0.0,0.0,0.0,0.0,0.0,0.0,0.0,0.0,0.0,0.0,0.0,0.0,0.0,0.06864773482084274,-0.05867655575275421,-0.061361104249954224,0.061361104249954224,0.40344926714897156,-0.4076678454875946,0.39501211047172546,-0.38964301347732544,1.6253021955490112,-1.5700773000717163,1.6034423112869263,-1.5792814493179321,-0.15701773762702942,0.07003998011350632,0.110782191157341,-0.10711997002363205,0.14465773105621338,-0.1748710572719574,0.20966215431690216,-0.22476881742477417,0.01235999632626772,-0.11535996943712234,0.031128879636526108,-0.08102664351463318,0.051790058612823486,-0.04376903176307678,-0.04571652412414551,0.046013593673706055,0.42610231041908264,-0.42910608649253845,0.4192696511745453,-0.415407657623291,1.622263789176941,-1.5757551193237305,1.6040761470794678,-1.5833139419555664,0.0,0.0,0.0,0.0,0.0,0.0,0.0,0.0,0.0,0.0,0.0,0.0
20260709_130555_953075,2026-07-09T13:06:02.034,6.081639,pose,200,sit,0.0,0.0,0.0,0.0,0.0,0.0,0.0,0.0,0.06,xsens:live,-0.02999313734471798,-0.008112351410090923,-0.9995172619819641,0.46501777375822806,-1.7187943840069322,0.0,0.0,4.959108352661133,8.0468168258667,12,can0:12,3.1757562160491943,5.4200873374938965,,"BL_hip_joint,BR_hip_joint,FL_hip_joint,FR_hip_joint,BL_thigh_joint,BR_thigh_joint,FL_thigh_joint,FR_thigh_joint,BL_calf_joint,BR_calf_joint,FL_calf_joint,FR_calf_joint",330e02f2406e129bb6ed6ec4a6c6bcd5f80d7e7799a2ab087e81eda65d2fae69,"step=000200 mode=sit    vx= 0.000 vy= 0.000 vxy= 0.000 yaw= 0.000 speed=0.06 imu=xsens:live tilt_rp=[+0.5,-1.7]deg imu_corr=0.000 act_max= 0.000 tau_cmd= 4.959 tau_cmd_max= 8.047 cmds=12 bus=can0:12 tau_fb= 3.176 tau_fb_max= 5.420",,,,,,,,,,,,,,,,,,,,,,,,,,,,,,,,,,,,,,,,,,,,,,,,,0.0,0.0,0.0,0.0,0.0,0.0,0.0,0.0,0.0,0.0,0.0,0.0,0.0,0.0,0.0,0.0,0.0,0.0,0.0,0.0,0.0,0.0,0.0,0.0,0.02109287865459919,-0.018024824559688568,-0.018791837617754936,0.018791837617754936,0.47439804673194885,-0.4747815430164337,0.4713299870491028,-0.4694124460220337,1.6421765089035034,-1.6302878856658936,1.6368074417114258,-1.6322053670883179,-0.03799554333090782,-0.00045777764171361923,0.16296884417533875,-0.0027466658502817154,0.047151096165180206,0.016479995101690292,0.09430219233036041,-0.09613330662250519,0.020142216235399246,-0.07232886552810669,-0.002288888208568096,-0.03433332219719887,0.00892627239227295,-0.007543802261352539,-0.007879436016082764,0.007930636405944824,0.48726335167884827,-0.4877810776233673,0.4860857427120209,-0.4854201078414917,1.6369431018829346,-1.6289269924163818,1.6338083744049072,-1.6302299499511719,0.0,0.0,0.0,0.0,0.0,0.0,0.0,0.0,0.0,0.0,0.0,0.0
20260709_130555_953075,2026-07-09T13:06:02.560,6.607459,pose,220,sit,0.0,0.0,0.0,0.0,0.0,0.0,0.0,0.0,0.06,xsens:live,-0.029532540589571,-0.008962379768490791,-0.9995236396789551,0.5137374978335895,-1.69240398637507,0.0,0.0,4.305453777313232,7.982720851898193,12,can0:12,3.090609550476074,5.061189651489258,,"BL_hip_joint,BR_hip_joint,FL_hip_joint,FR_hip_joint,BL_thigh_joint,BR_thigh_joint,FL_thigh_joint,FR_thigh_joint,BL_calf_joint,BR_calf_joint,FL_calf_joint,FR_calf_joint",330e02f2406e129bb6ed6ec4a6c6bcd5f80d7e7799a2ab087e81eda65d2fae69,"step=000220 mode=sit    vx= 0.000 vy= 0.000 vxy= 0.000 yaw= 0.000 speed=0.06 imu=xsens:live tilt_rp=[+0.5,-1.7]deg imu_corr=0.000 act_max= 0.000 tau_cmd= 4.305 tau_cmd_max= 7.983 cmds=12 bus=can0:12 tau_fb= 3.091 tau_fb_max= 5.061",,,,,,,,,,,,,,,,,,,,,,,,,,,,,,,,,,,,,,,,,,,,,,,,,0.0,0.0,0.0,0.0,0.0,0.0,0.0,0.0,0.0,0.0,0.0,0.0,0.0,0.0,0.0,0.0,0.0,0.0,0.0,0.0,0.0,0.0,0.0,0.0,0.006903124041855335,-0.00613611051812768,-0.0057526035234332085,0.006903124041855335,0.4954909086227417,-0.4970249533653259,0.49510741233825684,-0.49395689368247986,1.6463950872421265,-1.6475456953048706,1.6471620798110962,-1.6475456953048706,0.032044436782598495,0.09018219262361526,-0.010071108117699623,-0.021973326802253723,-0.029755547642707825,-0.0027466658502817154,0.09247108548879623,0.010071108117699623,0.025177771225571632,0.001831110566854477,0.03570665791630745,-0.06454664468765259,0.0,0.0,0.0,0.0,0.4999999701976776,-0.4999999701976776,0.5,-0.5,1.6399999856948853,-1.6399999856948853,1.6399999856948853,-1.6399999856948853,0.0,0.0,0.0,0.0,0.0,0.0,0.0,0.0,0.0,0.0,0.0,0.0
20260709_130555_953075,2026-07-09T13:06:03.188,7.234921,pose,240,stand,0.0,0.0,0.0,0.0,0.0,0.0,0.0,0.0,0.06,xsens:live,-0.02990545518696308,-0.008300290443003178,-0.9995182752609253,0.47578987932099387,-1.7137709123918672,0.0,0.0,5.3250412940979,9.83323860168457,12,can0:12,2.548906087875366,5.617847442626953,,"BL_hip_joint,BR_hip_joint,FL_hip_joint,FR_hip_joint,BL_thigh_joint,BR_thigh_joint,FL_thigh_joint,FR_thigh_joint,BL_calf_joint,BR_calf_joint,FL_calf_joint,FR_calf_joint",330e02f2406e129bb6ed6ec4a6c6bcd5f80d7e7799a2ab087e81eda65d2fae69,"step=000240 mode=stand  vx= 0.000 vy= 0.000 vxy= 0.000 yaw= 0.000 speed=0.06 imu=xsens:live tilt_rp=[+0.5,-1.7]deg imu_corr=0.000 act_max= 0.000 tau_cmd= 5.325 tau_cmd_max= 9.833 cmds=12 bus=can0:12 tau_fb= 2.549 tau_fb_max= 5.618",,,,,,,,,,,,,,,,,,,,,,,,,,,,,,,,,,,,,,,,,,,,,,,,,0.0,0.0,0.0,0.0,0.0,0.0,0.0,0.0,0.0,0.0,0.0,0.0,0.0,0.0,0.0,0.0,0.0,0.0,0.0,0.0,0.0,0.0,0.0,0.0,0.013422741554677486,-0.011505207046866417,-0.01035468652844429,0.013422741554677486,0.49203935265541077,-0.494723916053772,0.4908888339996338,-0.4889712929725647,1.6498466730117798,-1.653681755065918,1.6525312662124634,-1.6529147624969482,0.047151096165180206,0.021057771518826485,-0.051271095871925354,0.026551103219389915,0.04898220673203468,0.02929776906967163,-0.005493331700563431,0.07461775839328766,-0.002288888208568096,-0.017853328958153725,-0.015564439818263054,-0.008239997550845146,0.00649540638551116,-0.006113323383033276,-0.005349157843738794,0.00687748845666647,0.49403294920921326,-0.4951792061328888,0.4936508536338806,-0.4925045967102051,1.6398990154266357,-1.6414273977279663,1.6410452127456665,-1.6414273977279663,0.0,0.0,0.0,0.0,0.0,0.0,0.0,0.0,0.0,0.0,0.0,0.0
20260709_130555_953075,2026-07-09T13:06:03.721,7.768549,pose,260,stand,0.0,0.0,0.0,0.0,0.0,0.0,0.0,0.0,0.06,xsens:live,-0.030169568955898285,-0.008072703145444393,-0.999512255191803,0.4627474652476444,-1.7289075558404854,0.0,0.0,5.5808563232421875,11.841801643371582,12,can0:12,2.467116117477417,5.335855960845947,,"BL_hip_joint,BR_hip_joint,FL_hip_joint,FR_hip_joint,BL_thigh_joint,BR_thigh_joint,FL_thigh_joint,FR_thigh_joint,BL_calf_joint,BR_calf_joint,FL_calf_joint,FR_calf_joint",330e02f2406e129bb6ed6ec4a6c6bcd5f80d7e7799a2ab087e81eda65d2fae69,"step=000260 mode=stand  vx= 0.000 vy= 0.000 vxy= 0.000 yaw= 0.000 speed=0.06 imu=xsens:live tilt_rp=[+0.5,-1.7]deg imu_corr=0.000 act_max= 0.000 tau_cmd= 5.581 tau_cmd_max= 11.842 cmds=12 bus=can0:12 tau_fb= 2.467 tau_fb_max= 5.336",,,,,,,,,,,,,,,,,,,,,,,,,,,,,,,,,,,,,,,,,,,,,,,,,0.0,0.0,0.0,0.0,0.0,0.0,0.0,0.0,0.0,0.0,0.0,0.0,0.0,0.0,0.0,0.0,0.0,0.0,0.0,0.0,0.0,0.0,0.0,0.0,0.013422741554677486,-0.011888713575899601,-0.01035468652844429,0.013422741554677486,0.48283517360687256,-0.4839857220649719,0.4832186996936798,-0.4813011586666107,1.6172486543655396,-1.6195496320724487,1.618782639503479,-1.6191661357879639,-0.025177771225571632,-0.01144444104284048,-0.03341776877641678,0.016479995101690292,-0.0238044373691082,0.06500442326068878,0.0718710869550705,0.0196844395250082,-0.11673329770565033,0.0553910955786705,-0.12314218282699585,0.06775109469890594,0.006335829384624958,-0.0059631336480379105,-0.005217741709202528,0.006708525121212006,0.4818957448005676,-0.4830138087272644,0.4815230369567871,-0.48040494322776794,1.5996105670928955,-1.6011013984680176,1.6007286310195923,-1.6011013984680176,0.0,0.0,0.0,0.0,0.0,0.0,0.0,0.0,0.0,0.0,0.0,0.0
20260709_130555_953075,2026-07-09T13:06:04.256,8.303779,pose,280,stand,0.0,0.0,0.0,0.0,0.0,0.0,0.0,0.0,0.06,xsens:live,-0.028940899297595024,-0.009102417156100273,-0.9995396733283997,0.5217558483749113,-1.6584916858763916,0.0,0.0,6.318471431732178,13.850299835205078,12,can0:12,2.396008253097534,5.009918689727783,,"BL_hip_joint,BR_hip_joint,FL_hip_joint,FR_hip_joint,BL_thigh_joint,BR_thigh_joint,FL_thigh_joint,FR_thigh_joint,BL_calf_joint,BR_calf_joint,FL_calf_joint,FR_calf_joint",330e02f2406e129bb6ed6ec4a6c6bcd5f80d7e7799a2ab087e81eda65d2fae69,"step=000280 mode=stand  vx= 0.000 vy= 0.000 vxy= 0.000 yaw= 0.000 speed=0.06 imu=xsens:live tilt_rp=[+0.5,-1.7]deg imu_corr=0.000 act_max= 0.000 tau_cmd= 6.318 tau_cmd_max= 13.850 cmds=12 bus=can0:12 tau_fb= 2.396 tau_fb_max= 5.010",,,,,,,,,,,,,,,,,,,,,,,,,,,,,,,,,,,,,,,,,,,,,,,,,0.0,0.0,0.0,0.0,0.0,0.0,0.0,0.0,0.0,0.0,0.0,0.0,0.0,0.0,0.0,0.0,0.0,0.0,0.0,0.0,0.0,0.0,0.0,0.0,0.013422741554677486,-0.011505207046866417,-0.01035468652844429,0.013422741554677486,0.4636598527431488,-0.46519386768341064,0.4621258080005646,-0.46059179306030273,1.5486009120941162,-1.5505183935165405,1.5501348972320557,-1.5505183935165405,0.014191106893122196,-0.02929776906967163,-0.06866664439439774,0.05264442786574364,-0.07324442267417908,0.0032044434919953346,-0.026551103219389915,-0.009155552834272385,-0.21011993288993835,0.14511550962924957,-0.1666310578584671,0.09155552834272385,0.006045194808393717,-0.005689594894647598,-0.0049783955328166485,0.006400793790817261,0.4597903788089752,-0.46085718274116516,0.45943477749824524,-0.4583679735660553,1.5262337923049927,-1.5276561975479126,1.5273005962371826,-1.5276561975479126,0.0,0.0,0.0,0.0,0.0,0.0,0.0,0.0,0.0,0.0,0.0,0.0
20260709_130555_953075,2026-07-09T13:06:04.781,8.828664,pose,300,stand,0.0,0.0,0.0,0.0,0.0,0.0,0.0,0.0,0.06,xsens:live,-0.02959483116865158,-0.0083670224994421,-0.9995269775390625,0.47961074582998453,-1.6959658932380663,0.0,0.0,7.164700984954834,14.787275314331055,12,can0:12,2.751549005508423,5.518967151641846,,"BL_hip_joint,BR_hip_joint,FL_hip_joint,FR_hip_joint,BL_thigh_joint,BR_thigh_joint,FL_thigh_joint,FR_thigh_joint,BL_calf_joint,BR_calf_joint,FL_calf_joint,FR_calf_joint",330e02f2406e129bb6ed6ec4a6c6bcd5f80d7e7799a2ab087e81eda65d2fae69,"step=000300 mode=stand  vx= 0.000 vy= 0.000 vxy= 0.000 yaw= 0.000 speed=0.06 imu=xsens:live tilt_rp=[+0.5,-1.7]deg imu_corr=0.000 act_max= 0.000 tau_cmd= 7.165 tau_cmd_max= 14.787 cmds=12 bus=can0:12 tau_fb= 2.752 tau_fb_max= 5.519",,,,,,,,,,,,,,,,,,,,,,,,,,,,,,,,,,,,,,,,,,,,,,,,,0.0,0.0,0.0,0.0,0.0,0.0,0.0,0.0,0.0,0.0,0.0,0.0,0.0,0.0,0.0,0.0,0.0,0.0,0.0,0.0,0.0,0.0,0.0,0.0,0.013039235025644302,-0.011121700517833233,-0.009971179068088531,0.013039235025644302,0.43528032302856445,-0.4356638491153717,0.4345133304595947,-0.43336281180381775,1.4523406028747559,-1.4534912109375,1.4534912109375,-1.4538747072219849,0.05081331729888916,0.014191106893122196,-0.0009155552834272385,-0.0476088747382164,-0.10940885543823242,-0.01235999632626772,-0.1506088376045227,0.004577776417136192,-0.1744132786989212,0.15243995189666748,-0.1661732792854309,0.17029328644275665,0.005644732620567083,-0.005312689580023289,-0.0046486034989356995,0.005976775661110878,0.4293317198753357,-0.4303278625011444,0.428999662399292,-0.42800354957580566,1.4251289367675781,-1.426457166671753,1.4261250495910645,-1.426457166671753,0.0,0.0,0.0,0.0,0.0,0.0,0.0,0.0,0.0,0.0,0.0,0.0
20260709_130555_953075,2026-07-09T13:06:05.296,9.343700,pose,320,stand,0.0,0.0,0.0,0.0,0.0,0.0,0.0,0.0,0.06,xsens:live,-0.029675079509615898,-0.008711817674338818,-0.9995216727256775,0.4993766107667097,-1.7005709404092881,0.0,0.0,6.823482513427734,15.965611457824707,12,can0:12,2.7866451740264893,6.60298490524292,,"BL_hip_joint,BR_hip_joint,FL_hip_joint,FR_hip_joint,BL_thigh_joint,BR_thigh_joint,FL_thigh_joint,FR_thigh_joint,BL_calf_joint,BR_calf_joint,FL_calf_joint,FR_calf_joint",330e02f2406e129bb6ed6ec4a6c6bcd5f80d7e7799a2ab087e81eda65d2fae69,"step=000320 mode=stand  vx= 0.000 vy= 0.000 vxy= 0.000 yaw= 0.000 speed=0.06 imu=xsens:live tilt_rp=[+0.5,-1.7]deg imu_corr=0.000 act_max= 0.000 tau_cmd= 6.823 tau_cmd_max= 15.966 cmds=12 bus=can0:12 tau_fb= 2.787 tau_fb_max= 6.603",,,,,,,,,,,,,,,,,,,,,,,,,,,,,,,,,,,,,,,,,,,,,,,,,0.0,0.0,0.0,0.0,0.0,0.0,0.0,0.0,0.0,0.0,0.0,0.0,0.0,0.0,0.0,0.0,0.0,0.0,0.0,0.0,0.0,0.0,0.0,0.0,0.012655727565288544,-0.011121700517833233,-0.009587672539055347,0.012655727565288544,0.3992306888103485,-0.3996141850948334,0.39808017015457153,-0.3973131477832794,1.3315359354019165,-1.3319194316864014,1.3311524391174316,-1.3323029279708862,-0.08606220036745071,0.00595110934227705,-0.008697775192558765,-0.004577776417136192,-0.07644886523485184,0.053559985011816025,-0.05722220614552498,-0.00595110934227705,-0.17899106442928314,0.1986754983663559,-0.24216437339782715,0.18631550669670105,0.005155675113201141,-0.0048524001613259315,-0.004245850257575512,0.005458950065076351,0.3921346068382263,-0.3930444121360779,0.39183130860328674,-0.3909214735031128,1.3016563653945923,-1.3028695583343506,1.3025661706924438,-1.3028695583343506,0.0,0.0,0.0,0.0,0.0,0.0,0.0,0.0,0.0,0.0,0.0,0.0
20260709_130555_953075,2026-07-09T13:06:05.798,9.845062,pose,340,stand,0.0,0.0,0.0,0.0,0.0,0.0,0.0,0.0,0.06,xsens:live,-0.022429941222071648,-0.009336503222584724,-0.9997048377990723,0.5350846147607586,-1.285304758850859,0.0,0.0,9.282633781433105,36.1761360168457,12,can0:12,5.440839767456055,24.27320098876953,,"BL_hip_joint,BR_hip_joint,FL_hip_joint,FR_hip_joint,BL_thigh_joint,BR_thigh_joint,FL_thigh_joint,FR_thigh_joint,BL_calf_joint,BR_calf_joint,FL_calf_joint,FR_calf_joint",330e02f2406e129bb6ed6ec4a6c6bcd5f80d7e7799a2ab087e81eda65d2fae69,"step=000340 mode=stand  vx= 0.000 vy= 0.000 vxy= 0.000 yaw= 0.000 speed=0.06 imu=xsens:live tilt_rp=[+0.5,-1.3]deg imu_corr=0.000 act_max= 0.000 tau_cmd= 9.283 tau_cmd_max= 36.176 cmds=12 bus=can0:12 tau_fb= 5.441 tau_fb_max= 24.273",,,,,,,,,,,,,,,,,,,,,,,,,,,,,,,,,,,,,,,,,,,,,,,,,0.0,0.0,0.0,0.0,0.0,0.0,0.0,0.0,0.0,0.0,0.0,0.0,0.0,0.0,0.0,0.0,0.0,0.0,0.0,0.0,0.0,0.0,0.0,0.0,0.00076701381476596,-0.01035468652844429,-0.009204166010022163,0.01227222103625536,0.34285515546798706,-0.35896244645118713,0.3562779128551483,-0.3547438979148865,1.2191684246063232,-1.1942404508590698,1.193856954574585,-1.1946239471435547,-0.038453321903944016,0.07461775839328766,0.10803552716970444,0.03433332219719887,-0.10071108490228653,0.026551103219389915,-0.1112399697303772,0.125888854265213,-0.20325326919555664,0.21973326802253723,-0.22339549660682678,0.18127994239330292,0.0045992536470294,-0.0043287090957164764,-0.003787620458751917,0.004869797732681036,0.3498138189315796,-0.3506254553794861,0.3495432734489441,-0.3487316370010376,1.1611762046813965,-1.1622583866119385,1.1619877815246582,-1.1622583866119385,0.0,0.0,0.0,0.0,0.0,0.0,0.0,0.0,0.0,0.0,0.0,0.0
20260709_130555_953075,2026-07-09T13:06:06.321,10.368551,pose,360,stand,0.0,0.0,0.0,0.0,0.0,0.0,0.0,0.0,0.06,xsens:live,-0.003057266818359494,-0.02056295983493328,-0.9997839331626892,1.178259308561655,-0.175205795707063,0.0,0.0,12.6483736038208,50.469482421875,12,can0:12,7.444379806518555,32.945343017578125,,"BL_hip_joint,BR_hip_joint,FL_hip_joint,FR_hip_joint,BL_thigh_joint,BR_thigh_joint,FL_thigh_joint,FR_thigh_joint,BL_calf_joint,BR_calf_joint,FL_calf_joint,FR_calf_joint",330e02f2406e129bb6ed6ec4a6c6bcd5f80d7e7799a2ab087e81eda65d2fae69,"step=000360 mode=stand  vx= 0.000 vy= 0.000 vxy= 0.000 yaw= 0.000 speed=0.06 imu=xsens:live tilt_rp=[+1.2,-0.2]deg imu_corr=0.000 act_max= 0.000 tau_cmd= 12.648 tau_cmd_max= 50.469 cmds=12 bus=can0:12 tau_fb= 7.444 tau_fb_max= 32.945",,,,,,,,,,,,,,,,,,,,,,,,,,,,,,,,,,,,,,,,,,,,,,,,,0.0,0.0,0.0,0.0,0.0,0.0,0.0,0.0,0.0,0.0,0.0,0.0,0.0,0.0,0.0,0.0,0.0,0.0,0.0,0.0,0.0,0.0,0.0,0.0,-0.007286631036549807,-0.006519617512822151,-0.008820658549666405,0.011505207046866417,0.27382391691207886,-0.30757254362106323,0.3117911219596863,-0.31025707721710205,1.0872420072555542,-1.0515758991241455,1.0404542684555054,-1.0408377647399902,0.04669332131743431,-0.01831110566854477,-0.004119998775422573,0.016479995101690292,-0.09338664263486862,0.1579332798719406,0.0032044434919953346,0.05172887444496155,-0.22705771028995514,0.21835993230342865,-0.22614215314388275,0.23483993113040924,0.003996699117124081,-0.0037615990731865168,-0.003291398985311389,0.004231798462569714,0.30398422479629517,-0.30468952655792236,0.30374911427497864,-0.30304381251335144,1.0090489387512207,-1.0099893808364868,1.0097541809082031,-1.0099893808364868,0.0,0.0,0.0,0.0,0.0,0.0,0.0,0.0,0.0,0.0,0.0,0.0
20260709_130555_953075,2026-07-09T13:06:06.828,10.875198,pose,380,stand,0.0,0.0,0.0,0.0,0.0,0.0,0.0,0.0,0.06,xsens:live,0.02912624180316925,-0.03169814124703407,-0.9990730285644531,1.8172452058643973,1.6698861248178345,0.0,0.0,13.314631462097168,38.27251434326172,12,can0:12,8.410901069641113,22.25165557861328,,"BL_hip_joint,BR_hip_joint,FL_hip_joint,FR_hip_joint,BL_thigh_joint,BR_thigh_joint,FL_thigh_joint,FR_thigh_joint,BL_calf_joint,BR_calf_joint,FL_calf_joint,FR_calf_joint",330e02f2406e129bb6ed6ec4a6c6bcd5f80d7e7799a2ab087e81eda65d2fae69,"step=000380 mode=stand  vx= 0.000 vy= 0.000 vxy= 0.000 yaw= 0.000 speed=0.06 imu=xsens:live tilt_rp=[+1.8,+1.7]deg imu_corr=0.000 act_max= 0.000 tau_cmd= 13.315 tau_cmd_max= 38.273 cmds=12 bus=can0:12 tau_fb= 8.411 tau_fb_max= 22.252",,,,,,,,,,,,,,,,,,,,,,,,,,,,,,,,,,,,,,,,,,,,,,,,,0.0,0.0,0.0,0.0,0.0,0.0,0.0,0.0,0.0,0.0,0.0,0.0,0.0,0.0,0.0,0.0,0.0,0.0,0.0,0.0,0.0,0.0,0.0,0.0,-0.004602083005011082,-0.003835069015622139,-0.0019175345078110695,0.00038350690738298,0.2531145513057709,-0.27382391691207886,0.279960036277771,-0.28494563698768616,0.9108288884162903,-0.8966391086578369,0.8993237018585205,-0.9127464294433594,0.025177771225571632,0.021057771518826485,-0.05264442786574364,0.020142216235399246,-0.13321329653263092,0.12451551854610443,-0.17075106501579285,0.1501510739326477,-0.1908932775259018,0.2627643644809723,-0.2838221490383148,0.2371288239955902,0.0033692428842186928,-0.003171052085235715,-0.002774670487269759,0.003567433450371027,0.25626063346862793,-0.25685521960258484,0.25606244802474976,-0.25546789169311523,0.8506346940994263,-0.8514274954795837,0.8512292504310608,-0.8514274954795837,0.0,0.0,0.0,0.0,0.0,0.0,0.0,0.0,0.0,0.0,0.0,0.0
20260709_130555_953075,2026-07-09T13:06:07.327,11.374619,pose,400,stand,0.0,0.0,0.0,0.0,0.0,0.0,0.0,0.0,0.06,xsens:live,0.02457498572766781,-0.03058844804763794,-0.9992299675941467,1.7533920033336912,1.408844032199136,0.0,0.0,12.93055248260498,33.3405876159668,12,can0:12,7.122714996337891,19.039888381958008,,"BL_hip_joint,BR_hip_joint,FL_hip_joint,FR_hip_joint,BL_thigh_joint,BR_thigh_joint,FL_thigh_joint,FR_thigh_joint,BL_calf_joint,BR_calf_joint,FL_calf_joint,FR_calf_joint",330e02f2406e129bb6ed6ec4a6c6bcd5f80d7e7799a2ab087e81eda65d2fae69,"step=000400 mode=stand  vx= 0.000 vy= 0.000 vxy= 0.000 yaw= 0.000 speed=0.06 imu=xsens:live tilt_rp=[+1.8,+1.4]deg imu_corr=0.000 act_max= 0.000 tau_cmd= 12.931 tau_cmd_max= 33.341 cmds=12 bus=can0:12 tau_fb= 7.123 tau_fb_max= 19.040",,,,,,,,,,,,,,,,,,,,,,,,,,,,,,,,,,,,,,,,,,,,,,,,,0.0,0.0,0.0,0.0,0.0,0.0,0.0,0.0,0.0,0.0,0.0,0.0,0.0,0.0,0.0,0.0,0.0,0.0,0.0,0.0,0.0,0.0,0.0,0.0,-0.00421857601031661,-0.002301041502505541,-0.0019175345078110695,-0.00038350690738298,0.20402567088603973,-0.22550205886363983,0.2266525775194168,-0.23278868198394775,0.7493724822998047,-0.7405518293380737,0.7394012808799744,-0.7512900233268738,-0.061342205852270126,-0.07690664380788803,-0.07827997952699661,0.04440443217754364,-0.12131107598543167,0.03570665791630745,-0.14923551678657532,0.09979552775621414,-0.2838221490383148,0.34607988595962524,-0.27283546328544617,0.34653767943382263,0.0027381163090467453,-0.0025770505890250206,-0.002254919148981571,0.0028991815634071827,0.20825791358947754,-0.20874109864234924,0.20809683203697205,-0.20761361718177795,0.6912937760353088,-0.6919381022453308,0.6917769908905029,-0.6919381022453308,0.0,0.0,0.0,0.0,0.0,0.0,0.0,0.0,0.0,0.0,0.0,0.0
20260709_130555_953075,2026-07-09T13:06:07.830,11.877655,pose,420,stand,0.0,0.0,0.0,0.0,0.0,0.0,0.0,0.0,0.06,xsens:live,0.02067665010690689,-0.02638055570423603,-0.9994381070137024,1.5119932004046452,1.185181757412769,0.0,0.0,11.442814826965332,33.72410583496094,12,can0:12,6.613666534423828,17.677541732788086,,"BL_hip_joint,BR_hip_joint,FL_hip_joint,FR_hip_joint,BL_thigh_joint,BR_thigh_joint,FL_thigh_joint,FR_thigh_joint,BL_calf_joint,BR_calf_joint,FL_calf_joint,FR_calf_joint",330e02f2406e129bb6ed6ec4a6c6bcd5f80d7e7799a2ab087e81eda65d2fae69,"step=000420 mode=stand  vx= 0.000 vy= 0.000 vxy= 0.000 yaw= 0.000 speed=0.06 imu=xsens:live tilt_rp=[+1.5,+1.2]deg imu_corr=0.000 act_max= 0.000 tau_cmd= 11.443 tau_cmd_max= 33.724 cmds=12 bus=can0:12 tau_fb= 6.614 tau_fb_max= 17.678",,,,,,,,,,,,,,,,,,,,,,,,,,,,,,,,,,,,,,,,,,,,,,,,,0.0,0.0,0.0,0.0,0.0,0.0,0.0,0.0,0.0,0.0,0.0,0.0,0.0,0.0,0.0,0.0,0.0,0.0,0.0,0.0,0.0,0.0,0.0,0.0,-0.00306805525906384,-0.0019175345078110695,-0.0019175345078110695,-0.00038350690738298,0.15915536880493164,-0.1764131784439087,0.17871421575546265,-0.1829327940940857,0.588299572467804,-0.5821634531021118,0.5825470089912415,-0.5913676619529724,0.02609332650899887,-0.07507553696632385,0.00045777764171361923,0.05310220643877983,-0.1185644119977951,0.0631733164191246,-0.12268441170454025,0.036164432764053345,-0.2549821436405182,0.35294654965400696,-0.3273110091686249,0.1982177197933197,0.0021245512180030346,-0.001999577507376671,-0.001749630318954587,0.002249524462968111,0.1615908443927765,-0.16196578741073608,0.16146588325500488,-0.16109097003936768,0.5363866090774536,-0.5368865728378296,0.5367615222930908,-0.5368865728378296,0.0,0.0,0.0,0.0,0.0,0.0,0.0,0.0,0.0,0.0,0.0,0.0
20260709_130555_953075,2026-07-09T13:06:08.357,12.404818,pose,440,stand,0.0,0.0,0.0,0.0,0.0,0.0,0.0,0.0,0.06,xsens:live,0.017159128561615944,-0.022778917104005814,-0.9995932579040527,1.3054409404605978,0.983449104324881,0.0,0.0,10.940357208251953,27.533245086669922,12,can0:12,5.346843242645264,15.776848793029785,,"BL_hip_joint,BR_hip_joint,FL_hip_joint,FR_hip_joint,BL_thigh_joint,BR_thigh_joint,FL_thigh_joint,FR_thigh_joint,BL_calf_joint,BR_calf_joint,FL_calf_joint,FR_calf_joint",330e02f2406e129bb6ed6ec4a6c6bcd5f80d7e7799a2ab087e81eda65d2fae69,"step=000440 mode=stand  vx= 0.000 vy= 0.000 vxy= 0.000 yaw= 0.000 speed=0.06 imu=xsens:live tilt_rp=[+1.3,+1.0]deg imu_corr=0.000 act_max= 0.000 tau_cmd= 10.940 tau_cmd_max= 27.533 cmds=12 bus=can0:12 tau_fb= 5.347 tau_fb_max= 15.777",,,,,,,,,,,,,,,,,,,,,,,,,,,,,,,,,,,,,,,,,,,,,,,,,0.0,0.0,0.0,0.0,0.0,0.0,0.0,0.0,0.0,0.0,0.0,0.0,0.0,0.0,0.0,0.0,0.0,0.0,0.0,0.0,0.0,0.0,0.0,0.0,-0.00306805525906384,-0.00153402762953192,-0.0011505207512527704,-0.00038350690738298,0.11696960777044296,-0.13077585399150848,0.1315428614616394,-0.1361449509859085,0.43528032302856445,-0.43259578943252563,0.43259578943252563,-0.43911540508270264,-0.07553330808877945,0.025635547935962677,0.005493331700563431,-0.04257332161068916,-0.04943998530507088,0.0398266538977623,-0.03021332435309887,0.15518662333488464,-0.1519821733236313,0.18082216382026672,-0.13733328878879547,0.24811547994613647,0.001549778040498495,-0.0014586145989596844,-0.001276287715882063,0.0016409410163760185,0.11787429451942444,-0.11814776062965393,0.11778309941291809,-0.1175096333026886,0.39127326011657715,-0.39163804054260254,0.3915468454360962,-0.39163804054260254,0.0,0.0,0.0,0.0,0.0,0.0,0.0,0.0,0.0,0.0,0.0,0.0
20260709_130555_953075,2026-07-09T13:06:08.880,12.927787,pose,460,stand,0.0,0.0,0.0,0.0,0.0,0.0,0.0,0.0,0.06,xsens:live,0.01360026840120554,-0.019067201763391495,-0.9997256994247437,1.0926374633357427,0.7794037049726644,0.0,0.0,7.550710678100586,23.437562942504883,12,can0:12,4.493545055389404,13.359783172607422,,"BL_hip_joint,BR_hip_joint,FL_hip_joint,FR_hip_joint,BL_thigh_joint,BR_thigh_joint,FL_thigh_joint,FR_thigh_joint,BL_calf_joint,BR_calf_joint,FL_calf_joint,FR_calf_joint",330e02f2406e129bb6ed6ec4a6c6bcd5f80d7e7799a2ab087e81eda65d2fae69,"step=000460 mode=stand  vx= 0.000 vy= 0.000 vxy= 0.000 yaw= 0.000 speed=0.06 imu=xsens:live tilt_rp=[+1.1,+0.8]deg imu_corr=0.000 act_max= 0.000 tau_cmd= 7.551 tau_cmd_max= 23.438 cmds=12 bus=can0:12 tau_fb= 4.494 tau_fb_max= 13.360",,,,,,,,,,,,,,,,,,,,,,,,,,,,,,,,,,,,,,,,,,,,,,,,,0.0,0.0,0.0,0.0,0.0,0.0,0.0,0.0,0.0,0.0,0.0,0.0,0.0,0.0,0.0,0.0,0.0,0.0,0.0,0.0,0.0,0.0,0.0,0.0,-0.0026845482643693686,-0.0011505207512527704,-0.0011505207512527704,-0.0,0.08091995865106583,-0.0885900929570198,0.0885900929570198,-0.09012412279844284,0.2968343496322632,-0.29721784591674805,0.2976013422012329,-0.30258694291114807,0.021057771518826485,-0.004119998775422573,0.027924437075853348,-0.02929776906967163,-0.0013733329251408577,0.04577776417136192,-0.10254219174385071,0.10803552716970444,-0.252235472202301,0.19363994896411896,-0.2682577073574066,0.20371104776859283,0.0010350290685892105,-0.0009741447865962982,-0.0008523766882717609,0.0010959128849208355,0.07872307300567627,-0.07890573143959045,0.07866218686103821,-0.07847952842712402,0.26131439208984375,-0.261557936668396,0.26149702072143555,-0.261557936668396,0.0,0.0,0.0,0.0,0.0,0.0,0.0,0.0,0.0,0.0,0.0,0.0
20260709_130555_953075,2026-07-09T13:06:09.389,13.436321,pose,480,stand,0.0,0.0,0.0,0.0,0.0,0.0,0.0,0.0,0.06,xsens:live,0.010106729343533516,-0.015599390491843224,-0.9998272657394409,0.8938611264317994,0.5791532534132242,0.0,0.0,6.3559088706970215,20.58808708190918,12,can0:12,3.8972136974334717,12.854395866394043,,"BL_hip_joint,BR_hip_joint,FL_hip_joint,FR_hip_joint,BL_thigh_joint,BR_thigh_joint,FL_thigh_joint,FR_thigh_joint,BL_calf_joint,BR_calf_joint,FL_calf_joint,FR_calf_joint",330e02f2406e129bb6ed6ec4a6c6bcd5f80d7e7799a2ab087e81eda65d2fae69,"step=000480 mode=stand  vx= 0.000 vy= 0.000 vxy= 0.000 yaw= 0.000 speed=0.06 imu=xsens:live tilt_rp=[+0.9,+0.6]deg imu_corr=0.000 act_max= 0.000 tau_cmd= 6.356 tau_cmd_max= 20.588 cmds=12 bus=can0:12 tau_fb= 3.897 tau_fb_max= 12.854",,,,,,,,,,,,,,,,,,,,,,,,,,,,,,,,,,,,,,,,,,,,,,,,,0.0,0.0,0.0,0.0,0.0,0.0,0.0,0.0,0.0,0.0,0.0,0.0,0.0,0.0,0.0,0.0,0.0,0.0,0.0,0.0,0.0,0.0,0.0,0.0,-0.002301041502505541,-0.0011505207512527704,-0.0011505207512527704,0.00038350690738298,0.04793836176395416,-0.05215694010257721,0.05138992518186569,-0.051006417721509933,0.17948122322559357,-0.18216577172279358,0.18331630527973175,-0.18638435006141663,-0.036164432764053345,-0.025635547935962677,0.021973326802253723,0.06912442296743393,-0.07644886523485184,0.08194220066070557,-0.10391552746295929,0.07003998011350632,-0.13183996081352234,0.20783105492591858,-0.25818657875061035,0.14419995248317719,0.0006015347316861153,-0.0005661500617861748,-0.0004953811876475811,0.0006369189359247684,0.04575201869010925,-0.045858174562454224,0.04571661353111267,-0.0456104576587677,0.1518697738647461,-0.15201127529144287,0.1519758701324463,-0.15201127529144287,0.0,0.0,0.0,0.0,0.0,0.0,0.0,0.0,0.0,0.0,0.0,0.0
20260709_130555_953075,2026-07-09T13:06:09.894,13.941339,pose,500,stand,0.0,0.0,0.0,0.0,0.0,0.0,0.0,0.0,0.06,xsens:live,0.007303239312022924,-0.0129845654591918,-0.9998890161514282,0.744001556393783,0.4184837933090729,0.0,0.0,5.448940277099609,16.92636489868164,12,can0:12,3.7592697143554688,10.320138931274414,,"BL_hip_joint,BR_hip_joint,FL_hip_joint,FR_hip_joint,BL_thigh_joint,BR_thigh_joint,FL_thigh_joint,FR_thigh_joint,BL_calf_joint,BR_calf_joint,FL_calf_joint,FR_calf_joint",330e02f2406e129bb6ed6ec4a6c6bcd5f80d7e7799a2ab087e81eda65d2fae69,"step=000500 mode=stand  vx= 0.000 vy= 0.000 vxy= 0.000 yaw= 0.000 speed=0.06 imu=xsens:live tilt_rp=[+0.7,+0.4]deg imu_corr=0.000 act_max= 0.000 tau_cmd= 5.449 tau_cmd_max= 16.926 cmds=12 bus=can0:12 tau_fb= 3.759 tau_fb_max= 10.320",,,,,,,,,,,,,,,,,,,,,,,,,,,,,,,,,,,,,,,,,,,,,,,,,0.0,0.0,0.0,0.0,0.0,0.0,0.0,0.0,0.0,0.0,0.0,0.0,0.0,0.0,0.0,0.0,0.0,0.0,0.0,0.0,0.0,0.0,0.0,0.0,-0.002301041502505541,-0.00076701381476596,-0.00076701381476596,0.00038350690738298,0.02416093461215496,-0.02416093461215496,0.02147638611495495,-0.019942358136177063,0.08820658922195435,-0.0924251601099968,0.09395918995141983,-0.09587672352790833,-0.040742211043834686,0.01144444104284048,-0.010071108117699623,-0.002288888208568096,-0.062257759273052216,0.024262215942144394,0.001831110566854477,-0.02059999480843544,-0.08789330720901489,0.03891110047698021,-0.1579332798719406,0.1029999703168869,0.00027052685618400574,-0.00025461334735155106,-0.000222786795347929,0.0002864398993551731,0.02057594060897827,-0.02062368392944336,0.020560026168823242,-0.020512282848358154,0.06830000877380371,-0.06836366653442383,0.06834781169891357,-0.06836366653442383,0.0,0.0,0.0,0.0,0.0,0.0,0.0,0.0,0.0,0.0,0.0,0.0
20260709_130555_953075,2026-07-09T13:06:10.420,14.467583,pose,520,stand,0.0,0.0,0.0,0.0,0.0,0.0,0.0,0.0,0.06,xsens:live,0.005461939610540867,-0.011352336034178734,-0.9999207258224487,0.6504645631719517,0.31296778544765724,0.010876178741455078,0.04350471496582031,6.496551990509033,16.028976440429688,12,can0:12,3.905453681945801,10.455641746520996,,"BL_hip_joint,BR_hip_joint,FL_hip_joint,FR_hip_joint,BL_thigh_joint,BR_thigh_joint,FL_thigh_joint,FR_thigh_joint,BL_calf_joint,BR_calf_joint,FL_calf_joint,FR_calf_joint",330e02f2406e129bb6ed6ec4a6c6bcd5f80d7e7799a2ab087e81eda65d2fae69,"step=000520 mode=stand  vx= 0.000 vy= 0.000 vxy= 0.000 yaw= 0.000 speed=0.06 imu=xsens:live tilt_rp=[+0.7,+0.3]deg imu_corr=0.011 act_max= 0.044 tau_cmd= 6.497 tau_cmd_max= 16.029 cmds=12 bus=can0:12 tau_fb= 3.905 tau_fb_max= 10.456",0.0,0.0,0.0,0.0,0.0,0.0,0.005461939610540867,-0.011352336034178734,-0.9999207258224487,0.0,0.0,0.0,0.0,0.0,0.0,0.0,0.0,0.0,0.0,0.0,0.0,0.0,0.0,0.0,0.0,0.0,0.0,0.0,0.0,0.0,0.0,0.0,0.0,0.0,0.0,0.0,0.0,0.0,0.0,0.0,0.0,0.0,0.0,0.0,0.0,0.0,0.0,0.0,0.24245543777942657,-0.9124205112457275,-0.15239053964614868,0.9186813831329346,0.2670150697231293,-0.2611269950866699,0.4185599088668823,-0.0666031613945961,-1.1399645805358887,0.7145102024078369,-0.7689652442932129,1.011331558227539,-0.03112061321735382,-0.04350471496582031,0.02566935122013092,0.011354267597198486,0.012910842895507812,-0.008245587348937988,0.0045326948165893555,-0.013116221874952316,0.0011345148086547852,0.01384437084197998,-0.01870858669281006,-0.01629328727722168,-0.002301041502505541,-0.00038350690738298,-0.00038350690738298,-0.0,0.008820658549666405,-0.004985589534044266,0.002301041502505541,0.0011505207512527704,0.02837951108813286,-0.03221457824110985,0.03374860808253288,-0.036049649119377136,0.014191106893122196,0.062257759273052216,0.016937773674726486,0.010986663401126862,0.05813775956630707,0.061342205852270126,-0.020142216235399246,0.10620441287755966,-0.059968870133161545,0.18127994239330292,-0.022431105375289917,0.0787377581000328,-0.0077169169671833515,-0.010935695841908455,0.006365260574966669,0.0029055229388177395,0.008037388324737549,-0.0068822503089904785,0.005939126014709473,-0.008073861710727215,0.016248971223831177,-0.012519150972366333,0.01129940152168274,-0.020053565502166748,0.0,0.0,0.0,0.0,0.0,0.0,0.0,0.0,0.0,0.0,0.0,0.0
20260709_130555_953075,2026-07-09T13:06:10.967,15.013950,pose,540,stand,0.0,0.0,0.0,0.0,0.0,0.0,0.0,0.0,0.06,xsens:live,0.004717696458101273,-0.008146998472511768,-0.9999557137489319,0.46679897296942163,0.27031406176313644,0.008065134286880493,0.03226053714752197,3.7164409160614014,9.842714309692383,12,can0:12,3.5584583282470703,9.613330841064453,,"BL_hip_joint,BR_hip_joint,FL_hip_joint,FR_hip_joint,BL_thigh_joint,BR_thigh_joint,FL_thigh_joint,FR_thigh_joint,BL_calf_joint,BR_calf_joint,FL_calf_joint,FR_calf_joint",330e02f2406e129bb6ed6ec4a6c6bcd5f80d7e7799a2ab087e81eda65d2fae69,"step=000540 mode=stand  vx= 0.000 vy= 0.000 vxy= 0.000 yaw= 0.000 speed=0.06 imu=xsens:live tilt_rp=[+0.5,+0.3]deg imu_corr=0.008 act_max= 0.032 tau_cmd= 3.716 tau_cmd_max= 9.843 cmds=12 bus=can0:12 tau_fb= 3.558 tau_fb_max= 9.613",0.0,0.0,0.0,0.0,0.0,0.0,0.004717696458101273,-0.008146998472511768,-0.9999557137489319,0.0,0.0,0.0,0.0,0.0,0.0,0.0,0.0,0.0,0.0,0.0,0.0,0.0,0.0,0.0,0.0,0.0,0.0,0.0,0.0,0.0,0.0,0.0,0.0,0.0,0.0,0.0,0.0,0.0,0.0,0.0,0.0,0.0,0.0,0.0,0.0,0.0,0.0,0.0,0.25182849168777466,-0.9011763334274292,-0.15919522941112518,0.9150333404541016,0.2634202837944031,-0.25896281003952026,0.4170965254306793,-0.06264624744653702,-1.1404081583023071,0.7102065682411194,-0.7636885643005371,1.0157876014709473,-0.021747559309005737,-0.03226053714752197,0.01886466145515442,0.0077062249183654785,0.009316056966781616,-0.00608140230178833,0.0030693113803863525,-0.009159307926893234,0.0006909370422363281,0.009540736675262451,-0.013431906700134277,-0.011837244033813477,-0.007286631036549807,-0.007286631036549807,0.003835069015622139,0.0026845482643693686,0.00421857601031661,0.0011505207512527704,-0.004985589534044266,0.00843715202063322,0.006519617512822151,-0.009971179068088531,0.009971179068088531,-0.01687430404126644,-0.061342205852270126,-0.0027466658502817154,-0.02700888179242611,0.02929776906967163,0.007782219909131527,0.013275551609694958,0.022431105375289917,0.004577776417136192,-0.03479110077023506,0.030671102926135063,-0.016022218391299248,0.016479995101690292,-0.005436889827251434,-0.008065134286880493,0.004716165363788605,0.0019265562295913696,0.002329014241695404,-0.0015203505754470825,0.0007673278450965881,-0.0022898269817233086,0.00017273426055908203,0.0,0.0,-0.002959311008453369,0.0,0.0,0.0,0.0,0.0,0.0,0.0,0.0,0.0,0.0,0.0,0.0
20260709_130555_953075,2026-07-09T13:06:11.505,15.552110,pose,560,stand,0.0,0.0,0.0,0.0,0.0,0.0,0.0,0.0,0.06,xsens:live,0.0047542378306388855,-0.008159440942108631,-0.999955415725708,0.4675119974733285,0.2724078551330706,0.008085682988166809,0.032342731952667236,3.9556853771209717,8.802642822265625,12,can0:12,3.848994493484497,10.711997032165527,,"BL_hip_joint,BR_hip_joint,FL_hip_joint,FR_hip_joint,BL_thigh_joint,BR_thigh_joint,FL_thigh_joint,FR_thigh_joint,BL_calf_joint,BR_calf_joint,FL_calf_joint,FR_calf_joint",330e02f2406e129bb6ed6ec4a6c6bcd5f80d7e7799a2ab087e81eda65d2fae69,"step=000560 mode=stand  vx= 0.000 vy= 0.000 vxy= 0.000 yaw= 0.000 speed=0.06 imu=xsens:live tilt_rp=[+0.5,+0.3]deg imu_corr=0.008 act_max= 0.032 tau_cmd= 3.956 tau_cmd_max= 8.803 cmds=12 bus=can0:12 tau_fb= 3.849 tau_fb_max= 10.712",0.0,0.0,0.0,0.0,0.0,0.0,0.0047542378306388855,-0.008159440942108631,-0.999955415725708,0.0,0.0,0.0,0.0,0.0,0.0,0.0,0.0,0.0,0.0,0.0,0.0,0.0,0.0,0.0,0.0,0.0,0.0,0.0,0.0,0.0,0.0,0.0,0.0,0.0,0.0,0.0,0.0,0.0,0.0,0.0,0.0,0.0,0.0,0.0,0.0,0.0,0.0,0.0,0.25182420015335083,-0.9012585282325745,-0.15914978086948395,0.915030837059021,0.26343536376953125,-0.2589722275733948,0.4170893132686615,-0.06264857947826385,-1.1404136419296265,0.7102028131484985,-0.7636995315551758,1.0157694816589355,-0.021751850843429565,-0.032342731952667236,0.018910109996795654,0.007703721523284912,0.00933113694190979,-0.006090819835662842,0.0030620992183685303,-0.009161639958620071,0.0006854534149169922,0.009536981582641602,-0.01344287395477295,-0.011855363845825195,-0.006903124041855335,-0.007286631036549807,0.0034515620209276676,0.0026845482643693686,0.0034515620209276676,0.00153402762953192,-0.0057526035234332085,0.008820658549666405,0.00613611051812768,-0.009587672539055347,0.009587672539055347,-0.016107289120554924,0.009155552834272385,0.02609332650899887,-0.02151555009186268,0.0238044373691082,-0.007782219909131527,0.032959990203380585,-0.016022218391299248,-0.04348887503147125,0.0315866582095623,-0.03250221163034439,0.03387554734945297,0.02929776906967163,-0.005437962710857391,-0.008085682988166809,0.004727527499198914,0.001925930380821228,0.0023327842354774475,-0.0015227049589157104,0.0007655248045921326,-0.002290409989655018,0.00017136335372924805,0.0,0.0,-0.002963840961456299,0.0,0.0,0.0,0.0,0.0,0.0,0.0,0.0,0.0,0.0,0.0,0.0
20260709_130555_953075,2026-07-09T13:06:12.037,16.084485,pose,580,stand,0.0,0.0,0.0,0.0,0.0,0.0,0.0,0.0,0.06,xsens:live,0.004812519531697035,-0.008000150322914124,-0.9999564290046692,0.4583850417581359,0.2757469436816559,0.007972732186317444,0.031890928745269775,4.1653547286987305,10.574504852294922,12,can0:12,3.379619598388672,9.745170593261719,,"BL_hip_joint,BR_hip_joint,FL_hip_joint,FR_hip_joint,BL_thigh_joint,BR_thigh_joint,FL_thigh_joint,FR_thigh_joint,BL_calf_joint,BR_calf_joint,FL_calf_joint,FR_calf_joint",330e02f2406e129bb6ed6ec4a6c6bcd5f80d7e7799a2ab087e81eda65d2fae69,"step=000580 mode=stand  vx= 0.000 vy= 0.000 vxy= 0.000 yaw= 0.000 speed=0.06 imu=xsens:live tilt_rp=[+0.5,+0.3]deg imu_corr=0.008 act_max= 0.032 tau_cmd= 4.165 tau_cmd_max= 10.575 cmds=12 bus=can0:12 tau_fb= 3.380 tau_fb_max= 9.745",0.0,0.0,0.0,0.0,0.0,0.0,0.004812519531697035,-0.008000150322914124,-0.9999564290046692,0.0,0.0,0.0,0.0,0.0,0.0,0.0,0.0,0.0,0.0,0.0,0.0,0.0,0.0,0.0,0.0,0.0,0.0,0.0,0.0,0.0,0.0,0.0,0.0,0.0,0.0,0.0,0.0,0.0,0.0,0.0,0.0,0.0,0.0,0.0,0.0,0.0,0.0,0.0,0.25238555669784546,-0.900806725025177,-0.15943698585033417,0.9148053526878357,0.26326051354408264,-0.25886446237564087,0.4169773757457733,-0.06241557002067566,-1.1404573917388916,0.7099295258522034,-0.7634072303771973,1.0159908533096313,-0.021190494298934937,-0.031890928745269775,0.018622905015945435,0.007478237152099609,0.009156286716461182,-0.0059830546379089355,0.0029501616954803467,-0.008928630501031876,0.0006417036056518555,0.009263694286346436,-0.013150572776794434,-0.011633992195129395,-0.006903124041855335,-0.007286631036549807,0.003835069015622139,0.0026845482643693686,0.0034515620209276676,0.00153402762953192,-0.0057526035234332085,0.008820658549666405,0.00613611051812768,-0.009587672539055347,0.009587672539055347,-0.016107289120554924,0.0013733329251408577,-0.032044436782598495,0.10574663430452347,-0.06546220183372498,0.008697775192558765,0.04898220673203468,-0.002288888208568096,-0.047151096165180206,0.009613330475986004,-0.004119998775422573,0.0553910955786705,-0.018768884241580963,-0.005297623574733734,-0.007972732186317444,0.004655726253986359,0.0018695592880249023,0.0022890716791152954,-0.0014957636594772339,0.0007375404238700867,-0.002232157625257969,0.00016042590141296387,0.0,0.0,-0.0029084980487823486,0.0,0.0,0.0,0.0,0.0,0.0,0.0,0.0,0.0,0.0,0.0,0.0
20260709_130555_953075,2026-07-09T13:06:12.580,16.627431,pose,600,stand,0.0,0.0,0.0,0.0,0.0,0.0,0.0,0.0,0.06,xsens:live,0.004793634172528982,-0.007844003848731518,-0.999957799911499,0.4494380633705525,0.2746644935737147,0.007840245962142944,0.03136098384857178,4.0019707679748535,12.651472091674805,12,can0:12,3.559373617172241,9.543747901916504,,"BL_hip_joint,BR_hip_joint,FL_hip_joint,FR_hip_joint,BL_thigh_joint,BR_thigh_joint,FL_thigh_joint,FR_thigh_joint,BL_calf_joint,BR_calf_joint,FL_calf_joint,FR_calf_joint",330e02f2406e129bb6ed6ec4a6c6bcd5f80d7e7799a2ab087e81eda65d2fae69,"step=000600 mode=stand  vx= 0.000 vy= 0.000 vxy= 0.000 yaw= 0.000 speed=0.06 imu=xsens:live tilt_rp=[+0.4,+0.3]deg imu_corr=0.008 act_max= 0.031 tau_cmd= 4.002 tau_cmd_max= 12.651 cmds=12 bus=can0:12 tau_fb= 3.559 tau_fb_max= 9.544",0.0,0.0,0.0,0.0,0.0,0.0,0.004793634172528982,-0.007844003848731518,-0.999957799911499,0.0,0.0,0.0,0.0,0.0,0.0,0.0,0.0,0.0,0.0,0.0,0.0,0.0,0.0,0.0,0.0,0.0,0.0,0.0,0.0,0.0,0.0,0.0,0.0,0.0,0.0,0.0,0.0,0.0,0.0,0.0,0.0,0.0,0.0,0.0,0.0,0.0,0.0,0.0,0.2528626024723053,-0.900276780128479,-0.1597592979669571,0.9146201610565186,0.26308590173721313,-0.258757084608078,0.416896790266037,-0.06221626698970795,-1.140482783317566,0.7097076773643494,-0.7631415128707886,1.016209363937378,-0.020713448524475098,-0.03136098384857178,0.01830059289932251,0.007293045520782471,0.008981674909591675,-0.005875676870346069,0.0028695762157440186,-0.008729327470064163,0.0006163120269775391,0.009041845798492432,-0.012884855270385742,-0.011415481567382812,-0.006903124041855335,-0.007286631036549807,0.003835069015622139,0.0026845482643693686,0.0034515620209276676,0.00153402762953192,-0.0057526035234332085,0.008820658549666405,0.0057526035234332085,-0.009587672539055347,0.009587672539055347,-0.015723783522844315,0.007324442267417908,-0.047151096165180206,-0.0636310949921608,0.01831110566854477,-0.012817773967981339,0.027466658502817154,-0.010528885759413242,-0.04440443217754364,-0.01144444104284048,-0.02471999265253544,-0.008239997550845146,-0.08331552892923355,-0.005178362131118774,-0.007840245962142944,0.0045751482248306274,0.0018232613801956177,0.0022454187273979187,-0.0014689192175865173,0.0007173940539360046,-0.002182331867516041,0.00015407800674438477,0.0,0.0,-0.002853870391845703,0.0,0.0,0.0,0.0,0.0,0.0,0.0,0.0,0.0,0.0,0.0,0.0
20260709_130555_953075,2026-07-09T13:06:13.120,17.167799,pose,620,stand,0.0,0.0,0.0,0.0,0.0,0.0,0.0,0.0,0.06,xsens:live,0.004848882090300322,-0.007797627709805965,-0.9999578595161438,0.4467809301092937,0.2778300095290264,0.0078183114528656,0.0312732458114624,4.447144031524658,12.416280746459961,12,can0:12,3.6530656814575195,10.210272789001465,,"BL_hip_joint,BR_hip_joint,FL_hip_joint,FR_hip_joint,BL_thigh_joint,BR_thigh_joint,FL_thigh_joint,FR_thigh_joint,BL_calf_joint,BR_calf_joint,FL_calf_joint,FR_calf_joint",330e02f2406e129bb6ed6ec4a6c6bcd5f80d7e7799a2ab087e81eda65d2fae69,"step=000620 mode=stand  vx= 0.000 vy= 0.000 vxy= 0.000 yaw= 0.000 speed=0.06 imu=xsens:live tilt_rp=[+0.4,+0.3]deg imu_corr=0.008 act_max= 0.031 tau_cmd= 4.447 tau_cmd_max= 12.416 cmds=12 bus=can0:12 tau_fb= 3.653 tau_fb_max= 10.210",0.0,0.0,0.0,0.0,0.0,0.0,0.004848882090300322,-0.007797627709805965,-0.9999578595161438,0.0,0.0,0.0,0.0,0.0,0.0,0.0,0.0,0.0,0.0,0.0,0.0,0.0,0.0,0.0,0.0,0.0,0.0,0.0,0.0,0.0,0.0,0.0,0.0,0.0,0.0,0.0,0.0,0.0,0.0,0.0,0.0,0.0,0.0,0.0,0.0,0.0,0.0,0.0,0.2530633211135864,-0.9001890420913696,-0.15982180833816528,0.9145366549491882,0.2630365192890167,-0.2587265372276306,0.4168492257595062,-0.06213344261050224,-1.140504002571106,0.7096045613288879,-0.7630451917648315,1.0162733793258667,-0.02051272988319397,-0.0312732458114624,0.01823808252811432,0.0072095394134521484,0.008932292461395264,-0.005845129489898682,0.002822011709213257,-0.00864650309085846,0.0005950927734375,0.008938729763031006,-0.012788534164428711,-0.011351466178894043,-0.006903124041855335,-0.007286631036549807,0.0034515620209276676,0.0026845482643693686,0.0034515620209276676,0.00153402762953192,-0.0057526035234332085,0.008820658549666405,0.0057526035234332085,-0.009587672539055347,0.009587672539055347,-0.015723783522844315,0.006408886983990669,-0.03021332435309887,-0.01831110566854477,0.025635547935962677,-0.04348887503147125,0.04303110018372536,-0.10071108490228653,-0.0032044434919953346,-0.012817773967981339,0.0393688790500164,0.0874355286359787,-0.07644886523485184,-0.005128182470798492,-0.0078183114528656,0.00455952063202858,0.0018023848533630371,0.002233073115348816,-0.0014612823724746704,0.0007055029273033142,-0.002161625772714615,0.000148773193359375,0.0,0.0,-0.0028378665447235107,0.0,0.0,0.0,0.0,0.0,0.0,0.0,0.0,0.0,0.0,0.0,0.0
20260709_130555_953075,2026-07-09T13:06:13.663,17.710138,pose,640,stand,0.0,0.0,0.0,0.0,0.0,0.0,0.0,0.0,0.06,xsens:live,0.004889840725809336,-0.007696585729718208,-0.9999584555625916,0.4409914917582038,0.28017664272403264,0.007747843861579895,0.03099137544631958,3.932072877883911,8.772610664367676,12,can0:12,3.2685325145721436,9.686574935913086,,"BL_hip_joint,BR_hip_joint,FL_hip_joint,FR_hip_joint,BL_thigh_joint,BR_thigh_joint,FL_thigh_joint,FR_thigh_joint,BL_calf_joint,BR_calf_joint,FL_calf_joint,FR_calf_joint",330e02f2406e129bb6ed6ec4a6c6bcd5f80d7e7799a2ab087e81eda65d2fae69,"step=000640 mode=stand  vx= 0.000 vy= 0.000 vxy= 0.000 yaw= 0.000 speed=0.06 imu=xsens:live tilt_rp=[+0.4,+0.3]deg imu_corr=0.008 act_max= 0.031 tau_cmd= 3.932 tau_cmd_max= 8.773 cmds=12 bus=can0:12 tau_fb= 3.269 tau_fb_max= 9.687",0.0,0.0,0.0,0.0,0.0,0.0,0.004889840725809336,-0.007696585729718208,-0.9999584555625916,0.0,0.0,0.0,0.0,0.0,0.0,0.0,0.0,0.0,0.0,0.0,0.0,0.0,0.0,0.0,0.0,0.0,0.0,0.0,0.0,0.0,0.0,0.0,0.0,0.0,0.0,0.0,0.0,0.0,0.0,0.0,0.0,0.0,0.0,0.0,0.0,0.0,0.0,0.0,0.2534235119819641,-0.8999071717262268,-0.16000176966190338,0.9143915176391602,0.26292577385902405,-0.25865811109542847,0.41677629947662354,-0.06198415160179138,-1.140532374382019,0.7094284892082214,-0.7628580331802368,1.016413927078247,-0.020152539014816284,-0.03099137544631958,0.01805812120437622,0.007064402103424072,0.008821547031402588,-0.005776703357696533,0.0027490854263305664,-0.008497212082147598,0.0005667209625244141,0.008762657642364502,-0.012601375579833984,-0.011210918426513672,-0.006903124041855335,-0.006903124041855335,0.003835069015622139,0.002301041502505541,0.0034515620209276676,0.00153402762953192,-0.0057526035234332085,0.008820658549666405,0.0057526035234332085,-0.009587672539055347,0.009587672539055347,-0.015340276062488556,0.020142216235399246,0.002288888208568096,0.07690664380788803,-0.025635547935962677,0.0068666646257042885,0.050355542451143265,-0.027466658502817154,0.06546220183372498,-0.06042664870619774,-0.0027466658502817154,0.043946653604507446,0.019226660951972008,-0.005038134753704071,-0.007747843861579895,0.004514530301094055,0.001766100525856018,0.002205386757850647,-0.0014441758394241333,0.0006872713565826416,-0.0021243030205368996,0.00014168024063110352,0.0,0.0,-0.002802729606628418,0.0,0.0,0.0,0.0,0.0,0.0,0.0,0.0,0.0,0.0,0.0,0.0
20260709_130555_953075,2026-07-09T13:06:14.196,18.243165,pose,660,stand,0.0,0.0,0.0,0.0,0.0,0.0,0.0,0.0,0.06,xsens:live,0.004684125538915396,-0.008263840340077877,-0.999954879283905,0.47349375968073554,0.26839077107248777,0.008150577545166016,0.03260231018066406,3.337385892868042,10.754619598388672,12,can0:12,3.517563581466675,9.693899154663086,,"BL_hip_joint,BR_hip_joint,FL_hip_joint,FR_hip_joint,BL_thigh_joint,BR_thigh_joint,FL_thigh_joint,FR_thigh_joint,BL_calf_joint,BR_calf_joint,FL_calf_joint,FR_calf_joint",330e02f2406e129bb6ed6ec4a6c6bcd5f80d7e7799a2ab087e81eda65d2fae69,"step=000660 mode=stand  vx= 0.000 vy= 0.000 vxy= 0.000 yaw= 0.000 speed=0.06 imu=xsens:live tilt_rp=[+0.5,+0.3]deg imu_corr=0.008 act_max= 0.033 tau_cmd= 3.337 tau_cmd_max= 10.755 cmds=12 bus=can0:12 tau_fb= 3.518 tau_fb_max= 9.694",0.0,0.0,0.0,0.0,0.0,0.0,0.004684125538915396,-0.008263840340077877,-0.999954879283905,0.0,0.0,0.0,0.0,0.0,0.0,0.0,0.0,0.0,0.0,0.0,0.0,0.0,0.0,0.0,0.0,0.0,0.0,0.0,0.0,0.0,0.0,0.0,0.0,0.0,0.0,0.0,0.0,0.0,0.0,0.0,0.0,0.0,0.0,0.0,0.0,0.0,0.0,0.0,0.2514258921146393,-0.9015181064605713,-0.15897968411445618,0.9151939749717712,0.26354870200157166,-0.25904202461242676,0.4171748459339142,-0.06281375885009766,-1.1403777599334717,0.7104018926620483,-0.7639005184173584,1.0156248807907104,-0.022150158882141113,-0.03260231018066406,0.019080206751823425,0.007866859436035156,0.009444475173950195,-0.006160616874694824,0.003147631883621216,-0.009326819330453873,0.0007213354110717773,0.009736061096191406,-0.013643860816955566,-0.011999964714050293,-0.006903124041855335,-0.006903124041855335,0.003835069015622139,0.0026845482643693686,0.003835069015622139,0.00153402762953192,-0.0057526035234332085,0.008820658549666405,0.00613611051812768,-0.009587672539055347,0.009587672539055347,-0.015340276062488556,-0.008239997550845146,-0.051271095871925354,0.0032044434919953346,-0.0013733329251408577,-0.04898220673203468,-0.013275551609694958,0.016022218391299248,0.001831110566854477,-0.03250221163034439,0.06454664468765259,0.00595110934227705,-0.041657764464616776,-0.005537539720535278,-0.008150577545166016,0.004770051687955856,0.001966714859008789,0.002361118793487549,-0.001540154218673706,0.000786907970905304,-0.002331704832613468,0.00018033385276794434,0.0,0.0,-0.0029999911785125732,0.0,0.0,0.0,0.0,0.0,0.0,0.0,0.0,0.0,0.0,0.0,0.0
20260709_130555_953075,2026-07-09T13:06:14.728,18.775082,pose,680,stand,0.0,0.0,0.0,0.0,0.0,0.0,0.0,0.0,0.06,xsens:live,0.004783654119819403,-0.008223985321819782,-0.9999547600746155,0.47121034367974834,0.27409350087817985,0.008146658539772034,0.032586634159088135,3.4505951404571533,9.166248321533203,12,can0:12,3.552659749984741,8.236335754394531,,"BL_hip_joint,BR_hip_joint,FL_hip_joint,FR_hip_joint,BL_thigh_joint,BR_thigh_joint,FL_thigh_joint,FR_thigh_joint,BL_calf_joint,BR_calf_joint,FL_calf_joint,FR_calf_joint",330e02f2406e129bb6ed6ec4a6c6bcd5f80d7e7799a2ab087e81eda65d2fae69,"step=000680 mode=stand  vx= 0.000 vy= 0.000 vxy= 0.000 yaw= 0.000 speed=0.06 imu=xsens:live tilt_rp=[+0.5,+0.3]deg imu_corr=0.008 act_max= 0.033 tau_cmd= 3.451 tau_cmd_max= 9.166 cmds=12 bus=can0:12 tau_fb= 3.553 tau_fb_max= 8.236",0.0,0.0,0.0,0.0,0.0,0.0,0.004783654119819403,-0.008223985321819782,-0.9999547600746155,0.0,0.0,0.0,0.0,0.0,0.0,0.0,0.0,0.0,0.0,0.0,0.0,0.0,0.0,0.0,0.0,0.0,0.0,0.0,0.0,0.0,0.0,0.0,0.0,0.0,0.0,0.0,0.0,0.0,0.0,0.0,0.0,0.0,0.0,0.0,0.0,0.0,0.0,0.0,0.2516484260559082,-0.9015024304389954,-0.15900492668151855,0.9150972962379456,0.26350903511047363,-0.25901710987091064,0.41711387038230896,-0.06272311508655548,-1.140407681465149,0.7102811336517334,-0.7638033628463745,1.0156790018081665,-0.021927624940872192,-0.032586634159088135,0.019054964184761047,0.007770180702209473,0.009404808282852173,-0.006135702133178711,0.003086656332015991,-0.009236175566911697,0.0006914138793945312,0.009615302085876465,-0.01354670524597168,-0.011945843696594238,-0.006903124041855335,-0.007286631036549807,0.003835069015622139,0.0026845482643693686,0.0034515620209276676,0.00153402762953192,-0.0057526035234332085,0.008820658549666405,0.00613611051812768,-0.009587672539055347,0.009587672539055347,-0.015340276062488556,0.0119022186845541,0.012817773967981339,-0.030671102926135063,-0.031128879636526108,0.021973326802253723,-0.010528885759413242,-0.013733329251408577,-0.015106662176549435,-0.04119998961687088,0.037537768483161926,0.023346660658717155,0.0027466658502817154,-0.005481906235218048,-0.008146658539772034,0.004763741046190262,0.0019425451755523682,0.002351202070713043,-0.0015339255332946777,0.0007716640830039978,-0.0023090438917279243,0.0001728534698486328,0.0,0.0,-0.0029864609241485596,0.0,0.0,0.0,0.0,0.0,0.0,0.0,0.0,0.0,0.0,0.0,0.0
20260709_130555_953075,2026-07-09T13:06:15.272,19.319240,pose,700,stand,0.0,0.0,0.0,0.0,0.0,0.0,0.0,0.0,0.06,xsens:live,0.004882424604147673,-0.00823964737355709,-0.9999541640281677,0.47210797432743196,0.27975292334458784,0.008187592029571533,0.03275036811828613,3.4543468952178955,10.315303802490234,12,can0:12,3.381145715713501,9.335001945495605,,"BL_hip_joint,BR_hip_joint,FL_hip_joint,FR_hip_joint,BL_thigh_joint,BR_thigh_joint,FL_thigh_joint,FR_thigh_joint,BL_calf_joint,BR_calf_joint,FL_calf_joint,FR_calf_joint",330e02f2406e129bb6ed6ec4a6c6bcd5f80d7e7799a2ab087e81eda65d2fae69,"step=000700 mode=stand  vx= 0.000 vy= 0.000 vxy= 0.000 yaw= 0.000 speed=0.06 imu=xsens:live tilt_rp=[+0.5,+0.3]deg imu_corr=0.008 act_max= 0.033 tau_cmd= 3.454 tau_cmd_max= 10.315 cmds=12 bus=can0:12 tau_fb= 3.381 tau_fb_max= 9.335",0.0,0.0,0.0,0.0,0.0,0.0,0.004882424604147673,-0.00823964737355709,-0.9999541640281677,0.0,0.0,0.0,0.0,0.0,0.0,0.0,0.0,0.0,0.0,0.0,0.0,0.0,0.0,0.0,0.0,0.0,0.0,0.0,0.0,0.0,0.0,0.0,0.0,0.0,0.0,0.0,0.0,0.0,0.0,0.0,0.0,0.0,0.0,0.0,0.0,0.0,0.0,0.0,0.25169411301612854,-0.9016661643981934,-0.1589195281267166,0.9150694608688354,0.2635306417942047,-0.259029746055603,0.417084276676178,-0.06270661950111389,-1.1404263973236084,0.7102439999580383,-0.7638025283813477,1.0156549215316772,-0.021881937980651855,-0.03275036811828613,0.01914036273956299,0.007742345333099365,0.009426414966583252,-0.006148338317871094,0.0030570626258850098,-0.009219679981470108,0.0006726980209350586,0.009578168392181396,-0.013545870780944824,-0.011969923973083496,-0.006903124041855335,-0.007286631036549807,0.003835069015622139,0.0026845482643693686,0.0034515620209276676,0.00153402762953192,-0.005369096528738737,0.008820658549666405,0.0057526035234332085,-0.009587672539055347,0.009587672539055347,-0.015340276062488556,-0.0196844395250082,0.04257332161068916,0.02288888208568096,-0.0050355540588498116,-0.03662221133708954,-0.013733329251408577,0.026551103219389915,-0.007782219909131527,-0.0709555372595787,0.005493331700563431,0.04531998559832573,-0.02929776906967163,-0.005470484495162964,-0.008187592029571533,0.004785090684890747,0.0019355863332748413,0.002356603741645813,-0.0015370845794677734,0.0007642656564712524,-0.002304919995367527,0.00016817450523376465,0.0,0.0,-0.002992480993270874,0.0,0.0,0.0,0.0,0.0,0.0,0.0,0.0,0.0,0.0,0.0,0.0
20260709_130555_953075,2026-07-09T13:06:15.806,19.853239,pose,720,stand,0.0,0.0,0.0,0.0,0.0,0.0,0.0,0.0,0.06,xsens:live,0.004882367327809334,-0.008147490210831165,-0.9999549388885498,0.46682750860341854,0.27974942480670856,0.008112624287605286,0.03245049715042114,3.2603800296783447,7.092899322509766,12,can0:12,3.398236036300659,8.540299415588379,,"BL_hip_joint,BR_hip_joint,FL_hip_joint,FR_hip_joint,BL_thigh_joint,BR_thigh_joint,FL_thigh_joint,FR_thigh_joint,BL_calf_joint,BR_calf_joint,FL_calf_joint,FR_calf_joint",330e02f2406e129bb6ed6ec4a6c6bcd5f80d7e7799a2ab087e81eda65d2fae69,"step=000720 mode=stand  vx= 0.000 vy= 0.000 vxy= 0.000 yaw= 0.000 speed=0.06 imu=xsens:live tilt_rp=[+0.5,+0.3]deg imu_corr=0.008 act_max= 0.032 tau_cmd= 3.260 tau_cmd_max= 7.093 cmds=12 bus=can0:12 tau_fb= 3.398 tau_fb_max= 8.540",0.0,0.0,0.0,0.0,0.0,0.0,0.004882367327809334,-0.008147490210831165,-0.9999549388885498,0.0,0.0,0.0,0.0,0.0,0.0,0.0,0.0,0.0,0.0,0.0,0.0,0.0,0.0,0.0,0.0,0.0,0.0,0.0,0.0,0.0,0.0,0.0,0.0,0.0,0.0,0.0,0.0,0.0,0.0,0.0,0.0,0.0,0.0,0.0,0.0,0.0,0.0,0.0,0.25198596715927124,-0.9013662934303284,-0.15910382568836212,0.9149548411369324,0.2634279131889343,-0.2589668929576874,0.41703277826309204,-0.06258426606655121,-1.140444040298462,0.7101064324378967,-0.7636433839797974,1.0157833099365234,-0.021590083837509155,-0.03245049715042114,0.01895606517791748,0.007627725601196289,0.009323686361312866,-0.006085485219955444,0.0030055642127990723,-0.009097326546907425,0.000655055046081543,0.009440600872039795,-0.013386726379394531,-0.011841535568237305,-0.006903124041855335,-0.007286631036549807,0.003835069015622139,0.0026845482643693686,0.0034515620209276676,0.00153402762953192,-0.0057526035234332085,0.008820658549666405,0.00613611051812768,-0.009587672539055347,0.009587672539055347,-0.015340276062488556,0.001831110566854477,0.016022218391299248,-0.014648884534835815,0.010071108117699623,0.016479995101690292,-0.02471999265253544,-0.0027466658502817154,-0.008239997550845146,-0.03341776877641678,0.007324442267417908,-0.004577776417136192,0.06088442727923393,-0.005397520959377289,-0.008112624287605286,0.00473901629447937,0.0019069314002990723,0.0023309215903282166,-0.001521371304988861,0.0007513910531997681,-0.0022743316367268562,0.00016376376152038574,0.0,0.0,-0.002960383892059326,0.0,0.0,0.0,0.0,0.0,0.0,0.0,0.0,0.0,0.0,0.0,0.0
20260709_130555_953075,2026-07-09T13:06:16.343,20.389914,pose,740,stand,0.0,0.0,0.0,0.0,0.0,0.0,0.0,0.0,0.06,xsens:live,0.004233886022120714,-0.008545632474124432,-0.9999545812606812,0.4896389934220607,0.24259336867368247,0.008250832557678223,0.03300333023071289,3.6574904918670654,8.655415534973145,12,can0:12,3.6481826305389404,9.503463745117188,,"BL_hip_joint,BR_hip_joint,FL_hip_joint,FR_hip_joint,BL_thigh_joint,BR_thigh_joint,FL_thigh_joint,FR_thigh_joint,BL_calf_joint,BR_calf_joint,FL_calf_joint,FR_calf_joint",330e02f2406e129bb6ed6ec4a6c6bcd5f80d7e7799a2ab087e81eda65d2fae69,"step=000740 mode=stand  vx= 0.000 vy= 0.000 vxy= 0.000 yaw= 0.000 speed=0.06 imu=xsens:live tilt_rp=[+0.5,+0.2]deg imu_corr=0.008 act_max= 0.033 tau_cmd= 3.657 tau_cmd_max= 8.655 cmds=12 bus=can0:12 tau_fb= 3.648 tau_fb_max= 9.503",0.0,0.0,0.0,0.0,0.0,0.0,0.004233886022120714,-0.008545632474124432,-0.9999545812606812,0.0,0.0,0.0,0.0,0.0,0.0,0.0,0.0,0.0,0.0,0.0,0.0,0.0,0.0,0.0,0.0,0.0,0.0,0.0,0.0,0.0,0.0,0.0,0.0,0.0,0.0,0.0,0.0,0.0,0.0,0.0,0.0,0.0,0.0,0.0,0.0,0.0,0.0,0.0,0.25009816884994507,-0.9019191265106201,-0.15866431593894958,0.9157599210739136,0.2638430893421173,-0.2592237889766693,0.4175075888633728,-0.06335721164941788,-1.140223741531372,0.7110987305641174,-0.7645156383514404,1.0152397155761719,-0.023477882146835327,-0.03300333023071289,0.019395574927330017,0.00843280553817749,0.00973886251449585,-0.006342381238937378,0.003480374813079834,-0.009870272129774094,0.0008753538131713867,0.010432898998260498,-0.014258980751037598,-0.012385129928588867,-0.006903124041855335,-0.007286631036549807,0.003835069015622139,0.0026845482643693686,0.0034515620209276676,0.00153402762953192,-0.0057526035234332085,0.008820658549666405,0.00613611051812768,-0.009587672539055347,0.009587672539055347,-0.015340276062488556,0.028382213786244392,-0.0027466658502817154,0.032044436782598495,0.1029999703168869,-0.037537768483161926,0.025177771225571632,0.050355542451143265,-0.028839992359280586,0.024262215942144394,-0.016937773674726486,0.0032044434919953346,0.014648884534835815,-0.005869470536708832,-0.008250832557678223,0.004848893731832504,0.0021082013845443726,0.0024347156286239624,-0.0015855953097343445,0.0008700937032699585,-0.0024675680324435234,0.00021883845329284668,0.0,0.0,-0.003096282482147217,0.0,0.0,0.0,0.0,0.0,0.0,0.0,0.0,0.0,0.0,0.0,0.0
20260709_130555_953075,2026-07-09T13:06:16.883,20.930254,policy,760,policy,0.10799999535083771,0.0,0.10799999535083771,0.0,0.25,0.0,0.25,0.0,0.06,xsens:live,0.004064458888024092,-0.00915587693452835,-0.9999498724937439,0.5246047435904544,0.23288673184458628,0.0,0.13920484483242035,5.812238693237305,8.554713249206543,12,can0:12,4.644611835479736,7.21823787689209,,"BL_hip_joint,BR_hip_joint,FL_hip_joint,FR_hip_joint,BL_thigh_joint,BR_thigh_joint,FL_thigh_joint,FR_thigh_joint,BL_calf_joint,BR_calf_joint,FL_calf_joint,FR_calf_joint",330e02f2406e129bb6ed6ec4a6c6bcd5f80d7e7799a2ab087e81eda65d2fae69,"step=000760 mode=policy vx= 0.108 vy= 0.000 vxy= 0.108 yaw= 0.000 speed=0.06 imu=xsens:live tilt_rp=[+0.5,+0.2]deg imu_corr=0.000 act_max= 0.139 tau_cmd= 5.812 tau_cmd_max= 8.555 cmds=12 bus=can0:12 policy_cmd=[ 0.250, 0.000, 0.000] tau_fb= 4.645 tau_fb_max= 7.218",0.0,0.0,0.0,-0.011923909187316895,0.0009112060652114451,-0.009736418724060059,0.004064458888024092,-0.00915587693452835,-0.9999498724937439,0.25,0.0,0.0,-0.0034515620209276676,-0.007286631036549807,-0.005369096528738737,0.01380624808371067,0.009971179068088531,-0.00421857601031661,0.0019175345078110695,0.0026845482643693686,0.008820658549666405,-0.014573262073099613,0.01418975554406643,-0.019558852538466454,-0.0027466658502817154,0.010071108117699623,0.0398266538977623,0.07324442267417908,0.009155552834272385,-0.040742211043834686,0.12909328937530518,-0.1029999703168869,-0.07324442267417908,-0.028382213786244392,0.008239997550845146,0.06454664468765259,0.7083643674850464,-1.1466623544692993,-1.2249926328659058,1.7741506099700928,1.5100003480911255,-0.9839253425598145,1.303505301475525,-1.2541342973709106,-1.7231128215789795,0.27802565693855286,-0.5376620292663574,1.4148447513580322,0.7211779952049255,-1.1644514799118042,-1.1883772611618042,1.7432159185409546,1.519504189491272,-0.9662154912948608,1.269284963607788,-1.2469260692596436,-1.7230381965637207,0.2907029986381531,-0.53620445728302,1.432026982307434,0.05754011496901512,-0.09291572868824005,-0.09492475539445877,0.13920484483242035,0.12127121537923813,-0.07715726643800735,0.10137724876403809,-0.09954512864351273,-0.13753432035446167,0.023181099444627762,-0.0428040511906147,0.11427267640829086,-0.0034515620209276676,-0.007286631036549807,-0.005369096528738737,0.01380624808371067,0.009971179068088531,-0.00421857601031661,0.0019175345078110695,0.0026845482643693686,0.008820658549666405,-0.014573262073099613,0.01418975554406643,-0.019558852538466454,-0.0027466658502817154,0.010071108117699623,0.0398266538977623,0.07324442267417908,0.009155552834272385,-0.040742211043834686,0.12909328937530518,-0.1029999703168869,-0.07324442267417908,-0.028382213786244392,0.008239997550845146,0.06454664468765259,0.01438502874225378,-0.023228932172060013,-0.023731188848614693,0.03480121120810509,0.030317803844809532,-0.01928931660950184,0.02534431219100952,-0.02488628216087818,0.0,0.0,0.0,0.0,0.0,0.0,0.0,0.0,0.0,0.0,0.0,0.0,0.0,0.0,0.0,0.0
20260709_130555_953075,2026-07-09T13:06:17.417,21.464848,pose,780,stand,0.0,0.0,0.0,0.0,0.0,0.0,0.0,0.0,0.06,xsens:live,0.005537074059247971,-0.0017421148950234056,-0.9999831914901733,0.0998174077112238,0.3172530647289741,0.0030623823404312134,0.012249529361724854,7.818817615509033,15.449797630310059,12,can0:12,7.861568450927734,16.1833553314209,,"BL_hip_joint,BR_hip_joint,FL_hip_joint,FR_hip_joint,BL_thigh_joint,BR_thigh_joint,FL_thigh_joint,FR_thigh_joint,BL_calf_joint,BR_calf_joint,FL_calf_joint,FR_calf_joint",330e02f2406e129bb6ed6ec4a6c6bcd5f80d7e7799a2ab087e81eda65d2fae69,"step=000780 mode=stand  vx= 0.000 vy= 0.000 vxy= 0.000 yaw= 0.000 speed=0.06 imu=xsens:live tilt_rp=[+0.1,+0.3]deg imu_corr=0.003 act_max= 0.012 tau_cmd= 7.819 tau_cmd_max= 15.450 cmds=12 bus=can0:12 tau_fb= 7.862 tau_fb_max= 16.183",0.0,0.0,0.0,0.0,0.0,0.0,0.005537074059247971,-0.0017421148950234056,-0.9999831914901733,0.0,0.0,0.0,0.0,0.0,0.0,0.0,0.0,0.0,0.0,0.0,0.0,0.0,0.0,0.0,0.0,0.0,0.0,0.0,0.0,0.0,0.0,0.0,0.0,0.0,0.0,0.0,0.0,0.0,0.0,0.0,0.0,0.0,0.0,0.0,0.0,0.0,0.0,0.0,0.2731718420982361,-0.8811653256416321,-0.17166230082511902,0.9067685008049011,0.2562841773033142,-0.2544700503349304,0.413030207157135,-0.05383993685245514,-1.1418309211730957,0.7000789642333984,-0.7521299123764038,1.0248063802719116,-0.0004042088985443115,-0.012249529361724854,0.0063975900411605835,-0.0005586147308349609,0.002179950475692749,-0.0015886425971984863,-0.000997006893157959,-0.0003529973328113556,-0.0007318258285522461,-0.0005868673324584961,-0.0018732547760009766,-0.002818465232849121,0.018791837617754936,-0.03758367523550987,-0.0011505207512527704,0.04563732072710991,0.08820658922195435,-0.06557968258857727,0.07056526839733124,-0.07018176466226578,0.008820658549666405,-0.013422741554677486,0.01227222103625536,-0.022243401035666466,-0.03021332435309887,-0.0631733164191246,-0.009613330475986004,0.05081331729888916,0.059968870133161545,-0.13046662509441376,0.08148442208766937,-0.11398663371801376,0.01739555038511753,-0.043946653604507446,-0.02151555009186268,-0.025177771225571632,0.06827820092439651,-0.09153670072555542,-0.036553796380758286,0.08128933608531952,0.09525986015796661,-0.04172268137335777,0.05591847747564316,-0.07812850922346115,0.0,-0.0073562669567763805,0.0,-0.0007046163082122803,0.0,0.0,0.0,0.0,0.0,0.0,0.0,0.0,0.0,0.0,0.0,0.0
20260709_130555_953075,2026-07-09T13:06:17.968,22.014934,pose,800,stand,0.0,0.0,0.0,0.0,0.0,0.0,0.0,0.0,0.06,xsens:live,0.005369645077735186,-0.0020676818676292896,-0.9999834895133972,0.11847123157229254,0.307660123099184,0.0032811611890792847,0.013124644756317139,5.957570552825928,12.11642837524414,12,can0:12,6.401866912841797,12.916653633117676,,"BL_hip_joint,BR_hip_joint,FL_hip_joint,FR_hip_joint,BL_thigh_joint,BR_thigh_joint,FL_thigh_joint,FR_thigh_joint,BL_calf_joint,BR_calf_joint,FL_calf_joint,FR_calf_joint",330e02f2406e129bb6ed6ec4a6c6bcd5f80d7e7799a2ab087e81eda65d2fae69,"step=000800 mode=stand  vx= 0.000 vy= 0.000 vxy= 0.000 yaw= 0.000 speed=0.06 imu=xsens:live tilt_rp=[+0.1,+0.3]deg imu_corr=0.003 act_max= 0.013 tau_cmd= 5.958 tau_cmd_max= 12.116 cmds=12 bus=can0:12 tau_fb= 6.402 tau_fb_max= 12.917",0.0,0.0,0.0,0.0,0.0,0.0,0.005369645077735186,-0.0020676818676292896,-0.9999834895133972,0.0,0.0,0.0,0.0,0.0,0.0,0.0,0.0,0.0,0.0,0.0,0.0,0.0,0.0,0.0,0.0,0.0,0.0,0.0,0.0,0.0,0.0,0.0,0.0,0.0,0.0,0.0,0.0,0.0,0.0,0.0,0.0,0.0,0.0,0.0,0.0,0.0,0.0,0.0,0.2719533443450928,-0.8820404410362244,-0.17108899354934692,0.9072449803352356,0.25664371252059937,-0.2546995282173157,0.4132922887802124,-0.0543341226875782,-1.1417322158813477,0.7006717324256897,-0.7527590990066528,1.0243496894836426,-0.001622706651687622,-0.013124644756317139,0.006970897316932678,-8.213520050048828e-05,0.0025394856929779053,-0.0018181204795837402,-0.0007349252700805664,-0.0008471831679344177,-0.0006331205368041992,5.900859832763672e-06,-0.00250244140625,-0.003275156021118164,0.01380624808371067,-0.033365100622177124,-0.0011505207512527704,0.0410352386534214,0.07056526839733124,-0.050622910261154175,0.053690966218709946,-0.053690966218709946,0.009204166010022163,-0.014956769533455372,0.01227222103625536,-0.022243401035666466,-0.04943998530507088,0.014648884534835815,-0.053559985011816025,-0.035248879343271255,-0.10528885573148727,0.059968870133161545,-0.032959990203380585,-0.0,-0.015564439818263054,0.021057771518826485,-0.010071108117699623,0.0068666646257042885,0.050899285823106766,-0.06966345012187958,-0.026883620768785477,0.06107564643025398,0.07169945538043976,-0.03146107494831085,0.041958920657634735,-0.058765411376953125,0.0,-0.005407851189374924,0.0,-0.000818789005279541,0.0,0.0,0.0,0.0,0.0,0.0,0.0,0.0,0.0,0.0,0.0,0.0
20260709_130555_953075,2026-07-09T13:06:18.508,22.555694,pose,820,stand,0.0,0.0,0.0,0.0,0.0,0.0,0.0,0.0,0.06,xsens:live,0.0052920556627213955,-0.005479468032717705,-0.9999710321426392,0.3139563446935819,0.3032184073188966,0.00605502724647522,0.02422010898590088,3.4789390563964844,8.0078706741333,12,can0:12,4.007080554962158,8.10815715789795,,"BL_hip_joint,BR_hip_joint,FL_hip_joint,FR_hip_joint,BL_thigh_joint,BR_thigh_joint,FL_thigh_joint,FR_thigh_joint,BL_calf_joint,BR_calf_joint,FL_calf_joint,FR_calf_joint",330e02f2406e129bb6ed6ec4a6c6bcd5f80d7e7799a2ab087e81eda65d2fae69,"step=000820 mode=stand  vx= 0.000 vy= 0.000 vxy= 0.000 yaw= 0.000 speed=0.06 imu=xsens:live tilt_rp=[+0.3,+0.3]deg imu_corr=0.006 act_max= 0.024 tau_cmd= 3.479 tau_cmd_max= 8.008 cmds=12 bus=can0:12 tau_fb= 4.007 tau_fb_max= 8.108",0.0,0.0,0.0,0.0,0.0,0.0,0.0052920556627213955,-0.005479468032717705,-0.9999710321426392,0.0,0.0,0.0,0.0,0.0,0.0,0.0,0.0,0.0,0.0,0.0,0.0,0.0,0.0,0.0,0.0,0.0,0.0,0.0,0.0,0.0,0.0,0.0,0.0,0.0,0.0,0.0,0.0,0.0,0.0,0.0,0.0,0.0,0.0,0.0,0.0,0.0,0.0,0.0,0.2608799338340759,-0.8931359052658081,-0.1642356663942337,0.9114590287208557,0.26046639680862427,-0.2571307122707367,0.41535136103630066,-0.058893099427223206,-1.141047716140747,0.7058626413345337,-0.7588660717010498,1.0195156335830688,-0.012696117162704468,-0.02422010898590088,0.013824224472045898,0.004131913185119629,0.006362169981002808,-0.004249304533004761,0.0013241469860076904,-0.005406159907579422,5.137920379638672e-05,0.005196809768676758,-0.008609414100646973,-0.008109211921691895,0.003835069015622139,-0.022243401035666466,-0.00076701381476596,0.023010414093732834,0.04065173119306564,-0.026461975648999214,0.025694962590932846,-0.026461975648999214,0.008820658549666405,-0.014573262073099613,0.013422741554677486,-0.022626906633377075,0.0050355540588498116,0.04440443217754364,-0.026551103219389915,-0.008239997550845146,-0.11490219086408615,-0.00045777764171361923,-0.07690664380788803,0.04943998530507088,-0.07599108666181564,0.059053316712379456,0.0050355540588498116,0.009613330475986004,0.021206088364124298,-0.03759989142417908,-0.010147182270884514,0.030065882951021194,0.0353604331612587,-0.015796635299921036,0.020357225090265274,-0.029176216572523117,1.284480094909668e-05,-0.0012713093310594559,0.0,-0.0020273029804229736,0.0,0.0,0.0,0.0,0.0,0.0,0.0,0.0,0.0,0.0,0.0,0.0
20260709_130555_953075,2026-07-09T13:06:19.049,23.096550,pose,840,stand,0.0,0.0,0.0,0.0,0.0,0.0,0.0,0.0,0.06,xsens:live,0.004627938847988844,-0.0074745831079781055,-0.9999614357948303,0.4282706056941346,0.26516969671202384,0.007491782307624817,0.029967129230499268,2.885298728942871,9.343542098999023,12,can0:12,2.69814133644104,7.412335395812988,,"BL_hip_joint,BR_hip_joint,FL_hip_joint,FR_hip_joint,BL_thigh_joint,BR_thigh_joint,FL_thigh_joint,FR_thigh_joint,BL_calf_joint,BR_calf_joint,FL_calf_joint,FR_calf_joint",330e02f2406e129bb6ed6ec4a6c6bcd5f80d7e7799a2ab087e81eda65d2fae69,"step=000840 mode=stand  vx= 0.000 vy= 0.000 vxy= 0.000 yaw= 0.000 speed=0.06 imu=xsens:live tilt_rp=[+0.4,+0.3]deg imu_corr=0.007 act_max= 0.030 tau_cmd= 2.885 tau_cmd_max= 9.344 cmds=12 bus=can0:12 tau_fb= 2.698 tau_fb_max= 7.412",0.0,0.0,0.0,0.0,0.0,0.0,0.004627938847988844,-0.0074745831079781055,-0.9999614357948303,0.0,0.0,0.0,0.0,0.0,0.0,0.0,0.0,0.0,0.0,0.0,0.0,0.0,0.0,0.0,0.0,0.0,0.0,0.0,0.0,0.0,0.0,0.0,0.0,0.0,0.0,0.0,0.0,0.0,0.0,0.0,0.0,0.0,0.0,0.0,0.0,0.0,0.0,0.0,0.25387510657310486,-0.8988829255104065,-0.16058947145938873,0.9142417311668396,0.2626667618751526,-0.258498877286911,0.41675254702568054,-0.06178836524486542,-1.1405178308486938,0.7092565298080444,-0.7625440359115601,1.016730546951294,-0.019700944423675537,-0.029967129230499268,0.01747041940689087,0.006914615631103516,0.008562535047531128,-0.005617469549179077,0.0027253329753875732,-0.008301425725221634,0.0005812644958496094,0.0085906982421875,-0.012287378311157227,-0.010894298553466797,-0.005369096528738737,-0.011888713575899601,0.0011505207512527704,0.011505207046866417,0.010738193057477474,-0.00421857601031661,0.0011505207512527704,0.00038350690738298,0.008820658549666405,-0.014956769533455372,0.01418975554406643,-0.023393921554088593,0.01831110566854477,-0.0013733329251408577,-0.062257759273052216,0.01739555038511753,-0.009155552834272385,0.0393688790500164,-0.03799554333090782,0.019226660951972008,-0.016022218391299248,0.00045777764171361923,-0.032959990203380585,-0.044862210750579834,-0.001559630036354065,-0.011846460402011871,0.002489715814590454,0.005736559629440308,0.006802469491958618,-0.0034383945167064667,0.003445889800786972,-0.0059164734557271,0.00014531612396240234,0.0,0.0,-0.0027235746383666992,0.0,0.0,0.0,0.0,0.0,0.0,0.0,0.0,0.0,0.0,0.0,0.0
20260709_130555_953075,2026-07-09T13:06:19.595,23.642506,pose,860,stand,0.0,0.0,0.0,0.0,0.0,0.0,0.0,0.0,0.06,xsens:live,0.004262637812644243,-0.008878600783646107,-0.9999515414237976,0.508717636922292,0.24424151249278586,0.00852978229522705,0.0341191291809082,3.326237678527832,7.5219292640686035,12,can0:12,2.942594528198242,7.917722225189209,,"BL_hip_joint,BR_hip_joint,FL_hip_joint,FR_hip_joint,BL_thigh_joint,BR_thigh_joint,FL_thigh_joint,FR_thigh_joint,BL_calf_joint,BR_calf_joint,FL_calf_joint,FR_calf_joint",330e02f2406e129bb6ed6ec4a6c6bcd5f80d7e7799a2ab087e81eda65d2fae69,"step=000860 mode=stand  vx= 0.000 vy= 0.000 vxy= 0.000 yaw= 0.000 speed=0.06 imu=xsens:live tilt_rp=[+0.5,+0.2]deg imu_corr=0.009 act_max= 0.034 tau_cmd= 3.326 tau_cmd_max= 7.522 cmds=12 bus=can0:12 tau_fb= 2.943 tau_fb_max= 7.918",0.0,0.0,0.0,0.0,0.0,0.0,0.004262637812644243,-0.008878600783646107,-0.9999515414237976,0.0,0.0,0.0,0.0,0.0,0.0,0.0,0.0,0.0,0.0,0.0,0.0,0.0,0.0,0.0,0.0,0.0,0.0,0.0,0.0,0.0,0.0,0.0,0.0,0.0,0.0,0.0,0.0,0.0,0.0,0.0,0.0,0.0,0.0,0.0,0.0,0.0,0.0,0.0,0.24907323718070984,-0.9030349254608154,-0.15798419713974,0.9161602258682251,0.2642146944999695,-0.25945135951042175,0.41768181324005127,-0.06378750503063202,-1.1401655673980713,0.7115777730941772,-0.7650834321975708,1.014773964881897,-0.024502813816070557,-0.0341191291809082,0.020075693726539612,0.008833110332489014,0.010110467672348022,-0.006569951772689819,0.0036545991897583008,-0.010300565510988235,0.000933527946472168,0.010911941528320312,-0.014826774597167969,-0.01285088062286377,-0.007670138031244278,-0.008820658549666405,0.0026845482643693686,0.004985589534044266,0.0019175345078110695,0.0034515620209276676,-0.006903124041855335,0.009204166010022163,0.009587672539055347,-0.015340276062488556,0.014573262073099613,-0.023393921554088593,-0.05310220643877983,0.06775109469890594,-0.03387554734945297,-0.028839992359280586,-0.04623554274439812,-0.0013733329251408577,-0.015564439818263054,0.04303110018372536,0.03021332435309887,0.02059999480843544,-0.0238044373691082,0.02288888208568096,-0.006125703454017639,-0.00852978229522705,0.005018923431634903,0.0022082775831222534,0.0025276169180870056,-0.0016424879431724548,0.0009136497974395752,-0.002575141377747059,0.000233381986618042,0.0,0.0,-0.0032127201557159424,0.0,0.0,0.0,0.0,0.0,0.0,0.0,0.0,0.0,0.0,0.0,0.0
20260709_130555_953075,2026-07-09T13:06:20.135,24.182030,pose,880,stand,0.0,0.0,0.0,0.0,0.0,0.0,0.0,0.0,0.06,xsens:live,0.00434389803558588,-0.008996007032692432,-0.999950110912323,0.5154450454626944,0.24889787576993994,0.00864844024181366,0.03459376096725464,3.150459051132202,7.0110697746276855,12,can0:12,3.008819818496704,8.43775749206543,,"BL_hip_joint,BR_hip_joint,FL_hip_joint,FR_hip_joint,BL_thigh_joint,BR_thigh_joint,FL_thigh_joint,FR_thigh_joint,BL_calf_joint,BR_calf_joint,FL_calf_joint,FR_calf_joint",330e02f2406e129bb6ed6ec4a6c6bcd5f80d7e7799a2ab087e81eda65d2fae69,"step=000880 mode=stand  vx= 0.000 vy= 0.000 vxy= 0.000 yaw= 0.000 speed=0.06 imu=xsens:live tilt_rp=[+0.5,+0.2]deg imu_corr=0.009 act_max= 0.035 tau_cmd= 3.150 tau_cmd_max= 7.011 cmds=12 bus=can0:12 tau_fb= 3.009 tau_fb_max= 8.438",0.0,0.0,0.0,0.0,0.0,0.0,0.00434389803558588,-0.008996007032692432,-0.999950110912323,0.0,0.0,0.0,0.0,0.0,0.0,0.0,0.0,0.0,0.0,0.0,0.0,0.0,0.0,0.0,0.0,0.0,0.0,0.0,0.0,0.0,0.0,0.0,0.0,0.0,0.0,0.0,0.0,0.0,0.0,0.0,0.0,0.0,0.0,0.0,0.0,0.0,0.0,0.0,0.24878092110157013,-0.9035095572471619,-0.15770481526851654,0.9162673950195312,0.2643491327762604,-0.2595328986644745,0.4177156984806061,-0.06391291320323944,-1.1401612758636475,0.7117029428482056,-0.7652633190155029,1.0146092176437378,-0.024795129895210266,-0.03459376096725464,0.02035507559776306,0.008940279483795166,0.010244905948638916,-0.006651490926742554,0.0036884844303131104,-0.010425973683595657,0.0009378194808959961,0.011037111282348633,-0.015006661415100098,-0.01301562786102295,-0.007670138031244278,-0.008820658549666405,0.0026845482643693686,0.004985589534044266,0.0019175345078110695,0.0034515620209276676,-0.006903124041855335,0.009204166010022163,0.009587672539055347,-0.015340276062488556,0.014573262073099613,-0.023393921554088593,-0.06179998070001602,-0.02471999265253544,-0.003662221133708954,0.02700888179242611,0.013733329251408577,-0.02471999265253544,0.0119022186845541,-0.013275551609694958,0.0874355286359787,0.036164432764053345,0.02929776906967163,0.04348887503147125,-0.0061987824738025665,-0.00864844024181366,0.005088768899440765,0.0022350698709487915,0.002561226487159729,-0.0016628727316856384,0.0009221211075782776,-0.0026064934208989143,0.00023445487022399902,0.0,0.0,-0.0032539069652557373,0.0,0.0,0.0,0.0,0.0,0.0,0.0,0.0,0.0,0.0,0.0,0.0
20260709_130555_953075,2026-07-09T13:06:20.681,24.728876,pose,900,stand,0.0,0.0,0.0,0.0,0.0,0.0,0.0,0.0,0.06,xsens:live,0.004283214919269085,-0.009186702780425549,-0.9999486804008484,0.5263715019105266,0.2454212316442194,0.008786037564277649,0.035144150257110596,3.367765188217163,8.29196548461914,12,can0:12,2.9648730754852295,8.075197219848633,,"BL_hip_joint,BR_hip_joint,FL_hip_joint,FR_hip_joint,BL_thigh_joint,BR_thigh_joint,FL_thigh_joint,FR_thigh_joint,BL_calf_joint,BR_calf_joint,FL_calf_joint,FR_calf_joint",330e02f2406e129bb6ed6ec4a6c6bcd5f80d7e7799a2ab087e81eda65d2fae69,"step=000900 mode=stand  vx= 0.000 vy= 0.000 vxy= 0.000 yaw= 0.000 speed=0.06 imu=xsens:live tilt_rp=[+0.5,+0.2]deg imu_corr=0.009 act_max= 0.035 tau_cmd= 3.368 tau_cmd_max= 8.292 cmds=12 bus=can0:12 tau_fb= 2.965 tau_fb_max= 8.075",0.0,0.0,0.0,0.0,0.0,0.0,0.004283214919269085,-0.009186702780425549,-0.9999486804008484,0.0,0.0,0.0,0.0,0.0,0.0,0.0,0.0,0.0,0.0,0.0,0.0,0.0,0.0,0.0,0.0,0.0,0.0,0.0,0.0,0.0,0.0,0.0,0.0,0.0,0.0,0.0,0.0,0.0,0.0,0.0,0.0,0.0,0.0,0.0,0.0,0.0,0.0,0.0,0.24811969697475433,-0.9040599465370178,-0.15735863149166107,0.9165343046188354,0.2645585834980011,-0.2596609890460968,0.41784465312957764,-0.0641883909702301,-1.1401106119155884,0.7120248079299927,-0.7656089067459106,1.014344334602356,-0.025456354022026062,-0.035144150257110596,0.02070125937461853,0.009207189083099365,0.010454356670379639,-0.006779581308364868,0.003817439079284668,-0.010701451450586319,0.0009884834289550781,0.011358976364135742,-0.015352249145507812,-0.013280510902404785,-0.007670138031244278,-0.008820658549666405,0.0026845482643693686,0.004985589534044266,0.0019175345078110695,0.0034515620209276676,-0.006903124041855335,0.009587672539055347,0.009204166010022163,-0.015340276062488556,0.014573262073099613,-0.023393921554088593,0.036164432764053345,-0.04531998559832573,0.02288888208568096,0.021057771518826485,-0.08239997923374176,0.05081331729888916,-0.0027466658502817154,0.05767998471856117,-0.03387554734945297,-0.0009155552834272385,-0.017853328958153725,-0.010986663401126862,-0.0063640885055065155,-0.008786037564277649,0.005175314843654633,0.0023017972707748413,0.0026135891675949097,-0.001694895327091217,0.000954359769821167,-0.0026753628626465797,0.00024712085723876953,0.0,0.0,-0.0033201277256011963,0.0,0.0,0.0,0.0,0.0,0.0,0.0,0.0,0.0,0.0,0.0,0.0
20260709_130555_953075,2026-07-09T13:06:21.221,25.268529,pose,920,stand,0.0,0.0,0.0,0.0,0.0,0.0,0.0,0.0,0.06,xsens:live,0.004311082419008017,-0.009318425320088863,-0.9999473094940186,0.5339191206191402,0.24701831287506137,0.008901089429855347,0.03560435771942139,3.571643590927124,9.305840492248535,12,can0:12,3.0567338466644287,7.906735420227051,,"BL_hip_joint,BR_hip_joint,FL_hip_joint,FR_hip_joint,BL_thigh_joint,BR_thigh_joint,FL_thigh_joint,FR_thigh_joint,BL_calf_joint,BR_calf_joint,FL_calf_joint,FR_calf_joint",330e02f2406e129bb6ed6ec4a6c6bcd5f80d7e7799a2ab087e81eda65d2fae69,"step=000920 mode=stand  vx= 0.000 vy= 0.000 vxy= 0.000 yaw= 0.000 speed=0.06 imu=xsens:live tilt_rp=[+0.5,+0.2]deg imu_corr=0.009 act_max= 0.036 tau_cmd= 3.572 tau_cmd_max= 9.306 cmds=12 bus=can0:12 tau_fb= 3.057 tau_fb_max= 7.907",0.0,0.0,0.0,0.0,0.0,0.0,0.004311082419008017,-0.009318425320088863,-0.9999473094940186,0.0,0.0,0.0,0.0,0.0,0.0,0.0,0.0,0.0,0.0,0.0,0.0,0.0,0.0,0.0,0.0,0.0,0.0,0.0,0.0,0.0,0.0,0.0,0.0,0.0,0.0,0.0,0.0,0.0,0.0,0.0,0.0,0.0,0.0,0.0,0.0,0.0,0.0,0.0,0.2477310448884964,-0.9045201539993286,-0.15708015859127045,0.9166848063468933,0.2647063732147217,-0.25975096225738525,0.41790658235549927,-0.06435246765613556,-1.1400914192199707,0.7122043967247009,-0.7658289670944214,1.01416015625,-0.025845006108283997,-0.03560435771942139,0.020979732275009155,0.009357690811157227,0.01060214638710022,-0.00686955451965332,0.003879368305206299,-0.010865528136491776,0.001007676124572754,0.011538565158843994,-0.015572309494018555,-0.013464689254760742,-0.008053644560277462,-0.008820658549666405,0.00306805525906384,0.004985589534044266,0.0019175345078110695,0.0034515620209276676,-0.007286631036549807,0.009204166010022163,0.009204166010022163,-0.015340276062488556,0.014573262073099613,-0.023777427151799202,-0.016479995101690292,-0.0238044373691082,0.07324442267417908,0.024262215942144394,-0.0714133158326149,0.022431105375289917,-0.050355542451143265,0.01739555038511753,-0.028839992359280586,-0.013733329251408577,0.029755547642707825,-0.0476088747382164,-0.006461251527070999,-0.008901089429855347,0.005244933068752289,0.0023394227027893066,0.002650536596775055,-0.00171738862991333,0.0009698420763015747,-0.002716382034122944,0.0002519190311431885,0.0,0.0,-0.0033661723136901855,0.0,0.0,0.0,0.0,0.0,0.0,0.0,0.0,0.0,0.0,0.0,0.0
20260709_130555_953075,2026-07-09T13:06:21.771,25.818608,pose,940,stand,0.0,0.0,0.0,0.0,0.0,0.0,0.0,0.0,0.06,xsens:live,0.004117785952985287,-0.009259241633117199,-0.9999486804008484,0.5305275317610336,0.23594253089815154,0.008797794580459595,0.03519117832183838,3.114715337753296,8.0806245803833,12,can0:12,2.935880661010742,8.232672691345215,,"BL_hip_joint,BR_hip_joint,FL_hip_joint,FR_hip_joint,BL_thigh_joint,BR_thigh_joint,FL_thigh_joint,FR_thigh_joint,BL_calf_joint,BR_calf_joint,FL_calf_joint,FR_calf_joint",330e02f2406e129bb6ed6ec4a6c6bcd5f80d7e7799a2ab087e81eda65d2fae69,"step=000940 mode=stand  vx= 0.000 vy= 0.000 vxy= 0.000 yaw= 0.000 speed=0.06 imu=xsens:live tilt_rp=[+0.5,+0.2]deg imu_corr=0.009 act_max= 0.035 tau_cmd= 3.115 tau_cmd_max= 8.081 cmds=12 bus=can0:12 tau_fb= 2.936 tau_fb_max= 8.233",0.0,0.0,0.0,0.0,0.0,0.0,0.004117785952985287,-0.009259241633117199,-0.9999486804008484,0.0,0.0,0.0,0.0,0.0,0.0,0.0,0.0,0.0,0.0,0.0,0.0,0.0,0.0,0.0,0.0,0.0,0.0,0.0,0.0,0.0,0.0,0.0,0.0,0.0,0.0,0.0,0.0,0.0,0.0,0.0,0.0,0.0,0.0,0.0,0.0,0.0,0.0,0.0,0.24773116409778595,-0.9041069746017456,-0.15730507671833038,0.9167035222053528,0.2646321654319763,-0.25970667600631714,0.4179491400718689,-0.06434750556945801,-1.1400598287582397,0.7122349143028259,-0.7657817602157593,1.0142455101013184,-0.025844886898994446,-0.03519117832183838,0.02075481414794922,0.0093764066696167,0.010527938604354858,-0.006825268268585205,0.003921926021575928,-0.010860566049814224,0.001039266586303711,0.011569082736968994,-0.015525102615356445,-0.013379335403442383,-0.007670138031244278,-0.008820658549666405,0.0026845482643693686,0.004985589534044266,0.0019175345078110695,0.0034515620209276676,-0.006903124041855335,0.009204166010022163,0.009587672539055347,-0.015340276062488556,0.014573262073099613,-0.023393921554088593,-0.0068666646257042885,0.027466658502817154,-0.02609332650899887,0.018768884241580963,-0.004577776417136192,0.008239997550845146,-0.03479110077023506,-0.04531998559832573,-0.05722220614552498,-0.021057771518826485,0.09384441375732422,0.0636310949921608,-0.0064612217247486115,-0.008797794580459595,0.005188703536987305,0.002344101667404175,0.0026319846510887146,-0.0017063170671463013,0.000980481505393982,-0.002715141512453556,0.00025981664657592773,0.0,0.0,-0.0033448338508605957,0.0,0.0,0.0,0.0,0.0,0.0,0.0,0.0,0.0,0.0,0.0,0.0
20260709_130555_953075,2026-07-09T13:06:22.317,26.364811,pose,960,stand,0.0,0.0,0.0,0.0,0.0,0.0,0.0,0.0,0.06,xsens:live,0.004591686651110649,-0.009079358540475368,-0.999948263168335,0.5202215444665236,0.26309602862226594,0.008786991238594055,0.03514796495437622,3.4807586669921875,9.250810623168945,12,can0:12,3.072908639907837,7.990966320037842,,"BL_hip_joint,BR_hip_joint,FL_hip_joint,FR_hip_joint,BL_thigh_joint,BR_thigh_joint,FL_thigh_joint,FR_thigh_joint,BL_calf_joint,BR_calf_joint,FL_calf_joint,FR_calf_joint",330e02f2406e129bb6ed6ec4a6c6bcd5f80d7e7799a2ab087e81eda65d2fae69,"step=000960 mode=stand  vx= 0.000 vy= 0.000 vxy= 0.000 yaw= 0.000 speed=0.06 imu=xsens:live tilt_rp=[+0.5,+0.3]deg imu_corr=0.009 act_max= 0.035 tau_cmd= 3.481 tau_cmd_max= 9.251 cmds=12 bus=can0:12 tau_fb= 3.073 tau_fb_max= 7.991",0.0,0.0,0.0,0.0,0.0,0.0,0.004591686651110649,-0.009079358540475368,-0.999948263168335,0.0,0.0,0.0,0.0,0.0,0.0,0.0,0.0,0.0,0.0,0.0,0.0,0.0,0.0,0.0,0.0,0.0,0.0,0.0,0.0,0.0,0.0,0.0,0.0,0.0,0.0,0.0,0.0,0.0,0.0,0.0,0.0,0.0,0.0,0.0,0.0,0.0,0.0,0.0,0.24875761568546295,-0.9040637612342834,-0.15740181505680084,0.9162526726722717,0.26445263624191284,-0.2595946788787842,0.41766440868377686,-0.06392931938171387,-1.1402002573013306,0.7116752862930298,-0.7653365135192871,1.0144888162612915,-0.024818435311317444,-0.03514796495437622,0.02065807580947876,0.008925557136535645,0.010348409414291382,-0.006713271141052246,0.0036371946334838867,-0.010442379862070084,0.0008988380432128906,0.011009454727172852,-0.015079855918884277,-0.013136029243469238,-0.007670138031244278,-0.008820658549666405,0.0026845482643693686,0.004602083005011082,0.0019175345078110695,0.0034515620209276676,-0.006903124041855335,0.009587672539055347,0.009587672539055347,-0.015340276062488556,0.014573262073099613,-0.023777427151799202,-0.027924437075853348,-0.015106662176549435,-0.06912442296743393,-0.06820886582136154,0.04669332131743431,-0.021057771518826485,-0.024262215942144394,0.016479995101690292,0.059968870133161545,-0.014648884534835815,-0.018768884241580963,-0.043946653604507446,-0.006204608827829361,-0.008786991238594055,0.00516451895236969,0.002231389284133911,0.0025871023535728455,-0.0016783177852630615,0.0009092986583709717,-0.002610594965517521,0.00022470951080322266,0.0,0.0,-0.0032840073108673096,0.0,0.0,0.0,0.0,0.0,0.0,0.0,0.0,0.0,0.0,0.0,0.0
20260709_130555_953075,2026-07-09T13:06:22.858,26.905763,policy,980,policy,0.10799999535083771,0.0,0.10799999535083771,0.0,0.25,0.0,0.25,0.0,0.06,xsens:live,0.004222830291837454,-0.008401593193411827,-0.9999558329582214,0.48138576577802084,0.24195960167371508,0.0,0.2350759208202362,6.3936238288879395,10.173948287963867,12,can0:12,4.981231212615967,8.749046325683594,,"BL_hip_joint,BR_hip_joint,FL_hip_joint,FR_hip_joint,BL_thigh_joint,BR_thigh_joint,FL_thigh_joint,FR_thigh_joint,BL_calf_joint,BR_calf_joint,FL_calf_joint,FR_calf_joint",330e02f2406e129bb6ed6ec4a6c6bcd5f80d7e7799a2ab087e81eda65d2fae69,"step=000980 mode=policy vx= 0.108 vy= 0.000 vxy= 0.108 yaw= 0.000 speed=0.06 imu=xsens:live tilt_rp=[+0.5,+0.2]deg imu_corr=0.000 act_max= 0.235 tau_cmd= 6.394 tau_cmd_max= 10.174 cmds=12 bus=can0:12 policy_cmd=[ 0.250, 0.000, 0.000] tau_fb= 4.981 tau_fb_max= 8.749",0.0,0.0,0.0,0.003414601320400834,0.011207908391952515,-0.010035932995378971,0.004222830291837454,-0.008401593193411827,-0.9999558329582214,0.25,0.0,0.0,-0.00038350690738298,-0.013039235025644302,-0.0057526035234332085,0.02032586559653282,0.022626906633377075,-0.01380624808371067,0.01418975554406643,-0.009971179068088531,0.009587672539055347,-0.015340276062488556,0.01418975554406643,-0.022243401035666466,0.10757774859666824,-0.025177771225571632,0.002288888208568096,0.022431105375289917,0.1268044114112854,-0.14786218106746674,0.13779106736183167,-0.07370220124721527,-0.0013733329251408577,-0.026551103219389915,-0.022431105375289917,-0.005493331700563431,0.8791908621788025,-1.2396249771118164,-0.8730596303939819,1.6369197368621826,1.555324912071228,-0.8407270312309265,1.0685019493103027,-1.2325799465179443,-1.8389369249343872,0.13890209794044495,-0.3755805790424347,1.575052261352539,0.8623404502868652,-1.2463481426239014,-0.8380929231643677,1.6516252756118774,1.593238353729248,-0.8474481701850891,1.0696830749511719,-1.2813494205474854,-1.8898061513900757,0.07484432309865952,-0.35112008452415466,1.5821490287780762,0.10744781792163849,-0.15515151619911194,-0.10451618582010269,0.20558203756809235,0.19821278750896454,-0.10549002140760422,0.13318970799446106,-0.15933050215244293,-0.2350759208202362,0.009612908586859703,-0.043830547481775284,0.19696877896785736,-0.00038350690738298,-0.013039235025644302,-0.0057526035234332085,0.02032586559653282,0.022626906633377075,-0.01380624808371067,0.01418975554406643,-0.009971179068088531,0.009587672539055347,-0.015340276062488556,0.01418975554406643,-0.022243401035666466,0.10757774859666824,-0.025177771225571632,0.002288888208568096,0.022431105375289917,0.1268044114112854,-0.14786218106746674,0.13779106736183167,-0.07370220124721527,-0.0013733329251408577,-0.026551103219389915,-0.022431105375289917,-0.005493331700563431,0.026861954480409622,-0.038787879049777985,-0.026129046455025673,0.05139550939202309,0.049553196877241135,-0.026372505351901054,0.033297426998615265,-0.03983262553811073,0.0,0.0,0.0,0.0,0.0,0.0,0.0,0.0,0.0,0.0,0.0,0.0,0.0,0.0,0.0,0.0
20260709_130555_953075,2026-07-09T13:06:23.402,27.449144,pose,1000,stand,0.0,0.0,0.0,0.0,0.0,0.0,0.0,0.0,0.06,xsens:live,0.005804293788969517,-0.0008458519587293267,-0.9999828338623047,0.04846456771906827,0.332563511293434,0.002402782440185547,0.009611129760742188,7.913135528564453,15.463750839233398,12,can0:12,7.636951446533203,15.461897850036621,,"BL_hip_joint,BR_hip_joint,FL_hip_joint,FR_hip_joint,BL_thigh_joint,BR_thigh_joint,FL_thigh_joint,FR_thigh_joint,BL_calf_joint,BR_calf_joint,FL_calf_joint,FR_calf_joint",330e02f2406e129bb6ed6ec4a6c6bcd5f80d7e7799a2ab087e81eda65d2fae69,"step=001000 mode=stand  vx= 0.000 vy= 0.000 vxy= 0.000 yaw= 0.000 speed=0.06 imu=xsens:live tilt_rp=[+0.0,+0.3]deg imu_corr=0.002 act_max= 0.010 tau_cmd= 7.913 tau_cmd_max= 15.464 cmds=12 bus=can0:12 tau_fb= 7.637 tau_fb_max= 15.462",0.0,0.0,0.0,0.0,0.0,0.0,0.005804293788969517,-0.0008458519587293267,-0.9999828338623047,0.0,0.0,0.0,0.0,0.0,0.0,0.0,0.0,0.0,0.0,0.0,0.0,0.0,0.0,0.0,0.0,0.0,0.0,0.0,0.0,0.0,0.0,0.0,0.0,0.0,0.0,0.0,0.0,0.0,0.0,0.0,0.0,0.0,0.0,0.0,0.0,0.0,0.0,0.0,0.27634376287460327,-0.8785269260406494,-0.17334683239459991,0.905552089214325,0.25528684258461,-0.25382378697395325,0.4123796224594116,-0.05254869535565376,-1.1420618295669556,0.6985601782798767,-0.7504431009292603,1.0260745286941528,0.002767711877822876,-0.009611129760742188,0.0047130584716796875,-0.0017750263214111328,0.0011826157569885254,-0.0009423792362213135,-0.0016475915908813477,0.0009382441639900208,-0.0009627342224121094,-0.0021056532859802246,-0.00018644332885742188,-0.0015503168106079102,0.01764131709933281,-0.037200167775154114,0.00076701381476596,0.046787843108177185,0.09165815263986588,-0.0690312385559082,0.07324981689453125,-0.07363332808017731,0.008820658549666405,-0.01380624808371067,0.011888713575899601,-0.023010414093732834,-0.01831110566854477,0.03433332219719887,-0.013275551609694958,0.041657764464616776,-0.04531998559832573,-0.02059999480843544,0.0032044434919953346,0.08423108607530594,-0.029755547642707825,0.02059999480843544,0.04898220673203468,0.004577776417136192,0.0646575540304184,-0.08645837008953094,-0.03299517184495926,0.07993839681148529,0.09542947262525558,-0.038111016154289246,0.05239292234182358,-0.07520219683647156,0.0,-0.007921544834971428,4.083516978425905e-05,-0.00038757920265197754,0.0,0.0,0.0,0.0,0.0,0.0,0.0,0.0,0.0,0.0,0.0,0.0
20260709_130555_953075,2026-07-09T13:06:23.952,27.999556,pose,1020,stand,0.0,0.0,0.0,0.0,0.0,0.0,0.0,0.0,0.06,xsens:live,0.005264172796159983,-0.003058208618313074,-0.9999815225601196,0.1752251381305554,0.30161767084481067,0.004064083099365234,0.016256332397460938,5.916955947875977,11.437164306640625,12,can0:12,5.861079692840576,10.86214828491211,,"BL_hip_joint,BR_hip_joint,FL_hip_joint,FR_hip_joint,BL_thigh_joint,BR_thigh_joint,FL_thigh_joint,FR_thigh_joint,BL_calf_joint,BR_calf_joint,FL_calf_joint,FR_calf_joint",330e02f2406e129bb6ed6ec4a6c6bcd5f80d7e7799a2ab087e81eda65d2fae69,"step=001020 mode=stand  vx= 0.000 vy= 0.000 vxy= 0.000 yaw= 0.000 speed=0.06 imu=xsens:live tilt_rp=[+0.2,+0.3]deg imu_corr=0.004 act_max= 0.016 tau_cmd= 5.917 tau_cmd_max= 11.437 cmds=12 bus=can0:12 tau_fb= 5.861 tau_fb_max= 10.862",0.0,0.0,0.0,0.0,0.0,0.0,0.005264172796159983,-0.003058208618313074,-0.9999815225601196,0.0,0.0,0.0,0.0,0.0,0.0,0.0,0.0,0.0,0.0,0.0,0.0,0.0,0.0,0.0,0.0,0.0,0.0,0.0,0.0,0.0,0.0,0.0,0.0,0.0,0.0,0.0,0.0,0.0,0.0,0.0,0.0,0.0,0.0,0.0,0.0,0.0,0.0,0.0,0.26864296197891235,-0.8851721286773682,-0.169137641787529,0.9085031747817993,0.2577518820762634,-0.2554105520248413,0.41393184661865234,-0.05568852648139,-1.1415150165557861,0.702233076095581,-0.7545673847198486,1.0229438543319702,-0.004933089017868042,-0.016256332397460938,0.00892224907875061,0.0011760592460632324,0.0036476552486419678,-0.002529144287109375,-9.5367431640625e-05,-0.002201586961746216,-0.0004159212112426758,0.001567244529724121,-0.004310727119445801,-0.004680991172790527,0.01227222103625536,-0.030680552124977112,-0.0,0.03873419761657715,0.06673020124435425,-0.046787843108177185,0.0494723916053772,-0.04985589534044266,0.009587672539055347,-0.014956769533455372,0.01227222103625536,-0.023010414093732834,0.024262215942144394,0.0952177494764328,0.004119998775422573,-0.06775109469890594,-0.001831110566854477,-0.008697775192558765,-0.015564439818263054,0.1029999703168869,-0.01235999632626772,-0.04303110018372536,-0.04577776417136192,0.01235999632626772,0.04320356994867325,-0.06245739012956619,-0.021509680896997452,0.056135393679142,0.06700125336647034,-0.026944290846586227,0.0366595983505249,-0.05295621231198311,0.0,-0.0047455765306949615,0.0,-0.0011702477931976318,0.0,0.0,0.0,0.0,0.0,0.0,0.0,0.0,0.0,0.0,0.0,0.0
20260709_130555_953075,2026-07-09T13:06:24.494,28.541232,pose,1040,stand,0.0,0.0,0.0,0.0,0.0,0.0,0.0,0.0,0.06,xsens:live,0.004946971777826548,-0.006092784460633993,-0.9999692440032959,0.34909725208904374,0.2834470096572654,0.006456419825553894,0.025825679302215576,2.9709250926971436,7.35086727142334,12,can0:12,3.6646623611450195,8.661152839660645,,"BL_hip_joint,BR_hip_joint,FL_hip_joint,FR_hip_joint,BL_thigh_joint,BR_thigh_joint,FL_thigh_joint,FR_thigh_joint,BL_calf_joint,BR_calf_joint,FL_calf_joint,FR_calf_joint",330e02f2406e129bb6ed6ec4a6c6bcd5f80d7e7799a2ab087e81eda65d2fae69,"step=001040 mode=stand  vx= 0.000 vy= 0.000 vxy= 0.000 yaw= 0.000 speed=0.06 imu=xsens:live tilt_rp=[+0.3,+0.3]deg imu_corr=0.006 act_max= 0.026 tau_cmd= 2.971 tau_cmd_max= 7.351 cmds=12 bus=can0:12 tau_fb= 3.665 tau_fb_max= 8.661",0.0,0.0,0.0,0.0,0.0,0.0,0.004946971777826548,-0.006092784460633993,-0.9999692440032959,0.0,0.0,0.0,0.0,0.0,0.0,0.0,0.0,0.0,0.0,0.0,0.0,0.0,0.0,0.0,0.0,0.0,0.0,0.0,0.0,0.0,0.0,0.0,0.0,0.0,0.0,0.0,0.0,0.0,0.0,0.0,0.0,0.0,0.0,0.0,0.0,0.0,0.0,0.0,0.2585858702659607,-0.8947414755821228,-0.163187637925148,0.9123803973197937,0.26113754510879517,-0.2575492858886719,0.4158395528793335,-0.059835284948349,-1.1408549547195435,0.7069920897483826,-0.7600381374359131,1.018662691116333,-0.014990180730819702,-0.025825679302215576,0.014872252941131592,0.005053281784057617,0.007033318281173706,-0.004667878150939941,0.0018123388290405273,-0.0063483454287052155,0.000244140625,0.006326258182525635,-0.009781479835510254,-0.008962154388427734,0.00038350690738298,-0.019942358136177063,0.00038350690738298,0.02109287865459919,0.03259808570146561,-0.018408332020044327,0.02032586559653282,-0.019175345078110695,0.009587672539055347,-0.014573262073099613,0.013422741554677486,-0.023010414093732834,0.017853328958153725,0.0068666646257042885,0.00595110934227705,-0.004577776417136192,-0.06179998070001602,0.08560442179441452,0.0027466658502817154,0.05264442786574364,-0.0791955292224884,0.016937773674726486,-0.005493331700563431,0.0398266538977623,0.014718275517225266,-0.03072188049554825,-0.006147243082523346,0.024468321353197098,0.02922189235687256,-0.012100977823138237,0.015696965157985687,-0.023364432156085968,6.103515625e-05,-0.0005532875657081604,0.0,-0.0022405385971069336,0.0,0.0,0.0,0.0,0.0,0.0,0.0,0.0,0.0,0.0,0.0,0.0
20260709_130555_953075,2026-07-09T13:06:25.041,29.087930,pose,1060,stand,0.0,0.0,0.0,0.0,0.0,0.0,0.0,0.0,0.06,xsens:live,0.004482744261622429,-0.008534319698810577,-0.99995356798172,0.48899133245959825,0.2568525324547201,0.008312851190567017,0.033251404762268066,3.0882527828216553,8.711771965026855,12,can0:12,3.153172492980957,8.001953125,,"BL_hip_joint,BR_hip_joint,FL_hip_joint,FR_hip_joint,BL_thigh_joint,BR_thigh_joint,FL_thigh_joint,FR_thigh_joint,BL_calf_joint,BR_calf_joint,FL_calf_joint,FR_calf_joint",330e02f2406e129bb6ed6ec4a6c6bcd5f80d7e7799a2ab087e81eda65d2fae69,"step=001060 mode=stand  vx= 0.000 vy= 0.000 vxy= 0.000 yaw= 0.000 speed=0.06 imu=xsens:live tilt_rp=[+0.5,+0.3]deg imu_corr=0.008 act_max= 0.033 tau_cmd= 3.088 tau_cmd_max= 8.712 cmds=12 bus=can0:12 tau_fb= 3.153 tau_fb_max= 8.002",0.0,0.0,0.0,0.0,0.0,0.0,0.004482744261622429,-0.008534319698810577,-0.99995356798172,0.0,0.0,0.0,0.0,0.0,0.0,0.0,0.0,0.0,0.0,0.0,0.0,0.0,0.0,0.0,0.0,0.0,0.0,0.0,0.0,0.0,0.0,0.0,0.0,0.0,0.0,0.0,0.0,0.0,0.0,0.0,0.0,0.0,0.0,0.0,0.0,0.0,0.0,0.0,0.25037482380867004,-0.9021672010421753,-0.15854977071285248,0.9156264662742615,0.2638413608074188,-0.25922176241874695,0.41740456223487854,-0.06324821710586548,-1.140281081199646,0.7109291553497314,-0.7644257545471191,1.0152509212493896,-0.02320122718811035,-0.033251404762268066,0.019510120153427124,0.00829935073852539,0.009737133979797363,-0.006340354681015015,0.0033773481845855713,-0.009761277586221695,0.0008180141448974609,0.010263323783874512,-0.014169096946716309,-0.012373924255371094,-0.006519617512822151,-0.010738193057477474,0.00153402762953192,0.009971179068088531,0.006903124041855335,-0.00038350690738298,-0.0026845482643693686,0.004602083005011082,0.009587672539055347,-0.014956769533455372,0.01418975554406643,-0.023777427151799202,0.0791955292224884,-0.0119022186845541,0.0013733329251408577,-0.003662221133708954,0.01144444104284048,0.017853328958153725,-0.04623554274439812,0.023346660658717155,0.0196844395250082,-0.029755547642707825,-0.07370220124721527,-0.01831110566854477,-0.004589542746543884,-0.009903877973556519,0.004230685532093048,0.0035963356494903564,0.004235006868839264,-0.002302005887031555,0.0018438436090946198,-0.0038682082667946815,0.00020450353622436523,0.0,0.0,-0.0030934810638427734,0.0,0.0,0.0,0.0,0.0,0.0,0.0,0.0,0.0,0.0,0.0,0.0
20260709_130555_953075,2026-07-09T13:06:25.576,29.622915,policy,1080,policy,0.10799999535083771,0.0,0.10799999535083771,0.0,0.25,0.0,0.25,0.0,0.06,xsens:live,0.004236530978232622,-0.011172347702085972,-0.9999286532402039,0.6401474073232276,0.24275121192955332,0.0,0.058586906641721725,4.305487155914307,8.7637357711792,12,can0:12,3.8209173679351807,8.836939811706543,,"BL_hip_joint,BR_hip_joint,FL_hip_joint,FR_hip_joint,BL_thigh_joint,BR_thigh_joint,FL_thigh_joint,FR_thigh_joint,BL_calf_joint,BR_calf_joint,FL_calf_joint,FR_calf_joint",330e02f2406e129bb6ed6ec4a6c6bcd5f80d7e7799a2ab087e81eda65d2fae69,"step=001080 mode=policy vx= 0.108 vy= 0.000 vxy= 0.108 yaw= 0.000 speed=0.06 imu=xsens:live tilt_rp=[+0.6,+0.2]deg imu_corr=0.000 act_max= 0.059 tau_cmd= 4.305 tau_cmd_max= 8.764 cmds=12 bus=can0:12 policy_cmd=[ 0.250, 0.000, 0.000] tau_fb= 3.821 tau_fb_max= 8.837",0.0,0.0,0.0,0.006646664347499609,-0.0033497815020382404,0.00278875301592052,0.004236530978232622,-0.011172347702085972,-0.9999286532402039,0.25,0.0,0.0,-0.00421857601031661,-0.004602083005011082,-0.0019175345078110695,0.0057526035234332085,0.0026845482643693686,0.00306805525906384,-0.00613611051812768,0.008820658549666405,0.009587672539055347,-0.015340276062488556,0.014573262073099613,-0.022626906633377075,-0.01739555038511753,0.032959990203380585,-0.0315866582095623,0.0631733164191246,0.007782219909131527,-0.030671102926135063,0.008239997550845146,-0.04989776387810707,0.06408887356519699,0.047151096165180206,-0.024262215942144394,0.0119022186845541,0.5285206437110901,-1.1116350889205933,-1.2871030569076538,2.0555734634399414,1.6440236568450928,-1.0153510570526123,1.3275729417800903,-1.3245668411254883,-1.7380180358886719,0.1885368525981903,-0.5856386423110962,1.2971827983856201,0.6279171705245972,-1.1043598651885986,-1.2529209852218628,1.949525237083435,1.6152863502502441,-0.9761998653411865,1.3186558485031128,-1.2976291179656982,-1.7212058305740356,0.2362346053123474,-0.54156494140625,1.357436180114746,0.01884254813194275,-0.033183060586452484,-0.037653110921382904,0.058586906641721725,0.048539385199546814,-0.029340030625462532,0.0396222285926342,-0.03899472951889038,-0.05171891674399376,0.007086499594151974,-0.01628221943974495,0.04077082499861717,-0.00421857601031661,-0.004602083005011082,-0.0019175345078110695,0.0057526035234332085,0.0026845482643693686,0.00306805525906384,-0.00613611051812768,0.008820658549666405,0.009587672539055347,-0.015340276062488556,0.014573262073099613,-0.022626906633377075,-0.01739555038511753,0.032959990203380585,-0.0315866582095623,0.0631733164191246,0.007782219909131527,-0.030671102926135063,0.008239997550845146,-0.04989776387810707,0.06408887356519699,0.047151096165180206,-0.024262215942144394,0.0119022186845541,0.004710637032985687,-0.008295765146613121,-0.009413277730345726,0.014646726660430431,0.012134846299886703,-0.007335007656365633,0.00990555714815855,-0.009748682379722595,0.0,0.0,0.0,0.0,0.0,0.0,0.0,0.0,0.0,0.0,0.0,0.0,0.0,0.0,0.0,0.0
20260709_130555_953075,2026-07-09T13:06:26.104,30.151046,policy,1100,policy,0.10799999535083771,0.0,0.10799999535083771,0.0,0.25,0.0,0.25,0.0,0.06,xsens:live,0.004866620060056448,-0.005698468070477247,-0.9999719858169556,0.32650378266119817,0.27884240006225985,0.0,0.5178805589675903,7.508552551269531,16.645524978637695,12,can0:12,7.641834735870361,14.033631324768066,,"BL_hip_joint,BR_hip_joint,FL_hip_joint,FR_hip_joint,BL_thigh_joint,BR_thigh_joint,FL_thigh_joint,FR_thigh_joint,BL_calf_joint,BR_calf_joint,FL_calf_joint,FR_calf_joint",330e02f2406e129bb6ed6ec4a6c6bcd5f80d7e7799a2ab087e81eda65d2fae69,"step=001100 mode=policy vx= 0.108 vy= 0.000 vxy= 0.108 yaw= 0.000 speed=0.06 imu=xsens:live tilt_rp=[+0.3,+0.3]deg imu_corr=0.000 act_max= 0.518 tau_cmd= 7.509 tau_cmd_max= 16.646 cmds=12 bus=can0:12 policy_cmd=[ 0.250, 0.000, 0.000] tau_fb= 7.642 tau_fb_max= 14.034",0.0,0.0,0.0,-0.020672380924224854,0.0016443431377410889,-0.029508771374821663,0.004866620060056448,-0.005698468070477247,-0.9999719858169556,0.25,0.0,0.0,0.014956769533455372,-0.029146524146199226,-0.004602083005011082,0.040268223732709885,0.06788071990013123,-0.047554854303598404,0.05254044383764267,-0.051006417721509933,0.009587672539055347,-0.014573262073099613,0.013422741554677486,-0.022243401035666466,0.03799554333090782,-0.10208441317081451,-0.021973326802253723,0.10803552716970444,0.14694662392139435,-0.10849329829216003,0.13733328878879547,-0.14465773105621338,-0.007782219909131527,0.06546220183372498,0.04989776387810707,0.0553910955786705,1.0118296146392822,-1.2731646299362183,-0.5585347414016724,1.24885892868042,1.4763520956039429,-0.5751938819885254,0.8372595310211182,-1.1777151823043823,-1.8804398775100708,-0.12336970865726471,0.020998284220695496,1.868983268737793,1.0832922458648682,-1.2462459802627563,-0.5361732840538025,1.1567598581314087,1.3927922248840332,-0.5208978056907654,0.7963958978652954,-1.0887744426727295,-1.8257179260253906,-0.10674972832202911,0.0714409202337265,1.9158952236175537,0.2919054627418518,-0.33812204003334045,-0.14570891857147217,0.31532514095306396,0.37903207540512085,-0.14226533472537994,0.2165864109992981,-0.2967758774757385,-0.4956553280353546,-0.029228689149022102,0.018236542120575905,0.5178805589675903,0.014956769533455372,-0.029146524146199226,-0.004602083005011082,0.040268223732709885,0.06788071990013123,-0.047554854303598404,0.05254044383764267,-0.051006417721509933,0.009587672539055347,-0.014573262073099613,0.013422741554677486,-0.022243401035666466,0.03799554333090782,-0.10208441317081451,-0.021973326802253723,0.10803552716970444,0.14694662392139435,-0.10849329829216003,0.13733328878879547,-0.14465773105621338,-0.007782219909131527,0.06546220183372498,0.04989776387810707,0.0553910955786705,0.07297636568546295,-0.08453051000833511,-0.03642722964286804,0.07883128523826599,0.09475801885128021,-0.035566333681344986,0.054146602749824524,-0.07419396936893463,0.0,-0.007307172287255526,0.004559135530143976,0.0,0.0,0.0,0.0,0.0,0.0,0.0,0.0,0.0,0.0,0.0,0.0,0.0
20260709_130555_953075,2026-07-09T13:06:26.634,30.681637,policy,1120,policy,0.10799999535083771,0.0,0.10799999535083771,0.0,0.25,0.0,0.25,0.0,0.06,xsens:live,0.00440577557310462,-0.01184211578220129,-0.9999201893806458,0.6785256891925343,0.2524508605290408,0.0,0.16087296605110168,9.454170227050781,18.81683349609375,12,can0:12,8.510086059570312,17.98516845703125,,"BL_hip_joint,BR_hip_joint,FL_hip_joint,FR_hip_joint,BL_thigh_joint,BR_thigh_joint,FL_thigh_joint,FR_thigh_joint,BL_calf_joint,BR_calf_joint,FL_calf_joint,FR_calf_joint",330e02f2406e129bb6ed6ec4a6c6bcd5f80d7e7799a2ab087e81eda65d2fae69,"step=001120 mode=policy vx= 0.108 vy= 0.000 vxy= 0.108 yaw= 0.000 speed=0.06 imu=xsens:live tilt_rp=[+0.7,+0.3]deg imu_corr=0.000 act_max= 0.161 tau_cmd= 9.454 tau_cmd_max= 18.817 cmds=12 bus=can0:12 policy_cmd=[ 0.250, 0.000, 0.000] tau_fb= 8.510 tau_fb_max= 17.985",0.0,0.0,0.0,0.009986013174057007,0.020530076697468758,-0.004582107067108154,0.00440577557310462,-0.01184211578220129,-0.9999201893806458,0.25,0.0,0.0,-0.003835069015622139,-0.0057526035234332085,-0.006903124041855335,0.018791837617754936,-0.008820658549666405,0.015340276062488556,-0.006519617512822151,0.016107289120554924,0.01227222103625536,-0.019558852538466454,0.01418975554406643,-0.022626906633377075,0.0068666646257042885,-0.13779106736183167,0.0196844395250082,0.10208441317081451,0.013275551609694958,0.09247108548879623,0.001831110566854477,-0.027466658502817154,0.008697775192558765,-0.08239997923374176,-0.017853328958153725,-0.0238044373691082,0.6461399793624878,-0.927776575088501,-1.0109881162643433,1.8837894201278687,1.8812569379806519,-0.8367367386817932,1.1408382654190063,-1.5360006093978882,-1.780676245689392,0.2249857783317566,-0.2928488254547119,1.5293042659759521,0.6791070103645325,-0.9697369933128357,-1.001459002494812,1.7813389301300049,1.727051019668579,-0.8697395324707031,1.1292153596878052,-1.4369333982467651,-1.7469419240951538,0.2847403287887573,-0.349254846572876,1.5294990539550781,0.061156805604696274,-0.08734305202960968,-0.09032455831766129,0.16087296605110168,0.15610095858573914,-0.07834974676370621,0.10185272991657257,-0.12981148064136505,-0.15760979056358337,0.025530485436320305,-0.03135794401168823,0.1379193365573883,-0.003835069015622139,-0.0057526035234332085,-0.006903124041855335,0.018791837617754936,-0.008820658549666405,0.015340276062488556,-0.006519617512822151,0.016107289120554924,0.01227222103625536,-0.019558852538466454,0.01418975554406643,-0.022626906633377075,0.0068666646257042885,-0.13779106736183167,0.0196844395250082,0.10208441317081451,0.013275551609694958,0.09247108548879623,0.001831110566854477,-0.027466658502817154,0.008697775192558765,-0.08239997923374176,-0.017853328958153725,-0.0238044373691082,0.015289201401174068,-0.02183576300740242,-0.02258113957941532,0.04021824151277542,0.039025239646434784,-0.019587436690926552,0.025463182479143143,-0.03245287016034126,0.0,0.0,0.0,0.0,0.0,0.0,0.0,0.0,0.0,0.0,0.0,0.0,0.0,0.0,0.0,0.0
20260709_130555_953075,2026-07-09T13:06:27.175,31.222752,pose,1140,stand,0.0,0.0,0.0,0.0,0.0,0.0,0.0,0.0,0.06,xsens:live,0.005603027064353228,-0.00018666975665837526,-0.9999843239784241,0.010695556758804547,0.3210314762788233,0.0018005222082138062,0.007202088832855225,7.264116287231445,14.012125015258789,12,can0:12,7.980590343475342,16.337167739868164,,"BL_hip_joint,BR_hip_joint,FL_hip_joint,FR_hip_joint,BL_thigh_joint,BR_thigh_joint,FL_thigh_joint,FR_thigh_joint,BL_calf_joint,BR_calf_joint,FL_calf_joint,FR_calf_joint",330e02f2406e129bb6ed6ec4a6c6bcd5f80d7e7799a2ab087e81eda65d2fae69,"step=001140 mode=stand  vx= 0.000 vy= 0.000 vxy= 0.000 yaw= 0.000 speed=0.06 imu=xsens:live tilt_rp=[+0.0,+0.3]deg imu_corr=0.002 act_max= 0.007 tau_cmd= 7.264 tau_cmd_max= 14.012 cmds=12 bus=can0:12 tau_fb= 7.981 tau_fb_max= 16.337",0.0,0.0,0.0,0.0,0.0,0.0,0.005603027064353228,-0.00018666975665837526,-0.9999843239784241,0.0,0.0,0.0,0.0,0.0,0.0,0.0,0.0,0.0,0.0,0.0,0.0,0.0,0.0,0.0,0.0,0.0,0.0,0.0,0.0,0.0,0.0,0.0,0.0,0.0,0.0,0.0,0.0,0.0,0.0,0.0,0.0,0.0,0.0,0.0,0.0,0.0,0.0,0.0,0.2782990336418152,-0.8761178851127625,-0.17479340732097626,0.9048499464988708,0.254536896944046,-0.253324955701828,0.41204944252967834,-0.05174101144075394,-1.1421524286270142,0.6976748704910278,-0.7492924928665161,1.0270315408706665,0.00472298264503479,-0.007202088832855225,0.0032664835453033447,-0.0024771690368652344,0.00043267011642456055,-0.00044354796409606934,-0.001977771520614624,0.0017459280788898468,-0.0010533332824707031,-0.0029909610748291016,0.0009641647338867188,-0.0005933046340942383,0.015723783522844315,-0.0410352386534214,0.002301041502505541,0.04832186922430992,0.08552204072475433,-0.06711370497941971,0.07823541015386581,-0.07516735047101974,0.009587672539055347,-0.01687430404126644,0.011121700517833233,-0.022626906633377075,0.05264442786574364,-0.06683553755283356,-0.06866664439439774,0.08377330750226974,0.0119022186845541,-0.06271553784608841,-0.04669332131743431,0.0009155552834272385,0.03387554734945297,-0.0050355540588498116,-0.05172887444496155,0.03250221163034439,0.06594177335500717,-0.09214471280574799,-0.031399182975292206,0.08619401603937149,0.08579573035240173,-0.03871960565447807,0.05193416774272919,-0.07225465029478073,0.0,-0.014193300157785416,0.0002410411834716797,-0.00014832615852355957,0.0,0.0,0.0,0.0,0.0,0.0,0.0,0.0,0.0,0.0,0.0,0.0
20260709_130555_953075,2026-07-09T13:06:27.718,31.765852,pose,1160,stand,0.0,0.0,0.0,0.0,0.0,0.0,0.0,0.0,0.06,xsens:live,0.0050915866158902645,-0.0011960405390709639,-0.9999864101409912,0.06852897363678097,0.2917278676970959,0.0024827122688293457,0.009930849075317383,5.876867294311523,11.662740707397461,12,can0:12,6.309396743774414,12.528458595275879,,"BL_hip_joint,BR_hip_joint,FL_hip_joint,FR_hip_joint,BL_thigh_joint,BR_thigh_joint,FL_thigh_joint,FR_thigh_joint,BL_calf_joint,BR_calf_joint,FL_calf_joint,FR_calf_joint",330e02f2406e129bb6ed6ec4a6c6bcd5f80d7e7799a2ab087e81eda65d2fae69,"step=001160 mode=stand  vx= 0.000 vy= 0.000 vxy= 0.000 yaw= 0.000 speed=0.06 imu=xsens:live tilt_rp=[+0.1,+0.3]deg imu_corr=0.002 act_max= 0.010 tau_cmd= 5.877 tau_cmd_max= 11.663 cmds=12 bus=can0:12 tau_fb= 6.309 tau_fb_max= 12.528",0.0,0.0,0.0,0.0,0.0,0.0,0.0050915866158902645,-0.0011960405390709639,-0.9999864101409912,0.0,0.0,0.0,0.0,0.0,0.0,0.0,0.0,0.0,0.0,0.0,0.0,0.0,0.0,0.0,0.0,0.0,0.0,0.0,0.0,0.0,0.0,0.0,0.0,0.0,0.0,0.0,0.0,0.0,0.0,0.0,0.0,0.0,0.0,0.0,0.0,0.0,0.0,0.0,0.27451974153518677,-0.8788466453552246,-0.17300239205360413,0.9063190221786499,0.2556522488594055,-0.2540511190891266,0.412864625453949,-0.053275659680366516,-1.1418495178222656,0.6995137929916382,-0.7512491941452026,1.0256098508834839,0.0009436905384063721,-0.009930849075317383,0.005057498812675476,-0.0010080933570861816,0.0015480220317840576,-0.0011697113513946533,-0.0011625885963439941,0.00021127983927726746,-0.000750422477722168,-0.00115203857421875,-0.0009925365447998047,-0.0020149946212768555,0.008820658549666405,-0.036816664040088654,0.0019175345078110695,0.0429527722299099,0.06021058186888695,-0.04410329461097717,0.05177343264222145,-0.05215694010257721,0.009971179068088531,-0.022243401035666466,0.011505207046866417,-0.023010414093732834,0.0032044434919953346,0.025635547935962677,-0.0874355286359787,-0.04623554274439812,-0.048066653311252594,0.04257332161068916,-0.059053316712379456,0.018768884241580963,0.02700888179242611,-0.023346660658717155,-0.028839992359280586,-0.022431105375289917,0.047911085188388824,-0.06899144500494003,-0.02245195023715496,0.06365737318992615,0.06346766650676727,-0.02871502935886383,0.038305751979351044,-0.0534602515399456,0.0,-0.01018623448908329,0.0,-0.0005037486553192139,0.0,0.0,0.0,0.0,0.0,0.0,0.0,0.0,0.0,0.0,0.0,0.0
20260709_130555_953075,2026-07-09T13:06:28.253,32.300802,policy,1180,policy,0.10799999535083771,0.0,0.10799999535083771,0.0,0.25,0.0,0.25,0.0,0.06,xsens:live,0.0041619595140218735,-0.011142656207084656,-0.9999292492866516,0.6384459198504594,0.23847821010439696,0.0,0.1572887897491455,7.84872579574585,16.078725814819336,12,can0:12,6.776329517364502,12.964262962341309,,"BL_hip_joint,BR_hip_joint,FL_hip_joint,FR_hip_joint,BL_thigh_joint,BR_thigh_joint,FL_thigh_joint,FR_thigh_joint,BL_calf_joint,BR_calf_joint,FL_calf_joint,FR_calf_joint",330e02f2406e129bb6ed6ec4a6c6bcd5f80d7e7799a2ab087e81eda65d2fae69,"step=001180 mode=policy vx= 0.108 vy= 0.000 vxy= 0.108 yaw= 0.000 speed=0.06 imu=xsens:live tilt_rp=[+0.6,+0.2]deg imu_corr=0.000 act_max= 0.157 tau_cmd= 7.849 tau_cmd_max= 16.079 cmds=12 bus=can0:12 policy_cmd=[ 0.250, 0.000, 0.000] tau_fb= 6.776 tau_fb_max= 12.964",0.0,0.0,0.0,-0.026561323553323746,-0.0055685644038021564,-0.007182360626757145,0.0041619595140218735,-0.011142656207084656,-0.9999292492866516,0.25,0.0,0.0,-0.003835069015622139,-0.005369096528738737,-0.006903124041855335,0.014956769533455372,-0.0057526035234332085,0.010738193057477474,-0.0026845482643693686,0.01227222103625536,0.011505207046866417,-0.018024824559688568,0.01380624808371067,-0.021859893575310707,0.06271553784608841,-0.021973326802253723,-0.015106662176549435,0.06088442727923393,0.032959990203380585,-0.05401776358485222,0.043946653604507446,-0.009155552834272385,-0.0393688790500164,0.028839992359280586,0.0393688790500164,0.029755547642707825,0.5397669672966003,-0.9581698775291443,-1.1341062784194946,1.983794093132019,1.8021650314331055,-0.9698413610458374,1.2536425590515137,-1.5105655193328857,-1.7916712760925293,0.20638945698738098,-0.41740092635154724,1.401576280593872,0.5787578821182251,-1.0131022930145264,-1.1474024057388306,1.9702378511428833,1.7074227333068848,-0.9511511921882629,1.217564344406128,-1.425236463546753,-1.7811704874038696,0.2194809913635254,-0.46744129061698914,1.3870097398757935,0.046126704663038254,-0.0807642713189125,-0.0915617048740387,0.1572887897491455,0.13646481931209564,-0.0759546160697937,0.09725371748209,-0.11392052471637726,-0.1421937197446823,0.0174954142421484,-0.03721759840846062,0.11074093729257584,-0.003835069015622139,-0.005369096528738737,-0.006903124041855335,0.014956769533455372,-0.0057526035234332085,0.010738193057477474,-0.0026845482643693686,0.01227222103625536,0.011505207046866417,-0.018024824559688568,0.01380624808371067,-0.021859893575310707,0.06271553784608841,-0.021973326802253723,-0.015106662176549435,0.06088442727923393,0.032959990203380585,-0.05401776358485222,0.043946653604507446,-0.009155552834272385,-0.0393688790500164,0.028839992359280586,0.0393688790500164,0.029755547642707825,0.011531676165759563,-0.020191067829728127,-0.022890426218509674,0.03932219743728638,0.03411620482802391,-0.018988654017448425,0.0243134293705225,-0.028480131179094315,0.0,0.0,0.0,0.0,0.0,0.0,0.0,0.0,0.0,0.0,0.0,0.0,0.0,0.0,0.0,0.0
20260709_130555_953075,2026-07-09T13:06:28.782,32.829601,policy,1200,policy,0.10799999535083771,0.0,0.10799999535083771,0.0,0.25,0.0,0.25,0.0,0.06,xsens:live,0.0058472915552556515,-0.0025989122223109007,-0.999979555606842,0.14890941075783642,0.33502815880712405,0.0,0.7149025201797485,10.659819602966309,20.551559448242188,12,can0:12,10.244148254394531,20.1861629486084,,"BL_hip_joint,BR_hip_joint,FL_hip_joint,FR_hip_joint,BL_thigh_joint,BR_thigh_joint,FL_thigh_joint,FR_thigh_joint,BL_calf_joint,BR_calf_joint,FL_calf_joint,FR_calf_joint",330e02f2406e129bb6ed6ec4a6c6bcd5f80d7e7799a2ab087e81eda65d2fae69,"step=001200 mode=policy vx= 0.108 vy= 0.000 vxy= 0.108 yaw= 0.000 speed=0.06 imu=xsens:live tilt_rp=[+0.1,+0.3]deg imu_corr=0.000 act_max= 0.715 tau_cmd= 10.660 tau_cmd_max= 20.552 cmds=12 bus=can0:12 policy_cmd=[ 0.250, 0.000, 0.000] tau_fb= 10.244 tau_fb_max= 20.186",0.0,0.0,0.0,-0.03554076328873634,0.004491955041885376,-0.005652010440826416,0.0058472915552556515,-0.0025989122223109007,-0.999979555606842,0.25,0.0,0.0,0.022243401035666466,-0.04256926476955414,-0.004602083005011082,0.046787843108177185,0.0885900929570198,-0.06404565274715424,0.07861891388893127,-0.0755508616566658,0.01035468652844429,-0.01418975554406643,0.015723783522844315,-0.022626906633377075,0.04943998530507088,-0.028382213786244392,-0.0,0.06866664439439774,0.1579332798719406,-0.14557328820228577,0.11581774055957794,-0.06546220183372498,0.018768884241580963,-0.10208441317081451,0.11169774830341339,0.01739555038511753,0.9434279799461365,-1.2446602582931519,-0.4339215159416199,1.222067952156067,1.4618737697601318,-0.48612165451049805,0.8158491849899292,-1.1423779726028442,-1.8890936374664307,-0.19670163094997406,0.11233893036842346,1.885400414466858,0.9971998333930969,-1.1885751485824585,-0.3955814838409424,1.2289817333221436,1.4136725664138794,-0.45121967792510986,0.7945581078529358,-1.117282509803772,-1.8755913972854614,-0.22950051724910736,0.1611243486404419,1.8910266160964966,0.37499764561653137,-0.4518736004829407,-0.15152429044246674,0.4635436534881592,0.5358428955078125,-0.17210809886455536,0.3011542558670044,-0.42312678694725037,-0.7092132568359375,-0.08507490158081055,0.058960333466529846,0.7149025201797485,0.022243401035666466,-0.04256926476955414,-0.004602083005011082,0.046787843108177185,0.0885900929570198,-0.06404565274715424,0.07861891388893127,-0.0755508616566658,0.01035468652844429,-0.01418975554406643,0.015723783522844315,-0.022626906633377075,0.04943998530507088,-0.028382213786244392,-0.0,0.06866664439439774,0.1579332798719406,-0.14557328820228577,0.11581774055957794,-0.06546220183372498,0.018768884241580963,-0.10208441317081451,0.11169774830341339,0.01739555038511753,0.09374941140413284,-0.11296840012073517,-0.037881072610616684,0.1158859133720398,0.13396072387695312,-0.04302702471613884,0.0752885639667511,-0.10578169673681259,0.0,-0.021268725395202637,0.014740083366632462,0.0,0.0,0.0,0.0,0.0,0.0,0.0,0.0,0.0,0.0,0.0,0.0,0.0
20260709_130555_953075,2026-07-09T13:06:29.316,33.363189,policy,1220,policy,0.10799999535083771,0.0,0.10799999535083771,0.0,0.25,0.0,0.25,0.0,0.06,xsens:live,0.008761612698435783,0.011560709215700626,-0.9998947978019714,-0.6624200214155903,0.5020433977317283,0.0,1.5443625450134277,18.810155868530273,30.0,12,can0:12,12.85378646850586,27.268898010253906,,"BL_hip_joint,BR_hip_joint,FL_hip_joint,FR_hip_joint,BL_thigh_joint,BR_thigh_joint,FL_thigh_joint,FR_thigh_joint,BL_calf_joint,BR_calf_joint,FL_calf_joint,FR_calf_joint",330e02f2406e129bb6ed6ec4a6c6bcd5f80d7e7799a2ab087e81eda65d2fae69,"step=001220 mode=policy vx= 0.108 vy= 0.000 vxy= 0.108 yaw= 0.000 speed=0.06 imu=xsens:live tilt_rp=[-0.7,+0.5]deg imu_corr=0.000 act_max= 1.544 tau_cmd= 18.810 tau_cmd_max= 30.000 cmds=12 bus=can0:12 policy_cmd=[ 0.250, 0.000, 0.000] tau_fb= 12.854 tau_fb_max= 27.269",0.0,0.0,0.0,0.28810572624206543,-0.05021989718079567,-0.08884221315383911,0.008761612698435783,0.011560709215700626,-0.9998947978019714,0.25,0.0,0.0,0.051006417721509933,-0.10316335409879684,0.004602083005011082,0.09434270113706589,0.19443799555301666,-0.09971179068088531,0.15570379793643951,-0.15186873078346252,0.01035468652844429,-0.0410352386534214,0.0429527722299099,-0.02837951108813286,0.43900877237319946,-0.2211066037416458,0.04348887503147125,0.20142216980457306,0.8377330899238586,-0.14694662392139435,0.1895199418067932,-0.17761772871017456,-0.05859553813934326,-0.20325326919555664,-0.12359996140003204,-0.030671102926135063,0.9836241006851196,-0.8696683645248413,-0.392158567905426,0.5851369500160217,0.800555408000946,-0.269343763589859,0.33992287516593933,-0.6882081627845764,-1.4932012557983398,-0.1662255972623825,0.3635554015636444,2.1461427211761475,1.0400350093841553,-0.8447632193565369,-0.2255234271287918,0.3044466972351074,0.6229541301727295,-0.1150810718536377,0.13432642817497253,-0.4596887230873108,-1.3272258043289185,-0.04248496890068054,0.2928554117679596,2.2176015377044678,0.7883014678955078,-0.6616559624671936,-0.19753000140190125,0.295280396938324,0.5262431502342224,-0.1200830265879631,0.14439663290977478,-0.40483707189559937,-1.0624797344207764,-0.05413727089762688,0.23213988542556763,1.5443625450134277,0.051006417721509933,-0.10316335409879684,0.004602083005011082,0.09434270113706589,0.19443799555301666,-0.09971179068088531,0.15570379793643951,-0.15186873078346252,0.01035468652844429,-0.0410352386534214,0.0429527722299099,-0.02837951108813286,0.43900877237319946,-0.2211066037416458,0.04348887503147125,0.20142216980457306,0.8377330899238586,-0.14694662392139435,0.1895199418067932,-0.17761772871017456,-0.05859553813934326,-0.20325326919555664,-0.12359996140003204,-0.030671102926135063,0.18027696013450623,-0.1654139906167984,-0.04938250035047531,0.073820099234581,0.16969692707061768,-0.033518265932798386,0.0920649990439415,-0.10120926797389984,0.0,-0.013534318655729294,0.05803497135639191,0.0,-4.440892098500626e-16,0.0,0.0,0.0,1.1102230246251565e-16,0.0,0.0,0.0,0.0,0.0,0.0,0.0
20260709_130555_953075,2026-07-09T13:06:29.857,33.904347,policy,1240,policy,0.10799999535083771,0.0,0.10799999535083771,0.0,0.25,0.0,0.25,0.0,0.06,xsens:live,0.02493058145046234,0.0027142134495079517,-0.999685525894165,-0.15556151329795842,1.4285703339852276,0.0,1.9947839975357056,26.720008850097656,30.0,12,can0:12,9.602953910827637,23.504135131835938,,"BL_hip_joint,BR_hip_joint,FL_hip_joint,FR_hip_joint,BL_thigh_joint,BR_thigh_joint,FL_thigh_joint,FR_thigh_joint,BL_calf_joint,BR_calf_joint,FL_calf_joint,FR_calf_joint",330e02f2406e129bb6ed6ec4a6c6bcd5f80d7e7799a2ab087e81eda65d2fae69,"step=001240 mode=policy vx= 0.108 vy= 0.000 vxy= 0.108 yaw= 0.000 speed=0.06 imu=xsens:live tilt_rp=[-0.2,+1.4]deg imu_corr=0.000 act_max= 1.995 tau_cmd= 26.720 tau_cmd_max= 30.000 cmds=12 bus=can0:12 policy_cmd=[ 0.250, 0.000, 0.000] tau_fb= 9.603 tau_fb_max= 23.504",0.0,0.0,0.0,-0.28881433606147766,0.16906636953353882,0.27624449133872986,0.02493058145046234,0.0027142134495079517,-0.999685525894165,0.25,0.0,0.0,-0.030680552124977112,-0.15608730912208557,-0.03221457824110985,0.025694962590932846,0.09549321979284286,-0.1269407868385315,0.2584836483001709,-0.23470622301101685,0.12732429802417755,-0.06212811917066574,0.08360450714826584,-0.15992237627506256,0.1355021893978119,-0.8066042065620422,1.122470736503601,-0.27283546328544617,0.09063997119665146,0.36942654848098755,-0.0869777500629425,0.05218665301799774,-0.712302029132843,-0.635395348072052,0.7173375487327576,0.6898708939552307,0.6149190068244934,-1.2029091119766235,0.9092650413513184,0.30540192127227783,0.2754857540130615,-0.09398023039102554,-0.22691896557807922,0.3023953139781952,-1.5377845764160156,-0.5620943903923035,1.8238394260406494,2.7009379863739014,0.8897371292114258,-1.172580361366272,1.2147632837295532,1.3161734342575073,0.07099772989749908,-0.16379857063293457,-0.2727683186531067,0.31651851534843445,-1.7003188133239746,-0.3827647566795349,1.3185091018676758,2.1731910705566406,0.8120353817939758,-1.172073483467102,1.099833369255066,1.0475391149520874,0.13224951922893524,-0.15470346808433533,-0.22310176491737366,0.3071347177028656,-1.6778786182403564,-0.42218518257141113,1.4336696863174438,1.9947839975357056,-0.030680552124977112,-0.15608730912208557,-0.03221457824110985,0.025694962590932846,0.09549321979284286,-0.1269407868385315,0.2584836483001709,-0.23470622301101685,0.12732429802417755,-0.06212811917066574,0.08360450714826584,-0.15992237627506256,0.1355021893978119,-0.8066042065620422,1.122470736503601,-0.27283546328544617,0.09063997119665146,0.36942654848098755,-0.0869777500629425,0.05218665301799774,-0.712302029132843,-0.635395348072052,0.7173375487327576,0.6898708939552307,0.07835569977760315,-0.2930183708667755,0.142621248960495,0.10750801116228104,0.03306237980723381,-0.03867586702108383,0.17825287580490112,-0.1565631777048111,0.009569289162755013,-0.10554629564285278,0.20166167616844177,-0.04351341351866722,0.0,0.0,0.0,-2.7755575615628914e-16,0.0,0.0,0.0,-3.469446951953614e-16,0.0,0.0,0.0,0.0
20260709_130555_953075,2026-07-09T13:06:30.398,34.445159,pose,1260,stand,0.0,0.0,0.0,0.0,0.0,0.0,0.0,0.0,0.06,xsens:live,0.022643491625785828,0.028982531279325485,-0.9993234872817993,-1.6612352194062128,1.2980326736377636,0.029903270304203033,0.11961308121681213,6.425332546234131,20.739925384521484,12,can0:12,5.804925441741943,21.347087860107422,,"BL_hip_joint,BR_hip_joint,FL_hip_joint,FR_hip_joint,BL_thigh_joint,BR_thigh_joint,FL_thigh_joint,FR_thigh_joint,BL_calf_joint,BR_calf_joint,FL_calf_joint,FR_calf_joint",330e02f2406e129bb6ed6ec4a6c6bcd5f80d7e7799a2ab087e81eda65d2fae69,"step=001260 mode=stand  vx= 0.000 vy= 0.000 vxy= 0.000 yaw= 0.000 speed=0.06 imu=xsens:live tilt_rp=[-1.7,+1.3]deg imu_corr=0.030 act_max= 0.120 tau_cmd= 6.425 tau_cmd_max= 20.740 cmds=12 bus=can0:12 tau_fb= 5.805 tau_fb_max= 21.347",0.0,0.0,0.0,0.0,0.0,0.0,0.022643491625785828,0.028982531279325485,-0.9993234872817993,0.0,0.0,0.0,0.0,0.0,0.0,0.0,0.0,0.0,0.0,0.0,0.0,0.0,0.0,0.0,0.0,0.0,0.0,0.0,0.0,0.0,0.0,0.0,0.0,0.0,0.0,0.0,0.0,0.0,0.0,0.0,0.0,0.0,0.0,0.0,0.0,0.0,0.0,0.0,0.39318913221359253,-0.7995303869247437,-0.2309231460094452,0.8630492091178894,0.22341307997703552,-0.2292141318321228,0.3855985105037689,-0.005733653903007507,-1.1505540609359741,0.6427210569381714,-0.692591667175293,1.0666395425796509,0.11961308121681213,0.06938540935516357,-0.05286325514316559,-0.04427790641784668,-0.030691146850585938,0.02366727590560913,-0.028428703546524048,0.047753285616636276,-0.009454965591430664,-0.05794477462768555,0.05766499042510986,0.03901469707489014,0.0970272421836853,-0.1296253353357315,0.11696960777044296,0.15723782777786255,0.09741075336933136,-0.051006417721509933,0.14803366363048553,-0.15148521959781647,0.014956769533455372,-0.06557968258857727,0.1530192494392395,-0.03259808570146561,-0.03250221163034439,-0.11764885485172272,0.022431105375289917,-0.054475538432598114,0.012817773967981339,0.023346660658717155,0.1268044114112854,-0.03799554333090782,-0.027924437075853348,0.010986663401126862,-0.02288888208568096,0.021057771518826485,0.12561890482902527,-0.11502091586589813,0.12085607647895813,0.1703229695558548,0.09554414451122284,-0.05156232789158821,0.1327410638332367,-0.10190752148628235,0.0,-0.05999305844306946,0.14199413359165192,0.0,0.0,0.0,0.0,0.0,0.0,0.0,0.0,0.0,0.0,0.0,0.0,0.0
20260709_130555_953075,2026-07-09T13:06:30.938,34.985648,pose,1280,stand,0.0,0.0,0.0,0.0,0.0,0.0,0.0,0.0,0.06,xsens:live,0.019896794110536575,0.016177253797650337,-0.999671220779419,-0.9271122848324352,1.1402267123997802,0.018214814364910126,0.0728592574596405,6.282825469970703,20.649681091308594,12,can0:12,6.332285404205322,19.622180938720703,,"BL_hip_joint,BR_hip_joint,FL_hip_joint,FR_hip_joint,BL_thigh_joint,BR_thigh_joint,FL_thigh_joint,FR_thigh_joint,BL_calf_joint,BR_calf_joint,FL_calf_joint,FR_calf_joint",330e02f2406e129bb6ed6ec4a6c6bcd5f80d7e7799a2ab087e81eda65d2fae69,"step=001280 mode=stand  vx= 0.000 vy= 0.000 vxy= 0.000 yaw= 0.000 speed=0.06 imu=xsens:live tilt_rp=[-0.9,+1.1]deg imu_corr=0.018 act_max= 0.073 tau_cmd= 6.283 tau_cmd_max= 20.650 cmds=12 bus=can0:12 tau_fb= 6.332 tau_fb_max= 19.622",0.0,0.0,0.0,0.0,0.0,0.0,0.019896794110536575,0.016177253797650337,-0.999671220779419,0.0,0.0,0.0,0.0,0.0,0.0,0.0,0.0,0.0,0.0,0.0,0.0,0.0,0.0,0.0,0.0,0.0,0.0,0.0,0.0,0.0,0.0,0.0,0.0,0.0,0.0,0.0,0.0,0.0,0.0,0.0,0.0,0.0,0.0,0.0,0.0,0.0,0.0,0.0,0.3464353084564209,-0.838833212852478,-0.20296558737754822,0.8788529634475708,0.23682937026023865,-0.24062609672546387,0.3960326015949249,-0.024423547089099884,-1.147824764251709,0.6641646027565002,-0.7164739370346069,1.0493099689483643,0.0728592574596405,0.0300825834274292,-0.024905696511268616,-0.028474152088165283,-0.017274856567382812,0.012255311012268066,-0.017994612455368042,0.0290633924305439,-0.006725668907165527,-0.03650122880935669,0.0337827205657959,0.021685123443603516,0.08360450714826584,-0.10814894735813141,0.07324981689453125,0.10776543617248535,0.05330745875835419,-0.02109287865459919,0.09856127202510834,-0.11888714134693146,0.013039235025644302,-0.05330745875835419,0.10508088767528534,-0.023010414093732834,-0.047151096165180206,0.013733329251408577,-0.03662221133708954,-0.11444441229104996,-0.07415997982025146,0.11673329770565033,-0.0636310949921608,0.12863551080226898,-0.016479995101690292,0.024262215942144394,-0.09384441375732422,0.0952177494764328,0.07437827438116074,-0.07014904916286469,0.07244348526000977,0.09931785613298416,0.0562463104724884,-0.030663449317216873,0.0775606706738472,-0.05953594669699669,1.734723475976807e-18,-0.03582755848765373,0.08330508321523666,0.0,0.0,0.0,0.0,0.0,0.0,0.0,0.0,0.0,0.0,0.0,0.0,0.0
20260709_130555_953075,2026-07-09T13:06:31.478,35.525260,policy,1300,policy,0.10799999535083771,0.0,0.10799999535083771,0.0,0.25,0.0,0.25,0.0,0.06,xsens:live,0.005396523978561163,-0.021308789029717445,-0.9997584223747253,1.2210138189494275,0.30926975773103954,0.0,0.21802714467048645,11.810542106628418,28.70508575439453,12,can0:12,10.567033767700195,23.7824649810791,,"BL_hip_joint,BR_hip_joint,FL_hip_joint,FR_hip_joint,BL_thigh_joint,BR_thigh_joint,FL_thigh_joint,FR_thigh_joint,BL_calf_joint,BR_calf_joint,FL_calf_joint,FR_calf_joint",330e02f2406e129bb6ed6ec4a6c6bcd5f80d7e7799a2ab087e81eda65d2fae69,"step=001300 mode=policy vx= 0.108 vy= 0.000 vxy= 0.108 yaw= 0.000 speed=0.06 imu=xsens:live tilt_rp=[+1.2,+0.3]deg imu_corr=0.000 act_max= 0.218 tau_cmd= 11.811 tau_cmd_max= 28.705 cmds=12 bus=can0:12 policy_cmd=[ 0.250, 0.000, 0.000] tau_fb= 10.567 tau_fb_max= 23.782",0.0,0.0,0.0,-0.017628073692321777,0.006861239671707153,-0.0016883016796782613,0.005396523978561163,-0.021308789029717445,-0.9997584223747253,0.25,0.0,0.0,0.053690966218709946,-0.07209929823875427,-0.029913539066910744,0.025694962590932846,-0.026845483109354973,0.046404335647821426,0.011121700517833233,-0.0429527722299099,0.01227222103625536,-0.026461975648999214,0.02032586559653282,-0.008820658549666405,-0.021973326802253723,-0.06042664870619774,0.0393688790500164,0.09750663489103317,0.08194220066070557,-0.1190221905708313,0.08468886464834213,-0.09430219233036041,-0.016479995101690292,-0.08423108607530594,-0.03707998991012573,-0.05310220643877983,-0.20159408450126648,-1.2137900590896606,-1.9568264484405518,1.6862895488739014,0.8400986790657043,-1.2027125358581543,1.6513370275497437,-0.630778431892395,-1.124240756034851,0.8998041749000549,-1.3790559768676758,0.5959255695343018,-0.17485874891281128,-1.2320070266723633,-1.9368360042572021,1.6556061506271362,0.8042250871658325,-1.1540299654006958,1.6034235954284668,-0.6285673379898071,-1.1248328685760498,0.895261287689209,-1.3670759201049805,0.5905272960662842,-0.019777605310082436,-0.13857106864452362,-0.21802714467048645,0.1864241063594818,0.09063352644443512,-0.1300462782382965,0.18061508238315582,-0.07074322551488876,-0.12657587230205536,0.1007620245218277,-0.1538885533809662,0.0664663165807724,0.053690966218709946,-0.07209929823875427,-0.029913539066910744,0.025694962590932846,-0.026845483109354973,0.046404335647821426,0.011121700517833233,-0.0429527722299099,0.01227222103625536,-0.026461975648999214,0.02032586559653282,-0.008820658549666405,-0.021973326802253723,-0.06042664870619774,0.0393688790500164,0.09750663489103317,0.08194220066070557,-0.1190221905708313,0.08468886464834213,-0.09430219233036041,-0.016479995101690292,-0.08423108607530594,-0.03707998991012573,-0.05310220643877983,-0.004944401327520609,-0.034642767161130905,-0.05450678616762161,0.04660602658987045,0.02265838161110878,-0.03251156955957413,0.045153770595788956,-0.01768580637872219,0.0,0.0,0.0,0.0,0.0,0.0,0.0,0.0,0.0,0.0,0.0,0.0,0.0,0.0,0.0,0.0
20260709_130555_953075,2026-07-09T13:06:32.015,36.062852,policy,1320,policy,0.10799999535083771,0.0,0.10799999535083771,0.0,0.25,0.0,0.25,0.0,0.06,xsens:live,0.011688181199133396,-0.01563904620707035,-0.9998094439506531,0.8961490407642382,0.6697805785598756,0.0,0.8711106181144714,14.577263832092285,30.0,12,can0:12,13.960082054138184,33.897518157958984,,"BL_hip_joint,BR_hip_joint,FL_hip_joint,FR_hip_joint,BL_thigh_joint,BR_thigh_joint,FL_thigh_joint,FR_thigh_joint,BL_calf_joint,BR_calf_joint,FL_calf_joint,FR_calf_joint",330e02f2406e129bb6ed6ec4a6c6bcd5f80d7e7799a2ab087e81eda65d2fae69,"step=001320 mode=policy vx= 0.108 vy= 0.000 vxy= 0.108 yaw= 0.000 speed=0.06 imu=xsens:live tilt_rp=[+0.9,+0.7]deg imu_corr=0.000 act_max= 0.871 tau_cmd= 14.577 tau_cmd_max= 30.000 cmds=12 bus=can0:12 policy_cmd=[ 0.250, 0.000, 0.000] tau_fb= 13.960 tau_fb_max= 33.898",0.0,0.0,0.0,0.06267354637384415,0.05086735635995865,0.011467189528048038,0.011688181199133396,-0.01563904620707035,-0.9998094439506531,0.25,0.0,0.0,0.04448680207133293,-0.1119840145111084,-0.07938592880964279,0.036049649119377136,0.0410352386534214,-0.03183107450604439,0.12579026818275452,-0.14113053679466248,0.04525381326675415,-0.02147638611495495,0.0279960036277771,-0.07133228331804276,0.07003998011350632,0.035248879343271255,-0.1190221905708313,-0.055848874151706696,0.07644886523485184,-0.047151096165180206,0.07278664410114288,-0.1423688530921936,0.21973326802253723,-0.06408887356519699,0.04348887503147125,-0.20325326919555664,0.2362302988767624,-1.0088169574737549,-1.6091363430023193,0.6266816854476929,-0.06509600579738617,-0.7162162661552429,2.3225839138031006,0.08926243335008621,0.5601826906204224,1.4165675640106201,-2.809234380722046,-0.9595577120780945,0.25224989652633667,-0.9933325052261353,-1.4989750385284424,0.6201067566871643,-0.06718239188194275,-0.8262432217597961,2.582139015197754,0.10816078633069992,0.5120463371276855,1.4506804943084717,-2.955272674560547,-0.958239734172821,0.10879653692245483,-0.4334924519062042,-0.65940260887146,0.2704925835132599,-0.028594573959708214,-0.3543928563594818,0.8711106181144714,0.04563962668180466,0.2256343811750412,0.6301955580711365,-0.8711106181144714,-0.41670605540275574,0.04448680207133293,-0.1119840145111084,-0.07938592880964279,0.036049649119377136,0.0410352386534214,-0.03183107450604439,0.12579026818275452,-0.14113053679466248,0.04525381326675415,-0.02147638611495495,0.0279960036277771,-0.07133228331804276,0.07003998011350632,0.035248879343271255,-0.1190221905708313,-0.055848874151706696,0.07644886523485184,-0.047151096165180206,0.07278664410114288,-0.1423688530921936,0.21973326802253723,-0.06408887356519699,0.04348887503147125,-0.20325326919555664,0.02719913423061371,-0.10837311297655106,-0.164850652217865,0.06762314587831497,-0.0071486434899270535,-0.08859821408987045,0.2051694691181183,-0.07466231286525726,0.0564085952937603,0.0,0.0,-0.10417651385068893,0.0,0.0,0.0,0.0,0.0,0.0,-3.191891195797325e-16,0.0,0.0,0.0,0.0,0.0
20260709_130555_953075,2026-07-09T13:06:32.559,36.606090,policy,1340,policy,0.10799999535083771,0.0,0.10799999535083771,0.0,0.25,0.0,0.25,0.0,0.06,xsens:live,0.021707218140363693,-0.01253422535955906,-0.9996858835220337,0.7183462276855311,1.243927304760655,0.0,1.6132129430770874,13.201247215270996,30.0,12,can0:12,12.01971435546875,30.605182647705078,,"BL_hip_joint,BR_hip_joint,FL_hip_joint,FR_hip_joint,BL_thigh_joint,BR_thigh_joint,FL_thigh_joint,FR_thigh_joint,BL_calf_joint,BR_calf_joint,FL_calf_joint,FR_calf_joint",330e02f2406e129bb6ed6ec4a6c6bcd5f80d7e7799a2ab087e81eda65d2fae69,"step=001340 mode=policy vx= 0.108 vy= 0.000 vxy= 0.108 yaw= 0.000 speed=0.06 imu=xsens:live tilt_rp=[+0.7,+1.2]deg imu_corr=0.000 act_max= 1.613 tau_cmd= 13.201 tau_cmd_max= 30.000 cmds=12 bus=can0:12 policy_cmd=[ 0.250, 0.000, 0.000] tau_fb= 12.020 tau_fb_max= 30.605",0.0,0.0,0.0,-0.36212798953056335,-0.02236514911055565,0.07115080207586288,0.021707218140363693,-0.01253422535955906,-0.9996858835220337,0.25,0.0,0.0,0.00076701381476596,-0.1725781112909317,-0.09779425710439682,0.054074473679065704,0.029146524146199226,-0.09741075336933136,0.22051647305488586,-0.21821542084217072,0.016490796580910683,-0.01764131709933281,0.03374860808253288,-0.08360450714826584,-0.19592882692813873,-0.3080843389034271,0.3891109824180603,0.44724875688552856,0.3328043520450592,-0.1029999703168869,0.2545243799686432,-0.041657764464616776,-0.09155552834272385,0.16251106560230255,-0.0393688790500164,1.1270486116409302,-0.025086335837841034,-1.2375969886779785,-0.43616005778312683,0.8347034454345703,0.5673002600669861,-0.2967926561832428,1.313028335571289,-0.12869006395339966,-1.8832296133041382,0.23647679388523102,-0.8295167684555054,1.1711094379425049,0.16009239852428436,-0.7847973704338074,-0.07973317056894302,1.0802332162857056,0.9583689570426941,-0.5338887572288513,1.319610595703125,-0.39163312315940857,-2.096125841140747,0.023831918835639954,-0.3873870074748993,1.395663857460022,0.09733826667070389,-0.7288034558296204,-0.14438916742801666,0.8456305861473083,0.7133001685142517,-0.4043784737586975,1.102506399154663,-0.2652803063392639,-1.6132129430770874,0.07148541510105133,-0.42670536041259766,1.0864447355270386,0.00076701381476596,-0.1725781112909317,-0.09779425710439682,0.054074473679065704,0.029146524146199226,-0.09741075336933136,0.22051647305488586,-0.21821542084217072,0.016490796580910683,-0.01764131709933281,0.03374860808253288,-0.08360450714826584,-0.19592882692813873,-0.3080843389034271,0.3891109824180603,0.44724875688552856,0.3328043520450592,-0.1029999703168869,0.2545243799686432,-0.041657764464616776,-0.09155552834272385,0.16251106560230255,-0.0393688790500164,1.1270486116409302,0.024334566667675972,-0.1822008639574051,-0.036097295582294464,0.1838943511247635,0.12412877380847931,-0.10109461843967438,0.27562659978866577,-0.1457037627696991,0.0,0.0,0.0,0.0,0.0,0.0,0.0,-1.6653345369377348e-16,0.0,0.0,0.0,0.0,0.0,0.0,0.0,0.0
20260709_130555_953075,2026-07-09T13:06:32.960,37.006971,policy,1355,encoder_fault,0.10799999535083771,0.0,0.10799999535083771,0.0,0.10799999535083771,0.0,0.10799999535083771,0.0,0.06,xsens:live,0.0279029943048954,0.011364752426743507,-0.9995461106300354,-0.6514199648135733,1.5990345014643514,0.0,1.92919921875,22.66802978515625,30.0,12,can0:12,9.9258394241333,41.40873336791992,EXCESSIVE MOTOR TORQUE: FR_thigh_joint=+41.409; limit=40.000,,,"step=001355 mode=encoder_fault vx= 0.108 vy= 0.000 vxy= 0.108 yaw= 0.000 speed=0.06 imu=xsens:live tilt_rp=[-0.7,+1.6]deg imu_corr=0.000 act_max= 1.929 tau_cmd= 22.668 tau_cmd_max= 30.000 cmds=12 bus=can0:12 tau_fb= 9.926 tau_fb_max= 41.409",,,,,,,,,,,,,,,,,,,,,,,,,,,,,,,,,,,,,,,,,,,,,,,,,,,,,,,,,,,,,,,,,,,,,,,,,,,,,,,,,,,,,,,,,,,,,,,,,,,,,,,,,,,,,,,,,,,,,,,,
