run_id,wall_time,elapsed_s,phase,step,mode,vx,vy,vxy,yaw,policy_vx,policy_vy,policy_vxy,policy_yaw,speed,imu,gravity_x,gravity_y,gravity_z,imu_roll_deg,imu_pitch_deg,imu_correction_abs_max,act_max,tau_cmd,tau_cmd_max,cmds,bus_counts,tau_fb,tau_fb_max,fault_reason,policy_joint_order,policy_sha256,compact_line,obs_000,obs_001,obs_002,obs_003,obs_004,obs_005,obs_006,obs_007,obs_008,obs_009,obs_010,obs_011,obs_012,obs_013,obs_014,obs_015,obs_016,obs_017,obs_018,obs_019,obs_020,obs_021,obs_022,obs_023,obs_024,obs_025,obs_026,obs_027,obs_028,obs_029,obs_030,obs_031,obs_032,obs_033,obs_034,obs_035,obs_036,obs_037,obs_038,obs_039,obs_040,obs_041,obs_042,obs_043,obs_044,obs_045,obs_046,obs_047,action_00,action_01,action_02,action_03,action_04,action_05,action_06,action_07,action_08,action_09,action_10,action_11,sent_action_00,sent_action_01,sent_action_02,sent_action_03,sent_action_04,sent_action_05,sent_action_06,sent_action_07,sent_action_08,sent_action_09,sent_action_10,sent_action_11,q_00,q_01,q_02,q_03,q_04,q_05,q_06,q_07,q_08,q_09,q_10,q_11,qd_00,qd_01,qd_02,qd_03,qd_04,qd_05,qd_06,qd_07,qd_08,qd_09,qd_10,qd_11,q_target_00,q_target_01,q_target_02,q_target_03,q_target_04,q_target_05,q_target_06,q_target_07,q_target_08,q_target_09,q_target_10,q_target_11,qd_target_00,qd_target_01,qd_target_02,qd_target_03,qd_target_04,qd_target_05,qd_target_06,qd_target_07,qd_target_08,qd_target_09,qd_target_10,qd_target_11
20260708_190646_213706,2026-07-08T19:06:46.494,0.280417,pose,0,sit,0.0,0.0,0.0,0.0,0.0,0.0,0.0,0.0,1.0,fake,0.0,0.0,-1.0,-0.0,0.0,0.0,0.0,1.1906524896621704,2.6202564239501953,12,can0:12,0.034485917538404465,0.07324442267417908,,"BL_hip_joint,BR_hip_joint,FL_hip_joint,FR_hip_joint,BL_thigh_joint,BR_thigh_joint,FL_thigh_joint,FR_thigh_joint,BL_calf_joint,BR_calf_joint,FL_calf_joint,FR_calf_joint",330e02f2406e129bb6ed6ec4a6c6bcd5f80d7e7799a2ab087e81eda65d2fae69,"step=000000 mode=sit    vx= 0.000 vy= 0.000 vxy= 0.000 yaw= 0.000 speed=1.00 imu=fake tilt_rp=[-0.0,+0.0]deg imu_corr=0.000 act_max= 0.000 tau_cmd= 1.191 tau_cmd_max= 2.620 cmds=12 bus=can0:12 tau_fb= 0.034 tau_fb_max= 0.073",,,,,,,,,,,,,,,,,,,,,,,,,,,,,,,,,,,,,,,,,,,,,,,,,0.0,0.0,0.0,0.0,0.0,0.0,0.0,0.0,0.0,0.0,0.0,0.0,0.0,0.0,0.0,0.0,0.0,0.0,0.0,0.0,0.0,0.0,0.0,0.0,0.5530169606208801,-0.564138650894165,-0.5246374607086182,0.5787119269371033,-0.36624908447265625,0.291848748922348,-0.28609615564346313,0.3217622935771942,1.5612566471099854,-1.3633670806884766,1.3629835844039917,-1.4101548194885254,-0.028382213786244392,-0.04623554274439812,0.0050355540588498116,-0.008697775192558765,0.016022218391299248,0.0013733329251408577,0.07278664410114288,-0.027924437075853348,0.07003998011350632,0.05401776358485222,-0.025177771225571632,0.04119998961687088,0.5530169606208801,-0.564138650894165,-0.5246374607086182,0.5787119269371033,-0.36624908447265625,0.291848748922348,-0.28609615564346313,0.3217622935771942,1.5612566471099854,-1.3633670806884766,1.3629835844039917,-1.4101548194885254,0.0,0.0,0.0,0.0,0.0,0.0,0.0,0.0,0.0,0.0,0.0,0.0
20260708_190646_213706,2026-07-08T19:06:46.656,0.442371,pose,5,sit,0.0,0.0,0.0,0.0,0.0,0.0,0.0,0.0,1.0,fake,0.0,0.0,-1.0,-0.0,0.0,0.0,0.0,2.7376925945281982,6.37860631942749,12,can0:12,0.8819848895072937,1.5637683868408203,,"BL_hip_joint,BR_hip_joint,FL_hip_joint,FR_hip_joint,BL_thigh_joint,BR_thigh_joint,FL_thigh_joint,FR_thigh_joint,BL_calf_joint,BR_calf_joint,FL_calf_joint,FR_calf_joint",330e02f2406e129bb6ed6ec4a6c6bcd5f80d7e7799a2ab087e81eda65d2fae69,"step=000005 mode=sit    vx= 0.000 vy= 0.000 vxy= 0.000 yaw= 0.000 speed=1.00 imu=fake tilt_rp=[-0.0,+0.0]deg imu_corr=0.000 act_max= 0.000 tau_cmd= 2.738 tau_cmd_max= 6.379 cmds=12 bus=can0:12 tau_fb= 0.882 tau_fb_max= 1.564",,,,,,,,,,,,,,,,,,,,,,,,,,,,,,,,,,,,,,,,,,,,,,,,,0.0,0.0,0.0,0.0,0.0,0.0,0.0,0.0,0.0,0.0,0.0,0.0,0.0,0.0,0.0,0.0,0.0,0.0,0.0,0.0,0.0,0.0,0.0,0.0,0.5541674494743347,-0.5656726956367493,-0.5257879495620728,0.5802459120750427,-0.3666326105594635,0.29261577129364014,-0.285329133272171,0.32061177492141724,1.5677762031555176,-1.369119644165039,1.3683526515960693,-1.4162909984588623,0.0013733329251408577,-0.06408887356519699,-0.041657764464616776,-0.019226660951972008,-0.005493331700563431,-0.003662221133708954,-0.05310220643877983,0.001831110566854477,0.043946653604507446,0.009613330475986004,0.0315866582095623,0.010528885759413242,0.5521461963653564,-0.5632503628730774,-0.523811399936676,0.5778006911277771,-0.3648851215839386,0.2906019389629364,-0.2848584055900574,0.32046836614608765,1.5613806247711182,-1.3638026714324951,1.363419771194458,-1.4105167388916016,0.0,0.0,0.0,0.0,0.0,0.0,0.0,0.0,0.0,0.0,0.0,0.0
20260708_190646_213706,2026-07-08T19:06:46.788,0.575120,pose,10,sit,0.0,0.0,0.0,0.0,0.0,0.0,0.0,0.0,1.0,fake,0.0,0.0,-1.0,-0.0,0.0,0.0,0.0,2.6485583782196045,4.751212120056152,12,can0:12,0.5249183177947998,1.853083848953247,,"BL_hip_joint,BR_hip_joint,FL_hip_joint,FR_hip_joint,BL_thigh_joint,BR_thigh_joint,FL_thigh_joint,FR_thigh_joint,BL_calf_joint,BR_calf_joint,FL_calf_joint,FR_calf_joint",330e02f2406e129bb6ed6ec4a6c6bcd5f80d7e7799a2ab087e81eda65d2fae69,"step=000010 mode=sit    vx= 0.000 vy= 0.000 vxy= 0.000 yaw= 0.000 speed=1.00 imu=fake tilt_rp=[-0.0,+0.0]deg imu_corr=0.000 act_max= 0.000 tau_cmd= 2.649 tau_cmd_max= 4.751 cmds=12 bus=can0:12 tau_fb= 0.525 tau_fb_max= 1.853",,,,,,,,,,,,,,,,,,,,,,,,,,,,,,,,,,,,,,,,,,,,,,,,,0.0,0.0,0.0,0.0,0.0,0.0,0.0,0.0,0.0,0.0,0.0,0.0,0.0,0.0,0.0,0.0,0.0,0.0,0.0,0.0,0.0,0.0,0.0,0.0,0.553400456905365,-0.5649056434631348,-0.525020956993103,0.5798624157905579,-0.36548206210136414,0.29146525263786316,-0.2845621109008789,0.32022824883461,1.5685431957244873,-1.3702701330184937,1.369119644165039,-1.417057991027832,-0.036164432764053345,0.0013733329251408577,0.08423108607530594,-0.008239997550845146,0.11490219086408615,0.010071108117699623,0.03341776877641678,0.03433332219719887,-0.03021332435309887,0.010986663401126862,0.0,-0.017853328958153725,0.5495883822441101,-0.5606411099433899,-0.5213848352432251,0.5751240253448486,-0.36087852716445923,0.28693947196006775,-0.28122252225875854,0.3166675567626953,1.5617448091506958,-1.3650821447372437,1.3647010326385498,-1.4115798473358154,0.0,0.0,0.0,0.0,0.0,0.0,0.0,0.0,0.0,0.0,0.0,0.0
20260708_190646_213706,2026-07-08T19:06:46.914,0.701146,pose,15,sit,0.0,0.0,0.0,0.0,0.0,0.0,0.0,0.0,1.0,fake,0.0,0.0,-1.0,-0.0,0.0,0.0,0.0,3.244652032852173,6.857138156890869,12,can0:12,0.7333598136901855,1.4465773105621338,,"BL_hip_joint,BR_hip_joint,FL_hip_joint,FR_hip_joint,BL_thigh_joint,BR_thigh_joint,FL_thigh_joint,FR_thigh_joint,BL_calf_joint,BR_calf_joint,FL_calf_joint,FR_calf_joint",330e02f2406e129bb6ed6ec4a6c6bcd5f80d7e7799a2ab087e81eda65d2fae69,"step=000015 mode=sit    vx= 0.000 vy= 0.000 vxy= 0.000 yaw= 0.000 speed=1.00 imu=fake tilt_rp=[-0.0,+0.0]deg imu_corr=0.000 act_max= 0.000 tau_cmd= 3.245 tau_cmd_max= 6.857 cmds=12 bus=can0:12 tau_fb= 0.733 tau_fb_max= 1.447",,,,,,,,,,,,,,,,,,,,,,,,,,,,,,,,,,,,,,,,,,,,,,,,,0.0,0.0,0.0,0.0,0.0,0.0,0.0,0.0,0.0,0.0,0.0,0.0,0.0,0.0,0.0,0.0,0.0,0.0,0.0,0.0,0.0,0.0,0.0,0.0,0.5522499084472656,-0.5633716583251953,-0.5234869122505188,0.5783284306526184,-0.3612635135650635,0.2883971929550171,-0.28149405121803284,0.3171602189540863,1.5689266920089722,-1.3714206218719482,1.3702701330184937,-1.4182084798812866,-0.0032044434919953346,0.05813775956630707,0.04989776387810707,0.032959990203380585,0.05767998471856117,-0.023346660658717155,0.015106662176549435,-0.053559985011816025,-0.0050355540588498116,0.004577776417136192,-0.055848874151706696,-0.025635547935962677,0.5454251766204834,-0.5563941597938538,-0.5174352526664734,0.5707674026489258,-0.3543572425842285,0.280978262424469,-0.2753046452999115,0.31048116087913513,1.5623376369476318,-1.3671647310256958,1.3667864799499512,-1.413310170173645,0.0,0.0,0.0,0.0,0.0,0.0,0.0,0.0,0.0,0.0,0.0,0.0
20260708_190646_213706,2026-07-08T19:06:47.041,0.827489,pose,20,sit,0.0,0.0,0.0,0.0,0.0,0.0,0.0,0.0,1.0,fake,0.0,0.0,-1.0,-0.0,0.0,0.0,0.0,4.496308326721191,7.5213141441345215,12,can0:12,1.5253149271011353,3.4351634979248047,,"BL_hip_joint,BR_hip_joint,FL_hip_joint,FR_hip_joint,BL_thigh_joint,BR_thigh_joint,FL_thigh_joint,FR_thigh_joint,BL_calf_joint,BR_calf_joint,FL_calf_joint,FR_calf_joint",330e02f2406e129bb6ed6ec4a6c6bcd5f80d7e7799a2ab087e81eda65d2fae69,"step=000020 mode=sit    vx= 0.000 vy= 0.000 vxy= 0.000 yaw= 0.000 speed=1.00 imu=fake tilt_rp=[-0.0,+0.0]deg imu_corr=0.000 act_max= 0.000 tau_cmd= 4.496 tau_cmd_max= 7.521 cmds=12 bus=can0:12 tau_fb= 1.525 tau_fb_max= 3.435",,,,,,,,,,,,,,,,,,,,,,,,,,,,,,,,,,,,,,,,,,,,,,,,,0.0,0.0,0.0,0.0,0.0,0.0,0.0,0.0,0.0,0.0,0.0,0.0,0.0,0.0,0.0,0.0,0.0,0.0,0.0,0.0,0.0,0.0,0.0,0.0,0.5499488711357117,-0.559920072555542,-0.5204188823699951,0.5744933485984802,-0.3547438979148865,0.28302809596061707,-0.2761249542236328,0.31217461824417114,1.5696938037872314,-1.373721718788147,1.3725712299346924,-1.4201260805130005,-0.03250221163034439,0.056764427572488785,0.04211554303765297,0.007324442267417908,0.021973326802253723,-0.0631733164191246,0.018768884241580963,-0.04303110018372536,0.0027466658502817154,0.013733329251408577,0.1112399697303772,0.016479995101690292,0.5397382378578186,-0.550592839717865,-0.5120401382446289,0.5648162364959717,-0.34544917941093445,0.27283531427383423,-0.2672208547592163,0.3020305931568146,1.5631474256515503,-1.370009422302246,1.3696351051330566,-1.4156737327575684,0.0,0.0,0.0,0.0,0.0,0.0,0.0,0.0,0.0,0.0,0.0,0.0
20260708_190646_213706,2026-07-08T19:06:47.161,0.947466,pose,25,sit,0.0,0.0,0.0,0.0,0.0,0.0,0.0,0.0,1.0,fake,0.0,0.0,-1.0,-0.0,0.0,0.0,0.0,4.640143871307373,7.729294300079346,12,can0:12,1.5588854551315308,3.241065740585327,,"BL_hip_joint,BR_hip_joint,FL_hip_joint,FR_hip_joint,BL_thigh_joint,BR_thigh_joint,FL_thigh_joint,FR_thigh_joint,BL_calf_joint,BR_calf_joint,FL_calf_joint,FR_calf_joint",330e02f2406e129bb6ed6ec4a6c6bcd5f80d7e7799a2ab087e81eda65d2fae69,"step=000025 mode=sit    vx= 0.000 vy= 0.000 vxy= 0.000 yaw= 0.000 speed=1.00 imu=fake tilt_rp=[-0.0,+0.0]deg imu_corr=0.000 act_max= 0.000 tau_cmd= 4.640 tau_cmd_max= 7.729 cmds=12 bus=can0:12 tau_fb= 1.559 tau_fb_max= 3.241",,,,,,,,,,,,,,,,,,,,,,,,,,,,,,,,,,,,,,,,,,,,,,,,,0.0,0.0,0.0,0.0,0.0,0.0,0.0,0.0,0.0,0.0,0.0,0.0,0.0,0.0,0.0,0.0,0.0,0.0,0.0,0.0,0.0,0.0,0.0,0.0,0.5449633002281189,-0.5541674494743347,-0.5165838003158569,0.5695077180862427,-0.34669023752212524,0.2753579616546631,-0.2696053385734558,0.30565500259399414,1.5700773000717163,-1.3767898082733154,1.3756392002105713,-1.4231940507888794,-0.04898220673203468,0.047151096165180206,0.05493331700563431,-0.038453321903944016,0.08285775035619736,-0.08514664322137833,0.05218665301799774,-0.05722220614552498,-0.07324442267417908,-0.009613330475986004,0.030671102926135063,-0.01831110566854477,0.532609224319458,-0.5433205366134644,-0.5052770376205444,0.5573559999465942,-0.3342823088169098,0.2626275420188904,-0.25708723068237305,0.29143717885017395,1.5641624927520752,-1.3735755681991577,1.3732061386108398,-1.418636679649353,0.0,0.0,0.0,0.0,0.0,0.0,0.0,0.0,0.0,0.0,0.0,0.0
20260708_190646_213706,2026-07-08T19:06:47.280,1.066823,pose,30,sit,0.0,0.0,0.0,0.0,0.0,0.0,0.0,0.0,1.0,fake,0.0,0.0,-1.0,-0.0,0.0,0.0,0.0,4.89668607711792,8.267730712890625,12,can0:12,1.1630603075027466,3.2886745929718018,,"BL_hip_joint,BR_hip_joint,FL_hip_joint,FR_hip_joint,BL_thigh_joint,BR_thigh_joint,FL_thigh_joint,FR_thigh_joint,BL_calf_joint,BR_calf_joint,FL_calf_joint,FR_calf_joint",330e02f2406e129bb6ed6ec4a6c6bcd5f80d7e7799a2ab087e81eda65d2fae69,"step=000030 mode=sit    vx= 0.000 vy= 0.000 vxy= 0.000 yaw= 0.000 speed=1.00 imu=fake tilt_rp=[-0.0,+0.0]deg imu_corr=0.000 act_max= 0.000 tau_cmd= 4.897 tau_cmd_max= 8.268 cmds=12 bus=can0:12 tau_fb= 1.163 tau_fb_max= 3.289",,,,,,,,,,,,,,,,,,,,,,,,,,,,,,,,,,,,,,,,,,,,,,,,,0.0,0.0,0.0,0.0,0.0,0.0,0.0,0.0,0.0,0.0,0.0,0.0,0.0,0.0,0.0,0.0,0.0,0.0,0.0,0.0,0.0,0.0,0.0,0.0,0.5365261435508728,-0.5464973449707031,-0.5089136362075806,0.5606870651245117,-0.33633553981781006,0.26346924901008606,-0.259250670671463,0.294149786233902,1.571227788925171,-1.3813918828964233,1.3798577785491943,-1.4262621402740479,-0.032044436782598495,0.016937773674726486,0.0476088747382164,-0.0952177494764328,0.08835108578205109,-0.04348887503147125,0.14877773821353912,-0.09796441346406937,-0.027924437075853348,-0.030671102926135063,0.026551103219389915,-0.03433332219719887,0.5241198539733887,-0.5346603989601135,-0.4972233176231384,0.5484721660614014,-0.32098451256752014,0.2504718601703644,-0.24501986801624298,0.2788223326206207,1.5653712749481201,-1.3778221607208252,1.3774586915969849,-1.422165036201477,0.0,0.0,0.0,0.0,0.0,0.0,0.0,0.0,0.0,0.0,0.0,0.0
20260708_190646_213706,2026-07-08T19:06:47.399,1.185828,pose,35,sit,0.0,0.0,0.0,0.0,0.0,0.0,0.0,0.0,1.0,fake,0.0,0.0,-1.0,-0.0,0.0,0.0,0.0,5.137977123260498,8.549839973449707,12,can0:12,1.3574632406234741,3.014008045196533,,"BL_hip_joint,BR_hip_joint,FL_hip_joint,FR_hip_joint,BL_thigh_joint,BR_thigh_joint,FL_thigh_joint,FR_thigh_joint,BL_calf_joint,BR_calf_joint,FL_calf_joint,FR_calf_joint",330e02f2406e129bb6ed6ec4a6c6bcd5f80d7e7799a2ab087e81eda65d2fae69,"step=000035 mode=sit    vx= 0.000 vy= 0.000 vxy= 0.000 yaw= 0.000 speed=1.00 imu=fake tilt_rp=[-0.0,+0.0]deg imu_corr=0.000 act_max= 0.000 tau_cmd= 5.138 tau_cmd_max= 8.550 cmds=12 bus=can0:12 tau_fb= 1.357 tau_fb_max= 3.014",,,,,,,,,,,,,,,,,,,,,,,,,,,,,,,,,,,,,,,,,,,,,,,,,0.0,0.0,0.0,0.0,0.0,0.0,0.0,0.0,0.0,0.0,0.0,0.0,0.0,0.0,0.0,0.0,0.0,0.0,0.0,0.0,0.0,0.0,0.0,0.0,0.5269384980201721,-0.538060188293457,-0.5004764795303345,0.551099419593811,-0.32137879729270935,0.2519640326499939,-0.24582792818546295,0.28034353256225586,1.5723782777786255,-1.3859939575195312,1.3848434686660767,-1.430097222328186,-0.02471999265253544,0.09979552775621414,0.11444441229104996,-0.08789330720901489,0.1190221905708313,-0.06271553784608841,0.1190221905708313,-0.08423108607530594,0.10483107715845108,-0.0636310949921608,0.0009155552834272385,-0.008239997550845146,0.5143518447875977,-0.5246959328651428,-0.48795652389526367,0.5382502675056458,-0.30568379163742065,0.23648527264595032,-0.23113487660884857,0.2643073499202728,1.566762089729309,-1.3827083110809326,1.3823516368865967,-1.4262248277664185,0.0,0.0,0.0,0.0,0.0,0.0,0.0,0.0,0.0,0.0,0.0,0.0
20260708_190646_213706,2026-07-08T19:06:47.517,1.303903,pose,40,sit,0.0,0.0,0.0,0.0,0.0,0.0,0.0,0.0,1.0,fake,0.0,0.0,-1.0,-0.0,0.0,0.0,0.0,6.108470439910889,10.414340019226074,12,can0:12,1.5439313650131226,3.3362834453582764,,"BL_hip_joint,BR_hip_joint,FL_hip_joint,FR_hip_joint,BL_thigh_joint,BR_thigh_joint,FL_thigh_joint,FR_thigh_joint,BL_calf_joint,BR_calf_joint,FL_calf_joint,FR_calf_joint",330e02f2406e129bb6ed6ec4a6c6bcd5f80d7e7799a2ab087e81eda65d2fae69,"step=000040 mode=sit    vx= 0.000 vy= 0.000 vxy= 0.000 yaw= 0.000 speed=1.00 imu=fake tilt_rp=[-0.0,+0.0]deg imu_corr=0.000 act_max= 0.000 tau_cmd= 6.108 tau_cmd_max= 10.414 cmds=12 bus=can0:12 tau_fb= 1.544 tau_fb_max= 3.336",,,,,,,,,,,,,,,,,,,,,,,,,,,,,,,,,,,,,,,,,,,,,,,,,0.0,0.0,0.0,0.0,0.0,0.0,0.0,0.0,0.0,0.0,0.0,0.0,0.0,0.0,0.0,0.0,0.0,0.0,0.0,0.0,0.0,0.0,0.0,0.0,0.5177342891693115,-0.5277054905891418,-0.49127233028411865,0.5415117144584656,-0.307189017534256,0.23815777897834778,-0.2331721931695938,0.2676878273487091,1.57352876663208,-1.390979528427124,1.3902125358581543,-1.434699296951294,-0.009613330475986004,0.08606220036745071,0.13138218224048615,-0.037537768483161926,0.10757774859666824,-0.16342662274837494,0.10986663401126862,-0.10254219174385071,0.04211554303765297,0.012817773967981339,0.1277199685573578,-0.12359996140003204,0.5033867359161377,-0.5135103464126587,-0.4775541424751282,0.5267757177352905,-0.28850799798965454,0.22078469395637512,-0.21554836630821228,0.24801364541053772,1.5683233737945557,-1.3881933689117432,1.3878443241119385,-1.4307821989059448,0.0,0.0,0.0,0.0,0.0,0.0,0.0,0.0,0.0,0.0,0.0,0.0
20260708_190646_213706,2026-07-08T19:06:47.634,1.421194,pose,45,sit,0.0,0.0,0.0,0.0,0.0,0.0,0.0,0.0,1.0,fake,0.0,0.0,-1.0,-0.0,0.0,0.0,0.0,4.976631164550781,8.40296745300293,12,can0:12,1.38889741897583,2.6294748783111572,,"BL_hip_joint,BR_hip_joint,FL_hip_joint,FR_hip_joint,BL_thigh_joint,BR_thigh_joint,FL_thigh_joint,FR_thigh_joint,BL_calf_joint,BR_calf_joint,FL_calf_joint,FR_calf_joint",330e02f2406e129bb6ed6ec4a6c6bcd5f80d7e7799a2ab087e81eda65d2fae69,"step=000045 mode=sit    vx= 0.000 vy= 0.000 vxy= 0.000 yaw= 0.000 speed=1.00 imu=fake tilt_rp=[-0.0,+0.0]deg imu_corr=0.000 act_max= 0.000 tau_cmd= 4.977 tau_cmd_max= 8.403 cmds=12 bus=can0:12 tau_fb= 1.389 tau_fb_max= 2.629",,,,,,,,,,,,,,,,,,,,,,,,,,,,,,,,,,,,,,,,,,,,,,,,,0.0,0.0,0.0,0.0,0.0,0.0,0.0,0.0,0.0,0.0,0.0,0.0,0.0,0.0,0.0,0.0,0.0,0.0,0.0,0.0,0.0,0.0,0.0,0.0,0.5069960951805115,-0.5158168077468872,-0.48091766238212585,0.5296230316162109,-0.2891642153263092,0.22166699171066284,-0.21668140590190887,0.24927948415279388,1.575062870979309,-1.3959650993347168,1.395581603050232,-1.438917875289917,-0.1341288536787033,0.08011108636856079,0.12817774713039398,-0.08926664292812347,0.17715995013713837,-0.08423108607530594,0.10711997002363205,-0.13000884652137756,-0.004119998775422573,-0.032044436782598495,-0.018768884241580963,-0.030671102926135063,0.4913063049316406,-0.5011869668960571,-0.46609365940093994,0.5141339898109436,-0.26958513259887695,0.2034870684146881,-0.19837641716003418,0.2300625890493393,1.5700435638427734,-1.3942363262176514,1.3938956260681152,-1.4358030557632446,0.0,0.0,0.0,0.0,0.0,0.0,0.0,0.0,0.0,0.0,0.0,0.0
20260708_190646_213706,2026-07-08T19:06:47.754,1.540933,pose,50,sit,0.0,0.0,0.0,0.0,0.0,0.0,0.0,0.0,1.0,fake,0.0,0.0,-1.0,-0.0,0.0,0.0,0.0,5.5467305183410645,10.210519790649414,12,can0:12,1.6858423948287964,3.4315011501312256,,"BL_hip_joint,BR_hip_joint,FL_hip_joint,FR_hip_joint,BL_thigh_joint,BR_thigh_joint,FL_thigh_joint,FR_thigh_joint,BL_calf_joint,BR_calf_joint,FL_calf_joint,FR_calf_joint",330e02f2406e129bb6ed6ec4a6c6bcd5f80d7e7799a2ab087e81eda65d2fae69,"step=000050 mode=sit    vx= 0.000 vy= 0.000 vxy= 0.000 yaw= 0.000 speed=1.00 imu=fake tilt_rp=[-0.0,+0.0]deg imu_corr=0.000 act_max= 0.000 tau_cmd= 5.547 tau_cmd_max= 10.211 cmds=12 bus=can0:12 tau_fb= 1.686 tau_fb_max= 3.432",,,,,,,,,,,,,,,,,,,,,,,,,,,,,,,,,,,,,,,,,,,,,,,,,0.0,0.0,0.0,0.0,0.0,0.0,0.0,0.0,0.0,0.0,0.0,0.0,0.0,0.0,0.0,0.0,0.0,0.0,0.0,0.0,0.0,0.0,0.0,0.0,0.4928063750267029,-0.5035445690155029,-0.4686454236507416,0.5162003040313721,-0.2707558572292328,0.2051761895418167,-0.20019060373306274,0.23278868198394775,1.5769803524017334,-1.4024847745895386,1.4017176628112793,-1.443519949913025,-0.09887997061014175,0.0874355286359787,0.06179998070001602,-0.04531998559832573,0.17761772871017456,-0.15427106618881226,0.13641773164272308,-0.15701773762702942,-0.055848874151706696,-0.08239997923374176,0.03570665791630745,-0.0393688790500164,0.47819221019744873,-0.48780909180641174,-0.4536525309085846,0.5004105567932129,-0.24904312193393707,0.184709370136261,-0.17973510921001434,0.21057552099227905,1.5719108581542969,-1.4007962942123413,1.400464653968811,-1.4412535429000854,0.0,0.0,0.0,0.0,0.0,0.0,0.0,0.0,0.0,0.0,0.0,0.0
20260708_190646_213706,2026-07-08T19:06:47.874,1.660894,pose,55,sit,0.0,0.0,0.0,0.0,0.0,0.0,0.0,0.0,1.0,fake,0.0,0.0,-1.0,-0.0,0.0,0.0,0.0,5.61786413192749,10.494488716125488,12,can0:12,1.8964201211929321,4.4276251792907715,,"BL_hip_joint,BR_hip_joint,FL_hip_joint,FR_hip_joint,BL_thigh_joint,BR_thigh_joint,FL_thigh_joint,FR_thigh_joint,BL_calf_joint,BR_calf_joint,FL_calf_joint,FR_calf_joint",330e02f2406e129bb6ed6ec4a6c6bcd5f80d7e7799a2ab087e81eda65d2fae69,"step=000055 mode=sit    vx= 0.000 vy= 0.000 vxy= 0.000 yaw= 0.000 speed=1.00 imu=fake tilt_rp=[-0.0,+0.0]deg imu_corr=0.000 act_max= 0.000 tau_cmd= 5.618 tau_cmd_max= 10.494 cmds=12 bus=can0:12 tau_fb= 1.896 tau_fb_max= 4.428",,,,,,,,,,,,,,,,,,,,,,,,,,,,,,,,,,,,,,,,,,,,,,,,,0.0,0.0,0.0,0.0,0.0,0.0,0.0,0.0,0.0,0.0,0.0,0.0,0.0,0.0,0.0,0.0,0.0,0.0,0.0,0.0,0.0,0.0,0.0,0.0,0.4813011586666107,-0.4897383153438568,-0.4559897184371948,0.5031610727310181,-0.24889597296714783,0.1856173425912857,-0.18024824559688568,0.2116958051919937,1.5785144567489624,-1.4090043306350708,1.4074703454971313,-1.449272632598877,-0.0709555372595787,0.0476088747382164,0.0947599709033966,-0.10986663401126862,0.18860438466072083,-0.11764885485172272,0.14099551737308502,-0.15335550904273987,-0.06271553784608841,-0.08148442208766937,0.061342205852270126,0.02288888208568096,0.4641260802745819,-0.4734600782394409,-0.44030824303627014,0.4856908917427063,-0.2270098626613617,0.16456849873065948,-0.15974056720733643,0.1896737962961197,1.5739136934280396,-1.4078325033187866,1.4075106382369995,-1.4470996856689453,0.0,0.0,0.0,0.0,0.0,0.0,0.0,0.0,0.0,0.0,0.0,0.0
20260708_190646_213706,2026-07-08T19:06:47.994,1.781079,pose,60,sit,0.0,0.0,0.0,0.0,0.0,0.0,0.0,0.0,1.0,fake,0.0,0.0,-1.0,-0.0,0.0,0.0,0.0,5.772579669952393,8.882762908935547,12,can0:12,1.3046663999557495,2.8894925117492676,,"BL_hip_joint,BR_hip_joint,FL_hip_joint,FR_hip_joint,BL_thigh_joint,BR_thigh_joint,FL_thigh_joint,FR_thigh_joint,BL_calf_joint,BR_calf_joint,FL_calf_joint,FR_calf_joint",330e02f2406e129bb6ed6ec4a6c6bcd5f80d7e7799a2ab087e81eda65d2fae69,"step=000060 mode=sit    vx= 0.000 vy= 0.000 vxy= 0.000 yaw= 0.000 speed=1.00 imu=fake tilt_rp=[-0.0,+0.0]deg imu_corr=0.000 act_max= 0.000 tau_cmd= 5.773 tau_cmd_max= 8.883 cmds=12 bus=can0:12 tau_fb= 1.305 tau_fb_max= 2.889",,,,,,,,,,,,,,,,,,,,,,,,,,,,,,,,,,,,,,,,,,,,,,,,,0.0,0.0,0.0,0.0,0.0,0.0,0.0,0.0,0.0,0.0,0.0,0.0,0.0,0.0,0.0,0.0,0.0,0.0,0.0,0.0,0.0,0.0,0.0,0.0,0.46596089005470276,-0.4751650393009186,-0.44256696105003357,0.4870537519454956,-0.2278030961751938,0.16529147326946259,-0.16107289493083954,0.1913699507713318,1.5800484418869019,-1.4162909984588623,1.4151405096054077,-1.4557921886444092,-0.12817774713039398,0.10620441287755966,0.10071108490228653,-0.11307107657194138,0.1593066155910492,-0.1817377209663391,0.13138218224048615,-0.19959105551242828,0.002288888208568096,-0.030671102926135063,0.08926664292812347,-0.07644886523485184,0.44918960332870483,-0.45822325348854065,-0.4261382818222046,0.47006043791770935,-0.2036133110523224,0.14318141341209412,-0.1385088711977005,0.1674787849187851,1.576040506362915,-1.4153040647506714,1.4149925708770752,-1.4533076286315918,0.0,0.0,0.0,0.0,0.0,0.0,0.0,0.0,0.0,0.0,0.0,0.0
20260708_190646_213706,2026-07-08T19:06:48.114,1.901073,pose,65,sit,0.0,0.0,0.0,0.0,0.0,0.0,0.0,0.0,1.0,fake,0.0,0.0,-1.0,-0.0,0.0,0.0,0.0,6.507839679718018,11.948229789733887,12,can0:12,1.765190601348877,4.163945198059082,,"BL_hip_joint,BR_hip_joint,FL_hip_joint,FR_hip_joint,BL_thigh_joint,BR_thigh_joint,FL_thigh_joint,FR_thigh_joint,BL_calf_joint,BR_calf_joint,FL_calf_joint,FR_calf_joint",330e02f2406e129bb6ed6ec4a6c6bcd5f80d7e7799a2ab087e81eda65d2fae69,"step=000065 mode=sit    vx= 0.000 vy= 0.000 vxy= 0.000 yaw= 0.000 speed=1.00 imu=fake tilt_rp=[-0.0,+0.0]deg imu_corr=0.000 act_max= 0.000 tau_cmd= 6.508 tau_cmd_max= 11.948 cmds=12 bus=can0:12 tau_fb= 1.765 tau_fb_max= 4.164",,,,,,,,,,,,,,,,,,,,,,,,,,,,,,,,,,,,,,,,,,,,,,,,,0.0,0.0,0.0,0.0,0.0,0.0,0.0,0.0,0.0,0.0,0.0,0.0,0.0,0.0,0.0,0.0,0.0,0.0,0.0,0.0,0.0,0.0,0.0,0.0,0.4513876140117645,-0.4602082669734955,-0.4279937148094177,0.47248050570487976,-0.2044091820716858,0.1445821076631546,-0.13921301066875458,0.1698935627937317,1.582349419593811,-1.4247281551361084,1.4239611625671387,-1.4619282484054565,-0.08148442208766937,0.12039551883935928,0.09384441375732422,-0.061342205852270126,0.16891995072364807,-0.2133243829011917,0.20050661265850067,-0.20233771204948425,-0.001831110566854477,-0.07415997982025146,0.12222663313150406,-0.07827997952699661,0.43346452713012695,-0.44218188524246216,-0.41122016310691833,0.45360469818115234,-0.17898140847682953,0.12066510319709778,-0.11615611612796783,0.14411187171936035,1.5782796144485474,-1.4231702089309692,1.4228695631027222,-1.4598432779312134,0.0,0.0,0.0,0.0,0.0,0.0,0.0,0.0,0.0,0.0,0.0,0.0
20260708_190646_213706,2026-07-08T19:06:48.235,2.021570,pose,70,sit,0.0,0.0,0.0,0.0,0.0,0.0,0.0,0.0,1.0,fake,0.0,0.0,-1.0,-0.0,0.0,0.0,0.0,6.153745174407959,9.697527885437012,12,can0:12,1.6687521934509277,2.6734213829040527,,"BL_hip_joint,BR_hip_joint,FL_hip_joint,FR_hip_joint,BL_thigh_joint,BR_thigh_joint,FL_thigh_joint,FR_thigh_joint,BL_calf_joint,BR_calf_joint,FL_calf_joint,FR_calf_joint",330e02f2406e129bb6ed6ec4a6c6bcd5f80d7e7799a2ab087e81eda65d2fae69,"step=000070 mode=sit    vx= 0.000 vy= 0.000 vxy= 0.000 yaw= 0.000 speed=1.00 imu=fake tilt_rp=[-0.0,+0.0]deg imu_corr=0.000 act_max= 0.000 tau_cmd= 6.154 tau_cmd_max= 9.698 cmds=12 bus=can0:12 tau_fb= 1.669 tau_fb_max= 2.673",,,,,,,,,,,,,,,,,,,,,,,,,,,,,,,,,,,,,,,,,,,,,,,,,0.0,0.0,0.0,0.0,0.0,0.0,0.0,0.0,0.0,0.0,0.0,0.0,0.0,0.0,0.0,0.0,0.0,0.0,0.0,0.0,0.0,0.0,0.0,0.0,0.43528032302856445,-0.4433339834213257,-0.4134204387664795,0.4544556736946106,-0.1790977269411087,0.12118817865848541,-0.1165860965847969,0.14534911513328552,1.5846505165100098,-1.4320148229599,1.4316312074661255,-1.4688314199447632,-0.110782191157341,0.10986663401126862,0.12359996140003204,-0.16846217215061188,0.14145329594612122,-0.14511550962924957,0.19409772753715515,-0.18723104894161224,0.01739555038511753,-0.059968870133161545,0.04440443217754364,-0.07736442238092422,0.4170324206352234,-0.42541933059692383,-0.3956313133239746,0.4364091157913208,-0.1532420814037323,0.0971364676952362,-0.09279842674732208,0.11969439685344696,1.5806193351745605,-1.4313899278640747,1.4311007261276245,-1.4666727781295776,0.0,0.0,0.0,0.0,0.0,0.0,0.0,0.0,0.0,0.0,0.0,0.0
20260708_190646_213706,2026-07-08T19:06:48.355,2.141414,pose,75,sit,0.0,0.0,0.0,0.0,0.0,0.0,0.0,0.0,1.0,fake,0.0,0.0,-1.0,-0.0,0.0,0.0,0.0,6.040252685546875,10.54037094116211,12,can0:12,1.7441328763961792,4.054078578948975,,"BL_hip_joint,BR_hip_joint,FL_hip_joint,FR_hip_joint,BL_thigh_joint,BR_thigh_joint,FL_thigh_joint,FR_thigh_joint,BL_calf_joint,BR_calf_joint,FL_calf_joint,FR_calf_joint",330e02f2406e129bb6ed6ec4a6c6bcd5f80d7e7799a2ab087e81eda65d2fae69,"step=000075 mode=sit    vx= 0.000 vy= 0.000 vxy= 0.000 yaw= 0.000 speed=1.00 imu=fake tilt_rp=[-0.0,+0.0]deg imu_corr=0.000 act_max= 0.000 tau_cmd= 6.040 tau_cmd_max= 10.540 cmds=12 bus=can0:12 tau_fb= 1.744 tau_fb_max= 4.054",,,,,,,,,,,,,,,,,,,,,,,,,,,,,,,,,,,,,,,,,,,,,,,,,0.0,0.0,0.0,0.0,0.0,0.0,0.0,0.0,0.0,0.0,0.0,0.0,0.0,0.0,0.0,0.0,0.0,0.0,0.0,0.0,0.0,0.0,0.0,0.0,0.4187895357608795,-0.42684316635131836,-0.3973131477832794,0.4383483827114105,-0.15340276062488556,0.09779425710439682,-0.09395918995141983,0.12080467492341995,1.5869516134262085,-1.4400683641433716,1.4393013715744019,-1.475351095199585,-0.1428266316652298,0.14877773821353912,0.12451551854610443,-0.1194799616932869,0.22843104600906372,-0.13092440366744995,0.2467421442270279,-0.24170659482479095,0.02609332650899887,-0.12359996140003204,0.061342205852270126,-0.06500442326068878,0.3999750018119812,-0.40801888704299927,-0.3794492483139038,0.41855916380882263,-0.12652327120304108,0.0727124810218811,-0.06855186820030212,0.09434774518013,1.5830481052398682,-1.4399224519729614,1.4396451711654663,-1.4737621545791626,0.0,0.0,0.0,0.0,0.0,0.0,0.0,0.0,0.0,0.0,0.0,0.0
20260708_190646_213706,2026-07-08T19:06:48.475,2.261759,pose,80,sit,0.0,0.0,0.0,0.0,0.0,0.0,0.0,0.0,1.0,fake,0.0,0.0,-1.0,-0.0,0.0,0.0,0.0,6.09792947769165,10.775250434875488,12,can0:12,1.7133092880249023,3.933225393295288,,"BL_hip_joint,BR_hip_joint,FL_hip_joint,FR_hip_joint,BL_thigh_joint,BR_thigh_joint,FL_thigh_joint,FR_thigh_joint,BL_calf_joint,BR_calf_joint,FL_calf_joint,FR_calf_joint",330e02f2406e129bb6ed6ec4a6c6bcd5f80d7e7799a2ab087e81eda65d2fae69,"step=000080 mode=sit    vx= 0.000 vy= 0.000 vxy= 0.000 yaw= 0.000 speed=1.00 imu=fake tilt_rp=[-0.0,+0.0]deg imu_corr=0.000 act_max= 0.000 tau_cmd= 6.098 tau_cmd_max= 10.775 cmds=12 bus=can0:12 tau_fb= 1.713 tau_fb_max= 3.933",,,,,,,,,,,,,,,,,,,,,,,,,,,,,,,,,,,,,,,,,,,,,,,,,0.0,0.0,0.0,0.0,0.0,0.0,0.0,0.0,0.0,0.0,0.0,0.0,0.0,0.0,0.0,0.0,0.0,0.0,0.0,0.0,0.0,0.0,0.0,0.0,0.40153172612190247,-0.40920186042785645,-0.38120585680007935,0.4191730320453644,-0.1269407868385315,0.07440033555030823,-0.06979825347661972,0.09626023471355438,1.5896360874176025,-1.449272632598877,1.447738528251648,-1.482254147529602,-0.11261329799890518,0.15381328761577606,0.08514664322137833,-0.14740440249443054,0.2453688234090805,-0.1835688352584839,0.2133243829011917,-0.2549821436405182,0.01235999632626772,-0.0315866582095623,0.12085329741239548,-0.06271553784608841,0.38237398862838745,-0.3900638818740845,-0.36275145411491394,0.40014028549194336,-0.09895288944244385,0.047510042786598206,-0.043532535433769226,0.06819325685501099,1.5855542421340942,-1.448727011680603,1.4484617710113525,-1.4810775518417358,0.0,0.0,0.0,0.0,0.0,0.0,0.0,0.0,0.0,0.0,0.0,0.0
20260708_190646_213706,2026-07-08T19:06:48.595,2.381654,pose,85,sit,0.0,0.0,0.0,0.0,0.0,0.0,0.0,0.0,1.0,fake,0.0,0.0,-1.0,-0.0,0.0,0.0,0.0,6.479539394378662,11.577027320861816,12,can0:12,1.8305002450942993,4.563127517700195,,"BL_hip_joint,BR_hip_joint,FL_hip_joint,FR_hip_joint,BL_thigh_joint,BR_thigh_joint,FL_thigh_joint,FR_thigh_joint,BL_calf_joint,BR_calf_joint,FL_calf_joint,FR_calf_joint",330e02f2406e129bb6ed6ec4a6c6bcd5f80d7e7799a2ab087e81eda65d2fae69,"step=000085 mode=sit    vx= 0.000 vy= 0.000 vxy= 0.000 yaw= 0.000 speed=1.00 imu=fake tilt_rp=[-0.0,+0.0]deg imu_corr=0.000 act_max= 0.000 tau_cmd= 6.480 tau_cmd_max= 11.577 cmds=12 bus=can0:12 tau_fb= 1.831 tau_fb_max= 4.563",,,,,,,,,,,,,,,,,,,,,,,,,,,,,,,,,,,,,,,,,,,,,,,,,0.0,0.0,0.0,0.0,0.0,0.0,0.0,0.0,0.0,0.0,0.0,0.0,0.0,0.0,0.0,0.0,0.0,0.0,0.0,0.0,0.0,0.0,0.0,0.0,0.3842739164829254,-0.3911770284175873,-0.36433154344558716,0.40191522240638733,-0.09971179068088531,0.04870537668466568,-0.04410329461097717,0.07018176466226578,1.5923206806182861,-1.4584767818450928,1.4577096700668335,-1.4899243116378784,-0.09430219233036041,0.13275551795959473,0.1593066155910492,-0.1355021893978119,0.2146977186203003,-0.23529770970344543,0.18860438466072083,-0.1835688352584839,-0.06958220154047012,-0.08926664292812347,0.06912442296743393,-0.09292886406183243,0.36431097984313965,-0.37163758277893066,-0.3456153869628906,0.38123804330825806,-0.07065889239311218,0.021646171808242798,-0.01785653829574585,0.041352301836013794,1.5881261825561523,-1.4577624797821045,1.4575098752975464,-1.4885848760604858,0.0,0.0,0.0,0.0,0.0,0.0,0.0,0.0,0.0,0.0,0.0,0.0
20260708_190646_213706,2026-07-08T19:06:48.715,2.501497,pose,90,sit,0.0,0.0,0.0,0.0,0.0,0.0,0.0,0.0,1.0,fake,0.0,0.0,-1.0,-0.0,0.0,0.0,0.0,6.741209030151367,12.306777000427246,12,can0:12,2.08899188041687,4.537491798400879,,"BL_hip_joint,BR_hip_joint,FL_hip_joint,FR_hip_joint,BL_thigh_joint,BR_thigh_joint,FL_thigh_joint,FR_thigh_joint,BL_calf_joint,BR_calf_joint,FL_calf_joint,FR_calf_joint",330e02f2406e129bb6ed6ec4a6c6bcd5f80d7e7799a2ab087e81eda65d2fae69,"step=000090 mode=sit    vx= 0.000 vy= 0.000 vxy= 0.000 yaw= 0.000 speed=1.00 imu=fake tilt_rp=[-0.0,+0.0]deg imu_corr=0.000 act_max= 0.000 tau_cmd= 6.741 tau_cmd_max= 12.307 cmds=12 bus=can0:12 tau_fb= 2.089 tau_fb_max= 4.537",,,,,,,,,,,,,,,,,,,,,,,,,,,,,,,,,,,,,,,,,,,,,,,,,0.0,0.0,0.0,0.0,0.0,0.0,0.0,0.0,0.0,0.0,0.0,0.0,0.0,0.0,0.0,0.0,0.0,0.0,0.0,0.0,0.0,0.0,0.0,0.0,0.36548206210136414,-0.37276870012283325,-0.3470737338066101,0.38197287917137146,-0.07133228331804276,0.022243401035666466,-0.018408332020044327,0.04256926476955414,1.5957722663879395,-1.4669139385223389,1.466530442237854,-1.4975944757461548,-0.18906216323375702,0.08926664292812347,0.10986663401126862,-0.07553330808877945,0.23667104542255402,-0.1675466150045395,0.20279549062252045,-0.21103549003601074,0.05722220614552498,-0.023346660658717155,0.09338664263486862,-0.03707998991012573,0.34586769342422485,-0.3528233766555786,-0.32811856269836426,0.36193782091140747,-0.041769206523895264,-0.004762232303619385,0.008360028266906738,0.01394626498222351,1.590752363204956,-1.4669883251190186,1.4667484760284424,-1.4962502717971802,0.0,0.0,0.0,0.0,0.0,0.0,0.0,0.0,0.0,0.0,0.0,0.0
20260708_190646_213706,2026-07-08T19:06:48.835,2.621437,pose,95,sit,0.0,0.0,0.0,0.0,0.0,0.0,0.0,0.0,1.0,fake,0.0,0.0,-1.0,-0.0,0.0,0.0,0.0,6.312831401824951,11.189008712768555,12,can0:12,1.919614315032959,3.980834484100342,,"BL_hip_joint,BR_hip_joint,FL_hip_joint,FR_hip_joint,BL_thigh_joint,BR_thigh_joint,FL_thigh_joint,FR_thigh_joint,BL_calf_joint,BR_calf_joint,FL_calf_joint,FR_calf_joint",330e02f2406e129bb6ed6ec4a6c6bcd5f80d7e7799a2ab087e81eda65d2fae69,"step=000095 mode=sit    vx= 0.000 vy= 0.000 vxy= 0.000 yaw= 0.000 speed=1.00 imu=fake tilt_rp=[-0.0,+0.0]deg imu_corr=0.000 act_max= 0.000 tau_cmd= 6.313 tau_cmd_max= 11.189 cmds=12 bus=can0:12 tau_fb= 1.920 tau_fb_max= 3.981",,,,,,,,,,,,,,,,,,,,,,,,,,,,,,,,,,,,,,,,,,,,,,,,,0.0,0.0,0.0,0.0,0.0,0.0,0.0,0.0,0.0,0.0,0.0,0.0,0.0,0.0,0.0,0.0,0.0,0.0,0.0,0.0,0.0,0.0,0.0,0.0,0.3478407561779022,-0.3535933494567871,-0.3294324278831482,0.3631810247898102,-0.04218575730919838,-0.00421857601031661,0.007286631036549807,0.014956769533455372,1.5988402366638184,-1.4757345914840698,1.4749675989151,-1.5052646398544312,-0.14053773880004883,0.15655995905399323,0.0869777500629425,-0.20737327635288239,0.23209325969219208,-0.17853328585624695,0.22339549660682678,-0.191351056098938,-0.010986663401126862,-0.06958220154047012,0.09887997061014175,-0.0050355540588498116,0.32712575793266296,-0.33370456099510193,-0.31033843755722046,0.3423250913619995,-0.012411743402481079,-0.03159824013710022,0.03500106930732727,-0.013903498649597168,1.5934209823608398,-1.4763635396957397,1.4761366844177246,-1.5040397644042969,0.0,0.0,0.0,0.0,0.0,0.0,0.0,0.0,0.0,0.0,0.0,0.0
20260708_190646_213706,2026-07-08T19:06:48.954,2.740973,pose,100,sit,0.0,0.0,0.0,0.0,0.0,0.0,0.0,0.0,1.0,fake,0.0,0.0,-1.0,-0.0,0.0,0.0,0.0,7.153045654296875,12.41547679901123,12,can0:12,1.7554248571395874,4.061403274536133,,"BL_hip_joint,BR_hip_joint,FL_hip_joint,FR_hip_joint,BL_thigh_joint,BR_thigh_joint,FL_thigh_joint,FR_thigh_joint,BL_calf_joint,BR_calf_joint,FL_calf_joint,FR_calf_joint",330e02f2406e129bb6ed6ec4a6c6bcd5f80d7e7799a2ab087e81eda65d2fae69,"step=000100 mode=sit    vx= 0.000 vy= 0.000 vxy= 0.000 yaw= 0.000 speed=1.00 imu=fake tilt_rp=[-0.0,+0.0]deg imu_corr=0.000 act_max= 0.000 tau_cmd= 7.153 tau_cmd_max= 12.415 cmds=12 bus=can0:12 tau_fb= 1.755 tau_fb_max= 4.061",,,,,,,,,,,,,,,,,,,,,,,,,,,,,,,,,,,,,,,,,,,,,,,,,0.0,0.0,0.0,0.0,0.0,0.0,0.0,0.0,0.0,0.0,0.0,0.0,0.0,0.0,0.0,0.0,0.0,0.0,0.0,0.0,0.0,0.0,0.0,0.0,0.32789841294288635,-0.3348015248775482,-0.3117911219596863,0.3440057039260864,-0.012655727565288544,-0.030297044664621353,0.03374860808253288,-0.012655727565288544,1.601524829864502,-1.486472725868225,1.4849387407302856,-1.512934684753418,-0.09201330691576004,0.10208441317081451,0.12451551854610443,-0.1034577488899231,0.18494217097759247,-0.19501326978206635,0.21057771146297455,-0.32181769609451294,0.04623554274439812,-0.11215551942586899,0.08880886435508728,-0.03799554333090782,0.3081669211387634,-0.3143644332885742,-0.29235249757766724,0.3224853277206421,0.017285525798797607,-0.058744877576828,0.061950474977493286,-0.042075663805007935,1.5961204767227173,-1.4858472347259521,1.4856334924697876,-1.5119194984436035,0.0,0.0,0.0,0.0,0.0,0.0,0.0,0.0,0.0,0.0,0.0,0.0
20260708_190646_213706,2026-07-08T19:06:49.074,2.860727,pose,105,sit,0.0,0.0,0.0,0.0,0.0,0.0,0.0,0.0,1.0,fake,0.0,0.0,-1.0,-0.0,0.0,0.0,0.0,6.73869514465332,10.584025382995605,12,can0:12,1.9095430374145508,3.7244789600372314,,"BL_hip_joint,BR_hip_joint,FL_hip_joint,FR_hip_joint,BL_thigh_joint,BR_thigh_joint,FL_thigh_joint,FR_thigh_joint,BL_calf_joint,BR_calf_joint,FL_calf_joint,FR_calf_joint",330e02f2406e129bb6ed6ec4a6c6bcd5f80d7e7799a2ab087e81eda65d2fae69,"step=000105 mode=sit    vx= 0.000 vy= 0.000 vxy= 0.000 yaw= 0.000 speed=1.00 imu=fake tilt_rp=[-0.0,+0.0]deg imu_corr=0.000 act_max= 0.000 tau_cmd= 6.739 tau_cmd_max= 10.584 cmds=12 bus=can0:12 tau_fb= 1.910 tau_fb_max= 3.724",,,,,,,,,,,,,,,,,,,,,,,,,,,,,,,,,,,,,,,,,,,,,,,,,0.0,0.0,0.0,0.0,0.0,0.0,0.0,0.0,0.0,0.0,0.0,0.0,0.0,0.0,0.0,0.0,0.0,0.0,0.0,0.0,0.0,0.0,0.0,0.0,0.31025707721710205,-0.31485915184020996,-0.2937662899494171,0.32329630851745605,0.01687430404126644,-0.057142529636621475,0.061361104249954224,-0.040268223732709885,1.6038258075714111,-1.495676875114441,1.495293378829956,-1.5206048488616943,-0.19180883467197418,0.14648884534835815,0.1423688530921936,-0.13916440308094025,0.22568437457084656,-0.20279549062252045,0.18723104894161224,-0.2471999228000641,0.0238044373691082,-0.051271095871925354,0.10849329829216003,-0.09338664263486862,0.28907278180122375,-0.2948863208293915,-0.274238258600235,0.3025040328502655,0.04719465970993042,-0.08608517050743103,0.08909216523170471,-0.07044878602027893,1.598839282989502,-1.4953985214233398,1.495198130607605,-1.5198553800582886,0.0,0.0,0.0,0.0,0.0,0.0,0.0,0.0,0.0,0.0,0.0,0.0
20260708_190646_213706,2026-07-08T19:06:49.193,2.979930,pose,110,sit,0.0,0.0,0.0,0.0,0.0,0.0,0.0,0.0,1.0,fake,0.0,0.0,-1.0,-0.0,0.0,0.0,0.0,6.495700836181641,11.54690170288086,12,can0:12,2.4097416400909424,4.4935455322265625,,"BL_hip_joint,BR_hip_joint,FL_hip_joint,FR_hip_joint,BL_thigh_joint,BR_thigh_joint,FL_thigh_joint,FR_thigh_joint,BL_calf_joint,BR_calf_joint,FL_calf_joint,FR_calf_joint",330e02f2406e129bb6ed6ec4a6c6bcd5f80d7e7799a2ab087e81eda65d2fae69,"step=000110 mode=sit    vx= 0.000 vy= 0.000 vxy= 0.000 yaw= 0.000 speed=1.00 imu=fake tilt_rp=[-0.0,+0.0]deg imu_corr=0.000 act_max= 0.000 tau_cmd= 6.496 tau_cmd_max= 11.547 cmds=12 bus=can0:12 tau_fb= 2.410 tau_fb_max= 4.494",,,,,,,,,,,,,,,,,,,,,,,,,,,,,,,,,,,,,,,,,,,,,,,,,0.0,0.0,0.0,0.0,0.0,0.0,0.0,0.0,0.0,0.0,0.0,0.0,0.0,0.0,0.0,0.0,0.0,0.0,0.0,0.0,0.0,0.0,0.0,0.0,0.28993120789527893,-0.29606732726097107,-0.2753579616546631,0.3041209578514099,0.047171350568532944,-0.08437151461839676,0.0885900929570198,-0.06826423108577728,1.6061269044876099,-1.5048810243606567,1.504114031791687,-1.5294255018234253,-0.11764885485172272,0.110782191157341,0.1831110566854477,-0.16525772213935852,0.3112888038158417,-0.1506088376045227,0.2151554971933365,-0.23300881683826447,0.0013733329251408577,-0.12359996140003204,0.02288888208568096,-0.05859553813934326,0.269925057888031,-0.2753535211086273,-0.2560731768608093,0.28246667981147766,0.07718774676322937,-0.11350223422050476,0.11631003022193909,-0.09890156984329224,1.6015657186508179,-1.504976749420166,1.5047895908355713,-1.5278135538101196,0.0,0.0,0.0,0.0,0.0,0.0,0.0,0.0,0.0,0.0,0.0,0.0
20260708_190646_213706,2026-07-08T19:06:49.313,3.099273,pose,115,sit,0.0,0.0,0.0,0.0,0.0,0.0,0.0,0.0,1.0,fake,0.0,0.0,-1.0,-0.0,0.0,0.0,0.0,7.157619953155518,13.880745887756348,12,can0:12,2.148197889328003,4.412976264953613,,"BL_hip_joint,BR_hip_joint,FL_hip_joint,FR_hip_joint,BL_thigh_joint,BR_thigh_joint,FL_thigh_joint,FR_thigh_joint,BL_calf_joint,BR_calf_joint,FL_calf_joint,FR_calf_joint",330e02f2406e129bb6ed6ec4a6c6bcd5f80d7e7799a2ab087e81eda65d2fae69,"step=000115 mode=sit    vx= 0.000 vy= 0.000 vxy= 0.000 yaw= 0.000 speed=1.00 imu=fake tilt_rp=[-0.0,+0.0]deg imu_corr=0.000 act_max= 0.000 tau_cmd= 7.158 tau_cmd_max= 13.881 cmds=12 bus=can0:12 tau_fb= 2.148 tau_fb_max= 4.413",,,,,,,,,,,,,,,,,,,,,,,,,,,,,,,,,,,,,,,,,,,,,,,,,0.0,0.0,0.0,0.0,0.0,0.0,0.0,0.0,0.0,0.0,0.0,0.0,0.0,0.0,0.0,0.0,0.0,0.0,0.0,0.0,0.0,0.0,0.0,0.0,0.27190640568733215,-0.2761249542236328,-0.2577166259288788,0.28302809596061707,0.07631787657737732,-0.11236751824617386,0.11543557792901993,-0.09664373844861984,1.6088114976882935,-1.514468789100647,1.5137017965316772,-1.5370956659317017,-0.05401776358485222,0.17761772871017456,0.1419110745191574,-0.0869777500629425,0.22064882516860962,-0.2220221608877182,0.251777708530426,-0.22751548886299133,0.06729331612586975,-0.05767998471856117,0.0952177494764328,-0.09933774918317795,0.25080540776252747,-0.25584933161735535,-0.2379346787929535,0.2624586522579193,0.10713690519332886,-0.14087912440299988,0.14348801970481873,-0.12731266021728516,1.604288101196289,-1.5145409107208252,1.514366865158081,-1.5357601642608643,0.0,0.0,0.0,0.0,0.0,0.0,0.0,0.0,0.0,0.0,0.0,0.0
20260708_190646_213706,2026-07-08T19:06:49.432,3.218850,pose,120,sit,0.0,0.0,0.0,0.0,0.0,0.0,0.0,0.0,1.0,fake,0.0,0.0,-1.0,-0.0,0.0,0.0,0.0,6.316357135772705,11.112454414367676,12,can0:12,2.1802423000335693,4.281136512756348,,"BL_hip_joint,BR_hip_joint,FL_hip_joint,FR_hip_joint,BL_thigh_joint,BR_thigh_joint,FL_thigh_joint,FR_thigh_joint,BL_calf_joint,BR_calf_joint,FL_calf_joint,FR_calf_joint",330e02f2406e129bb6ed6ec4a6c6bcd5f80d7e7799a2ab087e81eda65d2fae69,"step=000120 mode=sit    vx= 0.000 vy= 0.000 vxy= 0.000 yaw= 0.000 speed=1.00 imu=fake tilt_rp=[-0.0,+0.0]deg imu_corr=0.000 act_max= 0.000 tau_cmd= 6.316 tau_cmd_max= 11.112 cmds=12 bus=can0:12 tau_fb= 2.180 tau_fb_max= 4.281",,,,,,,,,,,,,,,,,,,,,,,,,,,,,,,,,,,,,,,,,,,,,,,,,0.0,0.0,0.0,0.0,0.0,0.0,0.0,0.0,0.0,0.0,0.0,0.0,0.0,0.0,0.0,0.0,0.0,0.0,0.0,0.0,0.0,0.0,0.0,0.0,0.25234752893447876,-0.2565661072731018,-0.23930831253528595,0.2638527452945709,0.10623141378164291,-0.1399800181388855,0.1418975591659546,-0.1250232458114624,1.6111124753952026,-1.5248234272003174,1.5240564346313477,-1.544765830039978,-0.1194799616932869,0.12497329711914062,0.16525772213935852,-0.1826532781124115,0.269631028175354,-0.2059999406337738,0.23209325969219208,-0.23529770970344543,0.04440443217754364,-0.050355542451143265,0.028382213786244392,-0.05630664899945259,0.2317955195903778,-0.23645713925361633,-0.21990031003952026,0.24256548285484314,0.13691413402557373,-0.1680988371372223,0.17050999402999878,-0.1555606722831726,1.6069949865341187,-1.5240501165390015,1.5238893032073975,-1.5436609983444214,0.0,0.0,0.0,0.0,0.0,0.0,0.0,0.0,0.0,0.0,0.0,0.0
20260708_190646_213706,2026-07-08T19:06:49.548,3.334460,pose,125,sit,0.0,0.0,0.0,0.0,0.0,0.0,0.0,0.0,1.0,fake,0.0,0.0,-1.0,-0.0,0.0,0.0,0.0,7.3092265129089355,15.590383529663086,12,can0:12,2.466506242752075,4.907376289367676,,"BL_hip_joint,BR_hip_joint,FL_hip_joint,FR_hip_joint,BL_thigh_joint,BR_thigh_joint,FL_thigh_joint,FR_thigh_joint,BL_calf_joint,BR_calf_joint,FL_calf_joint,FR_calf_joint",330e02f2406e129bb6ed6ec4a6c6bcd5f80d7e7799a2ab087e81eda65d2fae69,"step=000125 mode=sit    vx= 0.000 vy= 0.000 vxy= 0.000 yaw= 0.000 speed=1.00 imu=fake tilt_rp=[-0.0,+0.0]deg imu_corr=0.000 act_max= 0.000 tau_cmd= 7.309 tau_cmd_max= 15.590 cmds=12 bus=can0:12 tau_fb= 2.467 tau_fb_max= 4.907",,,,,,,,,,,,,,,,,,,,,,,,,,,,,,,,,,,,,,,,,,,,,,,,,0.0,0.0,0.0,0.0,0.0,0.0,0.0,0.0,0.0,0.0,0.0,0.0,0.0,0.0,0.0,0.0,0.0,0.0,0.0,0.0,0.0,0.0,0.0,0.0,0.23355570435523987,-0.23815777897834778,-0.2220505028963089,0.24429389834403992,0.13499443233013153,-0.1660584807395935,0.16835953295230865,-0.15378627181053162,1.6134135723114014,-1.5332605838775635,1.5336440801620483,-1.5528194904327393,-0.14694662392139435,0.002288888208568096,0.1501510739326477,-0.1670888364315033,0.252235472202301,-0.19455549120903015,0.1895199418067932,-0.14740440249443054,-0.03341776877641678,-0.07782220095396042,0.0718710869550705,-0.08194220066070557,0.21297705173492432,-0.2172602117061615,-0.20204758644104004,0.22287267446517944,0.1663914918899536,-0.19504442811012268,0.1972598433494568,-0.18352416157722473,1.6096744537353516,-1.533463478088379,1.533315896987915,-1.5514823198318481,0.0,0.0,0.0,0.0,0.0,0.0,0.0,0.0,0.0,0.0,0.0,0.0
20260708_190646_213706,2026-07-08T19:06:49.666,3.453020,pose,130,sit,0.0,0.0,0.0,0.0,0.0,0.0,0.0,0.0,1.0,fake,0.0,0.0,-1.0,-0.0,0.0,0.0,0.0,6.687361240386963,13.245725631713867,12,can0:12,2.4124879837036133,5.097811698913574,,"BL_hip_joint,BR_hip_joint,FL_hip_joint,FR_hip_joint,BL_thigh_joint,BR_thigh_joint,FL_thigh_joint,FR_thigh_joint,BL_calf_joint,BR_calf_joint,FL_calf_joint,FR_calf_joint",330e02f2406e129bb6ed6ec4a6c6bcd5f80d7e7799a2ab087e81eda65d2fae69,"step=000130 mode=sit    vx= 0.000 vy= 0.000 vxy= 0.000 yaw= 0.000 speed=1.00 imu=fake tilt_rp=[-0.0,+0.0]deg imu_corr=0.000 act_max= 0.000 tau_cmd= 6.687 tau_cmd_max= 13.246 cmds=12 bus=can0:12 tau_fb= 2.412 tau_fb_max= 5.098",,,,,,,,,,,,,,,,,,,,,,,,,,,,,,,,,,,,,,,,,,,,,,,,,0.0,0.0,0.0,0.0,0.0,0.0,0.0,0.0,0.0,0.0,0.0,0.0,0.0,0.0,0.0,0.0,0.0,0.0,0.0,0.0,0.0,0.0,0.0,0.0,0.21514737606048584,-0.21859893202781677,-0.20364215970039368,0.2239680290222168,0.16490796208381653,-0.19290396571159363,0.19558851420879364,-0.18178227543830872,1.6160980463027954,-1.5428482294082642,1.5416977405548096,-1.560873031616211,-0.0636310949921608,0.12359996140003204,0.18082216382026672,-0.16800439357757568,0.1583910584449768,-0.17212440073490143,0.25864437222480774,-0.2943510115146637,0.024262215942144394,-0.09750663489103317,0.07415997982025146,-0.05630664899945259,0.19443166255950928,-0.19834187626838684,-0.18445390462875366,0.20346558094024658,0.19544106721878052,-0.2215990126132965,0.22362154722213745,-0.21108195185661316,1.6123151779174805,-1.5427403450012207,1.5426056385040283,-1.559190273284912,0.0,0.0,0.0,0.0,0.0,0.0,0.0,0.0,0.0,0.0,0.0,0.0
20260708_190646_213706,2026-07-08T19:06:49.787,3.573462,pose,135,sit,0.0,0.0,0.0,0.0,0.0,0.0,0.0,0.0,1.0,fake,0.0,0.0,-1.0,-0.0,0.0,0.0,0.0,6.55781364440918,12.050191879272461,12,can0:12,2.383800745010376,4.530167579650879,,"BL_hip_joint,BR_hip_joint,FL_hip_joint,FR_hip_joint,BL_thigh_joint,BR_thigh_joint,FL_thigh_joint,FR_thigh_joint,BL_calf_joint,BR_calf_joint,FL_calf_joint,FR_calf_joint",330e02f2406e129bb6ed6ec4a6c6bcd5f80d7e7799a2ab087e81eda65d2fae69,"step=000135 mode=sit    vx= 0.000 vy= 0.000 vxy= 0.000 yaw= 0.000 speed=1.00 imu=fake tilt_rp=[-0.0,+0.0]deg imu_corr=0.000 act_max= 0.000 tau_cmd= 6.558 tau_cmd_max= 12.050 cmds=12 bus=can0:12 tau_fb= 2.384 tau_fb_max= 4.530",,,,,,,,,,,,,,,,,,,,,,,,,,,,,,,,,,,,,,,,,,,,,,,,,0.0,0.0,0.0,0.0,0.0,0.0,0.0,0.0,0.0,0.0,0.0,0.0,0.0,0.0,0.0,0.0,0.0,0.0,0.0,0.0,0.0,0.0,0.0,0.0,0.19520501792430878,-0.1998070925474167,-0.18638435006141663,0.20555970072746277,0.1940544843673706,-0.2193659543991089,0.22243399918079376,-0.2090112566947937,1.618782639503479,-1.5528194904327393,1.55205237865448,-1.5689266920089722,-0.17578661441802979,0.1666310578584671,0.06500442326068878,-0.14419995248317719,0.20142216980457306,-0.21790215373039246,0.1519821733236313,-0.3094576895236969,0.0393688790500164,-0.07507553696632385,0.09109774976968765,-0.0196844395250082,0.17624107003211975,-0.17978546023368835,-0.16719681024551392,0.18442979454994202,0.22393494844436646,-0.24764558672904968,0.24947887659072876,-0.2381124198436737,1.6149052381515503,-1.551839828491211,1.5517175197601318,-1.5667505264282227,0.0,0.0,0.0,0.0,0.0,0.0,0.0,0.0,0.0,0.0,0.0,0.0
20260708_190646_213706,2026-07-08T19:06:49.908,3.695015,pose,140,sit,0.0,0.0,0.0,0.0,0.0,0.0,0.0,0.0,1.0,fake,0.0,0.0,-1.0,-0.0,0.0,0.0,0.0,6.771963119506836,11.967545509338379,12,can0:12,2.60719633102417,5.196691989898682,,"BL_hip_joint,BR_hip_joint,FL_hip_joint,FR_hip_joint,BL_thigh_joint,BR_thigh_joint,FL_thigh_joint,FR_thigh_joint,BL_calf_joint,BR_calf_joint,FL_calf_joint,FR_calf_joint",330e02f2406e129bb6ed6ec4a6c6bcd5f80d7e7799a2ab087e81eda65d2fae69,"step=000140 mode=sit    vx= 0.000 vy= 0.000 vxy= 0.000 yaw= 0.000 speed=1.00 imu=fake tilt_rp=[-0.0,+0.0]deg imu_corr=0.000 act_max= 0.000 tau_cmd= 6.772 tau_cmd_max= 11.968 cmds=12 bus=can0:12 tau_fb= 2.607 tau_fb_max= 5.197",,,,,,,,,,,,,,,,,,,,,,,,,,,,,,,,,,,,,,,,,,,,,,,,,0.0,0.0,0.0,0.0,0.0,0.0,0.0,0.0,0.0,0.0,0.0,0.0,0.0,0.0,0.0,0.0,0.0,0.0,0.0,0.0,0.0,0.0,0.0,0.0,0.17871421575546265,-0.1810152530670166,-0.16874302923679352,0.1856173425912857,0.22281751036643982,-0.24621142446994781,0.24851247668266296,-0.2350897341966629,1.6218507289886475,-1.562023639678955,1.5616401433944702,-1.5758298635482788,-0.19638660550117493,0.07049775868654251,0.1501510739326477,-0.10849329829216003,0.20737327635288239,-0.1519821733236313,0.21790215373039246,-0.1991332769393921,0.09247108548879623,0.00595110934227705,0.05630664899945259,-0.07415997982025146,0.15848690271377563,-0.16167423129081726,-0.15035372972488403,0.16585072875022888,0.25174516439437866,-0.27306726574897766,0.2747158408164978,-0.2644944489002228,1.6174333095550537,-1.5607209205627441,1.5606110095977783,-1.574129581451416,0.0,0.0,0.0,0.0,0.0,0.0,0.0,0.0,0.0,0.0,0.0,0.0
20260708_190646_213706,2026-07-08T19:06:50.031,3.817640,pose,145,sit,0.0,0.0,0.0,0.0,0.0,0.0,0.0,0.0,1.0,fake,0.0,0.0,-1.0,-0.0,0.0,0.0,0.0,5.875848293304443,10.885336875915527,12,can0:12,2.5803399085998535,4.6510210037231445,,"BL_hip_joint,BR_hip_joint,FL_hip_joint,FR_hip_joint,BL_thigh_joint,BR_thigh_joint,FL_thigh_joint,FR_thigh_joint,BL_calf_joint,BR_calf_joint,FL_calf_joint,FR_calf_joint",330e02f2406e129bb6ed6ec4a6c6bcd5f80d7e7799a2ab087e81eda65d2fae69,"step=000145 mode=sit    vx= 0.000 vy= 0.000 vxy= 0.000 yaw= 0.000 speed=1.00 imu=fake tilt_rp=[-0.0,+0.0]deg imu_corr=0.000 act_max= 0.000 tau_cmd= 5.876 tau_cmd_max= 10.885 cmds=12 bus=can0:12 tau_fb= 2.580 tau_fb_max= 4.651",,,,,,,,,,,,,,,,,,,,,,,,,,,,,,,,,,,,,,,,,,,,,,,,,0.0,0.0,0.0,0.0,0.0,0.0,0.0,0.0,0.0,0.0,0.0,0.0,0.0,0.0,0.0,0.0,0.0,0.0,0.0,0.0,0.0,0.0,0.0,0.0,0.1595388650894165,-0.1633739322423935,-0.15225224196910858,0.1679760217666626,0.2511970102787018,-0.27190640568733215,0.2726733982563019,-0.26155170798301697,1.6241517066955566,-1.5696938037872314,1.5696938037872314,-1.5831165313720703,-0.13641773164272308,0.09933774918317795,0.13870662450790405,-0.20966215431690216,0.20783105492591858,-0.2137821614742279,0.22614215314388275,-0.19363994896411896,0.02059999480843544,-0.06683553755283356,0.04211554303765297,-0.02151555009186268,0.141250878572464,-0.14409157633781433,-0.13400223851203918,0.1478138566017151,0.2787437438964844,-0.29774704575538635,0.2992163300514221,-0.29010656476020813,1.6198874711990356,-1.5693427324295044,1.5692448616027832,-1.5812932252883911,0.0,0.0,0.0,0.0,0.0,0.0,0.0,0.0,0.0,0.0,0.0,0.0
20260708_190646_213706,2026-07-08T19:06:50.151,3.937503,pose,150,sit,0.0,0.0,0.0,0.0,0.0,0.0,0.0,0.0,1.0,fake,0.0,0.0,-1.0,-0.0,0.0,0.0,0.0,6.965778827667236,12.640172958374023,12,can0:12,2.70363450050354,5.116122722625732,,"BL_hip_joint,BR_hip_joint,FL_hip_joint,FR_hip_joint,BL_thigh_joint,BR_thigh_joint,FL_thigh_joint,FR_thigh_joint,BL_calf_joint,BR_calf_joint,FL_calf_joint,FR_calf_joint",330e02f2406e129bb6ed6ec4a6c6bcd5f80d7e7799a2ab087e81eda65d2fae69,"step=000150 mode=sit    vx= 0.000 vy= 0.000 vxy= 0.000 yaw= 0.000 speed=1.00 imu=fake tilt_rp=[-0.0,+0.0]deg imu_corr=0.000 act_max= 0.000 tau_cmd= 6.966 tau_cmd_max= 12.640 cmds=12 bus=can0:12 tau_fb= 2.704 tau_fb_max= 5.116",,,,,,,,,,,,,,,,,,,,,,,,,,,,,,,,,,,,,,,,,,,,,,,,,0.0,0.0,0.0,0.0,0.0,0.0,0.0,0.0,0.0,0.0,0.0,0.0,0.0,0.0,0.0,0.0,0.0,0.0,0.0,0.0,0.0,0.0,0.0,0.0,0.14419859647750854,-0.14573262631893158,-0.13576143980026245,0.1491841822862625,0.27765899896621704,-0.29530030488967896,0.29721784591674805,-0.2880136966705322,1.627219796180725,-1.5788979530334473,1.5777473449707031,-1.5907865762710571,-0.1515243947505951,0.03662221133708954,0.11398663371801376,-0.10986663401126862,0.15518662333488464,-0.1991332769393921,0.20371104776859283,-0.18082216382026672,0.010986663401126862,-0.10711997002363205,0.08651997148990631,-0.059053316712379456,0.12461462616920471,-0.1271207630634308,-0.11821970343589783,0.13040465116500854,0.30480289459228516,-0.32156798243522644,0.32286423444747925,-0.3148273527622223,1.6222562789916992,-1.5776646137237549,1.5775781869888306,-1.5882076025009155,0.0,0.0,0.0,0.0,0.0,0.0,0.0,0.0,0.0,0.0,0.0,0.0
20260708_190646_213706,2026-07-08T19:06:50.269,4.055897,pose,155,sit,0.0,0.0,0.0,0.0,0.0,0.0,0.0,0.0,1.0,fake,0.0,0.0,-1.0,-0.0,0.0,0.0,0.0,5.8667683601379395,11.69141960144043,12,can0:12,2.467116117477417,4.797509670257568,,"BL_hip_joint,BR_hip_joint,FL_hip_joint,FR_hip_joint,BL_thigh_joint,BR_thigh_joint,FL_thigh_joint,FR_thigh_joint,BL_calf_joint,BR_calf_joint,FL_calf_joint,FR_calf_joint",330e02f2406e129bb6ed6ec4a6c6bcd5f80d7e7799a2ab087e81eda65d2fae69,"step=000155 mode=sit    vx= 0.000 vy= 0.000 vxy= 0.000 yaw= 0.000 speed=1.00 imu=fake tilt_rp=[-0.0,+0.0]deg imu_corr=0.000 act_max= 0.000 tau_cmd= 5.867 tau_cmd_max= 11.691 cmds=12 bus=can0:12 tau_fb= 2.467 tau_fb_max= 4.798",,,,,,,,,,,,,,,,,,,,,,,,,,,,,,,,,,,,,,,,,,,,,,,,,0.0,0.0,0.0,0.0,0.0,0.0,0.0,0.0,0.0,0.0,0.0,0.0,0.0,0.0,0.0,0.0,0.0,0.0,0.0,0.0,0.0,0.0,0.0,0.0,0.12617376446723938,-0.12924182415008545,-0.12118817865848541,0.13307689130306244,0.30258694291114807,-0.31869423389434814,0.3209952712059021,-0.31217461824417114,1.6299042701721191,-1.5877186059951782,1.5869516134262085,-1.597306251525879,-0.1350444108247757,0.14465773105621338,0.110782191157341,-0.0787377581000328,0.21607105433940887,-0.15518662333488464,0.17944884300231934,-0.24811547994613647,-0.1029999703168869,-0.02288888208568096,0.09430219233036041,-0.0032044434919953346,0.10865983366966248,-0.11084508895874023,-0.10308367013931274,0.11370852589607239,0.32979458570480347,-0.3444131910800934,0.3455435037612915,-0.3385356366634369,1.6245280504226685,-1.5856456756591797,1.5855703353881836,-1.5948387384414673,0.0,0.0,0.0,0.0,0.0,0.0,0.0,0.0,0.0,0.0,0.0,0.0
20260708_190646_213706,2026-07-08T19:06:50.387,4.173627,pose,160,sit,0.0,0.0,0.0,0.0,0.0,0.0,0.0,0.0,1.0,fake,0.0,0.0,-1.0,-0.0,0.0,0.0,0.0,6.759227752685547,11.365140914916992,12,can0:12,2.8205204010009766,5.182043075561523,,"BL_hip_joint,BR_hip_joint,FL_hip_joint,FR_hip_joint,BL_thigh_joint,BR_thigh_joint,FL_thigh_joint,FR_thigh_joint,BL_calf_joint,BR_calf_joint,FL_calf_joint,FR_calf_joint",330e02f2406e129bb6ed6ec4a6c6bcd5f80d7e7799a2ab087e81eda65d2fae69,"step=000160 mode=sit    vx= 0.000 vy= 0.000 vxy= 0.000 yaw= 0.000 speed=1.00 imu=fake tilt_rp=[-0.0,+0.0]deg imu_corr=0.000 act_max= 0.000 tau_cmd= 6.759 tau_cmd_max= 11.365 cmds=12 bus=can0:12 tau_fb= 2.821 tau_fb_max= 5.182",,,,,,,,,,,,,,,,,,,,,,,,,,,,,,,,,,,,,,,,,,,,,,,,,0.0,0.0,0.0,0.0,0.0,0.0,0.0,0.0,0.0,0.0,0.0,0.0,0.0,0.0,0.0,0.0,0.0,0.0,0.0,0.0,0.0,0.0,0.0,0.0,0.1119840145111084,-0.11275102943181992,-0.1054643988609314,0.11581908166408539,0.3275148868560791,-0.34208816289901733,0.34285515546798706,-0.3348015248775482,1.6325888633728027,-1.5957722663879395,1.595388650894165,-1.6042094230651855,-0.07003998011350632,0.12543107569217682,0.1666310578584671,-0.07324442267417908,0.1670888364315033,-0.17303994297981262,0.22339549660682678,-0.20050661265850067,0.12268441170454025,-0.06042664870619774,0.10208441317081451,-0.009613330475986004,0.09346818923950195,-0.09534791111946106,-0.08867162466049194,0.0978110134601593,0.35359084606170654,-0.3661656677722931,0.3671379089355469,-0.36110982298851013,1.626691222190857,-1.5932449102401733,1.5931800603866577,-1.6011526584625244,0.0,0.0,0.0,0.0,0.0,0.0,0.0,0.0,0.0,0.0,0.0,0.0
20260708_190646_213706,2026-07-08T19:06:50.505,4.291687,pose,165,sit,0.0,0.0,0.0,0.0,0.0,0.0,0.0,0.0,1.0,fake,0.0,0.0,-1.0,-0.0,0.0,0.0,0.0,5.538835048675537,10.321640014648438,12,can0:12,2.992034673690796,5.094149589538574,,"BL_hip_joint,BR_hip_joint,FL_hip_joint,FR_hip_joint,BL_thigh_joint,BR_thigh_joint,FL_thigh_joint,FR_thigh_joint,BL_calf_joint,BR_calf_joint,FL_calf_joint,FR_calf_joint",330e02f2406e129bb6ed6ec4a6c6bcd5f80d7e7799a2ab087e81eda65d2fae69,"step=000165 mode=sit    vx= 0.000 vy= 0.000 vxy= 0.000 yaw= 0.000 speed=1.00 imu=fake tilt_rp=[-0.0,+0.0]deg imu_corr=0.000 act_max= 0.000 tau_cmd= 5.539 tau_cmd_max= 10.322 cmds=12 bus=can0:12 tau_fb= 2.992 tau_fb_max= 5.094",,,,,,,,,,,,,,,,,,,,,,,,,,,,,,,,,,,,,,,,,,,,,,,,,0.0,0.0,0.0,0.0,0.0,0.0,0.0,0.0,0.0,0.0,0.0,0.0,0.0,0.0,0.0,0.0,0.0,0.0,0.0,0.0,0.0,0.0,0.0,0.0,0.09549321979284286,-0.09817776829004288,-0.09165815263986588,0.10086231678724289,0.3516758382320404,-0.36356455087661743,0.36433154344558716,-0.3574284315109253,1.6345064640045166,-1.6022918224334717,1.6019083261489868,-1.609961986541748,-0.09750663489103317,0.18127994239330292,0.059053316712379456,-0.09109774976968765,0.14007996022701263,-0.26551103591918945,0.17120884358882904,-0.1506088376045227,-0.08056886494159698,-0.038453321903944016,0.035248879343271255,-0.002288888208568096,0.07912138104438782,-0.08071258664131165,-0.07506105303764343,0.08279761672019958,0.37606382369995117,-0.38670846819877625,0.38753145933151245,-0.38242867588996887,1.6287339925765991,-1.60042142868042,1.6003665924072266,-1.6071155071258545,0.0,0.0,0.0,0.0,0.0,0.0,0.0,0.0,0.0,0.0,0.0,0.0
20260708_190646_213706,2026-07-08T19:06:50.623,4.409374,pose,170,sit,0.0,0.0,0.0,0.0,0.0,0.0,0.0,0.0,1.0,fake,0.0,0.0,-1.0,-0.0,0.0,0.0,0.0,6.786569118499756,12.374127388000488,12,can0:12,3.1180760860443115,5.544602870941162,,"BL_hip_joint,BR_hip_joint,FL_hip_joint,FR_hip_joint,BL_thigh_joint,BR_thigh_joint,FL_thigh_joint,FR_thigh_joint,BL_calf_joint,BR_calf_joint,FL_calf_joint,FR_calf_joint",330e02f2406e129bb6ed6ec4a6c6bcd5f80d7e7799a2ab087e81eda65d2fae69,"step=000170 mode=sit    vx= 0.000 vy= 0.000 vxy= 0.000 yaw= 0.000 speed=1.00 imu=fake tilt_rp=[-0.0,+0.0]deg imu_corr=0.000 act_max= 0.000 tau_cmd= 6.787 tau_cmd_max= 12.374 cmds=12 bus=can0:12 tau_fb= 3.118 tau_fb_max= 5.545",,,,,,,,,,,,,,,,,,,,,,,,,,,,,,,,,,,,,,,,,,,,,,,,,0.0,0.0,0.0,0.0,0.0,0.0,0.0,0.0,0.0,0.0,0.0,0.0,0.0,0.0,0.0,0.0,0.0,0.0,0.0,0.0,0.0,0.0,0.0,0.0,0.08283749222755432,-0.08283749222755432,-0.07785189896821976,0.08513852953910828,0.37391921877861023,-0.38312339782714844,0.3854244351387024,-0.3796718418598175,1.636423945426941,-1.6091949939727783,1.608427882194519,-1.6157145500183105,-0.013275551609694958,0.09201330691576004,0.05264442786574364,-0.13046662509441376,0.21835993230342865,-0.09018219262361526,0.1593066155910492,-0.1574755162000656,0.07415997982025146,-0.143742173910141,0.03707998991012573,-0.06775109469890594,0.06570100784301758,-0.06702232360839844,-0.062329381704330444,0.06875371932983398,0.3970855474472046,-0.4059247076511383,0.40660810470581055,-0.40237078070640564,1.6306449174880981,-1.6071346998214722,1.6070891618728638,-1.6126933097839355,0.0,0.0,0.0,0.0,0.0,0.0,0.0,0.0,0.0,0.0,0.0,0.0
20260708_190646_213706,2026-07-08T19:06:50.742,4.528784,pose,175,sit,0.0,0.0,0.0,0.0,0.0,0.0,0.0,0.0,1.0,fake,0.0,0.0,-1.0,-0.0,0.0,0.0,0.0,5.500055313110352,10.156120300292969,12,can0:12,2.8022096157073975,5.295571804046631,,"BL_hip_joint,BR_hip_joint,FL_hip_joint,FR_hip_joint,BL_thigh_joint,BR_thigh_joint,FL_thigh_joint,FR_thigh_joint,BL_calf_joint,BR_calf_joint,FL_calf_joint,FR_calf_joint",330e02f2406e129bb6ed6ec4a6c6bcd5f80d7e7799a2ab087e81eda65d2fae69,"step=000175 mode=sit    vx= 0.000 vy= 0.000 vxy= 0.000 yaw= 0.000 speed=1.00 imu=fake tilt_rp=[-0.0,+0.0]deg imu_corr=0.000 act_max= 0.000 tau_cmd= 5.500 tau_cmd_max= 10.156 cmds=12 bus=can0:12 tau_fb= 2.802 tau_fb_max= 5.296",,,,,,,,,,,,,,,,,,,,,,,,,,,,,,,,,,,,,,,,,,,,,,,,,0.0,0.0,0.0,0.0,0.0,0.0,0.0,0.0,0.0,0.0,0.0,0.0,0.0,0.0,0.0,0.0,0.0,0.0,0.0,0.0,0.0,0.0,0.0,0.0,0.0690312385559082,-0.06979825347661972,-0.06557968258857727,0.07286631315946579,0.39424508810043335,-0.40344926714897156,0.40344926714897156,-0.39808017015457153,1.6379579305648804,-1.6168650388717651,1.6157145500183105,-1.6214672327041626,-0.08285775035619736,0.12909328937530518,0.1515243947505951,-0.07415997982025146,0.16067995131015778,-0.13321329653263092,0.20645771920681,-0.16937772929668427,0.027924437075853348,-0.04989776387810707,0.01739555038511753,-0.016937773674726486,0.053288817405700684,-0.05436050891876221,-0.05055418610572815,0.05576479434967041,0.41652804613113403,-0.4236973226070404,0.42425161600112915,-0.4208148419857025,1.632412314414978,-1.613343596458435,1.6133066415786743,-1.6178520917892456,0.0,0.0,0.0,0.0,0.0,0.0,0.0,0.0,0.0,0.0,0.0,0.0
20260708_190646_213706,2026-07-08T19:06:50.861,4.648242,pose,180,sit,0.0,0.0,0.0,0.0,0.0,0.0,0.0,0.0,1.0,fake,0.0,0.0,-1.0,-0.0,0.0,0.0,0.0,6.000461101531982,10.22069263458252,12,can0:12,2.927030324935913,5.028229713439941,,"BL_hip_joint,BR_hip_joint,FL_hip_joint,FR_hip_joint,BL_thigh_joint,BR_thigh_joint,FL_thigh_joint,FR_thigh_joint,BL_calf_joint,BR_calf_joint,FL_calf_joint,FR_calf_joint",330e02f2406e129bb6ed6ec4a6c6bcd5f80d7e7799a2ab087e81eda65d2fae69,"step=000180 mode=sit    vx= 0.000 vy= 0.000 vxy= 0.000 yaw= 0.000 speed=1.00 imu=fake tilt_rp=[-0.0,+0.0]deg imu_corr=0.000 act_max= 0.000 tau_cmd= 6.000 tau_cmd_max= 10.221 cmds=12 bus=can0:12 tau_fb= 2.927 tau_fb_max= 5.028",,,,,,,,,,,,,,,,,,,,,,,,,,,,,,,,,,,,,,,,,,,,,,,,,0.0,0.0,0.0,0.0,0.0,0.0,0.0,0.0,0.0,0.0,0.0,0.0,0.0,0.0,0.0,0.0,0.0,0.0,0.0,0.0,0.0,0.0,0.0,0.0,0.05675902217626572,-0.057526033371686935,-0.054074473679065704,0.05829304829239845,0.41457095742225647,-0.4199400544166565,0.4218575954437256,-0.4180225133895874,1.6398755311965942,-1.623001217842102,1.6226177215576172,-1.627219796180725,-0.024262215942144394,0.08194220066070557,0.1345866322517395,-0.158848837018013,0.16525772213935852,-0.06271553784608841,0.07553330808877945,-0.11490219086408615,0.08880886435508728,-0.04531998559832573,-0.03433332219719887,-0.04898220673203468,0.04196649789810181,-0.04281044006347656,-0.03981286287307739,0.043916404247283936,0.4342634677886963,-0.439909428358078,0.4403459429740906,-0.437639445066452,1.6340243816375732,-1.6190073490142822,1.6189782619476318,-1.6225578784942627,0.0,0.0,0.0,0.0,0.0,0.0,0.0,0.0,0.0,0.0,0.0,0.0
20260708_190646_213706,2026-07-08T19:06:50.982,4.768403,pose,185,sit,0.0,0.0,0.0,0.0,0.0,0.0,0.0,0.0,1.0,fake,0.0,0.0,-1.0,-0.0,0.0,0.0,0.0,5.7447028160095215,10.884187698364258,12,can0:12,2.8751490116119385,5.361491680145264,,"BL_hip_joint,BR_hip_joint,FL_hip_joint,FR_hip_joint,BL_thigh_joint,BR_thigh_joint,FL_thigh_joint,FR_thigh_joint,BL_calf_joint,BR_calf_joint,FL_calf_joint,FR_calf_joint",330e02f2406e129bb6ed6ec4a6c6bcd5f80d7e7799a2ab087e81eda65d2fae69,"step=000185 mode=sit    vx= 0.000 vy= 0.000 vxy= 0.000 yaw= 0.000 speed=1.00 imu=fake tilt_rp=[-0.0,+0.0]deg imu_corr=0.000 act_max= 0.000 tau_cmd= 5.745 tau_cmd_max= 10.884 cmds=12 bus=can0:12 tau_fb= 2.875 tau_fb_max= 5.361",,,,,,,,,,,,,,,,,,,,,,,,,,,,,,,,,,,,,,,,,,,,,,,,,0.0,0.0,0.0,0.0,0.0,0.0,0.0,0.0,0.0,0.0,0.0,0.0,0.0,0.0,0.0,0.0,0.0,0.0,0.0,0.0,0.0,0.0,0.0,0.0,0.047171350568532944,-0.046404335647821426,-0.043719787150621414,0.04793836176395416,0.4310617446899414,-0.4375813603401184,0.4368143677711487,-0.43336281180381775,1.6410260200500488,-1.6279867887496948,1.6283702850341797,-1.6314383745193481,-0.07644886523485184,0.0315866582095623,0.09384441375732422,-0.0027466658502817154,0.21973326802253723,-0.1112399697303772,0.07507553696632385,-0.13962218165397644,0.04119998961687088,-0.05264442786574364,-0.017853328958153725,0.010071108117699623,0.03181564807891846,-0.032455503940582275,-0.030182957649230957,0.03329390287399292,0.4501637816429138,-0.45444414019584656,0.45477503538131714,-0.4527231752872467,1.6354697942733765,-1.6240849494934082,1.6240628957748413,-1.6267766952514648,0.0,0.0,0.0,0.0,0.0,0.0,0.0,0.0,0.0,0.0,0.0,0.0
20260708_190646_213706,2026-07-08T19:06:51.101,4.887729,pose,190,sit,0.0,0.0,0.0,0.0,0.0,0.0,0.0,0.0,1.0,fake,0.0,0.0,-1.0,-0.0,0.0,0.0,0.0,5.618292331695557,9.378446578979492,12,can0:12,3.2496109008789062,6.042665004730225,,"BL_hip_joint,BR_hip_joint,FL_hip_joint,FR_hip_joint,BL_thigh_joint,BR_thigh_joint,FL_thigh_joint,FR_thigh_joint,BL_calf_joint,BR_calf_joint,FL_calf_joint,FR_calf_joint",330e02f2406e129bb6ed6ec4a6c6bcd5f80d7e7799a2ab087e81eda65d2fae69,"step=000190 mode=sit    vx= 0.000 vy= 0.000 vxy= 0.000 yaw= 0.000 speed=1.00 imu=fake tilt_rp=[-0.0,+0.0]deg imu_corr=0.000 act_max= 0.000 tau_cmd= 5.618 tau_cmd_max= 9.378 cmds=12 bus=can0:12 tau_fb= 3.250 tau_fb_max= 6.043",,,,,,,,,,,,,,,,,,,,,,,,,,,,,,,,,,,,,,,,,,,,,,,,,0.0,0.0,0.0,0.0,0.0,0.0,0.0,0.0,0.0,0.0,0.0,0.0,0.0,0.0,0.0,0.0,0.0,0.0,0.0,0.0,0.0,0.0,0.0,0.0,0.03566614165902138,-0.036433156579732895,-0.03413211554288864,0.03796718269586563,0.4479360580444336,-0.45023709535598755,0.4525381326675415,-0.44947007298469543,1.6421765089035034,-1.6325888633728027,1.6325888633728027,-1.6352734565734863,-0.12405773997306824,0.01144444104284048,0.020142216235399246,-0.08011108636856079,0.18768882751464844,-0.11444441229104996,0.14007996022701263,-0.007782219909131527,0.010071108117699623,-0.13321329653263092,0.005493331700563431,-0.044862210750579834,0.022917985916137695,-0.02337890863418579,-0.021741867065429688,0.02398282289505005,0.4641011357307434,-0.467184454202652,0.4674227833747864,-0.4659447968006134,1.6367367506027222,-1.6285358667373657,1.6285200119018555,-1.6304748058319092,0.0,0.0,0.0,0.0,0.0,0.0,0.0,0.0,0.0,0.0,0.0,0.0
20260708_190646_213706,2026-07-08T19:06:51.220,5.006662,pose,195,sit,0.0,0.0,0.0,0.0,0.0,0.0,0.0,0.0,1.0,fake,0.0,0.0,-1.0,-0.0,0.0,0.0,0.0,4.708533763885498,8.739583015441895,12,can0:12,3.30942702293396,5.0538649559021,,"BL_hip_joint,BR_hip_joint,FL_hip_joint,FR_hip_joint,BL_thigh_joint,BR_thigh_joint,FL_thigh_joint,FR_thigh_joint,BL_calf_joint,BR_calf_joint,FL_calf_joint,FR_calf_joint",330e02f2406e129bb6ed6ec4a6c6bcd5f80d7e7799a2ab087e81eda65d2fae69,"step=000195 mode=sit    vx= 0.000 vy= 0.000 vxy= 0.000 yaw= 0.000 speed=1.00 imu=fake tilt_rp=[-0.0,+0.0]deg imu_corr=0.000 act_max= 0.000 tau_cmd= 4.709 tau_cmd_max= 8.740 cmds=12 bus=can0:12 tau_fb= 3.309 tau_fb_max= 5.054",,,,,,,,,,,,,,,,,,,,,,,,,,,,,,,,,,,,,,,,,,,,,,,,,0.0,0.0,0.0,0.0,0.0,0.0,0.0,0.0,0.0,0.0,0.0,0.0,0.0,0.0,0.0,0.0,0.0,0.0,0.0,0.0,0.0,0.0,0.0,0.0,0.026845483109354973,-0.02761249616742134,-0.026461975648999214,0.0279960036277771,0.4602082669734955,-0.46404334902763367,0.4636598527431488,-0.4609752893447876,1.6433271169662476,-1.6368074417114258,1.636040449142456,-1.6387250423431396,-0.10574663430452347,0.05172887444496155,0.0050355540588498116,-0.1345866322517395,0.15243995189666748,-0.0709555372595787,0.08331552892923355,-0.10483107715845108,0.00595110934227705,-0.0393688790500164,-0.016937773674726486,-0.03341776877641678,0.015355169773101807,-0.015663981437683105,-0.014567196369171143,0.016068637371063232,0.4759475588798523,-0.47801342606544495,0.4781731367111206,-0.4771828353404999,1.6378135681152344,-1.6323189735412598,1.6323082447052002,-1.6336181163787842,0.0,0.0,0.0,0.0,0.0,0.0,0.0,0.0,0.0,0.0,0.0,0.0
20260708_190646_213706,2026-07-08T19:06:51.339,5.125722,pose,200,sit,0.0,0.0,0.0,0.0,0.0,0.0,0.0,0.0,1.0,fake,0.0,0.0,-1.0,-0.0,0.0,0.0,0.0,4.418165683746338,7.432025909423828,12,can0:12,3.1247901916503906,5.4237494468688965,,"BL_hip_joint,BR_hip_joint,FL_hip_joint,FR_hip_joint,BL_thigh_joint,BR_thigh_joint,FL_thigh_joint,FR_thigh_joint,BL_calf_joint,BR_calf_joint,FL_calf_joint,FR_calf_joint",330e02f2406e129bb6ed6ec4a6c6bcd5f80d7e7799a2ab087e81eda65d2fae69,"step=000200 mode=sit    vx= 0.000 vy= 0.000 vxy= 0.000 yaw= 0.000 speed=1.00 imu=fake tilt_rp=[-0.0,+0.0]deg imu_corr=0.000 act_max= 0.000 tau_cmd= 4.418 tau_cmd_max= 7.432 cmds=12 bus=can0:12 tau_fb= 3.125 tau_fb_max= 5.424",,,,,,,,,,,,,,,,,,,,,,,,,,,,,,,,,,,,,,,,,,,,,,,,,0.0,0.0,0.0,0.0,0.0,0.0,0.0,0.0,0.0,0.0,0.0,0.0,0.0,0.0,0.0,0.0,0.0,0.0,0.0,0.0,0.0,0.0,0.0,0.0,0.02070937305688858,-0.019558852538466454,-0.019942358136177063,0.02032586559653282,0.4728640019893646,-0.4747815430164337,0.47439804673194885,-0.4732475280761719,1.6440941095352173,-1.640642523765564,1.6391085386276245,-1.6417930126190186,-0.0787377581000328,0.13183996081352234,0.02700888179242611,-0.09659108519554138,0.12863551080226898,-0.03891110047698021,0.09155552834272385,-0.03799554333090782,-0.006408886983990669,-0.07049775868654251,0.04898220673203468,0.032044436782598495,0.009208858013153076,-0.009394049644470215,-0.00873631238937378,0.009636759757995605,0.48557519912719727,-0.48681411147117615,0.4869098663330078,-0.4863159954547882,1.6386888027191162,-1.635393500328064,1.6353870630264282,-1.6361725330352783,0.0,0.0,0.0,0.0,0.0,0.0,0.0,0.0,0.0,0.0,0.0,0.0
20260708_190646_213706,2026-07-08T19:06:51.458,5.244785,pose,205,sit,0.0,0.0,0.0,0.0,0.0,0.0,0.0,0.0,1.0,fake,0.0,0.0,-1.0,-0.0,0.0,0.0,0.0,4.6060099601745605,7.134443759918213,12,can0:12,3.554795980453491,7.4159979820251465,,"BL_hip_joint,BR_hip_joint,FL_hip_joint,FR_hip_joint,BL_thigh_joint,BR_thigh_joint,FL_thigh_joint,FR_thigh_joint,BL_calf_joint,BR_calf_joint,FL_calf_joint,FR_calf_joint",330e02f2406e129bb6ed6ec4a6c6bcd5f80d7e7799a2ab087e81eda65d2fae69,"step=000205 mode=sit    vx= 0.000 vy= 0.000 vxy= 0.000 yaw= 0.000 speed=1.00 imu=fake tilt_rp=[-0.0,+0.0]deg imu_corr=0.000 act_max= 0.000 tau_cmd= 4.606 tau_cmd_max= 7.134 cmds=12 bus=can0:12 tau_fb= 3.555 tau_fb_max= 7.416",,,,,,,,,,,,,,,,,,,,,,,,,,,,,,,,,,,,,,,,,,,,,,,,,0.0,0.0,0.0,0.0,0.0,0.0,0.0,0.0,0.0,0.0,0.0,0.0,0.0,0.0,0.0,0.0,0.0,0.0,0.0,0.0,0.0,0.0,0.0,0.0,0.015723783522844315,-0.01418975554406643,-0.01418975554406643,0.015340276062488556,0.4824516773223877,-0.4816846549510956,0.4839857220649719,-0.48283517360687256,1.644861102104187,-1.6433271169662476,1.6421765089035034,-1.6440941095352173,-0.050355542451143265,0.021057771518826485,0.09063997119665146,-0.021973326802253723,0.043946653604507446,0.02059999480843544,0.023346660658717155,-0.09292886406183243,-0.010986663401126862,0.01144444104284048,0.016479995101690292,0.02609332650899887,0.00456082820892334,-0.004652500152587891,-0.004326760768890381,0.0047727227210998535,0.49285590648651123,-0.49346956610679626,0.4935169816017151,-0.4932228624820709,1.6393505334854126,-1.6377185583114624,1.6377153396606445,-1.6381044387817383,0.0,0.0,0.0,0.0,0.0,0.0,0.0,0.0,0.0,0.0,0.0,0.0
20260708_190646_213706,2026-07-08T19:06:51.578,5.364419,pose,210,sit,0.0,0.0,0.0,0.0,0.0,0.0,0.0,0.0,1.0,fake,0.0,0.0,-1.0,-0.0,0.0,0.0,0.0,4.241873264312744,7.264532566070557,12,can0:12,3.3466596603393555,6.101260185241699,,"BL_hip_joint,BR_hip_joint,FL_hip_joint,FR_hip_joint,BL_thigh_joint,BR_thigh_joint,FL_thigh_joint,FR_thigh_joint,BL_calf_joint,BR_calf_joint,FL_calf_joint,FR_calf_joint",330e02f2406e129bb6ed6ec4a6c6bcd5f80d7e7799a2ab087e81eda65d2fae69,"step=000210 mode=sit    vx= 0.000 vy= 0.000 vxy= 0.000 yaw= 0.000 speed=1.00 imu=fake tilt_rp=[-0.0,+0.0]deg imu_corr=0.000 act_max= 0.000 tau_cmd= 4.242 tau_cmd_max= 7.265 cmds=12 bus=can0:12 tau_fb= 3.347 tau_fb_max= 6.101",,,,,,,,,,,,,,,,,,,,,,,,,,,,,,,,,,,,,,,,,,,,,,,,,0.0,0.0,0.0,0.0,0.0,0.0,0.0,0.0,0.0,0.0,0.0,0.0,0.0,0.0,0.0,0.0,0.0,0.0,0.0,0.0,0.0,0.0,0.0,0.0,0.011505207046866417,-0.009971179068088531,-0.009587672539055347,0.011505207046866417,0.48858779668807983,-0.4889712929725647,0.4897383153438568,-0.4878207743167877,1.6456280946731567,-1.6456280946731567,1.6444776058197021,-1.6460115909576416,-0.06637775897979736,0.0787377581000328,0.048066653311252594,-0.04211554303765297,0.024262215942144394,-0.12405773997306824,0.04669332131743431,-0.07003998011350632,0.016479995101690292,0.0009155552834272385,0.06958220154047012,-0.0636310949921608,0.0014925599098205566,-0.0015226006507873535,-0.0014159679412841797,0.0015619397163391113,0.4976620078086853,-0.497862845659256,0.49787837266921997,-0.4977821409702301,1.6397874355316162,-1.6392533779144287,1.6392523050308228,-1.639379620552063,0.0,0.0,0.0,0.0,0.0,0.0,0.0,0.0,0.0,0.0,0.0,0.0
20260708_190646_213706,2026-07-08T19:06:51.697,5.483771,pose,215,sit,0.0,0.0,0.0,0.0,0.0,0.0,0.0,0.0,1.0,fake,0.0,0.0,-1.0,-0.0,0.0,0.0,0.0,4.4886298179626465,7.705974578857422,12,can0:12,3.29508376121521,5.288247108459473,,"BL_hip_joint,BR_hip_joint,FL_hip_joint,FR_hip_joint,BL_thigh_joint,BR_thigh_joint,FL_thigh_joint,FR_thigh_joint,BL_calf_joint,BR_calf_joint,FL_calf_joint,FR_calf_joint",330e02f2406e129bb6ed6ec4a6c6bcd5f80d7e7799a2ab087e81eda65d2fae69,"step=000215 mode=sit    vx= 0.000 vy= 0.000 vxy= 0.000 yaw= 0.000 speed=1.00 imu=fake tilt_rp=[-0.0,+0.0]deg imu_corr=0.000 act_max= 0.000 tau_cmd= 4.489 tau_cmd_max= 7.706 cmds=12 bus=can0:12 tau_fb= 3.295 tau_fb_max= 5.288",,,,,,,,,,,,,,,,,,,,,,,,,,,,,,,,,,,,,,,,,,,,,,,,,0.0,0.0,0.0,0.0,0.0,0.0,0.0,0.0,0.0,0.0,0.0,0.0,0.0,0.0,0.0,0.0,0.0,0.0,0.0,0.0,0.0,0.0,0.0,0.0,0.008053644560277462,-0.007286631036549807,-0.006903124041855335,0.008820658549666405,0.49242284893989563,-0.49395689368247986,0.4928063750267029,-0.49127233028411865,1.6456280946731567,-1.6471620798110962,1.6463950872421265,-1.6467785835266113,0.048066653311252594,0.043946653604507446,0.009155552834272385,-0.014191106893122196,-0.008239997550845146,-0.009155552834272385,0.11719107627868652,-0.03021332435309887,-0.006408886983990669,-0.005493331700563431,0.06179998070001602,0.021973326802253723,8.594989776611328e-05,-8.767843246459961e-05,-8.153915405273438e-05,8.994340896606445e-05,0.49986541271209717,-0.499877005815506,0.4998778700828552,-0.4998723566532135,1.6399877071380615,-1.6399569511413574,1.6399569511413574,-1.63996422290802,0.0,0.0,0.0,0.0,0.0,0.0,0.0,0.0,0.0,0.0,0.0,0.0
20260708_190646_213706,2026-07-08T19:06:51.817,5.603806,pose,220,sit,0.0,0.0,0.0,0.0,0.0,0.0,0.0,0.0,1.0,fake,0.0,0.0,-1.0,-0.0,0.0,0.0,0.0,3.8579728603363037,8.147517204284668,12,can0:12,3.393658399581909,6.2623982429504395,,"BL_hip_joint,BR_hip_joint,FL_hip_joint,FR_hip_joint,BL_thigh_joint,BR_thigh_joint,FL_thigh_joint,FR_thigh_joint,BL_calf_joint,BR_calf_joint,FL_calf_joint,FR_calf_joint",330e02f2406e129bb6ed6ec4a6c6bcd5f80d7e7799a2ab087e81eda65d2fae69,"step=000220 mode=sit    vx= 0.000 vy= 0.000 vxy= 0.000 yaw= 0.000 speed=1.00 imu=fake tilt_rp=[-0.0,+0.0]deg imu_corr=0.000 act_max= 0.000 tau_cmd= 3.858 tau_cmd_max= 8.148 cmds=12 bus=can0:12 tau_fb= 3.394 tau_fb_max= 6.262",,,,,,,,,,,,,,,,,,,,,,,,,,,,,,,,,,,,,,,,,,,,,,,,,0.0,0.0,0.0,0.0,0.0,0.0,0.0,0.0,0.0,0.0,0.0,0.0,0.0,0.0,0.0,0.0,0.0,0.0,0.0,0.0,0.0,0.0,0.0,0.0,0.006903124041855335,-0.006519617512822151,-0.00613611051812768,0.007670138031244278,0.4943403899669647,-0.4966414272785187,0.49395689368247986,-0.49318987131118774,1.6460115909576416,-1.6475456953048706,1.6471620798110962,-1.6475456953048706,0.014191106893122196,-0.0032044434919953346,-0.007782219909131527,-0.10940885543823242,0.003662221133708954,-0.0787377581000328,-0.01831110566854477,-0.038453321903944016,-0.0032044434919953346,-0.06912442296743393,-0.08423108607530594,0.032959990203380585,0.0,0.0,0.0,0.0,0.5,-0.5,0.5,-0.5,1.6399999856948853,-1.6399999856948853,1.6399999856948853,-1.6399999856948853,0.0,0.0,0.0,0.0,0.0,0.0,0.0,0.0,0.0,0.0,0.0,0.0
20260708_190646_213706,2026-07-08T19:06:51.935,5.721570,pose,225,sit,0.0,0.0,0.0,0.0,0.0,0.0,0.0,0.0,1.0,fake,0.0,0.0,-1.0,-0.0,0.0,0.0,0.0,4.346713066101074,8.023150444030762,12,can0:12,3.4693443775177,6.643269062042236,,"BL_hip_joint,BR_hip_joint,FL_hip_joint,FR_hip_joint,BL_thigh_joint,BR_thigh_joint,FL_thigh_joint,FR_thigh_joint,BL_calf_joint,BR_calf_joint,FL_calf_joint,FR_calf_joint",330e02f2406e129bb6ed6ec4a6c6bcd5f80d7e7799a2ab087e81eda65d2fae69,"step=000225 mode=sit    vx= 0.000 vy= 0.000 vxy= 0.000 yaw= 0.000 speed=1.00 imu=fake tilt_rp=[-0.0,+0.0]deg imu_corr=0.000 act_max= 0.000 tau_cmd= 4.347 tau_cmd_max= 8.023 cmds=12 bus=can0:12 tau_fb= 3.469 tau_fb_max= 6.643",,,,,,,,,,,,,,,,,,,,,,,,,,,,,,,,,,,,,,,,,,,,,,,,,0.0,0.0,0.0,0.0,0.0,0.0,0.0,0.0,0.0,0.0,0.0,0.0,0.0,0.0,0.0,0.0,0.0,0.0,0.0,0.0,0.0,0.0,0.0,0.0,0.006519617512822151,-0.006519617512822151,-0.0057526035234332085,0.007286631036549807,0.494723916053772,-0.4974084496498108,0.494723916053772,-0.49395689368247986,1.6460115909576416,-1.6479291915893555,1.6475456953048706,-1.6475456953048706,0.03387554734945297,-0.008697775192558765,-0.041657764464616776,-0.013733329251408577,-0.09338664263486862,-0.017853328958153725,0.032959990203380585,-0.04531998559832573,-0.0238044373691082,-0.05767998471856117,0.013275551609694958,0.08056886494159698,0.0,0.0,0.0,0.0,0.5,-0.5,0.5,-0.5,1.6399999856948853,-1.6399999856948853,1.6399999856948853,-1.6399999856948853,0.0,0.0,0.0,0.0,0.0,0.0,0.0,0.0,0.0,0.0,0.0,0.0
20260708_190646_213706,2026-07-08T19:06:52.052,5.839128,pose,230,sit,0.0,0.0,0.0,0.0,0.0,0.0,0.0,0.0,1.0,fake,0.0,0.0,-1.0,-0.0,0.0,0.0,0.0,5.210648059844971,8.435139656066895,12,can0:12,3.095492362976074,5.299233913421631,,"BL_hip_joint,BR_hip_joint,FL_hip_joint,FR_hip_joint,BL_thigh_joint,BR_thigh_joint,FL_thigh_joint,FR_thigh_joint,BL_calf_joint,BR_calf_joint,FL_calf_joint,FR_calf_joint",330e02f2406e129bb6ed6ec4a6c6bcd5f80d7e7799a2ab087e81eda65d2fae69,"step=000230 mode=sit    vx= 0.000 vy= 0.000 vxy= 0.000 yaw= 0.000 speed=1.00 imu=fake tilt_rp=[-0.0,+0.0]deg imu_corr=0.000 act_max= 0.000 tau_cmd= 5.211 tau_cmd_max= 8.435 cmds=12 bus=can0:12 tau_fb= 3.095 tau_fb_max= 5.299",,,,,,,,,,,,,,,,,,,,,,,,,,,,,,,,,,,,,,,,,,,,,,,,,0.0,0.0,0.0,0.0,0.0,0.0,0.0,0.0,0.0,0.0,0.0,0.0,0.0,0.0,0.0,0.0,0.0,0.0,0.0,0.0,0.0,0.0,0.0,0.0,0.006519617512822151,-0.006519617512822151,-0.0057526035234332085,0.007286631036549807,0.49510741233825684,-0.4974084496498108,0.49510741233825684,-0.4943403899669647,1.6460115909576416,-1.6479291915893555,1.6475456953048706,-1.6475456953048706,0.07049775868654251,0.00595110934227705,0.01831110566854477,-0.02059999480843544,-0.0027466658502817154,0.07782220095396042,-0.09704886376857758,-0.0398266538977623,0.014648884534835815,-0.06912442296743393,0.06729331612586975,-0.0238044373691082,0.0,0.0,0.0,0.0,0.5,-0.5,0.5,-0.5,1.6399999856948853,-1.6399999856948853,1.6399999856948853,-1.6399999856948853,0.0,0.0,0.0,0.0,0.0,0.0,0.0,0.0,0.0,0.0,0.0,0.0
20260708_190646_213706,2026-07-08T19:06:52.170,5.957053,pose,235,sit,0.0,0.0,0.0,0.0,0.0,0.0,0.0,0.0,1.0,fake,0.0,0.0,-1.0,-0.0,0.0,0.0,0.0,4.256206035614014,6.801219463348389,12,can0:12,3.0314037799835205,4.599749565124512,,"BL_hip_joint,BR_hip_joint,FL_hip_joint,FR_hip_joint,BL_thigh_joint,BR_thigh_joint,FL_thigh_joint,FR_thigh_joint,BL_calf_joint,BR_calf_joint,FL_calf_joint,FR_calf_joint",330e02f2406e129bb6ed6ec4a6c6bcd5f80d7e7799a2ab087e81eda65d2fae69,"step=000235 mode=sit    vx= 0.000 vy= 0.000 vxy= 0.000 yaw= 0.000 speed=1.00 imu=fake tilt_rp=[-0.0,+0.0]deg imu_corr=0.000 act_max= 0.000 tau_cmd= 4.256 tau_cmd_max= 6.801 cmds=12 bus=can0:12 tau_fb= 3.031 tau_fb_max= 4.600",,,,,,,,,,,,,,,,,,,,,,,,,,,,,,,,,,,,,,,,,,,,,,,,,0.0,0.0,0.0,0.0,0.0,0.0,0.0,0.0,0.0,0.0,0.0,0.0,0.0,0.0,0.0,0.0,0.0,0.0,0.0,0.0,0.0,0.0,0.0,0.0,0.006519617512822151,-0.006519617512822151,-0.0057526035234332085,0.007286631036549807,0.49510741233825684,-0.4974084496498108,0.49510741233825684,-0.4943403899669647,1.6463950872421265,-1.6479291915893555,1.6471620798110962,-1.6475456953048706,-0.02609332650899887,-0.05310220643877983,0.0050355540588498116,-0.0714133158326149,-0.08514664322137833,-0.0,-0.016937773674726486,-0.015564439818263054,0.0393688790500164,-0.001831110566854477,-0.07827997952699661,-0.020142216235399246,0.0,0.0,0.0,0.0,0.5,-0.5,0.5,-0.5,1.6399999856948853,-1.6399999856948853,1.6399999856948853,-1.6399999856948853,0.0,0.0,0.0,0.0,0.0,0.0,0.0,0.0,0.0,0.0,0.0,0.0
20260708_190646_213706,2026-07-08T19:06:52.288,6.074925,pose,240,sit,0.0,0.0,0.0,0.0,0.0,0.0,0.0,0.0,1.0,fake,0.0,0.0,-1.0,-0.0,0.0,0.0,0.0,4.129862308502197,7.298048973083496,12,can0:12,2.9844048023223877,5.434736251831055,,"BL_hip_joint,BR_hip_joint,FL_hip_joint,FR_hip_joint,BL_thigh_joint,BR_thigh_joint,FL_thigh_joint,FR_thigh_joint,BL_calf_joint,BR_calf_joint,FL_calf_joint,FR_calf_joint",330e02f2406e129bb6ed6ec4a6c6bcd5f80d7e7799a2ab087e81eda65d2fae69,"step=000240 mode=sit    vx= 0.000 vy= 0.000 vxy= 0.000 yaw= 0.000 speed=1.00 imu=fake tilt_rp=[-0.0,+0.0]deg imu_corr=0.000 act_max= 0.000 tau_cmd= 4.130 tau_cmd_max= 7.298 cmds=12 bus=can0:12 tau_fb= 2.984 tau_fb_max= 5.435",,,,,,,,,,,,,,,,,,,,,,,,,,,,,,,,,,,,,,,,,,,,,,,,,0.0,0.0,0.0,0.0,0.0,0.0,0.0,0.0,0.0,0.0,0.0,0.0,0.0,0.0,0.0,0.0,0.0,0.0,0.0,0.0,0.0,0.0,0.0,0.0,0.006519617512822151,-0.006519617512822151,-0.0057526035234332085,0.007286631036549807,0.49510741233825684,-0.4974084496498108,0.49510741233825684,-0.4943403899669647,1.6460115909576416,-1.6479291915893555,1.6475456953048706,-1.6475456953048706,0.013733329251408577,-0.013733329251408577,-0.03387554734945297,0.021057771518826485,0.027924437075853348,0.026551103219389915,-0.01739555038511753,-0.02929776906967163,-0.09338664263486862,-0.037537768483161926,-0.053559985011816025,-0.01831110566854477,0.0,0.0,0.0,0.0,0.5,-0.5,0.5,-0.5,1.6399999856948853,-1.6399999856948853,1.6399999856948853,-1.6399999856948853,0.0,0.0,0.0,0.0,0.0,0.0,0.0,0.0,0.0,0.0,0.0,0.0
20260708_190646_213706,2026-07-08T19:06:52.405,6.191736,pose,245,sit,0.0,0.0,0.0,0.0,0.0,0.0,0.0,0.0,1.0,fake,0.0,0.0,-1.0,-0.0,0.0,0.0,0.0,4.568695068359375,7.966241359710693,12,can0:12,3.1223487854003906,4.892727375030518,,"BL_hip_joint,BR_hip_joint,FL_hip_joint,FR_hip_joint,BL_thigh_joint,BR_thigh_joint,FL_thigh_joint,FR_thigh_joint,BL_calf_joint,BR_calf_joint,FL_calf_joint,FR_calf_joint",330e02f2406e129bb6ed6ec4a6c6bcd5f80d7e7799a2ab087e81eda65d2fae69,"step=000245 mode=sit    vx= 0.000 vy= 0.000 vxy= 0.000 yaw= 0.000 speed=1.00 imu=fake tilt_rp=[-0.0,+0.0]deg imu_corr=0.000 act_max= 0.000 tau_cmd= 4.569 tau_cmd_max= 7.966 cmds=12 bus=can0:12 tau_fb= 3.122 tau_fb_max= 4.893",,,,,,,,,,,,,,,,,,,,,,,,,,,,,,,,,,,,,,,,,,,,,,,,,0.0,0.0,0.0,0.0,0.0,0.0,0.0,0.0,0.0,0.0,0.0,0.0,0.0,0.0,0.0,0.0,0.0,0.0,0.0,0.0,0.0,0.0,0.0,0.0,0.00613611051812768,-0.006519617512822151,-0.0057526035234332085,0.007286631036549807,0.49510741233825684,-0.4974084496498108,0.49510741233825684,-0.4943403899669647,1.6460115909576416,-1.6479291915893555,1.6475456953048706,-1.6475456953048706,0.009155552834272385,0.012817773967981339,0.014648884534835815,-0.03387554734945297,0.03707998991012573,0.0068666646257042885,-0.03433332219719887,0.016022218391299248,0.04257332161068916,-0.019226660951972008,0.06408887356519699,-0.038453321903944016,0.0,0.0,0.0,0.0,0.5,-0.5,0.5,-0.5,1.6399999856948853,-1.6399999856948853,1.6399999856948853,-1.6399999856948853,0.0,0.0,0.0,0.0,0.0,0.0,0.0,0.0,0.0,0.0,0.0,0.0
20260708_190646_213706,2026-07-08T19:06:52.547,6.333386,pose,250,stand,0.0,0.0,0.0,0.0,0.0,0.0,0.0,0.0,1.0,fake,0.0,0.0,-1.0,-0.0,0.0,0.0,0.0,1.2764203548431396,3.136474609375,12,can0:12,2.5769827365875244,4.911038398742676,,"BL_hip_joint,BR_hip_joint,FL_hip_joint,FR_hip_joint,BL_thigh_joint,BR_thigh_joint,FL_thigh_joint,FR_thigh_joint,BL_calf_joint,BR_calf_joint,FL_calf_joint,FR_calf_joint",330e02f2406e129bb6ed6ec4a6c6bcd5f80d7e7799a2ab087e81eda65d2fae69,"step=000250 mode=stand  vx= 0.000 vy= 0.000 vxy= 0.000 yaw= 0.000 speed=1.00 imu=fake tilt_rp=[-0.0,+0.0]deg imu_corr=0.000 act_max= 0.000 tau_cmd= 1.276 tau_cmd_max= 3.136 cmds=12 bus=can0:12 tau_fb= 2.577 tau_fb_max= 4.911",,,,,,,,,,,,,,,,,,,,,,,,,,,,,,,,,,,,,,,,,,,,,,,,,0.0,0.0,0.0,0.0,0.0,0.0,0.0,0.0,0.0,0.0,0.0,0.0,0.0,0.0,0.0,0.0,0.0,0.0,0.0,0.0,0.0,0.0,0.0,0.0,0.006519617512822151,-0.006519617512822151,-0.0057526035234332085,0.006903124041855335,0.4954909086227417,-0.4974084496498108,0.49510741233825684,-0.494723916053772,1.6460115909576416,-1.6479291915893555,1.6475456953048706,-1.6475456953048706,0.03570665791630745,-0.043946653604507446,-0.023346660658717155,-0.016022218391299248,0.01144444104284048,0.00045777764171361923,-0.007324442267417908,-0.07644886523485184,0.08651997148990631,0.027924437075853348,-0.022431105375289917,0.06179998070001602,0.006519502494484186,-0.006519502494484186,-0.005752502009272575,0.00728650251403451,0.4954821765422821,-0.4973996579647064,0.49509868025779724,-0.4943316578865051,1.6459825038909912,-1.647900104522705,1.6475166082382202,-1.6475166082382202,0.0,0.0,0.0,0.0,0.0,0.0,0.0,0.0,0.0,0.0,0.0,0.0
20260708_190646_213706,2026-07-08T19:06:52.678,6.464336,pose,255,stand,0.0,0.0,0.0,0.0,0.0,0.0,0.0,0.0,1.0,fake,0.0,0.0,-1.0,-0.0,0.0,0.0,0.0,3.730985403060913,7.620236396789551,12,can0:12,2.70455002784729,5.2699360847473145,,"BL_hip_joint,BR_hip_joint,FL_hip_joint,FR_hip_joint,BL_thigh_joint,BR_thigh_joint,FL_thigh_joint,FR_thigh_joint,BL_calf_joint,BR_calf_joint,FL_calf_joint,FR_calf_joint",330e02f2406e129bb6ed6ec4a6c6bcd5f80d7e7799a2ab087e81eda65d2fae69,"step=000255 mode=stand  vx= 0.000 vy= 0.000 vxy= 0.000 yaw= 0.000 speed=1.00 imu=fake tilt_rp=[-0.0,+0.0]deg imu_corr=0.000 act_max= 0.000 tau_cmd= 3.731 tau_cmd_max= 7.620 cmds=12 bus=can0:12 tau_fb= 2.705 tau_fb_max= 5.270",,,,,,,,,,,,,,,,,,,,,,,,,,,,,,,,,,,,,,,,,,,,,,,,,0.0,0.0,0.0,0.0,0.0,0.0,0.0,0.0,0.0,0.0,0.0,0.0,0.0,0.0,0.0,0.0,0.0,0.0,0.0,0.0,0.0,0.0,0.0,0.0,0.012655727565288544,-0.011888713575899601,-0.01035468652844429,0.013422741554677486,0.49203935265541077,-0.4962579309940338,0.4916558563709259,-0.4901218116283417,1.6509971618652344,-1.6559828519821167,1.6548322439193726,-1.6544487476348877,0.006408886983990669,-0.0068666646257042885,0.00595110934227705,0.015106662176549435,0.03021332435309887,-0.021057771518826485,-0.008239997550845146,-0.035248879343271255,0.0,0.03707998991012573,0.0009155552834272385,-0.04623554274439812,0.006515509448945522,-0.006515509448945522,-0.005748978815972805,0.007282039616256952,0.4951786994934082,-0.4970950186252594,0.49479544162750244,-0.49402889609336853,1.6449743509292603,-1.6468907594680786,1.6465075016021729,-1.6465075016021729,0.0,0.0,0.0,0.0,0.0,0.0,0.0,0.0,0.0,0.0,0.0,0.0
20260708_190646_213706,2026-07-08T19:06:52.805,6.591327,pose,260,stand,0.0,0.0,0.0,0.0,0.0,0.0,0.0,0.0,1.0,fake,0.0,0.0,-1.0,-0.0,0.0,0.0,0.0,4.90745210647583,10.07153606414795,12,can0:12,2.6392407417297363,4.859767436981201,,"BL_hip_joint,BR_hip_joint,FL_hip_joint,FR_hip_joint,BL_thigh_joint,BR_thigh_joint,FL_thigh_joint,FR_thigh_joint,BL_calf_joint,BR_calf_joint,FL_calf_joint,FR_calf_joint",330e02f2406e129bb6ed6ec4a6c6bcd5f80d7e7799a2ab087e81eda65d2fae69,"step=000260 mode=stand  vx= 0.000 vy= 0.000 vxy= 0.000 yaw= 0.000 speed=1.00 imu=fake tilt_rp=[-0.0,+0.0]deg imu_corr=0.000 act_max= 0.000 tau_cmd= 4.907 tau_cmd_max= 10.072 cmds=12 bus=can0:12 tau_fb= 2.639 tau_fb_max= 4.860",,,,,,,,,,,,,,,,,,,,,,,,,,,,,,,,,,,,,,,,,,,,,,,,,0.0,0.0,0.0,0.0,0.0,0.0,0.0,0.0,0.0,0.0,0.0,0.0,0.0,0.0,0.0,0.0,0.0,0.0,0.0,0.0,0.0,0.0,0.0,0.0,0.013422741554677486,-0.011888713575899601,-0.010738193057477474,0.01380624808371067,0.49127233028411865,-0.4954909086227417,0.4908888339996338,-0.48935481905937195,1.6506136655807495,-1.6552157402038574,1.6544487476348877,-1.6540652513504028,0.003662221133708954,-0.016022218391299248,0.0013733329251408577,0.0631733164191246,-0.0119022186845541,0.015106662176549435,0.0032044434919953346,0.0009155552834272385,-0.02059999480843544,-0.055848874151706696,0.041657764464616776,0.014648884534835815,0.006505922414362431,-0.006505922414362431,-0.005740519613027573,0.007271324750036001,0.49445006251335144,-0.4963635802268982,0.49406737089157104,-0.49330195784568787,1.6425539255142212,-1.6444674730300903,1.6440848112106323,-1.6440848112106323,0.0,0.0,0.0,0.0,0.0,0.0,0.0,0.0,0.0,0.0,0.0,0.0
20260708_190646_213706,2026-07-08T19:06:52.926,6.712750,pose,265,stand,0.0,0.0,0.0,0.0,0.0,0.0,0.0,0.0,1.0,fake,0.0,0.0,-1.0,-0.0,0.0,0.0,0.0,4.944271087646484,10.184648513793945,12,can0:12,2.5898005962371826,4.856105327606201,,"BL_hip_joint,BR_hip_joint,FL_hip_joint,FR_hip_joint,BL_thigh_joint,BR_thigh_joint,FL_thigh_joint,FR_thigh_joint,BL_calf_joint,BR_calf_joint,FL_calf_joint,FR_calf_joint",330e02f2406e129bb6ed6ec4a6c6bcd5f80d7e7799a2ab087e81eda65d2fae69,"step=000265 mode=stand  vx= 0.000 vy= 0.000 vxy= 0.000 yaw= 0.000 speed=1.00 imu=fake tilt_rp=[-0.0,+0.0]deg imu_corr=0.000 act_max= 0.000 tau_cmd= 4.944 tau_cmd_max= 10.185 cmds=12 bus=can0:12 tau_fb= 2.590 tau_fb_max= 4.856",,,,,,,,,,,,,,,,,,,,,,,,,,,,,,,,,,,,,,,,,,,,,,,,,0.0,0.0,0.0,0.0,0.0,0.0,0.0,0.0,0.0,0.0,0.0,0.0,0.0,0.0,0.0,0.0,0.0,0.0,0.0,0.0,0.0,0.0,0.0,0.0,0.013422741554677486,-0.011888713575899601,-0.011121700517833233,0.01380624808371067,0.4905053377151489,-0.49510741233825684,0.4905053377151489,-0.4882042706012726,1.6486961841583252,-1.6529147624969482,1.6521477699279785,-1.6513806581497192,-0.03662221133708954,0.027924437075853348,-0.08056886494159698,-0.0068666646257042885,-0.0,0.06408887356519699,0.008239997550845146,0.016022218391299248,-0.021057771518826485,0.01831110566854477,-0.02059999480843544,-0.05172887444496155,0.006490881089121103,-0.006490881089121103,-0.005727247800678015,0.0072545139119029045,0.4933069348335266,-0.4952160120010376,0.49292513728141785,-0.49216148257255554,1.638756513595581,-1.6406656503677368,1.6402838230133057,-1.6402838230133057,0.0,0.0,0.0,0.0,0.0,0.0,0.0,0.0,0.0,0.0,0.0,0.0
20260708_190646_213706,2026-07-08T19:06:53.046,6.832512,pose,270,stand,0.0,0.0,0.0,0.0,0.0,0.0,0.0,0.0,1.0,fake,0.0,0.0,-1.0,-0.0,0.0,0.0,0.0,4.377491474151611,9.46207046508789,12,can0:12,2.3596911430358887,5.529953956604004,,"BL_hip_joint,BR_hip_joint,FL_hip_joint,FR_hip_joint,BL_thigh_joint,BR_thigh_joint,FL_thigh_joint,FR_thigh_joint,BL_calf_joint,BR_calf_joint,FL_calf_joint,FR_calf_joint",330e02f2406e129bb6ed6ec4a6c6bcd5f80d7e7799a2ab087e81eda65d2fae69,"step=000270 mode=stand  vx= 0.000 vy= 0.000 vxy= 0.000 yaw= 0.000 speed=1.00 imu=fake tilt_rp=[-0.0,+0.0]deg imu_corr=0.000 act_max= 0.000 tau_cmd= 4.377 tau_cmd_max= 9.462 cmds=12 bus=can0:12 tau_fb= 2.360 tau_fb_max= 5.530",,,,,,,,,,,,,,,,,,,,,,,,,,,,,,,,,,,,,,,,,,,,,,,,,0.0,0.0,0.0,0.0,0.0,0.0,0.0,0.0,0.0,0.0,0.0,0.0,0.0,0.0,0.0,0.0,0.0,0.0,0.0,0.0,0.0,0.0,0.0,0.0,0.013422741554677486,-0.011888713575899601,-0.011121700517833233,0.01418975554406643,0.48935481905937195,-0.49395689368247986,0.48935481905937195,-0.48743727803230286,1.644861102104187,-1.6483126878738403,1.6479291915893555,-1.6475456953048706,-0.054475538432598114,0.019226660951972008,-0.053559985011816025,0.05859553813934326,0.008239997550845146,0.03799554333090782,0.029755547642707825,-0.03662221133708954,-0.032044436782598495,0.003662221133708954,-0.05218665301799774,0.10071108490228653,0.00647052563726902,-0.00647052563726902,-0.005709287244826555,0.007231763564050198,0.49175992608070374,-0.4936630129814148,0.4913793206214905,-0.4906180799007416,1.6336172819137573,-1.6355204582214355,1.6351398229599,-1.6351398229599,0.0,0.0,0.0,0.0,0.0,0.0,0.0,0.0,0.0,0.0,0.0,0.0
20260708_190646_213706,2026-07-08T19:06:53.166,6.952580,pose,275,stand,0.0,0.0,0.0,0.0,0.0,0.0,0.0,0.0,1.0,fake,0.0,0.0,-1.0,-0.0,0.0,0.0,0.0,5.141634464263916,9.055278778076172,12,can0:12,2.538834810256958,5.3431806564331055,,"BL_hip_joint,BR_hip_joint,FL_hip_joint,FR_hip_joint,BL_thigh_joint,BR_thigh_joint,FL_thigh_joint,FR_thigh_joint,BL_calf_joint,BR_calf_joint,FL_calf_joint,FR_calf_joint",330e02f2406e129bb6ed6ec4a6c6bcd5f80d7e7799a2ab087e81eda65d2fae69,"step=000275 mode=stand  vx= 0.000 vy= 0.000 vxy= 0.000 yaw= 0.000 speed=1.00 imu=fake tilt_rp=[-0.0,+0.0]deg imu_corr=0.000 act_max= 0.000 tau_cmd= 5.142 tau_cmd_max= 9.055 cmds=12 bus=can0:12 tau_fb= 2.539 tau_fb_max= 5.343",,,,,,,,,,,,,,,,,,,,,,,,,,,,,,,,,,,,,,,,,,,,,,,,,0.0,0.0,0.0,0.0,0.0,0.0,0.0,0.0,0.0,0.0,0.0,0.0,0.0,0.0,0.0,0.0,0.0,0.0,0.0,0.0,0.0,0.0,0.0,0.0,0.013422741554677486,-0.01227222103625536,-0.011121700517833233,0.01380624808371067,0.4882042706012726,-0.49203935265541077,0.4882042706012726,-0.4862867593765259,1.640259027481079,-1.6421765089035034,1.6410260200500488,-1.6417930126190186,-0.03341776877641678,-0.009613330475986004,-0.0718710869550705,0.0393688790500164,0.03021332435309887,0.03341776877641678,-0.04577776417136192,-0.018768884241580963,-0.025635547935962677,0.025177771225571632,-0.005493331700563431,0.02471999265253544,0.006444995757192373,-0.006444995757192373,-0.005686760880053043,0.007203230168670416,0.48981964588165283,-0.4917152523994446,0.48944056034088135,-0.4886822998523712,1.6271717548370361,-1.6290674209594727,1.6286883354187012,-1.6286883354187012,0.0,0.0,0.0,0.0,0.0,0.0,0.0,0.0,0.0,0.0,0.0,0.0
20260708_190646_213706,2026-07-08T19:06:53.287,7.073423,pose,280,stand,0.0,0.0,0.0,0.0,0.0,0.0,0.0,0.0,1.0,fake,0.0,0.0,-1.0,-0.0,0.0,0.0,0.0,5.026180744171143,11.031904220581055,12,can0:12,2.313607931137085,4.804834365844727,,"BL_hip_joint,BR_hip_joint,FL_hip_joint,FR_hip_joint,BL_thigh_joint,BR_thigh_joint,FL_thigh_joint,FR_thigh_joint,BL_calf_joint,BR_calf_joint,FL_calf_joint,FR_calf_joint",330e02f2406e129bb6ed6ec4a6c6bcd5f80d7e7799a2ab087e81eda65d2fae69,"step=000280 mode=stand  vx= 0.000 vy= 0.000 vxy= 0.000 yaw= 0.000 speed=1.00 imu=fake tilt_rp=[-0.0,+0.0]deg imu_corr=0.000 act_max= 0.000 tau_cmd= 5.026 tau_cmd_max= 11.032 cmds=12 bus=can0:12 tau_fb= 2.314 tau_fb_max= 4.805",,,,,,,,,,,,,,,,,,,,,,,,,,,,,,,,,,,,,,,,,,,,,,,,,0.0,0.0,0.0,0.0,0.0,0.0,0.0,0.0,0.0,0.0,0.0,0.0,0.0,0.0,0.0,0.0,0.0,0.0,0.0,0.0,0.0,0.0,0.0,0.0,0.013422741554677486,-0.01227222103625536,-0.011121700517833233,0.01418975554406643,0.4862867593765259,-0.4901218116283417,0.48667025566101074,-0.48475271463394165,1.6348899602890015,-1.6352734565734863,1.6341228485107422,-1.6352734565734863,-0.051271095871925354,-0.04440443217754364,-0.06179998070001602,-0.009613330475986004,-0.04119998961687088,0.054475538432598114,-0.016479995101690292,-0.004119998775422573,-0.015106662176549435,0.06683553755283356,-0.06912442296743393,0.07415997982025146,0.0064144316129386425,-0.0064144316129386425,-0.005659792106598616,0.007169070187956095,0.4874967634677887,-0.48938336968421936,0.4871194660663605,-0.48636481165885925,1.6194552183151245,-1.6213418245315552,1.620964527130127,-1.620964527130127,0.0,0.0,0.0,0.0,0.0,0.0,0.0,0.0,0.0,0.0,0.0,0.0
20260708_190646_213706,2026-07-08T19:06:53.407,7.193317,pose,285,stand,0.0,0.0,0.0,0.0,0.0,0.0,0.0,0.0,1.0,fake,0.0,0.0,-1.0,-0.0,0.0,0.0,0.0,5.752130508422852,11.426877975463867,12,can0:12,2.4195075035095215,5.4164252281188965,,"BL_hip_joint,BR_hip_joint,FL_hip_joint,FR_hip_joint,BL_thigh_joint,BR_thigh_joint,FL_thigh_joint,FR_thigh_joint,BL_calf_joint,BR_calf_joint,FL_calf_joint,FR_calf_joint",330e02f2406e129bb6ed6ec4a6c6bcd5f80d7e7799a2ab087e81eda65d2fae69,"step=000285 mode=stand  vx= 0.000 vy= 0.000 vxy= 0.000 yaw= 0.000 speed=1.00 imu=fake tilt_rp=[-0.0,+0.0]deg imu_corr=0.000 act_max= 0.000 tau_cmd= 5.752 tau_cmd_max= 11.427 cmds=12 bus=can0:12 tau_fb= 2.420 tau_fb_max= 5.416",,,,,,,,,,,,,,,,,,,,,,,,,,,,,,,,,,,,,,,,,,,,,,,,,0.0,0.0,0.0,0.0,0.0,0.0,0.0,0.0,0.0,0.0,0.0,0.0,0.0,0.0,0.0,0.0,0.0,0.0,0.0,0.0,0.0,0.0,0.0,0.0,0.013422741554677486,-0.01227222103625536,-0.011121700517833233,0.01380624808371067,0.4843692183494568,-0.4870537519454956,0.48475271463394165,-0.4832186996936798,1.6264528036117554,-1.627219796180725,1.6268362998962402,-1.62760329246521,0.037537768483161926,-0.10620441287755966,0.0787377581000328,-0.05951109528541565,-0.048066653311252594,0.07415997982025146,-0.0476088747382164,0.06500442326068878,-0.016479995101690292,-0.008239997550845146,-0.04852443188428879,0.06729331612586975,0.006378972437232733,-0.006378972437232733,-0.005628504790365696,0.007129439618438482,0.48480188846588135,-0.4866780638694763,0.4844266474246979,-0.4836761951446533,1.61050283908844,-1.6123790740966797,1.6120038032531738,-1.6120038032531738,0.0,0.0,0.0,0.0,0.0,0.0,0.0,0.0,0.0,0.0,0.0,0.0
20260708_190646_213706,2026-07-08T19:06:53.526,7.313199,pose,290,stand,0.0,0.0,0.0,0.0,0.0,0.0,0.0,0.0,1.0,fake,0.0,0.0,-1.0,-0.0,0.0,0.0,0.0,5.053099632263184,11.775144577026367,12,can0:12,2.3413798809051514,4.793847560882568,,"BL_hip_joint,BR_hip_joint,FL_hip_joint,FR_hip_joint,BL_thigh_joint,BR_thigh_joint,FL_thigh_joint,FR_thigh_joint,BL_calf_joint,BR_calf_joint,FL_calf_joint,FR_calf_joint",330e02f2406e129bb6ed6ec4a6c6bcd5f80d7e7799a2ab087e81eda65d2fae69,"step=000290 mode=stand  vx= 0.000 vy= 0.000 vxy= 0.000 yaw= 0.000 speed=1.00 imu=fake tilt_rp=[-0.0,+0.0]deg imu_corr=0.000 act_max= 0.000 tau_cmd= 5.053 tau_cmd_max= 11.775 cmds=12 bus=can0:12 tau_fb= 2.341 tau_fb_max= 4.794",,,,,,,,,,,,,,,,,,,,,,,,,,,,,,,,,,,,,,,,,,,,,,,,,0.0,0.0,0.0,0.0,0.0,0.0,0.0,0.0,0.0,0.0,0.0,0.0,0.0,0.0,0.0,0.0,0.0,0.0,0.0,0.0,0.0,0.0,0.0,0.0,0.01380624808371067,-0.011888713575899601,-0.011121700517833233,0.01418975554406643,0.48206818103790283,-0.4832186996936798,0.48283517360687256,-0.48091766238212585,1.6160980463027954,-1.618782639503479,1.6183991432189941,-1.6180156469345093,0.02471999265253544,0.0238044373691082,0.04531998559832573,-0.01831110566854477,-0.0,0.007782219909131527,0.010071108117699623,-0.08560442179441452,-0.06912442296743393,0.0869777500629425,-0.017853328958153725,0.10620441287755966,0.006338758394122124,-0.006338758394122124,-0.005593022331595421,0.007084494456648827,0.4817456305027008,-0.48360997438430786,0.48137277364730835,-0.48062703013420105,1.600350022315979,-1.6022144556045532,1.6018415689468384,-1.6018415689468384,0.0,0.0,0.0,0.0,0.0,0.0,0.0,0.0,0.0,0.0,0.0,0.0
20260708_190646_213706,2026-07-08T19:06:53.646,7.432897,pose,295,stand,0.0,0.0,0.0,0.0,0.0,0.0,0.0,0.0,1.0,fake,0.0,0.0,-1.0,-0.0,0.0,0.0,0.0,5.431766986846924,10.693325996398926,12,can0:12,2.4134037494659424,5.55925178527832,,"BL_hip_joint,BR_hip_joint,FL_hip_joint,FR_hip_joint,BL_thigh_joint,BR_thigh_joint,FL_thigh_joint,FR_thigh_joint,BL_calf_joint,BR_calf_joint,FL_calf_joint,FR_calf_joint",330e02f2406e129bb6ed6ec4a6c6bcd5f80d7e7799a2ab087e81eda65d2fae69,"step=000295 mode=stand  vx= 0.000 vy= 0.000 vxy= 0.000 yaw= 0.000 speed=1.00 imu=fake tilt_rp=[-0.0,+0.0]deg imu_corr=0.000 act_max= 0.000 tau_cmd= 5.432 tau_cmd_max= 10.693 cmds=12 bus=can0:12 tau_fb= 2.413 tau_fb_max= 5.559",,,,,,,,,,,,,,,,,,,,,,,,,,,,,,,,,,,,,,,,,,,,,,,,,0.0,0.0,0.0,0.0,0.0,0.0,0.0,0.0,0.0,0.0,0.0,0.0,0.0,0.0,0.0,0.0,0.0,0.0,0.0,0.0,0.0,0.0,0.0,0.0,0.01380624808371067,-0.01227222103625536,-0.011121700517833233,0.01380624808371067,0.4793836176395416,-0.4793836176395416,0.4805341362953186,-0.4786166250705719,1.605743408203125,-1.6072773933410645,1.6065104007720947,-1.6072773933410645,0.14053773880004883,-0.036164432764053345,-0.028382213786244392,0.02700888179242611,0.015106662176549435,0.03021332435309887,-0.016022218391299248,-0.02059999480843544,-0.0796533077955246,0.14694662392139435,-0.12863551080226898,0.10711997002363205,0.006293929647654295,-0.006293929647654295,-0.005553467199206352,0.00703439163044095,0.4783386290073395,-0.48018980026245117,0.4779684245586395,-0.47722795605659485,1.5890320539474487,-1.5908832550048828,1.5905131101608276,-1.5905131101608276,0.0,0.0,0.0,0.0,0.0,0.0,0.0,0.0,0.0,0.0,0.0,0.0
20260708_190646_213706,2026-07-08T19:06:53.766,7.552619,pose,300,stand,0.0,0.0,0.0,0.0,0.0,0.0,0.0,0.0,1.0,fake,0.0,0.0,-1.0,-0.0,0.0,0.0,0.0,5.011870861053467,12.317782402038574,12,can0:12,2.303231954574585,5.284584999084473,,"BL_hip_joint,BR_hip_joint,FL_hip_joint,FR_hip_joint,BL_thigh_joint,BR_thigh_joint,FL_thigh_joint,FR_thigh_joint,BL_calf_joint,BR_calf_joint,FL_calf_joint,FR_calf_joint",330e02f2406e129bb6ed6ec4a6c6bcd5f80d7e7799a2ab087e81eda65d2fae69,"step=000300 mode=stand  vx= 0.000 vy= 0.000 vxy= 0.000 yaw= 0.000 speed=1.00 imu=fake tilt_rp=[-0.0,+0.0]deg imu_corr=0.000 act_max= 0.000 tau_cmd= 5.012 tau_cmd_max= 12.318 cmds=12 bus=can0:12 tau_fb= 2.303 tau_fb_max= 5.285",,,,,,,,,,,,,,,,,,,,,,,,,,,,,,,,,,,,,,,,,,,,,,,,,0.0,0.0,0.0,0.0,0.0,0.0,0.0,0.0,0.0,0.0,0.0,0.0,0.0,0.0,0.0,0.0,0.0,0.0,0.0,0.0,0.0,0.0,0.0,0.0,0.013422741554677486,-0.011888713575899601,-0.011121700517833233,0.01380624808371067,0.47631555795669556,-0.47631555795669556,0.47708258032798767,-0.4759320616722107,1.5950051546096802,-1.5957722663879395,1.5950051546096802,-1.5957722663879395,-0.04257332161068916,-0.016022218391299248,-0.008239997550845146,-0.04669332131743431,-0.06500442326068878,-0.014648884534835815,-0.025177771225571632,0.022431105375289917,-0.16022217273712158,0.04943998530507088,-0.010986663401126862,0.11764885485172272,0.006244625896215439,-0.006244625896215439,-0.005509963724762201,0.006979287602007389,0.47459155321121216,-0.47642821073532104,0.4742242097854614,-0.47348955273628235,1.5765843391418457,-1.5784209966659546,1.5780537128448486,-1.5780537128448486,0.0,0.0,0.0,0.0,0.0,0.0,0.0,0.0,0.0,0.0,0.0,0.0
20260708_190646_213706,2026-07-08T19:06:53.885,7.672193,pose,305,stand,0.0,0.0,0.0,0.0,0.0,0.0,0.0,0.0,1.0,fake,0.0,0.0,-1.0,-0.0,0.0,0.0,0.0,5.222164630889893,11.044050216674805,12,can0:12,2.2202212810516357,5.482345104217529,,"BL_hip_joint,BR_hip_joint,FL_hip_joint,FR_hip_joint,BL_thigh_joint,BR_thigh_joint,FL_thigh_joint,FR_thigh_joint,BL_calf_joint,BR_calf_joint,FL_calf_joint,FR_calf_joint",330e02f2406e129bb6ed6ec4a6c6bcd5f80d7e7799a2ab087e81eda65d2fae69,"step=000305 mode=stand  vx= 0.000 vy= 0.000 vxy= 0.000 yaw= 0.000 speed=1.00 imu=fake tilt_rp=[-0.0,+0.0]deg imu_corr=0.000 act_max= 0.000 tau_cmd= 5.222 tau_cmd_max= 11.044 cmds=12 bus=can0:12 tau_fb= 2.220 tau_fb_max= 5.482",,,,,,,,,,,,,,,,,,,,,,,,,,,,,,,,,,,,,,,,,,,,,,,,,0.0,0.0,0.0,0.0,0.0,0.0,0.0,0.0,0.0,0.0,0.0,0.0,0.0,0.0,0.0,0.0,0.0,0.0,0.0,0.0,0.0,0.0,0.0,0.0,0.013422741554677486,-0.011888713575899601,-0.010738193057477474,0.01380624808371067,0.4732475280761719,-0.47363102436065674,0.4728640019893646,-0.47248050570487976,1.5811989307403564,-1.5835000276565552,1.5831165313720703,-1.5831165313720703,-0.031128879636526108,0.004577776417136192,-0.04440443217754364,-0.010986663401126862,0.007324442267417908,-0.0,-0.05081331729888916,0.03433332219719887,-0.10025330632925034,0.08148442208766937,-0.12543107569217682,0.09933774918317795,0.006190986838191748,-0.006190986838191748,-0.005462635308504105,0.006919337902218103,0.4705149531364441,-0.4723358452320099,0.47015079855918884,-0.46942242980003357,1.5630419254302979,-1.5648629665374756,1.564498782157898,-1.564498782157898,0.0,0.0,0.0,0.0,0.0,0.0,0.0,0.0,0.0,0.0,0.0,0.0
20260708_190646_213706,2026-07-08T19:06:53.999,7.786013,pose,310,stand,0.0,0.0,0.0,0.0,0.0,0.0,0.0,0.0,1.0,fake,0.0,0.0,-1.0,-0.0,0.0,0.0,0.0,5.671170711517334,13.124631881713867,12,can0:12,2.445448160171509,5.145420551300049,,"BL_hip_joint,BR_hip_joint,FL_hip_joint,FR_hip_joint,BL_thigh_joint,BR_thigh_joint,FL_thigh_joint,FR_thigh_joint,BL_calf_joint,BR_calf_joint,FL_calf_joint,FR_calf_joint",330e02f2406e129bb6ed6ec4a6c6bcd5f80d7e7799a2ab087e81eda65d2fae69,"step=000310 mode=stand  vx= 0.000 vy= 0.000 vxy= 0.000 yaw= 0.000 speed=1.00 imu=fake tilt_rp=[-0.0,+0.0]deg imu_corr=0.000 act_max= 0.000 tau_cmd= 5.671 tau_cmd_max= 13.125 cmds=12 bus=can0:12 tau_fb= 2.445 tau_fb_max= 5.145",,,,,,,,,,,,,,,,,,,,,,,,,,,,,,,,,,,,,,,,,,,,,,,,,0.0,0.0,0.0,0.0,0.0,0.0,0.0,0.0,0.0,0.0,0.0,0.0,0.0,0.0,0.0,0.0,0.0,0.0,0.0,0.0,0.0,0.0,0.0,0.0,0.013422741554677486,-0.011888713575899601,-0.011121700517833233,0.01380624808371067,0.46979594230651855,-0.47056296467781067,0.4674949049949646,-0.4674949049949646,1.5681596994400024,-1.5689266920089722,1.5681596994400024,-1.5689266920089722,-0.016022218391299248,-0.0393688790500164,0.0009155552834272385,0.026551103219389915,-0.0714133158326149,-0.026551103219389915,-0.010528885759413242,0.0393688790500164,-0.04623554274439812,0.08285775035619736,-0.10483107715845108,0.14007996022701263,0.006133152171969414,-0.006133152171969414,-0.005411604419350624,0.006854698993265629,0.46611952781677246,-0.4679234027862549,0.4657587707042694,-0.4650372266769409,1.5484404563903809,-1.5502443313598633,1.5498836040496826,-1.5498836040496826,0.0,0.0,0.0,0.0,0.0,0.0,0.0,0.0,0.0,0.0,0.0,0.0
20260708_190646_213706,2026-07-08T19:06:54.116,7.902706,pose,315,stand,0.0,0.0,0.0,0.0,0.0,0.0,0.0,0.0,1.0,fake,0.0,0.0,-1.0,-0.0,0.0,0.0,0.0,5.145210266113281,10.009653091430664,12,can0:12,2.552262783050537,5.171056270599365,,"BL_hip_joint,BR_hip_joint,FL_hip_joint,FR_hip_joint,BL_thigh_joint,BR_thigh_joint,FL_thigh_joint,FR_thigh_joint,BL_calf_joint,BR_calf_joint,FL_calf_joint,FR_calf_joint",330e02f2406e129bb6ed6ec4a6c6bcd5f80d7e7799a2ab087e81eda65d2fae69,"step=000315 mode=stand  vx= 0.000 vy= 0.000 vxy= 0.000 yaw= 0.000 speed=1.00 imu=fake tilt_rp=[-0.0,+0.0]deg imu_corr=0.000 act_max= 0.000 tau_cmd= 5.145 tau_cmd_max= 10.010 cmds=12 bus=can0:12 tau_fb= 2.552 tau_fb_max= 5.171",,,,,,,,,,,,,,,,,,,,,,,,,,,,,,,,,,,,,,,,,,,,,,,,,0.0,0.0,0.0,0.0,0.0,0.0,0.0,0.0,0.0,0.0,0.0,0.0,0.0,0.0,0.0,0.0,0.0,0.0,0.0,0.0,0.0,0.0,0.0,0.0,0.013422741554677486,-0.011888713575899601,-0.010738193057477474,0.01380624808371067,0.46442684531211853,-0.4667279124259949,0.4621258080005646,-0.4617423117160797,1.5528194904327393,-1.5547369718551636,1.5543534755706787,-1.5543534755706787,0.00595110934227705,-0.04028443247079849,0.020142216235399246,-0.00045777764171361923,-0.04623554274439812,0.13870662450790405,-0.04440443217754364,-0.010071108117699623,-0.13870662450790405,0.18860438466072083,-0.1748710572719574,0.16846217215061188,0.006071262061595917,-0.006071262061595917,-0.005356995854526758,0.006785527803003788,0.4614158868789673,-0.4632015526294708,0.46105876564979553,-0.46034449338912964,1.5328149795532227,-1.5346007347106934,1.5342435836791992,-1.5342435836791992,0.0,0.0,0.0,0.0,0.0,0.0,0.0,0.0,0.0,0.0,0.0,0.0
20260708_190646_213706,2026-07-08T19:06:54.235,8.022016,pose,320,stand,0.0,0.0,0.0,0.0,0.0,0.0,0.0,0.0,1.0,fake,0.0,0.0,-1.0,-0.0,0.0,0.0,0.0,5.291219234466553,11.180665969848633,12,can0:12,2.7921388149261475,5.21134090423584,,"BL_hip_joint,BR_hip_joint,FL_hip_joint,FR_hip_joint,BL_thigh_joint,BR_thigh_joint,FL_thigh_joint,FR_thigh_joint,BL_calf_joint,BR_calf_joint,FL_calf_joint,FR_calf_joint",330e02f2406e129bb6ed6ec4a6c6bcd5f80d7e7799a2ab087e81eda65d2fae69,"step=000320 mode=stand  vx= 0.000 vy= 0.000 vxy= 0.000 yaw= 0.000 speed=1.00 imu=fake tilt_rp=[-0.0,+0.0]deg imu_corr=0.000 act_max= 0.000 tau_cmd= 5.291 tau_cmd_max= 11.181 cmds=12 bus=can0:12 tau_fb= 2.792 tau_fb_max= 5.211",,,,,,,,,,,,,,,,,,,,,,,,,,,,,,,,,,,,,,,,,,,,,,,,,0.0,0.0,0.0,0.0,0.0,0.0,0.0,0.0,0.0,0.0,0.0,0.0,0.0,0.0,0.0,0.0,0.0,0.0,0.0,0.0,0.0,0.0,0.0,0.0,0.013422741554677486,-0.011888713575899601,-0.010738193057477474,0.01380624808371067,0.45790722966194153,-0.4621258080005646,0.4571402370929718,-0.4556061923503876,1.5367121696472168,-1.5378626585006714,1.5367121696472168,-1.5374791622161865,-0.05401776358485222,0.026551103219389915,-0.0009155552834272385,0.040742211043834686,-0.09750663489103317,0.05767998471856117,0.008239997550845146,0.04669332131743431,-0.11673329770565033,0.10391552746295929,-0.1519821733236313,0.16251106560230255,0.006005456205457449,-0.006005456205457449,-0.005298931617289782,0.006711980327963829,0.4564146399497986,-0.4581809639930725,0.45606139302253723,-0.45535486936569214,1.5162010192871094,-1.5179673433303833,1.5176141262054443,-1.5176141262054443,0.0,0.0,0.0,0.0,0.0,0.0,0.0,0.0,0.0,0.0,0.0,0.0
20260708_190646_213706,2026-07-08T19:06:54.355,8.141823,pose,325,stand,0.0,0.0,0.0,0.0,0.0,0.0,0.0,0.0,1.0,fake,0.0,0.0,-1.0,-0.0,0.0,0.0,0.0,6.007772922515869,11.515785217285156,12,can0:12,2.5901057720184326,5.295571804046631,,"BL_hip_joint,BR_hip_joint,FL_hip_joint,FR_hip_joint,BL_thigh_joint,BR_thigh_joint,FL_thigh_joint,FR_thigh_joint,BL_calf_joint,BR_calf_joint,FL_calf_joint,FR_calf_joint",330e02f2406e129bb6ed6ec4a6c6bcd5f80d7e7799a2ab087e81eda65d2fae69,"step=000325 mode=stand  vx= 0.000 vy= 0.000 vxy= 0.000 yaw= 0.000 speed=1.00 imu=fake tilt_rp=[-0.0,+0.0]deg imu_corr=0.000 act_max= 0.000 tau_cmd= 6.008 tau_cmd_max= 11.516 cmds=12 bus=can0:12 tau_fb= 2.590 tau_fb_max= 5.296",,,,,,,,,,,,,,,,,,,,,,,,,,,,,,,,,,,,,,,,,,,,,,,,,0.0,0.0,0.0,0.0,0.0,0.0,0.0,0.0,0.0,0.0,0.0,0.0,0.0,0.0,0.0,0.0,0.0,0.0,0.0,0.0,0.0,0.0,0.0,0.0,0.013422741554677486,-0.011888713575899601,-0.011121700517833233,0.01380624808371067,0.4525381326675415,-0.4563732147216797,0.45292165875434875,-0.45100411772727966,1.5198378562927246,-1.521371841430664,1.5209883451461792,-1.5209883451461792,-0.031128879636526108,0.026551103219389915,-0.11993774026632309,0.032959990203380585,-0.11764885485172272,0.08377330750226974,-0.017853328958153725,0.03662221133708954,-0.14694662392139435,0.1597643941640854,-0.1423688530921936,0.11673329770565033,0.00593587476760149,-0.00593587476760149,-0.005237536504864693,0.006634212564677,0.45112645626068115,-0.45287230610847473,0.4507772922515869,-0.45007893443107605,1.498633623123169,-1.5003795623779297,1.5000303983688354,-1.5000303983688354,0.0,0.0,0.0,0.0,0.0,0.0,0.0,0.0,0.0,0.0,0.0,0.0
20260708_190646_213706,2026-07-08T19:06:54.475,8.261709,pose,330,stand,0.0,0.0,0.0,0.0,0.0,0.0,0.0,0.0,1.0,fake,0.0,0.0,-1.0,-0.0,0.0,0.0,0.0,5.527122974395752,12.230633735656738,12,can0:12,2.8705708980560303,6.288033485412598,,"BL_hip_joint,BR_hip_joint,FL_hip_joint,FR_hip_joint,BL_thigh_joint,BR_thigh_joint,FL_thigh_joint,FR_thigh_joint,BL_calf_joint,BR_calf_joint,FL_calf_joint,FR_calf_joint",330e02f2406e129bb6ed6ec4a6c6bcd5f80d7e7799a2ab087e81eda65d2fae69,"step=000330 mode=stand  vx= 0.000 vy= 0.000 vxy= 0.000 yaw= 0.000 speed=1.00 imu=fake tilt_rp=[-0.0,+0.0]deg imu_corr=0.000 act_max= 0.000 tau_cmd= 5.527 tau_cmd_max= 12.231 cmds=12 bus=can0:12 tau_fb= 2.871 tau_fb_max= 6.288",,,,,,,,,,,,,,,,,,,,,,,,,,,,,,,,,,,,,,,,,,,,,,,,,0.0,0.0,0.0,0.0,0.0,0.0,0.0,0.0,0.0,0.0,0.0,0.0,0.0,0.0,0.0,0.0,0.0,0.0,0.0,0.0,0.0,0.0,0.0,0.0,0.013422741554677486,-0.011888713575899601,-0.010738193057477474,0.013422741554677486,0.44831955432891846,-0.44947007298469543,0.44831955432891846,-0.4467855393886566,1.5021965503692627,-1.5029635429382324,1.5018130540847778,-1.5025800466537476,0.037537768483161926,0.012817773967981339,-0.004119998775422573,-0.028382213786244392,-0.05859553813934326,0.026551103219389915,-0.054475538432598114,0.015106662176549435,-0.1423688530921936,0.1506088376045227,-0.08285775035619736,0.1359599530696869,0.005862656980752945,-0.005862656980752945,-0.005172932520508766,0.006552380975335836,0.4455619156360626,-0.4472862184047699,0.4452170431613922,-0.4445273280143738,1.4801483154296875,-1.481872797012329,1.4815279245376587,-1.4815279245376587,0.0,0.0,0.0,0.0,0.0,0.0,0.0,0.0,0.0,0.0,0.0,0.0
20260708_190646_213706,2026-07-08T19:06:54.595,8.381580,pose,335,stand,0.0,0.0,0.0,0.0,0.0,0.0,0.0,0.0,1.0,fake,0.0,0.0,-1.0,-0.0,0.0,0.0,0.0,5.3725128173828125,10.852981567382812,12,can0:12,2.312692880630493,5.775322914123535,,"BL_hip_joint,BR_hip_joint,FL_hip_joint,FR_hip_joint,BL_thigh_joint,BR_thigh_joint,FL_thigh_joint,FR_thigh_joint,BL_calf_joint,BR_calf_joint,FL_calf_joint,FR_calf_joint",330e02f2406e129bb6ed6ec4a6c6bcd5f80d7e7799a2ab087e81eda65d2fae69,"step=000335 mode=stand  vx= 0.000 vy= 0.000 vxy= 0.000 yaw= 0.000 speed=1.00 imu=fake tilt_rp=[-0.0,+0.0]deg imu_corr=0.000 act_max= 0.000 tau_cmd= 5.373 tau_cmd_max= 10.853 cmds=12 bus=can0:12 tau_fb= 2.313 tau_fb_max= 5.775",,,,,,,,,,,,,,,,,,,,,,,,,,,,,,,,,,,,,,,,,,,,,,,,,0.0,0.0,0.0,0.0,0.0,0.0,0.0,0.0,0.0,0.0,0.0,0.0,0.0,0.0,0.0,0.0,0.0,0.0,0.0,0.0,0.0,0.0,0.0,0.0,0.013422741554677486,-0.011888713575899601,-0.010738193057477474,0.013422741554677486,0.44371747970581055,-0.4433339834213257,0.44371747970581055,-0.44256696105003357,1.482637643814087,-1.4845552444458008,1.484171748161316,-1.484171748161316,0.009613330475986004,0.08514664322137833,-0.08789330720901489,-0.04852443188428879,0.008239997550845146,0.06591998040676117,-0.010986663401126862,0.053559985011816025,-0.18082216382026672,0.1977599412202835,-0.1574755162000656,0.17075106501579285,0.005785943008959293,-0.005785943008959293,-0.005105243995785713,0.0064666420221328735,0.4397316575050354,-0.4414334297180176,0.4393913149833679,-0.43871062994003296,1.460780382156372,-1.462482213973999,1.4621418714523315,-1.4621418714523315,0.0,0.0,0.0,0.0,0.0,0.0,0.0,0.0,0.0,0.0,0.0,0.0
20260708_190646_213706,2026-07-08T19:06:54.715,8.501648,pose,340,stand,0.0,0.0,0.0,0.0,0.0,0.0,0.0,0.0,1.0,fake,0.0,0.0,-1.0,-0.0,0.0,0.0,0.0,6.00549840927124,13.653322219848633,12,can0:12,2.314218521118164,5.086825370788574,,"BL_hip_joint,BR_hip_joint,FL_hip_joint,FR_hip_joint,BL_thigh_joint,BR_thigh_joint,FL_thigh_joint,FR_thigh_joint,BL_calf_joint,BR_calf_joint,FL_calf_joint,FR_calf_joint",330e02f2406e129bb6ed6ec4a6c6bcd5f80d7e7799a2ab087e81eda65d2fae69,"step=000340 mode=stand  vx= 0.000 vy= 0.000 vxy= 0.000 yaw= 0.000 speed=1.00 imu=fake tilt_rp=[-0.0,+0.0]deg imu_corr=0.000 act_max= 0.000 tau_cmd= 6.005 tau_cmd_max= 13.653 cmds=12 bus=can0:12 tau_fb= 2.314 tau_fb_max= 5.087",,,,,,,,,,,,,,,,,,,,,,,,,,,,,,,,,,,,,,,,,,,,,,,,,0.0,0.0,0.0,0.0,0.0,0.0,0.0,0.0,0.0,0.0,0.0,0.0,0.0,0.0,0.0,0.0,0.0,0.0,0.0,0.0,0.0,0.0,0.0,0.0,0.013039235025644302,-0.011505207046866417,-0.01035468652844429,0.013422741554677486,0.4383483827114105,-0.43796488642692566,0.43719786405563354,-0.4375813603401184,1.4638458490371704,-1.4642293453216553,1.4634623527526855,-1.4642293453216553,-0.018768884241580963,-0.0032044434919953346,0.006408886983990669,-0.007324442267417908,0.023346660658717155,-0.04211554303765297,-0.06591998040676117,0.037537768483161926,-0.10574663430452347,0.13916440308094025,-0.1355021893978119,0.18723104894161224,0.005705873016268015,-0.005705873016268015,-0.005034593865275383,0.006377152167260647,0.4336463510990143,-0.4353245496749878,0.43331071734428406,-0.4326394200325012,1.4405651092529297,-1.4422433376312256,1.4419077634811401,-1.4419077634811401,0.0,0.0,0.0,0.0,0.0,0.0,0.0,0.0,0.0,0.0,0.0,0.0
20260708_190646_213706,2026-07-08T19:06:54.835,8.621326,pose,345,stand,0.0,0.0,0.0,0.0,0.0,0.0,0.0,0.0,1.0,fake,0.0,0.0,-1.0,-0.0,0.0,0.0,0.0,5.316910266876221,11.736988067626953,12,can0:12,2.78328800201416,5.515305042266846,,"BL_hip_joint,BR_hip_joint,FL_hip_joint,FR_hip_joint,BL_thigh_joint,BR_thigh_joint,FL_thigh_joint,FR_thigh_joint,BL_calf_joint,BR_calf_joint,FL_calf_joint,FR_calf_joint",330e02f2406e129bb6ed6ec4a6c6bcd5f80d7e7799a2ab087e81eda65d2fae69,"step=000345 mode=stand  vx= 0.000 vy= 0.000 vxy= 0.000 yaw= 0.000 speed=1.00 imu=fake tilt_rp=[-0.0,+0.0]deg imu_corr=0.000 act_max= 0.000 tau_cmd= 5.317 tau_cmd_max= 11.737 cmds=12 bus=can0:12 tau_fb= 2.783 tau_fb_max= 5.515",,,,,,,,,,,,,,,,,,,,,,,,,,,,,,,,,,,,,,,,,,,,,,,,,0.0,0.0,0.0,0.0,0.0,0.0,0.0,0.0,0.0,0.0,0.0,0.0,0.0,0.0,0.0,0.0,0.0,0.0,0.0,0.0,0.0,0.0,0.0,0.0,0.013039235025644302,-0.011888713575899601,-0.01035468652844429,0.013422741554677486,0.4318287670612335,-0.43336281180381775,0.42952772974967957,-0.4291442334651947,1.4419859647750854,-1.4442869424819946,1.443519949913025,-1.443519949913025,0.02929776906967163,0.025635547935962677,0.014648884534835815,-0.07507553696632385,-0.014191106893122196,0.013275551609694958,-0.04257332161068916,0.10025330632925034,-0.18448439240455627,0.2389599233865738,-0.14603106677532196,0.17578661441802979,0.005622586701065302,-0.005622586701065302,-0.004961105994880199,0.006284067407250404,0.4273165762424469,-0.4289702773094177,0.42698585987091064,-0.42632436752319336,1.4195377826690674,-1.4211914539337158,1.420860767364502,-1.420860767364502,0.0,0.0,0.0,0.0,0.0,0.0,0.0,0.0,0.0,0.0,0.0,0.0
20260708_190646_213706,2026-07-08T19:06:54.953,8.739771,pose,350,stand,0.0,0.0,0.0,0.0,0.0,0.0,0.0,0.0,1.0,fake,0.0,0.0,-1.0,-0.0,0.0,0.0,0.0,6.174314022064209,14.807048797607422,12,can0:12,2.6642661094665527,6.086611747741699,,"BL_hip_joint,BR_hip_joint,FL_hip_joint,FR_hip_joint,BL_thigh_joint,BR_thigh_joint,FL_thigh_joint,FR_thigh_joint,BL_calf_joint,BR_calf_joint,FL_calf_joint,FR_calf_joint",330e02f2406e129bb6ed6ec4a6c6bcd5f80d7e7799a2ab087e81eda65d2fae69,"step=000350 mode=stand  vx= 0.000 vy= 0.000 vxy= 0.000 yaw= 0.000 speed=1.00 imu=fake tilt_rp=[-0.0,+0.0]deg imu_corr=0.000 act_max= 0.000 tau_cmd= 6.174 tau_cmd_max= 14.807 cmds=12 bus=can0:12 tau_fb= 2.664 tau_fb_max= 6.087",,,,,,,,,,,,,,,,,,,,,,,,,,,,,,,,,,,,,,,,,,,,,,,,,0.0,0.0,0.0,0.0,0.0,0.0,0.0,0.0,0.0,0.0,0.0,0.0,0.0,0.0,0.0,0.0,0.0,0.0,0.0,0.0,0.0,0.0,0.0,0.0,0.013039235025644302,-0.011888713575899601,-0.01035468652844429,0.013422741554677486,0.4233916103839874,-0.4276101887226105,0.42300811409950256,-0.4218575954437256,1.42166006565094,-1.4228105545043945,1.4224270582199097,-1.4224270582199097,-0.054475538432598114,0.001831110566854477,-0.022431105375289917,0.008697775192558765,-0.044862210750579834,0.08148442208766937,-0.10895107686519623,-0.0032044434919953346,-0.12817774713039398,0.17303994297981262,-0.07599108666181564,0.17670217156410217,0.005536223761737347,-0.005536223761737347,-0.004884903319180012,0.0061875442042946815,0.42075300216674805,-0.42238128185272217,0.4204273223876953,-0.4197760224342346,1.3977335691452026,-1.3993619680404663,1.3990362882614136,-1.3990362882614136,0.0,0.0,0.0,0.0,0.0,0.0,0.0,0.0,0.0,0.0,0.0,0.0
20260708_190646_213706,2026-07-08T19:06:55.072,8.858780,pose,355,stand,0.0,0.0,0.0,0.0,0.0,0.0,0.0,0.0,1.0,fake,0.0,0.0,-1.0,-0.0,0.0,0.0,0.0,6.22750997543335,13.695989608764648,12,can0:12,2.7054660320281982,5.4969940185546875,,"BL_hip_joint,BR_hip_joint,FL_hip_joint,FR_hip_joint,BL_thigh_joint,BR_thigh_joint,FL_thigh_joint,FR_thigh_joint,BL_calf_joint,BR_calf_joint,FL_calf_joint,FR_calf_joint",330e02f2406e129bb6ed6ec4a6c6bcd5f80d7e7799a2ab087e81eda65d2fae69,"step=000355 mode=stand  vx= 0.000 vy= 0.000 vxy= 0.000 yaw= 0.000 speed=1.00 imu=fake tilt_rp=[-0.0,+0.0]deg imu_corr=0.000 act_max= 0.000 tau_cmd= 6.228 tau_cmd_max= 13.696 cmds=12 bus=can0:12 tau_fb= 2.705 tau_fb_max= 5.497",,,,,,,,,,,,,,,,,,,,,,,,,,,,,,,,,,,,,,,,,,,,,,,,,0.0,0.0,0.0,0.0,0.0,0.0,0.0,0.0,0.0,0.0,0.0,0.0,0.0,0.0,0.0,0.0,0.0,0.0,0.0,0.0,0.0,0.0,0.0,0.0,0.013039235025644302,-0.011505207046866417,-0.010738193057477474,0.013039235025644302,0.4168719947338104,-0.41955655813217163,0.4180225133895874,-0.41572147607803345,1.399800181388855,-1.4001836776733398,1.3994166851043701,-1.399800181388855,-0.04119998961687088,-0.10025330632925034,-0.0631733164191246,-0.0636310949921608,-0.0238044373691082,0.0631733164191246,0.0476088747382164,0.0027466658502817154,-0.13229773938655853,0.15335550904273987,-0.1574755162000656,0.22431103885173798,0.0054469238966703415,-0.0054469238966703415,-0.0048061092384159565,0.0060877385549247265,0.41396620869636536,-0.4155682623386383,0.41364580392837524,-0.413004994392395,1.3751881122589111,-1.376790165901184,1.3764697313308716,-1.3764697313308716,0.0,0.0,0.0,0.0,0.0,0.0,0.0,0.0,0.0,0.0,0.0,0.0
20260708_190646_213706,2026-07-08T19:06:55.190,8.977144,pose,360,stand,0.0,0.0,0.0,0.0,0.0,0.0,0.0,0.0,1.0,fake,0.0,0.0,-1.0,-0.0,0.0,0.0,0.0,6.046152591705322,14.537725448608398,12,can0:12,2.471083879470825,5.987731456756592,,"BL_hip_joint,BR_hip_joint,FL_hip_joint,FR_hip_joint,BL_thigh_joint,BR_thigh_joint,FL_thigh_joint,FR_thigh_joint,BL_calf_joint,BR_calf_joint,FL_calf_joint,FR_calf_joint",330e02f2406e129bb6ed6ec4a6c6bcd5f80d7e7799a2ab087e81eda65d2fae69,"step=000360 mode=stand  vx= 0.000 vy= 0.000 vxy= 0.000 yaw= 0.000 speed=1.00 imu=fake tilt_rp=[-0.0,+0.0]deg imu_corr=0.000 act_max= 0.000 tau_cmd= 6.046 tau_cmd_max= 14.538 cmds=12 bus=can0:12 tau_fb= 2.471 tau_fb_max= 5.988",,,,,,,,,,,,,,,,,,,,,,,,,,,,,,,,,,,,,,,,,,,,,,,,,0.0,0.0,0.0,0.0,0.0,0.0,0.0,0.0,0.0,0.0,0.0,0.0,0.0,0.0,0.0,0.0,0.0,0.0,0.0,0.0,0.0,0.0,0.0,0.0,0.012655727565288544,-0.011505207046866417,-0.01035468652844429,0.013422741554677486,0.41111940145492554,-0.4115028977394104,0.41188642382621765,-0.4103523790836334,1.3760228157043457,-1.37794029712677,1.3775568008422852,-1.3771733045578003,-0.021057771518826485,0.023346660658717155,-0.020142216235399246,0.005493331700563431,-0.061342205852270126,0.004577776417136192,-0.03707998991012573,0.02151555009186268,-0.09796441346406937,0.12085329741239548,-0.2307199388742447,0.20096439123153687,0.005354827735573053,-0.005354827735573053,-0.0047248476184904575,0.005984806921333075,0.4069668650627136,-0.40854182839393616,0.40665191411972046,-0.4060218930244446,1.3519363403320312,-1.3535113334655762,1.353196382522583,-1.353196382522583,0.0,0.0,0.0,0.0,0.0,0.0,0.0,0.0,0.0,0.0,0.0,0.0
20260708_190646_213706,2026-07-08T19:06:55.307,9.094084,pose,365,stand,0.0,0.0,0.0,0.0,0.0,0.0,0.0,0.0,1.0,fake,0.0,0.0,-1.0,-0.0,0.0,0.0,0.0,6.673220157623291,14.7443208694458,12,can0:12,2.2638630867004395,5.55925178527832,,"BL_hip_joint,BR_hip_joint,FL_hip_joint,FR_hip_joint,BL_thigh_joint,BR_thigh_joint,FL_thigh_joint,FR_thigh_joint,BL_calf_joint,BR_calf_joint,FL_calf_joint,FR_calf_joint",330e02f2406e129bb6ed6ec4a6c6bcd5f80d7e7799a2ab087e81eda65d2fae69,"step=000365 mode=stand  vx= 0.000 vy= 0.000 vxy= 0.000 yaw= 0.000 speed=1.00 imu=fake tilt_rp=[-0.0,+0.0]deg imu_corr=0.000 act_max= 0.000 tau_cmd= 6.673 tau_cmd_max= 14.744 cmds=12 bus=can0:12 tau_fb= 2.264 tau_fb_max= 5.559",,,,,,,,,,,,,,,,,,,,,,,,,,,,,,,,,,,,,,,,,,,,,,,,,0.0,0.0,0.0,0.0,0.0,0.0,0.0,0.0,0.0,0.0,0.0,0.0,0.0,0.0,0.0,0.0,0.0,0.0,0.0,0.0,0.0,0.0,0.0,0.0,0.013039235025644302,-0.011505207046866417,-0.01035468652844429,0.013039235025644302,0.40536680817604065,-0.40536680817604065,0.4049832820892334,-0.40459978580474854,1.3530123233795166,-1.3541628122329712,1.3541628122329712,-1.3541628122329712,0.02700888179242611,-0.0068666646257042885,-0.062257759273052216,-0.05172887444496155,-0.0476088747382164,0.06775109469890594,-0.001831110566854477,0.014191106893122196,-0.14786218106746674,0.13229773938655853,-0.10940885543823242,0.24445326626300812,0.0052600740455091,-0.0052600740455091,-0.004641241393983364,0.005878905765712261,0.39976561069488525,-0.4013127088546753,0.3994562029838562,-0.3988373577594757,1.3280138969421387,-1.3295609951019287,1.3292516469955444,-1.3292516469955444,0.0,0.0,0.0,0.0,0.0,0.0,0.0,0.0,0.0,0.0,0.0,0.0
20260708_190646_213706,2026-07-08T19:06:55.426,9.212704,pose,370,stand,0.0,0.0,0.0,0.0,0.0,0.0,0.0,0.0,1.0,fake,0.0,0.0,-1.0,-0.0,0.0,0.0,0.0,6.892433166503906,14.181351661682129,12,can0:12,2.621845006942749,5.299233913421631,,"BL_hip_joint,BR_hip_joint,FL_hip_joint,FR_hip_joint,BL_thigh_joint,BR_thigh_joint,FL_thigh_joint,FR_thigh_joint,BL_calf_joint,BR_calf_joint,FL_calf_joint,FR_calf_joint",330e02f2406e129bb6ed6ec4a6c6bcd5f80d7e7799a2ab087e81eda65d2fae69,"step=000370 mode=stand  vx= 0.000 vy= 0.000 vxy= 0.000 yaw= 0.000 speed=1.00 imu=fake tilt_rp=[-0.0,+0.0]deg imu_corr=0.000 act_max= 0.000 tau_cmd= 6.892 tau_cmd_max= 14.181 cmds=12 bus=can0:12 tau_fb= 2.622 tau_fb_max= 5.299",,,,,,,,,,,,,,,,,,,,,,,,,,,,,,,,,,,,,,,,,,,,,,,,,0.0,0.0,0.0,0.0,0.0,0.0,0.0,0.0,0.0,0.0,0.0,0.0,0.0,0.0,0.0,0.0,0.0,0.0,0.0,0.0,0.0,0.0,0.0,0.0,0.012655727565288544,-0.011505207046866417,-0.01035468652844429,0.013039235025644302,0.3976966440677643,-0.3992306888103485,0.3957791328430176,-0.3957791328430176,1.3292349576950073,-1.3296184539794922,1.3288514614105225,-1.3296184539794922,0.0238044373691082,-0.0393688790500164,0.01739555038511753,0.004577776417136192,-0.014191106893122196,0.004119998775422573,-0.125888854265213,0.10895107686519623,-0.14923551678657532,0.1194799616932869,-0.19409772753715515,0.17761772871017456,0.005162803456187248,-0.005162803456187248,-0.0045554144307971,0.005770191550254822,0.3923730254173279,-0.39389151334762573,0.39206933975219727,-0.39146196842193604,1.3034559488296509,-1.3049744367599487,1.304670810699463,-1.304670810699463,0.0,0.0,0.0,0.0,0.0,0.0,0.0,0.0,0.0,0.0,0.0,0.0
20260708_190646_213706,2026-07-08T19:06:55.546,9.332388,pose,375,stand,0.0,0.0,0.0,0.0,0.0,0.0,0.0,0.0,1.0,fake,0.0,0.0,-1.0,-0.0,0.0,0.0,0.0,5.709539890289307,12.27340030670166,12,can0:12,2.6453444957733154,6.057313919067383,,"BL_hip_joint,BR_hip_joint,FL_hip_joint,FR_hip_joint,BL_thigh_joint,BR_thigh_joint,FL_thigh_joint,FR_thigh_joint,BL_calf_joint,BR_calf_joint,FL_calf_joint,FR_calf_joint",330e02f2406e129bb6ed6ec4a6c6bcd5f80d7e7799a2ab087e81eda65d2fae69,"step=000375 mode=stand  vx= 0.000 vy= 0.000 vxy= 0.000 yaw= 0.000 speed=1.00 imu=fake tilt_rp=[-0.0,+0.0]deg imu_corr=0.000 act_max= 0.000 tau_cmd= 5.710 tau_cmd_max= 12.273 cmds=12 bus=can0:12 tau_fb= 2.645 tau_fb_max= 6.057",,,,,,,,,,,,,,,,,,,,,,,,,,,,,,,,,,,,,,,,,,,,,,,,,0.0,0.0,0.0,0.0,0.0,0.0,0.0,0.0,0.0,0.0,0.0,0.0,0.0,0.0,0.0,0.0,0.0,0.0,0.0,0.0,0.0,0.0,0.0,0.0,0.012655727565288544,-0.011121700517833233,-0.009971179068088531,0.013039235025644302,0.38849249482154846,-0.39232754707336426,0.3881089687347412,-0.38657495379447937,1.3035399913787842,-1.3046904802322388,1.303923487663269,-1.304306983947754,-0.008697775192558765,-0.047151096165180206,0.08377330750226974,0.023346660658717155,-0.0315866582095623,0.09155552834272385,-0.09659108519554138,0.015106662176549435,-0.18494217097759247,0.20874661207199097,-0.1895199418067932,0.21103549003601074,0.0050631556659936905,-0.0050631556659936905,-0.004467490129172802,0.005658820271492004,0.3847997784614563,-0.38628897070884705,0.38450196385383606,-0.3839063048362732,1.278297781944275,-1.2797869443893433,1.2794891595840454,-1.2794891595840454,0.0,0.0,0.0,0.0,0.0,0.0,0.0,0.0,0.0,0.0,0.0,0.0
20260708_190646_213706,2026-07-08T19:06:55.666,9.452325,pose,380,stand,0.0,0.0,0.0,0.0,0.0,0.0,0.0,0.0,1.0,fake,0.0,0.0,-1.0,-0.0,0.0,0.0,0.0,5.940994739532471,13.45188045501709,12,can0:12,2.5757622718811035,5.811944961547852,,"BL_hip_joint,BR_hip_joint,FL_hip_joint,FR_hip_joint,BL_thigh_joint,BR_thigh_joint,FL_thigh_joint,FR_thigh_joint,BL_calf_joint,BR_calf_joint,FL_calf_joint,FR_calf_joint",330e02f2406e129bb6ed6ec4a6c6bcd5f80d7e7799a2ab087e81eda65d2fae69,"step=000380 mode=stand  vx= 0.000 vy= 0.000 vxy= 0.000 yaw= 0.000 speed=1.00 imu=fake tilt_rp=[-0.0,+0.0]deg imu_corr=0.000 act_max= 0.000 tau_cmd= 5.941 tau_cmd_max= 13.452 cmds=12 bus=can0:12 tau_fb= 2.576 tau_fb_max= 5.812",,,,,,,,,,,,,,,,,,,,,,,,,,,,,,,,,,,,,,,,,,,,,,,,,0.0,0.0,0.0,0.0,0.0,0.0,0.0,0.0,0.0,0.0,0.0,0.0,0.0,0.0,0.0,0.0,0.0,0.0,0.0,0.0,0.0,0.0,0.0,0.0,0.01227222103625536,-0.011121700517833233,-0.009971179068088531,0.013039235025644302,0.38120585680007935,-0.38312339782714844,0.38197287917137146,-0.38005533814430237,1.277845025062561,-1.2793790102005005,1.2793790102005005,-1.2789955139160156,-0.02471999265253544,-0.07827997952699661,0.0196844395250082,-0.0238044373691082,-0.059053316712379456,0.11215551942586899,-0.028839992359280586,0.04943998530507088,-0.17349772155284882,0.2375866025686264,-0.23163548111915588,0.15243995189666748,0.004961269907653332,-0.004961269907653332,-0.004377590958029032,0.0055449483916163445,0.3770565092563629,-0.37851569056510925,0.3767646551132202,-0.3761809766292572,1.2525746822357178,-1.2540339231491089,1.2537420988082886,-1.2537420988082886,0.0,0.0,0.0,0.0,0.0,0.0,0.0,0.0,0.0,0.0,0.0,0.0
20260708_190646_213706,2026-07-08T19:06:55.786,9.572280,pose,385,stand,0.0,0.0,0.0,0.0,0.0,0.0,0.0,0.0,1.0,fake,0.0,0.0,-1.0,-0.0,0.0,0.0,0.0,7.070062160491943,19.506717681884766,12,can0:12,2.5638599395751953,5.606860637664795,,"BL_hip_joint,BR_hip_joint,FL_hip_joint,FR_hip_joint,BL_thigh_joint,BR_thigh_joint,FL_thigh_joint,FR_thigh_joint,BL_calf_joint,BR_calf_joint,FL_calf_joint,FR_calf_joint",330e02f2406e129bb6ed6ec4a6c6bcd5f80d7e7799a2ab087e81eda65d2fae69,"step=000385 mode=stand  vx= 0.000 vy= 0.000 vxy= 0.000 yaw= 0.000 speed=1.00 imu=fake tilt_rp=[-0.0,+0.0]deg imu_corr=0.000 act_max= 0.000 tau_cmd= 7.070 tau_cmd_max= 19.507 cmds=12 bus=can0:12 tau_fb= 2.564 tau_fb_max= 5.607",,,,,,,,,,,,,,,,,,,,,,,,,,,,,,,,,,,,,,,,,,,,,,,,,0.0,0.0,0.0,0.0,0.0,0.0,0.0,0.0,0.0,0.0,0.0,0.0,0.0,0.0,0.0,0.0,0.0,0.0,0.0,0.0,0.0,0.0,0.0,0.0,0.011888713575899601,-0.011121700517833233,-0.009971179068088531,0.012655727565288544,0.3750697374343872,-0.3743027448654175,0.3750697374343872,-0.3743027448654175,1.2540675401687622,-1.2533005475997925,1.2529170513153076,-1.2533005475997925,-0.05951109528541565,0.009155552834272385,-0.007324442267417908,0.010071108117699623,-0.051271095871925354,0.12314218282699585,0.015564439818263054,0.0714133158326149,-0.036164432764053345,0.21057771146297455,-0.1748710572719574,0.1112399697303772,0.004857286810874939,-0.004857286810874939,-0.004285841248929501,0.005428732372820377,0.36915379762649536,-0.3705824017524719,0.3688680827617645,-0.36829662322998047,1.226322054862976,-1.2277507781982422,1.227465033531189,-1.227465033531189,0.0,0.0,0.0,0.0,0.0,0.0,0.0,0.0,0.0,0.0,0.0,0.0
20260708_190646_213706,2026-07-08T19:06:55.906,9.692423,pose,390,stand,0.0,0.0,0.0,0.0,0.0,0.0,0.0,0.0,1.0,fake,0.0,0.0,-1.0,-0.0,0.0,0.0,0.0,7.405731201171875,24.260820388793945,12,can0:12,3.1803338527679443,11.012298583984375,,"BL_hip_joint,BR_hip_joint,FL_hip_joint,FR_hip_joint,BL_thigh_joint,BR_thigh_joint,FL_thigh_joint,FR_thigh_joint,BL_calf_joint,BR_calf_joint,FL_calf_joint,FR_calf_joint",330e02f2406e129bb6ed6ec4a6c6bcd5f80d7e7799a2ab087e81eda65d2fae69,"step=000390 mode=stand  vx= 0.000 vy= 0.000 vxy= 0.000 yaw= 0.000 speed=1.00 imu=fake tilt_rp=[-0.0,+0.0]deg imu_corr=0.000 act_max= 0.000 tau_cmd= 7.406 tau_cmd_max= 24.261 cmds=12 bus=can0:12 tau_fb= 3.180 tau_fb_max= 11.012",,,,,,,,,,,,,,,,,,,,,,,,,,,,,,,,,,,,,,,,,,,,,,,,,0.0,0.0,0.0,0.0,0.0,0.0,0.0,0.0,0.0,0.0,0.0,0.0,0.0,0.0,0.0,0.0,0.0,0.0,0.0,0.0,0.0,0.0,0.0,0.0,0.007670138031244278,-0.011121700517833233,-0.009971179068088531,0.012655727565288544,0.3666326105594635,-0.36816662549972534,0.36548206210136414,-0.3650985658168793,1.2356592416763306,-1.2264550924301147,1.2260715961456299,-1.2264550924301147,-0.014648884534835815,-0.0119022186845541,-0.03707998991012573,0.007782219909131527,-0.06042664870619774,-0.0196844395250082,0.031128879636526108,0.10940885543823242,-0.07782220095396042,0.10895107686519623,-0.17670217156410217,0.2778710424900055,0.0047513460740447044,-0.0047513460740447044,-0.004192364402115345,0.005310327745974064,0.36110228300094604,-0.36249977350234985,0.36082279682159424,-0.3602638244628906,1.1995751857757568,-1.2009726762771606,1.200693130493164,-1.200693130493164,0.0,0.0,0.0,0.0,0.0,0.0,0.0,0.0,0.0,0.0,0.0,0.0
20260708_190646_213706,2026-07-08T19:06:56.027,9.813400,pose,395,stand,0.0,0.0,0.0,0.0,0.0,0.0,0.0,0.0,1.0,fake,0.0,0.0,-1.0,-0.0,0.0,0.0,0.0,7.770196437835693,28.611709594726562,12,can0:12,4.4285407066345215,16.24195098876953,,"BL_hip_joint,BR_hip_joint,FL_hip_joint,FR_hip_joint,BL_thigh_joint,BR_thigh_joint,FL_thigh_joint,FR_thigh_joint,BL_calf_joint,BR_calf_joint,FL_calf_joint,FR_calf_joint",330e02f2406e129bb6ed6ec4a6c6bcd5f80d7e7799a2ab087e81eda65d2fae69,"step=000395 mode=stand  vx= 0.000 vy= 0.000 vxy= 0.000 yaw= 0.000 speed=1.00 imu=fake tilt_rp=[-0.0,+0.0]deg imu_corr=0.000 act_max= 0.000 tau_cmd= 7.770 tau_cmd_max= 28.612 cmds=12 bus=can0:12 tau_fb= 4.429 tau_fb_max= 16.242",,,,,,,,,,,,,,,,,,,,,,,,,,,,,,,,,,,,,,,,,,,,,,,,,0.0,0.0,0.0,0.0,0.0,0.0,0.0,0.0,0.0,0.0,0.0,0.0,0.0,0.0,0.0,0.0,0.0,0.0,0.0,0.0,0.0,0.0,0.0,0.0,0.00306805525906384,-0.010738193057477474,-0.009587672539055347,0.012655727565288544,0.3489912748336792,-0.36049649119377136,0.3566614091396332,-0.3555108904838562,1.2161003351211548,-1.1992260217666626,1.1984590291976929,-1.1992260217666626,0.015106662176549435,-0.028839992359280586,0.03707998991012573,0.017853328958153725,-0.1817377209663391,0.002288888208568096,-0.02471999265253544,0.04852443188428879,-0.11627551913261414,0.1982177197933197,-0.19409772753715515,0.17761772871017456,0.004643587861210108,-0.004643587861210108,-0.004097283352166414,0.005189891904592514,0.35291266441345215,-0.35427844524383545,0.35263949632644653,-0.3520932197570801,1.1723692417144775,-1.1737351417541504,1.1734619140625,-1.1734619140625,0.0,0.0,0.0,0.0,0.0,0.0,0.0,0.0,0.0,0.0,0.0,0.0
20260708_190646_213706,2026-07-08T19:06:56.147,9.933574,pose,400,stand,0.0,0.0,0.0,0.0,0.0,0.0,0.0,0.0,1.0,fake,0.0,0.0,-1.0,-0.0,0.0,0.0,0.0,7.98595666885376,36.12813949584961,12,can0:12,5.243995189666748,24.624774932861328,,"BL_hip_joint,BR_hip_joint,FL_hip_joint,FR_hip_joint,BL_thigh_joint,BR_thigh_joint,FL_thigh_joint,FR_thigh_joint,BL_calf_joint,BR_calf_joint,FL_calf_joint,FR_calf_joint",330e02f2406e129bb6ed6ec4a6c6bcd5f80d7e7799a2ab087e81eda65d2fae69,"step=000400 mode=stand  vx= 0.000 vy= 0.000 vxy= 0.000 yaw= 0.000 speed=1.00 imu=fake tilt_rp=[-0.0,+0.0]deg imu_corr=0.000 act_max= 0.000 tau_cmd= 7.986 tau_cmd_max= 36.128 cmds=12 bus=can0:12 tau_fb= 5.244 tau_fb_max= 24.625",,,,,,,,,,,,,,,,,,,,,,,,,,,,,,,,,,,,,,,,,,,,,,,,,0.0,0.0,0.0,0.0,0.0,0.0,0.0,0.0,0.0,0.0,0.0,0.0,0.0,0.0,0.0,0.0,0.0,0.0,0.0,0.0,0.0,0.0,0.0,0.0,-0.0019175345078110695,-0.010738193057477474,-0.009971179068088531,0.01227222103625536,0.33441802859306335,-0.35129231214523315,0.3497582972049713,-0.3478407561779022,1.198075532913208,-1.1716135740280151,1.1712300777435303,-1.1716135740280151,0.03021332435309887,0.04348887503147125,-0.06912442296743393,-0.044862210750579834,-0.016479995101690292,0.08606220036745071,-0.038453321903944016,0.026551103219389915,-0.10757774859666824,0.2311777025461197,-0.24307993054389954,0.191351056098938,0.004534151405096054,-0.004534151405096054,-0.004000721499323845,0.005067580379545689,0.3445954918861389,-0.3459290564060211,0.34432876110076904,-0.3437953293323517,1.1447397470474243,-1.146073341369629,1.1458066701889038,-1.1458066701889038,0.0,0.0,0.0,0.0,0.0,0.0,0.0,0.0,0.0,0.0,0.0,0.0
20260708_190646_213706,2026-07-08T19:06:56.267,10.053347,pose,405,stand,0.0,0.0,0.0,0.0,0.0,0.0,0.0,0.0,1.0,fake,0.0,0.0,-1.0,-0.0,0.0,0.0,0.0,9.124618530273438,35.75320053100586,12,can0:12,5.853145599365234,27.668081283569336,,"BL_hip_joint,BR_hip_joint,FL_hip_joint,FR_hip_joint,BL_thigh_joint,BR_thigh_joint,FL_thigh_joint,FR_thigh_joint,BL_calf_joint,BR_calf_joint,FL_calf_joint,FR_calf_joint",330e02f2406e129bb6ed6ec4a6c6bcd5f80d7e7799a2ab087e81eda65d2fae69,"step=000405 mode=stand  vx= 0.000 vy= 0.000 vxy= 0.000 yaw= 0.000 speed=1.00 imu=fake tilt_rp=[-0.0,+0.0]deg imu_corr=0.000 act_max= 0.000 tau_cmd= 9.125 tau_cmd_max= 35.753 cmds=12 bus=can0:12 tau_fb= 5.853 tau_fb_max= 27.668",,,,,,,,,,,,,,,,,,,,,,,,,,,,,,,,,,,,,,,,,,,,,,,,,0.0,0.0,0.0,0.0,0.0,0.0,0.0,0.0,0.0,0.0,0.0,0.0,0.0,0.0,0.0,0.0,0.0,0.0,0.0,0.0,0.0,0.0,0.0,0.0,-0.00421857601031661,-0.010738193057477474,-0.009587672539055347,0.01227222103625536,0.32061177492141724,-0.3417046368122101,0.3424716591835022,-0.3417046368122101,1.176215648651123,-1.1443846225738525,1.1440011262893677,-1.1440011262893677,-0.02151555009186268,-0.0013733329251408577,-0.007324442267417908,0.04211554303765297,-0.11673329770565033,0.028839992359280586,-0.0714133158326149,0.08789330720901489,-0.2462843656539917,0.22064882516860962,-0.252235472202301,0.158848837018013,0.004423176869750023,-0.004423176869750023,-0.003902802709490061,0.00494355009868741,0.33616140484809875,-0.33746233582496643,0.3359012007713318,-0.3353808522224426,1.1167218685150146,-1.1180229187011719,1.117762804031372,-1.117762804031372,0.0,0.0,0.0,0.0,0.0,0.0,0.0,0.0,0.0,0.0,0.0,0.0
20260708_190646_213706,2026-07-08T19:06:56.387,10.173651,pose,410,stand,0.0,0.0,0.0,0.0,0.0,0.0,0.0,0.0,1.0,fake,0.0,0.0,-1.0,-0.0,0.0,0.0,0.0,9.038089752197266,42.19438934326172,12,can0:12,6.465956211090088,30.824914932250977,,"BL_hip_joint,BR_hip_joint,FL_hip_joint,FR_hip_joint,BL_thigh_joint,BR_thigh_joint,FL_thigh_joint,FR_thigh_joint,BL_calf_joint,BR_calf_joint,FL_calf_joint,FR_calf_joint",330e02f2406e129bb6ed6ec4a6c6bcd5f80d7e7799a2ab087e81eda65d2fae69,"step=000410 mode=stand  vx= 0.000 vy= 0.000 vxy= 0.000 yaw= 0.000 speed=1.00 imu=fake tilt_rp=[-0.0,+0.0]deg imu_corr=0.000 act_max= 0.000 tau_cmd= 9.038 tau_cmd_max= 42.194 cmds=12 bus=can0:12 tau_fb= 6.466 tau_fb_max= 30.825",,,,,,,,,,,,,,,,,,,,,,,,,,,,,,,,,,,,,,,,,,,,,,,,,0.0,0.0,0.0,0.0,0.0,0.0,0.0,0.0,0.0,0.0,0.0,0.0,0.0,0.0,0.0,0.0,0.0,0.0,0.0,0.0,0.0,0.0,0.0,0.0,-0.004985589534044266,-0.01035468652844429,-0.009204166010022163,0.01227222103625536,0.3091065585613251,-0.3348015248775482,0.33250048756599426,-0.3328839838504791,1.1539722681045532,-1.1160050630569458,1.115621566772461,-1.115621566772461,0.095675528049469,-0.004119998775422573,0.10574663430452347,0.08377330750226974,-0.028382213786244392,-0.022431105375289917,-0.07553330808877945,0.028839992359280586,-0.19501326978206635,0.24079103767871857,-0.2531510293483734,0.23209325969219208,0.004310803487896919,-0.004310803487896919,-0.003803649917244911,0.00481795659288764,0.3276210427284241,-0.3288889527320862,0.32736748456954956,-0.32686030864715576,1.0883510112762451,-1.0896189212799072,1.0893653631210327,-1.0893653631210327,0.0,0.0,0.0,0.0,0.0,0.0,0.0,0.0,0.0,0.0,0.0,0.0
20260708_190646_213706,2026-07-08T19:06:56.509,10.296005,pose,415,stand,0.0,0.0,0.0,0.0,0.0,0.0,0.0,0.0,1.0,fake,0.0,0.0,-1.0,-0.0,0.0,0.0,0.0,10.443554878234863,45.122745513916016,12,can0:12,6.865749359130859,32.43995666503906,,"BL_hip_joint,BR_hip_joint,FL_hip_joint,FR_hip_joint,BL_thigh_joint,BR_thigh_joint,FL_thigh_joint,FR_thigh_joint,BL_calf_joint,BR_calf_joint,FL_calf_joint,FR_calf_joint",330e02f2406e129bb6ed6ec4a6c6bcd5f80d7e7799a2ab087e81eda65d2fae69,"step=000415 mode=stand  vx= 0.000 vy= 0.000 vxy= 0.000 yaw= 0.000 speed=1.00 imu=fake tilt_rp=[-0.0,+0.0]deg imu_corr=0.000 act_max= 0.000 tau_cmd= 10.444 tau_cmd_max= 45.123 cmds=12 bus=can0:12 tau_fb= 6.866 tau_fb_max= 32.440",,,,,,,,,,,,,,,,,,,,,,,,,,,,,,,,,,,,,,,,,,,,,,,,,0.0,0.0,0.0,0.0,0.0,0.0,0.0,0.0,0.0,0.0,0.0,0.0,0.0,0.0,0.0,0.0,0.0,0.0,0.0,0.0,0.0,0.0,0.0,0.0,-0.00613611051812768,-0.01035468652844429,-0.009587672539055347,0.01227222103625536,0.2968343496322632,-0.32713139057159424,0.32329630851745605,-0.3217622935771942,1.128660798072815,-1.0868585109710693,1.0872420072555542,-1.0868585109710693,-0.022431105375289917,-0.021057771518826485,0.002288888208568096,-0.06912442296743393,-0.1112399697303772,0.12176885455846786,0.014191106893122196,0.06042664870619774,-0.18402661383152008,0.14007996022701263,-0.16159550845623016,0.24124881625175476,0.00419717188924551,-0.00419717188924551,-0.00370338698849082,0.004690956324338913,0.3189850449562073,-0.3202195167541504,0.3187381625175476,-0.31824439764022827,1.0596623420715332,-1.060896873474121,1.060650110244751,-1.060650110244751,0.0,0.0,0.0,0.0,0.0,0.0,0.0,0.0,0.0,0.0,0.0,0.0
20260708_190646_213706,2026-07-08T19:06:56.630,10.416828,pose,420,stand,0.0,0.0,0.0,0.0,0.0,0.0,0.0,0.0,1.0,fake,0.0,0.0,-1.0,-0.0,0.0,0.0,0.0,11.209240913391113,45.26814651489258,12,can0:12,7.209386825561523,33.220008850097656,,"BL_hip_joint,BR_hip_joint,FL_hip_joint,FR_hip_joint,BL_thigh_joint,BR_thigh_joint,FL_thigh_joint,FR_thigh_joint,BL_calf_joint,BR_calf_joint,FL_calf_joint,FR_calf_joint",330e02f2406e129bb6ed6ec4a6c6bcd5f80d7e7799a2ab087e81eda65d2fae69,"step=000420 mode=stand  vx= 0.000 vy= 0.000 vxy= 0.000 yaw= 0.000 speed=1.00 imu=fake tilt_rp=[-0.0,+0.0]deg imu_corr=0.000 act_max= 0.000 tau_cmd= 11.209 tau_cmd_max= 45.268 cmds=12 bus=can0:12 tau_fb= 7.209 tau_fb_max= 33.220",,,,,,,,,,,,,,,,,,,,,,,,,,,,,,,,,,,,,,,,,,,,,,,,,0.0,0.0,0.0,0.0,0.0,0.0,0.0,0.0,0.0,0.0,0.0,0.0,0.0,0.0,0.0,0.0,0.0,0.0,0.0,0.0,0.0,0.0,0.0,0.0,-0.007670138031244278,-0.009971179068088531,-0.009587672539055347,0.011888713575899601,0.28417861461639404,-0.3183107376098633,0.3156261742115021,-0.31409215927124023,1.1010483503341675,-1.0603965520858765,1.0577120780944824,-1.0580955743789673,-0.0718710869550705,-0.00595110934227705,-0.0,-0.05630664899945259,-0.19455549120903015,0.032044436782598495,-0.04989776387810707,0.03479110077023506,-0.20828883349895477,0.12405773997306824,-0.17670217156410217,0.25040435791015625,0.004082421772181988,-0.004082421772181988,-0.0036021368578076363,0.004562706686556339,0.31026405096054077,-0.31146475672721863,0.3100239038467407,-0.3095436096191406,1.030691385269165,-1.0318920612335205,1.0316519737243652,-1.0316519737243652,0.0,0.0,0.0,0.0,0.0,0.0,0.0,0.0,0.0,0.0,0.0,0.0
20260708_190646_213706,2026-07-08T19:06:56.750,10.536953,pose,425,stand,0.0,0.0,0.0,0.0,0.0,0.0,0.0,0.0,1.0,fake,0.0,0.0,-1.0,-0.0,0.0,0.0,0.0,10.520647048950195,44.76752471923828,12,can0:12,7.372050762176514,35.42832565307617,,"BL_hip_joint,BR_hip_joint,FL_hip_joint,FR_hip_joint,BL_thigh_joint,BR_thigh_joint,FL_thigh_joint,FR_thigh_joint,BL_calf_joint,BR_calf_joint,FL_calf_joint,FR_calf_joint",330e02f2406e129bb6ed6ec4a6c6bcd5f80d7e7799a2ab087e81eda65d2fae69,"step=000425 mode=stand  vx= 0.000 vy= 0.000 vxy= 0.000 yaw= 0.000 speed=1.00 imu=fake tilt_rp=[-0.0,+0.0]deg imu_corr=0.000 act_max= 0.000 tau_cmd= 10.521 tau_cmd_max= 44.768 cmds=12 bus=can0:12 tau_fb= 7.372 tau_fb_max= 35.428",,,,,,,,,,,,,,,,,,,,,,,,,,,,,,,,,,,,,,,,,,,,,,,,,0.0,0.0,0.0,0.0,0.0,0.0,0.0,0.0,0.0,0.0,0.0,0.0,0.0,0.0,0.0,0.0,0.0,0.0,0.0,0.0,0.0,0.0,0.0,0.0,-0.008053644560277462,-0.009971179068088531,-0.008820658549666405,0.011888713575899601,0.2742074429988861,-0.30642202496528625,0.3079560399055481,-0.307189017534256,1.0730522871017456,-1.0335510969161987,1.028182029724121,-1.0289490222930908,0.009155552834272385,0.02059999480843544,0.04348887503147125,-0.014648884534835815,-0.01235999632626772,0.10574663430452347,-0.061342205852270126,0.030671102926135063,-0.24765770137310028,0.1583910584449768,-0.17258216440677643,0.22797326743602753,0.0039666928350925446,-0.0039666928350925446,-0.0035000231582671404,0.004433362744748592,0.3014686703681946,-0.3026353120803833,0.3012353181838989,-0.30076864361763,1.0014731884002686,-1.0026400089263916,1.0024065971374512,-1.0024065971374512,0.0,0.0,0.0,0.0,0.0,0.0,0.0,0.0,0.0,0.0,0.0,0.0
20260708_190646_213706,2026-07-08T19:06:56.870,10.656862,pose,430,stand,0.0,0.0,0.0,0.0,0.0,0.0,0.0,0.0,1.0,fake,0.0,0.0,-1.0,-0.0,0.0,0.0,0.0,9.712419509887695,46.990478515625,12,can0:12,6.649982929229736,33.201698303222656,,"BL_hip_joint,BR_hip_joint,FL_hip_joint,FR_hip_joint,BL_thigh_joint,BR_thigh_joint,FL_thigh_joint,FR_thigh_joint,BL_calf_joint,BR_calf_joint,FL_calf_joint,FR_calf_joint",330e02f2406e129bb6ed6ec4a6c6bcd5f80d7e7799a2ab087e81eda65d2fae69,"step=000430 mode=stand  vx= 0.000 vy= 0.000 vxy= 0.000 yaw= 0.000 speed=1.00 imu=fake tilt_rp=[-0.0,+0.0]deg imu_corr=0.000 act_max= 0.000 tau_cmd= 9.712 tau_cmd_max= 46.990 cmds=12 bus=can0:12 tau_fb= 6.650 tau_fb_max= 33.202",,,,,,,,,,,,,,,,,,,,,,,,,,,,,,,,,,,,,,,,,,,,,,,,,0.0,0.0,0.0,0.0,0.0,0.0,0.0,0.0,0.0,0.0,0.0,0.0,0.0,0.0,0.0,0.0,0.0,0.0,0.0,0.0,0.0,0.0,0.0,0.0,-0.007286631036549807,-0.008820658549666405,-0.009204166010022163,0.011888713575899601,0.26845481991767883,-0.29645082354545593,0.2976013422012329,-0.2976013422012329,1.0439057350158691,-1.0044045448303223,0.9982684850692749,-0.9994189739227295,0.05401776358485222,0.00595110934227705,0.0196844395250082,-0.013275551609694958,0.09933774918317795,0.10391552746295929,-0.11535996943712234,0.0874355286359787,-0.19180883467197418,0.22385326027870178,-0.2385021448135376,0.21057771146297455,0.0038501254748553038,-0.0038501254748553038,-0.003397169290110469,0.004303080961108208,0.2926095128059387,-0.293741911649704,0.2923830449581146,-0.29193007946014404,0.9720433950424194,-0.9731758236885071,0.9729493260383606,-0.9729493260383606,0.0,0.0,0.0,0.0,0.0,0.0,0.0,0.0,0.0,0.0,0.0,0.0
20260708_190646_213706,2026-07-08T19:06:56.990,10.777105,pose,435,stand,0.0,0.0,0.0,0.0,0.0,0.0,0.0,0.0,1.0,fake,0.0,0.0,-1.0,-0.0,0.0,0.0,0.0,9.466656684875488,40.54909896850586,12,can0:12,5.858638286590576,26.638996124267578,,"BL_hip_joint,BR_hip_joint,FL_hip_joint,FR_hip_joint,BL_thigh_joint,BR_thigh_joint,FL_thigh_joint,FR_thigh_joint,BL_calf_joint,BR_calf_joint,FL_calf_joint,FR_calf_joint",330e02f2406e129bb6ed6ec4a6c6bcd5f80d7e7799a2ab087e81eda65d2fae69,"step=000435 mode=stand  vx= 0.000 vy= 0.000 vxy= 0.000 yaw= 0.000 speed=1.00 imu=fake tilt_rp=[-0.0,+0.0]deg imu_corr=0.000 act_max= 0.000 tau_cmd= 9.467 tau_cmd_max= 40.549 cmds=12 bus=can0:12 tau_fb= 5.859 tau_fb_max= 26.639",,,,,,,,,,,,,,,,,,,,,,,,,,,,,,,,,,,,,,,,,,,,,,,,,0.0,0.0,0.0,0.0,0.0,0.0,0.0,0.0,0.0,0.0,0.0,0.0,0.0,0.0,0.0,0.0,0.0,0.0,0.0,0.0,0.0,0.0,0.0,0.0,-0.006903124041855335,-0.008820658549666405,-0.007286631036549807,0.011121700517833233,0.2638527452945709,-0.2910817265510559,0.29069823026657104,-0.2880136966705322,1.0090066194534302,-0.9748745560646057,0.9710394740104675,-0.9698889255523682,0.010528885759413242,0.04211554303765297,0.0791955292224884,-0.014648884534835815,-0.0476088747382164,0.030671102926135063,-0.02059999480843544,0.095675528049469,-0.2604754865169525,0.2307199388742447,-0.1826532781124115,0.23667104542255402,0.0037328586913645267,-0.0037328586913645267,-0.0032936986535787582,0.004172018263489008,0.283697247505188,-0.2847951650619507,0.28347766399383545,-0.28303849697113037,0.9424369931221008,-0.9435349106788635,0.943315327167511,-0.943315327167511,0.0,0.0,0.0,0.0,0.0,0.0,0.0,0.0,0.0,0.0,0.0,0.0
20260708_190646_213706,2026-07-08T19:06:57.111,10.897604,pose,440,stand,0.0,0.0,0.0,0.0,0.0,0.0,0.0,0.0,1.0,fake,0.0,0.0,-1.0,-0.0,0.0,0.0,0.0,11.267605781555176,35.05869674682617,12,can0:12,8.1127347946167,22.350536346435547,,"BL_hip_joint,BR_hip_joint,FL_hip_joint,FR_hip_joint,BL_thigh_joint,BR_thigh_joint,FL_thigh_joint,FR_thigh_joint,BL_calf_joint,BR_calf_joint,FL_calf_joint,FR_calf_joint",330e02f2406e129bb6ed6ec4a6c6bcd5f80d7e7799a2ab087e81eda65d2fae69,"step=000440 mode=stand  vx= 0.000 vy= 0.000 vxy= 0.000 yaw= 0.000 speed=1.00 imu=fake tilt_rp=[-0.0,+0.0]deg imu_corr=0.000 act_max= 0.000 tau_cmd= 11.268 tau_cmd_max= 35.059 cmds=12 bus=can0:12 tau_fb= 8.113 tau_fb_max= 22.351",,,,,,,,,,,,,,,,,,,,,,,,,,,,,,,,,,,,,,,,,,,,,,,,,0.0,0.0,0.0,0.0,0.0,0.0,0.0,0.0,0.0,0.0,0.0,0.0,0.0,0.0,0.0,0.0,0.0,0.0,0.0,0.0,0.0,0.0,0.0,0.0,-0.00613611051812768,-0.008053644560277462,-0.0026845482643693686,0.00421857601031661,0.2611682116985321,-0.286479651927948,0.29261577129364014,-0.291848748922348,0.9718064665794373,-0.9457280039787292,0.9514806270599365,-0.9553157091140747,0.09155552834272385,0.10620441287755966,-0.009613330475986004,-0.04669332131743431,-0.020142216235399246,0.061342205852270126,0.027924437075853348,-0.07690664380788803,-0.25772881507873535,0.27329325675964355,-0.17990660667419434,0.158848837018013,0.003615032881498337,-0.003615032881498337,-0.003189734648913145,0.004040330648422241,0.2747424840927124,-0.2758057117462158,0.2745298147201538,-0.2741045355796814,0.9126893877983093,-0.9137526750564575,0.9135400652885437,-0.9135400652885437,0.0,0.0,0.0,0.0,0.0,0.0,0.0,0.0,0.0,0.0,0.0,0.0
20260708_190646_213706,2026-07-08T19:06:57.231,11.017719,pose,445,stand,0.0,0.0,0.0,0.0,0.0,0.0,0.0,0.0,1.0,fake,0.0,0.0,-1.0,-0.0,0.0,0.0,0.0,12.79097843170166,35.57851791381836,12,can0:12,8.536942481994629,24.2072811126709,,"BL_hip_joint,BR_hip_joint,FL_hip_joint,FR_hip_joint,BL_thigh_joint,BR_thigh_joint,FL_thigh_joint,FR_thigh_joint,BL_calf_joint,BR_calf_joint,FL_calf_joint,FR_calf_joint",330e02f2406e129bb6ed6ec4a6c6bcd5f80d7e7799a2ab087e81eda65d2fae69,"step=000445 mode=stand  vx= 0.000 vy= 0.000 vxy= 0.000 yaw= 0.000 speed=1.00 imu=fake tilt_rp=[-0.0,+0.0]deg imu_corr=0.000 act_max= 0.000 tau_cmd= 12.791 tau_cmd_max= 35.579 cmds=12 bus=can0:12 tau_fb= 8.537 tau_fb_max= 24.207",,,,,,,,,,,,,,,,,,,,,,,,,,,,,,,,,,,,,,,,,,,,,,,,,0.0,0.0,0.0,0.0,0.0,0.0,0.0,0.0,0.0,0.0,0.0,0.0,0.0,0.0,0.0,0.0,0.0,0.0,0.0,0.0,0.0,0.0,0.0,0.0,-0.004602083005011082,-0.005369096528738737,-0.00306805525906384,-0.0,0.25541558861732483,-0.28149405121803284,0.2891642153263092,-0.29261577129364014,0.9395918846130371,-0.9192660450935364,0.9242516160011292,-0.9372908473014832,0.022431105375289917,0.001831110566854477,-0.032959990203380585,0.06591998040676117,-0.05813775956630707,0.01831110566854477,-0.09887997061014175,0.1034577488899231,-0.19409772753715515,0.2059999406337738,-0.20233771204948425,0.1432843953371048,0.0034967875108122826,-0.0034967875108122826,-0.003085400676354766,0.003908174112439156,0.265755832195282,-0.26678431034088135,0.2655501365661621,-0.26513874530792236,0.8828359842300415,-0.8838644623756409,0.883658766746521,-0.883658766746521,0.0,0.0,0.0,0.0,0.0,0.0,0.0,0.0,0.0,0.0,0.0,0.0
20260708_190646_213706,2026-07-08T19:06:57.351,11.137703,pose,450,stand,0.0,0.0,0.0,0.0,0.0,0.0,0.0,0.0,1.0,fake,0.0,0.0,-1.0,-0.0,0.0,0.0,0.0,13.838818550109863,38.02378463745117,12,can0:12,8.532364845275879,23.709218978881836,,"BL_hip_joint,BR_hip_joint,FL_hip_joint,FR_hip_joint,BL_thigh_joint,BR_thigh_joint,FL_thigh_joint,FR_thigh_joint,BL_calf_joint,BR_calf_joint,FL_calf_joint,FR_calf_joint",330e02f2406e129bb6ed6ec4a6c6bcd5f80d7e7799a2ab087e81eda65d2fae69,"step=000450 mode=stand  vx= 0.000 vy= 0.000 vxy= 0.000 yaw= 0.000 speed=1.00 imu=fake tilt_rp=[-0.0,+0.0]deg imu_corr=0.000 act_max= 0.000 tau_cmd= 13.839 tau_cmd_max= 38.024 cmds=12 bus=can0:12 tau_fb= 8.532 tau_fb_max= 23.709",,,,,,,,,,,,,,,,,,,,,,,,,,,,,,,,,,,,,,,,,,,,,,,,,0.0,0.0,0.0,0.0,0.0,0.0,0.0,0.0,0.0,0.0,0.0,0.0,0.0,0.0,0.0,0.0,0.0,0.0,0.0,0.0,0.0,0.0,0.0,0.0,-0.004602083005011082,-0.004602083005011082,-0.00306805525906384,-0.0,0.24506090581417084,-0.2726733982563019,0.27765899896621704,-0.2826445996761322,0.9104453921318054,-0.8924205303192139,0.894338071346283,-0.9089113473892212,-0.016937773674726486,-0.0013733329251408577,0.05493331700563431,0.032959990203380585,-0.11215551942586899,0.01831110566854477,-0.09933774918317795,0.12817774713039398,-0.1423688530921936,0.17807550728321075,-0.09292886406183243,0.17715995013713837,0.0033782629761844873,-0.0033782629761844873,-0.0029808201361447573,0.0037757055833935738,0.2567479610443115,-0.2577415704727173,0.25654923915863037,-0.25615179538726807,0.8529120087623596,-0.8539056777954102,0.853706955909729,-0.853706955909729,0.0,0.0,0.0,0.0,0.0,0.0,0.0,0.0,0.0,0.0,0.0,0.0
20260708_190646_213706,2026-07-08T19:06:57.471,11.257619,pose,455,stand,0.0,0.0,0.0,0.0,0.0,0.0,0.0,0.0,1.0,fake,0.0,0.0,-1.0,-0.0,0.0,0.0,0.0,13.311447143554688,35.52769088745117,12,can0:12,8.44935417175293,23.258766174316406,,"BL_hip_joint,BR_hip_joint,FL_hip_joint,FR_hip_joint,BL_thigh_joint,BR_thigh_joint,FL_thigh_joint,FR_thigh_joint,BL_calf_joint,BR_calf_joint,FL_calf_joint,FR_calf_joint",330e02f2406e129bb6ed6ec4a6c6bcd5f80d7e7799a2ab087e81eda65d2fae69,"step=000455 mode=stand  vx= 0.000 vy= 0.000 vxy= 0.000 yaw= 0.000 speed=1.00 imu=fake tilt_rp=[-0.0,+0.0]deg imu_corr=0.000 act_max= 0.000 tau_cmd= 13.311 tau_cmd_max= 35.528 cmds=12 bus=can0:12 tau_fb= 8.449 tau_fb_max= 23.259",,,,,,,,,,,,,,,,,,,,,,,,,,,,,,,,,,,,,,,,,,,,,,,,,0.0,0.0,0.0,0.0,0.0,0.0,0.0,0.0,0.0,0.0,0.0,0.0,0.0,0.0,0.0,0.0,0.0,0.0,0.0,0.0,0.0,0.0,0.0,0.0,-0.004602083005011082,-0.00421857601031661,-0.00306805525906384,-0.00038350690738298,0.23547323048114777,-0.2638527452945709,0.266920804977417,-0.27305692434310913,0.8809153437614441,-0.8644245266914368,0.8640410304069519,-0.8786143064498901,-0.02609332650899887,-0.00595110934227705,0.0027466658502817154,-0.02471999265253544,-0.051271095871925354,0.02151555009186268,-0.07644886523485184,0.0631733164191246,-0.22064882516860962,0.18082216382026672,-0.1977599412202835,0.22431103885173798,0.003259598510339856,-0.003259598510339856,-0.002876116195693612,0.0036430805921554565,0.24772948026657104,-0.24868819117546082,0.2475377470254898,-0.24715425074100494,0.8229527473449707,-0.8239114284515381,0.8237197399139404,-0.8237197399139404,0.0,0.0,0.0,0.0,0.0,0.0,0.0,0.0,0.0,0.0,0.0,0.0
20260708_190646_213706,2026-07-08T19:06:57.591,11.377551,pose,460,stand,0.0,0.0,0.0,0.0,0.0,0.0,0.0,0.0,1.0,fake,0.0,0.0,-1.0,-0.0,0.0,0.0,0.0,12.62671184539795,34.80702209472656,12,can0:12,8.35108470916748,21.936704635620117,,"BL_hip_joint,BR_hip_joint,FL_hip_joint,FR_hip_joint,BL_thigh_joint,BR_thigh_joint,FL_thigh_joint,FR_thigh_joint,BL_calf_joint,BR_calf_joint,FL_calf_joint,FR_calf_joint",330e02f2406e129bb6ed6ec4a6c6bcd5f80d7e7799a2ab087e81eda65d2fae69,"step=000460 mode=stand  vx= 0.000 vy= 0.000 vxy= 0.000 yaw= 0.000 speed=1.00 imu=fake tilt_rp=[-0.0,+0.0]deg imu_corr=0.000 act_max= 0.000 tau_cmd= 12.627 tau_cmd_max= 34.807 cmds=12 bus=can0:12 tau_fb= 8.351 tau_fb_max= 21.937",,,,,,,,,,,,,,,,,,,,,,,,,,,,,,,,,,,,,,,,,,,,,,,,,0.0,0.0,0.0,0.0,0.0,0.0,0.0,0.0,0.0,0.0,0.0,0.0,0.0,0.0,0.0,0.0,0.0,0.0,0.0,0.0,0.0,0.0,0.0,0.0,-0.004602083005011082,-0.003835069015622139,-0.00306805525906384,-0.00076701381476596,0.22626906633377075,-0.25503209233283997,0.2573331296443939,-0.2630857229232788,0.8498513102531433,-0.8341274857521057,0.8341274857521057,-0.8483172655105591,0.06042664870619774,0.03662221133708954,-0.00045777764171361923,0.024262215942144394,-0.10940885543823242,0.11810663342475891,0.001831110566854477,0.1579332798719406,-0.2453688234090805,0.1826532781124115,-0.21744437515735626,0.17029328644275665,0.0031409345101565123,-0.0031409345101565123,-0.0027714127209037542,0.0035104562994092703,0.23871102929115295,-0.23963484168052673,0.23852625489234924,-0.2381567358970642,0.7929935455322266,-0.7939174175262451,0.7937326431274414,-0.7937326431274414,0.0,0.0,0.0,0.0,0.0,0.0,0.0,0.0,0.0,0.0,0.0,0.0
20260708_190646_213706,2026-07-08T19:06:57.711,11.497251,pose,465,stand,0.0,0.0,0.0,0.0,0.0,0.0,0.0,0.0,1.0,fake,0.0,0.0,-1.0,-0.0,0.0,0.0,0.0,12.53986644744873,33.942771911621094,12,can0:12,8.276009559631348,22.21869468688965,,"BL_hip_joint,BR_hip_joint,FL_hip_joint,FR_hip_joint,BL_thigh_joint,BR_thigh_joint,FL_thigh_joint,FR_thigh_joint,BL_calf_joint,BR_calf_joint,FL_calf_joint,FR_calf_joint",330e02f2406e129bb6ed6ec4a6c6bcd5f80d7e7799a2ab087e81eda65d2fae69,"step=000465 mode=stand  vx= 0.000 vy= 0.000 vxy= 0.000 yaw= 0.000 speed=1.00 imu=fake tilt_rp=[-0.0,+0.0]deg imu_corr=0.000 act_max= 0.000 tau_cmd= 12.540 tau_cmd_max= 33.943 cmds=12 bus=can0:12 tau_fb= 8.276 tau_fb_max= 22.219",,,,,,,,,,,,,,,,,,,,,,,,,,,,,,,,,,,,,,,,,,,,,,,,,0.0,0.0,0.0,0.0,0.0,0.0,0.0,0.0,0.0,0.0,0.0,0.0,0.0,0.0,0.0,0.0,0.0,0.0,0.0,0.0,0.0,0.0,0.0,0.0,-0.00421857601031661,-0.003835069015622139,-0.00306805525906384,-0.00076701381476596,0.21706490218639374,-0.24506090581417084,0.2481289654970169,-0.252731055021286,0.8187872171401978,-0.8042139410972595,0.8038304448127747,-0.8184037208557129,0.08102664351463318,-0.062257759273052216,-0.05081331729888916,-0.038453321903944016,-0.10620441287755966,0.0631733164191246,-0.11993774026632309,0.09659108519554138,-0.21790215373039246,0.25864437222480774,-0.21561327576637268,0.2211066037416458,0.003022410674020648,-0.003022410674020648,-0.0026668328791856766,0.003377988003194332,0.22970318794250488,-0.23059213161468506,0.22952541708946228,-0.2291698157787323,0.763069748878479,-0.763958752155304,0.763780951499939,-0.763780951499939,0.0,0.0,0.0,0.0,0.0,0.0,0.0,0.0,0.0,0.0,0.0,0.0
20260708_190646_213706,2026-07-08T19:06:57.830,11.617060,pose,470,stand,0.0,0.0,0.0,0.0,0.0,0.0,0.0,0.0,1.0,fake,0.0,0.0,-1.0,-0.0,0.0,0.0,0.0,12.671137809753418,35.027069091796875,12,can0:12,8.164921760559082,21.848812103271484,,"BL_hip_joint,BR_hip_joint,FL_hip_joint,FR_hip_joint,BL_thigh_joint,BR_thigh_joint,FL_thigh_joint,FR_thigh_joint,BL_calf_joint,BR_calf_joint,FL_calf_joint,FR_calf_joint",330e02f2406e129bb6ed6ec4a6c6bcd5f80d7e7799a2ab087e81eda65d2fae69,"step=000470 mode=stand  vx= 0.000 vy= 0.000 vxy= 0.000 yaw= 0.000 speed=1.00 imu=fake tilt_rp=[-0.0,+0.0]deg imu_corr=0.000 act_max= 0.000 tau_cmd= 12.671 tau_cmd_max= 35.027 cmds=12 bus=can0:12 tau_fb= 8.165 tau_fb_max= 21.849",,,,,,,,,,,,,,,,,,,,,,,,,,,,,,,,,,,,,,,,,,,,,,,,,0.0,0.0,0.0,0.0,0.0,0.0,0.0,0.0,0.0,0.0,0.0,0.0,0.0,0.0,0.0,0.0,0.0,0.0,0.0,0.0,0.0,0.0,0.0,0.0,-0.00421857601031661,-0.0034515620209276676,-0.0026845482643693686,-0.00038350690738298,0.20939476788043976,-0.2370072603225708,0.2389248013496399,-0.24391038715839386,0.7884901762008667,-0.7743004560470581,0.7739169001579285,-0.7881066799163818,0.03707998991012573,-0.003662221133708954,-0.07415997982025146,0.06820886582136154,-0.043946653604507446,-0.022431105375289917,-0.08514664322137833,0.08011108636856079,-0.17853328585624695,0.2055421620607376,-0.13092440366744995,0.28153324127197266,0.0029041667003184557,-0.0029041667003184557,-0.0025625000707805157,0.0032458333298563957,0.220716655254364,-0.22157084941864014,0.22054582834243774,-0.2202041745185852,0.7332166433334351,-0.7340708374977112,0.7339000105857849,-0.7339000105857849,0.0,0.0,0.0,0.0,0.0,0.0,0.0,0.0,0.0,0.0,0.0,0.0
20260708_190646_213706,2026-07-08T19:06:57.951,11.737417,pose,475,stand,0.0,0.0,0.0,0.0,0.0,0.0,0.0,0.0,1.0,fake,0.0,0.0,-1.0,-0.0,0.0,0.0,0.0,12.643635749816895,33.860782623291016,12,can0:12,7.968993663787842,21.167638778686523,,"BL_hip_joint,BR_hip_joint,FL_hip_joint,FR_hip_joint,BL_thigh_joint,BR_thigh_joint,FL_thigh_joint,FR_thigh_joint,BL_calf_joint,BR_calf_joint,FL_calf_joint,FR_calf_joint",330e02f2406e129bb6ed6ec4a6c6bcd5f80d7e7799a2ab087e81eda65d2fae69,"step=000475 mode=stand  vx= 0.000 vy= 0.000 vxy= 0.000 yaw= 0.000 speed=1.00 imu=fake tilt_rp=[-0.0,+0.0]deg imu_corr=0.000 act_max= 0.000 tau_cmd= 12.644 tau_cmd_max= 33.861 cmds=12 bus=can0:12 tau_fb= 7.969 tau_fb_max= 21.168",,,,,,,,,,,,,,,,,,,,,,,,,,,,,,,,,,,,,,,,,,,,,,,,,0.0,0.0,0.0,0.0,0.0,0.0,0.0,0.0,0.0,0.0,0.0,0.0,0.0,0.0,0.0,0.0,0.0,0.0,0.0,0.0,0.0,0.0,0.0,0.0,-0.00421857601031661,-0.0034515620209276676,-0.00306805525906384,-0.00076701381476596,0.20134112238883972,-0.22972063720226288,0.23010413348674774,-0.23547323048114777,0.757042646408081,-0.7443869113922119,0.7436198592185974,-0.7574261426925659,0.044862210750579834,0.02929776906967163,-0.09018219262361526,-0.02471999265253544,-0.04852443188428879,-0.03250221163034439,-0.08194220066070557,0.047151096165180206,-0.2705465853214264,0.2467421442270279,-0.23575548827648163,0.16983550786972046,0.002786342753097415,-0.002786342753097415,-0.0024585374630987644,0.003114147577434778,0.21176204085350037,-0.2125815451145172,0.21159812808036804,-0.21127033233642578,0.7034695148468018,-0.7042890787124634,0.704125165939331,-0.704125165939331,0.0,0.0,0.0,0.0,0.0,0.0,0.0,0.0,0.0,0.0,0.0,0.0
20260708_190646_213706,2026-07-08T19:06:58.071,11.857638,pose,480,stand,0.0,0.0,0.0,0.0,0.0,0.0,0.0,0.0,1.0,fake,0.0,0.0,-1.0,-0.0,0.0,0.0,0.0,12.513432502746582,33.24028015136719,12,can0:12,7.725454807281494,20.632953643798828,,"BL_hip_joint,BR_hip_joint,FL_hip_joint,FR_hip_joint,BL_thigh_joint,BR_thigh_joint,FL_thigh_joint,FR_thigh_joint,BL_calf_joint,BR_calf_joint,FL_calf_joint,FR_calf_joint",330e02f2406e129bb6ed6ec4a6c6bcd5f80d7e7799a2ab087e81eda65d2fae69,"step=000480 mode=stand  vx= 0.000 vy= 0.000 vxy= 0.000 yaw= 0.000 speed=1.00 imu=fake tilt_rp=[-0.0,+0.0]deg imu_corr=0.000 act_max= 0.000 tau_cmd= 12.513 tau_cmd_max= 33.240 cmds=12 bus=can0:12 tau_fb= 7.725 tau_fb_max= 20.633",,,,,,,,,,,,,,,,,,,,,,,,,,,,,,,,,,,,,,,,,,,,,,,,,0.0,0.0,0.0,0.0,0.0,0.0,0.0,0.0,0.0,0.0,0.0,0.0,0.0,0.0,0.0,0.0,0.0,0.0,0.0,0.0,0.0,0.0,0.0,0.0,-0.00421857601031661,-0.0034515620209276676,-0.0026845482643693686,-0.00076701381476596,0.19252046942710876,-0.2201329618692398,0.22089996933937073,-0.22511854767799377,0.7259785532951355,-0.7140898704528809,0.7144733667373657,-0.72674560546875,0.030671102926135063,0.02609332650899887,-0.06454664468765259,0.015106662176549435,-0.06866664439439774,0.07324442267417908,-0.03707998991012573,0.04989776387810707,-0.20462660491466522,0.19959105551242828,-0.19501326978206635,0.16525772213935852,0.002669078065082431,-0.002669078065082431,-0.0023550689220428467,0.002983087208122015,0.20284992456436157,-0.20363494753837585,0.2026929259300232,-0.20237889885902405,0.6738637089729309,-0.6746487021446228,0.6744917035102844,-0.6744917035102844,0.0,0.0,0.0,0.0,0.0,0.0,0.0,0.0,0.0,0.0,0.0,0.0
20260708_190646_213706,2026-07-08T19:06:58.191,11.977510,pose,485,stand,0.0,0.0,0.0,0.0,0.0,0.0,0.0,0.0,1.0,fake,0.0,0.0,-1.0,-0.0,0.0,0.0,0.0,11.842818260192871,31.489408493041992,12,can0:12,7.7370524406433105,20.951566696166992,,"BL_hip_joint,BR_hip_joint,FL_hip_joint,FR_hip_joint,BL_thigh_joint,BR_thigh_joint,FL_thigh_joint,FR_thigh_joint,BL_calf_joint,BR_calf_joint,FL_calf_joint,FR_calf_joint",330e02f2406e129bb6ed6ec4a6c6bcd5f80d7e7799a2ab087e81eda65d2fae69,"step=000485 mode=stand  vx= 0.000 vy= 0.000 vxy= 0.000 yaw= 0.000 speed=1.00 imu=fake tilt_rp=[-0.0,+0.0]deg imu_corr=0.000 act_max= 0.000 tau_cmd= 11.843 tau_cmd_max= 31.489 cmds=12 bus=can0:12 tau_fb= 7.737 tau_fb_max= 20.952",,,,,,,,,,,,,,,,,,,,,,,,,,,,,,,,,,,,,,,,,,,,,,,,,0.0,0.0,0.0,0.0,0.0,0.0,0.0,0.0,0.0,0.0,0.0,0.0,0.0,0.0,0.0,0.0,0.0,0.0,0.0,0.0,0.0,0.0,0.0,0.0,-0.003835069015622139,-0.0034515620209276676,-0.002301041502505541,-0.00076701381476596,0.1829327940940857,-0.20939476788043976,0.21322983503341675,-0.21591438353061676,0.6960650086402893,-0.6841763257980347,0.6841763257980347,-0.6964485049247742,-0.004577776417136192,0.03250221163034439,0.0068666646257042885,-0.015564439818263054,-0.08239997923374176,0.05767998471856117,-0.07278664410114288,0.11352885514497757,-0.22614215314388275,0.24170659482479095,-0.18631550669670105,0.19638660550117493,0.0025525130331516266,-0.0025525130331516266,-0.0022522173821926117,0.0028528086841106415,0.19399097561836243,-0.19474172592163086,0.19384083151817322,-0.1935405433177948,0.6444344520568848,-0.6451852321624756,0.6450350284576416,-0.6450350284576416,0.0,0.0,0.0,0.0,0.0,0.0,0.0,0.0,0.0,0.0,0.0,0.0
20260708_190646_213706,2026-07-08T19:06:58.311,12.097472,pose,490,stand,0.0,0.0,0.0,0.0,0.0,0.0,0.0,0.0,1.0,fake,0.0,0.0,-1.0,-0.0,0.0,0.0,0.0,12.172859191894531,30.890275955200195,12,can0:12,7.802972316741943,19.494003295898438,,"BL_hip_joint,BR_hip_joint,FL_hip_joint,FR_hip_joint,BL_thigh_joint,BR_thigh_joint,FL_thigh_joint,FR_thigh_joint,BL_calf_joint,BR_calf_joint,FL_calf_joint,FR_calf_joint",330e02f2406e129bb6ed6ec4a6c6bcd5f80d7e7799a2ab087e81eda65d2fae69,"step=000490 mode=stand  vx= 0.000 vy= 0.000 vxy= 0.000 yaw= 0.000 speed=1.00 imu=fake tilt_rp=[-0.0,+0.0]deg imu_corr=0.000 act_max= 0.000 tau_cmd= 12.173 tau_cmd_max= 30.890 cmds=12 bus=can0:12 tau_fb= 7.803 tau_fb_max= 19.494",,,,,,,,,,,,,,,,,,,,,,,,,,,,,,,,,,,,,,,,,,,,,,,,,0.0,0.0,0.0,0.0,0.0,0.0,0.0,0.0,0.0,0.0,0.0,0.0,0.0,0.0,0.0,0.0,0.0,0.0,0.0,0.0,0.0,0.0,0.0,0.0,-0.003835069015622139,-0.0034515620209276676,-0.0026845482643693686,-0.00076701381476596,0.17334511876106262,-0.1998070925474167,0.20364215970039368,-0.20747722685337067,0.6665350198745728,-0.6554132699966431,0.6542627811431885,-0.6657679677009583,-0.01831110566854477,0.038453321903944016,-0.09842219203710556,0.003662221133708954,-0.041657764464616776,0.0631733164191246,-0.035248879343271255,0.07324442267417908,-0.21103549003601074,0.22705771028995514,-0.16388440132141113,0.22064882516860962,0.002436787821352482,-0.002436787821352482,-0.0021501067094504833,0.002723468467593193,0.18519586324691772,-0.18591254949569702,0.1850525140762329,-0.18476584553718567,0.6152172088623047,-0.615933895111084,0.615790605545044,-0.615790605545044,0.0,0.0,0.0,0.0,0.0,0.0,0.0,0.0,0.0,0.0,0.0,0.0
20260708_190646_213706,2026-07-08T19:06:58.431,12.217602,pose,495,stand,0.0,0.0,0.0,0.0,0.0,0.0,0.0,0.0,1.0,fake,0.0,0.0,-1.0,-0.0,0.0,0.0,0.0,11.22114086151123,29.971574783325195,12,can0:12,7.4245429039001465,19.058198928833008,,"BL_hip_joint,BR_hip_joint,FL_hip_joint,FR_hip_joint,BL_thigh_joint,BR_thigh_joint,FL_thigh_joint,FR_thigh_joint,BL_calf_joint,BR_calf_joint,FL_calf_joint,FR_calf_joint",330e02f2406e129bb6ed6ec4a6c6bcd5f80d7e7799a2ab087e81eda65d2fae69,"step=000495 mode=stand  vx= 0.000 vy= 0.000 vxy= 0.000 yaw= 0.000 speed=1.00 imu=fake tilt_rp=[-0.0,+0.0]deg imu_corr=0.000 act_max= 0.000 tau_cmd= 11.221 tau_cmd_max= 29.972 cmds=12 bus=can0:12 tau_fb= 7.425 tau_fb_max= 19.058",,,,,,,,,,,,,,,,,,,,,,,,,,,,,,,,,,,,,,,,,,,,,,,,,0.0,0.0,0.0,0.0,0.0,0.0,0.0,0.0,0.0,0.0,0.0,0.0,0.0,0.0,0.0,0.0,0.0,0.0,0.0,0.0,0.0,0.0,0.0,0.0,-0.00421857601031661,-0.0034515620209276676,-0.0026845482643693686,-0.00076701381476596,0.16529147326946259,-0.1921369582414627,0.19443799555301666,-0.19827306270599365,0.6350874304771423,-0.6258832812309265,0.6243492364883423,-0.6358544230461121,0.019226660951972008,-0.07278664410114288,0.0027466658502817154,0.010528885759413242,-0.0718710869550705,0.10666219145059586,-0.14740440249443054,0.12817774713039398,-0.18494217097759247,0.20187993347644806,-0.2069154977798462,0.19547104835510254,0.002322041429579258,-0.002322041429579258,-0.002048859838396311,0.002595222555100918,0.1764751374721527,-0.17715808749198914,0.1763385534286499,-0.1760653555393219,0.5862470865249634,-0.5869300365447998,0.5867935419082642,-0.5867935419082642,0.0,0.0,0.0,0.0,0.0,0.0,0.0,0.0,0.0,0.0,0.0,0.0
20260708_190646_213706,2026-07-08T19:06:58.551,12.337556,pose,500,stand,0.0,0.0,0.0,0.0,0.0,0.0,0.0,0.0,1.0,fake,0.0,0.0,-1.0,-0.0,0.0,0.0,0.0,11.439993858337402,28.788379669189453,12,can0:12,7.243873119354248,17.80571937561035,,"BL_hip_joint,BR_hip_joint,FL_hip_joint,FR_hip_joint,BL_thigh_joint,BR_thigh_joint,FL_thigh_joint,FR_thigh_joint,BL_calf_joint,BR_calf_joint,FL_calf_joint,FR_calf_joint",330e02f2406e129bb6ed6ec4a6c6bcd5f80d7e7799a2ab087e81eda65d2fae69,"step=000500 mode=stand  vx= 0.000 vy= 0.000 vxy= 0.000 yaw= 0.000 speed=1.00 imu=fake tilt_rp=[-0.0,+0.0]deg imu_corr=0.000 act_max= 0.000 tau_cmd= 11.440 tau_cmd_max= 28.788 cmds=12 bus=can0:12 tau_fb= 7.244 tau_fb_max= 17.806",,,,,,,,,,,,,,,,,,,,,,,,,,,,,,,,,,,,,,,,,,,,,,,,,0.0,0.0,0.0,0.0,0.0,0.0,0.0,0.0,0.0,0.0,0.0,0.0,0.0,0.0,0.0,0.0,0.0,0.0,0.0,0.0,0.0,0.0,0.0,0.0,-0.003835069015622139,-0.0034515620209276676,-0.002301041502505541,-0.00076701381476596,0.1568543165922165,-0.18254928290843964,0.18600085377693176,-0.18830189108848572,0.6051738858222961,-0.5955862402915955,0.5952026844024658,-0.6063244342803955,0.08285775035619736,-0.053559985011816025,-0.07415997982025146,-0.007324442267417908,-0.04531998559832573,0.040742211043834686,-0.08651997148990631,0.04440443217754364,-0.19226661324501038,0.17212440073490143,-0.12497329711914062,0.29023101925849915,0.0022084140218794346,-0.0022084140218794346,-0.001948600634932518,0.002468227408826351,0.16783946752548218,-0.1684889793395996,0.1677095592021942,-0.1674497425556183,0.557559609413147,-0.5582090616226196,0.5580792427062988,-0.5580792427062988,0.0,0.0,0.0,0.0,0.0,0.0,0.0,0.0,0.0,0.0,0.0,0.0
20260708_190646_213706,2026-07-08T19:06:58.671,12.457732,pose,505,stand,0.0,0.0,0.0,0.0,0.0,0.0,0.0,0.0,1.0,fake,0.0,0.0,-1.0,-0.0,0.0,0.0,0.0,11.026253700256348,31.47771644592285,12,can0:12,7.317117214202881,17.867977142333984,,"BL_hip_joint,BR_hip_joint,FL_hip_joint,FR_hip_joint,BL_thigh_joint,BR_thigh_joint,FL_thigh_joint,FR_thigh_joint,BL_calf_joint,BR_calf_joint,FL_calf_joint,FR_calf_joint",330e02f2406e129bb6ed6ec4a6c6bcd5f80d7e7799a2ab087e81eda65d2fae69,"step=000505 mode=stand  vx= 0.000 vy= 0.000 vxy= 0.000 yaw= 0.000 speed=1.00 imu=fake tilt_rp=[-0.0,+0.0]deg imu_corr=0.000 act_max= 0.000 tau_cmd= 11.026 tau_cmd_max= 31.478 cmds=12 bus=can0:12 tau_fb= 7.317 tau_fb_max= 17.868",,,,,,,,,,,,,,,,,,,,,,,,,,,,,,,,,,,,,,,,,,,,,,,,,0.0,0.0,0.0,0.0,0.0,0.0,0.0,0.0,0.0,0.0,0.0,0.0,0.0,0.0,0.0,0.0,0.0,0.0,0.0,0.0,0.0,0.0,0.0,0.0,-0.0034515620209276676,-0.00306805525906384,-0.002301041502505541,-0.00076701381476596,0.14880067110061646,-0.17296160757541656,0.17756369709968567,-0.17986473441123962,0.5756438374519348,-0.5668231844902039,0.5656726956367493,-0.577177882194519,0.003662221133708954,-0.008239997550845146,0.05722220614552498,-0.027924437075853348,-0.01235999632626772,0.10254219174385071,-0.04348887503147125,0.1034577488899231,-0.09338664263486862,0.17670217156410217,-0.20462660491466522,0.2449110448360443,0.0020960457623004913,-0.0020960457623004913,-0.0018494520336389542,0.0023426394909620285,0.15929946303367615,-0.159915953874588,0.15917617082595825,-0.15892958641052246,0.529189944267273,-0.52980637550354,0.5296831130981445,-0.5296831130981445,0.0,0.0,0.0,0.0,0.0,0.0,0.0,0.0,0.0,0.0,0.0,0.0
20260708_190646_213706,2026-07-08T19:06:58.791,12.577582,pose,510,stand,0.0,0.0,0.0,0.0,0.0,0.0,0.0,0.0,1.0,fake,0.0,0.0,-1.0,-0.0,0.0,0.0,0.0,10.853779792785645,28.14202880859375,12,can0:12,7.064119815826416,17.358928680419922,,"BL_hip_joint,BR_hip_joint,FL_hip_joint,FR_hip_joint,BL_thigh_joint,BR_thigh_joint,FL_thigh_joint,FR_thigh_joint,BL_calf_joint,BR_calf_joint,FL_calf_joint,FR_calf_joint",330e02f2406e129bb6ed6ec4a6c6bcd5f80d7e7799a2ab087e81eda65d2fae69,"step=000510 mode=stand  vx= 0.000 vy= 0.000 vxy= 0.000 yaw= 0.000 speed=1.00 imu=fake tilt_rp=[-0.0,+0.0]deg imu_corr=0.000 act_max= 0.000 tau_cmd= 10.854 tau_cmd_max= 28.142 cmds=12 bus=can0:12 tau_fb= 7.064 tau_fb_max= 17.359",,,,,,,,,,,,,,,,,,,,,,,,,,,,,,,,,,,,,,,,,,,,,,,,,0.0,0.0,0.0,0.0,0.0,0.0,0.0,0.0,0.0,0.0,0.0,0.0,0.0,0.0,0.0,0.0,0.0,0.0,0.0,0.0,0.0,0.0,0.0,0.0,-0.003835069015622139,-0.00306805525906384,-0.002301041502505541,-0.00076701381476596,0.14113053679466248,-0.16567498445510864,0.16874302923679352,-0.1718110889196396,0.5461138486862183,-0.5388271808624268,0.5372931957244873,-0.5484148859977722,-0.002288888208568096,-0.06683553755283356,0.027924437075853348,0.01739555038511753,-0.036164432764053345,0.016937773674726486,-0.06775109469890594,0.05081331729888916,-0.24124881625175476,0.24079103767871857,-0.18631550669670105,0.19272439181804657,0.0019850763492286205,-0.0019850763492286205,-0.0017515379004180431,0.0022186143323779106,0.15086579322814941,-0.15144962072372437,0.15074902772903442,-0.15051546692848206,0.5011733770370483,-0.5017571449279785,0.5016404390335083,-0.5016404390335083,0.0,0.0,0.0,0.0,0.0,0.0,0.0,0.0,0.0,0.0,0.0,0.0
20260708_190646_213706,2026-07-08T19:06:58.911,12.697510,pose,515,stand,0.0,0.0,0.0,0.0,0.0,0.0,0.0,0.0,1.0,fake,0.0,0.0,-1.0,-0.0,0.0,0.0,0.0,10.271313667297363,26.164045333862305,12,can0:12,6.4842681884765625,16.399425506591797,,"BL_hip_joint,BR_hip_joint,FL_hip_joint,FR_hip_joint,BL_thigh_joint,BR_thigh_joint,FL_thigh_joint,FR_thigh_joint,BL_calf_joint,BR_calf_joint,FL_calf_joint,FR_calf_joint",330e02f2406e129bb6ed6ec4a6c6bcd5f80d7e7799a2ab087e81eda65d2fae69,"step=000515 mode=stand  vx= 0.000 vy= 0.000 vxy= 0.000 yaw= 0.000 speed=1.00 imu=fake tilt_rp=[-0.0,+0.0]deg imu_corr=0.000 act_max= 0.000 tau_cmd= 10.271 tau_cmd_max= 26.164 cmds=12 bus=can0:12 tau_fb= 6.484 tau_fb_max= 16.399",,,,,,,,,,,,,,,,,,,,,,,,,,,,,,,,,,,,,,,,,,,,,,,,,0.0,0.0,0.0,0.0,0.0,0.0,0.0,0.0,0.0,0.0,0.0,0.0,0.0,0.0,0.0,0.0,0.0,0.0,0.0,0.0,0.0,0.0,0.0,0.0,-0.003835069015622139,-0.00306805525906384,-0.0019175345078110695,-0.00038350690738298,0.13422740995883942,-0.1576213389635086,0.16030588746070862,-0.16260692477226257,0.5169672966003418,-0.5104476809501648,0.5089136362075806,-0.5200353860855103,-0.0119022186845541,-0.0196844395250082,0.02700888179242611,0.031128879636526108,-0.0315866582095623,0.10666219145059586,-0.010071108117699623,0.04989776387810707,-0.24170659482479095,0.24216437339782715,-0.13962218165397644,0.23255103826522827,0.0018756454810500145,-0.0018756454810500145,-0.0016549811698496342,0.0020963093265891075,0.1425490379333496,-0.14310070872306824,0.14243870973587036,-0.14221805334091187,0.4735453128814697,-0.4740968942642212,0.4739866256713867,-0.4739866256713867,0.0,0.0,0.0,0.0,0.0,0.0,0.0,0.0,0.0,0.0,0.0,0.0
20260708_190646_213706,2026-07-08T19:06:59.031,12.817371,pose,520,stand,0.0,0.0,0.0,0.0,0.0,0.0,0.0,0.0,1.0,fake,0.0,0.0,-1.0,-0.0,0.0,0.0,0.0,11.242724418640137,27.07246971130371,12,can0:12,6.43208122253418,15.934324264526367,,"BL_hip_joint,BR_hip_joint,FL_hip_joint,FR_hip_joint,BL_thigh_joint,BR_thigh_joint,FL_thigh_joint,FR_thigh_joint,BL_calf_joint,BR_calf_joint,FL_calf_joint,FR_calf_joint",330e02f2406e129bb6ed6ec4a6c6bcd5f80d7e7799a2ab087e81eda65d2fae69,"step=000520 mode=stand  vx= 0.000 vy= 0.000 vxy= 0.000 yaw= 0.000 speed=1.00 imu=fake tilt_rp=[-0.0,+0.0]deg imu_corr=0.000 act_max= 0.000 tau_cmd= 11.243 tau_cmd_max= 27.072 cmds=12 bus=can0:12 tau_fb= 6.432 tau_fb_max= 15.934",,,,,,,,,,,,,,,,,,,,,,,,,,,,,,,,,,,,,,,,,,,,,,,,,0.0,0.0,0.0,0.0,0.0,0.0,0.0,0.0,0.0,0.0,0.0,0.0,0.0,0.0,0.0,0.0,0.0,0.0,0.0,0.0,0.0,0.0,0.0,0.0,-0.0034515620209276676,-0.00306805525906384,-0.0019175345078110695,-0.00076701381476596,0.12579026818275452,-0.14765015244483948,0.15148521959781647,-0.1530192494392395,0.48858779668807983,-0.4824516773223877,0.48206818103790283,-0.49203935265541077,-0.07324442267417908,0.0787377581000328,-0.08423108607530594,0.059053316712379456,-0.10116885602474213,0.06546220183372498,-0.10116885602474213,-0.0315866582095623,-0.16022217273712158,0.13779106736183167,-0.15610218048095703,0.191351056098938,0.0017678928561508656,-0.0017678928561508656,-0.0015599057078361511,0.0019758804701268673,0.13435986638069153,-0.13487982749938965,0.13425585627555847,-0.13404786586761475,0.4463409185409546,-0.4468609094619751,0.4467569589614868,-0.4467569589614868,0.0,0.0,0.0,0.0,0.0,0.0,0.0,0.0,0.0,0.0,0.0,0.0
20260708_190646_213706,2026-07-08T19:06:59.152,12.938328,pose,525,stand,0.0,0.0,0.0,0.0,0.0,0.0,0.0,0.0,1.0,fake,0.0,0.0,-1.0,-0.0,0.0,0.0,0.0,10.167581558227539,28.783660888671875,12,can0:12,6.2721638679504395,16.1833553314209,,"BL_hip_joint,BR_hip_joint,FL_hip_joint,FR_hip_joint,BL_thigh_joint,BR_thigh_joint,FL_thigh_joint,FR_thigh_joint,BL_calf_joint,BR_calf_joint,FL_calf_joint,FR_calf_joint",330e02f2406e129bb6ed6ec4a6c6bcd5f80d7e7799a2ab087e81eda65d2fae69,"step=000525 mode=stand  vx= 0.000 vy= 0.000 vxy= 0.000 yaw= 0.000 speed=1.00 imu=fake tilt_rp=[-0.0,+0.0]deg imu_corr=0.000 act_max= 0.000 tau_cmd= 10.168 tau_cmd_max= 28.784 cmds=12 bus=can0:12 tau_fb= 6.272 tau_fb_max= 16.183",,,,,,,,,,,,,,,,,,,,,,,,,,,,,,,,,,,,,,,,,,,,,,,,,0.0,0.0,0.0,0.0,0.0,0.0,0.0,0.0,0.0,0.0,0.0,0.0,0.0,0.0,0.0,0.0,0.0,0.0,0.0,0.0,0.0,0.0,0.0,0.0,-0.0034515620209276676,-0.00306805525906384,-0.0019175345078110695,-0.00038350690738298,0.11735311150550842,-0.13844598829746246,0.1426645666360855,-0.14496560394763947,0.46135881543159485,-0.4552226960659027,0.45483916997909546,-0.4636598527431488,0.07003998011350632,-0.056764427572488785,0.038453321903944016,0.041657764464616776,-0.055848874151706696,0.04898220673203468,-0.09338664263486862,0.05630664899945259,-0.07049775868654251,0.19363994896411896,-0.221564382314682,0.15472884476184845,0.0016619586385786533,-0.0016619586385786533,-0.001466433983296156,0.0018574832938611507,0.1263088583946228,-0.12679767608642578,0.12621110677719116,-0.1260155737400055,0.41959571838378906,-0.42008447647094727,0.4199867248535156,-0.4199867248535156,0.0,0.0,0.0,0.0,0.0,0.0,0.0,0.0,0.0,0.0,0.0,0.0
20260708_190646_213706,2026-07-08T19:06:59.270,13.056614,pose,530,stand,0.0,0.0,0.0,0.0,0.0,0.0,0.0,0.0,1.0,fake,0.0,0.0,-1.0,-0.0,0.0,0.0,0.0,9.525115966796875,22.678251266479492,12,can0:12,6.523331165313721,15.828119277954102,,"BL_hip_joint,BR_hip_joint,FL_hip_joint,FR_hip_joint,BL_thigh_joint,BR_thigh_joint,FL_thigh_joint,FR_thigh_joint,BL_calf_joint,BR_calf_joint,FL_calf_joint,FR_calf_joint",330e02f2406e129bb6ed6ec4a6c6bcd5f80d7e7799a2ab087e81eda65d2fae69,"step=000530 mode=stand  vx= 0.000 vy= 0.000 vxy= 0.000 yaw= 0.000 speed=1.00 imu=fake tilt_rp=[-0.0,+0.0]deg imu_corr=0.000 act_max= 0.000 tau_cmd= 9.525 tau_cmd_max= 22.678 cmds=12 bus=can0:12 tau_fb= 6.523 tau_fb_max= 15.828",,,,,,,,,,,,,,,,,,,,,,,,,,,,,,,,,,,,,,,,,,,,,,,,,0.0,0.0,0.0,0.0,0.0,0.0,0.0,0.0,0.0,0.0,0.0,0.0,0.0,0.0,0.0,0.0,0.0,0.0,0.0,0.0,0.0,0.0,0.0,0.0,-0.0034515620209276676,-0.0026845482643693686,-0.0019175345078110695,-0.00038350690738298,0.11044998466968536,-0.13115936517715454,0.13422740995883942,-0.13652846217155457,0.43336281180381775,-0.42876070737838745,0.4276101887226105,-0.43643084168434143,-0.004577776417136192,0.0718710869550705,0.03021332435309887,0.0032044434919953346,-0.06637775897979736,0.024262215942144394,-0.0714133158326149,0.0636310949921608,-0.2449110448360443,0.14694662392139435,-0.2133243829011917,0.2600176930427551,0.0015579829923808575,-0.0015579829923808575,-0.001374690793454647,0.0017412751913070679,0.11840671300888062,-0.11886495351791382,0.11831507086753845,-0.11813178658485413,0.3933448791503906,-0.39380311965942383,0.39371156692504883,-0.39371156692504883,0.0,0.0,0.0,0.0,0.0,0.0,0.0,0.0,0.0,0.0,0.0,0.0
20260708_190646_213706,2026-07-08T19:06:59.388,13.175015,pose,535,stand,0.0,0.0,0.0,0.0,0.0,0.0,0.0,0.0,1.0,fake,0.0,0.0,-1.0,-0.0,0.0,0.0,0.0,8.607743263244629,22.841888427734375,12,can0:12,5.922727108001709,14.630573272705078,,"BL_hip_joint,BR_hip_joint,FL_hip_joint,FR_hip_joint,BL_thigh_joint,BR_thigh_joint,FL_thigh_joint,FR_thigh_joint,BL_calf_joint,BR_calf_joint,FL_calf_joint,FR_calf_joint",330e02f2406e129bb6ed6ec4a6c6bcd5f80d7e7799a2ab087e81eda65d2fae69,"step=000535 mode=stand  vx= 0.000 vy= 0.000 vxy= 0.000 yaw= 0.000 speed=1.00 imu=fake tilt_rp=[-0.0,+0.0]deg imu_corr=0.000 act_max= 0.000 tau_cmd= 8.608 tau_cmd_max= 22.842 cmds=12 bus=can0:12 tau_fb= 5.923 tau_fb_max= 14.631",,,,,,,,,,,,,,,,,,,,,,,,,,,,,,,,,,,,,,,,,,,,,,,,,0.0,0.0,0.0,0.0,0.0,0.0,0.0,0.0,0.0,0.0,0.0,0.0,0.0,0.0,0.0,0.0,0.0,0.0,0.0,0.0,0.0,0.0,0.0,0.0,-0.0034515620209276676,-0.00306805525906384,-0.0019175345078110695,-0.00038350690738298,0.10393036901950836,-0.12310571223497391,0.12617376446723938,-0.12732429802417755,0.4057503044605255,-0.40191522240638733,0.4003812074661255,-0.4095853567123413,0.053559985011816025,0.04989776387810707,-0.01144444104284048,-0.013733329251408577,-0.02059999480843544,0.06637775897979736,-0.06683553755283356,0.0393688790500164,-0.21698659658432007,0.23346659541130066,-0.19501326978206635,0.23255103826522827,0.001456105150282383,-0.001456105150282383,-0.0012847986072301865,0.0016274116933345795,0.11066398024559021,-0.11109226942062378,0.11057832837104797,-0.1104070246219635,0.3676236867904663,-0.36805200576782227,0.36796629428863525,-0.36796629428863525,0.0,0.0,0.0,0.0,0.0,0.0,0.0,0.0,0.0,0.0,0.0,0.0
20260708_190646_213706,2026-07-08T19:06:59.506,13.292986,pose,540,stand,0.0,0.0,0.0,0.0,0.0,0.0,0.0,0.0,1.0,fake,0.0,0.0,-1.0,-0.0,0.0,0.0,0.0,8.905954360961914,25.709251403808594,12,can0:12,5.739311218261719,15.194555282592773,,"BL_hip_joint,BR_hip_joint,FL_hip_joint,FR_hip_joint,BL_thigh_joint,BR_thigh_joint,FL_thigh_joint,FR_thigh_joint,BL_calf_joint,BR_calf_joint,FL_calf_joint,FR_calf_joint",330e02f2406e129bb6ed6ec4a6c6bcd5f80d7e7799a2ab087e81eda65d2fae69,"step=000540 mode=stand  vx= 0.000 vy= 0.000 vxy= 0.000 yaw= 0.000 speed=1.00 imu=fake tilt_rp=[-0.0,+0.0]deg imu_corr=0.000 act_max= 0.000 tau_cmd= 8.906 tau_cmd_max= 25.709 cmds=12 bus=can0:12 tau_fb= 5.739 tau_fb_max= 15.195",,,,,,,,,,,,,,,,,,,,,,,,,,,,,,,,,,,,,,,,,,,,,,,,,0.0,0.0,0.0,0.0,0.0,0.0,0.0,0.0,0.0,0.0,0.0,0.0,0.0,0.0,0.0,0.0,0.0,0.0,0.0,0.0,0.0,0.0,0.0,0.0,-0.00306805525906384,-0.00306805525906384,-0.00153402762953192,-0.00038350690738298,0.09626023471355438,-0.11428505927324295,0.11812012642621994,-0.11812012642621994,0.37928831577301025,-0.3758367598056793,0.3750697374343872,-0.3842739164829254,0.06179998070001602,0.02471999265253544,0.018768884241580963,0.016022218391299248,-0.05401776358485222,0.07827997952699661,0.01739555038511753,0.1345866322517395,-0.1579332798719406,0.20050661265850067,-0.11535996943712234,0.1501510739326477,0.0013564657419919968,-0.0013564657419919968,-0.001196881290525198,0.0015160497277975082,0.10309138894081116,-0.10349035263061523,0.10301157832145691,-0.10285201668739319,0.34246766567230225,-0.3428666591644287,0.3427867889404297,-0.3427867889404297,0.0,0.0,0.0,0.0,0.0,0.0,0.0,0.0,0.0,0.0,0.0,0.0
20260708_190646_213706,2026-07-08T19:06:59.624,13.410994,pose,545,stand,0.0,0.0,0.0,0.0,0.0,0.0,0.0,0.0,1.0,fake,0.0,0.0,-1.0,-0.0,0.0,0.0,0.0,9.261817932128906,23.874284744262695,12,can0:12,5.356608867645264,14.524369239807129,,"BL_hip_joint,BR_hip_joint,FL_hip_joint,FR_hip_joint,BL_thigh_joint,BR_thigh_joint,FL_thigh_joint,FR_thigh_joint,BL_calf_joint,BR_calf_joint,FL_calf_joint,FR_calf_joint",330e02f2406e129bb6ed6ec4a6c6bcd5f80d7e7799a2ab087e81eda65d2fae69,"step=000545 mode=stand  vx= 0.000 vy= 0.000 vxy= 0.000 yaw= 0.000 speed=1.00 imu=fake tilt_rp=[-0.0,+0.0]deg imu_corr=0.000 act_max= 0.000 tau_cmd= 9.262 tau_cmd_max= 23.874 cmds=12 bus=can0:12 tau_fb= 5.357 tau_fb_max= 14.524",,,,,,,,,,,,,,,,,,,,,,,,,,,,,,,,,,,,,,,,,,,,,,,,,0.0,0.0,0.0,0.0,0.0,0.0,0.0,0.0,0.0,0.0,0.0,0.0,0.0,0.0,0.0,0.0,0.0,0.0,0.0,0.0,0.0,0.0,0.0,0.0,-0.0034515620209276676,-0.0026845482643693686,-0.0019175345078110695,-0.00038350690738298,0.0885900929570198,-0.10623141378164291,0.1100664809346199,-0.1100664809346199,0.3535933494567871,-0.3509088158607483,0.35129231214523315,-0.35896244645118713,0.030671102926135063,0.001831110566854477,-0.10071108490228653,0.08011108636856079,-0.10116885602474213,0.0714133158326149,-0.10025330632925034,0.06912442296743393,-0.12131107598543167,0.20004883408546448,-0.125888854265213,0.18585772812366486,0.0012592035345733166,-0.0012592035345733166,-0.0011110617779195309,0.001407344825565815,0.09569945931434631,-0.0960698127746582,0.0956253707408905,-0.09547725319862366,0.31791186332702637,-0.3182821273803711,0.31820809841156006,-0.31820809841156006,0.0,0.0,0.0,0.0,0.0,0.0,0.0,0.0,0.0,0.0,0.0,0.0
20260708_190646_213706,2026-07-08T19:06:59.742,13.528368,pose,550,stand,0.0,0.0,0.0,0.0,0.0,0.0,0.0,0.0,1.0,fake,0.0,0.0,-1.0,-0.0,0.0,0.0,0.0,8.552393913269043,23.350969314575195,12,can0:12,5.383464813232422,13.949399948120117,,"BL_hip_joint,BR_hip_joint,FL_hip_joint,FR_hip_joint,BL_thigh_joint,BR_thigh_joint,FL_thigh_joint,FR_thigh_joint,BL_calf_joint,BR_calf_joint,FL_calf_joint,FR_calf_joint",330e02f2406e129bb6ed6ec4a6c6bcd5f80d7e7799a2ab087e81eda65d2fae69,"step=000550 mode=stand  vx= 0.000 vy= 0.000 vxy= 0.000 yaw= 0.000 speed=1.00 imu=fake tilt_rp=[-0.0,+0.0]deg imu_corr=0.000 act_max= 0.000 tau_cmd= 8.552 tau_cmd_max= 23.351 cmds=12 bus=can0:12 tau_fb= 5.383 tau_fb_max= 13.949",,,,,,,,,,,,,,,,,,,,,,,,,,,,,,,,,,,,,,,,,,,,,,,,,0.0,0.0,0.0,0.0,0.0,0.0,0.0,0.0,0.0,0.0,0.0,0.0,0.0,0.0,0.0,0.0,0.0,0.0,0.0,0.0,0.0,0.0,0.0,0.0,-0.0034515620209276676,-0.00306805525906384,-0.0019175345078110695,-0.00038350690738298,0.08283749222755432,-0.09971179068088531,0.1016293317079544,-0.10201283544301987,0.3282819092273712,-0.3263643682003021,0.32598087191581726,-0.3332675099372864,0.05859553813934326,-0.05264442786574364,0.04257332161068916,0.008239997550845146,-0.03021332435309887,0.05172887444496155,-0.08789330720901489,0.07827997952699661,-0.12405773997306824,0.17578661441802979,-0.13687551021575928,0.16388440132141113,0.0011644591577351093,-0.0011644591577351093,-0.001027463935315609,0.0013014539144933224,0.08849889039993286,-0.08884137868881226,0.08843037486076355,-0.08829337358474731,0.2939915657043457,-0.29433417320251465,0.29426562786102295,-0.29426562786102295,0.0,0.0,0.0,0.0,0.0,0.0,0.0,0.0,0.0,0.0,0.0,0.0
20260708_190646_213706,2026-07-08T19:06:59.860,13.646758,pose,555,stand,0.0,0.0,0.0,0.0,0.0,0.0,0.0,0.0,1.0,fake,0.0,0.0,-1.0,-0.0,0.0,0.0,0.0,8.137609481811523,22.231000900268555,12,can0:12,5.133518218994141,14.271676063537598,,"BL_hip_joint,BR_hip_joint,FL_hip_joint,FR_hip_joint,BL_thigh_joint,BR_thigh_joint,FL_thigh_joint,FR_thigh_joint,BL_calf_joint,BR_calf_joint,FL_calf_joint,FR_calf_joint",330e02f2406e129bb6ed6ec4a6c6bcd5f80d7e7799a2ab087e81eda65d2fae69,"step=000555 mode=stand  vx= 0.000 vy= 0.000 vxy= 0.000 yaw= 0.000 speed=1.00 imu=fake tilt_rp=[-0.0,+0.0]deg imu_corr=0.000 act_max= 0.000 tau_cmd= 8.138 tau_cmd_max= 22.231 cmds=12 bus=can0:12 tau_fb= 5.134 tau_fb_max= 14.272",,,,,,,,,,,,,,,,,,,,,,,,,,,,,,,,,,,,,,,,,,,,,,,,,0.0,0.0,0.0,0.0,0.0,0.0,0.0,0.0,0.0,0.0,0.0,0.0,0.0,0.0,0.0,0.0,0.0,0.0,0.0,0.0,0.0,0.0,0.0,0.0,-0.0034515620209276676,-0.00306805525906384,-0.0019175345078110695,-0.00038350690738298,0.07708488404750824,-0.0924251601099968,0.09395918995141983,-0.09319217503070831,0.30373746156692505,-0.30181992053985596,0.30105292797088623,-0.3087230622768402,0.037537768483161926,-0.047151096165180206,-0.0027466658502817154,0.03250221163034439,-0.04669332131743431,0.030671102926135063,-0.09063997119665146,0.07049775868654251,-0.11215551942586899,0.20828883349895477,-0.11032441258430481,0.16846217215061188,0.0010723723098635674,-0.0010723723098635674,-0.0009462106972932816,0.0011985334567725658,0.08150029182434082,-0.0818156898021698,0.08143720030784607,-0.08131104707717896,0.27074241638183594,-0.2710578441619873,0.27099478244781494,-0.27099478244781494,0.0,0.0,0.0,0.0,0.0,0.0,0.0,0.0,0.0,0.0,0.0,0.0
20260708_190646_213706,2026-07-08T19:06:59.979,13.765683,pose,560,stand,0.0,0.0,0.0,0.0,0.0,0.0,0.0,0.0,1.0,fake,0.0,0.0,-1.0,-0.0,0.0,0.0,0.0,6.924285888671875,23.04224967956543,12,can0:12,4.860682964324951,14.070253372192383,,"BL_hip_joint,BR_hip_joint,FL_hip_joint,FR_hip_joint,BL_thigh_joint,BR_thigh_joint,FL_thigh_joint,FR_thigh_joint,BL_calf_joint,BR_calf_joint,FL_calf_joint,FR_calf_joint",330e02f2406e129bb6ed6ec4a6c6bcd5f80d7e7799a2ab087e81eda65d2fae69,"step=000560 mode=stand  vx= 0.000 vy= 0.000 vxy= 0.000 yaw= 0.000 speed=1.00 imu=fake tilt_rp=[-0.0,+0.0]deg imu_corr=0.000 act_max= 0.000 tau_cmd= 6.924 tau_cmd_max= 23.042 cmds=12 bus=can0:12 tau_fb= 4.861 tau_fb_max= 14.070",,,,,,,,,,,,,,,,,,,,,,,,,,,,,,,,,,,,,,,,,,,,,,,,,0.0,0.0,0.0,0.0,0.0,0.0,0.0,0.0,0.0,0.0,0.0,0.0,0.0,0.0,0.0,0.0,0.0,0.0,0.0,0.0,0.0,0.0,0.0,0.0,-0.00306805525906384,-0.0026845482643693686,-0.00153402762953192,-0.00038350690738298,0.07056526839733124,-0.08475502580404282,0.08667255938053131,-0.08475502580404282,0.27957653999328613,-0.278809517621994,0.2780424952507019,-0.285329133272171,0.09613330662250519,0.055848874151706696,-0.0009155552834272385,0.002288888208568096,-0.10391552746295929,0.06591998040676117,-0.1345866322517395,0.1821954995393753,-0.19318217039108276,0.2302621603012085,-0.1899777203798294,0.12863551080226898,0.000983082689344883,-0.000983082689344883,-0.0008674259297549725,0.0010987394489347935,0.0747143030166626,-0.07500344514846802,0.07465645670890808,-0.07454082369804382,0.248199462890625,-0.2484886646270752,0.24843084812164307,-0.24843084812164307,0.0,0.0,0.0,0.0,0.0,0.0,0.0,0.0,0.0,0.0,0.0,0.0
20260708_190646_213706,2026-07-08T19:07:00.097,13.883338,pose,565,stand,0.0,0.0,0.0,0.0,0.0,0.0,0.0,0.0,1.0,fake,0.0,0.0,-1.0,-0.0,0.0,0.0,0.0,7.205053806304932,23.204008102416992,12,can0:12,5.234229564666748,15.615711212158203,,"BL_hip_joint,BR_hip_joint,FL_hip_joint,FR_hip_joint,BL_thigh_joint,BR_thigh_joint,FL_thigh_joint,FR_thigh_joint,BL_calf_joint,BR_calf_joint,FL_calf_joint,FR_calf_joint",330e02f2406e129bb6ed6ec4a6c6bcd5f80d7e7799a2ab087e81eda65d2fae69,"step=000565 mode=stand  vx= 0.000 vy= 0.000 vxy= 0.000 yaw= 0.000 speed=1.00 imu=fake tilt_rp=[-0.0,+0.0]deg imu_corr=0.000 act_max= 0.000 tau_cmd= 7.205 tau_cmd_max= 23.204 cmds=12 bus=can0:12 tau_fb= 5.234 tau_fb_max= 15.616",,,,,,,,,,,,,,,,,,,,,,,,,,,,,,,,,,,,,,,,,,,,,,,,,0.0,0.0,0.0,0.0,0.0,0.0,0.0,0.0,0.0,0.0,0.0,0.0,0.0,0.0,0.0,0.0,0.0,0.0,0.0,0.0,0.0,0.0,0.0,0.0,-0.00306805525906384,-0.0026845482643693686,-0.00153402762953192,-0.00038350690738298,0.06404565274715424,-0.0774683952331543,0.07938592880964279,-0.0774683952331543,0.2565661072731018,-0.25618261098861694,0.25618261098861694,-0.2630857229232788,0.07736442238092422,-0.024262215942144394,0.08606220036745071,-0.00595110934227705,-0.018768884241580963,0.05859553813934326,-0.14557328820228577,0.08423108607530594,-0.21057771146297455,0.173955500125885,-0.09155552834272385,0.11535996943712234,0.0008967304602265358,-0.0008967304602265358,-0.0007912325672805309,0.0010022278875112534,0.06815150380134583,-0.06841525435447693,0.0680987536907196,-0.06799325346946716,0.22639799118041992,-0.2266618013381958,0.2266089916229248,-0.2266089916229248,0.0,0.0,0.0,0.0,0.0,0.0,0.0,0.0,0.0,0.0,0.0,0.0
20260708_190646_213706,2026-07-08T19:07:00.215,14.001312,pose,570,stand,0.0,0.0,0.0,0.0,0.0,0.0,0.0,0.0,1.0,fake,0.0,0.0,-1.0,-0.0,0.0,0.0,0.0,7.28113317489624,19.75925636291504,12,can0:12,4.9687180519104,14.86861801147461,,"BL_hip_joint,BR_hip_joint,FL_hip_joint,FR_hip_joint,BL_thigh_joint,BR_thigh_joint,FL_thigh_joint,FR_thigh_joint,BL_calf_joint,BR_calf_joint,FL_calf_joint,FR_calf_joint",330e02f2406e129bb6ed6ec4a6c6bcd5f80d7e7799a2ab087e81eda65d2fae69,"step=000570 mode=stand  vx= 0.000 vy= 0.000 vxy= 0.000 yaw= 0.000 speed=1.00 imu=fake tilt_rp=[-0.0,+0.0]deg imu_corr=0.000 act_max= 0.000 tau_cmd= 7.281 tau_cmd_max= 19.759 cmds=12 bus=can0:12 tau_fb= 4.969 tau_fb_max= 14.869",,,,,,,,,,,,,,,,,,,,,,,,,,,,,,,,,,,,,,,,,,,,,,,,,0.0,0.0,0.0,0.0,0.0,0.0,0.0,0.0,0.0,0.0,0.0,0.0,0.0,0.0,0.0,0.0,0.0,0.0,0.0,0.0,0.0,0.0,0.0,0.0,-0.00306805525906384,-0.0026845482643693686,-0.00153402762953192,-0.00038350690738298,0.05829304829239845,-0.07133228331804276,0.07248280197381973,-0.07056526839733124,0.23393921554088593,-0.23393921554088593,0.23355570435523987,-0.24045883119106293,0.07370220124721527,-0.04028443247079849,-0.021973326802253723,0.03021332435309887,-0.0636310949921608,0.056764427572488785,-0.008239997550845146,0.02288888208568096,-0.1419110745191574,0.1272621899843216,-0.1753288358449936,0.17807550728321075,0.0008134548552334309,-0.0008134548552334309,-0.0007177544757723808,0.0009091552346944809,0.0618225634098053,-0.062061816453933716,0.06177473068237305,-0.06167900562286377,0.20537340641021729,-0.2056126594543457,0.20556485652923584,-0.20556485652923584,0.0,0.0,0.0,0.0,0.0,0.0,0.0,0.0,0.0,0.0,0.0,0.0
20260708_190646_213706,2026-07-08T19:07:00.334,14.120598,pose,575,stand,0.0,0.0,0.0,0.0,0.0,0.0,0.0,0.0,1.0,fake,0.0,0.0,-1.0,-0.0,0.0,0.0,0.0,6.764984607696533,18.594623565673828,12,can0:12,4.306772232055664,12.191534042358398,,"BL_hip_joint,BR_hip_joint,FL_hip_joint,FR_hip_joint,BL_thigh_joint,BR_thigh_joint,FL_thigh_joint,FR_thigh_joint,BL_calf_joint,BR_calf_joint,FL_calf_joint,FR_calf_joint",330e02f2406e129bb6ed6ec4a6c6bcd5f80d7e7799a2ab087e81eda65d2fae69,"step=000575 mode=stand  vx= 0.000 vy= 0.000 vxy= 0.000 yaw= 0.000 speed=1.00 imu=fake tilt_rp=[-0.0,+0.0]deg imu_corr=0.000 act_max= 0.000 tau_cmd= 6.765 tau_cmd_max= 18.595 cmds=12 bus=can0:12 tau_fb= 4.307 tau_fb_max= 12.192",,,,,,,,,,,,,,,,,,,,,,,,,,,,,,,,,,,,,,,,,,,,,,,,,0.0,0.0,0.0,0.0,0.0,0.0,0.0,0.0,0.0,0.0,0.0,0.0,0.0,0.0,0.0,0.0,0.0,0.0,0.0,0.0,0.0,0.0,0.0,0.0,-0.00306805525906384,-0.0026845482643693686,-0.00153402762953192,-0.00038350690738298,0.05254044383764267,-0.06519617140293121,0.06519617140293121,-0.0625116229057312,0.2116958051919937,-0.21322983503341675,0.2128463238477707,-0.21898244321346283,-0.04348887503147125,-0.002288888208568096,-0.0,0.025177771225571632,-0.0476088747382164,-0.001831110566854477,-0.03341776877641678,0.06500442326068878,-0.22843104600906372,0.12405773997306824,-0.1510666161775589,0.18448439240455627,0.0007333969697356224,-0.0007333969697356224,-0.0006471145898103714,0.0008196788839995861,0.05573815107345581,-0.05595386028289795,0.055695027112960815,-0.05560871958732605,0.18516111373901367,-0.18537688255310059,0.1853337287902832,-0.1853337287902832,0.0,0.0,0.0,0.0,0.0,0.0,0.0,0.0,0.0,0.0,0.0,0.0
20260708_190646_213706,2026-07-08T19:07:00.454,14.240617,pose,580,stand,0.0,0.0,0.0,0.0,0.0,0.0,0.0,0.0,1.0,fake,0.0,0.0,-1.0,-0.0,0.0,0.0,0.0,6.533233642578125,18.37446403503418,12,can0:12,4.226813316345215,13.162022590637207,,"BL_hip_joint,BR_hip_joint,FL_hip_joint,FR_hip_joint,BL_thigh_joint,BR_thigh_joint,FL_thigh_joint,FR_thigh_joint,BL_calf_joint,BR_calf_joint,FL_calf_joint,FR_calf_joint",330e02f2406e129bb6ed6ec4a6c6bcd5f80d7e7799a2ab087e81eda65d2fae69,"step=000580 mode=stand  vx= 0.000 vy= 0.000 vxy= 0.000 yaw= 0.000 speed=1.00 imu=fake tilt_rp=[-0.0,+0.0]deg imu_corr=0.000 act_max= 0.000 tau_cmd= 6.533 tau_cmd_max= 18.374 cmds=12 bus=can0:12 tau_fb= 4.227 tau_fb_max= 13.162",,,,,,,,,,,,,,,,,,,,,,,,,,,,,,,,,,,,,,,,,,,,,,,,,0.0,0.0,0.0,0.0,0.0,0.0,0.0,0.0,0.0,0.0,0.0,0.0,0.0,0.0,0.0,0.0,0.0,0.0,0.0,0.0,0.0,0.0,0.0,0.0,-0.00306805525906384,-0.0026845482643693686,-0.00153402762953192,-0.00038350690738298,0.047171350568532944,-0.057526033371686935,0.057909540832042694,-0.05484148859977722,0.19175344705581665,-0.19290396571159363,0.19290396571159363,-0.19827306270599365,-0.00045777764171361923,-0.021973326802253723,0.023346660658717155,0.04943998530507088,-0.050355542451143265,0.08972442150115967,-0.016022218391299248,0.08560442179441452,-0.12131107598543167,0.16159550845623016,-0.09750663489103317,0.16296884417533875,0.0006566951051354408,-0.0006566951051354408,-0.0005794367752969265,0.0007339534349739552,0.04990881681442261,-0.05010196566581726,0.049870193004608154,-0.04979294538497925,0.165796160697937,-0.16598927974700928,0.16595065593719482,-0.16595065593719482,0.0,0.0,0.0,0.0,0.0,0.0,0.0,0.0,0.0,0.0,0.0,0.0
20260708_190646_213706,2026-07-08T19:07:00.574,14.361245,pose,585,stand,0.0,0.0,0.0,0.0,0.0,0.0,0.0,0.0,1.0,fake,0.0,0.0,-1.0,-0.0,0.0,0.0,0.0,6.245372295379639,20.258485794067383,12,can0:12,3.9799187183380127,11.316263198852539,,"BL_hip_joint,BR_hip_joint,FL_hip_joint,FR_hip_joint,BL_thigh_joint,BR_thigh_joint,FL_thigh_joint,FR_thigh_joint,BL_calf_joint,BR_calf_joint,FL_calf_joint,FR_calf_joint",330e02f2406e129bb6ed6ec4a6c6bcd5f80d7e7799a2ab087e81eda65d2fae69,"step=000585 mode=stand  vx= 0.000 vy= 0.000 vxy= 0.000 yaw= 0.000 speed=1.00 imu=fake tilt_rp=[-0.0,+0.0]deg imu_corr=0.000 act_max= 0.000 tau_cmd= 6.245 tau_cmd_max= 20.258 cmds=12 bus=can0:12 tau_fb= 3.980 tau_fb_max= 11.316",,,,,,,,,,,,,,,,,,,,,,,,,,,,,,,,,,,,,,,,,,,,,,,,,0.0,0.0,0.0,0.0,0.0,0.0,0.0,0.0,0.0,0.0,0.0,0.0,0.0,0.0,0.0,0.0,0.0,0.0,0.0,0.0,0.0,0.0,0.0,0.0,-0.00306805525906384,-0.002301041502505541,-0.00153402762953192,-0.00038350690738298,0.04180225357413292,-0.050239402800798416,0.05177343264222145,-0.0494723916053772,0.1718110889196396,-0.1725781112909317,0.1725781112909317,-0.1783307045698166,-0.03433332219719887,0.04531998559832573,-0.048066653311252594,0.038453321903944016,-0.004577776417136192,0.019226660951972008,-0.035248879343271255,0.028382213786244392,-0.1428266316652298,0.1574755162000656,-0.15610218048095703,0.08056886494159698,0.0005834903568029404,-0.0005834903568029404,-0.0005148444324731827,0.0006521362811326981,0.04434525966644287,-0.04451686143875122,0.044310927391052246,-0.044242292642593384,0.14731407165527344,-0.14748573303222656,0.14745140075683594,-0.14745140075683594,0.0,0.0,0.0,0.0,0.0,0.0,0.0,0.0,0.0,0.0,0.0,0.0
20260708_190646_213706,2026-07-08T19:07:00.694,14.481178,pose,590,stand,0.0,0.0,0.0,0.0,0.0,0.0,0.0,0.0,1.0,fake,0.0,0.0,-1.0,-0.0,0.0,0.0,0.0,5.795388698577881,21.152128219604492,12,can0:12,3.8187811374664307,11.91320514678955,,"BL_hip_joint,BR_hip_joint,FL_hip_joint,FR_hip_joint,BL_thigh_joint,BR_thigh_joint,FL_thigh_joint,FR_thigh_joint,BL_calf_joint,BR_calf_joint,FL_calf_joint,FR_calf_joint",330e02f2406e129bb6ed6ec4a6c6bcd5f80d7e7799a2ab087e81eda65d2fae69,"step=000590 mode=stand  vx= 0.000 vy= 0.000 vxy= 0.000 yaw= 0.000 speed=1.00 imu=fake tilt_rp=[-0.0,+0.0]deg imu_corr=0.000 act_max= 0.000 tau_cmd= 5.795 tau_cmd_max= 21.152 cmds=12 bus=can0:12 tau_fb= 3.819 tau_fb_max= 11.913",,,,,,,,,,,,,,,,,,,,,,,,,,,,,,,,,,,,,,,,,,,,,,,,,0.0,0.0,0.0,0.0,0.0,0.0,0.0,0.0,0.0,0.0,0.0,0.0,0.0,0.0,0.0,0.0,0.0,0.0,0.0,0.0,0.0,0.0,0.0,0.0,-0.00306805525906384,-0.002301041502505541,-0.0011505207512527704,-0.0,0.037200167775154114,-0.04525381326675415,0.046404335647821426,-0.04410329461097717,0.15263575315475464,-0.15455327928066254,0.15532030165195465,-0.16068939864635468,0.08789330720901489,0.030671102926135063,0.0068666646257042885,-0.01235999632626772,-0.08377330750226974,0.02471999265253544,-0.0787377581000328,0.08651997148990631,-0.143742173910141,0.22476881742477417,-0.06729331612586975,0.054475538432598114,0.0005139214918017387,-0.0005139214918017387,-0.0004534604959189892,0.0005743829533457756,0.039058029651641846,-0.039209187030792236,0.03902781009674072,-0.03896734118461609,0.12975013256072998,-0.12990128993988037,0.12987101078033447,-0.12987101078033447,0.0,0.0,0.0,0.0,0.0,0.0,0.0,0.0,0.0,0.0,0.0,0.0
20260708_190646_213706,2026-07-08T19:07:00.815,14.602188,pose,595,stand,0.0,0.0,0.0,0.0,0.0,0.0,0.0,0.0,1.0,fake,0.0,0.0,-1.0,-0.0,0.0,0.0,0.0,6.002346038818359,19.436473846435547,12,can0:12,3.9667959213256836,13.334147453308105,,"BL_hip_joint,BR_hip_joint,FL_hip_joint,FR_hip_joint,BL_thigh_joint,BR_thigh_joint,FL_thigh_joint,FR_thigh_joint,BL_calf_joint,BR_calf_joint,FL_calf_joint,FR_calf_joint",330e02f2406e129bb6ed6ec4a6c6bcd5f80d7e7799a2ab087e81eda65d2fae69,"step=000595 mode=stand  vx= 0.000 vy= 0.000 vxy= 0.000 yaw= 0.000 speed=1.00 imu=fake tilt_rp=[-0.0,+0.0]deg imu_corr=0.000 act_max= 0.000 tau_cmd= 6.002 tau_cmd_max= 19.436 cmds=12 bus=can0:12 tau_fb= 3.967 tau_fb_max= 13.334",,,,,,,,,,,,,,,,,,,,,,,,,,,,,,,,,,,,,,,,,,,,,,,,,0.0,0.0,0.0,0.0,0.0,0.0,0.0,0.0,0.0,0.0,0.0,0.0,0.0,0.0,0.0,0.0,0.0,0.0,0.0,0.0,0.0,0.0,0.0,0.0,-0.00306805525906384,-0.002301041502505541,-0.0011505207512527704,-0.00038350690738298,0.032981593161821365,-0.040268223732709885,0.0410352386534214,-0.03873419761657715,0.1353779286146164,-0.13652846217155457,0.13691195845603943,-0.14228105545043945,-0.00045777764171361923,0.06271553784608841,-0.047151096165180206,-0.02609332650899887,-0.03341776877641678,0.10483107715845108,-0.05081331729888916,0.08789330720901489,-0.07690664380788803,0.09659108519554138,-0.14877773821353912,0.06500442326068878,0.0004481296055018902,-0.0004481296055018902,-0.00039540836587548256,0.0005008503794670105,0.034057825803756714,-0.03418964147567749,0.03403148055076599,-0.03397876024246216,0.11313951015472412,-0.11327135562896729,0.11324489116668701,-0.11324489116668701,0.0,0.0,0.0,0.0,0.0,0.0,0.0,0.0,0.0,0.0,0.0,0.0
20260708_190646_213706,2026-07-08T19:07:00.937,14.723905,pose,600,stand,0.0,0.0,0.0,0.0,0.0,0.0,0.0,0.0,1.0,fake,0.0,0.0,-1.0,-0.0,0.0,0.0,0.0,5.384557247161865,16.439056396484375,12,can0:12,3.6530654430389404,11.470076560974121,,"BL_hip_joint,BR_hip_joint,FL_hip_joint,FR_hip_joint,BL_thigh_joint,BR_thigh_joint,FL_thigh_joint,FR_thigh_joint,BL_calf_joint,BR_calf_joint,FL_calf_joint,FR_calf_joint",330e02f2406e129bb6ed6ec4a6c6bcd5f80d7e7799a2ab087e81eda65d2fae69,"step=000600 mode=stand  vx= 0.000 vy= 0.000 vxy= 0.000 yaw= 0.000 speed=1.00 imu=fake tilt_rp=[-0.0,+0.0]deg imu_corr=0.000 act_max= 0.000 tau_cmd= 5.385 tau_cmd_max= 16.439 cmds=12 bus=can0:12 tau_fb= 3.653 tau_fb_max= 11.470",,,,,,,,,,,,,,,,,,,,,,,,,,,,,,,,,,,,,,,,,,,,,,,,,0.0,0.0,0.0,0.0,0.0,0.0,0.0,0.0,0.0,0.0,0.0,0.0,0.0,0.0,0.0,0.0,0.0,0.0,0.0,0.0,0.0,0.0,0.0,0.0,-0.00306805525906384,-0.002301041502505541,-0.00153402762953192,-0.00038350690738298,0.0279960036277771,-0.03566614165902138,0.03528263419866562,-0.03221457824110985,0.11773661524057388,-0.12080467492341995,0.12118817865848541,-0.12579026818275452,0.0068666646257042885,-0.03341776877641678,0.022431105375289917,0.028839992359280586,-0.048066653311252594,0.11627551913261414,-0.047151096165180206,0.05264442786574364,-0.10208441317081451,0.12039551883935928,-0.13183996081352234,0.13046662509441376,0.0003862534649670124,-0.0003862534649670124,-0.00034081190824508667,0.00043169502168893814,0.029355257749557495,-0.02946886420249939,0.02933254837989807,-0.029287099838256836,0.09751760959625244,-0.09763121604919434,0.09760856628417969,-0.09760856628417969,0.0,0.0,0.0,0.0,0.0,0.0,0.0,0.0,0.0,0.0,0.0,0.0
20260708_190646_213706,2026-07-08T19:07:01.059,14.845276,pose,605,stand,0.0,0.0,0.0,0.0,0.0,0.0,0.0,0.0,1.0,fake,0.0,0.0,-1.0,-0.0,0.0,0.0,0.0,5.899667263031006,15.705268859863281,12,can0:12,3.8901946544647217,11.089205741882324,,"BL_hip_joint,BR_hip_joint,FL_hip_joint,FR_hip_joint,BL_thigh_joint,BR_thigh_joint,FL_thigh_joint,FR_thigh_joint,BL_calf_joint,BR_calf_joint,FL_calf_joint,FR_calf_joint",330e02f2406e129bb6ed6ec4a6c6bcd5f80d7e7799a2ab087e81eda65d2fae69,"step=000605 mode=stand  vx= 0.000 vy= 0.000 vxy= 0.000 yaw= 0.000 speed=1.00 imu=fake tilt_rp=[-0.0,+0.0]deg imu_corr=0.000 act_max= 0.000 tau_cmd= 5.900 tau_cmd_max= 15.705 cmds=12 bus=can0:12 tau_fb= 3.890 tau_fb_max= 11.089",,,,,,,,,,,,,,,,,,,,,,,,,,,,,,,,,,,,,,,,,,,,,,,,,0.0,0.0,0.0,0.0,0.0,0.0,0.0,0.0,0.0,0.0,0.0,0.0,0.0,0.0,0.0,0.0,0.0,0.0,0.0,0.0,0.0,0.0,0.0,0.0,-0.00306805525906384,-0.002301041502505541,-0.0011505207512527704,-0.00038350690738298,0.023010414093732834,-0.03106405958533287,0.029146524146199226,-0.02492794767022133,0.10239633917808533,-0.10431388020515442,0.10431388020515442,-0.10929946601390839,-0.01235999632626772,0.03387554734945297,0.05310220643877983,0.053559985011816025,-0.05630664899945259,0.04028443247079849,-0.02288888208568096,0.1194799616932869,-0.03479110077023506,0.08011108636856079,-0.09292886406183243,0.11169774830341339,0.00032843323424458504,-0.00032843323424458504,-0.00028979405760765076,0.0003670724108815193,0.02496093511581421,-0.02505752444267273,0.024941623210906982,-0.02490296959877014,0.08291971683502197,-0.08301639556884766,0.08299708366394043,-0.08299708366394043,0.0,0.0,0.0,0.0,0.0,0.0,0.0,0.0,0.0,0.0,0.0,0.0
20260708_190646_213706,2026-07-08T19:07:01.179,14.965391,pose,610,stand,0.0,0.0,0.0,0.0,0.0,0.0,0.0,0.0,1.0,fake,0.0,0.0,-1.0,-0.0,0.0,0.0,0.0,5.587926864624023,18.10121726989746,12,can0:12,3.781548261642456,10.810876846313477,,"BL_hip_joint,BR_hip_joint,FL_hip_joint,FR_hip_joint,BL_thigh_joint,BR_thigh_joint,FL_thigh_joint,FR_thigh_joint,BL_calf_joint,BR_calf_joint,FL_calf_joint,FR_calf_joint",330e02f2406e129bb6ed6ec4a6c6bcd5f80d7e7799a2ab087e81eda65d2fae69,"step=000610 mode=stand  vx= 0.000 vy= 0.000 vxy= 0.000 yaw= 0.000 speed=1.00 imu=fake tilt_rp=[-0.0,+0.0]deg imu_corr=0.000 act_max= 0.000 tau_cmd= 5.588 tau_cmd_max= 18.101 cmds=12 bus=can0:12 tau_fb= 3.782 tau_fb_max= 10.811",,,,,,,,,,,,,,,,,,,,,,,,,,,,,,,,,,,,,,,,,,,,,,,,,0.0,0.0,0.0,0.0,0.0,0.0,0.0,0.0,0.0,0.0,0.0,0.0,0.0,0.0,0.0,0.0,0.0,0.0,0.0,0.0,0.0,0.0,0.0,0.0,-0.00306805525906384,-0.0019175345078110695,-0.00153402762953192,-0.00038350690738298,0.01764131709933281,-0.02492794767022133,0.02416093461215496,-0.018791837617754936,0.08782307803630829,-0.0905076265335083,0.09127464145421982,-0.09549321979284286,-0.002288888208568096,0.05493331700563431,-0.01831110566854477,0.010528885759413242,-0.037537768483161926,-0.003662221133708954,-0.04119998961687088,0.06866664439439774,-0.06088442727923393,0.125888854265213,-0.11535996943712234,0.0398266538977623,0.000274809543043375,-0.000274809543043375,-0.00024247867986559868,0.00030713994055986404,0.02088552713394165,-0.02096635103225708,0.020869344472885132,-0.020837008953094482,0.0693812370300293,-0.06946206092834473,0.06944596767425537,-0.06944596767425537,0.0,0.0,0.0,0.0,0.0,0.0,0.0,0.0,0.0,0.0,0.0,0.0
20260708_190646_213706,2026-07-08T19:07:01.299,15.085728,pose,615,stand,0.0,0.0,0.0,0.0,0.0,0.0,0.0,0.0,1.0,fake,0.0,0.0,-1.0,-0.0,0.0,0.0,0.0,4.385147571563721,13.74280071258545,12,can0:12,3.853877305984497,11.828974723815918,,"BL_hip_joint,BR_hip_joint,FL_hip_joint,FR_hip_joint,BL_thigh_joint,BR_thigh_joint,FL_thigh_joint,FR_thigh_joint,BL_calf_joint,BR_calf_joint,FL_calf_joint,FR_calf_joint",330e02f2406e129bb6ed6ec4a6c6bcd5f80d7e7799a2ab087e81eda65d2fae69,"step=000615 mode=stand  vx= 0.000 vy= 0.000 vxy= 0.000 yaw= 0.000 speed=1.00 imu=fake tilt_rp=[-0.0,+0.0]deg imu_corr=0.000 act_max= 0.000 tau_cmd= 4.385 tau_cmd_max= 13.743 cmds=12 bus=can0:12 tau_fb= 3.854 tau_fb_max= 11.829",,,,,,,,,,,,,,,,,,,,,,,,,,,,,,,,,,,,,,,,,,,,,,,,,0.0,0.0,0.0,0.0,0.0,0.0,0.0,0.0,0.0,0.0,0.0,0.0,0.0,0.0,0.0,0.0,0.0,0.0,0.0,0.0,0.0,0.0,0.0,0.0,-0.00306805525906384,-0.0019175345078110695,-0.00153402762953192,-0.0,0.01380624808371067,-0.019942358136177063,0.019942358136177063,-0.01418975554406643,0.07401683181524277,-0.07708488404750824,0.07670138031244278,-0.08168696612119675,0.07415997982025146,0.021057771518826485,0.06637775897979736,0.06820886582136154,0.05310220643877983,0.04303110018372536,-0.07782220095396042,-0.0636310949921608,-0.09750663489103317,0.043946653604507446,-0.1583910584449768,0.13275551795959473,0.00022552115842700005,-0.00022552115842700005,-0.00019898917526006699,0.0002520526759326458,0.017139583826065063,-0.017205923795700073,0.01712632179260254,-0.01709979772567749,0.056937456130981445,-0.05700373649597168,0.05699050426483154,-0.05699050426483154,0.0,0.0,0.0,0.0,0.0,0.0,0.0,0.0,0.0,0.0,0.0,0.0
20260708_190646_213706,2026-07-08T19:07:01.419,15.205374,pose,620,stand,0.0,0.0,0.0,0.0,0.0,0.0,0.0,0.0,1.0,fake,0.0,0.0,-1.0,-0.0,0.0,0.0,0.0,5.029118537902832,14.152568817138672,12,can0:12,3.623157501220703,10.86581039428711,,"BL_hip_joint,BR_hip_joint,FL_hip_joint,FR_hip_joint,BL_thigh_joint,BR_thigh_joint,FL_thigh_joint,FR_thigh_joint,BL_calf_joint,BR_calf_joint,FL_calf_joint,FR_calf_joint",330e02f2406e129bb6ed6ec4a6c6bcd5f80d7e7799a2ab087e81eda65d2fae69,"step=000620 mode=stand  vx= 0.000 vy= 0.000 vxy= 0.000 yaw= 0.000 speed=1.00 imu=fake tilt_rp=[-0.0,+0.0]deg imu_corr=0.000 act_max= 0.000 tau_cmd= 5.029 tau_cmd_max= 14.153 cmds=12 bus=can0:12 tau_fb= 3.623 tau_fb_max= 10.866",,,,,,,,,,,,,,,,,,,,,,,,,,,,,,,,,,,,,,,,,,,,,,,,,0.0,0.0,0.0,0.0,0.0,0.0,0.0,0.0,0.0,0.0,0.0,0.0,0.0,0.0,0.0,0.0,0.0,0.0,0.0,0.0,0.0,0.0,0.0,0.0,-0.00306805525906384,-0.0019175345078110695,-0.0011505207512527704,-0.00038350690738298,0.011888713575899601,-0.016107289120554924,0.01764131709933281,-0.010738193057477474,0.06174461171030998,-0.0644291564822197,0.06481266766786575,-0.06941474974155426,0.001831110566854477,-0.013275551609694958,-0.05172887444496155,-0.04623554274439812,0.0315866582095623,0.015106662176549435,0.035248879343271255,0.06546220183372498,-0.11673329770565033,0.0952177494764328,-0.095675528049469,0.10162663459777832,0.00018070824444293976,-0.00018070824444293976,-0.00015944847837090492,0.0002019684761762619,0.013733834028244019,-0.013787001371383667,0.013723224401473999,-0.013701945543289185,0.0456235408782959,-0.04567670822143555,0.04566609859466553,-0.04566609859466553,0.0,0.0,0.0,0.0,0.0,0.0,0.0,0.0,0.0,0.0,0.0,0.0
20260708_190646_213706,2026-07-08T19:07:01.539,15.325258,pose,625,stand,0.0,0.0,0.0,0.0,0.0,0.0,0.0,0.0,1.0,fake,0.0,0.0,-1.0,-0.0,0.0,0.0,0.0,4.698174953460693,13.783489227294922,12,can0:12,3.470870018005371,11.539658546447754,,"BL_hip_joint,BR_hip_joint,FL_hip_joint,FR_hip_joint,BL_thigh_joint,BR_thigh_joint,FL_thigh_joint,FR_thigh_joint,BL_calf_joint,BR_calf_joint,FL_calf_joint,FR_calf_joint",330e02f2406e129bb6ed6ec4a6c6bcd5f80d7e7799a2ab087e81eda65d2fae69,"step=000625 mode=stand  vx= 0.000 vy= 0.000 vxy= 0.000 yaw= 0.000 speed=1.00 imu=fake tilt_rp=[-0.0,+0.0]deg imu_corr=0.000 act_max= 0.000 tau_cmd= 4.698 tau_cmd_max= 13.783 cmds=12 bus=can0:12 tau_fb= 3.471 tau_fb_max= 11.540",,,,,,,,,,,,,,,,,,,,,,,,,,,,,,,,,,,,,,,,,,,,,,,,,0.0,0.0,0.0,0.0,0.0,0.0,0.0,0.0,0.0,0.0,0.0,0.0,0.0,0.0,0.0,0.0,0.0,0.0,0.0,0.0,0.0,0.0,0.0,0.0,-0.00306805525906384,-0.0019175345078110695,-0.0011505207512527704,-0.00038350690738298,0.009971179068088531,-0.012655727565288544,0.015340276062488556,-0.00843715202063322,0.0494723916053772,-0.05330745875835419,0.05445798113942146,-0.05867655575275421,0.014648884534835815,0.07461775839328766,0.0032044434919953346,-0.036164432764053345,-0.11215551942586899,0.007782219909131527,0.04028443247079849,0.0009155552834272385,-0.11581774055957794,0.13641773164272308,-0.05493331700563431,0.09979552775621414,0.00014051096513867378,-0.00014051096513867378,-0.00012398045510053635,0.00015704147517681122,0.01067882776260376,-0.010720163583755493,0.010670572519302368,-0.010654032230377197,0.03547489643096924,-0.03551626205444336,0.035507917404174805,-0.035507917404174805,0.0,0.0,0.0,0.0,0.0,0.0,0.0,0.0,0.0,0.0,0.0,0.0
20260708_190646_213706,2026-07-08T19:07:01.660,15.446551,pose,630,stand,0.0,0.0,0.0,0.0,0.0,0.0,0.0,0.0,1.0,fake,0.0,0.0,-1.0,-0.0,0.0,0.0,0.0,0.12423772364854813,0.33237695693969727,12,can0:12,3.406170606613159,10.561845779418945,,"BL_hip_joint,BR_hip_joint,FL_hip_joint,FR_hip_joint,BL_thigh_joint,BR_thigh_joint,FL_thigh_joint,FR_thigh_joint,BL_calf_joint,BR_calf_joint,FL_calf_joint,FR_calf_joint",330e02f2406e129bb6ed6ec4a6c6bcd5f80d7e7799a2ab087e81eda65d2fae69,"step=000630 mode=stand  vx= 0.000 vy= 0.000 vxy= 0.000 yaw= 0.000 speed=1.00 imu=fake tilt_rp=[-0.0,+0.0]deg imu_corr=0.000 act_max= 0.000 tau_cmd= 0.124 tau_cmd_max= 0.332 cmds=12 bus=can0:12 tau_fb= 3.406 tau_fb_max= 10.562",,,,,,,,,,,,,,,,,,,,,,,,,,,,,,,,,,,,,,,,,,,,,,,,,0.0,0.0,0.0,0.0,0.0,0.0,0.0,0.0,0.0,0.0,0.0,0.0,0.0,0.0,0.0,0.0,0.0,0.0,0.0,0.0,0.0,0.0,0.0,0.0,-0.00306805525906384,-0.0019175345078110695,-0.0011505207512527704,-0.0,0.008053644560277462,-0.01035468652844429,0.011888713575899601,-0.004602083005011082,0.040268223732709885,-0.0429527722299099,0.0429527722299099,-0.047554854303598404,-0.09292886406183243,-0.06408887356519699,0.05859553813934326,-0.0013733329251408577,-0.0050355540588498116,-0.0,0.005493331700563431,0.13000884652137756,-0.06088442727923393,0.08102664351463318,-0.08148442208766937,0.07370220124721527,0.00010506901890039444,-0.00010506901890039444,-9.27080400288105e-05,0.00011742999777197838,0.00798526406288147,-0.00801616907119751,0.007979065179824829,-0.007966727018356323,0.026526808738708496,-0.0265578031539917,0.02655160427093506,-0.02655160427093506,0.0,0.0,0.0,0.0,0.0,0.0,0.0,0.0,0.0,0.0,0.0,0.0
20260708_190646_213706,2026-07-08T19:07:01.786,15.572952,pose,635,stand,0.0,0.0,0.0,0.0,0.0,0.0,0.0,0.0,1.0,fake,0.0,0.0,-1.0,-0.0,0.0,0.0,0.0,1.7555204629898071,5.816248893737793,12,can0:12,2.1912288665771484,7.207251071929932,,"BL_hip_joint,BR_hip_joint,FL_hip_joint,FR_hip_joint,BL_thigh_joint,BR_thigh_joint,FL_thigh_joint,FR_thigh_joint,BL_calf_joint,BR_calf_joint,FL_calf_joint,FR_calf_joint",330e02f2406e129bb6ed6ec4a6c6bcd5f80d7e7799a2ab087e81eda65d2fae69,"step=000635 mode=stand  vx= 0.000 vy= 0.000 vxy= 0.000 yaw= 0.000 speed=1.00 imu=fake tilt_rp=[-0.0,+0.0]deg imu_corr=0.000 act_max= 0.000 tau_cmd= 1.756 tau_cmd_max= 5.816 cmds=12 bus=can0:12 tau_fb= 2.191 tau_fb_max= 7.207",,,,,,,,,,,,,,,,,,,,,,,,,,,,,,,,,,,,,,,,,,,,,,,,,0.0,0.0,0.0,0.0,0.0,0.0,0.0,0.0,0.0,0.0,0.0,0.0,0.0,0.0,0.0,0.0,0.0,0.0,0.0,0.0,0.0,0.0,0.0,0.0,-0.0034515620209276676,0.00306805525906384,-0.011121700517833233,-0.015340276062488556,0.006519617512822151,-0.019942358136177063,0.03106405958533287,-0.03221457824110985,0.14688314497470856,-0.17487914860248566,0.2032586634159088,-0.24199286103248596,0.1831110566854477,0.15427106618881226,-0.27558213472366333,-0.33829766511917114,0.0068666646257042885,-0.18448439240455627,0.37766656279563904,-0.6225776076316833,1.766563892364502,-1.9185460805892944,2.8080079555511475,-3.0268256664276123,7.452256977558136e-05,-7.452256977558136e-05,-6.575509905815125e-05,8.329004049301147e-05,0.00566372275352478,-0.005685627460479736,0.005659312009811401,-0.005650550127029419,0.018814682960510254,-0.018836617469787598,0.01883232593536377,-0.01883232593536377,0.0,0.0,0.0,0.0,0.0,0.0,0.0,0.0,0.0,0.0,0.0,0.0
20260708_190646_213706,2026-07-08T19:07:01.913,15.699715,pose,640,stand,0.0,0.0,0.0,0.0,0.0,0.0,0.0,0.0,1.0,fake,0.0,0.0,-1.0,-0.0,0.0,0.0,0.0,3.8133327960968018,12.945716857910156,12,can0:12,4.033021450042725,13.747978210449219,,"BL_hip_joint,BR_hip_joint,FL_hip_joint,FR_hip_joint,BL_thigh_joint,BR_thigh_joint,FL_thigh_joint,FR_thigh_joint,BL_calf_joint,BR_calf_joint,FL_calf_joint,FR_calf_joint",330e02f2406e129bb6ed6ec4a6c6bcd5f80d7e7799a2ab087e81eda65d2fae69,"step=000640 mode=stand  vx= 0.000 vy= 0.000 vxy= 0.000 yaw= 0.000 speed=1.00 imu=fake tilt_rp=[-0.0,+0.0]deg imu_corr=0.000 act_max= 0.000 tau_cmd= 3.813 tau_cmd_max= 12.946 cmds=12 bus=can0:12 tau_fb= 4.033 tau_fb_max= 13.748",,,,,,,,,,,,,,,,,,,,,,,,,,,,,,,,,,,,,,,,,,,,,,,,,0.0,0.0,0.0,0.0,0.0,0.0,0.0,0.0,0.0,0.0,0.0,0.0,0.0,0.0,0.0,0.0,0.0,0.0,0.0,0.0,0.0,0.0,0.0,0.0,-0.00421857601031661,0.007670138031244278,-0.018024824559688568,-0.02109287865459919,0.00153402762953192,-0.03489912673830986,0.09357568621635437,-0.10929946601390839,0.37008416652679443,-0.4153379797935486,0.5848480463027954,-0.64045649766922,-0.08560442179441452,-0.03250221163034439,0.16571550071239471,0.05401776358485222,-0.14603106677532196,-0.02929776906967163,0.43305763602256775,-0.574053168296814,1.5578173398971558,-1.6548662185668945,2.775505781173706,-2.9517502784729004,6.783613935112953e-05,-6.783613935112953e-05,-5.9855636209249496e-05,7.581710815429688e-05,0.0051555633544921875,-0.005175501108169556,0.005151569843292236,-0.005143582820892334,0.01712667942047119,-0.017146587371826172,0.017142653465270996,-0.017142653465270996,0.0,0.0,0.0,0.0,0.0,0.0,0.0,0.0,0.0,0.0,0.0,0.0
20260708_190646_213706,2026-07-08T19:07:02.040,15.826536,pose,645,stand,0.0,0.0,0.0,0.0,0.0,0.0,0.0,0.0,1.0,fake,0.0,0.0,-1.0,-0.0,0.0,0.0,0.0,5.029492378234863,17.82912826538086,12,can0:12,4.805139064788818,15.91967487335205,,"BL_hip_joint,BR_hip_joint,FL_hip_joint,FR_hip_joint,BL_thigh_joint,BR_thigh_joint,FL_thigh_joint,FR_thigh_joint,BL_calf_joint,BR_calf_joint,FL_calf_joint,FR_calf_joint",330e02f2406e129bb6ed6ec4a6c6bcd5f80d7e7799a2ab087e81eda65d2fae69,"step=000645 mode=stand  vx= 0.000 vy= 0.000 vxy= 0.000 yaw= 0.000 speed=1.00 imu=fake tilt_rp=[-0.0,+0.0]deg imu_corr=0.000 act_max= 0.000 tau_cmd= 5.029 tau_cmd_max= 17.829 cmds=12 bus=can0:12 tau_fb= 4.805 tau_fb_max= 15.920",,,,,,,,,,,,,,,,,,,,,,,,,,,,,,,,,,,,,,,,,,,,,,,,,0.0,0.0,0.0,0.0,0.0,0.0,0.0,0.0,0.0,0.0,0.0,0.0,0.0,0.0,0.0,0.0,0.0,0.0,0.0,0.0,0.0,0.0,0.0,0.0,-0.01418975554406643,-0.007286631036549807,-0.011121700517833233,-0.018408332020044327,-0.036816664040088654,-0.02492794767022133,0.10814894735813141,-0.1418975591659546,0.4970249533653259,-0.599037766456604,0.8602060079574585,-0.9510971307754517,-0.0196844395250082,-0.050355542451143265,0.03662221133708954,0.1753288358449936,-0.5671864748001099,0.25635549426078796,-0.1982177197933197,0.06591998040676117,0.5447553992271423,-1.2176885604858398,1.6466262340545654,-1.7775505781173706,6.387010216712952e-05,-6.387010216712952e-05,-5.6356191635131836e-05,7.13844783604145e-05,0.004854142665863037,-0.004872918128967285,0.0048503875732421875,-0.004842877388000488,0.01612532138824463,-0.016144156455993652,0.016140341758728027,-0.016140341758728027,0.0,0.0,0.0,0.0,0.0,0.0,0.0,0.0,0.0,0.0,0.0,0.0
20260708_190646_213706,2026-07-08T19:07:02.167,15.953601,pose,650,stand,0.0,0.0,0.0,0.0,0.0,0.0,0.0,0.0,1.0,fake,0.0,0.0,-1.0,-0.0,0.0,0.0,0.0,5.326622009277344,17.171598434448242,12,can0:12,5.075533390045166,16.824243545532227,,"BL_hip_joint,BR_hip_joint,FL_hip_joint,FR_hip_joint,BL_thigh_joint,BR_thigh_joint,FL_thigh_joint,FR_thigh_joint,BL_calf_joint,BR_calf_joint,FL_calf_joint,FR_calf_joint",330e02f2406e129bb6ed6ec4a6c6bcd5f80d7e7799a2ab087e81eda65d2fae69,"step=000650 mode=stand  vx= 0.000 vy= 0.000 vxy= 0.000 yaw= 0.000 speed=1.00 imu=fake tilt_rp=[-0.0,+0.0]deg imu_corr=0.000 act_max= 0.000 tau_cmd= 5.327 tau_cmd_max= 17.172 cmds=12 bus=can0:12 tau_fb= 5.076 tau_fb_max= 16.824",,,,,,,,,,,,,,,,,,,,,,,,,,,,,,,,,,,,,,,,,,,,,,,,,0.0,0.0,0.0,0.0,0.0,0.0,0.0,0.0,0.0,0.0,0.0,0.0,0.0,0.0,0.0,0.0,0.0,0.0,0.0,0.0,0.0,0.0,0.0,0.0,-0.09741075336933136,-0.09587672352790833,0.04256926476955414,0.0279960036277771,-0.10124582052230835,0.029530031606554985,0.03566614165902138,-0.07631787657737732,0.5457302927970886,-0.6358544230461121,0.9165815114974976,-0.9771755933761597,-0.6564531326293945,-0.4998931884765625,0.19409772753715515,0.2307199388742447,-0.773644208908081,0.6028931736946106,-0.712302029132843,0.5800042748451233,-0.1593066155910492,0.03341776877641678,-0.03662221133708954,0.1277199685573578,6.0018617659807205e-05,-6.0018617659807205e-05,-5.295732989907265e-05,6.707943975925446e-05,0.004561394453048706,-0.004579037427902222,0.004557877779006958,-0.004550814628601074,0.015152931213378906,-0.015170574188232422,0.015166997909545898,-0.015166997909545898,0.0,0.0,0.0,0.0,0.0,0.0,0.0,0.0,0.0,0.0,0.0,0.0
20260708_190646_213706,2026-07-08T19:07:02.293,16.079952,pose,655,stand,0.0,0.0,0.0,0.0,0.0,0.0,0.0,0.0,1.0,fake,0.0,0.0,-1.0,-0.0,0.0,0.0,0.0,5.229361057281494,16.779888153076172,12,can0:12,5.479598522186279,16.285898208618164,,"BL_hip_joint,BR_hip_joint,FL_hip_joint,FR_hip_joint,BL_thigh_joint,BR_thigh_joint,FL_thigh_joint,FR_thigh_joint,BL_calf_joint,BR_calf_joint,FL_calf_joint,FR_calf_joint",330e02f2406e129bb6ed6ec4a6c6bcd5f80d7e7799a2ab087e81eda65d2fae69,"step=000655 mode=stand  vx= 0.000 vy= 0.000 vxy= 0.000 yaw= 0.000 speed=1.00 imu=fake tilt_rp=[-0.0,+0.0]deg imu_corr=0.000 act_max= 0.000 tau_cmd= 5.229 tau_cmd_max= 16.780 cmds=12 bus=can0:12 tau_fb= 5.480 tau_fb_max= 16.286",,,,,,,,,,,,,,,,,,,,,,,,,,,,,,,,,,,,,,,,,,,,,,,,,0.0,0.0,0.0,0.0,0.0,0.0,0.0,0.0,0.0,0.0,0.0,0.0,0.0,0.0,0.0,0.0,0.0,0.0,0.0,0.0,0.0,0.0,0.0,0.0,-0.11620259284973145,-0.11620259284973145,0.043336279690265656,0.032981593161821365,-0.22741958498954773,0.13039234280586243,-0.07631787657737732,0.02147638611495495,0.3489912748336792,-0.5514829158782959,0.8893525004386902,-0.9564661979675293,0.13824884593486786,-0.038453321903944016,0.03387554734945297,0.001831110566854477,-0.8033997416496277,0.9118930697441101,-0.8038575649261475,0.7187108993530273,-1.155430793762207,0.8729819655418396,-0.08423108607530594,0.1899777203798294,5.6282151490449905e-05,-5.6282151490449905e-05,-4.966044798493385e-05,6.290338933467865e-05,0.004277437925338745,-0.004293978214263916,0.004274129867553711,-0.004267513751983643,0.014209508895874023,-0.014226078987121582,0.01422274112701416,-0.01422274112701416,0.0,0.0,0.0,0.0,0.0,0.0,0.0,0.0,0.0,0.0,0.0,0.0
20260708_190646_213706,2026-07-08T19:07:02.419,16.205856,pose,660,stand,0.0,0.0,0.0,0.0,0.0,0.0,0.0,0.0,1.0,fake,0.0,0.0,-1.0,-0.0,0.0,0.0,0.0,5.444397449493408,15.686911582946777,12,can0:12,5.541245937347412,15.381328582763672,,"BL_hip_joint,BR_hip_joint,FL_hip_joint,FR_hip_joint,BL_thigh_joint,BR_thigh_joint,FL_thigh_joint,FR_thigh_joint,BL_calf_joint,BR_calf_joint,FL_calf_joint,FR_calf_joint",330e02f2406e129bb6ed6ec4a6c6bcd5f80d7e7799a2ab087e81eda65d2fae69,"step=000660 mode=stand  vx= 0.000 vy= 0.000 vxy= 0.000 yaw= 0.000 speed=1.00 imu=fake tilt_rp=[-0.0,+0.0]deg imu_corr=0.000 act_max= 0.000 tau_cmd= 5.444 tau_cmd_max= 15.687 cmds=12 bus=can0:12 tau_fb= 5.541 tau_fb_max= 15.381",,,,,,,,,,,,,,,,,,,,,,,,,,,,,,,,,,,,,,,,,,,,,,,,,0.0,0.0,0.0,0.0,0.0,0.0,0.0,0.0,0.0,0.0,0.0,0.0,0.0,0.0,0.0,0.0,0.0,0.0,0.0,0.0,0.0,0.0,0.0,0.0,-0.11581908166408539,-0.12387272715568542,0.036049649119377136,0.026078470051288605,-0.3079560399055481,0.20594321191310883,-0.1660584807395935,0.11236751824617386,0.278809517621994,-0.5100641846656799,0.863657534122467,-0.9146639704704285,-0.09247108548879623,0.18860438466072083,-0.009155552834272385,-0.13824884593486786,-0.42573320865631104,0.4943998456001282,-0.6070131659507751,0.6454664468765259,0.10803552716970444,0.26688435673713684,-0.3886532187461853,0.790124237537384,5.266070365905762e-05,-5.266070365905762e-05,-4.6465080231428146e-05,5.885586142539978e-05,0.004002213478088379,-0.0040177106857299805,0.003999114036560059,-0.003992915153503418,0.013295292854309082,-0.013310790061950684,0.013307690620422363,-0.013307690620422363,0.0,0.0,0.0,0.0,0.0,0.0,0.0,0.0,0.0,0.0,0.0,0.0
20260708_190646_213706,2026-07-08T19:07:02.545,16.331830,pose,665,stand,0.0,0.0,0.0,0.0,0.0,0.0,0.0,0.0,1.0,fake,0.0,0.0,-1.0,-0.0,0.0,0.0,0.0,5.643184185028076,14.162118911743164,12,can0:12,5.717337131500244,14.117862701416016,,"BL_hip_joint,BR_hip_joint,FL_hip_joint,FR_hip_joint,BL_thigh_joint,BR_thigh_joint,FL_thigh_joint,FR_thigh_joint,BL_calf_joint,BR_calf_joint,FL_calf_joint,FR_calf_joint",330e02f2406e129bb6ed6ec4a6c6bcd5f80d7e7799a2ab087e81eda65d2fae69,"step=000665 mode=stand  vx= 0.000 vy= 0.000 vxy= 0.000 yaw= 0.000 speed=1.00 imu=fake tilt_rp=[-0.0,+0.0]deg imu_corr=0.000 act_max= 0.000 tau_cmd= 5.643 tau_cmd_max= 14.162 cmds=12 bus=can0:12 tau_fb= 5.717 tau_fb_max= 14.118",,,,,,,,,,,,,,,,,,,,,,,,,,,,,,,,,,,,,,,,,,,,,,,,,0.0,0.0,0.0,0.0,0.0,0.0,0.0,0.0,0.0,0.0,0.0,0.0,0.0,0.0,0.0,0.0,0.0,0.0,0.0,0.0,0.0,0.0,0.0,0.0,-0.1119840145111084,-0.1165860965847969,0.008053644560277462,0.011505207046866417,-0.3631810247898102,0.26346924901008606,-0.2500464916229248,0.1978895664215088,0.31025707721710205,-0.5104476809501648,0.8126510977745056,-0.8318264484405518,-0.020142216235399246,0.04028443247079849,-0.2380443811416626,-0.20233771204948425,-0.46464431285858154,0.3794976770877838,-0.7544175386428833,0.7283242344856262,0.3268532454967499,-0.04852443188428879,-0.6477553844451904,0.8825953006744385,4.9155671149492264e-05,-4.9155671149492264e-05,-4.337262362241745e-05,5.493871867656708e-05,0.0037358105182647705,-0.0037502646446228027,0.003732919692993164,-0.003727138042449951,0.012410283088684082,-0.012424826622009277,0.012421846389770508,-0.012421846389770508,0.0,0.0,0.0,0.0,0.0,0.0,0.0,0.0,0.0,0.0,0.0,0.0
20260708_190646_213706,2026-07-08T19:07:02.672,16.458580,pose,670,stand,0.0,0.0,0.0,0.0,0.0,0.0,0.0,0.0,1.0,fake,0.0,0.0,-1.0,-0.0,0.0,0.0,0.0,5.763769626617432,12.289073944091797,12,can0:12,5.764640808105469,12.132938385009766,,"BL_hip_joint,BR_hip_joint,FL_hip_joint,FR_hip_joint,BL_thigh_joint,BR_thigh_joint,FL_thigh_joint,FR_thigh_joint,BL_calf_joint,BR_calf_joint,FL_calf_joint,FR_calf_joint",330e02f2406e129bb6ed6ec4a6c6bcd5f80d7e7799a2ab087e81eda65d2fae69,"step=000670 mode=stand  vx= 0.000 vy= 0.000 vxy= 0.000 yaw= 0.000 speed=1.00 imu=fake tilt_rp=[-0.0,+0.0]deg imu_corr=0.000 act_max= 0.000 tau_cmd= 5.764 tau_cmd_max= 12.289 cmds=12 bus=can0:12 tau_fb= 5.765 tau_fb_max= 12.133",,,,,,,,,,,,,,,,,,,,,,,,,,,,,,,,,,,,,,,,,,,,,,,,,0.0,0.0,0.0,0.0,0.0,0.0,0.0,0.0,0.0,0.0,0.0,0.0,0.0,0.0,0.0,0.0,0.0,0.0,0.0,0.0,0.0,0.0,0.0,0.0,-0.10431388020515442,-0.1165860965847969,-0.02109287865459919,-0.02070937305688858,-0.4245421290397644,0.32329630851745605,-0.3397871255874634,0.2857126295566559,0.30949005484580994,-0.4916558563709259,0.7194589376449585,-0.7064197063446045,0.010986663401126862,-0.005493331700563431,-0.21607105433940887,-0.047151096165180206,-0.4664754271507263,0.4380932152271271,-0.6610308885574341,0.6129642724990845,-0.06042664870619774,0.09384441375732422,-0.6720175743103027,0.8052308559417725,4.5767053961753845e-05,-4.5767053961753845e-05,-4.0382612496614456e-05,5.1151029765605927e-05,0.0034782886505126953,-0.0034917593002319336,0.0034756064414978027,-0.00347021222114563,0.011554837226867676,-0.011568307876586914,0.011565566062927246,-0.011565566062927246,0.0,0.0,0.0,0.0,0.0,0.0,0.0,0.0,0.0,0.0,0.0,0.0
20260708_190646_213706,2026-07-08T19:07:02.799,16.585762,pose,675,stand,0.0,0.0,0.0,0.0,0.0,0.0,0.0,0.0,1.0,fake,0.0,0.0,-1.0,-0.0,0.0,0.0,0.0,5.763012409210205,9.562490463256836,12,can0:12,5.786614894866943,8.833277702331543,,"BL_hip_joint,BR_hip_joint,FL_hip_joint,FR_hip_joint,BL_thigh_joint,BR_thigh_joint,FL_thigh_joint,FR_thigh_joint,BL_calf_joint,BR_calf_joint,FL_calf_joint,FR_calf_joint",330e02f2406e129bb6ed6ec4a6c6bcd5f80d7e7799a2ab087e81eda65d2fae69,"step=000675 mode=stand  vx= 0.000 vy= 0.000 vxy= 0.000 yaw= 0.000 speed=1.00 imu=fake tilt_rp=[-0.0,+0.0]deg imu_corr=0.000 act_max= 0.000 tau_cmd= 5.763 tau_cmd_max= 9.562 cmds=12 bus=can0:12 tau_fb= 5.787 tau_fb_max= 8.833",,,,,,,,,,,,,,,,,,,,,,,,,,,,,,,,,,,,,,,,,,,,,,,,,0.0,0.0,0.0,0.0,0.0,0.0,0.0,0.0,0.0,0.0,0.0,0.0,0.0,0.0,0.0,0.0,0.0,0.0,0.0,0.0,0.0,0.0,0.0,0.0,-0.1054643988609314,-0.11083349585533142,-0.057142529636621475,-0.05292395129799843,-0.47439804673194885,0.36701610684394836,-0.4180225133895874,0.35896244645118713,0.3171602189540863,-0.49779194593429565,0.5886830687522888,-0.5626046061515808,0.173955500125885,-0.016937773674726486,-0.40879544615745544,-0.16800439357757568,-0.35981321334838867,0.3428754508495331,-0.6413464546203613,0.5946531295776367,-0.06683553755283356,0.06454664468765259,-1.3335062265396118,1.6063417196273804,4.249485209584236e-05,-4.249485209584236e-05,-3.749551251530647e-05,4.749419167637825e-05,0.0032296180725097656,-0.00324210524559021,0.0032271146774291992,-0.0032221078872680664,0.010728716850280762,-0.010741233825683594,0.010738730430603027,-0.010738730430603027,0.0,0.0,0.0,0.0,0.0,0.0,0.0,0.0,0.0,0.0,0.0,0.0
20260708_190646_213706,2026-07-08T19:07:02.925,16.711802,pose,680,stand,0.0,0.0,0.0,0.0,0.0,0.0,0.0,0.0,1.0,fake,0.0,0.0,-1.0,-0.0,0.0,0.0,0.0,5.544723987579346,9.538633346557617,12,can0:12,5.2757344245910645,9.631641387939453,,"BL_hip_joint,BR_hip_joint,FL_hip_joint,FR_hip_joint,BL_thigh_joint,BR_thigh_joint,FL_thigh_joint,FR_thigh_joint,BL_calf_joint,BR_calf_joint,FL_calf_joint,FR_calf_joint",330e02f2406e129bb6ed6ec4a6c6bcd5f80d7e7799a2ab087e81eda65d2fae69,"step=000680 mode=stand  vx= 0.000 vy= 0.000 vxy= 0.000 yaw= 0.000 speed=1.00 imu=fake tilt_rp=[-0.0,+0.0]deg imu_corr=0.000 act_max= 0.000 tau_cmd= 5.545 tau_cmd_max= 9.539 cmds=12 bus=can0:12 tau_fb= 5.276 tau_fb_max= 9.632",,,,,,,,,,,,,,,,,,,,,,,,,,,,,,,,,,,,,,,,,,,,,,,,,0.0,0.0,0.0,0.0,0.0,0.0,0.0,0.0,0.0,0.0,0.0,0.0,0.0,0.0,0.0,0.0,0.0,0.0,0.0,0.0,0.0,0.0,0.0,0.0,-0.0989447832107544,-0.10929946601390839,-0.08935710787773132,-0.07478384673595428,-0.5196518301963806,0.40459978580474854,-0.4943403899669647,0.4283772110939026,0.2910817265510559,-0.4981754720211029,0.3888759911060333,-0.3723852038383484,-0.10025330632925034,0.016479995101690292,-0.4380932152271271,-0.3561510145664215,-0.28015992045402527,0.2934354543685913,-0.6115909218788147,0.4820398688316345,-0.5305643081665039,0.008239997550845146,-1.5344706773757935,1.3998839855194092,3.9340462535619736e-05,-3.9340462535619736e-05,-3.4712255001068115e-05,4.3969135731458664e-05,0.0029898881912231445,-0.0030014514923095703,0.0029875636100769043,-0.0029829442501068115,0.009932398796081543,-0.009943962097167969,0.009941577911376953,-0.009941577911376953,0.0,0.0,0.0,0.0,0.0,0.0,0.0,0.0,0.0,0.0,0.0,0.0
20260708_190646_213706,2026-07-08T19:07:03.052,16.838675,pose,685,stand,0.0,0.0,0.0,0.0,0.0,0.0,0.0,0.0,1.0,fake,0.0,0.0,-1.0,-0.0,0.0,0.0,0.0,5.102964878082275,9.998312950134277,12,can0:12,5.146641731262207,10.169987678527832,,"BL_hip_joint,BR_hip_joint,FL_hip_joint,FR_hip_joint,BL_thigh_joint,BR_thigh_joint,FL_thigh_joint,FR_thigh_joint,BL_calf_joint,BR_calf_joint,FL_calf_joint,FR_calf_joint",330e02f2406e129bb6ed6ec4a6c6bcd5f80d7e7799a2ab087e81eda65d2fae69,"step=000685 mode=stand  vx= 0.000 vy= 0.000 vxy= 0.000 yaw= 0.000 speed=1.00 imu=fake tilt_rp=[-0.0,+0.0]deg imu_corr=0.000 act_max= 0.000 tau_cmd= 5.103 tau_cmd_max= 9.998 cmds=12 bus=can0:12 tau_fb= 5.147 tau_fb_max= 10.170",,,,,,,,,,,,,,,,,,,,,,,,,,,,,,,,,,,,,,,,,,,,,,,,,0.0,0.0,0.0,0.0,0.0,0.0,0.0,0.0,0.0,0.0,0.0,0.0,0.0,0.0,0.0,0.0,0.0,0.0,0.0,0.0,0.0,0.0,0.0,0.0,-0.08743957430124283,-0.10277985036373138,-0.10584790259599686,-0.07785189896821976,-0.5484148859977722,0.42876070737838745,-0.5177342891693115,0.4544556736946106,0.26577028632164,-0.501243531703949,0.19520501792430878,-0.21322983503341675,0.12085329741239548,0.012817773967981339,-0.06958220154047012,0.1034577488899231,-0.19363994896411896,0.11810663342475891,0.13138218224048615,-0.11764885485172272,-0.1675466150045395,0.06683553755283356,-0.8244575262069702,0.5616931915283203,3.630388528108597e-05,-3.630388528108597e-05,-3.2032839953899384e-05,4.057493060827255e-05,0.002759099006652832,-0.002769768238067627,0.002756953239440918,-0.0027526915073394775,0.009165644645690918,-0.009176254272460938,0.009174227714538574,-0.009174227714538574,0.0,0.0,0.0,0.0,0.0,0.0,0.0,0.0,0.0,0.0,0.0,0.0
20260708_190646_213706,2026-07-08T19:07:03.178,16.965095,pose,690,stand,0.0,0.0,0.0,0.0,0.0,0.0,0.0,0.0,1.0,fake,0.0,0.0,-1.0,-0.0,0.0,0.0,0.0,4.910977840423584,10.473187446594238,12,can0:12,4.928433895111084,10.327463150024414,,"BL_hip_joint,BR_hip_joint,FL_hip_joint,FR_hip_joint,BL_thigh_joint,BR_thigh_joint,FL_thigh_joint,FR_thigh_joint,BL_calf_joint,BR_calf_joint,FL_calf_joint,FR_calf_joint",330e02f2406e129bb6ed6ec4a6c6bcd5f80d7e7799a2ab087e81eda65d2fae69,"step=000690 mode=stand  vx= 0.000 vy= 0.000 vxy= 0.000 yaw= 0.000 speed=1.00 imu=fake tilt_rp=[-0.0,+0.0]deg imu_corr=0.000 act_max= 0.000 tau_cmd= 4.911 tau_cmd_max= 10.473 cmds=12 bus=can0:12 tau_fb= 4.928 tau_fb_max= 10.327",,,,,,,,,,,,,,,,,,,,,,,,,,,,,,,,,,,,,,,,,,,,,,,,,0.0,0.0,0.0,0.0,0.0,0.0,0.0,0.0,0.0,0.0,0.0,0.0,0.0,0.0,0.0,0.0,0.0,0.0,0.0,0.0,0.0,0.0,0.0,0.0,-0.07670138031244278,-0.10316335409879684,-0.10316335409879684,-0.06711370497941971,-0.57526034116745,0.4544556736946106,-0.4805341362953186,0.4283772110939026,0.20671021938323975,-0.47746607661247253,0.16951005160808563,-0.2032586634159088,0.03433332219719887,0.03433332219719887,0.09201330691576004,0.15427106618881226,-0.1895199418067932,0.18723104894161224,0.18677328526973724,-0.13367107510566711,-0.5648975968360901,0.3337199091911316,0.11673329770565033,0.013275551609694958,3.3385585993528366e-05,-3.3385585993528366e-05,-2.9457733035087585e-05,3.731297329068184e-05,0.002537280321121216,-0.0025471150875091553,0.002535313367843628,-0.00253140926361084,0.008428812026977539,-0.008438587188720703,0.00843667984008789,-0.00843667984008789,0.0,0.0,0.0,0.0,0.0,0.0,0.0,0.0,0.0,0.0,0.0,0.0
20260708_190646_213706,2026-07-08T19:07:03.305,17.092112,pose,695,stand,0.0,0.0,0.0,0.0,0.0,0.0,0.0,0.0,1.0,fake,0.0,0.0,-1.0,-0.0,0.0,0.0,0.0,5.004065990447998,10.635913848876953,12,can0:12,5.149998188018799,10.554521560668945,,"BL_hip_joint,BR_hip_joint,FL_hip_joint,FR_hip_joint,BL_thigh_joint,BR_thigh_joint,FL_thigh_joint,FR_thigh_joint,BL_calf_joint,BR_calf_joint,FL_calf_joint,FR_calf_joint",330e02f2406e129bb6ed6ec4a6c6bcd5f80d7e7799a2ab087e81eda65d2fae69,"step=000695 mode=stand  vx= 0.000 vy= 0.000 vxy= 0.000 yaw= 0.000 speed=1.00 imu=fake tilt_rp=[-0.0,+0.0]deg imu_corr=0.000 act_max= 0.000 tau_cmd= 5.004 tau_cmd_max= 10.636 cmds=12 bus=can0:12 tau_fb= 5.150 tau_fb_max= 10.555",,,,,,,,,,,,,,,,,,,,,,,,,,,,,,,,,,,,,,,,,,,,,,,,,0.0,0.0,0.0,0.0,0.0,0.0,0.0,0.0,0.0,0.0,0.0,0.0,0.0,0.0,0.0,0.0,0.0,0.0,0.0,0.0,0.0,0.0,0.0,0.0,-0.07478384673595428,-0.11428505927324295,-0.10699842870235443,-0.06519617140293121,-0.5886830687522888,0.47746607661247253,-0.48590323328971863,0.42224109172821045,0.17602966725826263,-0.4506206214427948,0.17104408144950867,-0.2044091820716858,-0.02700888179242611,-0.0787377581000328,-0.16296884417533875,-0.21286660432815552,-0.06591998040676117,0.17715995013713837,-0.2764976918697357,0.05859553813934326,-0.0013733329251408577,0.21698659658432007,0.15243995189666748,0.0032044434919953346,3.058603033423424e-05,-3.058603033423424e-05,-2.698739990592003e-05,3.418419510126114e-05,0.002324521541595459,-0.002333521842956543,0.0023227334022521973,-0.002319127321243286,0.007722020149230957,-0.007731080055236816,0.007729291915893555,-0.007729291915893555,0.0,0.0,0.0,0.0,0.0,0.0,0.0,0.0,0.0,0.0,0.0,0.0
20260708_190646_213706,2026-07-08T19:07:03.433,17.219309,pose,700,stand,0.0,0.0,0.0,0.0,0.0,0.0,0.0,0.0,1.0,fake,0.0,0.0,-1.0,-0.0,0.0,0.0,0.0,5.234528064727783,10.677085876464844,12,can0:12,5.156407356262207,10.591143608093262,,"BL_hip_joint,BR_hip_joint,FL_hip_joint,FR_hip_joint,BL_thigh_joint,BR_thigh_joint,FL_thigh_joint,FR_thigh_joint,BL_calf_joint,BR_calf_joint,FL_calf_joint,FR_calf_joint",330e02f2406e129bb6ed6ec4a6c6bcd5f80d7e7799a2ab087e81eda65d2fae69,"step=000700 mode=stand  vx= 0.000 vy= 0.000 vxy= 0.000 yaw= 0.000 speed=1.00 imu=fake tilt_rp=[-0.0,+0.0]deg imu_corr=0.000 act_max= 0.000 tau_cmd= 5.235 tau_cmd_max= 10.677 cmds=12 bus=can0:12 tau_fb= 5.156 tau_fb_max= 10.591",,,,,,,,,,,,,,,,,,,,,,,,,,,,,,,,,,,,,,,,,,,,,,,,,0.0,0.0,0.0,0.0,0.0,0.0,0.0,0.0,0.0,0.0,0.0,0.0,0.0,0.0,0.0,0.0,0.0,0.0,0.0,0.0,0.0,0.0,0.0,0.0,-0.08168696612119675,-0.13499443233013153,-0.13000884652137756,-0.08283749222755432,-0.5909841060638428,0.49242284893989563,-0.5115982294082642,0.43067824840545654,0.17602966725826263,-0.43604734539985657,0.20402567088603973,-0.21514737606048584,-0.15610218048095703,-0.23163548111915588,-0.12085329741239548,-0.06500442326068878,-0.0718710869550705,0.032959990203380585,-0.11352885514497757,0.03799554333090782,-0.03250221163034439,0.09796441346406937,0.25681325793266296,-0.14053773880004883,2.7905218303203583e-05,-2.7905218303203583e-05,-2.462230622768402e-05,3.1188130378723145e-05,0.002120792865753174,-0.0021290183067321777,0.0021191537380218506,-0.002115875482559204,0.007045269012451172,-0.007053494453430176,0.007051825523376465,-0.007051825523376465,0.0,0.0,0.0,0.0,0.0,0.0,0.0,0.0,0.0,0.0,0.0,0.0
20260708_190646_213706,2026-07-08T19:07:03.560,17.346257,pose,705,stand,0.0,0.0,0.0,0.0,0.0,0.0,0.0,0.0,1.0,fake,0.0,0.0,-1.0,-0.0,0.0,0.0,0.0,5.328935146331787,10.599751472473145,12,can0:12,5.2766499519348145,10.635089874267578,,"BL_hip_joint,BR_hip_joint,FL_hip_joint,FR_hip_joint,BL_thigh_joint,BR_thigh_joint,FL_thigh_joint,FR_thigh_joint,BL_calf_joint,BR_calf_joint,FL_calf_joint,FR_calf_joint",330e02f2406e129bb6ed6ec4a6c6bcd5f80d7e7799a2ab087e81eda65d2fae69,"step=000705 mode=stand  vx= 0.000 vy= 0.000 vxy= 0.000 yaw= 0.000 speed=1.00 imu=fake tilt_rp=[-0.0,+0.0]deg imu_corr=0.000 act_max= 0.000 tau_cmd= 5.329 tau_cmd_max= 10.600 cmds=12 bus=can0:12 tau_fb= 5.277 tau_fb_max= 10.635",,,,,,,,,,,,,,,,,,,,,,,,,,,,,,,,,,,,,,,,,,,,,,,,,0.0,0.0,0.0,0.0,0.0,0.0,0.0,0.0,0.0,0.0,0.0,0.0,0.0,0.0,0.0,0.0,0.0,0.0,0.0,0.0,0.0,0.0,0.0,0.0,-0.08628905564546585,-0.14611612260341644,-0.1315428614616394,-0.08705606311559677,-0.5909841060638428,0.4935733675956726,-0.5181178450584412,0.4276101887226105,0.17602966725826263,-0.4375813603401184,0.2350897341966629,-0.23470622301101685,-0.06454664468765259,-0.1185644119977951,-0.013733329251408577,0.020142216235399246,0.051271095871925354,0.0050355540588498116,-0.04623554274439812,-0.03662221133708954,-0.05951109528541565,-0.04348887503147125,0.2636799216270447,-0.20508438348770142,2.5345012545585632e-05,-2.5345012545585632e-05,-2.236291766166687e-05,2.8326641768217087e-05,0.0019262135028839111,-0.001933664083480835,0.0019247233867645264,-0.0019217431545257568,0.006398797035217285,-0.006406307220458984,0.006404757499694824,-0.006404757499694824,0.0,0.0,0.0,0.0,0.0,0.0,0.0,0.0,0.0,0.0,0.0,0.0
20260708_190646_213706,2026-07-08T19:07:03.686,17.472918,pose,710,stand,0.0,0.0,0.0,0.0,0.0,0.0,0.0,0.0,1.0,fake,0.0,0.0,-1.0,-0.0,0.0,0.0,0.0,5.311125755310059,10.566398620605469,12,can0:12,5.314187526702881,10.620441436767578,,"BL_hip_joint,BR_hip_joint,FL_hip_joint,FR_hip_joint,BL_thigh_joint,BR_thigh_joint,FL_thigh_joint,FR_thigh_joint,BL_calf_joint,BR_calf_joint,FL_calf_joint,FR_calf_joint",330e02f2406e129bb6ed6ec4a6c6bcd5f80d7e7799a2ab087e81eda65d2fae69,"step=000710 mode=stand  vx= 0.000 vy= 0.000 vxy= 0.000 yaw= 0.000 speed=1.00 imu=fake tilt_rp=[-0.0,+0.0]deg imu_corr=0.000 act_max= 0.000 tau_cmd= 5.311 tau_cmd_max= 10.566 cmds=12 bus=can0:12 tau_fb= 5.314 tau_fb_max= 10.620",,,,,,,,,,,,,,,,,,,,,,,,,,,,,,,,,,,,,,,,,,,,,,,,,0.0,0.0,0.0,0.0,0.0,0.0,0.0,0.0,0.0,0.0,0.0,0.0,0.0,0.0,0.0,0.0,0.0,0.0,0.0,0.0,0.0,0.0,0.0,0.0,-0.09319217503070831,-0.14880067110061646,-0.12310571223497391,-0.07900242507457733,-0.5879160761833191,0.49510741233825684,-0.5169672966003418,0.4283772110939026,0.1790977269411087,-0.4402659237384796,0.23624025285243988,-0.24391038715839386,-0.04669332131743431,-0.05859553813934326,0.11398663371801376,0.014191106893122196,0.009613330475986004,0.0013733329251408577,0.04943998530507088,-0.015106662176549435,0.06591998040676117,0.04898220673203468,0.004577776417136192,-0.04119998961687088,2.290448173880577e-05,-2.290448173880577e-05,-2.0209699869155884e-05,2.5599263608455658e-05,0.0017407238483428955,-0.0017474889755249023,0.0017393827438354492,-0.0017367005348205566,0.005782723426818848,-0.005789399147033691,0.005788087844848633,-0.005788087844848633,0.0,0.0,0.0,0.0,0.0,0.0,0.0,0.0,0.0,0.0,0.0,0.0
20260708_190646_213706,2026-07-08T19:07:03.813,17.599479,pose,715,stand,0.0,0.0,0.0,0.0,0.0,0.0,0.0,0.0,1.0,fake,0.0,0.0,-1.0,-0.0,0.0,0.0,0.0,5.3197407722473145,10.589055061340332,12,can0:12,5.312052249908447,10.631427764892578,,"BL_hip_joint,BR_hip_joint,FL_hip_joint,FR_hip_joint,BL_thigh_joint,BR_thigh_joint,FL_thigh_joint,FR_thigh_joint,BL_calf_joint,BR_calf_joint,FL_calf_joint,FR_calf_joint",330e02f2406e129bb6ed6ec4a6c6bcd5f80d7e7799a2ab087e81eda65d2fae69,"step=000715 mode=stand  vx= 0.000 vy= 0.000 vxy= 0.000 yaw= 0.000 speed=1.00 imu=fake tilt_rp=[-0.0,+0.0]deg imu_corr=0.000 act_max= 0.000 tau_cmd= 5.320 tau_cmd_max= 10.589 cmds=12 bus=can0:12 tau_fb= 5.312 tau_fb_max= 10.631",,,,,,,,,,,,,,,,,,,,,,,,,,,,,,,,,,,,,,,,,,,,,,,,,0.0,0.0,0.0,0.0,0.0,0.0,0.0,0.0,0.0,0.0,0.0,0.0,0.0,0.0,0.0,0.0,0.0,0.0,0.0,0.0,0.0,0.0,0.0,0.0,-0.0924251601099968,-0.1484171748161316,-0.1204211637377739,-0.07593436539173126,-0.588299572467804,0.4981754720211029,-0.5177342891693115,0.4318287670612335,0.1810152530670166,-0.43643084168434143,0.23470622301101685,-0.24314337968826294,-0.12405773997306824,-0.0027466658502817154,-0.07827997952699661,0.05813775956630707,-0.021973326802253723,0.028839992359280586,0.043946653604507446,0.01235999632626772,0.010071108117699623,-0.050355542451143265,-0.020142216235399246,0.012817773967981339,2.0584557205438614e-05,-2.0584557205438614e-05,-1.8162652850151062e-05,2.3005995899438858e-05,0.00156441330909729,-0.0015704631805419922,0.0015632212162017822,-0.0015607774257659912,0.005196928977966309,-0.0052030086517333984,0.005201816558837891,-0.005201816558837891,0.0,0.0,0.0,0.0,0.0,0.0,0.0,0.0,0.0,0.0,0.0,0.0
20260708_190646_213706,2026-07-08T19:07:03.939,17.725505,pose,720,stand,0.0,0.0,0.0,0.0,0.0,0.0,0.0,0.0,1.0,fake,0.0,0.0,-1.0,-0.0,0.0,0.0,0.0,5.305443286895752,10.610530853271484,12,can0:12,5.324869632720947,10.602129936218262,,"BL_hip_joint,BR_hip_joint,FL_hip_joint,FR_hip_joint,BL_thigh_joint,BR_thigh_joint,FL_thigh_joint,FR_thigh_joint,BL_calf_joint,BR_calf_joint,FL_calf_joint,FR_calf_joint",330e02f2406e129bb6ed6ec4a6c6bcd5f80d7e7799a2ab087e81eda65d2fae69,"step=000720 mode=stand  vx= 0.000 vy= 0.000 vxy= 0.000 yaw= 0.000 speed=1.00 imu=fake tilt_rp=[-0.0,+0.0]deg imu_corr=0.000 act_max= 0.000 tau_cmd= 5.305 tau_cmd_max= 10.611 cmds=12 bus=can0:12 tau_fb= 5.325 tau_fb_max= 10.602",,,,,,,,,,,,,,,,,,,,,,,,,,,,,,,,,,,,,,,,,,,,,,,,,0.0,0.0,0.0,0.0,0.0,0.0,0.0,0.0,0.0,0.0,0.0,0.0,0.0,0.0,0.0,0.0,0.0,0.0,0.0,0.0,0.0,0.0,0.0,0.0,-0.09127464145421982,-0.14688314497470856,-0.12157168984413147,-0.07593436539173126,-0.5894501209259033,0.4981754720211029,-0.5188848376274109,0.43259578943252563,0.1810152530670166,-0.43719786405563354,0.23355570435523987,-0.23854129016399384,-0.04943998530507088,0.03021332435309887,-0.010071108117699623,0.009155552834272385,-0.028382213786244392,0.035248879343271255,-0.02471999265253544,-0.00595110934227705,-0.05218665301799774,0.03387554734945297,0.007324442267417908,0.05951109528541565,1.838570460677147e-05,-1.838570460677147e-05,-1.622270792722702e-05,2.0548701286315918e-05,0.0013973116874694824,-0.001402735710144043,0.0013962388038635254,-0.0013940632343292236,0.004641890525817871,-0.004647254943847656,0.004646182060241699,-0.004646182060241699,0.0,0.0,0.0,0.0,0.0,0.0,0.0,0.0,0.0,0.0,0.0,0.0
20260708_190646_213706,2026-07-08T19:07:04.059,17.846187,pose,725,stand,0.0,0.0,0.0,0.0,0.0,0.0,0.0,0.0,1.0,fake,0.0,0.0,-1.0,-0.0,0.0,0.0,0.0,5.294125080108643,10.567085266113281,12,can0:12,5.307779312133789,10.583819389343262,,"BL_hip_joint,BR_hip_joint,FL_hip_joint,FR_hip_joint,BL_thigh_joint,BR_thigh_joint,FL_thigh_joint,FR_thigh_joint,BL_calf_joint,BR_calf_joint,FL_calf_joint,FR_calf_joint",330e02f2406e129bb6ed6ec4a6c6bcd5f80d7e7799a2ab087e81eda65d2fae69,"step=000725 mode=stand  vx= 0.000 vy= 0.000 vxy= 0.000 yaw= 0.000 speed=1.00 imu=fake tilt_rp=[-0.0,+0.0]deg imu_corr=0.000 act_max= 0.000 tau_cmd= 5.294 tau_cmd_max= 10.567 cmds=12 bus=can0:12 tau_fb= 5.308 tau_fb_max= 10.584",,,,,,,,,,,,,,,,,,,,,,,,,,,,,,,,,,,,,,,,,,,,,,,,,0.0,0.0,0.0,0.0,0.0,0.0,0.0,0.0,0.0,0.0,0.0,0.0,0.0,0.0,0.0,0.0,0.0,0.0,0.0,0.0,0.0,0.0,0.0,0.0,-0.09127464145421982,-0.14726665616035461,-0.12118817865848541,-0.07593436539173126,-0.5898336172103882,0.4993259906768799,-0.5173507928848267,0.4345133304595947,0.18139876425266266,-0.4368143677711487,0.2324051856994629,-0.2331721931695938,0.048066653311252594,-0.021057771518826485,0.04211554303765297,-0.008239997550845146,0.05081331729888916,0.050355542451143265,0.10071108490228653,-0.035248879343271255,0.02151555009186268,-0.013275551609694958,0.021057771518826485,0.02700888179242611,1.6308855265378952e-05,-1.6308855265378952e-05,-1.4389865100383759e-05,1.8227379769086838e-05,0.001239478588104248,-0.0012442469596862793,0.001238495111465454,-0.0012365877628326416,0.004117488861083984,-0.004122257232666016,0.004121303558349609,-0.004121303558349609,0.0,0.0,0.0,0.0,0.0,0.0,0.0,0.0,0.0,0.0,0.0,0.0
20260708_190646_213706,2026-07-08T19:07:04.179,17.965266,pose,730,stand,0.0,0.0,0.0,0.0,0.0,0.0,0.0,0.0,1.0,fake,0.0,0.0,-1.0,-0.0,0.0,0.0,0.0,5.285277366638184,10.641875267028809,12,can0:12,5.257728576660156,10.690023422241211,,"BL_hip_joint,BR_hip_joint,FL_hip_joint,FR_hip_joint,BL_thigh_joint,BR_thigh_joint,FL_thigh_joint,FR_thigh_joint,BL_calf_joint,BR_calf_joint,FL_calf_joint,FR_calf_joint",330e02f2406e129bb6ed6ec4a6c6bcd5f80d7e7799a2ab087e81eda65d2fae69,"step=000730 mode=stand  vx= 0.000 vy= 0.000 vxy= 0.000 yaw= 0.000 speed=1.00 imu=fake tilt_rp=[-0.0,+0.0]deg imu_corr=0.000 act_max= 0.000 tau_cmd= 5.285 tau_cmd_max= 10.642 cmds=12 bus=can0:12 tau_fb= 5.258 tau_fb_max= 10.690",,,,,,,,,,,,,,,,,,,,,,,,,,,,,,,,,,,,,,,,,,,,,,,,,0.0,0.0,0.0,0.0,0.0,0.0,0.0,0.0,0.0,0.0,0.0,0.0,0.0,0.0,0.0,0.0,0.0,0.0,0.0,0.0,0.0,0.0,0.0,0.0,-0.09127464145421982,-0.14688314497470856,-0.12118817865848541,-0.07516735047101974,-0.5909841060638428,0.5000929832458496,-0.5150497555732727,0.4368143677711487,0.1810152530670166,-0.43719786405563354,0.2324051856994629,-0.22511854767799377,-0.07736442238092422,-0.0068666646257042885,0.0196844395250082,0.015106662176549435,-0.043946653604507446,-0.005493331700563431,0.06775109469890594,0.03479110077023506,-0.09430219233036041,0.015564439818263054,0.010528885759413242,0.12451551854610443,1.4354009181261063e-05,-1.4354009181261063e-05,-1.26655213534832e-05,1.6042962670326233e-05,0.001090914011001587,-0.0010951459407806396,0.0010900795459747314,-0.0010883808135986328,0.00362396240234375,-0.003628253936767578,0.0036274194717407227,-0.0036274194717407227,0.0,0.0,0.0,0.0,0.0,0.0,0.0,0.0,0.0,0.0,0.0,0.0
20260708_190646_213706,2026-07-08T19:07:04.299,18.085315,pose,735,stand,0.0,0.0,0.0,0.0,0.0,0.0,0.0,0.0,1.0,fake,0.0,0.0,-1.0,-0.0,0.0,0.0,0.0,5.261078834533691,10.646292686462402,12,can0:12,5.23606014251709,10.638751983642578,,"BL_hip_joint,BR_hip_joint,FL_hip_joint,FR_hip_joint,BL_thigh_joint,BR_thigh_joint,FL_thigh_joint,FR_thigh_joint,BL_calf_joint,BR_calf_joint,FL_calf_joint,FR_calf_joint",330e02f2406e129bb6ed6ec4a6c6bcd5f80d7e7799a2ab087e81eda65d2fae69,"step=000735 mode=stand  vx= 0.000 vy= 0.000 vxy= 0.000 yaw= 0.000 speed=1.00 imu=fake tilt_rp=[-0.0,+0.0]deg imu_corr=0.000 act_max= 0.000 tau_cmd= 5.261 tau_cmd_max= 10.646 cmds=12 bus=can0:12 tau_fb= 5.236 tau_fb_max= 10.639",,,,,,,,,,,,,,,,,,,,,,,,,,,,,,,,,,,,,,,,,,,,,,,,,0.0,0.0,0.0,0.0,0.0,0.0,0.0,0.0,0.0,0.0,0.0,0.0,0.0,0.0,0.0,0.0,0.0,0.0,0.0,0.0,0.0,0.0,0.0,0.0,-0.0905076265335083,-0.14688314497470856,-0.12080467492341995,-0.07478384673595428,-0.592518150806427,0.5020105242729187,-0.5096806883811951,0.44179993867874146,0.18139876425266266,-0.43643084168434143,0.2324051856994629,-0.2051761895418167,0.07827997952699661,0.0027466658502817154,-0.09750663489103317,-0.0,-0.009613330475986004,-0.002288888208568096,0.04348887503147125,0.061342205852270126,0.04531998559832573,0.06546220183372498,-0.016479995101690292,0.1350444108247757,1.2521632015705109e-05,-1.2521632015705109e-05,-1.1048279702663422e-05,1.3994518667459488e-05,0.000951617956161499,-0.0009553134441375732,0.0009509027004241943,-0.0009494125843048096,0.003161311149597168,-0.003165006637573242,0.0031642913818359375,-0.0031642913818359375,0.0,0.0,0.0,0.0,0.0,0.0,0.0,0.0,0.0,0.0,0.0,0.0
20260708_190646_213706,2026-07-08T19:07:04.420,18.206851,pose,740,stand,0.0,0.0,0.0,0.0,0.0,0.0,0.0,0.0,1.0,fake,0.0,0.0,-1.0,-0.0,0.0,0.0,0.0,5.246471881866455,10.725038528442383,12,can0:12,5.21866512298584,10.711997032165527,,"BL_hip_joint,BR_hip_joint,FL_hip_joint,FR_hip_joint,BL_thigh_joint,BR_thigh_joint,FL_thigh_joint,FR_thigh_joint,BL_calf_joint,BR_calf_joint,FL_calf_joint,FR_calf_joint",330e02f2406e129bb6ed6ec4a6c6bcd5f80d7e7799a2ab087e81eda65d2fae69,"step=000740 mode=stand  vx= 0.000 vy= 0.000 vxy= 0.000 yaw= 0.000 speed=1.00 imu=fake tilt_rp=[-0.0,+0.0]deg imu_corr=0.000 act_max= 0.000 tau_cmd= 5.246 tau_cmd_max= 10.725 cmds=12 bus=can0:12 tau_fb= 5.219 tau_fb_max= 10.712",,,,,,,,,,,,,,,,,,,,,,,,,,,,,,,,,,,,,,,,,,,,,,,,,0.0,0.0,0.0,0.0,0.0,0.0,0.0,0.0,0.0,0.0,0.0,0.0,0.0,0.0,0.0,0.0,0.0,0.0,0.0,0.0,0.0,0.0,0.0,0.0,-0.0859055444598198,-0.14688314497470856,-0.12003766000270844,-0.07401683181524277,-0.5952026844024658,0.505462110042572,-0.5046950578689575,0.4433339834213257,0.18063175678253174,-0.43259578943252563,0.23202167451381683,-0.19443799555301666,0.0791955292224884,0.01739555038511753,-0.007782219909131527,-0.02929776906967163,-0.06454664468765259,0.03891110047698021,-0.032959990203380585,0.05081331729888916,-0.027924437075853348,0.028839992359280586,-0.03021332435309887,-0.07415997982025146,1.0812189429998398e-05,-1.0812189429998398e-05,-9.540002793073654e-06,1.2083910405635834e-05,0.0008217096328735352,-0.0008248984813690186,0.0008210837841033936,-0.0008198022842407227,0.002729654312133789,-0.00273287296295166,0.0027322769165039062,-0.0027322769165039062,0.0,0.0,0.0,0.0,0.0,0.0,0.0,0.0,0.0,0.0,0.0,0.0
20260708_190646_213706,2026-07-08T19:07:04.542,18.328623,pose,745,stand,0.0,0.0,0.0,0.0,0.0,0.0,0.0,0.0,1.0,fake,0.0,0.0,-1.0,-0.0,0.0,0.0,0.0,5.235958099365234,10.652064323425293,12,can0:12,5.2461323738098145,10.76693058013916,,"BL_hip_joint,BR_hip_joint,FL_hip_joint,FR_hip_joint,BL_thigh_joint,BR_thigh_joint,FL_thigh_joint,FR_thigh_joint,BL_calf_joint,BR_calf_joint,FL_calf_joint,FR_calf_joint",330e02f2406e129bb6ed6ec4a6c6bcd5f80d7e7799a2ab087e81eda65d2fae69,"step=000745 mode=stand  vx= 0.000 vy= 0.000 vxy= 0.000 yaw= 0.000 speed=1.00 imu=fake tilt_rp=[-0.0,+0.0]deg imu_corr=0.000 act_max= 0.000 tau_cmd= 5.236 tau_cmd_max= 10.652 cmds=12 bus=can0:12 tau_fb= 5.246 tau_fb_max= 10.767",,,,,,,,,,,,,,,,,,,,,,,,,,,,,,,,,,,,,,,,,,,,,,,,,0.0,0.0,0.0,0.0,0.0,0.0,0.0,0.0,0.0,0.0,0.0,0.0,0.0,0.0,0.0,0.0,0.0,0.0,0.0,0.0,0.0,0.0,0.0,0.0,-0.08283749222755432,-0.1426645666360855,-0.12003766000270844,-0.07516735047101974,-0.5955862402915955,0.5089136362075806,-0.5050786137580872,0.4452515244483948,0.1810152530670166,-0.42415863275527954,0.23355570435523987,-0.19482150673866272,-0.019226660951972008,0.002288888208568096,-0.015106662176549435,-0.05081331729888916,0.06500442326068878,0.051271095871925354,0.062257759273052216,0.05630664899945259,0.04440443217754364,0.059968870133161545,0.019226660951972008,0.01235999632626772,9.226147085428238e-06,-9.226147085428238e-06,-8.140690624713898e-06,1.0311603546142578e-05,0.0007011890411376953,-0.0007039010524749756,0.0007006525993347168,-0.0006995499134063721,0.0023293495178222656,-0.0023320913314819336,0.0023314952850341797,-0.0023314952850341797,0.0,0.0,0.0,0.0,0.0,0.0,0.0,0.0,0.0,0.0,0.0,0.0
20260708_190646_213706,2026-07-08T19:07:04.663,18.450232,pose,750,stand,0.0,0.0,0.0,0.0,0.0,0.0,0.0,0.0,1.0,fake,0.0,0.0,-1.0,-0.0,0.0,0.0,0.0,5.218842029571533,10.7072114944458,12,can0:12,5.223853588104248,10.759605407714844,,"BL_hip_joint,BR_hip_joint,FL_hip_joint,FR_hip_joint,BL_thigh_joint,BR_thigh_joint,FL_thigh_joint,FR_thigh_joint,BL_calf_joint,BR_calf_joint,FL_calf_joint,FR_calf_joint",330e02f2406e129bb6ed6ec4a6c6bcd5f80d7e7799a2ab087e81eda65d2fae69,"step=000750 mode=stand  vx= 0.000 vy= 0.000 vxy= 0.000 yaw= 0.000 speed=1.00 imu=fake tilt_rp=[-0.0,+0.0]deg imu_corr=0.000 act_max= 0.000 tau_cmd= 5.219 tau_cmd_max= 10.707 cmds=12 bus=can0:12 tau_fb= 5.224 tau_fb_max= 10.760",,,,,,,,,,,,,,,,,,,,,,,,,,,,,,,,,,,,,,,,,,,,,,,,,0.0,0.0,0.0,0.0,0.0,0.0,0.0,0.0,0.0,0.0,0.0,0.0,0.0,0.0,0.0,0.0,0.0,0.0,0.0,0.0,0.0,0.0,0.0,0.0,-0.08053644746541977,-0.14074702560901642,-0.12003766000270844,-0.07516735047101974,-0.59673672914505,0.5123652219772339,-0.5062291026115417,0.44755256175994873,0.1810152530670166,-0.41572147607803345,0.2331721931695938,-0.19482150673866272,0.09338664263486862,0.07049775868654251,-0.0009155552834272385,-0.022431105375289917,0.004119998775422573,-0.002288888208568096,-0.02700888179242611,0.001831110566854477,0.014191106893122196,0.053559985011816025,-0.013733329251408577,-0.0013733329251408577,7.764436304569244e-06,-7.764436304569244e-06,-6.85080885887146e-06,8.677598088979721e-06,0.0005900859832763672,-0.000592350959777832,0.0005896091461181641,-0.0005887150764465332,0.001960277557373047,-0.0019625425338745117,0.0019620656967163086,-0.0019620656967163086,0.0,0.0,0.0,0.0,0.0,0.0,0.0,0.0,0.0,0.0,0.0,0.0
20260708_190646_213706,2026-07-08T19:07:04.785,18.571911,pose,755,stand,0.0,0.0,0.0,0.0,0.0,0.0,0.0,0.0,1.0,fake,0.0,0.0,-1.0,-0.0,0.0,0.0,0.0,5.22519063949585,10.7119779586792,12,can0:12,5.231788158416748,10.730307579040527,,"BL_hip_joint,BR_hip_joint,FL_hip_joint,FR_hip_joint,BL_thigh_joint,BR_thigh_joint,FL_thigh_joint,FR_thigh_joint,BL_calf_joint,BR_calf_joint,FL_calf_joint,FR_calf_joint",330e02f2406e129bb6ed6ec4a6c6bcd5f80d7e7799a2ab087e81eda65d2fae69,"step=000755 mode=stand  vx= 0.000 vy= 0.000 vxy= 0.000 yaw= 0.000 speed=1.00 imu=fake tilt_rp=[-0.0,+0.0]deg imu_corr=0.000 act_max= 0.000 tau_cmd= 5.225 tau_cmd_max= 10.712 cmds=12 bus=can0:12 tau_fb= 5.232 tau_fb_max= 10.730",,,,,,,,,,,,,,,,,,,,,,,,,,,,,,,,,,,,,,,,,,,,,,,,,0.0,0.0,0.0,0.0,0.0,0.0,0.0,0.0,0.0,0.0,0.0,0.0,0.0,0.0,0.0,0.0,0.0,0.0,0.0,0.0,0.0,0.0,0.0,0.0,-0.08091995865106583,-0.14074702560901642,-0.11888714134693146,-0.07478384673595428,-0.59673672914505,0.5135157108306885,-0.5066125988960266,0.4479360580444336,0.1810152530670166,-0.4134204387664795,0.2331721931695938,-0.19482150673866272,0.07278664410114288,-0.06683553755283356,0.020142216235399246,0.053559985011816025,-0.0068666646257042885,-0.0009155552834272385,0.021057771518826485,0.08331552892923355,-0.032959990203380585,-0.0009155552834272385,0.07003998011350632,0.05172887444496155,6.427057087421417e-06,-6.427057087421417e-06,-5.670823156833649e-06,7.183291018009186e-06,0.0004884600639343262,-0.000490337610244751,0.00048807263374328613,-0.00048732757568359375,0.0016226768493652344,-0.0016245841979980469,0.0016241073608398438,-0.0016241073608398438,0.0,0.0,0.0,0.0,0.0,0.0,0.0,0.0,0.0,0.0,0.0,0.0
20260708_190646_213706,2026-07-08T19:07:04.907,18.694066,pose,760,stand,0.0,0.0,0.0,0.0,0.0,0.0,0.0,0.0,1.0,fake,0.0,0.0,-1.0,-0.0,0.0,0.0,0.0,5.23667573928833,10.722403526306152,12,can0:12,5.226600170135498,10.759605407714844,,"BL_hip_joint,BR_hip_joint,FL_hip_joint,FR_hip_joint,BL_thigh_joint,BR_thigh_joint,FL_thigh_joint,FR_thigh_joint,BL_calf_joint,BR_calf_joint,FL_calf_joint,FR_calf_joint",330e02f2406e129bb6ed6ec4a6c6bcd5f80d7e7799a2ab087e81eda65d2fae69,"step=000760 mode=stand  vx= 0.000 vy= 0.000 vxy= 0.000 yaw= 0.000 speed=1.00 imu=fake tilt_rp=[-0.0,+0.0]deg imu_corr=0.000 act_max= 0.000 tau_cmd= 5.237 tau_cmd_max= 10.722 cmds=12 bus=can0:12 tau_fb= 5.227 tau_fb_max= 10.760",,,,,,,,,,,,,,,,,,,,,,,,,,,,,,,,,,,,,,,,,,,,,,,,,0.0,0.0,0.0,0.0,0.0,0.0,0.0,0.0,0.0,0.0,0.0,0.0,0.0,0.0,0.0,0.0,0.0,0.0,0.0,0.0,0.0,0.0,0.0,0.0,-0.08091995865106583,-0.14074702560901642,-0.11888714134693146,-0.07478384673595428,-0.59673672914505,0.5138992667198181,-0.5066125988960266,0.4479360580444336,0.1810152530670166,-0.4134204387664795,0.2331721931695938,-0.19520501792430878,-0.01739555038511753,0.007324442267417908,-0.05081331729888916,-0.01739555038511753,-0.02700888179242611,-0.009613330475986004,0.0315866582095623,-0.01235999632626772,0.05264442786574364,-0.014191106893122196,0.048066653311252594,0.010528885759413242,5.2140094339847565e-06,-5.2140094339847565e-06,-4.600733518600464e-06,5.827751010656357e-06,0.00039628148078918457,-0.00039780139923095703,0.0003959834575653076,-0.000395357608795166,0.0013164281845092773,-0.0013179779052734375,0.0013176202774047852,-0.0013176202774047852,0.0,0.0,0.0,0.0,0.0,0.0,0.0,0.0,0.0,0.0,0.0,0.0
20260708_190646_213706,2026-07-08T19:07:05.026,18.812694,pose,765,stand,0.0,0.0,0.0,0.0,0.0,0.0,0.0,0.0,1.0,fake,0.0,0.0,-1.0,-0.0,0.0,0.0,0.0,5.228146553039551,10.69127368927002,12,can0:12,5.240943431854248,10.701009750366211,,"BL_hip_joint,BR_hip_joint,FL_hip_joint,FR_hip_joint,BL_thigh_joint,BR_thigh_joint,FL_thigh_joint,FR_thigh_joint,BL_calf_joint,BR_calf_joint,FL_calf_joint,FR_calf_joint",330e02f2406e129bb6ed6ec4a6c6bcd5f80d7e7799a2ab087e81eda65d2fae69,"step=000765 mode=stand  vx= 0.000 vy= 0.000 vxy= 0.000 yaw= 0.000 speed=1.00 imu=fake tilt_rp=[-0.0,+0.0]deg imu_corr=0.000 act_max= 0.000 tau_cmd= 5.228 tau_cmd_max= 10.691 cmds=12 bus=can0:12 tau_fb= 5.241 tau_fb_max= 10.701",,,,,,,,,,,,,,,,,,,,,,,,,,,,,,,,,,,,,,,,,,,,,,,,,0.0,0.0,0.0,0.0,0.0,0.0,0.0,0.0,0.0,0.0,0.0,0.0,0.0,0.0,0.0,0.0,0.0,0.0,0.0,0.0,0.0,0.0,0.0,0.0,-0.08091995865106583,-0.14074702560901642,-0.11888714134693146,-0.07478384673595428,-0.59673672914505,0.5138992667198181,-0.5066125988960266,0.4479360580444336,0.1810152530670166,-0.41303694248199463,0.23355570435523987,-0.19520501792430878,0.0027466658502817154,-0.016479995101690292,0.01831110566854477,-0.016937773674726486,0.022431105375289917,-0.03021332435309887,-0.02700888179242611,0.026551103219389915,-0.036164432764053345,0.04348887503147125,-0.007324442267417908,-0.036164432764053345,4.127155989408493e-06,-4.127155989408493e-06,-3.641471266746521e-06,4.612375050783157e-06,0.00031363964080810547,-0.000314861536026001,0.0003134012222290039,-0.0003129243850708008,0.0010418891906738281,-0.0010432004928588867,0.0010428428649902344,-0.0010428428649902344,0.0,0.0,0.0,0.0,0.0,0.0,0.0,0.0,0.0,0.0,0.0,0.0
20260708_190646_213706,2026-07-08T19:07:05.145,18.931488,pose,770,stand,0.0,0.0,0.0,0.0,0.0,0.0,0.0,0.0,1.0,fake,0.0,0.0,-1.0,-0.0,0.0,0.0,0.0,5.240232944488525,10.714946746826172,12,can0:12,5.231788158416748,10.715659141540527,,"BL_hip_joint,BR_hip_joint,FL_hip_joint,FR_hip_joint,BL_thigh_joint,BR_thigh_joint,FL_thigh_joint,FR_thigh_joint,BL_calf_joint,BR_calf_joint,FL_calf_joint,FR_calf_joint",330e02f2406e129bb6ed6ec4a6c6bcd5f80d7e7799a2ab087e81eda65d2fae69,"step=000770 mode=stand  vx= 0.000 vy= 0.000 vxy= 0.000 yaw= 0.000 speed=1.00 imu=fake tilt_rp=[-0.0,+0.0]deg imu_corr=0.000 act_max= 0.000 tau_cmd= 5.240 tau_cmd_max= 10.715 cmds=12 bus=can0:12 tau_fb= 5.232 tau_fb_max= 10.716",,,,,,,,,,,,,,,,,,,,,,,,,,,,,,,,,,,,,,,,,,,,,,,,,0.0,0.0,0.0,0.0,0.0,0.0,0.0,0.0,0.0,0.0,0.0,0.0,0.0,0.0,0.0,0.0,0.0,0.0,0.0,0.0,0.0,0.0,0.0,0.0,-0.08091995865106583,-0.14074702560901642,-0.1185036301612854,-0.07478384673595428,-0.59673672914505,0.5138992667198181,-0.5066125988960266,0.4479360580444336,0.1810152530670166,-0.41303694248199463,0.23355570435523987,-0.19558851420879364,-0.04257332161068916,-0.021057771518826485,0.02059999480843544,-0.024262215942144394,-0.019226660951972008,-0.00595110934227705,-0.04348887503147125,0.01235999632626772,-0.003662221133708954,0.03707998991012573,0.04669332131743431,-0.041657764464616776,3.1660310924053192e-06,-3.1660310924053192e-06,-2.793502062559128e-06,3.5385601222515106e-06,0.00024062395095825195,-0.0002415478229522705,0.00024041533470153809,-0.00024005770683288574,0.0007992982864379883,-0.0008002519607543945,0.000800013542175293,-0.000800013542175293,0.0,0.0,0.0,0.0,0.0,0.0,0.0,0.0,0.0,0.0,0.0,0.0
20260708_190646_213706,2026-07-08T19:07:05.266,19.053057,pose,775,stand,0.0,0.0,0.0,0.0,0.0,0.0,0.0,0.0,1.0,fake,0.0,0.0,-1.0,-0.0,0.0,0.0,0.0,5.232166767120361,10.700081825256348,12,can0:12,5.225379467010498,10.704672813415527,,"BL_hip_joint,BR_hip_joint,FL_hip_joint,FR_hip_joint,BL_thigh_joint,BR_thigh_joint,FL_thigh_joint,FR_thigh_joint,BL_calf_joint,BR_calf_joint,FL_calf_joint,FR_calf_joint",330e02f2406e129bb6ed6ec4a6c6bcd5f80d7e7799a2ab087e81eda65d2fae69,"step=000775 mode=stand  vx= 0.000 vy= 0.000 vxy= 0.000 yaw= 0.000 speed=1.00 imu=fake tilt_rp=[-0.0,+0.0]deg imu_corr=0.000 act_max= 0.000 tau_cmd= 5.232 tau_cmd_max= 10.700 cmds=12 bus=can0:12 tau_fb= 5.225 tau_fb_max= 10.705",,,,,,,,,,,,,,,,,,,,,,,,,,,,,,,,,,,,,,,,,,,,,,,,,0.0,0.0,0.0,0.0,0.0,0.0,0.0,0.0,0.0,0.0,0.0,0.0,0.0,0.0,0.0,0.0,0.0,0.0,0.0,0.0,0.0,0.0,0.0,0.0,-0.08091995865106583,-0.14074702560901642,-0.1185036301612854,-0.07478384673595428,-0.59673672914505,0.5138992667198181,-0.5062291026115417,0.4479360580444336,0.1810152530670166,-0.41303694248199463,0.23355570435523987,-0.19520501792430878,-0.016022218391299248,0.01235999632626772,-0.01831110566854477,-0.005493331700563431,0.003662221133708954,-0.0027466658502817154,-0.01144444104284048,-0.0393688790500164,0.03341776877641678,0.005493331700563431,0.02151555009186268,0.014648884534835815,2.330634742975235e-06,-2.330634742975235e-06,-2.0568259060382843e-06,2.6049092411994934e-06,0.00017714500427246094,-0.00017783045768737793,0.00017699599266052246,-0.0001767277717590332,0.0005884170532226562,-0.0005891323089599609,0.0005890130996704102,-0.0005890130996704102,0.0,0.0,0.0,0.0,0.0,0.0,0.0,0.0,0.0,0.0,0.0,0.0
20260708_190646_213706,2026-07-08T19:07:05.388,19.174662,pose,780,stand,0.0,0.0,0.0,0.0,0.0,0.0,0.0,0.0,1.0,fake,0.0,0.0,-1.0,-0.0,0.0,0.0,0.0,5.230785369873047,10.723287582397461,12,can0:12,5.224158763885498,10.726645469665527,,"BL_hip_joint,BR_hip_joint,FL_hip_joint,FR_hip_joint,BL_thigh_joint,BR_thigh_joint,FL_thigh_joint,FR_thigh_joint,BL_calf_joint,BR_calf_joint,FL_calf_joint,FR_calf_joint",330e02f2406e129bb6ed6ec4a6c6bcd5f80d7e7799a2ab087e81eda65d2fae69,"step=000780 mode=stand  vx= 0.000 vy= 0.000 vxy= 0.000 yaw= 0.000 speed=1.00 imu=fake tilt_rp=[-0.0,+0.0]deg imu_corr=0.000 act_max= 0.000 tau_cmd= 5.231 tau_cmd_max= 10.723 cmds=12 bus=can0:12 tau_fb= 5.224 tau_fb_max= 10.727",,,,,,,,,,,,,,,,,,,,,,,,,,,,,,,,,,,,,,,,,,,,,,,,,0.0,0.0,0.0,0.0,0.0,0.0,0.0,0.0,0.0,0.0,0.0,0.0,0.0,0.0,0.0,0.0,0.0,0.0,0.0,0.0,0.0,0.0,0.0,0.0,-0.08053644746541977,-0.14074702560901642,-0.1185036301612854,-0.07478384673595428,-0.5971202254295349,0.5138992667198181,-0.5062291026115417,0.4479360580444336,0.1810152530670166,-0.4126534163951874,0.2331721931695938,-0.19520501792430878,0.032044436782598495,-0.021973326802253723,-0.036164432764053345,-0.026551103219389915,-0.025177771225571632,-0.05310220643877983,0.05310220643877983,-0.006408886983990669,0.06820886582136154,-0.016937773674726486,-0.0636310949921608,-0.02151555009186268,1.6223639249801636e-06,-1.6223639249801636e-06,-1.4314427971839905e-06,1.8132850527763367e-06,0.0001232922077178955,-0.00012376904487609863,0.00012320280075073242,-0.00012302398681640625,0.0004096031188964844,-0.0004100799560546875,0.0004099607467651367,-0.0004099607467651367,0.0,0.0,0.0,0.0,0.0,0.0,0.0,0.0,0.0,0.0,0.0,0.0
20260708_190646_213706,2026-07-08T19:07:05.509,19.295888,pose,785,stand,0.0,0.0,0.0,0.0,0.0,0.0,0.0,0.0,1.0,fake,0.0,0.0,-1.0,-0.0,0.0,0.0,0.0,5.229202747344971,10.677186965942383,12,can0:12,5.235145092010498,10.730307579040527,,"BL_hip_joint,BR_hip_joint,FL_hip_joint,FR_hip_joint,BL_thigh_joint,BR_thigh_joint,FL_thigh_joint,FR_thigh_joint,BL_calf_joint,BR_calf_joint,FL_calf_joint,FR_calf_joint",330e02f2406e129bb6ed6ec4a6c6bcd5f80d7e7799a2ab087e81eda65d2fae69,"step=000785 mode=stand  vx= 0.000 vy= 0.000 vxy= 0.000 yaw= 0.000 speed=1.00 imu=fake tilt_rp=[-0.0,+0.0]deg imu_corr=0.000 act_max= 0.000 tau_cmd= 5.229 tau_cmd_max= 10.677 cmds=12 bus=can0:12 tau_fb= 5.235 tau_fb_max= 10.730",,,,,,,,,,,,,,,,,,,,,,,,,,,,,,,,,,,,,,,,,,,,,,,,,0.0,0.0,0.0,0.0,0.0,0.0,0.0,0.0,0.0,0.0,0.0,0.0,0.0,0.0,0.0,0.0,0.0,0.0,0.0,0.0,0.0,0.0,0.0,0.0,-0.08053644746541977,-0.14074702560901642,-0.1185036301612854,-0.07478384673595428,-0.59673672914505,0.5138992667198181,-0.5066125988960266,0.4479360580444336,0.1810152530670166,-0.4126534163951874,0.23355570435523987,-0.19520501792430878,0.038453321903944016,0.041657764464616776,0.0032044434919953346,0.02288888208568096,0.03891110047698021,0.01144444104284048,0.019226660951972008,-0.030671102926135063,0.020142216235399246,0.001831110566854477,0.09247108548879623,-0.025635547935962677,1.041218638420105e-06,-1.041218638420105e-06,-9.187497198581696e-07,1.1641532182693481e-06,7.915496826171875e-05,-7.94529914855957e-05,7.909536361694336e-05,-7.897615432739258e-05,0.00026297569274902344,-0.000263214111328125,0.000263214111328125,-0.000263214111328125,0.0,0.0,0.0,0.0,0.0,0.0,0.0,0.0,0.0,0.0,0.0,0.0
20260708_190646_213706,2026-07-08T19:07:05.630,19.416926,pose,790,stand,0.0,0.0,0.0,0.0,0.0,0.0,0.0,0.0,1.0,fake,0.0,0.0,-1.0,-0.0,0.0,0.0,0.0,5.24395751953125,10.698256492614746,12,can0:12,5.226905345916748,10.668049812316895,,"BL_hip_joint,BR_hip_joint,FL_hip_joint,FR_hip_joint,BL_thigh_joint,BR_thigh_joint,FL_thigh_joint,FR_thigh_joint,BL_calf_joint,BR_calf_joint,FL_calf_joint,FR_calf_joint",330e02f2406e129bb6ed6ec4a6c6bcd5f80d7e7799a2ab087e81eda65d2fae69,"step=000790 mode=stand  vx= 0.000 vy= 0.000 vxy= 0.000 yaw= 0.000 speed=1.00 imu=fake tilt_rp=[-0.0,+0.0]deg imu_corr=0.000 act_max= 0.000 tau_cmd= 5.244 tau_cmd_max= 10.698 cmds=12 bus=can0:12 tau_fb= 5.227 tau_fb_max= 10.668",,,,,,,,,,,,,,,,,,,,,,,,,,,,,,,,,,,,,,,,,,,,,,,,,0.0,0.0,0.0,0.0,0.0,0.0,0.0,0.0,0.0,0.0,0.0,0.0,0.0,0.0,0.0,0.0,0.0,0.0,0.0,0.0,0.0,0.0,0.0,0.0,-0.08053644746541977,-0.14074702560901642,-0.1185036301612854,-0.07478384673595428,-0.59673672914505,0.5138992667198181,-0.5066125988960266,0.44831955432891846,0.1810152530670166,-0.4126534163951874,0.23355570435523987,-0.19520501792430878,-0.055848874151706696,-0.04623554274439812,-0.023346660658717155,-0.012817773967981339,0.0027466658502817154,-0.00595110934227705,-0.020142216235399246,-0.008239997550845146,-0.0050355540588498116,0.013733329251408577,0.06179998070001602,-0.04257332161068916,5.881302058696747e-07,-5.881302058696747e-07,-5.192123353481293e-07,6.575137376785278e-07,4.470348358154297e-05,-4.488229751586914e-05,4.4673681259155273e-05,-4.461407661437988e-05,0.00014853477478027344,-0.00014865398406982422,0.00014865398406982422,-0.00014865398406982422,0.0,0.0,0.0,0.0,0.0,0.0,0.0,0.0,0.0,0.0,0.0,0.0
20260708_190646_213706,2026-07-08T19:07:05.752,19.538399,pose,795,stand,0.0,0.0,0.0,0.0,0.0,0.0,0.0,0.0,1.0,fake,0.0,0.0,-1.0,-0.0,0.0,0.0,0.0,5.249998569488525,10.699460983276367,12,can0:12,5.223547458648682,10.737632751464844,,"BL_hip_joint,BR_hip_joint,FL_hip_joint,FR_hip_joint,BL_thigh_joint,BR_thigh_joint,FL_thigh_joint,FR_thigh_joint,BL_calf_joint,BR_calf_joint,FL_calf_joint,FR_calf_joint",330e02f2406e129bb6ed6ec4a6c6bcd5f80d7e7799a2ab087e81eda65d2fae69,"step=000795 mode=stand  vx= 0.000 vy= 0.000 vxy= 0.000 yaw= 0.000 speed=1.00 imu=fake tilt_rp=[-0.0,+0.0]deg imu_corr=0.000 act_max= 0.000 tau_cmd= 5.250 tau_cmd_max= 10.699 cmds=12 bus=can0:12 tau_fb= 5.224 tau_fb_max= 10.738",,,,,,,,,,,,,,,,,,,,,,,,,,,,,,,,,,,,,,,,,,,,,,,,,0.0,0.0,0.0,0.0,0.0,0.0,0.0,0.0,0.0,0.0,0.0,0.0,0.0,0.0,0.0,0.0,0.0,0.0,0.0,0.0,0.0,0.0,0.0,0.0,-0.08053644746541977,-0.14074702560901642,-0.1185036301612854,-0.07478384673595428,-0.59673672914505,0.514282763004303,-0.5066125988960266,0.44831955432891846,0.1810152530670166,-0.4126534163951874,0.23355570435523987,-0.19558851420879364,-0.014191106893122196,-0.06271553784608841,-0.047151096165180206,0.024262215942144394,-0.0,0.10803552716970444,0.003662221133708954,0.02471999265253544,0.032959990203380585,-0.051271095871925354,-0.035248879343271255,-0.04028443247079849,2.635642886161804e-07,-2.635642886161804e-07,-2.323649823665619e-07,2.942979335784912e-07,2.002716064453125e-05,-2.008676528930664e-05,1.9997358322143555e-05,-1.996755599975586e-05,6.651878356933594e-05,-6.663799285888672e-05,6.663799285888672e-05,-6.663799285888672e-05,0.0,0.0,0.0,0.0,0.0,0.0,0.0,0.0,0.0,0.0,0.0,0.0
20260708_190646_213706,2026-07-08T19:07:05.873,19.659900,pose,800,stand,0.0,0.0,0.0,0.0,0.0,0.0,0.0,0.0,1.0,fake,0.0,0.0,-1.0,-0.0,0.0,0.0,0.0,5.232610702514648,10.693154335021973,12,can0:12,5.241858959197998,10.77059268951416,,"BL_hip_joint,BR_hip_joint,FL_hip_joint,FR_hip_joint,BL_thigh_joint,BR_thigh_joint,FL_thigh_joint,FR_thigh_joint,BL_calf_joint,BR_calf_joint,FL_calf_joint,FR_calf_joint",330e02f2406e129bb6ed6ec4a6c6bcd5f80d7e7799a2ab087e81eda65d2fae69,"step=000800 mode=stand  vx= 0.000 vy= 0.000 vxy= 0.000 yaw= 0.000 speed=1.00 imu=fake tilt_rp=[-0.0,+0.0]deg imu_corr=0.000 act_max= 0.000 tau_cmd= 5.233 tau_cmd_max= 10.693 cmds=12 bus=can0:12 tau_fb= 5.242 tau_fb_max= 10.771",,,,,,,,,,,,,,,,,,,,,,,,,,,,,,,,,,,,,,,,,,,,,,,,,0.0,0.0,0.0,0.0,0.0,0.0,0.0,0.0,0.0,0.0,0.0,0.0,0.0,0.0,0.0,0.0,0.0,0.0,0.0,0.0,0.0,0.0,0.0,0.0,-0.08053644746541977,-0.14074702560901642,-0.1185036301612854,-0.07478384673595428,-0.59673672914505,0.5138992667198181,-0.5066125988960266,0.44831955432891846,0.1810152530670166,-0.4126534163951874,0.2331721931695938,-0.19520501792430878,-0.01144444104284048,0.043946653604507446,0.010528885759413242,-0.0315866582095623,0.010071108117699623,0.04440443217754364,0.008697775192558765,-0.0068666646257042885,0.04211554303765297,-0.02471999265253544,-0.044862210750579834,0.028839992359280586,6.705522537231445e-08,-6.705522537231445e-08,-5.9138983488082886e-08,7.497146725654602e-08,5.0961971282958984e-06,-5.125999450683594e-06,5.0961971282958984e-06,-5.0961971282958984e-06,1.6927719116210938e-05,-1.704692840576172e-05,1.704692840576172e-05,-1.704692840576172e-05,0.0,0.0,0.0,0.0,0.0,0.0,0.0,0.0,0.0,0.0,0.0,0.0
20260708_190646_213706,2026-07-08T19:07:05.994,19.780928,pose,805,stand,0.0,0.0,0.0,0.0,0.0,0.0,0.0,0.0,1.0,fake,0.0,0.0,-1.0,-0.0,0.0,0.0,0.0,5.228518009185791,10.678513526916504,12,can0:12,5.233314037322998,10.77059268951416,,"BL_hip_joint,BR_hip_joint,FL_hip_joint,FR_hip_joint,BL_thigh_joint,BR_thigh_joint,FL_thigh_joint,FR_thigh_joint,BL_calf_joint,BR_calf_joint,FL_calf_joint,FR_calf_joint",330e02f2406e129bb6ed6ec4a6c6bcd5f80d7e7799a2ab087e81eda65d2fae69,"step=000805 mode=stand  vx= 0.000 vy= 0.000 vxy= 0.000 yaw= 0.000 speed=1.00 imu=fake tilt_rp=[-0.0,+0.0]deg imu_corr=0.000 act_max= 0.000 tau_cmd= 5.229 tau_cmd_max= 10.679 cmds=12 bus=can0:12 tau_fb= 5.233 tau_fb_max= 10.771",,,,,,,,,,,,,,,,,,,,,,,,,,,,,,,,,,,,,,,,,,,,,,,,,0.0,0.0,0.0,0.0,0.0,0.0,0.0,0.0,0.0,0.0,0.0,0.0,0.0,0.0,0.0,0.0,0.0,0.0,0.0,0.0,0.0,0.0,0.0,0.0,-0.08053644746541977,-0.14074702560901642,-0.1185036301612854,-0.07478384673595428,-0.59673672914505,0.514282763004303,-0.5062291026115417,0.44831955432891846,0.1810152530670166,-0.41188642382621765,0.23355570435523987,-0.19558851420879364,0.0068666646257042885,-0.013275551609694958,-0.05493331700563431,0.06042664870619774,0.03433332219719887,0.004119998775422573,0.032959990203380585,0.051271095871925354,-0.07003998011350632,0.010986663401126862,0.0027466658502817154,-0.006408886983990669,0.0,0.0,1.3877787807814457e-17,0.0,0.0,0.0,0.0,5.551115123125783e-17,0.0,0.0,2.7755575615628914e-17,0.0,0.0,0.0,0.0,0.0,0.0,0.0,0.0,0.0,0.0,0.0,0.0,0.0
20260708_190646_213706,2026-07-08T19:07:06.116,19.902511,pose,810,stand,0.0,0.0,0.0,0.0,0.0,0.0,0.0,0.0,1.0,fake,0.0,0.0,-1.0,-0.0,0.0,0.0,0.0,5.2243523597717285,10.679061889648438,12,can0:12,5.224463939666748,10.693685531616211,,"BL_hip_joint,BR_hip_joint,FL_hip_joint,FR_hip_joint,BL_thigh_joint,BR_thigh_joint,FL_thigh_joint,FR_thigh_joint,BL_calf_joint,BR_calf_joint,FL_calf_joint,FR_calf_joint",330e02f2406e129bb6ed6ec4a6c6bcd5f80d7e7799a2ab087e81eda65d2fae69,"step=000810 mode=stand  vx= 0.000 vy= 0.000 vxy= 0.000 yaw= 0.000 speed=1.00 imu=fake tilt_rp=[-0.0,+0.0]deg imu_corr=0.000 act_max= 0.000 tau_cmd= 5.224 tau_cmd_max= 10.679 cmds=12 bus=can0:12 tau_fb= 5.224 tau_fb_max= 10.694",,,,,,,,,,,,,,,,,,,,,,,,,,,,,,,,,,,,,,,,,,,,,,,,,0.0,0.0,0.0,0.0,0.0,0.0,0.0,0.0,0.0,0.0,0.0,0.0,0.0,0.0,0.0,0.0,0.0,0.0,0.0,0.0,0.0,0.0,0.0,0.0,-0.08053644746541977,-0.14036352932453156,-0.11812012642621994,-0.07478384673595428,-0.59673672914505,0.514282763004303,-0.5066125988960266,0.44831955432891846,0.1810152530670166,-0.4115028977394104,0.23355570435523987,-0.19558851420879364,0.04028443247079849,0.11719107627868652,-0.017853328958153725,0.014191106893122196,0.03341776877641678,-0.062257759273052216,-0.059968870133161545,0.05722220614552498,-0.04303110018372536,-0.01831110566854477,-0.006408886983990669,-0.020142216235399246,0.0,0.0,0.0,0.0,0.0,0.0,0.0,5.551115123125783e-17,0.0,0.0,2.7755575615628914e-17,0.0,0.0,0.0,0.0,0.0,0.0,0.0,0.0,0.0,0.0,0.0,0.0,0.0
20260708_190646_213706,2026-07-08T19:07:06.237,20.023771,pose,815,stand,0.0,0.0,0.0,0.0,0.0,0.0,0.0,0.0,1.0,fake,0.0,0.0,-1.0,-0.0,0.0,0.0,0.0,5.231462001800537,10.701860427856445,12,can0:12,5.223243236541748,10.726645469665527,,"BL_hip_joint,BR_hip_joint,FL_hip_joint,FR_hip_joint,BL_thigh_joint,BR_thigh_joint,FL_thigh_joint,FR_thigh_joint,BL_calf_joint,BR_calf_joint,FL_calf_joint,FR_calf_joint",330e02f2406e129bb6ed6ec4a6c6bcd5f80d7e7799a2ab087e81eda65d2fae69,"step=000815 mode=stand  vx= 0.000 vy= 0.000 vxy= 0.000 yaw= 0.000 speed=1.00 imu=fake tilt_rp=[-0.0,+0.0]deg imu_corr=0.000 act_max= 0.000 tau_cmd= 5.231 tau_cmd_max= 10.702 cmds=12 bus=can0:12 tau_fb= 5.223 tau_fb_max= 10.727",,,,,,,,,,,,,,,,,,,,,,,,,,,,,,,,,,,,,,,,,,,,,,,,,0.0,0.0,0.0,0.0,0.0,0.0,0.0,0.0,0.0,0.0,0.0,0.0,0.0,0.0,0.0,0.0,0.0,0.0,0.0,0.0,0.0,0.0,0.0,0.0,-0.08015294373035431,-0.14036352932453156,-0.11735311150550842,-0.07478384673595428,-0.5971202254295349,0.5154332518577576,-0.5066125988960266,0.44908657670021057,0.1810152530670166,-0.40843483805656433,0.23355570435523987,-0.1959720253944397,0.001831110566854477,0.012817773967981339,0.09704886376857758,-0.027466658502817154,0.0068666646257042885,0.032959990203380585,-0.008697775192558765,0.01144444104284048,0.053559985011816025,0.007782219909131527,-0.010986663401126862,-0.048066653311252594,0.0,0.0,-1.3877787807814457e-17,0.0,0.0,0.0,0.0,0.0,0.0,0.0,2.7755575615628914e-17,0.0,0.0,0.0,0.0,0.0,0.0,0.0,0.0,0.0,0.0,0.0,0.0,0.0
20260708_190646_213706,2026-07-08T19:07:06.358,20.144944,pose,820,stand,0.0,0.0,0.0,0.0,0.0,0.0,0.0,0.0,1.0,fake,0.0,0.0,-1.0,-0.0,0.0,0.0,0.0,5.224193096160889,10.694435119628906,12,can0:12,5.2613911628723145,10.730307579040527,,"BL_hip_joint,BR_hip_joint,FL_hip_joint,FR_hip_joint,BL_thigh_joint,BR_thigh_joint,FL_thigh_joint,FR_thigh_joint,BL_calf_joint,BR_calf_joint,FL_calf_joint,FR_calf_joint",330e02f2406e129bb6ed6ec4a6c6bcd5f80d7e7799a2ab087e81eda65d2fae69,"step=000820 mode=stand  vx= 0.000 vy= 0.000 vxy= 0.000 yaw= 0.000 speed=1.00 imu=fake tilt_rp=[-0.0,+0.0]deg imu_corr=0.000 act_max= 0.000 tau_cmd= 5.224 tau_cmd_max= 10.694 cmds=12 bus=can0:12 tau_fb= 5.261 tau_fb_max= 10.730",,,,,,,,,,,,,,,,,,,,,,,,,,,,,,,,,,,,,,,,,,,,,,,,,0.0,0.0,0.0,0.0,0.0,0.0,0.0,0.0,0.0,0.0,0.0,0.0,0.0,0.0,0.0,0.0,0.0,0.0,0.0,0.0,0.0,0.0,0.0,0.0,-0.07900242507457733,-0.13844598829746246,-0.11428505927324295,-0.07401683181524277,-0.59673672914505,0.518501341342926,-0.5066125988960266,0.4506206214427948,0.18063175678253174,-0.40153172612190247,0.2350897341966629,-0.19827306270599365,0.040742211043834686,-0.02288888208568096,0.028839992359280586,-0.0,0.007782219909131527,0.09384441375732422,-0.06912442296743393,0.037537768483161926,-0.07461775839328766,0.005493331700563431,0.0032044434919953346,-0.013733329251408577,0.0,0.0,0.0,0.0,0.0,0.0,0.0,0.0,0.0,0.0,0.0,0.0,0.0,0.0,0.0,0.0,0.0,0.0,0.0,0.0,0.0,0.0,0.0,0.0
20260708_190646_213706,2026-07-08T19:07:06.480,20.266627,pose,825,stand,0.0,0.0,0.0,0.0,0.0,0.0,0.0,0.0,1.0,fake,0.0,0.0,-1.0,-0.0,0.0,0.0,0.0,5.230014801025391,10.719691276550293,12,can0:12,5.236366271972656,10.682699203491211,,"BL_hip_joint,BR_hip_joint,FL_hip_joint,FR_hip_joint,BL_thigh_joint,BR_thigh_joint,FL_thigh_joint,FR_thigh_joint,BL_calf_joint,BR_calf_joint,FL_calf_joint,FR_calf_joint",330e02f2406e129bb6ed6ec4a6c6bcd5f80d7e7799a2ab087e81eda65d2fae69,"step=000825 mode=stand  vx= 0.000 vy= 0.000 vxy= 0.000 yaw= 0.000 speed=1.00 imu=fake tilt_rp=[-0.0,+0.0]deg imu_corr=0.000 act_max= 0.000 tau_cmd= 5.230 tau_cmd_max= 10.720 cmds=12 bus=can0:12 tau_fb= 5.236 tau_fb_max= 10.683",,,,,,,,,,,,,,,,,,,,,,,,,,,,,,,,,,,,,,,,,,,,,,,,,0.0,0.0,0.0,0.0,0.0,0.0,0.0,0.0,0.0,0.0,0.0,0.0,0.0,0.0,0.0,0.0,0.0,0.0,0.0,0.0,0.0,0.0,0.0,0.0,-0.0774683952331543,-0.1380624771118164,-0.10968297719955444,-0.07363332808017731,-0.59673672914505,0.5200353860855103,-0.505462110042572,0.4506206214427948,0.18063175678253174,-0.3973131477832794,0.24122583866119385,-0.20671021938323975,0.0009155552834272385,-0.016479995101690292,0.09796441346406937,-0.047151096165180206,-0.03433332219719887,-0.03387554734945297,0.001831110566854477,0.0013733329251408577,-0.008239997550845146,0.04852443188428879,0.1263466328382492,-0.050355542451143265,0.0,0.0,0.0,0.0,0.0,0.0,0.0,0.0,0.0,0.0,0.0,0.0,0.0,0.0,0.0,0.0,0.0,0.0,0.0,0.0,0.0,0.0,0.0,0.0
20260708_190646_213706,2026-07-08T19:07:06.601,20.388021,pose,830,stand,0.0,0.0,0.0,0.0,0.0,0.0,0.0,0.0,1.0,fake,0.0,0.0,-1.0,-0.0,0.0,0.0,0.0,5.217390060424805,10.672696113586426,12,can0:12,5.246436595916748,10.671711921691895,,"BL_hip_joint,BR_hip_joint,FL_hip_joint,FR_hip_joint,BL_thigh_joint,BR_thigh_joint,FL_thigh_joint,FR_thigh_joint,BL_calf_joint,BR_calf_joint,FL_calf_joint,FR_calf_joint",330e02f2406e129bb6ed6ec4a6c6bcd5f80d7e7799a2ab087e81eda65d2fae69,"step=000830 mode=stand  vx= 0.000 vy= 0.000 vxy= 0.000 yaw= 0.000 speed=1.00 imu=fake tilt_rp=[-0.0,+0.0]deg imu_corr=0.000 act_max= 0.000 tau_cmd= 5.217 tau_cmd_max= 10.673 cmds=12 bus=can0:12 tau_fb= 5.246 tau_fb_max= 10.672",,,,,,,,,,,,,,,,,,,,,,,,,,,,,,,,,,,,,,,,,,,,,,,,,0.0,0.0,0.0,0.0,0.0,0.0,0.0,0.0,0.0,0.0,0.0,0.0,0.0,0.0,0.0,0.0,0.0,0.0,0.0,0.0,0.0,0.0,0.0,0.0,-0.07708488404750824,-0.1380624771118164,-0.10316335409879684,-0.07248280197381973,-0.5952026844024658,0.5204188823699951,-0.5031610727310181,0.4498535990715027,0.18063175678253174,-0.3957791328430176,0.24621142446994781,-0.21668140590190887,-0.014648884534835815,0.047151096165180206,0.09979552775621414,0.0315866582095623,-0.001831110566854477,-0.016479995101690292,0.016937773674726486,0.0032044434919953346,0.02288888208568096,0.05859553813934326,0.04119998961687088,0.015564439818263054,0.0,0.0,0.0,0.0,0.0,0.0,0.0,5.551115123125783e-17,0.0,0.0,2.7755575615628914e-17,0.0,0.0,0.0,0.0,0.0,0.0,0.0,0.0,0.0,0.0,0.0,0.0,0.0
20260708_190646_213706,2026-07-08T19:07:06.724,20.510386,pose,835,stand,0.0,0.0,0.0,0.0,0.0,0.0,0.0,0.0,1.0,fake,0.0,0.0,-1.0,-0.0,0.0,0.0,0.0,5.264286994934082,10.58560848236084,12,can0:12,5.225684642791748,10.704672813415527,,"BL_hip_joint,BR_hip_joint,FL_hip_joint,FR_hip_joint,BL_thigh_joint,BR_thigh_joint,FL_thigh_joint,FR_thigh_joint,BL_calf_joint,BR_calf_joint,FL_calf_joint,FR_calf_joint",330e02f2406e129bb6ed6ec4a6c6bcd5f80d7e7799a2ab087e81eda65d2fae69,"step=000835 mode=stand  vx= 0.000 vy= 0.000 vxy= 0.000 yaw= 0.000 speed=1.00 imu=fake tilt_rp=[-0.0,+0.0]deg imu_corr=0.000 act_max= 0.000 tau_cmd= 5.264 tau_cmd_max= 10.586 cmds=12 bus=can0:12 tau_fb= 5.226 tau_fb_max= 10.705",,,,,,,,,,,,,,,,,,,,,,,,,,,,,,,,,,,,,,,,,,,,,,,,,0.0,0.0,0.0,0.0,0.0,0.0,0.0,0.0,0.0,0.0,0.0,0.0,0.0,0.0,0.0,0.0,0.0,0.0,0.0,0.0,0.0,0.0,0.0,0.0,-0.07785189896821976,-0.13921301066875458,-0.09817776829004288,-0.05867655575275421,-0.5932852029800415,0.5223364233970642,-0.5004764795303345,0.4479360580444336,0.18024824559688568,-0.3911770284175873,0.26461976766586304,-0.2408423274755478,0.05767998471856117,-0.022431105375289917,0.08011108636856079,0.0718710869550705,0.08606220036745071,-0.020142216235399246,0.031128879636526108,-0.01235999632626772,-0.030671102926135063,0.0027466658502817154,0.28839990496635437,-0.33646658062934875,0.0,0.0,0.0,0.0,0.0,0.0,0.0,0.0,0.0,0.0,0.0,-2.7755575615628914e-17,0.0,0.0,0.0,0.0,0.0,0.0,0.0,0.0,0.0,0.0,0.0,0.0
20260708_190646_213706,2026-07-08T19:07:06.844,20.630889,pose,840,stand,0.0,0.0,0.0,0.0,0.0,0.0,0.0,0.0,1.0,fake,0.0,0.0,-1.0,-0.0,0.0,0.0,0.0,5.241129398345947,10.57892894744873,12,can0:12,5.243690490722656,10.572832107543945,,"BL_hip_joint,BR_hip_joint,FL_hip_joint,FR_hip_joint,BL_thigh_joint,BR_thigh_joint,FL_thigh_joint,FR_thigh_joint,BL_calf_joint,BR_calf_joint,FL_calf_joint,FR_calf_joint",330e02f2406e129bb6ed6ec4a6c6bcd5f80d7e7799a2ab087e81eda65d2fae69,"step=000840 mode=stand  vx= 0.000 vy= 0.000 vxy= 0.000 yaw= 0.000 speed=1.00 imu=fake tilt_rp=[-0.0,+0.0]deg imu_corr=0.000 act_max= 0.000 tau_cmd= 5.241 tau_cmd_max= 10.579 cmds=12 bus=can0:12 tau_fb= 5.244 tau_fb_max= 10.573",,,,,,,,,,,,,,,,,,,,,,,,,,,,,,,,,,,,,,,,,,,,,,,,,0.0,0.0,0.0,0.0,0.0,0.0,0.0,0.0,0.0,0.0,0.0,0.0,0.0,0.0,0.0,0.0,0.0,0.0,0.0,0.0,0.0,0.0,0.0,0.0,-0.07976943254470825,-0.1399800181388855,-0.08705606311559677,-0.050239402800798416,-0.5906006097793579,0.5246374607086182,-0.4962579309940338,0.44640204310417175,0.18063175678253174,-0.3835068941116333,0.272289901971817,-0.2611682116985321,-0.0068666646257042885,-0.06820886582136154,0.054475538432598114,0.1268044114112854,0.016937773674726486,-0.0032044434919953346,0.02471999265253544,-0.0032044434919953346,0.008697775192558765,0.09887997061014175,0.03250221163034439,-0.0718710869550705,0.0,0.0,0.0,0.0,0.0,0.0,0.0,0.0,0.0,0.0,0.0,0.0,0.0,0.0,0.0,0.0,0.0,0.0,0.0,0.0,0.0,0.0,0.0,0.0
20260708_190646_213706,2026-07-08T19:07:06.964,20.750703,pose,845,stand,0.0,0.0,0.0,0.0,0.0,0.0,0.0,0.0,1.0,fake,0.0,0.0,-1.0,-0.0,0.0,0.0,0.0,5.226461410522461,10.512703895568848,12,can0:12,5.236976146697998,10.572832107543945,,"BL_hip_joint,BR_hip_joint,FL_hip_joint,FR_hip_joint,BL_thigh_joint,BR_thigh_joint,FL_thigh_joint,FR_thigh_joint,BL_calf_joint,BR_calf_joint,FL_calf_joint,FR_calf_joint",330e02f2406e129bb6ed6ec4a6c6bcd5f80d7e7799a2ab087e81eda65d2fae69,"step=000845 mode=stand  vx= 0.000 vy= 0.000 vxy= 0.000 yaw= 0.000 speed=1.00 imu=fake tilt_rp=[-0.0,+0.0]deg imu_corr=0.000 act_max= 0.000 tau_cmd= 5.226 tau_cmd_max= 10.513 cmds=12 bus=can0:12 tau_fb= 5.237 tau_fb_max= 10.573",,,,,,,,,,,,,,,,,,,,,,,,,,,,,,,,,,,,,,,,,,,,,,,,,0.0,0.0,0.0,0.0,0.0,0.0,0.0,0.0,0.0,0.0,0.0,0.0,0.0,0.0,0.0,0.0,0.0,0.0,0.0,0.0,0.0,0.0,0.0,0.0,-0.08015294373035431,-0.14074702560901642,-0.07631787657737732,-0.04410329461097717,-0.5886830687522888,0.527321994304657,-0.494723916053772,0.4467855393886566,0.18024824559688568,-0.3758367598056793,0.2742074429988861,-0.27382391691207886,-0.025635547935962677,0.02609332650899887,0.059968870133161545,0.08194220066070557,0.07003998011350632,0.06729331612586975,0.0315866582095623,-0.030671102926135063,-0.05310220643877983,0.12497329711914062,0.10071108490228653,-0.13779106736183167,0.0,0.0,0.0,0.0,0.0,0.0,0.0,0.0,0.0,0.0,0.0,0.0,0.0,0.0,0.0,0.0,0.0,0.0,0.0,0.0,0.0,0.0,0.0,0.0
20260708_190646_213706,2026-07-08T19:07:07.084,20.870877,pose,850,stand,0.0,0.0,0.0,0.0,0.0,0.0,0.0,0.0,1.0,fake,0.0,0.0,-1.0,-0.0,0.0,0.0,0.0,5.247333526611328,10.52250862121582,12,can0:12,5.296792507171631,10.561845779418945,,"BL_hip_joint,BR_hip_joint,FL_hip_joint,FR_hip_joint,BL_thigh_joint,BR_thigh_joint,FL_thigh_joint,FR_thigh_joint,BL_calf_joint,BR_calf_joint,FL_calf_joint,FR_calf_joint",330e02f2406e129bb6ed6ec4a6c6bcd5f80d7e7799a2ab087e81eda65d2fae69,"step=000850 mode=stand  vx= 0.000 vy= 0.000 vxy= 0.000 yaw= 0.000 speed=1.00 imu=fake tilt_rp=[-0.0,+0.0]deg imu_corr=0.000 act_max= 0.000 tau_cmd= 5.247 tau_cmd_max= 10.523 cmds=12 bus=can0:12 tau_fb= 5.297 tau_fb_max= 10.562",,,,,,,,,,,,,,,,,,,,,,,,,,,,,,,,,,,,,,,,,,,,,,,,,0.0,0.0,0.0,0.0,0.0,0.0,0.0,0.0,0.0,0.0,0.0,0.0,0.0,0.0,0.0,0.0,0.0,0.0,0.0,0.0,0.0,0.0,0.0,0.0,-0.08015294373035431,-0.14074702560901642,-0.07056526839733124,-0.04218575730919838,-0.5863820314407349,0.5284724831581116,-0.49203935265541077,0.4460185170173645,0.18063175678253174,-0.3716181814670563,0.281110554933548,-0.28609615564346313,0.030671102926135063,0.03891110047698021,0.01235999632626772,-0.005493331700563431,-0.015106662176549435,0.04257332161068916,-0.01144444104284048,0.0068666646257042885,0.016022218391299248,0.028839992359280586,0.12085329741239548,-0.0714133158326149,0.0,0.0,0.0,0.0,0.0,0.0,0.0,0.0,0.0,0.0,0.0,0.0,0.0,0.0,0.0,0.0,0.0,0.0,0.0,0.0,0.0,0.0,0.0,0.0
20260708_190646_213706,2026-07-08T19:07:07.204,20.990992,pose,855,stand,0.0,0.0,0.0,0.0,0.0,0.0,0.0,0.0,1.0,fake,0.0,0.0,-1.0,-0.0,0.0,0.0,0.0,5.293605327606201,10.484560012817383,12,can0:12,5.3331098556518555,10.488601684570312,,"BL_hip_joint,BR_hip_joint,FL_hip_joint,FR_hip_joint,BL_thigh_joint,BR_thigh_joint,FL_thigh_joint,FR_thigh_joint,BL_calf_joint,BR_calf_joint,FL_calf_joint,FR_calf_joint",330e02f2406e129bb6ed6ec4a6c6bcd5f80d7e7799a2ab087e81eda65d2fae69,"step=000855 mode=stand  vx= 0.000 vy= 0.000 vxy= 0.000 yaw= 0.000 speed=1.00 imu=fake tilt_rp=[-0.0,+0.0]deg imu_corr=0.000 act_max= 0.000 tau_cmd= 5.294 tau_cmd_max= 10.485 cmds=12 bus=can0:12 tau_fb= 5.333 tau_fb_max= 10.489",,,,,,,,,,,,,,,,,,,,,,,,,,,,,,,,,,,,,,,,,,,,,,,,,0.0,0.0,0.0,0.0,0.0,0.0,0.0,0.0,0.0,0.0,0.0,0.0,0.0,0.0,0.0,0.0,0.0,0.0,0.0,0.0,0.0,0.0,0.0,0.0,-0.07785189896821976,-0.13844598829746246,-0.06788071990013123,-0.0410352386534214,-0.5844644904136658,0.5296230316162109,-0.48590323328971863,0.4433339834213257,0.18063175678253174,-0.3650985658168793,0.3087230622768402,-0.312558114528656,-0.04898220673203468,-0.007324442267417908,0.1423688530921936,0.07324442267417908,-0.009155552834272385,-0.015106662176549435,0.11352885514497757,-0.004577776417136192,0.044862210750579834,0.05722220614552498,0.1826532781124115,-0.335093230009079,0.0,0.0,0.0,0.0,0.0,0.0,5.551115123125783e-17,0.0,0.0,0.0,0.0,0.0,0.0,0.0,0.0,0.0,0.0,0.0,0.0,0.0,0.0,0.0,0.0,0.0
20260708_190646_213706,2026-07-08T19:07:07.325,21.111351,pose,860,stand,0.0,0.0,0.0,0.0,0.0,0.0,0.0,0.0,1.0,fake,0.0,0.0,-1.0,-0.0,0.0,0.0,0.0,5.32476806640625,10.357614517211914,12,can0:12,5.343485355377197,10.400708198547363,,"BL_hip_joint,BR_hip_joint,FL_hip_joint,FR_hip_joint,BL_thigh_joint,BR_thigh_joint,FL_thigh_joint,FR_thigh_joint,BL_calf_joint,BR_calf_joint,FL_calf_joint,FR_calf_joint",330e02f2406e129bb6ed6ec4a6c6bcd5f80d7e7799a2ab087e81eda65d2fae69,"step=000860 mode=stand  vx= 0.000 vy= 0.000 vxy= 0.000 yaw= 0.000 speed=1.00 imu=fake tilt_rp=[-0.0,+0.0]deg imu_corr=0.000 act_max= 0.000 tau_cmd= 5.325 tau_cmd_max= 10.358 cmds=12 bus=can0:12 tau_fb= 5.343 tau_fb_max= 10.401",,,,,,,,,,,,,,,,,,,,,,,,,,,,,,,,,,,,,,,,,,,,,,,,,0.0,0.0,0.0,0.0,0.0,0.0,0.0,0.0,0.0,0.0,0.0,0.0,0.0,0.0,0.0,0.0,0.0,0.0,0.0,0.0,0.0,0.0,0.0,0.0,-0.07478384673595428,-0.1353779286146164,-0.06519617140293121,-0.04065173119306564,-0.5810129642486572,0.5292395353317261,-0.4786166250705719,0.43719786405563354,0.18063175678253174,-0.3631810247898102,0.3397871255874634,-0.3440057039260864,0.04531998559832573,0.03250221163034439,0.13367107510566711,0.08011108636856079,0.09933774918317795,0.021973326802253723,0.09796441346406937,-0.04028443247079849,-0.01144444104284048,-0.05813775956630707,0.09659108519554138,-0.18906216323375702,0.0,0.0,0.0,0.0,0.0,0.0,0.0,0.0,0.0,0.0,0.0,0.0,0.0,0.0,0.0,0.0,0.0,0.0,0.0,0.0,0.0,0.0,0.0,0.0
20260708_190646_213706,2026-07-08T19:07:07.445,21.231429,pose,865,stand,0.0,0.0,0.0,0.0,0.0,0.0,0.0,0.0,1.0,fake,0.0,0.0,-1.0,-0.0,0.0,0.0,0.0,5.338361740112305,10.391877174377441,12,can0:12,5.338907718658447,10.43366813659668,,"BL_hip_joint,BR_hip_joint,FL_hip_joint,FR_hip_joint,BL_thigh_joint,BR_thigh_joint,FL_thigh_joint,FR_thigh_joint,BL_calf_joint,BR_calf_joint,FL_calf_joint,FR_calf_joint",330e02f2406e129bb6ed6ec4a6c6bcd5f80d7e7799a2ab087e81eda65d2fae69,"step=000865 mode=stand  vx= 0.000 vy= 0.000 vxy= 0.000 yaw= 0.000 speed=1.00 imu=fake tilt_rp=[-0.0,+0.0]deg imu_corr=0.000 act_max= 0.000 tau_cmd= 5.338 tau_cmd_max= 10.392 cmds=12 bus=can0:12 tau_fb= 5.339 tau_fb_max= 10.434",,,,,,,,,,,,,,,,,,,,,,,,,,,,,,,,,,,,,,,,,,,,,,,,,0.0,0.0,0.0,0.0,0.0,0.0,0.0,0.0,0.0,0.0,0.0,0.0,0.0,0.0,0.0,0.0,0.0,0.0,0.0,0.0,0.0,0.0,0.0,0.0,-0.0755508616566658,-0.13461092114448547,-0.06289513409137726,-0.03911770507693291,-0.579478919506073,0.5280889868736267,-0.4766990840435028,0.4345133304595947,0.18063175678253174,-0.36356455087661743,0.3440057039260864,-0.35205933451652527,-0.06454664468765259,0.006408886983990669,-0.009155552834272385,0.044862210750579834,-0.003662221133708954,0.04440443217754364,0.027466658502817154,0.010071108117699623,0.030671102926135063,-0.03707998991012573,-0.016937773674726486,0.05264442786574364,0.0,0.0,0.0,0.0,0.0,0.0,5.551115123125783e-17,0.0,0.0,0.0,0.0,0.0,0.0,0.0,0.0,0.0,0.0,0.0,0.0,0.0,0.0,0.0,0.0,0.0
20260708_190646_213706,2026-07-08T19:07:07.565,21.351537,pose,870,stand,0.0,0.0,0.0,0.0,0.0,0.0,0.0,0.0,1.0,fake,0.0,0.0,-1.0,-0.0,0.0,0.0,0.0,5.338588237762451,10.39326286315918,12,can0:12,5.336466312408447,10.389720916748047,,"BL_hip_joint,BR_hip_joint,FL_hip_joint,FR_hip_joint,BL_thigh_joint,BR_thigh_joint,FL_thigh_joint,FR_thigh_joint,BL_calf_joint,BR_calf_joint,FL_calf_joint,FR_calf_joint",330e02f2406e129bb6ed6ec4a6c6bcd5f80d7e7799a2ab087e81eda65d2fae69,"step=000870 mode=stand  vx= 0.000 vy= 0.000 vxy= 0.000 yaw= 0.000 speed=1.00 imu=fake tilt_rp=[-0.0,+0.0]deg imu_corr=0.000 act_max= 0.000 tau_cmd= 5.339 tau_cmd_max= 10.393 cmds=12 bus=can0:12 tau_fb= 5.336 tau_fb_max= 10.390",,,,,,,,,,,,,,,,,,,,,,,,,,,,,,,,,,,,,,,,,,,,,,,,,0.0,0.0,0.0,0.0,0.0,0.0,0.0,0.0,0.0,0.0,0.0,0.0,0.0,0.0,0.0,0.0,0.0,0.0,0.0,0.0,0.0,0.0,0.0,0.0,-0.0774683952331543,-0.13576143980026245,-0.06174461171030998,-0.036049649119377136,-0.5798624157905579,0.5280889868736267,-0.47746607661247253,0.43528032302856445,0.18063175678253174,-0.3639480471611023,0.34285515546798706,-0.35129231214523315,-0.0718710869550705,0.04440443217754364,0.014191106893122196,-0.04348887503147125,0.005493331700563431,0.0119022186845541,-0.031128879636526108,0.062257759273052216,-0.08972442150115967,0.02288888208568096,0.04577776417136192,0.010986663401126862,0.0,0.0,-6.938893903907228e-18,0.0,0.0,0.0,0.0,0.0,0.0,0.0,0.0,0.0,0.0,0.0,0.0,0.0,0.0,0.0,0.0,0.0,0.0,0.0,0.0,0.0
20260708_190646_213706,2026-07-08T19:07:07.685,21.471698,pose,875,stand,0.0,0.0,0.0,0.0,0.0,0.0,0.0,0.0,1.0,fake,0.0,0.0,-1.0,-0.0,0.0,0.0,0.0,5.324549198150635,10.472376823425293,12,can0:12,5.332499027252197,10.419018745422363,,"BL_hip_joint,BR_hip_joint,FL_hip_joint,FR_hip_joint,BL_thigh_joint,BR_thigh_joint,FL_thigh_joint,FR_thigh_joint,BL_calf_joint,BR_calf_joint,FL_calf_joint,FR_calf_joint",330e02f2406e129bb6ed6ec4a6c6bcd5f80d7e7799a2ab087e81eda65d2fae69,"step=000875 mode=stand  vx= 0.000 vy= 0.000 vxy= 0.000 yaw= 0.000 speed=1.00 imu=fake tilt_rp=[-0.0,+0.0]deg imu_corr=0.000 act_max= 0.000 tau_cmd= 5.325 tau_cmd_max= 10.472 cmds=12 bus=can0:12 tau_fb= 5.332 tau_fb_max= 10.419",,,,,,,,,,,,,,,,,,,,,,,,,,,,,,,,,,,,,,,,,,,,,,,,,0.0,0.0,0.0,0.0,0.0,0.0,0.0,0.0,0.0,0.0,0.0,0.0,0.0,0.0,0.0,0.0,0.0,0.0,0.0,0.0,0.0,0.0,0.0,0.0,-0.07823541015386581,-0.1361449509859085,-0.06481266766786575,-0.03413211554288864,-0.5813964605331421,0.5288560390472412,-0.48015064001083374,0.43719786405563354,0.1810152530670166,-0.3639480471611023,0.3359520435333252,-0.3432386815547943,-0.02929776906967163,-0.016022218391299248,-0.024262215942144394,0.06454664468765259,-0.08056886494159698,0.013733329251408577,-0.04577776417136192,0.0050355540588498116,0.010528885759413242,0.001831110566854477,-0.08789330720901489,0.11261329799890518,0.0,0.0,0.0,0.0,0.0,0.0,0.0,0.0,0.0,0.0,0.0,0.0,0.0,0.0,0.0,0.0,0.0,0.0,0.0,0.0,0.0,0.0,0.0,0.0
20260708_190646_213706,2026-07-08T19:07:07.804,21.590623,pose,880,stand,0.0,0.0,0.0,0.0,0.0,0.0,0.0,0.0,1.0,fake,0.0,0.0,-1.0,-0.0,0.0,0.0,0.0,5.324312210083008,10.474885940551758,12,can0:12,5.309915542602539,10.43733024597168,,"BL_hip_joint,BR_hip_joint,FL_hip_joint,FR_hip_joint,BL_thigh_joint,BR_thigh_joint,FL_thigh_joint,FR_thigh_joint,BL_calf_joint,BR_calf_joint,FL_calf_joint,FR_calf_joint",330e02f2406e129bb6ed6ec4a6c6bcd5f80d7e7799a2ab087e81eda65d2fae69,"step=000880 mode=stand  vx= 0.000 vy= 0.000 vxy= 0.000 yaw= 0.000 speed=1.00 imu=fake tilt_rp=[-0.0,+0.0]deg imu_corr=0.000 act_max= 0.000 tau_cmd= 5.324 tau_cmd_max= 10.475 cmds=12 bus=can0:12 tau_fb= 5.310 tau_fb_max= 10.437",,,,,,,,,,,,,,,,,,,,,,,,,,,,,,,,,,,,,,,,,,,,,,,,,0.0,0.0,0.0,0.0,0.0,0.0,0.0,0.0,0.0,0.0,0.0,0.0,0.0,0.0,0.0,0.0,0.0,0.0,0.0,0.0,0.0,0.0,0.0,0.0,-0.07823541015386581,-0.1361449509859085,-0.06788071990013123,-0.03489912673830986,-0.5825470089912415,0.5292395353317261,-0.4816846549510956,0.4387319087982178,0.1810152530670166,-0.3639480471611023,0.33173346519470215,-0.3359520435333252,0.00045777764171361923,-0.003662221133708954,0.025177771225571632,-0.010071108117699623,-0.050355542451143265,0.08194220066070557,0.051271095871925354,-0.02059999480843544,-0.014191106893122196,-0.08194220066070557,-0.031128879636526108,0.0398266538977623,0.0,0.0,0.0,0.0,0.0,0.0,-5.551115123125783e-17,0.0,0.0,0.0,0.0,0.0,0.0,0.0,0.0,0.0,0.0,0.0,0.0,0.0,0.0,0.0,0.0,0.0
20260708_190646_213706,2026-07-08T19:07:07.925,21.711916,pose,885,stand,0.0,0.0,0.0,0.0,0.0,0.0,0.0,0.0,1.0,fake,0.0,0.0,-1.0,-0.0,0.0,0.0,0.0,5.334743022918701,10.468023300170898,12,can0:12,5.317850589752197,10.44099235534668,,"BL_hip_joint,BR_hip_joint,FL_hip_joint,FR_hip_joint,BL_thigh_joint,BR_thigh_joint,FL_thigh_joint,FR_thigh_joint,BL_calf_joint,BR_calf_joint,FL_calf_joint,FR_calf_joint",330e02f2406e129bb6ed6ec4a6c6bcd5f80d7e7799a2ab087e81eda65d2fae69,"step=000885 mode=stand  vx= 0.000 vy= 0.000 vxy= 0.000 yaw= 0.000 speed=1.00 imu=fake tilt_rp=[-0.0,+0.0]deg imu_corr=0.000 act_max= 0.000 tau_cmd= 5.335 tau_cmd_max= 10.468 cmds=12 bus=can0:12 tau_fb= 5.318 tau_fb_max= 10.441",,,,,,,,,,,,,,,,,,,,,,,,,,,,,,,,,,,,,,,,,,,,,,,,,0.0,0.0,0.0,0.0,0.0,0.0,0.0,0.0,0.0,0.0,0.0,0.0,0.0,0.0,0.0,0.0,0.0,0.0,0.0,0.0,0.0,0.0,0.0,0.0,-0.07785189896821976,-0.1361449509859085,-0.06788071990013123,-0.03489912673830986,-0.5825470089912415,0.5292395353317261,-0.4816846549510956,0.4387319087982178,0.1810152530670166,-0.3639480471611023,0.33173346519470215,-0.3359520435333252,0.007782219909131527,-0.001831110566854477,-0.0476088747382164,-0.053559985011816025,-0.03891110047698021,0.06546220183372498,0.026551103219389915,0.0238044373691082,-0.06088442727923393,-0.024262215942144394,0.040742211043834686,-0.06454664468765259,0.0,0.0,0.0,0.0,0.0,0.0,-5.551115123125783e-17,0.0,0.0,0.0,0.0,0.0,0.0,0.0,0.0,0.0,0.0,0.0,0.0,0.0,0.0,0.0,0.0,0.0
20260708_190646_213706,2026-07-08T19:07:08.047,21.833497,pose,890,stand,0.0,0.0,0.0,0.0,0.0,0.0,0.0,0.0,1.0,fake,0.0,0.0,-1.0,-0.0,0.0,0.0,0.0,5.320810317993164,10.45868968963623,12,can0:12,5.311135768890381,10.44465446472168,,"BL_hip_joint,BR_hip_joint,FL_hip_joint,FR_hip_joint,BL_thigh_joint,BR_thigh_joint,FL_thigh_joint,FR_thigh_joint,BL_calf_joint,BR_calf_joint,FL_calf_joint,FR_calf_joint",330e02f2406e129bb6ed6ec4a6c6bcd5f80d7e7799a2ab087e81eda65d2fae69,"step=000890 mode=stand  vx= 0.000 vy= 0.000 vxy= 0.000 yaw= 0.000 speed=1.00 imu=fake tilt_rp=[-0.0,+0.0]deg imu_corr=0.000 act_max= 0.000 tau_cmd= 5.321 tau_cmd_max= 10.459 cmds=12 bus=can0:12 tau_fb= 5.311 tau_fb_max= 10.445",,,,,,,,,,,,,,,,,,,,,,,,,,,,,,,,,,,,,,,,,,,,,,,,,0.0,0.0,0.0,0.0,0.0,0.0,0.0,0.0,0.0,0.0,0.0,0.0,0.0,0.0,0.0,0.0,0.0,0.0,0.0,0.0,0.0,0.0,0.0,0.0,-0.07823541015386581,-0.1361449509859085,-0.06788071990013123,-0.03489912673830986,-0.5825470089912415,0.5292395353317261,-0.4816846549510956,0.4387319087982178,0.1810152530670166,-0.3639480471611023,0.3313499689102173,-0.3359520435333252,-0.056764427572488785,-0.010071108117699623,0.03250221163034439,0.015106662176549435,-0.023346660658717155,-0.015564439818263054,0.010986663401126862,-0.04989776387810707,0.0027466658502817154,0.022431105375289917,-0.00045777764171361923,-0.040742211043834686,0.0,0.0,0.0,0.0,0.0,0.0,-5.551115123125783e-17,0.0,0.0,0.0,0.0,0.0,0.0,0.0,0.0,0.0,0.0,0.0,0.0,0.0,0.0,0.0,0.0,0.0
20260708_190646_213706,2026-07-08T19:07:08.169,21.955422,pose,895,stand,0.0,0.0,0.0,0.0,0.0,0.0,0.0,0.0,1.0,fake,0.0,0.0,-1.0,-0.0,0.0,0.0,0.0,5.32053804397583,10.416413307189941,12,can0:12,5.318155765533447,10.455641746520996,,"BL_hip_joint,BR_hip_joint,FL_hip_joint,FR_hip_joint,BL_thigh_joint,BR_thigh_joint,FL_thigh_joint,FR_thigh_joint,BL_calf_joint,BR_calf_joint,FL_calf_joint,FR_calf_joint",330e02f2406e129bb6ed6ec4a6c6bcd5f80d7e7799a2ab087e81eda65d2fae69,"step=000895 mode=stand  vx= 0.000 vy= 0.000 vxy= 0.000 yaw= 0.000 speed=1.00 imu=fake tilt_rp=[-0.0,+0.0]deg imu_corr=0.000 act_max= 0.000 tau_cmd= 5.321 tau_cmd_max= 10.416 cmds=12 bus=can0:12 tau_fb= 5.318 tau_fb_max= 10.456",,,,,,,,,,,,,,,,,,,,,,,,,,,,,,,,,,,,,,,,,,,,,,,,,0.0,0.0,0.0,0.0,0.0,0.0,0.0,0.0,0.0,0.0,0.0,0.0,0.0,0.0,0.0,0.0,0.0,0.0,0.0,0.0,0.0,0.0,0.0,0.0,-0.07823541015386581,-0.1361449509859085,-0.06788071990013123,-0.03489912673830986,-0.5825470089912415,0.5292395353317261,-0.4816846549510956,0.4387319087982178,0.1810152530670166,-0.36433154344558716,0.33173346519470215,-0.3359520435333252,0.012817773967981339,0.016937773674726486,-0.06912442296743393,-0.01831110566854477,0.047151096165180206,-0.008239997550845146,0.0393688790500164,-0.0119022186845541,0.001831110566854477,-0.041657764464616776,-0.0476088747382164,-0.01144444104284048,0.0,0.0,0.0,0.0,0.0,0.0,-5.551115123125783e-17,0.0,0.0,0.0,0.0,0.0,0.0,0.0,0.0,0.0,0.0,0.0,0.0,0.0,0.0,0.0,0.0,0.0
20260708_190646_213706,2026-07-08T19:07:08.290,22.076685,pose,900,stand,0.0,0.0,0.0,0.0,0.0,0.0,0.0,0.0,1.0,fake,0.0,0.0,-1.0,-0.0,0.0,0.0,0.0,5.328908920288086,10.46663761138916,12,can0:12,5.330362796783447,10.477614402770996,,"BL_hip_joint,BR_hip_joint,FL_hip_joint,FR_hip_joint,BL_thigh_joint,BR_thigh_joint,FL_thigh_joint,FR_thigh_joint,BL_calf_joint,BR_calf_joint,FL_calf_joint,FR_calf_joint",330e02f2406e129bb6ed6ec4a6c6bcd5f80d7e7799a2ab087e81eda65d2fae69,"step=000900 mode=stand  vx= 0.000 vy= 0.000 vxy= 0.000 yaw= 0.000 speed=1.00 imu=fake tilt_rp=[-0.0,+0.0]deg imu_corr=0.000 act_max= 0.000 tau_cmd= 5.329 tau_cmd_max= 10.467 cmds=12 bus=can0:12 tau_fb= 5.330 tau_fb_max= 10.478",,,,,,,,,,,,,,,,,,,,,,,,,,,,,,,,,,,,,,,,,,,,,,,,,0.0,0.0,0.0,0.0,0.0,0.0,0.0,0.0,0.0,0.0,0.0,0.0,0.0,0.0,0.0,0.0,0.0,0.0,0.0,0.0,0.0,0.0,0.0,0.0,-0.07823541015386581,-0.1361449509859085,-0.06788071990013123,-0.03489912673830986,-0.5821634531021118,0.5292395353317261,-0.4816846549510956,0.4387319087982178,0.1810152530670166,-0.3639480471611023,0.33173346519470215,-0.3359520435333252,0.01739555038511753,0.03341776877641678,0.02609332650899887,-0.014191106893122196,-0.048066653311252594,-0.06683553755283356,-0.09430219233036041,0.01739555038511753,0.03479110077023506,0.024262215942144394,0.05401776358485222,-0.05401776358485222,0.0,0.0,0.0,0.0,0.0,0.0,-5.551115123125783e-17,0.0,0.0,0.0,0.0,0.0,0.0,0.0,0.0,0.0,0.0,0.0,0.0,0.0,0.0,0.0,0.0,0.0
20260708_190646_213706,2026-07-08T19:07:08.411,22.197977,pose,905,stand,0.0,0.0,0.0,0.0,0.0,0.0,0.0,0.0,1.0,fake,0.0,0.0,-1.0,-0.0,0.0,0.0,0.0,5.324972629547119,10.444140434265137,12,can0:12,5.333109378814697,10.44831657409668,,"BL_hip_joint,BR_hip_joint,FL_hip_joint,FR_hip_joint,BL_thigh_joint,BR_thigh_joint,FL_thigh_joint,FR_thigh_joint,BL_calf_joint,BR_calf_joint,FL_calf_joint,FR_calf_joint",330e02f2406e129bb6ed6ec4a6c6bcd5f80d7e7799a2ab087e81eda65d2fae69,"step=000905 mode=stand  vx= 0.000 vy= 0.000 vxy= 0.000 yaw= 0.000 speed=1.00 imu=fake tilt_rp=[-0.0,+0.0]deg imu_corr=0.000 act_max= 0.000 tau_cmd= 5.325 tau_cmd_max= 10.444 cmds=12 bus=can0:12 tau_fb= 5.333 tau_fb_max= 10.448",,,,,,,,,,,,,,,,,,,,,,,,,,,,,,,,,,,,,,,,,,,,,,,,,0.0,0.0,0.0,0.0,0.0,0.0,0.0,0.0,0.0,0.0,0.0,0.0,0.0,0.0,0.0,0.0,0.0,0.0,0.0,0.0,0.0,0.0,0.0,0.0,-0.07823541015386581,-0.1361449509859085,-0.06788071990013123,-0.0345156192779541,-0.5825470089912415,0.5292395353317261,-0.4816846549510956,0.4387319087982178,0.1810152530670166,-0.3639480471611023,0.3313499689102173,-0.3359520435333252,0.02609332650899887,0.032044436782598495,-0.013275551609694958,0.007324442267417908,0.0009155552834272385,0.04303110018372536,-0.028839992359280586,0.017853328958153725,-0.014648884534835815,-0.01831110566854477,0.03570665791630745,-0.005493331700563431,0.0,0.0,0.0,0.0,0.0,0.0,-5.551115123125783e-17,0.0,0.0,0.0,0.0,0.0,0.0,0.0,0.0,0.0,0.0,0.0,0.0,0.0,0.0,0.0,0.0,0.0
20260708_190646_213706,2026-07-08T19:07:08.533,22.319709,pose,910,stand,0.0,0.0,0.0,0.0,0.0,0.0,0.0,0.0,1.0,fake,0.0,0.0,-1.0,-0.0,0.0,0.0,0.0,5.330192565917969,10.457865715026855,12,can0:12,5.334940433502197,10.411694526672363,,"BL_hip_joint,BR_hip_joint,FL_hip_joint,FR_hip_joint,BL_thigh_joint,BR_thigh_joint,FL_thigh_joint,FR_thigh_joint,BL_calf_joint,BR_calf_joint,FL_calf_joint,FR_calf_joint",330e02f2406e129bb6ed6ec4a6c6bcd5f80d7e7799a2ab087e81eda65d2fae69,"step=000910 mode=stand  vx= 0.000 vy= 0.000 vxy= 0.000 yaw= 0.000 speed=1.00 imu=fake tilt_rp=[-0.0,+0.0]deg imu_corr=0.000 act_max= 0.000 tau_cmd= 5.330 tau_cmd_max= 10.458 cmds=12 bus=can0:12 tau_fb= 5.335 tau_fb_max= 10.412",,,,,,,,,,,,,,,,,,,,,,,,,,,,,,,,,,,,,,,,,,,,,,,,,0.0,0.0,0.0,0.0,0.0,0.0,0.0,0.0,0.0,0.0,0.0,0.0,0.0,0.0,0.0,0.0,0.0,0.0,0.0,0.0,0.0,0.0,0.0,0.0,-0.07823541015386581,-0.1361449509859085,-0.06788071990013123,-0.03489912673830986,-0.5825470089912415,0.5292395353317261,-0.4816846549510956,0.4387319087982178,0.1810152530670166,-0.36433154344558716,0.33173346519470215,-0.3359520435333252,0.0013733329251408577,0.010528885759413242,0.0032044434919953346,-0.018768884241580963,-0.021973326802253723,0.040742211043834686,0.015564439818263054,0.024262215942144394,0.05218665301799774,-0.02471999265253544,-0.0009155552834272385,-0.00045777764171361923,0.0,0.0,0.0,0.0,0.0,0.0,-5.551115123125783e-17,0.0,0.0,0.0,0.0,0.0,0.0,0.0,0.0,0.0,0.0,0.0,0.0,0.0,0.0,0.0,0.0,0.0
20260708_190646_213706,2026-07-08T19:07:08.654,22.440876,pose,915,stand,0.0,0.0,0.0,0.0,0.0,0.0,0.0,0.0,1.0,fake,0.0,0.0,-1.0,-0.0,0.0,0.0,0.0,5.330260753631592,10.444963455200195,12,can0:12,5.317850589752197,10.466628074645996,,"BL_hip_joint,BR_hip_joint,FL_hip_joint,FR_hip_joint,BL_thigh_joint,BR_thigh_joint,FL_thigh_joint,FR_thigh_joint,BL_calf_joint,BR_calf_joint,FL_calf_joint,FR_calf_joint",330e02f2406e129bb6ed6ec4a6c6bcd5f80d7e7799a2ab087e81eda65d2fae69,"step=000915 mode=stand  vx= 0.000 vy= 0.000 vxy= 0.000 yaw= 0.000 speed=1.00 imu=fake tilt_rp=[-0.0,+0.0]deg imu_corr=0.000 act_max= 0.000 tau_cmd= 5.330 tau_cmd_max= 10.445 cmds=12 bus=can0:12 tau_fb= 5.318 tau_fb_max= 10.467",,,,,,,,,,,,,,,,,,,,,,,,,,,,,,,,,,,,,,,,,,,,,,,,,0.0,0.0,0.0,0.0,0.0,0.0,0.0,0.0,0.0,0.0,0.0,0.0,0.0,0.0,0.0,0.0,0.0,0.0,0.0,0.0,0.0,0.0,0.0,0.0,-0.07823541015386581,-0.1361449509859085,-0.06826423108577728,-0.03489912673830986,-0.5825470089912415,0.5292395353317261,-0.4816846549510956,0.4387319087982178,0.1810152530670166,-0.3639480471611023,0.33173346519470215,-0.3359520435333252,-0.02151555009186268,-0.04119998961687088,-0.05218665301799774,0.029755547642707825,-0.00045777764171361923,0.0196844395250082,0.04257332161068916,0.015564439818263054,0.00595110934227705,-0.06042664870619774,0.005493331700563431,-0.0027466658502817154,0.0,0.0,0.0,0.0,0.0,0.0,-5.551115123125783e-17,0.0,0.0,0.0,0.0,0.0,0.0,0.0,0.0,0.0,0.0,0.0,0.0,0.0,0.0,0.0,0.0,0.0
20260708_190646_213706,2026-07-08T19:07:08.774,22.560661,pose,920,stand,0.0,0.0,0.0,0.0,0.0,0.0,0.0,0.0,1.0,fake,0.0,0.0,-1.0,-0.0,0.0,0.0,0.0,5.3279948234558105,10.448532104492188,12,can0:12,5.323343753814697,10.477614402770996,,"BL_hip_joint,BR_hip_joint,FL_hip_joint,FR_hip_joint,BL_thigh_joint,BR_thigh_joint,FL_thigh_joint,FR_thigh_joint,BL_calf_joint,BR_calf_joint,FL_calf_joint,FR_calf_joint",330e02f2406e129bb6ed6ec4a6c6bcd5f80d7e7799a2ab087e81eda65d2fae69,"step=000920 mode=stand  vx= 0.000 vy= 0.000 vxy= 0.000 yaw= 0.000 speed=1.00 imu=fake tilt_rp=[-0.0,+0.0]deg imu_corr=0.000 act_max= 0.000 tau_cmd= 5.328 tau_cmd_max= 10.449 cmds=12 bus=can0:12 tau_fb= 5.323 tau_fb_max= 10.478",,,,,,,,,,,,,,,,,,,,,,,,,,,,,,,,,,,,,,,,,,,,,,,,,0.0,0.0,0.0,0.0,0.0,0.0,0.0,0.0,0.0,0.0,0.0,0.0,0.0,0.0,0.0,0.0,0.0,0.0,0.0,0.0,0.0,0.0,0.0,0.0,-0.07823541015386581,-0.1361449509859085,-0.06788071990013123,-0.03489912673830986,-0.5825470089912415,0.5292395353317261,-0.4816846549510956,0.43911540508270264,0.1810152530670166,-0.3639480471611023,0.3313499689102173,-0.3359520435333252,-0.05172887444496155,-0.0398266538977623,-0.02288888208568096,-0.05951109528541565,-0.006408886983990669,-0.03662221133708954,-0.02059999480843544,-0.021973326802253723,-0.010528885759413242,0.0068666646257042885,-0.061342205852270126,-0.0553910955786705,0.0,0.0,0.0,0.0,0.0,0.0,-5.551115123125783e-17,0.0,0.0,0.0,0.0,0.0,0.0,0.0,0.0,0.0,0.0,0.0,0.0,0.0,0.0,0.0,0.0,0.0
20260708_190646_213706,2026-07-08T19:07:08.896,22.682733,pose,925,stand,0.0,0.0,0.0,0.0,0.0,0.0,0.0,0.0,1.0,fake,0.0,0.0,-1.0,-0.0,0.0,0.0,0.0,5.323694229125977,10.44029712677002,12,can0:12,5.320596694946289,10.470290184020996,,"BL_hip_joint,BR_hip_joint,FL_hip_joint,FR_hip_joint,BL_thigh_joint,BR_thigh_joint,FL_thigh_joint,FR_thigh_joint,BL_calf_joint,BR_calf_joint,FL_calf_joint,FR_calf_joint",330e02f2406e129bb6ed6ec4a6c6bcd5f80d7e7799a2ab087e81eda65d2fae69,"step=000925 mode=stand  vx= 0.000 vy= 0.000 vxy= 0.000 yaw= 0.000 speed=1.00 imu=fake tilt_rp=[-0.0,+0.0]deg imu_corr=0.000 act_max= 0.000 tau_cmd= 5.324 tau_cmd_max= 10.440 cmds=12 bus=can0:12 tau_fb= 5.321 tau_fb_max= 10.470",,,,,,,,,,,,,,,,,,,,,,,,,,,,,,,,,,,,,,,,,,,,,,,,,0.0,0.0,0.0,0.0,0.0,0.0,0.0,0.0,0.0,0.0,0.0,0.0,0.0,0.0,0.0,0.0,0.0,0.0,0.0,0.0,0.0,0.0,0.0,0.0,-0.07823541015386581,-0.1361449509859085,-0.06788071990013123,-0.03489912673830986,-0.5825470089912415,0.5292395353317261,-0.4816846549510956,0.4387319087982178,0.18139876425266266,-0.3639480471611023,0.3313499689102173,-0.3359520435333252,0.01144444104284048,-0.007782219909131527,0.0032044434919953346,-0.09247108548879623,0.007324442267417908,0.05767998471856117,0.02609332650899887,-0.048066653311252594,-0.01831110566854477,0.007324442267417908,-0.02929776906967163,-0.02609332650899887,0.0,0.0,0.0,0.0,0.0,0.0,-5.551115123125783e-17,0.0,0.0,0.0,0.0,0.0,0.0,0.0,0.0,0.0,0.0,0.0,0.0,0.0,0.0,0.0,0.0,0.0
20260708_190646_213706,2026-07-08T19:07:09.019,22.805740,pose,930,stand,0.0,0.0,0.0,0.0,0.0,0.0,0.0,0.0,1.0,fake,0.0,0.0,-1.0,-0.0,0.0,0.0,0.0,5.318178653717041,10.470768928527832,12,can0:12,5.335245609283447,10.459303855895996,,"BL_hip_joint,BR_hip_joint,FL_hip_joint,FR_hip_joint,BL_thigh_joint,BR_thigh_joint,FL_thigh_joint,FR_thigh_joint,BL_calf_joint,BR_calf_joint,FL_calf_joint,FR_calf_joint",330e02f2406e129bb6ed6ec4a6c6bcd5f80d7e7799a2ab087e81eda65d2fae69,"step=000930 mode=stand  vx= 0.000 vy= 0.000 vxy= 0.000 yaw= 0.000 speed=1.00 imu=fake tilt_rp=[-0.0,+0.0]deg imu_corr=0.000 act_max= 0.000 tau_cmd= 5.318 tau_cmd_max= 10.471 cmds=12 bus=can0:12 tau_fb= 5.335 tau_fb_max= 10.459",,,,,,,,,,,,,,,,,,,,,,,,,,,,,,,,,,,,,,,,,,,,,,,,,0.0,0.0,0.0,0.0,0.0,0.0,0.0,0.0,0.0,0.0,0.0,0.0,0.0,0.0,0.0,0.0,0.0,0.0,0.0,0.0,0.0,0.0,0.0,0.0,-0.07785189896821976,-0.1361449509859085,-0.06788071990013123,-0.03489912673830986,-0.5825470089912415,0.5292395353317261,-0.4816846549510956,0.4387319087982178,0.1810152530670166,-0.3639480471611023,0.33173346519470215,-0.33556854724884033,0.035248879343271255,-0.031128879636526108,0.003662221133708954,-0.014648884534835815,-0.04348887503147125,-0.004119998775422573,0.059053316712379456,-0.01235999632626772,0.05767998471856117,0.037537768483161926,0.0027466658502817154,0.05218665301799774,0.0,0.0,0.0,0.0,0.0,0.0,-5.551115123125783e-17,0.0,0.0,0.0,0.0,0.0,0.0,0.0,0.0,0.0,0.0,0.0,0.0,0.0,0.0,0.0,0.0,0.0
20260708_190646_213706,2026-07-08T19:07:09.140,22.927022,pose,935,stand,0.0,0.0,0.0,0.0,0.0,0.0,0.0,0.0,1.0,fake,0.0,0.0,-1.0,-0.0,0.0,0.0,0.0,5.314701080322266,10.424099922180176,12,can0:12,5.332804203033447,10.411694526672363,,"BL_hip_joint,BR_hip_joint,FL_hip_joint,FR_hip_joint,BL_thigh_joint,BR_thigh_joint,FL_thigh_joint,FR_thigh_joint,BL_calf_joint,BR_calf_joint,FL_calf_joint,FR_calf_joint",330e02f2406e129bb6ed6ec4a6c6bcd5f80d7e7799a2ab087e81eda65d2fae69,"step=000935 mode=stand  vx= 0.000 vy= 0.000 vxy= 0.000 yaw= 0.000 speed=1.00 imu=fake tilt_rp=[-0.0,+0.0]deg imu_corr=0.000 act_max= 0.000 tau_cmd= 5.315 tau_cmd_max= 10.424 cmds=12 bus=can0:12 tau_fb= 5.333 tau_fb_max= 10.412",,,,,,,,,,,,,,,,,,,,,,,,,,,,,,,,,,,,,,,,,,,,,,,,,0.0,0.0,0.0,0.0,0.0,0.0,0.0,0.0,0.0,0.0,0.0,0.0,0.0,0.0,0.0,0.0,0.0,0.0,0.0,0.0,0.0,0.0,0.0,0.0,-0.07823541015386581,-0.1361449509859085,-0.06788071990013123,-0.03489912673830986,-0.5825470089912415,0.5292395353317261,-0.4816846549510956,0.4387319087982178,0.1810152530670166,-0.3639480471611023,0.3313499689102173,-0.33556854724884033,-0.041657764464616776,0.051271095871925354,0.009613330475986004,0.036164432764053345,0.03433332219719887,0.03799554333090782,-0.047151096165180206,-0.004119998775422573,0.0027466658502817154,0.01144444104284048,-0.06454664468765259,0.04211554303765297,0.0,0.0,0.0,0.0,0.0,0.0,-5.551115123125783e-17,0.0,0.0,0.0,0.0,0.0,0.0,0.0,0.0,0.0,0.0,0.0,0.0,0.0,0.0,0.0,0.0,0.0
20260708_190646_213706,2026-07-08T19:07:09.259,23.046071,pose,940,stand,0.0,0.0,0.0,0.0,0.0,0.0,0.0,0.0,1.0,fake,0.0,0.0,-1.0,-0.0,0.0,0.0,0.0,5.316465854644775,10.465278625488281,12,can0:12,5.336466312408447,10.419018745422363,,"BL_hip_joint,BR_hip_joint,FL_hip_joint,FR_hip_joint,BL_thigh_joint,BR_thigh_joint,FL_thigh_joint,FR_thigh_joint,BL_calf_joint,BR_calf_joint,FL_calf_joint,FR_calf_joint",330e02f2406e129bb6ed6ec4a6c6bcd5f80d7e7799a2ab087e81eda65d2fae69,"step=000940 mode=stand  vx= 0.000 vy= 0.000 vxy= 0.000 yaw= 0.000 speed=1.00 imu=fake tilt_rp=[-0.0,+0.0]deg imu_corr=0.000 act_max= 0.000 tau_cmd= 5.316 tau_cmd_max= 10.465 cmds=12 bus=can0:12 tau_fb= 5.336 tau_fb_max= 10.419",,,,,,,,,,,,,,,,,,,,,,,,,,,,,,,,,,,,,,,,,,,,,,,,,0.0,0.0,0.0,0.0,0.0,0.0,0.0,0.0,0.0,0.0,0.0,0.0,0.0,0.0,0.0,0.0,0.0,0.0,0.0,0.0,0.0,0.0,0.0,0.0,-0.07823541015386581,-0.1361449509859085,-0.06826423108577728,-0.03489912673830986,-0.5825470089912415,0.5292395353317261,-0.4816846549510956,0.4387319087982178,0.1810152530670166,-0.3639480471611023,0.33173346519470215,-0.3359520435333252,-0.0196844395250082,-0.017853328958153725,0.043946653604507446,-0.051271095871925354,-0.03433332219719887,-0.06729331612586975,0.015106662176549435,-0.006408886983990669,-0.04669332131743431,0.0476088747382164,-0.021057771518826485,-0.001831110566854477,0.0,0.0,0.0,0.0,0.0,0.0,-5.551115123125783e-17,0.0,0.0,0.0,0.0,0.0,0.0,0.0,0.0,0.0,0.0,0.0,0.0,0.0,0.0,0.0,0.0,0.0
20260708_190646_213706,2026-07-08T19:07:09.380,23.166275,pose,945,stand,0.0,0.0,0.0,0.0,0.0,0.0,0.0,0.0,1.0,fake,0.0,0.0,-1.0,-0.0,0.0,0.0,0.0,5.328473091125488,10.430688858032227,12,can0:12,5.327921390533447,10.43733024597168,,"BL_hip_joint,BR_hip_joint,FL_hip_joint,FR_hip_joint,BL_thigh_joint,BR_thigh_joint,FL_thigh_joint,FR_thigh_joint,BL_calf_joint,BR_calf_joint,FL_calf_joint,FR_calf_joint",330e02f2406e129bb6ed6ec4a6c6bcd5f80d7e7799a2ab087e81eda65d2fae69,"step=000945 mode=stand  vx= 0.000 vy= 0.000 vxy= 0.000 yaw= 0.000 speed=1.00 imu=fake tilt_rp=[-0.0,+0.0]deg imu_corr=0.000 act_max= 0.000 tau_cmd= 5.328 tau_cmd_max= 10.431 cmds=12 bus=can0:12 tau_fb= 5.328 tau_fb_max= 10.437",,,,,,,,,,,,,,,,,,,,,,,,,,,,,,,,,,,,,,,,,,,,,,,,,0.0,0.0,0.0,0.0,0.0,0.0,0.0,0.0,0.0,0.0,0.0,0.0,0.0,0.0,0.0,0.0,0.0,0.0,0.0,0.0,0.0,0.0,0.0,0.0,-0.07823541015386581,-0.1361449509859085,-0.06788071990013123,-0.03489912673830986,-0.5825470089912415,0.5292395353317261,-0.4816846549510956,0.4387319087982178,0.1810152530670166,-0.3639480471611023,0.3313499689102173,-0.33556854724884033,-0.06088442727923393,-0.0050355540588498116,-0.0947599709033966,0.01235999632626772,0.023346660658717155,-0.004119998775422573,-0.010986663401126862,-0.04028443247079849,-0.0068666646257042885,-0.06729331612586975,-0.007324442267417908,-0.0068666646257042885,0.0,0.0,0.0,0.0,0.0,0.0,-5.551115123125783e-17,0.0,0.0,0.0,0.0,0.0,0.0,0.0,0.0,0.0,0.0,0.0,0.0,0.0,0.0,0.0,0.0,0.0
20260708_190646_213706,2026-07-08T19:07:09.502,23.288424,pose,950,stand,0.0,0.0,0.0,0.0,0.0,0.0,0.0,0.0,1.0,fake,0.0,0.0,-1.0,-0.0,0.0,0.0,0.0,5.324037551879883,10.432610511779785,12,can0:12,5.336771488189697,10.45197868347168,,"BL_hip_joint,BR_hip_joint,FL_hip_joint,FR_hip_joint,BL_thigh_joint,BR_thigh_joint,FL_thigh_joint,FR_thigh_joint,BL_calf_joint,BR_calf_joint,FL_calf_joint,FR_calf_joint",330e02f2406e129bb6ed6ec4a6c6bcd5f80d7e7799a2ab087e81eda65d2fae69,"step=000950 mode=stand  vx= 0.000 vy= 0.000 vxy= 0.000 yaw= 0.000 speed=1.00 imu=fake tilt_rp=[-0.0,+0.0]deg imu_corr=0.000 act_max= 0.000 tau_cmd= 5.324 tau_cmd_max= 10.433 cmds=12 bus=can0:12 tau_fb= 5.337 tau_fb_max= 10.452",,,,,,,,,,,,,,,,,,,,,,,,,,,,,,,,,,,,,,,,,,,,,,,,,0.0,0.0,0.0,0.0,0.0,0.0,0.0,0.0,0.0,0.0,0.0,0.0,0.0,0.0,0.0,0.0,0.0,0.0,0.0,0.0,0.0,0.0,0.0,0.0,-0.07823541015386581,-0.1361449509859085,-0.06826423108577728,-0.03489912673830986,-0.5825470089912415,0.5292395353317261,-0.4816846549510956,0.4387319087982178,0.1810152530670166,-0.3639480471611023,0.3313499689102173,-0.3359520435333252,0.009155552834272385,-0.0238044373691082,-0.03799554333090782,-0.009613330475986004,0.020142216235399246,0.03433332219719887,0.0791955292224884,-0.0027466658502817154,-0.0119022186845541,-0.009155552834272385,0.010071108117699623,-0.03799554333090782,0.0,0.0,0.0,0.0,0.0,0.0,-5.551115123125783e-17,0.0,0.0,0.0,0.0,0.0,0.0,0.0,0.0,0.0,0.0,0.0,0.0,0.0,0.0,0.0,0.0,0.0
20260708_190646_213706,2026-07-08T19:07:09.623,23.409285,pose,955,stand,0.0,0.0,0.0,0.0,0.0,0.0,0.0,0.0,1.0,fake,0.0,0.0,-1.0,-0.0,0.0,0.0,0.0,5.3241047859191895,10.507004737854004,12,can0:12,5.318460464477539,10.419018745422363,,"BL_hip_joint,BR_hip_joint,FL_hip_joint,FR_hip_joint,BL_thigh_joint,BR_thigh_joint,FL_thigh_joint,FR_thigh_joint,BL_calf_joint,BR_calf_joint,FL_calf_joint,FR_calf_joint",330e02f2406e129bb6ed6ec4a6c6bcd5f80d7e7799a2ab087e81eda65d2fae69,"step=000955 mode=stand  vx= 0.000 vy= 0.000 vxy= 0.000 yaw= 0.000 speed=1.00 imu=fake tilt_rp=[-0.0,+0.0]deg imu_corr=0.000 act_max= 0.000 tau_cmd= 5.324 tau_cmd_max= 10.507 cmds=12 bus=can0:12 tau_fb= 5.318 tau_fb_max= 10.419",,,,,,,,,,,,,,,,,,,,,,,,,,,,,,,,,,,,,,,,,,,,,,,,,0.0,0.0,0.0,0.0,0.0,0.0,0.0,0.0,0.0,0.0,0.0,0.0,0.0,0.0,0.0,0.0,0.0,0.0,0.0,0.0,0.0,0.0,0.0,0.0,-0.07823541015386581,-0.1361449509859085,-0.06788071990013123,-0.03489912673830986,-0.5825470089912415,0.5292395353317261,-0.4816846549510956,0.4387319087982178,0.1810152530670166,-0.3639480471611023,0.3313499689102173,-0.3359520435333252,0.059053316712379456,-0.025635547935962677,-0.07049775868654251,0.04028443247079849,-0.10391552746295929,0.001831110566854477,0.07599108666181564,0.05081331729888916,0.017853328958153725,-0.016937773674726486,-0.055848874151706696,0.003662221133708954,0.0,0.0,0.0,0.0,0.0,0.0,-5.551115123125783e-17,0.0,0.0,0.0,0.0,0.0,0.0,0.0,0.0,0.0,0.0,0.0,0.0,0.0,0.0,0.0,0.0,0.0
20260708_190646_213706,2026-07-08T19:07:09.743,23.529562,pose,960,stand,0.0,0.0,0.0,0.0,0.0,0.0,0.0,0.0,1.0,fake,0.0,0.0,-1.0,-0.0,0.0,0.0,0.0,5.331471920013428,10.448532104492188,12,can0:12,5.329752445220947,10.514236450195312,,"BL_hip_joint,BR_hip_joint,FL_hip_joint,FR_hip_joint,BL_thigh_joint,BR_thigh_joint,FL_thigh_joint,FR_thigh_joint,BL_calf_joint,BR_calf_joint,FL_calf_joint,FR_calf_joint",330e02f2406e129bb6ed6ec4a6c6bcd5f80d7e7799a2ab087e81eda65d2fae69,"step=000960 mode=stand  vx= 0.000 vy= 0.000 vxy= 0.000 yaw= 0.000 speed=1.00 imu=fake tilt_rp=[-0.0,+0.0]deg imu_corr=0.000 act_max= 0.000 tau_cmd= 5.331 tau_cmd_max= 10.449 cmds=12 bus=can0:12 tau_fb= 5.330 tau_fb_max= 10.514",,,,,,,,,,,,,,,,,,,,,,,,,,,,,,,,,,,,,,,,,,,,,,,,,0.0,0.0,0.0,0.0,0.0,0.0,0.0,0.0,0.0,0.0,0.0,0.0,0.0,0.0,0.0,0.0,0.0,0.0,0.0,0.0,0.0,0.0,0.0,0.0,-0.07823541015386581,-0.1361449509859085,-0.06788071990013123,-0.03489912673830986,-0.5825470089912415,0.5292395353317261,-0.4816846549510956,0.4387319087982178,0.1810152530670166,-0.3639480471611023,0.33173346519470215,-0.3359520435333252,-0.10254219174385071,0.04119998961687088,-0.04943998530507088,-0.04211554303765297,-0.006408886983990669,0.027924437075853348,-0.001831110566854477,0.004577776417136192,0.007324442267417908,0.07644886523485184,0.03387554734945297,-0.03021332435309887,0.0,0.0,0.0,0.0,0.0,0.0,-5.551115123125783e-17,0.0,0.0,0.0,0.0,0.0,0.0,0.0,0.0,0.0,0.0,0.0,0.0,0.0,0.0,0.0,0.0,0.0
20260708_190646_213706,2026-07-08T19:07:09.863,23.649855,pose,965,stand,0.0,0.0,0.0,0.0,0.0,0.0,0.0,0.0,1.0,fake,0.0,0.0,-1.0,-0.0,0.0,0.0,0.0,5.334285259246826,10.443316459655762,12,can0:12,5.325785160064697,10.44831657409668,,"BL_hip_joint,BR_hip_joint,FL_hip_joint,FR_hip_joint,BL_thigh_joint,BR_thigh_joint,FL_thigh_joint,FR_thigh_joint,BL_calf_joint,BR_calf_joint,FL_calf_joint,FR_calf_joint",330e02f2406e129bb6ed6ec4a6c6bcd5f80d7e7799a2ab087e81eda65d2fae69,"step=000965 mode=stand  vx= 0.000 vy= 0.000 vxy= 0.000 yaw= 0.000 speed=1.00 imu=fake tilt_rp=[-0.0,+0.0]deg imu_corr=0.000 act_max= 0.000 tau_cmd= 5.334 tau_cmd_max= 10.443 cmds=12 bus=can0:12 tau_fb= 5.326 tau_fb_max= 10.448",,,,,,,,,,,,,,,,,,,,,,,,,,,,,,,,,,,,,,,,,,,,,,,,,0.0,0.0,0.0,0.0,0.0,0.0,0.0,0.0,0.0,0.0,0.0,0.0,0.0,0.0,0.0,0.0,0.0,0.0,0.0,0.0,0.0,0.0,0.0,0.0,-0.07823541015386581,-0.1361449509859085,-0.06788071990013123,-0.03489912673830986,-0.5825470089912415,0.5292395353317261,-0.48206818103790283,0.4387319087982178,0.1810152530670166,-0.3639480471611023,0.3313499689102173,-0.33556854724884033,-0.02700888179242611,-0.014191106893122196,-0.032959990203380585,-0.008697775192558765,0.002288888208568096,0.004577776417136192,-0.048066653311252594,0.03707998991012573,0.017853328958153725,0.00045777764171361923,0.12543107569217682,0.056764427572488785,0.0,0.0,0.0,0.0,0.0,0.0,0.0,0.0,0.0,0.0,0.0,0.0,0.0,0.0,0.0,0.0,0.0,0.0,0.0,0.0,0.0,0.0,0.0,0.0
20260708_190646_213706,2026-07-08T19:07:09.984,23.770629,pose,970,stand,0.0,0.0,0.0,0.0,0.0,0.0,0.0,0.0,1.0,fake,0.0,0.0,-1.0,-0.0,0.0,0.0,0.0,5.338037490844727,10.451552391052246,12,can0:12,5.321817874908447,10.462965965270996,,"BL_hip_joint,BR_hip_joint,FL_hip_joint,FR_hip_joint,BL_thigh_joint,BR_thigh_joint,FL_thigh_joint,FR_thigh_joint,BL_calf_joint,BR_calf_joint,FL_calf_joint,FR_calf_joint",330e02f2406e129bb6ed6ec4a6c6bcd5f80d7e7799a2ab087e81eda65d2fae69,"step=000970 mode=stand  vx= 0.000 vy= 0.000 vxy= 0.000 yaw= 0.000 speed=1.00 imu=fake tilt_rp=[-0.0,+0.0]deg imu_corr=0.000 act_max= 0.000 tau_cmd= 5.338 tau_cmd_max= 10.452 cmds=12 bus=can0:12 tau_fb= 5.322 tau_fb_max= 10.463",,,,,,,,,,,,,,,,,,,,,,,,,,,,,,,,,,,,,,,,,,,,,,,,,0.0,0.0,0.0,0.0,0.0,0.0,0.0,0.0,0.0,0.0,0.0,0.0,0.0,0.0,0.0,0.0,0.0,0.0,0.0,0.0,0.0,0.0,0.0,0.0,-0.07823541015386581,-0.1361449509859085,-0.06788071990013123,-0.03489912673830986,-0.5825470089912415,0.5292395353317261,-0.48206818103790283,0.4387319087982178,0.1810152530670166,-0.3639480471611023,0.33173346519470215,-0.33556854724884033,-0.0027466658502817154,-0.015106662176549435,-0.05493331700563431,0.007324442267417908,-0.01144444104284048,0.0631733164191246,0.009155552834272385,0.04852443188428879,-0.007782219909131527,-0.02059999480843544,0.11627551913261414,-0.01144444104284048,0.0,0.0,0.0,0.0,0.0,0.0,0.0,0.0,0.0,0.0,0.0,0.0,0.0,0.0,0.0,0.0,0.0,0.0,0.0,0.0,0.0,0.0,0.0,0.0
20260708_190646_213706,2026-07-08T19:07:10.104,23.890887,pose,975,stand,0.0,0.0,0.0,0.0,0.0,0.0,0.0,0.0,1.0,fake,0.0,0.0,-1.0,-0.0,0.0,0.0,0.0,5.3201470375061035,10.447159767150879,12,can0:12,5.313272476196289,10.44831657409668,,"BL_hip_joint,BR_hip_joint,FL_hip_joint,FR_hip_joint,BL_thigh_joint,BR_thigh_joint,FL_thigh_joint,FR_thigh_joint,BL_calf_joint,BR_calf_joint,FL_calf_joint,FR_calf_joint",330e02f2406e129bb6ed6ec4a6c6bcd5f80d7e7799a2ab087e81eda65d2fae69,"step=000975 mode=stand  vx= 0.000 vy= 0.000 vxy= 0.000 yaw= 0.000 speed=1.00 imu=fake tilt_rp=[-0.0,+0.0]deg imu_corr=0.000 act_max= 0.000 tau_cmd= 5.320 tau_cmd_max= 10.447 cmds=12 bus=can0:12 tau_fb= 5.313 tau_fb_max= 10.448",,,,,,,,,,,,,,,,,,,,,,,,,,,,,,,,,,,,,,,,,,,,,,,,,0.0,0.0,0.0,0.0,0.0,0.0,0.0,0.0,0.0,0.0,0.0,0.0,0.0,0.0,0.0,0.0,0.0,0.0,0.0,0.0,0.0,0.0,0.0,0.0,-0.07823541015386581,-0.1361449509859085,-0.06788071990013123,-0.03489912673830986,-0.5825470089912415,0.5292395353317261,-0.4816846549510956,0.43911540508270264,0.1810152530670166,-0.3639480471611023,0.3313499689102173,-0.33556854724884033,0.04440443217754364,-0.010071108117699623,-0.004119998775422573,-0.06042664870619774,-0.004119998775422573,-0.01235999632626772,0.06408887356519699,0.035248879343271255,-0.003662221133708954,0.00045777764171361923,-0.04852443188428879,-0.032959990203380585,0.0,0.0,0.0,0.0,0.0,0.0,-5.551115123125783e-17,0.0,0.0,0.0,0.0,0.0,0.0,0.0,0.0,0.0,0.0,0.0,0.0,0.0,0.0,0.0,0.0,0.0
20260708_190646_213706,2026-07-08T19:07:10.223,24.010107,pose,980,stand,0.0,0.0,0.0,0.0,0.0,0.0,0.0,0.0,1.0,fake,0.0,0.0,-1.0,-0.0,0.0,0.0,0.0,5.3281755447387695,10.485318183898926,12,can0:12,5.327921390533447,10.45197868347168,,"BL_hip_joint,BR_hip_joint,FL_hip_joint,FR_hip_joint,BL_thigh_joint,BR_thigh_joint,FL_thigh_joint,FR_thigh_joint,BL_calf_joint,BR_calf_joint,FL_calf_joint,FR_calf_joint",330e02f2406e129bb6ed6ec4a6c6bcd5f80d7e7799a2ab087e81eda65d2fae69,"step=000980 mode=stand  vx= 0.000 vy= 0.000 vxy= 0.000 yaw= 0.000 speed=1.00 imu=fake tilt_rp=[-0.0,+0.0]deg imu_corr=0.000 act_max= 0.000 tau_cmd= 5.328 tau_cmd_max= 10.485 cmds=12 bus=can0:12 tau_fb= 5.328 tau_fb_max= 10.452",,,,,,,,,,,,,,,,,,,,,,,,,,,,,,,,,,,,,,,,,,,,,,,,,0.0,0.0,0.0,0.0,0.0,0.0,0.0,0.0,0.0,0.0,0.0,0.0,0.0,0.0,0.0,0.0,0.0,0.0,0.0,0.0,0.0,0.0,0.0,0.0,-0.07823541015386581,-0.1361449509859085,-0.06788071990013123,-0.03489912673830986,-0.5825470089912415,0.5292395353317261,-0.4816846549510956,0.4387319087982178,0.1810152530670166,-0.3639480471611023,0.3313499689102173,-0.33556854724884033,-0.03341776877641678,-0.016937773674726486,-0.004119998775422573,-0.003662221133708954,-0.06775109469890594,0.014191106893122196,0.0238044373691082,-0.012817773967981339,0.0050355540588498116,-0.015564439818263054,0.0009155552834272385,-0.02059999480843544,0.0,0.0,0.0,0.0,0.0,0.0,-5.551115123125783e-17,0.0,0.0,0.0,0.0,0.0,0.0,0.0,0.0,0.0,0.0,0.0,0.0,0.0,0.0,0.0,0.0,0.0
20260708_190646_213706,2026-07-08T19:07:10.343,24.130223,pose,985,stand,0.0,0.0,0.0,0.0,0.0,0.0,0.0,0.0,1.0,fake,0.0,0.0,-1.0,-0.0,0.0,0.0,0.0,5.3173112869262695,10.437002182006836,12,can0:12,5.333414554595947,10.43366813659668,,"BL_hip_joint,BR_hip_joint,FL_hip_joint,FR_hip_joint,BL_thigh_joint,BR_thigh_joint,FL_thigh_joint,FR_thigh_joint,BL_calf_joint,BR_calf_joint,FL_calf_joint,FR_calf_joint",330e02f2406e129bb6ed6ec4a6c6bcd5f80d7e7799a2ab087e81eda65d2fae69,"step=000985 mode=stand  vx= 0.000 vy= 0.000 vxy= 0.000 yaw= 0.000 speed=1.00 imu=fake tilt_rp=[-0.0,+0.0]deg imu_corr=0.000 act_max= 0.000 tau_cmd= 5.317 tau_cmd_max= 10.437 cmds=12 bus=can0:12 tau_fb= 5.333 tau_fb_max= 10.434",,,,,,,,,,,,,,,,,,,,,,,,,,,,,,,,,,,,,,,,,,,,,,,,,0.0,0.0,0.0,0.0,0.0,0.0,0.0,0.0,0.0,0.0,0.0,0.0,0.0,0.0,0.0,0.0,0.0,0.0,0.0,0.0,0.0,0.0,0.0,0.0,-0.07823541015386581,-0.1361449509859085,-0.06788071990013123,-0.03489912673830986,-0.5825470089912415,0.5292395353317261,-0.48206818103790283,0.4387319087982178,0.1810152530670166,-0.3639480471611023,0.3313499689102173,-0.3359520435333252,0.037537768483161926,-0.026551103219389915,0.04669332131743431,-0.03250221163034439,0.012817773967981339,-0.04028443247079849,-0.0709555372595787,-0.0196844395250082,0.0,0.04577776417136192,0.008239997550845146,0.03021332435309887,0.0,0.0,0.0,0.0,0.0,0.0,0.0,0.0,0.0,0.0,0.0,0.0,0.0,0.0,0.0,0.0,0.0,0.0,0.0,0.0,0.0,0.0,0.0,0.0
20260708_190646_213706,2026-07-08T19:07:10.465,24.251860,pose,990,stand,0.0,0.0,0.0,0.0,0.0,0.0,0.0,0.0,1.0,fake,0.0,0.0,-1.0,-0.0,0.0,0.0,0.0,5.323303699493408,10.418060302734375,12,can0:12,5.331888675689697,10.495925903320312,,"BL_hip_joint,BR_hip_joint,FL_hip_joint,FR_hip_joint,BL_thigh_joint,BR_thigh_joint,FL_thigh_joint,FR_thigh_joint,BL_calf_joint,BR_calf_joint,FL_calf_joint,FR_calf_joint",330e02f2406e129bb6ed6ec4a6c6bcd5f80d7e7799a2ab087e81eda65d2fae69,"step=000990 mode=stand  vx= 0.000 vy= 0.000 vxy= 0.000 yaw= 0.000 speed=1.00 imu=fake tilt_rp=[-0.0,+0.0]deg imu_corr=0.000 act_max= 0.000 tau_cmd= 5.323 tau_cmd_max= 10.418 cmds=12 bus=can0:12 tau_fb= 5.332 tau_fb_max= 10.496",,,,,,,,,,,,,,,,,,,,,,,,,,,,,,,,,,,,,,,,,,,,,,,,,0.0,0.0,0.0,0.0,0.0,0.0,0.0,0.0,0.0,0.0,0.0,0.0,0.0,0.0,0.0,0.0,0.0,0.0,0.0,0.0,0.0,0.0,0.0,0.0,-0.07823541015386581,-0.1361449509859085,-0.06788071990013123,-0.03489912673830986,-0.5825470089912415,0.5292395353317261,-0.4816846549510956,0.4387319087982178,0.1810152530670166,-0.3639480471611023,0.3313499689102173,-0.3359520435333252,0.029755547642707825,-0.014191106893122196,-0.09933774918317795,-0.020142216235399246,0.04440443217754364,0.032044436782598495,-0.06271553784608841,0.016022218391299248,-0.06271553784608841,0.0315866582095623,-0.021973326802253723,0.01739555038511753,0.0,0.0,0.0,0.0,0.0,0.0,-5.551115123125783e-17,0.0,0.0,0.0,0.0,0.0,0.0,0.0,0.0,0.0,0.0,0.0,0.0,0.0,0.0,0.0,0.0,0.0
20260708_190646_213706,2026-07-08T19:07:10.587,24.373689,pose,995,stand,0.0,0.0,0.0,0.0,0.0,0.0,0.0,0.0,1.0,fake,0.0,0.0,-1.0,-0.0,0.0,0.0,0.0,5.3287034034729,10.47955322265625,12,can0:12,5.321207523345947,10.42268180847168,,"BL_hip_joint,BR_hip_joint,FL_hip_joint,FR_hip_joint,BL_thigh_joint,BR_thigh_joint,FL_thigh_joint,FR_thigh_joint,BL_calf_joint,BR_calf_joint,FL_calf_joint,FR_calf_joint",330e02f2406e129bb6ed6ec4a6c6bcd5f80d7e7799a2ab087e81eda65d2fae69,"step=000995 mode=stand  vx= 0.000 vy= 0.000 vxy= 0.000 yaw= 0.000 speed=1.00 imu=fake tilt_rp=[-0.0,+0.0]deg imu_corr=0.000 act_max= 0.000 tau_cmd= 5.329 tau_cmd_max= 10.480 cmds=12 bus=can0:12 tau_fb= 5.321 tau_fb_max= 10.423",,,,,,,,,,,,,,,,,,,,,,,,,,,,,,,,,,,,,,,,,,,,,,,,,0.0,0.0,0.0,0.0,0.0,0.0,0.0,0.0,0.0,0.0,0.0,0.0,0.0,0.0,0.0,0.0,0.0,0.0,0.0,0.0,0.0,0.0,0.0,0.0,-0.07823541015386581,-0.1361449509859085,-0.06788071990013123,-0.03489912673830986,-0.5825470089912415,0.5292395353317261,-0.4816846549510956,0.4387319087982178,0.18139876425266266,-0.3639480471611023,0.3313499689102173,-0.33556854724884033,-0.01739555038511753,-0.025635547935962677,0.008239997550845146,-0.027466658502817154,-0.05813775956630707,0.013275551609694958,-0.018768884241580963,-0.03479110077023506,0.010528885759413242,0.03433332219719887,0.05813775956630707,0.007324442267417908,0.0,0.0,0.0,0.0,0.0,0.0,-5.551115123125783e-17,0.0,0.0,0.0,0.0,0.0,0.0,0.0,0.0,0.0,0.0,0.0,0.0,0.0,0.0,0.0,0.0,0.0
20260708_190646_213706,2026-07-08T19:07:10.709,24.495778,pose,1000,stand,0.0,0.0,0.0,0.0,0.0,0.0,0.0,0.0,1.0,fake,0.0,0.0,-1.0,-0.0,0.0,0.0,0.0,5.300267696380615,10.454571723937988,12,can0:12,5.330362796783447,10.492263793945312,,"BL_hip_joint,BR_hip_joint,FL_hip_joint,FR_hip_joint,BL_thigh_joint,BR_thigh_joint,FL_thigh_joint,FR_thigh_joint,BL_calf_joint,BR_calf_joint,FL_calf_joint,FR_calf_joint",330e02f2406e129bb6ed6ec4a6c6bcd5f80d7e7799a2ab087e81eda65d2fae69,"step=001000 mode=stand  vx= 0.000 vy= 0.000 vxy= 0.000 yaw= 0.000 speed=1.00 imu=fake tilt_rp=[-0.0,+0.0]deg imu_corr=0.000 act_max= 0.000 tau_cmd= 5.300 tau_cmd_max= 10.455 cmds=12 bus=can0:12 tau_fb= 5.330 tau_fb_max= 10.492",,,,,,,,,,,,,,,,,,,,,,,,,,,,,,,,,,,,,,,,,,,,,,,,,0.0,0.0,0.0,0.0,0.0,0.0,0.0,0.0,0.0,0.0,0.0,0.0,0.0,0.0,0.0,0.0,0.0,0.0,0.0,0.0,0.0,0.0,0.0,0.0,-0.07823541015386581,-0.1361449509859085,-0.06788071990013123,-0.03489912673830986,-0.5825470089912415,0.5292395353317261,-0.4816846549510956,0.4387319087982178,0.1810152530670166,-0.3639480471611023,0.3313499689102173,-0.3359520435333252,-0.0068666646257042885,0.059968870133161545,0.0238044373691082,-0.0013733329251408577,-0.016479995101690292,-0.04669332131743431,0.0631733164191246,-0.07278664410114288,-0.08880886435508728,0.025177771225571632,-0.1029999703168869,-0.03433332219719887,0.0,0.0,0.0,0.0,0.0,0.0,-5.551115123125783e-17,0.0,0.0,0.0,0.0,0.0,0.0,0.0,0.0,0.0,0.0,0.0,0.0,0.0,0.0,0.0,0.0,0.0
20260708_190646_213706,2026-07-08T19:07:10.831,24.617655,pose,1005,stand,0.0,0.0,0.0,0.0,0.0,0.0,0.0,0.0,1.0,fake,0.0,0.0,-1.0,-0.0,0.0,0.0,0.0,5.333119869232178,10.461435317993164,12,can0:12,5.316324234008789,10.419018745422363,,"BL_hip_joint,BR_hip_joint,FL_hip_joint,FR_hip_joint,BL_thigh_joint,BR_thigh_joint,FL_thigh_joint,FR_thigh_joint,BL_calf_joint,BR_calf_joint,FL_calf_joint,FR_calf_joint",330e02f2406e129bb6ed6ec4a6c6bcd5f80d7e7799a2ab087e81eda65d2fae69,"step=001005 mode=stand  vx= 0.000 vy= 0.000 vxy= 0.000 yaw= 0.000 speed=1.00 imu=fake tilt_rp=[-0.0,+0.0]deg imu_corr=0.000 act_max= 0.000 tau_cmd= 5.333 tau_cmd_max= 10.461 cmds=12 bus=can0:12 tau_fb= 5.316 tau_fb_max= 10.419",,,,,,,,,,,,,,,,,,,,,,,,,,,,,,,,,,,,,,,,,,,,,,,,,0.0,0.0,0.0,0.0,0.0,0.0,0.0,0.0,0.0,0.0,0.0,0.0,0.0,0.0,0.0,0.0,0.0,0.0,0.0,0.0,0.0,0.0,0.0,0.0,-0.07823541015386581,-0.1361449509859085,-0.06788071990013123,-0.03489912673830986,-0.5825470089912415,0.5292395353317261,-0.4816846549510956,0.43911540508270264,0.1810152530670166,-0.3639480471611023,0.3313499689102173,-0.3359520435333252,-0.04852443188428879,0.013733329251408577,0.01144444104284048,0.001831110566854477,-0.027924437075853348,0.04348887503147125,-0.01235999632626772,0.06775109469890594,-0.04943998530507088,-0.03570665791630745,0.07370220124721527,0.01144444104284048,0.0,0.0,0.0,0.0,0.0,0.0,-5.551115123125783e-17,0.0,0.0,0.0,0.0,0.0,0.0,0.0,0.0,0.0,0.0,0.0,0.0,0.0,0.0,0.0,0.0,0.0
20260708_190646_213706,2026-07-08T19:07:10.953,24.739453,pose,1010,stand,0.0,0.0,0.0,0.0,0.0,0.0,0.0,0.0,1.0,fake,0.0,0.0,-1.0,-0.0,0.0,0.0,0.0,5.322206974029541,10.441394805908203,12,can0:12,5.334940433502197,10.42268180847168,,"BL_hip_joint,BR_hip_joint,FL_hip_joint,FR_hip_joint,BL_thigh_joint,BR_thigh_joint,FL_thigh_joint,FR_thigh_joint,BL_calf_joint,BR_calf_joint,FL_calf_joint,FR_calf_joint",330e02f2406e129bb6ed6ec4a6c6bcd5f80d7e7799a2ab087e81eda65d2fae69,"step=001010 mode=stand  vx= 0.000 vy= 0.000 vxy= 0.000 yaw= 0.000 speed=1.00 imu=fake tilt_rp=[-0.0,+0.0]deg imu_corr=0.000 act_max= 0.000 tau_cmd= 5.322 tau_cmd_max= 10.441 cmds=12 bus=can0:12 tau_fb= 5.335 tau_fb_max= 10.423",,,,,,,,,,,,,,,,,,,,,,,,,,,,,,,,,,,,,,,,,,,,,,,,,0.0,0.0,0.0,0.0,0.0,0.0,0.0,0.0,0.0,0.0,0.0,0.0,0.0,0.0,0.0,0.0,0.0,0.0,0.0,0.0,0.0,0.0,0.0,0.0,-0.07823541015386581,-0.1361449509859085,-0.06788071990013123,-0.03489912673830986,-0.5825470089912415,0.5292395353317261,-0.4816846549510956,0.4387319087982178,0.18139876425266266,-0.36433154344558716,0.3313499689102173,-0.33556854724884033,-0.04303110018372536,-0.001831110566854477,0.01235999632626772,0.004119998775422573,0.005493331700563431,-0.08102664351463318,0.018768884241580963,0.008239997550845146,0.02151555009186268,-0.012817773967981339,0.027466658502817154,-0.010071108117699623,0.0,0.0,0.0,0.0,0.0,0.0,-5.551115123125783e-17,0.0,0.0,0.0,0.0,0.0,0.0,0.0,0.0,0.0,0.0,0.0,0.0,0.0,0.0,0.0,0.0,0.0
20260708_190646_213706,2026-07-08T19:07:11.075,24.862116,pose,1015,stand,0.0,0.0,0.0,0.0,0.0,0.0,0.0,0.0,1.0,fake,0.0,0.0,-1.0,-0.0,0.0,0.0,0.0,5.319688320159912,10.479827880859375,12,can0:12,5.333109378814697,10.44831657409668,,"BL_hip_joint,BR_hip_joint,FL_hip_joint,FR_hip_joint,BL_thigh_joint,BR_thigh_joint,FL_thigh_joint,FR_thigh_joint,BL_calf_joint,BR_calf_joint,FL_calf_joint,FR_calf_joint",330e02f2406e129bb6ed6ec4a6c6bcd5f80d7e7799a2ab087e81eda65d2fae69,"step=001015 mode=stand  vx= 0.000 vy= 0.000 vxy= 0.000 yaw= 0.000 speed=1.00 imu=fake tilt_rp=[-0.0,+0.0]deg imu_corr=0.000 act_max= 0.000 tau_cmd= 5.320 tau_cmd_max= 10.480 cmds=12 bus=can0:12 tau_fb= 5.333 tau_fb_max= 10.448",,,,,,,,,,,,,,,,,,,,,,,,,,,,,,,,,,,,,,,,,,,,,,,,,0.0,0.0,0.0,0.0,0.0,0.0,0.0,0.0,0.0,0.0,0.0,0.0,0.0,0.0,0.0,0.0,0.0,0.0,0.0,0.0,0.0,0.0,0.0,0.0,-0.07823541015386581,-0.1361449509859085,-0.06788071990013123,-0.03489912673830986,-0.5825470089912415,0.5292395353317261,-0.4816846549510956,0.4387319087982178,0.1810152530670166,-0.3639480471611023,0.3313499689102173,-0.33556854724884033,0.04989776387810707,-0.037537768483161926,0.016022218391299248,0.00045777764171361923,-0.05859553813934326,-0.0,0.026551103219389915,-0.032959990203380585,0.00595110934227705,0.04531998559832573,0.0476088747382164,0.0027466658502817154,0.0,0.0,0.0,0.0,0.0,0.0,-5.551115123125783e-17,0.0,0.0,0.0,0.0,0.0,0.0,0.0,0.0,0.0,0.0,0.0,0.0,0.0,0.0,0.0,0.0,0.0
20260708_190646_213706,2026-07-08T19:07:11.197,24.984246,pose,1020,stand,0.0,0.0,0.0,0.0,0.0,0.0,0.0,0.0,1.0,fake,0.0,0.0,-1.0,-0.0,0.0,0.0,0.0,5.30369758605957,10.457865715026855,12,can0:12,5.330057621002197,10.459303855895996,,"BL_hip_joint,BR_hip_joint,FL_hip_joint,FR_hip_joint,BL_thigh_joint,BR_thigh_joint,FL_thigh_joint,FR_thigh_joint,BL_calf_joint,BR_calf_joint,FL_calf_joint,FR_calf_joint",330e02f2406e129bb6ed6ec4a6c6bcd5f80d7e7799a2ab087e81eda65d2fae69,"step=001020 mode=stand  vx= 0.000 vy= 0.000 vxy= 0.000 yaw= 0.000 speed=1.00 imu=fake tilt_rp=[-0.0,+0.0]deg imu_corr=0.000 act_max= 0.000 tau_cmd= 5.304 tau_cmd_max= 10.458 cmds=12 bus=can0:12 tau_fb= 5.330 tau_fb_max= 10.459",,,,,,,,,,,,,,,,,,,,,,,,,,,,,,,,,,,,,,,,,,,,,,,,,0.0,0.0,0.0,0.0,0.0,0.0,0.0,0.0,0.0,0.0,0.0,0.0,0.0,0.0,0.0,0.0,0.0,0.0,0.0,0.0,0.0,0.0,0.0,0.0,-0.07823541015386581,-0.1361449509859085,-0.06788071990013123,-0.03489912673830986,-0.5825470089912415,0.5292395353317261,-0.4816846549510956,0.4387319087982178,0.1810152530670166,-0.3639480471611023,0.3313499689102173,-0.33556854724884033,-0.015564439818263054,0.0787377581000328,0.09659108519554138,-0.01235999632626772,-0.021973326802253723,-0.014191106893122196,0.03707998991012573,-0.08789330720901489,-0.027924437075853348,0.04211554303765297,-0.030671102926135063,-0.021057771518826485,0.0,0.0,0.0,0.0,0.0,0.0,-5.551115123125783e-17,0.0,0.0,0.0,0.0,0.0,0.0,0.0,0.0,0.0,0.0,0.0,0.0,0.0,0.0,0.0,0.0,0.0
20260708_190646_213706,2026-07-08T19:07:11.315,25.102109,pose,1025,stand,0.0,0.0,0.0,0.0,0.0,0.0,0.0,0.0,1.0,fake,0.0,0.0,-1.0,-0.0,0.0,0.0,0.0,5.319577693939209,10.440845489501953,12,can0:12,5.323038578033447,10.43366813659668,,"BL_hip_joint,BR_hip_joint,FL_hip_joint,FR_hip_joint,BL_thigh_joint,BR_thigh_joint,FL_thigh_joint,FR_thigh_joint,BL_calf_joint,BR_calf_joint,FL_calf_joint,FR_calf_joint",330e02f2406e129bb6ed6ec4a6c6bcd5f80d7e7799a2ab087e81eda65d2fae69,"step=001025 mode=stand  vx= 0.000 vy= 0.000 vxy= 0.000 yaw= 0.000 speed=1.00 imu=fake tilt_rp=[-0.0,+0.0]deg imu_corr=0.000 act_max= 0.000 tau_cmd= 5.320 tau_cmd_max= 10.441 cmds=12 bus=can0:12 tau_fb= 5.323 tau_fb_max= 10.434",,,,,,,,,,,,,,,,,,,,,,,,,,,,,,,,,,,,,,,,,,,,,,,,,0.0,0.0,0.0,0.0,0.0,0.0,0.0,0.0,0.0,0.0,0.0,0.0,0.0,0.0,0.0,0.0,0.0,0.0,0.0,0.0,0.0,0.0,0.0,0.0,-0.07823541015386581,-0.1361449509859085,-0.06788071990013123,-0.03489912673830986,-0.5825470089912415,0.5292395353317261,-0.48206818103790283,0.4387319087982178,0.1810152530670166,-0.3639480471611023,0.33173346519470215,-0.3359520435333252,-0.016479995101690292,0.012817773967981339,0.03433332219719887,-0.006408886983990669,0.006408886983990669,-0.05310220643877983,0.02609332650899887,-0.027924437075853348,0.044862210750579834,0.010071108117699623,0.026551103219389915,-0.015564439818263054,0.0,0.0,0.0,0.0,0.0,0.0,0.0,0.0,0.0,0.0,0.0,0.0,0.0,0.0,0.0,0.0,0.0,0.0,0.0,0.0,0.0,0.0,0.0,0.0
20260708_190646_213706,2026-07-08T19:07:11.434,25.220883,pose,1030,stand,0.0,0.0,0.0,0.0,0.0,0.0,0.0,0.0,1.0,fake,0.0,0.0,-1.0,-0.0,0.0,0.0,0.0,5.319665908813477,10.45374870300293,12,can0:12,5.341349124908447,10.43733024597168,,"BL_hip_joint,BR_hip_joint,FL_hip_joint,FR_hip_joint,BL_thigh_joint,BR_thigh_joint,FL_thigh_joint,FR_thigh_joint,BL_calf_joint,BR_calf_joint,FL_calf_joint,FR_calf_joint",330e02f2406e129bb6ed6ec4a6c6bcd5f80d7e7799a2ab087e81eda65d2fae69,"step=001030 mode=stand  vx= 0.000 vy= 0.000 vxy= 0.000 yaw= 0.000 speed=1.00 imu=fake tilt_rp=[-0.0,+0.0]deg imu_corr=0.000 act_max= 0.000 tau_cmd= 5.320 tau_cmd_max= 10.454 cmds=12 bus=can0:12 tau_fb= 5.341 tau_fb_max= 10.437",,,,,,,,,,,,,,,,,,,,,,,,,,,,,,,,,,,,,,,,,,,,,,,,,0.0,0.0,0.0,0.0,0.0,0.0,0.0,0.0,0.0,0.0,0.0,0.0,0.0,0.0,0.0,0.0,0.0,0.0,0.0,0.0,0.0,0.0,0.0,0.0,-0.07823541015386581,-0.1361449509859085,-0.06788071990013123,-0.03489912673830986,-0.5825470089912415,0.5292395353317261,-0.4816846549510956,0.4387319087982178,0.1810152530670166,-0.3639480471611023,0.3313499689102173,-0.33556854724884033,-0.06775109469890594,-0.027924437075853348,0.016937773674726486,-0.02471999265253544,-0.015106662176549435,0.02929776906967163,0.01831110566854477,-0.0553910955786705,-0.014191106893122196,-0.022431105375289917,-0.09109774976968765,0.016022218391299248,0.0,0.0,0.0,0.0,0.0,0.0,-5.551115123125783e-17,0.0,0.0,0.0,0.0,0.0,0.0,0.0,0.0,0.0,0.0,0.0,0.0,0.0,0.0,0.0,0.0,0.0
20260708_190646_213706,2026-07-08T19:07:11.556,25.342439,pose,1035,stand,0.0,0.0,0.0,0.0,0.0,0.0,0.0,0.0,1.0,fake,0.0,0.0,-1.0,-0.0,0.0,0.0,0.0,5.340028285980225,10.461709022521973,12,can0:12,5.319681167602539,10.477614402770996,,"BL_hip_joint,BR_hip_joint,FL_hip_joint,FR_hip_joint,BL_thigh_joint,BR_thigh_joint,FL_thigh_joint,FR_thigh_joint,BL_calf_joint,BR_calf_joint,FL_calf_joint,FR_calf_joint",330e02f2406e129bb6ed6ec4a6c6bcd5f80d7e7799a2ab087e81eda65d2fae69,"step=001035 mode=stand  vx= 0.000 vy= 0.000 vxy= 0.000 yaw= 0.000 speed=1.00 imu=fake tilt_rp=[-0.0,+0.0]deg imu_corr=0.000 act_max= 0.000 tau_cmd= 5.340 tau_cmd_max= 10.462 cmds=12 bus=can0:12 tau_fb= 5.320 tau_fb_max= 10.478",,,,,,,,,,,,,,,,,,,,,,,,,,,,,,,,,,,,,,,,,,,,,,,,,0.0,0.0,0.0,0.0,0.0,0.0,0.0,0.0,0.0,0.0,0.0,0.0,0.0,0.0,0.0,0.0,0.0,0.0,0.0,0.0,0.0,0.0,0.0,0.0,-0.07823541015386581,-0.1361449509859085,-0.06826423108577728,-0.03489912673830986,-0.5825470089912415,0.5292395353317261,-0.4816846549510956,0.4387319087982178,0.1810152530670166,-0.3639480471611023,0.3313499689102173,-0.3359520435333252,-0.05859553813934326,-0.08880886435508728,-0.03707998991012573,-0.0714133158326149,-0.028382213786244392,-0.02288888208568096,0.027466658502817154,-0.0050355540588498116,0.04669332131743431,0.001831110566854477,0.0398266538977623,-0.04623554274439812,0.0,0.0,0.0,0.0,0.0,0.0,-5.551115123125783e-17,0.0,0.0,0.0,0.0,0.0,0.0,0.0,0.0,0.0,0.0,0.0,0.0,0.0,0.0,0.0,0.0,0.0
20260708_190646_213706,2026-07-08T19:07:11.677,25.463458,pose,1040,stand,0.0,0.0,0.0,0.0,0.0,0.0,0.0,0.0,1.0,fake,0.0,0.0,-1.0,-0.0,0.0,0.0,0.0,5.309210300445557,10.456218719482422,12,can0:12,5.335245609283447,10.411694526672363,,"BL_hip_joint,BR_hip_joint,FL_hip_joint,FR_hip_joint,BL_thigh_joint,BR_thigh_joint,FL_thigh_joint,FR_thigh_joint,BL_calf_joint,BR_calf_joint,FL_calf_joint,FR_calf_joint",330e02f2406e129bb6ed6ec4a6c6bcd5f80d7e7799a2ab087e81eda65d2fae69,"step=001040 mode=stand  vx= 0.000 vy= 0.000 vxy= 0.000 yaw= 0.000 speed=1.00 imu=fake tilt_rp=[-0.0,+0.0]deg imu_corr=0.000 act_max= 0.000 tau_cmd= 5.309 tau_cmd_max= 10.456 cmds=12 bus=can0:12 tau_fb= 5.335 tau_fb_max= 10.412",,,,,,,,,,,,,,,,,,,,,,,,,,,,,,,,,,,,,,,,,,,,,,,,,0.0,0.0,0.0,0.0,0.0,0.0,0.0,0.0,0.0,0.0,0.0,0.0,0.0,0.0,0.0,0.0,0.0,0.0,0.0,0.0,0.0,0.0,0.0,0.0,-0.07785189896821976,-0.1361449509859085,-0.06788071990013123,-0.03489912673830986,-0.5825470089912415,0.5292395353317261,-0.4816846549510956,0.4387319087982178,0.1810152530670166,-0.3639480471611023,0.3313499689102173,-0.33556854724884033,0.12497329711914062,0.030671102926135063,-0.014648884534835815,-0.020142216235399246,-0.019226660951972008,-0.054475538432598114,0.006408886983990669,-0.03433332219719887,-0.07507553696632385,-0.013733329251408577,-0.02609332650899887,-0.06179998070001602,0.0,0.0,0.0,0.0,0.0,0.0,-5.551115123125783e-17,0.0,0.0,0.0,0.0,0.0,0.0,0.0,0.0,0.0,0.0,0.0,0.0,0.0,0.0,0.0,0.0,0.0
20260708_190646_213706,2026-07-08T19:07:11.793,25.579837,pose,1045,stand,0.0,0.0,0.0,0.0,0.0,0.0,0.0,0.0,1.0,fake,0.0,0.0,-1.0,-0.0,0.0,0.0,0.0,5.323328495025635,10.409550666809082,12,can0:12,5.327616214752197,10.42268180847168,,"BL_hip_joint,BR_hip_joint,FL_hip_joint,FR_hip_joint,BL_thigh_joint,BR_thigh_joint,FL_thigh_joint,FR_thigh_joint,BL_calf_joint,BR_calf_joint,FL_calf_joint,FR_calf_joint",330e02f2406e129bb6ed6ec4a6c6bcd5f80d7e7799a2ab087e81eda65d2fae69,"step=001045 mode=stand  vx= 0.000 vy= 0.000 vxy= 0.000 yaw= 0.000 speed=1.00 imu=fake tilt_rp=[-0.0,+0.0]deg imu_corr=0.000 act_max= 0.000 tau_cmd= 5.323 tau_cmd_max= 10.410 cmds=12 bus=can0:12 tau_fb= 5.328 tau_fb_max= 10.423",,,,,,,,,,,,,,,,,,,,,,,,,,,,,,,,,,,,,,,,,,,,,,,,,0.0,0.0,0.0,0.0,0.0,0.0,0.0,0.0,0.0,0.0,0.0,0.0,0.0,0.0,0.0,0.0,0.0,0.0,0.0,0.0,0.0,0.0,0.0,0.0,-0.07823541015386581,-0.1361449509859085,-0.06788071990013123,-0.03489912673830986,-0.5825470089912415,0.5292395353317261,-0.4816846549510956,0.4387319087982178,0.1810152530670166,-0.3639480471611023,0.33173346519470215,-0.3359520435333252,0.0032044434919953346,-0.022431105375289917,-0.0032044434919953346,-0.05401776358485222,0.05859553813934326,0.00595110934227705,-0.014191106893122196,-0.07736442238092422,0.012817773967981339,0.032044436782598495,0.0714133158326149,-0.012817773967981339,0.0,0.0,0.0,0.0,0.0,0.0,-5.551115123125783e-17,0.0,0.0,0.0,0.0,0.0,0.0,0.0,0.0,0.0,0.0,0.0,0.0,0.0,0.0,0.0,0.0,0.0
20260708_190646_213706,2026-07-08T19:07:11.911,25.698182,pose,1050,stand,0.0,0.0,0.0,0.0,0.0,0.0,0.0,0.0,1.0,fake,0.0,0.0,-1.0,-0.0,0.0,0.0,0.0,5.330441951751709,10.457592010498047,12,can0:12,5.309304714202881,10.43366813659668,,"BL_hip_joint,BR_hip_joint,FL_hip_joint,FR_hip_joint,BL_thigh_joint,BR_thigh_joint,FL_thigh_joint,FR_thigh_joint,BL_calf_joint,BR_calf_joint,FL_calf_joint,FR_calf_joint",330e02f2406e129bb6ed6ec4a6c6bcd5f80d7e7799a2ab087e81eda65d2fae69,"step=001050 mode=stand  vx= 0.000 vy= 0.000 vxy= 0.000 yaw= 0.000 speed=1.00 imu=fake tilt_rp=[-0.0,+0.0]deg imu_corr=0.000 act_max= 0.000 tau_cmd= 5.330 tau_cmd_max= 10.458 cmds=12 bus=can0:12 tau_fb= 5.309 tau_fb_max= 10.434",,,,,,,,,,,,,,,,,,,,,,,,,,,,,,,,,,,,,,,,,,,,,,,,,0.0,0.0,0.0,0.0,0.0,0.0,0.0,0.0,0.0,0.0,0.0,0.0,0.0,0.0,0.0,0.0,0.0,0.0,0.0,0.0,0.0,0.0,0.0,0.0,-0.07823541015386581,-0.1361449509859085,-0.06788071990013123,-0.03489912673830986,-0.5825470089912415,0.5292395353317261,-0.48206818103790283,0.4387319087982178,0.1810152530670166,-0.3639480471611023,0.3313499689102173,-0.33556854724884033,-0.015564439818263054,-0.06408887356519699,-0.036164432764053345,-0.095675528049469,-0.02151555009186268,-0.0398266538977623,-0.021057771518826485,0.016479995101690292,-0.04028443247079849,-0.016022218391299248,-0.01235999632626772,0.014648884534835815,0.0,0.0,0.0,0.0,0.0,0.0,0.0,0.0,0.0,0.0,0.0,0.0,0.0,0.0,0.0,0.0,0.0,0.0,0.0,0.0,0.0,0.0,0.0,0.0
20260708_190646_213706,2026-07-08T19:07:12.033,25.819515,pose,1055,stand,0.0,0.0,0.0,0.0,0.0,0.0,0.0,0.0,1.0,fake,0.0,0.0,-1.0,-0.0,0.0,0.0,0.0,5.310081481933594,10.457592010498047,12,can0:12,5.316934585571289,10.44099235534668,,"BL_hip_joint,BR_hip_joint,FL_hip_joint,FR_hip_joint,BL_thigh_joint,BR_thigh_joint,FL_thigh_joint,FR_thigh_joint,BL_calf_joint,BR_calf_joint,FL_calf_joint,FR_calf_joint",330e02f2406e129bb6ed6ec4a6c6bcd5f80d7e7799a2ab087e81eda65d2fae69,"step=001055 mode=stand  vx= 0.000 vy= 0.000 vxy= 0.000 yaw= 0.000 speed=1.00 imu=fake tilt_rp=[-0.0,+0.0]deg imu_corr=0.000 act_max= 0.000 tau_cmd= 5.310 tau_cmd_max= 10.458 cmds=12 bus=can0:12 tau_fb= 5.317 tau_fb_max= 10.441",,,,,,,,,,,,,,,,,,,,,,,,,,,,,,,,,,,,,,,,,,,,,,,,,0.0,0.0,0.0,0.0,0.0,0.0,0.0,0.0,0.0,0.0,0.0,0.0,0.0,0.0,0.0,0.0,0.0,0.0,0.0,0.0,0.0,0.0,0.0,0.0,-0.07823541015386581,-0.1361449509859085,-0.06826423108577728,-0.03489912673830986,-0.5825470089912415,0.5292395353317261,-0.4816846549510956,0.4387319087982178,0.1810152530670166,-0.3639480471611023,0.3313499689102173,-0.33556854724884033,0.09933774918317795,-0.06500442326068878,0.054475538432598114,0.0476088747382164,-0.02151555009186268,-0.05493331700563431,-0.01235999632626772,-0.06179998070001602,-0.027924437075853348,-0.07324442267417908,-0.02929776906967163,0.02471999265253544,0.0,0.0,0.0,0.0,0.0,0.0,-5.551115123125783e-17,0.0,0.0,0.0,0.0,0.0,0.0,0.0,0.0,0.0,0.0,0.0,0.0,0.0,0.0,0.0,0.0,0.0
20260708_190646_213706,2026-07-08T19:07:12.154,25.940854,pose,1060,stand,0.0,0.0,0.0,0.0,0.0,0.0,0.0,0.0,1.0,fake,0.0,0.0,-1.0,-0.0,0.0,0.0,0.0,5.322731018066406,10.477631568908691,12,can0:12,5.314493179321289,10.44099235534668,,"BL_hip_joint,BR_hip_joint,FL_hip_joint,FR_hip_joint,BL_thigh_joint,BR_thigh_joint,FL_thigh_joint,FR_thigh_joint,BL_calf_joint,BR_calf_joint,FL_calf_joint,FR_calf_joint",330e02f2406e129bb6ed6ec4a6c6bcd5f80d7e7799a2ab087e81eda65d2fae69,"step=001060 mode=stand  vx= 0.000 vy= 0.000 vxy= 0.000 yaw= 0.000 speed=1.00 imu=fake tilt_rp=[-0.0,+0.0]deg imu_corr=0.000 act_max= 0.000 tau_cmd= 5.323 tau_cmd_max= 10.478 cmds=12 bus=can0:12 tau_fb= 5.314 tau_fb_max= 10.441",,,,,,,,,,,,,,,,,,,,,,,,,,,,,,,,,,,,,,,,,,,,,,,,,0.0,0.0,0.0,0.0,0.0,0.0,0.0,0.0,0.0,0.0,0.0,0.0,0.0,0.0,0.0,0.0,0.0,0.0,0.0,0.0,0.0,0.0,0.0,0.0,-0.07823541015386581,-0.1361449509859085,-0.06788071990013123,-0.03489912673830986,-0.5825470089912415,0.5292395353317261,-0.4816846549510956,0.4387319087982178,0.1810152530670166,-0.3639480471611023,0.3313499689102173,-0.33556854724884033,0.08148442208766937,0.019226660951972008,0.04669332131743431,0.07507553696632385,-0.05493331700563431,-0.019226660951972008,-0.08056886494159698,0.005493331700563431,0.04989776387810707,-0.04669332131743431,0.04852443188428879,0.007782219909131527,0.0,0.0,0.0,0.0,0.0,0.0,-5.551115123125783e-17,0.0,0.0,0.0,0.0,0.0,0.0,0.0,0.0,0.0,0.0,0.0,0.0,0.0,0.0,0.0,0.0,0.0
20260708_190646_213706,2026-07-08T19:07:12.276,26.062484,pose,1065,stand,0.0,0.0,0.0,0.0,0.0,0.0,0.0,0.0,1.0,fake,0.0,0.0,-1.0,-0.0,0.0,0.0,0.0,5.318591117858887,10.44468879699707,12,can0:12,5.323954105377197,10.44831657409668,,"BL_hip_joint,BR_hip_joint,FL_hip_joint,FR_hip_joint,BL_thigh_joint,BR_thigh_joint,FL_thigh_joint,FR_thigh_joint,BL_calf_joint,BR_calf_joint,FL_calf_joint,FR_calf_joint",330e02f2406e129bb6ed6ec4a6c6bcd5f80d7e7799a2ab087e81eda65d2fae69,"step=001065 mode=stand  vx= 0.000 vy= 0.000 vxy= 0.000 yaw= 0.000 speed=1.00 imu=fake tilt_rp=[-0.0,+0.0]deg imu_corr=0.000 act_max= 0.000 tau_cmd= 5.319 tau_cmd_max= 10.445 cmds=12 bus=can0:12 tau_fb= 5.324 tau_fb_max= 10.448",,,,,,,,,,,,,,,,,,,,,,,,,,,,,,,,,,,,,,,,,,,,,,,,,0.0,0.0,0.0,0.0,0.0,0.0,0.0,0.0,0.0,0.0,0.0,0.0,0.0,0.0,0.0,0.0,0.0,0.0,0.0,0.0,0.0,0.0,0.0,0.0,-0.07823541015386581,-0.1361449509859085,-0.06788071990013123,-0.03489912673830986,-0.5825470089912415,0.5292395353317261,-0.4816846549510956,0.4387319087982178,0.1810152530670166,-0.3639480471611023,0.3313499689102173,-0.33556854724884033,0.04531998559832573,-0.0068666646257042885,0.04119998961687088,-0.04440443217754364,-0.0,-0.018768884241580963,-0.02929776906967163,0.010986663401126862,-0.0013733329251408577,-0.002288888208568096,0.009155552834272385,0.04257332161068916,0.0,0.0,0.0,0.0,0.0,0.0,-5.551115123125783e-17,0.0,0.0,0.0,0.0,0.0,0.0,0.0,0.0,0.0,0.0,0.0,0.0,0.0,0.0,0.0,0.0,0.0
20260708_190646_213706,2026-07-08T19:07:12.397,26.183731,pose,1070,stand,0.0,0.0,0.0,0.0,0.0,0.0,0.0,0.0,1.0,fake,0.0,0.0,-1.0,-0.0,0.0,0.0,0.0,5.3233513832092285,10.437276840209961,12,can0:12,5.330057621002197,10.492263793945312,,"BL_hip_joint,BR_hip_joint,FL_hip_joint,FR_hip_joint,BL_thigh_joint,BR_thigh_joint,FL_thigh_joint,FR_thigh_joint,BL_calf_joint,BR_calf_joint,FL_calf_joint,FR_calf_joint",330e02f2406e129bb6ed6ec4a6c6bcd5f80d7e7799a2ab087e81eda65d2fae69,"step=001070 mode=stand  vx= 0.000 vy= 0.000 vxy= 0.000 yaw= 0.000 speed=1.00 imu=fake tilt_rp=[-0.0,+0.0]deg imu_corr=0.000 act_max= 0.000 tau_cmd= 5.323 tau_cmd_max= 10.437 cmds=12 bus=can0:12 tau_fb= 5.330 tau_fb_max= 10.492",,,,,,,,,,,,,,,,,,,,,,,,,,,,,,,,,,,,,,,,,,,,,,,,,0.0,0.0,0.0,0.0,0.0,0.0,0.0,0.0,0.0,0.0,0.0,0.0,0.0,0.0,0.0,0.0,0.0,0.0,0.0,0.0,0.0,0.0,0.0,0.0,-0.07823541015386581,-0.1361449509859085,-0.06788071990013123,-0.03489912673830986,-0.5825470089912415,0.5292395353317261,-0.4816846549510956,0.4387319087982178,0.18139876425266266,-0.3639480471611023,0.3313499689102173,-0.3359520435333252,0.04257332161068916,-0.016479995101690292,0.008239997550845146,-0.11261329799890518,0.01235999632626772,-0.059053316712379456,0.010071108117699623,-0.016479995101690292,0.040742211043834686,0.03570665791630745,0.021973326802253723,-0.018768884241580963,0.0,0.0,0.0,0.0,0.0,0.0,-5.551115123125783e-17,0.0,0.0,0.0,0.0,0.0,0.0,0.0,0.0,0.0,0.0,0.0,0.0,0.0,0.0,0.0,0.0,0.0
20260708_190646_213706,2026-07-08T19:07:12.518,26.305060,pose,1075,stand,0.0,0.0,0.0,0.0,0.0,0.0,0.0,0.0,1.0,fake,0.0,0.0,-1.0,-0.0,0.0,0.0,0.0,5.331928730010986,10.474337577819824,12,can0:12,5.307778835296631,10.455641746520996,,"BL_hip_joint,BR_hip_joint,FL_hip_joint,FR_hip_joint,BL_thigh_joint,BR_thigh_joint,FL_thigh_joint,FR_thigh_joint,BL_calf_joint,BR_calf_joint,FL_calf_joint,FR_calf_joint",330e02f2406e129bb6ed6ec4a6c6bcd5f80d7e7799a2ab087e81eda65d2fae69,"step=001075 mode=stand  vx= 0.000 vy= 0.000 vxy= 0.000 yaw= 0.000 speed=1.00 imu=fake tilt_rp=[-0.0,+0.0]deg imu_corr=0.000 act_max= 0.000 tau_cmd= 5.332 tau_cmd_max= 10.474 cmds=12 bus=can0:12 tau_fb= 5.308 tau_fb_max= 10.456",,,,,,,,,,,,,,,,,,,,,,,,,,,,,,,,,,,,,,,,,,,,,,,,,0.0,0.0,0.0,0.0,0.0,0.0,0.0,0.0,0.0,0.0,0.0,0.0,0.0,0.0,0.0,0.0,0.0,0.0,0.0,0.0,0.0,0.0,0.0,0.0,-0.07823541015386581,-0.1361449509859085,-0.06788071990013123,-0.03489912673830986,-0.5825470089912415,0.5292395353317261,-0.4816846549510956,0.4387319087982178,0.1810152530670166,-0.3639480471611023,0.3313499689102173,-0.3359520435333252,0.0068666646257042885,-0.04623554274439812,0.0027466658502817154,-0.11490219086408615,-0.04943998530507088,0.006408886983990669,0.035248879343271255,0.016937773674726486,-0.04898220673203468,-0.003662221133708954,0.06042664870619774,-0.0050355540588498116,0.0,0.0,0.0,0.0,0.0,0.0,-5.551115123125783e-17,0.0,0.0,0.0,0.0,0.0,0.0,0.0,0.0,0.0,0.0,0.0,0.0,0.0,0.0,0.0,0.0,0.0
20260708_190646_213706,2026-07-08T19:07:12.640,26.426486,pose,1080,stand,0.0,0.0,0.0,0.0,0.0,0.0,0.0,0.0,1.0,fake,0.0,0.0,-1.0,-0.0,0.0,0.0,0.0,5.321428298950195,10.443865776062012,12,can0:12,5.323038578033447,10.499588012695312,,"BL_hip_joint,BR_hip_joint,FL_hip_joint,FR_hip_joint,BL_thigh_joint,BR_thigh_joint,FL_thigh_joint,FR_thigh_joint,BL_calf_joint,BR_calf_joint,FL_calf_joint,FR_calf_joint",330e02f2406e129bb6ed6ec4a6c6bcd5f80d7e7799a2ab087e81eda65d2fae69,"step=001080 mode=stand  vx= 0.000 vy= 0.000 vxy= 0.000 yaw= 0.000 speed=1.00 imu=fake tilt_rp=[-0.0,+0.0]deg imu_corr=0.000 act_max= 0.000 tau_cmd= 5.321 tau_cmd_max= 10.444 cmds=12 bus=can0:12 tau_fb= 5.323 tau_fb_max= 10.500",,,,,,,,,,,,,,,,,,,,,,,,,,,,,,,,,,,,,,,,,,,,,,,,,0.0,0.0,0.0,0.0,0.0,0.0,0.0,0.0,0.0,0.0,0.0,0.0,0.0,0.0,0.0,0.0,0.0,0.0,0.0,0.0,0.0,0.0,0.0,0.0,-0.07823541015386581,-0.1361449509859085,-0.06788071990013123,-0.03489912673830986,-0.5825470089912415,0.5292395353317261,-0.4816846549510956,0.4387319087982178,0.1810152530670166,-0.3639480471611023,0.3313499689102173,-0.3359520435333252,-0.05218665301799774,0.0032044434919953346,0.027466658502817154,0.050355542451143265,0.0013733329251408577,0.021057771518826485,-0.028382213786244392,0.05401776358485222,-0.03387554734945297,0.05081331729888916,-0.01235999632626772,-0.02288888208568096,0.0,0.0,0.0,0.0,0.0,0.0,-5.551115123125783e-17,0.0,0.0,0.0,0.0,0.0,0.0,0.0,0.0,0.0,0.0,0.0,0.0,0.0,0.0,0.0,0.0,0.0
20260708_190646_213706,2026-07-08T19:07:12.761,26.547916,pose,1085,stand,0.0,0.0,0.0,0.0,0.0,0.0,0.0,0.0,1.0,fake,0.0,0.0,-1.0,-0.0,0.0,0.0,0.0,5.322413921356201,10.468572616577148,12,can0:12,5.333109378814697,10.44831657409668,,"BL_hip_joint,BR_hip_joint,FL_hip_joint,FR_hip_joint,BL_thigh_joint,BR_thigh_joint,FL_thigh_joint,FR_thigh_joint,BL_calf_joint,BR_calf_joint,FL_calf_joint,FR_calf_joint",330e02f2406e129bb6ed6ec4a6c6bcd5f80d7e7799a2ab087e81eda65d2fae69,"step=001085 mode=stand  vx= 0.000 vy= 0.000 vxy= 0.000 yaw= 0.000 speed=1.00 imu=fake tilt_rp=[-0.0,+0.0]deg imu_corr=0.000 act_max= 0.000 tau_cmd= 5.322 tau_cmd_max= 10.469 cmds=12 bus=can0:12 tau_fb= 5.333 tau_fb_max= 10.448",,,,,,,,,,,,,,,,,,,,,,,,,,,,,,,,,,,,,,,,,,,,,,,,,0.0,0.0,0.0,0.0,0.0,0.0,0.0,0.0,0.0,0.0,0.0,0.0,0.0,0.0,0.0,0.0,0.0,0.0,0.0,0.0,0.0,0.0,0.0,0.0,-0.07823541015386581,-0.1361449509859085,-0.06826423108577728,-0.03489912673830986,-0.5825470089912415,0.5292395353317261,-0.48206818103790283,0.4387319087982178,0.1810152530670166,-0.3639480471611023,0.33173346519470215,-0.33556854724884033,-0.08194220066070557,0.0476088747382164,0.03662221133708954,0.025177771225571632,-0.0398266538977623,0.050355542451143265,-0.021057771518826485,-0.038453321903944016,-0.04440443217754364,0.007782219909131527,0.04440443217754364,0.041657764464616776,0.0,0.0,0.0,0.0,0.0,0.0,0.0,0.0,0.0,0.0,0.0,0.0,0.0,0.0,0.0,0.0,0.0,0.0,0.0,0.0,0.0,0.0,0.0,0.0
20260708_190646_213706,2026-07-08T19:07:12.883,26.669650,pose,1090,stand,0.0,0.0,0.0,0.0,0.0,0.0,0.0,0.0,1.0,fake,0.0,0.0,-1.0,-0.0,0.0,0.0,0.0,5.332432270050049,10.494377136230469,12,can0:12,5.333414554595947,10.466628074645996,,"BL_hip_joint,BR_hip_joint,FL_hip_joint,FR_hip_joint,BL_thigh_joint,BR_thigh_joint,FL_thigh_joint,FR_thigh_joint,BL_calf_joint,BR_calf_joint,FL_calf_joint,FR_calf_joint",330e02f2406e129bb6ed6ec4a6c6bcd5f80d7e7799a2ab087e81eda65d2fae69,"step=001090 mode=stand  vx= 0.000 vy= 0.000 vxy= 0.000 yaw= 0.000 speed=1.00 imu=fake tilt_rp=[-0.0,+0.0]deg imu_corr=0.000 act_max= 0.000 tau_cmd= 5.332 tau_cmd_max= 10.494 cmds=12 bus=can0:12 tau_fb= 5.333 tau_fb_max= 10.467",,,,,,,,,,,,,,,,,,,,,,,,,,,,,,,,,,,,,,,,,,,,,,,,,0.0,0.0,0.0,0.0,0.0,0.0,0.0,0.0,0.0,0.0,0.0,0.0,0.0,0.0,0.0,0.0,0.0,0.0,0.0,0.0,0.0,0.0,0.0,0.0,-0.07823541015386581,-0.1361449509859085,-0.06788071990013123,-0.03489912673830986,-0.5825470089912415,0.5292395353317261,-0.4816846549510956,0.4387319087982178,0.18139876425266266,-0.3639480471611023,0.3313499689102173,-0.33556854724884033,-0.021973326802253723,0.0068666646257042885,-0.0718710869550705,-0.041657764464616776,-0.08285775035619736,0.07782220095396042,0.0119022186845541,0.038453321903944016,-0.0119022186845541,0.03891110047698021,-0.035248879343271255,0.010528885759413242,0.0,0.0,0.0,0.0,0.0,0.0,-5.551115123125783e-17,0.0,0.0,0.0,0.0,0.0,0.0,0.0,0.0,0.0,0.0,0.0,0.0,0.0,0.0,0.0,0.0,0.0
20260708_190646_213706,2026-07-08T19:07:13.004,26.790994,pose,1095,stand,0.0,0.0,0.0,0.0,0.0,0.0,0.0,0.0,1.0,fake,0.0,0.0,-1.0,-0.0,0.0,0.0,0.0,5.323991775512695,10.429590225219727,12,can0:12,5.319070816040039,10.44465446472168,,"BL_hip_joint,BR_hip_joint,FL_hip_joint,FR_hip_joint,BL_thigh_joint,BR_thigh_joint,FL_thigh_joint,FR_thigh_joint,BL_calf_joint,BR_calf_joint,FL_calf_joint,FR_calf_joint",330e02f2406e129bb6ed6ec4a6c6bcd5f80d7e7799a2ab087e81eda65d2fae69,"step=001095 mode=stand  vx= 0.000 vy= 0.000 vxy= 0.000 yaw= 0.000 speed=1.00 imu=fake tilt_rp=[-0.0,+0.0]deg imu_corr=0.000 act_max= 0.000 tau_cmd= 5.324 tau_cmd_max= 10.430 cmds=12 bus=can0:12 tau_fb= 5.319 tau_fb_max= 10.445",,,,,,,,,,,,,,,,,,,,,,,,,,,,,,,,,,,,,,,,,,,,,,,,,0.0,0.0,0.0,0.0,0.0,0.0,0.0,0.0,0.0,0.0,0.0,0.0,0.0,0.0,0.0,0.0,0.0,0.0,0.0,0.0,0.0,0.0,0.0,0.0,-0.07823541015386581,-0.1361449509859085,-0.06826423108577728,-0.03489912673830986,-0.5825470089912415,0.5292395353317261,-0.4816846549510956,0.4387319087982178,0.1810152530670166,-0.3639480471611023,0.3313499689102173,-0.3359520435333252,0.0398266538977623,0.0398266538977623,0.01235999632626772,-0.059053316712379456,0.025177771225571632,0.035248879343271255,0.014191106893122196,0.010528885759413242,0.037537768483161926,-0.07599108666181564,-0.07553330808877945,-0.027466658502817154,0.0,0.0,0.0,0.0,0.0,0.0,-5.551115123125783e-17,0.0,0.0,0.0,0.0,0.0,0.0,0.0,0.0,0.0,0.0,0.0,0.0,0.0,0.0,0.0,0.0,0.0
20260708_190646_213706,2026-07-08T19:07:13.126,26.912805,pose,1100,stand,0.0,0.0,0.0,0.0,0.0,0.0,0.0,0.0,1.0,fake,0.0,0.0,-1.0,-0.0,0.0,0.0,0.0,5.325478553771973,10.419981956481934,12,can0:12,5.321817398071289,10.45197868347168,,"BL_hip_joint,BR_hip_joint,FL_hip_joint,FR_hip_joint,BL_thigh_joint,BR_thigh_joint,FL_thigh_joint,FR_thigh_joint,BL_calf_joint,BR_calf_joint,FL_calf_joint,FR_calf_joint",330e02f2406e129bb6ed6ec4a6c6bcd5f80d7e7799a2ab087e81eda65d2fae69,"step=001100 mode=stand  vx= 0.000 vy= 0.000 vxy= 0.000 yaw= 0.000 speed=1.00 imu=fake tilt_rp=[-0.0,+0.0]deg imu_corr=0.000 act_max= 0.000 tau_cmd= 5.325 tau_cmd_max= 10.420 cmds=12 bus=can0:12 tau_fb= 5.322 tau_fb_max= 10.452",,,,,,,,,,,,,,,,,,,,,,,,,,,,,,,,,,,,,,,,,,,,,,,,,0.0,0.0,0.0,0.0,0.0,0.0,0.0,0.0,0.0,0.0,0.0,0.0,0.0,0.0,0.0,0.0,0.0,0.0,0.0,0.0,0.0,0.0,0.0,0.0,-0.07823541015386581,-0.1361449509859085,-0.06826423108577728,-0.03489912673830986,-0.5825470089912415,0.5292395353317261,-0.48206818103790283,0.4387319087982178,0.1810152530670166,-0.3639480471611023,0.3313499689102173,-0.33556854724884033,-0.06271553784608841,-0.043946653604507446,0.06042664870619774,0.0791955292224884,0.04119998961687088,-0.021973326802253723,-0.051271095871925354,0.0636310949921608,0.0315866582095623,0.047151096165180206,0.009613330475986004,-0.055848874151706696,0.0,0.0,0.0,0.0,0.0,0.0,0.0,0.0,0.0,0.0,0.0,0.0,0.0,0.0,0.0,0.0,0.0,0.0,0.0,0.0,0.0,0.0,0.0,0.0
20260708_190646_213706,2026-07-08T19:07:13.248,27.034950,pose,1105,stand,0.0,0.0,0.0,0.0,0.0,0.0,0.0,0.0,1.0,fake,0.0,0.0,-1.0,-0.0,0.0,0.0,0.0,5.326599597930908,10.430139541625977,12,can0:12,5.342875003814697,10.499588012695312,,"BL_hip_joint,BR_hip_joint,FL_hip_joint,FR_hip_joint,BL_thigh_joint,BR_thigh_joint,FL_thigh_joint,FR_thigh_joint,BL_calf_joint,BR_calf_joint,FL_calf_joint,FR_calf_joint",330e02f2406e129bb6ed6ec4a6c6bcd5f80d7e7799a2ab087e81eda65d2fae69,"step=001105 mode=stand  vx= 0.000 vy= 0.000 vxy= 0.000 yaw= 0.000 speed=1.00 imu=fake tilt_rp=[-0.0,+0.0]deg imu_corr=0.000 act_max= 0.000 tau_cmd= 5.327 tau_cmd_max= 10.430 cmds=12 bus=can0:12 tau_fb= 5.343 tau_fb_max= 10.500",,,,,,,,,,,,,,,,,,,,,,,,,,,,,,,,,,,,,,,,,,,,,,,,,0.0,0.0,0.0,0.0,0.0,0.0,0.0,0.0,0.0,0.0,0.0,0.0,0.0,0.0,0.0,0.0,0.0,0.0,0.0,0.0,0.0,0.0,0.0,0.0,-0.07823541015386581,-0.1361449509859085,-0.06826423108577728,-0.03489912673830986,-0.5825470089912415,0.5292395353317261,-0.4816846549510956,0.4387319087982178,0.1810152530670166,-0.3639480471611023,0.33173346519470215,-0.33556854724884033,-0.010528885759413242,-0.02609332650899887,0.00045777764171361923,-0.06271553784608841,0.024262215942144394,-0.009155552834272385,-0.02929776906967163,-0.07003998011350632,0.004577776417136192,-0.027924437075853348,0.004577776417136192,-0.02929776906967163,0.0,0.0,0.0,0.0,0.0,0.0,-5.551115123125783e-17,0.0,0.0,0.0,0.0,0.0,0.0,0.0,0.0,0.0,0.0,0.0,0.0,0.0,0.0,0.0,0.0,0.0
20260708_190646_213706,2026-07-08T19:07:13.371,27.157338,pose,1110,stand,0.0,0.0,0.0,0.0,0.0,0.0,0.0,0.0,1.0,fake,0.0,0.0,-1.0,-0.0,0.0,0.0,0.0,5.3233489990234375,10.444963455200195,12,can0:12,5.318155288696289,10.466628074645996,,"BL_hip_joint,BR_hip_joint,FL_hip_joint,FR_hip_joint,BL_thigh_joint,BR_thigh_joint,FL_thigh_joint,FR_thigh_joint,BL_calf_joint,BR_calf_joint,FL_calf_joint,FR_calf_joint",330e02f2406e129bb6ed6ec4a6c6bcd5f80d7e7799a2ab087e81eda65d2fae69,"step=001110 mode=stand  vx= 0.000 vy= 0.000 vxy= 0.000 yaw= 0.000 speed=1.00 imu=fake tilt_rp=[-0.0,+0.0]deg imu_corr=0.000 act_max= 0.000 tau_cmd= 5.323 tau_cmd_max= 10.445 cmds=12 bus=can0:12 tau_fb= 5.318 tau_fb_max= 10.467",,,,,,,,,,,,,,,,,,,,,,,,,,,,,,,,,,,,,,,,,,,,,,,,,0.0,0.0,0.0,0.0,0.0,0.0,0.0,0.0,0.0,0.0,0.0,0.0,0.0,0.0,0.0,0.0,0.0,0.0,0.0,0.0,0.0,0.0,0.0,0.0,-0.07823541015386581,-0.1361449509859085,-0.06788071990013123,-0.03489912673830986,-0.5825470089912415,0.5292395353317261,-0.4816846549510956,0.4387319087982178,0.1810152530670166,-0.3639480471611023,0.3313499689102173,-0.33556854724884033,-0.0027466658502817154,0.003662221133708954,-0.031128879636526108,0.024262215942144394,-0.00045777764171361923,-0.004119998775422573,0.01831110566854477,0.03570665791630745,-0.015564439818263054,-0.028839992359280586,0.0238044373691082,0.007782219909131527,0.0,0.0,0.0,0.0,0.0,0.0,-5.551115123125783e-17,0.0,0.0,0.0,0.0,0.0,0.0,0.0,0.0,0.0,0.0,0.0,0.0,0.0,0.0,0.0,0.0,0.0
20260708_190646_213706,2026-07-08T19:07:13.492,27.278651,pose,1115,stand,0.0,0.0,0.0,0.0,0.0,0.0,0.0,0.0,1.0,fake,0.0,0.0,-1.0,-0.0,0.0,0.0,0.0,5.331174850463867,10.4801025390625,12,can0:12,5.328226089477539,10.45197868347168,,"BL_hip_joint,BR_hip_joint,FL_hip_joint,FR_hip_joint,BL_thigh_joint,BR_thigh_joint,FL_thigh_joint,FR_thigh_joint,BL_calf_joint,BR_calf_joint,FL_calf_joint,FR_calf_joint",330e02f2406e129bb6ed6ec4a6c6bcd5f80d7e7799a2ab087e81eda65d2fae69,"step=001115 mode=stand  vx= 0.000 vy= 0.000 vxy= 0.000 yaw= 0.000 speed=1.00 imu=fake tilt_rp=[-0.0,+0.0]deg imu_corr=0.000 act_max= 0.000 tau_cmd= 5.331 tau_cmd_max= 10.480 cmds=12 bus=can0:12 tau_fb= 5.328 tau_fb_max= 10.452",,,,,,,,,,,,,,,,,,,,,,,,,,,,,,,,,,,,,,,,,,,,,,,,,0.0,0.0,0.0,0.0,0.0,0.0,0.0,0.0,0.0,0.0,0.0,0.0,0.0,0.0,0.0,0.0,0.0,0.0,0.0,0.0,0.0,0.0,0.0,0.0,-0.07823541015386581,-0.13576143980026245,-0.06826423108577728,-0.03489912673830986,-0.5825470089912415,0.5292395353317261,-0.4816846549510956,0.4387319087982178,0.1810152530670166,-0.3639480471611023,0.33173346519470215,-0.3359520435333252,0.03891110047698021,0.08835108578205109,-0.04898220673203468,-0.026551103219389915,-0.059053316712379456,0.022431105375289917,0.016479995101690292,0.03662221133708954,0.007782219909131527,-0.014191106893122196,0.055848874151706696,-0.05493331700563431,0.0,0.0,0.0,0.0,0.0,0.0,-5.551115123125783e-17,0.0,0.0,0.0,0.0,0.0,0.0,0.0,0.0,0.0,0.0,0.0,0.0,0.0,0.0,0.0,0.0,0.0
20260708_190646_213706,2026-07-08T19:07:13.613,27.399800,pose,1120,stand,0.0,0.0,0.0,0.0,0.0,0.0,0.0,0.0,1.0,fake,0.0,0.0,-1.0,-0.0,0.0,0.0,0.0,5.335428714752197,10.480925559997559,12,can0:12,5.339518070220947,10.44099235534668,,"BL_hip_joint,BR_hip_joint,FL_hip_joint,FR_hip_joint,BL_thigh_joint,BR_thigh_joint,FL_thigh_joint,FR_thigh_joint,BL_calf_joint,BR_calf_joint,FL_calf_joint,FR_calf_joint",330e02f2406e129bb6ed6ec4a6c6bcd5f80d7e7799a2ab087e81eda65d2fae69,"step=001120 mode=stand  vx= 0.000 vy= 0.000 vxy= 0.000 yaw= 0.000 speed=1.00 imu=fake tilt_rp=[-0.0,+0.0]deg imu_corr=0.000 act_max= 0.000 tau_cmd= 5.335 tau_cmd_max= 10.481 cmds=12 bus=can0:12 tau_fb= 5.340 tau_fb_max= 10.441",,,,,,,,,,,,,,,,,,,,,,,,,,,,,,,,,,,,,,,,,,,,,,,,,0.0,0.0,0.0,0.0,0.0,0.0,0.0,0.0,0.0,0.0,0.0,0.0,0.0,0.0,0.0,0.0,0.0,0.0,0.0,0.0,0.0,0.0,0.0,0.0,-0.07823541015386581,-0.1361449509859085,-0.06826423108577728,-0.03489912673830986,-0.5825470089912415,0.5292395353317261,-0.4816846549510956,0.4387319087982178,0.1810152530670166,-0.3639480471611023,0.3313499689102173,-0.33556854724884033,-0.016479995101690292,-0.020142216235399246,-0.013733329251408577,0.0196844395250082,-0.06042664870619774,-0.00595110934227705,-0.06820886582136154,-0.00595110934227705,0.016479995101690292,0.02471999265253544,0.0714133158326149,-0.06866664439439774,0.0,0.0,0.0,0.0,0.0,0.0,-5.551115123125783e-17,0.0,0.0,0.0,0.0,0.0,0.0,0.0,0.0,0.0,0.0,0.0,0.0,0.0,0.0,0.0,0.0,0.0
20260708_190646_213706,2026-07-08T19:07:13.734,27.520625,pose,1125,stand,0.0,0.0,0.0,0.0,0.0,0.0,0.0,0.0,1.0,fake,0.0,0.0,-1.0,-0.0,0.0,0.0,0.0,5.334949493408203,10.43919849395752,12,can0:12,5.325479984283447,10.462965965270996,,"BL_hip_joint,BR_hip_joint,FL_hip_joint,FR_hip_joint,BL_thigh_joint,BR_thigh_joint,FL_thigh_joint,FR_thigh_joint,BL_calf_joint,BR_calf_joint,FL_calf_joint,FR_calf_joint",330e02f2406e129bb6ed6ec4a6c6bcd5f80d7e7799a2ab087e81eda65d2fae69,"step=001125 mode=stand  vx= 0.000 vy= 0.000 vxy= 0.000 yaw= 0.000 speed=1.00 imu=fake tilt_rp=[-0.0,+0.0]deg imu_corr=0.000 act_max= 0.000 tau_cmd= 5.335 tau_cmd_max= 10.439 cmds=12 bus=can0:12 tau_fb= 5.325 tau_fb_max= 10.463",,,,,,,,,,,,,,,,,,,,,,,,,,,,,,,,,,,,,,,,,,,,,,,,,0.0,0.0,0.0,0.0,0.0,0.0,0.0,0.0,0.0,0.0,0.0,0.0,0.0,0.0,0.0,0.0,0.0,0.0,0.0,0.0,0.0,0.0,0.0,0.0,-0.07823541015386581,-0.1361449509859085,-0.06826423108577728,-0.03489912673830986,-0.5825470089912415,0.5292395353317261,-0.4816846549510956,0.4387319087982178,0.1810152530670166,-0.3639480471611023,0.33173346519470215,-0.33556854724884033,-0.05081331729888916,-0.13870662450790405,-0.0631733164191246,0.004119998775422573,0.009155552834272385,0.030671102926135063,0.0013733329251408577,-0.03662221133708954,-0.022431105375289917,-0.04531998559832573,0.0315866582095623,0.028382213786244392,0.0,0.0,0.0,0.0,0.0,0.0,-5.551115123125783e-17,0.0,0.0,0.0,0.0,0.0,0.0,0.0,0.0,0.0,0.0,0.0,0.0,0.0,0.0,0.0,0.0,0.0
20260708_190646_213706,2026-07-08T19:07:13.855,27.641955,pose,1130,stand,0.0,0.0,0.0,0.0,0.0,0.0,0.0,0.0,1.0,fake,0.0,0.0,-1.0,-0.0,0.0,0.0,0.0,5.319394588470459,10.432061195373535,12,can0:12,5.317545413970947,10.455641746520996,,"BL_hip_joint,BR_hip_joint,FL_hip_joint,FR_hip_joint,BL_thigh_joint,BR_thigh_joint,FL_thigh_joint,FR_thigh_joint,BL_calf_joint,BR_calf_joint,FL_calf_joint,FR_calf_joint",330e02f2406e129bb6ed6ec4a6c6bcd5f80d7e7799a2ab087e81eda65d2fae69,"step=001130 mode=stand  vx= 0.000 vy= 0.000 vxy= 0.000 yaw= 0.000 speed=1.00 imu=fake tilt_rp=[-0.0,+0.0]deg imu_corr=0.000 act_max= 0.000 tau_cmd= 5.319 tau_cmd_max= 10.432 cmds=12 bus=can0:12 tau_fb= 5.318 tau_fb_max= 10.456",,,,,,,,,,,,,,,,,,,,,,,,,,,,,,,,,,,,,,,,,,,,,,,,,0.0,0.0,0.0,0.0,0.0,0.0,0.0,0.0,0.0,0.0,0.0,0.0,0.0,0.0,0.0,0.0,0.0,0.0,0.0,0.0,0.0,0.0,0.0,0.0,-0.07823541015386581,-0.1361449509859085,-0.06826423108577728,-0.03489912673830986,-0.5825470089912415,0.5292395353317261,-0.4816846549510956,0.43911540508270264,0.18139876425266266,-0.3639480471611023,0.3313499689102173,-0.33556854724884033,-0.02059999480843544,0.0636310949921608,-0.0,0.05951109528541565,0.021057771518826485,0.038453321903944016,0.01739555038511753,0.03707998991012573,-0.03021332435309887,-0.040742211043834686,-0.055848874151706696,-0.04623554274439812,0.0,0.0,0.0,0.0,0.0,0.0,-5.551115123125783e-17,0.0,0.0,0.0,0.0,0.0,0.0,0.0,0.0,0.0,0.0,0.0,0.0,0.0,0.0,0.0,0.0,0.0
20260708_190646_213706,2026-07-08T19:07:13.977,27.763274,pose,1135,stand,0.0,0.0,0.0,0.0,0.0,0.0,0.0,0.0,1.0,fake,0.0,0.0,-1.0,-0.0,0.0,0.0,0.0,5.3261399269104,10.44029712677002,12,can0:12,5.320597171783447,10.44099235534668,,"BL_hip_joint,BR_hip_joint,FL_hip_joint,FR_hip_joint,BL_thigh_joint,BR_thigh_joint,FL_thigh_joint,FR_thigh_joint,BL_calf_joint,BR_calf_joint,FL_calf_joint,FR_calf_joint",330e02f2406e129bb6ed6ec4a6c6bcd5f80d7e7799a2ab087e81eda65d2fae69,"step=001135 mode=stand  vx= 0.000 vy= 0.000 vxy= 0.000 yaw= 0.000 speed=1.00 imu=fake tilt_rp=[-0.0,+0.0]deg imu_corr=0.000 act_max= 0.000 tau_cmd= 5.326 tau_cmd_max= 10.440 cmds=12 bus=can0:12 tau_fb= 5.321 tau_fb_max= 10.441",,,,,,,,,,,,,,,,,,,,,,,,,,,,,,,,,,,,,,,,,,,,,,,,,0.0,0.0,0.0,0.0,0.0,0.0,0.0,0.0,0.0,0.0,0.0,0.0,0.0,0.0,0.0,0.0,0.0,0.0,0.0,0.0,0.0,0.0,0.0,0.0,-0.07823541015386581,-0.1361449509859085,-0.06788071990013123,-0.03489912673830986,-0.5825470089912415,0.5292395353317261,-0.4816846549510956,0.4387319087982178,0.1810152530670166,-0.3639480471611023,0.3313499689102173,-0.33556854724884033,-0.05218665301799774,-0.016937773674726486,0.014191106893122196,-0.03433332219719887,0.007324442267417908,-0.03891110047698021,-0.02700888179242611,0.032044436782598495,-0.02288888208568096,-0.0050355540588498116,0.0196844395250082,-0.0009155552834272385,0.0,0.0,0.0,0.0,0.0,0.0,-5.551115123125783e-17,0.0,0.0,0.0,0.0,0.0,0.0,0.0,0.0,0.0,0.0,0.0,0.0,0.0,0.0,0.0,0.0,0.0
20260708_190646_213706,2026-07-08T19:07:14.098,27.884469,pose,1140,stand,0.0,0.0,0.0,0.0,0.0,0.0,0.0,0.0,1.0,fake,0.0,0.0,-1.0,-0.0,0.0,0.0,0.0,5.321747303009033,10.457592010498047,12,can0:12,5.3270063400268555,10.44465446472168,,"BL_hip_joint,BR_hip_joint,FL_hip_joint,FR_hip_joint,BL_thigh_joint,BR_thigh_joint,FL_thigh_joint,FR_thigh_joint,BL_calf_joint,BR_calf_joint,FL_calf_joint,FR_calf_joint",330e02f2406e129bb6ed6ec4a6c6bcd5f80d7e7799a2ab087e81eda65d2fae69,"step=001140 mode=stand  vx= 0.000 vy= 0.000 vxy= 0.000 yaw= 0.000 speed=1.00 imu=fake tilt_rp=[-0.0,+0.0]deg imu_corr=0.000 act_max= 0.000 tau_cmd= 5.322 tau_cmd_max= 10.458 cmds=12 bus=can0:12 tau_fb= 5.327 tau_fb_max= 10.445",,,,,,,,,,,,,,,,,,,,,,,,,,,,,,,,,,,,,,,,,,,,,,,,,0.0,0.0,0.0,0.0,0.0,0.0,0.0,0.0,0.0,0.0,0.0,0.0,0.0,0.0,0.0,0.0,0.0,0.0,0.0,0.0,0.0,0.0,0.0,0.0,-0.07823541015386581,-0.1361449509859085,-0.06788071990013123,-0.03489912673830986,-0.5825470089912415,0.5292395353317261,-0.4816846549510956,0.4387319087982178,0.1810152530670166,-0.3639480471611023,0.3313499689102173,-0.33556854724884033,-0.015106662176549435,0.021057771518826485,0.04303110018372536,-0.018768884241580963,-0.02151555009186268,0.03433332219719887,-0.028839992359280586,0.00595110934227705,0.015564439818263054,-0.010071108117699623,-0.038453321903944016,0.030671102926135063,0.0,0.0,0.0,0.0,0.0,0.0,-5.551115123125783e-17,0.0,0.0,0.0,0.0,0.0,0.0,0.0,0.0,0.0,0.0,0.0,0.0,0.0,0.0,0.0,0.0,0.0
20260708_190646_213706,2026-07-08T19:07:14.219,28.005771,pose,1145,stand,0.0,0.0,0.0,0.0,0.0,0.0,0.0,0.0,1.0,fake,0.0,0.0,-1.0,-0.0,0.0,0.0,0.0,5.329343318939209,10.449356079101562,12,can0:12,5.326395511627197,10.43733024597168,,"BL_hip_joint,BR_hip_joint,FL_hip_joint,FR_hip_joint,BL_thigh_joint,BR_thigh_joint,FL_thigh_joint,FR_thigh_joint,BL_calf_joint,BR_calf_joint,FL_calf_joint,FR_calf_joint",330e02f2406e129bb6ed6ec4a6c6bcd5f80d7e7799a2ab087e81eda65d2fae69,"step=001145 mode=stand  vx= 0.000 vy= 0.000 vxy= 0.000 yaw= 0.000 speed=1.00 imu=fake tilt_rp=[-0.0,+0.0]deg imu_corr=0.000 act_max= 0.000 tau_cmd= 5.329 tau_cmd_max= 10.449 cmds=12 bus=can0:12 tau_fb= 5.326 tau_fb_max= 10.437",,,,,,,,,,,,,,,,,,,,,,,,,,,,,,,,,,,,,,,,,,,,,,,,,0.0,0.0,0.0,0.0,0.0,0.0,0.0,0.0,0.0,0.0,0.0,0.0,0.0,0.0,0.0,0.0,0.0,0.0,0.0,0.0,0.0,0.0,0.0,0.0,-0.07823541015386581,-0.1361449509859085,-0.06788071990013123,-0.03489912673830986,-0.5825470089912415,0.5292395353317261,-0.4816846549510956,0.4387319087982178,0.18139876425266266,-0.3639480471611023,0.3313499689102173,-0.33556854724884033,-0.08926664292812347,-0.025635547935962677,0.00045777764171361923,0.051271095871925354,-0.007782219909131527,0.06958220154047012,-0.08423108607530594,-0.010986663401126862,-0.008239997550845146,0.004119998775422573,-0.016022218391299248,0.027924437075853348,0.0,0.0,0.0,0.0,0.0,0.0,-5.551115123125783e-17,0.0,0.0,0.0,0.0,0.0,0.0,0.0,0.0,0.0,0.0,0.0,0.0,0.0,0.0,0.0,0.0,0.0
20260708_190646_213706,2026-07-08T19:07:14.341,28.127466,pose,1150,stand,0.0,0.0,0.0,0.0,0.0,0.0,0.0,0.0,1.0,fake,0.0,0.0,-1.0,-0.0,0.0,0.0,0.0,5.326918601989746,10.456218719482422,12,can0:12,5.337687015533447,10.466628074645996,,"BL_hip_joint,BR_hip_joint,FL_hip_joint,FR_hip_joint,BL_thigh_joint,BR_thigh_joint,FL_thigh_joint,FR_thigh_joint,BL_calf_joint,BR_calf_joint,FL_calf_joint,FR_calf_joint",330e02f2406e129bb6ed6ec4a6c6bcd5f80d7e7799a2ab087e81eda65d2fae69,"step=001150 mode=stand  vx= 0.000 vy= 0.000 vxy= 0.000 yaw= 0.000 speed=1.00 imu=fake tilt_rp=[-0.0,+0.0]deg imu_corr=0.000 act_max= 0.000 tau_cmd= 5.327 tau_cmd_max= 10.456 cmds=12 bus=can0:12 tau_fb= 5.338 tau_fb_max= 10.467",,,,,,,,,,,,,,,,,,,,,,,,,,,,,,,,,,,,,,,,,,,,,,,,,0.0,0.0,0.0,0.0,0.0,0.0,0.0,0.0,0.0,0.0,0.0,0.0,0.0,0.0,0.0,0.0,0.0,0.0,0.0,0.0,0.0,0.0,0.0,0.0,-0.07823541015386581,-0.1361449509859085,-0.06788071990013123,-0.03489912673830986,-0.5825470089912415,0.5292395353317261,-0.48206818103790283,0.4387319087982178,0.1810152530670166,-0.3639480471611023,0.3313499689102173,-0.33556854724884033,-0.061342205852270126,-0.0068666646257042885,-0.01144444104284048,-0.032044436782598495,-0.019226660951972008,0.061342205852270126,-0.01739555038511753,-0.029755547642707825,-0.036164432764053345,0.0068666646257042885,-0.029755547642707825,-0.001831110566854477,0.0,0.0,0.0,0.0,0.0,0.0,0.0,0.0,0.0,0.0,0.0,0.0,0.0,0.0,0.0,0.0,0.0,0.0,0.0,0.0,0.0,0.0,0.0,0.0
20260708_190646_213706,2026-07-08T19:07:14.462,28.248900,pose,1155,stand,0.0,0.0,0.0,0.0,0.0,0.0,0.0,0.0,1.0,fake,0.0,0.0,-1.0,-0.0,0.0,0.0,0.0,5.319919586181641,10.439473152160645,12,can0:12,5.323038578033447,10.462965965270996,,"BL_hip_joint,BR_hip_joint,FL_hip_joint,FR_hip_joint,BL_thigh_joint,BR_thigh_joint,FL_thigh_joint,FR_thigh_joint,BL_calf_joint,BR_calf_joint,FL_calf_joint,FR_calf_joint",330e02f2406e129bb6ed6ec4a6c6bcd5f80d7e7799a2ab087e81eda65d2fae69,"step=001155 mode=stand  vx= 0.000 vy= 0.000 vxy= 0.000 yaw= 0.000 speed=1.00 imu=fake tilt_rp=[-0.0,+0.0]deg imu_corr=0.000 act_max= 0.000 tau_cmd= 5.320 tau_cmd_max= 10.439 cmds=12 bus=can0:12 tau_fb= 5.323 tau_fb_max= 10.463",,,,,,,,,,,,,,,,,,,,,,,,,,,,,,,,,,,,,,,,,,,,,,,,,0.0,0.0,0.0,0.0,0.0,0.0,0.0,0.0,0.0,0.0,0.0,0.0,0.0,0.0,0.0,0.0,0.0,0.0,0.0,0.0,0.0,0.0,0.0,0.0,-0.07823541015386581,-0.1361449509859085,-0.06826423108577728,-0.03489912673830986,-0.5825470089912415,0.5292395353317261,-0.4816846549510956,0.4387319087982178,0.1810152530670166,-0.3639480471611023,0.3313499689102173,-0.3359520435333252,0.02288888208568096,-0.0027466658502817154,0.028382213786244392,0.012817773967981339,0.008697775192558765,-0.021057771518826485,0.04119998961687088,-0.015106662176549435,-0.03250221163034439,-0.02700888179242611,0.055848874151706696,-0.054475538432598114,0.0,0.0,0.0,0.0,0.0,0.0,-5.551115123125783e-17,0.0,0.0,0.0,0.0,0.0,0.0,0.0,0.0,0.0,0.0,0.0,0.0,0.0,0.0,0.0,0.0,0.0
20260708_190646_213706,2026-07-08T19:07:14.579,28.365634,pose,1160,stand,0.0,0.0,0.0,0.0,0.0,0.0,0.0,0.0,1.0,fake,0.0,0.0,-1.0,-0.0,0.0,0.0,0.0,5.322915077209473,10.454297065734863,12,can0:12,5.326090335845947,10.477614402770996,,"BL_hip_joint,BR_hip_joint,FL_hip_joint,FR_hip_joint,BL_thigh_joint,BR_thigh_joint,FL_thigh_joint,FR_thigh_joint,BL_calf_joint,BR_calf_joint,FL_calf_joint,FR_calf_joint",330e02f2406e129bb6ed6ec4a6c6bcd5f80d7e7799a2ab087e81eda65d2fae69,"step=001160 mode=stand  vx= 0.000 vy= 0.000 vxy= 0.000 yaw= 0.000 speed=1.00 imu=fake tilt_rp=[-0.0,+0.0]deg imu_corr=0.000 act_max= 0.000 tau_cmd= 5.323 tau_cmd_max= 10.454 cmds=12 bus=can0:12 tau_fb= 5.326 tau_fb_max= 10.478",,,,,,,,,,,,,,,,,,,,,,,,,,,,,,,,,,,,,,,,,,,,,,,,,0.0,0.0,0.0,0.0,0.0,0.0,0.0,0.0,0.0,0.0,0.0,0.0,0.0,0.0,0.0,0.0,0.0,0.0,0.0,0.0,0.0,0.0,0.0,0.0,-0.07823541015386581,-0.1361449509859085,-0.06788071990013123,-0.03489912673830986,-0.5825470089912415,0.5292395353317261,-0.4816846549510956,0.4387319087982178,0.1810152530670166,-0.3639480471611023,0.3313499689102173,-0.3359520435333252,0.014648884534835815,-0.05401776358485222,0.0476088747382164,-0.019226660951972008,-0.016022218391299248,-0.0315866582095623,0.015106662176549435,-0.005493331700563431,-0.020142216235399246,-0.024262215942144394,0.02059999480843544,-0.02929776906967163,0.0,0.0,0.0,0.0,0.0,0.0,-5.551115123125783e-17,0.0,0.0,0.0,0.0,0.0,0.0,0.0,0.0,0.0,0.0,0.0,0.0,0.0,0.0,0.0,0.0,0.0
20260708_190646_213706,2026-07-08T19:07:14.697,28.483606,pose,1165,stand,0.0,0.0,0.0,0.0,0.0,0.0,0.0,0.0,1.0,fake,0.0,0.0,-1.0,-0.0,0.0,0.0,0.0,5.325363636016846,10.48641586303711,12,can0:12,5.319681644439697,10.44831657409668,,"BL_hip_joint,BR_hip_joint,FL_hip_joint,FR_hip_joint,BL_thigh_joint,BR_thigh_joint,FL_thigh_joint,FR_thigh_joint,BL_calf_joint,BR_calf_joint,FL_calf_joint,FR_calf_joint",330e02f2406e129bb6ed6ec4a6c6bcd5f80d7e7799a2ab087e81eda65d2fae69,"step=001165 mode=stand  vx= 0.000 vy= 0.000 vxy= 0.000 yaw= 0.000 speed=1.00 imu=fake tilt_rp=[-0.0,+0.0]deg imu_corr=0.000 act_max= 0.000 tau_cmd= 5.325 tau_cmd_max= 10.486 cmds=12 bus=can0:12 tau_fb= 5.320 tau_fb_max= 10.448",,,,,,,,,,,,,,,,,,,,,,,,,,,,,,,,,,,,,,,,,,,,,,,,,0.0,0.0,0.0,0.0,0.0,0.0,0.0,0.0,0.0,0.0,0.0,0.0,0.0,0.0,0.0,0.0,0.0,0.0,0.0,0.0,0.0,0.0,0.0,0.0,-0.07823541015386581,-0.1361449509859085,-0.06826423108577728,-0.03489912673830986,-0.5825470089912415,0.5292395353317261,-0.4816846549510956,0.4387319087982178,0.1810152530670166,-0.3639480471611023,0.3313499689102173,-0.3359520435333252,0.013733329251408577,0.03433332219719887,-0.051271095871925354,-0.05767998471856117,-0.06958220154047012,-0.004577776417136192,0.010071108117699623,0.01235999632626772,0.04211554303765297,0.043946653604507446,-0.0874355286359787,-0.027466658502817154,0.0,0.0,0.0,0.0,0.0,0.0,-5.551115123125783e-17,0.0,0.0,0.0,0.0,0.0,0.0,0.0,0.0,0.0,0.0,0.0,0.0,0.0,0.0,0.0,0.0,0.0
20260708_190646_213706,2026-07-08T19:07:14.818,28.605232,pose,1170,stand,0.0,0.0,0.0,0.0,0.0,0.0,0.0,0.0,1.0,fake,0.0,0.0,-1.0,-0.0,0.0,0.0,0.0,5.317813396453857,10.457865715026855,12,can0:12,5.334330081939697,10.45197868347168,,"BL_hip_joint,BR_hip_joint,FL_hip_joint,FR_hip_joint,BL_thigh_joint,BR_thigh_joint,FL_thigh_joint,FR_thigh_joint,BL_calf_joint,BR_calf_joint,FL_calf_joint,FR_calf_joint",330e02f2406e129bb6ed6ec4a6c6bcd5f80d7e7799a2ab087e81eda65d2fae69,"step=001170 mode=stand  vx= 0.000 vy= 0.000 vxy= 0.000 yaw= 0.000 speed=1.00 imu=fake tilt_rp=[-0.0,+0.0]deg imu_corr=0.000 act_max= 0.000 tau_cmd= 5.318 tau_cmd_max= 10.458 cmds=12 bus=can0:12 tau_fb= 5.334 tau_fb_max= 10.452",,,,,,,,,,,,,,,,,,,,,,,,,,,,,,,,,,,,,,,,,,,,,,,,,0.0,0.0,0.0,0.0,0.0,0.0,0.0,0.0,0.0,0.0,0.0,0.0,0.0,0.0,0.0,0.0,0.0,0.0,0.0,0.0,0.0,0.0,0.0,0.0,-0.07823541015386581,-0.1361449509859085,-0.06788071990013123,-0.03489912673830986,-0.5825470089912415,0.5292395353317261,-0.4816846549510956,0.4387319087982178,0.1810152530670166,-0.3639480471611023,0.3313499689102173,-0.3359520435333252,-0.054475538432598114,0.0013733329251408577,0.09201330691576004,-0.016937773674726486,-0.021973326802253723,-0.02059999480843544,-0.015564439818263054,0.0009155552834272385,-0.022431105375289917,0.015564439818263054,-0.03570665791630745,-0.004577776417136192,0.0,0.0,0.0,0.0,0.0,0.0,-5.551115123125783e-17,0.0,0.0,0.0,0.0,0.0,0.0,0.0,0.0,0.0,0.0,0.0,0.0,0.0,0.0,0.0,0.0,0.0
20260708_190646_213706,2026-07-08T19:07:14.939,28.726199,pose,1175,stand,0.0,0.0,0.0,0.0,0.0,0.0,0.0,0.0,1.0,fake,0.0,0.0,-1.0,-0.0,0.0,0.0,0.0,5.322754859924316,10.463630676269531,12,can0:12,5.327616214752197,10.455641746520996,,"BL_hip_joint,BR_hip_joint,FL_hip_joint,FR_hip_joint,BL_thigh_joint,BR_thigh_joint,FL_thigh_joint,FR_thigh_joint,BL_calf_joint,BR_calf_joint,FL_calf_joint,FR_calf_joint",330e02f2406e129bb6ed6ec4a6c6bcd5f80d7e7799a2ab087e81eda65d2fae69,"step=001175 mode=stand  vx= 0.000 vy= 0.000 vxy= 0.000 yaw= 0.000 speed=1.00 imu=fake tilt_rp=[-0.0,+0.0]deg imu_corr=0.000 act_max= 0.000 tau_cmd= 5.323 tau_cmd_max= 10.464 cmds=12 bus=can0:12 tau_fb= 5.328 tau_fb_max= 10.456",,,,,,,,,,,,,,,,,,,,,,,,,,,,,,,,,,,,,,,,,,,,,,,,,0.0,0.0,0.0,0.0,0.0,0.0,0.0,0.0,0.0,0.0,0.0,0.0,0.0,0.0,0.0,0.0,0.0,0.0,0.0,0.0,0.0,0.0,0.0,0.0,-0.07823541015386581,-0.1361449509859085,-0.06788071990013123,-0.03489912673830986,-0.5825470089912415,0.5292395353317261,-0.48206818103790283,0.4387319087982178,0.1810152530670166,-0.3639480471611023,0.3313499689102173,-0.33556854724884033,0.04531998559832573,0.05951109528541565,-0.010528885759413242,-0.014648884534835815,-0.0315866582095623,0.006408886983990669,-0.08651997148990631,-0.041657764464616776,0.0196844395250082,-0.051271095871925354,-0.02288888208568096,0.025635547935962677,0.0,0.0,0.0,0.0,0.0,0.0,0.0,0.0,0.0,0.0,0.0,0.0,0.0,0.0,0.0,0.0,0.0,0.0,0.0,0.0,0.0,0.0,0.0,0.0
20260708_190646_213706,2026-07-08T19:07:15.061,28.847450,pose,1180,stand,0.0,0.0,0.0,0.0,0.0,0.0,0.0,0.0,1.0,fake,0.0,0.0,-1.0,-0.0,0.0,0.0,0.0,5.334676265716553,10.446610450744629,12,can0:12,5.328531742095947,10.43733024597168,,"BL_hip_joint,BR_hip_joint,FL_hip_joint,FR_hip_joint,BL_thigh_joint,BR_thigh_joint,FL_thigh_joint,FR_thigh_joint,BL_calf_joint,BR_calf_joint,FL_calf_joint,FR_calf_joint",330e02f2406e129bb6ed6ec4a6c6bcd5f80d7e7799a2ab087e81eda65d2fae69,"step=001180 mode=stand  vx= 0.000 vy= 0.000 vxy= 0.000 yaw= 0.000 speed=1.00 imu=fake tilt_rp=[-0.0,+0.0]deg imu_corr=0.000 act_max= 0.000 tau_cmd= 5.335 tau_cmd_max= 10.447 cmds=12 bus=can0:12 tau_fb= 5.329 tau_fb_max= 10.437",,,,,,,,,,,,,,,,,,,,,,,,,,,,,,,,,,,,,,,,,,,,,,,,,0.0,0.0,0.0,0.0,0.0,0.0,0.0,0.0,0.0,0.0,0.0,0.0,0.0,0.0,0.0,0.0,0.0,0.0,0.0,0.0,0.0,0.0,0.0,0.0,-0.07823541015386581,-0.1361449509859085,-0.06826423108577728,-0.03489912673830986,-0.5825470089912415,0.5292395353317261,-0.48206818103790283,0.4387319087982178,0.1810152530670166,-0.3639480471611023,0.3313499689102173,-0.3359520435333252,0.017853328958153725,-0.06729331612586975,0.0068666646257042885,0.02059999480843544,-0.0032044434919953346,0.022431105375289917,-0.10208441317081451,-0.04577776417136192,0.029755547642707825,-0.06591998040676117,0.02609332650899887,-0.015564439818263054,0.0,0.0,0.0,0.0,0.0,0.0,0.0,0.0,0.0,0.0,0.0,0.0,0.0,0.0,0.0,0.0,0.0,0.0,0.0,0.0,0.0,0.0,0.0,0.0
20260708_190646_213706,2026-07-08T19:07:15.183,28.969928,pose,1185,stand,0.0,0.0,0.0,0.0,0.0,0.0,0.0,0.0,1.0,fake,0.0,0.0,-1.0,-0.0,0.0,0.0,0.0,5.326666831970215,10.423002243041992,12,can0:12,5.322428226470947,10.473952293395996,,"BL_hip_joint,BR_hip_joint,FL_hip_joint,FR_hip_joint,BL_thigh_joint,BR_thigh_joint,FL_thigh_joint,FR_thigh_joint,BL_calf_joint,BR_calf_joint,FL_calf_joint,FR_calf_joint",330e02f2406e129bb6ed6ec4a6c6bcd5f80d7e7799a2ab087e81eda65d2fae69,"step=001185 mode=stand  vx= 0.000 vy= 0.000 vxy= 0.000 yaw= 0.000 speed=1.00 imu=fake tilt_rp=[-0.0,+0.0]deg imu_corr=0.000 act_max= 0.000 tau_cmd= 5.327 tau_cmd_max= 10.423 cmds=12 bus=can0:12 tau_fb= 5.322 tau_fb_max= 10.474",,,,,,,,,,,,,,,,,,,,,,,,,,,,,,,,,,,,,,,,,,,,,,,,,0.0,0.0,0.0,0.0,0.0,0.0,0.0,0.0,0.0,0.0,0.0,0.0,0.0,0.0,0.0,0.0,0.0,0.0,0.0,0.0,0.0,0.0,0.0,0.0,-0.07823541015386581,-0.1361449509859085,-0.06788071990013123,-0.03489912673830986,-0.5825470089912415,0.5292395353317261,-0.4816846549510956,0.4387319087982178,0.1810152530670166,-0.3639480471611023,0.3313499689102173,-0.3359520435333252,-0.032959990203380585,-0.015106662176549435,0.029755547642707825,-0.06454664468765259,0.036164432764053345,0.06088442727923393,0.04531998559832573,-0.008239997550845146,0.0013733329251408577,-0.01235999632626772,-0.006408886983990669,-0.04257332161068916,0.0,0.0,0.0,0.0,0.0,0.0,-5.551115123125783e-17,0.0,0.0,0.0,0.0,0.0,0.0,0.0,0.0,0.0,0.0,0.0,0.0,0.0,0.0,0.0,0.0,0.0
20260708_190646_213706,2026-07-08T19:07:15.305,29.091762,pose,1190,stand,0.0,0.0,0.0,0.0,0.0,0.0,0.0,0.0,1.0,fake,0.0,0.0,-1.0,-0.0,0.0,0.0,0.0,5.331448078155518,10.466376304626465,12,can0:12,5.316935062408447,10.484939575195312,,"BL_hip_joint,BR_hip_joint,FL_hip_joint,FR_hip_joint,BL_thigh_joint,BR_thigh_joint,FL_thigh_joint,FR_thigh_joint,BL_calf_joint,BR_calf_joint,FL_calf_joint,FR_calf_joint",330e02f2406e129bb6ed6ec4a6c6bcd5f80d7e7799a2ab087e81eda65d2fae69,"step=001190 mode=stand  vx= 0.000 vy= 0.000 vxy= 0.000 yaw= 0.000 speed=1.00 imu=fake tilt_rp=[-0.0,+0.0]deg imu_corr=0.000 act_max= 0.000 tau_cmd= 5.331 tau_cmd_max= 10.466 cmds=12 bus=can0:12 tau_fb= 5.317 tau_fb_max= 10.485",,,,,,,,,,,,,,,,,,,,,,,,,,,,,,,,,,,,,,,,,,,,,,,,,0.0,0.0,0.0,0.0,0.0,0.0,0.0,0.0,0.0,0.0,0.0,0.0,0.0,0.0,0.0,0.0,0.0,0.0,0.0,0.0,0.0,0.0,0.0,0.0,-0.07823541015386581,-0.1361449509859085,-0.06788071990013123,-0.03489912673830986,-0.5825470089912415,0.5292395353317261,-0.48206818103790283,0.4387319087982178,0.1810152530670166,-0.3639480471611023,0.3313499689102173,-0.33556854724884033,-0.013275551609694958,0.027924437075853348,-0.0050355540588498116,-0.020142216235399246,-0.036164432764053345,0.02288888208568096,-0.006408886983990669,-0.014648884534835815,0.04303110018372536,0.0,0.056764427572488785,-0.038453321903944016,0.0,0.0,0.0,0.0,0.0,0.0,0.0,0.0,0.0,0.0,0.0,0.0,0.0,0.0,0.0,0.0,0.0,0.0,0.0,0.0,0.0,0.0,0.0,0.0
20260708_190646_213706,2026-07-08T19:07:15.428,29.214400,pose,1195,stand,0.0,0.0,0.0,0.0,0.0,0.0,0.0,0.0,1.0,fake,0.0,0.0,-1.0,-0.0,0.0,0.0,0.0,5.317333221435547,10.442218780517578,12,can0:12,5.342569828033447,10.481276512145996,,"BL_hip_joint,BR_hip_joint,FL_hip_joint,FR_hip_joint,BL_thigh_joint,BR_thigh_joint,FL_thigh_joint,FR_thigh_joint,BL_calf_joint,BR_calf_joint,FL_calf_joint,FR_calf_joint",330e02f2406e129bb6ed6ec4a6c6bcd5f80d7e7799a2ab087e81eda65d2fae69,"step=001195 mode=stand  vx= 0.000 vy= 0.000 vxy= 0.000 yaw= 0.000 speed=1.00 imu=fake tilt_rp=[-0.0,+0.0]deg imu_corr=0.000 act_max= 0.000 tau_cmd= 5.317 tau_cmd_max= 10.442 cmds=12 bus=can0:12 tau_fb= 5.343 tau_fb_max= 10.481",,,,,,,,,,,,,,,,,,,,,,,,,,,,,,,,,,,,,,,,,,,,,,,,,0.0,0.0,0.0,0.0,0.0,0.0,0.0,0.0,0.0,0.0,0.0,0.0,0.0,0.0,0.0,0.0,0.0,0.0,0.0,0.0,0.0,0.0,0.0,0.0,-0.07823541015386581,-0.1361449509859085,-0.06788071990013123,-0.03489912673830986,-0.5825470089912415,0.5292395353317261,-0.4816846549510956,0.4387319087982178,0.1810152530670166,-0.3639480471611023,0.33173346519470215,-0.33556854724884033,-0.025635547935962677,0.03479110077023506,0.0476088747382164,-0.027924437075853348,0.004119998775422573,-0.08239997923374176,-0.0,-0.016022218391299248,0.025177771225571632,0.0050355540588498116,0.047151096165180206,0.018768884241580963,0.0,0.0,0.0,0.0,0.0,0.0,-5.551115123125783e-17,0.0,0.0,0.0,0.0,0.0,0.0,0.0,0.0,0.0,0.0,0.0,0.0,0.0,0.0,0.0,0.0,0.0
20260708_190646_213706,2026-07-08T19:07:15.550,29.336910,pose,1200,stand,0.0,0.0,0.0,0.0,0.0,0.0,0.0,0.0,1.0,fake,0.0,0.0,-1.0,-0.0,0.0,0.0,0.0,5.3160319328308105,10.46665096282959,12,can0:12,5.327921390533447,10.419018745422363,,"BL_hip_joint,BR_hip_joint,FL_hip_joint,FR_hip_joint,BL_thigh_joint,BR_thigh_joint,FL_thigh_joint,FR_thigh_joint,BL_calf_joint,BR_calf_joint,FL_calf_joint,FR_calf_joint",330e02f2406e129bb6ed6ec4a6c6bcd5f80d7e7799a2ab087e81eda65d2fae69,"step=001200 mode=stand  vx= 0.000 vy= 0.000 vxy= 0.000 yaw= 0.000 speed=1.00 imu=fake tilt_rp=[-0.0,+0.0]deg imu_corr=0.000 act_max= 0.000 tau_cmd= 5.316 tau_cmd_max= 10.467 cmds=12 bus=can0:12 tau_fb= 5.328 tau_fb_max= 10.419",,,,,,,,,,,,,,,,,,,,,,,,,,,,,,,,,,,,,,,,,,,,,,,,,0.0,0.0,0.0,0.0,0.0,0.0,0.0,0.0,0.0,0.0,0.0,0.0,0.0,0.0,0.0,0.0,0.0,0.0,0.0,0.0,0.0,0.0,0.0,0.0,-0.07823541015386581,-0.1361449509859085,-0.06826423108577728,-0.03489912673830986,-0.5825470089912415,0.5292395353317261,-0.4816846549510956,0.43911540508270264,0.1810152530670166,-0.3639480471611023,0.33173346519470215,-0.33556854724884033,-0.030671102926135063,0.020142216235399246,0.025635547935962677,0.07003998011350632,-0.03662221133708954,-0.025635547935962677,0.03387554734945297,0.032044436782598495,0.00595110934227705,0.0238044373691082,-0.009613330475986004,0.028382213786244392,0.0,0.0,0.0,0.0,0.0,0.0,-5.551115123125783e-17,0.0,0.0,0.0,0.0,0.0,0.0,0.0,0.0,0.0,0.0,0.0,0.0,0.0,0.0,0.0,0.0,0.0
20260708_190646_213706,2026-07-08T19:07:15.672,29.458280,pose,1205,stand,0.0,0.0,0.0,0.0,0.0,0.0,0.0,0.0,1.0,fake,0.0,0.0,-1.0,-0.0,0.0,0.0,0.0,5.318979740142822,10.460336685180664,12,can0:12,5.334940433502197,10.484939575195312,,"BL_hip_joint,BR_hip_joint,FL_hip_joint,FR_hip_joint,BL_thigh_joint,BR_thigh_joint,FL_thigh_joint,FR_thigh_joint,BL_calf_joint,BR_calf_joint,FL_calf_joint,FR_calf_joint",330e02f2406e129bb6ed6ec4a6c6bcd5f80d7e7799a2ab087e81eda65d2fae69,"step=001205 mode=stand  vx= 0.000 vy= 0.000 vxy= 0.000 yaw= 0.000 speed=1.00 imu=fake tilt_rp=[-0.0,+0.0]deg imu_corr=0.000 act_max= 0.000 tau_cmd= 5.319 tau_cmd_max= 10.460 cmds=12 bus=can0:12 tau_fb= 5.335 tau_fb_max= 10.485",,,,,,,,,,,,,,,,,,,,,,,,,,,,,,,,,,,,,,,,,,,,,,,,,0.0,0.0,0.0,0.0,0.0,0.0,0.0,0.0,0.0,0.0,0.0,0.0,0.0,0.0,0.0,0.0,0.0,0.0,0.0,0.0,0.0,0.0,0.0,0.0,-0.07823541015386581,-0.1361449509859085,-0.06788071990013123,-0.03489912673830986,-0.5825470089912415,0.5292395353317261,-0.4816846549510956,0.4387319087982178,0.1810152530670166,-0.3639480471611023,0.3313499689102173,-0.33556854724884033,-0.01235999632626772,-0.032044436782598495,-0.007782219909131527,0.0119022186845541,-0.02609332650899887,0.021973326802253723,0.04943998530507088,-0.0393688790500164,-0.005493331700563431,0.024262215942144394,-0.001831110566854477,0.006408886983990669,0.0,0.0,0.0,0.0,0.0,0.0,-5.551115123125783e-17,0.0,0.0,0.0,0.0,0.0,0.0,0.0,0.0,0.0,0.0,0.0,0.0,0.0,0.0,0.0,0.0,0.0
20260708_190646_213706,2026-07-08T19:07:15.793,29.579752,pose,1210,stand,0.0,0.0,0.0,0.0,0.0,0.0,0.0,0.0,1.0,fake,0.0,0.0,-1.0,-0.0,0.0,0.0,0.0,5.332228183746338,10.43288516998291,12,can0:12,5.331888675689697,10.44831657409668,,"BL_hip_joint,BR_hip_joint,FL_hip_joint,FR_hip_joint,BL_thigh_joint,BR_thigh_joint,FL_thigh_joint,FR_thigh_joint,BL_calf_joint,BR_calf_joint,FL_calf_joint,FR_calf_joint",330e02f2406e129bb6ed6ec4a6c6bcd5f80d7e7799a2ab087e81eda65d2fae69,"step=001210 mode=stand  vx= 0.000 vy= 0.000 vxy= 0.000 yaw= 0.000 speed=1.00 imu=fake tilt_rp=[-0.0,+0.0]deg imu_corr=0.000 act_max= 0.000 tau_cmd= 5.332 tau_cmd_max= 10.433 cmds=12 bus=can0:12 tau_fb= 5.332 tau_fb_max= 10.448",,,,,,,,,,,,,,,,,,,,,,,,,,,,,,,,,,,,,,,,,,,,,,,,,0.0,0.0,0.0,0.0,0.0,0.0,0.0,0.0,0.0,0.0,0.0,0.0,0.0,0.0,0.0,0.0,0.0,0.0,0.0,0.0,0.0,0.0,0.0,0.0,-0.07823541015386581,-0.1361449509859085,-0.06826423108577728,-0.03489912673830986,-0.5825470089912415,0.5292395353317261,-0.4816846549510956,0.4387319087982178,0.18139876425266266,-0.36433154344558716,0.3313499689102173,-0.33556854724884033,0.007324442267417908,-0.01235999632626772,-0.012817773967981339,-0.0791955292224884,0.0196844395250082,-0.016022218391299248,-0.0032044434919953346,-0.053559985011816025,0.05218665301799774,-0.08331552892923355,0.03341776877641678,-0.01235999632626772,0.0,0.0,0.0,0.0,0.0,0.0,-5.551115123125783e-17,0.0,0.0,0.0,0.0,0.0,0.0,0.0,0.0,0.0,0.0,0.0,0.0,0.0,0.0,0.0,0.0,0.0
20260708_190646_213706,2026-07-08T19:07:15.915,29.701738,pose,1215,stand,0.0,0.0,0.0,0.0,0.0,0.0,0.0,0.0,1.0,fake,0.0,0.0,-1.0,-0.0,0.0,0.0,0.0,5.322227478027344,10.413668632507324,12,can0:12,5.332499027252197,10.44831657409668,,"BL_hip_joint,BR_hip_joint,FL_hip_joint,FR_hip_joint,BL_thigh_joint,BR_thigh_joint,FL_thigh_joint,FR_thigh_joint,BL_calf_joint,BR_calf_joint,FL_calf_joint,FR_calf_joint",330e02f2406e129bb6ed6ec4a6c6bcd5f80d7e7799a2ab087e81eda65d2fae69,"step=001215 mode=stand  vx= 0.000 vy= 0.000 vxy= 0.000 yaw= 0.000 speed=1.00 imu=fake tilt_rp=[-0.0,+0.0]deg imu_corr=0.000 act_max= 0.000 tau_cmd= 5.322 tau_cmd_max= 10.414 cmds=12 bus=can0:12 tau_fb= 5.332 tau_fb_max= 10.448",,,,,,,,,,,,,,,,,,,,,,,,,,,,,,,,,,,,,,,,,,,,,,,,,0.0,0.0,0.0,0.0,0.0,0.0,0.0,0.0,0.0,0.0,0.0,0.0,0.0,0.0,0.0,0.0,0.0,0.0,0.0,0.0,0.0,0.0,0.0,0.0,-0.07823541015386581,-0.1361449509859085,-0.06788071990013123,-0.03489912673830986,-0.5825470089912415,0.5292395353317261,-0.4816846549510956,0.4387319087982178,0.1810152530670166,-0.3639480471611023,0.3313499689102173,-0.33556854724884033,-0.015106662176549435,0.016022218391299248,-0.08011108636856079,-0.05264442786574364,0.05172887444496155,-0.05630664899945259,-0.02059999480843544,0.053559985011816025,0.027924437075853348,0.06820886582136154,-0.04348887503147125,-0.01235999632626772,0.0,0.0,0.0,0.0,0.0,0.0,-5.551115123125783e-17,0.0,0.0,0.0,0.0,0.0,0.0,0.0,0.0,0.0,0.0,0.0,0.0,0.0,0.0,0.0,0.0,0.0
20260708_190646_213706,2026-07-08T19:07:16.036,29.823147,pose,1220,stand,0.0,0.0,0.0,0.0,0.0,0.0,0.0,0.0,1.0,fake,0.0,0.0,-1.0,-0.0,0.0,0.0,0.0,5.3240580558776855,10.427668571472168,12,can0:12,5.307778835296631,10.44465446472168,,"BL_hip_joint,BR_hip_joint,FL_hip_joint,FR_hip_joint,BL_thigh_joint,BR_thigh_joint,FL_thigh_joint,FR_thigh_joint,BL_calf_joint,BR_calf_joint,FL_calf_joint,FR_calf_joint",330e02f2406e129bb6ed6ec4a6c6bcd5f80d7e7799a2ab087e81eda65d2fae69,"step=001220 mode=stand  vx= 0.000 vy= 0.000 vxy= 0.000 yaw= 0.000 speed=1.00 imu=fake tilt_rp=[-0.0,+0.0]deg imu_corr=0.000 act_max= 0.000 tau_cmd= 5.324 tau_cmd_max= 10.428 cmds=12 bus=can0:12 tau_fb= 5.308 tau_fb_max= 10.445",,,,,,,,,,,,,,,,,,,,,,,,,,,,,,,,,,,,,,,,,,,,,,,,,0.0,0.0,0.0,0.0,0.0,0.0,0.0,0.0,0.0,0.0,0.0,0.0,0.0,0.0,0.0,0.0,0.0,0.0,0.0,0.0,0.0,0.0,0.0,0.0,-0.07823541015386581,-0.1361449509859085,-0.06788071990013123,-0.03489912673830986,-0.5825470089912415,0.5292395353317261,-0.4816846549510956,0.4387319087982178,0.1810152530670166,-0.3639480471611023,0.3313499689102173,-0.33556854724884033,-0.08056886494159698,-0.022431105375289917,-0.02059999480843544,-0.020142216235399246,0.028382213786244392,0.009613330475986004,0.006408886983990669,0.04028443247079849,-0.012817773967981339,0.0013733329251408577,-0.04119998961687088,0.04028443247079849,0.0,0.0,0.0,0.0,0.0,0.0,-5.551115123125783e-17,0.0,0.0,0.0,0.0,0.0,0.0,0.0,0.0,0.0,0.0,0.0,0.0,0.0,0.0,0.0,0.0,0.0
20260708_190646_213706,2026-07-08T19:07:16.158,29.944620,pose,1225,stand,0.0,0.0,0.0,0.0,0.0,0.0,0.0,0.0,1.0,fake,0.0,0.0,-1.0,-0.0,0.0,0.0,0.0,5.3289995193481445,10.462532997131348,12,can0:12,5.312967300415039,10.44465446472168,,"BL_hip_joint,BR_hip_joint,FL_hip_joint,FR_hip_joint,BL_thigh_joint,BR_thigh_joint,FL_thigh_joint,FR_thigh_joint,BL_calf_joint,BR_calf_joint,FL_calf_joint,FR_calf_joint",330e02f2406e129bb6ed6ec4a6c6bcd5f80d7e7799a2ab087e81eda65d2fae69,"step=001225 mode=stand  vx= 0.000 vy= 0.000 vxy= 0.000 yaw= 0.000 speed=1.00 imu=fake tilt_rp=[-0.0,+0.0]deg imu_corr=0.000 act_max= 0.000 tau_cmd= 5.329 tau_cmd_max= 10.463 cmds=12 bus=can0:12 tau_fb= 5.313 tau_fb_max= 10.445",,,,,,,,,,,,,,,,,,,,,,,,,,,,,,,,,,,,,,,,,,,,,,,,,0.0,0.0,0.0,0.0,0.0,0.0,0.0,0.0,0.0,0.0,0.0,0.0,0.0,0.0,0.0,0.0,0.0,0.0,0.0,0.0,0.0,0.0,0.0,0.0,-0.07823541015386581,-0.1361449509859085,-0.06788071990013123,-0.03489912673830986,-0.5825470089912415,0.5292395353317261,-0.4816846549510956,0.4387319087982178,0.1810152530670166,-0.3639480471611023,0.3313499689102173,-0.33556854724884033,0.0238044373691082,-0.0398266538977623,0.02471999265253544,-0.0393688790500164,-0.029755547642707825,0.06958220154047012,-0.0068666646257042885,0.012817773967981339,0.02288888208568096,0.008697775192558765,0.004119998775422573,0.00595110934227705,0.0,0.0,0.0,0.0,0.0,0.0,-5.551115123125783e-17,0.0,0.0,0.0,0.0,0.0,0.0,0.0,0.0,0.0,0.0,0.0,0.0,0.0,0.0,0.0,0.0,0.0
20260708_190646_213706,2026-07-08T19:07:16.279,30.065570,pose,1230,stand,0.0,0.0,0.0,0.0,0.0,0.0,0.0,0.0,1.0,fake,0.0,0.0,-1.0,-0.0,0.0,0.0,0.0,5.323371887207031,10.454571723937988,12,can0:12,5.337076663970947,10.470290184020996,,"BL_hip_joint,BR_hip_joint,FL_hip_joint,FR_hip_joint,BL_thigh_joint,BR_thigh_joint,FL_thigh_joint,FR_thigh_joint,BL_calf_joint,BR_calf_joint,FL_calf_joint,FR_calf_joint",330e02f2406e129bb6ed6ec4a6c6bcd5f80d7e7799a2ab087e81eda65d2fae69,"step=001230 mode=stand  vx= 0.000 vy= 0.000 vxy= 0.000 yaw= 0.000 speed=1.00 imu=fake tilt_rp=[-0.0,+0.0]deg imu_corr=0.000 act_max= 0.000 tau_cmd= 5.323 tau_cmd_max= 10.455 cmds=12 bus=can0:12 tau_fb= 5.337 tau_fb_max= 10.470",,,,,,,,,,,,,,,,,,,,,,,,,,,,,,,,,,,,,,,,,,,,,,,,,0.0,0.0,0.0,0.0,0.0,0.0,0.0,0.0,0.0,0.0,0.0,0.0,0.0,0.0,0.0,0.0,0.0,0.0,0.0,0.0,0.0,0.0,0.0,0.0,-0.07823541015386581,-0.1361449509859085,-0.06788071990013123,-0.03489912673830986,-0.5825470089912415,0.5292395353317261,-0.4816846549510956,0.4387319087982178,0.1810152530670166,-0.3639480471611023,0.3313499689102173,-0.33556854724884033,-0.11810663342475891,0.016937773674726486,-0.025635547935962677,-0.05401776358485222,-0.016479995101690292,-0.032959990203380585,0.03662221133708954,-0.019226660951972008,-0.016022218391299248,0.025635547935962677,-0.02609332650899887,-0.008697775192558765,0.0,0.0,0.0,0.0,0.0,0.0,-5.551115123125783e-17,0.0,0.0,0.0,0.0,0.0,0.0,0.0,0.0,0.0,0.0,0.0,0.0,0.0,0.0,0.0,0.0,0.0
20260708_190646_213706,2026-07-08T19:07:16.401,30.187408,pose,1235,stand,0.0,0.0,0.0,0.0,0.0,0.0,0.0,0.0,1.0,fake,0.0,0.0,-1.0,-0.0,0.0,0.0,0.0,5.31213903427124,10.43233585357666,12,can0:12,5.334024906158447,10.44465446472168,,"BL_hip_joint,BR_hip_joint,FL_hip_joint,FR_hip_joint,BL_thigh_joint,BR_thigh_joint,FL_thigh_joint,FR_thigh_joint,BL_calf_joint,BR_calf_joint,FL_calf_joint,FR_calf_joint",330e02f2406e129bb6ed6ec4a6c6bcd5f80d7e7799a2ab087e81eda65d2fae69,"step=001235 mode=stand  vx= 0.000 vy= 0.000 vxy= 0.000 yaw= 0.000 speed=1.00 imu=fake tilt_rp=[-0.0,+0.0]deg imu_corr=0.000 act_max= 0.000 tau_cmd= 5.312 tau_cmd_max= 10.432 cmds=12 bus=can0:12 tau_fb= 5.334 tau_fb_max= 10.445",,,,,,,,,,,,,,,,,,,,,,,,,,,,,,,,,,,,,,,,,,,,,,,,,0.0,0.0,0.0,0.0,0.0,0.0,0.0,0.0,0.0,0.0,0.0,0.0,0.0,0.0,0.0,0.0,0.0,0.0,0.0,0.0,0.0,0.0,0.0,0.0,-0.07823541015386581,-0.1361449509859085,-0.06788071990013123,-0.03489912673830986,-0.5825470089912415,0.5292395353317261,-0.4816846549510956,0.4387319087982178,0.1810152530670166,-0.3639480471611023,0.3313499689102173,-0.33556854724884033,-0.050355542451143265,0.04119998961687088,0.10254219174385071,0.07599108666181564,0.02059999480843544,0.012817773967981339,-0.09247108548879623,-0.020142216235399246,-0.0196844395250082,0.04852443188428879,0.019226660951972008,0.02151555009186268,0.0,0.0,0.0,0.0,0.0,0.0,-5.551115123125783e-17,0.0,0.0,0.0,0.0,0.0,0.0,0.0,0.0,0.0,0.0,0.0,0.0,0.0,0.0,0.0,0.0,0.0
20260708_190646_213706,2026-07-08T19:07:16.523,30.309392,pose,1240,stand,0.0,0.0,0.0,0.0,0.0,0.0,0.0,0.0,1.0,fake,0.0,0.0,-1.0,-0.0,0.0,0.0,0.0,5.334422588348389,10.488886833190918,12,can0:12,5.329752445220947,10.42634391784668,,"BL_hip_joint,BR_hip_joint,FL_hip_joint,FR_hip_joint,BL_thigh_joint,BR_thigh_joint,FL_thigh_joint,FR_thigh_joint,BL_calf_joint,BR_calf_joint,FL_calf_joint,FR_calf_joint",330e02f2406e129bb6ed6ec4a6c6bcd5f80d7e7799a2ab087e81eda65d2fae69,"step=001240 mode=stand  vx= 0.000 vy= 0.000 vxy= 0.000 yaw= 0.000 speed=1.00 imu=fake tilt_rp=[-0.0,+0.0]deg imu_corr=0.000 act_max= 0.000 tau_cmd= 5.334 tau_cmd_max= 10.489 cmds=12 bus=can0:12 tau_fb= 5.330 tau_fb_max= 10.426",,,,,,,,,,,,,,,,,,,,,,,,,,,,,,,,,,,,,,,,,,,,,,,,,0.0,0.0,0.0,0.0,0.0,0.0,0.0,0.0,0.0,0.0,0.0,0.0,0.0,0.0,0.0,0.0,0.0,0.0,0.0,0.0,0.0,0.0,0.0,0.0,-0.07823541015386581,-0.1361449509859085,-0.06788071990013123,-0.03489912673830986,-0.5825470089912415,0.5292395353317261,-0.4816846549510956,0.4387319087982178,0.18139876425266266,-0.3639480471611023,0.3313499689102173,-0.33556854724884033,-0.07827997952699661,-0.0032044434919953346,-0.0032044434919953346,-0.07003998011350632,-0.07370220124721527,-0.04669332131743431,0.0476088747382164,0.024262215942144394,0.0068666646257042885,-0.04669332131743431,0.050355542451143265,0.0032044434919953346,0.0,0.0,0.0,0.0,0.0,0.0,-5.551115123125783e-17,0.0,0.0,0.0,0.0,0.0,0.0,0.0,0.0,0.0,0.0,0.0,0.0,0.0,0.0,0.0,0.0,0.0
20260708_190646_213706,2026-07-08T19:07:16.644,30.430712,pose,1245,stand,0.0,0.0,0.0,0.0,0.0,0.0,0.0,0.0,1.0,fake,0.0,0.0,-1.0,-0.0,0.0,0.0,0.0,5.327467441558838,10.417237281799316,12,can0:12,5.326090335845947,10.459303855895996,,"BL_hip_joint,BR_hip_joint,FL_hip_joint,FR_hip_joint,BL_thigh_joint,BR_thigh_joint,FL_thigh_joint,FR_thigh_joint,BL_calf_joint,BR_calf_joint,FL_calf_joint,FR_calf_joint",330e02f2406e129bb6ed6ec4a6c6bcd5f80d7e7799a2ab087e81eda65d2fae69,"step=001245 mode=stand  vx= 0.000 vy= 0.000 vxy= 0.000 yaw= 0.000 speed=1.00 imu=fake tilt_rp=[-0.0,+0.0]deg imu_corr=0.000 act_max= 0.000 tau_cmd= 5.327 tau_cmd_max= 10.417 cmds=12 bus=can0:12 tau_fb= 5.326 tau_fb_max= 10.459",,,,,,,,,,,,,,,,,,,,,,,,,,,,,,,,,,,,,,,,,,,,,,,,,0.0,0.0,0.0,0.0,0.0,0.0,0.0,0.0,0.0,0.0,0.0,0.0,0.0,0.0,0.0,0.0,0.0,0.0,0.0,0.0,0.0,0.0,0.0,0.0,-0.07823541015386581,-0.1361449509859085,-0.06788071990013123,-0.03489912673830986,-0.5825470089912415,0.5292395353317261,-0.4816846549510956,0.4387319087982178,0.18139876425266266,-0.3639480471611023,0.3313499689102173,-0.33556854724884033,-0.09063997119665146,-0.0714133158326149,0.013733329251408577,-0.04348887503147125,0.04577776417136192,0.02609332650899887,-0.0,-0.04669332131743431,-0.026551103219389915,-0.02288888208568096,0.02609332650899887,0.027924437075853348,0.0,0.0,0.0,0.0,0.0,0.0,-5.551115123125783e-17,0.0,0.0,0.0,0.0,0.0,0.0,0.0,0.0,0.0,0.0,0.0,0.0,0.0,0.0,0.0,0.0,0.0
20260708_190646_213706,2026-07-08T19:07:16.765,30.551881,pose,1250,stand,0.0,0.0,0.0,0.0,0.0,0.0,0.0,0.0,1.0,fake,0.0,0.0,-1.0,-0.0,0.0,0.0,0.0,5.319528102874756,10.481200218200684,12,can0:12,5.333719253540039,10.477614402770996,,"BL_hip_joint,BR_hip_joint,FL_hip_joint,FR_hip_joint,BL_thigh_joint,BR_thigh_joint,FL_thigh_joint,FR_thigh_joint,BL_calf_joint,BR_calf_joint,FL_calf_joint,FR_calf_joint",330e02f2406e129bb6ed6ec4a6c6bcd5f80d7e7799a2ab087e81eda65d2fae69,"step=001250 mode=stand  vx= 0.000 vy= 0.000 vxy= 0.000 yaw= 0.000 speed=1.00 imu=fake tilt_rp=[-0.0,+0.0]deg imu_corr=0.000 act_max= 0.000 tau_cmd= 5.320 tau_cmd_max= 10.481 cmds=12 bus=can0:12 tau_fb= 5.334 tau_fb_max= 10.478",,,,,,,,,,,,,,,,,,,,,,,,,,,,,,,,,,,,,,,,,,,,,,,,,0.0,0.0,0.0,0.0,0.0,0.0,0.0,0.0,0.0,0.0,0.0,0.0,0.0,0.0,0.0,0.0,0.0,0.0,0.0,0.0,0.0,0.0,0.0,0.0,-0.07823541015386581,-0.1361449509859085,-0.06788071990013123,-0.03489912673830986,-0.5825470089912415,0.5292395353317261,-0.4816846549510956,0.4387319087982178,0.1810152530670166,-0.3639480471611023,0.3313499689102173,-0.33556854724884033,-0.03341776877641678,0.013275551609694958,0.035248879343271255,-0.03707998991012573,-0.06088442727923393,-0.025635547935962677,0.018768884241580963,0.022431105375289917,-0.03891110047698021,0.013733329251408577,0.0009155552834272385,0.03662221133708954,0.0,0.0,0.0,0.0,0.0,0.0,-5.551115123125783e-17,0.0,0.0,0.0,0.0,0.0,0.0,0.0,0.0,0.0,0.0,0.0,0.0,0.0,0.0,0.0,0.0,0.0
20260708_190646_213706,2026-07-08T19:07:16.886,30.672944,pose,1255,stand,0.0,0.0,0.0,0.0,0.0,0.0,0.0,0.0,1.0,fake,0.0,0.0,-1.0,-0.0,0.0,0.0,0.0,5.320627212524414,10.461160659790039,12,can0:12,5.320597171783447,10.42268180847168,,"BL_hip_joint,BR_hip_joint,FL_hip_joint,FR_hip_joint,BL_thigh_joint,BR_thigh_joint,FL_thigh_joint,FR_thigh_joint,BL_calf_joint,BR_calf_joint,FL_calf_joint,FR_calf_joint",330e02f2406e129bb6ed6ec4a6c6bcd5f80d7e7799a2ab087e81eda65d2fae69,"step=001255 mode=stand  vx= 0.000 vy= 0.000 vxy= 0.000 yaw= 0.000 speed=1.00 imu=fake tilt_rp=[-0.0,+0.0]deg imu_corr=0.000 act_max= 0.000 tau_cmd= 5.321 tau_cmd_max= 10.461 cmds=12 bus=can0:12 tau_fb= 5.321 tau_fb_max= 10.423",,,,,,,,,,,,,,,,,,,,,,,,,,,,,,,,,,,,,,,,,,,,,,,,,0.0,0.0,0.0,0.0,0.0,0.0,0.0,0.0,0.0,0.0,0.0,0.0,0.0,0.0,0.0,0.0,0.0,0.0,0.0,0.0,0.0,0.0,0.0,0.0,-0.07823541015386581,-0.1361449509859085,-0.06788071990013123,-0.03489912673830986,-0.5825470089912415,0.5292395353317261,-0.4816846549510956,0.43911540508270264,0.1810152530670166,-0.3639480471611023,0.3313499689102173,-0.33556854724884033,0.035248879343271255,0.018768884241580963,0.03479110077023506,0.008239997550845146,-0.027466658502817154,-0.05081331729888916,-0.038453321903944016,0.040742211043834686,0.08011108636856079,-0.002288888208568096,-0.08377330750226974,-0.025635547935962677,0.0,0.0,0.0,0.0,0.0,0.0,-5.551115123125783e-17,0.0,0.0,0.0,0.0,0.0,0.0,0.0,0.0,0.0,0.0,0.0,0.0,0.0,0.0,0.0,0.0,0.0
20260708_190646_213706,2026-07-08T19:07:17.007,30.794207,pose,1260,stand,0.0,0.0,0.0,0.0,0.0,0.0,0.0,0.0,1.0,fake,0.0,0.0,-1.0,-0.0,0.0,0.0,0.0,5.323098182678223,10.472415924072266,12,can0:12,5.323954105377197,10.466628074645996,,"BL_hip_joint,BR_hip_joint,FL_hip_joint,FR_hip_joint,BL_thigh_joint,BR_thigh_joint,FL_thigh_joint,FR_thigh_joint,BL_calf_joint,BR_calf_joint,FL_calf_joint,FR_calf_joint",330e02f2406e129bb6ed6ec4a6c6bcd5f80d7e7799a2ab087e81eda65d2fae69,"step=001260 mode=stand  vx= 0.000 vy= 0.000 vxy= 0.000 yaw= 0.000 speed=1.00 imu=fake tilt_rp=[-0.0,+0.0]deg imu_corr=0.000 act_max= 0.000 tau_cmd= 5.323 tau_cmd_max= 10.472 cmds=12 bus=can0:12 tau_fb= 5.324 tau_fb_max= 10.467",,,,,,,,,,,,,,,,,,,,,,,,,,,,,,,,,,,,,,,,,,,,,,,,,0.0,0.0,0.0,0.0,0.0,0.0,0.0,0.0,0.0,0.0,0.0,0.0,0.0,0.0,0.0,0.0,0.0,0.0,0.0,0.0,0.0,0.0,0.0,0.0,-0.07823541015386581,-0.1361449509859085,-0.06788071990013123,-0.03489912673830986,-0.5825470089912415,0.5292395353317261,-0.4816846549510956,0.4387319087982178,0.1810152530670166,-0.3639480471611023,0.3313499689102173,-0.3359520435333252,-0.021973326802253723,0.016479995101690292,0.022431105375289917,-0.021057771518826485,-0.04623554274439812,-0.0013733329251408577,0.010986663401126862,-0.017853328958153725,-0.040742211043834686,0.028839992359280586,0.032044436782598495,-0.04989776387810707,0.0,0.0,0.0,0.0,0.0,0.0,-5.551115123125783e-17,0.0,0.0,0.0,0.0,0.0,0.0,0.0,0.0,0.0,0.0,0.0,0.0,0.0,0.0,0.0,0.0,0.0
20260708_190646_213706,2026-07-08T19:07:17.130,30.916388,pose,1265,stand,0.0,0.0,0.0,0.0,0.0,0.0,0.0,0.0,1.0,fake,0.0,0.0,-1.0,-0.0,0.0,0.0,0.0,5.317151069641113,10.439473152160645,12,can0:12,5.332804203033447,10.477614402770996,,"BL_hip_joint,BR_hip_joint,FL_hip_joint,FR_hip_joint,BL_thigh_joint,BR_thigh_joint,FL_thigh_joint,FR_thigh_joint,BL_calf_joint,BR_calf_joint,FL_calf_joint,FR_calf_joint",330e02f2406e129bb6ed6ec4a6c6bcd5f80d7e7799a2ab087e81eda65d2fae69,"step=001265 mode=stand  vx= 0.000 vy= 0.000 vxy= 0.000 yaw= 0.000 speed=1.00 imu=fake tilt_rp=[-0.0,+0.0]deg imu_corr=0.000 act_max= 0.000 tau_cmd= 5.317 tau_cmd_max= 10.439 cmds=12 bus=can0:12 tau_fb= 5.333 tau_fb_max= 10.478",,,,,,,,,,,,,,,,,,,,,,,,,,,,,,,,,,,,,,,,,,,,,,,,,0.0,0.0,0.0,0.0,0.0,0.0,0.0,0.0,0.0,0.0,0.0,0.0,0.0,0.0,0.0,0.0,0.0,0.0,0.0,0.0,0.0,0.0,0.0,0.0,-0.07823541015386581,-0.1361449509859085,-0.06788071990013123,-0.03489912673830986,-0.5825470089912415,0.5292395353317261,-0.48206818103790283,0.4387319087982178,0.1810152530670166,-0.3639480471611023,0.3313499689102173,-0.3359520435333252,0.05767998471856117,0.06591998040676117,-0.02151555009186268,-0.016479995101690292,0.008697775192558765,0.032959990203380585,0.013275551609694958,0.016022218391299248,-0.0196844395250082,0.001831110566854477,-0.050355542451143265,-0.03250221163034439,0.0,0.0,0.0,0.0,0.0,0.0,0.0,0.0,0.0,0.0,0.0,0.0,0.0,0.0,0.0,0.0,0.0,0.0,0.0,0.0,0.0,0.0,0.0,0.0
20260708_190646_213706,2026-07-08T19:07:17.251,31.037973,pose,1270,stand,0.0,0.0,0.0,0.0,0.0,0.0,0.0,0.0,1.0,fake,0.0,0.0,-1.0,-0.0,0.0,0.0,0.0,5.317834377288818,10.442218780517578,12,can0:12,5.329752445220947,10.459303855895996,,"BL_hip_joint,BR_hip_joint,FL_hip_joint,FR_hip_joint,BL_thigh_joint,BR_thigh_joint,FL_thigh_joint,FR_thigh_joint,BL_calf_joint,BR_calf_joint,FL_calf_joint,FR_calf_joint",330e02f2406e129bb6ed6ec4a6c6bcd5f80d7e7799a2ab087e81eda65d2fae69,"step=001270 mode=stand  vx= 0.000 vy= 0.000 vxy= 0.000 yaw= 0.000 speed=1.00 imu=fake tilt_rp=[-0.0,+0.0]deg imu_corr=0.000 act_max= 0.000 tau_cmd= 5.318 tau_cmd_max= 10.442 cmds=12 bus=can0:12 tau_fb= 5.330 tau_fb_max= 10.459",,,,,,,,,,,,,,,,,,,,,,,,,,,,,,,,,,,,,,,,,,,,,,,,,0.0,0.0,0.0,0.0,0.0,0.0,0.0,0.0,0.0,0.0,0.0,0.0,0.0,0.0,0.0,0.0,0.0,0.0,0.0,0.0,0.0,0.0,0.0,0.0,-0.07823541015386581,-0.13576143980026245,-0.06788071990013123,-0.03489912673830986,-0.5825470089912415,0.5292395353317261,-0.4816846549510956,0.4387319087982178,0.1810152530670166,-0.3639480471611023,0.3313499689102173,-0.33556854724884033,0.015106662176549435,0.06637775897979736,-0.004577776417136192,-0.03387554734945297,0.004119998775422573,-0.02151555009186268,-0.06500442326068878,-0.041657764464616776,-0.0068666646257042885,-0.018768884241580963,0.024262215942144394,0.040742211043834686,0.0,0.0,0.0,0.0,0.0,0.0,-5.551115123125783e-17,0.0,0.0,0.0,0.0,0.0,0.0,0.0,0.0,0.0,0.0,0.0,0.0,0.0,0.0,0.0,0.0,0.0
20260708_190646_213706,2026-07-08T19:07:17.373,31.159830,pose,1275,stand,0.0,0.0,0.0,0.0,0.0,0.0,0.0,0.0,1.0,fake,0.0,0.0,-1.0,-0.0,0.0,0.0,0.0,5.317013740539551,10.408178329467773,12,can0:12,5.320291996002197,10.419018745422363,,"BL_hip_joint,BR_hip_joint,FL_hip_joint,FR_hip_joint,BL_thigh_joint,BR_thigh_joint,FL_thigh_joint,FR_thigh_joint,BL_calf_joint,BR_calf_joint,FL_calf_joint,FR_calf_joint",330e02f2406e129bb6ed6ec4a6c6bcd5f80d7e7799a2ab087e81eda65d2fae69,"step=001275 mode=stand  vx= 0.000 vy= 0.000 vxy= 0.000 yaw= 0.000 speed=1.00 imu=fake tilt_rp=[-0.0,+0.0]deg imu_corr=0.000 act_max= 0.000 tau_cmd= 5.317 tau_cmd_max= 10.408 cmds=12 bus=can0:12 tau_fb= 5.320 tau_fb_max= 10.419",,,,,,,,,,,,,,,,,,,,,,,,,,,,,,,,,,,,,,,,,,,,,,,,,0.0,0.0,0.0,0.0,0.0,0.0,0.0,0.0,0.0,0.0,0.0,0.0,0.0,0.0,0.0,0.0,0.0,0.0,0.0,0.0,0.0,0.0,0.0,0.0,-0.07823541015386581,-0.1361449509859085,-0.06788071990013123,-0.03489912673830986,-0.5825470089912415,0.5292395353317261,-0.4816846549510956,0.43911540508270264,0.1810152530670166,-0.3639480471611023,0.3313499689102173,-0.3359520435333252,0.0119022186845541,0.003662221133708954,-0.020142216235399246,0.10391552746295929,0.06088442727923393,0.008697775192558765,-0.004577776417136192,-0.0013733329251408577,-0.044862210750579834,-0.008697775192558765,0.06500442326068878,-0.018768884241580963,0.0,0.0,0.0,0.0,0.0,0.0,-5.551115123125783e-17,0.0,0.0,0.0,0.0,0.0,0.0,0.0,0.0,0.0,0.0,0.0,0.0,0.0,0.0,0.0,0.0,0.0
20260708_190646_213706,2026-07-08T19:07:17.495,31.281768,pose,1280,stand,0.0,0.0,0.0,0.0,0.0,0.0,0.0,0.0,1.0,fake,0.0,0.0,-1.0,-0.0,0.0,0.0,0.0,5.32106351852417,10.419708251953125,12,can0:12,5.312051296234131,10.45197868347168,,"BL_hip_joint,BR_hip_joint,FL_hip_joint,FR_hip_joint,BL_thigh_joint,BR_thigh_joint,FL_thigh_joint,FR_thigh_joint,BL_calf_joint,BR_calf_joint,FL_calf_joint,FR_calf_joint",330e02f2406e129bb6ed6ec4a6c6bcd5f80d7e7799a2ab087e81eda65d2fae69,"step=001280 mode=stand  vx= 0.000 vy= 0.000 vxy= 0.000 yaw= 0.000 speed=1.00 imu=fake tilt_rp=[-0.0,+0.0]deg imu_corr=0.000 act_max= 0.000 tau_cmd= 5.321 tau_cmd_max= 10.420 cmds=12 bus=can0:12 tau_fb= 5.312 tau_fb_max= 10.452",,,,,,,,,,,,,,,,,,,,,,,,,,,,,,,,,,,,,,,,,,,,,,,,,0.0,0.0,0.0,0.0,0.0,0.0,0.0,0.0,0.0,0.0,0.0,0.0,0.0,0.0,0.0,0.0,0.0,0.0,0.0,0.0,0.0,0.0,0.0,0.0,-0.07823541015386581,-0.1361449509859085,-0.06788071990013123,-0.03489912673830986,-0.5825470089912415,0.5292395353317261,-0.48206818103790283,0.43911540508270264,0.1810152530670166,-0.3639480471611023,0.3313499689102173,-0.33556854724884033,0.05767998471856117,-0.06591998040676117,0.0119022186845541,0.004119998775422573,0.041657764464616776,-0.07415997982025146,-0.028382213786244392,0.013733329251408577,-0.013733329251408577,0.007324442267417908,0.04531998559832573,-0.037537768483161926,0.0,0.0,0.0,0.0,0.0,0.0,0.0,0.0,0.0,0.0,0.0,0.0,0.0,0.0,0.0,0.0,0.0,0.0,0.0,0.0,0.0,0.0,0.0,0.0
20260708_190646_213706,2026-07-08T19:07:17.618,31.405001,pose,1285,stand,0.0,0.0,0.0,0.0,0.0,0.0,0.0,0.0,1.0,fake,0.0,0.0,-1.0,-0.0,0.0,0.0,0.0,5.3276047706604,10.454846382141113,12,can0:12,5.329752445220947,10.42634391784668,,"BL_hip_joint,BR_hip_joint,FL_hip_joint,FR_hip_joint,BL_thigh_joint,BR_thigh_joint,FL_thigh_joint,FR_thigh_joint,BL_calf_joint,BR_calf_joint,FL_calf_joint,FR_calf_joint",330e02f2406e129bb6ed6ec4a6c6bcd5f80d7e7799a2ab087e81eda65d2fae69,"step=001285 mode=stand  vx= 0.000 vy= 0.000 vxy= 0.000 yaw= 0.000 speed=1.00 imu=fake tilt_rp=[-0.0,+0.0]deg imu_corr=0.000 act_max= 0.000 tau_cmd= 5.328 tau_cmd_max= 10.455 cmds=12 bus=can0:12 tau_fb= 5.330 tau_fb_max= 10.426",,,,,,,,,,,,,,,,,,,,,,,,,,,,,,,,,,,,,,,,,,,,,,,,,0.0,0.0,0.0,0.0,0.0,0.0,0.0,0.0,0.0,0.0,0.0,0.0,0.0,0.0,0.0,0.0,0.0,0.0,0.0,0.0,0.0,0.0,0.0,0.0,-0.07823541015386581,-0.1361449509859085,-0.06826423108577728,-0.03489912673830986,-0.5825470089912415,0.5292395353317261,-0.4816846549510956,0.4387319087982178,0.1810152530670166,-0.3639480471611023,0.3313499689102173,-0.33556854724884033,-0.07599108666181564,-0.025635547935962677,-0.009155552834272385,0.029755547642707825,-0.016937773674726486,-0.08011108636856079,0.013275551609694958,-0.0032044434919953346,0.043946653604507446,-0.05493331700563431,0.053559985011816025,0.031128879636526108,0.0,0.0,0.0,0.0,0.0,0.0,-5.551115123125783e-17,0.0,0.0,0.0,0.0,0.0,0.0,0.0,0.0,0.0,0.0,0.0,0.0,0.0,0.0,0.0,0.0,0.0
20260708_190646_213706,2026-07-08T19:07:17.740,31.526390,pose,1290,stand,0.0,0.0,0.0,0.0,0.0,0.0,0.0,0.0,1.0,fake,0.0,0.0,-1.0,-0.0,0.0,0.0,0.0,5.31907320022583,10.43974781036377,12,can0:12,5.338602542877197,10.462965965270996,,"BL_hip_joint,BR_hip_joint,FL_hip_joint,FR_hip_joint,BL_thigh_joint,BR_thigh_joint,FL_thigh_joint,FR_thigh_joint,BL_calf_joint,BR_calf_joint,FL_calf_joint,FR_calf_joint",330e02f2406e129bb6ed6ec4a6c6bcd5f80d7e7799a2ab087e81eda65d2fae69,"step=001290 mode=stand  vx= 0.000 vy= 0.000 vxy= 0.000 yaw= 0.000 speed=1.00 imu=fake tilt_rp=[-0.0,+0.0]deg imu_corr=0.000 act_max= 0.000 tau_cmd= 5.319 tau_cmd_max= 10.440 cmds=12 bus=can0:12 tau_fb= 5.339 tau_fb_max= 10.463",,,,,,,,,,,,,,,,,,,,,,,,,,,,,,,,,,,,,,,,,,,,,,,,,0.0,0.0,0.0,0.0,0.0,0.0,0.0,0.0,0.0,0.0,0.0,0.0,0.0,0.0,0.0,0.0,0.0,0.0,0.0,0.0,0.0,0.0,0.0,0.0,-0.07823541015386581,-0.1361449509859085,-0.06826423108577728,-0.03489912673830986,-0.5825470089912415,0.5292395353317261,-0.4816846549510956,0.4387319087982178,0.1810152530670166,-0.3639480471611023,0.3313499689102173,-0.3359520435333252,0.04898220673203468,-0.016022218391299248,-0.0869777500629425,0.013733329251408577,0.008239997550845146,0.021057771518826485,-0.03021332435309887,-0.08377330750226974,-0.03799554333090782,0.04531998559832573,-0.0009155552834272385,-0.025177771225571632,0.0,0.0,0.0,0.0,0.0,0.0,-5.551115123125783e-17,0.0,0.0,0.0,0.0,0.0,0.0,0.0,0.0,0.0,0.0,0.0,0.0,0.0,0.0,0.0,0.0,0.0
20260708_190646_213706,2026-07-08T19:07:17.861,31.647664,pose,1295,stand,0.0,0.0,0.0,0.0,0.0,0.0,0.0,0.0,1.0,fake,0.0,0.0,-1.0,-0.0,0.0,0.0,0.0,5.311773777008057,10.419708251953125,12,can0:12,5.316628932952881,10.44099235534668,,"BL_hip_joint,BR_hip_joint,FL_hip_joint,FR_hip_joint,BL_thigh_joint,BR_thigh_joint,FL_thigh_joint,FR_thigh_joint,BL_calf_joint,BR_calf_joint,FL_calf_joint,FR_calf_joint",330e02f2406e129bb6ed6ec4a6c6bcd5f80d7e7799a2ab087e81eda65d2fae69,"step=001295 mode=stand  vx= 0.000 vy= 0.000 vxy= 0.000 yaw= 0.000 speed=1.00 imu=fake tilt_rp=[-0.0,+0.0]deg imu_corr=0.000 act_max= 0.000 tau_cmd= 5.312 tau_cmd_max= 10.420 cmds=12 bus=can0:12 tau_fb= 5.317 tau_fb_max= 10.441",,,,,,,,,,,,,,,,,,,,,,,,,,,,,,,,,,,,,,,,,,,,,,,,,0.0,0.0,0.0,0.0,0.0,0.0,0.0,0.0,0.0,0.0,0.0,0.0,0.0,0.0,0.0,0.0,0.0,0.0,0.0,0.0,0.0,0.0,0.0,0.0,-0.07823541015386581,-0.1361449509859085,-0.06788071990013123,-0.03489912673830986,-0.5825470089912415,0.5292395353317261,-0.4816846549510956,0.4387319087982178,0.1810152530670166,-0.3639480471611023,0.3313499689102173,-0.33556854724884033,-0.06088442727923393,0.025635547935962677,0.03891110047698021,0.009613330475986004,0.041657764464616776,-0.06271553784608841,0.04303110018372536,-0.006408886983990669,0.0068666646257042885,-0.028382213786244392,-0.01831110566854477,0.03250221163034439,0.0,0.0,0.0,0.0,0.0,0.0,-5.551115123125783e-17,0.0,0.0,0.0,0.0,0.0,0.0,0.0,0.0,0.0,0.0,0.0,0.0,0.0,0.0,0.0,0.0,0.0
20260708_190646_213706,2026-07-08T19:07:17.984,31.770250,pose,1300,stand,0.0,0.0,0.0,0.0,0.0,0.0,0.0,0.0,1.0,fake,0.0,0.0,-1.0,-0.0,0.0,0.0,0.0,5.317127227783203,10.443316459655762,12,can0:12,5.318155288696289,10.44465446472168,,"BL_hip_joint,BR_hip_joint,FL_hip_joint,FR_hip_joint,BL_thigh_joint,BR_thigh_joint,FL_thigh_joint,FR_thigh_joint,BL_calf_joint,BR_calf_joint,FL_calf_joint,FR_calf_joint",330e02f2406e129bb6ed6ec4a6c6bcd5f80d7e7799a2ab087e81eda65d2fae69,"step=001300 mode=stand  vx= 0.000 vy= 0.000 vxy= 0.000 yaw= 0.000 speed=1.00 imu=fake tilt_rp=[-0.0,+0.0]deg imu_corr=0.000 act_max= 0.000 tau_cmd= 5.317 tau_cmd_max= 10.443 cmds=12 bus=can0:12 tau_fb= 5.318 tau_fb_max= 10.445",,,,,,,,,,,,,,,,,,,,,,,,,,,,,,,,,,,,,,,,,,,,,,,,,0.0,0.0,0.0,0.0,0.0,0.0,0.0,0.0,0.0,0.0,0.0,0.0,0.0,0.0,0.0,0.0,0.0,0.0,0.0,0.0,0.0,0.0,0.0,0.0,-0.07823541015386581,-0.1361449509859085,-0.06788071990013123,-0.03489912673830986,-0.5825470089912415,0.5292395353317261,-0.4816846549510956,0.43911540508270264,0.1810152530670166,-0.3639480471611023,0.3313499689102173,-0.33556854724884033,0.04623554274439812,-0.0315866582095623,-0.028382213786244392,0.022431105375289917,0.002288888208568096,-0.05630664899945259,0.018768884241580963,0.008697775192558765,0.007324442267417908,0.05172887444496155,0.05493331700563431,0.020142216235399246,0.0,0.0,0.0,0.0,0.0,0.0,-5.551115123125783e-17,0.0,0.0,0.0,0.0,0.0,0.0,0.0,0.0,0.0,0.0,0.0,0.0,0.0,0.0,0.0,0.0,0.0
20260708_190646_213706,2026-07-08T19:07:18.105,31.891798,pose,1305,stand,0.0,0.0,0.0,0.0,0.0,0.0,0.0,0.0,1.0,fake,0.0,0.0,-1.0,-0.0,0.0,0.0,0.0,5.319803237915039,10.409550666809082,12,can0:12,5.334940433502197,10.499588012695312,,"BL_hip_joint,BR_hip_joint,FL_hip_joint,FR_hip_joint,BL_thigh_joint,BR_thigh_joint,FL_thigh_joint,FR_thigh_joint,BL_calf_joint,BR_calf_joint,FL_calf_joint,FR_calf_joint",330e02f2406e129bb6ed6ec4a6c6bcd5f80d7e7799a2ab087e81eda65d2fae69,"step=001305 mode=stand  vx= 0.000 vy= 0.000 vxy= 0.000 yaw= 0.000 speed=1.00 imu=fake tilt_rp=[-0.0,+0.0]deg imu_corr=0.000 act_max= 0.000 tau_cmd= 5.320 tau_cmd_max= 10.410 cmds=12 bus=can0:12 tau_fb= 5.335 tau_fb_max= 10.500",,,,,,,,,,,,,,,,,,,,,,,,,,,,,,,,,,,,,,,,,,,,,,,,,0.0,0.0,0.0,0.0,0.0,0.0,0.0,0.0,0.0,0.0,0.0,0.0,0.0,0.0,0.0,0.0,0.0,0.0,0.0,0.0,0.0,0.0,0.0,0.0,-0.07823541015386581,-0.1361449509859085,-0.06788071990013123,-0.03489912673830986,-0.5825470089912415,0.5292395353317261,-0.4816846549510956,0.4387319087982178,0.1810152530670166,-0.3639480471611023,0.3313499689102173,-0.33556854724884033,-0.035248879343271255,0.013733329251408577,-0.013275551609694958,0.0393688790500164,0.05859553813934326,0.015106662176549435,-0.02288888208568096,-0.04852443188428879,0.03479110077023506,0.04440443217754364,0.041657764464616776,-0.0196844395250082,0.0,0.0,0.0,0.0,0.0,0.0,-5.551115123125783e-17,0.0,0.0,0.0,0.0,0.0,0.0,0.0,0.0,0.0,0.0,0.0,0.0,0.0,0.0,0.0,0.0,0.0
20260708_190646_213706,2026-07-08T19:07:18.227,32.013508,pose,1310,stand,0.0,0.0,0.0,0.0,0.0,0.0,0.0,0.0,1.0,fake,0.0,0.0,-1.0,-0.0,0.0,0.0,0.0,5.315273761749268,10.435080528259277,12,can0:12,5.326090335845947,10.44831657409668,,"BL_hip_joint,BR_hip_joint,FL_hip_joint,FR_hip_joint,BL_thigh_joint,BR_thigh_joint,FL_thigh_joint,FR_thigh_joint,BL_calf_joint,BR_calf_joint,FL_calf_joint,FR_calf_joint",330e02f2406e129bb6ed6ec4a6c6bcd5f80d7e7799a2ab087e81eda65d2fae69,"step=001310 mode=stand  vx= 0.000 vy= 0.000 vxy= 0.000 yaw= 0.000 speed=1.00 imu=fake tilt_rp=[-0.0,+0.0]deg imu_corr=0.000 act_max= 0.000 tau_cmd= 5.315 tau_cmd_max= 10.435 cmds=12 bus=can0:12 tau_fb= 5.326 tau_fb_max= 10.448",,,,,,,,,,,,,,,,,,,,,,,,,,,,,,,,,,,,,,,,,,,,,,,,,0.0,0.0,0.0,0.0,0.0,0.0,0.0,0.0,0.0,0.0,0.0,0.0,0.0,0.0,0.0,0.0,0.0,0.0,0.0,0.0,0.0,0.0,0.0,0.0,-0.07823541015386581,-0.1361449509859085,-0.06788071990013123,-0.03489912673830986,-0.5825470089912415,0.5292395353317261,-0.4816846549510956,0.4387319087982178,0.1810152530670166,-0.3639480471611023,0.3313499689102173,-0.33556854724884033,0.02471999265253544,0.028839992359280586,0.016022218391299248,-0.05859553813934326,0.016022218391299248,-0.0315866582095623,0.03891110047698021,0.04577776417136192,-0.0398266538977623,0.03891110047698021,0.025177771225571632,0.007324442267417908,0.0,0.0,0.0,0.0,0.0,0.0,-5.551115123125783e-17,0.0,0.0,0.0,0.0,0.0,0.0,0.0,0.0,0.0,0.0,0.0,0.0,0.0,0.0,0.0,0.0,0.0
20260708_190646_213706,2026-07-08T19:07:18.349,32.135333,pose,1315,stand,0.0,0.0,0.0,0.0,0.0,0.0,0.0,0.0,1.0,fake,0.0,0.0,-1.0,-0.0,0.0,0.0,0.0,5.324792385101318,10.454571723937988,12,can0:12,5.320596694946289,10.470290184020996,,"BL_hip_joint,BR_hip_joint,FL_hip_joint,FR_hip_joint,BL_thigh_joint,BR_thigh_joint,FL_thigh_joint,FR_thigh_joint,BL_calf_joint,BR_calf_joint,FL_calf_joint,FR_calf_joint",330e02f2406e129bb6ed6ec4a6c6bcd5f80d7e7799a2ab087e81eda65d2fae69,"step=001315 mode=stand  vx= 0.000 vy= 0.000 vxy= 0.000 yaw= 0.000 speed=1.00 imu=fake tilt_rp=[-0.0,+0.0]deg imu_corr=0.000 act_max= 0.000 tau_cmd= 5.325 tau_cmd_max= 10.455 cmds=12 bus=can0:12 tau_fb= 5.321 tau_fb_max= 10.470",,,,,,,,,,,,,,,,,,,,,,,,,,,,,,,,,,,,,,,,,,,,,,,,,0.0,0.0,0.0,0.0,0.0,0.0,0.0,0.0,0.0,0.0,0.0,0.0,0.0,0.0,0.0,0.0,0.0,0.0,0.0,0.0,0.0,0.0,0.0,0.0,-0.07823541015386581,-0.1361449509859085,-0.06788071990013123,-0.03489912673830986,-0.5825470089912415,0.5292395353317261,-0.48206818103790283,0.4387319087982178,0.1810152530670166,-0.3639480471611023,0.3313499689102173,-0.3359520435333252,0.04852443188428879,-0.005493331700563431,0.016022218391299248,0.02929776906967163,-0.016479995101690292,0.0013733329251408577,-0.07599108666181564,-0.01235999632626772,-0.048066653311252594,-0.002288888208568096,0.06912442296743393,-0.038453321903944016,0.0,0.0,0.0,0.0,0.0,0.0,0.0,0.0,0.0,0.0,0.0,0.0,0.0,0.0,0.0,0.0,0.0,0.0,0.0,0.0,0.0,0.0,0.0,0.0
20260708_190646_213706,2026-07-08T19:07:18.471,32.257666,pose,1320,stand,0.0,0.0,0.0,0.0,0.0,0.0,0.0,0.0,1.0,fake,0.0,0.0,-1.0,-0.0,0.0,0.0,0.0,5.3275580406188965,10.46555233001709,12,can0:12,5.330973148345947,10.495925903320312,,"BL_hip_joint,BR_hip_joint,FL_hip_joint,FR_hip_joint,BL_thigh_joint,BR_thigh_joint,FL_thigh_joint,FR_thigh_joint,BL_calf_joint,BR_calf_joint,FL_calf_joint,FR_calf_joint",330e02f2406e129bb6ed6ec4a6c6bcd5f80d7e7799a2ab087e81eda65d2fae69,"step=001320 mode=stand  vx= 0.000 vy= 0.000 vxy= 0.000 yaw= 0.000 speed=1.00 imu=fake tilt_rp=[-0.0,+0.0]deg imu_corr=0.000 act_max= 0.000 tau_cmd= 5.328 tau_cmd_max= 10.466 cmds=12 bus=can0:12 tau_fb= 5.331 tau_fb_max= 10.496",,,,,,,,,,,,,,,,,,,,,,,,,,,,,,,,,,,,,,,,,,,,,,,,,0.0,0.0,0.0,0.0,0.0,0.0,0.0,0.0,0.0,0.0,0.0,0.0,0.0,0.0,0.0,0.0,0.0,0.0,0.0,0.0,0.0,0.0,0.0,0.0,-0.07823541015386581,-0.1361449509859085,-0.06788071990013123,-0.03489912673830986,-0.5825470089912415,0.5292395353317261,-0.4816846549510956,0.4387319087982178,0.1810152530670166,-0.3639480471611023,0.3313499689102173,-0.33556854724884033,0.028382213786244392,-0.062257759273052216,0.04852443188428879,-0.07278664410114288,-0.03479110077023506,0.054475538432598114,0.021973326802253723,-0.008239997550845146,0.04577776417136192,0.024262215942144394,-0.013275551609694958,-0.007782219909131527,0.0,0.0,0.0,0.0,0.0,0.0,-5.551115123125783e-17,0.0,0.0,0.0,0.0,0.0,0.0,0.0,0.0,0.0,0.0,0.0,0.0,0.0,0.0,0.0,0.0,0.0
20260708_190646_213706,2026-07-08T19:07:18.593,32.379606,pose,1325,stand,0.0,0.0,0.0,0.0,0.0,0.0,0.0,0.0,1.0,fake,0.0,0.0,-1.0,-0.0,0.0,0.0,0.0,5.303308486938477,10.415315628051758,12,can0:12,5.330362796783447,10.484939575195312,,"BL_hip_joint,BR_hip_joint,FL_hip_joint,FR_hip_joint,BL_thigh_joint,BR_thigh_joint,FL_thigh_joint,FR_thigh_joint,BL_calf_joint,BR_calf_joint,FL_calf_joint,FR_calf_joint",330e02f2406e129bb6ed6ec4a6c6bcd5f80d7e7799a2ab087e81eda65d2fae69,"step=001325 mode=stand  vx= 0.000 vy= 0.000 vxy= 0.000 yaw= 0.000 speed=1.00 imu=fake tilt_rp=[-0.0,+0.0]deg imu_corr=0.000 act_max= 0.000 tau_cmd= 5.303 tau_cmd_max= 10.415 cmds=12 bus=can0:12 tau_fb= 5.330 tau_fb_max= 10.485",,,,,,,,,,,,,,,,,,,,,,,,,,,,,,,,,,,,,,,,,,,,,,,,,0.0,0.0,0.0,0.0,0.0,0.0,0.0,0.0,0.0,0.0,0.0,0.0,0.0,0.0,0.0,0.0,0.0,0.0,0.0,0.0,0.0,0.0,0.0,0.0,-0.07823541015386581,-0.1361449509859085,-0.06788071990013123,-0.03489912673830986,-0.5825470089912415,0.5292395353317261,-0.4816846549510956,0.4387319087982178,0.1810152530670166,-0.3639480471611023,0.3313499689102173,-0.33556854724884033,-0.05310220643877983,0.059053316712379456,-0.031128879636526108,0.03891110047698021,0.04898220673203468,0.018768884241580963,0.02288888208568096,-0.047151096165180206,-0.110782191157341,0.0636310949921608,0.004119998775422573,0.06775109469890594,0.0,0.0,0.0,0.0,0.0,0.0,-5.551115123125783e-17,0.0,0.0,0.0,0.0,0.0,0.0,0.0,0.0,0.0,0.0,0.0,0.0,0.0,0.0,0.0,0.0,0.0
20260708_190646_213706,2026-07-08T19:07:18.716,32.502350,pose,1330,stand,0.0,0.0,0.0,0.0,0.0,0.0,0.0,0.0,1.0,fake,0.0,0.0,-1.0,-0.0,0.0,0.0,0.0,5.315915584564209,10.417786598205566,12,can0:12,5.316019058227539,10.42268180847168,,"BL_hip_joint,BR_hip_joint,FL_hip_joint,FR_hip_joint,BL_thigh_joint,BR_thigh_joint,FL_thigh_joint,FR_thigh_joint,BL_calf_joint,BR_calf_joint,FL_calf_joint,FR_calf_joint",330e02f2406e129bb6ed6ec4a6c6bcd5f80d7e7799a2ab087e81eda65d2fae69,"step=001330 mode=stand  vx= 0.000 vy= 0.000 vxy= 0.000 yaw= 0.000 speed=1.00 imu=fake tilt_rp=[-0.0,+0.0]deg imu_corr=0.000 act_max= 0.000 tau_cmd= 5.316 tau_cmd_max= 10.418 cmds=12 bus=can0:12 tau_fb= 5.316 tau_fb_max= 10.423",,,,,,,,,,,,,,,,,,,,,,,,,,,,,,,,,,,,,,,,,,,,,,,,,0.0,0.0,0.0,0.0,0.0,0.0,0.0,0.0,0.0,0.0,0.0,0.0,0.0,0.0,0.0,0.0,0.0,0.0,0.0,0.0,0.0,0.0,0.0,0.0,-0.07823541015386581,-0.1361449509859085,-0.06788071990013123,-0.03489912673830986,-0.5825470089912415,0.5292395353317261,-0.4816846549510956,0.43911540508270264,0.1810152530670166,-0.3639480471611023,0.3313499689102173,-0.33556854724884033,0.022431105375289917,-0.059968870133161545,0.05859553813934326,0.0009155552834272385,0.044862210750579834,0.028839992359280586,0.010528885759413242,0.044862210750579834,0.04440443217754364,0.05310220643877983,-0.032044436782598495,0.06683553755283356,0.0,0.0,0.0,0.0,0.0,0.0,-5.551115123125783e-17,0.0,0.0,0.0,0.0,0.0,0.0,0.0,0.0,0.0,0.0,0.0,0.0,0.0,0.0,0.0,0.0,0.0
20260708_190646_213706,2026-07-08T19:07:18.838,32.624781,pose,1335,stand,0.0,0.0,0.0,0.0,0.0,0.0,0.0,0.0,1.0,fake,0.0,0.0,-1.0,-0.0,0.0,0.0,0.0,5.319736480712891,10.458964347839355,12,can0:12,5.315713405609131,10.455641746520996,,"BL_hip_joint,BR_hip_joint,FL_hip_joint,FR_hip_joint,BL_thigh_joint,BR_thigh_joint,FL_thigh_joint,FR_thigh_joint,BL_calf_joint,BR_calf_joint,FL_calf_joint,FR_calf_joint",330e02f2406e129bb6ed6ec4a6c6bcd5f80d7e7799a2ab087e81eda65d2fae69,"step=001335 mode=stand  vx= 0.000 vy= 0.000 vxy= 0.000 yaw= 0.000 speed=1.00 imu=fake tilt_rp=[-0.0,+0.0]deg imu_corr=0.000 act_max= 0.000 tau_cmd= 5.320 tau_cmd_max= 10.459 cmds=12 bus=can0:12 tau_fb= 5.316 tau_fb_max= 10.456",,,,,,,,,,,,,,,,,,,,,,,,,,,,,,,,,,,,,,,,,,,,,,,,,0.0,0.0,0.0,0.0,0.0,0.0,0.0,0.0,0.0,0.0,0.0,0.0,0.0,0.0,0.0,0.0,0.0,0.0,0.0,0.0,0.0,0.0,0.0,0.0,-0.07823541015386581,-0.1361449509859085,-0.06826423108577728,-0.03489912673830986,-0.5825470089912415,0.5292395353317261,-0.48206818103790283,0.4387319087982178,0.1810152530670166,-0.3639480471611023,0.3313499689102173,-0.33556854724884033,-0.0315866582095623,0.01235999632626772,0.02288888208568096,-0.05630664899945259,-0.0238044373691082,0.0119022186845541,-0.020142216235399246,-0.026551103219389915,-0.015564439818263054,0.06271553784608841,-0.021057771518826485,0.028839992359280586,0.0,0.0,0.0,0.0,0.0,0.0,0.0,0.0,0.0,0.0,0.0,0.0,0.0,0.0,0.0,0.0,0.0,0.0,0.0,0.0,0.0,0.0,0.0,0.0
20260708_190646_213706,2026-07-08T19:07:18.959,32.746056,pose,1340,stand,0.0,0.0,0.0,0.0,0.0,0.0,0.0,0.0,1.0,fake,0.0,0.0,-1.0,-0.0,0.0,0.0,0.0,5.307770252227783,10.4254732131958,12,can0:12,5.337076663970947,10.462965965270996,,"BL_hip_joint,BR_hip_joint,FL_hip_joint,FR_hip_joint,BL_thigh_joint,BR_thigh_joint,FL_thigh_joint,FR_thigh_joint,BL_calf_joint,BR_calf_joint,FL_calf_joint,FR_calf_joint",330e02f2406e129bb6ed6ec4a6c6bcd5f80d7e7799a2ab087e81eda65d2fae69,"step=001340 mode=stand  vx= 0.000 vy= 0.000 vxy= 0.000 yaw= 0.000 speed=1.00 imu=fake tilt_rp=[-0.0,+0.0]deg imu_corr=0.000 act_max= 0.000 tau_cmd= 5.308 tau_cmd_max= 10.425 cmds=12 bus=can0:12 tau_fb= 5.337 tau_fb_max= 10.463",,,,,,,,,,,,,,,,,,,,,,,,,,,,,,,,,,,,,,,,,,,,,,,,,0.0,0.0,0.0,0.0,0.0,0.0,0.0,0.0,0.0,0.0,0.0,0.0,0.0,0.0,0.0,0.0,0.0,0.0,0.0,0.0,0.0,0.0,0.0,0.0,-0.07823541015386581,-0.1361449509859085,-0.06788071990013123,-0.03489912673830986,-0.5825470089912415,0.5292395353317261,-0.4816846549510956,0.4387319087982178,0.18139876425266266,-0.3639480471611023,0.3313499689102173,-0.33556854724884033,0.09750663489103317,0.04943998530507088,0.048066653311252594,0.01144444104284048,0.032044436782598495,-0.04577776417136192,0.02929776906967163,-0.04440443217754364,0.10254219174385071,0.043946653604507446,0.00045777764171361923,-0.02471999265253544,0.0,0.0,0.0,0.0,0.0,0.0,-5.551115123125783e-17,0.0,0.0,0.0,0.0,0.0,0.0,0.0,0.0,0.0,0.0,0.0,0.0,0.0,0.0,0.0,0.0,0.0
20260708_190646_213706,2026-07-08T19:07:19.081,32.867467,pose,1345,stand,0.0,0.0,0.0,0.0,0.0,0.0,0.0,0.0,1.0,fake,0.0,0.0,-1.0,-0.0,0.0,0.0,0.0,5.330306529998779,10.455944061279297,12,can0:12,5.312051773071289,10.43733024597168,,"BL_hip_joint,BR_hip_joint,FL_hip_joint,FR_hip_joint,BL_thigh_joint,BR_thigh_joint,FL_thigh_joint,FR_thigh_joint,BL_calf_joint,BR_calf_joint,FL_calf_joint,FR_calf_joint",330e02f2406e129bb6ed6ec4a6c6bcd5f80d7e7799a2ab087e81eda65d2fae69,"step=001345 mode=stand  vx= 0.000 vy= 0.000 vxy= 0.000 yaw= 0.000 speed=1.00 imu=fake tilt_rp=[-0.0,+0.0]deg imu_corr=0.000 act_max= 0.000 tau_cmd= 5.330 tau_cmd_max= 10.456 cmds=12 bus=can0:12 tau_fb= 5.312 tau_fb_max= 10.437",,,,,,,,,,,,,,,,,,,,,,,,,,,,,,,,,,,,,,,,,,,,,,,,,0.0,0.0,0.0,0.0,0.0,0.0,0.0,0.0,0.0,0.0,0.0,0.0,0.0,0.0,0.0,0.0,0.0,0.0,0.0,0.0,0.0,0.0,0.0,0.0,-0.07823541015386581,-0.1361449509859085,-0.06788071990013123,-0.03489912673830986,-0.5825470089912415,0.5292395353317261,-0.48206818103790283,0.4387319087982178,0.1810152530670166,-0.3639480471611023,0.33173346519470215,-0.3359520435333252,-0.051271095871925354,-0.0238044373691082,-0.010071108117699623,-0.001831110566854477,-0.018768884241580963,-0.0013733329251408577,-0.03250221163034439,0.01144444104284048,0.007782219909131527,0.019226660951972008,-0.00595110934227705,-0.02288888208568096,0.0,0.0,0.0,0.0,0.0,0.0,0.0,0.0,0.0,0.0,0.0,0.0,0.0,0.0,0.0,0.0,0.0,0.0,0.0,0.0,0.0,0.0,0.0,0.0
20260708_190646_213706,2026-07-08T19:07:19.203,32.989525,pose,1350,stand,0.0,0.0,0.0,0.0,0.0,0.0,0.0,0.0,1.0,fake,0.0,0.0,-1.0,-0.0,0.0,0.0,0.0,5.319321632385254,10.446062088012695,12,can0:12,5.343790531158447,10.466628074645996,,"BL_hip_joint,BR_hip_joint,FL_hip_joint,FR_hip_joint,BL_thigh_joint,BR_thigh_joint,FL_thigh_joint,FR_thigh_joint,BL_calf_joint,BR_calf_joint,FL_calf_joint,FR_calf_joint",330e02f2406e129bb6ed6ec4a6c6bcd5f80d7e7799a2ab087e81eda65d2fae69,"step=001350 mode=stand  vx= 0.000 vy= 0.000 vxy= 0.000 yaw= 0.000 speed=1.00 imu=fake tilt_rp=[-0.0,+0.0]deg imu_corr=0.000 act_max= 0.000 tau_cmd= 5.319 tau_cmd_max= 10.446 cmds=12 bus=can0:12 tau_fb= 5.344 tau_fb_max= 10.467",,,,,,,,,,,,,,,,,,,,,,,,,,,,,,,,,,,,,,,,,,,,,,,,,0.0,0.0,0.0,0.0,0.0,0.0,0.0,0.0,0.0,0.0,0.0,0.0,0.0,0.0,0.0,0.0,0.0,0.0,0.0,0.0,0.0,0.0,0.0,0.0,-0.07785189896821976,-0.1361449509859085,-0.06788071990013123,-0.03489912673830986,-0.5825470089912415,0.5292395353317261,-0.4816846549510956,0.4387319087982178,0.1810152530670166,-0.3639480471611023,0.3313499689102173,-0.33556854724884033,0.010071108117699623,0.032044436782598495,-0.023346660658717155,-0.004577776417136192,-0.002288888208568096,-0.04669332131743431,0.016937773674726486,0.013733329251408577,0.02700888179242611,0.023346660658717155,0.02151555009186268,-0.016479995101690292,0.0,0.0,0.0,0.0,0.0,0.0,-5.551115123125783e-17,0.0,0.0,0.0,0.0,0.0,0.0,0.0,0.0,0.0,0.0,0.0,0.0,0.0,0.0,0.0,0.0,0.0
20260708_190646_213706,2026-07-08T19:07:19.324,33.110920,pose,1355,stand,0.0,0.0,0.0,0.0,0.0,0.0,0.0,0.0,1.0,fake,0.0,0.0,-1.0,-0.0,0.0,0.0,0.0,5.313604354858398,10.457592010498047,12,can0:12,5.336466312408447,10.42268180847168,,"BL_hip_joint,BR_hip_joint,FL_hip_joint,FR_hip_joint,BL_thigh_joint,BR_thigh_joint,FL_thigh_joint,FR_thigh_joint,BL_calf_joint,BR_calf_joint,FL_calf_joint,FR_calf_joint",330e02f2406e129bb6ed6ec4a6c6bcd5f80d7e7799a2ab087e81eda65d2fae69,"step=001355 mode=stand  vx= 0.000 vy= 0.000 vxy= 0.000 yaw= 0.000 speed=1.00 imu=fake tilt_rp=[-0.0,+0.0]deg imu_corr=0.000 act_max= 0.000 tau_cmd= 5.314 tau_cmd_max= 10.458 cmds=12 bus=can0:12 tau_fb= 5.336 tau_fb_max= 10.423",,,,,,,,,,,,,,,,,,,,,,,,,,,,,,,,,,,,,,,,,,,,,,,,,0.0,0.0,0.0,0.0,0.0,0.0,0.0,0.0,0.0,0.0,0.0,0.0,0.0,0.0,0.0,0.0,0.0,0.0,0.0,0.0,0.0,0.0,0.0,0.0,-0.07823541015386581,-0.1361449509859085,-0.06788071990013123,-0.03489912673830986,-0.5825470089912415,0.5292395353317261,-0.4816846549510956,0.4387319087982178,0.1810152530670166,-0.3639480471611023,0.3313499689102173,-0.3359520435333252,0.016022218391299248,0.028839992359280586,0.013733329251408577,0.03021332435309887,-0.02151555009186268,-0.06820886582136154,-0.05859553813934326,0.010528885759413242,-0.06958220154047012,0.007782219909131527,-0.02288888208568096,-0.009155552834272385,0.0,0.0,0.0,0.0,0.0,0.0,-5.551115123125783e-17,0.0,0.0,0.0,0.0,0.0,0.0,0.0,0.0,0.0,0.0,0.0,0.0,0.0,0.0,0.0,0.0,0.0
20260708_190646_213706,2026-07-08T19:07:19.446,33.232882,pose,1360,stand,0.0,0.0,0.0,0.0,0.0,0.0,0.0,0.0,1.0,fake,0.0,0.0,-1.0,-0.0,0.0,0.0,0.0,5.325705051422119,10.471317291259766,12,can0:12,5.322733402252197,10.44465446472168,,"BL_hip_joint,BR_hip_joint,FL_hip_joint,FR_hip_joint,BL_thigh_joint,BR_thigh_joint,FL_thigh_joint,FR_thigh_joint,BL_calf_joint,BR_calf_joint,FL_calf_joint,FR_calf_joint",330e02f2406e129bb6ed6ec4a6c6bcd5f80d7e7799a2ab087e81eda65d2fae69,"step=001360 mode=stand  vx= 0.000 vy= 0.000 vxy= 0.000 yaw= 0.000 speed=1.00 imu=fake tilt_rp=[-0.0,+0.0]deg imu_corr=0.000 act_max= 0.000 tau_cmd= 5.326 tau_cmd_max= 10.471 cmds=12 bus=can0:12 tau_fb= 5.323 tau_fb_max= 10.445",,,,,,,,,,,,,,,,,,,,,,,,,,,,,,,,,,,,,,,,,,,,,,,,,0.0,0.0,0.0,0.0,0.0,0.0,0.0,0.0,0.0,0.0,0.0,0.0,0.0,0.0,0.0,0.0,0.0,0.0,0.0,0.0,0.0,0.0,0.0,0.0,-0.07823541015386581,-0.1361449509859085,-0.06788071990013123,-0.03489912673830986,-0.5825470089912415,0.5292395353317261,-0.4816846549510956,0.4387319087982178,0.1810152530670166,-0.3639480471611023,0.3313499689102173,-0.33556854724884033,-0.05859553813934326,-0.06179998070001602,0.11215551942586899,-0.02151555009186268,-0.04440443217754364,-0.07415997982025146,0.01831110566854477,-0.003662221133708954,-0.0032044434919953346,-0.03021332435309887,0.024262215942144394,-0.06683553755283356,0.0,0.0,0.0,0.0,0.0,0.0,-5.551115123125783e-17,0.0,0.0,0.0,0.0,0.0,0.0,0.0,0.0,0.0,0.0,0.0,0.0,0.0,0.0,0.0,0.0,0.0
20260708_190646_213706,2026-07-08T19:07:19.567,33.353905,pose,1365,stand,0.0,0.0,0.0,0.0,0.0,0.0,0.0,0.0,1.0,fake,0.0,0.0,-1.0,-0.0,0.0,0.0,0.0,5.3255462646484375,10.437276840209961,12,can0:12,5.313882350921631,10.44099235534668,,"BL_hip_joint,BR_hip_joint,FL_hip_joint,FR_hip_joint,BL_thigh_joint,BR_thigh_joint,FL_thigh_joint,FR_thigh_joint,BL_calf_joint,BR_calf_joint,FL_calf_joint,FR_calf_joint",330e02f2406e129bb6ed6ec4a6c6bcd5f80d7e7799a2ab087e81eda65d2fae69,"step=001365 mode=stand  vx= 0.000 vy= 0.000 vxy= 0.000 yaw= 0.000 speed=1.00 imu=fake tilt_rp=[-0.0,+0.0]deg imu_corr=0.000 act_max= 0.000 tau_cmd= 5.326 tau_cmd_max= 10.437 cmds=12 bus=can0:12 tau_fb= 5.314 tau_fb_max= 10.441",,,,,,,,,,,,,,,,,,,,,,,,,,,,,,,,,,,,,,,,,,,,,,,,,0.0,0.0,0.0,0.0,0.0,0.0,0.0,0.0,0.0,0.0,0.0,0.0,0.0,0.0,0.0,0.0,0.0,0.0,0.0,0.0,0.0,0.0,0.0,0.0,-0.07823541015386581,-0.1361449509859085,-0.06826423108577728,-0.03489912673830986,-0.5825470089912415,0.5292395353317261,-0.4816846549510956,0.4387319087982178,0.1810152530670166,-0.3639480471611023,0.3313499689102173,-0.33556854724884033,-0.018768884241580963,0.04898220673203468,-0.1185644119977951,0.059053316712379456,0.01235999632626772,0.014191106893122196,-0.0476088747382164,0.010071108117699623,0.00045777764171361923,0.003662221133708954,-0.010986663401126862,-0.0068666646257042885,0.0,0.0,0.0,0.0,0.0,0.0,-5.551115123125783e-17,0.0,0.0,0.0,0.0,0.0,0.0,0.0,0.0,0.0,0.0,0.0,0.0,0.0,0.0,0.0,0.0,0.0
20260708_190646_213706,2026-07-08T19:07:19.689,33.475379,pose,1370,stand,0.0,0.0,0.0,0.0,0.0,0.0,0.0,0.0,1.0,fake,0.0,0.0,-1.0,-0.0,0.0,0.0,0.0,5.319985866546631,10.47269058227539,12,can0:12,5.324259281158447,10.481276512145996,,"BL_hip_joint,BR_hip_joint,FL_hip_joint,FR_hip_joint,BL_thigh_joint,BR_thigh_joint,FL_thigh_joint,FR_thigh_joint,BL_calf_joint,BR_calf_joint,FL_calf_joint,FR_calf_joint",330e02f2406e129bb6ed6ec4a6c6bcd5f80d7e7799a2ab087e81eda65d2fae69,"step=001370 mode=stand  vx= 0.000 vy= 0.000 vxy= 0.000 yaw= 0.000 speed=1.00 imu=fake tilt_rp=[-0.0,+0.0]deg imu_corr=0.000 act_max= 0.000 tau_cmd= 5.320 tau_cmd_max= 10.473 cmds=12 bus=can0:12 tau_fb= 5.324 tau_fb_max= 10.481",,,,,,,,,,,,,,,,,,,,,,,,,,,,,,,,,,,,,,,,,,,,,,,,,0.0,0.0,0.0,0.0,0.0,0.0,0.0,0.0,0.0,0.0,0.0,0.0,0.0,0.0,0.0,0.0,0.0,0.0,0.0,0.0,0.0,0.0,0.0,0.0,-0.07823541015386581,-0.1361449509859085,-0.06788071990013123,-0.03489912673830986,-0.5825470089912415,0.5292395353317261,-0.4816846549510956,0.4387319087982178,0.1810152530670166,-0.3639480471611023,0.3313499689102173,-0.33556854724884033,-0.0050355540588498116,0.05859553813934326,-0.054475538432598114,0.010986663401126862,-0.04669332131743431,0.029755547642707825,0.05813775956630707,-0.03799554333090782,0.05767998471856117,0.05172887444496155,0.036164432764053345,0.030671102926135063,0.0,0.0,0.0,0.0,0.0,0.0,-5.551115123125783e-17,0.0,0.0,0.0,0.0,0.0,0.0,0.0,0.0,0.0,0.0,0.0,0.0,0.0,0.0,0.0,0.0,0.0
20260708_190646_213706,2026-07-08T19:07:19.810,33.596718,pose,1375,stand,0.0,0.0,0.0,0.0,0.0,0.0,0.0,0.0,1.0,fake,0.0,0.0,-1.0,-0.0,0.0,0.0,0.0,5.305503845214844,10.401040077209473,12,can0:12,5.316019535064697,10.477614402770996,,"BL_hip_joint,BR_hip_joint,FL_hip_joint,FR_hip_joint,BL_thigh_joint,BR_thigh_joint,FL_thigh_joint,FR_thigh_joint,BL_calf_joint,BR_calf_joint,FL_calf_joint,FR_calf_joint",330e02f2406e129bb6ed6ec4a6c6bcd5f80d7e7799a2ab087e81eda65d2fae69,"step=001375 mode=stand  vx= 0.000 vy= 0.000 vxy= 0.000 yaw= 0.000 speed=1.00 imu=fake tilt_rp=[-0.0,+0.0]deg imu_corr=0.000 act_max= 0.000 tau_cmd= 5.306 tau_cmd_max= 10.401 cmds=12 bus=can0:12 tau_fb= 5.316 tau_fb_max= 10.478",,,,,,,,,,,,,,,,,,,,,,,,,,,,,,,,,,,,,,,,,,,,,,,,,0.0,0.0,0.0,0.0,0.0,0.0,0.0,0.0,0.0,0.0,0.0,0.0,0.0,0.0,0.0,0.0,0.0,0.0,0.0,0.0,0.0,0.0,0.0,0.0,-0.07823541015386581,-0.13576143980026245,-0.06788071990013123,-0.03489912673830986,-0.5825470089912415,0.5292395353317261,-0.4816846549510956,0.4387319087982178,0.1810152530670166,-0.3639480471611023,0.3313499689102173,-0.33556854724884033,0.018768884241580963,0.07644886523485184,0.0013733329251408577,0.026551103219389915,0.07278664410114288,0.0013733329251408577,0.08194220066070557,0.041657764464616776,-0.07232886552810669,0.05218665301799774,0.044862210750579834,-0.017853328958153725,0.0,0.0,0.0,0.0,0.0,0.0,-5.551115123125783e-17,0.0,0.0,0.0,0.0,0.0,0.0,0.0,0.0,0.0,0.0,0.0,0.0,0.0,0.0,0.0,0.0,0.0
20260708_190646_213706,2026-07-08T19:07:19.931,33.717968,pose,1380,stand,0.0,0.0,0.0,0.0,0.0,0.0,0.0,0.0,1.0,fake,0.0,0.0,-1.0,-0.0,0.0,0.0,0.0,5.322801113128662,10.4801025390625,12,can0:12,5.319376468658447,10.42268180847168,,"BL_hip_joint,BR_hip_joint,FL_hip_joint,FR_hip_joint,BL_thigh_joint,BR_thigh_joint,FL_thigh_joint,FR_thigh_joint,BL_calf_joint,BR_calf_joint,FL_calf_joint,FR_calf_joint",330e02f2406e129bb6ed6ec4a6c6bcd5f80d7e7799a2ab087e81eda65d2fae69,"step=001380 mode=stand  vx= 0.000 vy= 0.000 vxy= 0.000 yaw= 0.000 speed=1.00 imu=fake tilt_rp=[-0.0,+0.0]deg imu_corr=0.000 act_max= 0.000 tau_cmd= 5.323 tau_cmd_max= 10.480 cmds=12 bus=can0:12 tau_fb= 5.319 tau_fb_max= 10.423",,,,,,,,,,,,,,,,,,,,,,,,,,,,,,,,,,,,,,,,,,,,,,,,,0.0,0.0,0.0,0.0,0.0,0.0,0.0,0.0,0.0,0.0,0.0,0.0,0.0,0.0,0.0,0.0,0.0,0.0,0.0,0.0,0.0,0.0,0.0,0.0,-0.07823541015386581,-0.1361449509859085,-0.06788071990013123,-0.03489912673830986,-0.5825470089912415,0.5292395353317261,-0.4816846549510956,0.43911540508270264,0.1810152530670166,-0.3639480471611023,0.3313499689102173,-0.33556854724884033,0.030671102926135063,0.03707998991012573,-0.020142216235399246,0.010986663401126862,-0.059053316712379456,-0.05310220643877983,0.0032044434919953346,0.047151096165180206,0.017853328958153725,0.0196844395250082,-0.044862210750579834,-0.08194220066070557,0.0,0.0,0.0,0.0,0.0,0.0,-5.551115123125783e-17,0.0,0.0,0.0,0.0,0.0,0.0,0.0,0.0,0.0,0.0,0.0,0.0,0.0,0.0,0.0,0.0,0.0
20260708_190646_213706,2026-07-08T19:07:20.053,33.839376,pose,1385,stand,0.0,0.0,0.0,0.0,0.0,0.0,0.0,0.0,1.0,fake,0.0,0.0,-1.0,-0.0,0.0,0.0,0.0,5.335452556610107,10.471317291259766,12,can0:12,5.324563980102539,10.462965965270996,,"BL_hip_joint,BR_hip_joint,FL_hip_joint,FR_hip_joint,BL_thigh_joint,BR_thigh_joint,FL_thigh_joint,FR_thigh_joint,BL_calf_joint,BR_calf_joint,FL_calf_joint,FR_calf_joint",330e02f2406e129bb6ed6ec4a6c6bcd5f80d7e7799a2ab087e81eda65d2fae69,"step=001385 mode=stand  vx= 0.000 vy= 0.000 vxy= 0.000 yaw= 0.000 speed=1.00 imu=fake tilt_rp=[-0.0,+0.0]deg imu_corr=0.000 act_max= 0.000 tau_cmd= 5.335 tau_cmd_max= 10.471 cmds=12 bus=can0:12 tau_fb= 5.325 tau_fb_max= 10.463",,,,,,,,,,,,,,,,,,,,,,,,,,,,,,,,,,,,,,,,,,,,,,,,,0.0,0.0,0.0,0.0,0.0,0.0,0.0,0.0,0.0,0.0,0.0,0.0,0.0,0.0,0.0,0.0,0.0,0.0,0.0,0.0,0.0,0.0,0.0,0.0,-0.07823541015386581,-0.1361449509859085,-0.06788071990013123,-0.03489912673830986,-0.5825470089912415,0.5292395353317261,-0.4816846549510956,0.4387319087982178,0.1810152530670166,-0.3639480471611023,0.3313499689102173,-0.3359520435333252,0.04119998961687088,-0.1506088376045227,0.04303110018372536,0.005493331700563431,-0.04440443217754364,0.03341776877641678,-0.029755547642707825,0.00045777764171361923,-0.0013733329251408577,-0.0553910955786705,0.03799554333090782,-0.018768884241580963,0.0,0.0,0.0,0.0,0.0,0.0,-5.551115123125783e-17,0.0,0.0,0.0,0.0,0.0,0.0,0.0,0.0,0.0,0.0,0.0,0.0,0.0,0.0,0.0,0.0,0.0
20260708_190646_213706,2026-07-08T19:07:20.174,33.960590,pose,1390,stand,0.0,0.0,0.0,0.0,0.0,0.0,0.0,0.0,1.0,fake,0.0,0.0,-1.0,-0.0,0.0,0.0,0.0,5.312917232513428,10.45210075378418,12,can0:12,5.336161136627197,10.495925903320312,,"BL_hip_joint,BR_hip_joint,FL_hip_joint,FR_hip_joint,BL_thigh_joint,BR_thigh_joint,FL_thigh_joint,FR_thigh_joint,BL_calf_joint,BR_calf_joint,FL_calf_joint,FR_calf_joint",330e02f2406e129bb6ed6ec4a6c6bcd5f80d7e7799a2ab087e81eda65d2fae69,"step=001390 mode=stand  vx= 0.000 vy= 0.000 vxy= 0.000 yaw= 0.000 speed=1.00 imu=fake tilt_rp=[-0.0,+0.0]deg imu_corr=0.000 act_max= 0.000 tau_cmd= 5.313 tau_cmd_max= 10.452 cmds=12 bus=can0:12 tau_fb= 5.336 tau_fb_max= 10.496",,,,,,,,,,,,,,,,,,,,,,,,,,,,,,,,,,,,,,,,,,,,,,,,,0.0,0.0,0.0,0.0,0.0,0.0,0.0,0.0,0.0,0.0,0.0,0.0,0.0,0.0,0.0,0.0,0.0,0.0,0.0,0.0,0.0,0.0,0.0,0.0,-0.07823541015386581,-0.1361449509859085,-0.06788071990013123,-0.03489912673830986,-0.5825470089912415,0.5292395353317261,-0.4816846549510956,0.4387319087982178,0.1810152530670166,-0.3639480471611023,0.3313499689102173,-0.33556854724884033,0.054475538432598114,0.06866664439439774,0.0238044373691082,0.025635547935962677,-0.01235999632626772,-0.009613330475986004,-0.04852443188428879,-0.010071108117699623,0.01235999632626772,0.019226660951972008,-0.02471999265253544,-0.0032044434919953346,0.0,0.0,0.0,0.0,0.0,0.0,-5.551115123125783e-17,0.0,0.0,0.0,0.0,0.0,0.0,0.0,0.0,0.0,0.0,0.0,0.0,0.0,0.0,0.0,0.0,0.0
20260708_190646_213706,2026-07-08T19:07:20.295,34.081665,pose,1395,stand,0.0,0.0,0.0,0.0,0.0,0.0,0.0,0.0,1.0,fake,0.0,0.0,-1.0,-0.0,0.0,0.0,0.0,5.327810764312744,10.463356971740723,12,can0:12,5.335855484008789,10.44099235534668,,"BL_hip_joint,BR_hip_joint,FL_hip_joint,FR_hip_joint,BL_thigh_joint,BR_thigh_joint,FL_thigh_joint,FR_thigh_joint,BL_calf_joint,BR_calf_joint,FL_calf_joint,FR_calf_joint",330e02f2406e129bb6ed6ec4a6c6bcd5f80d7e7799a2ab087e81eda65d2fae69,"step=001395 mode=stand  vx= 0.000 vy= 0.000 vxy= 0.000 yaw= 0.000 speed=1.00 imu=fake tilt_rp=[-0.0,+0.0]deg imu_corr=0.000 act_max= 0.000 tau_cmd= 5.328 tau_cmd_max= 10.463 cmds=12 bus=can0:12 tau_fb= 5.336 tau_fb_max= 10.441",,,,,,,,,,,,,,,,,,,,,,,,,,,,,,,,,,,,,,,,,,,,,,,,,0.0,0.0,0.0,0.0,0.0,0.0,0.0,0.0,0.0,0.0,0.0,0.0,0.0,0.0,0.0,0.0,0.0,0.0,0.0,0.0,0.0,0.0,0.0,0.0,-0.07823541015386581,-0.1361449509859085,-0.06826423108577728,-0.03489912673830986,-0.5825470089912415,0.5292395353317261,-0.4816846549510956,0.4387319087982178,0.1810152530670166,-0.3639480471611023,0.3313499689102173,-0.33556854724884033,-0.10574663430452347,0.04211554303765297,0.040742211043834686,-0.009155552834272385,-0.031128879636526108,0.004577776417136192,0.0050355540588498116,-0.06179998070001602,0.03891110047698021,-0.06866664439439774,0.008697775192558765,-0.009613330475986004,0.0,0.0,0.0,0.0,0.0,0.0,-5.551115123125783e-17,0.0,0.0,0.0,0.0,0.0,0.0,0.0,0.0,0.0,0.0,0.0,0.0,0.0,0.0,0.0,0.0,0.0
20260708_190646_213706,2026-07-08T19:07:20.417,34.203482,pose,1400,stand,0.0,0.0,0.0,0.0,0.0,0.0,0.0,0.0,1.0,fake,0.0,0.0,-1.0,-0.0,0.0,0.0,0.0,5.329527378082275,10.46665096282959,12,can0:12,5.324564456939697,10.481276512145996,,"BL_hip_joint,BR_hip_joint,FL_hip_joint,FR_hip_joint,BL_thigh_joint,BR_thigh_joint,FL_thigh_joint,FR_thigh_joint,BL_calf_joint,BR_calf_joint,FL_calf_joint,FR_calf_joint",330e02f2406e129bb6ed6ec4a6c6bcd5f80d7e7799a2ab087e81eda65d2fae69,"step=001400 mode=stand  vx= 0.000 vy= 0.000 vxy= 0.000 yaw= 0.000 speed=1.00 imu=fake tilt_rp=[-0.0,+0.0]deg imu_corr=0.000 act_max= 0.000 tau_cmd= 5.330 tau_cmd_max= 10.467 cmds=12 bus=can0:12 tau_fb= 5.325 tau_fb_max= 10.481",,,,,,,,,,,,,,,,,,,,,,,,,,,,,,,,,,,,,,,,,,,,,,,,,0.0,0.0,0.0,0.0,0.0,0.0,0.0,0.0,0.0,0.0,0.0,0.0,0.0,0.0,0.0,0.0,0.0,0.0,0.0,0.0,0.0,0.0,0.0,0.0,-0.07823541015386581,-0.13576143980026245,-0.06826423108577728,-0.03489912673830986,-0.5825470089912415,0.5292395353317261,-0.4816846549510956,0.43911540508270264,0.18139876425266266,-0.3639480471611023,0.3313499689102173,-0.33556854724884033,-0.10574663430452347,0.04211554303765297,0.0050355540588498116,-0.009155552834272385,-0.03662221133708954,-0.0196844395250082,-0.036164432764053345,0.00045777764171361923,0.07003998011350632,0.008697775192558765,-0.03341776877641678,-0.00045777764171361923,0.0,0.0,0.0,0.0,0.0,0.0,-5.551115123125783e-17,0.0,0.0,0.0,0.0,0.0,0.0,0.0,0.0,0.0,0.0,0.0,0.0,0.0,0.0,0.0,0.0,0.0
20260708_190646_213706,2026-07-08T19:07:20.540,34.327084,pose,1405,stand,0.0,0.0,0.0,0.0,0.0,0.0,0.0,0.0,1.0,fake,0.0,0.0,-1.0,-0.0,0.0,0.0,0.0,5.308412551879883,10.465003967285156,12,can0:12,5.325785160064697,10.459303855895996,,"BL_hip_joint,BR_hip_joint,FL_hip_joint,FR_hip_joint,BL_thigh_joint,BR_thigh_joint,FL_thigh_joint,FR_thigh_joint,BL_calf_joint,BR_calf_joint,FL_calf_joint,FR_calf_joint",330e02f2406e129bb6ed6ec4a6c6bcd5f80d7e7799a2ab087e81eda65d2fae69,"step=001405 mode=stand  vx= 0.000 vy= 0.000 vxy= 0.000 yaw= 0.000 speed=1.00 imu=fake tilt_rp=[-0.0,+0.0]deg imu_corr=0.000 act_max= 0.000 tau_cmd= 5.308 tau_cmd_max= 10.465 cmds=12 bus=can0:12 tau_fb= 5.326 tau_fb_max= 10.459",,,,,,,,,,,,,,,,,,,,,,,,,,,,,,,,,,,,,,,,,,,,,,,,,0.0,0.0,0.0,0.0,0.0,0.0,0.0,0.0,0.0,0.0,0.0,0.0,0.0,0.0,0.0,0.0,0.0,0.0,0.0,0.0,0.0,0.0,0.0,0.0,-0.07823541015386581,-0.1361449509859085,-0.06788071990013123,-0.03489912673830986,-0.5825470089912415,0.5292395353317261,-0.48206818103790283,0.43911540508270264,0.1810152530670166,-0.3639480471611023,0.3313499689102173,-0.33556854724884033,0.06454664468765259,0.02471999265253544,0.0032044434919953346,-0.010071108117699623,-0.03387554734945297,-0.04577776417136192,0.017853328958153725,0.008697775192558765,-0.0787377581000328,-0.062257759273052216,-0.13183996081352234,0.021057771518826485,0.0,0.0,0.0,0.0,0.0,0.0,0.0,0.0,0.0,0.0,0.0,0.0,0.0,0.0,0.0,0.0,0.0,0.0,0.0,0.0,0.0,0.0,0.0,0.0
20260708_190646_213706,2026-07-08T19:07:20.663,34.449724,pose,1410,stand,0.0,0.0,0.0,0.0,0.0,0.0,0.0,0.0,1.0,fake,0.0,0.0,-1.0,-0.0,0.0,0.0,0.0,5.31506872177124,10.43123722076416,12,can0:12,5.314797878265381,10.42268180847168,,"BL_hip_joint,BR_hip_joint,FL_hip_joint,FR_hip_joint,BL_thigh_joint,BR_thigh_joint,FL_thigh_joint,FR_thigh_joint,BL_calf_joint,BR_calf_joint,FL_calf_joint,FR_calf_joint",330e02f2406e129bb6ed6ec4a6c6bcd5f80d7e7799a2ab087e81eda65d2fae69,"step=001410 mode=stand  vx= 0.000 vy= 0.000 vxy= 0.000 yaw= 0.000 speed=1.00 imu=fake tilt_rp=[-0.0,+0.0]deg imu_corr=0.000 act_max= 0.000 tau_cmd= 5.315 tau_cmd_max= 10.431 cmds=12 bus=can0:12 tau_fb= 5.315 tau_fb_max= 10.423",,,,,,,,,,,,,,,,,,,,,,,,,,,,,,,,,,,,,,,,,,,,,,,,,0.0,0.0,0.0,0.0,0.0,0.0,0.0,0.0,0.0,0.0,0.0,0.0,0.0,0.0,0.0,0.0,0.0,0.0,0.0,0.0,0.0,0.0,0.0,0.0,-0.07823541015386581,-0.1361449509859085,-0.06826423108577728,-0.03489912673830986,-0.5825470089912415,0.5292395353317261,-0.4816846549510956,0.4387319087982178,0.1810152530670166,-0.3639480471611023,0.3313499689102173,-0.33556854724884033,0.032959990203380585,0.004577776417136192,-0.0119022186845541,-0.003662221133708954,0.022431105375289917,-0.06088442727923393,0.040742211043834686,-0.007324442267417908,-0.029755547642707825,0.025177771225571632,0.010071108117699623,-0.07003998011350632,0.0,0.0,0.0,0.0,0.0,0.0,-5.551115123125783e-17,0.0,0.0,0.0,0.0,0.0,0.0,0.0,0.0,0.0,0.0,0.0,0.0,0.0,0.0,0.0,0.0,0.0
20260708_190646_213706,2026-07-08T19:07:20.783,34.570066,pose,1415,stand,0.0,0.0,0.0,0.0,0.0,0.0,0.0,0.0,1.0,fake,0.0,0.0,-1.0,-0.0,0.0,0.0,0.0,5.323487758636475,10.455395698547363,12,can0:12,5.331583499908447,10.43733024597168,,"BL_hip_joint,BR_hip_joint,FL_hip_joint,FR_hip_joint,BL_thigh_joint,BR_thigh_joint,FL_thigh_joint,FR_thigh_joint,BL_calf_joint,BR_calf_joint,FL_calf_joint,FR_calf_joint",330e02f2406e129bb6ed6ec4a6c6bcd5f80d7e7799a2ab087e81eda65d2fae69,"step=001415 mode=stand  vx= 0.000 vy= 0.000 vxy= 0.000 yaw= 0.000 speed=1.00 imu=fake tilt_rp=[-0.0,+0.0]deg imu_corr=0.000 act_max= 0.000 tau_cmd= 5.323 tau_cmd_max= 10.455 cmds=12 bus=can0:12 tau_fb= 5.332 tau_fb_max= 10.437",,,,,,,,,,,,,,,,,,,,,,,,,,,,,,,,,,,,,,,,,,,,,,,,,0.0,0.0,0.0,0.0,0.0,0.0,0.0,0.0,0.0,0.0,0.0,0.0,0.0,0.0,0.0,0.0,0.0,0.0,0.0,0.0,0.0,0.0,0.0,0.0,-0.07785189896821976,-0.1361449509859085,-0.06788071990013123,-0.03489912673830986,-0.5825470089912415,0.5292395353317261,-0.4816846549510956,0.43911540508270264,0.1810152530670166,-0.3639480471611023,0.3313499689102173,-0.3359520435333252,0.04303110018372536,-0.021057771518826485,0.003662221133708954,0.018768884241580963,-0.017853328958153725,-0.04577776417136192,-0.02059999480843544,0.02288888208568096,0.02288888208568096,-0.0796533077955246,-0.01144444104284048,0.021973326802253723,0.0,0.0,0.0,0.0,0.0,0.0,-5.551115123125783e-17,0.0,0.0,0.0,0.0,0.0,0.0,0.0,0.0,0.0,0.0,0.0,0.0,0.0,0.0,0.0,0.0,0.0
20260708_190646_213706,2026-07-08T19:07:20.903,34.689887,pose,1420,stand,0.0,0.0,0.0,0.0,0.0,0.0,0.0,0.0,1.0,fake,0.0,0.0,-1.0,-0.0,0.0,0.0,0.0,5.3184075355529785,10.486690521240234,12,can0:12,5.315104007720947,10.44099235534668,,"BL_hip_joint,BR_hip_joint,FL_hip_joint,FR_hip_joint,BL_thigh_joint,BR_thigh_joint,FL_thigh_joint,FR_thigh_joint,BL_calf_joint,BR_calf_joint,FL_calf_joint,FR_calf_joint",330e02f2406e129bb6ed6ec4a6c6bcd5f80d7e7799a2ab087e81eda65d2fae69,"step=001420 mode=stand  vx= 0.000 vy= 0.000 vxy= 0.000 yaw= 0.000 speed=1.00 imu=fake tilt_rp=[-0.0,+0.0]deg imu_corr=0.000 act_max= 0.000 tau_cmd= 5.318 tau_cmd_max= 10.487 cmds=12 bus=can0:12 tau_fb= 5.315 tau_fb_max= 10.441",,,,,,,,,,,,,,,,,,,,,,,,,,,,,,,,,,,,,,,,,,,,,,,,,0.0,0.0,0.0,0.0,0.0,0.0,0.0,0.0,0.0,0.0,0.0,0.0,0.0,0.0,0.0,0.0,0.0,0.0,0.0,0.0,0.0,0.0,0.0,0.0,-0.07823541015386581,-0.1361449509859085,-0.06788071990013123,-0.03489912673830986,-0.5825470089912415,0.5292395353317261,-0.4816846549510956,0.4387319087982178,0.1810152530670166,-0.3639480471611023,0.3313499689102173,-0.33556854724884033,0.09933774918317795,-0.0398266538977623,0.07232886552810669,0.014648884534835815,-0.07003998011350632,-0.047151096165180206,-0.05859553813934326,-0.021057771518826485,0.016022218391299248,0.03250221163034439,0.05767998471856117,0.0050355540588498116,0.0,0.0,0.0,0.0,0.0,0.0,-5.551115123125783e-17,0.0,0.0,0.0,0.0,0.0,0.0,0.0,0.0,0.0,0.0,0.0,0.0,0.0,0.0,0.0,0.0,0.0
20260708_190646_213706,2026-07-08T19:07:21.023,34.809765,pose,1425,stand,0.0,0.0,0.0,0.0,0.0,0.0,0.0,0.0,1.0,fake,0.0,0.0,-1.0,-0.0,0.0,0.0,0.0,5.3279242515563965,10.470494270324707,12,can0:12,5.323648452758789,10.503250122070312,,"BL_hip_joint,BR_hip_joint,FL_hip_joint,FR_hip_joint,BL_thigh_joint,BR_thigh_joint,FL_thigh_joint,FR_thigh_joint,BL_calf_joint,BR_calf_joint,FL_calf_joint,FR_calf_joint",330e02f2406e129bb6ed6ec4a6c6bcd5f80d7e7799a2ab087e81eda65d2fae69,"step=001425 mode=stand  vx= 0.000 vy= 0.000 vxy= 0.000 yaw= 0.000 speed=1.00 imu=fake tilt_rp=[-0.0,+0.0]deg imu_corr=0.000 act_max= 0.000 tau_cmd= 5.328 tau_cmd_max= 10.470 cmds=12 bus=can0:12 tau_fb= 5.324 tau_fb_max= 10.503",,,,,,,,,,,,,,,,,,,,,,,,,,,,,,,,,,,,,,,,,,,,,,,,,0.0,0.0,0.0,0.0,0.0,0.0,0.0,0.0,0.0,0.0,0.0,0.0,0.0,0.0,0.0,0.0,0.0,0.0,0.0,0.0,0.0,0.0,0.0,0.0,-0.07785189896821976,-0.1361449509859085,-0.06788071990013123,-0.03489912673830986,-0.5825470089912415,0.5292395353317261,-0.4816846549510956,0.43911540508270264,0.1810152530670166,-0.3639480471611023,0.3313499689102173,-0.33556854724884033,0.008239997550845146,-0.0027466658502817154,-0.035248879343271255,0.01235999632626772,-0.04303110018372536,0.028839992359280586,0.010986663401126862,0.021057771518826485,0.035248879343271255,0.023346660658717155,0.0398266538977623,0.010528885759413242,0.0,0.0,0.0,0.0,0.0,0.0,-5.551115123125783e-17,0.0,0.0,0.0,0.0,0.0,0.0,0.0,0.0,0.0,0.0,0.0,0.0,0.0,0.0,0.0,0.0,0.0
20260708_190646_213706,2026-07-08T19:07:21.142,34.928388,pose,1430,stand,0.0,0.0,0.0,0.0,0.0,0.0,0.0,0.0,1.0,fake,0.0,0.0,-1.0,-0.0,0.0,0.0,0.0,5.316737651824951,10.468297958374023,12,can0:12,5.324564456939697,10.45197868347168,,"BL_hip_joint,BR_hip_joint,FL_hip_joint,FR_hip_joint,BL_thigh_joint,BR_thigh_joint,FL_thigh_joint,FR_thigh_joint,BL_calf_joint,BR_calf_joint,FL_calf_joint,FR_calf_joint",330e02f2406e129bb6ed6ec4a6c6bcd5f80d7e7799a2ab087e81eda65d2fae69,"step=001430 mode=stand  vx= 0.000 vy= 0.000 vxy= 0.000 yaw= 0.000 speed=1.00 imu=fake tilt_rp=[-0.0,+0.0]deg imu_corr=0.000 act_max= 0.000 tau_cmd= 5.317 tau_cmd_max= 10.468 cmds=12 bus=can0:12 tau_fb= 5.325 tau_fb_max= 10.452",,,,,,,,,,,,,,,,,,,,,,,,,,,,,,,,,,,,,,,,,,,,,,,,,0.0,0.0,0.0,0.0,0.0,0.0,0.0,0.0,0.0,0.0,0.0,0.0,0.0,0.0,0.0,0.0,0.0,0.0,0.0,0.0,0.0,0.0,0.0,0.0,-0.07785189896821976,-0.1361449509859085,-0.06826423108577728,-0.03489912673830986,-0.5825470089912415,0.5292395353317261,-0.4816846549510956,0.4387319087982178,0.1810152530670166,-0.3639480471611023,0.3313499689102173,-0.33556854724884033,0.07461775839328766,-0.012817773967981339,0.018768884241580963,0.010071108117699623,-0.0393688790500164,-0.056764427572488785,0.019226660951972008,0.031128879636526108,0.006408886983990669,0.04257332161068916,0.02929776906967163,-0.0196844395250082,0.0,0.0,0.0,0.0,0.0,0.0,-5.551115123125783e-17,0.0,0.0,0.0,0.0,0.0,0.0,0.0,0.0,0.0,0.0,0.0,0.0,0.0,0.0,0.0,0.0,0.0
20260708_190646_213706,2026-07-08T19:07:21.263,35.049561,pose,1435,stand,0.0,0.0,0.0,0.0,0.0,0.0,0.0,0.0,1.0,fake,0.0,0.0,-1.0,-0.0,0.0,0.0,0.0,5.312619686126709,10.433982849121094,12,can0:12,5.315408706665039,10.44831657409668,,"BL_hip_joint,BR_hip_joint,FL_hip_joint,FR_hip_joint,BL_thigh_joint,BR_thigh_joint,FL_thigh_joint,FR_thigh_joint,BL_calf_joint,BR_calf_joint,FL_calf_joint,FR_calf_joint",330e02f2406e129bb6ed6ec4a6c6bcd5f80d7e7799a2ab087e81eda65d2fae69,"step=001435 mode=stand  vx= 0.000 vy= 0.000 vxy= 0.000 yaw= 0.000 speed=1.00 imu=fake tilt_rp=[-0.0,+0.0]deg imu_corr=0.000 act_max= 0.000 tau_cmd= 5.313 tau_cmd_max= 10.434 cmds=12 bus=can0:12 tau_fb= 5.315 tau_fb_max= 10.448",,,,,,,,,,,,,,,,,,,,,,,,,,,,,,,,,,,,,,,,,,,,,,,,,0.0,0.0,0.0,0.0,0.0,0.0,0.0,0.0,0.0,0.0,0.0,0.0,0.0,0.0,0.0,0.0,0.0,0.0,0.0,0.0,0.0,0.0,0.0,0.0,-0.07823541015386581,-0.1361449509859085,-0.06788071990013123,-0.03489912673830986,-0.5825470089912415,0.5292395353317261,-0.4816846549510956,0.4387319087982178,0.1810152530670166,-0.3639480471611023,0.3313499689102173,-0.33556854724884033,-0.06546220183372498,0.010071108117699623,0.10483107715845108,0.06820886582136154,0.017853328958153725,0.004119998775422573,0.030671102926135063,-0.022431105375289917,-0.07049775868654251,-0.03570665791630745,0.016479995101690292,-0.03707998991012573,0.0,0.0,0.0,0.0,0.0,0.0,-5.551115123125783e-17,0.0,0.0,0.0,0.0,0.0,0.0,0.0,0.0,0.0,0.0,0.0,0.0,0.0,0.0,0.0,0.0,0.0
20260708_190646_213706,2026-07-08T19:07:21.385,35.171253,pose,1440,stand,0.0,0.0,0.0,0.0,0.0,0.0,0.0,0.0,1.0,fake,0.0,0.0,-1.0,-0.0,0.0,0.0,0.0,5.326187610626221,10.447159767150879,12,can0:12,5.330057621002197,10.43366813659668,,"BL_hip_joint,BR_hip_joint,FL_hip_joint,FR_hip_joint,BL_thigh_joint,BR_thigh_joint,FL_thigh_joint,FR_thigh_joint,BL_calf_joint,BR_calf_joint,FL_calf_joint,FR_calf_joint",330e02f2406e129bb6ed6ec4a6c6bcd5f80d7e7799a2ab087e81eda65d2fae69,"step=001440 mode=stand  vx= 0.000 vy= 0.000 vxy= 0.000 yaw= 0.000 speed=1.00 imu=fake tilt_rp=[-0.0,+0.0]deg imu_corr=0.000 act_max= 0.000 tau_cmd= 5.326 tau_cmd_max= 10.447 cmds=12 bus=can0:12 tau_fb= 5.330 tau_fb_max= 10.434",,,,,,,,,,,,,,,,,,,,,,,,,,,,,,,,,,,,,,,,,,,,,,,,,0.0,0.0,0.0,0.0,0.0,0.0,0.0,0.0,0.0,0.0,0.0,0.0,0.0,0.0,0.0,0.0,0.0,0.0,0.0,0.0,0.0,0.0,0.0,0.0,-0.07823541015386581,-0.1361449509859085,-0.06826423108577728,-0.03489912673830986,-0.5825470089912415,0.5292395353317261,-0.4816846549510956,0.43911540508270264,0.1810152530670166,-0.3639480471611023,0.3313499689102173,-0.33556854724884033,0.0631733164191246,-0.05630664899945259,-0.055848874151706696,0.025177771225571632,-0.004119998775422573,0.054475538432598114,-0.0009155552834272385,0.02929776906967163,0.009613330475986004,-0.0315866582095623,-0.041657764464616776,0.02929776906967163,0.0,0.0,0.0,0.0,0.0,0.0,-5.551115123125783e-17,0.0,0.0,0.0,0.0,0.0,0.0,0.0,0.0,0.0,0.0,0.0,0.0,0.0,0.0,0.0,0.0,0.0
20260708_190646_213706,2026-07-08T19:07:21.507,35.293542,pose,1445,stand,0.0,0.0,0.0,0.0,0.0,0.0,0.0,0.0,1.0,fake,0.0,0.0,-1.0,-0.0,0.0,0.0,0.0,5.315159797668457,10.449356079101562,12,can0:12,5.337076663970947,10.503250122070312,,"BL_hip_joint,BR_hip_joint,FL_hip_joint,FR_hip_joint,BL_thigh_joint,BR_thigh_joint,FL_thigh_joint,FR_thigh_joint,BL_calf_joint,BR_calf_joint,FL_calf_joint,FR_calf_joint",330e02f2406e129bb6ed6ec4a6c6bcd5f80d7e7799a2ab087e81eda65d2fae69,"step=001445 mode=stand  vx= 0.000 vy= 0.000 vxy= 0.000 yaw= 0.000 speed=1.00 imu=fake tilt_rp=[-0.0,+0.0]deg imu_corr=0.000 act_max= 0.000 tau_cmd= 5.315 tau_cmd_max= 10.449 cmds=12 bus=can0:12 tau_fb= 5.337 tau_fb_max= 10.503",,,,,,,,,,,,,,,,,,,,,,,,,,,,,,,,,,,,,,,,,,,,,,,,,0.0,0.0,0.0,0.0,0.0,0.0,0.0,0.0,0.0,0.0,0.0,0.0,0.0,0.0,0.0,0.0,0.0,0.0,0.0,0.0,0.0,0.0,0.0,0.0,-0.07823541015386581,-0.1361449509859085,-0.06788071990013123,-0.03489912673830986,-0.5825470089912415,0.5292395353317261,-0.4816846549510956,0.4387319087982178,0.1810152530670166,-0.3639480471611023,0.3313499689102173,-0.3359520435333252,0.015106662176549435,-0.04211554303765297,-0.004577776417136192,0.040742211043834686,-0.007782219909131527,-0.04348887503147125,-0.03387554734945297,0.0027466658502817154,0.0009155552834272385,0.11535996943712234,-0.0718710869550705,-0.06820886582136154,0.0,0.0,0.0,0.0,0.0,0.0,-5.551115123125783e-17,0.0,0.0,0.0,0.0,0.0,0.0,0.0,0.0,0.0,0.0,0.0,0.0,0.0,0.0,0.0,0.0,0.0
20260708_190646_213706,2026-07-08T19:07:21.629,35.415542,pose,1450,stand,0.0,0.0,0.0,0.0,0.0,0.0,0.0,0.0,1.0,fake,0.0,0.0,-1.0,-0.0,0.0,0.0,0.0,5.318681716918945,10.437276840209961,12,can0:12,5.318155765533447,10.408032417297363,,"BL_hip_joint,BR_hip_joint,FL_hip_joint,FR_hip_joint,BL_thigh_joint,BR_thigh_joint,FL_thigh_joint,FR_thigh_joint,BL_calf_joint,BR_calf_joint,FL_calf_joint,FR_calf_joint",330e02f2406e129bb6ed6ec4a6c6bcd5f80d7e7799a2ab087e81eda65d2fae69,"step=001450 mode=stand  vx= 0.000 vy= 0.000 vxy= 0.000 yaw= 0.000 speed=1.00 imu=fake tilt_rp=[-0.0,+0.0]deg imu_corr=0.000 act_max= 0.000 tau_cmd= 5.319 tau_cmd_max= 10.437 cmds=12 bus=can0:12 tau_fb= 5.318 tau_fb_max= 10.408",,,,,,,,,,,,,,,,,,,,,,,,,,,,,,,,,,,,,,,,,,,,,,,,,0.0,0.0,0.0,0.0,0.0,0.0,0.0,0.0,0.0,0.0,0.0,0.0,0.0,0.0,0.0,0.0,0.0,0.0,0.0,0.0,0.0,0.0,0.0,0.0,-0.07823541015386581,-0.1361449509859085,-0.06788071990013123,-0.03489912673830986,-0.5825470089912415,0.5292395353317261,-0.4816846549510956,0.4387319087982178,0.1810152530670166,-0.3639480471611023,0.3313499689102173,-0.33556854724884033,0.02609332650899887,-0.014191106893122196,0.014648884534835815,-0.016937773674726486,0.01235999632626772,-0.01144444104284048,-0.0119022186845541,0.06179998070001602,-0.03021332435309887,0.06866664439439774,0.005493331700563431,-0.008697775192558765,0.0,0.0,0.0,0.0,0.0,0.0,-5.551115123125783e-17,0.0,0.0,0.0,0.0,0.0,0.0,0.0,0.0,0.0,0.0,0.0,0.0,0.0,0.0,0.0,0.0,0.0
20260708_190646_213706,2026-07-08T19:07:21.751,35.537686,pose,1455,stand,0.0,0.0,0.0,0.0,0.0,0.0,0.0,0.0,1.0,fake,0.0,0.0,-1.0,-0.0,0.0,0.0,0.0,5.321133136749268,10.436179161071777,12,can0:12,5.319986820220947,10.44831657409668,,"BL_hip_joint,BR_hip_joint,FL_hip_joint,FR_hip_joint,BL_thigh_joint,BR_thigh_joint,FL_thigh_joint,FR_thigh_joint,BL_calf_joint,BR_calf_joint,FL_calf_joint,FR_calf_joint",330e02f2406e129bb6ed6ec4a6c6bcd5f80d7e7799a2ab087e81eda65d2fae69,"step=001455 mode=stand  vx= 0.000 vy= 0.000 vxy= 0.000 yaw= 0.000 speed=1.00 imu=fake tilt_rp=[-0.0,+0.0]deg imu_corr=0.000 act_max= 0.000 tau_cmd= 5.321 tau_cmd_max= 10.436 cmds=12 bus=can0:12 tau_fb= 5.320 tau_fb_max= 10.448",,,,,,,,,,,,,,,,,,,,,,,,,,,,,,,,,,,,,,,,,,,,,,,,,0.0,0.0,0.0,0.0,0.0,0.0,0.0,0.0,0.0,0.0,0.0,0.0,0.0,0.0,0.0,0.0,0.0,0.0,0.0,0.0,0.0,0.0,0.0,0.0,-0.07823541015386581,-0.1361449509859085,-0.06826423108577728,-0.03489912673830986,-0.5825470089912415,0.5292395353317261,-0.48206818103790283,0.43911540508270264,0.1810152530670166,-0.3639480471611023,0.3313499689102173,-0.33556854724884033,0.0631733164191246,0.0119022186845541,-0.015106662176549435,-0.0032044434919953346,0.014191106893122196,0.009155552834272385,0.016479995101690292,-0.009155552834272385,-0.07415997982025146,-0.09384441375732422,0.09887997061014175,0.06088442727923393,0.0,0.0,0.0,0.0,0.0,0.0,0.0,0.0,0.0,0.0,0.0,0.0,0.0,0.0,0.0,0.0,0.0,0.0,0.0,0.0,0.0,0.0,0.0,0.0
20260708_190646_213706,2026-07-08T19:07:21.875,35.661934,pose,1460,stand,0.0,0.0,0.0,0.0,0.0,0.0,0.0,0.0,1.0,fake,0.0,0.0,-1.0,-0.0,0.0,0.0,0.0,5.332547187805176,10.417511940002441,12,can0:12,5.315103530883789,10.470290184020996,,"BL_hip_joint,BR_hip_joint,FL_hip_joint,FR_hip_joint,BL_thigh_joint,BR_thigh_joint,FL_thigh_joint,FR_thigh_joint,BL_calf_joint,BR_calf_joint,FL_calf_joint,FR_calf_joint",330e02f2406e129bb6ed6ec4a6c6bcd5f80d7e7799a2ab087e81eda65d2fae69,"step=001460 mode=stand  vx= 0.000 vy= 0.000 vxy= 0.000 yaw= 0.000 speed=1.00 imu=fake tilt_rp=[-0.0,+0.0]deg imu_corr=0.000 act_max= 0.000 tau_cmd= 5.333 tau_cmd_max= 10.418 cmds=12 bus=can0:12 tau_fb= 5.315 tau_fb_max= 10.470",,,,,,,,,,,,,,,,,,,,,,,,,,,,,,,,,,,,,,,,,,,,,,,,,0.0,0.0,0.0,0.0,0.0,0.0,0.0,0.0,0.0,0.0,0.0,0.0,0.0,0.0,0.0,0.0,0.0,0.0,0.0,0.0,0.0,0.0,0.0,0.0,-0.07823541015386581,-0.1361449509859085,-0.06826423108577728,-0.03489912673830986,-0.5825470089912415,0.5292395353317261,-0.48206818103790283,0.4387319087982178,0.1810152530670166,-0.3639480471611023,0.3313499689102173,-0.33556854724884033,0.02059999480843544,-0.02700888179242611,-0.04531998559832573,-0.04577776417136192,0.04531998559832573,0.018768884241580963,-0.014648884534835815,0.02700888179242611,0.08011108636856079,-0.009613330475986004,-0.040742211043834686,-0.04852443188428879,0.0,0.0,0.0,0.0,0.0,0.0,0.0,0.0,0.0,0.0,0.0,0.0,0.0,0.0,0.0,0.0,0.0,0.0,0.0,0.0,0.0,0.0,0.0,0.0
20260708_190646_213706,2026-07-08T19:07:21.999,35.785916,pose,1465,stand,0.0,0.0,0.0,0.0,0.0,0.0,0.0,0.0,1.0,fake,0.0,0.0,-1.0,-0.0,0.0,0.0,0.0,5.322869777679443,10.460062026977539,12,can0:12,5.332499027252197,10.44465446472168,,"BL_hip_joint,BR_hip_joint,FL_hip_joint,FR_hip_joint,BL_thigh_joint,BR_thigh_joint,FL_thigh_joint,FR_thigh_joint,BL_calf_joint,BR_calf_joint,FL_calf_joint,FR_calf_joint",330e02f2406e129bb6ed6ec4a6c6bcd5f80d7e7799a2ab087e81eda65d2fae69,"step=001465 mode=stand  vx= 0.000 vy= 0.000 vxy= 0.000 yaw= 0.000 speed=1.00 imu=fake tilt_rp=[-0.0,+0.0]deg imu_corr=0.000 act_max= 0.000 tau_cmd= 5.323 tau_cmd_max= 10.460 cmds=12 bus=can0:12 tau_fb= 5.332 tau_fb_max= 10.445",,,,,,,,,,,,,,,,,,,,,,,,,,,,,,,,,,,,,,,,,,,,,,,,,0.0,0.0,0.0,0.0,0.0,0.0,0.0,0.0,0.0,0.0,0.0,0.0,0.0,0.0,0.0,0.0,0.0,0.0,0.0,0.0,0.0,0.0,0.0,0.0,-0.07823541015386581,-0.1361449509859085,-0.06826423108577728,-0.03489912673830986,-0.5825470089912415,0.5292395353317261,-0.4816846549510956,0.4387319087982178,0.1810152530670166,-0.3639480471611023,0.3313499689102173,-0.33556854724884033,0.00595110934227705,-0.03479110077023506,-0.023346660658717155,-0.00045777764171361923,-0.025635547935962677,-0.019226660951972008,0.0476088747382164,0.009155552834272385,0.008239997550845146,0.01144444104284048,0.03341776877641678,0.02288888208568096,0.0,0.0,0.0,0.0,0.0,0.0,-5.551115123125783e-17,0.0,0.0,0.0,0.0,0.0,0.0,0.0,0.0,0.0,0.0,0.0,0.0,0.0,0.0,0.0,0.0,0.0
20260708_190646_213706,2026-07-08T19:07:22.119,35.906045,pose,1470,stand,0.0,0.0,0.0,0.0,0.0,0.0,0.0,0.0,1.0,fake,0.0,0.0,-1.0,-0.0,0.0,0.0,0.0,5.324721813201904,10.47159194946289,12,can0:12,5.324259281158447,10.466628074645996,,"BL_hip_joint,BR_hip_joint,FL_hip_joint,FR_hip_joint,BL_thigh_joint,BR_thigh_joint,FL_thigh_joint,FR_thigh_joint,BL_calf_joint,BR_calf_joint,FL_calf_joint,FR_calf_joint",330e02f2406e129bb6ed6ec4a6c6bcd5f80d7e7799a2ab087e81eda65d2fae69,"step=001470 mode=stand  vx= 0.000 vy= 0.000 vxy= 0.000 yaw= 0.000 speed=1.00 imu=fake tilt_rp=[-0.0,+0.0]deg imu_corr=0.000 act_max= 0.000 tau_cmd= 5.325 tau_cmd_max= 10.472 cmds=12 bus=can0:12 tau_fb= 5.324 tau_fb_max= 10.467",,,,,,,,,,,,,,,,,,,,,,,,,,,,,,,,,,,,,,,,,,,,,,,,,0.0,0.0,0.0,0.0,0.0,0.0,0.0,0.0,0.0,0.0,0.0,0.0,0.0,0.0,0.0,0.0,0.0,0.0,0.0,0.0,0.0,0.0,0.0,0.0,-0.07823541015386581,-0.1361449509859085,-0.06788071990013123,-0.03489912673830986,-0.5825470089912415,0.5292395353317261,-0.4816846549510956,0.4387319087982178,0.1810152530670166,-0.3639480471611023,0.3313499689102173,-0.33556854724884033,-0.019226660951972008,-0.013733329251408577,0.03433332219719887,0.029755547642707825,-0.044862210750579834,-0.04348887503147125,0.0027466658502817154,0.008239997550845146,0.02609332650899887,-0.048066653311252594,0.024262215942144394,-0.002288888208568096,0.0,0.0,0.0,0.0,0.0,0.0,-5.551115123125783e-17,0.0,0.0,0.0,0.0,0.0,0.0,0.0,0.0,0.0,0.0,0.0,0.0,0.0,0.0,0.0,0.0,0.0
20260708_190646_213706,2026-07-08T19:07:22.239,36.025788,pose,1475,stand,0.0,0.0,0.0,0.0,0.0,0.0,0.0,0.0,1.0,fake,0.0,0.0,-1.0,-0.0,0.0,0.0,0.0,5.327239036560059,10.441394805908203,12,can0:12,5.316324234008789,10.411694526672363,,"BL_hip_joint,BR_hip_joint,FL_hip_joint,FR_hip_joint,BL_thigh_joint,BR_thigh_joint,FL_thigh_joint,FR_thigh_joint,BL_calf_joint,BR_calf_joint,FL_calf_joint,FR_calf_joint",330e02f2406e129bb6ed6ec4a6c6bcd5f80d7e7799a2ab087e81eda65d2fae69,"step=001475 mode=stand  vx= 0.000 vy= 0.000 vxy= 0.000 yaw= 0.000 speed=1.00 imu=fake tilt_rp=[-0.0,+0.0]deg imu_corr=0.000 act_max= 0.000 tau_cmd= 5.327 tau_cmd_max= 10.441 cmds=12 bus=can0:12 tau_fb= 5.316 tau_fb_max= 10.412",,,,,,,,,,,,,,,,,,,,,,,,,,,,,,,,,,,,,,,,,,,,,,,,,0.0,0.0,0.0,0.0,0.0,0.0,0.0,0.0,0.0,0.0,0.0,0.0,0.0,0.0,0.0,0.0,0.0,0.0,0.0,0.0,0.0,0.0,0.0,0.0,-0.07823541015386581,-0.1361449509859085,-0.06826423108577728,-0.03489912673830986,-0.5825470089912415,0.5292395353317261,-0.4816846549510956,0.4387319087982178,0.1810152530670166,-0.3639480471611023,0.3313499689102173,-0.33556854724884033,0.015106662176549435,-0.07278664410114288,-0.021973326802253723,0.027924437075853348,0.005493331700563431,0.02609332650899887,0.0238044373691082,0.021057771518826485,0.021057771518826485,-0.06179998070001602,-0.025177771225571632,0.0119022186845541,0.0,0.0,0.0,0.0,0.0,0.0,-5.551115123125783e-17,0.0,0.0,0.0,0.0,0.0,0.0,0.0,0.0,0.0,0.0,0.0,0.0,0.0,0.0,0.0,0.0,0.0
20260708_190646_213706,2026-07-08T19:07:22.359,36.145472,pose,1480,stand,0.0,0.0,0.0,0.0,0.0,0.0,0.0,0.0,1.0,fake,0.0,0.0,-1.0,-0.0,0.0,0.0,0.0,5.322367191314697,10.441669464111328,12,can0:12,5.305338382720947,10.488601684570312,,"BL_hip_joint,BR_hip_joint,FL_hip_joint,FR_hip_joint,BL_thigh_joint,BR_thigh_joint,FL_thigh_joint,FR_thigh_joint,BL_calf_joint,BR_calf_joint,FL_calf_joint,FR_calf_joint",330e02f2406e129bb6ed6ec4a6c6bcd5f80d7e7799a2ab087e81eda65d2fae69,"step=001480 mode=stand  vx= 0.000 vy= 0.000 vxy= 0.000 yaw= 0.000 speed=1.00 imu=fake tilt_rp=[-0.0,+0.0]deg imu_corr=0.000 act_max= 0.000 tau_cmd= 5.322 tau_cmd_max= 10.442 cmds=12 bus=can0:12 tau_fb= 5.305 tau_fb_max= 10.489",,,,,,,,,,,,,,,,,,,,,,,,,,,,,,,,,,,,,,,,,,,,,,,,,0.0,0.0,0.0,0.0,0.0,0.0,0.0,0.0,0.0,0.0,0.0,0.0,0.0,0.0,0.0,0.0,0.0,0.0,0.0,0.0,0.0,0.0,0.0,0.0,-0.07823541015386581,-0.1361449509859085,-0.06788071990013123,-0.03489912673830986,-0.5825470089912415,0.5292395353317261,-0.48206818103790283,0.4387319087982178,0.18139876425266266,-0.3639480471611023,0.3313499689102173,-0.33556854724884033,0.0050355540588498116,0.03799554333090782,-0.04028443247079849,0.07736442238092422,0.0050355540588498116,0.06042664870619774,-0.025177771225571632,0.021057771518826485,0.00045777764171361923,0.0013733329251408577,0.0796533077955246,0.09384441375732422,0.0,0.0,0.0,0.0,0.0,0.0,0.0,0.0,0.0,0.0,0.0,0.0,0.0,0.0,0.0,0.0,0.0,0.0,0.0,0.0,0.0,0.0,0.0,0.0
20260708_190646_213706,2026-07-08T19:07:22.477,36.263304,pose,1485,stand,0.0,0.0,0.0,0.0,0.0,0.0,0.0,0.0,1.0,fake,0.0,0.0,-1.0,-0.0,0.0,0.0,0.0,5.314857006072998,10.477356910705566,12,can0:12,5.330667495727539,10.415356636047363,,"BL_hip_joint,BR_hip_joint,FL_hip_joint,FR_hip_joint,BL_thigh_joint,BR_thigh_joint,FL_thigh_joint,FR_thigh_joint,BL_calf_joint,BR_calf_joint,FL_calf_joint,FR_calf_joint",330e02f2406e129bb6ed6ec4a6c6bcd5f80d7e7799a2ab087e81eda65d2fae69,"step=001485 mode=stand  vx= 0.000 vy= 0.000 vxy= 0.000 yaw= 0.000 speed=1.00 imu=fake tilt_rp=[-0.0,+0.0]deg imu_corr=0.000 act_max= 0.000 tau_cmd= 5.315 tau_cmd_max= 10.477 cmds=12 bus=can0:12 tau_fb= 5.331 tau_fb_max= 10.415",,,,,,,,,,,,,,,,,,,,,,,,,,,,,,,,,,,,,,,,,,,,,,,,,0.0,0.0,0.0,0.0,0.0,0.0,0.0,0.0,0.0,0.0,0.0,0.0,0.0,0.0,0.0,0.0,0.0,0.0,0.0,0.0,0.0,0.0,0.0,0.0,-0.07823541015386581,-0.1361449509859085,-0.06864773482084274,-0.03489912673830986,-0.5825470089912415,0.5292395353317261,-0.48206818103790283,0.43911540508270264,0.1810152530670166,-0.3639480471611023,0.3301994502544403,-0.33365100622177124,-0.03662221133708954,-0.028839992359280586,-0.025177771225571632,0.0068666646257042885,-0.054475538432598114,-0.001831110566854477,-0.024262215942144394,-0.06591998040676117,-0.0791955292224884,0.0027466658502817154,-0.05493331700563431,0.032959990203380585,0.0,0.0,0.0,0.0,0.0,0.0,0.0,0.0,0.0,0.0,0.0,0.0,0.0,0.0,0.0,0.0,0.0,0.0,0.0,0.0,0.0,0.0,0.0,0.0
20260708_190646_213706,2026-07-08T19:07:22.597,36.383303,pose,1490,stand,0.0,0.0,0.0,0.0,0.0,0.0,0.0,0.0,1.0,fake,0.0,0.0,-1.0,-0.0,0.0,0.0,0.0,5.320847988128662,10.454571723937988,12,can0:12,5.323954105377197,10.488601684570312,,"BL_hip_joint,BR_hip_joint,FL_hip_joint,FR_hip_joint,BL_thigh_joint,BR_thigh_joint,FL_thigh_joint,FR_thigh_joint,BL_calf_joint,BR_calf_joint,FL_calf_joint,FR_calf_joint",330e02f2406e129bb6ed6ec4a6c6bcd5f80d7e7799a2ab087e81eda65d2fae69,"step=001490 mode=stand  vx= 0.000 vy= 0.000 vxy= 0.000 yaw= 0.000 speed=1.00 imu=fake tilt_rp=[-0.0,+0.0]deg imu_corr=0.000 act_max= 0.000 tau_cmd= 5.321 tau_cmd_max= 10.455 cmds=12 bus=can0:12 tau_fb= 5.324 tau_fb_max= 10.489",,,,,,,,,,,,,,,,,,,,,,,,,,,,,,,,,,,,,,,,,,,,,,,,,0.0,0.0,0.0,0.0,0.0,0.0,0.0,0.0,0.0,0.0,0.0,0.0,0.0,0.0,0.0,0.0,0.0,0.0,0.0,0.0,0.0,0.0,0.0,0.0,-0.07823541015386581,-0.13576143980026245,-0.0690312385559082,-0.03489912673830986,-0.5825470089912415,0.5292395353317261,-0.4824516773223877,0.4394989013671875,0.18139876425266266,-0.36433154344558716,0.32904893159866333,-0.332116961479187,-0.032044436782598495,0.04669332131743431,-0.016479995101690292,0.024262215942144394,-0.016479995101690292,0.04531998559832573,-0.03021332435309887,0.01831110566854477,0.005493331700563431,-0.008239997550845146,0.015564439818263054,0.03799554333090782,0.0,0.0,0.0,0.0,0.0,0.0,0.0,0.0,0.0,0.0,0.0,0.0,0.0,0.0,0.0,0.0,0.0,0.0,0.0,0.0,0.0,0.0,0.0,0.0
20260708_190646_213706,2026-07-08T19:07:22.701,36.487685,runtime,1495,joystick_estop,0.0,0.0,0.0,0.0,0.0,0.0,0.0,0.0,1.0,fake,0.0,0.0,-1.0,-0.0,0.0,0.0,0.0,0.0,0.0,0,none,5.318460941314697,10.462965965270996,terminal keyboard emergency stop key x,,,"step=001495 mode=joystick_estop vx= 0.000 vy= 0.000 vxy= 0.000 yaw= 0.000 speed=1.00 imu=fake tilt_rp=[-0.0,+0.0]deg imu_corr=0.000 act_max= 0.000 tau_cmd= 0.000 tau_cmd_max= 0.000 cmds=00 bus=none tau_fb= 5.318 tau_fb_max= 10.463",,,,,,,,,,,,,,,,,,,,,,,,,,,,,,,,,,,,,,,,,,,,,,,,,,,,,,,,,,,,,,,,,,,,,,,,,,,,,,,,,,,,,,,,,,,,,,,,,,,,,,,,,,,,,,,,,,,,,,,,
